state_id,reflection_partner_id,case,mesh,requested_amplitude,node,x,u,v
hm-a10-g1-L3p5-n2-beta0__N0040__Aminus_0p02,hm-a10-g1-L3p5-n2-beta0__N0040__Aplus_0p02,hm-a10-g1-L3p5-n2-beta0,40,-0.02,0,0.0,9.980028754251512,9.995239978507778
hm-a10-g1-L3p5-n2-beta0__N0040__Aminus_0p02,hm-a10-g1-L3p5-n2-beta0__N0040__Aplus_0p02,hm-a10-g1-L3p5-n2-beta0,40,-0.02,1,0.0875,9.98027261497419,9.995298208975635
hm-a10-g1-L3p5-n2-beta0__N0040__Aminus_0p02,hm-a10-g1-L3p5-n2-beta0__N0040__Aplus_0p02,hm-a10-g1-L3p5-n2-beta0,40,-0.02,2,0.175,9.980998365041323,9.995471479147568
hm-a10-g1-L3p5-n2-beta0__N0040__Aminus_0p02,hm-a10-g1-L3p5-n2-beta0__N0040__Aplus_0p02,hm-a10-g1-L3p5-n2-beta0,40,-0.02,3,0.26249999999999996,9.982188635105844,9.995755559099377
hm-a10-g1-L3p5-n2-beta0__N0040__Aminus_0p02,hm-a10-g1-L3p5-n2-beta0__N0040__Aplus_0p02,hm-a10-g1-L3p5-n2-beta0,40,-0.02,4,0.35,9.983814897893192,9.996143510813015
hm-a10-g1-L3p5-n2-beta0__N0040__Aminus_0p02,hm-a10-g1-L3p5-n2-beta0__N0040__Aplus_0p02,hm-a10-g1-L3p5-n2-beta0,40,-0.02,5,0.4375,9.985838095132943,9.996625853469322
hm-a10-g1-L3p5-n2-beta0__N0040__Aminus_0p02,hm-a10-g1-L3p5-n2-beta0__N0040__Aplus_0p02,hm-a10-g1-L3p5-n2-beta0,40,-0.02,6,0.5249999999999999,9.988209503850344,9.997190789900392
hm-a10-g1-L3p5-n2-beta0__N0040__Aminus_0p02,hm-a10-g1-L3p5-n2-beta0__N0040__Aplus_0p02,hm-a10-g1-L3p5-n2-beta0,40,-0.02,7,0.6124999999999999,9.99087182980598,9.997824489302783
hm-a10-g1-L3p5-n2-beta0__N0040__Aminus_0p02,hm-a10-g1-L3p5-n2-beta0__N0040__Aplus_0p02,hm-a10-g1-L3p5-n2-beta0,40,-0.02,8,0.7,9.993760511369528,9.998511420004446
hm-a10-g1-L3p5-n2-beta0__N0040__Aminus_0p02,hm-a10-g1-L3p5-n2-beta0__N0040__Aplus_0p02,hm-a10-g1-L3p5-n2-beta0,40,-0.02,9,0.7875,9.996805212065334,9.999234724850348
hm-a10-g1-L3p5-n2-beta0__N0040__Aminus_0p02,hm-a10-g1-L3p5-n2-beta0__N0040__Aplus_0p02,hm-a10-g1-L3p5-n2-beta0,40,-0.02,10,0.875,9.999931474529298,9.99997663065351
hm-a10-g1-L3p5-n2-beta0__N0040__Aminus_0p02,hm-a10-g1-L3p5-n2-beta0__N0040__Aplus_0p02,hm-a10-g1-L3p5-n2-beta0,40,-0.02,11,0.9624999999999999,10.003062502865593,10.000718882183252
hm-a10-g1-L3p5-n2-beta0__N0040__Aminus_0p02,hm-a10-g1-L3p5-n2-beta0__N0040__Aplus_0p02,hm-a10-g1-L3p5-n2-beta0,40,-0.02,12,1.0499999999999998,10.006121034681208,10.001443190367146
hm-a10-g1-L3p5-n2-beta0__N0040__Aminus_0p02,hm-a10-g1-L3p5-n2-beta0__N0040__Aplus_0p02,hm-a10-g1-L3p5-n2-beta0,40,-0.02,13,1.1375,10.009031258777005,10.002131683805512
hm-a10-g1-L3p5-n2-beta0__N0040__Aminus_0p02,hm-a10-g1-L3p5-n2-beta0__N0040__Aplus_0p02,hm-a10-g1-L3p5-n2-beta0,40,-0.02,14,1.2249999999999999,10.011720730007637,10.002767352373004
hm-a10-g1-L3p5-n2-beta0__N0040__Aminus_0p02,hm-a10-g1-L3p5-n2-beta0__N0040__Aplus_0p02,hm-a10-g1-L3p5-n2-beta0,40,-0.02,15,1.3125,10.01412222962546,10.003334471642983
hm-a10-g1-L3p5-n2-beta0__N0040__Aminus_0p02,hm-a10-g1-L3p5-n2-beta0__N0040__Aplus_0p02,hm-a10-g1-L3p5-n2-beta0,40,-0.02,16,1.4,10.01617551790368,10.003818997140911
hm-a10-g1-L3p5-n2-beta0__N0040__Aminus_0p02,hm-a10-g1-L3p5-n2-beta0__N0040__Aplus_0p02,hm-a10-g1-L3p5-n2-beta0,40,-0.02,17,1.4874999999999998,10.017828926327434,10.00420891802675
hm-a10-g1-L3p5-n2-beta0__N0040__Aminus_0p02,hm-a10-g1-L3p5-n2-beta0__N0040__Aplus_0p02,hm-a10-g1-L3p5-n2-beta0,40,-0.02,18,1.575,10.01904073937094,10.00449456072404
hm-a10-g1-L3p5-n2-beta0__N0040__Aminus_0p02,hm-a10-g1-L3p5-n2-beta0__N0040__Aplus_0p02,hm-a10-g1-L3p5-n2-beta0,40,-0.02,19,1.6624999999999999,10.019780320919294,10.004668834241068
hm-a10-g1-L3p5-n2-beta0__N0040__Aminus_0p02,hm-a10-g1-L3p5-n2-beta0__N0040__Aplus_0p02,hm-a10-g1-L3p5-n2-beta0,40,-0.02,20,1.75,10.020028947652346,10.004727410438216
hm-a10-g1-L3p5-n2-beta0__N0040__Aminus_0p02,hm-a10-g1-L3p5-n2-beta0__N0040__Aplus_0p02,hm-a10-g1-L3p5-n2-beta0,40,-0.02,21,1.8375,10.01978032091928,10.00466883424107
hm-a10-g1-L3p5-n2-beta0__N0040__Aminus_0p02,hm-a10-g1-L3p5-n2-beta0__N0040__Aplus_0p02,hm-a10-g1-L3p5-n2-beta0,40,-0.02,22,1.9249999999999998,10.019040739370912,10.004494560724046
hm-a10-g1-L3p5-n2-beta0__N0040__Aminus_0p02,hm-a10-g1-L3p5-n2-beta0__N0040__Aplus_0p02,hm-a10-g1-L3p5-n2-beta0,40,-0.02,23,2.0124999999999997,10.017828926327397,10.004208918026759
hm-a10-g1-L3p5-n2-beta0__N0040__Aminus_0p02,hm-a10-g1-L3p5-n2-beta0__N0040__Aplus_0p02,hm-a10-g1-L3p5-n2-beta0,40,-0.02,24,2.0999999999999996,10.016175517903635,10.00381899714092
hm-a10-g1-L3p5-n2-beta0__N0040__Aminus_0p02,hm-a10-g1-L3p5-n2-beta0__N0040__Aplus_0p02,hm-a10-g1-L3p5-n2-beta0,40,-0.02,25,2.1875,10.014122229625412,10.003334471642994
hm-a10-g1-L3p5-n2-beta0__N0040__Aminus_0p02,hm-a10-g1-L3p5-n2-beta0__N0040__Aplus_0p02,hm-a10-g1-L3p5-n2-beta0,40,-0.02,26,2.275,10.011720730007589,10.002767352373015
hm-a10-g1-L3p5-n2-beta0__N0040__Aminus_0p02,hm-a10-g1-L3p5-n2-beta0__N0040__Aplus_0p02,hm-a10-g1-L3p5-n2-beta0,40,-0.02,27,2.3625,10.009031258776963,10.002131683805523
hm-a10-g1-L3p5-n2-beta0__N0040__Aminus_0p02,hm-a10-g1-L3p5-n2-beta0__N0040__Aplus_0p02,hm-a10-g1-L3p5-n2-beta0,40,-0.02,28,2.4499999999999997,10.006121034681172,10.001443190367159
hm-a10-g1-L3p5-n2-beta0__N0040__Aminus_0p02,hm-a10-g1-L3p5-n2-beta0__N0040__Aplus_0p02,hm-a10-g1-L3p5-n2-beta0,40,-0.02,29,2.5374999999999996,10.003062502865568,10.000718882183266
hm-a10-g1-L3p5-n2-beta0__N0040__Aminus_0p02,hm-a10-g1-L3p5-n2-beta0__N0040__Aplus_0p02,hm-a10-g1-L3p5-n2-beta0,40,-0.02,30,2.625,9.999931474529287,9.999976630653524
hm-a10-g1-L3p5-n2-beta0__N0040__Aminus_0p02,hm-a10-g1-L3p5-n2-beta0__N0040__Aplus_0p02,hm-a10-g1-L3p5-n2-beta0,40,-0.02,31,2.7125,9.99680521206534,9.99923472485036
hm-a10-g1-L3p5-n2-beta0__N0040__Aminus_0p02,hm-a10-g1-L3p5-n2-beta0__N0040__Aplus_0p02,hm-a10-g1-L3p5-n2-beta0,40,-0.02,32,2.8,9.993760511369551,9.998511420004458
hm-a10-g1-L3p5-n2-beta0__N0040__Aminus_0p02,hm-a10-g1-L3p5-n2-beta0__N0040__Aplus_0p02,hm-a10-g1-L3p5-n2-beta0,40,-0.02,33,2.8874999999999997,9.990871829806022,9.997824489302795
hm-a10-g1-L3p5-n2-beta0__N0040__Aminus_0p02,hm-a10-g1-L3p5-n2-beta0__N0040__Aplus_0p02,hm-a10-g1-L3p5-n2-beta0,40,-0.02,34,2.9749999999999996,9.9882095038504,9.997190789900404
hm-a10-g1-L3p5-n2-beta0__N0040__Aminus_0p02,hm-a10-g1-L3p5-n2-beta0__N0040__Aplus_0p02,hm-a10-g1-L3p5-n2-beta0,40,-0.02,35,3.0625,9.985838095133014,9.996625853469334
hm-a10-g1-L3p5-n2-beta0__N0040__Aminus_0p02,hm-a10-g1-L3p5-n2-beta0__N0040__Aplus_0p02,hm-a10-g1-L3p5-n2-beta0,40,-0.02,36,3.15,9.983814897893277,9.996143510813031
hm-a10-g1-L3p5-n2-beta0__N0040__Aminus_0p02,hm-a10-g1-L3p5-n2-beta0__N0040__Aplus_0p02,hm-a10-g1-L3p5-n2-beta0,40,-0.02,37,3.2375,9.982188635105938,9.995755559099397
hm-a10-g1-L3p5-n2-beta0__N0040__Aminus_0p02,hm-a10-g1-L3p5-n2-beta0__N0040__Aplus_0p02,hm-a10-g1-L3p5-n2-beta0,40,-0.02,38,3.3249999999999997,9.980998365041424,9.995471479147588
hm-a10-g1-L3p5-n2-beta0__N0040__Aminus_0p02,hm-a10-g1-L3p5-n2-beta0__N0040__Aplus_0p02,hm-a10-g1-L3p5-n2-beta0,40,-0.02,39,3.4124999999999996,9.980272614974295,9.995298208975656
hm-a10-g1-L3p5-n2-beta0__N0040__Aminus_0p02,hm-a10-g1-L3p5-n2-beta0__N0040__Aplus_0p02,hm-a10-g1-L3p5-n2-beta0,40,-0.02,40,3.5,9.980028754251618,9.9952399785078
hm-a10-g1-L3p5-n2-beta0__N0040__Aminus_0p01,hm-a10-g1-L3p5-n2-beta0__N0040__Aplus_0p01,hm-a10-g1-L3p5-n2-beta0,40,-0.01,0,0.0,9.990007200597262,9.997624066890621
hm-a10-g1-L3p5-n2-beta0__N0040__Aminus_0p01,hm-a10-g1-L3p5-n2-beta0__N0040__Aplus_0p01,hm-a10-g1-L3p5-n2-beta0,40,-0.01,1,0.0875,9.990129722766298,9.997653225206902
hm-a10-g1-L3p5-n2-beta0__N0040__Aminus_0p01,hm-a10-g1-L3p5-n2-beta0__N0040__Aplus_0p01,hm-a10-g1-L3p5-n2-beta0,40,-0.01,2,0.175,9.99049431576311,9.997739985338745
hm-a10-g1-L3p5-n2-beta0__N0040__Aminus_0p01,hm-a10-g1-L3p5-n2-beta0__N0040__Aplus_0p01,hm-a10-g1-L3p5-n2-beta0,40,-0.01,3,0.26249999999999996,9.991092128057346,9.997882220128277
hm-a10-g1-L3p5-n2-beta0__N0040__Aminus_0p01,hm-a10-g1-L3p5-n2-beta0__N0040__Aplus_0p01,hm-a10-g1-L3p5-n2-beta0,40,-0.01,4,0.35,9.991908635807434,9.998076441560231
hm-a10-g1-L3p5-n2-beta0__N0040__Aminus_0p01,hm-a10-g1-L3p5-n2-beta0__N0040__Aplus_0p01,hm-a10-g1-L3p5-n2-beta0,40,-0.01,5,0.4375,9.992923981392767,9.998317885254979
hm-a10-g1-L3p5-n2-beta0__N0040__Aminus_0p01,hm-a10-g1-L3p5-n2-beta0__N0040__Aplus_0p01,hm-a10-g1-L3p5-n2-beta0,40,-0.01,6,0.5249999999999999,9.994113438276313,9.998600626026175
hm-a10-g1-L3p5-n2-beta0__N0040__Aminus_0p01,hm-a10-g1-L3p5-n2-beta0__N0040__Aplus_0p01,hm-a10-g1-L3p5-n2-beta0,40,-0.01,7,0.6124999999999999,9.995447993081761,9.99891772182858
hm-a10-g1-L3p5-n2-beta0__N0040__Aminus_0p01,hm-a10-g1-L3p5-n2-beta0__N0040__Aplus_0p01,hm-a10-g1-L3p5-n2-beta0,40,-0.01,8,0.7,9.996895033148938,9.999261382741702
hm-a10-g1-L3p5-n2-beta0__N0040__Aminus_0p01,hm-a10-g1-L3p5-n2-beta0__N0040__Aplus_0p01,hm-a10-g1-L3p5-n2-beta0,40,-0.01,9,0.7875,9.998419125250878,9.9996231610189
hm-a10-g1-L3p5-n2-beta0__N0040__Aminus_0p01,hm-a10-g1-L3p5-n2-beta0__N0040__Aplus_0p01,hm-a10-g1-L3p5-n2-beta0,40,-0.01,10,0.875,9.999982868675572,9.999994157694944
hm-a10-g1-L3p5-n2-beta0__N0040__Aminus_0p01,hm-a10-g1-L3p5-n2-beta0__N0040__Aplus_0p01,hm-a10-g1-L3p5-n2-beta0,40,-0.01,11,0.9624999999999999,10.001547803576567,10.000365240802546
hm-a10-g1-L3p5-n2-beta0__N0040__Aminus_0p01,hm-a10-g1-L3p5-n2-beta0__N0040__Aplus_0p01,hm-a10-g1-L3p5-n2-beta0,40,-0.01,12,1.0499999999999998,10.003075353478637,10.000727269913911
hm-a10-g1-L3p5-n2-beta0__N0040__Aminus_0p01,hm-a10-g1-L3p5-n2-beta0__N0040__Aplus_0p01,hm-a10-g1-L3p5-n2-beta0,40,-0.01,13,1.1375,10.004527779199412,10.001071321510484
hm-a10-g1-L3p5-n2-beta0__N0040__Aminus_0p01,hm-a10-g1-L3p5-n2-beta0__N0040__Aplus_0p01,hm-a10-g1-L3p5-n2-beta0,40,-0.01,14,1.2249999999999999,10.00586912033059,10.001388909602879
hm-a10-g1-L3p5-n2-beta0__N0040__Aminus_0p01,hm-a10-g1-L3p5-n2-beta0__N0040__Aplus_0p01,hm-a10-g1-L3p5-n2-beta0,40,-0.01,15,1.3125,10.007066099922367,10.001672196081893
hm-a10-g1-L3p5-n2-beta0__N0040__Aminus_0p01,hm-a10-g1-L3p5-n2-beta0__N0040__Aplus_0p01,hm-a10-g1-L3p5-n2-beta0,40,-0.01,16,1.4,10.008088968224559,10.00191418548463
hm-a10-g1-L3p5-n2-beta0__N0040__Aminus_0p01,hm-a10-g1-L3p5-n2-beta0__N0040__Aplus_0p01,hm-a10-g1-L3p5-n2-beta0,40,-0.01,17,1.4874999999999998,10.008912262322964,10.002108899207016
hm-a10-g1-L3p5-n2-beta0__N0040__Aminus_0p01,hm-a10-g1-L3p5-n2-beta0__N0040__Aplus_0p01,hm-a10-g1-L3p5-n2-beta0,40,-0.01,18,1.575,10.009515460298712,10.002251524680547
hm-a10-g1-L3p5-n2-beta0__N0040__Aminus_0p01,hm-a10-g1-L3p5-n2-beta0__N0040__Aplus_0p01,hm-a10-g1-L3p5-n2-beta0,40,-0.01,19,1.6624999999999999,10.009883511118236,10.002338535647004
hm-a10-g1-L3p5-n2-beta0__N0040__Aminus_0p01,hm-a10-g1-L3p5-n2-beta0__N0040__Aplus_0p01,hm-a10-g1-L3p5-n2-beta0,40,-0.01,20,1.75,10.010007224772195,10.00236778039501
hm-a10-g1-L3p5-n2-beta0__N0040__Aminus_0p01,hm-a10-g1-L3p5-n2-beta0__N0040__Aplus_0p01,hm-a10-g1-L3p5-n2-beta0,40,-0.01,21,1.8375,10.009883511118218,10.002338535647006
hm-a10-g1-L3p5-n2-beta0__N0040__Aminus_0p01,hm-a10-g1-L3p5-n2-beta0__N0040__Aplus_0p01,hm-a10-g1-L3p5-n2-beta0,40,-0.01,22,1.9249999999999998,10.00951546029868,10.00225152468055
hm-a10-g1-L3p5-n2-beta0__N0040__Aminus_0p01,hm-a10-g1-L3p5-n2-beta0__N0040__Aplus_0p01,hm-a10-g1-L3p5-n2-beta0,40,-0.01,23,2.0124999999999997,10.008912262322918,10.002108899207023
hm-a10-g1-L3p5-n2-beta0__N0040__Aminus_0p01,hm-a10-g1-L3p5-n2-beta0__N0040__Aplus_0p01,hm-a10-g1-L3p5-n2-beta0,40,-0.01,24,2.0999999999999996,10.008088968224504,10.001914185484639
hm-a10-g1-L3p5-n2-beta0__N0040__Aminus_0p01,hm-a10-g1-L3p5-n2-beta0__N0040__Aplus_0p01,hm-a10-g1-L3p5-n2-beta0,40,-0.01,25,2.1875,10.007066099922307,10.001672196081902
hm-a10-g1-L3p5-n2-beta0__N0040__Aminus_0p01,hm-a10-g1-L3p5-n2-beta0__N0040__Aplus_0p01,hm-a10-g1-L3p5-n2-beta0,40,-0.01,26,2.275,10.005869120330532,10.00138890960289
hm-a10-g1-L3p5-n2-beta0__N0040__Aminus_0p01,hm-a10-g1-L3p5-n2-beta0__N0040__Aplus_0p01,hm-a10-g1-L3p5-n2-beta0,40,-0.01,27,2.3625,10.004527779199357,10.001071321510494
hm-a10-g1-L3p5-n2-beta0__N0040__Aminus_0p01,hm-a10-g1-L3p5-n2-beta0__N0040__Aplus_0p01,hm-a10-g1-L3p5-n2-beta0,40,-0.01,28,2.4499999999999997,10.003075353478591,10.000727269913922
hm-a10-g1-L3p5-n2-beta0__N0040__Aminus_0p01,hm-a10-g1-L3p5-n2-beta0__N0040__Aplus_0p01,hm-a10-g1-L3p5-n2-beta0,40,-0.01,29,2.5374999999999996,10.001547803576536,10.000365240802559
hm-a10-g1-L3p5-n2-beta0__N0040__Aminus_0p01,hm-a10-g1-L3p5-n2-beta0__N0040__Aplus_0p01,hm-a10-g1-L3p5-n2-beta0,40,-0.01,30,2.625,9.999982868675557,9.999994157694958
hm-a10-g1-L3p5-n2-beta0__N0040__Aminus_0p01,hm-a10-g1-L3p5-n2-beta0__N0040__Aplus_0p01,hm-a10-g1-L3p5-n2-beta0,40,-0.01,31,2.7125,9.998419125250884,9.999623161018913
hm-a10-g1-L3p5-n2-beta0__N0040__Aminus_0p01,hm-a10-g1-L3p5-n2-beta0__N0040__Aplus_0p01,hm-a10-g1-L3p5-n2-beta0,40,-0.01,32,2.8,9.996895033148967,9.99926138274172
hm-a10-g1-L3p5-n2-beta0__N0040__Aminus_0p01,hm-a10-g1-L3p5-n2-beta0__N0040__Aplus_0p01,hm-a10-g1-L3p5-n2-beta0,40,-0.01,33,2.8874999999999997,9.995447993081813,9.998917721828597
hm-a10-g1-L3p5-n2-beta0__N0040__Aminus_0p01,hm-a10-g1-L3p5-n2-beta0__N0040__Aplus_0p01,hm-a10-g1-L3p5-n2-beta0,40,-0.01,34,2.9749999999999996,9.994113438276388,9.998600626026192
hm-a10-g1-L3p5-n2-beta0__N0040__Aminus_0p01,hm-a10-g1-L3p5-n2-beta0__N0040__Aplus_0p01,hm-a10-g1-L3p5-n2-beta0,40,-0.01,35,3.0625,9.992923981392861,9.998317885254998
hm-a10-g1-L3p5-n2-beta0__N0040__Aminus_0p01,hm-a10-g1-L3p5-n2-beta0__N0040__Aplus_0p01,hm-a10-g1-L3p5-n2-beta0,40,-0.01,36,3.15,9.991908635807544,9.998076441560253
hm-a10-g1-L3p5-n2-beta0__N0040__Aminus_0p01,hm-a10-g1-L3p5-n2-beta0__N0040__Aplus_0p01,hm-a10-g1-L3p5-n2-beta0,40,-0.01,37,3.2375,9.991092128057472,9.997882220128304
hm-a10-g1-L3p5-n2-beta0__N0040__Aminus_0p01,hm-a10-g1-L3p5-n2-beta0__N0040__Aplus_0p01,hm-a10-g1-L3p5-n2-beta0,40,-0.01,38,3.3249999999999997,9.990494315763247,9.997739985338773
hm-a10-g1-L3p5-n2-beta0__N0040__Aminus_0p01,hm-a10-g1-L3p5-n2-beta0__N0040__Aplus_0p01,hm-a10-g1-L3p5-n2-beta0,40,-0.01,39,3.4124999999999996,9.99012972276644,9.997653225206934
hm-a10-g1-L3p5-n2-beta0__N0040__Aminus_0p01,hm-a10-g1-L3p5-n2-beta0__N0040__Aplus_0p01,hm-a10-g1-L3p5-n2-beta0,40,-0.01,40,3.5,9.990007200597406,9.997624066890651
hm-a10-g1-L3p5-n2-beta0__N0040__Aminus_0p005,hm-a10-g1-L3p5-n2-beta0__N0040__Aplus_0p005,hm-a10-g1-L3p5-n2-beta0,40,-0.005,0,0.0,9.995001801657137,9.998813052690052
hm-a10-g1-L3p5-n2-beta0__N0040__Aminus_0p005,hm-a10-g1-L3p5-n2-beta0__N0040__Aplus_0p005,hm-a10-g1-L3p5-n2-beta0,40,-0.005,1,0.0875,9.99506321118378,9.998827642635412
hm-a10-g1-L3p5-n2-beta0__N0040__Aminus_0p005,hm-a10-g1-L3p5-n2-beta0__N0040__Aplus_0p005,hm-a10-g1-L3p5-n2-beta0,40,-0.005,2,0.175,9.995245938537074,9.998871054009077
hm-a10-g1-L3p5-n2-beta0__N0040__Aminus_0p005,hm-a10-g1-L3p5-n2-beta0__N0040__Aplus_0p005,hm-a10-g1-L3p5-n2-beta0,40,-0.005,3,0.26249999999999996,9.995545515941137,9.998942220173076
hm-a10-g1-L3p5-n2-beta0__N0040__Aminus_0p005,hm-a10-g1-L3p5-n2-beta0__N0040__Aplus_0p005,hm-a10-g1-L3p5-n2-beta0,40,-0.005,4,0.35,9.99595461600183,9.999039392353852
hm-a10-g1-L3p5-n2-beta0__N0040__Aminus_0p005,hm-a10-g1-L3p5-n2-beta0__N0040__Aplus_0p005,hm-a10-g1-L3p5-n2-beta0,40,-0.005,5,0.4375,9.996463227330992,9.999160182353574
hm-a10-g1-L3p5-n2-beta0__N0040__Aminus_0p005,hm-a10-g1-L3p5-n2-beta0__N0040__Aplus_0p005,hm-a10-g1-L3p5-n2-beta0,40,-0.005,6,0.5249999999999999,9.997058895006058,9.99930162091519
hm-a10-g1-L3p5-n2-beta0__N0040__Aminus_0p005,hm-a10-g1-L3p5-n2-beta0__N0040__Aplus_0p005,hm-a10-g1-L3p5-n2-beta0,40,-0.005,7,0.6124999999999999,9.997727020533244,9.999460230347047
hm-a10-g1-L3p5-n2-beta0__N0040__Aminus_0p005,hm-a10-g1-L3p5-n2-beta0__N0040__Aplus_0p005,hm-a10-g1-L3p5-n2-beta0,40,-0.005,8,0.7,9.998451214582778,9.999632109666543
hm-a10-g1-L3p5-n2-beta0__N0040__Aminus_0p005,hm-a10-g1-L3p5-n2-beta0__N0040__Aplus_0p005,hm-a10-g1-L3p5-n2-beta0,40,-0.005,9,0.7875,9.999213694467395,9.999813030214026
hm-a10-g1-L3p5-n2-beta0__N0040__Aminus_0p005,hm-a10-g1-L3p5-n2-beta0__N0040__Aplus_0p005,hm-a10-g1-L3p5-n2-beta0,40,-0.005,10,0.875,9.999995717171867,9.99999853942582
hm-a10-g1-L3p5-n2-beta0__N0040__Aminus_0p005,hm-a10-g1-L3p5-n2-beta0__N0040__Aplus_0p005,hm-a10-g1-L3p5-n2-beta0,40,-0.005,11,0.9624999999999999,10.000778037745924,10.000184070245497
hm-a10-g1-L3p5-n2-beta0__N0040__Aminus_0p005,hm-a10-g1-L3p5-n2-beta0__N0040__Aplus_0p005,hm-a10-g1-L3p5-n2-beta0,40,-0.005,12,1.0499999999999998,10.001541382081834,10.0003650535015
hm-a10-g1-L3p5-n2-beta0__N0040__Aminus_0p005,hm-a10-g1-L3p5-n2-beta0__N0040__Aplus_0p005,hm-a10-g1-L3p5-n2-beta0,40,-0.005,13,1.1375,10.002266922546044,10.000537030491811
hm-a10-g1-L3p5-n2-beta0__N0040__Aminus_0p005,hm-a10-g1-L3p5-n2-beta0__N0040__Aplus_0p005,hm-a10-g1-L3p5-n2-beta0,40,-0.005,14,1.2249999999999999,10.002936744655093,10.000695762996084
hm-a10-g1-L3p5-n2-beta0__N0040__Aminus_0p005,hm-a10-g1-L3p5-n2-beta0__N0040__Aplus_0p005,hm-a10-g1-L3p5-n2-beta0,40,-0.005,15,1.3125,10.003534293006155,10.000837337984533
hm-a10-g1-L3p5-n2-beta0__N0040__Aminus_0p005,hm-a10-g1-L3p5-n2-beta0__N0040__Aplus_0p005,hm-a10-g1-L3p5-n2-beta0,40,-0.005,16,1.4,10.00404478501185,10.000958264411102
hm-a10-g1-L3p5-n2-beta0__N0040__Aminus_0p005,hm-a10-g1-L3p5-n2-beta0__N0040__Aplus_0p005,hm-a10-g1-L3p5-n2-beta0,40,-0.005,17,1.4874999999999998,10.004455581655813,10.00105555966432
hm-a10-g1-L3p5-n2-beta0__N0040__Aminus_0p005,hm-a10-g1-L3p5-n2-beta0__N0040__Aplus_0p005,hm-a10-g1-L3p5-n2-beta0,40,-0.005,18,1.575,10.004756505476294,10.001126823499169
hm-a10-g1-L3p5-n2-beta0__N0040__Aminus_0p005,hm-a10-g1-L3p5-n2-beta0__N0040__Aplus_0p005,hm-a10-g1-L3p5-n2-beta0,40,-0.005,19,1.6624999999999999,10.004940097282281,10.001170297581382
hm-a10-g1-L3p5-n2-beta0__N0040__Aminus_0p005,hm-a10-g1-L3p5-n2-beta0__N0040__Aplus_0p005,hm-a10-g1-L3p5-n2-beta0,40,-0.005,20,1.75,10.00500180467904,10.001184909134636
hm-a10-g1-L3p5-n2-beta0__N0040__Aminus_0p005,hm-a10-g1-L3p5-n2-beta0__N0040__Aplus_0p005,hm-a10-g1-L3p5-n2-beta0,40,-0.005,21,1.8375,10.00494009728226,10.001170297581382
hm-a10-g1-L3p5-n2-beta0__N0040__Aminus_0p005,hm-a10-g1-L3p5-n2-beta0__N0040__Aplus_0p005,hm-a10-g1-L3p5-n2-beta0,40,-0.005,22,1.9249999999999998,10.004756505476252,10.001126823499169
hm-a10-g1-L3p5-n2-beta0__N0040__Aminus_0p005,hm-a10-g1-L3p5-n2-beta0__N0040__Aplus_0p005,hm-a10-g1-L3p5-n2-beta0,40,-0.005,23,2.0124999999999997,10.004455581655755,10.001055559664321
hm-a10-g1-L3p5-n2-beta0__N0040__Aminus_0p005,hm-a10-g1-L3p5-n2-beta0__N0040__Aplus_0p005,hm-a10-g1-L3p5-n2-beta0,40,-0.005,24,2.0999999999999996,10.004044785011777,10.000958264411102
hm-a10-g1-L3p5-n2-beta0__N0040__Aminus_0p005,hm-a10-g1-L3p5-n2-beta0__N0040__Aplus_0p005,hm-a10-g1-L3p5-n2-beta0,40,-0.005,25,2.1875,10.003534293006075,10.000837337984535
hm-a10-g1-L3p5-n2-beta0__N0040__Aminus_0p005,hm-a10-g1-L3p5-n2-beta0__N0040__Aplus_0p005,hm-a10-g1-L3p5-n2-beta0,40,-0.005,26,2.275,10.002936744655008,10.000695762996084
hm-a10-g1-L3p5-n2-beta0__N0040__Aminus_0p005,hm-a10-g1-L3p5-n2-beta0__N0040__Aplus_0p005,hm-a10-g1-L3p5-n2-beta0,40,-0.005,27,2.3625,10.00226692254596,10.00053703049181
hm-a10-g1-L3p5-n2-beta0__N0040__Aminus_0p005,hm-a10-g1-L3p5-n2-beta0__N0040__Aplus_0p005,hm-a10-g1-L3p5-n2-beta0,40,-0.005,28,2.4499999999999997,10.001541382081756,10.000365053501499
hm-a10-g1-L3p5-n2-beta0__N0040__Aminus_0p005,hm-a10-g1-L3p5-n2-beta0__N0040__Aplus_0p005,hm-a10-g1-L3p5-n2-beta0,40,-0.005,29,2.5374999999999996,10.000778037745858,10.000184070245496
hm-a10-g1-L3p5-n2-beta0__N0040__Aminus_0p005,hm-a10-g1-L3p5-n2-beta0__N0040__Aplus_0p005,hm-a10-g1-L3p5-n2-beta0,40,-0.005,30,2.625,9.999995717171815,9.999998539425818
hm-a10-g1-L3p5-n2-beta0__N0040__Aminus_0p005,hm-a10-g1-L3p5-n2-beta0__N0040__Aplus_0p005,hm-a10-g1-L3p5-n2-beta0,40,-0.005,31,2.7125,9.999213694467365,9.999813030214023
hm-a10-g1-L3p5-n2-beta0__N0040__Aminus_0p005,hm-a10-g1-L3p5-n2-beta0__N0040__Aplus_0p005,hm-a10-g1-L3p5-n2-beta0,40,-0.005,32,2.8,9.998451214582767,9.99963210966654
hm-a10-g1-L3p5-n2-beta0__N0040__Aminus_0p005,hm-a10-g1-L3p5-n2-beta0__N0040__Aplus_0p005,hm-a10-g1-L3p5-n2-beta0,40,-0.005,33,2.8874999999999997,9.997727020533256,9.999460230347047
hm-a10-g1-L3p5-n2-beta0__N0040__Aminus_0p005,hm-a10-g1-L3p5-n2-beta0__N0040__Aplus_0p005,hm-a10-g1-L3p5-n2-beta0,40,-0.005,34,2.9749999999999996,9.997058895006093,9.999301620915189
hm-a10-g1-L3p5-n2-beta0__N0040__Aminus_0p005,hm-a10-g1-L3p5-n2-beta0__N0040__Aplus_0p005,hm-a10-g1-L3p5-n2-beta0,40,-0.005,35,3.0625,9.996463227331047,9.999160182353574
hm-a10-g1-L3p5-n2-beta0__N0040__Aminus_0p005,hm-a10-g1-L3p5-n2-beta0__N0040__Aplus_0p005,hm-a10-g1-L3p5-n2-beta0,40,-0.005,36,3.15,9.995954616001903,9.999039392353854
hm-a10-g1-L3p5-n2-beta0__N0040__Aminus_0p005,hm-a10-g1-L3p5-n2-beta0__N0040__Aplus_0p005,hm-a10-g1-L3p5-n2-beta0,40,-0.005,37,3.2375,9.995545515941224,9.998942220173081
hm-a10-g1-L3p5-n2-beta0__N0040__Aminus_0p005,hm-a10-g1-L3p5-n2-beta0__N0040__Aplus_0p005,hm-a10-g1-L3p5-n2-beta0,40,-0.005,38,3.3249999999999997,9.995245938537172,9.998871054009085
hm-a10-g1-L3p5-n2-beta0__N0040__Aminus_0p005,hm-a10-g1-L3p5-n2-beta0__N0040__Aplus_0p005,hm-a10-g1-L3p5-n2-beta0,40,-0.005,39,3.4124999999999996,9.995063211183885,9.998827642635423
hm-a10-g1-L3p5-n2-beta0__N0040__Aminus_0p005,hm-a10-g1-L3p5-n2-beta0__N0040__Aplus_0p005,hm-a10-g1-L3p5-n2-beta0,40,-0.005,40,3.5,9.995001801657246,9.99881305269006
hm-a10-g1-L3p5-n2-beta0__N0040__Aminus_0p0025,hm-a10-g1-L3p5-n2-beta0__N0040__Aplus_0p0025,hm-a10-g1-L3p5-n2-beta0,40,-0.0025,0,0.0,9.997500450603177,9.99940678113637
hm-a10-g1-L3p5-n2-beta0__N0040__Aminus_0p0025,hm-a10-g1-L3p5-n2-beta0__N0040__Aplus_0p0025,hm-a10-g1-L3p5-n2-beta0,40,-0.0025,1,0.0875,9.997531192538542,9.999414078807943
hm-a10-g1-L3p5-n2-beta0__N0040__Aminus_0p0025,hm-a10-g1-L3p5-n2-beta0__N0040__Aplus_0p0025,hm-a10-g1-L3p5-n2-beta0,40,-0.0025,2,0.175,9.997622664100067,9.99943579232752
hm-a10-g1-L3p5-n2-beta0__N0040__Aminus_0p0025,hm-a10-g1-L3p5-n2-beta0__N0040__Aplus_0p0025,hm-a10-g1-L3p5-n2-beta0,40,-0.0025,3,0.26249999999999996,9.997772620859875,9.999471387610086
hm-a10-g1-L3p5-n2-beta0__N0040__Aminus_0p0025,hm-a10-g1-L3p5-n2-beta0__N0040__Aplus_0p0025,hm-a10-g1-L3p5-n2-beta0,40,-0.0025,4,0.35,9.99797738269953,9.999519989075589
hm-a10-g1-L3p5-n2-beta0__N0040__Aminus_0p0025,hm-a10-g1-L3p5-n2-beta0__N0040__Aplus_0p0025,hm-a10-g1-L3p5-n2-beta0,40,-0.0025,5,0.4375,9.998231923223207,9.999580401121158
hm-a10-g1-L3p5-n2-beta0__N0040__Aminus_0p0025,hm-a10-g1-L3p5-n2-beta0__N0040__Aplus_0p0025,hm-a10-g1-L3p5-n2-beta0,40,-0.0025,6,0.5249999999999999,9.998529992007056,9.999651137450634
hm-a10-g1-L3p5-n2-beta0__N0040__Aminus_0p0025,hm-a10-g1-L3p5-n2-beta0__N0040__Aplus_0p0025,hm-a10-g1-L3p5-n2-beta0,40,-0.0025,7,0.6124999999999999,9.998864266822618,9.999730457549912
hm-a10-g1-L3p5-n2-beta0__N0040__Aminus_0p0025,hm-a10-g1-L3p5-n2-beta0__N0040__Aplus_0p0025,hm-a10-g1-L3p5-n2-beta0,40,-0.0025,8,0.7,9.999226532250418,9.99981640942195
hm-a10-g1-L3p5-n2-beta0__N0040__Aminus_0p0025,hm-a10-g1-L3p5-n2-beta0__N0040__Aplus_0p0025,hm-a10-g1-L3p5-n2-beta0,40,-0.0025,9,0.7875,9.999607880450261,9.999906877541083
hm-a10-g1-L3p5-n2-beta0__N0040__Aminus_0p0025,hm-a10-g1-L3p5-n2-beta0__N0040__Aplus_0p0025,hm-a10-g1-L3p5-n2-beta0,40,-0.0025,10,0.875,9.999998929293413,9.999999634856692
hm-a10-g1-L3p5-n2-beta0__N0040__Aminus_0p0025,hm-a10-g1-L3p5-n2-beta0__N0040__Aplus_0p0025,hm-a10-g1-L3p5-n2-beta0,40,-0.0025,11,0.9624999999999999,10.000390052603995,10.000092397574273
hm-a10-g1-L3p5-n2-beta0__N0040__Aminus_0p0025,hm-a10-g1-L3p5-n2-beta0__N0040__Aplus_0p0025,hm-a10-g1-L3p5-n2-beta0,40,-0.0025,12,1.0499999999999998,10.000771616916738,10.000182881370534
hm-a10-g1-L3p5-n2-beta0__N0040__Aminus_0p0025,hm-a10-g1-L3p5-n2-beta0__N0040__Aplus_0p0025,hm-a10-g1-L3p5-n2-beta0,40,-0.0025,13,1.1375,10.001134218948286,10.000268857660272
hm-a10-g1-L3p5-n2-beta0__N0040__Aminus_0p0025,hm-a10-g1-L3p5-n2-beta0__N0040__Aplus_0p0025,hm-a10-g1-L3p5-n2-beta0,40,-0.0025,14,1.2249999999999999,10.001468917909339,10.00034820852765
hm-a10-g1-L3p5-n2-beta0__N0040__Aminus_0p0025,hm-a10-g1-L3p5-n2-beta0__N0040__Aplus_0p0025,hm-a10-g1-L3p5-n2-beta0,40,-0.0025,15,1.3125,10.001767456862115,10.000418978963825
hm-a10-g1-L3p5-n2-beta0__N0040__Aminus_0p0025,hm-a10-g1-L3p5-n2-beta0__N0040__Aplus_0p0025,hm-a10-g1-L3p5-n2-beta0,40,-0.0025,16,1.4,10.002022467554754,10.000479425116094
hm-a10-g1-L3p5-n2-beta0__N0040__Aminus_0p0025,hm-a10-g1-L3p5-n2-beta0__N0040__Aplus_0p0025,hm-a10-g1-L3p5-n2-beta0,40,-0.0025,17,1.4874999999999998,10.002227653539983,10.000528057349694
hm-a10-g1-L3p5-n2-beta0__N0040__Aminus_0p0025,hm-a10-g1-L3p5-n2-beta0__N0040__Aplus_0p0025,hm-a10-g1-L3p5-n2-beta0,40,-0.0025,18,1.575,10.00237794690364,10.000563677049964
hm-a10-g1-L3p5-n2-beta0__N0040__Aminus_0p0025,hm-a10-g1-L3p5-n2-beta0__N0040__Aplus_0p0025,hm-a10-g1-L3p5-n2-beta0,40,-0.0025,19,1.6624999999999999,10.002469634578143,10.00058540624667
hm-a10-g1-L3p5-n2-beta0__N0040__Aminus_0p0025,hm-a10-g1-L3p5-n2-beta0__N0040__Aplus_0p0025,hm-a10-g1-L3p5-n2-beta0,40,-0.0025,20,1.75,10.00250045098096,10.000592709320214
hm-a10-g1-L3p5-n2-beta0__N0040__Aminus_0p0025,hm-a10-g1-L3p5-n2-beta0__N0040__Aplus_0p0025,hm-a10-g1-L3p5-n2-beta0,40,-0.0025,21,1.8375,10.002469634578121,10.000585406246671
hm-a10-g1-L3p5-n2-beta0__N0040__Aminus_0p0025,hm-a10-g1-L3p5-n2-beta0__N0040__Aplus_0p0025,hm-a10-g1-L3p5-n2-beta0,40,-0.0025,22,1.9249999999999998,10.002377946903596,10.000563677049966
hm-a10-g1-L3p5-n2-beta0__N0040__Aminus_0p0025,hm-a10-g1-L3p5-n2-beta0__N0040__Aplus_0p0025,hm-a10-g1-L3p5-n2-beta0,40,-0.0025,23,2.0124999999999997,10.002227653539922,10.000528057349696
hm-a10-g1-L3p5-n2-beta0__N0040__Aminus_0p0025,hm-a10-g1-L3p5-n2-beta0__N0040__Aplus_0p0025,hm-a10-g1-L3p5-n2-beta0,40,-0.0025,24,2.0999999999999996,10.002022467554681,10.000479425116096
hm-a10-g1-L3p5-n2-beta0__N0040__Aminus_0p0025,hm-a10-g1-L3p5-n2-beta0__N0040__Aplus_0p0025,hm-a10-g1-L3p5-n2-beta0,40,-0.0025,25,2.1875,10.001767456862035,10.000418978963825
hm-a10-g1-L3p5-n2-beta0__N0040__Aminus_0p0025,hm-a10-g1-L3p5-n2-beta0__N0040__Aplus_0p0025,hm-a10-g1-L3p5-n2-beta0,40,-0.0025,26,2.275,10.001468917909255,10.00034820852765
hm-a10-g1-L3p5-n2-beta0__N0040__Aminus_0p0025,hm-a10-g1-L3p5-n2-beta0__N0040__Aplus_0p0025,hm-a10-g1-L3p5-n2-beta0,40,-0.0025,27,2.3625,10.001134218948206,10.000268857660272
hm-a10-g1-L3p5-n2-beta0__N0040__Aminus_0p0025,hm-a10-g1-L3p5-n2-beta0__N0040__Aplus_0p0025,hm-a10-g1-L3p5-n2-beta0,40,-0.0025,28,2.4499999999999997,10.000771616916667,10.000182881370534
hm-a10-g1-L3p5-n2-beta0__N0040__Aminus_0p0025,hm-a10-g1-L3p5-n2-beta0__N0040__Aplus_0p0025,hm-a10-g1-L3p5-n2-beta0,40,-0.0025,29,2.5374999999999996,10.000390052603937,10.000092397574274
hm-a10-g1-L3p5-n2-beta0__N0040__Aminus_0p0025,hm-a10-g1-L3p5-n2-beta0__N0040__Aplus_0p0025,hm-a10-g1-L3p5-n2-beta0,40,-0.0025,30,2.625,9.999998929293373,9.999999634856694
hm-a10-g1-L3p5-n2-beta0__N0040__Aminus_0p0025,hm-a10-g1-L3p5-n2-beta0__N0040__Aplus_0p0025,hm-a10-g1-L3p5-n2-beta0,40,-0.0025,31,2.7125,9.99960788045024,9.999906877541084
hm-a10-g1-L3p5-n2-beta0__N0040__Aminus_0p0025,hm-a10-g1-L3p5-n2-beta0__N0040__Aplus_0p0025,hm-a10-g1-L3p5-n2-beta0,40,-0.0025,32,2.8,9.999226532250418,9.999816409421953
hm-a10-g1-L3p5-n2-beta0__N0040__Aminus_0p0025,hm-a10-g1-L3p5-n2-beta0__N0040__Aplus_0p0025,hm-a10-g1-L3p5-n2-beta0,40,-0.0025,33,2.8874999999999997,9.998864266822638,9.999730457549918
hm-a10-g1-L3p5-n2-beta0__N0040__Aminus_0p0025,hm-a10-g1-L3p5-n2-beta0__N0040__Aplus_0p0025,hm-a10-g1-L3p5-n2-beta0,40,-0.0025,34,2.9749999999999996,9.998529992007098,9.999651137450638
hm-a10-g1-L3p5-n2-beta0__N0040__Aminus_0p0025,hm-a10-g1-L3p5-n2-beta0__N0040__Aplus_0p0025,hm-a10-g1-L3p5-n2-beta0,40,-0.0025,35,3.0625,9.998231923223269,9.999580401121163
hm-a10-g1-L3p5-n2-beta0__N0040__Aminus_0p0025,hm-a10-g1-L3p5-n2-beta0__N0040__Aplus_0p0025,hm-a10-g1-L3p5-n2-beta0,40,-0.0025,36,3.15,9.997977382699608,9.999519989075596
hm-a10-g1-L3p5-n2-beta0__N0040__Aminus_0p0025,hm-a10-g1-L3p5-n2-beta0__N0040__Aplus_0p0025,hm-a10-g1-L3p5-n2-beta0,40,-0.0025,37,3.2375,9.997772620859967,9.999471387610097
hm-a10-g1-L3p5-n2-beta0__N0040__Aminus_0p0025,hm-a10-g1-L3p5-n2-beta0__N0040__Aplus_0p0025,hm-a10-g1-L3p5-n2-beta0,40,-0.0025,38,3.3249999999999997,9.997622664100168,9.99943579232753
hm-a10-g1-L3p5-n2-beta0__N0040__Aminus_0p0025,hm-a10-g1-L3p5-n2-beta0__N0040__Aplus_0p0025,hm-a10-g1-L3p5-n2-beta0,40,-0.0025,39,3.4124999999999996,9.99753119253865,9.999414078807957
hm-a10-g1-L3p5-n2-beta0__N0040__Aminus_0p0025,hm-a10-g1-L3p5-n2-beta0__N0040__Aplus_0p0025,hm-a10-g1-L3p5-n2-beta0,40,-0.0025,40,3.5,9.997500450603287,9.999406781136383
hm-a10-g1-L3p5-n2-beta0__N0040__Aplus_0p0025,hm-a10-g1-L3p5-n2-beta0__N0040__Aminus_0p0025,hm-a10-g1-L3p5-n2-beta0,40,0.0025,0,0.0,10.002500450980902,10.00059270932021
hm-a10-g1-L3p5-n2-beta0__N0040__Aplus_0p0025,hm-a10-g1-L3p5-n2-beta0__N0040__Aminus_0p0025,hm-a10-g1-L3p5-n2-beta0,40,0.0025,1,0.0875,10.002469634578073,10.000585406246666
hm-a10-g1-L3p5-n2-beta0__N0040__Aplus_0p0025,hm-a10-g1-L3p5-n2-beta0__N0040__Aminus_0p0025,hm-a10-g1-L3p5-n2-beta0,40,0.0025,2,0.175,10.002377946903563,10.00056367704996
hm-a10-g1-L3p5-n2-beta0__N0040__Aplus_0p0025,hm-a10-g1-L3p5-n2-beta0__N0040__Aminus_0p0025,hm-a10-g1-L3p5-n2-beta0,40,0.0025,3,0.26249999999999996,10.0022276535399,10.00052805734969
hm-a10-g1-L3p5-n2-beta0__N0040__Aplus_0p0025,hm-a10-g1-L3p5-n2-beta0__N0040__Aminus_0p0025,hm-a10-g1-L3p5-n2-beta0,40,0.0025,4,0.35,10.002022467554673,10.000479425116092
hm-a10-g1-L3p5-n2-beta0__N0040__Aplus_0p0025,hm-a10-g1-L3p5-n2-beta0__N0040__Aminus_0p0025,hm-a10-g1-L3p5-n2-beta0,40,0.0025,5,0.4375,10.001767456862039,10.000418978963822
hm-a10-g1-L3p5-n2-beta0__N0040__Aplus_0p0025,hm-a10-g1-L3p5-n2-beta0__N0040__Aminus_0p0025,hm-a10-g1-L3p5-n2-beta0,40,0.0025,6,0.5249999999999999,10.00146891790927,10.000348208527646
hm-a10-g1-L3p5-n2-beta0__N0040__Aplus_0p0025,hm-a10-g1-L3p5-n2-beta0__N0040__Aminus_0p0025,hm-a10-g1-L3p5-n2-beta0,40,0.0025,7,0.6124999999999999,10.00113421894823,10.000268857660268
hm-a10-g1-L3p5-n2-beta0__N0040__Aplus_0p0025,hm-a10-g1-L3p5-n2-beta0__N0040__Aminus_0p0025,hm-a10-g1-L3p5-n2-beta0,40,0.0025,8,0.7,10.000771616916696,10.000182881370531
hm-a10-g1-L3p5-n2-beta0__N0040__Aplus_0p0025,hm-a10-g1-L3p5-n2-beta0__N0040__Aminus_0p0025,hm-a10-g1-L3p5-n2-beta0,40,0.0025,9,0.7875,10.000390052603969,10.00009239757427
hm-a10-g1-L3p5-n2-beta0__N0040__Aplus_0p0025,hm-a10-g1-L3p5-n2-beta0__N0040__Aminus_0p0025,hm-a10-g1-L3p5-n2-beta0,40,0.0025,10,0.875,9.999998929293405,9.999999634856689
hm-a10-g1-L3p5-n2-beta0__N0040__Aplus_0p0025,hm-a10-g1-L3p5-n2-beta0__N0040__Aminus_0p0025,hm-a10-g1-L3p5-n2-beta0,40,0.0025,11,0.9624999999999999,9.999607880450268,9.999906877541077
hm-a10-g1-L3p5-n2-beta0__N0040__Aplus_0p0025,hm-a10-g1-L3p5-n2-beta0__N0040__Aminus_0p0025,hm-a10-g1-L3p5-n2-beta0,40,0.0025,12,1.0499999999999998,9.999226532250441,9.999816409421944
hm-a10-g1-L3p5-n2-beta0__N0040__Aplus_0p0025,hm-a10-g1-L3p5-n2-beta0__N0040__Aminus_0p0025,hm-a10-g1-L3p5-n2-beta0,40,0.0025,13,1.1375,9.998864266822654,9.999730457549907
hm-a10-g1-L3p5-n2-beta0__N0040__Aplus_0p0025,hm-a10-g1-L3p5-n2-beta0__N0040__Aminus_0p0025,hm-a10-g1-L3p5-n2-beta0,40,0.0025,14,1.2249999999999999,9.998529992007102,9.999651137450627
hm-a10-g1-L3p5-n2-beta0__N0040__Aplus_0p0025,hm-a10-g1-L3p5-n2-beta0__N0040__Aminus_0p0025,hm-a10-g1-L3p5-n2-beta0,40,0.0025,15,1.3125,9.998231923223262,9.999580401121152
hm-a10-g1-L3p5-n2-beta0__N0040__Aplus_0p0025,hm-a10-g1-L3p5-n2-beta0__N0040__Aminus_0p0025,hm-a10-g1-L3p5-n2-beta0,40,0.0025,16,1.4,9.997977382699588,9.999519989075583
hm-a10-g1-L3p5-n2-beta0__N0040__Aplus_0p0025,hm-a10-g1-L3p5-n2-beta0__N0040__Aminus_0p0025,hm-a10-g1-L3p5-n2-beta0,40,0.0025,17,1.4874999999999998,9.997772620859934,9.999471387610082
hm-a10-g1-L3p5-n2-beta0__N0040__Aplus_0p0025,hm-a10-g1-L3p5-n2-beta0__N0040__Aminus_0p0025,hm-a10-g1-L3p5-n2-beta0,40,0.0025,18,1.575,9.997622664100126,9.999435792327516
hm-a10-g1-L3p5-n2-beta0__N0040__Aplus_0p0025,hm-a10-g1-L3p5-n2-beta0__N0040__Aminus_0p0025,hm-a10-g1-L3p5-n2-beta0,40,0.0025,19,1.6624999999999999,9.997531192538597,9.999414078807941
hm-a10-g1-L3p5-n2-beta0__N0040__Aplus_0p0025,hm-a10-g1-L3p5-n2-beta0__N0040__Aminus_0p0025,hm-a10-g1-L3p5-n2-beta0,40,0.0025,20,1.75,9.997500450603225,9.999406781136368
hm-a10-g1-L3p5-n2-beta0__N0040__Aplus_0p0025,hm-a10-g1-L3p5-n2-beta0__N0040__Aminus_0p0025,hm-a10-g1-L3p5-n2-beta0,40,0.0025,21,1.8375,9.997531192538583,9.999414078807943
hm-a10-g1-L3p5-n2-beta0__N0040__Aplus_0p0025,hm-a10-g1-L3p5-n2-beta0__N0040__Aminus_0p0025,hm-a10-g1-L3p5-n2-beta0,40,0.0025,22,1.9249999999999998,9.9976226641001,9.99943579232752
hm-a10-g1-L3p5-n2-beta0__N0040__Aplus_0p0025,hm-a10-g1-L3p5-n2-beta0__N0040__Aminus_0p0025,hm-a10-g1-L3p5-n2-beta0,40,0.0025,23,2.0124999999999997,9.997772620859898,9.999471387610088
hm-a10-g1-L3p5-n2-beta0__N0040__Aplus_0p0025,hm-a10-g1-L3p5-n2-beta0__N0040__Aminus_0p0025,hm-a10-g1-L3p5-n2-beta0,40,0.0025,24,2.0999999999999996,9.997977382699542,9.999519989075587
hm-a10-g1-L3p5-n2-beta0__N0040__Aplus_0p0025,hm-a10-g1-L3p5-n2-beta0__N0040__Aminus_0p0025,hm-a10-g1-L3p5-n2-beta0,40,0.0025,25,2.1875,9.99823192322321,9.999580401121156
hm-a10-g1-L3p5-n2-beta0__N0040__Aplus_0p0025,hm-a10-g1-L3p5-n2-beta0__N0040__Aminus_0p0025,hm-a10-g1-L3p5-n2-beta0,40,0.0025,26,2.275,9.998529992007049,9.999651137450632
hm-a10-g1-L3p5-n2-beta0__N0040__Aplus_0p0025,hm-a10-g1-L3p5-n2-beta0__N0040__Aminus_0p0025,hm-a10-g1-L3p5-n2-beta0,40,0.0025,27,2.3625,9.998864266822602,9.999730457549912
hm-a10-g1-L3p5-n2-beta0__N0040__Aplus_0p0025,hm-a10-g1-L3p5-n2-beta0__N0040__Aminus_0p0025,hm-a10-g1-L3p5-n2-beta0,40,0.0025,28,2.4499999999999997,9.999226532250395,9.99981640942195
hm-a10-g1-L3p5-n2-beta0__N0040__Aplus_0p0025,hm-a10-g1-L3p5-n2-beta0__N0040__Aminus_0p0025,hm-a10-g1-L3p5-n2-beta0,40,0.0025,29,2.5374999999999996,9.999607880450233,9.999906877541083
hm-a10-g1-L3p5-n2-beta0__N0040__Aplus_0p0025,hm-a10-g1-L3p5-n2-beta0__N0040__Aminus_0p0025,hm-a10-g1-L3p5-n2-beta0,40,0.0025,30,2.625,9.999998929293382,9.999999634856694
hm-a10-g1-L3p5-n2-beta0__N0040__Aplus_0p0025,hm-a10-g1-L3p5-n2-beta0__N0040__Aminus_0p0025,hm-a10-g1-L3p5-n2-beta0,40,0.0025,31,2.7125,10.000390052603963,10.000092397574276
hm-a10-g1-L3p5-n2-beta0__N0040__Aplus_0p0025,hm-a10-g1-L3p5-n2-beta0__N0040__Aminus_0p0025,hm-a10-g1-L3p5-n2-beta0,40,0.0025,32,2.8,10.000771616916708,10.000182881370538
hm-a10-g1-L3p5-n2-beta0__N0040__Aplus_0p0025,hm-a10-g1-L3p5-n2-beta0__N0040__Aminus_0p0025,hm-a10-g1-L3p5-n2-beta0,40,0.0025,33,2.8874999999999997,10.00113421894826,10.000268857660277
hm-a10-g1-L3p5-n2-beta0__N0040__Aplus_0p0025,hm-a10-g1-L3p5-n2-beta0__N0040__Aminus_0p0025,hm-a10-g1-L3p5-n2-beta0,40,0.0025,34,2.9749999999999996,10.00146891790932,10.000348208527654
hm-a10-g1-L3p5-n2-beta0__N0040__Aplus_0p0025,hm-a10-g1-L3p5-n2-beta0__N0040__Aminus_0p0025,hm-a10-g1-L3p5-n2-beta0,40,0.0025,35,3.0625,10.001767456862105,10.00041897896383
hm-a10-g1-L3p5-n2-beta0__N0040__Aplus_0p0025,hm-a10-g1-L3p5-n2-beta0__N0040__Aminus_0p0025,hm-a10-g1-L3p5-n2-beta0,40,0.0025,36,3.15,10.002022467554754,10.0004794251161
hm-a10-g1-L3p5-n2-beta0__N0040__Aplus_0p0025,hm-a10-g1-L3p5-n2-beta0__N0040__Aminus_0p0025,hm-a10-g1-L3p5-n2-beta0,40,0.0025,37,3.2375,10.002227653539995,10.000528057349703
hm-a10-g1-L3p5-n2-beta0__N0040__Aplus_0p0025,hm-a10-g1-L3p5-n2-beta0__N0040__Aminus_0p0025,hm-a10-g1-L3p5-n2-beta0,40,0.0025,38,3.3249999999999997,10.002377946903664,10.000563677049975
hm-a10-g1-L3p5-n2-beta0__N0040__Aplus_0p0025,hm-a10-g1-L3p5-n2-beta0__N0040__Aminus_0p0025,hm-a10-g1-L3p5-n2-beta0,40,0.0025,39,3.4124999999999996,10.00246963457818,10.000585406246682
hm-a10-g1-L3p5-n2-beta0__N0040__Aplus_0p0025,hm-a10-g1-L3p5-n2-beta0__N0040__Aminus_0p0025,hm-a10-g1-L3p5-n2-beta0,40,0.0025,40,3.5,10.00250045098101,10.000592709320225
hm-a10-g1-L3p5-n2-beta0__N0040__Aplus_0p005,hm-a10-g1-L3p5-n2-beta0__N0040__Aminus_0p005,hm-a10-g1-L3p5-n2-beta0,40,0.005,0,0.0,10.005001804678969,10.001184909134619
hm-a10-g1-L3p5-n2-beta0__N0040__Aplus_0p005,hm-a10-g1-L3p5-n2-beta0__N0040__Aminus_0p005,hm-a10-g1-L3p5-n2-beta0,40,0.005,1,0.0875,10.0049400972822,10.001170297581364
hm-a10-g1-L3p5-n2-beta0__N0040__Aplus_0p005,hm-a10-g1-L3p5-n2-beta0__N0040__Aminus_0p005,hm-a10-g1-L3p5-n2-beta0,40,0.005,2,0.175,10.004756505476205,10.001126823499153
hm-a10-g1-L3p5-n2-beta0__N0040__Aplus_0p005,hm-a10-g1-L3p5-n2-beta0__N0040__Aminus_0p005,hm-a10-g1-L3p5-n2-beta0,40,0.005,3,0.26249999999999996,10.004455581655723,10.001055559664305
hm-a10-g1-L3p5-n2-beta0__N0040__Aplus_0p005,hm-a10-g1-L3p5-n2-beta0__N0040__Aminus_0p005,hm-a10-g1-L3p5-n2-beta0,40,0.005,4,0.35,10.004044785011757,10.000958264411087
hm-a10-g1-L3p5-n2-beta0__N0040__Aplus_0p005,hm-a10-g1-L3p5-n2-beta0__N0040__Aminus_0p005,hm-a10-g1-L3p5-n2-beta0,40,0.005,5,0.4375,10.003534293006068,10.000837337984521
hm-a10-g1-L3p5-n2-beta0__N0040__Aplus_0p005,hm-a10-g1-L3p5-n2-beta0__N0040__Aminus_0p005,hm-a10-g1-L3p5-n2-beta0,40,0.005,6,0.5249999999999999,10.002936744655013,10.000695762996072
hm-a10-g1-L3p5-n2-beta0__N0040__Aplus_0p005,hm-a10-g1-L3p5-n2-beta0__N0040__Aminus_0p005,hm-a10-g1-L3p5-n2-beta0,40,0.005,7,0.6124999999999999,10.002266922545974,10.000537030491799
hm-a10-g1-L3p5-n2-beta0__N0040__Aplus_0p005,hm-a10-g1-L3p5-n2-beta0__N0040__Aminus_0p005,hm-a10-g1-L3p5-n2-beta0,40,0.005,8,0.7,10.00154138208178,10.000365053501486
hm-a10-g1-L3p5-n2-beta0__N0040__Aplus_0p005,hm-a10-g1-L3p5-n2-beta0__N0040__Aminus_0p005,hm-a10-g1-L3p5-n2-beta0,40,0.005,9,0.7875,10.000778037745887,10.000184070245481
hm-a10-g1-L3p5-n2-beta0__N0040__Aplus_0p005,hm-a10-g1-L3p5-n2-beta0__N0040__Aminus_0p005,hm-a10-g1-L3p5-n2-beta0,40,0.005,10,0.875,9.999995717171846,9.999998539425803
hm-a10-g1-L3p5-n2-beta0__N0040__Aplus_0p005,hm-a10-g1-L3p5-n2-beta0__N0040__Aminus_0p005,hm-a10-g1-L3p5-n2-beta0,40,0.005,11,0.9624999999999999,9.999213694467393,9.99981303021401
hm-a10-g1-L3p5-n2-beta0__N0040__Aplus_0p005,hm-a10-g1-L3p5-n2-beta0__N0040__Aminus_0p005,hm-a10-g1-L3p5-n2-beta0,40,0.005,12,1.0499999999999998,9.998451214582792,9.999632109666528
hm-a10-g1-L3p5-n2-beta0__N0040__Aplus_0p005,hm-a10-g1-L3p5-n2-beta0__N0040__Aminus_0p005,hm-a10-g1-L3p5-n2-beta0,40,0.005,13,1.1375,9.997727020533276,9.999460230347033
hm-a10-g1-L3p5-n2-beta0__N0040__Aplus_0p005,hm-a10-g1-L3p5-n2-beta0__N0040__Aminus_0p005,hm-a10-g1-L3p5-n2-beta0,40,0.005,14,1.2249999999999999,9.9970588950061,9.999301620915176
hm-a10-g1-L3p5-n2-beta0__N0040__Aplus_0p005,hm-a10-g1-L3p5-n2-beta0__N0040__Aminus_0p005,hm-a10-g1-L3p5-n2-beta0,40,0.005,15,1.3125,9.996463227331043,9.999160182353561
hm-a10-g1-L3p5-n2-beta0__N0040__Aplus_0p005,hm-a10-g1-L3p5-n2-beta0__N0040__Aminus_0p005,hm-a10-g1-L3p5-n2-beta0,40,0.005,16,1.4,9.995954616001887,9.99903939235384
hm-a10-g1-L3p5-n2-beta0__N0040__Aplus_0p005,hm-a10-g1-L3p5-n2-beta0__N0040__Aminus_0p005,hm-a10-g1-L3p5-n2-beta0,40,0.005,17,1.4874999999999998,9.995545515941195,9.998942220173065
hm-a10-g1-L3p5-n2-beta0__N0040__Aplus_0p005,hm-a10-g1-L3p5-n2-beta0__N0040__Aminus_0p005,hm-a10-g1-L3p5-n2-beta0,40,0.005,18,1.575,9.995245938537131,9.998871054009069
hm-a10-g1-L3p5-n2-beta0__N0040__Aplus_0p005,hm-a10-g1-L3p5-n2-beta0__N0040__Aminus_0p005,hm-a10-g1-L3p5-n2-beta0,40,0.005,19,1.6624999999999999,9.995063211183833,9.998827642635405
hm-a10-g1-L3p5-n2-beta0__N0040__Aplus_0p005,hm-a10-g1-L3p5-n2-beta0__N0040__Aminus_0p005,hm-a10-g1-L3p5-n2-beta0,40,0.005,20,1.75,9.995001801657184,9.998813052690045
hm-a10-g1-L3p5-n2-beta0__N0040__Aplus_0p005,hm-a10-g1-L3p5-n2-beta0__N0040__Aminus_0p005,hm-a10-g1-L3p5-n2-beta0,40,0.005,21,1.8375,9.995063211183817,9.998827642635407
hm-a10-g1-L3p5-n2-beta0__N0040__Aplus_0p005,hm-a10-g1-L3p5-n2-beta0__N0040__Aminus_0p005,hm-a10-g1-L3p5-n2-beta0,40,0.005,22,1.9249999999999998,9.995245938537101,9.998871054009072
hm-a10-g1-L3p5-n2-beta0__N0040__Aplus_0p005,hm-a10-g1-L3p5-n2-beta0__N0040__Aminus_0p005,hm-a10-g1-L3p5-n2-beta0,40,0.005,23,2.0124999999999997,9.995545515941151,9.998942220173072
hm-a10-g1-L3p5-n2-beta0__N0040__Aplus_0p005,hm-a10-g1-L3p5-n2-beta0__N0040__Aminus_0p005,hm-a10-g1-L3p5-n2-beta0,40,0.005,24,2.0999999999999996,9.995954616001834,9.999039392353849
hm-a10-g1-L3p5-n2-beta0__N0040__Aplus_0p005,hm-a10-g1-L3p5-n2-beta0__N0040__Aminus_0p005,hm-a10-g1-L3p5-n2-beta0,40,0.005,25,2.1875,9.996463227330985,9.99916018235357
hm-a10-g1-L3p5-n2-beta0__N0040__Aplus_0p005,hm-a10-g1-L3p5-n2-beta0__N0040__Aminus_0p005,hm-a10-g1-L3p5-n2-beta0,40,0.005,26,2.275,9.99705889500604,9.999301620915185
hm-a10-g1-L3p5-n2-beta0__N0040__Aplus_0p005,hm-a10-g1-L3p5-n2-beta0__N0040__Aminus_0p005,hm-a10-g1-L3p5-n2-beta0,40,0.005,27,2.3625,9.997727020533217,9.999460230347044
hm-a10-g1-L3p5-n2-beta0__N0040__Aplus_0p005,hm-a10-g1-L3p5-n2-beta0__N0040__Aminus_0p005,hm-a10-g1-L3p5-n2-beta0,40,0.005,28,2.4499999999999997,9.998451214582742,9.99963210966654
hm-a10-g1-L3p5-n2-beta0__N0040__Aplus_0p005,hm-a10-g1-L3p5-n2-beta0__N0040__Aminus_0p005,hm-a10-g1-L3p5-n2-beta0,40,0.005,29,2.5374999999999996,9.999213694467356,9.999813030214025
hm-a10-g1-L3p5-n2-beta0__N0040__Aplus_0p005,hm-a10-g1-L3p5-n2-beta0__N0040__Aminus_0p005,hm-a10-g1-L3p5-n2-beta0,40,0.005,30,2.625,9.999995717171824,9.99999853942582
hm-a10-g1-L3p5-n2-beta0__N0040__Aplus_0p005,hm-a10-g1-L3p5-n2-beta0__N0040__Aminus_0p005,hm-a10-g1-L3p5-n2-beta0,40,0.005,31,2.7125,10.000778037745885,10.000184070245497
hm-a10-g1-L3p5-n2-beta0__N0040__Aplus_0p005,hm-a10-g1-L3p5-n2-beta0__N0040__Aminus_0p005,hm-a10-g1-L3p5-n2-beta0,40,0.005,32,2.8,10.001541382081799,10.000365053501502
hm-a10-g1-L3p5-n2-beta0__N0040__Aplus_0p005,hm-a10-g1-L3p5-n2-beta0__N0040__Aminus_0p005,hm-a10-g1-L3p5-n2-beta0,40,0.005,33,2.8874999999999997,10.002266922546017,10.000537030491817
hm-a10-g1-L3p5-n2-beta0__N0040__Aplus_0p005,hm-a10-g1-L3p5-n2-beta0__N0040__Aminus_0p005,hm-a10-g1-L3p5-n2-beta0,40,0.005,34,2.9749999999999996,10.002936744655075,10.00069576299609
hm-a10-g1-L3p5-n2-beta0__N0040__Aplus_0p005,hm-a10-g1-L3p5-n2-beta0__N0040__Aminus_0p005,hm-a10-g1-L3p5-n2-beta0,40,0.005,35,3.0625,10.00353429300615,10.000837337984539
hm-a10-g1-L3p5-n2-beta0__N0040__Aplus_0p005,hm-a10-g1-L3p5-n2-beta0__N0040__Aminus_0p005,hm-a10-g1-L3p5-n2-beta0,40,0.005,36,3.15,10.004044785011857,10.000958264411105
hm-a10-g1-L3p5-n2-beta0__N0040__Aplus_0p005,hm-a10-g1-L3p5-n2-beta0__N0040__Aminus_0p005,hm-a10-g1-L3p5-n2-beta0,40,0.005,37,3.2375,10.004455581655836,10.001055559664326
hm-a10-g1-L3p5-n2-beta0__N0040__Aplus_0p005,hm-a10-g1-L3p5-n2-beta0__N0040__Aminus_0p005,hm-a10-g1-L3p5-n2-beta0,40,0.005,38,3.3249999999999997,10.004756505476328,10.001126823499176
hm-a10-g1-L3p5-n2-beta0__N0040__Aplus_0p005,hm-a10-g1-L3p5-n2-beta0__N0040__Aminus_0p005,hm-a10-g1-L3p5-n2-beta0,40,0.005,39,3.4124999999999996,10.00494009728233,10.00117029758139
hm-a10-g1-L3p5-n2-beta0__N0040__Aplus_0p005,hm-a10-g1-L3p5-n2-beta0__N0040__Aminus_0p005,hm-a10-g1-L3p5-n2-beta0,40,0.005,40,3.5,10.0050018046791,10.001184909134645
hm-a10-g1-L3p5-n2-beta0__N0040__Aplus_0p01,hm-a10-g1-L3p5-n2-beta0__N0040__Aminus_0p01,hm-a10-g1-L3p5-n2-beta0,40,0.01,0,0.0,10.010007224772137,10.002367780394996
hm-a10-g1-L3p5-n2-beta0__N0040__Aplus_0p01,hm-a10-g1-L3p5-n2-beta0__N0040__Aminus_0p01,hm-a10-g1-L3p5-n2-beta0,40,0.01,1,0.0875,10.00988351111817,10.00233853564699
hm-a10-g1-L3p5-n2-beta0__N0040__Aplus_0p01,hm-a10-g1-L3p5-n2-beta0__N0040__Aminus_0p01,hm-a10-g1-L3p5-n2-beta0,40,0.01,2,0.175,10.009515460298642,10.002251524680537
hm-a10-g1-L3p5-n2-beta0__N0040__Aplus_0p01,hm-a10-g1-L3p5-n2-beta0__N0040__Aminus_0p01,hm-a10-g1-L3p5-n2-beta0,40,0.01,3,0.26249999999999996,10.008912262322891,10.002108899207007
hm-a10-g1-L3p5-n2-beta0__N0040__Aplus_0p01,hm-a10-g1-L3p5-n2-beta0__N0040__Aminus_0p01,hm-a10-g1-L3p5-n2-beta0,40,0.01,4,0.35,10.008088968224488,10.001914185484624
hm-a10-g1-L3p5-n2-beta0__N0040__Aplus_0p01,hm-a10-g1-L3p5-n2-beta0__N0040__Aminus_0p01,hm-a10-g1-L3p5-n2-beta0,40,0.01,5,0.4375,10.007066099922302,10.001672196081891
hm-a10-g1-L3p5-n2-beta0__N0040__Aplus_0p01,hm-a10-g1-L3p5-n2-beta0__N0040__Aminus_0p01,hm-a10-g1-L3p5-n2-beta0,40,0.01,6,0.5249999999999999,10.005869120330534,10.001388909602879
hm-a10-g1-L3p5-n2-beta0__N0040__Aplus_0p01,hm-a10-g1-L3p5-n2-beta0__N0040__Aminus_0p01,hm-a10-g1-L3p5-n2-beta0,40,0.01,7,0.6124999999999999,10.004527779199366,10.001071321510484
hm-a10-g1-L3p5-n2-beta0__N0040__Aplus_0p01,hm-a10-g1-L3p5-n2-beta0__N0040__Aminus_0p01,hm-a10-g1-L3p5-n2-beta0,40,0.01,8,0.7,10.003075353478605,10.00072726991391
hm-a10-g1-L3p5-n2-beta0__N0040__Aplus_0p01,hm-a10-g1-L3p5-n2-beta0__N0040__Aminus_0p01,hm-a10-g1-L3p5-n2-beta0,40,0.01,9,0.7875,10.001547803576551,10.000365240802545
hm-a10-g1-L3p5-n2-beta0__N0040__Aplus_0p01,hm-a10-g1-L3p5-n2-beta0__N0040__Aminus_0p01,hm-a10-g1-L3p5-n2-beta0,40,0.01,10,0.875,9.999982868675573,9.999994157694942
hm-a10-g1-L3p5-n2-beta0__N0040__Aplus_0p01,hm-a10-g1-L3p5-n2-beta0__N0040__Aminus_0p01,hm-a10-g1-L3p5-n2-beta0,40,0.01,11,0.9624999999999999,9.998419125250896,9.999623161018897
hm-a10-g1-L3p5-n2-beta0__N0040__Aplus_0p01,hm-a10-g1-L3p5-n2-beta0__N0040__Aminus_0p01,hm-a10-g1-L3p5-n2-beta0,40,0.01,12,1.0499999999999998,9.996895033148972,9.999261382741702
hm-a10-g1-L3p5-n2-beta0__N0040__Aplus_0p01,hm-a10-g1-L3p5-n2-beta0__N0040__Aminus_0p01,hm-a10-g1-L3p5-n2-beta0,40,0.01,13,1.1375,9.995447993081811,9.998917721828578
hm-a10-g1-L3p5-n2-beta0__N0040__Aplus_0p01,hm-a10-g1-L3p5-n2-beta0__N0040__Aminus_0p01,hm-a10-g1-L3p5-n2-beta0,40,0.01,14,1.2249999999999999,9.994113438276376,9.998600626026173
hm-a10-g1-L3p5-n2-beta0__N0040__Aplus_0p01,hm-a10-g1-L3p5-n2-beta0__N0040__Aminus_0p01,hm-a10-g1-L3p5-n2-beta0,40,0.01,15,1.3125,9.992923981392838,9.99831788525498
hm-a10-g1-L3p5-n2-beta0__N0040__Aplus_0p01,hm-a10-g1-L3p5-n2-beta0__N0040__Aminus_0p01,hm-a10-g1-L3p5-n2-beta0,40,0.01,16,1.4,9.991908635807508,9.998076441560235
hm-a10-g1-L3p5-n2-beta0__N0040__Aplus_0p01,hm-a10-g1-L3p5-n2-beta0__N0040__Aminus_0p01,hm-a10-g1-L3p5-n2-beta0,40,0.01,17,1.4874999999999998,9.991092128057424,9.997882220128284
hm-a10-g1-L3p5-n2-beta0__N0040__Aplus_0p01,hm-a10-g1-L3p5-n2-beta0__N0040__Aminus_0p01,hm-a10-g1-L3p5-n2-beta0,40,0.01,18,1.575,9.990494315763188,9.997739985338754
hm-a10-g1-L3p5-n2-beta0__N0040__Aplus_0p01,hm-a10-g1-L3p5-n2-beta0__N0040__Aminus_0p01,hm-a10-g1-L3p5-n2-beta0,40,0.01,19,1.6624999999999999,9.990129722766373,9.997653225206912
hm-a10-g1-L3p5-n2-beta0__N0040__Aplus_0p01,hm-a10-g1-L3p5-n2-beta0__N0040__Aminus_0p01,hm-a10-g1-L3p5-n2-beta0,40,0.01,20,1.75,9.990007200597331,9.997624066890634
hm-a10-g1-L3p5-n2-beta0__N0040__Aplus_0p01,hm-a10-g1-L3p5-n2-beta0__N0040__Aminus_0p01,hm-a10-g1-L3p5-n2-beta0,40,0.01,21,1.8375,9.99012972276636,9.997653225206914
hm-a10-g1-L3p5-n2-beta0__N0040__Aplus_0p01,hm-a10-g1-L3p5-n2-beta0__N0040__Aminus_0p01,hm-a10-g1-L3p5-n2-beta0,40,0.01,22,1.9249999999999998,9.990494315763161,9.997739985338756
hm-a10-g1-L3p5-n2-beta0__N0040__Aplus_0p01,hm-a10-g1-L3p5-n2-beta0__N0040__Aminus_0p01,hm-a10-g1-L3p5-n2-beta0,40,0.01,23,2.0124999999999997,9.991092128057389,9.99788222012829
hm-a10-g1-L3p5-n2-beta0__N0040__Aplus_0p01,hm-a10-g1-L3p5-n2-beta0__N0040__Aminus_0p01,hm-a10-g1-L3p5-n2-beta0,40,0.01,24,2.0999999999999996,9.991908635807466,9.998076441560242
hm-a10-g1-L3p5-n2-beta0__N0040__Aplus_0p01,hm-a10-g1-L3p5-n2-beta0__N0040__Aminus_0p01,hm-a10-g1-L3p5-n2-beta0,40,0.01,25,2.1875,9.992923981392789,9.99831788525499
hm-a10-g1-L3p5-n2-beta0__N0040__Aplus_0p01,hm-a10-g1-L3p5-n2-beta0__N0040__Aminus_0p01,hm-a10-g1-L3p5-n2-beta0,40,0.01,26,2.275,9.994113438276326,9.998600626026183
hm-a10-g1-L3p5-n2-beta0__N0040__Aplus_0p01,hm-a10-g1-L3p5-n2-beta0__N0040__Aminus_0p01,hm-a10-g1-L3p5-n2-beta0,40,0.01,27,2.3625,9.995447993081765,9.998917721828589
hm-a10-g1-L3p5-n2-beta0__N0040__Aplus_0p01,hm-a10-g1-L3p5-n2-beta0__N0040__Aminus_0p01,hm-a10-g1-L3p5-n2-beta0,40,0.01,28,2.4499999999999997,9.996895033148933,9.999261382741713
hm-a10-g1-L3p5-n2-beta0__N0040__Aplus_0p01,hm-a10-g1-L3p5-n2-beta0__N0040__Aminus_0p01,hm-a10-g1-L3p5-n2-beta0,40,0.01,29,2.5374999999999996,9.998419125250866,9.999623161018908
hm-a10-g1-L3p5-n2-beta0__N0040__Aplus_0p01,hm-a10-g1-L3p5-n2-beta0__N0040__Aminus_0p01,hm-a10-g1-L3p5-n2-beta0,40,0.01,30,2.625,9.999982868675556,9.999994157694953
hm-a10-g1-L3p5-n2-beta0__N0040__Aplus_0p01,hm-a10-g1-L3p5-n2-beta0__N0040__Aminus_0p01,hm-a10-g1-L3p5-n2-beta0,40,0.01,31,2.7125,10.00154780357655,10.000365240802555
hm-a10-g1-L3p5-n2-beta0__N0040__Aplus_0p01,hm-a10-g1-L3p5-n2-beta0__N0040__Aminus_0p01,hm-a10-g1-L3p5-n2-beta0,40,0.01,32,2.8,10.003075353478621,10.00072726991392
hm-a10-g1-L3p5-n2-beta0__N0040__Aplus_0p01,hm-a10-g1-L3p5-n2-beta0__N0040__Aminus_0p01,hm-a10-g1-L3p5-n2-beta0,40,0.01,33,2.8874999999999997,10.0045277791994,10.001071321510494
hm-a10-g1-L3p5-n2-beta0__N0040__Aplus_0p01,hm-a10-g1-L3p5-n2-beta0__N0040__Aminus_0p01,hm-a10-g1-L3p5-n2-beta0,40,0.01,34,2.9749999999999996,10.005869120330585,10.00138890960289
hm-a10-g1-L3p5-n2-beta0__N0040__Aplus_0p01,hm-a10-g1-L3p5-n2-beta0__N0040__Aminus_0p01,hm-a10-g1-L3p5-n2-beta0,40,0.01,35,3.0625,10.007066099922369,10.001672196081902
hm-a10-g1-L3p5-n2-beta0__N0040__Aplus_0p01,hm-a10-g1-L3p5-n2-beta0__N0040__Aminus_0p01,hm-a10-g1-L3p5-n2-beta0,40,0.01,36,3.15,10.008088968224572,10.001914185484639
hm-a10-g1-L3p5-n2-beta0__N0040__Aplus_0p01,hm-a10-g1-L3p5-n2-beta0__N0040__Aminus_0p01,hm-a10-g1-L3p5-n2-beta0,40,0.01,37,3.2375,10.008912262322985,10.002108899207025
hm-a10-g1-L3p5-n2-beta0__N0040__Aplus_0p01,hm-a10-g1-L3p5-n2-beta0__N0040__Aminus_0p01,hm-a10-g1-L3p5-n2-beta0,40,0.01,38,3.3249999999999997,10.009515460298745,10.002251524680556
hm-a10-g1-L3p5-n2-beta0__N0040__Aplus_0p01,hm-a10-g1-L3p5-n2-beta0__N0040__Aminus_0p01,hm-a10-g1-L3p5-n2-beta0,40,0.01,39,3.4124999999999996,10.009883511118279,10.002338535647013
hm-a10-g1-L3p5-n2-beta0__N0040__Aplus_0p01,hm-a10-g1-L3p5-n2-beta0__N0040__Aminus_0p01,hm-a10-g1-L3p5-n2-beta0,40,0.01,40,3.5,10.010007224772247,10.002367780395018
hm-a10-g1-L3p5-n2-beta0__N0040__Aplus_0p02,hm-a10-g1-L3p5-n2-beta0__N0040__Aminus_0p02,hm-a10-g1-L3p5-n2-beta0,40,0.02,0,0.0,10.020028947652301,10.004727410438214
hm-a10-g1-L3p5-n2-beta0__N0040__Aplus_0p02,hm-a10-g1-L3p5-n2-beta0__N0040__Aminus_0p02,hm-a10-g1-L3p5-n2-beta0,40,0.02,1,0.0875,10.019780320919244,10.004668834241066
hm-a10-g1-L3p5-n2-beta0__N0040__Aplus_0p02,hm-a10-g1-L3p5-n2-beta0__N0040__Aminus_0p02,hm-a10-g1-L3p5-n2-beta0,40,0.02,2,0.175,10.019040739370885,10.004494560724043
hm-a10-g1-L3p5-n2-beta0__N0040__Aplus_0p02,hm-a10-g1-L3p5-n2-beta0__N0040__Aminus_0p02,hm-a10-g1-L3p5-n2-beta0,40,0.02,3,0.26249999999999996,10.017828926327377,10.004208918026755
hm-a10-g1-L3p5-n2-beta0__N0040__Aplus_0p02,hm-a10-g1-L3p5-n2-beta0__N0040__Aminus_0p02,hm-a10-g1-L3p5-n2-beta0,40,0.02,4,0.35,10.016175517903624,10.003818997140918
hm-a10-g1-L3p5-n2-beta0__N0040__Aplus_0p02,hm-a10-g1-L3p5-n2-beta0__N0040__Aminus_0p02,hm-a10-g1-L3p5-n2-beta0,40,0.02,5,0.4375,10.01412222962541,10.003334471642992
hm-a10-g1-L3p5-n2-beta0__N0040__Aplus_0p02,hm-a10-g1-L3p5-n2-beta0__N0040__Aminus_0p02,hm-a10-g1-L3p5-n2-beta0,40,0.02,6,0.5249999999999999,10.011720730007596,10.002767352373015
hm-a10-g1-L3p5-n2-beta0__N0040__Aplus_0p02,hm-a10-g1-L3p5-n2-beta0__N0040__Aminus_0p02,hm-a10-g1-L3p5-n2-beta0,40,0.02,7,0.6124999999999999,10.009031258776977,10.002131683805523
hm-a10-g1-L3p5-n2-beta0__N0040__Aplus_0p02,hm-a10-g1-L3p5-n2-beta0__N0040__Aminus_0p02,hm-a10-g1-L3p5-n2-beta0,40,0.02,8,0.7,10.006121034681192,10.001443190367155
hm-a10-g1-L3p5-n2-beta0__N0040__Aplus_0p02,hm-a10-g1-L3p5-n2-beta0__N0040__Aminus_0p02,hm-a10-g1-L3p5-n2-beta0,40,0.02,9,0.7875,10.003062502865593,10.00071888218326
hm-a10-g1-L3p5-n2-beta0__N0040__Aplus_0p02,hm-a10-g1-L3p5-n2-beta0__N0040__Aminus_0p02,hm-a10-g1-L3p5-n2-beta0,40,0.02,10,0.875,9.999931474529314,9.999976630653519
hm-a10-g1-L3p5-n2-beta0__N0040__Aplus_0p02,hm-a10-g1-L3p5-n2-beta0__N0040__Aminus_0p02,hm-a10-g1-L3p5-n2-beta0,40,0.02,11,0.9624999999999999,9.996805212065366,9.999234724850353
hm-a10-g1-L3p5-n2-beta0__N0040__Aplus_0p02,hm-a10-g1-L3p5-n2-beta0__N0040__Aminus_0p02,hm-a10-g1-L3p5-n2-beta0,40,0.02,12,1.0499999999999998,9.993760511369576,9.99851142000445
hm-a10-g1-L3p5-n2-beta0__N0040__Aplus_0p02,hm-a10-g1-L3p5-n2-beta0__N0040__Aminus_0p02,hm-a10-g1-L3p5-n2-beta0,40,0.02,13,1.1375,9.990871829806043,9.997824489302785
hm-a10-g1-L3p5-n2-beta0__N0040__Aplus_0p02,hm-a10-g1-L3p5-n2-beta0__N0040__Aminus_0p02,hm-a10-g1-L3p5-n2-beta0,40,0.02,14,1.2249999999999999,9.988209503850415,9.997190789900394
hm-a10-g1-L3p5-n2-beta0__N0040__Aplus_0p02,hm-a10-g1-L3p5-n2-beta0__N0040__Aminus_0p02,hm-a10-g1-L3p5-n2-beta0,40,0.02,15,1.3125,9.98583809513302,9.996625853469325
hm-a10-g1-L3p5-n2-beta0__N0040__Aplus_0p02,hm-a10-g1-L3p5-n2-beta0__N0040__Aminus_0p02,hm-a10-g1-L3p5-n2-beta0,40,0.02,16,1.4,9.983814897893275,9.99614351081302
hm-a10-g1-L3p5-n2-beta0__N0040__Aplus_0p02,hm-a10-g1-L3p5-n2-beta0__N0040__Aminus_0p02,hm-a10-g1-L3p5-n2-beta0,40,0.02,17,1.4874999999999998,9.982188635105926,9.995755559099385
hm-a10-g1-L3p5-n2-beta0__N0040__Aplus_0p02,hm-a10-g1-L3p5-n2-beta0__N0040__Aminus_0p02,hm-a10-g1-L3p5-n2-beta0,40,0.02,18,1.575,9.9809983650414,9.995471479147575
hm-a10-g1-L3p5-n2-beta0__N0040__Aplus_0p02,hm-a10-g1-L3p5-n2-beta0__N0040__Aminus_0p02,hm-a10-g1-L3p5-n2-beta0,40,0.02,19,1.6624999999999999,9.98027261497426,9.995298208975642
hm-a10-g1-L3p5-n2-beta0__N0040__Aplus_0p02,hm-a10-g1-L3p5-n2-beta0__N0040__Aminus_0p02,hm-a10-g1-L3p5-n2-beta0,40,0.02,20,1.75,9.98002875425157,9.995239978507787
hm-a10-g1-L3p5-n2-beta0__N0040__Aplus_0p02,hm-a10-g1-L3p5-n2-beta0__N0040__Aminus_0p02,hm-a10-g1-L3p5-n2-beta0,40,0.02,21,1.8375,9.980272614974236,9.995298208975644
hm-a10-g1-L3p5-n2-beta0__N0040__Aplus_0p02,hm-a10-g1-L3p5-n2-beta0__N0040__Aminus_0p02,hm-a10-g1-L3p5-n2-beta0,40,0.02,22,1.9249999999999998,9.980998365041355,9.995471479147575
hm-a10-g1-L3p5-n2-beta0__N0040__Aplus_0p02,hm-a10-g1-L3p5-n2-beta0__N0040__Aminus_0p02,hm-a10-g1-L3p5-n2-beta0,40,0.02,23,2.0124999999999997,9.982188635105864,9.995755559099385
hm-a10-g1-L3p5-n2-beta0__N0040__Aplus_0p02,hm-a10-g1-L3p5-n2-beta0__N0040__Aminus_0p02,hm-a10-g1-L3p5-n2-beta0,40,0.02,24,2.0999999999999996,9.983814897893197,9.996143510813019
hm-a10-g1-L3p5-n2-beta0__N0040__Aplus_0p02,hm-a10-g1-L3p5-n2-beta0__N0040__Aminus_0p02,hm-a10-g1-L3p5-n2-beta0,40,0.02,25,2.1875,9.985838095132934,9.996625853469322
hm-a10-g1-L3p5-n2-beta0__N0040__Aplus_0p02,hm-a10-g1-L3p5-n2-beta0__N0040__Aminus_0p02,hm-a10-g1-L3p5-n2-beta0,40,0.02,26,2.275,9.988209503850323,9.99719078990039
hm-a10-g1-L3p5-n2-beta0__N0040__Aplus_0p02,hm-a10-g1-L3p5-n2-beta0__N0040__Aminus_0p02,hm-a10-g1-L3p5-n2-beta0,40,0.02,27,2.3625,9.990871829805952,9.997824489302781
hm-a10-g1-L3p5-n2-beta0__N0040__Aplus_0p02,hm-a10-g1-L3p5-n2-beta0__N0040__Aminus_0p02,hm-a10-g1-L3p5-n2-beta0,40,0.02,28,2.4499999999999997,9.99376051136949,9.998511420004446
hm-a10-g1-L3p5-n2-beta0__N0040__Aplus_0p02,hm-a10-g1-L3p5-n2-beta0__N0040__Aminus_0p02,hm-a10-g1-L3p5-n2-beta0,40,0.02,29,2.5374999999999996,9.996805212065292,9.99923472485035
hm-a10-g1-L3p5-n2-beta0__N0040__Aplus_0p02,hm-a10-g1-L3p5-n2-beta0__N0040__Aminus_0p02,hm-a10-g1-L3p5-n2-beta0,40,0.02,30,2.625,9.999931474529255,9.999976630653515
hm-a10-g1-L3p5-n2-beta0__N0040__Aplus_0p02,hm-a10-g1-L3p5-n2-beta0__N0040__Aminus_0p02,hm-a10-g1-L3p5-n2-beta0,40,0.02,31,2.7125,10.003062502865552,10.000718882183257
hm-a10-g1-L3p5-n2-beta0__N0040__Aplus_0p02,hm-a10-g1-L3p5-n2-beta0__N0040__Aminus_0p02,hm-a10-g1-L3p5-n2-beta0,40,0.02,32,2.8,10.006121034681174,10.001443190367151
hm-a10-g1-L3p5-n2-beta0__N0040__Aplus_0p02,hm-a10-g1-L3p5-n2-beta0__N0040__Aminus_0p02,hm-a10-g1-L3p5-n2-beta0,40,0.02,33,2.8874999999999997,10.00903125877698,10.002131683805517
hm-a10-g1-L3p5-n2-beta0__N0040__Aplus_0p02,hm-a10-g1-L3p5-n2-beta0__N0040__Aminus_0p02,hm-a10-g1-L3p5-n2-beta0,40,0.02,34,2.9749999999999996,10.011720730007623,10.00276735237301
hm-a10-g1-L3p5-n2-beta0__N0040__Aplus_0p02,hm-a10-g1-L3p5-n2-beta0__N0040__Aminus_0p02,hm-a10-g1-L3p5-n2-beta0,40,0.02,35,3.0625,10.014122229625459,10.003334471642988
hm-a10-g1-L3p5-n2-beta0__N0040__Aplus_0p02,hm-a10-g1-L3p5-n2-beta0__N0040__Aminus_0p02,hm-a10-g1-L3p5-n2-beta0,40,0.02,36,3.15,10.016175517903692,10.003818997140916
hm-a10-g1-L3p5-n2-beta0__N0040__Aplus_0p02,hm-a10-g1-L3p5-n2-beta0__N0040__Aminus_0p02,hm-a10-g1-L3p5-n2-beta0,40,0.02,37,3.2375,10.017828926327459,10.004208918026757
hm-a10-g1-L3p5-n2-beta0__N0040__Aplus_0p02,hm-a10-g1-L3p5-n2-beta0__N0040__Aminus_0p02,hm-a10-g1-L3p5-n2-beta0,40,0.02,38,3.3249999999999997,10.019040739370977,10.004494560724046
hm-a10-g1-L3p5-n2-beta0__N0040__Aplus_0p02,hm-a10-g1-L3p5-n2-beta0__N0040__Aminus_0p02,hm-a10-g1-L3p5-n2-beta0,40,0.02,39,3.4124999999999996,10.019780320919342,10.004668834241073
hm-a10-g1-L3p5-n2-beta0__N0040__Aplus_0p02,hm-a10-g1-L3p5-n2-beta0__N0040__Aminus_0p02,hm-a10-g1-L3p5-n2-beta0,40,0.02,40,3.5,10.020028947652403,10.004727410438221
hm-a10-g1-L3p5-n2-beta0__N0080__Aminus_0p02,hm-a10-g1-L3p5-n2-beta0__N0080__Aplus_0p02,hm-a10-g1-L3p5-n2-beta0,80,-0.02,0,0.0,9.980028327138863,9.99524539382429
hm-a10-g1-L3p5-n2-beta0__N0080__Aminus_0p02,hm-a10-g1-L3p5-n2-beta0__N0080__Aplus_0p02,hm-a10-g1-L3p5-n2-beta0,80,-0.02,1,0.04375,9.980089387431843,9.995259957032642
hm-a10-g1-L3p5-n2-beta0__N0080__Aminus_0p02,hm-a10-g1-L3p5-n2-beta0__N0080__Aplus_0p02,hm-a10-g1-L3p5-n2-beta0,80,-0.02,2,0.0875,9.980272202719823,9.995303557659371
hm-a10-g1-L3p5-n2-beta0__N0080__Aminus_0p02,hm-a10-g1-L3p5-n2-beta0__N0080__Aplus_0p02,hm-a10-g1-L3p5-n2-beta0,80,-0.02,3,0.13124999999999998,9.98057567822026,9.995375929238914
hm-a10-g1-L3p5-n2-beta0__N0080__Aminus_0p02,hm-a10-g1-L3p5-n2-beta0__N0080__Aplus_0p02,hm-a10-g1-L3p5-n2-beta0,80,-0.02,4,0.175,9.980997995924064,9.995476629423923
hm-a10-g1-L3p5-n2-beta0__N0080__Aminus_0p02,hm-a10-g1-L3p5-n2-beta0__N0080__Aplus_0p02,hm-a10-g1-L3p5-n2-beta0,80,-0.02,5,0.21875,9.981536624517199,9.995605042618363
hm-a10-g1-L3p5-n2-beta0__N0080__Aminus_0p02,hm-a10-g1-L3p5-n2-beta0__N0080__Aplus_0p02,hm-a10-g1-L3p5-n2-beta0,80,-0.02,6,0.26249999999999996,9.982188333228446,9.99576038364433
hm-a10-g1-L3p5-n2-beta0__N0080__Aminus_0p02,hm-a10-g1-L3p5-n2-beta0__N0080__Aplus_0p02,hm-a10-g1-L3p5-n2-beta0,80,-0.02,7,0.30624999999999997,9.982949209559829,9.995941702423044
hm-a10-g1-L3p5-n2-beta0__N0080__Aminus_0p02,hm-a10-g1-L3p5-n2-beta0__N0080__Aplus_0p02,hm-a10-g1-L3p5-n2-beta0,80,-0.02,8,0.35,9.983814680842732,9.996147889645131
hm-a10-g1-L3p5-n2-beta0__N0080__Aminus_0p02,hm-a10-g1-L3p5-n2-beta0__N0080__Aplus_0p02,hm-a10-g1-L3p5-n2-beta0,80,-0.02,9,0.39375,9.984779539548233,9.996377683399691
hm-a10-g1-L3p5-n2-beta0__N0080__Aminus_0p02,hm-a10-g1-L3p5-n2-beta0__N0080__Aplus_0p02,hm-a10-g1-L3p5-n2-beta0,80,-0.02,10,0.4375,9.98583797226469,9.996629676726467
hm-a10-g1-L3p5-n2-beta0__N0080__Aminus_0p02,hm-a10-g1-L3p5-n2-beta0__N0080__Aplus_0p02,hm-a10-g1-L3p5-n2-beta0,80,-0.02,11,0.48124999999999996,9.986983592239207,9.996902326050066
hm-a10-g1-L3p5-n2-beta0__N0080__Aminus_0p02,hm-a10-g1-L3p5-n2-beta0__N0080__Aplus_0p02,hm-a10-g1-L3p5-n2-beta0,80,-0.02,12,0.5249999999999999,9.988209475361892,9.997193960450097
hm-a10-g1-L3p5-n2-beta0__N0080__Aminus_0p02,hm-a10-g1-L3p5-n2-beta0__N0080__Aplus_0p02,hm-a10-g1-L3p5-n2-beta0,80,-0.02,13,0.56875,9.989508199453152,9.99750279171612
hm-a10-g1-L3p5-n2-beta0__N0080__Aminus_0p02,hm-a10-g1-L3p5-n2-beta0__N0080__Aplus_0p02,hm-a10-g1-L3p5-n2-beta0,80,-0.02,14,0.6124999999999999,9.990871886694404,9.997826925131394
hm-a10-g1-L3p5-n2-beta0__N0080__Aminus_0p02,hm-a10-g1-L3p5-n2-beta0__N0080__Aplus_0p02,hm-a10-g1-L3p5-n2-beta0,80,-0.02,15,0.65625,9.992292249021792,9.998164370924927
hm-a10-g1-L3p5-n2-beta0__N0080__Aminus_0p02,hm-a10-g1-L3p5-n2-beta0__N0080__Aplus_0p02,hm-a10-g1-L3p5-n2-beta0,80,-0.02,16,0.7,9.99376063628084,9.99851305632679
hm-a10-g1-L3p5-n2-beta0__N0080__Aminus_0p02,hm-a10-g1-L3p5-n2-beta0__N0080__Aplus_0p02,hm-a10-g1-L3p5-n2-beta0,80,-0.02,17,0.7437499999999999,9.995268086917706,9.998870838157648
hm-a10-g1-L3p5-n2-beta0__N0080__Aminus_0p02,hm-a10-g1-L3p5-n2-beta0__N0080__Aplus_0p02,hm-a10-g1-L3p5-n2-beta0,80,-0.02,18,0.7875,9.996805380959954,9.999235515879553
hm-a10-g1-L3p5-n2-beta0__N0080__Aminus_0p02,hm-a10-g1-L3p5-n2-beta0__N0080__Aplus_0p02,hm-a10-g1-L3p5-n2-beta0,80,-0.02,19,0.8312499999999999,9.998363095016998,9.999604845031579
hm-a10-g1-L3p5-n2-beta0__N0080__Aminus_0p02,hm-a10-g1-L3p5-n2-beta0__N0080__Aplus_0p02,hm-a10-g1-L3p5-n2-beta0,80,-0.02,20,0.875,9.999931659007737,9.999976550970743
hm-a10-g1-L3p5-n2-beta0__N0080__Aminus_0p02,hm-a10-g1-L3p5-n2-beta0__N0080__Aplus_0p02,hm-a10-g1-L3p5-n2-beta0,80,-0.02,21,0.91875,10.00150141430091,10.00034834283593
hm-a10-g1-L3p5-n2-beta0__N0080__Aminus_0p02,hm-a10-g1-L3p5-n2-beta0__N0080__Aplus_0p02,hm-a10-g1-L3p5-n2-beta0,80,-0.02,22,0.9624999999999999,10.003062672932709,10.000717927650264
hm-a10-g1-L3p5-n2-beta0__N0080__Aminus_0p02,hm-a10-g1-L3p5-n2-beta0__N0080__Aplus_0p02,hm-a10-g1-L3p5-n2-beta0,80,-0.02,23,1.0062499999999999,10.004605777546518,10.001083024475582
hm-a10-g1-L3p5-n2-beta0__N0080__Aminus_0p02,hm-a10-g1-L3p5-n2-beta0__N0080__Aplus_0p02,hm-a10-g1-L3p5-n2-beta0,80,-0.02,24,1.0499999999999998,10.006121161681927,10.001441378531352
hm-a10-g1-L3p5-n2-beta0__N0080__Aminus_0p02,hm-a10-g1-L3p5-n2-beta0__N0080__Aplus_0p02,hm-a10-g1-L3p5-n2-beta0,80,-0.02,25,1.09375,10.007599410024666,10.001790775189683
hm-a10-g1-L3p5-n2-beta0__N0080__Aminus_0p02,hm-a10-g1-L3p5-n2-beta0__N0080__Aplus_0p02,hm-a10-g1-L3p5-n2-beta0,80,-0.02,26,1.1375,10.009031318216289,10.002129053757901
hm-a10-g1-L3p5-n2-beta0__N0080__Aminus_0p02,hm-a10-g1-L3p5-n2-beta0__N0080__Aplus_0p02,hm-a10-g1-L3p5-n2-beta0,80,-0.02,27,1.18125,10.010407951812837,10.002454120960554
hm-a10-g1-L3p5-n2-beta0__N0080__Aminus_0p02,hm-a10-g1-L3p5-n2-beta0__N0080__Aplus_0p02,hm-a10-g1-L3p5-n2-beta0,80,-0.02,28,1.2249999999999999,10.011720703975445,10.002763964033843
hm-a10-g1-L3p5-n2-beta0__N0080__Aminus_0p02,hm-a10-g1-L3p5-n2-beta0__N0080__Aplus_0p02,hm-a10-g1-L3p5-n2-beta0,80,-0.02,29,1.2687499999999998,10.012961351473589,10.00305666334709
hm-a10-g1-L3p5-n2-beta0__N0080__Aminus_0p02,hm-a10-g1-L3p5-n2-beta0__N0080__Aplus_0p02,hm-a10-g1-L3p5-n2-beta0,80,-0.02,30,1.3125,10.014122108583432,10.003330404468219
hm-a10-g1-L3p5-n2-beta0__N0080__Aminus_0p02,hm-a10-g1-L3p5-n2-beta0__N0080__Aplus_0p02,hm-a10-g1-L3p5-n2-beta0,80,-0.02,31,1.35625,10.015195678469848,10.00358348959319
hm-a10-g1-L3p5-n2-beta0__N0080__Aminus_0p02,hm-a10-g1-L3p5-n2-beta0__N0080__Aplus_0p02,hm-a10-g1-L3p5-n2-beta0,80,-0.02,32,1.4,10.016175301651304,10.003814348262889
hm-a10-g1-L3p5-n2-beta0__N0080__Aminus_0p02,hm-a10-g1-L3p5-n2-beta0__N0080__Aplus_0p02,hm-a10-g1-L3p5-n2-beta0,80,-0.02,33,1.4437499999999999,10.017054801162082,10.004021547295245
hm-a10-g1-L3p5-n2-beta0__N0080__Aminus_0p02,hm-a10-g1-L3p5-n2-beta0__N0080__Aplus_0p02,hm-a10-g1-L3p5-n2-beta0,80,-0.02,34,1.4874999999999998,10.017828624045999,10.004203799865124
hm-a10-g1-L3p5-n2-beta0__N0080__Aminus_0p02,hm-a10-g1-L3p5-n2-beta0__N0080__Aplus_0p02,hm-a10-g1-L3p5-n2-beta0,80,-0.02,35,1.53125,10.018491878840122,10.004359973669969
hm-a10-g1-L3p5-n2-beta0__N0080__Aminus_0p02,hm-a10-g1-L3p5-n2-beta0__N0080__Aplus_0p02,hm-a10-g1-L3p5-n2-beta0,80,-0.02,36,1.575,10.019040368735585,10.004489098125074
hm-a10-g1-L3p5-n2-beta0__N0080__Aminus_0p02,hm-a10-g1-L3p5-n2-beta0__N0080__Aplus_0p02,hm-a10-g1-L3p5-n2-beta0,80,-0.02,37,1.61875,10.019470620135168,10.004590370538777
hm-a10-g1-L3p5-n2-beta0__N0080__Aminus_0p02,hm-a10-g1-L3p5-n2-beta0__N0080__Aplus_0p02,hm-a10-g1-L3p5-n2-beta0,80,-0.02,38,1.6624999999999999,10.019779906363699,10.004663161224737
hm-a10-g1-L3p5-n2-beta0__N0080__Aminus_0p02,hm-a10-g1-L3p5-n2-beta0__N0080__Aplus_0p02,hm-a10-g1-L3p5-n2-beta0,80,-0.02,39,1.7062499999999998,10.01996626632693,10.004707017515704
hm-a10-g1-L3p5-n2-beta0__N0080__Aminus_0p02,hm-a10-g1-L3p5-n2-beta0__N0080__Aplus_0p02,hm-a10-g1-L3p5-n2-beta0,80,-0.02,40,1.75,10.020028517956975,10.004721666650743
hm-a10-g1-L3p5-n2-beta0__N0080__Aminus_0p02,hm-a10-g1-L3p5-n2-beta0__N0080__Aplus_0p02,hm-a10-g1-L3p5-n2-beta0,80,-0.02,41,1.79375,10.019966266326934,10.004707017515706
hm-a10-g1-L3p5-n2-beta0__N0080__Aminus_0p02,hm-a10-g1-L3p5-n2-beta0__N0080__Aplus_0p02,hm-a10-g1-L3p5-n2-beta0,80,-0.02,42,1.8375,10.019779906363704,10.004663161224743
hm-a10-g1-L3p5-n2-beta0__N0080__Aminus_0p02,hm-a10-g1-L3p5-n2-beta0__N0080__Aplus_0p02,hm-a10-g1-L3p5-n2-beta0,80,-0.02,43,1.8812499999999999,10.019470620135179,10.004590370538788
hm-a10-g1-L3p5-n2-beta0__N0080__Aminus_0p02,hm-a10-g1-L3p5-n2-beta0__N0080__Aplus_0p02,hm-a10-g1-L3p5-n2-beta0,80,-0.02,44,1.9249999999999998,10.019040368735599,10.004489098125092
hm-a10-g1-L3p5-n2-beta0__N0080__Aminus_0p02,hm-a10-g1-L3p5-n2-beta0__N0080__Aplus_0p02,hm-a10-g1-L3p5-n2-beta0,80,-0.02,45,1.9687499999999998,10.018491878840138,10.004359973669992
hm-a10-g1-L3p5-n2-beta0__N0080__Aminus_0p02,hm-a10-g1-L3p5-n2-beta0__N0080__Aplus_0p02,hm-a10-g1-L3p5-n2-beta0,80,-0.02,46,2.0124999999999997,10.01782862404602,10.00420379986515
hm-a10-g1-L3p5-n2-beta0__N0080__Aminus_0p02,hm-a10-g1-L3p5-n2-beta0__N0080__Aplus_0p02,hm-a10-g1-L3p5-n2-beta0,80,-0.02,47,2.05625,10.01705480116211,10.004021547295276
hm-a10-g1-L3p5-n2-beta0__N0080__Aminus_0p02,hm-a10-g1-L3p5-n2-beta0__N0080__Aplus_0p02,hm-a10-g1-L3p5-n2-beta0,80,-0.02,48,2.0999999999999996,10.016175301651337,10.003814348262921
hm-a10-g1-L3p5-n2-beta0__N0080__Aminus_0p02,hm-a10-g1-L3p5-n2-beta0__N0080__Aplus_0p02,hm-a10-g1-L3p5-n2-beta0,80,-0.02,49,2.14375,10.015195678469885,10.003583489593222
hm-a10-g1-L3p5-n2-beta0__N0080__Aminus_0p02,hm-a10-g1-L3p5-n2-beta0__N0080__Aplus_0p02,hm-a10-g1-L3p5-n2-beta0,80,-0.02,50,2.1875,10.014122108583477,10.003330404468251
hm-a10-g1-L3p5-n2-beta0__N0080__Aminus_0p02,hm-a10-g1-L3p5-n2-beta0__N0080__Aplus_0p02,hm-a10-g1-L3p5-n2-beta0,80,-0.02,51,2.2312499999999997,10.01296135147364,10.00305666334712
hm-a10-g1-L3p5-n2-beta0__N0080__Aminus_0p02,hm-a10-g1-L3p5-n2-beta0__N0080__Aplus_0p02,hm-a10-g1-L3p5-n2-beta0,80,-0.02,52,2.275,10.011720703975504,10.002763964033875
hm-a10-g1-L3p5-n2-beta0__N0080__Aminus_0p02,hm-a10-g1-L3p5-n2-beta0__N0080__Aplus_0p02,hm-a10-g1-L3p5-n2-beta0,80,-0.02,53,2.3187499999999996,10.010407951812905,10.002454120960586
hm-a10-g1-L3p5-n2-beta0__N0080__Aminus_0p02,hm-a10-g1-L3p5-n2-beta0__N0080__Aplus_0p02,hm-a10-g1-L3p5-n2-beta0,80,-0.02,54,2.3625,10.009031318216364,10.002129053757931
hm-a10-g1-L3p5-n2-beta0__N0080__Aminus_0p02,hm-a10-g1-L3p5-n2-beta0__N0080__Aplus_0p02,hm-a10-g1-L3p5-n2-beta0,80,-0.02,55,2.40625,10.007599410024746,10.001790775189711
hm-a10-g1-L3p5-n2-beta0__N0080__Aminus_0p02,hm-a10-g1-L3p5-n2-beta0__N0080__Aplus_0p02,hm-a10-g1-L3p5-n2-beta0,80,-0.02,56,2.4499999999999997,10.006121161682016,10.001441378531378
hm-a10-g1-L3p5-n2-beta0__N0080__Aminus_0p02,hm-a10-g1-L3p5-n2-beta0__N0080__Aplus_0p02,hm-a10-g1-L3p5-n2-beta0,80,-0.02,57,2.49375,10.004605777546614,10.001083024475609
hm-a10-g1-L3p5-n2-beta0__N0080__Aminus_0p02,hm-a10-g1-L3p5-n2-beta0__N0080__Aplus_0p02,hm-a10-g1-L3p5-n2-beta0,80,-0.02,58,2.5374999999999996,10.00306267293281,10.000717927650287
hm-a10-g1-L3p5-n2-beta0__N0080__Aminus_0p02,hm-a10-g1-L3p5-n2-beta0__N0080__Aplus_0p02,hm-a10-g1-L3p5-n2-beta0,80,-0.02,59,2.58125,10.001501414301016,10.000348342835952
hm-a10-g1-L3p5-n2-beta0__N0080__Aminus_0p02,hm-a10-g1-L3p5-n2-beta0__N0080__Aplus_0p02,hm-a10-g1-L3p5-n2-beta0,80,-0.02,60,2.625,9.999931659007848,9.999976550970766
hm-a10-g1-L3p5-n2-beta0__N0080__Aminus_0p02,hm-a10-g1-L3p5-n2-beta0__N0080__Aplus_0p02,hm-a10-g1-L3p5-n2-beta0,80,-0.02,61,2.6687499999999997,9.998363095017114,9.999604845031604
hm-a10-g1-L3p5-n2-beta0__N0080__Aminus_0p02,hm-a10-g1-L3p5-n2-beta0__N0080__Aplus_0p02,hm-a10-g1-L3p5-n2-beta0,80,-0.02,62,2.7125,9.996805380960073,9.99923551587958
hm-a10-g1-L3p5-n2-beta0__N0080__Aminus_0p02,hm-a10-g1-L3p5-n2-beta0__N0080__Aplus_0p02,hm-a10-g1-L3p5-n2-beta0,80,-0.02,63,2.7562499999999996,9.995268086917825,9.998870838157675
hm-a10-g1-L3p5-n2-beta0__N0080__Aminus_0p02,hm-a10-g1-L3p5-n2-beta0__N0080__Aplus_0p02,hm-a10-g1-L3p5-n2-beta0,80,-0.02,64,2.8,9.99376063628096,9.998513056326818
hm-a10-g1-L3p5-n2-beta0__N0080__Aminus_0p02,hm-a10-g1-L3p5-n2-beta0__N0080__Aplus_0p02,hm-a10-g1-L3p5-n2-beta0,80,-0.02,65,2.84375,9.992292249021913,9.998164370924954
hm-a10-g1-L3p5-n2-beta0__N0080__Aminus_0p02,hm-a10-g1-L3p5-n2-beta0__N0080__Aplus_0p02,hm-a10-g1-L3p5-n2-beta0,80,-0.02,66,2.8874999999999997,9.990871886694524,9.997826925131422
hm-a10-g1-L3p5-n2-beta0__N0080__Aminus_0p02,hm-a10-g1-L3p5-n2-beta0__N0080__Aplus_0p02,hm-a10-g1-L3p5-n2-beta0,80,-0.02,67,2.93125,9.989508199453269,9.997502791716148
hm-a10-g1-L3p5-n2-beta0__N0080__Aminus_0p02,hm-a10-g1-L3p5-n2-beta0__N0080__Aplus_0p02,hm-a10-g1-L3p5-n2-beta0,80,-0.02,68,2.9749999999999996,9.988209475362007,9.997193960450128
hm-a10-g1-L3p5-n2-beta0__N0080__Aminus_0p02,hm-a10-g1-L3p5-n2-beta0__N0080__Aplus_0p02,hm-a10-g1-L3p5-n2-beta0,80,-0.02,69,3.01875,9.986983592239321,9.996902326050098
hm-a10-g1-L3p5-n2-beta0__N0080__Aminus_0p02,hm-a10-g1-L3p5-n2-beta0__N0080__Aplus_0p02,hm-a10-g1-L3p5-n2-beta0,80,-0.02,70,3.0625,9.9858379722648,9.996629676726505
hm-a10-g1-L3p5-n2-beta0__N0080__Aminus_0p02,hm-a10-g1-L3p5-n2-beta0__N0080__Aplus_0p02,hm-a10-g1-L3p5-n2-beta0,80,-0.02,71,3.1062499999999997,9.98477953954834,9.996377683399732
hm-a10-g1-L3p5-n2-beta0__N0080__Aminus_0p02,hm-a10-g1-L3p5-n2-beta0__N0080__Aplus_0p02,hm-a10-g1-L3p5-n2-beta0,80,-0.02,72,3.15,9.983814680842835,9.996147889645176
hm-a10-g1-L3p5-n2-beta0__N0080__Aminus_0p02,hm-a10-g1-L3p5-n2-beta0__N0080__Aplus_0p02,hm-a10-g1-L3p5-n2-beta0,80,-0.02,73,3.1937499999999996,9.982949209559926,9.995941702423092
hm-a10-g1-L3p5-n2-beta0__N0080__Aminus_0p02,hm-a10-g1-L3p5-n2-beta0__N0080__Aplus_0p02,hm-a10-g1-L3p5-n2-beta0,80,-0.02,74,3.2375,9.98218833322854,9.995760383644381
hm-a10-g1-L3p5-n2-beta0__N0080__Aminus_0p02,hm-a10-g1-L3p5-n2-beta0__N0080__Aplus_0p02,hm-a10-g1-L3p5-n2-beta0,80,-0.02,75,3.28125,9.98153662451729,9.995605042618418
hm-a10-g1-L3p5-n2-beta0__N0080__Aminus_0p02,hm-a10-g1-L3p5-n2-beta0__N0080__Aplus_0p02,hm-a10-g1-L3p5-n2-beta0,80,-0.02,76,3.3249999999999997,9.98099799592415,9.995476629423978
hm-a10-g1-L3p5-n2-beta0__N0080__Aminus_0p02,hm-a10-g1-L3p5-n2-beta0__N0080__Aplus_0p02,hm-a10-g1-L3p5-n2-beta0,80,-0.02,77,3.36875,9.980575678220346,9.99537592923897
hm-a10-g1-L3p5-n2-beta0__N0080__Aminus_0p02,hm-a10-g1-L3p5-n2-beta0__N0080__Aplus_0p02,hm-a10-g1-L3p5-n2-beta0,80,-0.02,78,3.4124999999999996,9.980272202719906,9.995303557659426
hm-a10-g1-L3p5-n2-beta0__N0080__Aminus_0p02,hm-a10-g1-L3p5-n2-beta0__N0080__Aplus_0p02,hm-a10-g1-L3p5-n2-beta0,80,-0.02,79,3.45625,9.980089387431924,9.995259957032697
hm-a10-g1-L3p5-n2-beta0__N0080__Aminus_0p02,hm-a10-g1-L3p5-n2-beta0__N0080__Aplus_0p02,hm-a10-g1-L3p5-n2-beta0,80,-0.02,80,3.5,9.980028327138944,9.995245393824346
hm-a10-g1-L3p5-n2-beta0__N0080__Aminus_0p01,hm-a10-g1-L3p5-n2-beta0__N0080__Aplus_0p01,hm-a10-g1-L3p5-n2-beta0,80,-0.01,0,0.0,9.990007093660289,9.997626815575806
hm-a10-g1-L3p5-n2-beta0__N0080__Aminus_0p01,hm-a10-g1-L3p5-n2-beta0__N0080__Aplus_0p01,hm-a10-g1-L3p5-n2-beta0,80,-0.01,1,0.04375,9.990037771737542,9.997634107887796
hm-a10-g1-L3p5-n2-beta0__N0080__Aminus_0p01,hm-a10-g1-L3p5-n2-beta0__N0080__Aplus_0p01,hm-a10-g1-L3p5-n2-beta0,80,-0.01,2,0.0875,9.990129619561289,9.99765594006195
hm-a10-g1-L3p5-n2-beta0__N0080__Aminus_0p01,hm-a10-g1-L3p5-n2-beta0__N0080__Aplus_0p01,hm-a10-g1-L3p5-n2-beta0,80,-0.01,3,0.13124999999999998,9.990282078989956,9.997692178083938
hm-a10-g1-L3p5-n2-beta0__N0080__Aminus_0p01,hm-a10-g1-L3p5-n2-beta0__N0080__Aplus_0p01,hm-a10-g1-L3p5-n2-beta0,80,-0.01,4,0.175,9.990494223390783,9.997742599498721
hm-a10-g1-L3p5-n2-beta0__N0080__Aminus_0p01,hm-a10-g1-L3p5-n2-beta0__N0080__Aplus_0p01,hm-a10-g1-L3p5-n2-beta0,80,-0.01,5,0.21875,9.990764763026913,9.9978068947584
hm-a10-g1-L3p5-n2-beta0__N0080__Aminus_0p01,hm-a10-g1-L3p5-n2-beta0__N0080__Aplus_0p01,hm-a10-g1-L3p5-n2-beta0,80,-0.01,6,0.26249999999999996,9.991092052563884,9.997884669098346
hm-a10-g1-L3p5-n2-beta0__N0080__Aminus_0p01,hm-a10-g1-L3p5-n2-beta0__N0080__Aplus_0p01,hm-a10-g1-L3p5-n2-beta0,80,-0.01,7,0.30624999999999997,9.991474100660033,9.997975444930878
hm-a10-g1-L3p5-n2-beta0__N0080__Aminus_0p01,hm-a10-g1-L3p5-n2-beta0__N0080__Aplus_0p01,hm-a10-g1-L3p5-n2-beta0,80,-0.01,8,0.35,9.99190858159512,9.99807866474268
hm-a10-g1-L3p5-n2-beta0__N0080__Aminus_0p01,hm-a10-g1-L3p5-n2-beta0__N0080__Aplus_0p01,hm-a10-g1-L3p5-n2-beta0,80,-0.01,9,0.39375,9.99239284888123,9.998193694479257
hm-a10-g1-L3p5-n2-beta0__N0080__Aminus_0p01,hm-a10-g1-L3p5-n2-beta0__N0080__Aplus_0p01,hm-a10-g1-L3p5-n2-beta0,80,-0.01,10,0.4375,9.992923950789727,9.99831982739686
hm-a10-g1-L3p5-n2-beta0__N0080__Aminus_0p01,hm-a10-g1-L3p5-n2-beta0__N0080__Aplus_0p01,hm-a10-g1-L3p5-n2-beta0,80,-0.01,11,0.48124999999999996,9.993498647717725,9.998456288359534
hm-a10-g1-L3p5-n2-beta0__N0080__Aminus_0p01,hm-a10-g1-L3p5-n2-beta0__N0080__Aplus_0p01,hm-a10-g1-L3p5-n2-beta0,80,-0.01,12,0.5249999999999999,9.994113431307333,9.998602238556249
hm-a10-g1-L3p5-n2-beta0__N0080__Aminus_0p01,hm-a10-g1-L3p5-n2-beta0__N0080__Aplus_0p01,hm-a10-g1-L3p5-n2-beta0,80,-0.01,13,0.56875,9.994764545220583,9.998756780610588
hm-a10-g1-L3p5-n2-beta0__N0080__Aminus_0p01,hm-a10-g1-L3p5-n2-beta0__N0080__Aplus_0p01,hm-a10-g1-L3p5-n2-beta0,80,-0.01,14,0.6124999999999999,9.995448007462905,9.99891896405298
hm-a10-g1-L3p5-n2-beta0__N0080__Aminus_0p01,hm-a10-g1-L3p5-n2-beta0__N0080__Aplus_0p01,hm-a10-g1-L3p5-n2-beta0,80,-0.01,15,0.65625,9.996159634137989,9.99908779112322
hm-a10-g1-L3p5-n2-beta0__N0080__Aminus_0p01,hm-a10-g1-L3p5-n2-beta0__N0080__Aplus_0p01,hm-a10-g1-L3p5-n2-beta0,80,-0.01,16,0.7,9.996895064507115,9.999262222868937
hm-a10-g1-L3p5-n2-beta0__N0080__Aminus_0p01,hm-a10-g1-L3p5-n2-beta0__N0080__Aplus_0p01,hm-a10-g1-L3p5-n2-beta0,80,-0.01,17,0.7437499999999999,9.997649787216572,9.99944118550371
hm-a10-g1-L3p5-n2-beta0__N0080__Aminus_0p01,hm-a10-g1-L3p5-n2-beta0__N0080__Aplus_0p01,hm-a10-g1-L3p5-n2-beta0,80,-0.01,18,0.7875,9.998419167547741,9.999623576986764
hm-a10-g1-L3p5-n2-beta0__N0080__Aminus_0p01,hm-a10-g1-L3p5-n2-beta0__N0080__Aplus_0p01,hm-a10-g1-L3p5-n2-beta0,80,-0.01,19,0.8312499999999999,9.999198475535811,9.999808273784764
hm-a10-g1-L3p5-n2-beta0__N0080__Aminus_0p01,hm-a10-g1-L3p5-n2-beta0__N0080__Aplus_0p01,hm-a10-g1-L3p5-n2-beta0,80,-0.01,20,0.875,9.999982914795174,9.999994137774724
hm-a10-g1-L3p5-n2-beta0__N0080__Aminus_0p01,hm-a10-g1-L3p5-n2-beta0__N0080__Aplus_0p01,hm-a10-g1-L3p5-n2-beta0,80,-0.01,21,0.91875,10.000767651882237,10.00018002324617
hm-a10-g1-L3p5-n2-beta0__N0080__Aminus_0p01,hm-a10-g1-L3p5-n2-beta0__N0080__Aplus_0p01,hm-a10-g1-L3p5-n2-beta0,80,-0.01,22,0.9624999999999999,10.001547846019976,10.000364783959679
hm-a10-g1-L3p5-n2-beta0__N0080__Aminus_0p01,hm-a10-g1-L3p5-n2-beta0__N0080__Aplus_0p01,hm-a10-g1-L3p5-n2-beta0,80,-0.01,23,1.0062499999999999,10.002318679003071,10.000547280218463
hm-a10-g1-L3p5-n2-beta0__N0080__Aminus_0p01,hm-a10-g1-L3p5-n2-beta0__N0080__Aplus_0p01,hm-a10-g1-L3p5-n2-beta0,80,-0.01,24,1.0499999999999998,10.003075385097956,10.000726385909262
hm-a10-g1-L3p5-n2-beta0__N0080__Aminus_0p01,hm-a10-g1-L3p5-n2-beta0__N0080__Aplus_0p01,hm-a10-g1-L3p5-n2-beta0,80,-0.01,25,1.09375,10.00381328074893,10.000900995468799
hm-a10-g1-L3p5-n2-beta0__N0080__Aminus_0p01,hm-a10-g1-L3p5-n2-beta0__N0080__Aplus_0p01,hm-a10-g1-L3p5-n2-beta0,80,-0.01,26,1.1375,10.004527793899365,10.001070030732294
hm-a10-g1-L3p5-n2-beta0__N0080__Aminus_0p01,hm-a10-g1-L3p5-n2-beta0__N0080__Aplus_0p01,hm-a10-g1-L3p5-n2-beta0,80,-0.01,27,1.18125,10.005214492736437,10.001232447620975
hm-a10-g1-L3p5-n2-beta0__N0080__Aminus_0p01,hm-a10-g1-L3p5-n2-beta0__N0080__Aplus_0p01,hm-a10-g1-L3p5-n2-beta0,80,-0.01,28,1.2249999999999999,10.005869113668584,10.00138724262643
hm-a10-g1-L3p5-n2-beta0__N0080__Aminus_0p01,hm-a10-g1-L3p5-n2-beta0__N0080__Aplus_0p01,hm-a10-g1-L3p5-n2-beta0,80,-0.01,29,1.2687499999999998,10.00648758834715,10.001533459050595
hm-a10-g1-L3p5-n2-beta0__N0080__Aminus_0p01,hm-a10-g1-L3p5-n2-beta0__N0080__Aplus_0p01,hm-a10-g1-L3p5-n2-beta0,80,-0.01,30,1.3125,10.007066069547536,10.001670192961654
hm-a10-g1-L3p5-n2-beta0__N0080__Aminus_0p01,hm-a10-g1-L3p5-n2-beta0__N0080__Aplus_0p01,hm-a10-g1-L3p5-n2-beta0,80,-0.01,31,1.35625,10.007600955730585,10.001796598827687
hm-a10-g1-L3p5-n2-beta0__N0080__Aminus_0p01,hm-a10-g1-L3p5-n2-beta0__N0080__Aplus_0p01,hm-a10-g1-L3p5-n2-beta0,80,-0.01,32,1.4,10.008088914111934,10.001911894791833
hm-a10-g1-L3p5-n2-beta0__N0080__Aminus_0p01,hm-a10-g1-L3p5-n2-beta0__N0080__Aplus_0p01,hm-a10-g1-L3p5-n2-beta0,80,-0.01,33,1.4437499999999999,10.008526902075701,10.00201536755494
hm-a10-g1-L3p5-n2-beta0__N0080__Aminus_0p01,hm-a10-g1-L3p5-n2-beta0__N0080__Aplus_0p01,hm-a10-g1-L3p5-n2-beta0,80,-0.01,34,1.4874999999999998,10.008912186778927,10.002106376834003
hm-a10-g1-L3p5-n2-beta0__N0080__Aminus_0p01,hm-a10-g1-L3p5-n2-beta0__N0080__Aplus_0p01,hm-a10-g1-L3p5-n2-beta0,80,-0.01,35,1.53125,10.009242362804914,10.002184359367469
hm-a10-g1-L3p5-n2-beta0__N0080__Aminus_0p01,hm-a10-g1-L3p5-n2-beta0__N0080__Aplus_0p01,hm-a10-g1-L3p5-n2-beta0,80,-0.01,36,1.575,10.00951536773656,10.00224883244123
hm-a10-g1-L3p5-n2-beta0__N0080__Aminus_0p01,hm-a10-g1-L3p5-n2-beta0__N0080__Aplus_0p01,hm-a10-g1-L3p5-n2-beta0,80,-0.01,37,1.61875,10.009729495535142,10.00229939691228
hm-a10-g1-L3p5-n2-beta0__N0080__Aminus_0p01,hm-a10-g1-L3p5-n2-beta0__N0080__Aplus_0p01,hm-a10-g1-L3p5-n2-beta0,80,-0.01,38,1.6624999999999999,10.009883407625518,10.002335739710182
hm-a10-g1-L3p5-n2-beta0__N0080__Aminus_0p01,hm-a10-g1-L3p5-n2-beta0__N0080__Aplus_0p01,hm-a10-g1-L3p5-n2-beta0,80,-0.01,39,1.7062499999999998,10.009976141605216,10.002357635799964
hm-a10-g1-L3p5-n2-beta0__N0080__Aminus_0p01,hm-a10-g1-L3p5-n2-beta0__N0080__Aplus_0p01,hm-a10-g1-L3p5-n2-beta0,80,-0.01,40,1.75,10.010007117512336,10.00236494959348
hm-a10-g1-L3p5-n2-beta0__N0080__Aminus_0p01,hm-a10-g1-L3p5-n2-beta0__N0080__Aplus_0p01,hm-a10-g1-L3p5-n2-beta0,80,-0.01,41,1.79375,10.00997614160522,10.002357635799966
hm-a10-g1-L3p5-n2-beta0__N0080__Aminus_0p01,hm-a10-g1-L3p5-n2-beta0__N0080__Aplus_0p01,hm-a10-g1-L3p5-n2-beta0,80,-0.01,42,1.8375,10.009883407625525,10.002335739710185
hm-a10-g1-L3p5-n2-beta0__N0080__Aminus_0p01,hm-a10-g1-L3p5-n2-beta0__N0080__Aplus_0p01,hm-a10-g1-L3p5-n2-beta0,80,-0.01,43,1.8812499999999999,10.009729495535153,10.002299396912287
hm-a10-g1-L3p5-n2-beta0__N0080__Aminus_0p01,hm-a10-g1-L3p5-n2-beta0__N0080__Aplus_0p01,hm-a10-g1-L3p5-n2-beta0,80,-0.01,44,1.9249999999999998,10.009515367736574,10.002248832441243
hm-a10-g1-L3p5-n2-beta0__N0080__Aminus_0p01,hm-a10-g1-L3p5-n2-beta0__N0080__Aplus_0p01,hm-a10-g1-L3p5-n2-beta0,80,-0.01,45,1.9687499999999998,10.009242362804931,10.002184359367485
hm-a10-g1-L3p5-n2-beta0__N0080__Aminus_0p01,hm-a10-g1-L3p5-n2-beta0__N0080__Aplus_0p01,hm-a10-g1-L3p5-n2-beta0,80,-0.01,46,2.0124999999999997,10.008912186778948,10.002106376834021
hm-a10-g1-L3p5-n2-beta0__N0080__Aminus_0p01,hm-a10-g1-L3p5-n2-beta0__N0080__Aplus_0p01,hm-a10-g1-L3p5-n2-beta0,80,-0.01,47,2.05625,10.008526902075728,10.00201536755496
hm-a10-g1-L3p5-n2-beta0__N0080__Aminus_0p01,hm-a10-g1-L3p5-n2-beta0__N0080__Aplus_0p01,hm-a10-g1-L3p5-n2-beta0,80,-0.01,48,2.0999999999999996,10.008088914111966,10.001911894791856
hm-a10-g1-L3p5-n2-beta0__N0080__Aminus_0p01,hm-a10-g1-L3p5-n2-beta0__N0080__Aplus_0p01,hm-a10-g1-L3p5-n2-beta0,80,-0.01,49,2.14375,10.007600955730622,10.00179659882771
hm-a10-g1-L3p5-n2-beta0__N0080__Aminus_0p01,hm-a10-g1-L3p5-n2-beta0__N0080__Aplus_0p01,hm-a10-g1-L3p5-n2-beta0,80,-0.01,50,2.1875,10.007066069547578,10.00167019296168
hm-a10-g1-L3p5-n2-beta0__N0080__Aminus_0p01,hm-a10-g1-L3p5-n2-beta0__N0080__Aplus_0p01,hm-a10-g1-L3p5-n2-beta0,80,-0.01,51,2.2312499999999997,10.006487588347198,10.00153345905062
hm-a10-g1-L3p5-n2-beta0__N0080__Aminus_0p01,hm-a10-g1-L3p5-n2-beta0__N0080__Aplus_0p01,hm-a10-g1-L3p5-n2-beta0,80,-0.01,52,2.275,10.005869113668638,10.001387242626455
hm-a10-g1-L3p5-n2-beta0__N0080__Aminus_0p01,hm-a10-g1-L3p5-n2-beta0__N0080__Aplus_0p01,hm-a10-g1-L3p5-n2-beta0,80,-0.01,53,2.3187499999999996,10.005214492736497,10.001232447620998
hm-a10-g1-L3p5-n2-beta0__N0080__Aminus_0p01,hm-a10-g1-L3p5-n2-beta0__N0080__Aplus_0p01,hm-a10-g1-L3p5-n2-beta0,80,-0.01,54,2.3625,10.004527793899431,10.001070030732313
hm-a10-g1-L3p5-n2-beta0__N0080__Aminus_0p01,hm-a10-g1-L3p5-n2-beta0__N0080__Aplus_0p01,hm-a10-g1-L3p5-n2-beta0,80,-0.01,55,2.40625,10.003813280749004,10.000900995468816
hm-a10-g1-L3p5-n2-beta0__N0080__Aminus_0p01,hm-a10-g1-L3p5-n2-beta0__N0080__Aplus_0p01,hm-a10-g1-L3p5-n2-beta0,80,-0.01,56,2.4499999999999997,10.003075385098034,10.000726385909275
hm-a10-g1-L3p5-n2-beta0__N0080__Aminus_0p01,hm-a10-g1-L3p5-n2-beta0__N0080__Aplus_0p01,hm-a10-g1-L3p5-n2-beta0,80,-0.01,57,2.49375,10.002318679003153,10.000547280218475
hm-a10-g1-L3p5-n2-beta0__N0080__Aminus_0p01,hm-a10-g1-L3p5-n2-beta0__N0080__Aplus_0p01,hm-a10-g1-L3p5-n2-beta0,80,-0.01,58,2.5374999999999996,10.001547846020063,10.000364783959688
hm-a10-g1-L3p5-n2-beta0__N0080__Aminus_0p01,hm-a10-g1-L3p5-n2-beta0__N0080__Aplus_0p01,hm-a10-g1-L3p5-n2-beta0,80,-0.01,59,2.58125,10.000767651882326,10.000180023246179
hm-a10-g1-L3p5-n2-beta0__N0080__Aminus_0p01,hm-a10-g1-L3p5-n2-beta0__N0080__Aplus_0p01,hm-a10-g1-L3p5-n2-beta0,80,-0.01,60,2.625,9.999982914795266,9.999994137774733
hm-a10-g1-L3p5-n2-beta0__N0080__Aminus_0p01,hm-a10-g1-L3p5-n2-beta0__N0080__Aplus_0p01,hm-a10-g1-L3p5-n2-beta0,80,-0.01,61,2.6687499999999997,9.999198475535906,9.999808273784772
hm-a10-g1-L3p5-n2-beta0__N0080__Aminus_0p01,hm-a10-g1-L3p5-n2-beta0__N0080__Aplus_0p01,hm-a10-g1-L3p5-n2-beta0,80,-0.01,62,2.7125,9.998419167547835,9.999623576986773
hm-a10-g1-L3p5-n2-beta0__N0080__Aminus_0p01,hm-a10-g1-L3p5-n2-beta0__N0080__Aplus_0p01,hm-a10-g1-L3p5-n2-beta0,80,-0.01,63,2.7562499999999996,9.997649787216666,9.999441185503718
hm-a10-g1-L3p5-n2-beta0__N0080__Aminus_0p01,hm-a10-g1-L3p5-n2-beta0__N0080__Aplus_0p01,hm-a10-g1-L3p5-n2-beta0,80,-0.01,64,2.8,9.996895064507207,9.999262222868946
hm-a10-g1-L3p5-n2-beta0__N0080__Aminus_0p01,hm-a10-g1-L3p5-n2-beta0__N0080__Aplus_0p01,hm-a10-g1-L3p5-n2-beta0,80,-0.01,65,2.84375,9.99615963413808,9.999087791123229
hm-a10-g1-L3p5-n2-beta0__N0080__Aminus_0p01,hm-a10-g1-L3p5-n2-beta0__N0080__Aplus_0p01,hm-a10-g1-L3p5-n2-beta0,80,-0.01,66,2.8874999999999997,9.995448007462992,9.998918964052992
hm-a10-g1-L3p5-n2-beta0__N0080__Aminus_0p01,hm-a10-g1-L3p5-n2-beta0__N0080__Aplus_0p01,hm-a10-g1-L3p5-n2-beta0,80,-0.01,67,2.93125,9.994764545220667,9.998756780610602
hm-a10-g1-L3p5-n2-beta0__N0080__Aminus_0p01,hm-a10-g1-L3p5-n2-beta0__N0080__Aplus_0p01,hm-a10-g1-L3p5-n2-beta0,80,-0.01,68,2.9749999999999996,9.994113431307413,9.998602238556263
hm-a10-g1-L3p5-n2-beta0__N0080__Aminus_0p01,hm-a10-g1-L3p5-n2-beta0__N0080__Aplus_0p01,hm-a10-g1-L3p5-n2-beta0,80,-0.01,69,3.01875,9.993498647717798,9.99845628835955
hm-a10-g1-L3p5-n2-beta0__N0080__Aminus_0p01,hm-a10-g1-L3p5-n2-beta0__N0080__Aplus_0p01,hm-a10-g1-L3p5-n2-beta0,80,-0.01,70,3.0625,9.992923950789795,9.99831982739688
hm-a10-g1-L3p5-n2-beta0__N0080__Aminus_0p01,hm-a10-g1-L3p5-n2-beta0__N0080__Aplus_0p01,hm-a10-g1-L3p5-n2-beta0,80,-0.01,71,3.1062499999999997,9.992392848881293,9.99819369447928
hm-a10-g1-L3p5-n2-beta0__N0080__Aminus_0p01,hm-a10-g1-L3p5-n2-beta0__N0080__Aplus_0p01,hm-a10-g1-L3p5-n2-beta0,80,-0.01,72,3.15,9.991908581595176,9.998078664742707
hm-a10-g1-L3p5-n2-beta0__N0080__Aminus_0p01,hm-a10-g1-L3p5-n2-beta0__N0080__Aplus_0p01,hm-a10-g1-L3p5-n2-beta0,80,-0.01,73,3.1937499999999996,9.991474100660083,9.997975444930908
hm-a10-g1-L3p5-n2-beta0__N0080__Aminus_0p01,hm-a10-g1-L3p5-n2-beta0__N0080__Aplus_0p01,hm-a10-g1-L3p5-n2-beta0,80,-0.01,74,3.2375,9.99109205256393,9.997884669098381
hm-a10-g1-L3p5-n2-beta0__N0080__Aminus_0p01,hm-a10-g1-L3p5-n2-beta0__N0080__Aplus_0p01,hm-a10-g1-L3p5-n2-beta0,80,-0.01,75,3.28125,9.990764763026956,9.997806894758439
hm-a10-g1-L3p5-n2-beta0__N0080__Aminus_0p01,hm-a10-g1-L3p5-n2-beta0__N0080__Aplus_0p01,hm-a10-g1-L3p5-n2-beta0,80,-0.01,76,3.3249999999999997,9.99049422339082,9.99774259949876
hm-a10-g1-L3p5-n2-beta0__N0080__Aminus_0p01,hm-a10-g1-L3p5-n2-beta0__N0080__Aplus_0p01,hm-a10-g1-L3p5-n2-beta0,80,-0.01,77,3.36875,9.99028207898999,9.997692178083975
hm-a10-g1-L3p5-n2-beta0__N0080__Aminus_0p01,hm-a10-g1-L3p5-n2-beta0__N0080__Aplus_0p01,hm-a10-g1-L3p5-n2-beta0,80,-0.01,78,3.4124999999999996,9.990129619561321,9.997655940061989
hm-a10-g1-L3p5-n2-beta0__N0080__Aminus_0p01,hm-a10-g1-L3p5-n2-beta0__N0080__Aplus_0p01,hm-a10-g1-L3p5-n2-beta0,80,-0.01,79,3.45625,9.990037771737573,9.997634107887837
hm-a10-g1-L3p5-n2-beta0__N0080__Aminus_0p01,hm-a10-g1-L3p5-n2-beta0__N0080__Aplus_0p01,hm-a10-g1-L3p5-n2-beta0,80,-0.01,80,3.5,9.990007093660319,9.997626815575847
hm-a10-g1-L3p5-n2-beta0__N0080__Aminus_0p005,hm-a10-g1-L3p5-n2-beta0__N0080__Aplus_0p005,hm-a10-g1-L3p5-n2-beta0,80,-0.005,0,0.0,9.995001774902928,9.99881443729315
hm-a10-g1-L3p5-n2-beta0__N0080__Aminus_0p005,hm-a10-g1-L3p5-n2-beta0__N0080__Aplus_0p005,hm-a10-g1-L3p5-n2-beta0,80,-0.005,1,0.04375,9.995017151046856,9.998818086130205
hm-a10-g1-L3p5-n2-beta0__N0080__Aminus_0p005,hm-a10-g1-L3p5-n2-beta0__N0080__Aplus_0p005,hm-a10-g1-L3p5-n2-beta0,80,-0.005,2,0.0875,9.995063185364748,9.998829010194568
hm-a10-g1-L3p5-n2-beta0__N0080__Aminus_0p005,hm-a10-g1-L3p5-n2-beta0__N0080__Aplus_0p005,hm-a10-g1-L3p5-n2-beta0,80,-0.005,3,0.13124999999999998,9.995139596078348,9.998847142283019
hm-a10-g1-L3p5-n2-beta0__N0080__Aminus_0p005,hm-a10-g1-L3p5-n2-beta0__N0080__Aplus_0p005,hm-a10-g1-L3p5-n2-beta0,80,-0.005,4,0.175,9.995245915432294,9.998872370846627
hm-a10-g1-L3p5-n2-beta0__N0080__Aminus_0p005,hm-a10-g1-L3p5-n2-beta0__N0080__Aplus_0p005,hm-a10-g1-L3p5-n2-beta0,80,-0.005,5,0.21875,9.995381492495968,9.998904540672552
hm-a10-g1-L3p5-n2-beta0__N0080__Aminus_0p005,hm-a10-g1-L3p5-n2-beta0__N0080__Aplus_0p005,hm-a10-g1-L3p5-n2-beta0,80,-0.005,6,0.26249999999999996,9.995545497064727,9.998943453832878
hm-a10-g1-L3p5-n2-beta0__N0080__Aminus_0p005,hm-a10-g1-L3p5-n2-beta0__N0080__Aplus_0p005,hm-a10-g1-L3p5-n2-beta0,80,-0.005,7,0.30624999999999997,9.99573692463915,9.998988870894832
hm-a10-g1-L3p5-n2-beta0__N0080__Aminus_0p005,hm-a10-g1-L3p5-n2-beta0__N0080__Aplus_0p005,hm-a10-g1-L3p5-n2-beta0,80,-0.005,8,0.35,9.995954602455049,9.999040512385166
hm-a10-g1-L3p5-n2-beta0__N0080__Aminus_0p005,hm-a10-g1-L3p5-n2-beta0__N0080__Aplus_0p005,hm-a10-g1-L3p5-n2-beta0,80,-0.005,9,0.39375,9.996197196531007,9.999098060499977
hm-a10-g1-L3p5-n2-beta0__N0080__Aminus_0p005,hm-a10-g1-L3p5-n2-beta0__N0080__Aplus_0p005,hm-a10-g1-L3p5-n2-beta0,80,-0.005,10,0.4375,9.99646321969452,9.999161161049729
hm-a10-g1-L3p5-n2-beta0__N0080__Aminus_0p005,hm-a10-g1-L3p5-n2-beta0__N0080__Aplus_0p005,hm-a10-g1-L3p5-n2-beta0,80,-0.005,11,0.48124999999999996,9.996751040542065,9.999229425627856
hm-a10-g1-L3p5-n2-beta0__N0080__Aminus_0p005,hm-a10-g1-L3p5-n2-beta0__N0080__Aplus_0p005,hm-a10-g1-L3p5-n2-beta0,80,-0.005,12,0.5249999999999999,9.997058893283,9.999302433989936
hm-a10-g1-L3p5-n2-beta0__N0080__Aminus_0p005,hm-a10-g1-L3p5-n2-beta0__N0080__Aplus_0p005,hm-a10-g1-L3p5-n2-beta0,80,-0.005,13,0.56875,9.997384888411855,9.999379736629152
hm-a10-g1-L3p5-n2-beta0__N0080__Aminus_0p005,hm-a10-g1-L3p5-n2-beta0__N0080__Aplus_0p005,hm-a10-g1-L3p5-n2-beta0,80,-0.005,14,0.6124999999999999,9.99772702414845,9.999460857532531
hm-a10-g1-L3p5-n2-beta0__N0080__Aminus_0p005,hm-a10-g1-L3p5-n2-beta0__N0080__Aplus_0p005,hm-a10-g1-L3p5-n2-beta0,80,-0.005,15,0.65625,9.99808319858049,9.999545297101374
hm-a10-g1-L3p5-n2-beta0__N0080__Aminus_0p005,hm-a10-g1-L3p5-n2-beta0__N0080__Aplus_0p005,hm-a10-g1-L3p5-n2-beta0,80,-0.005,16,0.7,9.998451222438637,9.999632535218167
hm-a10-g1-L3p5-n2-beta0__N0080__Aminus_0p005,hm-a10-g1-L3p5-n2-beta0__N0080__Aplus_0p005,hm-a10-g1-L3p5-n2-beta0,80,-0.005,17,0.7437499999999999,9.99882883242984,9.999722034441453
hm-a10-g1-L3p5-n2-beta0__N0080__Aminus_0p005,hm-a10-g1-L3p5-n2-beta0__N0080__Aplus_0p005,hm-a10-g1-L3p5-n2-beta0,80,-0.005,18,0.7875,9.999213705050769,9.999813243309214
hm-a10-g1-L3p5-n2-beta0__N0080__Aminus_0p005,hm-a10-g1-L3p5-n2-beta0__N0080__Aplus_0p005,hm-a10-g1-L3p5-n2-beta0,80,-0.005,19,0.8312499999999999,9.99960347079966,9.999905599730676
hm-a10-g1-L3p5-n2-beta0__N0080__Aminus_0p005,hm-a10-g1-L3p5-n2-beta0__N0080__Aplus_0p005,hm-a10-g1-L3p5-n2-beta0,80,-0.005,20,0.875,9.999995728701762,9.999998534445796
hm-a10-g1-L3p5-n2-beta0__N0080__Aminus_0p005,hm-a10-g1-L3p5-n2-beta0__N0080__Aplus_0p005,hm-a10-g1-L3p5-n2-beta0,80,-0.005,21,0.91875,10.000388061060923,10.000091474531283
hm-a10-g1-L3p5-n2-beta0__N0080__Aminus_0p005,hm-a10-g1-L3p5-n2-beta0__N0080__Aplus_0p005,hm-a10-g1-L3p5-n2-beta0,80,-0.005,22,0.9624999999999999,10.000778048347604,10.000183846931616
hm-a10-g1-L3p5-n2-beta0__N0080__Aminus_0p005,hm-a10-g1-L3p5-n2-beta0__N0080__Aplus_0p005,hm-a10-g1-L3p5-n2-beta0,80,-0.005,23,1.0062499999999999,10.001163284132078,10.000275081993301
hm-a10-g1-L3p5-n2-beta0__N0080__Aminus_0p005,hm-a10-g1-L3p5-n2-beta0__N0080__Aplus_0p005,hm-a10-g1-L3p5-n2-beta0,80,-0.005,24,1.0499999999999998,10.001541389970313,10.000364616980582
hm-a10-g1-L3p5-n2-beta0__N0080__Aminus_0p005,hm-a10-g1-L3p5-n2-beta0__N0080__Aplus_0p005,hm-a10-g1-L3p5-n2-beta0,80,-0.005,25,1.09375,10.001910030149606,10.000451899550809
hm-a10-g1-L3p5-n2-beta0__N0080__Aminus_0p005,hm-a10-g1-L3p5-n2-beta0__N0080__Aplus_0p005,hm-a10-g1-L3p5-n2-beta0,80,-0.005,26,1.1375,10.002266926201067,10.000536391167941
hm-a10-g1-L3p5-n2-beta0__N0080__Aminus_0p005,hm-a10-g1-L3p5-n2-beta0__N0080__Aplus_0p005,hm-a10-g1-L3p5-n2-beta0,80,-0.005,27,1.18125,10.00260987108672,10.000617570432858
hm-a10-g1-L3p5-n2-beta0__N0080__Aminus_0p005,hm-a10-g1-L3p5-n2-beta0__N0080__Aplus_0p005,hm-a10-g1-L3p5-n2-beta0,80,-0.005,28,1.2249999999999999,10.002936742970366,10.000694936309808
hm-a10-g1-L3p5-n2-beta0__N0080__Aminus_0p005,hm-a10-g1-L3p5-n2-beta0__N0080__Aplus_0p005,hm-a10-g1-L3p5-n2-beta0,80,-0.005,29,1.2687499999999998,10.003245518483237,10.000768011228697
hm-a10-g1-L3p5-n2-beta0__N0080__Aminus_0p005,hm-a10-g1-L3p5-n2-beta0__N0080__Aplus_0p005,hm-a10-g1-L3p5-n2-beta0,80,-0.005,30,1.3125,10.003534285398162,10.000836344043858
hm-a10-g1-L3p5-n2-beta0__N0080__Aminus_0p005,hm-a10-g1-L3p5-n2-beta0__N0080__Aplus_0p005,hm-a10-g1-L3p5-n2-beta0,80,-0.005,31,1.35625,10.003801254629193,10.000899512830646
hm-a10-g1-L3p5-n2-beta0__N0080__Aminus_0p005,hm-a10-g1-L3p5-n2-beta0__N0080__Aplus_0p005,hm-a10-g1-L3p5-n2-beta0,80,-0.005,32,1.4,10.004044771477478,10.000957127502273
hm-a10-g1-L3p5-n2-beta0__N0080__Aminus_0p005,hm-a10-g1-L3p5-n2-beta0__N0080__Aplus_0p005,hm-a10-g1-L3p5-n2-beta0,80,-0.005,33,1.4437499999999999,10.004263326048779,10.001008832230355
hm-a10-g1-L3p5-n2-beta0__N0080__Aminus_0p005,hm-a10-g1-L3p5-n2-beta0__N0080__Aplus_0p005,hm-a10-g1-L3p5-n2-beta0,80,-0.005,34,1.4874999999999998,10.004455562773032,10.001054307653863
hm-a10-g1-L3p5-n2-beta0__N0080__Aminus_0p005,hm-a10-g1-L3p5-n2-beta0__N0080__Aplus_0p005,hm-a10-g1-L3p5-n2-beta0,80,-0.005,35,1.53125,10.004620288962064,10.001093272862496
hm-a10-g1-L3p5-n2-beta0__N0080__Aminus_0p005,hm-a10-g1-L3p5-n2-beta0__N0080__Aplus_0p005,hm-a10-g1-L3p5-n2-beta0,80,-0.005,36,1.575,10.004756482347737,10.001125487141875
hm-a10-g1-L3p5-n2-beta0__N0080__Aminus_0p005,hm-a10-g1-L3p5-n2-beta0__N0080__Aplus_0p005,hm-a10-g1-L3p5-n2-beta0,80,-0.005,37,1.61875,10.004863297549486,10.001150751469492
hm-a10-g1-L3p5-n2-beta0__N0080__Aminus_0p005,hm-a10-g1-L3p5-n2-beta0__N0080__Aplus_0p005,hm-a10-g1-L3p5-n2-beta0,80,-0.005,38,1.6624999999999999,10.004940071427244,10.001168909751879
hm-a10-g1-L3p5-n2-beta0__N0080__Aminus_0p005,hm-a10-g1-L3p5-n2-beta0__N0080__Aplus_0p005,hm-a10-g1-L3p5-n2-beta0,80,-0.005,39,1.7062499999999998,10.00498632728332,10.00117984979512
hm-a10-g1-L3p5-n2-beta0__N0080__Aminus_0p005,hm-a10-g1-L3p5-n2-beta0__N0080__Aplus_0p005,hm-a10-g1-L3p5-n2-beta0,80,-0.005,40,1.75,10.00500177788444,10.001183504002546
hm-a10-g1-L3p5-n2-beta0__N0080__Aminus_0p005,hm-a10-g1-L3p5-n2-beta0__N0080__Aplus_0p005,hm-a10-g1-L3p5-n2-beta0,80,-0.005,41,1.79375,10.00498632728332,10.00117984979512
hm-a10-g1-L3p5-n2-beta0__N0080__Aminus_0p005,hm-a10-g1-L3p5-n2-beta0__N0080__Aplus_0p005,hm-a10-g1-L3p5-n2-beta0,80,-0.005,42,1.8375,10.004940071427246,10.001168909751879
hm-a10-g1-L3p5-n2-beta0__N0080__Aminus_0p005,hm-a10-g1-L3p5-n2-beta0__N0080__Aplus_0p005,hm-a10-g1-L3p5-n2-beta0,80,-0.005,43,1.8812499999999999,10.004863297549488,10.001150751469497
hm-a10-g1-L3p5-n2-beta0__N0080__Aminus_0p005,hm-a10-g1-L3p5-n2-beta0__N0080__Aplus_0p005,hm-a10-g1-L3p5-n2-beta0,80,-0.005,44,1.9249999999999998,10.00475648234774,10.001125487141884
hm-a10-g1-L3p5-n2-beta0__N0080__Aminus_0p005,hm-a10-g1-L3p5-n2-beta0__N0080__Aplus_0p005,hm-a10-g1-L3p5-n2-beta0,80,-0.005,45,1.9687499999999998,10.00462028896207,10.001093272862509
hm-a10-g1-L3p5-n2-beta0__N0080__Aminus_0p005,hm-a10-g1-L3p5-n2-beta0__N0080__Aplus_0p005,hm-a10-g1-L3p5-n2-beta0,80,-0.005,46,2.0124999999999997,10.00445556277304,10.00105430765388
hm-a10-g1-L3p5-n2-beta0__N0080__Aminus_0p005,hm-a10-g1-L3p5-n2-beta0__N0080__Aplus_0p005,hm-a10-g1-L3p5-n2-beta0,80,-0.005,47,2.05625,10.00426332604879,10.001008832230374
hm-a10-g1-L3p5-n2-beta0__N0080__Aminus_0p005,hm-a10-g1-L3p5-n2-beta0__N0080__Aplus_0p005,hm-a10-g1-L3p5-n2-beta0,80,-0.005,48,2.0999999999999996,10.004044771477492,10.000957127502293
hm-a10-g1-L3p5-n2-beta0__N0080__Aminus_0p005,hm-a10-g1-L3p5-n2-beta0__N0080__Aplus_0p005,hm-a10-g1-L3p5-n2-beta0,80,-0.005,49,2.14375,10.003801254629211,10.000899512830665
hm-a10-g1-L3p5-n2-beta0__N0080__Aminus_0p005,hm-a10-g1-L3p5-n2-beta0__N0080__Aplus_0p005,hm-a10-g1-L3p5-n2-beta0,80,-0.005,50,2.1875,10.003534285398185,10.000836344043877
hm-a10-g1-L3p5-n2-beta0__N0080__Aminus_0p005,hm-a10-g1-L3p5-n2-beta0__N0080__Aplus_0p005,hm-a10-g1-L3p5-n2-beta0,80,-0.005,51,2.2312499999999997,10.003245518483261,10.000768011228715
hm-a10-g1-L3p5-n2-beta0__N0080__Aminus_0p005,hm-a10-g1-L3p5-n2-beta0__N0080__Aplus_0p005,hm-a10-g1-L3p5-n2-beta0,80,-0.005,52,2.275,10.002936742970396,10.000694936309825
hm-a10-g1-L3p5-n2-beta0__N0080__Aminus_0p005,hm-a10-g1-L3p5-n2-beta0__N0080__Aplus_0p005,hm-a10-g1-L3p5-n2-beta0,80,-0.005,53,2.3187499999999996,10.002609871086756,10.000617570432876
hm-a10-g1-L3p5-n2-beta0__N0080__Aminus_0p005,hm-a10-g1-L3p5-n2-beta0__N0080__Aplus_0p005,hm-a10-g1-L3p5-n2-beta0,80,-0.005,54,2.3625,10.002266926201107,10.000536391167955
hm-a10-g1-L3p5-n2-beta0__N0080__Aminus_0p005,hm-a10-g1-L3p5-n2-beta0__N0080__Aplus_0p005,hm-a10-g1-L3p5-n2-beta0,80,-0.005,55,2.40625,10.001910030149652,10.000451899550823
hm-a10-g1-L3p5-n2-beta0__N0080__Aminus_0p005,hm-a10-g1-L3p5-n2-beta0__N0080__Aplus_0p005,hm-a10-g1-L3p5-n2-beta0,80,-0.005,56,2.4499999999999997,10.001541389970365,10.00036461698059
hm-a10-g1-L3p5-n2-beta0__N0080__Aminus_0p005,hm-a10-g1-L3p5-n2-beta0__N0080__Aplus_0p005,hm-a10-g1-L3p5-n2-beta0,80,-0.005,57,2.49375,10.001163284132133,10.000275081993308
hm-a10-g1-L3p5-n2-beta0__N0080__Aminus_0p005,hm-a10-g1-L3p5-n2-beta0__N0080__Aplus_0p005,hm-a10-g1-L3p5-n2-beta0,80,-0.005,58,2.5374999999999996,10.000778048347662,10.00018384693162
hm-a10-g1-L3p5-n2-beta0__N0080__Aminus_0p005,hm-a10-g1-L3p5-n2-beta0__N0080__Aplus_0p005,hm-a10-g1-L3p5-n2-beta0,80,-0.005,59,2.58125,10.000388061060985,10.000091474531287
hm-a10-g1-L3p5-n2-beta0__N0080__Aminus_0p005,hm-a10-g1-L3p5-n2-beta0__N0080__Aplus_0p005,hm-a10-g1-L3p5-n2-beta0,80,-0.005,60,2.625,9.999995728701828,9.999998534445798
hm-a10-g1-L3p5-n2-beta0__N0080__Aminus_0p005,hm-a10-g1-L3p5-n2-beta0__N0080__Aplus_0p005,hm-a10-g1-L3p5-n2-beta0,80,-0.005,61,2.6687499999999997,9.999603470799725,9.99990559973068
hm-a10-g1-L3p5-n2-beta0__N0080__Aminus_0p005,hm-a10-g1-L3p5-n2-beta0__N0080__Aplus_0p005,hm-a10-g1-L3p5-n2-beta0,80,-0.005,62,2.7125,9.999213705050837,9.999813243309218
hm-a10-g1-L3p5-n2-beta0__N0080__Aminus_0p005,hm-a10-g1-L3p5-n2-beta0__N0080__Aplus_0p005,hm-a10-g1-L3p5-n2-beta0,80,-0.005,63,2.7562499999999996,9.998828832429908,9.999722034441456
hm-a10-g1-L3p5-n2-beta0__N0080__Aminus_0p005,hm-a10-g1-L3p5-n2-beta0__N0080__Aplus_0p005,hm-a10-g1-L3p5-n2-beta0,80,-0.005,64,2.8,9.998451222438705,9.999632535218172
hm-a10-g1-L3p5-n2-beta0__N0080__Aminus_0p005,hm-a10-g1-L3p5-n2-beta0__N0080__Aplus_0p005,hm-a10-g1-L3p5-n2-beta0,80,-0.005,65,2.84375,9.998083198580556,9.999545297101378
hm-a10-g1-L3p5-n2-beta0__N0080__Aminus_0p005,hm-a10-g1-L3p5-n2-beta0__N0080__Aplus_0p005,hm-a10-g1-L3p5-n2-beta0,80,-0.005,66,2.8874999999999997,9.997727024148514,9.999460857532537
hm-a10-g1-L3p5-n2-beta0__N0080__Aminus_0p005,hm-a10-g1-L3p5-n2-beta0__N0080__Aplus_0p005,hm-a10-g1-L3p5-n2-beta0,80,-0.005,67,2.93125,9.997384888411917,9.999379736629155
hm-a10-g1-L3p5-n2-beta0__N0080__Aminus_0p005,hm-a10-g1-L3p5-n2-beta0__N0080__Aplus_0p005,hm-a10-g1-L3p5-n2-beta0,80,-0.005,68,2.9749999999999996,9.997058893283059,9.999302433989943
hm-a10-g1-L3p5-n2-beta0__N0080__Aminus_0p005,hm-a10-g1-L3p5-n2-beta0__N0080__Aplus_0p005,hm-a10-g1-L3p5-n2-beta0,80,-0.005,69,3.01875,9.996751040542119,9.999229425627867
hm-a10-g1-L3p5-n2-beta0__N0080__Aminus_0p005,hm-a10-g1-L3p5-n2-beta0__N0080__Aplus_0p005,hm-a10-g1-L3p5-n2-beta0,80,-0.005,70,3.0625,9.996463219694572,9.999161161049743
hm-a10-g1-L3p5-n2-beta0__N0080__Aminus_0p005,hm-a10-g1-L3p5-n2-beta0__N0080__Aplus_0p005,hm-a10-g1-L3p5-n2-beta0,80,-0.005,71,3.1062499999999997,9.996197196531055,9.999098060499996
hm-a10-g1-L3p5-n2-beta0__N0080__Aminus_0p005,hm-a10-g1-L3p5-n2-beta0__N0080__Aplus_0p005,hm-a10-g1-L3p5-n2-beta0,80,-0.005,72,3.15,9.995954602455091,9.99904051238519
hm-a10-g1-L3p5-n2-beta0__N0080__Aminus_0p005,hm-a10-g1-L3p5-n2-beta0__N0080__Aplus_0p005,hm-a10-g1-L3p5-n2-beta0,80,-0.005,73,3.1937499999999996,9.99573692463919,9.998988870894857
hm-a10-g1-L3p5-n2-beta0__N0080__Aminus_0p005,hm-a10-g1-L3p5-n2-beta0__N0080__Aplus_0p005,hm-a10-g1-L3p5-n2-beta0,80,-0.005,74,3.2375,9.99554549706476,9.998943453832908
hm-a10-g1-L3p5-n2-beta0__N0080__Aminus_0p005,hm-a10-g1-L3p5-n2-beta0__N0080__Aplus_0p005,hm-a10-g1-L3p5-n2-beta0,80,-0.005,75,3.28125,9.995381492496,9.998904540672585
hm-a10-g1-L3p5-n2-beta0__N0080__Aminus_0p005,hm-a10-g1-L3p5-n2-beta0__N0080__Aplus_0p005,hm-a10-g1-L3p5-n2-beta0,80,-0.005,76,3.3249999999999997,9.995245915432323,9.99887237084666
hm-a10-g1-L3p5-n2-beta0__N0080__Aminus_0p005,hm-a10-g1-L3p5-n2-beta0__N0080__Aplus_0p005,hm-a10-g1-L3p5-n2-beta0,80,-0.005,77,3.36875,9.995139596078374,9.99884714228305
hm-a10-g1-L3p5-n2-beta0__N0080__Aminus_0p005,hm-a10-g1-L3p5-n2-beta0__N0080__Aplus_0p005,hm-a10-g1-L3p5-n2-beta0,80,-0.005,78,3.4124999999999996,9.995063185364772,9.9988290101946
hm-a10-g1-L3p5-n2-beta0__N0080__Aminus_0p005,hm-a10-g1-L3p5-n2-beta0__N0080__Aplus_0p005,hm-a10-g1-L3p5-n2-beta0,80,-0.005,79,3.45625,9.99501715104688,9.998818086130237
hm-a10-g1-L3p5-n2-beta0__N0080__Aminus_0p005,hm-a10-g1-L3p5-n2-beta0__N0080__Aplus_0p005,hm-a10-g1-L3p5-n2-beta0,80,-0.005,80,3.5,9.995001774902951,9.998814437293184
hm-a10-g1-L3p5-n2-beta0__N0080__Aminus_0p0025,hm-a10-g1-L3p5-n2-beta0__N0080__Aplus_0p0025,hm-a10-g1-L3p5-n2-beta0,80,-0.0025,0,0.0,9.99750044391218,9.999407476003558
hm-a10-g1-L3p5-n2-beta0__N0080__Aminus_0p0025,hm-a10-g1-L3p5-n2-beta0__N0080__Aplus_0p0025,hm-a10-g1-L3p5-n2-beta0,80,-0.0025,1,0.04375,9.997508141275855,9.999409301092864
hm-a10-g1-L3p5-n2-beta0__N0080__Aminus_0p0025,hm-a10-g1-L3p5-n2-beta0__N0080__Aplus_0p0025,hm-a10-g1-L3p5-n2-beta0,80,-0.0025,2,0.0875,9.997531186081615,9.999414765120884
hm-a10-g1-L3p5-n2-beta0__N0080__Aminus_0p0025,hm-a10-g1-L3p5-n2-beta0__N0080__Aplus_0p0025,hm-a10-g1-L3p5-n2-beta0,80,-0.0025,3,0.13124999999999998,9.997569436760964,9.999423834436909
hm-a10-g1-L3p5-n2-beta0__N0080__Aminus_0p0025,hm-a10-g1-L3p5-n2-beta0__N0080__Aplus_0p0025,hm-a10-g1-L3p5-n2-beta0,80,-0.0025,4,0.175,9.997622658322463,9.999436453185986
hm-a10-g1-L3p5-n2-beta0__N0080__Aminus_0p0025,hm-a10-g1-L3p5-n2-beta0__N0080__Aplus_0p0025,hm-a10-g1-L3p5-n2-beta0,80,-0.0025,5,0.21875,9.99769052377995,9.999452543651794
hm-a10-g1-L3p5-n2-beta0__N0080__Aminus_0p0025,hm-a10-g1-L3p5-n2-beta0__N0080__Aplus_0p0025,hm-a10-g1-L3p5-n2-beta0,80,-0.0025,6,0.26249999999999996,9.997772616140445,9.999472006733763
hm-a10-g1-L3p5-n2-beta0__N0080__Aminus_0p0025,hm-a10-g1-L3p5-n2-beta0__N0080__Aplus_0p0025,hm-a10-g1-L3p5-n2-beta0,80,-0.0025,7,0.30624999999999997,9.997868430940134,9.999494722555541
hm-a10-g1-L3p5-n2-beta0__N0080__Aminus_0p0025,hm-a10-g1-L3p5-n2-beta0__N0080__Aplus_0p0025,hm-a10-g1-L3p5-n2-beta0,80,-0.0025,8,0.35,9.997977379313674,9.999520551201114
hm-a10-g1-L3p5-n2-beta0__N0080__Aminus_0p0025,hm-a10-g1-L3p5-n2-beta0__N0080__Aplus_0p0025,hm-a10-g1-L3p5-n2-beta0,80,-0.0025,9,0.39375,9.998098791578897,9.999549333574128
hm-a10-g1-L3p5-n2-beta0__N0080__Aminus_0p0025,hm-a10-g1-L3p5-n2-beta0__N0080__Aplus_0p0025,hm-a10-g1-L3p5-n2-beta0,80,-0.0025,10,0.4375,9.998231921315925,9.999580892375182
hm-a10-g1-L3p5-n2-beta0__N0080__Aminus_0p0025,hm-a10-g1-L3p5-n2-beta0__N0080__Aplus_0p0025,hm-a10-g1-L3p5-n2-beta0,80,-0.0025,11,0.48124999999999996,9.998375949916786,9.999615033191153
hm-a10-g1-L3p5-n2-beta0__N0080__Aminus_0p0025,hm-a10-g1-L3p5-n2-beta0__N0080__Aplus_0p0025,hm-a10-g1-L3p5-n2-beta0,80,-0.0025,12,0.5249999999999999,9.998529991578737,9.999651545689954
hm-a10-g1-L3p5-n2-beta0__N0080__Aminus_0p0025,hm-a10-g1-L3p5-n2-beta0__N0080__Aplus_0p0025,hm-a10-g1-L3p5-n2-beta0,80,-0.0025,13,0.56875,9.998693098711874,9.99969020491342
hm-a10-g1-L3p5-n2-beta0__N0080__Aminus_0p0025,hm-a10-g1-L3p5-n2-beta0__N0080__Aplus_0p0025,hm-a10-g1-L3p5-n2-beta0,80,-0.0025,14,0.6124999999999999,9.998864267728951,9.999730772660476
hm-a10-g1-L3p5-n2-beta0__N0080__Aminus_0p0025,hm-a10-g1-L3p5-n2-beta0__N0080__Aplus_0p0025,hm-a10-g1-L3p5-n2-beta0,80,-0.0025,15,0.65625,9.99904244518305,9.999772998952128
hm-a10-g1-L3p5-n2-beta0__N0080__Aminus_0p0025,hm-a10-g1-L3p5-n2-beta0__N0080__Aplus_0p0025,hm-a10-g1-L3p5-n2-beta0,80,-0.0025,16,0.7,9.999226534216458,9.999816623569354
hm-a10-g1-L3p5-n2-beta0__N0080__Aminus_0p0025,hm-a10-g1-L3p5-n2-beta0__N0080__Aplus_0p0025,hm-a10-g1-L3p5-n2-beta0,80,-0.0025,17,0.7437499999999999,9.999415401282121,9.999861377654483
hm-a10-g1-L3p5-n2-beta0__N0080__Aminus_0p0025,hm-a10-g1-L3p5-n2-beta0__N0080__Aplus_0p0025,hm-a10-g1-L3p5-n2-beta0,80,-0.0025,18,0.7875,9.999607883097278,9.999906985366263
hm-a10-g1-L3p5-n2-beta0__N0080__Aminus_0p0025,hm-a10-g1-L3p5-n2-beta0__N0080__Aplus_0p0025,hm-a10-g1-L3p5-n2-beta0,80,-0.0025,19,0.8312499999999999,9.999802793787225,9.999953165578482
hm-a10-g1-L3p5-n2-beta0__N0080__Aminus_0p0025,hm-a10-g1-L3p5-n2-beta0__N0080__Aplus_0p0025,hm-a10-g1-L3p5-n2-beta0,80,-0.0025,20,0.875,9.999998932175908,9.999999633611708
hm-a10-g1-L3p5-n2-beta0__N0080__Aminus_0p0025,hm-a10-g1-L3p5-n2-beta0__N0080__Aplus_0p0025,hm-a10-g1-L3p5-n2-beta0,80,-0.0025,21,0.91875,10.000195089178863,10.000046102987524
hm-a10-g1-L3p5-n2-beta0__N0080__Aminus_0p0025,hm-a10-g1-L3p5-n2-beta0__N0080__Aplus_0p0025,hm-a10-g1-L3p5-n2-beta0,80,-0.0025,22,0.9624999999999999,10.000390055253282,10.000092287194459
hm-a10-g1-L3p5-n2-beta0__N0080__Aminus_0p0025,hm-a10-g1-L3p5-n2-beta0__N0080__Aplus_0p0025,hm-a10-g1-L3p5-n2-beta0,80,-0.0025,23,1.0062499999999999,10.00058262785936,10.000137901454718
hm-a10-g1-L3p5-n2-beta0__N0080__Aminus_0p0025,hm-a10-g1-L3p5-n2-beta0__N0080__Aplus_0p0025,hm-a10-g1-L3p5-n2-beta0,80,-0.0025,24,1.0499999999999998,10.000771618886825,10.000182664480844
hm-a10-g1-L3p5-n2-beta0__N0080__Aminus_0p0025,hm-a10-g1-L3p5-n2-beta0__N0080__Aplus_0p0025,hm-a10-g1-L3p5-n2-beta0,80,-0.0025,25,1.09375,10.000955862000561,10.000226300211427
hm-a10-g1-L3p5-n2-beta0__N0080__Aminus_0p0025,hm-a10-g1-L3p5-n2-beta0__N0080__Aplus_0p0025,hm-a10-g1-L3p5-n2-beta0,80,-0.0025,26,1.1375,10.001134219859551,10.00026853951515
hm-a10-g1-L3p5-n2-beta0__N0080__Aminus_0p0025,hm-a10-g1-L3p5-n2-beta0__N0080__Aplus_0p0025,hm-a10-g1-L3p5-n2-beta0,80,-0.0025,27,1.18125,10.001305591163916,10.000309121852586
hm-a10-g1-L3p5-n2-beta0__N0080__Aminus_0p0025,hm-a10-g1-L3p5-n2-beta0__N0080__Aplus_0p0025,hm-a10-g1-L3p5-n2-beta0,80,-0.0025,28,1.2249999999999999,10.001468917485756,10.000347796885483
hm-a10-g1-L3p5-n2-beta0__N0080__Aminus_0p0025,hm-a10-g1-L3p5-n2-beta0__N0080__Aplus_0p0025,hm-a10-g1-L3p5-n2-beta0,80,-0.0025,29,1.2687499999999998,10.001623189840672,10.000384326023484
hm-a10-g1-L3p5-n2-beta0__N0080__Aminus_0p0025,hm-a10-g1-L3p5-n2-beta0__N0080__Aplus_0p0025,hm-a10-g1-L3p5-n2-beta0,80,-0.0025,30,1.3125,10.001767454958332,10.00041848389871
hm-a10-g1-L3p5-n2-beta0__N0080__Aminus_0p0025,hm-a10-g1-L3p5-n2-beta0__N0080__Aplus_0p0025,hm-a10-g1-L3p5-n2-beta0,80,-0.0025,31,1.35625,10.00190082121217,10.000450059759016
hm-a10-g1-L3p5-n2-beta0__N0080__Aminus_0p0025,hm-a10-g1-L3p5-n2-beta0__N0080__Aplus_0p0025,hm-a10-g1-L3p5-n2-beta0,80,-0.0025,32,1.4,10.002022464170382,10.00047885877123
hm-a10-g1-L3p5-n2-beta0__N0080__Aminus_0p0025,hm-a10-g1-L3p5-n2-beta0__N0080__Aplus_0p0025,hm-a10-g1-L3p5-n2-beta0,80,-0.0025,33,1.4437499999999999,10.002131631732663,10.000504703226236
hm-a10-g1-L3p5-n2-beta0__N0080__Aminus_0p0025,hm-a10-g1-L3p5-n2-beta0__N0080__Aplus_0p0025,hm-a10-g1-L3p5-n2-beta0,80,-0.0025,34,1.4874999999999998,10.002227648819687,10.0005274336384
hm-a10-g1-L3p5-n2-beta0__N0080__Aminus_0p0025,hm-a10-g1-L3p5-n2-beta0__N0080__Aplus_0p0025,hm-a10-g1-L3p5-n2-beta0,80,-0.0025,35,1.53125,10.002309921585127,10.000546909732442
hm-a10-g1-L3p5-n2-beta0__N0080__Aminus_0p0025,hm-a10-g1-L3p5-n2-beta0__N0080__Aplus_0p0025,hm-a10-g1-L3p5-n2-beta0,80,-0.0025,36,1.575,10.002377941122996,10.000563011311609
hm-a10-g1-L3p5-n2-beta0__N0080__Aminus_0p0025,hm-a10-g1-L3p5-n2-beta0__N0080__Aplus_0p0025,hm-a10-g1-L3p5-n2-beta0,80,-0.0025,37,1.61875,10.002431286646344,10.000575639001685
hm-a10-g1-L3p5-n2-beta0__N0080__Aminus_0p0025,hm-a10-g1-L3p5-n2-beta0__N0080__Aplus_0p0025,hm-a10-g1-L3p5-n2-beta0,80,-0.0025,38,1.6624999999999999,10.002469628116653,10.000584714866191
hm-a10-g1-L3p5-n2-beta0__N0080__Aminus_0p0025,hm-a10-g1-L3p5-n2-beta0__N0080__Aplus_0p0025,hm-a10-g1-L3p5-n2-beta0,80,-0.0025,39,1.7062499999999998,10.002492728306908,10.000590182888928
hm-a10-g1-L3p5-n2-beta0__N0080__Aminus_0p0025,hm-a10-g1-L3p5-n2-beta0__N0080__Aplus_0p0025,hm-a10-g1-L3p5-n2-beta0,80,-0.0025,40,1.75,10.002500444284864,10.000592009320826
hm-a10-g1-L3p5-n2-beta0__N0080__Aminus_0p0025,hm-a10-g1-L3p5-n2-beta0__N0080__Aplus_0p0025,hm-a10-g1-L3p5-n2-beta0,80,-0.0025,41,1.79375,10.002492728306908,10.000590182888928
hm-a10-g1-L3p5-n2-beta0__N0080__Aminus_0p0025,hm-a10-g1-L3p5-n2-beta0__N0080__Aplus_0p0025,hm-a10-g1-L3p5-n2-beta0,80,-0.0025,42,1.8375,10.002469628116655,10.000584714866191
hm-a10-g1-L3p5-n2-beta0__N0080__Aminus_0p0025,hm-a10-g1-L3p5-n2-beta0__N0080__Aplus_0p0025,hm-a10-g1-L3p5-n2-beta0,80,-0.0025,43,1.8812499999999999,10.002431286646345,10.00057563900169
hm-a10-g1-L3p5-n2-beta0__N0080__Aminus_0p0025,hm-a10-g1-L3p5-n2-beta0__N0080__Aplus_0p0025,hm-a10-g1-L3p5-n2-beta0,80,-0.0025,44,1.9249999999999998,10.002377941123,10.000563011311618
hm-a10-g1-L3p5-n2-beta0__N0080__Aminus_0p0025,hm-a10-g1-L3p5-n2-beta0__N0080__Aplus_0p0025,hm-a10-g1-L3p5-n2-beta0,80,-0.0025,45,1.9687499999999998,10.00230992158513,10.000546909732453
hm-a10-g1-L3p5-n2-beta0__N0080__Aminus_0p0025,hm-a10-g1-L3p5-n2-beta0__N0080__Aplus_0p0025,hm-a10-g1-L3p5-n2-beta0,80,-0.0025,46,2.0124999999999997,10.002227648819694,10.000527433638412
hm-a10-g1-L3p5-n2-beta0__N0080__Aminus_0p0025,hm-a10-g1-L3p5-n2-beta0__N0080__Aplus_0p0025,hm-a10-g1-L3p5-n2-beta0,80,-0.0025,47,2.05625,10.002131631732672,10.000504703226252
hm-a10-g1-L3p5-n2-beta0__N0080__Aminus_0p0025,hm-a10-g1-L3p5-n2-beta0__N0080__Aplus_0p0025,hm-a10-g1-L3p5-n2-beta0,80,-0.0025,48,2.0999999999999996,10.002022464170393,10.000478858771245
hm-a10-g1-L3p5-n2-beta0__N0080__Aminus_0p0025,hm-a10-g1-L3p5-n2-beta0__N0080__Aplus_0p0025,hm-a10-g1-L3p5-n2-beta0,80,-0.0025,49,2.14375,10.001900821212184,10.000450059759032
hm-a10-g1-L3p5-n2-beta0__N0080__Aminus_0p0025,hm-a10-g1-L3p5-n2-beta0__N0080__Aplus_0p0025,hm-a10-g1-L3p5-n2-beta0,80,-0.0025,50,2.1875,10.00176745495835,10.000418483898725
hm-a10-g1-L3p5-n2-beta0__N0080__Aminus_0p0025,hm-a10-g1-L3p5-n2-beta0__N0080__Aplus_0p0025,hm-a10-g1-L3p5-n2-beta0,80,-0.0025,51,2.2312499999999997,10.001623189840693,10.000384326023498
hm-a10-g1-L3p5-n2-beta0__N0080__Aminus_0p0025,hm-a10-g1-L3p5-n2-beta0__N0080__Aplus_0p0025,hm-a10-g1-L3p5-n2-beta0,80,-0.0025,52,2.275,10.00146891748578,10.000347796885498
hm-a10-g1-L3p5-n2-beta0__N0080__Aminus_0p0025,hm-a10-g1-L3p5-n2-beta0__N0080__Aplus_0p0025,hm-a10-g1-L3p5-n2-beta0,80,-0.0025,53,2.3187499999999996,10.001305591163947,10.000309121852599
hm-a10-g1-L3p5-n2-beta0__N0080__Aminus_0p0025,hm-a10-g1-L3p5-n2-beta0__N0080__Aplus_0p0025,hm-a10-g1-L3p5-n2-beta0,80,-0.0025,54,2.3625,10.001134219859585,10.000268539515158
hm-a10-g1-L3p5-n2-beta0__N0080__Aminus_0p0025,hm-a10-g1-L3p5-n2-beta0__N0080__Aplus_0p0025,hm-a10-g1-L3p5-n2-beta0,80,-0.0025,55,2.40625,10.000955862000598,10.000226300211432
hm-a10-g1-L3p5-n2-beta0__N0080__Aminus_0p0025,hm-a10-g1-L3p5-n2-beta0__N0080__Aplus_0p0025,hm-a10-g1-L3p5-n2-beta0,80,-0.0025,56,2.4499999999999997,10.000771618886866,10.000182664480846
hm-a10-g1-L3p5-n2-beta0__N0080__Aminus_0p0025,hm-a10-g1-L3p5-n2-beta0__N0080__Aplus_0p0025,hm-a10-g1-L3p5-n2-beta0,80,-0.0025,57,2.49375,10.000582627859405,10.000137901454716
hm-a10-g1-L3p5-n2-beta0__N0080__Aminus_0p0025,hm-a10-g1-L3p5-n2-beta0__N0080__Aplus_0p0025,hm-a10-g1-L3p5-n2-beta0,80,-0.0025,58,2.5374999999999996,10.00039005525333,10.000092287194452
hm-a10-g1-L3p5-n2-beta0__N0080__Aminus_0p0025,hm-a10-g1-L3p5-n2-beta0__N0080__Aplus_0p0025,hm-a10-g1-L3p5-n2-beta0,80,-0.0025,59,2.58125,10.000195089178913,10.000046102987517
hm-a10-g1-L3p5-n2-beta0__N0080__Aminus_0p0025,hm-a10-g1-L3p5-n2-beta0__N0080__Aplus_0p0025,hm-a10-g1-L3p5-n2-beta0,80,-0.0025,60,2.625,9.99999893217596,9.999999633611697
hm-a10-g1-L3p5-n2-beta0__N0080__Aminus_0p0025,hm-a10-g1-L3p5-n2-beta0__N0080__Aplus_0p0025,hm-a10-g1-L3p5-n2-beta0,80,-0.0025,61,2.6687499999999997,9.999802793787278,9.999953165578471
hm-a10-g1-L3p5-n2-beta0__N0080__Aminus_0p0025,hm-a10-g1-L3p5-n2-beta0__N0080__Aplus_0p0025,hm-a10-g1-L3p5-n2-beta0,80,-0.0025,62,2.7125,9.99960788309733,9.999906985366254
hm-a10-g1-L3p5-n2-beta0__N0080__Aminus_0p0025,hm-a10-g1-L3p5-n2-beta0__N0080__Aplus_0p0025,hm-a10-g1-L3p5-n2-beta0,80,-0.0025,63,2.7562499999999996,9.999415401282171,9.999861377654474
hm-a10-g1-L3p5-n2-beta0__N0080__Aminus_0p0025,hm-a10-g1-L3p5-n2-beta0__N0080__Aplus_0p0025,hm-a10-g1-L3p5-n2-beta0,80,-0.0025,64,2.8,9.999226534216508,9.999816623569346
hm-a10-g1-L3p5-n2-beta0__N0080__Aminus_0p0025,hm-a10-g1-L3p5-n2-beta0__N0080__Aplus_0p0025,hm-a10-g1-L3p5-n2-beta0,80,-0.0025,65,2.84375,9.999042445183097,9.999772998952121
hm-a10-g1-L3p5-n2-beta0__N0080__Aminus_0p0025,hm-a10-g1-L3p5-n2-beta0__N0080__Aplus_0p0025,hm-a10-g1-L3p5-n2-beta0,80,-0.0025,66,2.8874999999999997,9.998864267728994,9.99973077266047
hm-a10-g1-L3p5-n2-beta0__N0080__Aminus_0p0025,hm-a10-g1-L3p5-n2-beta0__N0080__Aplus_0p0025,hm-a10-g1-L3p5-n2-beta0,80,-0.0025,67,2.93125,9.998693098711913,9.999690204913415
hm-a10-g1-L3p5-n2-beta0__N0080__Aminus_0p0025,hm-a10-g1-L3p5-n2-beta0__N0080__Aplus_0p0025,hm-a10-g1-L3p5-n2-beta0,80,-0.0025,68,2.9749999999999996,9.998529991578772,9.999651545689948
hm-a10-g1-L3p5-n2-beta0__N0080__Aminus_0p0025,hm-a10-g1-L3p5-n2-beta0__N0080__Aplus_0p0025,hm-a10-g1-L3p5-n2-beta0,80,-0.0025,69,3.01875,9.998375949916815,9.99961503319115
hm-a10-g1-L3p5-n2-beta0__N0080__Aminus_0p0025,hm-a10-g1-L3p5-n2-beta0__N0080__Aplus_0p0025,hm-a10-g1-L3p5-n2-beta0,80,-0.0025,70,3.0625,9.99823192131595,9.999580892375182
hm-a10-g1-L3p5-n2-beta0__N0080__Aminus_0p0025,hm-a10-g1-L3p5-n2-beta0__N0080__Aplus_0p0025,hm-a10-g1-L3p5-n2-beta0,80,-0.0025,71,3.1062499999999997,9.998098791578917,9.999549333574132
hm-a10-g1-L3p5-n2-beta0__N0080__Aminus_0p0025,hm-a10-g1-L3p5-n2-beta0__N0080__Aplus_0p0025,hm-a10-g1-L3p5-n2-beta0,80,-0.0025,72,3.15,9.997977379313687,9.99952055120112
hm-a10-g1-L3p5-n2-beta0__N0080__Aminus_0p0025,hm-a10-g1-L3p5-n2-beta0__N0080__Aplus_0p0025,hm-a10-g1-L3p5-n2-beta0,80,-0.0025,73,3.1937499999999996,9.997868430940143,9.99949472255555
hm-a10-g1-L3p5-n2-beta0__N0080__Aminus_0p0025,hm-a10-g1-L3p5-n2-beta0__N0080__Aplus_0p0025,hm-a10-g1-L3p5-n2-beta0,80,-0.0025,74,3.2375,9.997772616140448,9.999472006733775
hm-a10-g1-L3p5-n2-beta0__N0080__Aminus_0p0025,hm-a10-g1-L3p5-n2-beta0__N0080__Aplus_0p0025,hm-a10-g1-L3p5-n2-beta0,80,-0.0025,75,3.28125,9.99769052377995,9.99945254365181
hm-a10-g1-L3p5-n2-beta0__N0080__Aminus_0p0025,hm-a10-g1-L3p5-n2-beta0__N0080__Aplus_0p0025,hm-a10-g1-L3p5-n2-beta0,80,-0.0025,76,3.3249999999999997,9.99762265832246,9.999436453186004
hm-a10-g1-L3p5-n2-beta0__N0080__Aminus_0p0025,hm-a10-g1-L3p5-n2-beta0__N0080__Aplus_0p0025,hm-a10-g1-L3p5-n2-beta0,80,-0.0025,77,3.36875,9.997569436760957,9.999423834436925
hm-a10-g1-L3p5-n2-beta0__N0080__Aminus_0p0025,hm-a10-g1-L3p5-n2-beta0__N0080__Aplus_0p0025,hm-a10-g1-L3p5-n2-beta0,80,-0.0025,78,3.4124999999999996,9.997531186081606,9.999414765120902
hm-a10-g1-L3p5-n2-beta0__N0080__Aminus_0p0025,hm-a10-g1-L3p5-n2-beta0__N0080__Aplus_0p0025,hm-a10-g1-L3p5-n2-beta0,80,-0.0025,79,3.45625,9.997508141275846,9.999409301092884
hm-a10-g1-L3p5-n2-beta0__N0080__Aminus_0p0025,hm-a10-g1-L3p5-n2-beta0__N0080__Aplus_0p0025,hm-a10-g1-L3p5-n2-beta0,80,-0.0025,80,3.5,9.99750044391217,9.999407476003576
hm-a10-g1-L3p5-n2-beta0__N0080__Aplus_0p0025,hm-a10-g1-L3p5-n2-beta0__N0080__Aminus_0p0025,hm-a10-g1-L3p5-n2-beta0,80,0.0025,0,0.0,10.002500444284859,10.000592009320806
hm-a10-g1-L3p5-n2-beta0__N0080__Aplus_0p0025,hm-a10-g1-L3p5-n2-beta0__N0080__Aminus_0p0025,hm-a10-g1-L3p5-n2-beta0,80,0.0025,1,0.04375,10.002492728306903,10.000590182888907
hm-a10-g1-L3p5-n2-beta0__N0080__Aplus_0p0025,hm-a10-g1-L3p5-n2-beta0__N0080__Aminus_0p0025,hm-a10-g1-L3p5-n2-beta0,80,0.0025,2,0.0875,10.002469628116648,10.00058471486617
hm-a10-g1-L3p5-n2-beta0__N0080__Aplus_0p0025,hm-a10-g1-L3p5-n2-beta0__N0080__Aminus_0p0025,hm-a10-g1-L3p5-n2-beta0,80,0.0025,3,0.13124999999999998,10.002431286646337,10.000575639001665
hm-a10-g1-L3p5-n2-beta0__N0080__Aplus_0p0025,hm-a10-g1-L3p5-n2-beta0__N0080__Aminus_0p0025,hm-a10-g1-L3p5-n2-beta0,80,0.0025,4,0.175,10.002377941122989,10.000563011311591
hm-a10-g1-L3p5-n2-beta0__N0080__Aplus_0p0025,hm-a10-g1-L3p5-n2-beta0__N0080__Aminus_0p0025,hm-a10-g1-L3p5-n2-beta0,80,0.0025,5,0.21875,10.002309921585118,10.000546909732424
hm-a10-g1-L3p5-n2-beta0__N0080__Aplus_0p0025,hm-a10-g1-L3p5-n2-beta0__N0080__Aminus_0p0025,hm-a10-g1-L3p5-n2-beta0,80,0.0025,6,0.26249999999999996,10.002227648819677,10.000527433638384
hm-a10-g1-L3p5-n2-beta0__N0080__Aplus_0p0025,hm-a10-g1-L3p5-n2-beta0__N0080__Aminus_0p0025,hm-a10-g1-L3p5-n2-beta0,80,0.0025,7,0.30624999999999997,10.00213163173265,10.000504703226223
hm-a10-g1-L3p5-n2-beta0__N0080__Aplus_0p0025,hm-a10-g1-L3p5-n2-beta0__N0080__Aminus_0p0025,hm-a10-g1-L3p5-n2-beta0,80,0.0025,8,0.35,10.002022464170368,10.00047885877122
hm-a10-g1-L3p5-n2-beta0__N0080__Aplus_0p0025,hm-a10-g1-L3p5-n2-beta0__N0080__Aminus_0p0025,hm-a10-g1-L3p5-n2-beta0,80,0.0025,9,0.39375,10.001900821212155,10.00045005975901
hm-a10-g1-L3p5-n2-beta0__N0080__Aplus_0p0025,hm-a10-g1-L3p5-n2-beta0__N0080__Aminus_0p0025,hm-a10-g1-L3p5-n2-beta0,80,0.0025,10,0.4375,10.001767454958314,10.000418483898702
hm-a10-g1-L3p5-n2-beta0__N0080__Aplus_0p0025,hm-a10-g1-L3p5-n2-beta0__N0080__Aminus_0p0025,hm-a10-g1-L3p5-n2-beta0,80,0.0025,11,0.48124999999999996,10.001623189840652,10.000384326023477
hm-a10-g1-L3p5-n2-beta0__N0080__Aplus_0p0025,hm-a10-g1-L3p5-n2-beta0__N0080__Aminus_0p0025,hm-a10-g1-L3p5-n2-beta0,80,0.0025,12,0.5249999999999999,10.001468917485735,10.000347796885478
hm-a10-g1-L3p5-n2-beta0__N0080__Aplus_0p0025,hm-a10-g1-L3p5-n2-beta0__N0080__Aminus_0p0025,hm-a10-g1-L3p5-n2-beta0,80,0.0025,13,0.56875,10.001305591163895,10.000309121852581
hm-a10-g1-L3p5-n2-beta0__N0080__Aplus_0p0025,hm-a10-g1-L3p5-n2-beta0__N0080__Aminus_0p0025,hm-a10-g1-L3p5-n2-beta0,80,0.0025,14,0.6124999999999999,10.00113421985953,10.00026853951514
hm-a10-g1-L3p5-n2-beta0__N0080__Aplus_0p0025,hm-a10-g1-L3p5-n2-beta0__N0080__Aminus_0p0025,hm-a10-g1-L3p5-n2-beta0,80,0.0025,15,0.65625,10.000955862000538,10.000226300211418
hm-a10-g1-L3p5-n2-beta0__N0080__Aplus_0p0025,hm-a10-g1-L3p5-n2-beta0__N0080__Aminus_0p0025,hm-a10-g1-L3p5-n2-beta0,80,0.0025,16,0.7,10.0007716188868,10.000182664480832
hm-a10-g1-L3p5-n2-beta0__N0080__Aplus_0p0025,hm-a10-g1-L3p5-n2-beta0__N0080__Aminus_0p0025,hm-a10-g1-L3p5-n2-beta0,80,0.0025,17,0.7437499999999999,10.000582627859336,10.000137901454705
hm-a10-g1-L3p5-n2-beta0__N0080__Aplus_0p0025,hm-a10-g1-L3p5-n2-beta0__N0080__Aminus_0p0025,hm-a10-g1-L3p5-n2-beta0,80,0.0025,18,0.7875,10.000390055253257,10.000092287194446
hm-a10-g1-L3p5-n2-beta0__N0080__Aplus_0p0025,hm-a10-g1-L3p5-n2-beta0__N0080__Aminus_0p0025,hm-a10-g1-L3p5-n2-beta0,80,0.0025,19,0.8312499999999999,10.000195089178838,10.000046102987513
hm-a10-g1-L3p5-n2-beta0__N0080__Aplus_0p0025,hm-a10-g1-L3p5-n2-beta0__N0080__Aminus_0p0025,hm-a10-g1-L3p5-n2-beta0,80,0.0025,20,0.875,9.999998932175883,9.999999633611697
hm-a10-g1-L3p5-n2-beta0__N0080__Aplus_0p0025,hm-a10-g1-L3p5-n2-beta0__N0080__Aminus_0p0025,hm-a10-g1-L3p5-n2-beta0,80,0.0025,21,0.91875,9.9998027937872,9.999953165578473
hm-a10-g1-L3p5-n2-beta0__N0080__Aplus_0p0025,hm-a10-g1-L3p5-n2-beta0__N0080__Aminus_0p0025,hm-a10-g1-L3p5-n2-beta0,80,0.0025,22,0.9624999999999999,9.999607883097251,9.999906985366257
hm-a10-g1-L3p5-n2-beta0__N0080__Aplus_0p0025,hm-a10-g1-L3p5-n2-beta0__N0080__Aminus_0p0025,hm-a10-g1-L3p5-n2-beta0,80,0.0025,23,1.0062499999999999,9.999415401282096,9.999861377654478
hm-a10-g1-L3p5-n2-beta0__N0080__Aplus_0p0025,hm-a10-g1-L3p5-n2-beta0__N0080__Aminus_0p0025,hm-a10-g1-L3p5-n2-beta0,80,0.0025,24,1.0499999999999998,9.999226534216433,9.999816623569348
hm-a10-g1-L3p5-n2-beta0__N0080__Aplus_0p0025,hm-a10-g1-L3p5-n2-beta0__N0080__Aminus_0p0025,hm-a10-g1-L3p5-n2-beta0,80,0.0025,25,1.09375,9.999042445183026,9.99977299895212
hm-a10-g1-L3p5-n2-beta0__N0080__Aplus_0p0025,hm-a10-g1-L3p5-n2-beta0__N0080__Aminus_0p0025,hm-a10-g1-L3p5-n2-beta0,80,0.0025,26,1.1375,9.998864267728926,9.999730772660467
hm-a10-g1-L3p5-n2-beta0__N0080__Aplus_0p0025,hm-a10-g1-L3p5-n2-beta0__N0080__Aminus_0p0025,hm-a10-g1-L3p5-n2-beta0,80,0.0025,27,1.18125,9.99869309871185,9.999690204913408
hm-a10-g1-L3p5-n2-beta0__N0080__Aplus_0p0025,hm-a10-g1-L3p5-n2-beta0__N0080__Aminus_0p0025,hm-a10-g1-L3p5-n2-beta0,80,0.0025,28,1.2249999999999999,9.998529991578716,9.999651545689941
hm-a10-g1-L3p5-n2-beta0__N0080__Aplus_0p0025,hm-a10-g1-L3p5-n2-beta0__N0080__Aminus_0p0025,hm-a10-g1-L3p5-n2-beta0,80,0.0025,29,1.2687499999999998,9.998375949916765,9.99961503319114
hm-a10-g1-L3p5-n2-beta0__N0080__Aplus_0p0025,hm-a10-g1-L3p5-n2-beta0__N0080__Aminus_0p0025,hm-a10-g1-L3p5-n2-beta0,80,0.0025,30,1.3125,9.998231921315908,9.999580892375171
hm-a10-g1-L3p5-n2-beta0__N0080__Aplus_0p0025,hm-a10-g1-L3p5-n2-beta0__N0080__Aminus_0p0025,hm-a10-g1-L3p5-n2-beta0,80,0.0025,31,1.35625,9.99809879157888,9.99954933357412
hm-a10-g1-L3p5-n2-beta0__N0080__Aplus_0p0025,hm-a10-g1-L3p5-n2-beta0__N0080__Aminus_0p0025,hm-a10-g1-L3p5-n2-beta0,80,0.0025,32,1.4,9.997977379313657,9.999520551201106
hm-a10-g1-L3p5-n2-beta0__N0080__Aplus_0p0025,hm-a10-g1-L3p5-n2-beta0__N0080__Aminus_0p0025,hm-a10-g1-L3p5-n2-beta0,80,0.0025,33,1.4437499999999999,9.997868430940118,9.999494722555534
hm-a10-g1-L3p5-n2-beta0__N0080__Aplus_0p0025,hm-a10-g1-L3p5-n2-beta0__N0080__Aminus_0p0025,hm-a10-g1-L3p5-n2-beta0,80,0.0025,34,1.4874999999999998,9.99777261614043,9.99947200673376
hm-a10-g1-L3p5-n2-beta0__N0080__Aplus_0p0025,hm-a10-g1-L3p5-n2-beta0__N0080__Aminus_0p0025,hm-a10-g1-L3p5-n2-beta0,80,0.0025,35,1.53125,9.997690523779937,9.999452543651792
hm-a10-g1-L3p5-n2-beta0__N0080__Aplus_0p0025,hm-a10-g1-L3p5-n2-beta0__N0080__Aminus_0p0025,hm-a10-g1-L3p5-n2-beta0,80,0.0025,36,1.575,9.99762265832245,9.999436453185986
hm-a10-g1-L3p5-n2-beta0__N0080__Aplus_0p0025,hm-a10-g1-L3p5-n2-beta0__N0080__Aminus_0p0025,hm-a10-g1-L3p5-n2-beta0,80,0.0025,37,1.61875,9.997569436760955,9.99942383443691
hm-a10-g1-L3p5-n2-beta0__N0080__Aplus_0p0025,hm-a10-g1-L3p5-n2-beta0__N0080__Aminus_0p0025,hm-a10-g1-L3p5-n2-beta0,80,0.0025,38,1.6624999999999999,9.997531186081606,9.999414765120887
hm-a10-g1-L3p5-n2-beta0__N0080__Aplus_0p0025,hm-a10-g1-L3p5-n2-beta0__N0080__Aminus_0p0025,hm-a10-g1-L3p5-n2-beta0,80,0.0025,39,1.7062499999999998,9.99750814127585,9.999409301092866
hm-a10-g1-L3p5-n2-beta0__N0080__Aplus_0p0025,hm-a10-g1-L3p5-n2-beta0__N0080__Aminus_0p0025,hm-a10-g1-L3p5-n2-beta0,80,0.0025,40,1.75,9.997500443912177,9.99940747600356
hm-a10-g1-L3p5-n2-beta0__N0080__Aplus_0p0025,hm-a10-g1-L3p5-n2-beta0__N0080__Aminus_0p0025,hm-a10-g1-L3p5-n2-beta0,80,0.0025,41,1.79375,9.997508141275855,9.999409301092868
hm-a10-g1-L3p5-n2-beta0__N0080__Aplus_0p0025,hm-a10-g1-L3p5-n2-beta0__N0080__Aminus_0p0025,hm-a10-g1-L3p5-n2-beta0,80,0.0025,42,1.8375,9.997531186081616,9.99941476512089
hm-a10-g1-L3p5-n2-beta0__N0080__Aplus_0p0025,hm-a10-g1-L3p5-n2-beta0__N0080__Aminus_0p0025,hm-a10-g1-L3p5-n2-beta0,80,0.0025,43,1.8812499999999999,9.99756943676097,9.999423834436918
hm-a10-g1-L3p5-n2-beta0__N0080__Aplus_0p0025,hm-a10-g1-L3p5-n2-beta0__N0080__Aminus_0p0025,hm-a10-g1-L3p5-n2-beta0,80,0.0025,44,1.9249999999999998,9.997622658322472,9.999436453185998
hm-a10-g1-L3p5-n2-beta0__N0080__Aplus_0p0025,hm-a10-g1-L3p5-n2-beta0__N0080__Aminus_0p0025,hm-a10-g1-L3p5-n2-beta0,80,0.0025,45,1.9687499999999998,9.997690523779964,9.999452543651808
hm-a10-g1-L3p5-n2-beta0__N0080__Aplus_0p0025,hm-a10-g1-L3p5-n2-beta0__N0080__Aminus_0p0025,hm-a10-g1-L3p5-n2-beta0,80,0.0025,46,2.0124999999999997,9.997772616140463,9.999472006733777
hm-a10-g1-L3p5-n2-beta0__N0080__Aplus_0p0025,hm-a10-g1-L3p5-n2-beta0__N0080__Aminus_0p0025,hm-a10-g1-L3p5-n2-beta0,80,0.0025,47,2.05625,9.997868430940157,9.999494722555553
hm-a10-g1-L3p5-n2-beta0__N0080__Aplus_0p0025,hm-a10-g1-L3p5-n2-beta0__N0080__Aminus_0p0025,hm-a10-g1-L3p5-n2-beta0,80,0.0025,48,2.0999999999999996,9.997977379313703,9.999520551201126
hm-a10-g1-L3p5-n2-beta0__N0080__Aplus_0p0025,hm-a10-g1-L3p5-n2-beta0__N0080__Aminus_0p0025,hm-a10-g1-L3p5-n2-beta0,80,0.0025,49,2.14375,9.998098791578931,9.999549333574139
hm-a10-g1-L3p5-n2-beta0__N0080__Aplus_0p0025,hm-a10-g1-L3p5-n2-beta0__N0080__Aminus_0p0025,hm-a10-g1-L3p5-n2-beta0,80,0.0025,50,2.1875,9.998231921315966,9.99958089237519
hm-a10-g1-L3p5-n2-beta0__N0080__Aplus_0p0025,hm-a10-g1-L3p5-n2-beta0__N0080__Aminus_0p0025,hm-a10-g1-L3p5-n2-beta0,80,0.0025,51,2.2312499999999997,9.99837594991683,9.99961503319116
hm-a10-g1-L3p5-n2-beta0__N0080__Aplus_0p0025,hm-a10-g1-L3p5-n2-beta0__N0080__Aminus_0p0025,hm-a10-g1-L3p5-n2-beta0,80,0.0025,52,2.275,9.998529991578787,9.99965154568996
hm-a10-g1-L3p5-n2-beta0__N0080__Aplus_0p0025,hm-a10-g1-L3p5-n2-beta0__N0080__Aminus_0p0025,hm-a10-g1-L3p5-n2-beta0,80,0.0025,53,2.3187499999999996,9.998693098711929,9.999690204913428
hm-a10-g1-L3p5-n2-beta0__N0080__Aplus_0p0025,hm-a10-g1-L3p5-n2-beta0__N0080__Aminus_0p0025,hm-a10-g1-L3p5-n2-beta0,80,0.0025,54,2.3625,9.99886426772901,9.999730772660484
hm-a10-g1-L3p5-n2-beta0__N0080__Aplus_0p0025,hm-a10-g1-L3p5-n2-beta0__N0080__Aminus_0p0025,hm-a10-g1-L3p5-n2-beta0,80,0.0025,55,2.40625,9.999042445183115,9.999772998952135
hm-a10-g1-L3p5-n2-beta0__N0080__Aplus_0p0025,hm-a10-g1-L3p5-n2-beta0__N0080__Aminus_0p0025,hm-a10-g1-L3p5-n2-beta0,80,0.0025,56,2.4499999999999997,9.999226534216525,9.99981662356936
hm-a10-g1-L3p5-n2-beta0__N0080__Aplus_0p0025,hm-a10-g1-L3p5-n2-beta0__N0080__Aminus_0p0025,hm-a10-g1-L3p5-n2-beta0,80,0.0025,57,2.49375,9.999415401282192,9.999861377654488
hm-a10-g1-L3p5-n2-beta0__N0080__Aplus_0p0025,hm-a10-g1-L3p5-n2-beta0__N0080__Aminus_0p0025,hm-a10-g1-L3p5-n2-beta0,80,0.0025,58,2.5374999999999996,9.999607883097351,9.999906985366266
hm-a10-g1-L3p5-n2-beta0__N0080__Aplus_0p0025,hm-a10-g1-L3p5-n2-beta0__N0080__Aminus_0p0025,hm-a10-g1-L3p5-n2-beta0,80,0.0025,59,2.58125,9.999802793787302,9.999953165578482
hm-a10-g1-L3p5-n2-beta0__N0080__Aplus_0p0025,hm-a10-g1-L3p5-n2-beta0__N0080__Aminus_0p0025,hm-a10-g1-L3p5-n2-beta0,80,0.0025,60,2.625,9.999998932175984,9.999999633611704
hm-a10-g1-L3p5-n2-beta0__N0080__Aplus_0p0025,hm-a10-g1-L3p5-n2-beta0__N0080__Aminus_0p0025,hm-a10-g1-L3p5-n2-beta0,80,0.0025,61,2.6687499999999997,10.00019508917894,10.00004610298752
hm-a10-g1-L3p5-n2-beta0__N0080__Aplus_0p0025,hm-a10-g1-L3p5-n2-beta0__N0080__Aminus_0p0025,hm-a10-g1-L3p5-n2-beta0,80,0.0025,62,2.7125,10.000390055253359,10.000092287194455
hm-a10-g1-L3p5-n2-beta0__N0080__Aplus_0p0025,hm-a10-g1-L3p5-n2-beta0__N0080__Aminus_0p0025,hm-a10-g1-L3p5-n2-beta0,80,0.0025,63,2.7562499999999996,10.000582627859433,10.000137901454716
hm-a10-g1-L3p5-n2-beta0__N0080__Aplus_0p0025,hm-a10-g1-L3p5-n2-beta0__N0080__Aminus_0p0025,hm-a10-g1-L3p5-n2-beta0,80,0.0025,64,2.8,10.000771618886894,10.000182664480844
hm-a10-g1-L3p5-n2-beta0__N0080__Aplus_0p0025,hm-a10-g1-L3p5-n2-beta0__N0080__Aminus_0p0025,hm-a10-g1-L3p5-n2-beta0,80,0.0025,65,2.84375,10.000955862000627,10.000226300211429
hm-a10-g1-L3p5-n2-beta0__N0080__Aplus_0p0025,hm-a10-g1-L3p5-n2-beta0__N0080__Aminus_0p0025,hm-a10-g1-L3p5-n2-beta0,80,0.0025,66,2.8874999999999997,10.001134219859614,10.000268539515153
hm-a10-g1-L3p5-n2-beta0__N0080__Aplus_0p0025,hm-a10-g1-L3p5-n2-beta0__N0080__Aminus_0p0025,hm-a10-g1-L3p5-n2-beta0,80,0.0025,67,2.93125,10.001305591163973,10.000309121852592
hm-a10-g1-L3p5-n2-beta0__N0080__Aplus_0p0025,hm-a10-g1-L3p5-n2-beta0__N0080__Aminus_0p0025,hm-a10-g1-L3p5-n2-beta0,80,0.0025,68,2.9749999999999996,10.001468917485806,10.00034779688549
hm-a10-g1-L3p5-n2-beta0__N0080__Aplus_0p0025,hm-a10-g1-L3p5-n2-beta0__N0080__Aminus_0p0025,hm-a10-g1-L3p5-n2-beta0,80,0.0025,69,3.01875,10.001623189840714,10.000384326023493
hm-a10-g1-L3p5-n2-beta0__N0080__Aplus_0p0025,hm-a10-g1-L3p5-n2-beta0__N0080__Aminus_0p0025,hm-a10-g1-L3p5-n2-beta0,80,0.0025,70,3.0625,10.001767454958369,10.000418483898722
hm-a10-g1-L3p5-n2-beta0__N0080__Aplus_0p0025,hm-a10-g1-L3p5-n2-beta0__N0080__Aminus_0p0025,hm-a10-g1-L3p5-n2-beta0,80,0.0025,71,3.1062499999999997,10.001900821212201,10.000450059759032
hm-a10-g1-L3p5-n2-beta0__N0080__Aplus_0p0025,hm-a10-g1-L3p5-n2-beta0__N0080__Aminus_0p0025,hm-a10-g1-L3p5-n2-beta0,80,0.0025,72,3.15,10.002022464170407,10.000478858771249
hm-a10-g1-L3p5-n2-beta0__N0080__Aplus_0p0025,hm-a10-g1-L3p5-n2-beta0__N0080__Aminus_0p0025,hm-a10-g1-L3p5-n2-beta0,80,0.0025,73,3.1937499999999996,10.002131631732682,10.000504703226257
hm-a10-g1-L3p5-n2-beta0__N0080__Aplus_0p0025,hm-a10-g1-L3p5-n2-beta0__N0080__Aminus_0p0025,hm-a10-g1-L3p5-n2-beta0,80,0.0025,74,3.2375,10.002227648819701,10.000527433638421
hm-a10-g1-L3p5-n2-beta0__N0080__Aplus_0p0025,hm-a10-g1-L3p5-n2-beta0__N0080__Aminus_0p0025,hm-a10-g1-L3p5-n2-beta0,80,0.0025,75,3.28125,10.002309921585136,10.000546909732465
hm-a10-g1-L3p5-n2-beta0__N0080__Aplus_0p0025,hm-a10-g1-L3p5-n2-beta0__N0080__Aminus_0p0025,hm-a10-g1-L3p5-n2-beta0,80,0.0025,76,3.3249999999999997,10.002377941123003,10.000563011311632
hm-a10-g1-L3p5-n2-beta0__N0080__Aplus_0p0025,hm-a10-g1-L3p5-n2-beta0__N0080__Aminus_0p0025,hm-a10-g1-L3p5-n2-beta0,80,0.0025,77,3.36875,10.002431286646345,10.000575639001706
hm-a10-g1-L3p5-n2-beta0__N0080__Aplus_0p0025,hm-a10-g1-L3p5-n2-beta0__N0080__Aminus_0p0025,hm-a10-g1-L3p5-n2-beta0,80,0.0025,78,3.4124999999999996,10.002469628116653,10.000584714866212
hm-a10-g1-L3p5-n2-beta0__N0080__Aplus_0p0025,hm-a10-g1-L3p5-n2-beta0__N0080__Aminus_0p0025,hm-a10-g1-L3p5-n2-beta0,80,0.0025,79,3.45625,10.002492728306906,10.00059018288895
hm-a10-g1-L3p5-n2-beta0__N0080__Aplus_0p0025,hm-a10-g1-L3p5-n2-beta0__N0080__Aminus_0p0025,hm-a10-g1-L3p5-n2-beta0,80,0.0025,80,3.5,10.002500444284863,10.000592009320847
hm-a10-g1-L3p5-n2-beta0__N0080__Aplus_0p005,hm-a10-g1-L3p5-n2-beta0__N0080__Aminus_0p005,hm-a10-g1-L3p5-n2-beta0,80,0.005,0,0.0,10.005001777884436,10.001183504002551
hm-a10-g1-L3p5-n2-beta0__N0080__Aplus_0p005,hm-a10-g1-L3p5-n2-beta0__N0080__Aminus_0p005,hm-a10-g1-L3p5-n2-beta0,80,0.005,1,0.04375,10.004986327283317,10.001179849795125
hm-a10-g1-L3p5-n2-beta0__N0080__Aplus_0p005,hm-a10-g1-L3p5-n2-beta0__N0080__Aminus_0p005,hm-a10-g1-L3p5-n2-beta0,80,0.005,2,0.0875,10.004940071427242,10.001168909751883
hm-a10-g1-L3p5-n2-beta0__N0080__Aplus_0p005,hm-a10-g1-L3p5-n2-beta0__N0080__Aminus_0p005,hm-a10-g1-L3p5-n2-beta0,80,0.005,3,0.13124999999999998,10.004863297549482,10.001150751469497
hm-a10-g1-L3p5-n2-beta0__N0080__Aplus_0p005,hm-a10-g1-L3p5-n2-beta0__N0080__Aminus_0p005,hm-a10-g1-L3p5-n2-beta0,80,0.005,4,0.175,10.004756482347734,10.001125487141879
hm-a10-g1-L3p5-n2-beta0__N0080__Aplus_0p005,hm-a10-g1-L3p5-n2-beta0__N0080__Aminus_0p005,hm-a10-g1-L3p5-n2-beta0,80,0.005,5,0.21875,10.004620288962059,10.001093272862501
hm-a10-g1-L3p5-n2-beta0__N0080__Aplus_0p005,hm-a10-g1-L3p5-n2-beta0__N0080__Aminus_0p005,hm-a10-g1-L3p5-n2-beta0,80,0.005,6,0.26249999999999996,10.004455562773027,10.00105430765387
hm-a10-g1-L3p5-n2-beta0__N0080__Aplus_0p005,hm-a10-g1-L3p5-n2-beta0__N0080__Aminus_0p005,hm-a10-g1-L3p5-n2-beta0,80,0.005,7,0.30624999999999997,10.004263326048774,10.001008832230365
hm-a10-g1-L3p5-n2-beta0__N0080__Aplus_0p005,hm-a10-g1-L3p5-n2-beta0__N0080__Aminus_0p005,hm-a10-g1-L3p5-n2-beta0,80,0.005,8,0.35,10.00404477147747,10.000957127502286
hm-a10-g1-L3p5-n2-beta0__N0080__Aplus_0p005,hm-a10-g1-L3p5-n2-beta0__N0080__Aminus_0p005,hm-a10-g1-L3p5-n2-beta0,80,0.005,9,0.39375,10.003801254629185,10.00089951283066
hm-a10-g1-L3p5-n2-beta0__N0080__Aplus_0p005,hm-a10-g1-L3p5-n2-beta0__N0080__Aminus_0p005,hm-a10-g1-L3p5-n2-beta0,80,0.005,10,0.4375,10.003534285398153,10.000836344043874
hm-a10-g1-L3p5-n2-beta0__N0080__Aplus_0p005,hm-a10-g1-L3p5-n2-beta0__N0080__Aminus_0p005,hm-a10-g1-L3p5-n2-beta0,80,0.005,11,0.48124999999999996,10.003245518483226,10.000768011228715
hm-a10-g1-L3p5-n2-beta0__N0080__Aplus_0p005,hm-a10-g1-L3p5-n2-beta0__N0080__Aminus_0p005,hm-a10-g1-L3p5-n2-beta0,80,0.005,12,0.5249999999999999,10.002936742970357,10.000694936309825
hm-a10-g1-L3p5-n2-beta0__N0080__Aplus_0p005,hm-a10-g1-L3p5-n2-beta0__N0080__Aminus_0p005,hm-a10-g1-L3p5-n2-beta0,80,0.005,13,0.56875,10.002609871086712,10.000617570432876
hm-a10-g1-L3p5-n2-beta0__N0080__Aplus_0p005,hm-a10-g1-L3p5-n2-beta0__N0080__Aminus_0p005,hm-a10-g1-L3p5-n2-beta0,80,0.005,14,0.6124999999999999,10.002266926201058,10.000536391167955
hm-a10-g1-L3p5-n2-beta0__N0080__Aplus_0p005,hm-a10-g1-L3p5-n2-beta0__N0080__Aminus_0p005,hm-a10-g1-L3p5-n2-beta0,80,0.005,15,0.65625,10.001910030149599,10.000451899550823
hm-a10-g1-L3p5-n2-beta0__N0080__Aplus_0p005,hm-a10-g1-L3p5-n2-beta0__N0080__Aminus_0p005,hm-a10-g1-L3p5-n2-beta0,80,0.005,16,0.7,10.001541389970306,10.00036461698059
hm-a10-g1-L3p5-n2-beta0__N0080__Aplus_0p005,hm-a10-g1-L3p5-n2-beta0__N0080__Aminus_0p005,hm-a10-g1-L3p5-n2-beta0,80,0.005,17,0.7437499999999999,10.001163284132073,10.00027508199331
hm-a10-g1-L3p5-n2-beta0__N0080__Aplus_0p005,hm-a10-g1-L3p5-n2-beta0__N0080__Aminus_0p005,hm-a10-g1-L3p5-n2-beta0,80,0.005,18,0.7875,10.000778048347598,10.000183846931625
hm-a10-g1-L3p5-n2-beta0__N0080__Aplus_0p005,hm-a10-g1-L3p5-n2-beta0__N0080__Aminus_0p005,hm-a10-g1-L3p5-n2-beta0,80,0.005,19,0.8312499999999999,10.000388061060919,10.000091474531294
hm-a10-g1-L3p5-n2-beta0__N0080__Aplus_0p005,hm-a10-g1-L3p5-n2-beta0__N0080__Aminus_0p005,hm-a10-g1-L3p5-n2-beta0,80,0.005,20,0.875,9.99999572870176,9.999998534445806
hm-a10-g1-L3p5-n2-beta0__N0080__Aplus_0p005,hm-a10-g1-L3p5-n2-beta0__N0080__Aminus_0p005,hm-a10-g1-L3p5-n2-beta0,80,0.005,21,0.91875,9.999603470799658,9.999905599730688
hm-a10-g1-L3p5-n2-beta0__N0080__Aplus_0p005,hm-a10-g1-L3p5-n2-beta0__N0080__Aminus_0p005,hm-a10-g1-L3p5-n2-beta0,80,0.005,22,0.9624999999999999,9.999213705050769,9.999813243309228
hm-a10-g1-L3p5-n2-beta0__N0080__Aplus_0p005,hm-a10-g1-L3p5-n2-beta0__N0080__Aminus_0p005,hm-a10-g1-L3p5-n2-beta0,80,0.005,23,1.0062499999999999,9.998828832429842,9.999722034441465
hm-a10-g1-L3p5-n2-beta0__N0080__Aplus_0p005,hm-a10-g1-L3p5-n2-beta0__N0080__Aminus_0p005,hm-a10-g1-L3p5-n2-beta0,80,0.005,24,1.0499999999999998,9.998451222438641,9.999632535218177
hm-a10-g1-L3p5-n2-beta0__N0080__Aplus_0p005,hm-a10-g1-L3p5-n2-beta0__N0080__Aminus_0p005,hm-a10-g1-L3p5-n2-beta0,80,0.005,25,1.09375,9.998083198580495,9.999545297101383
hm-a10-g1-L3p5-n2-beta0__N0080__Aplus_0p005,hm-a10-g1-L3p5-n2-beta0__N0080__Aminus_0p005,hm-a10-g1-L3p5-n2-beta0,80,0.005,26,1.1375,9.997727024148457,9.99946085753254
hm-a10-g1-L3p5-n2-beta0__N0080__Aplus_0p005,hm-a10-g1-L3p5-n2-beta0__N0080__Aminus_0p005,hm-a10-g1-L3p5-n2-beta0,80,0.005,27,1.18125,9.997384888411862,9.999379736629157
hm-a10-g1-L3p5-n2-beta0__N0080__Aplus_0p005,hm-a10-g1-L3p5-n2-beta0__N0080__Aminus_0p005,hm-a10-g1-L3p5-n2-beta0,80,0.005,28,1.2249999999999999,9.99705889328301,9.999302433989941
hm-a10-g1-L3p5-n2-beta0__N0080__Aplus_0p005,hm-a10-g1-L3p5-n2-beta0__N0080__Aminus_0p005,hm-a10-g1-L3p5-n2-beta0,80,0.005,29,1.2687499999999998,9.996751040542074,9.999229425627862
hm-a10-g1-L3p5-n2-beta0__N0080__Aplus_0p005,hm-a10-g1-L3p5-n2-beta0__N0080__Aminus_0p005,hm-a10-g1-L3p5-n2-beta0,80,0.005,30,1.3125,9.996463219694531,9.999161161049736
hm-a10-g1-L3p5-n2-beta0__N0080__Aplus_0p005,hm-a10-g1-L3p5-n2-beta0__N0080__Aminus_0p005,hm-a10-g1-L3p5-n2-beta0,80,0.005,31,1.35625,9.99619719653102,9.999098060499986
hm-a10-g1-L3p5-n2-beta0__N0080__Aplus_0p005,hm-a10-g1-L3p5-n2-beta0__N0080__Aminus_0p005,hm-a10-g1-L3p5-n2-beta0,80,0.005,32,1.4,9.995954602455061,9.999040512385177
hm-a10-g1-L3p5-n2-beta0__N0080__Aplus_0p005,hm-a10-g1-L3p5-n2-beta0__N0080__Aminus_0p005,hm-a10-g1-L3p5-n2-beta0,80,0.005,33,1.4437499999999999,9.995736924639164,9.998988870894845
hm-a10-g1-L3p5-n2-beta0__N0080__Aplus_0p005,hm-a10-g1-L3p5-n2-beta0__N0080__Aminus_0p005,hm-a10-g1-L3p5-n2-beta0,80,0.005,34,1.4874999999999998,9.995545497064741,9.998943453832895
hm-a10-g1-L3p5-n2-beta0__N0080__Aplus_0p005,hm-a10-g1-L3p5-n2-beta0__N0080__Aminus_0p005,hm-a10-g1-L3p5-n2-beta0,80,0.005,35,1.53125,9.995381492495984,9.998904540672571
hm-a10-g1-L3p5-n2-beta0__N0080__Aplus_0p005,hm-a10-g1-L3p5-n2-beta0__N0080__Aminus_0p005,hm-a10-g1-L3p5-n2-beta0,80,0.005,36,1.575,9.99524591543231,9.998872370846646
hm-a10-g1-L3p5-n2-beta0__N0080__Aplus_0p005,hm-a10-g1-L3p5-n2-beta0__N0080__Aminus_0p005,hm-a10-g1-L3p5-n2-beta0,80,0.005,37,1.61875,9.995139596078365,9.998847142283038
hm-a10-g1-L3p5-n2-beta0__N0080__Aplus_0p005,hm-a10-g1-L3p5-n2-beta0__N0080__Aminus_0p005,hm-a10-g1-L3p5-n2-beta0,80,0.005,38,1.6624999999999999,9.995063185364765,9.998829010194589
hm-a10-g1-L3p5-n2-beta0__N0080__Aplus_0p005,hm-a10-g1-L3p5-n2-beta0__N0080__Aminus_0p005,hm-a10-g1-L3p5-n2-beta0,80,0.005,39,1.7062499999999998,9.995017151046877,9.998818086130226
hm-a10-g1-L3p5-n2-beta0__N0080__Aplus_0p005,hm-a10-g1-L3p5-n2-beta0__N0080__Aminus_0p005,hm-a10-g1-L3p5-n2-beta0,80,0.005,40,1.75,9.995001774902951,9.998814437293174
hm-a10-g1-L3p5-n2-beta0__N0080__Aplus_0p005,hm-a10-g1-L3p5-n2-beta0__N0080__Aminus_0p005,hm-a10-g1-L3p5-n2-beta0,80,0.005,41,1.79375,9.995017151046882,9.998818086130228
hm-a10-g1-L3p5-n2-beta0__N0080__Aplus_0p005,hm-a10-g1-L3p5-n2-beta0__N0080__Aminus_0p005,hm-a10-g1-L3p5-n2-beta0,80,0.005,42,1.8375,9.995063185364774,9.998829010194592
hm-a10-g1-L3p5-n2-beta0__N0080__Aplus_0p005,hm-a10-g1-L3p5-n2-beta0__N0080__Aminus_0p005,hm-a10-g1-L3p5-n2-beta0,80,0.005,43,1.8812499999999999,9.995139596078378,9.998847142283047
hm-a10-g1-L3p5-n2-beta0__N0080__Aplus_0p005,hm-a10-g1-L3p5-n2-beta0__N0080__Aminus_0p005,hm-a10-g1-L3p5-n2-beta0,80,0.005,44,1.9249999999999998,9.995245915432326,9.998872370846659
hm-a10-g1-L3p5-n2-beta0__N0080__Aplus_0p005,hm-a10-g1-L3p5-n2-beta0__N0080__Aminus_0p005,hm-a10-g1-L3p5-n2-beta0,80,0.005,45,1.9687499999999998,9.995381492496003,9.998904540672587
hm-a10-g1-L3p5-n2-beta0__N0080__Aplus_0p005,hm-a10-g1-L3p5-n2-beta0__N0080__Aminus_0p005,hm-a10-g1-L3p5-n2-beta0,80,0.005,46,2.0124999999999997,9.995545497064766,9.998943453832915
hm-a10-g1-L3p5-n2-beta0__N0080__Aplus_0p005,hm-a10-g1-L3p5-n2-beta0__N0080__Aminus_0p005,hm-a10-g1-L3p5-n2-beta0,80,0.005,47,2.05625,9.995736924639194,9.998988870894868
hm-a10-g1-L3p5-n2-beta0__N0080__Aplus_0p005,hm-a10-g1-L3p5-n2-beta0__N0080__Aminus_0p005,hm-a10-g1-L3p5-n2-beta0,80,0.005,48,2.0999999999999996,9.995954602455097,9.999040512385202
hm-a10-g1-L3p5-n2-beta0__N0080__Aplus_0p005,hm-a10-g1-L3p5-n2-beta0__N0080__Aminus_0p005,hm-a10-g1-L3p5-n2-beta0,80,0.005,49,2.14375,9.99619719653106,9.999098060500012
hm-a10-g1-L3p5-n2-beta0__N0080__Aplus_0p005,hm-a10-g1-L3p5-n2-beta0__N0080__Aminus_0p005,hm-a10-g1-L3p5-n2-beta0,80,0.005,50,2.1875,9.99646321969458,9.999161161049763
hm-a10-g1-L3p5-n2-beta0__N0080__Aplus_0p005,hm-a10-g1-L3p5-n2-beta0__N0080__Aminus_0p005,hm-a10-g1-L3p5-n2-beta0,80,0.005,51,2.2312499999999997,9.996751040542128,9.999229425627888
hm-a10-g1-L3p5-n2-beta0__N0080__Aplus_0p005,hm-a10-g1-L3p5-n2-beta0__N0080__Aminus_0p005,hm-a10-g1-L3p5-n2-beta0,80,0.005,52,2.275,9.997058893283068,9.99930243398997
hm-a10-g1-L3p5-n2-beta0__N0080__Aplus_0p005,hm-a10-g1-L3p5-n2-beta0__N0080__Aminus_0p005,hm-a10-g1-L3p5-n2-beta0,80,0.005,53,2.3187499999999996,9.997384888411927,9.999379736629184
hm-a10-g1-L3p5-n2-beta0__N0080__Aplus_0p005,hm-a10-g1-L3p5-n2-beta0__N0080__Aminus_0p005,hm-a10-g1-L3p5-n2-beta0,80,0.005,54,2.3625,9.997727024148526,9.999460857532563
hm-a10-g1-L3p5-n2-beta0__N0080__Aplus_0p005,hm-a10-g1-L3p5-n2-beta0__N0080__Aminus_0p005,hm-a10-g1-L3p5-n2-beta0,80,0.005,55,2.40625,9.998083198580572,9.999545297101404
hm-a10-g1-L3p5-n2-beta0__N0080__Aplus_0p005,hm-a10-g1-L3p5-n2-beta0__N0080__Aminus_0p005,hm-a10-g1-L3p5-n2-beta0,80,0.005,56,2.4499999999999997,9.998451222438721,9.999632535218197
hm-a10-g1-L3p5-n2-beta0__N0080__Aplus_0p005,hm-a10-g1-L3p5-n2-beta0__N0080__Aminus_0p005,hm-a10-g1-L3p5-n2-beta0,80,0.005,57,2.49375,9.998828832429927,9.999722034441481
hm-a10-g1-L3p5-n2-beta0__N0080__Aplus_0p005,hm-a10-g1-L3p5-n2-beta0__N0080__Aminus_0p005,hm-a10-g1-L3p5-n2-beta0,80,0.005,58,2.5374999999999996,9.999213705050858,9.99981324330924
hm-a10-g1-L3p5-n2-beta0__N0080__Aplus_0p005,hm-a10-g1-L3p5-n2-beta0__N0080__Aminus_0p005,hm-a10-g1-L3p5-n2-beta0,80,0.005,59,2.58125,9.999603470799748,9.999905599730699
hm-a10-g1-L3p5-n2-beta0__N0080__Aplus_0p005,hm-a10-g1-L3p5-n2-beta0__N0080__Aminus_0p005,hm-a10-g1-L3p5-n2-beta0,80,0.005,60,2.625,9.999995728701853,9.999998534445815
hm-a10-g1-L3p5-n2-beta0__N0080__Aplus_0p005,hm-a10-g1-L3p5-n2-beta0__N0080__Aminus_0p005,hm-a10-g1-L3p5-n2-beta0,80,0.005,61,2.6687499999999997,10.000388061061013,10.000091474531303
hm-a10-g1-L3p5-n2-beta0__N0080__Aplus_0p005,hm-a10-g1-L3p5-n2-beta0__N0080__Aminus_0p005,hm-a10-g1-L3p5-n2-beta0,80,0.005,62,2.7125,10.000778048347692,10.000183846931636
hm-a10-g1-L3p5-n2-beta0__N0080__Aplus_0p005,hm-a10-g1-L3p5-n2-beta0__N0080__Aminus_0p005,hm-a10-g1-L3p5-n2-beta0,80,0.005,63,2.7562499999999996,10.001163284132165,10.000275081993323
hm-a10-g1-L3p5-n2-beta0__N0080__Aplus_0p005,hm-a10-g1-L3p5-n2-beta0__N0080__Aminus_0p005,hm-a10-g1-L3p5-n2-beta0,80,0.005,64,2.8,10.001541389970397,10.000364616980605
hm-a10-g1-L3p5-n2-beta0__N0080__Aplus_0p005,hm-a10-g1-L3p5-n2-beta0__N0080__Aminus_0p005,hm-a10-g1-L3p5-n2-beta0,80,0.005,65,2.84375,10.001910030149686,10.000451899550836
hm-a10-g1-L3p5-n2-beta0__N0080__Aplus_0p005,hm-a10-g1-L3p5-n2-beta0__N0080__Aminus_0p005,hm-a10-g1-L3p5-n2-beta0,80,0.005,66,2.8874999999999997,10.002266926201141,10.000536391167968
hm-a10-g1-L3p5-n2-beta0__N0080__Aplus_0p005,hm-a10-g1-L3p5-n2-beta0__N0080__Aminus_0p005,hm-a10-g1-L3p5-n2-beta0,80,0.005,67,2.93125,10.00260987108679,10.000617570432889
hm-a10-g1-L3p5-n2-beta0__N0080__Aplus_0p005,hm-a10-g1-L3p5-n2-beta0__N0080__Aminus_0p005,hm-a10-g1-L3p5-n2-beta0,80,0.005,68,2.9749999999999996,10.00293674297043,10.00069493630984
hm-a10-g1-L3p5-n2-beta0__N0080__Aplus_0p005,hm-a10-g1-L3p5-n2-beta0__N0080__Aminus_0p005,hm-a10-g1-L3p5-n2-beta0,80,0.005,69,3.01875,10.003245518483295,10.00076801122873
hm-a10-g1-L3p5-n2-beta0__N0080__Aplus_0p005,hm-a10-g1-L3p5-n2-beta0__N0080__Aminus_0p005,hm-a10-g1-L3p5-n2-beta0,80,0.005,70,3.0625,10.003534285398215,10.000836344043893
hm-a10-g1-L3p5-n2-beta0__N0080__Aplus_0p005,hm-a10-g1-L3p5-n2-beta0__N0080__Aminus_0p005,hm-a10-g1-L3p5-n2-beta0,80,0.005,71,3.1062499999999997,10.003801254629241,10.000899512830683
hm-a10-g1-L3p5-n2-beta0__N0080__Aplus_0p005,hm-a10-g1-L3p5-n2-beta0__N0080__Aminus_0p005,hm-a10-g1-L3p5-n2-beta0,80,0.005,72,3.15,10.00404477147752,10.000957127502314
hm-a10-g1-L3p5-n2-beta0__N0080__Aplus_0p005,hm-a10-g1-L3p5-n2-beta0__N0080__Aminus_0p005,hm-a10-g1-L3p5-n2-beta0,80,0.005,73,3.1937499999999996,10.004263326048816,10.001008832230397
hm-a10-g1-L3p5-n2-beta0__N0080__Aplus_0p005,hm-a10-g1-L3p5-n2-beta0__N0080__Aminus_0p005,hm-a10-g1-L3p5-n2-beta0,80,0.005,74,3.2375,10.004455562773064,10.001054307653908
hm-a10-g1-L3p5-n2-beta0__N0080__Aplus_0p005,hm-a10-g1-L3p5-n2-beta0__N0080__Aminus_0p005,hm-a10-g1-L3p5-n2-beta0,80,0.005,75,3.28125,10.00462028896209,10.00109327286254
hm-a10-g1-L3p5-n2-beta0__N0080__Aplus_0p005,hm-a10-g1-L3p5-n2-beta0__N0080__Aminus_0p005,hm-a10-g1-L3p5-n2-beta0,80,0.005,76,3.3249999999999997,10.004756482347762,10.00112548714192
hm-a10-g1-L3p5-n2-beta0__N0080__Aplus_0p005,hm-a10-g1-L3p5-n2-beta0__N0080__Aminus_0p005,hm-a10-g1-L3p5-n2-beta0,80,0.005,77,3.36875,10.004863297549507,10.001150751469535
hm-a10-g1-L3p5-n2-beta0__N0080__Aplus_0p005,hm-a10-g1-L3p5-n2-beta0__N0080__Aminus_0p005,hm-a10-g1-L3p5-n2-beta0,80,0.005,78,3.4124999999999996,10.004940071427264,10.00116890975192
hm-a10-g1-L3p5-n2-beta0__N0080__Aplus_0p005,hm-a10-g1-L3p5-n2-beta0__N0080__Aminus_0p005,hm-a10-g1-L3p5-n2-beta0,80,0.005,79,3.45625,10.004986327283337,10.001179849795163
hm-a10-g1-L3p5-n2-beta0__N0080__Aplus_0p005,hm-a10-g1-L3p5-n2-beta0__N0080__Aminus_0p005,hm-a10-g1-L3p5-n2-beta0,80,0.005,80,3.5,10.005001777884456,10.001183504002588
hm-a10-g1-L3p5-n2-beta0__N0080__Aplus_0p01,hm-a10-g1-L3p5-n2-beta0__N0080__Aminus_0p01,hm-a10-g1-L3p5-n2-beta0,80,0.01,0,0.0,10.010007117512354,10.002364949593481
hm-a10-g1-L3p5-n2-beta0__N0080__Aplus_0p01,hm-a10-g1-L3p5-n2-beta0__N0080__Aminus_0p01,hm-a10-g1-L3p5-n2-beta0,80,0.01,1,0.04375,10.009976141605236,10.002357635799966
hm-a10-g1-L3p5-n2-beta0__N0080__Aplus_0p01,hm-a10-g1-L3p5-n2-beta0__N0080__Aminus_0p01,hm-a10-g1-L3p5-n2-beta0,80,0.01,2,0.0875,10.009883407625537,10.002335739710182
hm-a10-g1-L3p5-n2-beta0__N0080__Aplus_0p01,hm-a10-g1-L3p5-n2-beta0__N0080__Aminus_0p01,hm-a10-g1-L3p5-n2-beta0,80,0.01,3,0.13124999999999998,10.009729495535161,10.00229939691228
hm-a10-g1-L3p5-n2-beta0__N0080__Aplus_0p01,hm-a10-g1-L3p5-n2-beta0__N0080__Aminus_0p01,hm-a10-g1-L3p5-n2-beta0,80,0.01,4,0.175,10.009515367736578,10.002248832441234
hm-a10-g1-L3p5-n2-beta0__N0080__Aplus_0p01,hm-a10-g1-L3p5-n2-beta0__N0080__Aminus_0p01,hm-a10-g1-L3p5-n2-beta0,80,0.01,5,0.21875,10.00924236280493,10.002184359367472
hm-a10-g1-L3p5-n2-beta0__N0080__Aplus_0p01,hm-a10-g1-L3p5-n2-beta0__N0080__Aminus_0p01,hm-a10-g1-L3p5-n2-beta0,80,0.01,6,0.26249999999999996,10.008912186778941,10.002106376834007
hm-a10-g1-L3p5-n2-beta0__N0080__Aplus_0p01,hm-a10-g1-L3p5-n2-beta0__N0080__Aminus_0p01,hm-a10-g1-L3p5-n2-beta0,80,0.01,7,0.30624999999999997,10.008526902075712,10.002015367554945
hm-a10-g1-L3p5-n2-beta0__N0080__Aplus_0p01,hm-a10-g1-L3p5-n2-beta0__N0080__Aminus_0p01,hm-a10-g1-L3p5-n2-beta0,80,0.01,8,0.35,10.008088914111942,10.00191189479184
hm-a10-g1-L3p5-n2-beta0__N0080__Aplus_0p01,hm-a10-g1-L3p5-n2-beta0__N0080__Aminus_0p01,hm-a10-g1-L3p5-n2-beta0,80,0.01,9,0.39375,10.00760095573059,10.001796598827694
hm-a10-g1-L3p5-n2-beta0__N0080__Aplus_0p01,hm-a10-g1-L3p5-n2-beta0__N0080__Aminus_0p01,hm-a10-g1-L3p5-n2-beta0,80,0.01,10,0.4375,10.00706606954754,10.001670192961663
hm-a10-g1-L3p5-n2-beta0__N0080__Aplus_0p01,hm-a10-g1-L3p5-n2-beta0__N0080__Aminus_0p01,hm-a10-g1-L3p5-n2-beta0,80,0.01,11,0.48124999999999996,10.006487588347149,10.001533459050606
hm-a10-g1-L3p5-n2-beta0__N0080__Aplus_0p01,hm-a10-g1-L3p5-n2-beta0__N0080__Aminus_0p01,hm-a10-g1-L3p5-n2-beta0,80,0.01,12,0.5249999999999999,10.005869113668581,10.001387242626441
hm-a10-g1-L3p5-n2-beta0__N0080__Aplus_0p01,hm-a10-g1-L3p5-n2-beta0__N0080__Aminus_0p01,hm-a10-g1-L3p5-n2-beta0,80,0.01,13,0.56875,10.005214492736432,10.001232447620986
hm-a10-g1-L3p5-n2-beta0__N0080__Aplus_0p01,hm-a10-g1-L3p5-n2-beta0__N0080__Aminus_0p01,hm-a10-g1-L3p5-n2-beta0,80,0.01,14,0.6124999999999999,10.004527793899358,10.0010700307323
hm-a10-g1-L3p5-n2-beta0__N0080__Aplus_0p01,hm-a10-g1-L3p5-n2-beta0__N0080__Aminus_0p01,hm-a10-g1-L3p5-n2-beta0,80,0.01,15,0.65625,10.003813280748922,10.000900995468806
hm-a10-g1-L3p5-n2-beta0__N0080__Aplus_0p01,hm-a10-g1-L3p5-n2-beta0__N0080__Aminus_0p01,hm-a10-g1-L3p5-n2-beta0,80,0.01,16,0.7,10.003075385097947,10.000726385909266
hm-a10-g1-L3p5-n2-beta0__N0080__Aplus_0p01,hm-a10-g1-L3p5-n2-beta0__N0080__Aminus_0p01,hm-a10-g1-L3p5-n2-beta0,80,0.01,17,0.7437499999999999,10.00231867900306,10.000547280218468
hm-a10-g1-L3p5-n2-beta0__N0080__Aplus_0p01,hm-a10-g1-L3p5-n2-beta0__N0080__Aminus_0p01,hm-a10-g1-L3p5-n2-beta0,80,0.01,18,0.7875,10.001547846019967,10.000364783959684
hm-a10-g1-L3p5-n2-beta0__N0080__Aplus_0p01,hm-a10-g1-L3p5-n2-beta0__N0080__Aminus_0p01,hm-a10-g1-L3p5-n2-beta0,80,0.01,19,0.8312499999999999,10.000767651882226,10.000180023246177
hm-a10-g1-L3p5-n2-beta0__N0080__Aplus_0p01,hm-a10-g1-L3p5-n2-beta0__N0080__Aminus_0p01,hm-a10-g1-L3p5-n2-beta0,80,0.01,20,0.875,9.999982914795165,9.999994137774733
hm-a10-g1-L3p5-n2-beta0__N0080__Aplus_0p01,hm-a10-g1-L3p5-n2-beta0__N0080__Aminus_0p01,hm-a10-g1-L3p5-n2-beta0,80,0.01,21,0.91875,9.999198475535804,9.999808273784774
hm-a10-g1-L3p5-n2-beta0__N0080__Aplus_0p01,hm-a10-g1-L3p5-n2-beta0__N0080__Aminus_0p01,hm-a10-g1-L3p5-n2-beta0,80,0.01,22,0.9624999999999999,9.998419167547736,9.999623576986776
hm-a10-g1-L3p5-n2-beta0__N0080__Aplus_0p01,hm-a10-g1-L3p5-n2-beta0__N0080__Aminus_0p01,hm-a10-g1-L3p5-n2-beta0,80,0.01,23,1.0062499999999999,9.99764978721657,9.99944118550372
hm-a10-g1-L3p5-n2-beta0__N0080__Aplus_0p01,hm-a10-g1-L3p5-n2-beta0__N0080__Aminus_0p01,hm-a10-g1-L3p5-n2-beta0,80,0.01,24,1.0499999999999998,9.996895064507115,9.999262222868948
hm-a10-g1-L3p5-n2-beta0__N0080__Aplus_0p01,hm-a10-g1-L3p5-n2-beta0__N0080__Aminus_0p01,hm-a10-g1-L3p5-n2-beta0,80,0.01,25,1.09375,9.996159634137992,9.999087791123227
hm-a10-g1-L3p5-n2-beta0__N0080__Aplus_0p01,hm-a10-g1-L3p5-n2-beta0__N0080__Aminus_0p01,hm-a10-g1-L3p5-n2-beta0,80,0.01,26,1.1375,9.995448007462912,9.998918964052987
hm-a10-g1-L3p5-n2-beta0__N0080__Aplus_0p01,hm-a10-g1-L3p5-n2-beta0__N0080__Aminus_0p01,hm-a10-g1-L3p5-n2-beta0,80,0.01,27,1.18125,9.994764545220596,9.998756780610595
hm-a10-g1-L3p5-n2-beta0__N0080__Aplus_0p01,hm-a10-g1-L3p5-n2-beta0__N0080__Aminus_0p01,hm-a10-g1-L3p5-n2-beta0,80,0.01,28,1.2249999999999999,9.99411343130735,9.998602238556256
hm-a10-g1-L3p5-n2-beta0__N0080__Aplus_0p01,hm-a10-g1-L3p5-n2-beta0__N0080__Aminus_0p01,hm-a10-g1-L3p5-n2-beta0,80,0.01,29,1.2687499999999998,9.993498647717745,9.998456288359542
hm-a10-g1-L3p5-n2-beta0__N0080__Aplus_0p01,hm-a10-g1-L3p5-n2-beta0__N0080__Aminus_0p01,hm-a10-g1-L3p5-n2-beta0,80,0.01,30,1.3125,9.992923950789748,9.99831982739687
hm-a10-g1-L3p5-n2-beta0__N0080__Aplus_0p01,hm-a10-g1-L3p5-n2-beta0__N0080__Aminus_0p01,hm-a10-g1-L3p5-n2-beta0,80,0.01,31,1.35625,9.992392848881257,9.998193694479266
hm-a10-g1-L3p5-n2-beta0__N0080__Aplus_0p01,hm-a10-g1-L3p5-n2-beta0__N0080__Aminus_0p01,hm-a10-g1-L3p5-n2-beta0,80,0.01,32,1.4,9.99190858159515,9.99807866474269
hm-a10-g1-L3p5-n2-beta0__N0080__Aplus_0p01,hm-a10-g1-L3p5-n2-beta0__N0080__Aminus_0p01,hm-a10-g1-L3p5-n2-beta0,80,0.01,33,1.4437499999999999,9.991474100660065,9.997975444930892
hm-a10-g1-L3p5-n2-beta0__N0080__Aplus_0p01,hm-a10-g1-L3p5-n2-beta0__N0080__Aminus_0p01,hm-a10-g1-L3p5-n2-beta0,80,0.01,34,1.4874999999999998,9.99109205256392,9.997884669098363
hm-a10-g1-L3p5-n2-beta0__N0080__Aplus_0p01,hm-a10-g1-L3p5-n2-beta0__N0080__Aminus_0p01,hm-a10-g1-L3p5-n2-beta0,80,0.01,35,1.53125,9.990764763026952,9.997806894758419
hm-a10-g1-L3p5-n2-beta0__N0080__Aplus_0p01,hm-a10-g1-L3p5-n2-beta0__N0080__Aminus_0p01,hm-a10-g1-L3p5-n2-beta0,80,0.01,36,1.575,9.990494223390824,9.997742599498743
hm-a10-g1-L3p5-n2-beta0__N0080__Aplus_0p01,hm-a10-g1-L3p5-n2-beta0__N0080__Aminus_0p01,hm-a10-g1-L3p5-n2-beta0,80,0.01,37,1.61875,9.990282078989997,9.997692178083959
hm-a10-g1-L3p5-n2-beta0__N0080__Aplus_0p01,hm-a10-g1-L3p5-n2-beta0__N0080__Aminus_0p01,hm-a10-g1-L3p5-n2-beta0,80,0.01,38,1.6624999999999999,9.990129619561333,9.997655940061973
hm-a10-g1-L3p5-n2-beta0__N0080__Aplus_0p01,hm-a10-g1-L3p5-n2-beta0__N0080__Aminus_0p01,hm-a10-g1-L3p5-n2-beta0,80,0.01,39,1.7062499999999998,9.990037771737589,9.99763410788782
hm-a10-g1-L3p5-n2-beta0__N0080__Aplus_0p01,hm-a10-g1-L3p5-n2-beta0__N0080__Aminus_0p01,hm-a10-g1-L3p5-n2-beta0,80,0.01,40,1.75,9.990007093660335,9.99762681557583
hm-a10-g1-L3p5-n2-beta0__N0080__Aplus_0p01,hm-a10-g1-L3p5-n2-beta0__N0080__Aminus_0p01,hm-a10-g1-L3p5-n2-beta0,80,0.01,41,1.79375,9.99003777173759,9.99763410788782
hm-a10-g1-L3p5-n2-beta0__N0080__Aplus_0p01,hm-a10-g1-L3p5-n2-beta0__N0080__Aminus_0p01,hm-a10-g1-L3p5-n2-beta0,80,0.01,42,1.8375,9.990129619561339,9.997655940061975
hm-a10-g1-L3p5-n2-beta0__N0080__Aplus_0p01,hm-a10-g1-L3p5-n2-beta0__N0080__Aminus_0p01,hm-a10-g1-L3p5-n2-beta0,80,0.01,43,1.8812499999999999,9.990282078990006,9.997692178083966
hm-a10-g1-L3p5-n2-beta0__N0080__Aplus_0p01,hm-a10-g1-L3p5-n2-beta0__N0080__Aminus_0p01,hm-a10-g1-L3p5-n2-beta0,80,0.01,44,1.9249999999999998,9.990494223390833,9.997742599498753
hm-a10-g1-L3p5-n2-beta0__N0080__Aplus_0p01,hm-a10-g1-L3p5-n2-beta0__N0080__Aminus_0p01,hm-a10-g1-L3p5-n2-beta0,80,0.01,45,1.9687499999999998,9.990764763026965,9.997806894758433
hm-a10-g1-L3p5-n2-beta0__N0080__Aplus_0p01,hm-a10-g1-L3p5-n2-beta0__N0080__Aminus_0p01,hm-a10-g1-L3p5-n2-beta0,80,0.01,46,2.0124999999999997,9.991092052563937,9.997884669098381
hm-a10-g1-L3p5-n2-beta0__N0080__Aplus_0p01,hm-a10-g1-L3p5-n2-beta0__N0080__Aminus_0p01,hm-a10-g1-L3p5-n2-beta0,80,0.01,47,2.05625,9.991474100660085,9.997975444930914
hm-a10-g1-L3p5-n2-beta0__N0080__Aplus_0p01,hm-a10-g1-L3p5-n2-beta0__N0080__Aminus_0p01,hm-a10-g1-L3p5-n2-beta0,80,0.01,48,2.0999999999999996,9.991908581595174,9.998078664742714
hm-a10-g1-L3p5-n2-beta0__N0080__Aplus_0p01,hm-a10-g1-L3p5-n2-beta0__N0080__Aminus_0p01,hm-a10-g1-L3p5-n2-beta0,80,0.01,49,2.14375,9.992392848881288,9.99819369447929
hm-a10-g1-L3p5-n2-beta0__N0080__Aplus_0p01,hm-a10-g1-L3p5-n2-beta0__N0080__Aminus_0p01,hm-a10-g1-L3p5-n2-beta0,80,0.01,50,2.1875,9.992923950789784,9.998319827396895
hm-a10-g1-L3p5-n2-beta0__N0080__Aplus_0p01,hm-a10-g1-L3p5-n2-beta0__N0080__Aminus_0p01,hm-a10-g1-L3p5-n2-beta0,80,0.01,51,2.2312499999999997,9.993498647717784,9.998456288359565
hm-a10-g1-L3p5-n2-beta0__N0080__Aplus_0p01,hm-a10-g1-L3p5-n2-beta0__N0080__Aminus_0p01,hm-a10-g1-L3p5-n2-beta0,80,0.01,52,2.275,9.994113431307396,9.998602238556279
hm-a10-g1-L3p5-n2-beta0__N0080__Aplus_0p01,hm-a10-g1-L3p5-n2-beta0__N0080__Aminus_0p01,hm-a10-g1-L3p5-n2-beta0,80,0.01,53,2.3187499999999996,9.994764545220647,9.998756780610616
hm-a10-g1-L3p5-n2-beta0__N0080__Aplus_0p01,hm-a10-g1-L3p5-n2-beta0__N0080__Aminus_0p01,hm-a10-g1-L3p5-n2-beta0,80,0.01,54,2.3625,9.99544800746297,9.998918964053006
hm-a10-g1-L3p5-n2-beta0__N0080__Aplus_0p01,hm-a10-g1-L3p5-n2-beta0__N0080__Aminus_0p01,hm-a10-g1-L3p5-n2-beta0,80,0.01,55,2.40625,9.996159634138056,9.999087791123243
hm-a10-g1-L3p5-n2-beta0__N0080__Aplus_0p01,hm-a10-g1-L3p5-n2-beta0__N0080__Aminus_0p01,hm-a10-g1-L3p5-n2-beta0,80,0.01,56,2.4499999999999997,9.996895064507184,9.99926222286896
hm-a10-g1-L3p5-n2-beta0__N0080__Aplus_0p01,hm-a10-g1-L3p5-n2-beta0__N0080__Aminus_0p01,hm-a10-g1-L3p5-n2-beta0,80,0.01,57,2.49375,9.997649787216645,9.99944118550373
hm-a10-g1-L3p5-n2-beta0__N0080__Aplus_0p01,hm-a10-g1-L3p5-n2-beta0__N0080__Aminus_0p01,hm-a10-g1-L3p5-n2-beta0,80,0.01,58,2.5374999999999996,9.998419167547814,9.999623576986785
hm-a10-g1-L3p5-n2-beta0__N0080__Aplus_0p01,hm-a10-g1-L3p5-n2-beta0__N0080__Aminus_0p01,hm-a10-g1-L3p5-n2-beta0,80,0.01,59,2.58125,9.999198475535886,9.999808273784781
hm-a10-g1-L3p5-n2-beta0__N0080__Aplus_0p01,hm-a10-g1-L3p5-n2-beta0__N0080__Aminus_0p01,hm-a10-g1-L3p5-n2-beta0,80,0.01,60,2.625,9.99998291479525,9.99999413777474
hm-a10-g1-L3p5-n2-beta0__N0080__Aplus_0p01,hm-a10-g1-L3p5-n2-beta0__N0080__Aminus_0p01,hm-a10-g1-L3p5-n2-beta0,80,0.01,61,2.6687499999999997,10.000767651882313,10.000180023246184
hm-a10-g1-L3p5-n2-beta0__N0080__Aplus_0p01,hm-a10-g1-L3p5-n2-beta0__N0080__Aminus_0p01,hm-a10-g1-L3p5-n2-beta0,80,0.01,62,2.7125,10.001547846020053,10.000364783959691
hm-a10-g1-L3p5-n2-beta0__N0080__Aplus_0p01,hm-a10-g1-L3p5-n2-beta0__N0080__Aminus_0p01,hm-a10-g1-L3p5-n2-beta0,80,0.01,63,2.7562499999999996,10.002318679003148,10.000547280218475
hm-a10-g1-L3p5-n2-beta0__N0080__Aplus_0p01,hm-a10-g1-L3p5-n2-beta0__N0080__Aminus_0p01,hm-a10-g1-L3p5-n2-beta0,80,0.01,64,2.8,10.00307538509803,10.000726385909275
hm-a10-g1-L3p5-n2-beta0__N0080__Aplus_0p01,hm-a10-g1-L3p5-n2-beta0__N0080__Aminus_0p01,hm-a10-g1-L3p5-n2-beta0,80,0.01,65,2.84375,10.003813280749005,10.000900995468815
hm-a10-g1-L3p5-n2-beta0__N0080__Aplus_0p01,hm-a10-g1-L3p5-n2-beta0__N0080__Aminus_0p01,hm-a10-g1-L3p5-n2-beta0,80,0.01,66,2.8874999999999997,10.004527793899436,10.001070030732313
hm-a10-g1-L3p5-n2-beta0__N0080__Aplus_0p01,hm-a10-g1-L3p5-n2-beta0__N0080__Aminus_0p01,hm-a10-g1-L3p5-n2-beta0,80,0.01,67,2.93125,10.005214492736506,10.001232447620998
hm-a10-g1-L3p5-n2-beta0__N0080__Aplus_0p01,hm-a10-g1-L3p5-n2-beta0__N0080__Aminus_0p01,hm-a10-g1-L3p5-n2-beta0,80,0.01,68,2.9749999999999996,10.00586911366865,10.001387242626455
hm-a10-g1-L3p5-n2-beta0__N0080__Aplus_0p01,hm-a10-g1-L3p5-n2-beta0__N0080__Aminus_0p01,hm-a10-g1-L3p5-n2-beta0,80,0.01,69,3.01875,10.006487588347214,10.001533459050622
hm-a10-g1-L3p5-n2-beta0__N0080__Aplus_0p01,hm-a10-g1-L3p5-n2-beta0__N0080__Aminus_0p01,hm-a10-g1-L3p5-n2-beta0,80,0.01,70,3.0625,10.007066069547598,10.001670192961681
hm-a10-g1-L3p5-n2-beta0__N0080__Aplus_0p01,hm-a10-g1-L3p5-n2-beta0__N0080__Aminus_0p01,hm-a10-g1-L3p5-n2-beta0,80,0.01,71,3.1062499999999997,10.007600955730641,10.001796598827715
hm-a10-g1-L3p5-n2-beta0__N0080__Aplus_0p01,hm-a10-g1-L3p5-n2-beta0__N0080__Aminus_0p01,hm-a10-g1-L3p5-n2-beta0,80,0.01,72,3.15,10.008088914111989,10.001911894791865
hm-a10-g1-L3p5-n2-beta0__N0080__Aplus_0p01,hm-a10-g1-L3p5-n2-beta0__N0080__Aminus_0p01,hm-a10-g1-L3p5-n2-beta0,80,0.01,73,3.1937499999999996,10.008526902075753,10.002015367554973
hm-a10-g1-L3p5-n2-beta0__N0080__Aplus_0p01,hm-a10-g1-L3p5-n2-beta0__N0080__Aminus_0p01,hm-a10-g1-L3p5-n2-beta0,80,0.01,74,3.2375,10.008912186778975,10.002106376834037
hm-a10-g1-L3p5-n2-beta0__N0080__Aplus_0p01,hm-a10-g1-L3p5-n2-beta0__N0080__Aminus_0p01,hm-a10-g1-L3p5-n2-beta0,80,0.01,75,3.28125,10.009242362804958,10.002184359367504
hm-a10-g1-L3p5-n2-beta0__N0080__Aplus_0p01,hm-a10-g1-L3p5-n2-beta0__N0080__Aminus_0p01,hm-a10-g1-L3p5-n2-beta0,80,0.01,76,3.3249999999999997,10.0095153677366,10.002248832441266
hm-a10-g1-L3p5-n2-beta0__N0080__Aplus_0p01,hm-a10-g1-L3p5-n2-beta0__N0080__Aminus_0p01,hm-a10-g1-L3p5-n2-beta0,80,0.01,77,3.36875,10.009729495535181,10.002299396912312
hm-a10-g1-L3p5-n2-beta0__N0080__Aplus_0p01,hm-a10-g1-L3p5-n2-beta0__N0080__Aminus_0p01,hm-a10-g1-L3p5-n2-beta0,80,0.01,78,3.4124999999999996,10.009883407625555,10.002335739710215
hm-a10-g1-L3p5-n2-beta0__N0080__Aplus_0p01,hm-a10-g1-L3p5-n2-beta0__N0080__Aminus_0p01,hm-a10-g1-L3p5-n2-beta0,80,0.01,79,3.45625,10.009976141605252,10.002357635799997
hm-a10-g1-L3p5-n2-beta0__N0080__Aplus_0p01,hm-a10-g1-L3p5-n2-beta0__N0080__Aminus_0p01,hm-a10-g1-L3p5-n2-beta0,80,0.01,80,3.5,10.01000711751237,10.002364949593515
hm-a10-g1-L3p5-n2-beta0__N0080__Aplus_0p02,hm-a10-g1-L3p5-n2-beta0__N0080__Aminus_0p02,hm-a10-g1-L3p5-n2-beta0,80,0.02,0,0.0,10.020028517956952,10.004721666650727
hm-a10-g1-L3p5-n2-beta0__N0080__Aplus_0p02,hm-a10-g1-L3p5-n2-beta0__N0080__Aminus_0p02,hm-a10-g1-L3p5-n2-beta0,80,0.02,1,0.04375,10.019966266326907,10.004707017515688
hm-a10-g1-L3p5-n2-beta0__N0080__Aplus_0p02,hm-a10-g1-L3p5-n2-beta0__N0080__Aminus_0p02,hm-a10-g1-L3p5-n2-beta0,80,0.02,2,0.0875,10.019779906363677,10.004663161224721
hm-a10-g1-L3p5-n2-beta0__N0080__Aplus_0p02,hm-a10-g1-L3p5-n2-beta0__N0080__Aminus_0p02,hm-a10-g1-L3p5-n2-beta0,80,0.02,3,0.13124999999999998,10.01947062013515,10.004590370538764
hm-a10-g1-L3p5-n2-beta0__N0080__Aplus_0p02,hm-a10-g1-L3p5-n2-beta0__N0080__Aminus_0p02,hm-a10-g1-L3p5-n2-beta0,80,0.02,4,0.175,10.019040368735567,10.004489098125065
hm-a10-g1-L3p5-n2-beta0__N0080__Aplus_0p02,hm-a10-g1-L3p5-n2-beta0__N0080__Aminus_0p02,hm-a10-g1-L3p5-n2-beta0,80,0.02,5,0.21875,10.018491878840104,10.00435997366996
hm-a10-g1-L3p5-n2-beta0__N0080__Aplus_0p02,hm-a10-g1-L3p5-n2-beta0__N0080__Aminus_0p02,hm-a10-g1-L3p5-n2-beta0,80,0.02,6,0.26249999999999996,10.017828624045983,10.004203799865117
hm-a10-g1-L3p5-n2-beta0__N0080__Aplus_0p02,hm-a10-g1-L3p5-n2-beta0__N0080__Aminus_0p02,hm-a10-g1-L3p5-n2-beta0,80,0.02,7,0.30624999999999997,10.01705480116207,10.004021547295242
hm-a10-g1-L3p5-n2-beta0__N0080__Aplus_0p02,hm-a10-g1-L3p5-n2-beta0__N0080__Aminus_0p02,hm-a10-g1-L3p5-n2-beta0,80,0.02,8,0.35,10.016175301651293,10.003814348262887
hm-a10-g1-L3p5-n2-beta0__N0080__Aplus_0p02,hm-a10-g1-L3p5-n2-beta0__N0080__Aminus_0p02,hm-a10-g1-L3p5-n2-beta0,80,0.02,9,0.39375,10.015195678469839,10.003583489593188
hm-a10-g1-L3p5-n2-beta0__N0080__Aplus_0p02,hm-a10-g1-L3p5-n2-beta0__N0080__Aminus_0p02,hm-a10-g1-L3p5-n2-beta0,80,0.02,10,0.4375,10.014122108583425,10.003330404468219
hm-a10-g1-L3p5-n2-beta0__N0080__Aplus_0p02,hm-a10-g1-L3p5-n2-beta0__N0080__Aminus_0p02,hm-a10-g1-L3p5-n2-beta0,80,0.02,11,0.48124999999999996,10.012961351473583,10.003056663347092
hm-a10-g1-L3p5-n2-beta0__N0080__Aplus_0p02,hm-a10-g1-L3p5-n2-beta0__N0080__Aminus_0p02,hm-a10-g1-L3p5-n2-beta0,80,0.02,12,0.5249999999999999,10.011720703975444,10.002763964033846
hm-a10-g1-L3p5-n2-beta0__N0080__Aplus_0p02,hm-a10-g1-L3p5-n2-beta0__N0080__Aminus_0p02,hm-a10-g1-L3p5-n2-beta0,80,0.02,13,0.56875,10.010407951812839,10.002454120960557
hm-a10-g1-L3p5-n2-beta0__N0080__Aplus_0p02,hm-a10-g1-L3p5-n2-beta0__N0080__Aminus_0p02,hm-a10-g1-L3p5-n2-beta0,80,0.02,14,0.6124999999999999,10.009031318216294,10.002129053757901
hm-a10-g1-L3p5-n2-beta0__N0080__Aplus_0p02,hm-a10-g1-L3p5-n2-beta0__N0080__Aminus_0p02,hm-a10-g1-L3p5-n2-beta0,80,0.02,15,0.65625,10.007599410024673,10.001790775189683
hm-a10-g1-L3p5-n2-beta0__N0080__Aplus_0p02,hm-a10-g1-L3p5-n2-beta0__N0080__Aminus_0p02,hm-a10-g1-L3p5-n2-beta0,80,0.02,16,0.7,10.006121161681937,10.001441378531348
hm-a10-g1-L3p5-n2-beta0__N0080__Aplus_0p02,hm-a10-g1-L3p5-n2-beta0__N0080__Aminus_0p02,hm-a10-g1-L3p5-n2-beta0,80,0.02,17,0.7437499999999999,10.004605777546532,10.001083024475578
hm-a10-g1-L3p5-n2-beta0__N0080__Aplus_0p02,hm-a10-g1-L3p5-n2-beta0__N0080__Aminus_0p02,hm-a10-g1-L3p5-n2-beta0,80,0.02,18,0.7875,10.003062672932725,10.00071792765026
hm-a10-g1-L3p5-n2-beta0__N0080__Aplus_0p02,hm-a10-g1-L3p5-n2-beta0__N0080__Aminus_0p02,hm-a10-g1-L3p5-n2-beta0,80,0.02,19,0.8312499999999999,10.001501414300927,10.000348342835927
hm-a10-g1-L3p5-n2-beta0__N0080__Aplus_0p02,hm-a10-g1-L3p5-n2-beta0__N0080__Aminus_0p02,hm-a10-g1-L3p5-n2-beta0,80,0.02,20,0.875,9.999931659007757,9.999976550970743
hm-a10-g1-L3p5-n2-beta0__N0080__Aplus_0p02,hm-a10-g1-L3p5-n2-beta0__N0080__Aminus_0p02,hm-a10-g1-L3p5-n2-beta0,80,0.02,21,0.91875,9.998363095017021,9.999604845031582
hm-a10-g1-L3p5-n2-beta0__N0080__Aplus_0p02,hm-a10-g1-L3p5-n2-beta0__N0080__Aminus_0p02,hm-a10-g1-L3p5-n2-beta0,80,0.02,22,0.9624999999999999,9.996805380959978,9.999235515879558
hm-a10-g1-L3p5-n2-beta0__N0080__Aplus_0p02,hm-a10-g1-L3p5-n2-beta0__N0080__Aminus_0p02,hm-a10-g1-L3p5-n2-beta0,80,0.02,23,1.0062499999999999,9.995268086917731,9.998870838157654
hm-a10-g1-L3p5-n2-beta0__N0080__Aplus_0p02,hm-a10-g1-L3p5-n2-beta0__N0080__Aminus_0p02,hm-a10-g1-L3p5-n2-beta0,80,0.02,24,1.0499999999999998,9.993760636280868,9.998513056326795
hm-a10-g1-L3p5-n2-beta0__N0080__Aplus_0p02,hm-a10-g1-L3p5-n2-beta0__N0080__Aminus_0p02,hm-a10-g1-L3p5-n2-beta0,80,0.02,25,1.09375,9.992292249021823,9.998164370924929
hm-a10-g1-L3p5-n2-beta0__N0080__Aplus_0p02,hm-a10-g1-L3p5-n2-beta0__N0080__Aminus_0p02,hm-a10-g1-L3p5-n2-beta0,80,0.02,26,1.1375,9.990871886694435,9.997826925131395
hm-a10-g1-L3p5-n2-beta0__N0080__Aplus_0p02,hm-a10-g1-L3p5-n2-beta0__N0080__Aminus_0p02,hm-a10-g1-L3p5-n2-beta0,80,0.02,27,1.18125,9.989508199453184,9.99750279171612
hm-a10-g1-L3p5-n2-beta0__N0080__Aplus_0p02,hm-a10-g1-L3p5-n2-beta0__N0080__Aminus_0p02,hm-a10-g1-L3p5-n2-beta0,80,0.02,28,1.2249999999999999,9.988209475361925,9.997193960450097
hm-a10-g1-L3p5-n2-beta0__N0080__Aplus_0p02,hm-a10-g1-L3p5-n2-beta0__N0080__Aminus_0p02,hm-a10-g1-L3p5-n2-beta0,80,0.02,29,1.2687499999999998,9.986983592239241,9.996902326050066
hm-a10-g1-L3p5-n2-beta0__N0080__Aplus_0p02,hm-a10-g1-L3p5-n2-beta0__N0080__Aminus_0p02,hm-a10-g1-L3p5-n2-beta0,80,0.02,30,1.3125,9.985837972264726,9.996629676726469
hm-a10-g1-L3p5-n2-beta0__N0080__Aplus_0p02,hm-a10-g1-L3p5-n2-beta0__N0080__Aminus_0p02,hm-a10-g1-L3p5-n2-beta0,80,0.02,31,1.35625,9.984779539548267,9.996377683399695
hm-a10-g1-L3p5-n2-beta0__N0080__Aplus_0p02,hm-a10-g1-L3p5-n2-beta0__N0080__Aminus_0p02,hm-a10-g1-L3p5-n2-beta0,80,0.02,32,1.4,9.983814680842766,9.996147889645135
hm-a10-g1-L3p5-n2-beta0__N0080__Aplus_0p02,hm-a10-g1-L3p5-n2-beta0__N0080__Aminus_0p02,hm-a10-g1-L3p5-n2-beta0,80,0.02,33,1.4437499999999999,9.982949209559862,9.99594170242305
hm-a10-g1-L3p5-n2-beta0__N0080__Aplus_0p02,hm-a10-g1-L3p5-n2-beta0__N0080__Aminus_0p02,hm-a10-g1-L3p5-n2-beta0,80,0.02,34,1.4874999999999998,9.98218833322848,9.995760383644338
hm-a10-g1-L3p5-n2-beta0__N0080__Aplus_0p02,hm-a10-g1-L3p5-n2-beta0__N0080__Aminus_0p02,hm-a10-g1-L3p5-n2-beta0,80,0.02,35,1.53125,9.981536624517231,9.995605042618376
hm-a10-g1-L3p5-n2-beta0__N0080__Aplus_0p02,hm-a10-g1-L3p5-n2-beta0__N0080__Aminus_0p02,hm-a10-g1-L3p5-n2-beta0,80,0.02,36,1.575,9.980997995924096,9.995476629423935
hm-a10-g1-L3p5-n2-beta0__N0080__Aplus_0p02,hm-a10-g1-L3p5-n2-beta0__N0080__Aminus_0p02,hm-a10-g1-L3p5-n2-beta0,80,0.02,37,1.61875,9.980575678220294,9.995375929238929
hm-a10-g1-L3p5-n2-beta0__N0080__Aplus_0p02,hm-a10-g1-L3p5-n2-beta0__N0080__Aminus_0p02,hm-a10-g1-L3p5-n2-beta0,80,0.02,38,1.6624999999999999,9.980272202719854,9.995303557659387
hm-a10-g1-L3p5-n2-beta0__N0080__Aplus_0p02,hm-a10-g1-L3p5-n2-beta0__N0080__Aminus_0p02,hm-a10-g1-L3p5-n2-beta0,80,0.02,39,1.7062499999999998,9.980089387431875,9.995259957032658
hm-a10-g1-L3p5-n2-beta0__N0080__Aplus_0p02,hm-a10-g1-L3p5-n2-beta0__N0080__Aminus_0p02,hm-a10-g1-L3p5-n2-beta0,80,0.02,40,1.75,9.980028327138896,9.995245393824307
hm-a10-g1-L3p5-n2-beta0__N0080__Aplus_0p02,hm-a10-g1-L3p5-n2-beta0__N0080__Aminus_0p02,hm-a10-g1-L3p5-n2-beta0,80,0.02,41,1.79375,9.980089387431878,9.99525995703266
hm-a10-g1-L3p5-n2-beta0__N0080__Aplus_0p02,hm-a10-g1-L3p5-n2-beta0__N0080__Aminus_0p02,hm-a10-g1-L3p5-n2-beta0,80,0.02,42,1.8375,9.98027220271986,9.99530355765939
hm-a10-g1-L3p5-n2-beta0__N0080__Aplus_0p02,hm-a10-g1-L3p5-n2-beta0__N0080__Aminus_0p02,hm-a10-g1-L3p5-n2-beta0,80,0.02,43,1.8812499999999999,9.980575678220301,9.995375929238937
hm-a10-g1-L3p5-n2-beta0__N0080__Aplus_0p02,hm-a10-g1-L3p5-n2-beta0__N0080__Aminus_0p02,hm-a10-g1-L3p5-n2-beta0,80,0.02,44,1.9249999999999998,9.980997995924104,9.99547662942395
hm-a10-g1-L3p5-n2-beta0__N0080__Aplus_0p02,hm-a10-g1-L3p5-n2-beta0__N0080__Aminus_0p02,hm-a10-g1-L3p5-n2-beta0,80,0.02,45,1.9687499999999998,9.981536624517243,9.995605042618394
hm-a10-g1-L3p5-n2-beta0__N0080__Aplus_0p02,hm-a10-g1-L3p5-n2-beta0__N0080__Aminus_0p02,hm-a10-g1-L3p5-n2-beta0,80,0.02,46,2.0124999999999997,9.982188333228494,9.99576038364436
hm-a10-g1-L3p5-n2-beta0__N0080__Aplus_0p02,hm-a10-g1-L3p5-n2-beta0__N0080__Aminus_0p02,hm-a10-g1-L3p5-n2-beta0,80,0.02,47,2.05625,9.98294920955988,9.995941702423075
hm-a10-g1-L3p5-n2-beta0__N0080__Aplus_0p02,hm-a10-g1-L3p5-n2-beta0__N0080__Aminus_0p02,hm-a10-g1-L3p5-n2-beta0,80,0.02,48,2.0999999999999996,9.983814680842789,9.996147889645158
hm-a10-g1-L3p5-n2-beta0__N0080__Aplus_0p02,hm-a10-g1-L3p5-n2-beta0__N0080__Aminus_0p02,hm-a10-g1-L3p5-n2-beta0,80,0.02,49,2.14375,9.984779539548294,9.996377683399716
hm-a10-g1-L3p5-n2-beta0__N0080__Aplus_0p02,hm-a10-g1-L3p5-n2-beta0__N0080__Aminus_0p02,hm-a10-g1-L3p5-n2-beta0,80,0.02,50,2.1875,9.985837972264756,9.99662967672649
hm-a10-g1-L3p5-n2-beta0__N0080__Aplus_0p02,hm-a10-g1-L3p5-n2-beta0__N0080__Aminus_0p02,hm-a10-g1-L3p5-n2-beta0,80,0.02,51,2.2312499999999997,9.986983592239277,9.996902326050087
hm-a10-g1-L3p5-n2-beta0__N0080__Aplus_0p02,hm-a10-g1-L3p5-n2-beta0__N0080__Aminus_0p02,hm-a10-g1-L3p5-n2-beta0,80,0.02,52,2.275,9.988209475361966,9.997193960450119
hm-a10-g1-L3p5-n2-beta0__N0080__Aplus_0p02,hm-a10-g1-L3p5-n2-beta0__N0080__Aminus_0p02,hm-a10-g1-L3p5-n2-beta0,80,0.02,53,2.3187499999999996,9.98950819945323,9.99750279171614
hm-a10-g1-L3p5-n2-beta0__N0080__Aplus_0p02,hm-a10-g1-L3p5-n2-beta0__N0080__Aminus_0p02,hm-a10-g1-L3p5-n2-beta0,80,0.02,54,2.3625,9.990871886694487,9.997826925131415
hm-a10-g1-L3p5-n2-beta0__N0080__Aplus_0p02,hm-a10-g1-L3p5-n2-beta0__N0080__Aminus_0p02,hm-a10-g1-L3p5-n2-beta0,80,0.02,55,2.40625,9.99229224902188,9.998164370924947
hm-a10-g1-L3p5-n2-beta0__N0080__Aplus_0p02,hm-a10-g1-L3p5-n2-beta0__N0080__Aminus_0p02,hm-a10-g1-L3p5-n2-beta0,80,0.02,56,2.4499999999999997,9.993760636280932,9.998513056326809
hm-a10-g1-L3p5-n2-beta0__N0080__Aplus_0p02,hm-a10-g1-L3p5-n2-beta0__N0080__Aminus_0p02,hm-a10-g1-L3p5-n2-beta0,80,0.02,57,2.49375,9.995268086917799,9.998870838157668
hm-a10-g1-L3p5-n2-beta0__N0080__Aplus_0p02,hm-a10-g1-L3p5-n2-beta0__N0080__Aminus_0p02,hm-a10-g1-L3p5-n2-beta0,80,0.02,58,2.5374999999999996,9.99680538096005,9.999235515879569
hm-a10-g1-L3p5-n2-beta0__N0080__Aplus_0p02,hm-a10-g1-L3p5-n2-beta0__N0080__Aminus_0p02,hm-a10-g1-L3p5-n2-beta0,80,0.02,59,2.58125,9.998363095017096,9.999604845031591
hm-a10-g1-L3p5-n2-beta0__N0080__Aplus_0p02,hm-a10-g1-L3p5-n2-beta0__N0080__Aminus_0p02,hm-a10-g1-L3p5-n2-beta0,80,0.02,60,2.625,9.999931659007835,9.999976550970752
hm-a10-g1-L3p5-n2-beta0__N0080__Aplus_0p02,hm-a10-g1-L3p5-n2-beta0__N0080__Aminus_0p02,hm-a10-g1-L3p5-n2-beta0,80,0.02,61,2.6687499999999997,10.001501414301007,10.000348342835936
hm-a10-g1-L3p5-n2-beta0__N0080__Aplus_0p02,hm-a10-g1-L3p5-n2-beta0__N0080__Aminus_0p02,hm-a10-g1-L3p5-n2-beta0,80,0.02,62,2.7125,10.003062672932804,10.000717927650271
hm-a10-g1-L3p5-n2-beta0__N0080__Aplus_0p02,hm-a10-g1-L3p5-n2-beta0__N0080__Aminus_0p02,hm-a10-g1-L3p5-n2-beta0,80,0.02,63,2.7562499999999996,10.00460577754661,10.001083024475589
hm-a10-g1-L3p5-n2-beta0__N0080__Aplus_0p02,hm-a10-g1-L3p5-n2-beta0__N0080__Aminus_0p02,hm-a10-g1-L3p5-n2-beta0,80,0.02,64,2.8,10.006121161682016,10.001441378531359
hm-a10-g1-L3p5-n2-beta0__N0080__Aplus_0p02,hm-a10-g1-L3p5-n2-beta0__N0080__Aminus_0p02,hm-a10-g1-L3p5-n2-beta0,80,0.02,65,2.84375,10.00759941002475,10.001790775189694
hm-a10-g1-L3p5-n2-beta0__N0080__Aplus_0p02,hm-a10-g1-L3p5-n2-beta0__N0080__Aminus_0p02,hm-a10-g1-L3p5-n2-beta0,80,0.02,66,2.8874999999999997,10.009031318216367,10.002129053757914
hm-a10-g1-L3p5-n2-beta0__N0080__Aplus_0p02,hm-a10-g1-L3p5-n2-beta0__N0080__Aminus_0p02,hm-a10-g1-L3p5-n2-beta0,80,0.02,67,2.93125,10.01040795181291,10.002454120960568
hm-a10-g1-L3p5-n2-beta0__N0080__Aplus_0p02,hm-a10-g1-L3p5-n2-beta0__N0080__Aminus_0p02,hm-a10-g1-L3p5-n2-beta0,80,0.02,68,2.9749999999999996,10.01172070397551,10.002763964033859
hm-a10-g1-L3p5-n2-beta0__N0080__Aplus_0p02,hm-a10-g1-L3p5-n2-beta0__N0080__Aminus_0p02,hm-a10-g1-L3p5-n2-beta0,80,0.02,69,3.01875,10.012961351473646,10.003056663347106
hm-a10-g1-L3p5-n2-beta0__N0080__Aplus_0p02,hm-a10-g1-L3p5-n2-beta0__N0080__Aminus_0p02,hm-a10-g1-L3p5-n2-beta0,80,0.02,70,3.0625,10.014122108583482,10.003330404468239
hm-a10-g1-L3p5-n2-beta0__N0080__Aplus_0p02,hm-a10-g1-L3p5-n2-beta0__N0080__Aminus_0p02,hm-a10-g1-L3p5-n2-beta0,80,0.02,71,3.1062499999999997,10.01519567846989,10.003583489593211
hm-a10-g1-L3p5-n2-beta0__N0080__Aplus_0p02,hm-a10-g1-L3p5-n2-beta0__N0080__Aminus_0p02,hm-a10-g1-L3p5-n2-beta0,80,0.02,72,3.15,10.016175301651339,10.003814348262914
hm-a10-g1-L3p5-n2-beta0__N0080__Aplus_0p02,hm-a10-g1-L3p5-n2-beta0__N0080__Aminus_0p02,hm-a10-g1-L3p5-n2-beta0,80,0.02,73,3.1937499999999996,10.01705480116211,10.004021547295272
hm-a10-g1-L3p5-n2-beta0__N0080__Aplus_0p02,hm-a10-g1-L3p5-n2-beta0__N0080__Aminus_0p02,hm-a10-g1-L3p5-n2-beta0,80,0.02,74,3.2375,10.01782862404602,10.004203799865152
hm-a10-g1-L3p5-n2-beta0__N0080__Aplus_0p02,hm-a10-g1-L3p5-n2-beta0__N0080__Aminus_0p02,hm-a10-g1-L3p5-n2-beta0,80,0.02,75,3.28125,10.018491878840136,10.004359973669997
hm-a10-g1-L3p5-n2-beta0__N0080__Aplus_0p02,hm-a10-g1-L3p5-n2-beta0__N0080__Aminus_0p02,hm-a10-g1-L3p5-n2-beta0,80,0.02,76,3.3249999999999997,10.019040368735595,10.004489098125102
hm-a10-g1-L3p5-n2-beta0__N0080__Aplus_0p02,hm-a10-g1-L3p5-n2-beta0__N0080__Aminus_0p02,hm-a10-g1-L3p5-n2-beta0,80,0.02,77,3.36875,10.019470620135175,10.004590370538802
hm-a10-g1-L3p5-n2-beta0__N0080__Aplus_0p02,hm-a10-g1-L3p5-n2-beta0__N0080__Aminus_0p02,hm-a10-g1-L3p5-n2-beta0,80,0.02,78,3.4124999999999996,10.019779906363699,10.00466316122476
hm-a10-g1-L3p5-n2-beta0__N0080__Aplus_0p02,hm-a10-g1-L3p5-n2-beta0__N0080__Aminus_0p02,hm-a10-g1-L3p5-n2-beta0,80,0.02,79,3.45625,10.019966266326929,10.004707017515726
hm-a10-g1-L3p5-n2-beta0__N0080__Aplus_0p02,hm-a10-g1-L3p5-n2-beta0__N0080__Aminus_0p02,hm-a10-g1-L3p5-n2-beta0,80,0.02,80,3.5,10.020028517956971,10.004721666650765
hm-a10-g1-L3p5-n2-beta0__N0160__Aminus_0p02,hm-a10-g1-L3p5-n2-beta0__N0160__Aplus_0p02,hm-a10-g1-L3p5-n2-beta0,160,-0.02,0,0.0,9.980028220929023,9.995246746707476
hm-a10-g1-L3p5-n2-beta0__N0160__Aminus_0p02,hm-a10-g1-L3p5-n2-beta0__N0160__Aplus_0p02,hm-a10-g1-L3p5-n2-beta0,160,-0.02,1,0.021875,9.98004349195047,9.995250387858663
hm-a10-g1-L3p5-n2-beta0__N0160__Aminus_0p02,hm-a10-g1-L3p5-n2-beta0__N0160__Aplus_0p02,hm-a10-g1-L3p5-n2-beta0,160,-0.02,2,0.04375,9.980089282148406,9.995261305747148
hm-a10-g1-L3p5-n2-beta0__N0160__Aminus_0p02,hm-a10-g1-L3p5-n2-beta0__N0160__Aplus_0p02,hm-a10-g1-L3p5-n2-beta0,160,-0.02,3,0.06562499999999999,9.980165522954742,9.995279483685987
hm-a10-g1-L3p5-n2-beta0__N0160__Aminus_0p02,hm-a10-g1-L3p5-n2-beta0__N0160__Aplus_0p02,hm-a10-g1-L3p5-n2-beta0,160,-0.02,4,0.0875,9.980272100193051,9.99530489389119
hm-a10-g1-L3p5-n2-beta0__N0160__Aminus_0p02,hm-a10-g1-L3p5-n2-beta0__N0160__Aplus_0p02,hm-a10-g1-L3p5-n2-beta0,160,-0.02,5,0.109375,9.980408854234089,9.995337497523062
hm-a10-g1-L3p5-n2-beta0__N0160__Aminus_0p02,hm-a10-g1-L3p5-n2-beta0__N0160__Aplus_0p02,hm-a10-g1-L3p5-n2-beta0,160,-0.02,6,0.13124999999999998,9.980575580213324,9.995377244744006
hm-a10-g1-L3p5-n2-beta0__N0160__Aminus_0p02,hm-a10-g1-L3p5-n2-beta0__N0160__Aplus_0p02,hm-a10-g1-L3p5-n2-beta0,160,-0.02,7,0.15312499999999998,9.980772028310376,9.995424074792702
hm-a10-g1-L3p5-n2-beta0__N0160__Aminus_0p02,hm-a10-g1-L3p5-n2-beta0__N0160__Aplus_0p02,hm-a10-g1-L3p5-n2-beta0,160,-0.02,8,0.175,9.98099790409009,9.995477916074574
hm-a10-g1-L3p5-n2-beta0__N0160__Aminus_0p02,hm-a10-g1-L3p5-n2-beta0__N0160__Aplus_0p02,hm-a10-g1-L3p5-n2-beta0,160,-0.02,9,0.196875,9.981252868905019,9.995538686268429
hm-a10-g1-L3p5-n2-beta0__N0160__Aminus_0p02,hm-a10-g1-L3p5-n2-beta0__N0160__Aplus_0p02,hm-a10-g1-L3p5-n2-beta0,160,-0.02,10,0.21875,9.981536540358988,9.995606292449107
hm-a10-g1-L3p5-n2-beta0__N0160__Aminus_0p02,hm-a10-g1-L3p5-n2-beta0__N0160__Aplus_0p02,hm-a10-g1-L3p5-n2-beta0,160,-0.02,11,0.24062499999999998,9.981848492831391,9.995680631225998
hm-a10-g1-L3p5-n2-beta0__N0160__Aminus_0p02,hm-a10-g1-L3p5-n2-beta0__N0160__Aplus_0p02,hm-a10-g1-L3p5-n2-beta0,160,-0.02,12,0.26249999999999996,9.98218825806177,9.995761588897237
hm-a10-g1-L3p5-n2-beta0__N0160__Aminus_0p02,hm-a10-g1-L3p5-n2-beta0__N0160__Aplus_0p02,hm-a10-g1-L3p5-n2-beta0,160,-0.02,13,0.284375,9.982555325794248,9.995849041619362
hm-a10-g1-L3p5-n2-beta0__N0160__Aminus_0p02,hm-a10-g1-L3p5-n2-beta0__N0160__Aplus_0p02,hm-a10-g1-L3p5-n2-beta0,160,-0.02,14,0.30624999999999997,9.98294914448124,9.99594285559222
hm-a10-g1-L3p5-n2-beta0__N0160__Aminus_0p02,hm-a10-g1-L3p5-n2-beta0__N0160__Aplus_0p02,hm-a10-g1-L3p5-n2-beta0,160,-0.02,15,0.328125,9.98336912204591,9.99604288725887
hm-a10-g1-L3p5-n2-beta0__N0160__Aminus_0p02,hm-a10-g1-L3p5-n2-beta0__N0160__Aplus_0p02,hm-a10-g1-L3p5-n2-beta0,160,-0.02,16,0.35,9.983814626702658,9.996148983520198
hm-a10-g1-L3p5-n2-beta0__N0160__Aminus_0p02,hm-a10-g1-L3p5-n2-beta0__N0160__Aplus_0p02,hm-a10-g1-L3p5-n2-beta0,160,-0.02,17,0.37187499999999996,9.984284987834993,9.996260981963987
hm-a10-g1-L3p5-n2-beta0__N0160__Aminus_0p02,hm-a10-g1-L3p5-n2-beta0__N0160__Aplus_0p02,hm-a10-g1-L3p5-n2-beta0,160,-0.02,18,0.39375,9.984779496929983,9.996378711108088
hm-a10-g1-L3p5-n2-beta0__N0160__Aminus_0p02,hm-a10-g1-L3p5-n2-beta0__N0160__Aplus_0p02,hm-a10-g1-L3p5-n2-beta0,160,-0.02,19,0.41562499999999997,9.98529740856844,9.99650199065741
hm-a10-g1-L3p5-n2-beta0__N0160__Aminus_0p02,hm-a10-g1-L3p5-n2-beta0__N0160__Aplus_0p02,hm-a10-g1-L3p5-n2-beta0,160,-0.02,20,0.4375,9.985837941469946,9.996630631774332
hm-a10-g1-L3p5-n2-beta0__N0160__Aminus_0p02,hm-a10-g1-L3p5-n2-beta0__N0160__Aplus_0p02,hm-a10-g1-L3p5-n2-beta0,160,-0.02,21,0.459375,9.98640027959172,9.996764437362199
hm-a10-g1-L3p5-n2-beta0__N0160__Aminus_0p02,hm-a10-g1-L3p5-n2-beta0__N0160__Aplus_0p02,hm-a10-g1-L3p5-n2-beta0,160,-0.02,22,0.48124999999999996,9.986983573280305,9.996903202361498
hm-a10-g1-L3p5-n2-beta0__N0160__Aminus_0p02,hm-a10-g1-L3p5-n2-beta0__N0160__Aplus_0p02,hm-a10-g1-L3p5-n2-beta0,160,-0.02,23,0.5031249999999999,9.987586940474898,9.997046714058301
hm-a10-g1-L3p5-n2-beta0__N0160__Aminus_0p02,hm-a10-g1-L3p5-n2-beta0__N0160__Aplus_0p02,hm-a10-g1-L3p5-n2-beta0,160,-0.02,24,0.5249999999999999,9.988209467961159,9.997194752404573
hm-a10-g1-L3p5-n2-beta0__N0160__Aminus_0p02,hm-a10-g1-L3p5-n2-beta0__N0160__Aplus_0p02,hm-a10-g1-L3p5-n2-beta0,160,-0.02,25,0.546875,9.98885021267418,9.997347090349843
hm-a10-g1-L3p5-n2-beta0__N0160__Aminus_0p02,hm-a10-g1-L3p5-n2-beta0__N0160__Aplus_0p02,hm-a10-g1-L3p5-n2-beta0,160,-0.02,26,0.56875,9.98950820304928,9.997503494183844
hm-a10-g1-L3p5-n2-beta0__N0160__Aminus_0p02,hm-a10-g1-L3p5-n2-beta0__N0160__Aplus_0p02,hm-a10-g1-L3p5-n2-beta0,160,-0.02,27,0.590625,9.990182440419142,9.997663723889579
hm-a10-g1-L3p5-n2-beta0__N0160__Aminus_0p02,hm-a10-g1-L3p5-n2-beta0__N0160__Aplus_0p02,hm-a10-g1-L3p5-n2-beta0,160,-0.02,28,0.6124999999999999,9.99087190045577,9.997827533506346
hm-a10-g1-L3p5-n2-beta0__N0160__Aminus_0p02,hm-a10-g1-L3p5-n2-beta0__N0160__Aplus_0p02,hm-a10-g1-L3p5-n2-beta0,160,-0.02,29,0.6343749999999999,9.99157553465565,9.997994671502209
hm-a10-g1-L3p5-n2-beta0__N0160__Aminus_0p02,hm-a10-g1-L3p5-n2-beta0__N0160__Aplus_0p02,hm-a10-g1-L3p5-n2-beta0,160,-0.02,30,0.65625,9.992292271866399,9.998164881155349
hm-a10-g1-L3p5-n2-beta0__N0160__Aminus_0p02,hm-a10-g1-L3p5-n2-beta0__N0160__Aplus_0p02,hm-a10-g1-L3p5-n2-beta0,160,-0.02,31,0.678125,9.993021019853094,9.99833790094379
hm-a10-g1-L3p5-n2-beta0__N0160__Aminus_0p02,hm-a10-g1-L3p5-n2-beta0__N0160__Aplus_0p02,hm-a10-g1-L3p5-n2-beta0,160,-0.02,32,0.7,9.993760666902428,9.998513464942908
hm-a10-g1-L3p5-n2-beta0__N0160__Aminus_0p02,hm-a10-g1-L3p5-n2-beta0__N0160__Aplus_0p02,hm-a10-g1-L3p5-n2-beta0,160,-0.02,33,0.7218749999999999,9.994510083462675,9.99869130323015
hm-a10-g1-L3p5-n2-beta0__N0160__Aminus_0p02,hm-a10-g1-L3p5-n2-beta0__N0160__Aplus_0p02,hm-a10-g1-L3p5-n2-beta0,160,-0.02,34,0.7437499999999999,9.995268123817425,9.998871142296379
hm-a10-g1-L3p5-n2-beta0__N0160__Aminus_0p02,hm-a10-g1-L3p5-n2-beta0__N0160__Aplus_0p02,hm-a10-g1-L3p5-n2-beta0,160,-0.02,35,0.765625,9.996033627790933,9.999052705463244
hm-a10-g1-L3p5-n2-beta0__N0160__Aminus_0p02,hm-a10-g1-L3p5-n2-beta0__N0160__Aplus_0p02,hm-a10-g1-L3p5-n2-beta0,160,-0.02,36,0.7875,9.99680542248283,9.999235713305948
hm-a10-g1-L3p5-n2-beta0__N0160__Aminus_0p02,hm-a10-g1-L3p5-n2-beta0__N0160__Aplus_0p02,hm-a10-g1-L3p5-n2-beta0,160,-0.02,37,0.809375,9.997582324029874,9.999419884080782
hm-a10-g1-L3p5-n2-beta0__N0160__Aminus_0p02,hm-a10-g1-L3p5-n2-beta0__N0160__Aplus_0p02,hm-a10-g1-L3p5-n2-beta0,160,-0.02,38,0.8312499999999999,9.998363139392326,9.999604934156809
hm-a10-g1-L3p5-n2-beta0__N0160__Aminus_0p02,hm-a10-g1-L3p5-n2-beta0__N0160__Aplus_0p02,hm-a10-g1-L3p5-n2-beta0,160,-0.02,39,0.8531249999999999,9.999146668162426,9.999790578451032
hm-a10-g1-L3p5-n2-beta0__N0160__Aminus_0p02,hm-a10-g1-L3p5-n2-beta0__N0160__Aplus_0p02,hm-a10-g1-L3p5-n2-beta0,160,-0.02,40,0.875,9.999931704392434,9.999976530866387
hm-a10-g1-L3p5-n2-beta0__N0160__Aminus_0p02,hm-a10-g1-L3p5-n2-beta0__N0160__Aplus_0p02,hm-a10-g1-L3p5-n2-beta0,160,-0.02,41,0.896875,10.000717038439515,10.00016250473191
hm-a10-g1-L3p5-n2-beta0__N0160__Aminus_0p02,hm-a10-g1-L3p5-n2-beta0__N0160__Aplus_0p02,hm-a10-g1-L3p5-n2-beta0,160,-0.02,42,0.91875,10.001501458824773,10.000348213244386
hm-a10-g1-L3p5-n2-beta0__N0160__Aminus_0p02,hm-a10-g1-L3p5-n2-beta0__N0160__Aplus_0p02,hm-a10-g1-L3p5-n2-beta0,160,-0.02,43,0.9406249999999999,10.002283754103598,10.000533369910832
hm-a10-g1-L3p5-n2-beta0__N0160__Aminus_0p02,hm-a10-g1-L3p5-n2-beta0__N0160__Aplus_0p02,hm-a10-g1-L3p5-n2-beta0,160,-0.02,44,0.9624999999999999,10.003062714744447,10.000717688991086
hm-a10-g1-L3p5-n2-beta0__N0160__Aminus_0p02,hm-a10-g1-L3p5-n2-beta0__N0160__Aplus_0p02,hm-a10-g1-L3p5-n2-beta0,160,-0.02,45,0.9843749999999999,10.003837135013113,10.000900885939874
hm-a10-g1-L3p5-n2-beta0__N0160__Aminus_0p02,hm-a10-g1-L3p5-n2-beta0__N0160__Aplus_0p02,hm-a10-g1-L3p5-n2-beta0,160,-0.02,46,1.0062499999999999,10.004605814859463,10.001082677847602
hm-a10-g1-L3p5-n2-beta0__N0160__Aminus_0p02,hm-a10-g1-L3p5-n2-beta0__N0160__Aplus_0p02,hm-a10-g1-L3p5-n2-beta0,160,-0.02,47,1.028125,10.005367561803594,10.001262783879218
hm-a10-g1-L3p5-n2-beta0__N0160__Aminus_0p02,hm-a10-g1-L3p5-n2-beta0__N0160__Aplus_0p02,hm-a10-g1-L3p5-n2-beta0,160,-0.02,48,1.0499999999999998,10.006121192818268,10.00144092571046
hm-a10-g1-L3p5-n2-beta0__N0160__Aminus_0p02,hm-a10-g1-L3p5-n2-beta0__N0160__Aplus_0p02,hm-a10-g1-L3p5-n2-beta0,160,-0.02,49,1.071875,10.006865536204511,10.001616827960758
hm-a10-g1-L3p5-n2-beta0__N0160__Aminus_0p02,hm-a10-g1-L3p5-n2-beta0__N0160__Aplus_0p02,hm-a10-g1-L3p5-n2-beta0,160,-0.02,50,1.09375,10.007599433457102,10.00179021862215
hm-a10-g1-L3p5-n2-beta0__N0160__Aminus_0p02,hm-a10-g1-L3p5-n2-beta0__N0160__Aplus_0p02,hm-a10-g1-L3p5-n2-beta0,160,-0.02,51,1.1156249999999999,10.008321741116816,10.00196082948347
hm-a10-g1-L3p5-n2-beta0__N0160__Aminus_0p02,hm-a10-g1-L3p5-n2-beta0__N0160__Aplus_0p02,hm-a10-g1-L3p5-n2-beta0,160,-0.02,52,1.1375,10.00903133260608,10.002128396549184
hm-a10-g1-L3p5-n2-beta0__N0160__Aminus_0p02,hm-a10-g1-L3p5-n2-beta0__N0160__Aplus_0p02,hm-a10-g1-L3p5-n2-beta0,160,-0.02,53,1.1593749999999998,10.009727100044826,10.002292660452133
hm-a10-g1-L3p5-n2-beta0__N0160__Aminus_0p02,hm-a10-g1-L3p5-n2-beta0__N0160__Aplus_0p02,hm-a10-g1-L3p5-n2-beta0,160,-0.02,54,1.18125,10.010407956043252,10.002453366859573
hm-a10-g1-L3p5-n2-beta0__N0160__Aminus_0p02,hm-a10-g1-L3p5-n2-beta0__N0160__Aplus_0p02,hm-a10-g1-L3p5-n2-beta0,160,-0.02,55,1.203125,10.01107283546819,10.002610266871796
hm-a10-g1-L3p5-n2-beta0__N0160__Aminus_0p02,hm-a10-g1-L3p5-n2-beta0__N0160__Aplus_0p02,hm-a10-g1-L3p5-n2-beta0,160,-0.02,56,1.2249999999999999,10.011720697179806,10.002763117412716
hm-a10-g1-L3p5-n2-beta0__N0160__Aminus_0p02,hm-a10-g1-L3p5-n2-beta0__N0160__Aplus_0p02,hm-a10-g1-L3p5-n2-beta0,160,-0.02,57,1.246875,10.012350525735421,10.002911681611751
hm-a10-g1-L3p5-n2-beta0__N0160__Aminus_0p02,hm-a10-g1-L3p5-n2-beta0__N0160__Aplus_0p02,hm-a10-g1-L3p5-n2-beta0,160,-0.02,58,1.2687499999999998,10.012961333057143,10.00305572917639
hm-a10-g1-L3p5-n2-beta0__N0160__Aminus_0p02,hm-a10-g1-L3p5-n2-beta0__N0160__Aplus_0p02,hm-a10-g1-L3p5-n2-beta0,160,-0.02,59,1.290625,10.013552160060163,10.003195036754795
hm-a10-g1-L3p5-n2-beta0__N0160__Aminus_0p02,hm-a10-g1-L3p5-n2-beta0__N0160__Aplus_0p02,hm-a10-g1-L3p5-n2-beta0,160,-0.02,60,1.3125,10.014122078238525,10.003329388287865
hm-a10-g1-L3p5-n2-beta0__N0160__Aminus_0p02,hm-a10-g1-L3p5-n2-beta0__N0160__Aplus_0p02,hm-a10-g1-L3p5-n2-beta0,160,-0.02,61,1.3343749999999999,10.014670191205283,10.003458575350157
hm-a10-g1-L3p5-n2-beta0__N0160__Aminus_0p02,hm-a10-g1-L3p5-n2-beta0__N0160__Aplus_0p02,hm-a10-g1-L3p5-n2-beta0,160,-0.02,62,1.35625,10.015195636183954,10.00358239747908
hm-a10-g1-L3p5-n2-beta0__N0160__Aminus_0p02,hm-a10-g1-L3p5-n2-beta0__N0160__Aplus_0p02,hm-a10-g1-L3p5-n2-beta0,160,-0.02,63,1.3781249999999998,10.015697585448336,10.003700662491822
hm-a10-g1-L3p5-n2-beta0__N0160__Aminus_0p02,hm-a10-g1-L3p5-n2-beta0__N0160__Aplus_0p02,hm-a10-g1-L3p5-n2-beta0,160,-0.02,64,1.4,10.01617524770773,10.003813186789477
hm-a10-g1-L3p5-n2-beta0__N0160__Aminus_0p02,hm-a10-g1-L3p5-n2-beta0__N0160__Aplus_0p02,hm-a10-g1-L3p5-n2-beta0,160,-0.02,65,1.421875,10.016627869434794,10.003919795647823
hm-a10-g1-L3p5-n2-beta0__N0160__Aminus_0p02,hm-a10-g1-L3p5-n2-beta0__N0160__Aplus_0p02,hm-a10-g1-L3p5-n2-beta0,160,-0.02,66,1.4437499999999999,10.017054736133273,10.004020323494295
hm-a10-g1-L3p5-n2-beta0__N0160__Aminus_0p02,hm-a10-g1-L3p5-n2-beta0__N0160__Aplus_0p02,hm-a10-g1-L3p5-n2-beta0,160,-0.02,67,1.465625,10.017455173542993,10.004114614170653
hm-a10-g1-L3p5-n2-beta0__N0160__Aminus_0p02,hm-a10-g1-L3p5-n2-beta0__N0160__Aplus_0p02,hm-a10-g1-L3p5-n2-beta0,160,-0.02,68,1.4874999999999998,10.017828548779617,10.004202521180904
hm-a10-g1-L3p5-n2-beta0__N0160__Aminus_0p02,hm-a10-g1-L3p5-n2-beta0__N0160__Aplus_0p02,hm-a10-g1-L3p5-n2-beta0,160,-0.02,69,1.509375,10.018174271406762,10.004283907924039
hm-a10-g1-L3p5-n2-beta0__N0160__Aminus_0p02,hm-a10-g1-L3p5-n2-beta0__N0160__Aplus_0p02,hm-a10-g1-L3p5-n2-beta0,160,-0.02,70,1.53125,10.018491794438225,10.004358647911209
hm-a10-g1-L3p5-n2-beta0__N0160__Aminus_0p02,hm-a10-g1-L3p5-n2-beta0__N0160__Aplus_0p02,hm-a10-g1-L3p5-n2-beta0,160,-0.02,71,1.5531249999999999,10.018780615268184,10.004426624966932
hm-a10-g1-L3p5-n2-beta0__N0160__Aminus_0p02,hm-a10-g1-L3p5-n2-beta0__N0160__Aplus_0p02,hm-a10-g1-L3p5-n2-beta0,160,-0.02,72,1.575,10.0190402765274,10.004487733414015
hm-a10-g1-L3p5-n2-beta0__N0160__Aminus_0p02,hm-a10-g1-L3p5-n2-beta0__N0160__Aplus_0p02,hm-a10-g1-L3p5-n2-beta0,160,-0.02,73,1.5968749999999998,10.019270366863571,10.004541878241831
hm-a10-g1-L3p5-n2-beta0__N0160__Aminus_0p02,hm-a10-g1-L3p5-n2-beta0__N0160__Aplus_0p02,hm-a10-g1-L3p5-n2-beta0,160,-0.02,74,1.61875,10.019470521644163,10.004588975257706
hm-a10-g1-L3p5-n2-beta0__N0160__Aminus_0p02,hm-a10-g1-L3p5-n2-beta0__N0160__Aplus_0p02,hm-a10-g1-L3p5-n2-beta0,160,-0.02,75,1.640625,10.019640423580215,10.00462895122111
hm-a10-g1-L3p5-n2-beta0__N0160__Aminus_0p02,hm-a10-g1-L3p5-n2-beta0__N0160__Aplus_0p02,hm-a10-g1-L3p5-n2-beta0,160,-0.02,76,1.6624999999999999,10.01977980326974,10.004661743960433
hm-a10-g1-L3p5-n2-beta0__N0160__Aminus_0p02,hm-a10-g1-L3p5-n2-beta0__N0160__Aplus_0p02,hm-a10-g1-L3p5-n2-beta0,160,-0.02,77,1.684375,10.019888439659553,10.004687302472155
hm-a10-g1-L3p5-n2-beta0__N0160__Aminus_0p02,hm-a10-g1-L3p5-n2-beta0__N0160__Aplus_0p02,hm-a10-g1-L3p5-n2-beta0,160,-0.02,78,1.7062499999999998,10.01996616042452,10.00470558700221
hm-a10-g1-L3p5-n2-beta0__N0160__Aminus_0p02,hm-a10-g1-L3p5-n2-beta0__N0160__Aplus_0p02,hm-a10-g1-L3p5-n2-beta0,160,-0.02,79,1.728125,10.020012842263387,10.004716569109434
hm-a10-g1-L3p5-n2-beta0__N0160__Aminus_0p02,hm-a10-g1-L3p5-n2-beta0__N0160__Aplus_0p02,hm-a10-g1-L3p5-n2-beta0,160,-0.02,80,1.75,10.020028411110568,10.004720231710948
hm-a10-g1-L3p5-n2-beta0__N0160__Aminus_0p02,hm-a10-g1-L3p5-n2-beta0__N0160__Aplus_0p02,hm-a10-g1-L3p5-n2-beta0,160,-0.02,81,1.7718749999999999,10.020012842263377,10.004716569109426
hm-a10-g1-L3p5-n2-beta0__N0160__Aminus_0p02,hm-a10-g1-L3p5-n2-beta0__N0160__Aplus_0p02,hm-a10-g1-L3p5-n2-beta0,160,-0.02,82,1.79375,10.019966160424499,10.004705587002196
hm-a10-g1-L3p5-n2-beta0__N0160__Aminus_0p02,hm-a10-g1-L3p5-n2-beta0__N0160__Aplus_0p02,hm-a10-g1-L3p5-n2-beta0,160,-0.02,83,1.8156249999999998,10.019888439659521,10.004687302472135
hm-a10-g1-L3p5-n2-beta0__N0160__Aminus_0p02,hm-a10-g1-L3p5-n2-beta0__N0160__Aplus_0p02,hm-a10-g1-L3p5-n2-beta0,160,-0.02,84,1.8375,10.019779803269696,10.004661743960412
hm-a10-g1-L3p5-n2-beta0__N0160__Aminus_0p02,hm-a10-g1-L3p5-n2-beta0__N0160__Aplus_0p02,hm-a10-g1-L3p5-n2-beta0,160,-0.02,85,1.8593749999999998,10.01964042358016,10.004628951221086
hm-a10-g1-L3p5-n2-beta0__N0160__Aminus_0p02,hm-a10-g1-L3p5-n2-beta0__N0160__Aplus_0p02,hm-a10-g1-L3p5-n2-beta0,160,-0.02,86,1.8812499999999999,10.019470521644097,10.004588975257679
hm-a10-g1-L3p5-n2-beta0__N0160__Aminus_0p02,hm-a10-g1-L3p5-n2-beta0__N0160__Aplus_0p02,hm-a10-g1-L3p5-n2-beta0,160,-0.02,87,1.903125,10.019270366863495,10.004541878241799
hm-a10-g1-L3p5-n2-beta0__N0160__Aminus_0p02,hm-a10-g1-L3p5-n2-beta0__N0160__Aplus_0p02,hm-a10-g1-L3p5-n2-beta0,160,-0.02,88,1.9249999999999998,10.019040276527313,10.00448773341398
hm-a10-g1-L3p5-n2-beta0__N0160__Aminus_0p02,hm-a10-g1-L3p5-n2-beta0__N0160__Aplus_0p02,hm-a10-g1-L3p5-n2-beta0,160,-0.02,89,1.946875,10.018780615268085,10.004426624966895
hm-a10-g1-L3p5-n2-beta0__N0160__Aminus_0p02,hm-a10-g1-L3p5-n2-beta0__N0160__Aplus_0p02,hm-a10-g1-L3p5-n2-beta0,160,-0.02,90,1.9687499999999998,10.018491794438114,10.00435864791117
hm-a10-g1-L3p5-n2-beta0__N0160__Aminus_0p02,hm-a10-g1-L3p5-n2-beta0__N0160__Aplus_0p02,hm-a10-g1-L3p5-n2-beta0,160,-0.02,91,1.9906249999999999,10.01817427140664,10.004283907923998
hm-a10-g1-L3p5-n2-beta0__N0160__Aminus_0p02,hm-a10-g1-L3p5-n2-beta0__N0160__Aplus_0p02,hm-a10-g1-L3p5-n2-beta0,160,-0.02,92,2.0124999999999997,10.017828548779484,10.00420252118086
hm-a10-g1-L3p5-n2-beta0__N0160__Aminus_0p02,hm-a10-g1-L3p5-n2-beta0__N0160__Aplus_0p02,hm-a10-g1-L3p5-n2-beta0,160,-0.02,93,2.034375,10.01745517354285,10.004114614170605
hm-a10-g1-L3p5-n2-beta0__N0160__Aminus_0p02,hm-a10-g1-L3p5-n2-beta0__N0160__Aplus_0p02,hm-a10-g1-L3p5-n2-beta0,160,-0.02,94,2.05625,10.017054736133119,10.004020323494244
hm-a10-g1-L3p5-n2-beta0__N0160__Aminus_0p02,hm-a10-g1-L3p5-n2-beta0__N0160__Aplus_0p02,hm-a10-g1-L3p5-n2-beta0,160,-0.02,95,2.078125,10.016627869434629,10.003919795647768
hm-a10-g1-L3p5-n2-beta0__N0160__Aminus_0p02,hm-a10-g1-L3p5-n2-beta0__N0160__Aplus_0p02,hm-a10-g1-L3p5-n2-beta0,160,-0.02,96,2.0999999999999996,10.016175247707553,10.003813186789419
hm-a10-g1-L3p5-n2-beta0__N0160__Aminus_0p02,hm-a10-g1-L3p5-n2-beta0__N0160__Aplus_0p02,hm-a10-g1-L3p5-n2-beta0,160,-0.02,97,2.1218749999999997,10.015697585448148,10.003700662491761
hm-a10-g1-L3p5-n2-beta0__N0160__Aminus_0p02,hm-a10-g1-L3p5-n2-beta0__N0160__Aplus_0p02,hm-a10-g1-L3p5-n2-beta0,160,-0.02,98,2.14375,10.015195636183757,10.003582397479015
hm-a10-g1-L3p5-n2-beta0__N0160__Aminus_0p02,hm-a10-g1-L3p5-n2-beta0__N0160__Aplus_0p02,hm-a10-g1-L3p5-n2-beta0,160,-0.02,99,2.165625,10.014670191205074,10.00345857535009
hm-a10-g1-L3p5-n2-beta0__N0160__Aminus_0p02,hm-a10-g1-L3p5-n2-beta0__N0160__Aplus_0p02,hm-a10-g1-L3p5-n2-beta0,160,-0.02,100,2.1875,10.014122078238307,10.003329388287796
hm-a10-g1-L3p5-n2-beta0__N0160__Aminus_0p02,hm-a10-g1-L3p5-n2-beta0__N0160__Aplus_0p02,hm-a10-g1-L3p5-n2-beta0,160,-0.02,101,2.2093749999999996,10.013552160059934,10.003195036754724
hm-a10-g1-L3p5-n2-beta0__N0160__Aminus_0p02,hm-a10-g1-L3p5-n2-beta0__N0160__Aplus_0p02,hm-a10-g1-L3p5-n2-beta0,160,-0.02,102,2.2312499999999997,10.012961333056904,10.003055729176317
hm-a10-g1-L3p5-n2-beta0__N0160__Aminus_0p02,hm-a10-g1-L3p5-n2-beta0__N0160__Aplus_0p02,hm-a10-g1-L3p5-n2-beta0,160,-0.02,103,2.253125,10.012350525735172,10.002911681611677
hm-a10-g1-L3p5-n2-beta0__N0160__Aminus_0p02,hm-a10-g1-L3p5-n2-beta0__N0160__Aplus_0p02,hm-a10-g1-L3p5-n2-beta0,160,-0.02,104,2.275,10.011720697179546,10.002763117412638
hm-a10-g1-L3p5-n2-beta0__N0160__Aminus_0p02,hm-a10-g1-L3p5-n2-beta0__N0160__Aplus_0p02,hm-a10-g1-L3p5-n2-beta0,160,-0.02,105,2.296875,10.01107283546792,10.002610266871715
hm-a10-g1-L3p5-n2-beta0__N0160__Aminus_0p02,hm-a10-g1-L3p5-n2-beta0__N0160__Aplus_0p02,hm-a10-g1-L3p5-n2-beta0,160,-0.02,106,2.3187499999999996,10.010407956042975,10.00245336685949
hm-a10-g1-L3p5-n2-beta0__N0160__Aminus_0p02,hm-a10-g1-L3p5-n2-beta0__N0160__Aplus_0p02,hm-a10-g1-L3p5-n2-beta0,160,-0.02,107,2.3406249999999997,10.00972710004454,10.002292660452051
hm-a10-g1-L3p5-n2-beta0__N0160__Aminus_0p02,hm-a10-g1-L3p5-n2-beta0__N0160__Aplus_0p02,hm-a10-g1-L3p5-n2-beta0,160,-0.02,108,2.3625,10.009031332605783,10.0021283965491
hm-a10-g1-L3p5-n2-beta0__N0160__Aminus_0p02,hm-a10-g1-L3p5-n2-beta0__N0160__Aplus_0p02,hm-a10-g1-L3p5-n2-beta0,160,-0.02,109,2.384375,10.008321741116513,10.001960829483387
hm-a10-g1-L3p5-n2-beta0__N0160__Aminus_0p02,hm-a10-g1-L3p5-n2-beta0__N0160__Aplus_0p02,hm-a10-g1-L3p5-n2-beta0,160,-0.02,110,2.40625,10.007599433456791,10.001790218622068
hm-a10-g1-L3p5-n2-beta0__N0160__Aminus_0p02,hm-a10-g1-L3p5-n2-beta0__N0160__Aplus_0p02,hm-a10-g1-L3p5-n2-beta0,160,-0.02,111,2.4281249999999996,10.00686553620419,10.001616827960678
hm-a10-g1-L3p5-n2-beta0__N0160__Aminus_0p02,hm-a10-g1-L3p5-n2-beta0__N0160__Aplus_0p02,hm-a10-g1-L3p5-n2-beta0,160,-0.02,112,2.4499999999999997,10.006121192817941,10.00144092571038
hm-a10-g1-L3p5-n2-beta0__N0160__Aminus_0p02,hm-a10-g1-L3p5-n2-beta0__N0160__Aplus_0p02,hm-a10-g1-L3p5-n2-beta0,160,-0.02,113,2.471875,10.005367561803258,10.00126278387914
hm-a10-g1-L3p5-n2-beta0__N0160__Aminus_0p02,hm-a10-g1-L3p5-n2-beta0__N0160__Aplus_0p02,hm-a10-g1-L3p5-n2-beta0,160,-0.02,114,2.49375,10.004605814859122,10.001082677847522
hm-a10-g1-L3p5-n2-beta0__N0160__Aminus_0p02,hm-a10-g1-L3p5-n2-beta0__N0160__Aplus_0p02,hm-a10-g1-L3p5-n2-beta0,160,-0.02,115,2.515625,10.003837135012766,10.000900885939792
hm-a10-g1-L3p5-n2-beta0__N0160__Aminus_0p02,hm-a10-g1-L3p5-n2-beta0__N0160__Aplus_0p02,hm-a10-g1-L3p5-n2-beta0,160,-0.02,116,2.5374999999999996,10.003062714744093,10.000717688991
hm-a10-g1-L3p5-n2-beta0__N0160__Aminus_0p02,hm-a10-g1-L3p5-n2-beta0__N0160__Aplus_0p02,hm-a10-g1-L3p5-n2-beta0,160,-0.02,117,2.5593749999999997,10.002283754103237,10.00053336991074
hm-a10-g1-L3p5-n2-beta0__N0160__Aminus_0p02,hm-a10-g1-L3p5-n2-beta0__N0160__Aplus_0p02,hm-a10-g1-L3p5-n2-beta0,160,-0.02,118,2.58125,10.001501458824409,10.00034821324429
hm-a10-g1-L3p5-n2-beta0__N0160__Aminus_0p02,hm-a10-g1-L3p5-n2-beta0__N0160__Aplus_0p02,hm-a10-g1-L3p5-n2-beta0,160,-0.02,119,2.603125,10.000717038439147,10.00016250473181
hm-a10-g1-L3p5-n2-beta0__N0160__Aminus_0p02,hm-a10-g1-L3p5-n2-beta0__N0160__Aplus_0p02,hm-a10-g1-L3p5-n2-beta0,160,-0.02,120,2.625,9.999931704392061,9.999976530866284
hm-a10-g1-L3p5-n2-beta0__N0160__Aminus_0p02,hm-a10-g1-L3p5-n2-beta0__N0160__Aplus_0p02,hm-a10-g1-L3p5-n2-beta0,160,-0.02,121,2.6468749999999996,9.99914666816205,9.999790578450925
hm-a10-g1-L3p5-n2-beta0__N0160__Aminus_0p02,hm-a10-g1-L3p5-n2-beta0__N0160__Aplus_0p02,hm-a10-g1-L3p5-n2-beta0,160,-0.02,122,2.6687499999999997,9.998363139391945,9.9996049341567
hm-a10-g1-L3p5-n2-beta0__N0160__Aminus_0p02,hm-a10-g1-L3p5-n2-beta0__N0160__Aplus_0p02,hm-a10-g1-L3p5-n2-beta0,160,-0.02,123,2.690625,9.99758232402949,9.99941988408067
hm-a10-g1-L3p5-n2-beta0__N0160__Aminus_0p02,hm-a10-g1-L3p5-n2-beta0__N0160__Aplus_0p02,hm-a10-g1-L3p5-n2-beta0,160,-0.02,124,2.7125,9.996805422482442,9.999235713305834
hm-a10-g1-L3p5-n2-beta0__N0160__Aminus_0p02,hm-a10-g1-L3p5-n2-beta0__N0160__Aplus_0p02,hm-a10-g1-L3p5-n2-beta0,160,-0.02,125,2.734375,9.996033627790542,9.999052705463129
hm-a10-g1-L3p5-n2-beta0__N0160__Aminus_0p02,hm-a10-g1-L3p5-n2-beta0__N0160__Aplus_0p02,hm-a10-g1-L3p5-n2-beta0,160,-0.02,126,2.7562499999999996,9.995268123817032,9.99887114229626
hm-a10-g1-L3p5-n2-beta0__N0160__Aminus_0p02,hm-a10-g1-L3p5-n2-beta0__N0160__Aplus_0p02,hm-a10-g1-L3p5-n2-beta0,160,-0.02,127,2.7781249999999997,9.99451008346228,9.998691303230029
hm-a10-g1-L3p5-n2-beta0__N0160__Aminus_0p02,hm-a10-g1-L3p5-n2-beta0__N0160__Aplus_0p02,hm-a10-g1-L3p5-n2-beta0,160,-0.02,128,2.8,9.993760666902032,9.998513464942786
hm-a10-g1-L3p5-n2-beta0__N0160__Aminus_0p02,hm-a10-g1-L3p5-n2-beta0__N0160__Aplus_0p02,hm-a10-g1-L3p5-n2-beta0,160,-0.02,129,2.821875,9.993021019852694,9.998337900943666
hm-a10-g1-L3p5-n2-beta0__N0160__Aminus_0p02,hm-a10-g1-L3p5-n2-beta0__N0160__Aplus_0p02,hm-a10-g1-L3p5-n2-beta0,160,-0.02,130,2.84375,9.992292271865997,9.998164881155224
hm-a10-g1-L3p5-n2-beta0__N0160__Aminus_0p02,hm-a10-g1-L3p5-n2-beta0__N0160__Aplus_0p02,hm-a10-g1-L3p5-n2-beta0,160,-0.02,131,2.8656249999999996,9.991575534655249,9.997994671502084
hm-a10-g1-L3p5-n2-beta0__N0160__Aminus_0p02,hm-a10-g1-L3p5-n2-beta0__N0160__Aplus_0p02,hm-a10-g1-L3p5-n2-beta0,160,-0.02,132,2.8874999999999997,9.990871900455367,9.997827533506223
hm-a10-g1-L3p5-n2-beta0__N0160__Aminus_0p02,hm-a10-g1-L3p5-n2-beta0__N0160__Aplus_0p02,hm-a10-g1-L3p5-n2-beta0,160,-0.02,133,2.909375,9.990182440418739,9.997663723889456
hm-a10-g1-L3p5-n2-beta0__N0160__Aminus_0p02,hm-a10-g1-L3p5-n2-beta0__N0160__Aplus_0p02,hm-a10-g1-L3p5-n2-beta0,160,-0.02,134,2.93125,9.989508203048876,9.997503494183723
hm-a10-g1-L3p5-n2-beta0__N0160__Aminus_0p02,hm-a10-g1-L3p5-n2-beta0__N0160__Aplus_0p02,hm-a10-g1-L3p5-n2-beta0,160,-0.02,135,2.953125,9.988850212673775,9.997347090349722
hm-a10-g1-L3p5-n2-beta0__N0160__Aminus_0p02,hm-a10-g1-L3p5-n2-beta0__N0160__Aplus_0p02,hm-a10-g1-L3p5-n2-beta0,160,-0.02,136,2.9749999999999996,9.988209467960754,9.99719475240445
hm-a10-g1-L3p5-n2-beta0__N0160__Aminus_0p02,hm-a10-g1-L3p5-n2-beta0__N0160__Aplus_0p02,hm-a10-g1-L3p5-n2-beta0,160,-0.02,137,2.9968749999999997,9.987586940474495,9.997046714058177
hm-a10-g1-L3p5-n2-beta0__N0160__Aminus_0p02,hm-a10-g1-L3p5-n2-beta0__N0160__Aplus_0p02,hm-a10-g1-L3p5-n2-beta0,160,-0.02,138,3.01875,9.986983573279902,9.99690320236137
hm-a10-g1-L3p5-n2-beta0__N0160__Aminus_0p02,hm-a10-g1-L3p5-n2-beta0__N0160__Aplus_0p02,hm-a10-g1-L3p5-n2-beta0,160,-0.02,139,3.040625,9.986400279591319,9.99676443736207
hm-a10-g1-L3p5-n2-beta0__N0160__Aminus_0p02,hm-a10-g1-L3p5-n2-beta0__N0160__Aplus_0p02,hm-a10-g1-L3p5-n2-beta0,160,-0.02,140,3.0625,9.985837941469544,9.996630631774202
hm-a10-g1-L3p5-n2-beta0__N0160__Aminus_0p02,hm-a10-g1-L3p5-n2-beta0__N0160__Aplus_0p02,hm-a10-g1-L3p5-n2-beta0,160,-0.02,141,3.0843749999999996,9.985297408568043,9.99650199065728
hm-a10-g1-L3p5-n2-beta0__N0160__Aminus_0p02,hm-a10-g1-L3p5-n2-beta0__N0160__Aplus_0p02,hm-a10-g1-L3p5-n2-beta0,160,-0.02,142,3.1062499999999997,9.984779496929587,9.996378711107957
hm-a10-g1-L3p5-n2-beta0__N0160__Aminus_0p02,hm-a10-g1-L3p5-n2-beta0__N0160__Aplus_0p02,hm-a10-g1-L3p5-n2-beta0,160,-0.02,143,3.128125,9.984284987834597,9.996260981963852
hm-a10-g1-L3p5-n2-beta0__N0160__Aminus_0p02,hm-a10-g1-L3p5-n2-beta0__N0160__Aplus_0p02,hm-a10-g1-L3p5-n2-beta0,160,-0.02,144,3.15,9.983814626702264,9.99614898352006
hm-a10-g1-L3p5-n2-beta0__N0160__Aminus_0p02,hm-a10-g1-L3p5-n2-beta0__N0160__Aplus_0p02,hm-a10-g1-L3p5-n2-beta0,160,-0.02,145,3.171875,9.983369122045518,9.996042887258726
hm-a10-g1-L3p5-n2-beta0__N0160__Aminus_0p02,hm-a10-g1-L3p5-n2-beta0__N0160__Aplus_0p02,hm-a10-g1-L3p5-n2-beta0,160,-0.02,146,3.1937499999999996,9.982949144480852,9.995942855592073
hm-a10-g1-L3p5-n2-beta0__N0160__Aminus_0p02,hm-a10-g1-L3p5-n2-beta0__N0160__Aplus_0p02,hm-a10-g1-L3p5-n2-beta0,160,-0.02,147,3.2156249999999997,9.982555325793859,9.995849041619211
hm-a10-g1-L3p5-n2-beta0__N0160__Aminus_0p02,hm-a10-g1-L3p5-n2-beta0__N0160__Aplus_0p02,hm-a10-g1-L3p5-n2-beta0,160,-0.02,148,3.2375,9.982188258061385,9.995761588897082
hm-a10-g1-L3p5-n2-beta0__N0160__Aminus_0p02,hm-a10-g1-L3p5-n2-beta0__N0160__Aplus_0p02,hm-a10-g1-L3p5-n2-beta0,160,-0.02,149,3.259375,9.981848492831007,9.995680631225841
hm-a10-g1-L3p5-n2-beta0__N0160__Aminus_0p02,hm-a10-g1-L3p5-n2-beta0__N0160__Aplus_0p02,hm-a10-g1-L3p5-n2-beta0,160,-0.02,150,3.28125,9.981536540358608,9.995606292448947
hm-a10-g1-L3p5-n2-beta0__N0160__Aminus_0p02,hm-a10-g1-L3p5-n2-beta0__N0160__Aplus_0p02,hm-a10-g1-L3p5-n2-beta0,160,-0.02,151,3.3031249999999996,9.98125286890464,9.995538686268267
hm-a10-g1-L3p5-n2-beta0__N0160__Aminus_0p02,hm-a10-g1-L3p5-n2-beta0__N0160__Aplus_0p02,hm-a10-g1-L3p5-n2-beta0,160,-0.02,152,3.3249999999999997,9.980997904089714,9.99547791607441
hm-a10-g1-L3p5-n2-beta0__N0160__Aminus_0p02,hm-a10-g1-L3p5-n2-beta0__N0160__Aplus_0p02,hm-a10-g1-L3p5-n2-beta0,160,-0.02,153,3.346875,9.980772028310001,9.995424074792535
hm-a10-g1-L3p5-n2-beta0__N0160__Aminus_0p02,hm-a10-g1-L3p5-n2-beta0__N0160__Aplus_0p02,hm-a10-g1-L3p5-n2-beta0,160,-0.02,154,3.36875,9.98057558021295,9.995377244743837
hm-a10-g1-L3p5-n2-beta0__N0160__Aminus_0p02,hm-a10-g1-L3p5-n2-beta0__N0160__Aplus_0p02,hm-a10-g1-L3p5-n2-beta0,160,-0.02,155,3.390625,9.980408854233715,9.995337497522893
hm-a10-g1-L3p5-n2-beta0__N0160__Aminus_0p02,hm-a10-g1-L3p5-n2-beta0__N0160__Aplus_0p02,hm-a10-g1-L3p5-n2-beta0,160,-0.02,156,3.4124999999999996,9.98027210019268,9.99530489389102
hm-a10-g1-L3p5-n2-beta0__N0160__Aminus_0p02,hm-a10-g1-L3p5-n2-beta0__N0160__Aplus_0p02,hm-a10-g1-L3p5-n2-beta0,160,-0.02,157,3.4343749999999997,9.98016552295437,9.995279483685817
hm-a10-g1-L3p5-n2-beta0__N0160__Aminus_0p02,hm-a10-g1-L3p5-n2-beta0__N0160__Aplus_0p02,hm-a10-g1-L3p5-n2-beta0,160,-0.02,158,3.45625,9.980089282148036,9.995261305746977
hm-a10-g1-L3p5-n2-beta0__N0160__Aminus_0p02,hm-a10-g1-L3p5-n2-beta0__N0160__Aplus_0p02,hm-a10-g1-L3p5-n2-beta0,160,-0.02,159,3.478125,9.980043491950099,9.99525038785849
hm-a10-g1-L3p5-n2-beta0__N0160__Aminus_0p02,hm-a10-g1-L3p5-n2-beta0__N0160__Aplus_0p02,hm-a10-g1-L3p5-n2-beta0,160,-0.02,160,3.5,9.980028220928652,9.995246746707306
hm-a10-g1-L3p5-n2-beta0__N0160__Aminus_0p01,hm-a10-g1-L3p5-n2-beta0__N0160__Aplus_0p01,hm-a10-g1-L3p5-n2-beta0,160,-0.01,0,0.0,9.990007067062878,9.997627502264166
hm-a10-g1-L3p5-n2-beta0__N0160__Aminus_0p01,hm-a10-g1-L3p5-n2-beta0__N0160__Aplus_0p01,hm-a10-g1-L3p5-n2-beta0,160,-0.01,1,0.021875,9.990014739555194,9.99762932551282
hm-a10-g1-L3p5-n2-beta0__N0160__Aminus_0p01,hm-a10-g1-L3p5-n2-beta0__N0160__Aplus_0p01,hm-a10-g1-L3p5-n2-beta0,160,-0.01,2,0.04375,9.99003774537282,9.997634792459834
hm-a10-g1-L3p5-n2-beta0__N0160__Aminus_0p01,hm-a10-g1-L3p5-n2-beta0__N0160__Aplus_0p01,hm-a10-g1-L3p5-n2-beta0,160,-0.01,3,0.06562499999999999,9.990076049554725,9.997643894712583
hm-a10-g1-L3p5-n2-beta0__N0160__Aminus_0p01,hm-a10-g1-L3p5-n2-beta0__N0160__Aplus_0p01,hm-a10-g1-L3p5-n2-beta0,160,-0.01,4,0.0875,9.990129593888934,9.997656618297485
hm-a10-g1-L3p5-n2-beta0__N0160__Aminus_0p01,hm-a10-g1-L3p5-n2-beta0__N0160__Aplus_0p01,hm-a10-g1-L3p5-n2-beta0,160,-0.01,5,0.109375,9.990198296997093,9.997672943681172
hm-a10-g1-L3p5-n2-beta0__N0160__Aminus_0p01,hm-a10-g1-L3p5-n2-beta0__N0160__Aplus_0p01,hm-a10-g1-L3p5-n2-beta0,160,-0.01,6,0.13124999999999998,9.990282054452697,9.997692845800087
hm-a10-g1-L3p5-n2-beta0__N0160__Aminus_0p01,hm-a10-g1-L3p5-n2-beta0__N0160__Aplus_0p01,hm-a10-g1-L3p5-n2-beta0,160,-0.01,7,0.15312499999999998,9.99038073893288,9.997716294098455
hm-a10-g1-L3p5-n2-beta0__N0160__Aminus_0p01,hm-a10-g1-L3p5-n2-beta0__N0160__Aplus_0p01,hm-a10-g1-L3p5-n2-beta0,160,-0.01,8,0.175,9.990494200403559,9.997743252574583
hm-a10-g1-L3p5-n2-beta0__N0160__Aminus_0p01,hm-a10-g1-L3p5-n2-beta0__N0160__Aplus_0p01,hm-a10-g1-L3p5-n2-beta0,160,-0.01,9,0.196875,9.990622266337738,9.997773679835442
hm-a10-g1-L3p5-n2-beta0__N0160__Aminus_0p01,hm-a10-g1-L3p5-n2-beta0__N0160__Aplus_0p01,hm-a10-g1-L3p5-n2-beta0,160,-0.01,10,0.21875,9.990764741966702,9.997807529159397
hm-a10-g1-L3p5-n2-beta0__N0160__Aminus_0p01,hm-a10-g1-L3p5-n2-beta0__N0160__Aplus_0p01,hm-a10-g1-L3p5-n2-beta0,160,-0.01,11,0.24062499999999998,9.990921410563795,9.997844748567065
hm-a10-g1-L3p5-n2-beta0__N0160__Aminus_0p01,hm-a10-g1-L3p5-n2-beta0__N0160__Aplus_0p01,hm-a10-g1-L3p5-n2-beta0,160,-0.01,12,0.26249999999999996,9.991092033760467,9.997885280900142
hm-a10-g1-L3p5-n2-beta0__N0160__Aminus_0p01,hm-a10-g1-L3p5-n2-beta0__N0160__Aplus_0p01,hm-a10-g1-L3p5-n2-beta0,160,-0.01,13,0.284375,9.991276351894198,9.997929063908119
hm-a10-g1-L3p5-n2-beta0__N0160__Aminus_0p01,hm-a10-g1-L3p5-n2-beta0__N0160__Aplus_0p01,hm-a10-g1-L3p5-n2-beta0,160,-0.01,14,0.30624999999999997,9.99147408438789,9.99797603034274
hm-a10-g1-L3p5-n2-beta0__N0160__Aminus_0p01,hm-a10-g1-L3p5-n2-beta0__N0160__Aplus_0p01,hm-a10-g1-L3p5-n2-beta0,160,-0.01,15,0.328125,9.99168493016025,9.998026108060092
hm-a10-g1-L3p5-n2-beta0__N0160__Aminus_0p01,hm-a10-g1-L3p5-n2-beta0__N0160__Aplus_0p01,hm-a10-g1-L3p5-n2-beta0,160,-0.01,16,0.35,9.991908568066695,9.998079220130146
hm-a10-g1-L3p5-n2-beta0__N0160__Aminus_0p01,hm-a10-g1-L3p5-n2-beta0__N0160__Aplus_0p01,hm-a10-g1-L3p5-n2-beta0,160,-0.01,17,0.37187499999999996,9.992144657370224,9.998135284953628
hm-a10-g1-L3p5-n2-beta0__N0160__Aminus_0p01,hm-a10-g1-L3p5-n2-beta0__N0160__Aplus_0p01,hm-a10-g1-L3p5-n2-beta0,160,-0.01,18,0.39375,9.992392838241685,9.998194216386011
hm-a10-g1-L3p5-n2-beta0__N0160__Aminus_0p01,hm-a10-g1-L3p5-n2-beta0__N0160__Aplus_0p01,hm-a10-g1-L3p5-n2-beta0,160,-0.01,19,0.41562499999999997,9.992652732288802,9.99825592386848
hm-a10-g1-L3p5-n2-beta0__N0160__Aminus_0p01,hm-a10-g1-L3p5-n2-beta0__N0160__Aplus_0p01,hm-a10-g1-L3p5-n2-beta0,160,-0.01,20,0.4375,9.992923943113343,9.998320312565669
hm-a10-g1-L3p5-n2-beta0__N0160__Aminus_0p01,hm-a10-g1-L3p5-n2-beta0__N0160__Aplus_0p01,hm-a10-g1-L3p5-n2-beta0,160,-0.01,21,0.459375,9.993206056895684,9.998387283509956
hm-a10-g1-L3p5-n2-beta0__N0160__Aminus_0p01,hm-a10-g1-L3p5-n2-beta0__N0160__Aplus_0p01,hm-a10-g1-L3p5-n2-beta0,160,-0.01,22,0.48124999999999996,9.993498643006054,9.998456733752134
hm-a10-g1-L3p5-n2-beta0__N0160__Aminus_0p01,hm-a10-g1-L3p5-n2-beta0__N0160__Aplus_0p01,hm-a10-g1-L3p5-n2-beta0,160,-0.01,23,0.5031249999999999,9.993801254641697,9.9985285565182
hm-a10-g1-L3p5-n2-beta0__N0160__Aminus_0p01,hm-a10-g1-L3p5-n2-beta0__N0160__Aplus_0p01,hm-a10-g1-L3p5-n2-beta0,160,-0.01,24,0.5249999999999999,9.994113429489099,9.998602641372075
hm-a10-g1-L3p5-n2-beta0__N0160__Aminus_0p01,hm-a10-g1-L3p5-n2-beta0__N0160__Aplus_0p01,hm-a10-g1-L3p5-n2-beta0,160,-0.01,25,0.546875,9.99443469041044,9.99867887438398
hm-a10-g1-L3p5-n2-beta0__N0160__Aminus_0p01,hm-a10-g1-L3p5-n2-beta0__N0160__Aplus_0p01,hm-a10-g1-L3p5-n2-beta0,160,-0.01,26,0.56875,9.994764546153384,9.998757138304232
hm-a10-g1-L3p5-n2-beta0__N0160__Aminus_0p01,hm-a10-g1-L3p5-n2-beta0__N0160__Aplus_0p01,hm-a10-g1-L3p5-n2-beta0,160,-0.01,27,0.590625,9.99510249208326,9.998837312742207
hm-a10-g1-L3p5-n2-beta0__N0160__Aminus_0p01,hm-a10-g1-L3p5-n2-beta0__N0160__Aplus_0p01,hm-a10-g1-L3p5-n2-beta0,160,-0.01,28,0.6124999999999999,9.995448010936656,9.998919274350223
hm-a10-g1-L3p5-n2-beta0__N0160__Aminus_0p01,hm-a10-g1-L3p5-n2-beta0__N0160__Aplus_0p01,hm-a10-g1-L3p5-n2-beta0,160,-0.01,29,0.6343749999999999,9.99580057359542,9.999002897012021
hm-a10-g1-L3p5-n2-beta0__N0160__Aminus_0p01,hm-a10-g1-L3p5-n2-beta0__N0160__Aplus_0p01,hm-a10-g1-L3p5-n2-beta0,160,-0.01,30,0.65625,9.996159639880029,9.999088052035608
hm-a10-g1-L3p5-n2-beta0__N0160__Aminus_0p01,hm-a10-g1-L3p5-n2-beta0__N0160__Aplus_0p01,hm-a10-g1-L3p5-n2-beta0,160,-0.01,31,0.678125,9.996524659361237,9.999174608350167
hm-a10-g1-L3p5-n2-beta0__N0160__Aminus_0p01,hm-a10-g1-L3p5-n2-beta0__N0160__Aplus_0p01,hm-a10-g1-L3p5-n2-beta0,160,-0.01,32,0.7,9.996895072188854,9.999262432706717
hm-a10-g1-L3p5-n2-beta0__N0160__Aminus_0p01,hm-a10-g1-L3p5-n2-beta0__N0160__Aplus_0p01,hm-a10-g1-L3p5-n2-beta0,160,-0.01,33,0.7218749999999999,9.997270309936566,9.999351389882264
hm-a10-g1-L3p5-n2-beta0__N0160__Aminus_0p01,hm-a10-g1-L3p5-n2-beta0__N0160__Aplus_0p01,hm-a10-g1-L3p5-n2-beta0,160,-0.01,34,0.7437499999999999,9.997649796461522,9.99944134288708
hm-a10-g1-L3p5-n2-beta0__N0160__Aminus_0p01,hm-a10-g1-L3p5-n2-beta0__N0160__Aplus_0p01,hm-a10-g1-L3p5-n2-beta0,160,-0.01,35,0.765625,9.998032948777556,9.99953215317485
hm-a10-g1-L3p5-n2-beta0__N0160__Aminus_0p01,hm-a10-g1-L3p5-n2-beta0__N0160__Aplus_0p01,hm-a10-g1-L3p5-n2-beta0,160,-0.01,36,0.7875,9.998419177940725,9.999623680855347
hm-a10-g1-L3p5-n2-beta0__N0160__Aminus_0p01,hm-a10-g1-L3p5-n2-beta0__N0160__Aplus_0p01,hm-a10-g1-L3p5-n2-beta0,160,-0.01,37,0.809375,9.998807889945903,9.999715784909307
hm-a10-g1-L3p5-n2-beta0__N0160__Aminus_0p01,hm-a10-g1-L3p5-n2-beta0__N0160__Aplus_0p01,hm-a10-g1-L3p5-n2-beta0,160,-0.01,38,0.8312499999999999,9.999198486633148,9.99980832340519
hm-a10-g1-L3p5-n2-beta0__N0160__Aminus_0p01,hm-a10-g1-L3p5-n2-beta0__N0160__Aplus_0p01,hm-a10-g1-L3p5-n2-beta0,160,-0.01,39,0.8531249999999999,9.999590366602453,9.999901153717497
hm-a10-g1-L3p5-n2-beta0__N0160__Aminus_0p01,hm-a10-g1-L3p5-n2-beta0__N0160__Aplus_0p01,hm-a10-g1-L3p5-n2-beta0,160,-0.01,40,0.875,9.99998292613557,9.999994132746293
hm-a10-g1-L3p5-n2-beta0__N0160__Aminus_0p01,hm-a10-g1-L3p5-n2-beta0__N0160__Aplus_0p01,hm-a10-g1-L3p5-n2-beta0,160,-0.01,41,0.896875,10.000375560123478,10.000087117137625
hm-a10-g1-L3p5-n2-beta0__N0160__Aminus_0p01,hm-a10-g1-L3p5-n2-beta0__N0160__Aplus_0p01,hm-a10-g1-L3p5-n2-beta0,160,-0.01,42,0.91875,10.000767662998129,10.00017996350448
hm-a10-g1-L3p5-n2-beta0__N0160__Aminus_0p01,hm-a10-g1-L3p5-n2-beta0__N0160__Aplus_0p01,hm-a10-g1-L3p5-n2-beta0,160,-0.01,43,0.9406249999999999,10.001158629666998,10.000272528647942
hm-a10-g1-L3p5-n2-beta0__N0160__Aminus_0p01,hm-a10-g1-L3p5-n2-beta0__N0160__Aplus_0p01,hm-a10-g1-L3p5-n2-beta0,160,-0.01,44,0.9624999999999999,10.001547856449047,10.000364669778216
hm-a10-g1-L3p5-n2-beta0__N0160__Aminus_0p01,hm-a10-g1-L3p5-n2-beta0__N0160__Aplus_0p01,hm-a10-g1-L3p5-n2-beta0,160,-0.01,45,0.9843749999999999,10.001934742010594,10.000456244735181
hm-a10-g1-L3p5-n2-beta0__N0160__Aminus_0p01,hm-a10-g1-L3p5-n2-beta0__N0160__Aplus_0p01,hm-a10-g1-L3p5-n2-beta0,160,-0.01,46,1.0062499999999999,10.002318688299644,10.000547112208096
hm-a10-g1-L3p5-n2-beta0__N0160__Aminus_0p01,hm-a10-g1-L3p5-n2-beta0__N0160__Aplus_0p01,hm-a10-g1-L3p5-n2-beta0,160,-0.01,47,1.028125,10.00269910147719,10.000637131954168
hm-a10-g1-L3p5-n2-beta0__N0160__Aminus_0p01,hm-a10-g1-L3p5-n2-beta0__N0160__Aplus_0p01,hm-a10-g1-L3p5-n2-beta0,160,-0.01,48,1.0499999999999998,10.003075392844,10.000726165015603
hm-a10-g1-L3p5-n2-beta0__N0160__Aminus_0p01,hm-a10-g1-L3p5-n2-beta0__N0160__Aplus_0p01,hm-a10-g1-L3p5-n2-beta0,160,-0.01,49,1.071875,10.003446979761375,10.000814073934814
hm-a10-g1-L3p5-n2-beta0__N0160__Aminus_0p01,hm-a10-g1-L3p5-n2-beta0__N0160__Aplus_0p01,hm-a10-g1-L3p5-n2-beta0,160,-0.01,50,1.09375,10.0038132865644,10.000900722967446
hm-a10-g1-L3p5-n2-beta0__N0160__Aminus_0p01,hm-a10-g1-L3p5-n2-beta0__N0160__Aplus_0p01,hm-a10-g1-L3p5-n2-beta0,160,-0.01,51,1.1156249999999999,10.004173745466188,10.000985978292885
hm-a10-g1-L3p5-n2-beta0__N0160__Aminus_0p01,hm-a10-g1-L3p5-n2-beta0__N0160__Aplus_0p01,hm-a10-g1-L3p5-n2-beta0,160,-0.01,52,1.1375,10.004527797451606,10.00106970822192
hm-a10-g1-L3p5-n2-beta0__N0160__Aminus_0p01,hm-a10-g1-L3p5-n2-beta0__N0160__Aplus_0p01,hm-a10-g1-L3p5-n2-beta0,160,-0.01,53,1.1593749999999998,10.004874893159,10.001151783401223
hm-a10-g1-L3p5-n2-beta0__N0160__Aminus_0p01,hm-a10-g1-L3p5-n2-beta0__N0160__Aplus_0p01,hm-a10-g1-L3p5-n2-beta0,160,-0.01,54,1.18125,10.005214493748449,10.001232077014334
hm-a10-g1-L3p5-n2-beta0__N0160__Aminus_0p01,hm-a10-g1-L3p5-n2-beta0__N0160__Aplus_0p01,hm-a10-g1-L3p5-n2-beta0,160,-0.01,55,1.203125,10.005546071755067,10.001310464978813
hm-a10-g1-L3p5-n2-beta0__N0160__Aminus_0p01,hm-a10-g1-L3p5-n2-beta0__N0160__Aplus_0p01,hm-a10-g1-L3p5-n2-beta0,160,-0.01,56,1.2249999999999999,10.005869111925902,10.001386826139262
hm-a10-g1-L3p5-n2-beta0__N0160__Aminus_0p01,hm-a10-g1-L3p5-n2-beta0__N0160__Aplus_0p01,hm-a10-g1-L3p5-n2-beta0,160,-0.01,57,1.246875,10.006183112038993,10.001461042455924
hm-a10-g1-L3p5-n2-beta0__N0160__Aminus_0p01,hm-a10-g1-L3p5-n2-beta0__N0160__Aplus_0p01,hm-a10-g1-L3p5-n2-beta0,160,-0.01,58,1.2687499999999998,10.00648758370319,10.001532999188507
hm-a10-g1-L3p5-n2-beta0__N0160__Aminus_0p01,hm-a10-g1-L3p5-n2-beta0__N0160__Aplus_0p01,hm-a10-g1-L3p5-n2-beta0,160,-0.01,59,1.290625,10.006782053137306,10.001602585074984
hm-a10-g1-L3p5-n2-beta0__N0160__Aminus_0p01,hm-a10-g1-L3p5-n2-beta0__N0160__Aplus_0p01,hm-a10-g1-L3p5-n2-beta0,160,-0.01,60,1.3125,10.007066061927278,10.001669692505061
hm-a10-g1-L3p5-n2-beta0__N0160__Aminus_0p01,hm-a10-g1-L3p5-n2-beta0__N0160__Aplus_0p01,hm-a10-g1-L3p5-n2-beta0,160,-0.01,61,1.3343749999999999,10.007339167759993,10.001734217688048
hm-a10-g1-L3p5-n2-beta0__N0160__Aminus_0p01,hm-a10-g1-L3p5-n2-beta0__N0160__Aplus_0p01,hm-a10-g1-L3p5-n2-beta0,160,-0.01,62,1.35625,10.007600945132465,10.001796060814847
hm-a10-g1-L3p5-n2-beta0__N0160__Aminus_0p01,hm-a10-g1-L3p5-n2-beta0__N0160__Aplus_0p01,hm-a10-g1-L3p5-n2-beta0,160,-0.01,63,1.3781249999999998,10.007850986035118,10.001855126213794
hm-a10-g1-L3p5-n2-beta0__N0160__Aminus_0p01,hm-a10-g1-L3p5-n2-beta0__N0160__Aplus_0p01,hm-a10-g1-L3p5-n2-beta0,160,-0.01,64,1.4,10.008088900607945,10.001911322500131
hm-a10-g1-L3p5-n2-beta0__N0160__Aminus_0p01,hm-a10-g1-L3p5-n2-beta0__N0160__Aplus_0p01,hm-a10-g1-L3p5-n2-beta0,160,-0.01,65,1.421875,10.008314317768365,10.001964562718818
hm-a10-g1-L3p5-n2-beta0__N0160__Aminus_0p01,hm-a10-g1-L3p5-n2-beta0__N0160__Aplus_0p01,hm-a10-g1-L3p5-n2-beta0,160,-0.01,66,1.4437499999999999,10.008526885809644,10.002014764480496
hm-a10-g1-L3p5-n2-beta0__N0160__Aminus_0p01,hm-a10-g1-L3p5-n2-beta0__N0160__Aplus_0p01,hm-a10-g1-L3p5-n2-beta0,160,-0.01,67,1.465625,10.00872627296879,10.002061850090362
hm-a10-g1-L3p5-n2-beta0__N0160__Aminus_0p01,hm-a10-g1-L3p5-n2-beta0__N0160__Aplus_0p01,hm-a10-g1-L3p5-n2-beta0,160,-0.01,68,1.4874999999999998,10.008912167962896,10.002105746669747
hm-a10-g1-L3p5-n2-beta0__N0160__Aminus_0p01,hm-a10-g1-L3p5-n2-beta0__N0160__Aplus_0p01,hm-a10-g1-L3p5-n2-beta0,160,-0.01,69,1.509375,10.009084280492932,10.002146386270189
hm-a10-g1-L3p5-n2-beta0__N0160__Aminus_0p01,hm-a10-g1-L3p5-n2-beta0__N0160__Aplus_0p01,hm-a10-g1-L3p5-n2-beta0,160,-0.01,70,1.53125,10.009242341714081,10.002183705979839
hm-a10-g1-L3p5-n2-beta0__N0160__Aminus_0p01,hm-a10-g1-L3p5-n2-beta0__N0160__Aplus_0p01,hm-a10-g1-L3p5-n2-beta0,160,-0.01,71,1.5531249999999999,10.009386104671743,10.002217648021997
hm-a10-g1-L3p5-n2-beta0__N0160__Aminus_0p01,hm-a10-g1-L3p5-n2-beta0__N0160__Aplus_0p01,hm-a10-g1-L3p5-n2-beta0,160,-0.01,72,1.575,10.009515344702386,10.002248159845639
hm-a10-g1-L3p5-n2-beta0__N0160__Aminus_0p01,hm-a10-g1-L3p5-n2-beta0__N0160__Aplus_0p01,hm-a10-g1-L3p5-n2-beta0,160,-0.01,73,1.5968749999999998,10.009629859798537,10.002275194207774
hm-a10-g1-L3p5-n2-beta0__N0160__Aminus_0p01,hm-a10-g1-L3p5-n2-beta0__N0160__Aplus_0p01,hm-a10-g1-L3p5-n2-beta0,160,-0.01,74,1.61875,10.009729470937192,10.002298709247507
hm-a10-g1-L3p5-n2-beta0__N0160__Aminus_0p01,hm-a10-g1-L3p5-n2-beta0__N0160__Aplus_0p01,hm-a10-g1-L3p5-n2-beta0,160,-0.01,75,1.640625,10.009814022371053,10.002318668551665
hm-a10-g1-L3p5-n2-beta0__N0160__Aminus_0p01,hm-a10-g1-L3p5-n2-beta0__N0160__Aplus_0p01,hm-a10-g1-L3p5-n2-beta0,160,-0.01,76,1.6624999999999999,10.00988338188207,10.002335041211902
hm-a10-g1-L3p5-n2-beta0__N0160__Aminus_0p01,hm-a10-g1-L3p5-n2-beta0__N0160__Aplus_0p01,hm-a10-g1-L3p5-n2-beta0,160,-0.01,77,1.684375,10.009937440996751,10.002347801873182
hm-a10-g1-L3p5-n2-beta0__N0160__Aminus_0p01,hm-a10-g1-L3p5-n2-beta0__N0160__Aplus_0p01,hm-a10-g1-L3p5-n2-beta0,160,-0.01,78,1.7062499999999998,10.009976115162916,10.00235693077355
hm-a10-g1-L3p5-n2-beta0__N0160__Aminus_0p01,hm-a10-g1-L3p5-n2-beta0__N0160__Aplus_0p01,hm-a10-g1-L3p5-n2-beta0,160,-0.01,79,1.728125,10.009999343887491,10.002362413775135
hm-a10-g1-L3p5-n2-beta0__N0160__Aminus_0p01,hm-a10-g1-L3p5-n2-beta0__N0160__Aplus_0p01,hm-a10-g1-L3p5-n2-beta0,160,-0.01,80,1.75,10.010007090835137,10.002364242386333
hm-a10-g1-L3p5-n2-beta0__N0160__Aminus_0p01,hm-a10-g1-L3p5-n2-beta0__N0160__Aplus_0p01,hm-a10-g1-L3p5-n2-beta0,160,-0.01,81,1.7718749999999999,10.009999343887479,10.002362413775126
hm-a10-g1-L3p5-n2-beta0__N0160__Aminus_0p01,hm-a10-g1-L3p5-n2-beta0__N0160__Aplus_0p01,hm-a10-g1-L3p5-n2-beta0,160,-0.01,82,1.79375,10.00997611516289,10.002356930773534
hm-a10-g1-L3p5-n2-beta0__N0160__Aminus_0p01,hm-a10-g1-L3p5-n2-beta0__N0160__Aplus_0p01,hm-a10-g1-L3p5-n2-beta0,160,-0.01,83,1.8156249999999998,10.009937440996714,10.00234780187316
hm-a10-g1-L3p5-n2-beta0__N0160__Aminus_0p01,hm-a10-g1-L3p5-n2-beta0__N0160__Aplus_0p01,hm-a10-g1-L3p5-n2-beta0,160,-0.01,84,1.8375,10.00988338188202,10.002335041211875
hm-a10-g1-L3p5-n2-beta0__N0160__Aminus_0p01,hm-a10-g1-L3p5-n2-beta0__N0160__Aplus_0p01,hm-a10-g1-L3p5-n2-beta0,160,-0.01,85,1.8593749999999998,10.00981402237099,10.002318668551634
hm-a10-g1-L3p5-n2-beta0__N0160__Aminus_0p01,hm-a10-g1-L3p5-n2-beta0__N0160__Aplus_0p01,hm-a10-g1-L3p5-n2-beta0,160,-0.01,86,1.8812499999999999,10.009729470937117,10.002298709247473
hm-a10-g1-L3p5-n2-beta0__N0160__Aminus_0p01,hm-a10-g1-L3p5-n2-beta0__N0160__Aplus_0p01,hm-a10-g1-L3p5-n2-beta0,160,-0.01,87,1.903125,10.009629859798451,10.002275194207735
hm-a10-g1-L3p5-n2-beta0__N0160__Aminus_0p01,hm-a10-g1-L3p5-n2-beta0__N0160__Aplus_0p01,hm-a10-g1-L3p5-n2-beta0,160,-0.01,88,1.9249999999999998,10.009515344702287,10.002248159845594
hm-a10-g1-L3p5-n2-beta0__N0160__Aminus_0p01,hm-a10-g1-L3p5-n2-beta0__N0160__Aplus_0p01,hm-a10-g1-L3p5-n2-beta0,160,-0.01,89,1.946875,10.00938610467163,10.002217648021947
hm-a10-g1-L3p5-n2-beta0__N0160__Aminus_0p01,hm-a10-g1-L3p5-n2-beta0__N0160__Aplus_0p01,hm-a10-g1-L3p5-n2-beta0,160,-0.01,90,1.9687499999999998,10.009242341713957,10.002183705979785
hm-a10-g1-L3p5-n2-beta0__N0160__Aminus_0p01,hm-a10-g1-L3p5-n2-beta0__N0160__Aplus_0p01,hm-a10-g1-L3p5-n2-beta0,160,-0.01,91,1.9906249999999999,10.009084280492795,10.002146386270132
hm-a10-g1-L3p5-n2-beta0__N0160__Aminus_0p01,hm-a10-g1-L3p5-n2-beta0__N0160__Aplus_0p01,hm-a10-g1-L3p5-n2-beta0,160,-0.01,92,2.0124999999999997,10.008912167962748,10.002105746669685
hm-a10-g1-L3p5-n2-beta0__N0160__Aminus_0p01,hm-a10-g1-L3p5-n2-beta0__N0160__Aplus_0p01,hm-a10-g1-L3p5-n2-beta0,160,-0.01,93,2.034375,10.008726272968628,10.002061850090294
hm-a10-g1-L3p5-n2-beta0__N0160__Aminus_0p01,hm-a10-g1-L3p5-n2-beta0__N0160__Aplus_0p01,hm-a10-g1-L3p5-n2-beta0,160,-0.01,94,2.05625,10.00852688580947,10.002014764480425
hm-a10-g1-L3p5-n2-beta0__N0160__Aminus_0p01,hm-a10-g1-L3p5-n2-beta0__N0160__Aplus_0p01,hm-a10-g1-L3p5-n2-beta0,160,-0.01,95,2.078125,10.008314317768178,10.001964562718744
hm-a10-g1-L3p5-n2-beta0__N0160__Aminus_0p01,hm-a10-g1-L3p5-n2-beta0__N0160__Aplus_0p01,hm-a10-g1-L3p5-n2-beta0,160,-0.01,96,2.0999999999999996,10.008088900607747,10.001911322500053
hm-a10-g1-L3p5-n2-beta0__N0160__Aminus_0p01,hm-a10-g1-L3p5-n2-beta0__N0160__Aplus_0p01,hm-a10-g1-L3p5-n2-beta0,160,-0.01,97,2.1218749999999997,10.007850986034908,10.001855126213712
hm-a10-g1-L3p5-n2-beta0__N0160__Aminus_0p01,hm-a10-g1-L3p5-n2-beta0__N0160__Aplus_0p01,hm-a10-g1-L3p5-n2-beta0,160,-0.01,98,2.14375,10.007600945132243,10.001796060814758
hm-a10-g1-L3p5-n2-beta0__N0160__Aminus_0p01,hm-a10-g1-L3p5-n2-beta0__N0160__Aplus_0p01,hm-a10-g1-L3p5-n2-beta0,160,-0.01,99,2.165625,10.007339167759758,10.001734217687956
hm-a10-g1-L3p5-n2-beta0__N0160__Aminus_0p01,hm-a10-g1-L3p5-n2-beta0__N0160__Aplus_0p01,hm-a10-g1-L3p5-n2-beta0,160,-0.01,100,2.1875,10.00706606192703,10.001669692504967
hm-a10-g1-L3p5-n2-beta0__N0160__Aminus_0p01,hm-a10-g1-L3p5-n2-beta0__N0160__Aplus_0p01,hm-a10-g1-L3p5-n2-beta0,160,-0.01,101,2.2093749999999996,10.006782053137048,10.001602585074888
hm-a10-g1-L3p5-n2-beta0__N0160__Aminus_0p01,hm-a10-g1-L3p5-n2-beta0__N0160__Aplus_0p01,hm-a10-g1-L3p5-n2-beta0,160,-0.01,102,2.2312499999999997,10.00648758370292,10.00153299918841
hm-a10-g1-L3p5-n2-beta0__N0160__Aminus_0p01,hm-a10-g1-L3p5-n2-beta0__N0160__Aplus_0p01,hm-a10-g1-L3p5-n2-beta0,160,-0.01,103,2.253125,10.006183112038713,10.001461042455825
hm-a10-g1-L3p5-n2-beta0__N0160__Aminus_0p01,hm-a10-g1-L3p5-n2-beta0__N0160__Aplus_0p01,hm-a10-g1-L3p5-n2-beta0,160,-0.01,104,2.275,10.005869111925609,10.001386826139157
hm-a10-g1-L3p5-n2-beta0__N0160__Aminus_0p01,hm-a10-g1-L3p5-n2-beta0__N0160__Aplus_0p01,hm-a10-g1-L3p5-n2-beta0,160,-0.01,105,2.296875,10.005546071754763,10.001310464978705
hm-a10-g1-L3p5-n2-beta0__N0160__Aminus_0p01,hm-a10-g1-L3p5-n2-beta0__N0160__Aplus_0p01,hm-a10-g1-L3p5-n2-beta0,160,-0.01,106,2.3187499999999996,10.005214493748134,10.001232077014226
hm-a10-g1-L3p5-n2-beta0__N0160__Aminus_0p01,hm-a10-g1-L3p5-n2-beta0__N0160__Aplus_0p01,hm-a10-g1-L3p5-n2-beta0,160,-0.01,107,2.3406249999999997,10.004874893158675,10.001151783401115
hm-a10-g1-L3p5-n2-beta0__N0160__Aminus_0p01,hm-a10-g1-L3p5-n2-beta0__N0160__Aplus_0p01,hm-a10-g1-L3p5-n2-beta0,160,-0.01,108,2.3625,10.004527797451273,10.001069708221808
hm-a10-g1-L3p5-n2-beta0__N0160__Aminus_0p01,hm-a10-g1-L3p5-n2-beta0__N0160__Aplus_0p01,hm-a10-g1-L3p5-n2-beta0,160,-0.01,109,2.384375,10.004173745465843,10.00098597829277
hm-a10-g1-L3p5-n2-beta0__N0160__Aminus_0p01,hm-a10-g1-L3p5-n2-beta0__N0160__Aplus_0p01,hm-a10-g1-L3p5-n2-beta0,160,-0.01,110,2.40625,10.003813286564045,10.00090072296733
hm-a10-g1-L3p5-n2-beta0__N0160__Aminus_0p01,hm-a10-g1-L3p5-n2-beta0__N0160__Aplus_0p01,hm-a10-g1-L3p5-n2-beta0,160,-0.01,111,2.4281249999999996,10.00344697976101,10.000814073934698
hm-a10-g1-L3p5-n2-beta0__N0160__Aminus_0p01,hm-a10-g1-L3p5-n2-beta0__N0160__Aplus_0p01,hm-a10-g1-L3p5-n2-beta0,160,-0.01,112,2.4499999999999997,10.003075392843627,10.000726165015486
hm-a10-g1-L3p5-n2-beta0__N0160__Aminus_0p01,hm-a10-g1-L3p5-n2-beta0__N0160__Aplus_0p01,hm-a10-g1-L3p5-n2-beta0,160,-0.01,113,2.471875,10.002699101476809,10.000637131954049
hm-a10-g1-L3p5-n2-beta0__N0160__Aminus_0p01,hm-a10-g1-L3p5-n2-beta0__N0160__Aplus_0p01,hm-a10-g1-L3p5-n2-beta0,160,-0.01,114,2.49375,10.002318688299253,10.000547112207975
hm-a10-g1-L3p5-n2-beta0__N0160__Aminus_0p01,hm-a10-g1-L3p5-n2-beta0__N0160__Aplus_0p01,hm-a10-g1-L3p5-n2-beta0,160,-0.01,115,2.515625,10.001934742010196,10.000456244735057
hm-a10-g1-L3p5-n2-beta0__N0160__Aminus_0p01,hm-a10-g1-L3p5-n2-beta0__N0160__Aplus_0p01,hm-a10-g1-L3p5-n2-beta0,160,-0.01,116,2.5374999999999996,10.001547856448642,10.000364669778088
hm-a10-g1-L3p5-n2-beta0__N0160__Aminus_0p01,hm-a10-g1-L3p5-n2-beta0__N0160__Aplus_0p01,hm-a10-g1-L3p5-n2-beta0,160,-0.01,117,2.5593749999999997,10.001158629666588,10.000272528647809
hm-a10-g1-L3p5-n2-beta0__N0160__Aminus_0p01,hm-a10-g1-L3p5-n2-beta0__N0160__Aplus_0p01,hm-a10-g1-L3p5-n2-beta0,160,-0.01,118,2.58125,10.000767662997712,10.000179963504342
hm-a10-g1-L3p5-n2-beta0__N0160__Aminus_0p01,hm-a10-g1-L3p5-n2-beta0__N0160__Aplus_0p01,hm-a10-g1-L3p5-n2-beta0,160,-0.01,119,2.603125,10.000375560123056,10.000087117137484
hm-a10-g1-L3p5-n2-beta0__N0160__Aminus_0p01,hm-a10-g1-L3p5-n2-beta0__N0160__Aplus_0p01,hm-a10-g1-L3p5-n2-beta0,160,-0.01,120,2.625,9.99998292613514,9.99999413274615
hm-a10-g1-L3p5-n2-beta0__N0160__Aminus_0p01,hm-a10-g1-L3p5-n2-beta0__N0160__Aplus_0p01,hm-a10-g1-L3p5-n2-beta0,160,-0.01,121,2.6468749999999996,9.999590366602018,9.99990115371735
hm-a10-g1-L3p5-n2-beta0__N0160__Aminus_0p01,hm-a10-g1-L3p5-n2-beta0__N0160__Aplus_0p01,hm-a10-g1-L3p5-n2-beta0,160,-0.01,122,2.6687499999999997,9.999198486632707,9.999808323405041
hm-a10-g1-L3p5-n2-beta0__N0160__Aminus_0p01,hm-a10-g1-L3p5-n2-beta0__N0160__Aplus_0p01,hm-a10-g1-L3p5-n2-beta0,160,-0.01,123,2.690625,9.998807889945459,9.999715784909155
hm-a10-g1-L3p5-n2-beta0__N0160__Aminus_0p01,hm-a10-g1-L3p5-n2-beta0__N0160__Aplus_0p01,hm-a10-g1-L3p5-n2-beta0,160,-0.01,124,2.7125,9.998419177940276,9.99962368085519
hm-a10-g1-L3p5-n2-beta0__N0160__Aminus_0p01,hm-a10-g1-L3p5-n2-beta0__N0160__Aplus_0p01,hm-a10-g1-L3p5-n2-beta0,160,-0.01,125,2.734375,9.998032948777105,9.99953215317469
hm-a10-g1-L3p5-n2-beta0__N0160__Aminus_0p01,hm-a10-g1-L3p5-n2-beta0__N0160__Aplus_0p01,hm-a10-g1-L3p5-n2-beta0,160,-0.01,126,2.7562499999999996,9.997649796461067,9.999441342886916
hm-a10-g1-L3p5-n2-beta0__N0160__Aminus_0p01,hm-a10-g1-L3p5-n2-beta0__N0160__Aplus_0p01,hm-a10-g1-L3p5-n2-beta0,160,-0.01,127,2.7781249999999997,9.997270309936106,9.999351389882099
hm-a10-g1-L3p5-n2-beta0__N0160__Aminus_0p01,hm-a10-g1-L3p5-n2-beta0__N0160__Aplus_0p01,hm-a10-g1-L3p5-n2-beta0,160,-0.01,128,2.8,9.996895072188392,9.999262432706551
hm-a10-g1-L3p5-n2-beta0__N0160__Aminus_0p01,hm-a10-g1-L3p5-n2-beta0__N0160__Aplus_0p01,hm-a10-g1-L3p5-n2-beta0,160,-0.01,129,2.821875,9.996524659360771,9.99917460835
hm-a10-g1-L3p5-n2-beta0__N0160__Aminus_0p01,hm-a10-g1-L3p5-n2-beta0__N0160__Aplus_0p01,hm-a10-g1-L3p5-n2-beta0,160,-0.01,130,2.84375,9.996159639879563,9.999088052035441
hm-a10-g1-L3p5-n2-beta0__N0160__Aminus_0p01,hm-a10-g1-L3p5-n2-beta0__N0160__Aplus_0p01,hm-a10-g1-L3p5-n2-beta0,160,-0.01,131,2.8656249999999996,9.99580057359495,9.999002897011854
hm-a10-g1-L3p5-n2-beta0__N0160__Aminus_0p01,hm-a10-g1-L3p5-n2-beta0__N0160__Aplus_0p01,hm-a10-g1-L3p5-n2-beta0,160,-0.01,132,2.8874999999999997,9.995448010936185,9.998919274350058
hm-a10-g1-L3p5-n2-beta0__N0160__Aminus_0p01,hm-a10-g1-L3p5-n2-beta0__N0160__Aplus_0p01,hm-a10-g1-L3p5-n2-beta0,160,-0.01,133,2.909375,9.995102492082788,9.998837312742042
hm-a10-g1-L3p5-n2-beta0__N0160__Aminus_0p01,hm-a10-g1-L3p5-n2-beta0__N0160__Aplus_0p01,hm-a10-g1-L3p5-n2-beta0,160,-0.01,134,2.93125,9.99476454615291,9.998757138304066
hm-a10-g1-L3p5-n2-beta0__N0160__Aminus_0p01,hm-a10-g1-L3p5-n2-beta0__N0160__Aplus_0p01,hm-a10-g1-L3p5-n2-beta0,160,-0.01,135,2.953125,9.994434690409964,9.998678874383817
hm-a10-g1-L3p5-n2-beta0__N0160__Aminus_0p01,hm-a10-g1-L3p5-n2-beta0__N0160__Aplus_0p01,hm-a10-g1-L3p5-n2-beta0,160,-0.01,136,2.9749999999999996,9.994113429488625,9.99860264137191
hm-a10-g1-L3p5-n2-beta0__N0160__Aminus_0p01,hm-a10-g1-L3p5-n2-beta0__N0160__Aplus_0p01,hm-a10-g1-L3p5-n2-beta0,160,-0.01,137,2.9968749999999997,9.993801254641223,9.998528556518032
hm-a10-g1-L3p5-n2-beta0__N0160__Aminus_0p01,hm-a10-g1-L3p5-n2-beta0__N0160__Aplus_0p01,hm-a10-g1-L3p5-n2-beta0,160,-0.01,138,3.01875,9.993498643005578,9.998456733751961
hm-a10-g1-L3p5-n2-beta0__N0160__Aminus_0p01,hm-a10-g1-L3p5-n2-beta0__N0160__Aplus_0p01,hm-a10-g1-L3p5-n2-beta0,160,-0.01,139,3.040625,9.993206056895207,9.998387283509782
hm-a10-g1-L3p5-n2-beta0__N0160__Aminus_0p01,hm-a10-g1-L3p5-n2-beta0__N0160__Aplus_0p01,hm-a10-g1-L3p5-n2-beta0,160,-0.01,140,3.0625,9.992923943112869,9.998320312565493
hm-a10-g1-L3p5-n2-beta0__N0160__Aminus_0p01,hm-a10-g1-L3p5-n2-beta0__N0160__Aplus_0p01,hm-a10-g1-L3p5-n2-beta0,160,-0.01,141,3.0843749999999996,9.992652732288327,9.998255923868303
hm-a10-g1-L3p5-n2-beta0__N0160__Aminus_0p01,hm-a10-g1-L3p5-n2-beta0__N0160__Aplus_0p01,hm-a10-g1-L3p5-n2-beta0,160,-0.01,142,3.1062499999999997,9.992392838241212,9.998194216385833
hm-a10-g1-L3p5-n2-beta0__N0160__Aminus_0p01,hm-a10-g1-L3p5-n2-beta0__N0160__Aplus_0p01,hm-a10-g1-L3p5-n2-beta0,160,-0.01,143,3.128125,9.992144657369753,9.998135284953449
hm-a10-g1-L3p5-n2-beta0__N0160__Aminus_0p01,hm-a10-g1-L3p5-n2-beta0__N0160__Aplus_0p01,hm-a10-g1-L3p5-n2-beta0,160,-0.01,144,3.15,9.991908568066226,9.998079220129963
hm-a10-g1-L3p5-n2-beta0__N0160__Aminus_0p01,hm-a10-g1-L3p5-n2-beta0__N0160__Aplus_0p01,hm-a10-g1-L3p5-n2-beta0,160,-0.01,145,3.171875,9.991684930159781,9.998026108059904
hm-a10-g1-L3p5-n2-beta0__N0160__Aminus_0p01,hm-a10-g1-L3p5-n2-beta0__N0160__Aplus_0p01,hm-a10-g1-L3p5-n2-beta0,160,-0.01,146,3.1937499999999996,9.991474084387425,9.99797603034255
hm-a10-g1-L3p5-n2-beta0__N0160__Aminus_0p01,hm-a10-g1-L3p5-n2-beta0__N0160__Aplus_0p01,hm-a10-g1-L3p5-n2-beta0,160,-0.01,147,3.2156249999999997,9.991276351893735,9.997929063907923
hm-a10-g1-L3p5-n2-beta0__N0160__Aminus_0p01,hm-a10-g1-L3p5-n2-beta0__N0160__Aplus_0p01,hm-a10-g1-L3p5-n2-beta0,160,-0.01,148,3.2375,9.991092033760003,9.997885280899942
hm-a10-g1-L3p5-n2-beta0__N0160__Aminus_0p01,hm-a10-g1-L3p5-n2-beta0__N0160__Aplus_0p01,hm-a10-g1-L3p5-n2-beta0,160,-0.01,149,3.259375,9.990921410563335,9.99784474856686
hm-a10-g1-L3p5-n2-beta0__N0160__Aminus_0p01,hm-a10-g1-L3p5-n2-beta0__N0160__Aplus_0p01,hm-a10-g1-L3p5-n2-beta0,160,-0.01,150,3.28125,9.990764741966244,9.99780752915919
hm-a10-g1-L3p5-n2-beta0__N0160__Aminus_0p01,hm-a10-g1-L3p5-n2-beta0__N0160__Aplus_0p01,hm-a10-g1-L3p5-n2-beta0,160,-0.01,151,3.3031249999999996,9.990622266337281,9.997773679835232
hm-a10-g1-L3p5-n2-beta0__N0160__Aminus_0p01,hm-a10-g1-L3p5-n2-beta0__N0160__Aplus_0p01,hm-a10-g1-L3p5-n2-beta0,160,-0.01,152,3.3249999999999997,9.990494200403102,9.997743252574374
hm-a10-g1-L3p5-n2-beta0__N0160__Aminus_0p01,hm-a10-g1-L3p5-n2-beta0__N0160__Aplus_0p01,hm-a10-g1-L3p5-n2-beta0,160,-0.01,153,3.346875,9.990380738932425,9.997716294098241
hm-a10-g1-L3p5-n2-beta0__N0160__Aminus_0p01,hm-a10-g1-L3p5-n2-beta0__N0160__Aplus_0p01,hm-a10-g1-L3p5-n2-beta0,160,-0.01,154,3.36875,9.990282054452244,9.997692845799872
hm-a10-g1-L3p5-n2-beta0__N0160__Aminus_0p01,hm-a10-g1-L3p5-n2-beta0__N0160__Aplus_0p01,hm-a10-g1-L3p5-n2-beta0,160,-0.01,155,3.390625,9.990198296996642,9.997672943680955
hm-a10-g1-L3p5-n2-beta0__N0160__Aminus_0p01,hm-a10-g1-L3p5-n2-beta0__N0160__Aplus_0p01,hm-a10-g1-L3p5-n2-beta0,160,-0.01,156,3.4124999999999996,9.990129593888483,9.997656618297267
hm-a10-g1-L3p5-n2-beta0__N0160__Aminus_0p01,hm-a10-g1-L3p5-n2-beta0__N0160__Aplus_0p01,hm-a10-g1-L3p5-n2-beta0,160,-0.01,157,3.4343749999999997,9.990076049554274,9.997643894712365
hm-a10-g1-L3p5-n2-beta0__N0160__Aminus_0p01,hm-a10-g1-L3p5-n2-beta0__N0160__Aplus_0p01,hm-a10-g1-L3p5-n2-beta0,160,-0.01,158,3.45625,9.990037745372371,9.997634792459618
hm-a10-g1-L3p5-n2-beta0__N0160__Aminus_0p01,hm-a10-g1-L3p5-n2-beta0__N0160__Aplus_0p01,hm-a10-g1-L3p5-n2-beta0,160,-0.01,159,3.478125,9.990014739554745,9.997629325512603
hm-a10-g1-L3p5-n2-beta0__N0160__Aminus_0p01,hm-a10-g1-L3p5-n2-beta0__N0160__Aplus_0p01,hm-a10-g1-L3p5-n2-beta0,160,-0.01,160,3.5,9.99000706706243,9.997627502263947
hm-a10-g1-L3p5-n2-beta0__N0160__Aminus_0p005,hm-a10-g1-L3p5-n2-beta0__N0160__Aplus_0p005,hm-a10-g1-L3p5-n2-beta0,160,-0.005,0,0.0,9.995001768242865,9.99881478319869
hm-a10-g1-L3p5-n2-beta0__N0160__Aminus_0p005,hm-a10-g1-L3p5-n2-beta0__N0160__Aplus_0p005,hm-a10-g1-L3p5-n2-beta0,160,-0.005,1,0.021875,9.995005613765077,9.998815695492306
hm-a10-g1-L3p5-n2-beta0__N0160__Aminus_0p005,hm-a10-g1-L3p5-n2-beta0__N0160__Aplus_0p005,hm-a10-g1-L3p5-n2-beta0,160,-0.005,2,0.04375,9.995017144445102,9.99881843096956
hm-a10-g1-L3p5-n2-beta0__N0160__Aminus_0p005,hm-a10-g1-L3p5-n2-beta0__N0160__Aplus_0p005,hm-a10-g1-L3p5-n2-beta0,160,-0.005,3,0.06562499999999999,9.99503634263191,9.998822985421812
hm-a10-g1-L3p5-n2-beta0__N0160__Aminus_0p005,hm-a10-g1-L3p5-n2-beta0__N0160__Aplus_0p005,hm-a10-g1-L3p5-n2-beta0,160,-0.005,4,0.0875,9.995063178936485,9.998829351841803
hm-a10-g1-L3p5-n2-beta0__N0160__Aminus_0p005,hm-a10-g1-L3p5-n2-beta0__N0160__Aplus_0p005,hm-a10-g1-L3p5-n2-beta0,160,-0.005,5,0.109375,9.995097612275835,9.998837520434371
hm-a10-g1-L3p5-n2-beta0__N0160__Aminus_0p005,hm-a10-g1-L3p5-n2-beta0__N0160__Aplus_0p005,hm-a10-g1-L3p5-n2-beta0,160,-0.005,6,0.13124999999999998,9.995139589934505,9.998847478631427
hm-a10-g1-L3p5-n2-beta0__N0160__Aminus_0p005,hm-a10-g1-L3p5-n2-beta0__N0160__Aplus_0p005,hm-a10-g1-L3p5-n2-beta0,160,-0.005,7,0.15312499999999998,9.99518904764355,9.99885921111116
hm-a10-g1-L3p5-n2-beta0__N0160__Aminus_0p005,hm-a10-g1-L3p5-n2-beta0__N0160__Aplus_0p005,hm-a10-g1-L3p5-n2-beta0,160,-0.005,8,0.175,9.995245909676813,9.998872699821455
hm-a10-g1-L3p5-n2-beta0__N0160__Aminus_0p005,hm-a10-g1-L3p5-n2-beta0__N0160__Aplus_0p005,hm-a10-g1-L3p5-n2-beta0,160,-0.005,9,0.196875,9.995310088964409,9.9988879240075
hm-a10-g1-L3p5-n2-beta0__N0160__Aminus_0p005,hm-a10-g1-L3p5-n2-beta0__N0160__Aplus_0p005,hm-a10-g1-L3p5-n2-beta0,160,-0.005,10,0.21875,9.995381487223254,9.998904860243515
hm-a10-g1-L3p5-n2-beta0__N0160__Aminus_0p005,hm-a10-g1-L3p5-n2-beta0__N0160__Aplus_0p005,hm-a10-g1-L3p5-n2-beta0,160,-0.005,11,0.24062499999999998,9.995459995104449,9.998923482468571
hm-a10-g1-L3p5-n2-beta0__N0160__Aminus_0p005,hm-a10-g1-L3p5-n2-beta0__N0160__Aplus_0p005,hm-a10-g1-L3p5-n2-beta0,160,-0.005,12,0.26249999999999996,9.995545492357328,9.998943762026448
hm-a10-g1-L3p5-n2-beta0__N0160__Aminus_0p005,hm-a10-g1-L3p5-n2-beta0__N0160__Aplus_0p005,hm-a10-g1-L3p5-n2-beta0,160,-0.005,13,0.284375,9.995637848009942,9.998965667709456
hm-a10-g1-L3p5-n2-beta0__N0160__Aminus_0p005,hm-a10-g1-L3p5-n2-beta0__N0160__Aplus_0p005,hm-a10-g1-L3p5-n2-beta0,160,-0.005,14,0.30624999999999997,9.995736920565731,9.998989165806185
hm-a10-g1-L3p5-n2-beta0__N0160__Aminus_0p005,hm-a10-g1-L3p5-n2-beta0__N0160__Aplus_0p005,hm-a10-g1-L3p5-n2-beta0,160,-0.005,15,0.328125,9.995842558216115,9.999014220153075
hm-a10-g1-L3p5-n2-beta0__N0160__Aminus_0p005,hm-a10-g1-L3p5-n2-beta0__N0160__Aplus_0p005,hm-a10-g1-L3p5-n2-beta0,160,-0.005,16,0.35,9.995954599068698,9.999040792189758
hm-a10-g1-L3p5-n2-beta0__N0160__Aminus_0p005,hm-a10-g1-L3p5-n2-beta0__N0160__Aplus_0p005,hm-a10-g1-L3p5-n2-beta0,160,-0.005,17,0.37187499999999996,9.9960728713908,9.99906884101807
hm-a10-g1-L3p5-n2-beta0__N0160__Aminus_0p005,hm-a10-g1-L3p5-n2-beta0__N0160__Aplus_0p005,hm-a10-g1-L3p5-n2-beta0,160,-0.005,18,0.39375,9.996197193867932,9.999098323464658
hm-a10-g1-L3p5-n2-beta0__N0160__Aminus_0p005,hm-a10-g1-L3p5-n2-beta0__N0160__Aplus_0p005,hm-a10-g1-L3p5-n2-beta0,160,-0.005,19,0.41562499999999997,9.996327375876904,9.999129194147086
hm-a10-g1-L3p5-n2-beta0__N0160__Aminus_0p005,hm-a10-g1-L3p5-n2-beta0__N0160__Aplus_0p005,hm-a10-g1-L3p5-n2-beta0,160,-0.005,20,0.4375,9.996463217773147,9.999161405543331
hm-a10-g1-L3p5-n2-beta0__N0160__Aminus_0p005,hm-a10-g1-L3p5-n2-beta0__N0160__Aplus_0p005,hm-a10-g1-L3p5-n2-beta0,160,-0.005,21,0.459375,9.996604511191865,9.999194908064583
hm-a10-g1-L3p5-n2-beta0__N0160__Aminus_0p005,hm-a10-g1-L3p5-n2-beta0__N0160__Aplus_0p005,hm-a10-g1-L3p5-n2-beta0,160,-0.005,22,0.48124999999999996,9.996751039362588,9.999229650131213
hm-a10-g1-L3p5-n2-beta0__N0160__Aminus_0p005,hm-a10-g1-L3p5-n2-beta0__N0160__Aplus_0p005,hm-a10-g1-L3p5-n2-beta0,160,-0.005,23,0.5031249999999999,9.996902577436684,9.99926557825182
hm-a10-g1-L3p5-n2-beta0__N0160__Aminus_0p005,hm-a10-g1-L3p5-n2-beta0__N0160__Aplus_0p005,hm-a10-g1-L3p5-n2-beta0,160,-0.005,24,0.5249999999999999,9.997058892827368,9.999302637105236
hm-a10-g1-L3p5-n2-beta0__N0160__Aminus_0p005,hm-a10-g1-L3p5-n2-beta0__N0160__Aplus_0p005,hm-a10-g1-L3p5-n2-beta0,160,-0.005,25,0.546875,9.997219745561718,9.999340769625348
hm-a10-g1-L3p5-n2-beta0__N0160__Aminus_0p005,hm-a10-g1-L3p5-n2-beta0__N0160__Aplus_0p005,hm-a10-g1-L3p5-n2-beta0,160,-0.005,26,0.56875,9.997384888644206,9.999379917088612
hm-a10-g1-L3p5-n2-beta0__N0160__Aminus_0p005,hm-a10-g1-L3p5-n2-beta0__N0160__Aplus_0p005,hm-a10-g1-L3p5-n2-beta0,160,-0.005,27,0.590625,9.99755406843121,9.999420019204157
hm-a10-g1-L3p5-n2-beta0__N0160__Aminus_0p005,hm-a10-g1-L3p5-n2-beta0__N0160__Aplus_0p005,hm-a10-g1-L3p5-n2-beta0,160,-0.005,28,0.6124999999999999,9.997727025015989,9.9994610142063
hm-a10-g1-L3p5-n2-beta0__N0160__Aminus_0p005,hm-a10-g1-L3p5-n2-beta0__N0160__Aplus_0p005,hm-a10-g1-L3p5-n2-beta0,160,-0.005,29,0.6343749999999999,9.99790349262354,9.999502838949365
hm-a10-g1-L3p5-n2-beta0__N0160__Aminus_0p005,hm-a10-g1-L3p5-n2-beta0__N0160__Aplus_0p005,hm-a10-g1-L3p5-n2-beta0,160,-0.005,30,0.65625,9.998083200014783,9.999545429004634
hm-a10-g1-L3p5-n2-beta0__N0160__Aminus_0p005,hm-a10-g1-L3p5-n2-beta0__N0160__Aplus_0p005,hm-a10-g1-L3p5-n2-beta0,160,-0.005,31,0.678125,9.998265870899479,9.99958871875932
hm-a10-g1-L3p5-n2-beta0__N0160__Aminus_0p005,hm-a10-g1-L3p5-n2-beta0__N0160__Aplus_0p005,hm-a10-g1-L3p5-n2-beta0,160,-0.005,32,0.7,9.99845122435728,9.999632641517373
hm-a10-g1-L3p5-n2-beta0__N0160__Aminus_0p005,hm-a10-g1-L3p5-n2-beta0__N0160__Aplus_0p005,hm-a10-g1-L3p5-n2-beta0,160,-0.005,33,0.7218749999999999,9.998638975266289,9.999677129601995
hm-a10-g1-L3p5-n2-beta0__N0160__Aminus_0p005,hm-a10-g1-L3p5-n2-beta0__N0160__Aplus_0p005,hm-a10-g1-L3p5-n2-beta0,160,-0.005,34,0.7437499999999999,9.99882883473849,9.999722114459686
hm-a10-g1-L3p5-n2-beta0__N0160__Aminus_0p005,hm-a10-g1-L3p5-n2-beta0__N0160__Aplus_0p005,hm-a10-g1-L3p5-n2-beta0,160,-0.005,35,0.765625,9.999020510561428,9.999767526765678
hm-a10-g1-L3p5-n2-beta0__N0160__Aminus_0p005,hm-a10-g1-L3p5-n2-beta0__N0160__Aplus_0p005,hm-a10-g1-L3p5-n2-beta0,160,-0.005,36,0.7875,9.99921370764545,9.999813296530595
hm-a10-g1-L3p5-n2-beta0__N0160__Aminus_0p005,hm-a10-g1-L3p5-n2-beta0__N0160__Aplus_0p005,hm-a10-g1-L3p5-n2-beta0,160,-0.005,37,0.809375,9.999408128475869,9.99985935320816
hm-a10-g1-L3p5-n2-beta0__N0160__Aminus_0p005,hm-a10-g1-L3p5-n2-beta0__N0160__Aplus_0p005,hm-a10-g1-L3p5-n2-beta0,160,-0.005,38,0.8312499999999999,9.999603473569328,9.999905625803807
hm-a10-g1-L3p5-n2-beta0__N0160__Aminus_0p005,hm-a10-g1-L3p5-n2-beta0__N0160__Aplus_0p005,hm-a10-g1-L3p5-n2-beta0,160,-0.005,39,0.8531249999999999,9.999799441933739,9.999952042984019
hm-a10-g1-L3p5-n2-beta0__N0160__Aminus_0p005,hm-a10-g1-L3p5-n2-beta0__N0160__Aplus_0p005,hm-a10-g1-L3p5-n2-beta0,160,-0.005,40,0.875,9.999995731531031,9.999998533186215
hm-a10-g1-L3p5-n2-beta0__N0160__Aminus_0p005,hm-a10-g1-L3p5-n2-beta0__N0160__Aplus_0p005,hm-a10-g1-L3p5-n2-beta0,160,-0.005,41,0.896875,10.000192039742055,10.000045024729046
hm-a10-g1-L3p5-n2-beta0__N0160__Aminus_0p005,hm-a10-g1-L3p5-n2-beta0__N0160__Aplus_0p005,hm-a10-g1-L3p5-n2-beta0,160,-0.005,42,0.91875,10.000388063832899,10.000091445922893
hm-a10-g1-L3p5-n2-beta0__N0160__Aminus_0p005,hm-a10-g1-L3p5-n2-beta0__N0160__Aplus_0p005,hm-a10-g1-L3p5-n2-beta0,160,-0.005,43,0.9406249999999999,10.000583501421923,10.000137725180434
hm-a10-g1-L3p5-n2-beta0__N0160__Aminus_0p005,hm-a10-g1-L3p5-n2-beta0__N0160__Aplus_0p005,hm-a10-g1-L3p5-n2-beta0,160,-0.005,44,0.9624999999999999,10.000778050946773,10.000183791127073
hm-a10-g1-L3p5-n2-beta0__N0160__Aminus_0p005,hm-a10-g1-L3p5-n2-beta0__N0160__Aplus_0p005,hm-a10-g1-L3p5-n2-beta0,160,-0.005,45,0.9843749999999999,10.000971412130651,10.0002295727111
hm-a10-g1-L3p5-n2-beta0__N0160__Aminus_0p005,hm-a10-g1-L3p5-n2-beta0__N0160__Aplus_0p005,hm-a10-g1-L3p5-n2-beta0,160,-0.005,46,1.0062499999999999,10.001163286447142,10.000274999313374
hm-a10-g1-L3p5-n2-beta0__N0160__Aminus_0p005,hm-a10-g1-L3p5-n2-beta0__N0160__Aplus_0p005,hm-a10-g1-L3p5-n2-beta0,160,-0.005,47,1.028125,10.001353377582818,10.000320000856371
hm-a10-g1-L3p5-n2-beta0__N0160__Aminus_0p005,hm-a10-g1-L3p5-n2-beta0__N0160__Aplus_0p005,hm-a10-g1-L3p5-n2-beta0,160,-0.005,48,1.0499999999999998,10.001541391896943,10.000364507912458
hm-a10-g1-L3p5-n2-beta0__N0160__Aminus_0p005,hm-a10-g1-L3p5-n2-beta0__N0160__Aplus_0p005,hm-a10-g1-L3p5-n2-beta0,160,-0.005,49,1.071875,10.00172703887753,10.00040845181117
hm-a10-g1-L3p5-n2-beta0__N0160__Aminus_0p005,hm-a10-g1-L3p5-n2-beta0__N0160__Aplus_0p005,hm-a10-g1-L3p5-n2-beta0,160,-0.005,50,1.09375,10.001910031593013,10.000451764745362
hm-a10-g1-L3p5-n2-beta0__N0160__Aminus_0p005,hm-a10-g1-L3p5-n2-beta0__N0160__Aplus_0p005,hm-a10-g1-L3p5-n2-beta0,160,-0.005,51,1.1156249999999999,10.002090087138859,10.000494379876082
hm-a10-g1-L3p5-n2-beta0__N0160__Aminus_0p005,hm-a10-g1-L3p5-n2-beta0__N0160__Aplus_0p005,hm-a10-g1-L3p5-n2-beta0,160,-0.005,52,1.1375,10.002266927078342,10.000536231435941
hm-a10-g1-L3p5-n2-beta0__N0160__Aminus_0p005,hm-a10-g1-L3p5-n2-beta0__N0160__Aplus_0p005,hm-a10-g1-L3p5-n2-beta0,160,-0.005,53,1.1593749999999998,10.002440277876836,10.00057725483089
hm-a10-g1-L3p5-n2-beta0__N0160__Aminus_0p005,hm-a10-g1-L3p5-n2-beta0__N0160__Aplus_0p005,hm-a10-g1-L3p5-n2-beta0,160,-0.005,54,1.18125,10.002609871328884,10.000617386740203
hm-a10-g1-L3p5-n2-beta0__N0160__Aminus_0p005,hm-a10-g1-L3p5-n2-beta0__N0160__Aplus_0p005,hm-a10-g1-L3p5-n2-beta0,160,-0.005,55,1.203125,10.002775444977363,10.000656565214506
hm-a10-g1-L3p5-n2-beta0__N0160__Aminus_0p005,hm-a10-g1-L3p5-n2-beta0__N0160__Aplus_0p005,hm-a10-g1-L3p5-n2-beta0,160,-0.005,56,1.2249999999999999,10.002936742524076,10.00069472977173
hm-a10-g1-L3p5-n2-beta0__N0160__Aminus_0p005,hm-a10-g1-L3p5-n2-beta0__N0160__Aplus_0p005,hm-a10-g1-L3p5-n2-beta0,160,-0.005,57,1.246875,10.003093514231079,10.000731821490819
hm-a10-g1-L3p5-n2-beta0__N0160__Aminus_0p005,hm-a10-g1-L3p5-n2-beta0__N0160__Aplus_0p005,hm-a10-g1-L3p5-n2-beta0,160,-0.005,58,1.2687499999999998,10.00324551731211,10.00076778310303
hm-a10-g1-L3p5-n2-beta0__N0160__Aminus_0p005,hm-a10-g1-L3p5-n2-beta0__N0160__Aplus_0p005,hm-a10-g1-L3p5-n2-beta0,160,-0.005,59,1.290625,10.003392516313463,10.000802559080704
hm-a10-g1-L3p5-n2-beta0__N0160__Aminus_0p005,hm-a10-g1-L3p5-n2-beta0__N0160__Aplus_0p005,hm-a10-g1-L3p5-n2-beta0,160,-0.005,60,1.3125,10.00353428348368,10.00083609572337
hm-a10-g1-L3p5-n2-beta0__N0160__Aminus_0p005,hm-a10-g1-L3p5-n2-beta0__N0160__Aplus_0p005,hm-a10-g1-L3p5-n2-beta0,160,-0.005,61,1.3343749999999999,10.003670599131455,10.000868341241034
hm-a10-g1-L3p5-n2-beta0__N0160__Aminus_0p005,hm-a10-g1-L3p5-n2-beta0__N0160__Aplus_0p005,hm-a10-g1-L3p5-n2-beta0,160,-0.005,62,1.35625,10.00380125197116,10.00089924583451
hm-a10-g1-L3p5-n2-beta0__N0160__Aminus_0p005,hm-a10-g1-L3p5-n2-beta0__N0160__Aplus_0p005,hm-a10-g1-L3p5-n2-beta0,160,-0.005,63,1.3781249999999998,10.00392603945539,10.000928761772702
hm-a10-g1-L3p5-n2-beta0__N0160__Aminus_0p005,hm-a10-g1-L3p5-n2-beta0__N0160__Aplus_0p005,hm-a10-g1-L3p5-n2-beta0,160,-0.005,64,1.4,10.004044768094035,10.00095684346669
hm-a10-g1-L3p5-n2-beta0__N0160__Aminus_0p005,hm-a10-g1-L3p5-n2-beta0__N0160__Aplus_0p005,hm-a10-g1-L3p5-n2-beta0,160,-0.005,65,1.421875,10.00415725375926,10.000983447540493
hm-a10-g1-L3p5-n2-beta0__N0160__Aminus_0p005,hm-a10-g1-L3p5-n2-beta0__N0160__Aplus_0p005,hm-a10-g1-L3p5-n2-beta0,160,-0.005,66,1.4437499999999999,10.004263321975962,10.001008532898425
hm-a10-g1-L3p5-n2-beta0__N0160__Aminus_0p005,hm-a10-g1-L3p5-n2-beta0__N0160__Aplus_0p005,hm-a10-g1-L3p5-n2-beta0,160,-0.005,67,1.465625,10.004362808197161,10.001032060788924
hm-a10-g1-L3p5-n2-beta0__N0160__Aminus_0p005,hm-a10-g1-L3p5-n2-beta0__N0160__Aplus_0p005,hm-a10-g1-L3p5-n2-beta0,160,-0.005,68,1.4874999999999998,10.004455558063887,10.001053994864744
hm-a10-g1-L3p5-n2-beta0__N0160__Aminus_0p005,hm-a10-g1-L3p5-n2-beta0__N0160__Aplus_0p005,hm-a10-g1-L3p5-n2-beta0,160,-0.005,69,1.509375,10.004541427649116,10.001074301239422
hm-a10-g1-L3p5-n2-beta0__N0160__Aminus_0p005,hm-a10-g1-L3p5-n2-beta0__N0160__Aplus_0p005,hm-a10-g1-L3p5-n2-beta0,160,-0.005,70,1.53125,10.004620283685341,10.001092948539934
hm-a10-g1-L3p5-n2-beta0__N0160__Aminus_0p005,hm-a10-g1-L3p5-n2-beta0__N0160__Aplus_0p005,hm-a10-g1-L3p5-n2-beta0,160,-0.005,71,1.5531249999999999,10.004692003775402,10.001109907955465
hm-a10-g1-L3p5-n2-beta0__N0160__Aminus_0p005,hm-a10-g1-L3p5-n2-beta0__N0160__Aplus_0p005,hm-a10-g1-L3p5-n2-beta0,160,-0.005,72,1.575,10.004756476586198,10.001125153282175
hm-a10-g1-L3p5-n2-beta0__N0160__Aminus_0p005,hm-a10-g1-L3p5-n2-beta0__N0160__Aplus_0p005,hm-a10-g1-L3p5-n2-beta0,160,-0.005,73,1.5968749999999998,10.004813602024974,10.001138660963939
hm-a10-g1-L3p5-n2-beta0__N0160__Aminus_0p005,hm-a10-g1-L3p5-n2-beta0__N0160__Aplus_0p005,hm-a10-g1-L3p5-n2-beta0,160,-0.005,74,1.61875,10.004863291397857,10.001150410128982
hm-a10-g1-L3p5-n2-beta0__N0160__Aminus_0p005,hm-a10-g1-L3p5-n2-beta0__N0160__Aplus_0p005,hm-a10-g1-L3p5-n2-beta0,160,-0.005,75,1.640625,10.004905467550406,10.001160382622325
hm-a10-g1-L3p5-n2-beta0__N0160__Aminus_0p005,hm-a10-g1-L3p5-n2-beta0__N0160__Aplus_0p005,hm-a10-g1-L3p5-n2-beta0,160,-0.005,76,1.6624999999999999,10.004940064989889,10.001168563034009
hm-a10-g1-L3p5-n2-beta0__N0160__Aminus_0p005,hm-a10-g1-L3p5-n2-beta0__N0160__Aplus_0p005,hm-a10-g1-L3p5-n2-beta0,160,-0.005,77,1.684375,10.004967029989116,10.001174938723073
hm-a10-g1-L3p5-n2-beta0__N0160__Aminus_0p005,hm-a10-g1-L3p5-n2-beta0__N0160__Aplus_0p005,hm-a10-g1-L3p5-n2-beta0,160,-0.005,78,1.7062499999999998,10.004986320671648,10.001179499837214
hm-a10-g1-L3p5-n2-beta0__N0160__Aminus_0p005,hm-a10-g1-L3p5-n2-beta0__N0160__Aplus_0p005,hm-a10-g1-L3p5-n2-beta0,160,-0.005,79,1.728125,10.004997907078202,10.0011822393281
hm-a10-g1-L3p5-n2-beta0__N0160__Aminus_0p005,hm-a10-g1-L3p5-n2-beta0__N0160__Aplus_0p005,hm-a10-g1-L3p5-n2-beta0,160,-0.005,80,1.75,10.005001771214175,10.001183152962348
hm-a10-g1-L3p5-n2-beta0__N0160__Aminus_0p005,hm-a10-g1-L3p5-n2-beta0__N0160__Aplus_0p005,hm-a10-g1-L3p5-n2-beta0,160,-0.005,81,1.7718749999999999,10.004997907078192,10.001182239328093
hm-a10-g1-L3p5-n2-beta0__N0160__Aminus_0p005,hm-a10-g1-L3p5-n2-beta0__N0160__Aplus_0p005,hm-a10-g1-L3p5-n2-beta0,160,-0.005,82,1.79375,10.004986320671629,10.0011794998372
hm-a10-g1-L3p5-n2-beta0__N0160__Aminus_0p005,hm-a10-g1-L3p5-n2-beta0__N0160__Aplus_0p005,hm-a10-g1-L3p5-n2-beta0,160,-0.005,83,1.8156249999999998,10.004967029989086,10.001174938723056
hm-a10-g1-L3p5-n2-beta0__N0160__Aminus_0p005,hm-a10-g1-L3p5-n2-beta0__N0160__Aplus_0p005,hm-a10-g1-L3p5-n2-beta0,160,-0.005,84,1.8375,10.004940064989846,10.001168563033985
hm-a10-g1-L3p5-n2-beta0__N0160__Aminus_0p005,hm-a10-g1-L3p5-n2-beta0__N0160__Aplus_0p005,hm-a10-g1-L3p5-n2-beta0,160,-0.005,85,1.8593749999999998,10.004905467550353,10.001160382622299
hm-a10-g1-L3p5-n2-beta0__N0160__Aminus_0p005,hm-a10-g1-L3p5-n2-beta0__N0160__Aplus_0p005,hm-a10-g1-L3p5-n2-beta0,160,-0.005,86,1.8812499999999999,10.004863291397795,10.001150410128952
hm-a10-g1-L3p5-n2-beta0__N0160__Aminus_0p005,hm-a10-g1-L3p5-n2-beta0__N0160__Aplus_0p005,hm-a10-g1-L3p5-n2-beta0,160,-0.005,87,1.903125,10.0048136020249,10.001138660963903
hm-a10-g1-L3p5-n2-beta0__N0160__Aminus_0p005,hm-a10-g1-L3p5-n2-beta0__N0160__Aplus_0p005,hm-a10-g1-L3p5-n2-beta0,160,-0.005,88,1.9249999999999998,10.004756476586115,10.001125153282134
hm-a10-g1-L3p5-n2-beta0__N0160__Aminus_0p005,hm-a10-g1-L3p5-n2-beta0__N0160__Aplus_0p005,hm-a10-g1-L3p5-n2-beta0,160,-0.005,89,1.946875,10.004692003775308,10.00110990795542
hm-a10-g1-L3p5-n2-beta0__N0160__Aminus_0p005,hm-a10-g1-L3p5-n2-beta0__N0160__Aplus_0p005,hm-a10-g1-L3p5-n2-beta0,160,-0.005,90,1.9687499999999998,10.004620283685236,10.001092948539887
hm-a10-g1-L3p5-n2-beta0__N0160__Aminus_0p005,hm-a10-g1-L3p5-n2-beta0__N0160__Aplus_0p005,hm-a10-g1-L3p5-n2-beta0,160,-0.005,91,1.9906249999999999,10.004541427649,10.00107430123937
hm-a10-g1-L3p5-n2-beta0__N0160__Aminus_0p005,hm-a10-g1-L3p5-n2-beta0__N0160__Aplus_0p005,hm-a10-g1-L3p5-n2-beta0,160,-0.005,92,2.0124999999999997,10.00445555806376,10.001053994864689
hm-a10-g1-L3p5-n2-beta0__N0160__Aminus_0p005,hm-a10-g1-L3p5-n2-beta0__N0160__Aplus_0p005,hm-a10-g1-L3p5-n2-beta0,160,-0.005,93,2.034375,10.004362808197024,10.001032060788864
hm-a10-g1-L3p5-n2-beta0__N0160__Aminus_0p005,hm-a10-g1-L3p5-n2-beta0__N0160__Aplus_0p005,hm-a10-g1-L3p5-n2-beta0,160,-0.005,94,2.05625,10.004263321975813,10.00100853289836
hm-a10-g1-L3p5-n2-beta0__N0160__Aminus_0p005,hm-a10-g1-L3p5-n2-beta0__N0160__Aplus_0p005,hm-a10-g1-L3p5-n2-beta0,160,-0.005,95,2.078125,10.0041572537591,10.000983447540424
hm-a10-g1-L3p5-n2-beta0__N0160__Aminus_0p005,hm-a10-g1-L3p5-n2-beta0__N0160__Aplus_0p005,hm-a10-g1-L3p5-n2-beta0,160,-0.005,96,2.0999999999999996,10.004044768093864,10.000956843466618
hm-a10-g1-L3p5-n2-beta0__N0160__Aminus_0p005,hm-a10-g1-L3p5-n2-beta0__N0160__Aplus_0p005,hm-a10-g1-L3p5-n2-beta0,160,-0.005,97,2.1218749999999997,10.00392603945521,10.000928761772627
hm-a10-g1-L3p5-n2-beta0__N0160__Aminus_0p005,hm-a10-g1-L3p5-n2-beta0__N0160__Aplus_0p005,hm-a10-g1-L3p5-n2-beta0,160,-0.005,98,2.14375,10.003801251970968,10.00089924583443
hm-a10-g1-L3p5-n2-beta0__N0160__Aminus_0p005,hm-a10-g1-L3p5-n2-beta0__N0160__Aplus_0p005,hm-a10-g1-L3p5-n2-beta0,160,-0.005,99,2.165625,10.003670599131254,10.000868341240952
hm-a10-g1-L3p5-n2-beta0__N0160__Aminus_0p005,hm-a10-g1-L3p5-n2-beta0__N0160__Aplus_0p005,hm-a10-g1-L3p5-n2-beta0,160,-0.005,100,2.1875,10.003534283483468,10.000836095723287
hm-a10-g1-L3p5-n2-beta0__N0160__Aminus_0p005,hm-a10-g1-L3p5-n2-beta0__N0160__Aplus_0p005,hm-a10-g1-L3p5-n2-beta0,160,-0.005,101,2.2093749999999996,10.003392516313241,10.000802559080618
hm-a10-g1-L3p5-n2-beta0__N0160__Aminus_0p005,hm-a10-g1-L3p5-n2-beta0__N0160__Aplus_0p005,hm-a10-g1-L3p5-n2-beta0,160,-0.005,102,2.2312499999999997,10.003245517311877,10.000767783102944
hm-a10-g1-L3p5-n2-beta0__N0160__Aminus_0p005,hm-a10-g1-L3p5-n2-beta0__N0160__Aplus_0p005,hm-a10-g1-L3p5-n2-beta0,160,-0.005,103,2.253125,10.003093514230835,10.000731821490731
hm-a10-g1-L3p5-n2-beta0__N0160__Aminus_0p005,hm-a10-g1-L3p5-n2-beta0__N0160__Aplus_0p005,hm-a10-g1-L3p5-n2-beta0,160,-0.005,104,2.275,10.002936742523822,10.00069472977164
hm-a10-g1-L3p5-n2-beta0__N0160__Aminus_0p005,hm-a10-g1-L3p5-n2-beta0__N0160__Aplus_0p005,hm-a10-g1-L3p5-n2-beta0,160,-0.005,105,2.296875,10.0027754449771,10.000656565214411
hm-a10-g1-L3p5-n2-beta0__N0160__Aminus_0p005,hm-a10-g1-L3p5-n2-beta0__N0160__Aplus_0p005,hm-a10-g1-L3p5-n2-beta0,160,-0.005,106,2.3187499999999996,10.00260987132861,10.000617386740108
hm-a10-g1-L3p5-n2-beta0__N0160__Aminus_0p005,hm-a10-g1-L3p5-n2-beta0__N0160__Aplus_0p005,hm-a10-g1-L3p5-n2-beta0,160,-0.005,107,2.3406249999999997,10.002440277876552,10.000577254830796
hm-a10-g1-L3p5-n2-beta0__N0160__Aminus_0p005,hm-a10-g1-L3p5-n2-beta0__N0160__Aplus_0p005,hm-a10-g1-L3p5-n2-beta0,160,-0.005,108,2.3625,10.002266927078047,10.000536231435845
hm-a10-g1-L3p5-n2-beta0__N0160__Aminus_0p005,hm-a10-g1-L3p5-n2-beta0__N0160__Aplus_0p005,hm-a10-g1-L3p5-n2-beta0,160,-0.005,109,2.384375,10.002090087138555,10.000494379875985
hm-a10-g1-L3p5-n2-beta0__N0160__Aminus_0p005,hm-a10-g1-L3p5-n2-beta0__N0160__Aplus_0p005,hm-a10-g1-L3p5-n2-beta0,160,-0.005,110,2.40625,10.0019100315927,10.000451764745264
hm-a10-g1-L3p5-n2-beta0__N0160__Aminus_0p005,hm-a10-g1-L3p5-n2-beta0__N0160__Aplus_0p005,hm-a10-g1-L3p5-n2-beta0,160,-0.005,111,2.4281249999999996,10.001727038877206,10.00040845181107
hm-a10-g1-L3p5-n2-beta0__N0160__Aminus_0p005,hm-a10-g1-L3p5-n2-beta0__N0160__Aplus_0p005,hm-a10-g1-L3p5-n2-beta0,160,-0.005,112,2.4499999999999997,10.001541391896613,10.000364507912359
hm-a10-g1-L3p5-n2-beta0__N0160__Aminus_0p005,hm-a10-g1-L3p5-n2-beta0__N0160__Aplus_0p005,hm-a10-g1-L3p5-n2-beta0,160,-0.005,113,2.471875,10.001353377582477,10.00032000085627
hm-a10-g1-L3p5-n2-beta0__N0160__Aminus_0p005,hm-a10-g1-L3p5-n2-beta0__N0160__Aplus_0p005,hm-a10-g1-L3p5-n2-beta0,160,-0.005,114,2.49375,10.001163286446793,10.000274999313268
hm-a10-g1-L3p5-n2-beta0__N0160__Aminus_0p005,hm-a10-g1-L3p5-n2-beta0__N0160__Aplus_0p005,hm-a10-g1-L3p5-n2-beta0,160,-0.005,115,2.515625,10.000971412130294,10.000229572710992
hm-a10-g1-L3p5-n2-beta0__N0160__Aminus_0p005,hm-a10-g1-L3p5-n2-beta0__N0160__Aplus_0p005,hm-a10-g1-L3p5-n2-beta0,160,-0.005,116,2.5374999999999996,10.000778050946407,10.000183791126961
hm-a10-g1-L3p5-n2-beta0__N0160__Aminus_0p005,hm-a10-g1-L3p5-n2-beta0__N0160__Aplus_0p005,hm-a10-g1-L3p5-n2-beta0,160,-0.005,117,2.5593749999999997,10.00058350142155,10.000137725180316
hm-a10-g1-L3p5-n2-beta0__N0160__Aminus_0p005,hm-a10-g1-L3p5-n2-beta0__N0160__Aplus_0p005,hm-a10-g1-L3p5-n2-beta0,160,-0.005,118,2.58125,10.000388063832519,10.00009144592277
hm-a10-g1-L3p5-n2-beta0__N0160__Aminus_0p005,hm-a10-g1-L3p5-n2-beta0__N0160__Aplus_0p005,hm-a10-g1-L3p5-n2-beta0,160,-0.005,119,2.603125,10.000192039741668,10.00004502472892
hm-a10-g1-L3p5-n2-beta0__N0160__Aminus_0p005,hm-a10-g1-L3p5-n2-beta0__N0160__Aplus_0p005,hm-a10-g1-L3p5-n2-beta0,160,-0.005,120,2.625,9.999995731530637,9.999998533186085
hm-a10-g1-L3p5-n2-beta0__N0160__Aminus_0p005,hm-a10-g1-L3p5-n2-beta0__N0160__Aplus_0p005,hm-a10-g1-L3p5-n2-beta0,160,-0.005,121,2.6468749999999996,9.99979944193334,9.999952042983887
hm-a10-g1-L3p5-n2-beta0__N0160__Aminus_0p005,hm-a10-g1-L3p5-n2-beta0__N0160__Aplus_0p005,hm-a10-g1-L3p5-n2-beta0,160,-0.005,122,2.6687499999999997,9.999603473568921,9.999905625803674
hm-a10-g1-L3p5-n2-beta0__N0160__Aminus_0p005,hm-a10-g1-L3p5-n2-beta0__N0160__Aplus_0p005,hm-a10-g1-L3p5-n2-beta0,160,-0.005,123,2.690625,9.999408128475455,9.999859353208024
hm-a10-g1-L3p5-n2-beta0__N0160__Aminus_0p005,hm-a10-g1-L3p5-n2-beta0__N0160__Aplus_0p005,hm-a10-g1-L3p5-n2-beta0,160,-0.005,124,2.7125,9.999213707645033,9.999813296530455
hm-a10-g1-L3p5-n2-beta0__N0160__Aminus_0p005,hm-a10-g1-L3p5-n2-beta0__N0160__Aplus_0p005,hm-a10-g1-L3p5-n2-beta0,160,-0.005,125,2.734375,9.999020510561003,9.999767526765535
hm-a10-g1-L3p5-n2-beta0__N0160__Aminus_0p005,hm-a10-g1-L3p5-n2-beta0__N0160__Aplus_0p005,hm-a10-g1-L3p5-n2-beta0,160,-0.005,126,2.7562499999999996,9.998828834738061,9.999722114459539
hm-a10-g1-L3p5-n2-beta0__N0160__Aminus_0p005,hm-a10-g1-L3p5-n2-beta0__N0160__Aplus_0p005,hm-a10-g1-L3p5-n2-beta0,160,-0.005,127,2.7781249999999997,9.998638975265855,9.999677129601846
hm-a10-g1-L3p5-n2-beta0__N0160__Aminus_0p005,hm-a10-g1-L3p5-n2-beta0__N0160__Aplus_0p005,hm-a10-g1-L3p5-n2-beta0,160,-0.005,128,2.8,9.998451224356842,9.999632641517222
hm-a10-g1-L3p5-n2-beta0__N0160__Aminus_0p005,hm-a10-g1-L3p5-n2-beta0__N0160__Aplus_0p005,hm-a10-g1-L3p5-n2-beta0,160,-0.005,129,2.821875,9.998265870899035,9.999588718759167
hm-a10-g1-L3p5-n2-beta0__N0160__Aminus_0p005,hm-a10-g1-L3p5-n2-beta0__N0160__Aplus_0p005,hm-a10-g1-L3p5-n2-beta0,160,-0.005,130,2.84375,9.998083200014333,9.99954542900448
hm-a10-g1-L3p5-n2-beta0__N0160__Aminus_0p005,hm-a10-g1-L3p5-n2-beta0__N0160__Aplus_0p005,hm-a10-g1-L3p5-n2-beta0,160,-0.005,131,2.8656249999999996,9.997903492623088,9.99950283894921
hm-a10-g1-L3p5-n2-beta0__N0160__Aminus_0p005,hm-a10-g1-L3p5-n2-beta0__N0160__Aplus_0p005,hm-a10-g1-L3p5-n2-beta0,160,-0.005,132,2.8874999999999997,9.997727025015534,9.999461014206146
hm-a10-g1-L3p5-n2-beta0__N0160__Aminus_0p005,hm-a10-g1-L3p5-n2-beta0__N0160__Aplus_0p005,hm-a10-g1-L3p5-n2-beta0,160,-0.005,133,2.909375,9.99755406843075,9.999420019204
hm-a10-g1-L3p5-n2-beta0__N0160__Aminus_0p005,hm-a10-g1-L3p5-n2-beta0__N0160__Aplus_0p005,hm-a10-g1-L3p5-n2-beta0,160,-0.005,134,2.93125,9.997384888643742,9.999379917088454
hm-a10-g1-L3p5-n2-beta0__N0160__Aminus_0p005,hm-a10-g1-L3p5-n2-beta0__N0160__Aplus_0p005,hm-a10-g1-L3p5-n2-beta0,160,-0.005,135,2.953125,9.997219745561251,9.999340769625189
hm-a10-g1-L3p5-n2-beta0__N0160__Aminus_0p005,hm-a10-g1-L3p5-n2-beta0__N0160__Aplus_0p005,hm-a10-g1-L3p5-n2-beta0,160,-0.005,136,2.9749999999999996,9.9970588928269,9.999302637105076
hm-a10-g1-L3p5-n2-beta0__N0160__Aminus_0p005,hm-a10-g1-L3p5-n2-beta0__N0160__Aplus_0p005,hm-a10-g1-L3p5-n2-beta0,160,-0.005,137,2.9968749999999997,9.996902577436213,9.999265578251656
hm-a10-g1-L3p5-n2-beta0__N0160__Aminus_0p005,hm-a10-g1-L3p5-n2-beta0__N0160__Aplus_0p005,hm-a10-g1-L3p5-n2-beta0,160,-0.005,138,3.01875,9.996751039362115,9.999229650131046
hm-a10-g1-L3p5-n2-beta0__N0160__Aminus_0p005,hm-a10-g1-L3p5-n2-beta0__N0160__Aplus_0p005,hm-a10-g1-L3p5-n2-beta0,160,-0.005,139,3.040625,9.99660451119139,9.999194908064416
hm-a10-g1-L3p5-n2-beta0__N0160__Aminus_0p005,hm-a10-g1-L3p5-n2-beta0__N0160__Aplus_0p005,hm-a10-g1-L3p5-n2-beta0,160,-0.005,140,3.0625,9.99646321777267,9.999161405543163
hm-a10-g1-L3p5-n2-beta0__N0160__Aminus_0p005,hm-a10-g1-L3p5-n2-beta0__N0160__Aplus_0p005,hm-a10-g1-L3p5-n2-beta0,160,-0.005,141,3.0843749999999996,9.996327375876426,9.999129194146915
hm-a10-g1-L3p5-n2-beta0__N0160__Aminus_0p005,hm-a10-g1-L3p5-n2-beta0__N0160__Aplus_0p005,hm-a10-g1-L3p5-n2-beta0,160,-0.005,142,3.1062499999999997,9.996197193867452,9.999098323464485
hm-a10-g1-L3p5-n2-beta0__N0160__Aminus_0p005,hm-a10-g1-L3p5-n2-beta0__N0160__Aplus_0p005,hm-a10-g1-L3p5-n2-beta0,160,-0.005,143,3.128125,9.99607287139032,9.999068841017897
hm-a10-g1-L3p5-n2-beta0__N0160__Aminus_0p005,hm-a10-g1-L3p5-n2-beta0__N0160__Aplus_0p005,hm-a10-g1-L3p5-n2-beta0,160,-0.005,144,3.15,9.995954599068218,9.999040792189582
hm-a10-g1-L3p5-n2-beta0__N0160__Aminus_0p005,hm-a10-g1-L3p5-n2-beta0__N0160__Aplus_0p005,hm-a10-g1-L3p5-n2-beta0,160,-0.005,145,3.171875,9.995842558215635,9.999014220152896
hm-a10-g1-L3p5-n2-beta0__N0160__Aminus_0p005,hm-a10-g1-L3p5-n2-beta0__N0160__Aplus_0p005,hm-a10-g1-L3p5-n2-beta0,160,-0.005,146,3.1937499999999996,9.995736920565252,9.998989165806002
hm-a10-g1-L3p5-n2-beta0__N0160__Aminus_0p005,hm-a10-g1-L3p5-n2-beta0__N0160__Aplus_0p005,hm-a10-g1-L3p5-n2-beta0,160,-0.005,147,3.2156249999999997,9.995637848009462,9.99896566770927
hm-a10-g1-L3p5-n2-beta0__N0160__Aminus_0p005,hm-a10-g1-L3p5-n2-beta0__N0160__Aplus_0p005,hm-a10-g1-L3p5-n2-beta0,160,-0.005,148,3.2375,9.995545492356849,9.998943762026258
hm-a10-g1-L3p5-n2-beta0__N0160__Aminus_0p005,hm-a10-g1-L3p5-n2-beta0__N0160__Aplus_0p005,hm-a10-g1-L3p5-n2-beta0,160,-0.005,149,3.259375,9.99545999510397,9.998923482468378
hm-a10-g1-L3p5-n2-beta0__N0160__Aminus_0p005,hm-a10-g1-L3p5-n2-beta0__N0160__Aplus_0p005,hm-a10-g1-L3p5-n2-beta0,160,-0.005,150,3.28125,9.995381487222774,9.998904860243316
hm-a10-g1-L3p5-n2-beta0__N0160__Aminus_0p005,hm-a10-g1-L3p5-n2-beta0__N0160__Aplus_0p005,hm-a10-g1-L3p5-n2-beta0,160,-0.005,151,3.3031249999999996,9.99531008896393,9.998887924007297
hm-a10-g1-L3p5-n2-beta0__N0160__Aminus_0p005,hm-a10-g1-L3p5-n2-beta0__N0160__Aplus_0p005,hm-a10-g1-L3p5-n2-beta0,160,-0.005,152,3.3249999999999997,9.995245909676335,9.99887269982125
hm-a10-g1-L3p5-n2-beta0__N0160__Aminus_0p005,hm-a10-g1-L3p5-n2-beta0__N0160__Aplus_0p005,hm-a10-g1-L3p5-n2-beta0,160,-0.005,153,3.346875,9.995189047643073,9.998859211110952
hm-a10-g1-L3p5-n2-beta0__N0160__Aminus_0p005,hm-a10-g1-L3p5-n2-beta0__N0160__Aplus_0p005,hm-a10-g1-L3p5-n2-beta0,160,-0.005,154,3.36875,9.995139589934029,9.998847478631218
hm-a10-g1-L3p5-n2-beta0__N0160__Aminus_0p005,hm-a10-g1-L3p5-n2-beta0__N0160__Aplus_0p005,hm-a10-g1-L3p5-n2-beta0,160,-0.005,155,3.390625,9.995097612275359,9.99883752043416
hm-a10-g1-L3p5-n2-beta0__N0160__Aminus_0p005,hm-a10-g1-L3p5-n2-beta0__N0160__Aplus_0p005,hm-a10-g1-L3p5-n2-beta0,160,-0.005,156,3.4124999999999996,9.995063178936011,9.998829351841591
hm-a10-g1-L3p5-n2-beta0__N0160__Aminus_0p005,hm-a10-g1-L3p5-n2-beta0__N0160__Aplus_0p005,hm-a10-g1-L3p5-n2-beta0,160,-0.005,157,3.4343749999999997,9.995036342631435,9.998822985421603
hm-a10-g1-L3p5-n2-beta0__N0160__Aminus_0p005,hm-a10-g1-L3p5-n2-beta0__N0160__Aplus_0p005,hm-a10-g1-L3p5-n2-beta0,160,-0.005,158,3.45625,9.995017144444628,9.998818430969353
hm-a10-g1-L3p5-n2-beta0__N0160__Aminus_0p005,hm-a10-g1-L3p5-n2-beta0__N0160__Aplus_0p005,hm-a10-g1-L3p5-n2-beta0,160,-0.005,159,3.478125,9.995005613764603,9.998815695492096
hm-a10-g1-L3p5-n2-beta0__N0160__Aminus_0p005,hm-a10-g1-L3p5-n2-beta0__N0160__Aplus_0p005,hm-a10-g1-L3p5-n2-beta0,160,-0.005,160,3.5,9.99500176824239,9.998814783198481
hm-a10-g1-L3p5-n2-beta0__N0160__Aminus_0p0025,hm-a10-g1-L3p5-n2-beta0__N0160__Aplus_0p0025,hm-a10-g1-L3p5-n2-beta0,160,-0.0025,0,0.0,9.997500442240716,9.999407649595511
hm-a10-g1-L3p5-n2-beta0__N0160__Aminus_0p0025,hm-a10-g1-L3p5-n2-beta0__N0160__Aplus_0p0025,hm-a10-g1-L3p5-n2-beta0,160,-0.0025,1,0.021875,9.997502367324683,9.99940810590977
hm-a10-g1-L3p5-n2-beta0__N0160__Aminus_0p0025,hm-a10-g1-L3p5-n2-beta0__N0160__Aplus_0p0025,hm-a10-g1-L3p5-n2-beta0,160,-0.0025,2,0.04375,9.997508139618986,9.999409474149719
hm-a10-g1-L3p5-n2-beta0__N0160__Aminus_0p0025,hm-a10-g1-L3p5-n2-beta0__N0160__Aplus_0p0025,hm-a10-g1-L3p5-n2-beta0,160,-0.0025,3,0.06562499999999999,9.997517750255323,9.999411752207948
hm-a10-g1-L3p5-n2-beta0__N0160__Aminus_0p0025,hm-a10-g1-L3p5-n2-beta0__N0160__Aplus_0p0025,hm-a10-g1-L3p5-n2-beta0,160,-0.0025,4,0.0875,9.997531184468167,9.999414936575702
hm-a10-g1-L3p5-n2-beta0__N0160__Aminus_0p0025,hm-a10-g1-L3p5-n2-beta0__N0160__Aplus_0p0025,hm-a10-g1-L3p5-n2-beta0,160,-0.0025,5,0.109375,9.997548421617205,9.99941902234827
hm-a10-g1-L3p5-n2-beta0__N0160__Aminus_0p0025,hm-a10-g1-L3p5-n2-beta0__N0160__Aplus_0p0025,hm-a10-g1-L3p5-n2-beta0,160,-0.0025,6,0.13124999999999998,9.997569435218704,9.999424003232516
hm-a10-g1-L3p5-n2-beta0__N0160__Aminus_0p0025,hm-a10-g1-L3p5-n2-beta0__N0160__Aplus_0p0025,hm-a10-g1-L3p5-n2-beta0,160,-0.0025,7,0.15312499999999998,9.997594192985762,9.999429871556531
hm-a10-g1-L3p5-n2-beta0__N0160__Aminus_0p0025,hm-a10-g1-L3p5-n2-beta0__N0160__Aplus_0p0025,hm-a10-g1-L3p5-n2-beta0,160,-0.0025,8,0.175,9.997622656877398,9.99943661828142
hm-a10-g1-L3p5-n2-beta0__N0160__Aminus_0p0025,hm-a10-g1-L3p5-n2-beta0__N0160__Aplus_0p0025,hm-a10-g1-L3p5-n2-beta0,160,-0.0025,9,0.196875,9.997654783156376,9.999444233015184
hm-a10-g1-L3p5-n2-beta0__N0160__Aminus_0p0025,hm-a10-g1-L3p5-n2-beta0__N0160__Aplus_0p0025,hm-a10-g1-L3p5-n2-beta0,160,-0.0025,10,0.21875,9.997690522455706,9.999452704028664
hm-a10-g1-L3p5-n2-beta0__N0160__Aminus_0p0025,hm-a10-g1-L3p5-n2-beta0__N0160__Aplus_0p0025,hm-a10-g1-L3p5-n2-beta0,160,-0.0025,11,0.24062499999999998,9.997729819853731,9.999462018273558
hm-a10-g1-L3p5-n2-beta0__N0160__Aminus_0p0025,hm-a10-g1-L3p5-n2-beta0__N0160__Aplus_0p0025,hm-a10-g1-L3p5-n2-beta0,160,-0.0025,12,0.26249999999999996,9.997772614957668,9.99947216140246
hm-a10-g1-L3p5-n2-beta0__N0160__Aminus_0p0025,hm-a10-g1-L3p5-n2-beta0__N0160__Aplus_0p0025,hm-a10-g1-L3p5-n2-beta0,160,-0.0025,13,0.284375,9.997818841995485,9.99948311779089
hm-a10-g1-L3p5-n2-beta0__N0160__Aminus_0p0025,hm-a10-g1-L3p5-n2-beta0__N0160__Aplus_0p0025,hm-a10-g1-L3p5-n2-beta0,160,-0.0025,14,0.30624999999999997,9.997868429915997,9.99949487056129
hm-a10-g1-L3p5-n2-beta0__N0160__Aminus_0p0025,hm-a10-g1-L3p5-n2-beta0__N0160__Aplus_0p0025,hm-a10-g1-L3p5-n2-beta0,160,-0.0025,15,0.328125,9.997921302497025,9.999507401608948
hm-a10-g1-L3p5-n2-beta0__N0160__Aminus_0p0025,hm-a10-g1-L3p5-n2-beta0__N0160__Aplus_0p0025,hm-a10-g1-L3p5-n2-beta0,160,-0.0025,16,0.35,9.997977378461448,9.999520691629812
hm-a10-g1-L3p5-n2-beta0__N0160__Aminus_0p0025,hm-a10-g1-L3p5-n2-beta0__N0160__Aplus_0p0025,hm-a10-g1-L3p5-n2-beta0,160,-0.0025,17,0.37187499999999996,9.998036571601002,9.99953472015014
hm-a10-g1-L3p5-n2-beta0__N0160__Aminus_0p0025,hm-a10-g1-L3p5-n2-beta0__N0160__Aplus_0p0025,hm-a10-g1-L3p5-n2-beta0,160,-0.0025,18,0.39375,9.99809879090762,9.999549465557955
hm-a10-g1-L3p5-n2-beta0__N0160__Aminus_0p0025,hm-a10-g1-L3p5-n2-beta0__N0160__Aplus_0p0025,hm-a10-g1-L3p5-n2-beta0,160,-0.0025,19,0.41562499999999997,9.998163940712148,9.999564905136255
hm-a10-g1-L3p5-n2-beta0__N0160__Aminus_0p0025,hm-a10-g1-L3p5-n2-beta0__N0160__Aplus_0p0025,hm-a10-g1-L3p5-n2-beta0,160,-0.0025,20,0.4375,9.99823192083019,9.99958101509792
hm-a10-g1-L3p5-n2-beta0__N0160__Aminus_0p0025,hm-a10-g1-L3p5-n2-beta0__N0160__Aplus_0p0025,hm-a10-g1-L3p5-n2-beta0,160,-0.0025,21,0.459375,9.998302626714924,9.99959777062227
hm-a10-g1-L3p5-n2-beta0__N0160__Aminus_0p0025,hm-a10-g1-L3p5-n2-beta0__N0160__Aplus_0p0025,hm-a10-g1-L3p5-n2-beta0,160,-0.0025,22,0.48124999999999996,9.998375949616612,9.999615145893214
hm-a10-g1-L3p5-n2-beta0__N0160__Aminus_0p0025,hm-a10-g1-L3p5-n2-beta0__N0160__Aplus_0p0025,hm-a10-g1-L3p5-n2-beta0,160,-0.0025,23,0.5031249999999999,9.99845177674861,9.999633114138936
hm-a10-g1-L3p5-n2-beta0__N0160__Aminus_0p0025,hm-a10-g1-L3p5-n2-beta0__N0160__Aplus_0p0025,hm-a10-g1-L3p5-n2-beta0,160,-0.0025,24,0.5249999999999999,9.998529991459586,9.999651647673055
hm-a10-g1-L3p5-n2-beta0__N0160__Aminus_0p0025,hm-a10-g1-L3p5-n2-beta0__N0160__Aplus_0p0025,hm-a10-g1-L3p5-n2-beta0,160,-0.0025,25,0.546875,9.998610473411743,9.999670717937198
hm-a10-g1-L3p5-n2-beta0__N0160__Aminus_0p0025,hm-a10-g1-L3p5-n2-beta0__N0160__Aplus_0p0025,hm-a10-g1-L3p5-n2-beta0,160,-0.0025,26,0.56875,9.998693098764743,9.999690295544912
hm-a10-g1-L3p5-n2-beta0__N0160__Aminus_0p0025,hm-a10-g1-L3p5-n2-beta0__N0160__Aplus_0p0025,hm-a10-g1-L3p5-n2-beta0,160,-0.0025,27,0.590625,9.998777740365083,9.999710350326865
hm-a10-g1-L3p5-n2-beta0__N0160__Aminus_0p0025,hm-a10-g1-L3p5-n2-beta0__N0160__Aplus_0p0025,hm-a10-g1-L3p5-n2-beta0,160,-0.0025,28,0.6124999999999999,9.998864267940611,9.999730851377253
hm-a10-g1-L3p5-n2-beta0__N0160__Aminus_0p0025,hm-a10-g1-L3p5-n2-beta0__N0160__Aplus_0p0025,hm-a10-g1-L3p5-n2-beta0,160,-0.0025,29,0.6343749999999999,9.998952548299927,9.999751767101356
hm-a10-g1-L3p5-n2-beta0__N0160__Aminus_0p0025,hm-a10-g1-L3p5-n2-beta0__N0160__Aplus_0p0025,hm-a10-g1-L3p5-n2-beta0,160,-0.0025,30,0.65625,9.999042445536357,9.999773065264142
hm-a10-g1-L3p5-n2-beta0__N0160__Aminus_0p0025,hm-a10-g1-L3p5-n2-beta0__N0160__Aplus_0p0025,hm-a10-g1-L3p5-n2-beta0,160,-0.0025,31,0.678125,9.999133821236173,9.99979471303988
hm-a10-g1-L3p5-n2-beta0__N0160__Aminus_0p0025,hm-a10-g1-L3p5-n2-beta0__N0160__Aplus_0p0025,hm-a10-g1-L3p5-n2-beta0,160,-0.0025,32,0.7,9.999226534690779,9.99981667706267
hm-a10-g1-L3p5-n2-beta0__N0160__Aminus_0p0025,hm-a10-g1-L3p5-n2-beta0__N0160__Aplus_0p0025,hm-a10-g1-L3p5-n2-beta0,160,-0.0025,33,0.7218749999999999,9.999320443112529,9.999838923477803
hm-a10-g1-L3p5-n2-beta0__N0160__Aminus_0p0025,hm-a10-g1-L3p5-n2-beta0__N0160__Aplus_0p0025,hm-a10-g1-L3p5-n2-beta0,160,-0.0025,34,0.7437499999999999,9.999415401853842,9.999861417993891
hm-a10-g1-L3p5-n2-beta0__N0160__Aminus_0p0025,hm-a10-g1-L3p5-n2-beta0__N0160__Aplus_0p0025,hm-a10-g1-L3p5-n2-beta0,160,-0.0025,35,0.765625,9.9995112646293,9.999884125935669
hm-a10-g1-L3p5-n2-beta0__N0160__Aminus_0p0025,hm-a10-g1-L3p5-n2-beta0__N0160__Aplus_0p0025,hm-a10-g1-L3p5-n2-beta0,160,-0.0025,36,0.7875,9.999607883740381,9.999907012297404
hm-a10-g1-L3p5-n2-beta0__N0160__Aminus_0p0025,hm-a10-g1-L3p5-n2-beta0__N0160__Aplus_0p0025,hm-a10-g1-L3p5-n2-beta0,160,-0.0025,37,0.809375,9.99970511030249,9.999930041796828
hm-a10-g1-L3p5-n2-beta0__N0160__Aminus_0p0025,hm-a10-g1-L3p5-n2-beta0__N0160__Aplus_0p0025,hm-a10-g1-L3p5-n2-beta0,160,-0.0025,38,0.8312499999999999,9.999802794473936,9.99995317892948
hm-a10-g1-L3p5-n2-beta0__N0160__Aminus_0p0025,hm-a10-g1-L3p5-n2-beta0__N0160__Aplus_0p0025,hm-a10-g1-L3p5-n2-beta0,160,-0.0025,39,0.8531249999999999,9.999900785686522,9.999976388023446
hm-a10-g1-L3p5-n2-beta0__N0160__Aminus_0p0025,hm-a10-g1-L3p5-n2-beta0__N0160__Aplus_0p0025,hm-a10-g1-L3p5-n2-beta0,160,-0.0025,40,0.875,9.99999893287737,9.999999633294308
hm-a10-g1-L3p5-n2-beta0__N0160__Aminus_0p0025,hm-a10-g1-L3p5-n2-beta0__N0160__Aplus_0p0025,hm-a10-g1-L3p5-n2-beta0,160,-0.0025,41,0.896875,10.000097084721654,10.00002287890033
hm-a10-g1-L3p5-n2-beta0__N0160__Aminus_0p0025,hm-a10-g1-L3p5-n2-beta0__N0160__Aplus_0p0025,hm-a10-g1-L3p5-n2-beta0,160,-0.0025,42,0.91875,10.000195089865853,10.000046088997705
hm-a10-g1-L3p5-n2-beta0__N0160__Aminus_0p0025,hm-a10-g1-L3p5-n2-beta0__N0160__Aplus_0p0025,hm-a10-g1-L3p5-n2-beta0,160,-0.0025,43,0.9406249999999999,10.0002927971612,10.000069227795834
hm-a10-g1-L3p5-n2-beta0__N0160__Aminus_0p0025,hm-a10-g1-L3p5-n2-beta0__N0160__Aplus_0p0025,hm-a10-g1-L3p5-n2-beta0,160,-0.0025,44,0.9624999999999999,10.00039005589693,10.000092259612526
hm-a10-g1-L3p5-n2-beta0__N0160__Aminus_0p0025,hm-a10-g1-L3p5-n2-beta0__N0160__Aplus_0p0025,hm-a10-g1-L3p5-n2-beta0,160,-0.0025,45,0.9843749999999999,10.00048671603299,10.000115148929039
hm-a10-g1-L3p5-n2-beta0__N0160__Aminus_0p0025,hm-a10-g1-L3p5-n2-beta0__N0160__Aplus_0p0025,hm-a10-g1-L3p5-n2-beta0,160,-0.0025,46,1.0062499999999999,10.000582628431856,10.000137860444886
hm-a10-g1-L3p5-n2-beta0__N0160__Aminus_0p0025,hm-a10-g1-L3p5-n2-beta0__N0160__Aplus_0p0025,hm-a10-g1-L3p5-n2-beta0,160,-0.0025,47,1.028125,10.000677645089056,10.000160359132298
hm-a10-g1-L3p5-n2-beta0__N0160__Aminus_0p0025,hm-a10-g1-L3p5-n2-beta0__N0160__Aplus_0p0025,hm-a10-g1-L3p5-n2-beta0,160,-0.0025,48,1.0499999999999998,10.000771619362105,10.000182610290297
hm-a10-g1-L3p5-n2-beta0__N0160__Aminus_0p0025,hm-a10-g1-L3p5-n2-beta0__N0160__Aplus_0p0025,hm-a10-g1-L3p5-n2-beta0,160,-0.0025,49,1.071875,10.000864406197428,10.00020457959825
hm-a10-g1-L3p5-n2-beta0__N0160__Aminus_0p0025,hm-a10-g1-L3p5-n2-beta0__N0160__Aplus_0p0025,hm-a10-g1-L3p5-n2-beta0,160,-0.0025,50,1.09375,10.00095586235496,10.000226233168863
hm-a10-g1-L3p5-n2-beta0__N0160__Aminus_0p0025,hm-a10-g1-L3p5-n2-beta0__N0160__Aplus_0p0025,hm-a10-g1-L3p5-n2-beta0,160,-0.0025,51,1.1156249999999999,10.001045846630056,10.00024753760051
hm-a10-g1-L3p5-n2-beta0__N0160__Aminus_0p0025,hm-a10-g1-L3p5-n2-beta0__N0160__Aplus_0p0025,hm-a10-g1-L3p5-n2-beta0,160,-0.0025,52,1.1375,10.001134220072371,10.00026846002881
hm-a10-g1-L3p5-n2-beta0__N0160__Aminus_0p0025,hm-a10-g1-L3p5-n2-beta0__N0160__Aplus_0p0025,hm-a10-g1-L3p5-n2-beta0,160,-0.0025,53,1.1593749999999998,10.00122084620134,10.000288968177399
hm-a10-g1-L3p5-n2-beta0__N0160__Aminus_0p0025,hm-a10-g1-L3p5-n2-beta0__N0160__Aplus_0p0025,hm-a10-g1-L3p5-n2-beta0,160,-0.0025,54,1.18125,10.001305591217948,10.000309030407792
hm-a10-g1-L3p5-n2-beta0__N0160__Aminus_0p0025,hm-a10-g1-L3p5-n2-beta0__N0160__Aplus_0p0025,hm-a10-g1-L3p5-n2-beta0,160,-0.0025,55,1.203125,10.001388324212451,10.000328615768264
hm-a10-g1-L3p5-n2-beta0__N0160__Aminus_0p0025,hm-a10-g1-L3p5-n2-beta0__N0160__Aplus_0p0025,hm-a10-g1-L3p5-n2-beta0,160,-0.0025,56,1.2249999999999999,10.001468917367696,10.000347694041686
hm-a10-g1-L3p5-n2-beta0__N0160__Aminus_0p0025,hm-a10-g1-L3p5-n2-beta0__N0160__Aplus_0p0025,hm-a10-g1-L3p5-n2-beta0,160,-0.0025,57,1.246875,10.00154724615774,10.000366235792223
hm-a10-g1-L3p5-n2-beta0__N0160__Aminus_0p0025,hm-a10-g1-L3p5-n2-beta0__N0160__Aplus_0p0025,hm-a10-g1-L3p5-n2-beta0,160,-0.0025,58,1.2687499999999998,10.001623189541457,10.000384212410845
hm-a10-g1-L3p5-n2-beta0__N0160__Aminus_0p0025,hm-a10-g1-L3p5-n2-beta0__N0160__Aplus_0p0025,hm-a10-g1-L3p5-n2-beta0,160,-0.0025,59,1.290625,10.001696630150782,10.00040159615955
hm-a10-g1-L3p5-n2-beta0__N0160__Aminus_0p0025,hm-a10-g1-L3p5-n2-beta0__N0160__Aplus_0p0025,hm-a10-g1-L3p5-n2-beta0,160,-0.0025,60,1.3125,10.001767454473361,10.000418360214253
hm-a10-g1-L3p5-n2-beta0__N0160__Aminus_0p0025,hm-a10-g1-L3p5-n2-beta0__N0160__Aplus_0p0025,hm-a10-g1-L3p5-n2-beta0,160,-0.0025,61,1.3343749999999999,10.00183555302925,10.000434478706271
hm-a10-g1-L3p5-n2-beta0__N0160__Aminus_0p0025,hm-a10-g1-L3p5-n2-beta0__N0160__Aplus_0p0025,hm-a10-g1-L3p5-n2-beta0,160,-0.0025,62,1.35625,10.00190082054142,10.000449926762332
hm-a10-g1-L3p5-n2-beta0__N0160__Aminus_0p0025,hm-a10-g1-L3p5-n2-beta0__N0160__Aplus_0p0025,hm-a10-g1-L3p5-n2-beta0,160,-0.0025,63,1.3781249999999998,10.001963156099768,10.000464680543047
hm-a10-g1-L3p5-n2-beta0__N0160__Aminus_0p0025,hm-a10-g1-L3p5-n2-beta0__N0160__Aplus_0p0025,hm-a10-g1-L3p5-n2-beta0,160,-0.0025,64,1.4,10.002022463318406,10.000478717279792
hm-a10-g1-L3p5-n2-beta0__N0160__Aminus_0p0025,hm-a10-g1-L3p5-n2-beta0__N0160__Aplus_0p0025,hm-a10-g1-L3p5-n2-beta0,160,-0.0025,65,1.421875,10.002078650485933,10.000492015309936
hm-a10-g1-L3p5-n2-beta0__N0160__Aminus_0p0025,hm-a10-g1-L3p5-n2-beta0__N0160__Aplus_0p0025,hm-a10-g1-L3p5-n2-beta0,160,-0.0025,66,1.4437499999999999,10.00213163070848,10.000504554110353
hm-a10-g1-L3p5-n2-beta0__N0160__Aminus_0p0025,hm-a10-g1-L3p5-n2-beta0__N0160__Aplus_0p0025,hm-a10-g1-L3p5-n2-beta0,160,-0.0025,67,1.465625,10.002181322045281,10.000516314329191
hm-a10-g1-L3p5-n2-beta0__N0160__Aminus_0p0025,hm-a10-g1-L3p5-n2-beta0__N0160__Aplus_0p0025,hm-a10-g1-L3p5-n2-beta0,160,-0.0025,68,1.4874999999999998,10.002227647636563,10.00052727781582
hm-a10-g1-L3p5-n2-beta0__N0160__Aminus_0p0025,hm-a10-g1-L3p5-n2-beta0__N0160__Aplus_0p0025,hm-a10-g1-L3p5-n2-beta0,160,-0.0025,69,1.509375,10.002270535823522,10.000537427648919
hm-a10-g1-L3p5-n2-beta0__N0160__Aminus_0p0025,hm-a10-g1-L3p5-n2-beta0__N0160__Aplus_0p0025,hm-a10-g1-L3p5-n2-beta0,160,-0.0025,70,1.53125,10.00230992026024,10.000546748162675
hm-a10-g1-L3p5-n2-beta0__N0160__Aminus_0p0025,hm-a10-g1-L3p5-n2-beta0__N0160__Aplus_0p0025,hm-a10-g1-L3p5-n2-beta0,160,-0.0025,71,1.5531249999999999,10.002345740017311,10.00055522497103
hm-a10-g1-L3p5-n2-beta0__N0160__Aminus_0p0025,hm-a10-g1-L3p5-n2-beta0__N0160__Aplus_0p0025,hm-a10-g1-L3p5-n2-beta0,160,-0.0025,72,1.575,10.002377939677027,10.000562844989958
hm-a10-g1-L3p5-n2-beta0__N0160__Aminus_0p0025,hm-a10-g1-L3p5-n2-beta0__N0160__Aplus_0p0025,hm-a10-g1-L3p5-n2-beta0,160,-0.0025,73,1.5968749999999998,10.002406469419984,10.000569596457712
hm-a10-g1-L3p5-n2-beta0__N0160__Aminus_0p0025,hm-a10-g1-L3p5-n2-beta0__N0160__Aplus_0p0025,hm-a10-g1-L3p5-n2-beta0,160,-0.0025,74,1.61875,10.002431285102952,10.000575468953052
hm-a10-g1-L3p5-n2-beta0__N0160__Aminus_0p0025,hm-a10-g1-L3p5-n2-beta0__N0160__Aplus_0p0025,hm-a10-g1-L3p5-n2-beta0,160,-0.0025,75,1.640625,10.002452348327873,10.000580453411365
hm-a10-g1-L3p5-n2-beta0__N0160__Aminus_0p0025,hm-a10-g1-L3p5-n2-beta0__N0160__Aplus_0p0025,hm-a10-g1-L3p5-n2-beta0,160,-0.0025,76,1.6624999999999999,10.002469626501904,10.000584542138709
hm-a10-g1-L3p5-n2-beta0__N0160__Aminus_0p0025,hm-a10-g1-L3p5-n2-beta0__N0160__Aplus_0p0025,hm-a10-g1-L3p5-n2-beta0,160,-0.0025,77,1.684375,10.00248309288838,10.000587728823728
hm-a10-g1-L3p5-n2-beta0__N0160__Aminus_0p0025,hm-a10-g1-L3p5-n2-beta0__N0160__Aplus_0p0025,hm-a10-g1-L3p5-n2-beta0,160,-0.0025,78,1.7062499999999998,10.002492726648624,10.000590008547423
hm-a10-g1-L3p5-n2-beta0__N0160__Aminus_0p0025,hm-a10-g1-L3p5-n2-beta0__N0160__Aplus_0p0025,hm-a10-g1-L3p5-n2-beta0,160,-0.0025,79,1.728125,10.002498512874542,10.000591377790775
hm-a10-g1-L3p5-n2-beta0__N0160__Aminus_0p0025,hm-a10-g1-L3p5-n2-beta0__N0160__Aplus_0p0025,hm-a10-g1-L3p5-n2-beta0,160,-0.0025,80,1.75,10.002500442611941,10.000591834440188
hm-a10-g1-L3p5-n2-beta0__N0160__Aminus_0p0025,hm-a10-g1-L3p5-n2-beta0__N0160__Aplus_0p0025,hm-a10-g1-L3p5-n2-beta0,160,-0.0025,81,1.7718749999999999,10.002498512874531,10.000591377790768
hm-a10-g1-L3p5-n2-beta0__N0160__Aminus_0p0025,hm-a10-g1-L3p5-n2-beta0__N0160__Aplus_0p0025,hm-a10-g1-L3p5-n2-beta0,160,-0.0025,82,1.79375,10.002492726648603,10.000590008547409
hm-a10-g1-L3p5-n2-beta0__N0160__Aminus_0p0025,hm-a10-g1-L3p5-n2-beta0__N0160__Aplus_0p0025,hm-a10-g1-L3p5-n2-beta0,160,-0.0025,83,1.8156249999999998,10.00248309288835,10.000587728823708
hm-a10-g1-L3p5-n2-beta0__N0160__Aminus_0p0025,hm-a10-g1-L3p5-n2-beta0__N0160__Aplus_0p0025,hm-a10-g1-L3p5-n2-beta0,160,-0.0025,84,1.8375,10.002469626501863,10.000584542138686
hm-a10-g1-L3p5-n2-beta0__N0160__Aminus_0p0025,hm-a10-g1-L3p5-n2-beta0__N0160__Aplus_0p0025,hm-a10-g1-L3p5-n2-beta0,160,-0.0025,85,1.8593749999999998,10.002452348327822,10.000580453411338
hm-a10-g1-L3p5-n2-beta0__N0160__Aminus_0p0025,hm-a10-g1-L3p5-n2-beta0__N0160__Aplus_0p0025,hm-a10-g1-L3p5-n2-beta0,160,-0.0025,86,1.8812499999999999,10.00243128510289,10.000575468953022
hm-a10-g1-L3p5-n2-beta0__N0160__Aminus_0p0025,hm-a10-g1-L3p5-n2-beta0__N0160__Aplus_0p0025,hm-a10-g1-L3p5-n2-beta0,160,-0.0025,87,1.903125,10.002406469419913,10.000569596457678
hm-a10-g1-L3p5-n2-beta0__N0160__Aminus_0p0025,hm-a10-g1-L3p5-n2-beta0__N0160__Aplus_0p0025,hm-a10-g1-L3p5-n2-beta0,160,-0.0025,88,1.9249999999999998,10.002377939676943,10.00056284498992
hm-a10-g1-L3p5-n2-beta0__N0160__Aminus_0p0025,hm-a10-g1-L3p5-n2-beta0__N0160__Aplus_0p0025,hm-a10-g1-L3p5-n2-beta0,160,-0.0025,89,1.946875,10.002345740017217,10.00055522497099
hm-a10-g1-L3p5-n2-beta0__N0160__Aminus_0p0025,hm-a10-g1-L3p5-n2-beta0__N0160__Aplus_0p0025,hm-a10-g1-L3p5-n2-beta0,160,-0.0025,90,1.9687499999999998,10.002309920260137,10.000546748162632
hm-a10-g1-L3p5-n2-beta0__N0160__Aminus_0p0025,hm-a10-g1-L3p5-n2-beta0__N0160__Aplus_0p0025,hm-a10-g1-L3p5-n2-beta0,160,-0.0025,91,1.9906249999999999,10.002270535823406,10.000537427648874
hm-a10-g1-L3p5-n2-beta0__N0160__Aminus_0p0025,hm-a10-g1-L3p5-n2-beta0__N0160__Aplus_0p0025,hm-a10-g1-L3p5-n2-beta0,160,-0.0025,92,2.0124999999999997,10.002227647636436,10.000527277815772
hm-a10-g1-L3p5-n2-beta0__N0160__Aminus_0p0025,hm-a10-g1-L3p5-n2-beta0__N0160__Aplus_0p0025,hm-a10-g1-L3p5-n2-beta0,160,-0.0025,93,2.034375,10.002181322045146,10.00051631432914
hm-a10-g1-L3p5-n2-beta0__N0160__Aminus_0p0025,hm-a10-g1-L3p5-n2-beta0__N0160__Aplus_0p0025,hm-a10-g1-L3p5-n2-beta0,160,-0.0025,94,2.05625,10.002131630708334,10.000504554110297
hm-a10-g1-L3p5-n2-beta0__N0160__Aminus_0p0025,hm-a10-g1-L3p5-n2-beta0__N0160__Aplus_0p0025,hm-a10-g1-L3p5-n2-beta0,160,-0.0025,95,2.078125,10.002078650485775,10.000492015309876
hm-a10-g1-L3p5-n2-beta0__N0160__Aminus_0p0025,hm-a10-g1-L3p5-n2-beta0__N0160__Aplus_0p0025,hm-a10-g1-L3p5-n2-beta0,160,-0.0025,96,2.0999999999999996,10.002022463318237,10.000478717279728
hm-a10-g1-L3p5-n2-beta0__N0160__Aminus_0p0025,hm-a10-g1-L3p5-n2-beta0__N0160__Aplus_0p0025,hm-a10-g1-L3p5-n2-beta0,160,-0.0025,97,2.1218749999999997,10.00196315609959,10.00046468054298
hm-a10-g1-L3p5-n2-beta0__N0160__Aminus_0p0025,hm-a10-g1-L3p5-n2-beta0__N0160__Aplus_0p0025,hm-a10-g1-L3p5-n2-beta0,160,-0.0025,98,2.14375,10.00190082054123,10.00044992676226
hm-a10-g1-L3p5-n2-beta0__N0160__Aminus_0p0025,hm-a10-g1-L3p5-n2-beta0__N0160__Aplus_0p0025,hm-a10-g1-L3p5-n2-beta0,160,-0.0025,99,2.165625,10.001835553029052,10.000434478706197
hm-a10-g1-L3p5-n2-beta0__N0160__Aminus_0p0025,hm-a10-g1-L3p5-n2-beta0__N0160__Aplus_0p0025,hm-a10-g1-L3p5-n2-beta0,160,-0.0025,100,2.1875,10.00176745447315,10.000418360214177
hm-a10-g1-L3p5-n2-beta0__N0160__Aminus_0p0025,hm-a10-g1-L3p5-n2-beta0__N0160__Aplus_0p0025,hm-a10-g1-L3p5-n2-beta0,160,-0.0025,101,2.2093749999999996,10.00169663015056,10.000401596159472
hm-a10-g1-L3p5-n2-beta0__N0160__Aminus_0p0025,hm-a10-g1-L3p5-n2-beta0__N0160__Aplus_0p0025,hm-a10-g1-L3p5-n2-beta0,160,-0.0025,102,2.2312499999999997,10.001623189541224,10.000384212410767
hm-a10-g1-L3p5-n2-beta0__N0160__Aminus_0p0025,hm-a10-g1-L3p5-n2-beta0__N0160__Aplus_0p0025,hm-a10-g1-L3p5-n2-beta0,160,-0.0025,103,2.253125,10.001547246157498,10.000366235792141
hm-a10-g1-L3p5-n2-beta0__N0160__Aminus_0p0025,hm-a10-g1-L3p5-n2-beta0__N0160__Aplus_0p0025,hm-a10-g1-L3p5-n2-beta0,160,-0.0025,104,2.275,10.001468917367443,10.0003476940416
hm-a10-g1-L3p5-n2-beta0__N0160__Aminus_0p0025,hm-a10-g1-L3p5-n2-beta0__N0160__Aplus_0p0025,hm-a10-g1-L3p5-n2-beta0,160,-0.0025,105,2.296875,10.001388324212188,10.000328615768177
hm-a10-g1-L3p5-n2-beta0__N0160__Aminus_0p0025,hm-a10-g1-L3p5-n2-beta0__N0160__Aplus_0p0025,hm-a10-g1-L3p5-n2-beta0,160,-0.0025,106,2.3187499999999996,10.001305591217676,10.000309030407704
hm-a10-g1-L3p5-n2-beta0__N0160__Aminus_0p0025,hm-a10-g1-L3p5-n2-beta0__N0160__Aplus_0p0025,hm-a10-g1-L3p5-n2-beta0,160,-0.0025,107,2.3406249999999997,10.001220846201058,10.000288968177312
hm-a10-g1-L3p5-n2-beta0__N0160__Aminus_0p0025,hm-a10-g1-L3p5-n2-beta0__N0160__Aplus_0p0025,hm-a10-g1-L3p5-n2-beta0,160,-0.0025,108,2.3625,10.00113422007208,10.000268460028721
hm-a10-g1-L3p5-n2-beta0__N0160__Aminus_0p0025,hm-a10-g1-L3p5-n2-beta0__N0160__Aplus_0p0025,hm-a10-g1-L3p5-n2-beta0,160,-0.0025,109,2.384375,10.001045846629756,10.000247537600421
hm-a10-g1-L3p5-n2-beta0__N0160__Aminus_0p0025,hm-a10-g1-L3p5-n2-beta0__N0160__Aplus_0p0025,hm-a10-g1-L3p5-n2-beta0,160,-0.0025,110,2.40625,10.00095586235465,10.000226233168776
hm-a10-g1-L3p5-n2-beta0__N0160__Aminus_0p0025,hm-a10-g1-L3p5-n2-beta0__N0160__Aplus_0p0025,hm-a10-g1-L3p5-n2-beta0,160,-0.0025,111,2.4281249999999996,10.000864406197108,10.000204579598163
hm-a10-g1-L3p5-n2-beta0__N0160__Aminus_0p0025,hm-a10-g1-L3p5-n2-beta0__N0160__Aplus_0p0025,hm-a10-g1-L3p5-n2-beta0,160,-0.0025,112,2.4499999999999997,10.000771619361778,10.00018261029021
hm-a10-g1-L3p5-n2-beta0__N0160__Aminus_0p0025,hm-a10-g1-L3p5-n2-beta0__N0160__Aplus_0p0025,hm-a10-g1-L3p5-n2-beta0,160,-0.0025,113,2.471875,10.00067764508872,10.000160359132211
hm-a10-g1-L3p5-n2-beta0__N0160__Aminus_0p0025,hm-a10-g1-L3p5-n2-beta0__N0160__Aplus_0p0025,hm-a10-g1-L3p5-n2-beta0,160,-0.0025,114,2.49375,10.000582628431511,10.000137860444795
hm-a10-g1-L3p5-n2-beta0__N0160__Aminus_0p0025,hm-a10-g1-L3p5-n2-beta0__N0160__Aplus_0p0025,hm-a10-g1-L3p5-n2-beta0,160,-0.0025,115,2.515625,10.00048671603264,10.000115148928945
hm-a10-g1-L3p5-n2-beta0__N0160__Aminus_0p0025,hm-a10-g1-L3p5-n2-beta0__N0160__Aplus_0p0025,hm-a10-g1-L3p5-n2-beta0,160,-0.0025,116,2.5374999999999996,10.00039005589657,10.000092259612426
hm-a10-g1-L3p5-n2-beta0__N0160__Aminus_0p0025,hm-a10-g1-L3p5-n2-beta0__N0160__Aplus_0p0025,hm-a10-g1-L3p5-n2-beta0,160,-0.0025,117,2.5593749999999997,10.000292797160835,10.00006922779573
hm-a10-g1-L3p5-n2-beta0__N0160__Aminus_0p0025,hm-a10-g1-L3p5-n2-beta0__N0160__Aplus_0p0025,hm-a10-g1-L3p5-n2-beta0,160,-0.0025,118,2.58125,10.000195089865482,10.000046088997598
hm-a10-g1-L3p5-n2-beta0__N0160__Aminus_0p0025,hm-a10-g1-L3p5-n2-beta0__N0160__Aplus_0p0025,hm-a10-g1-L3p5-n2-beta0,160,-0.0025,119,2.603125,10.000097084721276,10.00002287890022
hm-a10-g1-L3p5-n2-beta0__N0160__Aminus_0p0025,hm-a10-g1-L3p5-n2-beta0__N0160__Aplus_0p0025,hm-a10-g1-L3p5-n2-beta0,160,-0.0025,120,2.625,9.999998932876986,9.999999633294195
hm-a10-g1-L3p5-n2-beta0__N0160__Aminus_0p0025,hm-a10-g1-L3p5-n2-beta0__N0160__Aplus_0p0025,hm-a10-g1-L3p5-n2-beta0,160,-0.0025,121,2.6468749999999996,9.999900785686133,9.99997638802333
hm-a10-g1-L3p5-n2-beta0__N0160__Aminus_0p0025,hm-a10-g1-L3p5-n2-beta0__N0160__Aplus_0p0025,hm-a10-g1-L3p5-n2-beta0,160,-0.0025,122,2.6687499999999997,9.999802794473542,9.999953178929362
hm-a10-g1-L3p5-n2-beta0__N0160__Aminus_0p0025,hm-a10-g1-L3p5-n2-beta0__N0160__Aplus_0p0025,hm-a10-g1-L3p5-n2-beta0,160,-0.0025,123,2.690625,9.999705110302092,9.999930041796704
hm-a10-g1-L3p5-n2-beta0__N0160__Aminus_0p0025,hm-a10-g1-L3p5-n2-beta0__N0160__Aplus_0p0025,hm-a10-g1-L3p5-n2-beta0,160,-0.0025,124,2.7125,9.999607883739978,9.999907012297278
hm-a10-g1-L3p5-n2-beta0__N0160__Aminus_0p0025,hm-a10-g1-L3p5-n2-beta0__N0160__Aplus_0p0025,hm-a10-g1-L3p5-n2-beta0,160,-0.0025,125,2.734375,9.999511264628893,9.999884125935537
hm-a10-g1-L3p5-n2-beta0__N0160__Aminus_0p0025,hm-a10-g1-L3p5-n2-beta0__N0160__Aplus_0p0025,hm-a10-g1-L3p5-n2-beta0,160,-0.0025,126,2.7562499999999996,9.99941540185343,9.999861417993756
hm-a10-g1-L3p5-n2-beta0__N0160__Aminus_0p0025,hm-a10-g1-L3p5-n2-beta0__N0160__Aplus_0p0025,hm-a10-g1-L3p5-n2-beta0,160,-0.0025,127,2.7781249999999997,9.999320443112113,9.999838923477666
hm-a10-g1-L3p5-n2-beta0__N0160__Aminus_0p0025,hm-a10-g1-L3p5-n2-beta0__N0160__Aplus_0p0025,hm-a10-g1-L3p5-n2-beta0,160,-0.0025,128,2.8,9.99922653469036,9.999816677062531
hm-a10-g1-L3p5-n2-beta0__N0160__Aminus_0p0025,hm-a10-g1-L3p5-n2-beta0__N0160__Aplus_0p0025,hm-a10-g1-L3p5-n2-beta0,160,-0.0025,129,2.821875,9.99913382123575,9.99979471303974
hm-a10-g1-L3p5-n2-beta0__N0160__Aminus_0p0025,hm-a10-g1-L3p5-n2-beta0__N0160__Aplus_0p0025,hm-a10-g1-L3p5-n2-beta0,160,-0.0025,130,2.84375,9.999042445535933,9.999773065264002
hm-a10-g1-L3p5-n2-beta0__N0160__Aminus_0p0025,hm-a10-g1-L3p5-n2-beta0__N0160__Aplus_0p0025,hm-a10-g1-L3p5-n2-beta0,160,-0.0025,131,2.8656249999999996,9.998952548299501,9.999751767101216
hm-a10-g1-L3p5-n2-beta0__N0160__Aminus_0p0025,hm-a10-g1-L3p5-n2-beta0__N0160__Aplus_0p0025,hm-a10-g1-L3p5-n2-beta0,160,-0.0025,132,2.8874999999999997,9.998864267940181,9.999730851377114
hm-a10-g1-L3p5-n2-beta0__N0160__Aminus_0p0025,hm-a10-g1-L3p5-n2-beta0__N0160__Aplus_0p0025,hm-a10-g1-L3p5-n2-beta0,160,-0.0025,133,2.909375,9.998777740364652,9.999710350326724
hm-a10-g1-L3p5-n2-beta0__N0160__Aminus_0p0025,hm-a10-g1-L3p5-n2-beta0__N0160__Aplus_0p0025,hm-a10-g1-L3p5-n2-beta0,160,-0.0025,134,2.93125,9.99869309876431,9.999690295544772
hm-a10-g1-L3p5-n2-beta0__N0160__Aminus_0p0025,hm-a10-g1-L3p5-n2-beta0__N0160__Aplus_0p0025,hm-a10-g1-L3p5-n2-beta0,160,-0.0025,135,2.953125,9.998610473411306,9.99967071793706
hm-a10-g1-L3p5-n2-beta0__N0160__Aminus_0p0025,hm-a10-g1-L3p5-n2-beta0__N0160__Aplus_0p0025,hm-a10-g1-L3p5-n2-beta0,160,-0.0025,136,2.9749999999999996,9.998529991459147,9.999651647672916
hm-a10-g1-L3p5-n2-beta0__N0160__Aminus_0p0025,hm-a10-g1-L3p5-n2-beta0__N0160__Aplus_0p0025,hm-a10-g1-L3p5-n2-beta0,160,-0.0025,137,2.9968749999999997,9.99845177674817,9.999633114138794
hm-a10-g1-L3p5-n2-beta0__N0160__Aminus_0p0025,hm-a10-g1-L3p5-n2-beta0__N0160__Aplus_0p0025,hm-a10-g1-L3p5-n2-beta0,160,-0.0025,138,3.01875,9.998375949616173,9.999615145893067
hm-a10-g1-L3p5-n2-beta0__N0160__Aminus_0p0025,hm-a10-g1-L3p5-n2-beta0__N0160__Aplus_0p0025,hm-a10-g1-L3p5-n2-beta0,160,-0.0025,139,3.040625,9.998302626714484,9.99959777062212
hm-a10-g1-L3p5-n2-beta0__N0160__Aminus_0p0025,hm-a10-g1-L3p5-n2-beta0__N0160__Aplus_0p0025,hm-a10-g1-L3p5-n2-beta0,160,-0.0025,140,3.0625,9.998231920829749,9.99958101509777
hm-a10-g1-L3p5-n2-beta0__N0160__Aminus_0p0025,hm-a10-g1-L3p5-n2-beta0__N0160__Aplus_0p0025,hm-a10-g1-L3p5-n2-beta0,160,-0.0025,141,3.0843749999999996,9.998163940711708,9.999564905136102
hm-a10-g1-L3p5-n2-beta0__N0160__Aminus_0p0025,hm-a10-g1-L3p5-n2-beta0__N0160__Aplus_0p0025,hm-a10-g1-L3p5-n2-beta0,160,-0.0025,142,3.1062499999999997,9.99809879090718,9.9995494655578
hm-a10-g1-L3p5-n2-beta0__N0160__Aminus_0p0025,hm-a10-g1-L3p5-n2-beta0__N0160__Aplus_0p0025,hm-a10-g1-L3p5-n2-beta0,160,-0.0025,143,3.128125,9.998036571600561,9.999534720149985
hm-a10-g1-L3p5-n2-beta0__N0160__Aminus_0p0025,hm-a10-g1-L3p5-n2-beta0__N0160__Aplus_0p0025,hm-a10-g1-L3p5-n2-beta0,160,-0.0025,144,3.15,9.997977378461007,9.999520691629652
hm-a10-g1-L3p5-n2-beta0__N0160__Aminus_0p0025,hm-a10-g1-L3p5-n2-beta0__N0160__Aplus_0p0025,hm-a10-g1-L3p5-n2-beta0,160,-0.0025,145,3.171875,9.997921302496586,9.999507401608785
hm-a10-g1-L3p5-n2-beta0__N0160__Aminus_0p0025,hm-a10-g1-L3p5-n2-beta0__N0160__Aplus_0p0025,hm-a10-g1-L3p5-n2-beta0,160,-0.0025,146,3.1937499999999996,9.99786842991556,9.999494870561122
hm-a10-g1-L3p5-n2-beta0__N0160__Aminus_0p0025,hm-a10-g1-L3p5-n2-beta0__N0160__Aplus_0p0025,hm-a10-g1-L3p5-n2-beta0,160,-0.0025,147,3.2156249999999997,9.997818841995048,9.999483117790719
hm-a10-g1-L3p5-n2-beta0__N0160__Aminus_0p0025,hm-a10-g1-L3p5-n2-beta0__N0160__Aplus_0p0025,hm-a10-g1-L3p5-n2-beta0,160,-0.0025,148,3.2375,9.997772614957233,9.999472161402286
hm-a10-g1-L3p5-n2-beta0__N0160__Aminus_0p0025,hm-a10-g1-L3p5-n2-beta0__N0160__Aplus_0p0025,hm-a10-g1-L3p5-n2-beta0,160,-0.0025,149,3.259375,9.997729819853296,9.99946201827338
hm-a10-g1-L3p5-n2-beta0__N0160__Aminus_0p0025,hm-a10-g1-L3p5-n2-beta0__N0160__Aplus_0p0025,hm-a10-g1-L3p5-n2-beta0,160,-0.0025,150,3.28125,9.99769052245527,9.999452704028482
hm-a10-g1-L3p5-n2-beta0__N0160__Aminus_0p0025,hm-a10-g1-L3p5-n2-beta0__N0160__Aplus_0p0025,hm-a10-g1-L3p5-n2-beta0,160,-0.0025,151,3.3031249999999996,9.997654783155943,9.999444233014998
hm-a10-g1-L3p5-n2-beta0__N0160__Aminus_0p0025,hm-a10-g1-L3p5-n2-beta0__N0160__Aplus_0p0025,hm-a10-g1-L3p5-n2-beta0,160,-0.0025,152,3.3249999999999997,9.997622656876967,9.999436618281234
hm-a10-g1-L3p5-n2-beta0__N0160__Aminus_0p0025,hm-a10-g1-L3p5-n2-beta0__N0160__Aplus_0p0025,hm-a10-g1-L3p5-n2-beta0,160,-0.0025,153,3.346875,9.997594192985332,9.99942987155634
hm-a10-g1-L3p5-n2-beta0__N0160__Aminus_0p0025,hm-a10-g1-L3p5-n2-beta0__N0160__Aplus_0p0025,hm-a10-g1-L3p5-n2-beta0,160,-0.0025,154,3.36875,9.997569435218272,9.999424003232322
hm-a10-g1-L3p5-n2-beta0__N0160__Aminus_0p0025,hm-a10-g1-L3p5-n2-beta0__N0160__Aplus_0p0025,hm-a10-g1-L3p5-n2-beta0,160,-0.0025,155,3.390625,9.997548421616775,9.999419022348077
hm-a10-g1-L3p5-n2-beta0__N0160__Aminus_0p0025,hm-a10-g1-L3p5-n2-beta0__N0160__Aplus_0p0025,hm-a10-g1-L3p5-n2-beta0,160,-0.0025,156,3.4124999999999996,9.99753118446774,9.999414936575507
hm-a10-g1-L3p5-n2-beta0__N0160__Aminus_0p0025,hm-a10-g1-L3p5-n2-beta0__N0160__Aplus_0p0025,hm-a10-g1-L3p5-n2-beta0,160,-0.0025,157,3.4343749999999997,9.997517750254895,9.999411752207752
hm-a10-g1-L3p5-n2-beta0__N0160__Aminus_0p0025,hm-a10-g1-L3p5-n2-beta0__N0160__Aplus_0p0025,hm-a10-g1-L3p5-n2-beta0,160,-0.0025,158,3.45625,9.997508139618558,9.999409474149525
hm-a10-g1-L3p5-n2-beta0__N0160__Aminus_0p0025,hm-a10-g1-L3p5-n2-beta0__N0160__Aplus_0p0025,hm-a10-g1-L3p5-n2-beta0,160,-0.0025,159,3.478125,9.997502367324255,9.999408105909577
hm-a10-g1-L3p5-n2-beta0__N0160__Aminus_0p0025,hm-a10-g1-L3p5-n2-beta0__N0160__Aplus_0p0025,hm-a10-g1-L3p5-n2-beta0,160,-0.0025,160,3.5,9.997500442240288,9.999407649595318
hm-a10-g1-L3p5-n2-beta0__N0160__Aplus_0p0025,hm-a10-g1-L3p5-n2-beta0__N0160__Aminus_0p0025,hm-a10-g1-L3p5-n2-beta0,160,0.0025,0,0.0,10.002500442612163,10.00059183444016
hm-a10-g1-L3p5-n2-beta0__N0160__Aplus_0p0025,hm-a10-g1-L3p5-n2-beta0__N0160__Aminus_0p0025,hm-a10-g1-L3p5-n2-beta0,160,0.0025,1,0.021875,10.00249851287476,10.000591377790743
hm-a10-g1-L3p5-n2-beta0__N0160__Aplus_0p0025,hm-a10-g1-L3p5-n2-beta0__N0160__Aminus_0p0025,hm-a10-g1-L3p5-n2-beta0,160,0.0025,2,0.04375,10.002492726648835,10.000590008547388
hm-a10-g1-L3p5-n2-beta0__N0160__Aplus_0p0025,hm-a10-g1-L3p5-n2-beta0__N0160__Aminus_0p0025,hm-a10-g1-L3p5-n2-beta0,160,0.0025,3,0.06562499999999999,10.002483092888587,10.000587728823692
hm-a10-g1-L3p5-n2-beta0__N0160__Aplus_0p0025,hm-a10-g1-L3p5-n2-beta0__N0160__Aminus_0p0025,hm-a10-g1-L3p5-n2-beta0,160,0.0025,4,0.0875,10.002469626502107,10.000584542138673
hm-a10-g1-L3p5-n2-beta0__N0160__Aplus_0p0025,hm-a10-g1-L3p5-n2-beta0__N0160__Aminus_0p0025,hm-a10-g1-L3p5-n2-beta0,160,0.0025,5,0.109375,10.00245234832807,10.000580453411327
hm-a10-g1-L3p5-n2-beta0__N0160__Aplus_0p0025,hm-a10-g1-L3p5-n2-beta0__N0160__Aminus_0p0025,hm-a10-g1-L3p5-n2-beta0,160,0.0025,6,0.13124999999999998,10.002431285103142,10.000575468953015
hm-a10-g1-L3p5-n2-beta0__N0160__Aplus_0p0025,hm-a10-g1-L3p5-n2-beta0__N0160__Aminus_0p0025,hm-a10-g1-L3p5-n2-beta0,160,0.0025,7,0.15312499999999998,10.00240646942017,10.000569596457675
hm-a10-g1-L3p5-n2-beta0__N0160__Aplus_0p0025,hm-a10-g1-L3p5-n2-beta0__N0160__Aminus_0p0025,hm-a10-g1-L3p5-n2-beta0,160,0.0025,8,0.175,10.002377939677208,10.000562844989918
hm-a10-g1-L3p5-n2-beta0__N0160__Aplus_0p0025,hm-a10-g1-L3p5-n2-beta0__N0160__Aminus_0p0025,hm-a10-g1-L3p5-n2-beta0,160,0.0025,9,0.196875,10.002345740017486,10.000555224970991
hm-a10-g1-L3p5-n2-beta0__N0160__Aplus_0p0025,hm-a10-g1-L3p5-n2-beta0__N0160__Aminus_0p0025,hm-a10-g1-L3p5-n2-beta0,160,0.0025,10,0.21875,10.00230992026041,10.000546748162638
hm-a10-g1-L3p5-n2-beta0__N0160__Aplus_0p0025,hm-a10-g1-L3p5-n2-beta0__N0160__Aminus_0p0025,hm-a10-g1-L3p5-n2-beta0,160,0.0025,11,0.24062499999999998,10.002270535823685,10.000537427648881
hm-a10-g1-L3p5-n2-beta0__N0160__Aplus_0p0025,hm-a10-g1-L3p5-n2-beta0__N0160__Aminus_0p0025,hm-a10-g1-L3p5-n2-beta0,160,0.0025,12,0.26249999999999996,10.00222764763672,10.000527277815783
hm-a10-g1-L3p5-n2-beta0__N0160__Aplus_0p0025,hm-a10-g1-L3p5-n2-beta0__N0160__Aminus_0p0025,hm-a10-g1-L3p5-n2-beta0,160,0.0025,13,0.284375,10.002181322045436,10.000516314329154
hm-a10-g1-L3p5-n2-beta0__N0160__Aplus_0p0025,hm-a10-g1-L3p5-n2-beta0__N0160__Aminus_0p0025,hm-a10-g1-L3p5-n2-beta0,160,0.0025,14,0.30624999999999997,10.002131630708629,10.000504554110316
hm-a10-g1-L3p5-n2-beta0__N0160__Aplus_0p0025,hm-a10-g1-L3p5-n2-beta0__N0160__Aminus_0p0025,hm-a10-g1-L3p5-n2-beta0,160,0.0025,15,0.328125,10.002078650486075,10.000492015309899
hm-a10-g1-L3p5-n2-beta0__N0160__Aplus_0p0025,hm-a10-g1-L3p5-n2-beta0__N0160__Aminus_0p0025,hm-a10-g1-L3p5-n2-beta0,160,0.0025,16,0.35,10.002022463318543,10.000478717279757
hm-a10-g1-L3p5-n2-beta0__N0160__Aplus_0p0025,hm-a10-g1-L3p5-n2-beta0__N0160__Aminus_0p0025,hm-a10-g1-L3p5-n2-beta0,160,0.0025,17,0.37187499999999996,10.001963156099901,10.000464680543013
hm-a10-g1-L3p5-n2-beta0__N0160__Aplus_0p0025,hm-a10-g1-L3p5-n2-beta0__N0160__Aminus_0p0025,hm-a10-g1-L3p5-n2-beta0,160,0.0025,18,0.39375,10.001900820541547,10.0004499267623
hm-a10-g1-L3p5-n2-beta0__N0160__Aplus_0p0025,hm-a10-g1-L3p5-n2-beta0__N0160__Aminus_0p0025,hm-a10-g1-L3p5-n2-beta0,160,0.0025,19,0.41562499999999997,10.001835553029373,10.000434478706243
hm-a10-g1-L3p5-n2-beta0__N0160__Aplus_0p0025,hm-a10-g1-L3p5-n2-beta0__N0160__Aminus_0p0025,hm-a10-g1-L3p5-n2-beta0,160,0.0025,20,0.4375,10.001767454473477,10.000418360214226
hm-a10-g1-L3p5-n2-beta0__N0160__Aplus_0p0025,hm-a10-g1-L3p5-n2-beta0__N0160__Aminus_0p0025,hm-a10-g1-L3p5-n2-beta0,160,0.0025,21,0.459375,10.001696630150892,10.000401596159527
hm-a10-g1-L3p5-n2-beta0__N0160__Aplus_0p0025,hm-a10-g1-L3p5-n2-beta0__N0160__Aminus_0p0025,hm-a10-g1-L3p5-n2-beta0,160,0.0025,22,0.48124999999999996,10.001623189541561,10.000384212410825
hm-a10-g1-L3p5-n2-beta0__N0160__Aplus_0p0025,hm-a10-g1-L3p5-n2-beta0__N0160__Aminus_0p0025,hm-a10-g1-L3p5-n2-beta0,160,0.0025,23,0.5031249999999999,10.00154724615784,10.000366235792203
hm-a10-g1-L3p5-n2-beta0__N0160__Aplus_0p0025,hm-a10-g1-L3p5-n2-beta0__N0160__Aminus_0p0025,hm-a10-g1-L3p5-n2-beta0,160,0.0025,24,0.5249999999999999,10.001468917367788,10.000347694041666
hm-a10-g1-L3p5-n2-beta0__N0160__Aplus_0p0025,hm-a10-g1-L3p5-n2-beta0__N0160__Aminus_0p0025,hm-a10-g1-L3p5-n2-beta0,160,0.0025,25,0.546875,10.00138832421254,10.000328615768248
hm-a10-g1-L3p5-n2-beta0__N0160__Aplus_0p0025,hm-a10-g1-L3p5-n2-beta0__N0160__Aminus_0p0025,hm-a10-g1-L3p5-n2-beta0,160,0.0025,26,0.56875,10.001305591218031,10.000309030407779
hm-a10-g1-L3p5-n2-beta0__N0160__Aplus_0p0025,hm-a10-g1-L3p5-n2-beta0__N0160__Aminus_0p0025,hm-a10-g1-L3p5-n2-beta0,160,0.0025,27,0.590625,10.001220846201416,10.000288968177388
hm-a10-g1-L3p5-n2-beta0__N0160__Aplus_0p0025,hm-a10-g1-L3p5-n2-beta0__N0160__Aminus_0p0025,hm-a10-g1-L3p5-n2-beta0,160,0.0025,28,0.6124999999999999,10.001134220072444,10.000268460028801
hm-a10-g1-L3p5-n2-beta0__N0160__Aplus_0p0025,hm-a10-g1-L3p5-n2-beta0__N0160__Aminus_0p0025,hm-a10-g1-L3p5-n2-beta0,160,0.0025,29,0.6343749999999999,10.001045846630124,10.000247537600504
hm-a10-g1-L3p5-n2-beta0__N0160__Aplus_0p0025,hm-a10-g1-L3p5-n2-beta0__N0160__Aminus_0p0025,hm-a10-g1-L3p5-n2-beta0,160,0.0025,30,0.65625,10.00095586235502,10.000226233168863
hm-a10-g1-L3p5-n2-beta0__N0160__Aplus_0p0025,hm-a10-g1-L3p5-n2-beta0__N0160__Aminus_0p0025,hm-a10-g1-L3p5-n2-beta0,160,0.0025,31,0.678125,10.000864406197485,10.000204579598254
hm-a10-g1-L3p5-n2-beta0__N0160__Aplus_0p0025,hm-a10-g1-L3p5-n2-beta0__N0160__Aminus_0p0025,hm-a10-g1-L3p5-n2-beta0,160,0.0025,32,0.7,10.000771619362157,10.000182610290304
hm-a10-g1-L3p5-n2-beta0__N0160__Aplus_0p0025,hm-a10-g1-L3p5-n2-beta0__N0160__Aminus_0p0025,hm-a10-g1-L3p5-n2-beta0,160,0.0025,33,0.7218749999999999,10.000677645089102,10.000160359132309
hm-a10-g1-L3p5-n2-beta0__N0160__Aplus_0p0025,hm-a10-g1-L3p5-n2-beta0__N0160__Aminus_0p0025,hm-a10-g1-L3p5-n2-beta0,160,0.0025,34,0.7437499999999999,10.000582628431896,10.000137860444896
hm-a10-g1-L3p5-n2-beta0__N0160__Aplus_0p0025,hm-a10-g1-L3p5-n2-beta0__N0160__Aminus_0p0025,hm-a10-g1-L3p5-n2-beta0,160,0.0025,35,0.765625,10.000486716033025,10.00011514892905
hm-a10-g1-L3p5-n2-beta0__N0160__Aplus_0p0025,hm-a10-g1-L3p5-n2-beta0__N0160__Aminus_0p0025,hm-a10-g1-L3p5-n2-beta0,160,0.0025,36,0.7875,10.00039005589696,10.000092259612536
hm-a10-g1-L3p5-n2-beta0__N0160__Aplus_0p0025,hm-a10-g1-L3p5-n2-beta0__N0160__Aminus_0p0025,hm-a10-g1-L3p5-n2-beta0,160,0.0025,37,0.809375,10.000292797161226,10.000069227795846
hm-a10-g1-L3p5-n2-beta0__N0160__Aplus_0p0025,hm-a10-g1-L3p5-n2-beta0__N0160__Aminus_0p0025,hm-a10-g1-L3p5-n2-beta0,160,0.0025,38,0.8312499999999999,10.000195089865873,10.000046088997717
hm-a10-g1-L3p5-n2-beta0__N0160__Aplus_0p0025,hm-a10-g1-L3p5-n2-beta0__N0160__Aminus_0p0025,hm-a10-g1-L3p5-n2-beta0,160,0.0025,39,0.8531249999999999,10.000097084721668,10.000022878900346
hm-a10-g1-L3p5-n2-beta0__N0160__Aplus_0p0025,hm-a10-g1-L3p5-n2-beta0__N0160__Aminus_0p0025,hm-a10-g1-L3p5-n2-beta0,160,0.0025,40,0.875,9.99999893287738,9.999999633294326
hm-a10-g1-L3p5-n2-beta0__N0160__Aplus_0p0025,hm-a10-g1-L3p5-n2-beta0__N0160__Aminus_0p0025,hm-a10-g1-L3p5-n2-beta0,160,0.0025,41,0.896875,9.999900785686526,9.999976388023464
hm-a10-g1-L3p5-n2-beta0__N0160__Aplus_0p0025,hm-a10-g1-L3p5-n2-beta0__N0160__Aminus_0p0025,hm-a10-g1-L3p5-n2-beta0,160,0.0025,42,0.91875,9.999802794473936,9.999953178929502
hm-a10-g1-L3p5-n2-beta0__N0160__Aplus_0p0025,hm-a10-g1-L3p5-n2-beta0__N0160__Aminus_0p0025,hm-a10-g1-L3p5-n2-beta0,160,0.0025,43,0.9406249999999999,9.999705110302484,9.999930041796848
hm-a10-g1-L3p5-n2-beta0__N0160__Aplus_0p0025,hm-a10-g1-L3p5-n2-beta0__N0160__Aminus_0p0025,hm-a10-g1-L3p5-n2-beta0,160,0.0025,44,0.9624999999999999,9.99960788374037,9.999907012297426
hm-a10-g1-L3p5-n2-beta0__N0160__Aplus_0p0025,hm-a10-g1-L3p5-n2-beta0__N0160__Aminus_0p0025,hm-a10-g1-L3p5-n2-beta0,160,0.0025,45,0.9843749999999999,9.999511264629284,9.999884125935692
hm-a10-g1-L3p5-n2-beta0__N0160__Aplus_0p0025,hm-a10-g1-L3p5-n2-beta0__N0160__Aminus_0p0025,hm-a10-g1-L3p5-n2-beta0,160,0.0025,46,1.0062499999999999,9.99941540185382,9.999861417993914
hm-a10-g1-L3p5-n2-beta0__N0160__Aplus_0p0025,hm-a10-g1-L3p5-n2-beta0__N0160__Aminus_0p0025,hm-a10-g1-L3p5-n2-beta0,160,0.0025,47,1.028125,9.999320443112502,9.999838923477828
hm-a10-g1-L3p5-n2-beta0__N0160__Aplus_0p0025,hm-a10-g1-L3p5-n2-beta0__N0160__Aminus_0p0025,hm-a10-g1-L3p5-n2-beta0,160,0.0025,48,1.0499999999999998,9.999226534690747,9.999816677062697
hm-a10-g1-L3p5-n2-beta0__N0160__Aplus_0p0025,hm-a10-g1-L3p5-n2-beta0__N0160__Aminus_0p0025,hm-a10-g1-L3p5-n2-beta0,160,0.0025,49,1.071875,9.999133821236134,9.99979471303991
hm-a10-g1-L3p5-n2-beta0__N0160__Aplus_0p0025,hm-a10-g1-L3p5-n2-beta0__N0160__Aminus_0p0025,hm-a10-g1-L3p5-n2-beta0,160,0.0025,50,1.09375,9.999042445536315,9.999773065264174
hm-a10-g1-L3p5-n2-beta0__N0160__Aplus_0p0025,hm-a10-g1-L3p5-n2-beta0__N0160__Aminus_0p0025,hm-a10-g1-L3p5-n2-beta0,160,0.0025,51,1.1156249999999999,9.99895254829988,9.999751767101392
hm-a10-g1-L3p5-n2-beta0__N0160__Aplus_0p0025,hm-a10-g1-L3p5-n2-beta0__N0160__Aminus_0p0025,hm-a10-g1-L3p5-n2-beta0,160,0.0025,52,1.1375,9.998864267940556,9.999730851377294
hm-a10-g1-L3p5-n2-beta0__N0160__Aplus_0p0025,hm-a10-g1-L3p5-n2-beta0__N0160__Aminus_0p0025,hm-a10-g1-L3p5-n2-beta0,160,0.0025,53,1.1593749999999998,9.998777740365023,9.999710350326906
hm-a10-g1-L3p5-n2-beta0__N0160__Aplus_0p0025,hm-a10-g1-L3p5-n2-beta0__N0160__Aminus_0p0025,hm-a10-g1-L3p5-n2-beta0,160,0.0025,54,1.18125,9.998693098764678,9.999690295544957
hm-a10-g1-L3p5-n2-beta0__N0160__Aplus_0p0025,hm-a10-g1-L3p5-n2-beta0__N0160__Aminus_0p0025,hm-a10-g1-L3p5-n2-beta0,160,0.0025,55,1.203125,9.99861047341167,9.999670717937246
hm-a10-g1-L3p5-n2-beta0__N0160__Aplus_0p0025,hm-a10-g1-L3p5-n2-beta0__N0160__Aminus_0p0025,hm-a10-g1-L3p5-n2-beta0,160,0.0025,56,1.2249999999999999,9.998529991459506,9.999651647673105
hm-a10-g1-L3p5-n2-beta0__N0160__Aplus_0p0025,hm-a10-g1-L3p5-n2-beta0__N0160__Aminus_0p0025,hm-a10-g1-L3p5-n2-beta0,160,0.0025,57,1.246875,9.998451776748526,9.999633114138986
hm-a10-g1-L3p5-n2-beta0__N0160__Aplus_0p0025,hm-a10-g1-L3p5-n2-beta0__N0160__Aminus_0p0025,hm-a10-g1-L3p5-n2-beta0,160,0.0025,58,1.2687499999999998,9.998375949616523,9.999615145893266
hm-a10-g1-L3p5-n2-beta0__N0160__Aplus_0p0025,hm-a10-g1-L3p5-n2-beta0__N0160__Aminus_0p0025,hm-a10-g1-L3p5-n2-beta0,160,0.0025,59,1.290625,9.998302626714827,9.999597770622323
hm-a10-g1-L3p5-n2-beta0__N0160__Aplus_0p0025,hm-a10-g1-L3p5-n2-beta0__N0160__Aminus_0p0025,hm-a10-g1-L3p5-n2-beta0,160,0.0025,60,1.3125,9.998231920830088,9.999581015097974
hm-a10-g1-L3p5-n2-beta0__N0160__Aplus_0p0025,hm-a10-g1-L3p5-n2-beta0__N0160__Aminus_0p0025,hm-a10-g1-L3p5-n2-beta0,160,0.0025,61,1.3343749999999999,9.99816394071204,9.99956490513631
hm-a10-g1-L3p5-n2-beta0__N0160__Aplus_0p0025,hm-a10-g1-L3p5-n2-beta0__N0160__Aminus_0p0025,hm-a10-g1-L3p5-n2-beta0,160,0.0025,62,1.35625,9.998098790907507,9.999549465558012
hm-a10-g1-L3p5-n2-beta0__N0160__Aplus_0p0025,hm-a10-g1-L3p5-n2-beta0__N0160__Aminus_0p0025,hm-a10-g1-L3p5-n2-beta0,160,0.0025,63,1.3781249999999998,9.998036571600881,9.999534720150196
hm-a10-g1-L3p5-n2-beta0__N0160__Aplus_0p0025,hm-a10-g1-L3p5-n2-beta0__N0160__Aminus_0p0025,hm-a10-g1-L3p5-n2-beta0,160,0.0025,64,1.4,9.997977378461322,9.999520691629868
hm-a10-g1-L3p5-n2-beta0__N0160__Aplus_0p0025,hm-a10-g1-L3p5-n2-beta0__N0160__Aminus_0p0025,hm-a10-g1-L3p5-n2-beta0,160,0.0025,65,1.421875,9.997921302496893,9.999507401609007
hm-a10-g1-L3p5-n2-beta0__N0160__Aplus_0p0025,hm-a10-g1-L3p5-n2-beta0__N0160__Aminus_0p0025,hm-a10-g1-L3p5-n2-beta0,160,0.0025,66,1.4437499999999999,9.99786842991586,9.999494870561348
hm-a10-g1-L3p5-n2-beta0__N0160__Aplus_0p0025,hm-a10-g1-L3p5-n2-beta0__N0160__Aminus_0p0025,hm-a10-g1-L3p5-n2-beta0,160,0.0025,67,1.465625,9.997818841995342,9.999483117790948
hm-a10-g1-L3p5-n2-beta0__N0160__Aplus_0p0025,hm-a10-g1-L3p5-n2-beta0__N0160__Aminus_0p0025,hm-a10-g1-L3p5-n2-beta0,160,0.0025,68,1.4874999999999998,9.99777261495752,9.999472161402519
hm-a10-g1-L3p5-n2-beta0__N0160__Aplus_0p0025,hm-a10-g1-L3p5-n2-beta0__N0160__Aminus_0p0025,hm-a10-g1-L3p5-n2-beta0,160,0.0025,69,1.509375,9.997729819853578,9.999462018273615
hm-a10-g1-L3p5-n2-beta0__N0160__Aplus_0p0025,hm-a10-g1-L3p5-n2-beta0__N0160__Aminus_0p0025,hm-a10-g1-L3p5-n2-beta0,160,0.0025,70,1.53125,9.997690522455546,9.99945270402872
hm-a10-g1-L3p5-n2-beta0__N0160__Aplus_0p0025,hm-a10-g1-L3p5-n2-beta0__N0160__Aminus_0p0025,hm-a10-g1-L3p5-n2-beta0,160,0.0025,71,1.5531249999999999,9.99765478315621,9.99944423301524
hm-a10-g1-L3p5-n2-beta0__N0160__Aplus_0p0025,hm-a10-g1-L3p5-n2-beta0__N0160__Aminus_0p0025,hm-a10-g1-L3p5-n2-beta0,160,0.0025,72,1.575,9.997622656877228,9.999436618281475
hm-a10-g1-L3p5-n2-beta0__N0160__Aplus_0p0025,hm-a10-g1-L3p5-n2-beta0__N0160__Aminus_0p0025,hm-a10-g1-L3p5-n2-beta0,160,0.0025,73,1.5968749999999998,9.997594192985586,9.999429871556583
hm-a10-g1-L3p5-n2-beta0__N0160__Aplus_0p0025,hm-a10-g1-L3p5-n2-beta0__N0160__Aminus_0p0025,hm-a10-g1-L3p5-n2-beta0,160,0.0025,74,1.61875,9.997569435218521,9.99942400323257
hm-a10-g1-L3p5-n2-beta0__N0160__Aplus_0p0025,hm-a10-g1-L3p5-n2-beta0__N0160__Aminus_0p0025,hm-a10-g1-L3p5-n2-beta0,160,0.0025,75,1.640625,9.997548421617019,9.999419022348325
hm-a10-g1-L3p5-n2-beta0__N0160__Aplus_0p0025,hm-a10-g1-L3p5-n2-beta0__N0160__Aminus_0p0025,hm-a10-g1-L3p5-n2-beta0,160,0.0025,76,1.6624999999999999,9.997531184467976,9.999414936575755
hm-a10-g1-L3p5-n2-beta0__N0160__Aplus_0p0025,hm-a10-g1-L3p5-n2-beta0__N0160__Aminus_0p0025,hm-a10-g1-L3p5-n2-beta0,160,0.0025,77,1.684375,9.997517750255126,9.999411752208
hm-a10-g1-L3p5-n2-beta0__N0160__Aplus_0p0025,hm-a10-g1-L3p5-n2-beta0__N0160__Aminus_0p0025,hm-a10-g1-L3p5-n2-beta0,160,0.0025,78,1.7062499999999998,9.997508139618784,9.999409474149768
hm-a10-g1-L3p5-n2-beta0__N0160__Aplus_0p0025,hm-a10-g1-L3p5-n2-beta0__N0160__Aminus_0p0025,hm-a10-g1-L3p5-n2-beta0,160,0.0025,79,1.728125,9.997502367324476,9.999408105909817
hm-a10-g1-L3p5-n2-beta0__N0160__Aplus_0p0025,hm-a10-g1-L3p5-n2-beta0__N0160__Aminus_0p0025,hm-a10-g1-L3p5-n2-beta0,160,0.0025,80,1.75,9.997500442240502,9.999407649595556
hm-a10-g1-L3p5-n2-beta0__N0160__Aplus_0p0025,hm-a10-g1-L3p5-n2-beta0__N0160__Aminus_0p0025,hm-a10-g1-L3p5-n2-beta0,160,0.0025,81,1.7718749999999999,9.997502367324465,9.99940810590981
hm-a10-g1-L3p5-n2-beta0__N0160__Aplus_0p0025,hm-a10-g1-L3p5-n2-beta0__N0160__Aminus_0p0025,hm-a10-g1-L3p5-n2-beta0,160,0.0025,82,1.79375,9.997508139618763,9.999409474149754
hm-a10-g1-L3p5-n2-beta0__N0160__Aplus_0p0025,hm-a10-g1-L3p5-n2-beta0__N0160__Aminus_0p0025,hm-a10-g1-L3p5-n2-beta0,160,0.0025,83,1.8156249999999998,9.997517750255096,9.99941175220798
hm-a10-g1-L3p5-n2-beta0__N0160__Aplus_0p0025,hm-a10-g1-L3p5-n2-beta0__N0160__Aminus_0p0025,hm-a10-g1-L3p5-n2-beta0,160,0.0025,84,1.8375,9.997531184467935,9.99941493657573
hm-a10-g1-L3p5-n2-beta0__N0160__Aplus_0p0025,hm-a10-g1-L3p5-n2-beta0__N0160__Aminus_0p0025,hm-a10-g1-L3p5-n2-beta0,160,0.0025,85,1.8593749999999998,9.997548421616967,9.999419022348295
hm-a10-g1-L3p5-n2-beta0__N0160__Aplus_0p0025,hm-a10-g1-L3p5-n2-beta0__N0160__Aminus_0p0025,hm-a10-g1-L3p5-n2-beta0,160,0.0025,86,1.8812499999999999,9.997569435218459,9.999424003232535
hm-a10-g1-L3p5-n2-beta0__N0160__Aplus_0p0025,hm-a10-g1-L3p5-n2-beta0__N0160__Aminus_0p0025,hm-a10-g1-L3p5-n2-beta0,160,0.0025,87,1.903125,9.997594192985513,9.999429871556545
hm-a10-g1-L3p5-n2-beta0__N0160__Aplus_0p0025,hm-a10-g1-L3p5-n2-beta0__N0160__Aminus_0p0025,hm-a10-g1-L3p5-n2-beta0,160,0.0025,88,1.9249999999999998,9.997622656877144,9.999436618281432
hm-a10-g1-L3p5-n2-beta0__N0160__Aplus_0p0025,hm-a10-g1-L3p5-n2-beta0__N0160__Aminus_0p0025,hm-a10-g1-L3p5-n2-beta0,160,0.0025,89,1.946875,9.997654783156117,9.999444233015193
hm-a10-g1-L3p5-n2-beta0__N0160__Aplus_0p0025,hm-a10-g1-L3p5-n2-beta0__N0160__Aminus_0p0025,hm-a10-g1-L3p5-n2-beta0,160,0.0025,90,1.9687499999999998,9.997690522455441,9.999452704028672
hm-a10-g1-L3p5-n2-beta0__N0160__Aplus_0p0025,hm-a10-g1-L3p5-n2-beta0__N0160__Aminus_0p0025,hm-a10-g1-L3p5-n2-beta0,160,0.0025,91,1.9906249999999999,9.997729819853463,9.999462018273563
hm-a10-g1-L3p5-n2-beta0__N0160__Aplus_0p0025,hm-a10-g1-L3p5-n2-beta0__N0160__Aminus_0p0025,hm-a10-g1-L3p5-n2-beta0,160,0.0025,92,2.0124999999999997,9.997772614957395,9.999472161402462
hm-a10-g1-L3p5-n2-beta0__N0160__Aplus_0p0025,hm-a10-g1-L3p5-n2-beta0__N0160__Aminus_0p0025,hm-a10-g1-L3p5-n2-beta0,160,0.0025,93,2.034375,9.997818841995205,9.999483117790886
hm-a10-g1-L3p5-n2-beta0__N0160__Aplus_0p0025,hm-a10-g1-L3p5-n2-beta0__N0160__Aminus_0p0025,hm-a10-g1-L3p5-n2-beta0,160,0.0025,94,2.05625,9.997868429915712,9.999494870561282
hm-a10-g1-L3p5-n2-beta0__N0160__Aplus_0p0025,hm-a10-g1-L3p5-n2-beta0__N0160__Aminus_0p0025,hm-a10-g1-L3p5-n2-beta0,160,0.0025,95,2.078125,9.997921302496735,9.999507401608936
hm-a10-g1-L3p5-n2-beta0__N0160__Aplus_0p0025,hm-a10-g1-L3p5-n2-beta0__N0160__Aminus_0p0025,hm-a10-g1-L3p5-n2-beta0,160,0.0025,96,2.0999999999999996,9.997977378461153,9.999520691629796
hm-a10-g1-L3p5-n2-beta0__N0160__Aplus_0p0025,hm-a10-g1-L3p5-n2-beta0__N0160__Aminus_0p0025,hm-a10-g1-L3p5-n2-beta0,160,0.0025,97,2.1218749999999997,9.998036571600702,9.99953472015012
hm-a10-g1-L3p5-n2-beta0__N0160__Aplus_0p0025,hm-a10-g1-L3p5-n2-beta0__N0160__Aminus_0p0025,hm-a10-g1-L3p5-n2-beta0,160,0.0025,98,2.14375,9.998098790907317,9.99954946555793
hm-a10-g1-L3p5-n2-beta0__N0160__Aplus_0p0025,hm-a10-g1-L3p5-n2-beta0__N0160__Aminus_0p0025,hm-a10-g1-L3p5-n2-beta0,160,0.0025,99,2.165625,9.998163940711839,9.999564905136227
hm-a10-g1-L3p5-n2-beta0__N0160__Aplus_0p0025,hm-a10-g1-L3p5-n2-beta0__N0160__Aminus_0p0025,hm-a10-g1-L3p5-n2-beta0,160,0.0025,100,2.1875,9.998231920829877,9.99958101509789
hm-a10-g1-L3p5-n2-beta0__N0160__Aplus_0p0025,hm-a10-g1-L3p5-n2-beta0__N0160__Aminus_0p0025,hm-a10-g1-L3p5-n2-beta0,160,0.0025,101,2.2093749999999996,9.998302626714604,9.999597770622238
hm-a10-g1-L3p5-n2-beta0__N0160__Aplus_0p0025,hm-a10-g1-L3p5-n2-beta0__N0160__Aminus_0p0025,hm-a10-g1-L3p5-n2-beta0,160,0.0025,102,2.2312499999999997,9.998375949616289,9.99961514589318
hm-a10-g1-L3p5-n2-beta0__N0160__Aplus_0p0025,hm-a10-g1-L3p5-n2-beta0__N0160__Aminus_0p0025,hm-a10-g1-L3p5-n2-beta0,160,0.0025,103,2.253125,9.998451776748281,9.9996331141389
hm-a10-g1-L3p5-n2-beta0__N0160__Aplus_0p0025,hm-a10-g1-L3p5-n2-beta0__N0160__Aminus_0p0025,hm-a10-g1-L3p5-n2-beta0,160,0.0025,104,2.275,9.998529991459252,9.999651647673018
hm-a10-g1-L3p5-n2-beta0__N0160__Aplus_0p0025,hm-a10-g1-L3p5-n2-beta0__N0160__Aminus_0p0025,hm-a10-g1-L3p5-n2-beta0,160,0.0025,105,2.296875,9.998610473411405,9.999670717937155
hm-a10-g1-L3p5-n2-beta0__N0160__Aplus_0p0025,hm-a10-g1-L3p5-n2-beta0__N0160__Aminus_0p0025,hm-a10-g1-L3p5-n2-beta0,160,0.0025,106,2.3187499999999996,9.998693098764402,9.999690295544864
hm-a10-g1-L3p5-n2-beta0__N0160__Aplus_0p0025,hm-a10-g1-L3p5-n2-beta0__N0160__Aminus_0p0025,hm-a10-g1-L3p5-n2-beta0,160,0.0025,107,2.3406249999999997,9.998777740364739,9.999710350326813
hm-a10-g1-L3p5-n2-beta0__N0160__Aplus_0p0025,hm-a10-g1-L3p5-n2-beta0__N0160__Aminus_0p0025,hm-a10-g1-L3p5-n2-beta0,160,0.0025,108,2.3625,9.998864267940261,9.999730851377198
hm-a10-g1-L3p5-n2-beta0__N0160__Aplus_0p0025,hm-a10-g1-L3p5-n2-beta0__N0160__Aminus_0p0025,hm-a10-g1-L3p5-n2-beta0,160,0.0025,109,2.384375,9.998952548299576,9.999751767101296
hm-a10-g1-L3p5-n2-beta0__N0160__Aplus_0p0025,hm-a10-g1-L3p5-n2-beta0__N0160__Aminus_0p0025,hm-a10-g1-L3p5-n2-beta0,160,0.0025,110,2.40625,9.999042445536002,9.999773065264078
hm-a10-g1-L3p5-n2-beta0__N0160__Aplus_0p0025,hm-a10-g1-L3p5-n2-beta0__N0160__Aminus_0p0025,hm-a10-g1-L3p5-n2-beta0,160,0.0025,111,2.4281249999999996,9.999133821235814,9.999794713039812
hm-a10-g1-L3p5-n2-beta0__N0160__Aplus_0p0025,hm-a10-g1-L3p5-n2-beta0__N0160__Aminus_0p0025,hm-a10-g1-L3p5-n2-beta0,160,0.0025,112,2.4499999999999997,9.999226534690417,9.999816677062599
hm-a10-g1-L3p5-n2-beta0__N0160__Aplus_0p0025,hm-a10-g1-L3p5-n2-beta0__N0160__Aminus_0p0025,hm-a10-g1-L3p5-n2-beta0,160,0.0025,113,2.471875,9.999320443112163,9.99983892347773
hm-a10-g1-L3p5-n2-beta0__N0160__Aplus_0p0025,hm-a10-g1-L3p5-n2-beta0__N0160__Aminus_0p0025,hm-a10-g1-L3p5-n2-beta0,160,0.0025,114,2.49375,9.999415401853474,9.999861417993815
hm-a10-g1-L3p5-n2-beta0__N0160__Aplus_0p0025,hm-a10-g1-L3p5-n2-beta0__N0160__Aminus_0p0025,hm-a10-g1-L3p5-n2-beta0,160,0.0025,115,2.515625,9.99951126462893,9.999884125935589
hm-a10-g1-L3p5-n2-beta0__N0160__Aplus_0p0025,hm-a10-g1-L3p5-n2-beta0__N0160__Aminus_0p0025,hm-a10-g1-L3p5-n2-beta0,160,0.0025,116,2.5374999999999996,9.99960788374001,9.99990701229732
hm-a10-g1-L3p5-n2-beta0__N0160__Aplus_0p0025,hm-a10-g1-L3p5-n2-beta0__N0160__Aminus_0p0025,hm-a10-g1-L3p5-n2-beta0,160,0.0025,117,2.5593749999999997,9.999705110302118,9.999930041796738
hm-a10-g1-L3p5-n2-beta0__N0160__Aplus_0p0025,hm-a10-g1-L3p5-n2-beta0__N0160__Aminus_0p0025,hm-a10-g1-L3p5-n2-beta0,160,0.0025,118,2.58125,9.999802794473563,9.999953178929387
hm-a10-g1-L3p5-n2-beta0__N0160__Aplus_0p0025,hm-a10-g1-L3p5-n2-beta0__N0160__Aminus_0p0025,hm-a10-g1-L3p5-n2-beta0,160,0.0025,119,2.603125,9.999900785686147,9.999976388023345
hm-a10-g1-L3p5-n2-beta0__N0160__Aplus_0p0025,hm-a10-g1-L3p5-n2-beta0__N0160__Aminus_0p0025,hm-a10-g1-L3p5-n2-beta0,160,0.0025,120,2.625,9.999998932876995,9.999999633294204
hm-a10-g1-L3p5-n2-beta0__N0160__Aplus_0p0025,hm-a10-g1-L3p5-n2-beta0__N0160__Aminus_0p0025,hm-a10-g1-L3p5-n2-beta0,160,0.0025,121,2.6468749999999996,10.000097084721277,10.00002287890022
hm-a10-g1-L3p5-n2-beta0__N0160__Aplus_0p0025,hm-a10-g1-L3p5-n2-beta0__N0160__Aminus_0p0025,hm-a10-g1-L3p5-n2-beta0,160,0.0025,122,2.6687499999999997,10.000195089865478,10.000046088997589
hm-a10-g1-L3p5-n2-beta0__N0160__Aplus_0p0025,hm-a10-g1-L3p5-n2-beta0__N0160__Aminus_0p0025,hm-a10-g1-L3p5-n2-beta0,160,0.0025,123,2.690625,10.000292797160826,10.000069227795715
hm-a10-g1-L3p5-n2-beta0__N0160__Aplus_0p0025,hm-a10-g1-L3p5-n2-beta0__N0160__Aminus_0p0025,hm-a10-g1-L3p5-n2-beta0,160,0.0025,124,2.7125,10.000390055896554,10.000092259612401
hm-a10-g1-L3p5-n2-beta0__N0160__Aplus_0p0025,hm-a10-g1-L3p5-n2-beta0__N0160__Aminus_0p0025,hm-a10-g1-L3p5-n2-beta0,160,0.0025,125,2.734375,10.000486716032617,10.000115148928911
hm-a10-g1-L3p5-n2-beta0__N0160__Aplus_0p0025,hm-a10-g1-L3p5-n2-beta0__N0160__Aminus_0p0025,hm-a10-g1-L3p5-n2-beta0,160,0.0025,126,2.7562499999999996,10.000582628431484,10.000137860444754
hm-a10-g1-L3p5-n2-beta0__N0160__Aplus_0p0025,hm-a10-g1-L3p5-n2-beta0__N0160__Aminus_0p0025,hm-a10-g1-L3p5-n2-beta0,160,0.0025,127,2.7781249999999997,10.000677645088686,10.000160359132165
hm-a10-g1-L3p5-n2-beta0__N0160__Aplus_0p0025,hm-a10-g1-L3p5-n2-beta0__N0160__Aminus_0p0025,hm-a10-g1-L3p5-n2-beta0,160,0.0025,128,2.8,10.000771619361737,10.000182610290162
hm-a10-g1-L3p5-n2-beta0__N0160__Aplus_0p0025,hm-a10-g1-L3p5-n2-beta0__N0160__Aminus_0p0025,hm-a10-g1-L3p5-n2-beta0,160,0.0025,129,2.821875,10.000864406197062,10.000204579598112
hm-a10-g1-L3p5-n2-beta0__N0160__Aplus_0p0025,hm-a10-g1-L3p5-n2-beta0__N0160__Aminus_0p0025,hm-a10-g1-L3p5-n2-beta0,160,0.0025,130,2.84375,10.000955862354596,10.000226233168721
hm-a10-g1-L3p5-n2-beta0__N0160__Aplus_0p0025,hm-a10-g1-L3p5-n2-beta0__N0160__Aminus_0p0025,hm-a10-g1-L3p5-n2-beta0,160,0.0025,131,2.8656249999999996,10.001045846629696,10.000247537600362
hm-a10-g1-L3p5-n2-beta0__N0160__Aplus_0p0025,hm-a10-g1-L3p5-n2-beta0__N0160__Aminus_0p0025,hm-a10-g1-L3p5-n2-beta0,160,0.0025,132,2.8874999999999997,10.001134220072014,10.000268460028659
hm-a10-g1-L3p5-n2-beta0__N0160__Aplus_0p0025,hm-a10-g1-L3p5-n2-beta0__N0160__Aminus_0p0025,hm-a10-g1-L3p5-n2-beta0,160,0.0025,133,2.909375,10.001220846200987,10.000288968177244
hm-a10-g1-L3p5-n2-beta0__N0160__Aplus_0p0025,hm-a10-g1-L3p5-n2-beta0__N0160__Aminus_0p0025,hm-a10-g1-L3p5-n2-beta0,160,0.0025,134,2.93125,10.001305591217598,10.000309030407633
hm-a10-g1-L3p5-n2-beta0__N0160__Aplus_0p0025,hm-a10-g1-L3p5-n2-beta0__N0160__Aminus_0p0025,hm-a10-g1-L3p5-n2-beta0,160,0.0025,135,2.953125,10.001388324212105,10.000328615768103
hm-a10-g1-L3p5-n2-beta0__N0160__Aplus_0p0025,hm-a10-g1-L3p5-n2-beta0__N0160__Aminus_0p0025,hm-a10-g1-L3p5-n2-beta0,160,0.0025,136,2.9749999999999996,10.001468917367353,10.00034769404152
hm-a10-g1-L3p5-n2-beta0__N0160__Aplus_0p0025,hm-a10-g1-L3p5-n2-beta0__N0160__Aminus_0p0025,hm-a10-g1-L3p5-n2-beta0,160,0.0025,137,2.9968749999999997,10.001547246157404,10.000366235792056
hm-a10-g1-L3p5-n2-beta0__N0160__Aplus_0p0025,hm-a10-g1-L3p5-n2-beta0__N0160__Aminus_0p0025,hm-a10-g1-L3p5-n2-beta0,160,0.0025,138,3.01875,10.001623189541125,10.000384212410673
hm-a10-g1-L3p5-n2-beta0__N0160__Aplus_0p0025,hm-a10-g1-L3p5-n2-beta0__N0160__Aminus_0p0025,hm-a10-g1-L3p5-n2-beta0,160,0.0025,139,3.040625,10.001696630150455,10.000401596159374
hm-a10-g1-L3p5-n2-beta0__N0160__Aplus_0p0025,hm-a10-g1-L3p5-n2-beta0__N0160__Aminus_0p0025,hm-a10-g1-L3p5-n2-beta0,160,0.0025,140,3.0625,10.001767454473041,10.000418360214073
hm-a10-g1-L3p5-n2-beta0__N0160__Aplus_0p0025,hm-a10-g1-L3p5-n2-beta0__N0160__Aminus_0p0025,hm-a10-g1-L3p5-n2-beta0,160,0.0025,141,3.0843749999999996,10.001835553028936,10.000434478706088
hm-a10-g1-L3p5-n2-beta0__N0160__Aplus_0p0025,hm-a10-g1-L3p5-n2-beta0__N0160__Aminus_0p0025,hm-a10-g1-L3p5-n2-beta0,160,0.0025,142,3.1062499999999997,10.001900820541112,10.000449926762146
hm-a10-g1-L3p5-n2-beta0__N0160__Aplus_0p0025,hm-a10-g1-L3p5-n2-beta0__N0160__Aminus_0p0025,hm-a10-g1-L3p5-n2-beta0,160,0.0025,143,3.128125,10.001963156099466,10.000464680542857
hm-a10-g1-L3p5-n2-beta0__N0160__Aplus_0p0025,hm-a10-g1-L3p5-n2-beta0__N0160__Aminus_0p0025,hm-a10-g1-L3p5-n2-beta0,160,0.0025,144,3.15,10.00202246331811,10.000478717279597
hm-a10-g1-L3p5-n2-beta0__N0160__Aplus_0p0025,hm-a10-g1-L3p5-n2-beta0__N0160__Aminus_0p0025,hm-a10-g1-L3p5-n2-beta0,160,0.0025,145,3.171875,10.002078650485643,10.000492015309735
hm-a10-g1-L3p5-n2-beta0__N0160__Aplus_0p0025,hm-a10-g1-L3p5-n2-beta0__N0160__Aminus_0p0025,hm-a10-g1-L3p5-n2-beta0,160,0.0025,146,3.1937499999999996,10.002131630708197,10.000504554110147
hm-a10-g1-L3p5-n2-beta0__N0160__Aplus_0p0025,hm-a10-g1-L3p5-n2-beta0__N0160__Aminus_0p0025,hm-a10-g1-L3p5-n2-beta0,160,0.0025,147,3.2156249999999997,10.002181322045006,10.000516314328983
hm-a10-g1-L3p5-n2-beta0__N0160__Aplus_0p0025,hm-a10-g1-L3p5-n2-beta0__N0160__Aminus_0p0025,hm-a10-g1-L3p5-n2-beta0,160,0.0025,148,3.2375,10.002227647636293,10.000527277815607
hm-a10-g1-L3p5-n2-beta0__N0160__Aplus_0p0025,hm-a10-g1-L3p5-n2-beta0__N0160__Aminus_0p0025,hm-a10-g1-L3p5-n2-beta0,160,0.0025,149,3.259375,10.002270535823259,10.000537427648702
hm-a10-g1-L3p5-n2-beta0__N0160__Aplus_0p0025,hm-a10-g1-L3p5-n2-beta0__N0160__Aminus_0p0025,hm-a10-g1-L3p5-n2-beta0,160,0.0025,150,3.28125,10.002309920259984,10.000546748162453
hm-a10-g1-L3p5-n2-beta0__N0160__Aplus_0p0025,hm-a10-g1-L3p5-n2-beta0__N0160__Aminus_0p0025,hm-a10-g1-L3p5-n2-beta0,160,0.0025,151,3.3031249999999996,10.002345740017063,10.000555224970805
hm-a10-g1-L3p5-n2-beta0__N0160__Aplus_0p0025,hm-a10-g1-L3p5-n2-beta0__N0160__Aminus_0p0025,hm-a10-g1-L3p5-n2-beta0,160,0.0025,152,3.3249999999999997,10.002377939676784,10.00056284498973
hm-a10-g1-L3p5-n2-beta0__N0160__Aplus_0p0025,hm-a10-g1-L3p5-n2-beta0__N0160__Aminus_0p0025,hm-a10-g1-L3p5-n2-beta0,160,0.0025,153,3.346875,10.002406469419748,10.000569596457483
hm-a10-g1-L3p5-n2-beta0__N0160__Aplus_0p0025,hm-a10-g1-L3p5-n2-beta0__N0160__Aminus_0p0025,hm-a10-g1-L3p5-n2-beta0,160,0.0025,154,3.36875,10.002431285102722,10.00057546895282
hm-a10-g1-L3p5-n2-beta0__N0160__Aplus_0p0025,hm-a10-g1-L3p5-n2-beta0__N0160__Aminus_0p0025,hm-a10-g1-L3p5-n2-beta0,160,0.0025,155,3.390625,10.00245234832765,10.00058045341113
hm-a10-g1-L3p5-n2-beta0__N0160__Aplus_0p0025,hm-a10-g1-L3p5-n2-beta0__N0160__Aminus_0p0025,hm-a10-g1-L3p5-n2-beta0,160,0.0025,156,3.4124999999999996,10.002469626501686,10.000584542138474
hm-a10-g1-L3p5-n2-beta0__N0160__Aplus_0p0025,hm-a10-g1-L3p5-n2-beta0__N0160__Aminus_0p0025,hm-a10-g1-L3p5-n2-beta0,160,0.0025,157,3.4343749999999997,10.002483092888168,10.000587728823493
hm-a10-g1-L3p5-n2-beta0__N0160__Aplus_0p0025,hm-a10-g1-L3p5-n2-beta0__N0160__Aminus_0p0025,hm-a10-g1-L3p5-n2-beta0,160,0.0025,158,3.45625,10.002492726648418,10.000590008547192
hm-a10-g1-L3p5-n2-beta0__N0160__Aplus_0p0025,hm-a10-g1-L3p5-n2-beta0__N0160__Aminus_0p0025,hm-a10-g1-L3p5-n2-beta0,160,0.0025,159,3.478125,10.002498512874341,10.000591377790547
hm-a10-g1-L3p5-n2-beta0__N0160__Aplus_0p0025,hm-a10-g1-L3p5-n2-beta0__N0160__Aminus_0p0025,hm-a10-g1-L3p5-n2-beta0,160,0.0025,160,3.5,10.002500442611746,10.000591834439964
hm-a10-g1-L3p5-n2-beta0__N0160__Aplus_0p005,hm-a10-g1-L3p5-n2-beta0__N0160__Aminus_0p005,hm-a10-g1-L3p5-n2-beta0,160,0.005,0,0.0,10.005001771214411,10.001183152962332
hm-a10-g1-L3p5-n2-beta0__N0160__Aplus_0p005,hm-a10-g1-L3p5-n2-beta0__N0160__Aminus_0p005,hm-a10-g1-L3p5-n2-beta0,160,0.005,1,0.021875,10.004997907078435,10.001182239328081
hm-a10-g1-L3p5-n2-beta0__N0160__Aplus_0p005,hm-a10-g1-L3p5-n2-beta0__N0160__Aminus_0p005,hm-a10-g1-L3p5-n2-beta0,160,0.005,2,0.04375,10.004986320671875,10.001179499837193
hm-a10-g1-L3p5-n2-beta0__N0160__Aplus_0p005,hm-a10-g1-L3p5-n2-beta0__N0160__Aminus_0p005,hm-a10-g1-L3p5-n2-beta0,160,0.005,3,0.06562499999999999,10.004967029989338,10.001174938723052
hm-a10-g1-L3p5-n2-beta0__N0160__Aplus_0p005,hm-a10-g1-L3p5-n2-beta0__N0160__Aminus_0p005,hm-a10-g1-L3p5-n2-beta0,160,0.005,4,0.0875,10.004940064990103,10.001168563033985
hm-a10-g1-L3p5-n2-beta0__N0160__Aplus_0p005,hm-a10-g1-L3p5-n2-beta0__N0160__Aminus_0p005,hm-a10-g1-L3p5-n2-beta0,160,0.005,5,0.109375,10.004905467550618,10.0011603826223
hm-a10-g1-L3p5-n2-beta0__N0160__Aplus_0p005,hm-a10-g1-L3p5-n2-beta0__N0160__Aminus_0p005,hm-a10-g1-L3p5-n2-beta0,160,0.005,6,0.13124999999999998,10.004863291398063,10.00115041012896
hm-a10-g1-L3p5-n2-beta0__N0160__Aplus_0p005,hm-a10-g1-L3p5-n2-beta0__N0160__Aminus_0p005,hm-a10-g1-L3p5-n2-beta0,160,0.005,7,0.15312499999999998,10.004813602025175,10.001138660963914
hm-a10-g1-L3p5-n2-beta0__N0160__Aplus_0p005,hm-a10-g1-L3p5-n2-beta0__N0160__Aminus_0p005,hm-a10-g1-L3p5-n2-beta0,160,0.005,8,0.175,10.004756476586396,10.001125153282148
hm-a10-g1-L3p5-n2-beta0__N0160__Aplus_0p005,hm-a10-g1-L3p5-n2-beta0__N0160__Aminus_0p005,hm-a10-g1-L3p5-n2-beta0,160,0.005,9,0.196875,10.004692003775594,10.00110990795544
hm-a10-g1-L3p5-n2-beta0__N0160__Aplus_0p005,hm-a10-g1-L3p5-n2-beta0__N0160__Aminus_0p005,hm-a10-g1-L3p5-n2-beta0,160,0.005,10,0.21875,10.004620283685528,10.00109294853991
hm-a10-g1-L3p5-n2-beta0__N0160__Aplus_0p005,hm-a10-g1-L3p5-n2-beta0__N0160__Aminus_0p005,hm-a10-g1-L3p5-n2-beta0,160,0.005,11,0.24062499999999998,10.004541427649297,10.001074301239393
hm-a10-g1-L3p5-n2-beta0__N0160__Aplus_0p005,hm-a10-g1-L3p5-n2-beta0__N0160__Aminus_0p005,hm-a10-g1-L3p5-n2-beta0,160,0.005,12,0.26249999999999996,10.004455558064064,10.001053994864716
hm-a10-g1-L3p5-n2-beta0__N0160__Aplus_0p005,hm-a10-g1-L3p5-n2-beta0__N0160__Aminus_0p005,hm-a10-g1-L3p5-n2-beta0,160,0.005,13,0.284375,10.004362808197333,10.001032060788896
hm-a10-g1-L3p5-n2-beta0__N0160__Aplus_0p005,hm-a10-g1-L3p5-n2-beta0__N0160__Aminus_0p005,hm-a10-g1-L3p5-n2-beta0,160,0.005,14,0.30624999999999997,10.004263321976127,10.001008532898396
hm-a10-g1-L3p5-n2-beta0__N0160__Aplus_0p005,hm-a10-g1-L3p5-n2-beta0__N0160__Aminus_0p005,hm-a10-g1-L3p5-n2-beta0,160,0.005,15,0.328125,10.004157253759422,10.000983447540463
hm-a10-g1-L3p5-n2-beta0__N0160__Aplus_0p005,hm-a10-g1-L3p5-n2-beta0__N0160__Aminus_0p005,hm-a10-g1-L3p5-n2-beta0,160,0.005,16,0.35,10.004044768094191,10.000956843466662
hm-a10-g1-L3p5-n2-beta0__N0160__Aplus_0p005,hm-a10-g1-L3p5-n2-beta0__N0160__Aminus_0p005,hm-a10-g1-L3p5-n2-beta0,160,0.005,17,0.37187499999999996,10.003926039455541,10.000928761772677
hm-a10-g1-L3p5-n2-beta0__N0160__Aplus_0p005,hm-a10-g1-L3p5-n2-beta0__N0160__Aminus_0p005,hm-a10-g1-L3p5-n2-beta0,160,0.005,18,0.39375,10.003801251971305,10.000899245834486
hm-a10-g1-L3p5-n2-beta0__N0160__Aplus_0p005,hm-a10-g1-L3p5-n2-beta0__N0160__Aminus_0p005,hm-a10-g1-L3p5-n2-beta0,160,0.005,19,0.41562499999999997,10.003670599131597,10.000868341241011
hm-a10-g1-L3p5-n2-beta0__N0160__Aplus_0p005,hm-a10-g1-L3p5-n2-beta0__N0160__Aminus_0p005,hm-a10-g1-L3p5-n2-beta0,160,0.005,20,0.4375,10.003534283483816,10.000836095723349
hm-a10-g1-L3p5-n2-beta0__N0160__Aplus_0p005,hm-a10-g1-L3p5-n2-beta0__N0160__Aminus_0p005,hm-a10-g1-L3p5-n2-beta0,160,0.005,21,0.459375,10.003392516313594,10.000802559080682
hm-a10-g1-L3p5-n2-beta0__N0160__Aplus_0p005,hm-a10-g1-L3p5-n2-beta0__N0160__Aminus_0p005,hm-a10-g1-L3p5-n2-beta0,160,0.005,22,0.48124999999999996,10.003245517312235,10.000767783103012
hm-a10-g1-L3p5-n2-beta0__N0160__Aplus_0p005,hm-a10-g1-L3p5-n2-beta0__N0160__Aminus_0p005,hm-a10-g1-L3p5-n2-beta0,160,0.005,23,0.5031249999999999,10.0030935142312,10.000731821490803
hm-a10-g1-L3p5-n2-beta0__N0160__Aplus_0p005,hm-a10-g1-L3p5-n2-beta0__N0160__Aminus_0p005,hm-a10-g1-L3p5-n2-beta0,160,0.005,24,0.5249999999999999,10.002936742524192,10.000694729771714
hm-a10-g1-L3p5-n2-beta0__N0160__Aplus_0p005,hm-a10-g1-L3p5-n2-beta0__N0160__Aminus_0p005,hm-a10-g1-L3p5-n2-beta0,160,0.005,25,0.546875,10.002775444977473,10.000656565214491
hm-a10-g1-L3p5-n2-beta0__N0160__Aplus_0p005,hm-a10-g1-L3p5-n2-beta0__N0160__Aminus_0p005,hm-a10-g1-L3p5-n2-beta0,160,0.005,26,0.56875,10.002609871328989,10.000617386740194
hm-a10-g1-L3p5-n2-beta0__N0160__Aplus_0p005,hm-a10-g1-L3p5-n2-beta0__N0160__Aminus_0p005,hm-a10-g1-L3p5-n2-beta0,160,0.005,27,0.590625,10.002440277876936,10.000577254830885
hm-a10-g1-L3p5-n2-beta0__N0160__Aplus_0p005,hm-a10-g1-L3p5-n2-beta0__N0160__Aminus_0p005,hm-a10-g1-L3p5-n2-beta0,160,0.005,28,0.6124999999999999,10.002266927078434,10.000536231435937
hm-a10-g1-L3p5-n2-beta0__N0160__Aplus_0p005,hm-a10-g1-L3p5-n2-beta0__N0160__Aminus_0p005,hm-a10-g1-L3p5-n2-beta0,160,0.005,29,0.6343749999999999,10.002090087138948,10.000494379876082
hm-a10-g1-L3p5-n2-beta0__N0160__Aplus_0p005,hm-a10-g1-L3p5-n2-beta0__N0160__Aminus_0p005,hm-a10-g1-L3p5-n2-beta0,160,0.005,30,0.65625,10.001910031593097,10.000451764745366
hm-a10-g1-L3p5-n2-beta0__N0160__Aplus_0p005,hm-a10-g1-L3p5-n2-beta0__N0160__Aminus_0p005,hm-a10-g1-L3p5-n2-beta0,160,0.005,31,0.678125,10.001727038877606,10.000408451811175
hm-a10-g1-L3p5-n2-beta0__N0160__Aplus_0p005,hm-a10-g1-L3p5-n2-beta0__N0160__Aminus_0p005,hm-a10-g1-L3p5-n2-beta0,160,0.005,32,0.7,10.001541391897016,10.000364507912469
hm-a10-g1-L3p5-n2-beta0__N0160__Aplus_0p005,hm-a10-g1-L3p5-n2-beta0__N0160__Aminus_0p005,hm-a10-g1-L3p5-n2-beta0,160,0.005,33,0.7218749999999999,10.001353377582884,10.000320000856384
hm-a10-g1-L3p5-n2-beta0__N0160__Aplus_0p005,hm-a10-g1-L3p5-n2-beta0__N0160__Aminus_0p005,hm-a10-g1-L3p5-n2-beta0,160,0.005,34,0.7437499999999999,10.001163286447202,10.000274999313387
hm-a10-g1-L3p5-n2-beta0__N0160__Aplus_0p005,hm-a10-g1-L3p5-n2-beta0__N0160__Aminus_0p005,hm-a10-g1-L3p5-n2-beta0,160,0.005,35,0.765625,10.000971412130706,10.000229572711113
hm-a10-g1-L3p5-n2-beta0__N0160__Aplus_0p005,hm-a10-g1-L3p5-n2-beta0__N0160__Aminus_0p005,hm-a10-g1-L3p5-n2-beta0,160,0.005,36,0.7875,10.00077805094682,10.000183791127084
hm-a10-g1-L3p5-n2-beta0__N0160__Aplus_0p005,hm-a10-g1-L3p5-n2-beta0__N0160__Aminus_0p005,hm-a10-g1-L3p5-n2-beta0,160,0.005,37,0.809375,10.000583501421966,10.000137725180444
hm-a10-g1-L3p5-n2-beta0__N0160__Aplus_0p005,hm-a10-g1-L3p5-n2-beta0__N0160__Aminus_0p005,hm-a10-g1-L3p5-n2-beta0,160,0.005,38,0.8312499999999999,10.000388063832936,10.000091445922905
hm-a10-g1-L3p5-n2-beta0__N0160__Aplus_0p005,hm-a10-g1-L3p5-n2-beta0__N0160__Aminus_0p005,hm-a10-g1-L3p5-n2-beta0,160,0.005,39,0.8531249999999999,10.000192039742087,10.000045024729062
hm-a10-g1-L3p5-n2-beta0__N0160__Aplus_0p005,hm-a10-g1-L3p5-n2-beta0__N0160__Aminus_0p005,hm-a10-g1-L3p5-n2-beta0,160,0.005,40,0.875,9.999995731531056,9.999998533186234
hm-a10-g1-L3p5-n2-beta0__N0160__Aplus_0p005,hm-a10-g1-L3p5-n2-beta0__N0160__Aminus_0p005,hm-a10-g1-L3p5-n2-beta0,160,0.005,41,0.896875,9.999799441933758,9.999952042984042
hm-a10-g1-L3p5-n2-beta0__N0160__Aplus_0p005,hm-a10-g1-L3p5-n2-beta0__N0160__Aminus_0p005,hm-a10-g1-L3p5-n2-beta0,160,0.005,42,0.91875,9.99960347356934,9.999905625803834
hm-a10-g1-L3p5-n2-beta0__N0160__Aplus_0p005,hm-a10-g1-L3p5-n2-beta0__N0160__Aminus_0p005,hm-a10-g1-L3p5-n2-beta0,160,0.005,43,0.9406249999999999,9.999408128475876,9.999859353208189
hm-a10-g1-L3p5-n2-beta0__N0160__Aplus_0p005,hm-a10-g1-L3p5-n2-beta0__N0160__Aminus_0p005,hm-a10-g1-L3p5-n2-beta0,160,0.005,44,0.9624999999999999,9.99921370764545,9.999813296530625
hm-a10-g1-L3p5-n2-beta0__N0160__Aplus_0p005,hm-a10-g1-L3p5-n2-beta0__N0160__Aminus_0p005,hm-a10-g1-L3p5-n2-beta0,160,0.005,45,0.9843749999999999,9.999020510561422,9.999767526765709
hm-a10-g1-L3p5-n2-beta0__N0160__Aplus_0p005,hm-a10-g1-L3p5-n2-beta0__N0160__Aminus_0p005,hm-a10-g1-L3p5-n2-beta0,160,0.005,46,1.0062499999999999,9.998828834738477,9.999722114459717
hm-a10-g1-L3p5-n2-beta0__N0160__Aplus_0p005,hm-a10-g1-L3p5-n2-beta0__N0160__Aminus_0p005,hm-a10-g1-L3p5-n2-beta0,160,0.005,47,1.028125,9.99863897526627,9.999677129602027
hm-a10-g1-L3p5-n2-beta0__N0160__Aplus_0p005,hm-a10-g1-L3p5-n2-beta0__N0160__Aminus_0p005,hm-a10-g1-L3p5-n2-beta0,160,0.005,48,1.0499999999999998,9.998451224357256,9.999632641517406
hm-a10-g1-L3p5-n2-beta0__N0160__Aplus_0p005,hm-a10-g1-L3p5-n2-beta0__N0160__Aminus_0p005,hm-a10-g1-L3p5-n2-beta0,160,0.005,49,1.071875,9.998265870899447,9.999588718759355
hm-a10-g1-L3p5-n2-beta0__N0160__Aplus_0p005,hm-a10-g1-L3p5-n2-beta0__N0160__Aminus_0p005,hm-a10-g1-L3p5-n2-beta0,160,0.005,50,1.09375,9.998083200014744,9.999545429004671
hm-a10-g1-L3p5-n2-beta0__N0160__Aplus_0p005,hm-a10-g1-L3p5-n2-beta0__N0160__Aminus_0p005,hm-a10-g1-L3p5-n2-beta0,160,0.005,51,1.1156249999999999,9.997903492623495,9.999502838949406
hm-a10-g1-L3p5-n2-beta0__N0160__Aplus_0p005,hm-a10-g1-L3p5-n2-beta0__N0160__Aminus_0p005,hm-a10-g1-L3p5-n2-beta0,160,0.005,52,1.1375,9.997727025015937,9.999461014206343
hm-a10-g1-L3p5-n2-beta0__N0160__Aplus_0p005,hm-a10-g1-L3p5-n2-beta0__N0160__Aminus_0p005,hm-a10-g1-L3p5-n2-beta0,160,0.005,53,1.1593749999999998,9.997554068431151,9.9994200192042
hm-a10-g1-L3p5-n2-beta0__N0160__Aplus_0p005,hm-a10-g1-L3p5-n2-beta0__N0160__Aminus_0p005,hm-a10-g1-L3p5-n2-beta0,160,0.005,54,1.18125,9.99738488864414,9.999379917088655
hm-a10-g1-L3p5-n2-beta0__N0160__Aplus_0p005,hm-a10-g1-L3p5-n2-beta0__N0160__Aminus_0p005,hm-a10-g1-L3p5-n2-beta0,160,0.005,55,1.203125,9.997219745561646,9.999340769625393
hm-a10-g1-L3p5-n2-beta0__N0160__Aplus_0p005,hm-a10-g1-L3p5-n2-beta0__N0160__Aminus_0p005,hm-a10-g1-L3p5-n2-beta0,160,0.005,56,1.2249999999999999,9.997058892827289,9.999302637105284
hm-a10-g1-L3p5-n2-beta0__N0160__Aplus_0p005,hm-a10-g1-L3p5-n2-beta0__N0160__Aminus_0p005,hm-a10-g1-L3p5-n2-beta0,160,0.005,57,1.246875,9.996902577436597,9.999265578251867
hm-a10-g1-L3p5-n2-beta0__N0160__Aplus_0p005,hm-a10-g1-L3p5-n2-beta0__N0160__Aminus_0p005,hm-a10-g1-L3p5-n2-beta0,160,0.005,58,1.2687499999999998,9.996751039362493,9.99922965013126
hm-a10-g1-L3p5-n2-beta0__N0160__Aplus_0p005,hm-a10-g1-L3p5-n2-beta0__N0160__Aminus_0p005,hm-a10-g1-L3p5-n2-beta0,160,0.005,59,1.290625,9.996604511191764,9.999194908064634
hm-a10-g1-L3p5-n2-beta0__N0160__Aplus_0p005,hm-a10-g1-L3p5-n2-beta0__N0160__Aminus_0p005,hm-a10-g1-L3p5-n2-beta0,160,0.005,60,1.3125,9.996463217773039,9.999161405543383
hm-a10-g1-L3p5-n2-beta0__N0160__Aplus_0p005,hm-a10-g1-L3p5-n2-beta0__N0160__Aminus_0p005,hm-a10-g1-L3p5-n2-beta0,160,0.005,61,1.3343749999999999,9.996327375876788,9.999129194147137
hm-a10-g1-L3p5-n2-beta0__N0160__Aplus_0p005,hm-a10-g1-L3p5-n2-beta0__N0160__Aminus_0p005,hm-a10-g1-L3p5-n2-beta0,160,0.005,62,1.35625,9.99619719386781,9.999098323464711
hm-a10-g1-L3p5-n2-beta0__N0160__Aplus_0p005,hm-a10-g1-L3p5-n2-beta0__N0160__Aminus_0p005,hm-a10-g1-L3p5-n2-beta0,160,0.005,63,1.3781249999999998,9.99607287139067,9.999068841018124
hm-a10-g1-L3p5-n2-beta0__N0160__Aplus_0p005,hm-a10-g1-L3p5-n2-beta0__N0160__Aminus_0p005,hm-a10-g1-L3p5-n2-beta0,160,0.005,64,1.4,9.995954599068563,9.999040792189815
hm-a10-g1-L3p5-n2-beta0__N0160__Aplus_0p005,hm-a10-g1-L3p5-n2-beta0__N0160__Aminus_0p005,hm-a10-g1-L3p5-n2-beta0,160,0.005,65,1.421875,9.995842558215971,9.999014220153134
hm-a10-g1-L3p5-n2-beta0__N0160__Aplus_0p005,hm-a10-g1-L3p5-n2-beta0__N0160__Aminus_0p005,hm-a10-g1-L3p5-n2-beta0,160,0.005,66,1.4437499999999999,9.995736920565582,9.998989165806243
hm-a10-g1-L3p5-n2-beta0__N0160__Aplus_0p005,hm-a10-g1-L3p5-n2-beta0__N0160__Aminus_0p005,hm-a10-g1-L3p5-n2-beta0,160,0.005,67,1.465625,9.995637848009785,9.998965667709514
hm-a10-g1-L3p5-n2-beta0__N0160__Aplus_0p005,hm-a10-g1-L3p5-n2-beta0__N0160__Aminus_0p005,hm-a10-g1-L3p5-n2-beta0,160,0.005,68,1.4874999999999998,9.995545492357165,9.998943762026506
hm-a10-g1-L3p5-n2-beta0__N0160__Aplus_0p005,hm-a10-g1-L3p5-n2-beta0__N0160__Aminus_0p005,hm-a10-g1-L3p5-n2-beta0,160,0.005,69,1.509375,9.995459995104278,9.99892348246863
hm-a10-g1-L3p5-n2-beta0__N0160__Aplus_0p005,hm-a10-g1-L3p5-n2-beta0__N0160__Aminus_0p005,hm-a10-g1-L3p5-n2-beta0,160,0.005,70,1.53125,9.995381487223076,9.998904860243574
hm-a10-g1-L3p5-n2-beta0__N0160__Aplus_0p005,hm-a10-g1-L3p5-n2-beta0__N0160__Aminus_0p005,hm-a10-g1-L3p5-n2-beta0,160,0.005,71,1.5531249999999999,9.995310088964224,9.998887924007557
hm-a10-g1-L3p5-n2-beta0__N0160__Aplus_0p005,hm-a10-g1-L3p5-n2-beta0__N0160__Aminus_0p005,hm-a10-g1-L3p5-n2-beta0,160,0.005,72,1.575,9.995245909676623,9.998872699821511
hm-a10-g1-L3p5-n2-beta0__N0160__Aplus_0p005,hm-a10-g1-L3p5-n2-beta0__N0160__Aminus_0p005,hm-a10-g1-L3p5-n2-beta0,160,0.005,73,1.5968749999999998,9.995189047643354,9.998859211111215
hm-a10-g1-L3p5-n2-beta0__N0160__Aplus_0p005,hm-a10-g1-L3p5-n2-beta0__N0160__Aminus_0p005,hm-a10-g1-L3p5-n2-beta0,160,0.005,74,1.61875,9.995139589934302,9.998847478631484
hm-a10-g1-L3p5-n2-beta0__N0160__Aplus_0p005,hm-a10-g1-L3p5-n2-beta0__N0160__Aminus_0p005,hm-a10-g1-L3p5-n2-beta0,160,0.005,75,1.640625,9.995097612275625,9.998837520434428
hm-a10-g1-L3p5-n2-beta0__N0160__Aplus_0p005,hm-a10-g1-L3p5-n2-beta0__N0160__Aminus_0p005,hm-a10-g1-L3p5-n2-beta0,160,0.005,76,1.6624999999999999,9.99506317893627,9.99882935184186
hm-a10-g1-L3p5-n2-beta0__N0160__Aplus_0p005,hm-a10-g1-L3p5-n2-beta0__N0160__Aminus_0p005,hm-a10-g1-L3p5-n2-beta0,160,0.005,77,1.684375,9.995036342631687,9.998822985421869
hm-a10-g1-L3p5-n2-beta0__N0160__Aplus_0p005,hm-a10-g1-L3p5-n2-beta0__N0160__Aminus_0p005,hm-a10-g1-L3p5-n2-beta0,160,0.005,78,1.7062499999999998,9.995017144444875,9.998818430969616
hm-a10-g1-L3p5-n2-beta0__N0160__Aplus_0p005,hm-a10-g1-L3p5-n2-beta0__N0160__Aminus_0p005,hm-a10-g1-L3p5-n2-beta0,160,0.005,79,1.728125,9.995005613764844,9.998815695492357
hm-a10-g1-L3p5-n2-beta0__N0160__Aplus_0p005,hm-a10-g1-L3p5-n2-beta0__N0160__Aminus_0p005,hm-a10-g1-L3p5-n2-beta0,160,0.005,80,1.75,9.995001768242625,9.998814783198739
hm-a10-g1-L3p5-n2-beta0__N0160__Aplus_0p005,hm-a10-g1-L3p5-n2-beta0__N0160__Aminus_0p005,hm-a10-g1-L3p5-n2-beta0,160,0.005,81,1.7718749999999999,9.995005613764832,9.99881569549235
hm-a10-g1-L3p5-n2-beta0__N0160__Aplus_0p005,hm-a10-g1-L3p5-n2-beta0__N0160__Aminus_0p005,hm-a10-g1-L3p5-n2-beta0,160,0.005,82,1.79375,9.99501714444485,9.998818430969601
hm-a10-g1-L3p5-n2-beta0__N0160__Aplus_0p005,hm-a10-g1-L3p5-n2-beta0__N0160__Aminus_0p005,hm-a10-g1-L3p5-n2-beta0,160,0.005,83,1.8156249999999998,9.995036342631652,9.998822985421848
hm-a10-g1-L3p5-n2-beta0__N0160__Aplus_0p005,hm-a10-g1-L3p5-n2-beta0__N0160__Aminus_0p005,hm-a10-g1-L3p5-n2-beta0,160,0.005,84,1.8375,9.995063178936222,9.998829351841835
hm-a10-g1-L3p5-n2-beta0__N0160__Aplus_0p005,hm-a10-g1-L3p5-n2-beta0__N0160__Aminus_0p005,hm-a10-g1-L3p5-n2-beta0,160,0.005,85,1.8593749999999998,9.995097612275567,9.9988375204344
hm-a10-g1-L3p5-n2-beta0__N0160__Aplus_0p005,hm-a10-g1-L3p5-n2-beta0__N0160__Aminus_0p005,hm-a10-g1-L3p5-n2-beta0,160,0.005,86,1.8812499999999999,9.995139589934231,9.99884747863145
hm-a10-g1-L3p5-n2-beta0__N0160__Aplus_0p005,hm-a10-g1-L3p5-n2-beta0__N0160__Aminus_0p005,hm-a10-g1-L3p5-n2-beta0,160,0.005,87,1.903125,9.99518904764327,9.998859211111176
hm-a10-g1-L3p5-n2-beta0__N0160__Aplus_0p005,hm-a10-g1-L3p5-n2-beta0__N0160__Aminus_0p005,hm-a10-g1-L3p5-n2-beta0,160,0.005,88,1.9249999999999998,9.995245909676527,9.998872699821467
hm-a10-g1-L3p5-n2-beta0__N0160__Aplus_0p005,hm-a10-g1-L3p5-n2-beta0__N0160__Aminus_0p005,hm-a10-g1-L3p5-n2-beta0,160,0.005,89,1.946875,9.995310088964118,9.998887924007509
hm-a10-g1-L3p5-n2-beta0__N0160__Aplus_0p005,hm-a10-g1-L3p5-n2-beta0__N0160__Aminus_0p005,hm-a10-g1-L3p5-n2-beta0,160,0.005,90,1.9687499999999998,9.995381487222957,9.998904860243522
hm-a10-g1-L3p5-n2-beta0__N0160__Aplus_0p005,hm-a10-g1-L3p5-n2-beta0__N0160__Aminus_0p005,hm-a10-g1-L3p5-n2-beta0,160,0.005,91,1.9906249999999999,9.995459995104147,9.998923482468577
hm-a10-g1-L3p5-n2-beta0__N0160__Aplus_0p005,hm-a10-g1-L3p5-n2-beta0__N0160__Aminus_0p005,hm-a10-g1-L3p5-n2-beta0,160,0.005,92,2.0124999999999997,9.99554549235702,9.998943762026448
hm-a10-g1-L3p5-n2-beta0__N0160__Aplus_0p005,hm-a10-g1-L3p5-n2-beta0__N0160__Aminus_0p005,hm-a10-g1-L3p5-n2-beta0,160,0.005,93,2.034375,9.995637848009629,9.99896566770945
hm-a10-g1-L3p5-n2-beta0__N0160__Aplus_0p005,hm-a10-g1-L3p5-n2-beta0__N0160__Aminus_0p005,hm-a10-g1-L3p5-n2-beta0,160,0.005,94,2.05625,9.995736920565413,9.998989165806176
hm-a10-g1-L3p5-n2-beta0__N0160__Aplus_0p005,hm-a10-g1-L3p5-n2-beta0__N0160__Aminus_0p005,hm-a10-g1-L3p5-n2-beta0,160,0.005,95,2.078125,9.995842558215791,9.999014220153061
hm-a10-g1-L3p5-n2-beta0__N0160__Aplus_0p005,hm-a10-g1-L3p5-n2-beta0__N0160__Aminus_0p005,hm-a10-g1-L3p5-n2-beta0,160,0.005,96,2.0999999999999996,9.99595459906837,9.999040792189739
hm-a10-g1-L3p5-n2-beta0__N0160__Aplus_0p005,hm-a10-g1-L3p5-n2-beta0__N0160__Aminus_0p005,hm-a10-g1-L3p5-n2-beta0,160,0.005,97,2.1218749999999997,9.996072871390465,9.999068841018046
hm-a10-g1-L3p5-n2-beta0__N0160__Aplus_0p005,hm-a10-g1-L3p5-n2-beta0__N0160__Aminus_0p005,hm-a10-g1-L3p5-n2-beta0,160,0.005,98,2.14375,9.996197193867593,9.999098323464628
hm-a10-g1-L3p5-n2-beta0__N0160__Aplus_0p005,hm-a10-g1-L3p5-n2-beta0__N0160__Aminus_0p005,hm-a10-g1-L3p5-n2-beta0,160,0.005,99,2.165625,9.99632737587656,9.99912919414705
hm-a10-g1-L3p5-n2-beta0__N0160__Aplus_0p005,hm-a10-g1-L3p5-n2-beta0__N0160__Aminus_0p005,hm-a10-g1-L3p5-n2-beta0,160,0.005,100,2.1875,9.996463217772797,9.999161405543292
hm-a10-g1-L3p5-n2-beta0__N0160__Aplus_0p005,hm-a10-g1-L3p5-n2-beta0__N0160__Aminus_0p005,hm-a10-g1-L3p5-n2-beta0,160,0.005,101,2.2093749999999996,9.996604511191512,9.99919490806454
hm-a10-g1-L3p5-n2-beta0__N0160__Aplus_0p005,hm-a10-g1-L3p5-n2-beta0__N0160__Aminus_0p005,hm-a10-g1-L3p5-n2-beta0,160,0.005,102,2.2312499999999997,9.996751039362229,9.999229650131165
hm-a10-g1-L3p5-n2-beta0__N0160__Aplus_0p005,hm-a10-g1-L3p5-n2-beta0__N0160__Aminus_0p005,hm-a10-g1-L3p5-n2-beta0,160,0.005,103,2.253125,9.996902577436321,9.999265578251768
hm-a10-g1-L3p5-n2-beta0__N0160__Aplus_0p005,hm-a10-g1-L3p5-n2-beta0__N0160__Aminus_0p005,hm-a10-g1-L3p5-n2-beta0,160,0.005,104,2.275,9.997058892827,9.99930263710518
hm-a10-g1-L3p5-n2-beta0__N0160__Aplus_0p005,hm-a10-g1-L3p5-n2-beta0__N0160__Aminus_0p005,hm-a10-g1-L3p5-n2-beta0,160,0.005,105,2.296875,9.997219745561347,9.999340769625286
hm-a10-g1-L3p5-n2-beta0__N0160__Aplus_0p005,hm-a10-g1-L3p5-n2-beta0__N0160__Aminus_0p005,hm-a10-g1-L3p5-n2-beta0,160,0.005,106,2.3187499999999996,9.997384888643829,9.999379917088547
hm-a10-g1-L3p5-n2-beta0__N0160__Aplus_0p005,hm-a10-g1-L3p5-n2-beta0__N0160__Aminus_0p005,hm-a10-g1-L3p5-n2-beta0,160,0.005,107,2.3406249999999997,9.99755406843083,9.999420019204091
hm-a10-g1-L3p5-n2-beta0__N0160__Aplus_0p005,hm-a10-g1-L3p5-n2-beta0__N0160__Aminus_0p005,hm-a10-g1-L3p5-n2-beta0,160,0.005,108,2.3625,9.997727025015605,9.999461014206233
hm-a10-g1-L3p5-n2-beta0__N0160__Aplus_0p005,hm-a10-g1-L3p5-n2-beta0__N0160__Aminus_0p005,hm-a10-g1-L3p5-n2-beta0,160,0.005,109,2.384375,9.997903492623152,9.999502838949292
hm-a10-g1-L3p5-n2-beta0__N0160__Aplus_0p005,hm-a10-g1-L3p5-n2-beta0__N0160__Aminus_0p005,hm-a10-g1-L3p5-n2-beta0,160,0.005,110,2.40625,9.998083200014392,9.999545429004558
hm-a10-g1-L3p5-n2-beta0__N0160__Aplus_0p005,hm-a10-g1-L3p5-n2-beta0__N0160__Aminus_0p005,hm-a10-g1-L3p5-n2-beta0,160,0.005,111,2.4281249999999996,9.998265870899084,9.99958871875924
hm-a10-g1-L3p5-n2-beta0__N0160__Aplus_0p005,hm-a10-g1-L3p5-n2-beta0__N0160__Aminus_0p005,hm-a10-g1-L3p5-n2-beta0,160,0.005,112,2.4499999999999997,9.998451224356884,9.999632641517291
hm-a10-g1-L3p5-n2-beta0__N0160__Aplus_0p005,hm-a10-g1-L3p5-n2-beta0__N0160__Aminus_0p005,hm-a10-g1-L3p5-n2-beta0,160,0.005,113,2.471875,9.99863897526589,9.99967712960191
hm-a10-g1-L3p5-n2-beta0__N0160__Aplus_0p005,hm-a10-g1-L3p5-n2-beta0__N0160__Aminus_0p005,hm-a10-g1-L3p5-n2-beta0,160,0.005,114,2.49375,9.998828834738088,9.999722114459598
hm-a10-g1-L3p5-n2-beta0__N0160__Aplus_0p005,hm-a10-g1-L3p5-n2-beta0__N0160__Aminus_0p005,hm-a10-g1-L3p5-n2-beta0,160,0.005,115,2.515625,9.999020510561024,9.999767526765586
hm-a10-g1-L3p5-n2-beta0__N0160__Aplus_0p005,hm-a10-g1-L3p5-n2-beta0__N0160__Aminus_0p005,hm-a10-g1-L3p5-n2-beta0,160,0.005,116,2.5374999999999996,9.999213707645046,9.999813296530498
hm-a10-g1-L3p5-n2-beta0__N0160__Aplus_0p005,hm-a10-g1-L3p5-n2-beta0__N0160__Aminus_0p005,hm-a10-g1-L3p5-n2-beta0,160,0.005,117,2.5593749999999997,9.999408128475462,9.999859353208056
hm-a10-g1-L3p5-n2-beta0__N0160__Aplus_0p005,hm-a10-g1-L3p5-n2-beta0__N0160__Aminus_0p005,hm-a10-g1-L3p5-n2-beta0,160,0.005,118,2.58125,9.999603473568921,9.999905625803695
hm-a10-g1-L3p5-n2-beta0__N0160__Aplus_0p005,hm-a10-g1-L3p5-n2-beta0__N0160__Aminus_0p005,hm-a10-g1-L3p5-n2-beta0,160,0.005,119,2.603125,9.999799441933332,9.999952042983901
hm-a10-g1-L3p5-n2-beta0__N0160__Aplus_0p005,hm-a10-g1-L3p5-n2-beta0__N0160__Aminus_0p005,hm-a10-g1-L3p5-n2-beta0,160,0.005,120,2.625,9.999995731530625,9.99999853318609
hm-a10-g1-L3p5-n2-beta0__N0160__Aplus_0p005,hm-a10-g1-L3p5-n2-beta0__N0160__Aminus_0p005,hm-a10-g1-L3p5-n2-beta0,160,0.005,121,2.6468749999999996,10.000192039741648,10.000045024728914
hm-a10-g1-L3p5-n2-beta0__N0160__Aplus_0p005,hm-a10-g1-L3p5-n2-beta0__N0160__Aminus_0p005,hm-a10-g1-L3p5-n2-beta0,160,0.005,122,2.6687499999999997,10.000388063832492,10.000091445922758
hm-a10-g1-L3p5-n2-beta0__N0160__Aplus_0p005,hm-a10-g1-L3p5-n2-beta0__N0160__Aminus_0p005,hm-a10-g1-L3p5-n2-beta0,160,0.005,123,2.690625,10.000583501421517,10.000137725180293
hm-a10-g1-L3p5-n2-beta0__N0160__Aplus_0p005,hm-a10-g1-L3p5-n2-beta0__N0160__Aminus_0p005,hm-a10-g1-L3p5-n2-beta0,160,0.005,124,2.7125,10.000778050946366,10.00018379112693
hm-a10-g1-L3p5-n2-beta0__N0160__Aplus_0p005,hm-a10-g1-L3p5-n2-beta0__N0160__Aminus_0p005,hm-a10-g1-L3p5-n2-beta0,160,0.005,125,2.734375,10.000971412130248,10.000229572710953
hm-a10-g1-L3p5-n2-beta0__N0160__Aplus_0p005,hm-a10-g1-L3p5-n2-beta0__N0160__Aminus_0p005,hm-a10-g1-L3p5-n2-beta0,160,0.005,126,2.7562499999999996,10.00116328644674,10.000274999313223
hm-a10-g1-L3p5-n2-beta0__N0160__Aplus_0p005,hm-a10-g1-L3p5-n2-beta0__N0160__Aminus_0p005,hm-a10-g1-L3p5-n2-beta0,160,0.005,127,2.7781249999999997,10.001353377582417,10.000320000856219
hm-a10-g1-L3p5-n2-beta0__N0160__Aplus_0p005,hm-a10-g1-L3p5-n2-beta0__N0160__Aminus_0p005,hm-a10-g1-L3p5-n2-beta0,160,0.005,128,2.8,10.001541391896545,10.000364507912304
hm-a10-g1-L3p5-n2-beta0__N0160__Aplus_0p005,hm-a10-g1-L3p5-n2-beta0__N0160__Aminus_0p005,hm-a10-g1-L3p5-n2-beta0,160,0.005,129,2.821875,10.001727038877133,10.000408451811008
hm-a10-g1-L3p5-n2-beta0__N0160__Aplus_0p005,hm-a10-g1-L3p5-n2-beta0__N0160__Aminus_0p005,hm-a10-g1-L3p5-n2-beta0,160,0.005,130,2.84375,10.00191003159262,10.000451764745199
hm-a10-g1-L3p5-n2-beta0__N0160__Aplus_0p005,hm-a10-g1-L3p5-n2-beta0__N0160__Aminus_0p005,hm-a10-g1-L3p5-n2-beta0,160,0.005,131,2.8656249999999996,10.002090087138468,10.000494379875914
hm-a10-g1-L3p5-n2-beta0__N0160__Aplus_0p005,hm-a10-g1-L3p5-n2-beta0__N0160__Aminus_0p005,hm-a10-g1-L3p5-n2-beta0,160,0.005,132,2.8874999999999997,10.002266927077955,10.00053623143577
hm-a10-g1-L3p5-n2-beta0__N0160__Aplus_0p005,hm-a10-g1-L3p5-n2-beta0__N0160__Aminus_0p005,hm-a10-g1-L3p5-n2-beta0,160,0.005,133,2.909375,10.002440277876453,10.000577254830718
hm-a10-g1-L3p5-n2-beta0__N0160__Aplus_0p005,hm-a10-g1-L3p5-n2-beta0__N0160__Aminus_0p005,hm-a10-g1-L3p5-n2-beta0,160,0.005,134,2.93125,10.002609871328504,10.000617386740025
hm-a10-g1-L3p5-n2-beta0__N0160__Aplus_0p005,hm-a10-g1-L3p5-n2-beta0__N0160__Aminus_0p005,hm-a10-g1-L3p5-n2-beta0,160,0.005,135,2.953125,10.00277544497699,10.000656565214324
hm-a10-g1-L3p5-n2-beta0__N0160__Aplus_0p005,hm-a10-g1-L3p5-n2-beta0__N0160__Aminus_0p005,hm-a10-g1-L3p5-n2-beta0,160,0.005,136,2.9749999999999996,10.002936742523707,10.000694729771546
hm-a10-g1-L3p5-n2-beta0__N0160__Aplus_0p005,hm-a10-g1-L3p5-n2-beta0__N0160__Aminus_0p005,hm-a10-g1-L3p5-n2-beta0,160,0.005,137,2.9968749999999997,10.003093514230715,10.000731821490632
hm-a10-g1-L3p5-n2-beta0__N0160__Aplus_0p005,hm-a10-g1-L3p5-n2-beta0__N0160__Aminus_0p005,hm-a10-g1-L3p5-n2-beta0,160,0.005,138,3.01875,10.00324551731175,10.000767783102837
hm-a10-g1-L3p5-n2-beta0__N0160__Aplus_0p005,hm-a10-g1-L3p5-n2-beta0__N0160__Aminus_0p005,hm-a10-g1-L3p5-n2-beta0,160,0.005,139,3.040625,10.00339251631311,10.000802559080508
hm-a10-g1-L3p5-n2-beta0__N0160__Aplus_0p005,hm-a10-g1-L3p5-n2-beta0__N0160__Aminus_0p005,hm-a10-g1-L3p5-n2-beta0,160,0.005,140,3.0625,10.003534283483333,10.000836095723173
hm-a10-g1-L3p5-n2-beta0__N0160__Aplus_0p005,hm-a10-g1-L3p5-n2-beta0__N0160__Aminus_0p005,hm-a10-g1-L3p5-n2-beta0,160,0.005,141,3.0843749999999996,10.003670599131114,10.000868341240832
hm-a10-g1-L3p5-n2-beta0__N0160__Aplus_0p005,hm-a10-g1-L3p5-n2-beta0__N0160__Aminus_0p005,hm-a10-g1-L3p5-n2-beta0,160,0.005,142,3.1062499999999997,10.003801251970824,10.000899245834303
hm-a10-g1-L3p5-n2-beta0__N0160__Aplus_0p005,hm-a10-g1-L3p5-n2-beta0__N0160__Aminus_0p005,hm-a10-g1-L3p5-n2-beta0,160,0.005,143,3.128125,10.003926039455061,10.000928761772492
hm-a10-g1-L3p5-n2-beta0__N0160__Aplus_0p005,hm-a10-g1-L3p5-n2-beta0__N0160__Aminus_0p005,hm-a10-g1-L3p5-n2-beta0,160,0.005,144,3.15,10.004044768093713,10.000956843466474
hm-a10-g1-L3p5-n2-beta0__N0160__Aplus_0p005,hm-a10-g1-L3p5-n2-beta0__N0160__Aminus_0p005,hm-a10-g1-L3p5-n2-beta0,160,0.005,145,3.171875,10.004157253758946,10.000983447540273
hm-a10-g1-L3p5-n2-beta0__N0160__Aplus_0p005,hm-a10-g1-L3p5-n2-beta0__N0160__Aminus_0p005,hm-a10-g1-L3p5-n2-beta0,160,0.005,146,3.1937499999999996,10.004263321975655,10.001008532898203
hm-a10-g1-L3p5-n2-beta0__N0160__Aplus_0p005,hm-a10-g1-L3p5-n2-beta0__N0160__Aminus_0p005,hm-a10-g1-L3p5-n2-beta0,160,0.005,147,3.2156249999999997,10.004362808196861,10.001032060788699
hm-a10-g1-L3p5-n2-beta0__N0160__Aplus_0p005,hm-a10-g1-L3p5-n2-beta0__N0160__Aminus_0p005,hm-a10-g1-L3p5-n2-beta0,160,0.005,148,3.2375,10.004455558063594,10.001053994864515
hm-a10-g1-L3p5-n2-beta0__N0160__Aplus_0p005,hm-a10-g1-L3p5-n2-beta0__N0160__Aminus_0p005,hm-a10-g1-L3p5-n2-beta0,160,0.005,149,3.259375,10.00454142764883,10.00107430123919
hm-a10-g1-L3p5-n2-beta0__N0160__Aplus_0p005,hm-a10-g1-L3p5-n2-beta0__N0160__Aminus_0p005,hm-a10-g1-L3p5-n2-beta0,160,0.005,150,3.28125,10.004620283685062,10.0010929485397
hm-a10-g1-L3p5-n2-beta0__N0160__Aplus_0p005,hm-a10-g1-L3p5-n2-beta0__N0160__Aminus_0p005,hm-a10-g1-L3p5-n2-beta0,160,0.005,151,3.3031249999999996,10.00469200377513,10.001109907955229
hm-a10-g1-L3p5-n2-beta0__N0160__Aplus_0p005,hm-a10-g1-L3p5-n2-beta0__N0160__Aminus_0p005,hm-a10-g1-L3p5-n2-beta0,160,0.005,152,3.3249999999999997,10.004756476585934,10.001125153281937
hm-a10-g1-L3p5-n2-beta0__N0160__Aplus_0p005,hm-a10-g1-L3p5-n2-beta0__N0160__Aminus_0p005,hm-a10-g1-L3p5-n2-beta0,160,0.005,153,3.346875,10.004813602024715,10.0011386609637
hm-a10-g1-L3p5-n2-beta0__N0160__Aplus_0p005,hm-a10-g1-L3p5-n2-beta0__N0160__Aminus_0p005,hm-a10-g1-L3p5-n2-beta0,160,0.005,154,3.36875,10.004863291397607,10.001150410128743
hm-a10-g1-L3p5-n2-beta0__N0160__Aplus_0p005,hm-a10-g1-L3p5-n2-beta0__N0160__Aminus_0p005,hm-a10-g1-L3p5-n2-beta0,160,0.005,155,3.390625,10.004905467550161,10.001160382622082
hm-a10-g1-L3p5-n2-beta0__N0160__Aplus_0p005,hm-a10-g1-L3p5-n2-beta0__N0160__Aminus_0p005,hm-a10-g1-L3p5-n2-beta0,160,0.005,156,3.4124999999999996,10.004940064989649,10.001168563033765
hm-a10-g1-L3p5-n2-beta0__N0160__Aplus_0p005,hm-a10-g1-L3p5-n2-beta0__N0160__Aminus_0p005,hm-a10-g1-L3p5-n2-beta0,160,0.005,157,3.4343749999999997,10.004967029988883,10.001174938722832
hm-a10-g1-L3p5-n2-beta0__N0160__Aplus_0p005,hm-a10-g1-L3p5-n2-beta0__N0160__Aminus_0p005,hm-a10-g1-L3p5-n2-beta0,160,0.005,158,3.45625,10.004986320671422,10.001179499836974
hm-a10-g1-L3p5-n2-beta0__N0160__Aplus_0p005,hm-a10-g1-L3p5-n2-beta0__N0160__Aminus_0p005,hm-a10-g1-L3p5-n2-beta0,160,0.005,159,3.478125,10.00499790707798,10.001182239327862
hm-a10-g1-L3p5-n2-beta0__N0160__Aplus_0p005,hm-a10-g1-L3p5-n2-beta0__N0160__Aminus_0p005,hm-a10-g1-L3p5-n2-beta0,160,0.005,160,3.5,10.005001771213959,10.001183152962113
hm-a10-g1-L3p5-n2-beta0__N0160__Aplus_0p01,hm-a10-g1-L3p5-n2-beta0__N0160__Aminus_0p01,hm-a10-g1-L3p5-n2-beta0,160,0.01,0,0.0,10.010007090835366,10.002364242386298
hm-a10-g1-L3p5-n2-beta0__N0160__Aplus_0p01,hm-a10-g1-L3p5-n2-beta0__N0160__Aminus_0p01,hm-a10-g1-L3p5-n2-beta0,160,0.01,1,0.021875,10.009999343887715,10.002362413775097
hm-a10-g1-L3p5-n2-beta0__N0160__Aplus_0p01,hm-a10-g1-L3p5-n2-beta0__N0160__Aminus_0p01,hm-a10-g1-L3p5-n2-beta0,160,0.01,2,0.04375,10.009976115163132,10.002356930773509
hm-a10-g1-L3p5-n2-beta0__N0160__Aplus_0p01,hm-a10-g1-L3p5-n2-beta0__N0160__Aminus_0p01,hm-a10-g1-L3p5-n2-beta0,160,0.01,3,0.06562499999999999,10.00993744099696,10.002347801873139
hm-a10-g1-L3p5-n2-beta0__N0160__Aplus_0p01,hm-a10-g1-L3p5-n2-beta0__N0160__Aminus_0p01,hm-a10-g1-L3p5-n2-beta0,160,0.01,4,0.0875,10.009883381882272,10.00233504121186
hm-a10-g1-L3p5-n2-beta0__N0160__Aplus_0p01,hm-a10-g1-L3p5-n2-beta0__N0160__Aminus_0p01,hm-a10-g1-L3p5-n2-beta0,160,0.01,5,0.109375,10.00981402237125,10.00231866855162
hm-a10-g1-L3p5-n2-beta0__N0160__Aplus_0p01,hm-a10-g1-L3p5-n2-beta0__N0160__Aminus_0p01,hm-a10-g1-L3p5-n2-beta0,160,0.01,6,0.13124999999999998,10.00972947093738,10.002298709247464
hm-a10-g1-L3p5-n2-beta0__N0160__Aplus_0p01,hm-a10-g1-L3p5-n2-beta0__N0160__Aminus_0p01,hm-a10-g1-L3p5-n2-beta0,160,0.01,7,0.15312499999999998,10.00962985979872,10.002275194207732
hm-a10-g1-L3p5-n2-beta0__N0160__Aplus_0p01,hm-a10-g1-L3p5-n2-beta0__N0160__Aminus_0p01,hm-a10-g1-L3p5-n2-beta0,160,0.01,8,0.175,10.00951534470256,10.002248159845594
hm-a10-g1-L3p5-n2-beta0__N0160__Aplus_0p01,hm-a10-g1-L3p5-n2-beta0__N0160__Aminus_0p01,hm-a10-g1-L3p5-n2-beta0,160,0.01,9,0.196875,10.00938610467191,10.00221764802195
hm-a10-g1-L3p5-n2-beta0__N0160__Aplus_0p01,hm-a10-g1-L3p5-n2-beta0__N0160__Aminus_0p01,hm-a10-g1-L3p5-n2-beta0,160,0.01,10,0.21875,10.009242341714241,10.00218370597979
hm-a10-g1-L3p5-n2-beta0__N0160__Aplus_0p01,hm-a10-g1-L3p5-n2-beta0__N0160__Aminus_0p01,hm-a10-g1-L3p5-n2-beta0,160,0.01,11,0.24062499999999998,10.009084280493084,10.002146386270137
hm-a10-g1-L3p5-n2-beta0__N0160__Aplus_0p01,hm-a10-g1-L3p5-n2-beta0__N0160__Aminus_0p01,hm-a10-g1-L3p5-n2-beta0,160,0.01,12,0.26249999999999996,10.008912167963041,10.002105746669693
hm-a10-g1-L3p5-n2-beta0__N0160__Aplus_0p01,hm-a10-g1-L3p5-n2-beta0__N0160__Aminus_0p01,hm-a10-g1-L3p5-n2-beta0,160,0.01,13,0.284375,10.008726272968927,10.002061850090309
hm-a10-g1-L3p5-n2-beta0__N0160__Aplus_0p01,hm-a10-g1-L3p5-n2-beta0__N0160__Aminus_0p01,hm-a10-g1-L3p5-n2-beta0,160,0.01,14,0.30624999999999997,10.008526885809772,10.002014764480442
hm-a10-g1-L3p5-n2-beta0__N0160__Aplus_0p01,hm-a10-g1-L3p5-n2-beta0__N0160__Aminus_0p01,hm-a10-g1-L3p5-n2-beta0,160,0.01,15,0.328125,10.008314317768486,10.001964562718765
hm-a10-g1-L3p5-n2-beta0__N0160__Aplus_0p01,hm-a10-g1-L3p5-n2-beta0__N0160__Aminus_0p01,hm-a10-g1-L3p5-n2-beta0,160,0.01,16,0.35,10.008088900608056,10.00191132250008
hm-a10-g1-L3p5-n2-beta0__N0160__Aplus_0p01,hm-a10-g1-L3p5-n2-beta0__N0160__Aminus_0p01,hm-a10-g1-L3p5-n2-beta0,160,0.01,17,0.37187499999999996,10.007850986035223,10.001855126213744
hm-a10-g1-L3p5-n2-beta0__N0160__Aplus_0p01,hm-a10-g1-L3p5-n2-beta0__N0160__Aminus_0p01,hm-a10-g1-L3p5-n2-beta0,160,0.01,18,0.39375,10.00760094513256,10.001796060814797
hm-a10-g1-L3p5-n2-beta0__N0160__Aplus_0p01,hm-a10-g1-L3p5-n2-beta0__N0160__Aminus_0p01,hm-a10-g1-L3p5-n2-beta0,160,0.01,19,0.41562499999999997,10.007339167760081,10.001734217687998
hm-a10-g1-L3p5-n2-beta0__N0160__Aplus_0p01,hm-a10-g1-L3p5-n2-beta0__N0160__Aminus_0p01,hm-a10-g1-L3p5-n2-beta0,160,0.01,20,0.4375,10.007066061927357,10.001669692505011
hm-a10-g1-L3p5-n2-beta0__N0160__Aplus_0p01,hm-a10-g1-L3p5-n2-beta0__N0160__Aminus_0p01,hm-a10-g1-L3p5-n2-beta0,160,0.01,21,0.459375,10.006782053137378,10.001602585074938
hm-a10-g1-L3p5-n2-beta0__N0160__Aplus_0p01,hm-a10-g1-L3p5-n2-beta0__N0160__Aminus_0p01,hm-a10-g1-L3p5-n2-beta0,160,0.01,22,0.48124999999999996,10.006487583703255,10.001532999188465
hm-a10-g1-L3p5-n2-beta0__N0160__Aplus_0p01,hm-a10-g1-L3p5-n2-beta0__N0160__Aminus_0p01,hm-a10-g1-L3p5-n2-beta0,160,0.01,23,0.5031249999999999,10.00618311203905,10.001461042455883
hm-a10-g1-L3p5-n2-beta0__N0160__Aplus_0p01,hm-a10-g1-L3p5-n2-beta0__N0160__Aminus_0p01,hm-a10-g1-L3p5-n2-beta0,160,0.01,24,0.5249999999999999,10.00586911192595,10.00138682613922
hm-a10-g1-L3p5-n2-beta0__N0160__Aplus_0p01,hm-a10-g1-L3p5-n2-beta0__N0160__Aminus_0p01,hm-a10-g1-L3p5-n2-beta0,160,0.01,25,0.546875,10.005546071755107,10.00131046497877
hm-a10-g1-L3p5-n2-beta0__N0160__Aplus_0p01,hm-a10-g1-L3p5-n2-beta0__N0160__Aminus_0p01,hm-a10-g1-L3p5-n2-beta0,160,0.01,26,0.56875,10.005214493748483,10.001232077014297
hm-a10-g1-L3p5-n2-beta0__N0160__Aplus_0p01,hm-a10-g1-L3p5-n2-beta0__N0160__Aminus_0p01,hm-a10-g1-L3p5-n2-beta0,160,0.01,27,0.590625,10.004874893159027,10.00115178340119
hm-a10-g1-L3p5-n2-beta0__N0160__Aplus_0p01,hm-a10-g1-L3p5-n2-beta0__N0160__Aminus_0p01,hm-a10-g1-L3p5-n2-beta0,160,0.01,28,0.6124999999999999,10.004527797451626,10.001069708221886
hm-a10-g1-L3p5-n2-beta0__N0160__Aplus_0p01,hm-a10-g1-L3p5-n2-beta0__N0160__Aminus_0p01,hm-a10-g1-L3p5-n2-beta0,160,0.01,29,0.6343749999999999,10.0041737454662,10.000985978292853
hm-a10-g1-L3p5-n2-beta0__N0160__Aplus_0p01,hm-a10-g1-L3p5-n2-beta0__N0160__Aminus_0p01,hm-a10-g1-L3p5-n2-beta0,160,0.01,30,0.65625,10.003813286564403,10.000900722967417
hm-a10-g1-L3p5-n2-beta0__N0160__Aplus_0p01,hm-a10-g1-L3p5-n2-beta0__N0160__Aminus_0p01,hm-a10-g1-L3p5-n2-beta0,160,0.01,31,0.678125,10.003446979761371,10.000814073934789
hm-a10-g1-L3p5-n2-beta0__N0160__Aplus_0p01,hm-a10-g1-L3p5-n2-beta0__N0160__Aminus_0p01,hm-a10-g1-L3p5-n2-beta0,160,0.01,32,0.7,10.003075392843991,10.000726165015582
hm-a10-g1-L3p5-n2-beta0__N0160__Aplus_0p01,hm-a10-g1-L3p5-n2-beta0__N0160__Aminus_0p01,hm-a10-g1-L3p5-n2-beta0,160,0.01,33,0.7218749999999999,10.002699101477175,10.000637131954148
hm-a10-g1-L3p5-n2-beta0__N0160__Aplus_0p01,hm-a10-g1-L3p5-n2-beta0__N0160__Aminus_0p01,hm-a10-g1-L3p5-n2-beta0,160,0.01,34,0.7437499999999999,10.002318688299622,10.000547112208077
hm-a10-g1-L3p5-n2-beta0__N0160__Aplus_0p01,hm-a10-g1-L3p5-n2-beta0__N0160__Aminus_0p01,hm-a10-g1-L3p5-n2-beta0,160,0.01,35,0.765625,10.001934742010567,10.000456244735163
hm-a10-g1-L3p5-n2-beta0__N0160__Aplus_0p01,hm-a10-g1-L3p5-n2-beta0__N0160__Aminus_0p01,hm-a10-g1-L3p5-n2-beta0,160,0.01,36,0.7875,10.001547856449015,10.0003646697782
hm-a10-g1-L3p5-n2-beta0__N0160__Aplus_0p01,hm-a10-g1-L3p5-n2-beta0__N0160__Aminus_0p01,hm-a10-g1-L3p5-n2-beta0,160,0.01,37,0.809375,10.001158629666959,10.000272528647926
hm-a10-g1-L3p5-n2-beta0__N0160__Aplus_0p01,hm-a10-g1-L3p5-n2-beta0__N0160__Aminus_0p01,hm-a10-g1-L3p5-n2-beta0,160,0.01,38,0.8312499999999999,10.000767662998085,10.000179963504465
hm-a10-g1-L3p5-n2-beta0__N0160__Aplus_0p01,hm-a10-g1-L3p5-n2-beta0__N0160__Aminus_0p01,hm-a10-g1-L3p5-n2-beta0,160,0.01,39,0.8531249999999999,10.00037556012343,10.000087117137612
hm-a10-g1-L3p5-n2-beta0__N0160__Aplus_0p01,hm-a10-g1-L3p5-n2-beta0__N0160__Aminus_0p01,hm-a10-g1-L3p5-n2-beta0,160,0.01,40,0.875,9.999982926135516,9.999994132746282
hm-a10-g1-L3p5-n2-beta0__N0160__Aplus_0p01,hm-a10-g1-L3p5-n2-beta0__N0160__Aminus_0p01,hm-a10-g1-L3p5-n2-beta0,160,0.01,41,0.896875,9.999590366602394,9.99990115371749
hm-a10-g1-L3p5-n2-beta0__N0160__Aplus_0p01,hm-a10-g1-L3p5-n2-beta0__N0160__Aminus_0p01,hm-a10-g1-L3p5-n2-beta0,160,0.01,42,0.91875,9.999198486633084,9.999808323405187
hm-a10-g1-L3p5-n2-beta0__N0160__Aplus_0p01,hm-a10-g1-L3p5-n2-beta0__N0160__Aminus_0p01,hm-a10-g1-L3p5-n2-beta0,160,0.01,43,0.9406249999999999,9.998807889945835,9.999715784909306
hm-a10-g1-L3p5-n2-beta0__N0160__Aplus_0p01,hm-a10-g1-L3p5-n2-beta0__N0160__Aminus_0p01,hm-a10-g1-L3p5-n2-beta0,160,0.01,44,0.9624999999999999,9.998419177940653,9.999623680855345
hm-a10-g1-L3p5-n2-beta0__N0160__Aplus_0p01,hm-a10-g1-L3p5-n2-beta0__N0160__Aminus_0p01,hm-a10-g1-L3p5-n2-beta0,160,0.01,45,0.9843749999999999,9.99803294877748,9.99953215317485
hm-a10-g1-L3p5-n2-beta0__N0160__Aplus_0p01,hm-a10-g1-L3p5-n2-beta0__N0160__Aminus_0p01,hm-a10-g1-L3p5-n2-beta0,160,0.01,46,1.0062499999999999,9.99764979646144,9.99944134288708
hm-a10-g1-L3p5-n2-beta0__N0160__Aplus_0p01,hm-a10-g1-L3p5-n2-beta0__N0160__Aminus_0p01,hm-a10-g1-L3p5-n2-beta0,160,0.01,47,1.028125,9.99727030993648,9.999351389882266
hm-a10-g1-L3p5-n2-beta0__N0160__Aplus_0p01,hm-a10-g1-L3p5-n2-beta0__N0160__Aminus_0p01,hm-a10-g1-L3p5-n2-beta0,160,0.01,48,1.0499999999999998,9.996895072188765,9.999262432706722
hm-a10-g1-L3p5-n2-beta0__N0160__Aplus_0p01,hm-a10-g1-L3p5-n2-beta0__N0160__Aminus_0p01,hm-a10-g1-L3p5-n2-beta0,160,0.01,49,1.071875,9.996524659361143,9.999174608350174
hm-a10-g1-L3p5-n2-beta0__N0160__Aplus_0p01,hm-a10-g1-L3p5-n2-beta0__N0160__Aminus_0p01,hm-a10-g1-L3p5-n2-beta0,160,0.01,50,1.09375,9.996159639879933,9.999088052035619
hm-a10-g1-L3p5-n2-beta0__N0160__Aplus_0p01,hm-a10-g1-L3p5-n2-beta0__N0160__Aminus_0p01,hm-a10-g1-L3p5-n2-beta0,160,0.01,51,1.1156249999999999,9.995800573595318,9.999002897012035
hm-a10-g1-L3p5-n2-beta0__N0160__Aplus_0p01,hm-a10-g1-L3p5-n2-beta0__N0160__Aminus_0p01,hm-a10-g1-L3p5-n2-beta0,160,0.01,52,1.1375,9.99544801093655,9.998919274350241
hm-a10-g1-L3p5-n2-beta0__N0160__Aplus_0p01,hm-a10-g1-L3p5-n2-beta0__N0160__Aminus_0p01,hm-a10-g1-L3p5-n2-beta0,160,0.01,53,1.1593749999999998,9.995102492083152,9.998837312742225
hm-a10-g1-L3p5-n2-beta0__N0160__Aplus_0p01,hm-a10-g1-L3p5-n2-beta0__N0160__Aminus_0p01,hm-a10-g1-L3p5-n2-beta0,160,0.01,54,1.18125,9.994764546153272,9.998757138304251
hm-a10-g1-L3p5-n2-beta0__N0160__Aplus_0p01,hm-a10-g1-L3p5-n2-beta0__N0160__Aminus_0p01,hm-a10-g1-L3p5-n2-beta0,160,0.01,55,1.203125,9.994434690410325,9.998678874384005
hm-a10-g1-L3p5-n2-beta0__N0160__Aplus_0p01,hm-a10-g1-L3p5-n2-beta0__N0160__Aminus_0p01,hm-a10-g1-L3p5-n2-beta0,160,0.01,56,1.2249999999999999,9.99411342948898,9.998602641372102
hm-a10-g1-L3p5-n2-beta0__N0160__Aplus_0p01,hm-a10-g1-L3p5-n2-beta0__N0160__Aminus_0p01,hm-a10-g1-L3p5-n2-beta0,160,0.01,57,1.246875,9.993801254641577,9.998528556518227
hm-a10-g1-L3p5-n2-beta0__N0160__Aplus_0p01,hm-a10-g1-L3p5-n2-beta0__N0160__Aminus_0p01,hm-a10-g1-L3p5-n2-beta0,160,0.01,58,1.2687499999999998,9.993498643005928,9.998456733752164
hm-a10-g1-L3p5-n2-beta0__N0160__Aplus_0p01,hm-a10-g1-L3p5-n2-beta0__N0160__Aminus_0p01,hm-a10-g1-L3p5-n2-beta0,160,0.01,59,1.290625,9.993206056895554,9.99838728350999
hm-a10-g1-L3p5-n2-beta0__N0160__Aplus_0p01,hm-a10-g1-L3p5-n2-beta0__N0160__Aminus_0p01,hm-a10-g1-L3p5-n2-beta0,160,0.01,60,1.3125,9.992923943113212,9.998320312565703
hm-a10-g1-L3p5-n2-beta0__N0160__Aplus_0p01,hm-a10-g1-L3p5-n2-beta0__N0160__Aminus_0p01,hm-a10-g1-L3p5-n2-beta0,160,0.01,61,1.3343749999999999,9.992652732288667,9.998255923868516
hm-a10-g1-L3p5-n2-beta0__N0160__Aplus_0p01,hm-a10-g1-L3p5-n2-beta0__N0160__Aminus_0p01,hm-a10-g1-L3p5-n2-beta0,160,0.01,62,1.35625,9.992392838241546,9.99819421638605
hm-a10-g1-L3p5-n2-beta0__N0160__Aplus_0p01,hm-a10-g1-L3p5-n2-beta0__N0160__Aminus_0p01,hm-a10-g1-L3p5-n2-beta0,160,0.01,63,1.3781249999999998,9.992144657370082,9.998135284953667
hm-a10-g1-L3p5-n2-beta0__N0160__Aplus_0p01,hm-a10-g1-L3p5-n2-beta0__N0160__Aminus_0p01,hm-a10-g1-L3p5-n2-beta0,160,0.01,64,1.4,9.991908568066549,9.998079220130187
hm-a10-g1-L3p5-n2-beta0__N0160__Aplus_0p01,hm-a10-g1-L3p5-n2-beta0__N0160__Aminus_0p01,hm-a10-g1-L3p5-n2-beta0,160,0.01,65,1.421875,9.991684930160101,9.998026108060134
hm-a10-g1-L3p5-n2-beta0__N0160__Aplus_0p01,hm-a10-g1-L3p5-n2-beta0__N0160__Aminus_0p01,hm-a10-g1-L3p5-n2-beta0,160,0.01,66,1.4437499999999999,9.991474084387738,9.997976030342784
hm-a10-g1-L3p5-n2-beta0__N0160__Aplus_0p01,hm-a10-g1-L3p5-n2-beta0__N0160__Aminus_0p01,hm-a10-g1-L3p5-n2-beta0,160,0.01,67,1.465625,9.991276351894042,9.997929063908163
hm-a10-g1-L3p5-n2-beta0__N0160__Aplus_0p01,hm-a10-g1-L3p5-n2-beta0__N0160__Aminus_0p01,hm-a10-g1-L3p5-n2-beta0,160,0.01,68,1.4874999999999998,9.991092033760307,9.997885280900187
hm-a10-g1-L3p5-n2-beta0__N0160__Aplus_0p01,hm-a10-g1-L3p5-n2-beta0__N0160__Aminus_0p01,hm-a10-g1-L3p5-n2-beta0,160,0.01,69,1.509375,9.990921410563631,9.99784474856711
hm-a10-g1-L3p5-n2-beta0__N0160__Aplus_0p01,hm-a10-g1-L3p5-n2-beta0__N0160__Aminus_0p01,hm-a10-g1-L3p5-n2-beta0,160,0.01,70,1.53125,9.990764741966535,9.997807529159441
hm-a10-g1-L3p5-n2-beta0__N0160__Aplus_0p01,hm-a10-g1-L3p5-n2-beta0__N0160__Aminus_0p01,hm-a10-g1-L3p5-n2-beta0,160,0.01,71,1.5531249999999999,9.990622266337567,9.997773679835486
hm-a10-g1-L3p5-n2-beta0__N0160__Aplus_0p01,hm-a10-g1-L3p5-n2-beta0__N0160__Aminus_0p01,hm-a10-g1-L3p5-n2-beta0,160,0.01,72,1.575,9.990494200403383,9.99774325257463
hm-a10-g1-L3p5-n2-beta0__N0160__Aplus_0p01,hm-a10-g1-L3p5-n2-beta0__N0160__Aminus_0p01,hm-a10-g1-L3p5-n2-beta0,160,0.01,73,1.5968749999999998,9.9903807389327,9.9977162940985
hm-a10-g1-L3p5-n2-beta0__N0160__Aplus_0p01,hm-a10-g1-L3p5-n2-beta0__N0160__Aminus_0p01,hm-a10-g1-L3p5-n2-beta0,160,0.01,74,1.61875,9.990282054452514,9.997692845800135
hm-a10-g1-L3p5-n2-beta0__N0160__Aplus_0p01,hm-a10-g1-L3p5-n2-beta0__N0160__Aminus_0p01,hm-a10-g1-L3p5-n2-beta0,160,0.01,75,1.640625,9.990198296996905,9.99767294368122
hm-a10-g1-L3p5-n2-beta0__N0160__Aplus_0p01,hm-a10-g1-L3p5-n2-beta0__N0160__Aminus_0p01,hm-a10-g1-L3p5-n2-beta0,160,0.01,76,1.6624999999999999,9.990129593888742,9.997656618297531
hm-a10-g1-L3p5-n2-beta0__N0160__Aplus_0p01,hm-a10-g1-L3p5-n2-beta0__N0160__Aminus_0p01,hm-a10-g1-L3p5-n2-beta0,160,0.01,77,1.684375,9.990076049554528,9.99764389471263
hm-a10-g1-L3p5-n2-beta0__N0160__Aplus_0p01,hm-a10-g1-L3p5-n2-beta0__N0160__Aminus_0p01,hm-a10-g1-L3p5-n2-beta0,160,0.01,78,1.7062499999999998,9.99003774537262,9.997634792459879
hm-a10-g1-L3p5-n2-beta0__N0160__Aplus_0p01,hm-a10-g1-L3p5-n2-beta0__N0160__Aminus_0p01,hm-a10-g1-L3p5-n2-beta0,160,0.01,79,1.728125,9.99001473955499,9.997629325512861
hm-a10-g1-L3p5-n2-beta0__N0160__Aplus_0p01,hm-a10-g1-L3p5-n2-beta0__N0160__Aminus_0p01,hm-a10-g1-L3p5-n2-beta0,160,0.01,80,1.75,9.990007067062669,9.997627502264201
hm-a10-g1-L3p5-n2-beta0__N0160__Aplus_0p01,hm-a10-g1-L3p5-n2-beta0__N0160__Aminus_0p01,hm-a10-g1-L3p5-n2-beta0,160,0.01,81,1.7718749999999999,9.99001473955498,9.997629325512852
hm-a10-g1-L3p5-n2-beta0__N0160__Aplus_0p01,hm-a10-g1-L3p5-n2-beta0__N0160__Aminus_0p01,hm-a10-g1-L3p5-n2-beta0,160,0.01,82,1.79375,9.990037745372602,9.997634792459861
hm-a10-g1-L3p5-n2-beta0__N0160__Aplus_0p01,hm-a10-g1-L3p5-n2-beta0__N0160__Aminus_0p01,hm-a10-g1-L3p5-n2-beta0,160,0.01,83,1.8156249999999998,9.990076049554501,9.997643894712606
hm-a10-g1-L3p5-n2-beta0__N0160__Aplus_0p01,hm-a10-g1-L3p5-n2-beta0__N0160__Aminus_0p01,hm-a10-g1-L3p5-n2-beta0,160,0.01,84,1.8375,9.990129593888705,9.997656618297505
hm-a10-g1-L3p5-n2-beta0__N0160__Aplus_0p01,hm-a10-g1-L3p5-n2-beta0__N0160__Aminus_0p01,hm-a10-g1-L3p5-n2-beta0,160,0.01,85,1.8593749999999998,9.990198296996859,9.99767294368119
hm-a10-g1-L3p5-n2-beta0__N0160__Aplus_0p01,hm-a10-g1-L3p5-n2-beta0__N0160__Aminus_0p01,hm-a10-g1-L3p5-n2-beta0,160,0.01,86,1.8812499999999999,9.990282054452457,9.9976928458001
hm-a10-g1-L3p5-n2-beta0__N0160__Aplus_0p01,hm-a10-g1-L3p5-n2-beta0__N0160__Aminus_0p01,hm-a10-g1-L3p5-n2-beta0,160,0.01,87,1.903125,9.990380738932634,9.997716294098463
hm-a10-g1-L3p5-n2-beta0__N0160__Aplus_0p01,hm-a10-g1-L3p5-n2-beta0__N0160__Aminus_0p01,hm-a10-g1-L3p5-n2-beta0,160,0.01,88,1.9249999999999998,9.990494200403306,9.997743252574589
hm-a10-g1-L3p5-n2-beta0__N0160__Aplus_0p01,hm-a10-g1-L3p5-n2-beta0__N0160__Aminus_0p01,hm-a10-g1-L3p5-n2-beta0,160,0.01,89,1.946875,9.990622266337482,9.997773679835442
hm-a10-g1-L3p5-n2-beta0__N0160__Aplus_0p01,hm-a10-g1-L3p5-n2-beta0__N0160__Aminus_0p01,hm-a10-g1-L3p5-n2-beta0,160,0.01,90,1.9687499999999998,9.99076474196644,9.997807529159394
hm-a10-g1-L3p5-n2-beta0__N0160__Aplus_0p01,hm-a10-g1-L3p5-n2-beta0__N0160__Aminus_0p01,hm-a10-g1-L3p5-n2-beta0,160,0.01,91,1.9906249999999999,9.990921410563526,9.99784474856706
hm-a10-g1-L3p5-n2-beta0__N0160__Aplus_0p01,hm-a10-g1-L3p5-n2-beta0__N0160__Aminus_0p01,hm-a10-g1-L3p5-n2-beta0,160,0.01,92,2.0124999999999997,9.991092033760191,9.997885280900134
hm-a10-g1-L3p5-n2-beta0__N0160__Aplus_0p01,hm-a10-g1-L3p5-n2-beta0__N0160__Aminus_0p01,hm-a10-g1-L3p5-n2-beta0,160,0.01,93,2.034375,9.991276351893918,9.997929063908105
hm-a10-g1-L3p5-n2-beta0__N0160__Aplus_0p01,hm-a10-g1-L3p5-n2-beta0__N0160__Aminus_0p01,hm-a10-g1-L3p5-n2-beta0,160,0.01,94,2.05625,9.991474084387605,9.997976030342722
hm-a10-g1-L3p5-n2-beta0__N0160__Aplus_0p01,hm-a10-g1-L3p5-n2-beta0__N0160__Aminus_0p01,hm-a10-g1-L3p5-n2-beta0,160,0.01,95,2.078125,9.991684930159957,9.99802610806007
hm-a10-g1-L3p5-n2-beta0__N0160__Aplus_0p01,hm-a10-g1-L3p5-n2-beta0__N0160__Aminus_0p01,hm-a10-g1-L3p5-n2-beta0,160,0.01,96,2.0999999999999996,9.991908568066394,9.998079220130121
hm-a10-g1-L3p5-n2-beta0__N0160__Aplus_0p01,hm-a10-g1-L3p5-n2-beta0__N0160__Aminus_0p01,hm-a10-g1-L3p5-n2-beta0,160,0.01,97,2.1218749999999997,9.992144657369918,9.998135284953598
hm-a10-g1-L3p5-n2-beta0__N0160__Aplus_0p01,hm-a10-g1-L3p5-n2-beta0__N0160__Aminus_0p01,hm-a10-g1-L3p5-n2-beta0,160,0.01,98,2.14375,9.992392838241372,9.998194216385976
hm-a10-g1-L3p5-n2-beta0__N0160__Aplus_0p01,hm-a10-g1-L3p5-n2-beta0__N0160__Aminus_0p01,hm-a10-g1-L3p5-n2-beta0,160,0.01,99,2.165625,9.992652732288484,9.99825592386844
hm-a10-g1-L3p5-n2-beta0__N0160__Aplus_0p01,hm-a10-g1-L3p5-n2-beta0__N0160__Aminus_0p01,hm-a10-g1-L3p5-n2-beta0,160,0.01,100,2.1875,9.992923943113018,9.998320312565625
hm-a10-g1-L3p5-n2-beta0__N0160__Aplus_0p01,hm-a10-g1-L3p5-n2-beta0__N0160__Aminus_0p01,hm-a10-g1-L3p5-n2-beta0,160,0.01,101,2.2093749999999996,9.993206056895351,9.998387283509908
hm-a10-g1-L3p5-n2-beta0__N0160__Aplus_0p01,hm-a10-g1-L3p5-n2-beta0__N0160__Aminus_0p01,hm-a10-g1-L3p5-n2-beta0,160,0.01,102,2.2312499999999997,9.993498643005715,9.998456733752082
hm-a10-g1-L3p5-n2-beta0__N0160__Aplus_0p01,hm-a10-g1-L3p5-n2-beta0__N0160__Aminus_0p01,hm-a10-g1-L3p5-n2-beta0,160,0.01,103,2.253125,9.993801254641355,9.998528556518146
hm-a10-g1-L3p5-n2-beta0__N0160__Aplus_0p01,hm-a10-g1-L3p5-n2-beta0__N0160__Aminus_0p01,hm-a10-g1-L3p5-n2-beta0,160,0.01,104,2.275,9.994113429488749,9.998602641372017
hm-a10-g1-L3p5-n2-beta0__N0160__Aplus_0p01,hm-a10-g1-L3p5-n2-beta0__N0160__Aminus_0p01,hm-a10-g1-L3p5-n2-beta0,160,0.01,105,2.296875,9.994434690410083,9.998678874383916
hm-a10-g1-L3p5-n2-beta0__N0160__Aplus_0p01,hm-a10-g1-L3p5-n2-beta0__N0160__Aminus_0p01,hm-a10-g1-L3p5-n2-beta0,160,0.01,106,2.3187499999999996,9.994764546153021,9.99875713830416
hm-a10-g1-L3p5-n2-beta0__N0160__Aplus_0p01,hm-a10-g1-L3p5-n2-beta0__N0160__Aminus_0p01,hm-a10-g1-L3p5-n2-beta0,160,0.01,107,2.3406249999999997,9.995102492082893,9.998837312742134
hm-a10-g1-L3p5-n2-beta0__N0160__Aplus_0p01,hm-a10-g1-L3p5-n2-beta0__N0160__Aminus_0p01,hm-a10-g1-L3p5-n2-beta0,160,0.01,108,2.3625,9.995448010936283,9.998919274350147
hm-a10-g1-L3p5-n2-beta0__N0160__Aplus_0p01,hm-a10-g1-L3p5-n2-beta0__N0160__Aminus_0p01,hm-a10-g1-L3p5-n2-beta0,160,0.01,109,2.384375,9.99580057359504,9.99900289701194
hm-a10-g1-L3p5-n2-beta0__N0160__Aplus_0p01,hm-a10-g1-L3p5-n2-beta0__N0160__Aminus_0p01,hm-a10-g1-L3p5-n2-beta0,160,0.01,110,2.40625,9.996159639879647,9.999088052035521
hm-a10-g1-L3p5-n2-beta0__N0160__Aplus_0p01,hm-a10-g1-L3p5-n2-beta0__N0160__Aminus_0p01,hm-a10-g1-L3p5-n2-beta0,160,0.01,111,2.4281249999999996,9.99652465936085,9.999174608350076
hm-a10-g1-L3p5-n2-beta0__N0160__Aplus_0p01,hm-a10-g1-L3p5-n2-beta0__N0160__Aminus_0p01,hm-a10-g1-L3p5-n2-beta0,160,0.01,112,2.4499999999999997,9.996895072188464,9.999262432706622
hm-a10-g1-L3p5-n2-beta0__N0160__Aplus_0p01,hm-a10-g1-L3p5-n2-beta0__N0160__Aminus_0p01,hm-a10-g1-L3p5-n2-beta0,160,0.01,113,2.471875,9.99727030993617,9.999351389882166
hm-a10-g1-L3p5-n2-beta0__N0160__Aplus_0p01,hm-a10-g1-L3p5-n2-beta0__N0160__Aminus_0p01,hm-a10-g1-L3p5-n2-beta0,160,0.01,114,2.49375,9.997649796461124,9.999441342886978
hm-a10-g1-L3p5-n2-beta0__N0160__Aplus_0p01,hm-a10-g1-L3p5-n2-beta0__N0160__Aminus_0p01,hm-a10-g1-L3p5-n2-beta0,160,0.01,115,2.515625,9.998032948777155,9.999532153174746
hm-a10-g1-L3p5-n2-beta0__N0160__Aplus_0p01,hm-a10-g1-L3p5-n2-beta0__N0160__Aminus_0p01,hm-a10-g1-L3p5-n2-beta0,160,0.01,116,2.5374999999999996,9.99841917794032,9.99962368085524
hm-a10-g1-L3p5-n2-beta0__N0160__Aplus_0p01,hm-a10-g1-L3p5-n2-beta0__N0160__Aminus_0p01,hm-a10-g1-L3p5-n2-beta0,160,0.01,117,2.5593749999999997,9.998807889945498,9.999715784909194
hm-a10-g1-L3p5-n2-beta0__N0160__Aplus_0p01,hm-a10-g1-L3p5-n2-beta0__N0160__Aminus_0p01,hm-a10-g1-L3p5-n2-beta0,160,0.01,118,2.58125,9.99919848663274,9.999808323405071
hm-a10-g1-L3p5-n2-beta0__N0160__Aplus_0p01,hm-a10-g1-L3p5-n2-beta0__N0160__Aminus_0p01,hm-a10-g1-L3p5-n2-beta0,160,0.01,119,2.603125,9.999590366602044,9.999901153717373
hm-a10-g1-L3p5-n2-beta0__N0160__Aplus_0p01,hm-a10-g1-L3p5-n2-beta0__N0160__Aminus_0p01,hm-a10-g1-L3p5-n2-beta0,160,0.01,120,2.625,9.99998292613516,9.999994132746163
hm-a10-g1-L3p5-n2-beta0__N0160__Aplus_0p01,hm-a10-g1-L3p5-n2-beta0__N0160__Aminus_0p01,hm-a10-g1-L3p5-n2-beta0,160,0.01,121,2.6468749999999996,10.00037556012307,10.00008711713749
hm-a10-g1-L3p5-n2-beta0__N0160__Aplus_0p01,hm-a10-g1-L3p5-n2-beta0__N0160__Aminus_0p01,hm-a10-g1-L3p5-n2-beta0,160,0.01,122,2.6687499999999997,10.00076766299772,10.000179963504339
hm-a10-g1-L3p5-n2-beta0__N0160__Aplus_0p01,hm-a10-g1-L3p5-n2-beta0__N0160__Aminus_0p01,hm-a10-g1-L3p5-n2-beta0,160,0.01,123,2.690625,10.00115862966659,10.000272528647795
hm-a10-g1-L3p5-n2-beta0__N0160__Aplus_0p01,hm-a10-g1-L3p5-n2-beta0__N0160__Aminus_0p01,hm-a10-g1-L3p5-n2-beta0,160,0.01,124,2.7125,10.00154785644864,10.000364669778067
hm-a10-g1-L3p5-n2-beta0__N0160__Aplus_0p01,hm-a10-g1-L3p5-n2-beta0__N0160__Aminus_0p01,hm-a10-g1-L3p5-n2-beta0,160,0.01,125,2.734375,10.001934742010189,10.000456244735027
hm-a10-g1-L3p5-n2-beta0__N0160__Aplus_0p01,hm-a10-g1-L3p5-n2-beta0__N0160__Aminus_0p01,hm-a10-g1-L3p5-n2-beta0,160,0.01,126,2.7562499999999996,10.002318688299239,10.000547112207938
hm-a10-g1-L3p5-n2-beta0__N0160__Aplus_0p01,hm-a10-g1-L3p5-n2-beta0__N0160__Aminus_0p01,hm-a10-g1-L3p5-n2-beta0,160,0.01,127,2.7781249999999997,10.00269910147679,10.000637131954008
hm-a10-g1-L3p5-n2-beta0__N0160__Aplus_0p01,hm-a10-g1-L3p5-n2-beta0__N0160__Aminus_0p01,hm-a10-g1-L3p5-n2-beta0,160,0.01,128,2.8,10.003075392843602,10.000726165015442
hm-a10-g1-L3p5-n2-beta0__N0160__Aplus_0p01,hm-a10-g1-L3p5-n2-beta0__N0160__Aminus_0p01,hm-a10-g1-L3p5-n2-beta0,160,0.01,129,2.821875,10.003446979760978,10.000814073934649
hm-a10-g1-L3p5-n2-beta0__N0160__Aplus_0p01,hm-a10-g1-L3p5-n2-beta0__N0160__Aminus_0p01,hm-a10-g1-L3p5-n2-beta0,160,0.01,130,2.84375,10.003813286564007,10.000900722967277
hm-a10-g1-L3p5-n2-beta0__N0160__Aplus_0p01,hm-a10-g1-L3p5-n2-beta0__N0160__Aminus_0p01,hm-a10-g1-L3p5-n2-beta0,160,0.01,131,2.8656249999999996,10.0041737454658,10.000985978292713
hm-a10-g1-L3p5-n2-beta0__N0160__Aplus_0p01,hm-a10-g1-L3p5-n2-beta0__N0160__Aminus_0p01,hm-a10-g1-L3p5-n2-beta0,160,0.01,132,2.8874999999999997,10.004527797451225,10.001069708221747
hm-a10-g1-L3p5-n2-beta0__N0160__Aplus_0p01,hm-a10-g1-L3p5-n2-beta0__N0160__Aminus_0p01,hm-a10-g1-L3p5-n2-beta0,160,0.01,133,2.909375,10.004874893158624,10.00115178340105
hm-a10-g1-L3p5-n2-beta0__N0160__Aplus_0p01,hm-a10-g1-L3p5-n2-beta0__N0160__Aminus_0p01,hm-a10-g1-L3p5-n2-beta0,160,0.01,134,2.93125,10.005214493748078,10.001232077014159
hm-a10-g1-L3p5-n2-beta0__N0160__Aplus_0p01,hm-a10-g1-L3p5-n2-beta0__N0160__Aminus_0p01,hm-a10-g1-L3p5-n2-beta0,160,0.01,135,2.953125,10.0055460717547,10.001310464978632
hm-a10-g1-L3p5-n2-beta0__N0160__Aplus_0p01,hm-a10-g1-L3p5-n2-beta0__N0160__Aminus_0p01,hm-a10-g1-L3p5-n2-beta0,160,0.01,136,2.9749999999999996,10.005869111925541,10.00138682613908
hm-a10-g1-L3p5-n2-beta0__N0160__Aplus_0p01,hm-a10-g1-L3p5-n2-beta0__N0160__Aminus_0p01,hm-a10-g1-L3p5-n2-beta0,160,0.01,137,2.9968749999999997,10.00618311203864,10.001461042455741
hm-a10-g1-L3p5-n2-beta0__N0160__Aplus_0p01,hm-a10-g1-L3p5-n2-beta0__N0160__Aminus_0p01,hm-a10-g1-L3p5-n2-beta0,160,0.01,138,3.01875,10.006487583702844,10.00153299918832
hm-a10-g1-L3p5-n2-beta0__N0160__Aplus_0p01,hm-a10-g1-L3p5-n2-beta0__N0160__Aminus_0p01,hm-a10-g1-L3p5-n2-beta0,160,0.01,139,3.040625,10.006782053136966,10.001602585074792
hm-a10-g1-L3p5-n2-beta0__N0160__Aplus_0p01,hm-a10-g1-L3p5-n2-beta0__N0160__Aminus_0p01,hm-a10-g1-L3p5-n2-beta0,160,0.01,140,3.0625,10.007066061926945,10.001669692504866
hm-a10-g1-L3p5-n2-beta0__N0160__Aplus_0p01,hm-a10-g1-L3p5-n2-beta0__N0160__Aminus_0p01,hm-a10-g1-L3p5-n2-beta0,160,0.01,141,3.0843749999999996,10.00733916775967,10.00173421768785
hm-a10-g1-L3p5-n2-beta0__N0160__Aplus_0p01,hm-a10-g1-L3p5-n2-beta0__N0160__Aminus_0p01,hm-a10-g1-L3p5-n2-beta0,160,0.01,142,3.1062499999999997,10.007600945132149,10.001796060814646
hm-a10-g1-L3p5-n2-beta0__N0160__Aplus_0p01,hm-a10-g1-L3p5-n2-beta0__N0160__Aminus_0p01,hm-a10-g1-L3p5-n2-beta0,160,0.01,143,3.128125,10.00785098603481,10.001855126213593
hm-a10-g1-L3p5-n2-beta0__N0160__Aplus_0p01,hm-a10-g1-L3p5-n2-beta0__N0160__Aminus_0p01,hm-a10-g1-L3p5-n2-beta0,160,0.01,144,3.15,10.008088900607646,10.001911322499925
hm-a10-g1-L3p5-n2-beta0__N0160__Aplus_0p01,hm-a10-g1-L3p5-n2-beta0__N0160__Aminus_0p01,hm-a10-g1-L3p5-n2-beta0,160,0.01,145,3.171875,10.008314317768075,10.001964562718609
hm-a10-g1-L3p5-n2-beta0__N0160__Aplus_0p01,hm-a10-g1-L3p5-n2-beta0__N0160__Aminus_0p01,hm-a10-g1-L3p5-n2-beta0,160,0.01,146,3.1937499999999996,10.008526885809362,10.00201476448028
hm-a10-g1-L3p5-n2-beta0__N0160__Aplus_0p01,hm-a10-g1-L3p5-n2-beta0__N0160__Aminus_0p01,hm-a10-g1-L3p5-n2-beta0,160,0.01,147,3.2156249999999997,10.008726272968518,10.002061850090145
hm-a10-g1-L3p5-n2-beta0__N0160__Aplus_0p01,hm-a10-g1-L3p5-n2-beta0__N0160__Aminus_0p01,hm-a10-g1-L3p5-n2-beta0,160,0.01,148,3.2375,10.008912167962633,10.002105746669526
hm-a10-g1-L3p5-n2-beta0__N0160__Aplus_0p01,hm-a10-g1-L3p5-n2-beta0__N0160__Aminus_0p01,hm-a10-g1-L3p5-n2-beta0,160,0.01,149,3.259375,10.009084280492678,10.002146386269967
hm-a10-g1-L3p5-n2-beta0__N0160__Aplus_0p01,hm-a10-g1-L3p5-n2-beta0__N0160__Aminus_0p01,hm-a10-g1-L3p5-n2-beta0,160,0.01,150,3.28125,10.009242341713836,10.002183705979613
hm-a10-g1-L3p5-n2-beta0__N0160__Aplus_0p01,hm-a10-g1-L3p5-n2-beta0__N0160__Aminus_0p01,hm-a10-g1-L3p5-n2-beta0,160,0.01,151,3.3031249999999996,10.009386104671504,10.002217648021771
hm-a10-g1-L3p5-n2-beta0__N0160__Aplus_0p01,hm-a10-g1-L3p5-n2-beta0__N0160__Aminus_0p01,hm-a10-g1-L3p5-n2-beta0,160,0.01,152,3.3249999999999997,10.009515344702157,10.002248159845413
hm-a10-g1-L3p5-n2-beta0__N0160__Aplus_0p01,hm-a10-g1-L3p5-n2-beta0__N0160__Aminus_0p01,hm-a10-g1-L3p5-n2-beta0,160,0.01,153,3.346875,10.009629859798318,10.002275194207547
hm-a10-g1-L3p5-n2-beta0__N0160__Aplus_0p01,hm-a10-g1-L3p5-n2-beta0__N0160__Aminus_0p01,hm-a10-g1-L3p5-n2-beta0,160,0.01,154,3.36875,10.009729470936978,10.002298709247277
hm-a10-g1-L3p5-n2-beta0__N0160__Aplus_0p01,hm-a10-g1-L3p5-n2-beta0__N0160__Aminus_0p01,hm-a10-g1-L3p5-n2-beta0,160,0.01,155,3.390625,10.009814022370849,10.002318668551434
hm-a10-g1-L3p5-n2-beta0__N0160__Aplus_0p01,hm-a10-g1-L3p5-n2-beta0__N0160__Aminus_0p01,hm-a10-g1-L3p5-n2-beta0,160,0.01,156,3.4124999999999996,10.009883381881872,10.002335041211671
hm-a10-g1-L3p5-n2-beta0__N0160__Aplus_0p01,hm-a10-g1-L3p5-n2-beta0__N0160__Aminus_0p01,hm-a10-g1-L3p5-n2-beta0,160,0.01,157,3.4343749999999997,10.009937440996561,10.00234780187295
hm-a10-g1-L3p5-n2-beta0__N0160__Aplus_0p01,hm-a10-g1-L3p5-n2-beta0__N0160__Aminus_0p01,hm-a10-g1-L3p5-n2-beta0,160,0.01,158,3.45625,10.009976115162733,10.00235693077332
hm-a10-g1-L3p5-n2-beta0__N0160__Aplus_0p01,hm-a10-g1-L3p5-n2-beta0__N0160__Aminus_0p01,hm-a10-g1-L3p5-n2-beta0,160,0.01,159,3.478125,10.009999343887316,10.00236241377491
hm-a10-g1-L3p5-n2-beta0__N0160__Aplus_0p01,hm-a10-g1-L3p5-n2-beta0__N0160__Aminus_0p01,hm-a10-g1-L3p5-n2-beta0,160,0.01,160,3.5,10.010007090834966,10.002364242386111
hm-a10-g1-L3p5-n2-beta0__N0160__Aplus_0p02,hm-a10-g1-L3p5-n2-beta0__N0160__Aminus_0p02,hm-a10-g1-L3p5-n2-beta0,160,0.02,0,0.0,10.02002841111065,10.004720231710925
hm-a10-g1-L3p5-n2-beta0__N0160__Aplus_0p02,hm-a10-g1-L3p5-n2-beta0__N0160__Aminus_0p02,hm-a10-g1-L3p5-n2-beta0,160,0.02,1,0.021875,10.020012842263466,10.004716569109409
hm-a10-g1-L3p5-n2-beta0__N0160__Aplus_0p02,hm-a10-g1-L3p5-n2-beta0__N0160__Aminus_0p02,hm-a10-g1-L3p5-n2-beta0,160,0.02,2,0.04375,10.019966160424593,10.004705587002183
hm-a10-g1-L3p5-n2-beta0__N0160__Aplus_0p02,hm-a10-g1-L3p5-n2-beta0__N0160__Aminus_0p02,hm-a10-g1-L3p5-n2-beta0,160,0.02,3,0.06562499999999999,10.019888439659624,10.004687302472128
hm-a10-g1-L3p5-n2-beta0__N0160__Aplus_0p02,hm-a10-g1-L3p5-n2-beta0__N0160__Aminus_0p02,hm-a10-g1-L3p5-n2-beta0,160,0.02,4,0.0875,10.01977980326981,10.004661743960407
hm-a10-g1-L3p5-n2-beta0__N0160__Aplus_0p02,hm-a10-g1-L3p5-n2-beta0__N0160__Aminus_0p02,hm-a10-g1-L3p5-n2-beta0,160,0.02,5,0.109375,10.019640423580283,10.004628951221083
hm-a10-g1-L3p5-n2-beta0__N0160__Aplus_0p02,hm-a10-g1-L3p5-n2-beta0__N0160__Aminus_0p02,hm-a10-g1-L3p5-n2-beta0,160,0.02,6,0.13124999999999998,10.01947052164423,10.004588975257679
hm-a10-g1-L3p5-n2-beta0__N0160__Aplus_0p02,hm-a10-g1-L3p5-n2-beta0__N0160__Aminus_0p02,hm-a10-g1-L3p5-n2-beta0,160,0.02,7,0.15312499999999998,10.019270366863639,10.004541878241804
hm-a10-g1-L3p5-n2-beta0__N0160__Aplus_0p02,hm-a10-g1-L3p5-n2-beta0__N0160__Aminus_0p02,hm-a10-g1-L3p5-n2-beta0,160,0.02,8,0.175,10.019040276527472,10.004487733413988
hm-a10-g1-L3p5-n2-beta0__N0160__Aplus_0p02,hm-a10-g1-L3p5-n2-beta0__N0160__Aminus_0p02,hm-a10-g1-L3p5-n2-beta0,160,0.02,9,0.196875,10.018780615268255,10.004426624966907
hm-a10-g1-L3p5-n2-beta0__N0160__Aplus_0p02,hm-a10-g1-L3p5-n2-beta0__N0160__Aminus_0p02,hm-a10-g1-L3p5-n2-beta0,160,0.02,10,0.21875,10.0184917944383,10.004358647911184
hm-a10-g1-L3p5-n2-beta0__N0160__Aplus_0p02,hm-a10-g1-L3p5-n2-beta0__N0160__Aminus_0p02,hm-a10-g1-L3p5-n2-beta0,160,0.02,11,0.24062499999999998,10.01817427140684,10.004283907924014
hm-a10-g1-L3p5-n2-beta0__N0160__Aplus_0p02,hm-a10-g1-L3p5-n2-beta0__N0160__Aminus_0p02,hm-a10-g1-L3p5-n2-beta0,160,0.02,12,0.26249999999999996,10.0178285487797,10.004202521180881
hm-a10-g1-L3p5-n2-beta0__N0160__Aplus_0p02,hm-a10-g1-L3p5-n2-beta0__N0160__Aminus_0p02,hm-a10-g1-L3p5-n2-beta0,160,0.02,13,0.284375,10.017455173543082,10.004114614170632
hm-a10-g1-L3p5-n2-beta0__N0160__Aplus_0p02,hm-a10-g1-L3p5-n2-beta0__N0160__Aminus_0p02,hm-a10-g1-L3p5-n2-beta0,160,0.02,14,0.30624999999999997,10.017054736133367,10.004020323494276
hm-a10-g1-L3p5-n2-beta0__N0160__Aplus_0p02,hm-a10-g1-L3p5-n2-beta0__N0160__Aminus_0p02,hm-a10-g1-L3p5-n2-beta0,160,0.02,15,0.328125,10.016627869434894,10.003919795647805
hm-a10-g1-L3p5-n2-beta0__N0160__Aplus_0p02,hm-a10-g1-L3p5-n2-beta0__N0160__Aminus_0p02,hm-a10-g1-L3p5-n2-beta0,160,0.02,16,0.35,10.016175247707835,10.003813186789461
hm-a10-g1-L3p5-n2-beta0__N0160__Aplus_0p02,hm-a10-g1-L3p5-n2-beta0__N0160__Aminus_0p02,hm-a10-g1-L3p5-n2-beta0,160,0.02,17,0.37187499999999996,10.015697585448448,10.00370066249181
hm-a10-g1-L3p5-n2-beta0__N0160__Aplus_0p02,hm-a10-g1-L3p5-n2-beta0__N0160__Aminus_0p02,hm-a10-g1-L3p5-n2-beta0,160,0.02,18,0.39375,10.015195636184073,10.003582397479068
hm-a10-g1-L3p5-n2-beta0__N0160__Aplus_0p02,hm-a10-g1-L3p5-n2-beta0__N0160__Aminus_0p02,hm-a10-g1-L3p5-n2-beta0,160,0.02,19,0.41562499999999997,10.01467019120541,10.003458575350148
hm-a10-g1-L3p5-n2-beta0__N0160__Aplus_0p02,hm-a10-g1-L3p5-n2-beta0__N0160__Aminus_0p02,hm-a10-g1-L3p5-n2-beta0,160,0.02,20,0.4375,10.014122078238659,10.003329388287858
hm-a10-g1-L3p5-n2-beta0__N0160__Aplus_0p02,hm-a10-g1-L3p5-n2-beta0__N0160__Aminus_0p02,hm-a10-g1-L3p5-n2-beta0,160,0.02,21,0.459375,10.013552160060303,10.003195036754787
hm-a10-g1-L3p5-n2-beta0__N0160__Aplus_0p02,hm-a10-g1-L3p5-n2-beta0__N0160__Aminus_0p02,hm-a10-g1-L3p5-n2-beta0,160,0.02,22,0.48124999999999996,10.01296133305729,10.003055729176387
hm-a10-g1-L3p5-n2-beta0__N0160__Aplus_0p02,hm-a10-g1-L3p5-n2-beta0__N0160__Aminus_0p02,hm-a10-g1-L3p5-n2-beta0,160,0.02,23,0.5031249999999999,10.012350525735576,10.002911681611748
hm-a10-g1-L3p5-n2-beta0__N0160__Aplus_0p02,hm-a10-g1-L3p5-n2-beta0__N0160__Aminus_0p02,hm-a10-g1-L3p5-n2-beta0,160,0.02,24,0.5249999999999999,10.011720697179967,10.002763117412712
hm-a10-g1-L3p5-n2-beta0__N0160__Aplus_0p02,hm-a10-g1-L3p5-n2-beta0__N0160__Aminus_0p02,hm-a10-g1-L3p5-n2-beta0,160,0.02,25,0.546875,10.011072835468356,10.002610266871796
hm-a10-g1-L3p5-n2-beta0__N0160__Aplus_0p02,hm-a10-g1-L3p5-n2-beta0__N0160__Aminus_0p02,hm-a10-g1-L3p5-n2-beta0,160,0.02,26,0.56875,10.010407956043426,10.002453366859577
hm-a10-g1-L3p5-n2-beta0__N0160__Aplus_0p02,hm-a10-g1-L3p5-n2-beta0__N0160__Aminus_0p02,hm-a10-g1-L3p5-n2-beta0,160,0.02,27,0.590625,10.009727100045005,10.002292660452142
hm-a10-g1-L3p5-n2-beta0__N0160__Aplus_0p02,hm-a10-g1-L3p5-n2-beta0__N0160__Aminus_0p02,hm-a10-g1-L3p5-n2-beta0,160,0.02,28,0.6124999999999999,10.009031332606265,10.002128396549194
hm-a10-g1-L3p5-n2-beta0__N0160__Aplus_0p02,hm-a10-g1-L3p5-n2-beta0__N0160__Aminus_0p02,hm-a10-g1-L3p5-n2-beta0,160,0.02,29,0.6343749999999999,10.008321741117006,10.001960829483485
hm-a10-g1-L3p5-n2-beta0__N0160__Aplus_0p02,hm-a10-g1-L3p5-n2-beta0__N0160__Aminus_0p02,hm-a10-g1-L3p5-n2-beta0,160,0.02,30,0.65625,10.007599433457298,10.001790218622169
hm-a10-g1-L3p5-n2-beta0__N0160__Aplus_0p02,hm-a10-g1-L3p5-n2-beta0__N0160__Aminus_0p02,hm-a10-g1-L3p5-n2-beta0,160,0.02,31,0.678125,10.006865536204709,10.001616827960783
hm-a10-g1-L3p5-n2-beta0__N0160__Aplus_0p02,hm-a10-g1-L3p5-n2-beta0__N0160__Aminus_0p02,hm-a10-g1-L3p5-n2-beta0,160,0.02,32,0.7,10.006121192818469,10.001440925710488
hm-a10-g1-L3p5-n2-beta0__N0160__Aplus_0p02,hm-a10-g1-L3p5-n2-beta0__N0160__Aminus_0p02,hm-a10-g1-L3p5-n2-beta0,160,0.02,33,0.7218749999999999,10.005367561803796,10.001262783879252
hm-a10-g1-L3p5-n2-beta0__N0160__Aplus_0p02,hm-a10-g1-L3p5-n2-beta0__N0160__Aminus_0p02,hm-a10-g1-L3p5-n2-beta0,160,0.02,34,0.7437499999999999,10.004605814859667,10.001082677847638
hm-a10-g1-L3p5-n2-beta0__N0160__Aplus_0p02,hm-a10-g1-L3p5-n2-beta0__N0160__Aminus_0p02,hm-a10-g1-L3p5-n2-beta0,160,0.02,35,0.765625,10.003837135013319,10.000900885939913
hm-a10-g1-L3p5-n2-beta0__N0160__Aplus_0p02,hm-a10-g1-L3p5-n2-beta0__N0160__Aminus_0p02,hm-a10-g1-L3p5-n2-beta0,160,0.02,36,0.7875,10.003062714744651,10.000717688991125
hm-a10-g1-L3p5-n2-beta0__N0160__Aplus_0p02,hm-a10-g1-L3p5-n2-beta0__N0160__Aminus_0p02,hm-a10-g1-L3p5-n2-beta0,160,0.02,37,0.809375,10.0022837541038,10.000533369910872
hm-a10-g1-L3p5-n2-beta0__N0160__Aplus_0p02,hm-a10-g1-L3p5-n2-beta0__N0160__Aminus_0p02,hm-a10-g1-L3p5-n2-beta0,160,0.02,38,0.8312499999999999,10.001501458824974,10.000348213244429
hm-a10-g1-L3p5-n2-beta0__N0160__Aplus_0p02,hm-a10-g1-L3p5-n2-beta0__N0160__Aminus_0p02,hm-a10-g1-L3p5-n2-beta0,160,0.02,39,0.8531249999999999,10.000717038439713,10.000162504731954
hm-a10-g1-L3p5-n2-beta0__N0160__Aplus_0p02,hm-a10-g1-L3p5-n2-beta0__N0160__Aminus_0p02,hm-a10-g1-L3p5-n2-beta0,160,0.02,40,0.875,9.999931704392628,9.999976530866434
hm-a10-g1-L3p5-n2-beta0__N0160__Aplus_0p02,hm-a10-g1-L3p5-n2-beta0__N0160__Aminus_0p02,hm-a10-g1-L3p5-n2-beta0,160,0.02,41,0.896875,9.999146668162615,9.99979057845108
hm-a10-g1-L3p5-n2-beta0__N0160__Aplus_0p02,hm-a10-g1-L3p5-n2-beta0__N0160__Aminus_0p02,hm-a10-g1-L3p5-n2-beta0,160,0.02,42,0.91875,9.998363139392508,9.99960493415686
hm-a10-g1-L3p5-n2-beta0__N0160__Aplus_0p02,hm-a10-g1-L3p5-n2-beta0__N0160__Aminus_0p02,hm-a10-g1-L3p5-n2-beta0,160,0.02,43,0.9406249999999999,9.997582324030049,9.999419884080835
hm-a10-g1-L3p5-n2-beta0__N0160__Aplus_0p02,hm-a10-g1-L3p5-n2-beta0__N0160__Aminus_0p02,hm-a10-g1-L3p5-n2-beta0,160,0.02,44,0.9624999999999999,9.996805422482995,9.999235713306001
hm-a10-g1-L3p5-n2-beta0__N0160__Aplus_0p02,hm-a10-g1-L3p5-n2-beta0__N0160__Aminus_0p02,hm-a10-g1-L3p5-n2-beta0,160,0.02,45,0.9843749999999999,9.996033627791089,9.9990527054633
hm-a10-g1-L3p5-n2-beta0__N0160__Aplus_0p02,hm-a10-g1-L3p5-n2-beta0__N0160__Aminus_0p02,hm-a10-g1-L3p5-n2-beta0,160,0.02,46,1.0062499999999999,9.995268123817572,9.998871142296434
hm-a10-g1-L3p5-n2-beta0__N0160__Aplus_0p02,hm-a10-g1-L3p5-n2-beta0__N0160__Aminus_0p02,hm-a10-g1-L3p5-n2-beta0,160,0.02,47,1.028125,9.99451008346281,9.998691303230204
hm-a10-g1-L3p5-n2-beta0__N0160__Aplus_0p02,hm-a10-g1-L3p5-n2-beta0__N0160__Aminus_0p02,hm-a10-g1-L3p5-n2-beta0,160,0.02,48,1.0499999999999998,9.993760666902551,9.998513464942965
hm-a10-g1-L3p5-n2-beta0__N0160__Aplus_0p02,hm-a10-g1-L3p5-n2-beta0__N0160__Aminus_0p02,hm-a10-g1-L3p5-n2-beta0,160,0.02,49,1.071875,9.993021019853204,9.998337900943849
hm-a10-g1-L3p5-n2-beta0__N0160__Aplus_0p02,hm-a10-g1-L3p5-n2-beta0__N0160__Aminus_0p02,hm-a10-g1-L3p5-n2-beta0,160,0.02,50,1.09375,9.992292271866495,9.998164881155407
hm-a10-g1-L3p5-n2-beta0__N0160__Aplus_0p02,hm-a10-g1-L3p5-n2-beta0__N0160__Aminus_0p02,hm-a10-g1-L3p5-n2-beta0,160,0.02,51,1.1156249999999999,9.991575534655732,9.997994671502271
hm-a10-g1-L3p5-n2-beta0__N0160__Aplus_0p02,hm-a10-g1-L3p5-n2-beta0__N0160__Aminus_0p02,hm-a10-g1-L3p5-n2-beta0,160,0.02,52,1.1375,9.990871900455836,9.997827533506412
hm-a10-g1-L3p5-n2-beta0__N0160__Aplus_0p02,hm-a10-g1-L3p5-n2-beta0__N0160__Aminus_0p02,hm-a10-g1-L3p5-n2-beta0,160,0.02,53,1.1593749999999998,9.990182440419192,9.997663723889644
hm-a10-g1-L3p5-n2-beta0__N0160__Aplus_0p02,hm-a10-g1-L3p5-n2-beta0__N0160__Aminus_0p02,hm-a10-g1-L3p5-n2-beta0,160,0.02,54,1.18125,9.989508203049313,9.997503494183913
hm-a10-g1-L3p5-n2-beta0__N0160__Aplus_0p02,hm-a10-g1-L3p5-n2-beta0__N0160__Aminus_0p02,hm-a10-g1-L3p5-n2-beta0,160,0.02,55,1.203125,9.988850212674196,9.997347090349914
hm-a10-g1-L3p5-n2-beta0__N0160__Aplus_0p02,hm-a10-g1-L3p5-n2-beta0__N0160__Aminus_0p02,hm-a10-g1-L3p5-n2-beta0,160,0.02,56,1.2249999999999999,9.988209467961157,9.997194752404642
hm-a10-g1-L3p5-n2-beta0__N0160__Aplus_0p02,hm-a10-g1-L3p5-n2-beta0__N0160__Aminus_0p02,hm-a10-g1-L3p5-n2-beta0,160,0.02,57,1.246875,9.98758694047488,9.99704671405837
hm-a10-g1-L3p5-n2-beta0__N0160__Aplus_0p02,hm-a10-g1-L3p5-n2-beta0__N0160__Aminus_0p02,hm-a10-g1-L3p5-n2-beta0,160,0.02,58,1.2687499999999998,9.986983573280268,9.996903202361565
hm-a10-g1-L3p5-n2-beta0__N0160__Aplus_0p02,hm-a10-g1-L3p5-n2-beta0__N0160__Aminus_0p02,hm-a10-g1-L3p5-n2-beta0,160,0.02,59,1.290625,9.986400279591665,9.99676443736227
hm-a10-g1-L3p5-n2-beta0__N0160__Aplus_0p02,hm-a10-g1-L3p5-n2-beta0__N0160__Aminus_0p02,hm-a10-g1-L3p5-n2-beta0,160,0.02,60,1.3125,9.985837941469873,9.996630631774403
hm-a10-g1-L3p5-n2-beta0__N0160__Aplus_0p02,hm-a10-g1-L3p5-n2-beta0__N0160__Aminus_0p02,hm-a10-g1-L3p5-n2-beta0,160,0.02,61,1.3343749999999999,9.98529740856835,9.996501990657483
hm-a10-g1-L3p5-n2-beta0__N0160__Aplus_0p02,hm-a10-g1-L3p5-n2-beta0__N0160__Aminus_0p02,hm-a10-g1-L3p5-n2-beta0,160,0.02,62,1.35625,9.984779496929875,9.996378711108163
hm-a10-g1-L3p5-n2-beta0__N0160__Aplus_0p02,hm-a10-g1-L3p5-n2-beta0__N0160__Aminus_0p02,hm-a10-g1-L3p5-n2-beta0,160,0.02,63,1.3781249999999998,9.984284987834865,9.99626098196406
hm-a10-g1-L3p5-n2-beta0__N0160__Aplus_0p02,hm-a10-g1-L3p5-n2-beta0__N0160__Aminus_0p02,hm-a10-g1-L3p5-n2-beta0,160,0.02,64,1.4,9.983814626702513,9.996148983520273
hm-a10-g1-L3p5-n2-beta0__N0160__Aplus_0p02,hm-a10-g1-L3p5-n2-beta0__N0160__Aminus_0p02,hm-a10-g1-L3p5-n2-beta0,160,0.02,65,1.421875,9.983369122045747,9.996042887258945
hm-a10-g1-L3p5-n2-beta0__N0160__Aplus_0p02,hm-a10-g1-L3p5-n2-beta0__N0160__Aminus_0p02,hm-a10-g1-L3p5-n2-beta0,160,0.02,66,1.4437499999999999,9.982949144481061,9.995942855592293
hm-a10-g1-L3p5-n2-beta0__N0160__Aplus_0p02,hm-a10-g1-L3p5-n2-beta0__N0160__Aminus_0p02,hm-a10-g1-L3p5-n2-beta0,160,0.02,67,1.465625,9.982555325794051,9.995849041619433
hm-a10-g1-L3p5-n2-beta0__N0160__Aplus_0p02,hm-a10-g1-L3p5-n2-beta0__N0160__Aminus_0p02,hm-a10-g1-L3p5-n2-beta0,160,0.02,68,1.4874999999999998,9.982188258061559,9.995761588897308
hm-a10-g1-L3p5-n2-beta0__N0160__Aplus_0p02,hm-a10-g1-L3p5-n2-beta0__N0160__Aminus_0p02,hm-a10-g1-L3p5-n2-beta0,160,0.02,69,1.509375,9.981848492831164,9.995680631226067
hm-a10-g1-L3p5-n2-beta0__N0160__Aplus_0p02,hm-a10-g1-L3p5-n2-beta0__N0160__Aminus_0p02,hm-a10-g1-L3p5-n2-beta0,160,0.02,70,1.53125,9.981536540358746,9.995606292449175
hm-a10-g1-L3p5-n2-beta0__N0160__Aplus_0p02,hm-a10-g1-L3p5-n2-beta0__N0160__Aminus_0p02,hm-a10-g1-L3p5-n2-beta0,160,0.02,71,1.5531249999999999,9.981252868904763,9.995538686268496
hm-a10-g1-L3p5-n2-beta0__N0160__Aplus_0p02,hm-a10-g1-L3p5-n2-beta0__N0160__Aminus_0p02,hm-a10-g1-L3p5-n2-beta0,160,0.02,72,1.575,9.98099790408982,9.99547791607464
hm-a10-g1-L3p5-n2-beta0__N0160__Aplus_0p02,hm-a10-g1-L3p5-n2-beta0__N0160__Aminus_0p02,hm-a10-g1-L3p5-n2-beta0,160,0.02,73,1.5968749999999998,9.980772028310094,9.995424074792764
hm-a10-g1-L3p5-n2-beta0__N0160__Aplus_0p02,hm-a10-g1-L3p5-n2-beta0__N0160__Aminus_0p02,hm-a10-g1-L3p5-n2-beta0,160,0.02,74,1.61875,9.98057558021303,9.995377244744068
hm-a10-g1-L3p5-n2-beta0__N0160__Aplus_0p02,hm-a10-g1-L3p5-n2-beta0__N0160__Aminus_0p02,hm-a10-g1-L3p5-n2-beta0,160,0.02,75,1.640625,9.980408854233783,9.995337497523124
hm-a10-g1-L3p5-n2-beta0__N0160__Aplus_0p02,hm-a10-g1-L3p5-n2-beta0__N0160__Aminus_0p02,hm-a10-g1-L3p5-n2-beta0,160,0.02,76,1.6624999999999999,9.980272100192737,9.995304893891252
hm-a10-g1-L3p5-n2-beta0__N0160__Aplus_0p02,hm-a10-g1-L3p5-n2-beta0__N0160__Aminus_0p02,hm-a10-g1-L3p5-n2-beta0,160,0.02,77,1.684375,9.980165522954419,9.995279483686048
hm-a10-g1-L3p5-n2-beta0__N0160__Aplus_0p02,hm-a10-g1-L3p5-n2-beta0__N0160__Aminus_0p02,hm-a10-g1-L3p5-n2-beta0,160,0.02,78,1.7062499999999998,9.980089282148075,9.995261305747205
hm-a10-g1-L3p5-n2-beta0__N0160__Aplus_0p02,hm-a10-g1-L3p5-n2-beta0__N0160__Aminus_0p02,hm-a10-g1-L3p5-n2-beta0,160,0.02,79,1.728125,9.980043491950132,9.995250387858714
hm-a10-g1-L3p5-n2-beta0__N0160__Aplus_0p02,hm-a10-g1-L3p5-n2-beta0__N0160__Aminus_0p02,hm-a10-g1-L3p5-n2-beta0,160,0.02,80,1.75,9.980028220928679,9.995246746707524
hm-a10-g1-L3p5-n2-beta0__N0160__Aplus_0p02,hm-a10-g1-L3p5-n2-beta0__N0160__Aminus_0p02,hm-a10-g1-L3p5-n2-beta0,160,0.02,81,1.7718749999999999,9.980043491950122,9.995250387858707
hm-a10-g1-L3p5-n2-beta0__N0160__Aplus_0p02,hm-a10-g1-L3p5-n2-beta0__N0160__Aminus_0p02,hm-a10-g1-L3p5-n2-beta0,160,0.02,82,1.79375,9.980089282148054,9.995261305747189
hm-a10-g1-L3p5-n2-beta0__N0160__Aplus_0p02,hm-a10-g1-L3p5-n2-beta0__N0160__Aminus_0p02,hm-a10-g1-L3p5-n2-beta0,160,0.02,83,1.8156249999999998,9.980165522954387,9.995279483686025
hm-a10-g1-L3p5-n2-beta0__N0160__Aplus_0p02,hm-a10-g1-L3p5-n2-beta0__N0160__Aminus_0p02,hm-a10-g1-L3p5-n2-beta0,160,0.02,84,1.8375,9.980272100192694,9.995304893891225
hm-a10-g1-L3p5-n2-beta0__N0160__Aplus_0p02,hm-a10-g1-L3p5-n2-beta0__N0160__Aminus_0p02,hm-a10-g1-L3p5-n2-beta0,160,0.02,85,1.8593749999999998,9.98040885423373,9.995337497523094
hm-a10-g1-L3p5-n2-beta0__N0160__Aplus_0p02,hm-a10-g1-L3p5-n2-beta0__N0160__Aminus_0p02,hm-a10-g1-L3p5-n2-beta0,160,0.02,86,1.8812499999999999,9.980575580212966,9.995377244744034
hm-a10-g1-L3p5-n2-beta0__N0160__Aplus_0p02,hm-a10-g1-L3p5-n2-beta0__N0160__Aminus_0p02,hm-a10-g1-L3p5-n2-beta0,160,0.02,87,1.903125,9.98077202831002,9.995424074792725
hm-a10-g1-L3p5-n2-beta0__N0160__Aplus_0p02,hm-a10-g1-L3p5-n2-beta0__N0160__Aminus_0p02,hm-a10-g1-L3p5-n2-beta0,160,0.02,88,1.9249999999999998,9.980997904089733,9.995477916074595
hm-a10-g1-L3p5-n2-beta0__N0160__Aplus_0p02,hm-a10-g1-L3p5-n2-beta0__N0160__Aminus_0p02,hm-a10-g1-L3p5-n2-beta0,160,0.02,89,1.946875,9.981252868904663,9.995538686268448
hm-a10-g1-L3p5-n2-beta0__N0160__Aplus_0p02,hm-a10-g1-L3p5-n2-beta0__N0160__Aminus_0p02,hm-a10-g1-L3p5-n2-beta0,160,0.02,90,1.9687499999999998,9.981536540358636,9.995606292449125
hm-a10-g1-L3p5-n2-beta0__N0160__Aplus_0p02,hm-a10-g1-L3p5-n2-beta0__N0160__Aminus_0p02,hm-a10-g1-L3p5-n2-beta0,160,0.02,91,1.9906249999999999,9.981848492831043,9.995680631226016
hm-a10-g1-L3p5-n2-beta0__N0160__Aplus_0p02,hm-a10-g1-L3p5-n2-beta0__N0160__Aminus_0p02,hm-a10-g1-L3p5-n2-beta0,160,0.02,92,2.0124999999999997,9.982188258061427,9.995761588897249
hm-a10-g1-L3p5-n2-beta0__N0160__Aplus_0p02,hm-a10-g1-L3p5-n2-beta0__N0160__Aminus_0p02,hm-a10-g1-L3p5-n2-beta0,160,0.02,93,2.034375,9.982555325793909,9.995849041619369
hm-a10-g1-L3p5-n2-beta0__N0160__Aplus_0p02,hm-a10-g1-L3p5-n2-beta0__N0160__Aminus_0p02,hm-a10-g1-L3p5-n2-beta0,160,0.02,94,2.05625,9.982949144480907,9.995942855592224
hm-a10-g1-L3p5-n2-beta0__N0160__Aplus_0p02,hm-a10-g1-L3p5-n2-beta0__N0160__Aminus_0p02,hm-a10-g1-L3p5-n2-beta0,160,0.02,95,2.078125,9.983369122045582,9.99604288725887
hm-a10-g1-L3p5-n2-beta0__N0160__Aplus_0p02,hm-a10-g1-L3p5-n2-beta0__N0160__Aminus_0p02,hm-a10-g1-L3p5-n2-beta0,160,0.02,96,2.0999999999999996,9.983814626702337,9.996148983520195
hm-a10-g1-L3p5-n2-beta0__N0160__Aplus_0p02,hm-a10-g1-L3p5-n2-beta0__N0160__Aminus_0p02,hm-a10-g1-L3p5-n2-beta0,160,0.02,97,2.1218749999999997,9.984284987834679,9.99626098196398
hm-a10-g1-L3p5-n2-beta0__N0160__Aplus_0p02,hm-a10-g1-L3p5-n2-beta0__N0160__Aminus_0p02,hm-a10-g1-L3p5-n2-beta0,160,0.02,98,2.14375,9.984779496929676,9.996378711108077
hm-a10-g1-L3p5-n2-beta0__N0160__Aplus_0p02,hm-a10-g1-L3p5-n2-beta0__N0160__Aminus_0p02,hm-a10-g1-L3p5-n2-beta0,160,0.02,99,2.165625,9.98529740856814,9.996501990657396
hm-a10-g1-L3p5-n2-beta0__N0160__Aplus_0p02,hm-a10-g1-L3p5-n2-beta0__N0160__Aminus_0p02,hm-a10-g1-L3p5-n2-beta0,160,0.02,100,2.1875,9.98583794146965,9.996630631774316
hm-a10-g1-L3p5-n2-beta0__N0160__Aplus_0p02,hm-a10-g1-L3p5-n2-beta0__N0160__Aminus_0p02,hm-a10-g1-L3p5-n2-beta0,160,0.02,101,2.2093749999999996,9.986400279591434,9.99676443736218
hm-a10-g1-L3p5-n2-beta0__N0160__Aplus_0p02,hm-a10-g1-L3p5-n2-beta0__N0160__Aminus_0p02,hm-a10-g1-L3p5-n2-beta0,160,0.02,102,2.2312499999999997,9.986983573280027,9.996903202361475
hm-a10-g1-L3p5-n2-beta0__N0160__Aplus_0p02,hm-a10-g1-L3p5-n2-beta0__N0160__Aminus_0p02,hm-a10-g1-L3p5-n2-beta0,160,0.02,103,2.253125,9.987586940474626,9.997046714058277
hm-a10-g1-L3p5-n2-beta0__N0160__Aplus_0p02,hm-a10-g1-L3p5-n2-beta0__N0160__Aminus_0p02,hm-a10-g1-L3p5-n2-beta0,160,0.02,104,2.275,9.988209467960893,9.997194752404544
hm-a10-g1-L3p5-n2-beta0__N0160__Aplus_0p02,hm-a10-g1-L3p5-n2-beta0__N0160__Aminus_0p02,hm-a10-g1-L3p5-n2-beta0,160,0.02,105,2.296875,9.98885021267392,9.99734709034981
hm-a10-g1-L3p5-n2-beta0__N0160__Aplus_0p02,hm-a10-g1-L3p5-n2-beta0__N0160__Aminus_0p02,hm-a10-g1-L3p5-n2-beta0,160,0.02,106,2.3187499999999996,9.989508203049027,9.997503494183807
hm-a10-g1-L3p5-n2-beta0__N0160__Aplus_0p02,hm-a10-g1-L3p5-n2-beta0__N0160__Aminus_0p02,hm-a10-g1-L3p5-n2-beta0,160,0.02,107,2.3406249999999997,9.990182440418897,9.997663723889538
hm-a10-g1-L3p5-n2-beta0__N0160__Aplus_0p02,hm-a10-g1-L3p5-n2-beta0__N0160__Aminus_0p02,hm-a10-g1-L3p5-n2-beta0,160,0.02,108,2.3625,9.99087190045553,9.997827533506303
hm-a10-g1-L3p5-n2-beta0__N0160__Aplus_0p02,hm-a10-g1-L3p5-n2-beta0__N0160__Aminus_0p02,hm-a10-g1-L3p5-n2-beta0,160,0.02,109,2.384375,9.991575534655416,9.997994671502163
hm-a10-g1-L3p5-n2-beta0__N0160__Aplus_0p02,hm-a10-g1-L3p5-n2-beta0__N0160__Aminus_0p02,hm-a10-g1-L3p5-n2-beta0,160,0.02,110,2.40625,9.992292271866168,9.998164881155299
hm-a10-g1-L3p5-n2-beta0__N0160__Aplus_0p02,hm-a10-g1-L3p5-n2-beta0__N0160__Aminus_0p02,hm-a10-g1-L3p5-n2-beta0,160,0.02,111,2.4281249999999996,9.993021019852868,9.998337900943739
hm-a10-g1-L3p5-n2-beta0__N0160__Aplus_0p02,hm-a10-g1-L3p5-n2-beta0__N0160__Aminus_0p02,hm-a10-g1-L3p5-n2-beta0,160,0.02,112,2.4499999999999997,9.993760666902206,9.998513464942853
hm-a10-g1-L3p5-n2-beta0__N0160__Aplus_0p02,hm-a10-g1-L3p5-n2-beta0__N0160__Aminus_0p02,hm-a10-g1-L3p5-n2-beta0,160,0.02,113,2.471875,9.994510083462457,9.998691303230093
hm-a10-g1-L3p5-n2-beta0__N0160__Aplus_0p02,hm-a10-g1-L3p5-n2-beta0__N0160__Aminus_0p02,hm-a10-g1-L3p5-n2-beta0,160,0.02,114,2.49375,9.99526812381721,9.998871142296318
hm-a10-g1-L3p5-n2-beta0__N0160__Aplus_0p02,hm-a10-g1-L3p5-n2-beta0__N0160__Aminus_0p02,hm-a10-g1-L3p5-n2-beta0,160,0.02,115,2.515625,9.99603362779072,9.99905270546318
hm-a10-g1-L3p5-n2-beta0__N0160__Aplus_0p02,hm-a10-g1-L3p5-n2-beta0__N0160__Aminus_0p02,hm-a10-g1-L3p5-n2-beta0,160,0.02,116,2.5374999999999996,9.996805422482616,9.999235713305879
hm-a10-g1-L3p5-n2-beta0__N0160__Aplus_0p02,hm-a10-g1-L3p5-n2-beta0__N0160__Aminus_0p02,hm-a10-g1-L3p5-n2-beta0,160,0.02,117,2.5593749999999997,9.997582324029663,9.999419884080705
hm-a10-g1-L3p5-n2-beta0__N0160__Aplus_0p02,hm-a10-g1-L3p5-n2-beta0__N0160__Aminus_0p02,hm-a10-g1-L3p5-n2-beta0,160,0.02,118,2.58125,9.998363139392115,9.999604934156727
hm-a10-g1-L3p5-n2-beta0__N0160__Aplus_0p02,hm-a10-g1-L3p5-n2-beta0__N0160__Aminus_0p02,hm-a10-g1-L3p5-n2-beta0,160,0.02,119,2.603125,9.999146668162215,9.999790578450943
hm-a10-g1-L3p5-n2-beta0__N0160__Aplus_0p02,hm-a10-g1-L3p5-n2-beta0__N0160__Aminus_0p02,hm-a10-g1-L3p5-n2-beta0,160,0.02,120,2.625,9.999931704392223,9.999976530866293
hm-a10-g1-L3p5-n2-beta0__N0160__Aplus_0p02,hm-a10-g1-L3p5-n2-beta0__N0160__Aminus_0p02,hm-a10-g1-L3p5-n2-beta0,160,0.02,121,2.6468749999999996,10.0007170384393,10.000162504731808
hm-a10-g1-L3p5-n2-beta0__N0160__Aplus_0p02,hm-a10-g1-L3p5-n2-beta0__N0160__Aminus_0p02,hm-a10-g1-L3p5-n2-beta0,160,0.02,122,2.6687499999999997,10.001501458824555,10.000348213244278
hm-a10-g1-L3p5-n2-beta0__N0160__Aplus_0p02,hm-a10-g1-L3p5-n2-beta0__N0160__Aminus_0p02,hm-a10-g1-L3p5-n2-beta0,160,0.02,123,2.690625,10.002283754103377,10.000533369910718
hm-a10-g1-L3p5-n2-beta0__N0160__Aplus_0p02,hm-a10-g1-L3p5-n2-beta0__N0160__Aminus_0p02,hm-a10-g1-L3p5-n2-beta0,160,0.02,124,2.7125,10.003062714744223,10.000717688990969
hm-a10-g1-L3p5-n2-beta0__N0160__Aplus_0p02,hm-a10-g1-L3p5-n2-beta0__N0160__Aminus_0p02,hm-a10-g1-L3p5-n2-beta0,160,0.02,125,2.734375,10.003837135012885,10.000900885939753
hm-a10-g1-L3p5-n2-beta0__N0160__Aplus_0p02,hm-a10-g1-L3p5-n2-beta0__N0160__Aminus_0p02,hm-a10-g1-L3p5-n2-beta0,160,0.02,126,2.7562499999999996,10.00460581485923,10.001082677847476
hm-a10-g1-L3p5-n2-beta0__N0160__Aplus_0p02,hm-a10-g1-L3p5-n2-beta0__N0160__Aminus_0p02,hm-a10-g1-L3p5-n2-beta0,160,0.02,127,2.7781249999999997,10.005367561803354,10.001262783879088
hm-a10-g1-L3p5-n2-beta0__N0160__Aplus_0p02,hm-a10-g1-L3p5-n2-beta0__N0160__Aminus_0p02,hm-a10-g1-L3p5-n2-beta0,160,0.02,128,2.8,10.006121192818023,10.001440925710325
hm-a10-g1-L3p5-n2-beta0__N0160__Aplus_0p02,hm-a10-g1-L3p5-n2-beta0__N0160__Aminus_0p02,hm-a10-g1-L3p5-n2-beta0,160,0.02,129,2.821875,10.006865536204257,10.00161682796062
hm-a10-g1-L3p5-n2-beta0__N0160__Aplus_0p02,hm-a10-g1-L3p5-n2-beta0__N0160__Aminus_0p02,hm-a10-g1-L3p5-n2-beta0,160,0.02,130,2.84375,10.007599433456843,10.001790218622007
hm-a10-g1-L3p5-n2-beta0__N0160__Aplus_0p02,hm-a10-g1-L3p5-n2-beta0__N0160__Aminus_0p02,hm-a10-g1-L3p5-n2-beta0,160,0.02,131,2.8656249999999996,10.00832174111655,10.001960829483325
hm-a10-g1-L3p5-n2-beta0__N0160__Aplus_0p02,hm-a10-g1-L3p5-n2-beta0__N0160__Aminus_0p02,hm-a10-g1-L3p5-n2-beta0,160,0.02,132,2.8874999999999997,10.009031332605804,10.002128396549036
hm-a10-g1-L3p5-n2-beta0__N0160__Aplus_0p02,hm-a10-g1-L3p5-n2-beta0__N0160__Aminus_0p02,hm-a10-g1-L3p5-n2-beta0,160,0.02,133,2.909375,10.009727100044543,10.002292660451982
hm-a10-g1-L3p5-n2-beta0__N0160__Aplus_0p02,hm-a10-g1-L3p5-n2-beta0__N0160__Aminus_0p02,hm-a10-g1-L3p5-n2-beta0,160,0.02,134,2.93125,10.010407956042963,10.002453366859417
hm-a10-g1-L3p5-n2-beta0__N0160__Aplus_0p02,hm-a10-g1-L3p5-n2-beta0__N0160__Aminus_0p02,hm-a10-g1-L3p5-n2-beta0,160,0.02,135,2.953125,10.011072835467889,10.002610266871635
hm-a10-g1-L3p5-n2-beta0__N0160__Aplus_0p02,hm-a10-g1-L3p5-n2-beta0__N0160__Aminus_0p02,hm-a10-g1-L3p5-n2-beta0,160,0.02,136,2.9749999999999996,10.011720697179499,10.00276311741255
hm-a10-g1-L3p5-n2-beta0__N0160__Aplus_0p02,hm-a10-g1-L3p5-n2-beta0__N0160__Aminus_0p02,hm-a10-g1-L3p5-n2-beta0,160,0.02,137,2.9968749999999997,10.012350525735107,10.002911681611582
hm-a10-g1-L3p5-n2-beta0__N0160__Aplus_0p02,hm-a10-g1-L3p5-n2-beta0__N0160__Aminus_0p02,hm-a10-g1-L3p5-n2-beta0,160,0.02,138,3.01875,10.01296133305682,10.003055729176216
hm-a10-g1-L3p5-n2-beta0__N0160__Aplus_0p02,hm-a10-g1-L3p5-n2-beta0__N0160__Aminus_0p02,hm-a10-g1-L3p5-n2-beta0,160,0.02,139,3.040625,10.013552160059833,10.003195036754617
hm-a10-g1-L3p5-n2-beta0__N0160__Aplus_0p02,hm-a10-g1-L3p5-n2-beta0__N0160__Aminus_0p02,hm-a10-g1-L3p5-n2-beta0,160,0.02,140,3.0625,10.014122078238188,10.003329388287684
hm-a10-g1-L3p5-n2-beta0__N0160__Aplus_0p02,hm-a10-g1-L3p5-n2-beta0__N0160__Aminus_0p02,hm-a10-g1-L3p5-n2-beta0,160,0.02,141,3.0843749999999996,10.014670191204937,10.003458575349972
hm-a10-g1-L3p5-n2-beta0__N0160__Aplus_0p02,hm-a10-g1-L3p5-n2-beta0__N0160__Aminus_0p02,hm-a10-g1-L3p5-n2-beta0,160,0.02,142,3.1062499999999997,10.015195636183602,10.00358239747889
hm-a10-g1-L3p5-n2-beta0__N0160__Aplus_0p02,hm-a10-g1-L3p5-n2-beta0__N0160__Aminus_0p02,hm-a10-g1-L3p5-n2-beta0,160,0.02,143,3.128125,10.015697585447978,10.00370066249163
hm-a10-g1-L3p5-n2-beta0__N0160__Aplus_0p02,hm-a10-g1-L3p5-n2-beta0__N0160__Aminus_0p02,hm-a10-g1-L3p5-n2-beta0,160,0.02,144,3.15,10.016175247707364,10.003813186789278
hm-a10-g1-L3p5-n2-beta0__N0160__Aplus_0p02,hm-a10-g1-L3p5-n2-beta0__N0160__Aminus_0p02,hm-a10-g1-L3p5-n2-beta0,160,0.02,145,3.171875,10.016627869434425,10.003919795647617
hm-a10-g1-L3p5-n2-beta0__N0160__Aplus_0p02,hm-a10-g1-L3p5-n2-beta0__N0160__Aminus_0p02,hm-a10-g1-L3p5-n2-beta0,160,0.02,146,3.1937499999999996,10.017054736132899,10.004020323494082
hm-a10-g1-L3p5-n2-beta0__N0160__Aplus_0p02,hm-a10-g1-L3p5-n2-beta0__N0160__Aminus_0p02,hm-a10-g1-L3p5-n2-beta0,160,0.02,147,3.2156249999999997,10.017455173542613,10.004114614170437
hm-a10-g1-L3p5-n2-beta0__N0160__Aplus_0p02,hm-a10-g1-L3p5-n2-beta0__N0160__Aminus_0p02,hm-a10-g1-L3p5-n2-beta0,160,0.02,148,3.2375,10.017828548779233,10.004202521180682
hm-a10-g1-L3p5-n2-beta0__N0160__Aplus_0p02,hm-a10-g1-L3p5-n2-beta0__N0160__Aminus_0p02,hm-a10-g1-L3p5-n2-beta0,160,0.02,149,3.259375,10.018174271406375,10.004283907923812
hm-a10-g1-L3p5-n2-beta0__N0160__Aplus_0p02,hm-a10-g1-L3p5-n2-beta0__N0160__Aminus_0p02,hm-a10-g1-L3p5-n2-beta0,160,0.02,150,3.28125,10.018491794437836,10.004358647910976
hm-a10-g1-L3p5-n2-beta0__N0160__Aplus_0p02,hm-a10-g1-L3p5-n2-beta0__N0160__Aminus_0p02,hm-a10-g1-L3p5-n2-beta0,160,0.02,151,3.3031249999999996,10.018780615267794,10.004426624966696
hm-a10-g1-L3p5-n2-beta0__N0160__Aplus_0p02,hm-a10-g1-L3p5-n2-beta0__N0160__Aminus_0p02,hm-a10-g1-L3p5-n2-beta0,160,0.02,152,3.3249999999999997,10.01904027652701,10.004487733413777
hm-a10-g1-L3p5-n2-beta0__N0160__Aplus_0p02,hm-a10-g1-L3p5-n2-beta0__N0160__Aminus_0p02,hm-a10-g1-L3p5-n2-beta0,160,0.02,153,3.346875,10.019270366863179,10.004541878241591
hm-a10-g1-L3p5-n2-beta0__N0160__Aplus_0p02,hm-a10-g1-L3p5-n2-beta0__N0160__Aminus_0p02,hm-a10-g1-L3p5-n2-beta0,160,0.02,154,3.36875,10.01947052164377,10.004588975257462
hm-a10-g1-L3p5-n2-beta0__N0160__Aplus_0p02,hm-a10-g1-L3p5-n2-beta0__N0160__Aminus_0p02,hm-a10-g1-L3p5-n2-beta0,160,0.02,155,3.390625,10.019640423579823,10.004628951220864
hm-a10-g1-L3p5-n2-beta0__N0160__Aplus_0p02,hm-a10-g1-L3p5-n2-beta0__N0160__Aminus_0p02,hm-a10-g1-L3p5-n2-beta0,160,0.02,156,3.4124999999999996,10.01977980326935,10.004661743960186
hm-a10-g1-L3p5-n2-beta0__N0160__Aplus_0p02,hm-a10-g1-L3p5-n2-beta0__N0160__Aminus_0p02,hm-a10-g1-L3p5-n2-beta0,160,0.02,157,3.4343749999999997,10.019888439659166,10.004687302471908
hm-a10-g1-L3p5-n2-beta0__N0160__Aplus_0p02,hm-a10-g1-L3p5-n2-beta0__N0160__Aminus_0p02,hm-a10-g1-L3p5-n2-beta0,160,0.02,158,3.45625,10.019966160424136,10.004705587001965
hm-a10-g1-L3p5-n2-beta0__N0160__Aplus_0p02,hm-a10-g1-L3p5-n2-beta0__N0160__Aminus_0p02,hm-a10-g1-L3p5-n2-beta0,160,0.02,159,3.478125,10.020012842263009,10.004716569109192
hm-a10-g1-L3p5-n2-beta0__N0160__Aplus_0p02,hm-a10-g1-L3p5-n2-beta0__N0160__Aminus_0p02,hm-a10-g1-L3p5-n2-beta0,160,0.02,160,3.5,10.020028411110193,10.004720231710708
