{
  "alpha_n0": 0.8254548469542043,
  "beta_n0": 0.00404120649727267,
  "chi_hi": 24.07109786126401,
  "chi_lo": 24.062199268111414,
  "chi_star": 24.07109786126401,
  "chi_star_disc": 24.062199268111414,
  "chi_star_mode_n0": 24.07109786126401,
  "classification": "supercritical",
  "n0": 1
}
