{
  "alpha_n0": 1.2841063836581676,
  "beta_n0": -2.4724372121206732,
  "chi_hi": 8.46472265804332,
  "chi_lo": 8.45841284682773,
  "chi_star": 8.46472265804332,
  "chi_star_disc": 8.45841284682773,
  "chi_star_mode_n0": 8.46472265804332,
  "classification": "subcritical",
  "n0": 1
}
