{
  "alpha_n0": 0.24888400079339423,
  "beta_n0": -0.005411584929564461,
  "chi_hi": 79.83479989773906,
  "chi_lo": 79.80528660308987,
  "chi_star": 79.83479989773906,
  "chi_star_disc": 79.80528660308987,
  "chi_star_mode_n0": 79.83479989773906,
  "classification": "subcritical",
  "n0": 1
}
