state_id,reflection_partner_id,case,mesh,requested_amplitude,node,x,u,v
hm-a10-g1-L5p3-n3-beta0__N0048__Aminus_0p02,hm-a10-g1-L5p3-n3-beta0__N0048__Aplus_0p02,hm-a10-g1-L5p3-n3-beta0,48,-0.02,0,0.0,9.980030337369843,9.995167086591193
hm-a10-g1-L5p3-n3-beta0__N0048__Aminus_0p02,hm-a10-g1-L5p3-n3-beta0__N0048__Aplus_0p02,hm-a10-g1-L5p3-n3-beta0,48,-0.02,1,0.11041666666666666,9.980410828683059,9.995259359005606
hm-a10-g1-L5p3-n3-beta0__N0048__Aminus_0p02,hm-a10-g1-L5p3-n3-beta0__N0048__Aplus_0p02,hm-a10-g1-L5p3-n3-beta0,48,-0.02,2,0.22083333333333333,9.9815381102309,9.995532662330072
hm-a10-g1-L5p3-n3-beta0__N0048__Aminus_0p02,hm-a10-g1-L5p3-n3-beta0__N0048__Aplus_0p02,hm-a10-g1-L5p3-n3-beta0,48,-0.02,3,0.33125,9.983370085766309,9.99597658499849
hm-a10-g1-L5p3-n3-beta0__N0048__Aminus_0p02,hm-a10-g1-L5p3-n3-beta0__N0048__Aplus_0p02,hm-a10-g1-L5p3-n3-beta0,48,-0.02,4,0.44166666666666665,9.985838188993865,9.996574204092006
hm-a10-g1-L5p3-n3-beta0__N0048__Aminus_0p02,hm-a10-g1-L5p3-n3-beta0__N0048__Aplus_0p02,hm-a10-g1-L5p3-n3-beta0,48,-0.02,5,0.5520833333333333,9.988849742322158,9.997302714966818
hm-a10-g1-L5p3-n3-beta0__N0048__Aminus_0p02,hm-a10-g1-L5p3-n3-beta0__N0048__Aplus_0p02,hm-a10-g1-L5p3-n3-beta0,48,-0.02,6,0.6625,9.992291190887643,9.998134283133986
hm-a10-g1-L5p3-n3-beta0__N0048__Aminus_0p02,hm-a10-g1-L5p3-n3-beta0__N0048__Aplus_0p02,hm-a10-g1-L5p3-n3-beta0,48,-0.02,7,0.7729166666666667,9.99603213646553,9.999037089348546
hm-a10-g1-L5p3-n3-beta0__N0048__Aminus_0p02,hm-a10-g1-L5p3-n3-beta0__N0048__Aplus_0p02,hm-a10-g1-L5p3-n3-beta0,48,-0.02,8,0.8833333333333333,9.999930065948883,9.999976531468699
hm-a10-g1-L5p3-n3-beta0__N0048__Aminus_0p02,hm-a10-g1-L5p3-n3-beta0__N0048__Aplus_0p02,hm-a10-g1-L5p3-n3-beta0,48,-0.02,9,0.9937499999999999,10.003835635803332,10.000916540089046
hm-a10-g1-L5p3-n3-beta0__N0048__Aminus_0p02,hm-a10-g1-L5p3-n3-beta0__N0048__Aplus_0p02,hm-a10-g1-L5p3-n3-beta0,48,-0.02,10,1.1041666666666665,10.00759833936706,10.001820959560687
hm-a10-g1-L5p3-n3-beta0__N0048__Aminus_0p02,hm-a10-g1-L5p3-n3-beta0__N0048__Aplus_0p02,hm-a10-g1-L5p3-n3-beta0,48,-0.02,11,1.2145833333333333,10.01107235119722,10.002654942140502
hm-a10-g1-L5p3-n3-beta0__N0048__Aminus_0p02,hm-a10-g1-L5p3-n3-beta0__N0048__Aplus_0p02,hm-a10-g1-L5p3-n3-beta0,48,-0.02,12,1.325,10.014122315727356,10.003386301013542
hm-a10-g1-L5p3-n3-beta0__N0048__Aminus_0p02,hm-a10-g1-L5p3-n3-beta0__N0048__Aplus_0p02,hm-a10-g1-L5p3-n3-beta0,48,-0.02,13,1.4354166666666666,10.016628830386432,10.003986768109968
hm-a10-g1-L5p3-n3-beta0__N0048__Aminus_0p02,hm-a10-g1-L5p3-n3-beta0__N0048__Aplus_0p02,hm-a10-g1-L5p3-n3-beta0,48,-0.02,14,1.5458333333333334,10.018493369741002,10.004433105202338
hm-a10-g1-L5p3-n3-beta0__N0048__Aminus_0p02,hm-a10-g1-L5p3-n3-beta0__N0048__Aplus_0p02,hm-a10-g1-L5p3-n3-beta0,48,-0.02,15,1.65625,10.019642409829176,10.004708021795187
hm-a10-g1-L5p3-n3-beta0__N0048__Aminus_0p02,hm-a10-g1-L5p3-n3-beta0__N0048__Aplus_0p02,hm-a10-g1-L5p3-n3-beta0,48,-0.02,16,1.7666666666666666,10.020030541743177,10.004800860714479
hm-a10-g1-L5p3-n3-beta0__N0048__Aminus_0p02,hm-a10-g1-L5p3-n3-beta0__N0048__Aplus_0p02,hm-a10-g1-L5p3-n3-beta0,48,-0.02,17,1.8770833333333332,10.0196424098292,10.004708021795187
hm-a10-g1-L5p3-n3-beta0__N0048__Aminus_0p02,hm-a10-g1-L5p3-n3-beta0__N0048__Aplus_0p02,hm-a10-g1-L5p3-n3-beta0,48,-0.02,18,1.9874999999999998,10.018493369741046,10.00443310520234
hm-a10-g1-L5p3-n3-beta0__N0048__Aminus_0p02,hm-a10-g1-L5p3-n3-beta0__N0048__Aplus_0p02,hm-a10-g1-L5p3-n3-beta0,48,-0.02,19,2.0979166666666664,10.016628830386493,10.003986768109971
hm-a10-g1-L5p3-n3-beta0__N0048__Aminus_0p02,hm-a10-g1-L5p3-n3-beta0__N0048__Aplus_0p02,hm-a10-g1-L5p3-n3-beta0,48,-0.02,20,2.208333333333333,10.014122315727429,10.003386301013544
hm-a10-g1-L5p3-n3-beta0__N0048__Aminus_0p02,hm-a10-g1-L5p3-n3-beta0__N0048__Aplus_0p02,hm-a10-g1-L5p3-n3-beta0,48,-0.02,21,2.31875,10.0110723511973,10.002654942140502
hm-a10-g1-L5p3-n3-beta0__N0048__Aminus_0p02,hm-a10-g1-L5p3-n3-beta0__N0048__Aplus_0p02,hm-a10-g1-L5p3-n3-beta0,48,-0.02,22,2.4291666666666667,10.007598339367139,10.001820959560687
hm-a10-g1-L5p3-n3-beta0__N0048__Aminus_0p02,hm-a10-g1-L5p3-n3-beta0__N0048__Aplus_0p02,hm-a10-g1-L5p3-n3-beta0,48,-0.02,23,2.5395833333333333,10.003835635803403,10.000916540089046
hm-a10-g1-L5p3-n3-beta0__N0048__Aminus_0p02,hm-a10-g1-L5p3-n3-beta0__N0048__Aplus_0p02,hm-a10-g1-L5p3-n3-beta0,48,-0.02,24,2.65,9.999930065948938,9.999976531468695
hm-a10-g1-L5p3-n3-beta0__N0048__Aminus_0p02,hm-a10-g1-L5p3-n3-beta0__N0048__Aplus_0p02,hm-a10-g1-L5p3-n3-beta0,48,-0.02,25,2.7604166666666665,9.996032136465566,9.999037089348542
hm-a10-g1-L5p3-n3-beta0__N0048__Aminus_0p02,hm-a10-g1-L5p3-n3-beta0__N0048__Aplus_0p02,hm-a10-g1-L5p3-n3-beta0,48,-0.02,26,2.870833333333333,9.992291190887656,9.998134283133979
hm-a10-g1-L5p3-n3-beta0__N0048__Aminus_0p02,hm-a10-g1-L5p3-n3-beta0__N0048__Aplus_0p02,hm-a10-g1-L5p3-n3-beta0,48,-0.02,27,2.9812499999999997,9.988849742322143,9.99730271496681
hm-a10-g1-L5p3-n3-beta0__N0048__Aminus_0p02,hm-a10-g1-L5p3-n3-beta0__N0048__Aplus_0p02,hm-a10-g1-L5p3-n3-beta0,48,-0.02,28,3.091666666666667,9.985838188993824,9.996574204091996
hm-a10-g1-L5p3-n3-beta0__N0048__Aminus_0p02,hm-a10-g1-L5p3-n3-beta0__N0048__Aplus_0p02,hm-a10-g1-L5p3-n3-beta0,48,-0.02,29,3.2020833333333334,9.983370085766245,9.995976584998477
hm-a10-g1-L5p3-n3-beta0__N0048__Aminus_0p02,hm-a10-g1-L5p3-n3-beta0__N0048__Aplus_0p02,hm-a10-g1-L5p3-n3-beta0,48,-0.02,30,3.3125,9.981538110230815,9.995532662330058
hm-a10-g1-L5p3-n3-beta0__N0048__Aminus_0p02,hm-a10-g1-L5p3-n3-beta0__N0048__Aplus_0p02,hm-a10-g1-L5p3-n3-beta0,48,-0.02,31,3.4229166666666666,9.98041082868296,9.99525935900559
hm-a10-g1-L5p3-n3-beta0__N0048__Aminus_0p02,hm-a10-g1-L5p3-n3-beta0__N0048__Aplus_0p02,hm-a10-g1-L5p3-n3-beta0,48,-0.02,32,3.533333333333333,9.980030337369735,9.995167086591175
hm-a10-g1-L5p3-n3-beta0__N0048__Aminus_0p02,hm-a10-g1-L5p3-n3-beta0__N0048__Aplus_0p02,hm-a10-g1-L5p3-n3-beta0,48,-0.02,33,3.64375,9.980410828682949,9.99525935900559
hm-a10-g1-L5p3-n3-beta0__N0048__Aminus_0p02,hm-a10-g1-L5p3-n3-beta0__N0048__Aplus_0p02,hm-a10-g1-L5p3-n3-beta0,48,-0.02,34,3.7541666666666664,9.981538110230796,9.99553266233006
hm-a10-g1-L5p3-n3-beta0__N0048__Aminus_0p02,hm-a10-g1-L5p3-n3-beta0__N0048__Aplus_0p02,hm-a10-g1-L5p3-n3-beta0,48,-0.02,35,3.864583333333333,9.983370085766216,9.99597658499848
hm-a10-g1-L5p3-n3-beta0__N0048__Aminus_0p02,hm-a10-g1-L5p3-n3-beta0__N0048__Aplus_0p02,hm-a10-g1-L5p3-n3-beta0,48,-0.02,36,3.9749999999999996,9.985838188993794,9.996574204092001
hm-a10-g1-L5p3-n3-beta0__N0048__Aminus_0p02,hm-a10-g1-L5p3-n3-beta0__N0048__Aplus_0p02,hm-a10-g1-L5p3-n3-beta0,48,-0.02,37,4.085416666666666,9.988849742322113,9.997302714966818
hm-a10-g1-L5p3-n3-beta0__N0048__Aminus_0p02,hm-a10-g1-L5p3-n3-beta0__N0048__Aplus_0p02,hm-a10-g1-L5p3-n3-beta0,48,-0.02,38,4.195833333333333,9.992291190887627,9.99813428313399
hm-a10-g1-L5p3-n3-beta0__N0048__Aminus_0p02,hm-a10-g1-L5p3-n3-beta0__N0048__Aplus_0p02,hm-a10-g1-L5p3-n3-beta0,48,-0.02,39,4.3062499999999995,9.996032136465546,9.999037089348557
hm-a10-g1-L5p3-n3-beta0__N0048__Aminus_0p02,hm-a10-g1-L5p3-n3-beta0__N0048__Aplus_0p02,hm-a10-g1-L5p3-n3-beta0,48,-0.02,40,4.416666666666666,9.999930065948933,9.999976531468715
hm-a10-g1-L5p3-n3-beta0__N0048__Aminus_0p02,hm-a10-g1-L5p3-n3-beta0__N0048__Aplus_0p02,hm-a10-g1-L5p3-n3-beta0,48,-0.02,41,4.527083333333334,10.003835635803416,10.000916540089065
hm-a10-g1-L5p3-n3-beta0__N0048__Aminus_0p02,hm-a10-g1-L5p3-n3-beta0__N0048__Aplus_0p02,hm-a10-g1-L5p3-n3-beta0,48,-0.02,42,4.6375,10.007598339367172,10.00182095956071
hm-a10-g1-L5p3-n3-beta0__N0048__Aminus_0p02,hm-a10-g1-L5p3-n3-beta0__N0048__Aplus_0p02,hm-a10-g1-L5p3-n3-beta0,48,-0.02,43,4.747916666666667,10.011072351197356,10.00265494214053
hm-a10-g1-L5p3-n3-beta0__N0048__Aminus_0p02,hm-a10-g1-L5p3-n3-beta0__N0048__Aplus_0p02,hm-a10-g1-L5p3-n3-beta0,48,-0.02,44,4.858333333333333,10.014122315727509,10.003386301013576
hm-a10-g1-L5p3-n3-beta0__N0048__Aminus_0p02,hm-a10-g1-L5p3-n3-beta0__N0048__Aplus_0p02,hm-a10-g1-L5p3-n3-beta0,48,-0.02,45,4.96875,10.016628830386596,10.003986768110007
hm-a10-g1-L5p3-n3-beta0__N0048__Aminus_0p02,hm-a10-g1-L5p3-n3-beta0__N0048__Aplus_0p02,hm-a10-g1-L5p3-n3-beta0,48,-0.02,46,5.079166666666667,10.01849336974117,10.004433105202379
hm-a10-g1-L5p3-n3-beta0__N0048__Aminus_0p02,hm-a10-g1-L5p3-n3-beta0__N0048__Aplus_0p02,hm-a10-g1-L5p3-n3-beta0,48,-0.02,47,5.189583333333333,10.019642409829341,10.004708021795231
hm-a10-g1-L5p3-n3-beta0__N0048__Aminus_0p02,hm-a10-g1-L5p3-n3-beta0__N0048__Aplus_0p02,hm-a10-g1-L5p3-n3-beta0,48,-0.02,48,5.3,10.020030541743333,10.004800860714523
hm-a10-g1-L5p3-n3-beta0__N0048__Aminus_0p01,hm-a10-g1-L5p3-n3-beta0__N0048__Aplus_0p01,hm-a10-g1-L5p3-n3-beta0,48,-0.01,0,0.0,9.990007597055028,9.997587551244635
hm-a10-g1-L5p3-n3-beta0__N0048__Aminus_0p01,hm-a10-g1-L5p3-n3-beta0__N0048__Aplus_0p01,hm-a10-g1-L5p3-n3-beta0,48,-0.01,1,0.11041666666666666,9.990198791343404,9.997633758040031
hm-a10-g1-L5p3-n3-beta0__N0048__Aminus_0p01,hm-a10-g1-L5p3-n3-beta0__N0048__Aplus_0p01,hm-a10-g1-L5p3-n3-beta0,48,-0.01,2,0.22083333333333333,9.990765134774788,9.997770610761862
hm-a10-g1-L5p3-n3-beta0__N0048__Aminus_0p01,hm-a10-g1-L5p3-n3-beta0__N0048__Aplus_0p01,hm-a10-g1-L5p3-n3-beta0,48,-0.01,3,0.33125,9.99168517092281,9.997992873127995
hm-a10-g1-L5p3-n3-beta0__N0048__Aminus_0p01,hm-a10-g1-L5p3-n3-beta0__N0048__Aplus_0p01,hm-a10-g1-L5p3-n3-beta0,48,-0.01,4,0.44166666666666665,9.9929240043763,9.998292037991934
hm-a10-g1-L5p3-n3-beta0__N0048__Aminus_0p01,hm-a10-g1-L5p3-n3-beta0__N0048__Aplus_0p01,hm-a10-g1-L5p3-n3-beta0,48,-0.01,5,0.5520833333333333,9.994434571963131,9.99865664906432
hm-a10-g1-L5p3-n3-beta0__N0048__Aminus_0p01,hm-a10-g1-L5p3-n3-beta0__N0048__Aplus_0p01,hm-a10-g1-L5p3-n3-beta0,48,-0.01,6,0.6625,9.996159368826032,9.999072735026362
hm-a10-g1-L5p3-n3-beta0__N0048__Aminus_0p01,hm-a10-g1-L5p3-n3-beta0__N0048__Aplus_0p01,hm-a10-g1-L5p3-n3-beta0,48,-0.01,7,0.7729166666666667,9.99803257546237,9.999524340283786
hm-a10-g1-L5p3-n3-beta0__N0048__Aminus_0p01,hm-a10-g1-L5p3-n3-beta0__N0048__Aplus_0p01,hm-a10-g1-L5p3-n3-beta0,48,-0.01,8,0.8833333333333333,9.999982516533029,9.999994132899646
hm-a10-g1-L5p3-n3-beta0__N0048__Aminus_0p01,hm-a10-g1-L5p3-n3-beta0__N0048__Aplus_0p01,hm-a10-g1-L5p3-n3-beta0,48,-0.01,9,0.9937499999999999,10.001934367709865,10.00046406714039
hm-a10-g1-L5p3-n3-beta0__N0048__Aminus_0p01,hm-a10-g1-L5p3-n3-beta0__N0048__Aplus_0p01,hm-a10-g1-L5p3-n3-beta0,48,-0.01,10,1.1041666666666665,10.003813013871504,10.000916075711428
hm-a10-g1-L5p3-n3-beta0__N0048__Aminus_0p01,hm-a10-g1-L5p3-n3-beta0__N0048__Aplus_0p01,hm-a10-g1-L5p3-n3-beta0,48,-0.01,11,1.2145833333333333,10.005545951567917,10.001332765275121
hm-a10-g1-L5p3-n3-beta0__N0048__Aminus_0p01,hm-a10-g1-L5p3-n3-beta0__N0048__Aplus_0p01,hm-a10-g1-L5p3-n3-beta0,48,-0.01,12,1.325,10.007066121935882,10.00169808834447
hm-a10-g1-L5p3-n3-beta0__N0048__Aminus_0p01,hm-a10-g1-L5p3-n3-beta0__N0048__Aplus_0p01,hm-a10-g1-L5p3-n3-beta0,48,-0.01,13,1.4354166666666666,10.008314558184864,10.001997965205664
hm-a10-g1-L5p3-n3-beta0__N0048__Aminus_0p01,hm-a10-g1-L5p3-n3-beta0__N0048__Aplus_0p01,hm-a10-g1-L5p3-n3-beta0,48,-0.01,14,1.5458333333333334,10.009242735201054,10.002220831174155
hm-a10-g1-L5p3-n3-beta0__N0048__Aminus_0p01,hm-a10-g1-L5p3-n3-beta0__N0048__Aplus_0p01,hm-a10-g1-L5p3-n3-beta0,48,-0.01,15,1.65625,10.009814518192394,10.002358087210302
hm-a10-g1-L5p3-n3-beta0__N0048__Aminus_0p01,hm-a10-g1-L5p3-n3-beta0__N0048__Aplus_0p01,hm-a10-g1-L5p3-n3-beta0,48,-0.01,16,1.7666666666666666,10.010007622601305,10.002404435630872
hm-a10-g1-L5p3-n3-beta0__N0048__Aminus_0p01,hm-a10-g1-L5p3-n3-beta0__N0048__Aplus_0p01,hm-a10-g1-L5p3-n3-beta0,48,-0.01,17,1.8770833333333332,10.009814518192396,10.002358087210297
hm-a10-g1-L5p3-n3-beta0__N0048__Aminus_0p01,hm-a10-g1-L5p3-n3-beta0__N0048__Aplus_0p01,hm-a10-g1-L5p3-n3-beta0,48,-0.01,18,1.9874999999999998,10.009242735201058,10.002220831174146
hm-a10-g1-L5p3-n3-beta0__N0048__Aminus_0p01,hm-a10-g1-L5p3-n3-beta0__N0048__Aplus_0p01,hm-a10-g1-L5p3-n3-beta0,48,-0.01,19,2.0979166666666664,10.008314558184866,10.001997965205652
hm-a10-g1-L5p3-n3-beta0__N0048__Aminus_0p01,hm-a10-g1-L5p3-n3-beta0__N0048__Aplus_0p01,hm-a10-g1-L5p3-n3-beta0,48,-0.01,20,2.208333333333333,10.007066121935882,10.001698088344453
hm-a10-g1-L5p3-n3-beta0__N0048__Aminus_0p01,hm-a10-g1-L5p3-n3-beta0__N0048__Aplus_0p01,hm-a10-g1-L5p3-n3-beta0,48,-0.01,21,2.31875,10.00554595156791,10.001332765275102
hm-a10-g1-L5p3-n3-beta0__N0048__Aminus_0p01,hm-a10-g1-L5p3-n3-beta0__N0048__Aplus_0p01,hm-a10-g1-L5p3-n3-beta0,48,-0.01,22,2.4291666666666667,10.003813013871488,10.000916075711404
hm-a10-g1-L5p3-n3-beta0__N0048__Aminus_0p01,hm-a10-g1-L5p3-n3-beta0__N0048__Aplus_0p01,hm-a10-g1-L5p3-n3-beta0,48,-0.01,23,2.5395833333333333,10.001934367709838,10.000464067140362
hm-a10-g1-L5p3-n3-beta0__N0048__Aminus_0p01,hm-a10-g1-L5p3-n3-beta0__N0048__Aplus_0p01,hm-a10-g1-L5p3-n3-beta0,48,-0.01,24,2.65,9.999982516532986,9.999994132899614
hm-a10-g1-L5p3-n3-beta0__N0048__Aminus_0p01,hm-a10-g1-L5p3-n3-beta0__N0048__Aplus_0p01,hm-a10-g1-L5p3-n3-beta0,48,-0.01,25,2.7604166666666665,9.998032575462313,9.999524340283752
hm-a10-g1-L5p3-n3-beta0__N0048__Aminus_0p01,hm-a10-g1-L5p3-n3-beta0__N0048__Aplus_0p01,hm-a10-g1-L5p3-n3-beta0,48,-0.01,26,2.870833333333333,9.996159368825955,9.999072735026326
hm-a10-g1-L5p3-n3-beta0__N0048__Aminus_0p01,hm-a10-g1-L5p3-n3-beta0__N0048__Aplus_0p01,hm-a10-g1-L5p3-n3-beta0,48,-0.01,27,2.9812499999999997,9.99443457196304,9.998656649064285
hm-a10-g1-L5p3-n3-beta0__N0048__Aminus_0p01,hm-a10-g1-L5p3-n3-beta0__N0048__Aplus_0p01,hm-a10-g1-L5p3-n3-beta0,48,-0.01,28,3.091666666666667,9.992924004376196,9.9982920379919
hm-a10-g1-L5p3-n3-beta0__N0048__Aminus_0p01,hm-a10-g1-L5p3-n3-beta0__N0048__Aplus_0p01,hm-a10-g1-L5p3-n3-beta0,48,-0.01,29,3.2020833333333334,9.991685170922693,9.997992873127963
hm-a10-g1-L5p3-n3-beta0__N0048__Aminus_0p01,hm-a10-g1-L5p3-n3-beta0__N0048__Aplus_0p01,hm-a10-g1-L5p3-n3-beta0,48,-0.01,30,3.3125,9.990765134774664,9.99777061076183
hm-a10-g1-L5p3-n3-beta0__N0048__Aminus_0p01,hm-a10-g1-L5p3-n3-beta0__N0048__Aplus_0p01,hm-a10-g1-L5p3-n3-beta0,48,-0.01,31,3.4229166666666666,9.990198791343278,9.99763375804
hm-a10-g1-L5p3-n3-beta0__N0048__Aminus_0p01,hm-a10-g1-L5p3-n3-beta0__N0048__Aplus_0p01,hm-a10-g1-L5p3-n3-beta0,48,-0.01,32,3.533333333333333,9.990007597054904,9.997587551244605
hm-a10-g1-L5p3-n3-beta0__N0048__Aminus_0p01,hm-a10-g1-L5p3-n3-beta0__N0048__Aplus_0p01,hm-a10-g1-L5p3-n3-beta0,48,-0.01,33,3.64375,9.990198791343289,9.997633758040005
hm-a10-g1-L5p3-n3-beta0__N0048__Aminus_0p01,hm-a10-g1-L5p3-n3-beta0__N0048__Aplus_0p01,hm-a10-g1-L5p3-n3-beta0,48,-0.01,34,3.7541666666666664,9.990765134774685,9.99777061076184
hm-a10-g1-L5p3-n3-beta0__N0048__Aminus_0p01,hm-a10-g1-L5p3-n3-beta0__N0048__Aplus_0p01,hm-a10-g1-L5p3-n3-beta0,48,-0.01,35,3.864583333333333,9.991685170922723,9.997992873127979
hm-a10-g1-L5p3-n3-beta0__N0048__Aminus_0p01,hm-a10-g1-L5p3-n3-beta0__N0048__Aplus_0p01,hm-a10-g1-L5p3-n3-beta0,48,-0.01,36,3.9749999999999996,9.992924004376237,9.998292037991922
hm-a10-g1-L5p3-n3-beta0__N0048__Aminus_0p01,hm-a10-g1-L5p3-n3-beta0__N0048__Aplus_0p01,hm-a10-g1-L5p3-n3-beta0,48,-0.01,37,4.085416666666666,9.994434571963092,9.998656649064312
hm-a10-g1-L5p3-n3-beta0__N0048__Aminus_0p01,hm-a10-g1-L5p3-n3-beta0__N0048__Aplus_0p01,hm-a10-g1-L5p3-n3-beta0,48,-0.01,38,4.195833333333333,9.996159368826019,9.99907273502636
hm-a10-g1-L5p3-n3-beta0__N0048__Aminus_0p01,hm-a10-g1-L5p3-n3-beta0__N0048__Aplus_0p01,hm-a10-g1-L5p3-n3-beta0,48,-0.01,39,4.3062499999999995,9.998032575462387,9.999524340283791
hm-a10-g1-L5p3-n3-beta0__N0048__Aminus_0p01,hm-a10-g1-L5p3-n3-beta0__N0048__Aplus_0p01,hm-a10-g1-L5p3-n3-beta0,48,-0.01,40,4.416666666666666,9.999982516533075,9.999994132899657
hm-a10-g1-L5p3-n3-beta0__N0048__Aminus_0p01,hm-a10-g1-L5p3-n3-beta0__N0048__Aplus_0p01,hm-a10-g1-L5p3-n3-beta0,48,-0.01,41,4.527083333333334,10.001934367709941,10.000464067140404
hm-a10-g1-L5p3-n3-beta0__N0048__Aminus_0p01,hm-a10-g1-L5p3-n3-beta0__N0048__Aplus_0p01,hm-a10-g1-L5p3-n3-beta0,48,-0.01,42,4.6375,10.003813013871605,10.00091607571145
hm-a10-g1-L5p3-n3-beta0__N0048__Aminus_0p01,hm-a10-g1-L5p3-n3-beta0__N0048__Aplus_0p01,hm-a10-g1-L5p3-n3-beta0,48,-0.01,43,4.747916666666667,10.005545951568042,10.00133276527515
hm-a10-g1-L5p3-n3-beta0__N0048__Aminus_0p01,hm-a10-g1-L5p3-n3-beta0__N0048__Aplus_0p01,hm-a10-g1-L5p3-n3-beta0,48,-0.01,44,4.858333333333333,10.007066121936028,10.001698088344506
hm-a10-g1-L5p3-n3-beta0__N0048__Aminus_0p01,hm-a10-g1-L5p3-n3-beta0__N0048__Aplus_0p01,hm-a10-g1-L5p3-n3-beta0,48,-0.01,45,4.96875,10.008314558185022,10.001997965205707
hm-a10-g1-L5p3-n3-beta0__N0048__Aminus_0p01,hm-a10-g1-L5p3-n3-beta0__N0048__Aplus_0p01,hm-a10-g1-L5p3-n3-beta0,48,-0.01,46,5.079166666666667,10.009242735201223,10.002220831174201
hm-a10-g1-L5p3-n3-beta0__N0048__Aminus_0p01,hm-a10-g1-L5p3-n3-beta0__N0048__Aplus_0p01,hm-a10-g1-L5p3-n3-beta0,48,-0.01,47,5.189583333333333,10.009814518192567,10.002358087210354
hm-a10-g1-L5p3-n3-beta0__N0048__Aminus_0p01,hm-a10-g1-L5p3-n3-beta0__N0048__Aplus_0p01,hm-a10-g1-L5p3-n3-beta0,48,-0.01,48,5.3,10.01000762260148,10.002404435630929
hm-a10-g1-L5p3-n3-beta0__N0048__Aminus_0p005,hm-a10-g1-L5p3-n3-beta0__N0048__Aplus_0p005,hm-a10-g1-L5p3-n3-beta0,48,-0.005,0,0.0,9.995001900856538,9.998794777431577
hm-a10-g1-L5p3-n3-beta0__N0048__Aminus_0p005,hm-a10-g1-L5p3-n3-beta0__N0048__Aplus_0p005,hm-a10-g1-L5p3-n3-beta0,48,-0.005,1,0.11041666666666666,9.995097735959463,9.998817898504274
hm-a10-g1-L5p3-n3-beta0__N0048__Aminus_0p005,hm-a10-g1-L5p3-n3-beta0__N0048__Aplus_0p005,hm-a10-g1-L5p3-n3-beta0,48,-0.005,2,0.22083333333333333,9.995381585472824,9.998886375204526
hm-a10-g1-L5p3-n3-beta0__N0048__Aminus_0p005,hm-a10-g1-L5p3-n3-beta0__N0048__Aplus_0p005,hm-a10-g1-L5p3-n3-beta0,48,-0.005,3,0.33125,9.995842618390546,9.99899758174139
hm-a10-g1-L5p3-n3-beta0__N0048__Aminus_0p005,hm-a10-g1-L5p3-n3-beta0__N0048__Aplus_0p005,hm-a10-g1-L5p3-n3-beta0,48,-0.005,4,0.44166666666666665,9.996463233016136,9.999147253087513
hm-a10-g1-L5p3-n3-beta0__N0048__Aminus_0p005,hm-a10-g1-L5p3-n3-beta0__N0048__Aplus_0p005,hm-a10-g1-L5p3-n3-beta0,48,-0.005,5,0.5520833333333333,9.997219715846885,9.999329647577644
hm-a10-g1-L5p3-n3-beta0__N0048__Aminus_0p005,hm-a10-g1-L5p3-n3-beta0__N0048__Aplus_0p005,hm-a10-g1-L5p3-n3-beta0,48,-0.005,6,0.6625,9.998083132154553,9.999537766018435
hm-a10-g1-L5p3-n3-beta0__N0048__Aminus_0p005,hm-a10-g1-L5p3-n3-beta0__N0048__Aplus_0p005,hm-a10-g1-L5p3-n3-beta0,48,-0.005,7,0.7729166666666667,9.999020417176657,9.999763619122952
hm-a10-g1-L5p3-n3-beta0__N0048__Aminus_0p005,hm-a10-g1-L5p3-n3-beta0__N0048__Aplus_0p005,hm-a10-g1-L5p3-n3-beta0,48,-0.005,8,0.8833333333333333,9.999995629135983,9.999998533226892
hm-a10-g1-L5p3-n3-beta0__N0048__Aminus_0p005,hm-a10-g1-L5p3-n3-beta0__N0048__Aplus_0p005,hm-a10-g1-L5p3-n3-beta0,48,-0.005,9,0.9937499999999999,10.00097131862269,10.000233482737043
hm-a10-g1-L5p3-n3-beta0__N0048__Aminus_0p005,hm-a10-g1-L5p3-n3-beta0__N0048__Aplus_0p005,hm-a10-g1-L5p3-n3-beta0,48,-0.005,10,1.1041666666666665,10.001909963527927,10.000459436669924
hm-a10-g1-L5p3-n3-beta0__N0048__Aminus_0p005,hm-a10-g1-L5p3-n3-beta0__N0048__Aplus_0p005,hm-a10-g1-L5p3-n3-beta0,48,-0.005,11,1.2145833333333333,10.002775415045063,10.000667706011031
hm-a10-g1-L5p3-n3-beta0__N0048__Aminus_0p005,hm-a10-g1-L5p3-n3-beta0__N0048__Aplus_0p005,hm-a10-g1-L5p3-n3-beta0,48,-0.005,12,1.325,10.003534298569896,10.00085027850024
hm-a10-g1-L5p3-n3-beta0__N0048__Aminus_0p005,hm-a10-g1-L5p3-n3-beta0__N0048__Aplus_0p005,hm-a10-g1-L5p3-n3-beta0,48,-0.005,13,1.4354166666666666,10.004157313890468,10.001000127845455
hm-a10-g1-L5p3-n3-beta0__N0048__Aminus_0p005,hm-a10-g1-L5p3-n3-beta0__N0048__Aplus_0p005,hm-a10-g1-L5p3-n3-beta0,48,-0.005,14,1.5458333333333334,10.004620382019827,10.001111485282681
hm-a10-g1-L5p3-n3-beta0__N0048__Aminus_0p005,hm-a10-g1-L5p3-n3-beta0__N0048__Aplus_0p005,hm-a10-g1-L5p3-n3-beta0,48,-0.005,15,1.65625,10.004905591418487,10.001180062811335
hm-a10-g1-L5p3-n3-beta0__N0048__Aminus_0p005,hm-a10-g1-L5p3-n3-beta0__N0048__Aplus_0p005,hm-a10-g1-L5p3-n3-beta0,48,-0.005,16,1.7666666666666666,10.005001904049697,10.00120321929026
hm-a10-g1-L5p3-n3-beta0__N0048__Aminus_0p005,hm-a10-g1-L5p3-n3-beta0__N0048__Aplus_0p005,hm-a10-g1-L5p3-n3-beta0,48,-0.005,17,1.8770833333333332,10.004905591418492,10.001180062811331
hm-a10-g1-L5p3-n3-beta0__N0048__Aminus_0p005,hm-a10-g1-L5p3-n3-beta0__N0048__Aplus_0p005,hm-a10-g1-L5p3-n3-beta0,48,-0.005,18,1.9874999999999998,10.004620382019837,10.001111485282674
hm-a10-g1-L5p3-n3-beta0__N0048__Aminus_0p005,hm-a10-g1-L5p3-n3-beta0__N0048__Aplus_0p005,hm-a10-g1-L5p3-n3-beta0,48,-0.005,19,2.0979166666666664,10.004157313890481,10.001000127845446
hm-a10-g1-L5p3-n3-beta0__N0048__Aminus_0p005,hm-a10-g1-L5p3-n3-beta0__N0048__Aplus_0p005,hm-a10-g1-L5p3-n3-beta0,48,-0.005,20,2.208333333333333,10.00353429856991,10.000850278500225
hm-a10-g1-L5p3-n3-beta0__N0048__Aminus_0p005,hm-a10-g1-L5p3-n3-beta0__N0048__Aplus_0p005,hm-a10-g1-L5p3-n3-beta0,48,-0.005,21,2.31875,10.002775415045072,10.000667706011013
hm-a10-g1-L5p3-n3-beta0__N0048__Aminus_0p005,hm-a10-g1-L5p3-n3-beta0__N0048__Aplus_0p005,hm-a10-g1-L5p3-n3-beta0,48,-0.005,22,2.4291666666666667,10.00190996352793,10.000459436669905
hm-a10-g1-L5p3-n3-beta0__N0048__Aminus_0p005,hm-a10-g1-L5p3-n3-beta0__N0048__Aplus_0p005,hm-a10-g1-L5p3-n3-beta0,48,-0.005,23,2.5395833333333333,10.000971318622684,10.00023348273702
hm-a10-g1-L5p3-n3-beta0__N0048__Aminus_0p005,hm-a10-g1-L5p3-n3-beta0__N0048__Aplus_0p005,hm-a10-g1-L5p3-n3-beta0,48,-0.005,24,2.65,9.999995629135961,9.999998533226865
hm-a10-g1-L5p3-n3-beta0__N0048__Aminus_0p005,hm-a10-g1-L5p3-n3-beta0__N0048__Aplus_0p005,hm-a10-g1-L5p3-n3-beta0,48,-0.005,25,2.7604166666666665,9.999020417176618,9.999763619122923
hm-a10-g1-L5p3-n3-beta0__N0048__Aminus_0p005,hm-a10-g1-L5p3-n3-beta0__N0048__Aplus_0p005,hm-a10-g1-L5p3-n3-beta0,48,-0.005,26,2.870833333333333,9.998083132154495,9.999537766018403
hm-a10-g1-L5p3-n3-beta0__N0048__Aminus_0p005,hm-a10-g1-L5p3-n3-beta0__N0048__Aplus_0p005,hm-a10-g1-L5p3-n3-beta0,48,-0.005,27,2.9812499999999997,9.997219715846809,9.999329647577614
hm-a10-g1-L5p3-n3-beta0__N0048__Aminus_0p005,hm-a10-g1-L5p3-n3-beta0__N0048__Aplus_0p005,hm-a10-g1-L5p3-n3-beta0,48,-0.005,28,3.091666666666667,9.99646323301604,9.99914725308748
hm-a10-g1-L5p3-n3-beta0__N0048__Aminus_0p005,hm-a10-g1-L5p3-n3-beta0__N0048__Aplus_0p005,hm-a10-g1-L5p3-n3-beta0,48,-0.005,29,3.2020833333333334,9.995842618390434,9.99899758174136
hm-a10-g1-L5p3-n3-beta0__N0048__Aminus_0p005,hm-a10-g1-L5p3-n3-beta0__N0048__Aplus_0p005,hm-a10-g1-L5p3-n3-beta0,48,-0.005,30,3.3125,9.995381585472702,9.998886375204494
hm-a10-g1-L5p3-n3-beta0__N0048__Aminus_0p005,hm-a10-g1-L5p3-n3-beta0__N0048__Aplus_0p005,hm-a10-g1-L5p3-n3-beta0,48,-0.005,31,3.4229166666666666,9.995097735959336,9.998817898504244
hm-a10-g1-L5p3-n3-beta0__N0048__Aminus_0p005,hm-a10-g1-L5p3-n3-beta0__N0048__Aplus_0p005,hm-a10-g1-L5p3-n3-beta0,48,-0.005,32,3.533333333333333,9.995001900856408,9.998794777431549
hm-a10-g1-L5p3-n3-beta0__N0048__Aminus_0p005,hm-a10-g1-L5p3-n3-beta0__N0048__Aplus_0p005,hm-a10-g1-L5p3-n3-beta0,48,-0.005,33,3.64375,9.995097735959341,9.998817898504248
hm-a10-g1-L5p3-n3-beta0__N0048__Aminus_0p005,hm-a10-g1-L5p3-n3-beta0__N0048__Aplus_0p005,hm-a10-g1-L5p3-n3-beta0,48,-0.005,34,3.7541666666666664,9.995381585472712,9.998886375204503
hm-a10-g1-L5p3-n3-beta0__N0048__Aminus_0p005,hm-a10-g1-L5p3-n3-beta0__N0048__Aplus_0p005,hm-a10-g1-L5p3-n3-beta0,48,-0.005,35,3.864583333333333,9.99584261839045,9.99899758174137
hm-a10-g1-L5p3-n3-beta0__N0048__Aminus_0p005,hm-a10-g1-L5p3-n3-beta0__N0048__Aplus_0p005,hm-a10-g1-L5p3-n3-beta0,48,-0.005,36,3.9749999999999996,9.99646323301606,9.999147253087495
hm-a10-g1-L5p3-n3-beta0__N0048__Aminus_0p005,hm-a10-g1-L5p3-n3-beta0__N0048__Aplus_0p005,hm-a10-g1-L5p3-n3-beta0,48,-0.005,37,4.085416666666666,9.997219715846835,9.999329647577632
hm-a10-g1-L5p3-n3-beta0__N0048__Aminus_0p005,hm-a10-g1-L5p3-n3-beta0__N0048__Aplus_0p005,hm-a10-g1-L5p3-n3-beta0,48,-0.005,38,4.195833333333333,9.99808313215453,9.999537766018426
hm-a10-g1-L5p3-n3-beta0__N0048__Aminus_0p005,hm-a10-g1-L5p3-n3-beta0__N0048__Aplus_0p005,hm-a10-g1-L5p3-n3-beta0,48,-0.005,39,4.3062499999999995,9.999020417176666,9.99976361912295
hm-a10-g1-L5p3-n3-beta0__N0048__Aminus_0p005,hm-a10-g1-L5p3-n3-beta0__N0048__Aplus_0p005,hm-a10-g1-L5p3-n3-beta0,48,-0.005,40,4.416666666666666,9.99999562913602,9.999998533226895
hm-a10-g1-L5p3-n3-beta0__N0048__Aminus_0p005,hm-a10-g1-L5p3-n3-beta0__N0048__Aplus_0p005,hm-a10-g1-L5p3-n3-beta0,48,-0.005,41,4.527083333333334,10.000971318622756,10.000233482737052
hm-a10-g1-L5p3-n3-beta0__N0048__Aminus_0p005,hm-a10-g1-L5p3-n3-beta0__N0048__Aplus_0p005,hm-a10-g1-L5p3-n3-beta0,48,-0.005,42,4.6375,10.001909963528018,10.000459436669939
hm-a10-g1-L5p3-n3-beta0__N0048__Aminus_0p005,hm-a10-g1-L5p3-n3-beta0__N0048__Aplus_0p005,hm-a10-g1-L5p3-n3-beta0,48,-0.005,43,4.747916666666667,10.002775415045175,10.00066770601105
hm-a10-g1-L5p3-n3-beta0__N0048__Aminus_0p005,hm-a10-g1-L5p3-n3-beta0__N0048__Aplus_0p005,hm-a10-g1-L5p3-n3-beta0,48,-0.005,44,4.858333333333333,10.003534298570026,10.000850278500264
hm-a10-g1-L5p3-n3-beta0__N0048__Aminus_0p005,hm-a10-g1-L5p3-n3-beta0__N0048__Aplus_0p005,hm-a10-g1-L5p3-n3-beta0,48,-0.005,45,4.96875,10.00415731389061,10.001000127845487
hm-a10-g1-L5p3-n3-beta0__N0048__Aminus_0p005,hm-a10-g1-L5p3-n3-beta0__N0048__Aplus_0p005,hm-a10-g1-L5p3-n3-beta0,48,-0.005,46,5.079166666666667,10.004620382019976,10.001111485282717
hm-a10-g1-L5p3-n3-beta0__N0048__Aminus_0p005,hm-a10-g1-L5p3-n3-beta0__N0048__Aplus_0p005,hm-a10-g1-L5p3-n3-beta0,48,-0.005,47,5.189583333333333,10.00490559141864,10.001180062811375
hm-a10-g1-L5p3-n3-beta0__N0048__Aminus_0p005,hm-a10-g1-L5p3-n3-beta0__N0048__Aplus_0p005,hm-a10-g1-L5p3-n3-beta0,48,-0.005,48,5.3,10.005001904049847,10.001203219290302
hm-a10-g1-L5p3-n3-beta0__N0048__Aminus_0p0025,hm-a10-g1-L5p3-n3-beta0__N0048__Aplus_0p0025,hm-a10-g1-L5p3-n3-beta0,48,-0.0025,0,0.0,9.997500475413394,9.999397639146498
hm-a10-g1-L5p3-n3-beta0__N0048__Aminus_0p0025,hm-a10-g1-L5p3-n3-beta0__N0048__Aplus_0p0025,hm-a10-g1-L5p3-n3-beta0,48,-0.0025,1,0.11041666666666666,9.997548452555042,9.999409204105104
hm-a10-g1-L5p3-n3-beta0__N0048__Aminus_0p0025,hm-a10-g1-L5p3-n3-beta0__N0048__Aplus_0p0025,hm-a10-g1-L5p3-n3-beta0,48,-0.0025,2,0.22083333333333333,9.997690547028819,9.999443455049406
hm-a10-g1-L5p3-n3-beta0__N0048__Aminus_0p0025,hm-a10-g1-L5p3-n3-beta0__N0048__Aplus_0p0025,hm-a10-g1-L5p3-n3-beta0,48,-0.0025,3,0.33125,9.997921317543359,9.999499077168315
hm-a10-g1-L5p3-n3-beta0__N0048__Aminus_0p0025,hm-a10-g1-L5p3-n3-beta0__N0048__Aplus_0p0025,hm-a10-g1-L5p3-n3-beta0,48,-0.0025,4,0.44166666666666665,9.998231924636572,9.999573935080567
hm-a10-g1-L5p3-n3-beta0__N0048__Aminus_0p0025,hm-a10-g1-L5p3-n3-beta0__N0048__Aplus_0p0025,hm-a10-g1-L5p3-n3-beta0,48,-0.0025,5,0.5520833333333333,9.998610465974872,9.999665154569803
hm-a10-g1-L5p3-n3-beta0__N0048__Aminus_0p0025,hm-a10-g1-L5p3-n3-beta0__N0048__Aplus_0p0025,hm-a10-g1-L5p3-n3-beta0,48,-0.0025,6,0.6625,9.999042428563916,9.999769232653929
hm-a10-g1-L5p3-n3-beta0__N0048__Aminus_0p0025,hm-a10-g1-L5p3-n3-beta0__N0048__Aplus_0p0025,hm-a10-g1-L5p3-n3-beta0,48,-0.0025,7,0.7729166666666667,9.999511241280816,9.99988217181743
hm-a10-g1-L5p3-n3-beta0__N0048__Aminus_0p0025,hm-a10-g1-L5p3-n3-beta0__N0048__Aplus_0p0025,hm-a10-g1-L5p3-n3-beta0,48,-0.0025,8,0.8833333333333333,9.99999890728401,9.999999633306789
hm-a10-g1-L5p3-n3-beta0__N0048__Aminus_0p0025,hm-a10-g1-L5p3-n3-beta0__N0048__Aplus_0p0025,hm-a10-g1-L5p3-n3-beta0,48,-0.0025,9,0.9937499999999999,10.000486692669103,10.0001171036477
hm-a10-g1-L5p3-n3-beta0__N0048__Aminus_0p0025,hm-a10-g1-L5p3-n3-beta0__N0048__Aplus_0p0025,hm-a10-g1-L5p3-n3-beta0,48,-0.0025,10,1.1041666666666665,10.000955845356906,10.00023006801829
hm-a10-g1-L5p3-n3-beta0__N0048__Aminus_0p0025,hm-a10-g1-L5p3-n3-beta0__N0048__Aplus_0p0025,hm-a10-g1-L5p3-n3-beta0,48,-0.0025,11,1.2145833333333333,10.001388316748393,10.000334183827489
hm-a10-g1-L5p3-n3-beta0__N0048__Aminus_0p0025,hm-a10-g1-L5p3-n3-beta0__N0048__Aplus_0p0025,hm-a10-g1-L5p3-n3-beta0,48,-0.0025,12,1.325,10.00176745826015,10.00042544781648
hm-a10-g1-L5p3-n3-beta0__N0048__Aminus_0p0025,hm-a10-g1-L5p3-n3-beta0__N0048__Aplus_0p0025,hm-a10-g1-L5p3-n3-beta0,48,-0.0025,13,1.4354166666666666,10.002078665526879,10.000500350228492
hm-a10-g1-L5p3-n3-beta0__N0048__Aminus_0p0025,hm-a10-g1-L5p3-n3-beta0__N0048__Aplus_0p0025,hm-a10-g1-L5p3-n3-beta0,48,-0.0025,14,1.5458333333333334,10.002309944844002,10.000556010072478
hm-a10-g1-L5p3-n3-beta0__N0048__Aminus_0p0025,hm-a10-g1-L5p3-n3-beta0__N0048__Aplus_0p0025,hm-a10-g1-L5p3-n3-beta0,48,-0.0025,15,1.65625,10.002452379288822,10.000590286223867
hm-a10-g1-L5p3-n3-beta0__N0048__Aminus_0p0025,hm-a10-g1-L5p3-n3-beta0__N0048__Aplus_0p0025,hm-a10-g1-L5p3-n3-beta0,48,-0.0025,16,1.7666666666666666,10.002500475812433,10.000601860034026
hm-a10-g1-L5p3-n3-beta0__N0048__Aminus_0p0025,hm-a10-g1-L5p3-n3-beta0__N0048__Aplus_0p0025,hm-a10-g1-L5p3-n3-beta0,48,-0.0025,17,1.8770833333333332,10.002452379288837,10.000590286223867
hm-a10-g1-L5p3-n3-beta0__N0048__Aminus_0p0025,hm-a10-g1-L5p3-n3-beta0__N0048__Aplus_0p0025,hm-a10-g1-L5p3-n3-beta0,48,-0.0025,18,1.9874999999999998,10.00230994484403,10.000556010072478
hm-a10-g1-L5p3-n3-beta0__N0048__Aminus_0p0025,hm-a10-g1-L5p3-n3-beta0__N0048__Aplus_0p0025,hm-a10-g1-L5p3-n3-beta0,48,-0.0025,19,2.0979166666666664,10.002078665526918,10.000500350228494
hm-a10-g1-L5p3-n3-beta0__N0048__Aminus_0p0025,hm-a10-g1-L5p3-n3-beta0__N0048__Aplus_0p0025,hm-a10-g1-L5p3-n3-beta0,48,-0.0025,20,2.208333333333333,10.001767458260195,10.00042544781648
hm-a10-g1-L5p3-n3-beta0__N0048__Aminus_0p0025,hm-a10-g1-L5p3-n3-beta0__N0048__Aplus_0p0025,hm-a10-g1-L5p3-n3-beta0,48,-0.0025,21,2.31875,10.00138831674844,10.000334183827485
hm-a10-g1-L5p3-n3-beta0__N0048__Aminus_0p0025,hm-a10-g1-L5p3-n3-beta0__N0048__Aplus_0p0025,hm-a10-g1-L5p3-n3-beta0,48,-0.0025,22,2.4291666666666667,10.000955845356948,10.000230068018286
hm-a10-g1-L5p3-n3-beta0__N0048__Aminus_0p0025,hm-a10-g1-L5p3-n3-beta0__N0048__Aplus_0p0025,hm-a10-g1-L5p3-n3-beta0,48,-0.0025,23,2.5395833333333333,10.000486692669138,10.000117103647693
hm-a10-g1-L5p3-n3-beta0__N0048__Aminus_0p0025,hm-a10-g1-L5p3-n3-beta0__N0048__Aplus_0p0025,hm-a10-g1-L5p3-n3-beta0,48,-0.0025,24,2.65,9.99999890728403,9.999999633306778
hm-a10-g1-L5p3-n3-beta0__N0048__Aminus_0p0025,hm-a10-g1-L5p3-n3-beta0__N0048__Aplus_0p0025,hm-a10-g1-L5p3-n3-beta0,48,-0.0025,25,2.7604166666666665,9.999511241280821,9.999882171817418
hm-a10-g1-L5p3-n3-beta0__N0048__Aminus_0p0025,hm-a10-g1-L5p3-n3-beta0__N0048__Aplus_0p0025,hm-a10-g1-L5p3-n3-beta0,48,-0.0025,26,2.870833333333333,9.9990424285639,9.999769232653913
hm-a10-g1-L5p3-n3-beta0__N0048__Aminus_0p0025,hm-a10-g1-L5p3-n3-beta0__N0048__Aplus_0p0025,hm-a10-g1-L5p3-n3-beta0,48,-0.0025,27,2.9812499999999997,9.998610465974833,9.999665154569787
hm-a10-g1-L5p3-n3-beta0__N0048__Aminus_0p0025,hm-a10-g1-L5p3-n3-beta0__N0048__Aplus_0p0025,hm-a10-g1-L5p3-n3-beta0,48,-0.0025,28,3.091666666666667,9.998231924636512,9.999573935080551
hm-a10-g1-L5p3-n3-beta0__N0048__Aminus_0p0025,hm-a10-g1-L5p3-n3-beta0__N0048__Aplus_0p0025,hm-a10-g1-L5p3-n3-beta0,48,-0.0025,29,3.2020833333333334,9.997921317543279,9.999499077168299
hm-a10-g1-L5p3-n3-beta0__N0048__Aminus_0p0025,hm-a10-g1-L5p3-n3-beta0__N0048__Aplus_0p0025,hm-a10-g1-L5p3-n3-beta0,48,-0.0025,30,3.3125,9.997690547028725,9.999443455049388
hm-a10-g1-L5p3-n3-beta0__N0048__Aminus_0p0025,hm-a10-g1-L5p3-n3-beta0__N0048__Aplus_0p0025,hm-a10-g1-L5p3-n3-beta0,48,-0.0025,31,3.4229166666666666,9.997548452554936,9.999409204105087
hm-a10-g1-L5p3-n3-beta0__N0048__Aminus_0p0025,hm-a10-g1-L5p3-n3-beta0__N0048__Aplus_0p0025,hm-a10-g1-L5p3-n3-beta0,48,-0.0025,32,3.533333333333333,9.997500475413283,9.99939763914648
hm-a10-g1-L5p3-n3-beta0__N0048__Aminus_0p0025,hm-a10-g1-L5p3-n3-beta0__N0048__Aplus_0p0025,hm-a10-g1-L5p3-n3-beta0,48,-0.0025,33,3.64375,9.997548452554932,9.999409204105088
hm-a10-g1-L5p3-n3-beta0__N0048__Aminus_0p0025,hm-a10-g1-L5p3-n3-beta0__N0048__Aplus_0p0025,hm-a10-g1-L5p3-n3-beta0,48,-0.0025,34,3.7541666666666664,9.997690547028718,9.999443455049393
hm-a10-g1-L5p3-n3-beta0__N0048__Aminus_0p0025,hm-a10-g1-L5p3-n3-beta0__N0048__Aplus_0p0025,hm-a10-g1-L5p3-n3-beta0,48,-0.0025,35,3.864583333333333,9.99792131754327,9.999499077168304
hm-a10-g1-L5p3-n3-beta0__N0048__Aminus_0p0025,hm-a10-g1-L5p3-n3-beta0__N0048__Aplus_0p0025,hm-a10-g1-L5p3-n3-beta0,48,-0.0025,36,3.9749999999999996,9.998231924636505,9.999573935080559
hm-a10-g1-L5p3-n3-beta0__N0048__Aminus_0p0025,hm-a10-g1-L5p3-n3-beta0__N0048__Aplus_0p0025,hm-a10-g1-L5p3-n3-beta0,48,-0.0025,37,4.085416666666666,9.998610465974828,9.999665154569799
hm-a10-g1-L5p3-n3-beta0__N0048__Aminus_0p0025,hm-a10-g1-L5p3-n3-beta0__N0048__Aplus_0p0025,hm-a10-g1-L5p3-n3-beta0,48,-0.0025,38,4.195833333333333,9.9990424285639,9.999769232653929
hm-a10-g1-L5p3-n3-beta0__N0048__Aminus_0p0025,hm-a10-g1-L5p3-n3-beta0__N0048__Aplus_0p0025,hm-a10-g1-L5p3-n3-beta0,48,-0.0025,39,4.3062499999999995,9.99951124128083,9.999882171817436
hm-a10-g1-L5p3-n3-beta0__N0048__Aminus_0p0025,hm-a10-g1-L5p3-n3-beta0__N0048__Aplus_0p0025,hm-a10-g1-L5p3-n3-beta0,48,-0.0025,40,4.416666666666666,9.999998907284054,9.9999996333068
hm-a10-g1-L5p3-n3-beta0__N0048__Aminus_0p0025,hm-a10-g1-L5p3-n3-beta0__N0048__Aplus_0p0025,hm-a10-g1-L5p3-n3-beta0,48,-0.0025,41,4.527083333333334,10.000486692669176,10.000117103647714
hm-a10-g1-L5p3-n3-beta0__N0048__Aminus_0p0025,hm-a10-g1-L5p3-n3-beta0__N0048__Aplus_0p0025,hm-a10-g1-L5p3-n3-beta0,48,-0.0025,42,4.6375,10.000955845357003,10.000230068018311
hm-a10-g1-L5p3-n3-beta0__N0048__Aminus_0p0025,hm-a10-g1-L5p3-n3-beta0__N0048__Aplus_0p0025,hm-a10-g1-L5p3-n3-beta0,48,-0.0025,43,4.747916666666667,10.001388316748514,10.000334183827514
hm-a10-g1-L5p3-n3-beta0__N0048__Aminus_0p0025,hm-a10-g1-L5p3-n3-beta0__N0048__Aplus_0p0025,hm-a10-g1-L5p3-n3-beta0,48,-0.0025,44,4.858333333333333,10.00176745826029,10.000425447816513
hm-a10-g1-L5p3-n3-beta0__N0048__Aminus_0p0025,hm-a10-g1-L5p3-n3-beta0__N0048__Aplus_0p0025,hm-a10-g1-L5p3-n3-beta0,48,-0.0025,45,4.96875,10.00207866552703,10.00050035022853
hm-a10-g1-L5p3-n3-beta0__N0048__Aminus_0p0025,hm-a10-g1-L5p3-n3-beta0__N0048__Aplus_0p0025,hm-a10-g1-L5p3-n3-beta0,48,-0.0025,46,5.079166666666667,10.002309944844157,10.000556010072517
hm-a10-g1-L5p3-n3-beta0__N0048__Aminus_0p0025,hm-a10-g1-L5p3-n3-beta0__N0048__Aplus_0p0025,hm-a10-g1-L5p3-n3-beta0,48,-0.0025,47,5.189583333333333,10.002452379288977,10.000590286223911
hm-a10-g1-L5p3-n3-beta0__N0048__Aminus_0p0025,hm-a10-g1-L5p3-n3-beta0__N0048__Aplus_0p0025,hm-a10-g1-L5p3-n3-beta0,48,-0.0025,48,5.3,10.002500475812584,10.00060186003407
hm-a10-g1-L5p3-n3-beta0__N0048__Aplus_0p0025,hm-a10-g1-L5p3-n3-beta0__N0048__Aminus_0p0025,hm-a10-g1-L5p3-n3-beta0,48,0.0025,0,0.0,10.00250047581257,10.00060186003406
hm-a10-g1-L5p3-n3-beta0__N0048__Aplus_0p0025,hm-a10-g1-L5p3-n3-beta0__N0048__Aminus_0p0025,hm-a10-g1-L5p3-n3-beta0,48,0.0025,1,0.11041666666666666,10.002452379288961,10.000590286223899
hm-a10-g1-L5p3-n3-beta0__N0048__Aplus_0p0025,hm-a10-g1-L5p3-n3-beta0__N0048__Aminus_0p0025,hm-a10-g1-L5p3-n3-beta0,48,0.0025,2,0.22083333333333333,10.00230994484414,10.000556010072506
hm-a10-g1-L5p3-n3-beta0__N0048__Aplus_0p0025,hm-a10-g1-L5p3-n3-beta0__N0048__Aminus_0p0025,hm-a10-g1-L5p3-n3-beta0,48,0.0025,3,0.33125,10.002078665527009,10.000500350228517
hm-a10-g1-L5p3-n3-beta0__N0048__Aplus_0p0025,hm-a10-g1-L5p3-n3-beta0__N0048__Aminus_0p0025,hm-a10-g1-L5p3-n3-beta0,48,0.0025,4,0.44166666666666665,10.001767458260264,10.000425447816502
hm-a10-g1-L5p3-n3-beta0__N0048__Aplus_0p0025,hm-a10-g1-L5p3-n3-beta0__N0048__Aminus_0p0025,hm-a10-g1-L5p3-n3-beta0,48,0.0025,5,0.5520833333333333,10.001388316748486,10.000334183827505
hm-a10-g1-L5p3-n3-beta0__N0048__Aplus_0p0025,hm-a10-g1-L5p3-n3-beta0__N0048__Aminus_0p0025,hm-a10-g1-L5p3-n3-beta0,48,0.0025,6,0.6625,10.00095584535697,10.000230068018302
hm-a10-g1-L5p3-n3-beta0__N0048__Aplus_0p0025,hm-a10-g1-L5p3-n3-beta0__N0048__Aminus_0p0025,hm-a10-g1-L5p3-n3-beta0,48,0.0025,7,0.7729166666666667,10.000486692669138,10.000117103647705
hm-a10-g1-L5p3-n3-beta0__N0048__Aplus_0p0025,hm-a10-g1-L5p3-n3-beta0__N0048__Aminus_0p0025,hm-a10-g1-L5p3-n3-beta0,48,0.0025,8,0.8833333333333333,9.999998907284013,9.99999963330679
hm-a10-g1-L5p3-n3-beta0__N0048__Aplus_0p0025,hm-a10-g1-L5p3-n3-beta0__N0048__Aminus_0p0025,hm-a10-g1-L5p3-n3-beta0,48,0.0025,9,0.9937499999999999,9.999511241280787,9.999882171817427
hm-a10-g1-L5p3-n3-beta0__N0048__Aplus_0p0025,hm-a10-g1-L5p3-n3-beta0__N0048__Aminus_0p0025,hm-a10-g1-L5p3-n3-beta0,48,0.0025,10,1.1041666666666665,9.99904242856386,9.99976923265392
hm-a10-g1-L5p3-n3-beta0__N0048__Aplus_0p0025,hm-a10-g1-L5p3-n3-beta0__N0048__Aminus_0p0025,hm-a10-g1-L5p3-n3-beta0,48,0.0025,11,1.2145833333333333,9.998610465974789,9.99966515456979
hm-a10-g1-L5p3-n3-beta0__N0048__Aplus_0p0025,hm-a10-g1-L5p3-n3-beta0__N0048__Aminus_0p0025,hm-a10-g1-L5p3-n3-beta0,48,0.0025,12,1.325,9.998231924636471,9.99957393508055
hm-a10-g1-L5p3-n3-beta0__N0048__Aplus_0p0025,hm-a10-g1-L5p3-n3-beta0__N0048__Aminus_0p0025,hm-a10-g1-L5p3-n3-beta0,48,0.0025,13,1.4354166666666666,9.997921317543243,9.999499077168293
hm-a10-g1-L5p3-n3-beta0__N0048__Aplus_0p0025,hm-a10-g1-L5p3-n3-beta0__N0048__Aminus_0p0025,hm-a10-g1-L5p3-n3-beta0,48,0.0025,14,1.5458333333333334,9.997690547028697,9.99944345504938
hm-a10-g1-L5p3-n3-beta0__N0048__Aplus_0p0025,hm-a10-g1-L5p3-n3-beta0__N0048__Aminus_0p0025,hm-a10-g1-L5p3-n3-beta0,48,0.0025,15,1.65625,9.997548452554916,9.999409204105074
hm-a10-g1-L5p3-n3-beta0__N0048__Aplus_0p0025,hm-a10-g1-L5p3-n3-beta0__N0048__Aminus_0p0025,hm-a10-g1-L5p3-n3-beta0,48,0.0025,16,1.7666666666666666,9.997500475413272,9.999397639146466
hm-a10-g1-L5p3-n3-beta0__N0048__Aplus_0p0025,hm-a10-g1-L5p3-n3-beta0__N0048__Aminus_0p0025,hm-a10-g1-L5p3-n3-beta0,48,0.0025,17,1.8770833333333332,9.997548452554929,9.999409204105074
hm-a10-g1-L5p3-n3-beta0__N0048__Aplus_0p0025,hm-a10-g1-L5p3-n3-beta0__N0048__Aminus_0p0025,hm-a10-g1-L5p3-n3-beta0,48,0.0025,18,1.9874999999999998,9.997690547028716,9.999443455049377
hm-a10-g1-L5p3-n3-beta0__N0048__Aplus_0p0025,hm-a10-g1-L5p3-n3-beta0__N0048__Aminus_0p0025,hm-a10-g1-L5p3-n3-beta0,48,0.0025,19,2.0979166666666664,9.99792131754327,9.999499077168288
hm-a10-g1-L5p3-n3-beta0__N0048__Aplus_0p0025,hm-a10-g1-L5p3-n3-beta0__N0048__Aminus_0p0025,hm-a10-g1-L5p3-n3-beta0,48,0.0025,20,2.208333333333333,9.998231924636501,9.999573935080543
hm-a10-g1-L5p3-n3-beta0__N0048__Aplus_0p0025,hm-a10-g1-L5p3-n3-beta0__N0048__Aminus_0p0025,hm-a10-g1-L5p3-n3-beta0,48,0.0025,21,2.31875,9.99861046597482,9.999665154569781
hm-a10-g1-L5p3-n3-beta0__N0048__Aplus_0p0025,hm-a10-g1-L5p3-n3-beta0__N0048__Aminus_0p0025,hm-a10-g1-L5p3-n3-beta0,48,0.0025,22,2.4291666666666667,9.999042428563884,9.99976923265391
hm-a10-g1-L5p3-n3-beta0__N0048__Aplus_0p0025,hm-a10-g1-L5p3-n3-beta0__N0048__Aminus_0p0025,hm-a10-g1-L5p3-n3-beta0,48,0.0025,23,2.5395833333333333,9.999511241280803,9.999882171817415
hm-a10-g1-L5p3-n3-beta0__N0048__Aplus_0p0025,hm-a10-g1-L5p3-n3-beta0__N0048__Aminus_0p0025,hm-a10-g1-L5p3-n3-beta0,48,0.0025,24,2.65,9.999998907284013,9.999999633306773
hm-a10-g1-L5p3-n3-beta0__N0048__Aplus_0p0025,hm-a10-g1-L5p3-n3-beta0__N0048__Aminus_0p0025,hm-a10-g1-L5p3-n3-beta0,48,0.0025,25,2.7604166666666665,10.00048669266912,10.000117103647685
hm-a10-g1-L5p3-n3-beta0__N0048__Aplus_0p0025,hm-a10-g1-L5p3-n3-beta0__N0048__Aminus_0p0025,hm-a10-g1-L5p3-n3-beta0,48,0.0025,26,2.870833333333333,10.00095584535693,10.00023006801828
hm-a10-g1-L5p3-n3-beta0__N0048__Aplus_0p0025,hm-a10-g1-L5p3-n3-beta0__N0048__Aminus_0p0025,hm-a10-g1-L5p3-n3-beta0,48,0.0025,27,2.9812499999999997,10.001388316748423,10.000334183827482
hm-a10-g1-L5p3-n3-beta0__N0048__Aplus_0p0025,hm-a10-g1-L5p3-n3-beta0__N0048__Aminus_0p0025,hm-a10-g1-L5p3-n3-beta0,48,0.0025,28,3.091666666666667,10.001767458260181,10.000425447816479
hm-a10-g1-L5p3-n3-beta0__N0048__Aplus_0p0025,hm-a10-g1-L5p3-n3-beta0__N0048__Aminus_0p0025,hm-a10-g1-L5p3-n3-beta0,48,0.0025,29,3.2020833333333334,10.002078665526907,10.000500350228494
hm-a10-g1-L5p3-n3-beta0__N0048__Aplus_0p0025,hm-a10-g1-L5p3-n3-beta0__N0048__Aminus_0p0025,hm-a10-g1-L5p3-n3-beta0,48,0.0025,30,3.3125,10.002309944844024,10.00055601007248
hm-a10-g1-L5p3-n3-beta0__N0048__Aplus_0p0025,hm-a10-g1-L5p3-n3-beta0__N0048__Aminus_0p0025,hm-a10-g1-L5p3-n3-beta0,48,0.0025,31,3.4229166666666666,10.002452379288837,10.000590286223874
hm-a10-g1-L5p3-n3-beta0__N0048__Aplus_0p0025,hm-a10-g1-L5p3-n3-beta0__N0048__Aminus_0p0025,hm-a10-g1-L5p3-n3-beta0,48,0.0025,32,3.533333333333333,10.002500475812443,10.000601860034037
hm-a10-g1-L5p3-n3-beta0__N0048__Aplus_0p0025,hm-a10-g1-L5p3-n3-beta0__N0048__Aminus_0p0025,hm-a10-g1-L5p3-n3-beta0,48,0.0025,33,3.64375,10.002452379288842,10.000590286223877
hm-a10-g1-L5p3-n3-beta0__N0048__Aplus_0p0025,hm-a10-g1-L5p3-n3-beta0__N0048__Aminus_0p0025,hm-a10-g1-L5p3-n3-beta0,48,0.0025,34,3.7541666666666664,10.002309944844031,10.000556010072488
hm-a10-g1-L5p3-n3-beta0__N0048__Aplus_0p0025,hm-a10-g1-L5p3-n3-beta0__N0048__Aminus_0p0025,hm-a10-g1-L5p3-n3-beta0,48,0.0025,35,3.864583333333333,10.00207866552692,10.000500350228503
hm-a10-g1-L5p3-n3-beta0__N0048__Aplus_0p0025,hm-a10-g1-L5p3-n3-beta0__N0048__Aminus_0p0025,hm-a10-g1-L5p3-n3-beta0,48,0.0025,36,3.9749999999999996,10.001767458260199,10.000425447816491
hm-a10-g1-L5p3-n3-beta0__N0048__Aplus_0p0025,hm-a10-g1-L5p3-n3-beta0__N0048__Aminus_0p0025,hm-a10-g1-L5p3-n3-beta0,48,0.0025,37,4.085416666666666,10.00138831674845,10.0003341838275
hm-a10-g1-L5p3-n3-beta0__N0048__Aplus_0p0025,hm-a10-g1-L5p3-n3-beta0__N0048__Aminus_0p0025,hm-a10-g1-L5p3-n3-beta0,48,0.0025,38,4.195833333333333,10.000955845356966,10.000230068018302
hm-a10-g1-L5p3-n3-beta0__N0048__Aplus_0p0025,hm-a10-g1-L5p3-n3-beta0__N0048__Aminus_0p0025,hm-a10-g1-L5p3-n3-beta0,48,0.0025,39,4.3062499999999995,10.000486692669167,10.000117103647714
hm-a10-g1-L5p3-n3-beta0__N0048__Aplus_0p0025,hm-a10-g1-L5p3-n3-beta0__N0048__Aminus_0p0025,hm-a10-g1-L5p3-n3-beta0,48,0.0025,40,4.416666666666666,9.999998907284073,9.999999633306805
hm-a10-g1-L5p3-n3-beta0__N0048__Aplus_0p0025,hm-a10-g1-L5p3-n3-beta0__N0048__Aminus_0p0025,hm-a10-g1-L5p3-n3-beta0,48,0.0025,41,4.527083333333334,9.999511241280878,9.999882171817449
hm-a10-g1-L5p3-n3-beta0__N0048__Aplus_0p0025,hm-a10-g1-L5p3-n3-beta0__N0048__Aminus_0p0025,hm-a10-g1-L5p3-n3-beta0,48,0.0025,42,4.6375,9.999042428563975,9.999769232653948
hm-a10-g1-L5p3-n3-beta0__N0048__Aplus_0p0025,hm-a10-g1-L5p3-n3-beta0__N0048__Aminus_0p0025,hm-a10-g1-L5p3-n3-beta0,48,0.0025,43,4.747916666666667,9.998610465974926,9.999665154569822
hm-a10-g1-L5p3-n3-beta0__N0048__Aplus_0p0025,hm-a10-g1-L5p3-n3-beta0__N0048__Aminus_0p0025,hm-a10-g1-L5p3-n3-beta0,48,0.0025,44,4.858333333333333,9.99823192463662,9.999573935080589
hm-a10-g1-L5p3-n3-beta0__N0048__Aplus_0p0025,hm-a10-g1-L5p3-n3-beta0__N0048__Aminus_0p0025,hm-a10-g1-L5p3-n3-beta0,48,0.0025,45,4.96875,9.997921317543401,9.999499077168338
hm-a10-g1-L5p3-n3-beta0__N0048__Aplus_0p0025,hm-a10-g1-L5p3-n3-beta0__N0048__Aminus_0p0025,hm-a10-g1-L5p3-n3-beta0,48,0.0025,46,5.079166666666667,9.997690547028858,9.999443455049427
hm-a10-g1-L5p3-n3-beta0__N0048__Aplus_0p0025,hm-a10-g1-L5p3-n3-beta0__N0048__Aminus_0p0025,hm-a10-g1-L5p3-n3-beta0,48,0.0025,47,5.189583333333333,9.99754845255508,9.999409204105126
hm-a10-g1-L5p3-n3-beta0__N0048__Aplus_0p0025,hm-a10-g1-L5p3-n3-beta0__N0048__Aminus_0p0025,hm-a10-g1-L5p3-n3-beta0,48,0.0025,48,5.3,9.99750047541343,9.999397639146519
hm-a10-g1-L5p3-n3-beta0__N0048__Aplus_0p005,hm-a10-g1-L5p3-n3-beta0__N0048__Aminus_0p005,hm-a10-g1-L5p3-n3-beta0,48,0.005,0,0.0,10.005001904049818,10.001203219290288
hm-a10-g1-L5p3-n3-beta0__N0048__Aplus_0p005,hm-a10-g1-L5p3-n3-beta0__N0048__Aminus_0p005,hm-a10-g1-L5p3-n3-beta0,48,0.005,1,0.11041666666666666,10.00490559141861,10.001180062811361
hm-a10-g1-L5p3-n3-beta0__N0048__Aplus_0p005,hm-a10-g1-L5p3-n3-beta0__N0048__Aminus_0p005,hm-a10-g1-L5p3-n3-beta0,48,0.005,2,0.22083333333333333,10.004620382019944,10.001111485282703
hm-a10-g1-L5p3-n3-beta0__N0048__Aplus_0p005,hm-a10-g1-L5p3-n3-beta0__N0048__Aminus_0p005,hm-a10-g1-L5p3-n3-beta0,48,0.005,3,0.33125,10.004157313890577,10.001000127845472
hm-a10-g1-L5p3-n3-beta0__N0048__Aplus_0p005,hm-a10-g1-L5p3-n3-beta0__N0048__Aminus_0p005,hm-a10-g1-L5p3-n3-beta0,48,0.005,4,0.44166666666666665,10.00353429856999,10.000850278500252
hm-a10-g1-L5p3-n3-beta0__N0048__Aplus_0p005,hm-a10-g1-L5p3-n3-beta0__N0048__Aminus_0p005,hm-a10-g1-L5p3-n3-beta0,48,0.005,5,0.5520833333333333,10.002775415045136,10.000667706011038
hm-a10-g1-L5p3-n3-beta0__N0048__Aplus_0p005,hm-a10-g1-L5p3-n3-beta0__N0048__Aminus_0p005,hm-a10-g1-L5p3-n3-beta0,48,0.005,6,0.6625,10.001909963527975,10.000459436669926
hm-a10-g1-L5p3-n3-beta0__N0048__Aplus_0p005,hm-a10-g1-L5p3-n3-beta0__N0048__Aminus_0p005,hm-a10-g1-L5p3-n3-beta0,48,0.005,7,0.7729166666666667,10.000971318622708,10.00023348273704
hm-a10-g1-L5p3-n3-beta0__N0048__Aplus_0p005,hm-a10-g1-L5p3-n3-beta0__N0048__Aminus_0p005,hm-a10-g1-L5p3-n3-beta0,48,0.005,8,0.8833333333333333,9.99999562913597,9.999998533226883
hm-a10-g1-L5p3-n3-beta0__N0048__Aplus_0p005,hm-a10-g1-L5p3-n3-beta0__N0048__Aminus_0p005,hm-a10-g1-L5p3-n3-beta0,48,0.005,9,0.9937499999999999,9.999020417176617,9.99976361912294
hm-a10-g1-L5p3-n3-beta0__N0048__Aplus_0p005,hm-a10-g1-L5p3-n3-beta0__N0048__Aminus_0p005,hm-a10-g1-L5p3-n3-beta0,48,0.005,10,1.1041666666666665,9.998083132154482,9.999537766018417
hm-a10-g1-L5p3-n3-beta0__N0048__Aplus_0p005,hm-a10-g1-L5p3-n3-beta0__N0048__Aminus_0p005,hm-a10-g1-L5p3-n3-beta0,48,0.005,11,1.2145833333333333,9.997219715846791,9.999329647577623
hm-a10-g1-L5p3-n3-beta0__N0048__Aplus_0p005,hm-a10-g1-L5p3-n3-beta0__N0048__Aminus_0p005,hm-a10-g1-L5p3-n3-beta0,48,0.005,12,1.325,9.996463233016023,9.999147253087486
hm-a10-g1-L5p3-n3-beta0__N0048__Aplus_0p005,hm-a10-g1-L5p3-n3-beta0__N0048__Aminus_0p005,hm-a10-g1-L5p3-n3-beta0,48,0.005,13,1.4354166666666666,9.995842618390418,9.99899758174136
hm-a10-g1-L5p3-n3-beta0__N0048__Aplus_0p005,hm-a10-g1-L5p3-n3-beta0__N0048__Aminus_0p005,hm-a10-g1-L5p3-n3-beta0,48,0.005,14,1.5458333333333334,9.995381585472689,9.99888637520449
hm-a10-g1-L5p3-n3-beta0__N0048__Aplus_0p005,hm-a10-g1-L5p3-n3-beta0__N0048__Aminus_0p005,hm-a10-g1-L5p3-n3-beta0,48,0.005,15,1.65625,9.995097735959327,9.998817898504235
hm-a10-g1-L5p3-n3-beta0__N0048__Aplus_0p005,hm-a10-g1-L5p3-n3-beta0__N0048__Aminus_0p005,hm-a10-g1-L5p3-n3-beta0,48,0.005,16,1.7666666666666666,9.995001900856403,9.998794777431536
hm-a10-g1-L5p3-n3-beta0__N0048__Aplus_0p005,hm-a10-g1-L5p3-n3-beta0__N0048__Aminus_0p005,hm-a10-g1-L5p3-n3-beta0,48,0.005,17,1.8770833333333332,9.995097735959334,9.998817898504235
hm-a10-g1-L5p3-n3-beta0__N0048__Aplus_0p005,hm-a10-g1-L5p3-n3-beta0__N0048__Aminus_0p005,hm-a10-g1-L5p3-n3-beta0,48,0.005,18,1.9874999999999998,9.995381585472703,9.998886375204487
hm-a10-g1-L5p3-n3-beta0__N0048__Aplus_0p005,hm-a10-g1-L5p3-n3-beta0__N0048__Aminus_0p005,hm-a10-g1-L5p3-n3-beta0,48,0.005,19,2.0979166666666664,9.995842618390437,9.998997581741355
hm-a10-g1-L5p3-n3-beta0__N0048__Aplus_0p005,hm-a10-g1-L5p3-n3-beta0__N0048__Aminus_0p005,hm-a10-g1-L5p3-n3-beta0,48,0.005,20,2.208333333333333,9.996463233016042,9.999147253087477
hm-a10-g1-L5p3-n3-beta0__N0048__Aplus_0p005,hm-a10-g1-L5p3-n3-beta0__N0048__Aminus_0p005,hm-a10-g1-L5p3-n3-beta0,48,0.005,21,2.31875,9.997219715846809,9.99932964757761
hm-a10-g1-L5p3-n3-beta0__N0048__Aplus_0p005,hm-a10-g1-L5p3-n3-beta0__N0048__Aminus_0p005,hm-a10-g1-L5p3-n3-beta0,48,0.005,22,2.4291666666666667,9.998083132154493,9.999537766018403
hm-a10-g1-L5p3-n3-beta0__N0048__Aplus_0p005,hm-a10-g1-L5p3-n3-beta0__N0048__Aminus_0p005,hm-a10-g1-L5p3-n3-beta0,48,0.005,23,2.5395833333333333,9.999020417176615,9.999763619122923
hm-a10-g1-L5p3-n3-beta0__N0048__Aplus_0p005,hm-a10-g1-L5p3-n3-beta0__N0048__Aminus_0p005,hm-a10-g1-L5p3-n3-beta0,48,0.005,24,2.65,9.999995629135956,9.999998533226865
hm-a10-g1-L5p3-n3-beta0__N0048__Aplus_0p005,hm-a10-g1-L5p3-n3-beta0__N0048__Aminus_0p005,hm-a10-g1-L5p3-n3-beta0,48,0.005,25,2.7604166666666665,10.000971318622677,10.00023348273702
hm-a10-g1-L5p3-n3-beta0__N0048__Aplus_0p005,hm-a10-g1-L5p3-n3-beta0__N0048__Aminus_0p005,hm-a10-g1-L5p3-n3-beta0,48,0.005,26,2.870833333333333,10.001909963527922,10.000459436669905
hm-a10-g1-L5p3-n3-beta0__N0048__Aplus_0p005,hm-a10-g1-L5p3-n3-beta0__N0048__Aminus_0p005,hm-a10-g1-L5p3-n3-beta0,48,0.005,27,2.9812499999999997,10.002775415045065,10.000667706011017
hm-a10-g1-L5p3-n3-beta0__N0048__Aplus_0p005,hm-a10-g1-L5p3-n3-beta0__N0048__Aminus_0p005,hm-a10-g1-L5p3-n3-beta0,48,0.005,28,3.091666666666667,10.003534298569901,10.00085027850023
hm-a10-g1-L5p3-n3-beta0__N0048__Aplus_0p005,hm-a10-g1-L5p3-n3-beta0__N0048__Aminus_0p005,hm-a10-g1-L5p3-n3-beta0,48,0.005,29,3.2020833333333334,10.004157313890476,10.001000127845453
hm-a10-g1-L5p3-n3-beta0__N0048__Aplus_0p005,hm-a10-g1-L5p3-n3-beta0__N0048__Aminus_0p005,hm-a10-g1-L5p3-n3-beta0,48,0.005,30,3.3125,10.004620382019835,10.001111485282683
hm-a10-g1-L5p3-n3-beta0__N0048__Aplus_0p005,hm-a10-g1-L5p3-n3-beta0__N0048__Aminus_0p005,hm-a10-g1-L5p3-n3-beta0,48,0.005,31,3.4229166666666666,10.004905591418495,10.001180062811342
hm-a10-g1-L5p3-n3-beta0__N0048__Aplus_0p005,hm-a10-g1-L5p3-n3-beta0__N0048__Aminus_0p005,hm-a10-g1-L5p3-n3-beta0,48,0.005,32,3.533333333333333,10.005001904049708,10.001203219290272
hm-a10-g1-L5p3-n3-beta0__N0048__Aplus_0p005,hm-a10-g1-L5p3-n3-beta0__N0048__Aminus_0p005,hm-a10-g1-L5p3-n3-beta0,48,0.005,33,3.64375,10.004905591418506,10.001180062811347
hm-a10-g1-L5p3-n3-beta0__N0048__Aplus_0p005,hm-a10-g1-L5p3-n3-beta0__N0048__Aminus_0p005,hm-a10-g1-L5p3-n3-beta0,48,0.005,34,3.7541666666666664,10.004620382019857,10.001111485282694
hm-a10-g1-L5p3-n3-beta0__N0048__Aplus_0p005,hm-a10-g1-L5p3-n3-beta0__N0048__Aminus_0p005,hm-a10-g1-L5p3-n3-beta0,48,0.005,35,3.864583333333333,10.004157313890508,10.001000127845467
hm-a10-g1-L5p3-n3-beta0__N0048__Aplus_0p005,hm-a10-g1-L5p3-n3-beta0__N0048__Aminus_0p005,hm-a10-g1-L5p3-n3-beta0,48,0.005,36,3.9749999999999996,10.003534298569942,10.00085027850025
hm-a10-g1-L5p3-n3-beta0__N0048__Aplus_0p005,hm-a10-g1-L5p3-n3-beta0__N0048__Aminus_0p005,hm-a10-g1-L5p3-n3-beta0,48,0.005,37,4.085416666666666,10.002775415045114,10.000667706011042
hm-a10-g1-L5p3-n3-beta0__N0048__Aplus_0p005,hm-a10-g1-L5p3-n3-beta0__N0048__Aminus_0p005,hm-a10-g1-L5p3-n3-beta0,48,0.005,38,4.195833333333333,10.001909963527982,10.000459436669935
hm-a10-g1-L5p3-n3-beta0__N0048__Aplus_0p005,hm-a10-g1-L5p3-n3-beta0__N0048__Aminus_0p005,hm-a10-g1-L5p3-n3-beta0,48,0.005,39,4.3062499999999995,10.000971318622746,10.000233482737055
hm-a10-g1-L5p3-n3-beta0__N0048__Aplus_0p005,hm-a10-g1-L5p3-n3-beta0__N0048__Aminus_0p005,hm-a10-g1-L5p3-n3-beta0,48,0.005,40,4.416666666666666,9.999995629136034,9.999998533226904
hm-a10-g1-L5p3-n3-beta0__N0048__Aplus_0p005,hm-a10-g1-L5p3-n3-beta0__N0048__Aminus_0p005,hm-a10-g1-L5p3-n3-beta0,48,0.005,41,4.527083333333334,9.999020417176705,9.999763619122964
hm-a10-g1-L5p3-n3-beta0__N0048__Aplus_0p005,hm-a10-g1-L5p3-n3-beta0__N0048__Aminus_0p005,hm-a10-g1-L5p3-n3-beta0,48,0.005,42,4.6375,9.998083132154596,9.999537766018449
hm-a10-g1-L5p3-n3-beta0__N0048__Aplus_0p005,hm-a10-g1-L5p3-n3-beta0__N0048__Aminus_0p005,hm-a10-g1-L5p3-n3-beta0,48,0.005,43,4.747916666666667,9.997219715846922,9.99932964757766
hm-a10-g1-L5p3-n3-beta0__N0048__Aplus_0p005,hm-a10-g1-L5p3-n3-beta0__N0048__Aminus_0p005,hm-a10-g1-L5p3-n3-beta0,48,0.005,44,4.858333333333333,9.996463233016167,9.999147253087528
hm-a10-g1-L5p3-n3-beta0__N0048__Aplus_0p005,hm-a10-g1-L5p3-n3-beta0__N0048__Aminus_0p005,hm-a10-g1-L5p3-n3-beta0,48,0.005,45,4.96875,9.99584261839057,9.998997581741408
hm-a10-g1-L5p3-n3-beta0__N0048__Aplus_0p005,hm-a10-g1-L5p3-n3-beta0__N0048__Aminus_0p005,hm-a10-g1-L5p3-n3-beta0,48,0.005,46,5.079166666666667,9.995381585472847,9.998886375204542
hm-a10-g1-L5p3-n3-beta0__N0048__Aplus_0p005,hm-a10-g1-L5p3-n3-beta0__N0048__Aminus_0p005,hm-a10-g1-L5p3-n3-beta0,48,0.005,47,5.189583333333333,9.995097735959483,9.99881789850429
hm-a10-g1-L5p3-n3-beta0__N0048__Aplus_0p005,hm-a10-g1-L5p3-n3-beta0__N0048__Aminus_0p005,hm-a10-g1-L5p3-n3-beta0,48,0.005,48,5.3,9.995001900856556,9.998794777431593
hm-a10-g1-L5p3-n3-beta0__N0048__Aplus_0p01,hm-a10-g1-L5p3-n3-beta0__N0048__Aminus_0p01,hm-a10-g1-L5p3-n3-beta0,48,0.01,0,0.0,10.010007622601446,10.002404435630913
hm-a10-g1-L5p3-n3-beta0__N0048__Aplus_0p01,hm-a10-g1-L5p3-n3-beta0__N0048__Aminus_0p01,hm-a10-g1-L5p3-n3-beta0,48,0.01,1,0.11041666666666666,10.009814518192531,10.002358087210338
hm-a10-g1-L5p3-n3-beta0__N0048__Aplus_0p01,hm-a10-g1-L5p3-n3-beta0__N0048__Aminus_0p01,hm-a10-g1-L5p3-n3-beta0,48,0.01,2,0.22083333333333333,10.009242735201186,10.002220831174187
hm-a10-g1-L5p3-n3-beta0__N0048__Aplus_0p01,hm-a10-g1-L5p3-n3-beta0__N0048__Aminus_0p01,hm-a10-g1-L5p3-n3-beta0,48,0.01,3,0.33125,10.00831455818498,10.001997965205689
hm-a10-g1-L5p3-n3-beta0__N0048__Aplus_0p01,hm-a10-g1-L5p3-n3-beta0__N0048__Aminus_0p01,hm-a10-g1-L5p3-n3-beta0,48,0.01,4,0.44166666666666665,10.00706612193598,10.001698088344488
hm-a10-g1-L5p3-n3-beta0__N0048__Aplus_0p01,hm-a10-g1-L5p3-n3-beta0__N0048__Aminus_0p01,hm-a10-g1-L5p3-n3-beta0,48,0.01,5,0.5520833333333333,10.00554595156799,10.001332765275134
hm-a10-g1-L5p3-n3-beta0__N0048__Aplus_0p01,hm-a10-g1-L5p3-n3-beta0__N0048__Aminus_0p01,hm-a10-g1-L5p3-n3-beta0,48,0.01,6,0.6625,10.003813013871548,10.000916075711434
hm-a10-g1-L5p3-n3-beta0__N0048__Aplus_0p01,hm-a10-g1-L5p3-n3-beta0__N0048__Aminus_0p01,hm-a10-g1-L5p3-n3-beta0,48,0.01,7,0.7729166666666667,10.001934367709879,10.00046406714039
hm-a10-g1-L5p3-n3-beta0__N0048__Aplus_0p01,hm-a10-g1-L5p3-n3-beta0__N0048__Aminus_0p01,hm-a10-g1-L5p3-n3-beta0,48,0.01,8,0.8833333333333333,9.99998251653301,9.999994132899642
hm-a10-g1-L5p3-n3-beta0__N0048__Aplus_0p01,hm-a10-g1-L5p3-n3-beta0__N0048__Aminus_0p01,hm-a10-g1-L5p3-n3-beta0,48,0.01,9,0.9937499999999999,9.99803257546232,9.999524340283779
hm-a10-g1-L5p3-n3-beta0__N0048__Aplus_0p01,hm-a10-g1-L5p3-n3-beta0__N0048__Aminus_0p01,hm-a10-g1-L5p3-n3-beta0,48,0.01,10,1.1041666666666665,9.996159368825952,9.999072735026349
hm-a10-g1-L5p3-n3-beta0__N0048__Aplus_0p01,hm-a10-g1-L5p3-n3-beta0__N0048__Aminus_0p01,hm-a10-g1-L5p3-n3-beta0,48,0.01,11,1.2145833333333333,9.99443457196303,9.998656649064303
hm-a10-g1-L5p3-n3-beta0__N0048__Aplus_0p01,hm-a10-g1-L5p3-n3-beta0__N0048__Aminus_0p01,hm-a10-g1-L5p3-n3-beta0,48,0.01,12,1.325,9.992924004376183,9.998292037991915
hm-a10-g1-L5p3-n3-beta0__N0048__Aplus_0p01,hm-a10-g1-L5p3-n3-beta0__N0048__Aminus_0p01,hm-a10-g1-L5p3-n3-beta0,48,0.01,13,1.4354166666666666,9.991685170922683,9.997992873127972
hm-a10-g1-L5p3-n3-beta0__N0048__Aplus_0p01,hm-a10-g1-L5p3-n3-beta0__N0048__Aminus_0p01,hm-a10-g1-L5p3-n3-beta0,48,0.01,14,1.5458333333333334,9.990765134774657,9.997770610761833
hm-a10-g1-L5p3-n3-beta0__N0048__Aplus_0p01,hm-a10-g1-L5p3-n3-beta0__N0048__Aminus_0p01,hm-a10-g1-L5p3-n3-beta0,48,0.01,15,1.65625,9.990198791343275,9.99763375804
hm-a10-g1-L5p3-n3-beta0__N0048__Aplus_0p01,hm-a10-g1-L5p3-n3-beta0__N0048__Aminus_0p01,hm-a10-g1-L5p3-n3-beta0,48,0.01,16,1.7666666666666666,9.990007597054904,9.997587551244601
hm-a10-g1-L5p3-n3-beta0__N0048__Aplus_0p01,hm-a10-g1-L5p3-n3-beta0__N0048__Aminus_0p01,hm-a10-g1-L5p3-n3-beta0,48,0.01,17,1.8770833333333332,9.990198791343289,9.997633758039997
hm-a10-g1-L5p3-n3-beta0__N0048__Aplus_0p01,hm-a10-g1-L5p3-n3-beta0__N0048__Aminus_0p01,hm-a10-g1-L5p3-n3-beta0,48,0.01,18,1.9874999999999998,9.990765134774685,9.997770610761831
hm-a10-g1-L5p3-n3-beta0__N0048__Aplus_0p01,hm-a10-g1-L5p3-n3-beta0__N0048__Aminus_0p01,hm-a10-g1-L5p3-n3-beta0,48,0.01,19,2.0979166666666664,9.991685170922723,9.997992873127968
hm-a10-g1-L5p3-n3-beta0__N0048__Aplus_0p01,hm-a10-g1-L5p3-n3-beta0__N0048__Aminus_0p01,hm-a10-g1-L5p3-n3-beta0,48,0.01,20,2.208333333333333,9.992924004376231,9.99829203799191
hm-a10-g1-L5p3-n3-beta0__N0048__Aplus_0p01,hm-a10-g1-L5p3-n3-beta0__N0048__Aminus_0p01,hm-a10-g1-L5p3-n3-beta0,48,0.01,21,2.31875,9.99443457196308,9.998656649064298
hm-a10-g1-L5p3-n3-beta0__N0048__Aplus_0p01,hm-a10-g1-L5p3-n3-beta0__N0048__Aminus_0p01,hm-a10-g1-L5p3-n3-beta0,48,0.01,22,2.4291666666666667,9.996159368825998,9.999072735026342
hm-a10-g1-L5p3-n3-beta0__N0048__Aplus_0p01,hm-a10-g1-L5p3-n3-beta0__N0048__Aminus_0p01,hm-a10-g1-L5p3-n3-beta0,48,0.01,23,2.5395833333333333,9.998032575462354,9.999524340283768
hm-a10-g1-L5p3-n3-beta0__N0048__Aplus_0p01,hm-a10-g1-L5p3-n3-beta0__N0048__Aminus_0p01,hm-a10-g1-L5p3-n3-beta0,48,0.01,24,2.65,9.999982516533027,9.999994132899628
hm-a10-g1-L5p3-n3-beta0__N0048__Aplus_0p01,hm-a10-g1-L5p3-n3-beta0__N0048__Aminus_0p01,hm-a10-g1-L5p3-n3-beta0,48,0.01,25,2.7604166666666665,10.001934367709877,10.000464067140374
hm-a10-g1-L5p3-n3-beta0__N0048__Aplus_0p01,hm-a10-g1-L5p3-n3-beta0__N0048__Aminus_0p01,hm-a10-g1-L5p3-n3-beta0,48,0.01,26,2.870833333333333,10.003813013871524,10.000916075711416
hm-a10-g1-L5p3-n3-beta0__N0048__Aplus_0p01,hm-a10-g1-L5p3-n3-beta0__N0048__Aminus_0p01,hm-a10-g1-L5p3-n3-beta0,48,0.01,27,2.9812499999999997,10.00554595156794,10.001332765275114
hm-a10-g1-L5p3-n3-beta0__N0048__Aplus_0p01,hm-a10-g1-L5p3-n3-beta0__N0048__Aminus_0p01,hm-a10-g1-L5p3-n3-beta0,48,0.01,28,3.091666666666667,10.007066121935908,10.001698088344469
hm-a10-g1-L5p3-n3-beta0__N0048__Aplus_0p01,hm-a10-g1-L5p3-n3-beta0__N0048__Aminus_0p01,hm-a10-g1-L5p3-n3-beta0,48,0.01,29,3.2020833333333334,10.008314558184887,10.001997965205668
hm-a10-g1-L5p3-n3-beta0__N0048__Aplus_0p01,hm-a10-g1-L5p3-n3-beta0__N0048__Aminus_0p01,hm-a10-g1-L5p3-n3-beta0,48,0.01,30,3.3125,10.009242735201077,10.002220831174162
hm-a10-g1-L5p3-n3-beta0__N0048__Aplus_0p01,hm-a10-g1-L5p3-n3-beta0__N0048__Aminus_0p01,hm-a10-g1-L5p3-n3-beta0,48,0.01,31,3.4229166666666666,10.009814518192414,10.002358087210313
hm-a10-g1-L5p3-n3-beta0__N0048__Aplus_0p01,hm-a10-g1-L5p3-n3-beta0__N0048__Aminus_0p01,hm-a10-g1-L5p3-n3-beta0,48,0.01,32,3.533333333333333,10.010007622601323,10.002404435630888
hm-a10-g1-L5p3-n3-beta0__N0048__Aplus_0p01,hm-a10-g1-L5p3-n3-beta0__N0048__Aminus_0p01,hm-a10-g1-L5p3-n3-beta0,48,0.01,33,3.64375,10.009814518192414,10.002358087210315
hm-a10-g1-L5p3-n3-beta0__N0048__Aplus_0p01,hm-a10-g1-L5p3-n3-beta0__N0048__Aminus_0p01,hm-a10-g1-L5p3-n3-beta0,48,0.01,34,3.7541666666666664,10.009242735201079,10.002220831174165
hm-a10-g1-L5p3-n3-beta0__N0048__Aplus_0p01,hm-a10-g1-L5p3-n3-beta0__N0048__Aminus_0p01,hm-a10-g1-L5p3-n3-beta0,48,0.01,35,3.864583333333333,10.00831455818489,10.001997965205671
hm-a10-g1-L5p3-n3-beta0__N0048__Aplus_0p01,hm-a10-g1-L5p3-n3-beta0__N0048__Aminus_0p01,hm-a10-g1-L5p3-n3-beta0,48,0.01,36,3.9749999999999996,10.007066121935914,10.001698088344474
hm-a10-g1-L5p3-n3-beta0__N0048__Aplus_0p01,hm-a10-g1-L5p3-n3-beta0__N0048__Aminus_0p01,hm-a10-g1-L5p3-n3-beta0,48,0.01,37,4.085416666666666,10.005545951567951,10.001332765275125
hm-a10-g1-L5p3-n3-beta0__N0048__Aplus_0p01,hm-a10-g1-L5p3-n3-beta0__N0048__Aminus_0p01,hm-a10-g1-L5p3-n3-beta0,48,0.01,38,4.195833333333333,10.00381301387154,10.000916075711432
hm-a10-g1-L5p3-n3-beta0__N0048__Aplus_0p01,hm-a10-g1-L5p3-n3-beta0__N0048__Aminus_0p01,hm-a10-g1-L5p3-n3-beta0,48,0.01,39,4.3062499999999995,10.0019343677099,10.000464067140394
hm-a10-g1-L5p3-n3-beta0__N0048__Aplus_0p01,hm-a10-g1-L5p3-n3-beta0__N0048__Aminus_0p01,hm-a10-g1-L5p3-n3-beta0,48,0.01,40,4.416666666666666,9.999982516533061,9.99999413289965
hm-a10-g1-L5p3-n3-beta0__N0048__Aplus_0p01,hm-a10-g1-L5p3-n3-beta0__N0048__Aminus_0p01,hm-a10-g1-L5p3-n3-beta0,48,0.01,41,4.527083333333334,9.9980325754624,9.999524340283791
hm-a10-g1-L5p3-n3-beta0__N0048__Aplus_0p01,hm-a10-g1-L5p3-n3-beta0__N0048__Aminus_0p01,hm-a10-g1-L5p3-n3-beta0,48,0.01,42,4.6375,9.996159368826058,9.999072735026369
hm-a10-g1-L5p3-n3-beta0__N0048__Aplus_0p01,hm-a10-g1-L5p3-n3-beta0__N0048__Aminus_0p01,hm-a10-g1-L5p3-n3-beta0,48,0.01,43,4.747916666666667,9.994434571963156,9.998656649064328
hm-a10-g1-L5p3-n3-beta0__N0048__Aplus_0p01,hm-a10-g1-L5p3-n3-beta0__N0048__Aminus_0p01,hm-a10-g1-L5p3-n3-beta0,48,0.01,44,4.858333333333333,9.992924004376322,9.998292037991943
hm-a10-g1-L5p3-n3-beta0__N0048__Aplus_0p01,hm-a10-g1-L5p3-n3-beta0__N0048__Aminus_0p01,hm-a10-g1-L5p3-n3-beta0,48,0.01,45,4.96875,9.991685170922828,9.997992873128005
hm-a10-g1-L5p3-n3-beta0__N0048__Aplus_0p01,hm-a10-g1-L5p3-n3-beta0__N0048__Aminus_0p01,hm-a10-g1-L5p3-n3-beta0,48,0.01,46,5.079166666666667,9.990765134774806,9.99777061076187
hm-a10-g1-L5p3-n3-beta0__N0048__Aplus_0p01,hm-a10-g1-L5p3-n3-beta0__N0048__Aminus_0p01,hm-a10-g1-L5p3-n3-beta0,48,0.01,47,5.189583333333333,9.99019879134342,9.99763375804004
hm-a10-g1-L5p3-n3-beta0__N0048__Aplus_0p01,hm-a10-g1-L5p3-n3-beta0__N0048__Aminus_0p01,hm-a10-g1-L5p3-n3-beta0,48,0.01,48,5.3,9.990007597055044,9.997587551244644
hm-a10-g1-L5p3-n3-beta0__N0048__Aplus_0p02,hm-a10-g1-L5p3-n3-beta0__N0048__Aminus_0p02,hm-a10-g1-L5p3-n3-beta0,48,0.02,0,0.0,10.020030541743317,10.004800860714516
hm-a10-g1-L5p3-n3-beta0__N0048__Aplus_0p02,hm-a10-g1-L5p3-n3-beta0__N0048__Aminus_0p02,hm-a10-g1-L5p3-n3-beta0,48,0.02,1,0.11041666666666666,10.019642409829325,10.004708021795222
hm-a10-g1-L5p3-n3-beta0__N0048__Aplus_0p02,hm-a10-g1-L5p3-n3-beta0__N0048__Aminus_0p02,hm-a10-g1-L5p3-n3-beta0,48,0.02,2,0.22083333333333333,10.018493369741153,10.00443310520237
hm-a10-g1-L5p3-n3-beta0__N0048__Aplus_0p02,hm-a10-g1-L5p3-n3-beta0__N0048__Aminus_0p02,hm-a10-g1-L5p3-n3-beta0,48,0.02,3,0.33125,10.016628830386578,10.003986768109998
hm-a10-g1-L5p3-n3-beta0__N0048__Aplus_0p02,hm-a10-g1-L5p3-n3-beta0__N0048__Aminus_0p02,hm-a10-g1-L5p3-n3-beta0,48,0.02,4,0.44166666666666665,10.014122315727489,10.003386301013569
hm-a10-g1-L5p3-n3-beta0__N0048__Aplus_0p02,hm-a10-g1-L5p3-n3-beta0__N0048__Aminus_0p02,hm-a10-g1-L5p3-n3-beta0,48,0.02,5,0.5520833333333333,10.011072351197331,10.002654942140524
hm-a10-g1-L5p3-n3-beta0__N0048__Aplus_0p02,hm-a10-g1-L5p3-n3-beta0__N0048__Aminus_0p02,hm-a10-g1-L5p3-n3-beta0,48,0.02,6,0.6625,10.007598339367146,10.001820959560705
hm-a10-g1-L5p3-n3-beta0__N0048__Aplus_0p02,hm-a10-g1-L5p3-n3-beta0__N0048__Aminus_0p02,hm-a10-g1-L5p3-n3-beta0,48,0.02,7,0.7729166666666667,10.003835635803386,10.000916540089058
hm-a10-g1-L5p3-n3-beta0__N0048__Aplus_0p02,hm-a10-g1-L5p3-n3-beta0__N0048__Aminus_0p02,hm-a10-g1-L5p3-n3-beta0,48,0.02,8,0.8833333333333333,9.9999300659489,9.999976531468707
hm-a10-g1-L5p3-n3-beta0__N0048__Aplus_0p02,hm-a10-g1-L5p3-n3-beta0__N0048__Aminus_0p02,hm-a10-g1-L5p3-n3-beta0,48,0.02,9,0.9937499999999999,9.996032136465514,9.999037089348551
hm-a10-g1-L5p3-n3-beta0__N0048__Aplus_0p02,hm-a10-g1-L5p3-n3-beta0__N0048__Aminus_0p02,hm-a10-g1-L5p3-n3-beta0,48,0.02,10,1.1041666666666665,9.992291190887595,9.998134283133984
hm-a10-g1-L5p3-n3-beta0__N0048__Aplus_0p02,hm-a10-g1-L5p3-n3-beta0__N0048__Aminus_0p02,hm-a10-g1-L5p3-n3-beta0,48,0.02,11,1.2145833333333333,9.988849742322081,9.99730271496681
hm-a10-g1-L5p3-n3-beta0__N0048__Aplus_0p02,hm-a10-g1-L5p3-n3-beta0__N0048__Aminus_0p02,hm-a10-g1-L5p3-n3-beta0,48,0.02,12,1.325,9.985838188993764,9.996574204091992
hm-a10-g1-L5p3-n3-beta0__N0048__Aplus_0p02,hm-a10-g1-L5p3-n3-beta0__N0048__Aminus_0p02,hm-a10-g1-L5p3-n3-beta0,48,0.02,13,1.4354166666666666,9.98337008576619,9.995976584998468
hm-a10-g1-L5p3-n3-beta0__N0048__Aplus_0p02,hm-a10-g1-L5p3-n3-beta0__N0048__Aminus_0p02,hm-a10-g1-L5p3-n3-beta0,48,0.02,14,1.5458333333333334,9.98153811023077,9.995532662330044
hm-a10-g1-L5p3-n3-beta0__N0048__Aplus_0p02,hm-a10-g1-L5p3-n3-beta0__N0048__Aminus_0p02,hm-a10-g1-L5p3-n3-beta0,48,0.02,15,1.65625,9.980410828682924,9.995259359005573
hm-a10-g1-L5p3-n3-beta0__N0048__Aplus_0p02,hm-a10-g1-L5p3-n3-beta0__N0048__Aminus_0p02,hm-a10-g1-L5p3-n3-beta0,48,0.02,16,1.7666666666666666,9.98003033736971,9.995167086591154
hm-a10-g1-L5p3-n3-beta0__N0048__Aplus_0p02,hm-a10-g1-L5p3-n3-beta0__N0048__Aminus_0p02,hm-a10-g1-L5p3-n3-beta0,48,0.02,17,1.8770833333333332,9.980410828682931,9.995259359005571
hm-a10-g1-L5p3-n3-beta0__N0048__Aplus_0p02,hm-a10-g1-L5p3-n3-beta0__N0048__Aminus_0p02,hm-a10-g1-L5p3-n3-beta0,48,0.02,18,1.9874999999999998,9.981538110230783,9.995532662330039
hm-a10-g1-L5p3-n3-beta0__N0048__Aplus_0p02,hm-a10-g1-L5p3-n3-beta0__N0048__Aminus_0p02,hm-a10-g1-L5p3-n3-beta0,48,0.02,19,2.0979166666666664,9.983370085766207,9.995976584998457
hm-a10-g1-L5p3-n3-beta0__N0048__Aplus_0p02,hm-a10-g1-L5p3-n3-beta0__N0048__Aminus_0p02,hm-a10-g1-L5p3-n3-beta0,48,0.02,20,2.208333333333333,9.985838188993782,9.996574204091978
hm-a10-g1-L5p3-n3-beta0__N0048__Aplus_0p02,hm-a10-g1-L5p3-n3-beta0__N0048__Aminus_0p02,hm-a10-g1-L5p3-n3-beta0,48,0.02,21,2.31875,9.988849742322097,9.997302714966793
hm-a10-g1-L5p3-n3-beta0__N0048__Aplus_0p02,hm-a10-g1-L5p3-n3-beta0__N0048__Aminus_0p02,hm-a10-g1-L5p3-n3-beta0,48,0.02,22,2.4291666666666667,9.992291190887604,9.998134283133963
hm-a10-g1-L5p3-n3-beta0__N0048__Aplus_0p02,hm-a10-g1-L5p3-n3-beta0__N0048__Aminus_0p02,hm-a10-g1-L5p3-n3-beta0,48,0.02,23,2.5395833333333333,9.996032136465512,9.999037089348526
hm-a10-g1-L5p3-n3-beta0__N0048__Aplus_0p02,hm-a10-g1-L5p3-n3-beta0__N0048__Aminus_0p02,hm-a10-g1-L5p3-n3-beta0,48,0.02,24,2.65,9.999930065948885,9.999976531468679
hm-a10-g1-L5p3-n3-beta0__N0048__Aplus_0p02,hm-a10-g1-L5p3-n3-beta0__N0048__Aminus_0p02,hm-a10-g1-L5p3-n3-beta0,48,0.02,25,2.7604166666666665,10.00383563580335,10.00091654008903
hm-a10-g1-L5p3-n3-beta0__N0048__Aplus_0p02,hm-a10-g1-L5p3-n3-beta0__N0048__Aminus_0p02,hm-a10-g1-L5p3-n3-beta0,48,0.02,26,2.870833333333333,10.007598339367089,10.001820959560673
hm-a10-g1-L5p3-n3-beta0__N0048__Aplus_0p02,hm-a10-g1-L5p3-n3-beta0__N0048__Aminus_0p02,hm-a10-g1-L5p3-n3-beta0,48,0.02,27,2.9812499999999997,10.011072351197253,10.002654942140493
hm-a10-g1-L5p3-n3-beta0__N0048__Aplus_0p02,hm-a10-g1-L5p3-n3-beta0__N0048__Aminus_0p02,hm-a10-g1-L5p3-n3-beta0,48,0.02,28,3.091666666666667,10.01412231572739,10.003386301013537
hm-a10-g1-L5p3-n3-beta0__N0048__Aplus_0p02,hm-a10-g1-L5p3-n3-beta0__N0048__Aminus_0p02,hm-a10-g1-L5p3-n3-beta0,48,0.02,29,3.2020833333333334,10.01662883038646,10.003986768109968
hm-a10-g1-L5p3-n3-beta0__N0048__Aplus_0p02,hm-a10-g1-L5p3-n3-beta0__N0048__Aminus_0p02,hm-a10-g1-L5p3-n3-beta0,48,0.02,30,3.3125,10.018493369741023,10.00443310520234
hm-a10-g1-L5p3-n3-beta0__N0048__Aplus_0p02,hm-a10-g1-L5p3-n3-beta0__N0048__Aminus_0p02,hm-a10-g1-L5p3-n3-beta0,48,0.02,31,3.4229166666666666,10.019642409829189,10.004708021795192
hm-a10-g1-L5p3-n3-beta0__N0048__Aplus_0p02,hm-a10-g1-L5p3-n3-beta0__N0048__Aminus_0p02,hm-a10-g1-L5p3-n3-beta0,48,0.02,32,3.533333333333333,10.020030541743179,10.004800860714488
hm-a10-g1-L5p3-n3-beta0__N0048__Aplus_0p02,hm-a10-g1-L5p3-n3-beta0__N0048__Aminus_0p02,hm-a10-g1-L5p3-n3-beta0,48,0.02,33,3.64375,10.019642409829192,10.004708021795198
hm-a10-g1-L5p3-n3-beta0__N0048__Aplus_0p02,hm-a10-g1-L5p3-n3-beta0__N0048__Aminus_0p02,hm-a10-g1-L5p3-n3-beta0,48,0.02,34,3.7541666666666664,10.018493369741032,10.00443310520235
hm-a10-g1-L5p3-n3-beta0__N0048__Aplus_0p02,hm-a10-g1-L5p3-n3-beta0__N0048__Aminus_0p02,hm-a10-g1-L5p3-n3-beta0,48,0.02,35,3.864583333333333,10.016628830386477,10.003986768109982
hm-a10-g1-L5p3-n3-beta0__N0048__Aplus_0p02,hm-a10-g1-L5p3-n3-beta0__N0048__Aminus_0p02,hm-a10-g1-L5p3-n3-beta0,48,0.02,36,3.9749999999999996,10.014122315727413,10.003386301013554
hm-a10-g1-L5p3-n3-beta0__N0048__Aplus_0p02,hm-a10-g1-L5p3-n3-beta0__N0048__Aminus_0p02,hm-a10-g1-L5p3-n3-beta0,48,0.02,37,4.085416666666666,10.011072351197287,10.002654942140516
hm-a10-g1-L5p3-n3-beta0__N0048__Aplus_0p02,hm-a10-g1-L5p3-n3-beta0__N0048__Aminus_0p02,hm-a10-g1-L5p3-n3-beta0,48,0.02,38,4.195833333333333,10.007598339367133,10.001820959560703
hm-a10-g1-L5p3-n3-beta0__N0048__Aplus_0p02,hm-a10-g1-L5p3-n3-beta0__N0048__Aminus_0p02,hm-a10-g1-L5p3-n3-beta0,48,0.02,39,4.3062499999999995,10.003835635803407,10.000916540089065
hm-a10-g1-L5p3-n3-beta0__N0048__Aplus_0p02,hm-a10-g1-L5p3-n3-beta0__N0048__Aminus_0p02,hm-a10-g1-L5p3-n3-beta0,48,0.02,40,4.416666666666666,9.999930065948956,9.999976531468722
hm-a10-g1-L5p3-n3-beta0__N0048__Aplus_0p02,hm-a10-g1-L5p3-n3-beta0__N0048__Aminus_0p02,hm-a10-g1-L5p3-n3-beta0,48,0.02,41,4.527083333333334,9.996032136465603,9.99903708934857
hm-a10-g1-L5p3-n3-beta0__N0048__Aplus_0p02,hm-a10-g1-L5p3-n3-beta0__N0048__Aminus_0p02,hm-a10-g1-L5p3-n3-beta0,48,0.02,42,4.6375,9.992291190887713,9.99813428313401
hm-a10-g1-L5p3-n3-beta0__N0048__Aplus_0p02,hm-a10-g1-L5p3-n3-beta0__N0048__Aminus_0p02,hm-a10-g1-L5p3-n3-beta0,48,0.02,43,4.747916666666667,9.988849742322222,9.997302714966844
hm-a10-g1-L5p3-n3-beta0__N0048__Aplus_0p02,hm-a10-g1-L5p3-n3-beta0__N0048__Aminus_0p02,hm-a10-g1-L5p3-n3-beta0,48,0.02,44,4.858333333333333,9.985838188993924,9.996574204092033
hm-a10-g1-L5p3-n3-beta0__N0048__Aplus_0p02,hm-a10-g1-L5p3-n3-beta0__N0048__Aminus_0p02,hm-a10-g1-L5p3-n3-beta0,48,0.02,45,4.96875,9.983370085766362,9.995976584998516
hm-a10-g1-L5p3-n3-beta0__N0048__Aplus_0p02,hm-a10-g1-L5p3-n3-beta0__N0048__Aminus_0p02,hm-a10-g1-L5p3-n3-beta0,48,0.02,46,5.079166666666667,9.98153811023095,9.995532662330097
hm-a10-g1-L5p3-n3-beta0__N0048__Aplus_0p02,hm-a10-g1-L5p3-n3-beta0__N0048__Aminus_0p02,hm-a10-g1-L5p3-n3-beta0,48,0.02,47,5.189583333333333,9.980410828683109,9.995259359005631
hm-a10-g1-L5p3-n3-beta0__N0048__Aplus_0p02,hm-a10-g1-L5p3-n3-beta0__N0048__Aminus_0p02,hm-a10-g1-L5p3-n3-beta0,48,0.02,48,5.3,9.980030337369891,9.995167086591216
hm-a10-g1-L5p3-n3-beta0__N0096__Aminus_0p02,hm-a10-g1-L5p3-n3-beta0__N0096__Aplus_0p02,hm-a10-g1-L5p3-n3-beta0,96,-0.02,0,0.0,9.980029645494474,9.995175636449286
hm-a10-g1-L5p3-n3-beta0__N0096__Aminus_0p02,hm-a10-g1-L5p3-n3-beta0__N0096__Aplus_0p02,hm-a10-g1-L5p3-n3-beta0,96,-0.02,1,0.05520833333333333,9.980125000625446,9.995198718637107
hm-a10-g1-L5p3-n3-beta0__N0096__Aminus_0p02,hm-a10-g1-L5p3-n3-beta0__N0096__Aplus_0p02,hm-a10-g1-L5p3-n3-beta0,96,-0.02,2,0.11041666666666666,9.980410174861179,9.995267744915525
hm-a10-g1-L5p3-n3-beta0__N0096__Aminus_0p02,hm-a10-g1-L5p3-n3-beta0__N0096__Aplus_0p02,hm-a10-g1-L5p3-n3-beta0,96,-0.02,3,0.165625,9.980882502284015,9.995382056474199
hm-a10-g1-L5p3-n3-beta0__N0096__Aminus_0p02,hm-a10-g1-L5p3-n3-beta0__N0096__Aplus_0p02,hm-a10-g1-L5p3-n3-beta0,96,-0.02,4,0.22083333333333333,9.981537564842897,9.99554056209507
hm-a10-g1-L5p3-n3-beta0__N0096__Aminus_0p02,hm-a10-g1-L5p3-n3-beta0__N0096__Aplus_0p02,hm-a10-g1-L5p3-n3-beta0,96,-0.02,5,0.27604166666666663,9.982369229949043,9.995741748292417
hm-a10-g1-L5p3-n3-beta0__N0096__Aminus_0p02,hm-a10-g1-L5p3-n3-beta0__N0096__Aplus_0p02,hm-a10-g1-L5p3-n3-beta0,96,-0.02,6,0.33125,9.98336970286235,9.995983693391702
hm-a10-g1-L5p3-n3-beta0__N0096__Aminus_0p02,hm-a10-g1-L5p3-n3-beta0__N0096__Aplus_0p02,hm-a10-g1-L5p3-n3-beta0,96,-0.02,7,0.38645833333333335,9.98452959361285,9.996264085430438
hm-a10-g1-L5p3-n3-beta0__N0096__Aminus_0p02,hm-a10-g1-L5p3-n3-beta0__N0096__Aplus_0p02,hm-a10-g1-L5p3-n3-beta0,96,-0.02,8,0.44166666666666665,9.985837998116933,9.99658024373167
hm-a10-g1-L5p3-n3-beta0__N0096__Aminus_0p02,hm-a10-g1-L5p3-n3-beta0__N0096__Aplus_0p02,hm-a10-g1-L5p3-n3-beta0,96,-0.02,9,0.49687499999999996,9.987282593056088,9.996929143968591
hm-a10-g1-L5p3-n3-beta0__N0096__Aminus_0p02,hm-a10-g1-L5p3-n3-beta0__N0096__Aplus_0p02,hm-a10-g1-L5p3-n3-beta0,96,-0.02,10,0.5520833333333333,9.988849743985222,9.997307446507502
hm-a10-g1-L5p3-n3-beta0__N0096__Aminus_0p02,hm-a10-g1-L5p3-n3-beta0__N0096__Aplus_0p02,hm-a10-g1-L5p3-n3-beta0,96,-0.02,11,0.6072916666666667,9.99052462602838,9.997711527785977
hm-a10-g1-L5p3-n3-beta0__N0096__Aminus_0p02,hm-a10-g1-L5p3-n3-beta0__N0096__Aplus_0p02,hm-a10-g1-L5p3-n3-beta0,96,-0.02,12,0.6625,9.992291356401706,9.998137514454033
hm-a10-g1-L5p3-n3-beta0__N0096__Aminus_0p02,hm-a10-g1-L5p3-n3-beta0__N0096__Aplus_0p02,hm-a10-g1-L5p3-n3-beta0,96,-0.02,13,0.7177083333333333,9.994133137878068,9.998581319978392
hm-a10-g1-L5p3-n3-beta0__N0096__Aminus_0p02,hm-a10-g1-L5p3-n3-beta0__N0096__Aplus_0p02,hm-a10-g1-L5p3-n3-beta0,96,-0.02,14,0.7729166666666667,9.996032412175968,9.999038683384175
hm-a10-g1-L5p3-n3-beta0__N0096__Aminus_0p02,hm-a10-g1-L5p3-n3-beta0__N0096__Aplus_0p02,hm-a10-g1-L5p3-n3-beta0,96,-0.02,15,0.828125,9.997971022119547,9.999505209784555
hm-a10-g1-L5p3-n3-beta0__N0096__Aminus_0p02,hm-a10-g1-L5p3-n3-beta0__N0096__Aplus_0p02,hm-a10-g1-L5p3-n3-beta0,96,-0.02,16,0.8833333333333333,9.999930381279086,9.999976412327678
hm-a10-g1-L5p3-n3-beta0__N0096__Aminus_0p02,hm-a10-g1-L5p3-n3-beta0__N0096__Aplus_0p02,hm-a10-g1-L5p3-n3-beta0,96,-0.02,17,0.9385416666666666,10.001891649665666,10.0004477551716
hm-a10-g1-L5p3-n3-beta0__N0096__Aminus_0p02,hm-a10-g1-L5p3-n3-beta0__N0096__Aplus_0p02,hm-a10-g1-L5p3-n3-beta0,96,-0.02,18,0.9937499999999999,10.003835913923131,10.000914697082758
hm-a10-g1-L5p3-n3-beta0__N0096__Aminus_0p02,hm-a10-g1-L5p3-n3-beta0__N0096__Aplus_0p02,hm-a10-g1-L5p3-n3-beta0,96,-0.02,19,1.0489583333333332,10.005744370338997,10.001372735241633
hm-a10-g1-L5p3-n3-beta0__N0096__Aminus_0p02,hm-a10-g1-L5p3-n3-beta0__N0096__Aplus_0p02,hm-a10-g1-L5p3-n3-beta0,96,-0.02,20,1.1041666666666665,10.00759850888775,10.001817448831293
hm-a10-g1-L5p3-n3-beta0__N0096__Aminus_0p02,hm-a10-g1-L5p3-n3-beta0__N0096__Aplus_0p02,hm-a10-g1-L5p3-n3-beta0,96,-0.02,21,1.159375,10.009380296429034,10.00224454198074
hm-a10-g1-L5p3-n3-beta0__N0096__Aminus_0p02,hm-a10-g1-L5p3-n3-beta0__N0096__Aplus_0p02,hm-a10-g1-L5p3-n3-beta0,96,-0.02,22,1.2145833333333333,10.011072357113699,10.002649885635565
hm-a10-g1-L5p3-n3-beta0__N0096__Aminus_0p02,hm-a10-g1-L5p3-n3-beta0__N0096__Aplus_0p02,hm-a10-g1-L5p3-n3-beta0,96,-0.02,23,1.2697916666666667,10.01265814800632,10.003029557933639
hm-a10-g1-L5p3-n3-beta0__N0096__Aminus_0p02,hm-a10-g1-L5p3-n3-beta0__N0096__Aplus_0p02,hm-a10-g1-L5p3-n3-beta0,96,-0.02,24,1.325,10.014122127916945,10.003379882673647
hm-a10-g1-L5p3-n3-beta0__N0096__Aminus_0p02,hm-a10-g1-L5p3-n3-beta0__N0096__Aplus_0p02,hm-a10-g1-L5p3-n3-beta0,96,-0.02,25,1.3802083333333333,10.015449917450185,10.003697465479094
hm-a10-g1-L5p3-n3-beta0__N0096__Aminus_0p02,hm-a10-g1-L5p3-n3-beta0__N0096__Aplus_0p02,hm-a10-g1-L5p3-n3-beta0,96,-0.02,26,1.4354166666666666,10.016628448328445,10.003979227280217
hm-a10-g1-L5p3-n3-beta0__N0096__Aminus_0p02,hm-a10-g1-L5p3-n3-beta0__N0096__Aplus_0p02,hm-a10-g1-L5p3-n3-beta0,96,-0.02,27,1.4906249999999999,10.017646100129108,10.004222434760676
hm-a10-g1-L5p3-n3-beta0__N0096__Aminus_0p02,hm-a10-g1-L5p3-n3-beta0__N0096__Aplus_0p02,hm-a10-g1-L5p3-n3-beta0,96,-0.02,28,1.5458333333333334,10.018492822693208,10.004424727445105
hm-a10-g1-L5p3-n3-beta0__N0096__Aminus_0p02,hm-a10-g1-L5p3-n3-beta0__N0096__Aplus_0p02,hm-a10-g1-L5p3-n3-beta0,96,-0.02,29,1.6010416666666667,10.019160242614479,10.004584141136965
hm-a10-g1-L5p3-n3-beta0__N0096__Aminus_0p02,hm-a10-g1-L5p3-n3-beta0__N0096__Aplus_0p02,hm-a10-g1-L5p3-n3-beta0,96,-0.02,30,1.65625,10.019641752401121,10.004699127453552
hm-a10-g1-L5p3-n3-beta0__N0096__Aminus_0p02,hm-a10-g1-L5p3-n3-beta0__N0096__Aplus_0p02,hm-a10-g1-L5p3-n3-beta0,96,-0.02,31,1.7114583333333333,10.019932581115,10.004768569245966
hm-a10-g1-L5p3-n3-beta0__N0096__Aminus_0p02,hm-a10-g1-L5p3-n3-beta0__N0096__Aplus_0p02,hm-a10-g1-L5p3-n3-beta0,96,-0.02,32,1.7666666666666666,10.02002984553068,10.00479179173571
hm-a10-g1-L5p3-n3-beta0__N0096__Aminus_0p02,hm-a10-g1-L5p3-n3-beta0__N0096__Aplus_0p02,hm-a10-g1-L5p3-n3-beta0,96,-0.02,33,1.821875,10.019932581114958,10.004768569245954
hm-a10-g1-L5p3-n3-beta0__N0096__Aminus_0p02,hm-a10-g1-L5p3-n3-beta0__N0096__Aplus_0p02,hm-a10-g1-L5p3-n3-beta0,96,-0.02,34,1.8770833333333332,10.019641752401037,10.004699127453527
hm-a10-g1-L5p3-n3-beta0__N0096__Aminus_0p02,hm-a10-g1-L5p3-n3-beta0__N0096__Aplus_0p02,hm-a10-g1-L5p3-n3-beta0,96,-0.02,35,1.9322916666666665,10.019160242614355,10.004584141136927
hm-a10-g1-L5p3-n3-beta0__N0096__Aminus_0p02,hm-a10-g1-L5p3-n3-beta0__N0096__Aplus_0p02,hm-a10-g1-L5p3-n3-beta0,96,-0.02,36,1.9874999999999998,10.018492822693045,10.004424727445057
hm-a10-g1-L5p3-n3-beta0__N0096__Aminus_0p02,hm-a10-g1-L5p3-n3-beta0__N0096__Aplus_0p02,hm-a10-g1-L5p3-n3-beta0,96,-0.02,37,2.042708333333333,10.017646100128905,10.004222434760617
hm-a10-g1-L5p3-n3-beta0__N0096__Aminus_0p02,hm-a10-g1-L5p3-n3-beta0__N0096__Aplus_0p02,hm-a10-g1-L5p3-n3-beta0,96,-0.02,38,2.0979166666666664,10.016628448328204,10.003979227280148
hm-a10-g1-L5p3-n3-beta0__N0096__Aminus_0p02,hm-a10-g1-L5p3-n3-beta0__N0096__Aplus_0p02,hm-a10-g1-L5p3-n3-beta0,96,-0.02,39,2.1531249999999997,10.015449917449908,10.003697465479014
hm-a10-g1-L5p3-n3-beta0__N0096__Aminus_0p02,hm-a10-g1-L5p3-n3-beta0__N0096__Aplus_0p02,hm-a10-g1-L5p3-n3-beta0,96,-0.02,40,2.208333333333333,10.014122127916634,10.003379882673554
hm-a10-g1-L5p3-n3-beta0__N0096__Aminus_0p02,hm-a10-g1-L5p3-n3-beta0__N0096__Aplus_0p02,hm-a10-g1-L5p3-n3-beta0,96,-0.02,41,2.263541666666667,10.012658148005976,10.003029557933536
hm-a10-g1-L5p3-n3-beta0__N0096__Aminus_0p02,hm-a10-g1-L5p3-n3-beta0__N0096__Aplus_0p02,hm-a10-g1-L5p3-n3-beta0,96,-0.02,42,2.31875,10.011072357113324,10.002649885635453
hm-a10-g1-L5p3-n3-beta0__N0096__Aminus_0p02,hm-a10-g1-L5p3-n3-beta0__N0096__Aplus_0p02,hm-a10-g1-L5p3-n3-beta0,96,-0.02,43,2.3739583333333334,10.009380296428631,10.002244541980618
hm-a10-g1-L5p3-n3-beta0__N0096__Aminus_0p02,hm-a10-g1-L5p3-n3-beta0__N0096__Aplus_0p02,hm-a10-g1-L5p3-n3-beta0,96,-0.02,44,2.4291666666666667,10.007598508887321,10.001817448831158
hm-a10-g1-L5p3-n3-beta0__N0096__Aminus_0p02,hm-a10-g1-L5p3-n3-beta0__N0096__Aplus_0p02,hm-a10-g1-L5p3-n3-beta0,96,-0.02,45,2.484375,10.005744370338544,10.001372735241489
hm-a10-g1-L5p3-n3-beta0__N0096__Aminus_0p02,hm-a10-g1-L5p3-n3-beta0__N0096__Aplus_0p02,hm-a10-g1-L5p3-n3-beta0,96,-0.02,46,2.5395833333333333,10.003835913922657,10.000914697082605
hm-a10-g1-L5p3-n3-beta0__N0096__Aminus_0p02,hm-a10-g1-L5p3-n3-beta0__N0096__Aplus_0p02,hm-a10-g1-L5p3-n3-beta0,96,-0.02,47,2.5947916666666666,10.001891649665174,10.000447755171436
hm-a10-g1-L5p3-n3-beta0__N0096__Aminus_0p02,hm-a10-g1-L5p3-n3-beta0__N0096__Aplus_0p02,hm-a10-g1-L5p3-n3-beta0,96,-0.02,48,2.65,9.999930381278578,9.999976412327504
hm-a10-g1-L5p3-n3-beta0__N0096__Aminus_0p02,hm-a10-g1-L5p3-n3-beta0__N0096__Aplus_0p02,hm-a10-g1-L5p3-n3-beta0,96,-0.02,49,2.705208333333333,9.997971022119026,9.999505209784372
hm-a10-g1-L5p3-n3-beta0__N0096__Aminus_0p02,hm-a10-g1-L5p3-n3-beta0__N0096__Aplus_0p02,hm-a10-g1-L5p3-n3-beta0,96,-0.02,50,2.7604166666666665,9.996032412175436,9.999038683383983
hm-a10-g1-L5p3-n3-beta0__N0096__Aminus_0p02,hm-a10-g1-L5p3-n3-beta0__N0096__Aplus_0p02,hm-a10-g1-L5p3-n3-beta0,96,-0.02,51,2.815625,9.994133137877528,9.998581319978193
hm-a10-g1-L5p3-n3-beta0__N0096__Aminus_0p02,hm-a10-g1-L5p3-n3-beta0__N0096__Aplus_0p02,hm-a10-g1-L5p3-n3-beta0,96,-0.02,52,2.870833333333333,9.992291356401159,9.998137514453829
hm-a10-g1-L5p3-n3-beta0__N0096__Aminus_0p02,hm-a10-g1-L5p3-n3-beta0__N0096__Aplus_0p02,hm-a10-g1-L5p3-n3-beta0,96,-0.02,53,2.9260416666666664,9.990524626027828,9.997711527785768
hm-a10-g1-L5p3-n3-beta0__N0096__Aminus_0p02,hm-a10-g1-L5p3-n3-beta0__N0096__Aplus_0p02,hm-a10-g1-L5p3-n3-beta0,96,-0.02,54,2.9812499999999997,9.988849743984666,9.997307446507286
hm-a10-g1-L5p3-n3-beta0__N0096__Aminus_0p02,hm-a10-g1-L5p3-n3-beta0__N0096__Aplus_0p02,hm-a10-g1-L5p3-n3-beta0,96,-0.02,55,3.036458333333333,9.987282593055529,9.996929143968373
hm-a10-g1-L5p3-n3-beta0__N0096__Aminus_0p02,hm-a10-g1-L5p3-n3-beta0__N0096__Aplus_0p02,hm-a10-g1-L5p3-n3-beta0,96,-0.02,56,3.091666666666667,9.985837998116374,9.996580243731453
hm-a10-g1-L5p3-n3-beta0__N0096__Aminus_0p02,hm-a10-g1-L5p3-n3-beta0__N0096__Aplus_0p02,hm-a10-g1-L5p3-n3-beta0,96,-0.02,57,3.146875,9.98452959361229,9.99626408543022
hm-a10-g1-L5p3-n3-beta0__N0096__Aminus_0p02,hm-a10-g1-L5p3-n3-beta0__N0096__Aplus_0p02,hm-a10-g1-L5p3-n3-beta0,96,-0.02,58,3.2020833333333334,9.983369702861793,9.995983693391485
hm-a10-g1-L5p3-n3-beta0__N0096__Aminus_0p02,hm-a10-g1-L5p3-n3-beta0__N0096__Aplus_0p02,hm-a10-g1-L5p3-n3-beta0,96,-0.02,59,3.2572916666666667,9.982369229948489,9.9957417482922
hm-a10-g1-L5p3-n3-beta0__N0096__Aminus_0p02,hm-a10-g1-L5p3-n3-beta0__N0096__Aplus_0p02,hm-a10-g1-L5p3-n3-beta0,96,-0.02,60,3.3125,9.981537564842348,9.995540562094856
hm-a10-g1-L5p3-n3-beta0__N0096__Aminus_0p02,hm-a10-g1-L5p3-n3-beta0__N0096__Aplus_0p02,hm-a10-g1-L5p3-n3-beta0,96,-0.02,61,3.3677083333333333,9.98088250228347,9.99538205647399
hm-a10-g1-L5p3-n3-beta0__N0096__Aminus_0p02,hm-a10-g1-L5p3-n3-beta0__N0096__Aplus_0p02,hm-a10-g1-L5p3-n3-beta0,96,-0.02,62,3.4229166666666666,9.980410174860642,9.995267744915319
hm-a10-g1-L5p3-n3-beta0__N0096__Aminus_0p02,hm-a10-g1-L5p3-n3-beta0__N0096__Aplus_0p02,hm-a10-g1-L5p3-n3-beta0,96,-0.02,63,3.478125,9.980125000624916,9.995198718636901
hm-a10-g1-L5p3-n3-beta0__N0096__Aminus_0p02,hm-a10-g1-L5p3-n3-beta0__N0096__Aplus_0p02,hm-a10-g1-L5p3-n3-beta0,96,-0.02,64,3.533333333333333,9.980029645493955,9.995175636449083
hm-a10-g1-L5p3-n3-beta0__N0096__Aminus_0p02,hm-a10-g1-L5p3-n3-beta0__N0096__Aplus_0p02,hm-a10-g1-L5p3-n3-beta0,96,-0.02,65,3.5885416666666665,9.98012500062494,9.995198718636908
hm-a10-g1-L5p3-n3-beta0__N0096__Aminus_0p02,hm-a10-g1-L5p3-n3-beta0__N0096__Aplus_0p02,hm-a10-g1-L5p3-n3-beta0,96,-0.02,66,3.64375,9.980410174860687,9.995267744915333
hm-a10-g1-L5p3-n3-beta0__N0096__Aminus_0p02,hm-a10-g1-L5p3-n3-beta0__N0096__Aplus_0p02,hm-a10-g1-L5p3-n3-beta0,96,-0.02,67,3.698958333333333,9.980882502283535,9.995382056474012
hm-a10-g1-L5p3-n3-beta0__N0096__Aminus_0p02,hm-a10-g1-L5p3-n3-beta0__N0096__Aplus_0p02,hm-a10-g1-L5p3-n3-beta0,96,-0.02,68,3.7541666666666664,9.981537564842435,9.995540562094888
hm-a10-g1-L5p3-n3-beta0__N0096__Aminus_0p02,hm-a10-g1-L5p3-n3-beta0__N0096__Aplus_0p02,hm-a10-g1-L5p3-n3-beta0,96,-0.02,69,3.8093749999999997,9.982369229948597,9.995741748292241
hm-a10-g1-L5p3-n3-beta0__N0096__Aminus_0p02,hm-a10-g1-L5p3-n3-beta0__N0096__Aplus_0p02,hm-a10-g1-L5p3-n3-beta0,96,-0.02,70,3.864583333333333,9.983369702861923,9.995983693391533
hm-a10-g1-L5p3-n3-beta0__N0096__Aminus_0p02,hm-a10-g1-L5p3-n3-beta0__N0096__Aplus_0p02,hm-a10-g1-L5p3-n3-beta0,96,-0.02,71,3.9197916666666663,9.984529593612443,9.996264085430274
hm-a10-g1-L5p3-n3-beta0__N0096__Aminus_0p02,hm-a10-g1-L5p3-n3-beta0__N0096__Aplus_0p02,hm-a10-g1-L5p3-n3-beta0,96,-0.02,72,3.9749999999999996,9.985837998116548,9.996580243731513
hm-a10-g1-L5p3-n3-beta0__N0096__Aminus_0p02,hm-a10-g1-L5p3-n3-beta0__N0096__Aplus_0p02,hm-a10-g1-L5p3-n3-beta0,96,-0.02,73,4.030208333333333,9.987282593055724,9.99692914396844
hm-a10-g1-L5p3-n3-beta0__N0096__Aminus_0p02,hm-a10-g1-L5p3-n3-beta0__N0096__Aplus_0p02,hm-a10-g1-L5p3-n3-beta0,96,-0.02,74,4.085416666666666,9.988849743984881,9.997307446507357
hm-a10-g1-L5p3-n3-beta0__N0096__Aminus_0p02,hm-a10-g1-L5p3-n3-beta0__N0096__Aplus_0p02,hm-a10-g1-L5p3-n3-beta0,96,-0.02,75,4.140625,9.990524626028062,9.99771152778584
hm-a10-g1-L5p3-n3-beta0__N0096__Aminus_0p02,hm-a10-g1-L5p3-n3-beta0__N0096__Aplus_0p02,hm-a10-g1-L5p3-n3-beta0,96,-0.02,76,4.195833333333333,9.992291356401413,9.998137514453905
hm-a10-g1-L5p3-n3-beta0__N0096__Aminus_0p02,hm-a10-g1-L5p3-n3-beta0__N0096__Aplus_0p02,hm-a10-g1-L5p3-n3-beta0,96,-0.02,77,4.251041666666667,9.994133137877798,9.998581319978273
hm-a10-g1-L5p3-n3-beta0__N0096__Aminus_0p02,hm-a10-g1-L5p3-n3-beta0__N0096__Aplus_0p02,hm-a10-g1-L5p3-n3-beta0,96,-0.02,78,4.3062499999999995,9.996032412175722,9.999038683384063
hm-a10-g1-L5p3-n3-beta0__N0096__Aminus_0p02,hm-a10-g1-L5p3-n3-beta0__N0096__Aplus_0p02,hm-a10-g1-L5p3-n3-beta0,96,-0.02,79,4.361458333333333,9.997971022119327,9.999505209784454
hm-a10-g1-L5p3-n3-beta0__N0096__Aminus_0p02,hm-a10-g1-L5p3-n3-beta0__N0096__Aplus_0p02,hm-a10-g1-L5p3-n3-beta0,96,-0.02,80,4.416666666666666,9.99993038127889,9.999976412327586
hm-a10-g1-L5p3-n3-beta0__N0096__Aminus_0p02,hm-a10-g1-L5p3-n3-beta0__N0096__Aplus_0p02,hm-a10-g1-L5p3-n3-beta0,96,-0.02,81,4.471875,10.001891649665495,10.000447755171516
hm-a10-g1-L5p3-n3-beta0__N0096__Aminus_0p02,hm-a10-g1-L5p3-n3-beta0__N0096__Aplus_0p02,hm-a10-g1-L5p3-n3-beta0,96,-0.02,82,4.527083333333334,10.003835913922986,10.000914697082687
hm-a10-g1-L5p3-n3-beta0__N0096__Aminus_0p02,hm-a10-g1-L5p3-n3-beta0__N0096__Aplus_0p02,hm-a10-g1-L5p3-n3-beta0,96,-0.02,83,4.582291666666666,10.005744370338876,10.001372735241572
hm-a10-g1-L5p3-n3-beta0__N0096__Aminus_0p02,hm-a10-g1-L5p3-n3-beta0__N0096__Aplus_0p02,hm-a10-g1-L5p3-n3-beta0,96,-0.02,84,4.6375,10.007598508887652,10.001817448831241
hm-a10-g1-L5p3-n3-beta0__N0096__Aminus_0p02,hm-a10-g1-L5p3-n3-beta0__N0096__Aplus_0p02,hm-a10-g1-L5p3-n3-beta0,96,-0.02,85,4.692708333333333,10.00938029642896,10.0022445419807
hm-a10-g1-L5p3-n3-beta0__N0096__Aminus_0p02,hm-a10-g1-L5p3-n3-beta0__N0096__Aplus_0p02,hm-a10-g1-L5p3-n3-beta0,96,-0.02,86,4.747916666666667,10.011072357113648,10.002649885635536
hm-a10-g1-L5p3-n3-beta0__N0096__Aminus_0p02,hm-a10-g1-L5p3-n3-beta0__N0096__Aplus_0p02,hm-a10-g1-L5p3-n3-beta0,96,-0.02,87,4.803125,10.012658148006292,10.003029557933619
hm-a10-g1-L5p3-n3-beta0__N0096__Aminus_0p02,hm-a10-g1-L5p3-n3-beta0__N0096__Aplus_0p02,hm-a10-g1-L5p3-n3-beta0,96,-0.02,88,4.858333333333333,10.01412212791694,10.003379882673636
hm-a10-g1-L5p3-n3-beta0__N0096__Aminus_0p02,hm-a10-g1-L5p3-n3-beta0__N0096__Aplus_0p02,hm-a10-g1-L5p3-n3-beta0,96,-0.02,89,4.913541666666666,10.015449917450201,10.003697465479096
hm-a10-g1-L5p3-n3-beta0__N0096__Aminus_0p02,hm-a10-g1-L5p3-n3-beta0__N0096__Aplus_0p02,hm-a10-g1-L5p3-n3-beta0,96,-0.02,90,4.96875,10.016628448328483,10.003979227280228
hm-a10-g1-L5p3-n3-beta0__N0096__Aminus_0p02,hm-a10-g1-L5p3-n3-beta0__N0096__Aplus_0p02,hm-a10-g1-L5p3-n3-beta0,96,-0.02,91,5.023958333333333,10.017646100129168,10.004222434760695
hm-a10-g1-L5p3-n3-beta0__N0096__Aminus_0p02,hm-a10-g1-L5p3-n3-beta0__N0096__Aplus_0p02,hm-a10-g1-L5p3-n3-beta0,96,-0.02,92,5.079166666666667,10.01849282269329,10.004424727445134
hm-a10-g1-L5p3-n3-beta0__N0096__Aminus_0p02,hm-a10-g1-L5p3-n3-beta0__N0096__Aplus_0p02,hm-a10-g1-L5p3-n3-beta0,96,-0.02,93,5.1343749999999995,10.019160242614582,10.004584141137
hm-a10-g1-L5p3-n3-beta0__N0096__Aminus_0p02,hm-a10-g1-L5p3-n3-beta0__N0096__Aplus_0p02,hm-a10-g1-L5p3-n3-beta0,96,-0.02,94,5.189583333333333,10.019641752401245,10.004699127453595
hm-a10-g1-L5p3-n3-beta0__N0096__Aminus_0p02,hm-a10-g1-L5p3-n3-beta0__N0096__Aplus_0p02,hm-a10-g1-L5p3-n3-beta0,96,-0.02,95,5.244791666666666,10.019932581115144,10.004768569246016
hm-a10-g1-L5p3-n3-beta0__N0096__Aminus_0p02,hm-a10-g1-L5p3-n3-beta0__N0096__Aplus_0p02,hm-a10-g1-L5p3-n3-beta0,96,-0.02,96,5.3,10.020029845530846,10.00479179173577
hm-a10-g1-L5p3-n3-beta0__N0096__Aminus_0p01,hm-a10-g1-L5p3-n3-beta0__N0096__Aplus_0p01,hm-a10-g1-L5p3-n3-beta0,96,-0.01,0,0.0,9.990007423819652,9.99759189100934
hm-a10-g1-L5p3-n3-beta0__N0096__Aminus_0p01,hm-a10-g1-L5p3-n3-beta0__N0096__Aplus_0p01,hm-a10-g1-L5p3-n3-beta0,96,-0.01,1,0.05520833333333333,9.990055338434365,9.997603449585911
hm-a10-g1-L5p3-n3-beta0__N0096__Aminus_0p01,hm-a10-g1-L5p3-n3-beta0__N0096__Aplus_0p01,hm-a10-g1-L5p3-n3-beta0,96,-0.01,2,0.11041666666666666,9.990198627666551,9.997638014503872
hm-a10-g1-L5p3-n3-beta0__N0096__Aminus_0p01,hm-a10-g1-L5p3-n3-beta0__N0096__Aplus_0p01,hm-a10-g1-L5p3-n3-beta0,96,-0.01,3,0.165625,9.990435931797915,9.997695254375854
hm-a10-g1-L5p3-n3-beta0__N0096__Aminus_0p01,hm-a10-g1-L5p3-n3-beta0__N0096__Aplus_0p01,hm-a10-g1-L5p3-n3-beta0,96,-0.01,4,0.22083333333333333,9.990764998326695,9.997774620373185
hm-a10-g1-L5p3-n3-beta0__N0096__Aminus_0p01,hm-a10-g1-L5p3-n3-beta0__N0096__Aplus_0p01,hm-a10-g1-L5p3-n3-beta0,96,-0.01,5,0.27604166666666663,9.991182702406363,9.997875351418616
hm-a10-g1-L5p3-n3-beta0__N0096__Aminus_0p01,hm-a10-g1-L5p3-n3-beta0__N0096__Aplus_0p01,hm-a10-g1-L5p3-n3-beta0,96,-0.01,6,0.33125,9.991685075250738,9.997996481390995
hm-a10-g1-L5p3-n3-beta0__N0096__Aminus_0p01,hm-a10-g1-L5p3-n3-beta0__N0096__Aplus_0p01,hm-a10-g1-L5p3-n3-beta0,96,-0.01,7,0.38645833333333335,9.992267340295879,9.998136848277273
hm-a10-g1-L5p3-n3-beta0__N0096__Aminus_0p01,hm-a10-g1-L5p3-n3-beta0__N0096__Aplus_0p01,hm-a10-g1-L5p3-n3-beta0,96,-0.01,8,0.44166666666666665,9.99292395684855,9.998295105189504
hm-a10-g1-L5p3-n3-beta0__N0096__Aminus_0p01,hm-a10-g1-L5p3-n3-beta0__N0096__Aplus_0p01,hm-a10-g1-L5p3-n3-beta0,96,-0.01,9,0.49687499999999996,9.993648670890162,9.998469733147406
hm-a10-g1-L5p3-n3-beta0__N0096__Aminus_0p01,hm-a10-g1-L5p3-n3-beta0__N0096__Aplus_0p01,hm-a10-g1-L5p3-n3-beta0,96,-0.01,10,0.5520833333333333,9.99443457264406,9.99865905551056
hm-a10-g1-L5p3-n3-beta0__N0096__Aminus_0p01,hm-a10-g1-L5p3-n3-beta0__N0096__Aplus_0p01,hm-a10-g1-L5p3-n3-beta0,96,-0.01,11,0.6072916666666667,9.995274160453135,9.998861253928805
hm-a10-g1-L5p3-n3-beta0__N0096__Aminus_0p01,hm-a10-g1-L5p3-n3-beta0__N0096__Aplus_0p01,hm-a10-g1-L5p3-n3-beta0,96,-0.01,12,0.6625,9.996159410454425,9.999074385664727
hm-a10-g1-L5p3-n3-beta0__N0096__Aminus_0p01,hm-a10-g1-L5p3-n3-beta0__N0096__Aplus_0p01,hm-a10-g1-L5p3-n3-beta0,96,-0.01,13,0.7177083333333333,9.99708185147805,9.999296402128694
hm-a10-g1-L5p3-n3-beta0__N0096__Aminus_0p01,hm-a10-g1-L5p3-n3-beta0__N0096__Aplus_0p01,hm-a10-g1-L5p3-n3-beta0,96,-0.01,14,0.7729166666666667,9.99803264454041,9.999525168454616
hm-a10-g1-L5p3-n3-beta0__N0096__Aminus_0p01,hm-a10-g1-L5p3-n3-beta0__N0096__Aplus_0p01,hm-a10-g1-L5p3-n3-beta0,96,-0.01,15,0.828125,9.999002666246604,9.999758483933828
hm-a10-g1-L5p3-n3-beta0__N0096__Aminus_0p01,hm-a10-g1-L5p3-n3-beta0__N0096__Aplus_0p01,hm-a10-g1-L5p3-n3-beta0,96,-0.01,16,0.8833333333333333,9.99998259536561,9.999994103115172
hm-a10-g1-L5p3-n3-beta0__N0096__Aminus_0p01,hm-a10-g1-L5p3-n3-beta0__N0096__Aplus_0p01,hm-a10-g1-L5p3-n3-beta0,96,-0.01,17,0.9385416666666666,10.000963001794817,10.000229757371677
hm-a10-g1-L5p3-n3-beta0__N0096__Aminus_0p01,hm-a10-g1-L5p3-n3-beta0__N0096__Aplus_0p01,hm-a10-g1-L5p3-n3-beta0,96,-0.01,18,0.9937499999999999,10.001934437089062,10.00046317672846
hm-a10-g1-L5p3-n3-beta0__N0096__Aminus_0p01,hm-a10-g1-L5p3-n3-beta0__N0096__Aplus_0p01,hm-a10-g1-L5p3-n3-beta0,96,-0.01,19,1.0489583333333332,10.002887525694508,10.000692111742412
hm-a10-g1-L5p3-n3-beta0__N0096__Aminus_0p01,hm-a10-g1-L5p3-n3-beta0__N0096__Aplus_0p01,hm-a10-g1-L5p3-n3-beta0,96,-0.01,20,1.1041666666666665,10.003813056000695,10.000914355222301
hm-a10-g1-L5p3-n3-beta0__N0096__Aminus_0p01,hm-a10-g1-L5p3-n3-beta0__N0096__Aplus_0p01,hm-a10-g1-L5p3-n3-beta0,96,-0.01,21,1.159375,10.004702070305658,10.001127763577966
hm-a10-g1-L5p3-n3-beta0__N0096__Aminus_0p01,hm-a10-g1-L5p3-n3-beta0__N0096__Aplus_0p01,hm-a10-g1-L5p3-n3-beta0,96,-0.01,22,1.2145833333333333,10.00554595278047,10.001330277589446
hm-a10-g1-L5p3-n3-beta0__N0096__Aminus_0p01,hm-a10-g1-L5p3-n3-beta0__N0096__Aplus_0p01,hm-a10-g1-L5p3-n3-beta0,96,-0.01,23,1.2697916666666667,10.006336514521445,10.00151994239128
hm-a10-g1-L5p3-n3-beta0__N0096__Aminus_0p01,hm-a10-g1-L5p3-n3-beta0__N0096__Aplus_0p01,hm-a10-g1-L5p3-n3-beta0,96,-0.01,24,1.325,10.007066074791371,10.00169492647359
hm-a10-g1-L5p3-n3-beta0__N0096__Aminus_0p01,hm-a10-g1-L5p3-n3-beta0__N0096__Aplus_0p01,hm-a10-g1-L5p3-n3-beta0,96,-0.01,25,1.3802083333333333,10.00772753757596,10.001853539510298
hm-a10-g1-L5p3-n3-beta0__N0096__Aminus_0p01,hm-a10-g1-L5p3-n3-beta0__N0096__Aplus_0p01,hm-a10-g1-L5p3-n3-beta0,96,-0.01,26,1.4354166666666666,10.00831446261844,10.001994248835455
hm-a10-g1-L5p3-n3-beta0__N0096__Aminus_0p01,hm-a10-g1-L5p3-n3-beta0__N0096__Aplus_0p01,hm-a10-g1-L5p3-n3-beta0,96,-0.01,27,1.4906249999999999,10.00882113014391,10.002115694401372
hm-a10-g1-L5p3-n3-beta0__N0096__Aminus_0p01,hm-a10-g1-L5p3-n3-beta0__N0096__Aplus_0p01,hm-a10-g1-L5p3-n3-beta0,96,-0.01,28,1.5458333333333334,10.009242598545365,10.002216702066896
hm-a10-g1-L5p3-n3-beta0__N0096__Aminus_0p01,hm-a10-g1-L5p3-n3-beta0__N0096__Aplus_0p01,hm-a10-g1-L5p3-n3-beta0,96,-0.01,29,1.6010416666666667,10.009574754374817,10.002296295080502
hm-a10-g1-L5p3-n3-beta0__N0096__Aminus_0p01,hm-a10-g1-L5p3-n3-beta0__N0096__Aplus_0p01,hm-a10-g1-L5p3-n3-beta0,96,-0.01,30,1.65625,10.009814354064616,10.002353703640809
hm-a10-g1-L5p3-n3-beta0__N0096__Aminus_0p01,hm-a10-g1-L5p3-n3-beta0__N0096__Aplus_0p01,hm-a10-g1-L5p3-n3-beta0,96,-0.01,31,1.7114583333333333,10.0099590568951,10.002388372436533
hm-a10-g1-L5p3-n3-beta0__N0096__Aminus_0p01,hm-a10-g1-L5p3-n3-beta0__N0096__Aplus_0p01,hm-a10-g1-L5p3-n3-beta0,96,-0.01,32,1.7666666666666666,10.010007448823599,10.00239996608833
hm-a10-g1-L5p3-n3-beta0__N0096__Aminus_0p01,hm-a10-g1-L5p3-n3-beta0__N0096__Aplus_0p01,hm-a10-g1-L5p3-n3-beta0,96,-0.01,33,1.821875,10.009959056895054,10.00238837243652
hm-a10-g1-L5p3-n3-beta0__N0096__Aminus_0p01,hm-a10-g1-L5p3-n3-beta0__N0096__Aplus_0p01,hm-a10-g1-L5p3-n3-beta0,96,-0.01,34,1.8770833333333332,10.009814354064524,10.002353703640784
hm-a10-g1-L5p3-n3-beta0__N0096__Aminus_0p01,hm-a10-g1-L5p3-n3-beta0__N0096__Aplus_0p01,hm-a10-g1-L5p3-n3-beta0,96,-0.01,35,1.9322916666666665,10.00957475437468,10.002296295080463
hm-a10-g1-L5p3-n3-beta0__N0096__Aminus_0p01,hm-a10-g1-L5p3-n3-beta0__N0096__Aplus_0p01,hm-a10-g1-L5p3-n3-beta0,96,-0.01,36,1.9874999999999998,10.009242598545184,10.002216702066844
hm-a10-g1-L5p3-n3-beta0__N0096__Aminus_0p01,hm-a10-g1-L5p3-n3-beta0__N0096__Aplus_0p01,hm-a10-g1-L5p3-n3-beta0,96,-0.01,37,2.042708333333333,10.008821130143685,10.00211569440131
hm-a10-g1-L5p3-n3-beta0__N0096__Aminus_0p01,hm-a10-g1-L5p3-n3-beta0__N0096__Aplus_0p01,hm-a10-g1-L5p3-n3-beta0,96,-0.01,38,2.0979166666666664,10.008314462618175,10.001994248835384
hm-a10-g1-L5p3-n3-beta0__N0096__Aminus_0p01,hm-a10-g1-L5p3-n3-beta0__N0096__Aplus_0p01,hm-a10-g1-L5p3-n3-beta0,96,-0.01,39,2.1531249999999997,10.007727537575658,10.001853539510217
hm-a10-g1-L5p3-n3-beta0__N0096__Aminus_0p01,hm-a10-g1-L5p3-n3-beta0__N0096__Aplus_0p01,hm-a10-g1-L5p3-n3-beta0,96,-0.01,40,2.208333333333333,10.007066074791034,10.001694926473496
hm-a10-g1-L5p3-n3-beta0__N0096__Aminus_0p01,hm-a10-g1-L5p3-n3-beta0__N0096__Aplus_0p01,hm-a10-g1-L5p3-n3-beta0,96,-0.01,41,2.263541666666667,10.006336514521074,10.001519942391175
hm-a10-g1-L5p3-n3-beta0__N0096__Aminus_0p01,hm-a10-g1-L5p3-n3-beta0__N0096__Aplus_0p01,hm-a10-g1-L5p3-n3-beta0,96,-0.01,42,2.31875,10.00554595278007,10.001330277589332
hm-a10-g1-L5p3-n3-beta0__N0096__Aminus_0p01,hm-a10-g1-L5p3-n3-beta0__N0096__Aplus_0p01,hm-a10-g1-L5p3-n3-beta0,96,-0.01,43,2.3739583333333334,10.00470207030523,10.001127763577841
hm-a10-g1-L5p3-n3-beta0__N0096__Aminus_0p01,hm-a10-g1-L5p3-n3-beta0__N0096__Aplus_0p01,hm-a10-g1-L5p3-n3-beta0,96,-0.01,44,2.4291666666666667,10.003813056000244,10.000914355222168
hm-a10-g1-L5p3-n3-beta0__N0096__Aminus_0p01,hm-a10-g1-L5p3-n3-beta0__N0096__Aplus_0p01,hm-a10-g1-L5p3-n3-beta0,96,-0.01,45,2.484375,10.002887525694035,10.00069211174227
hm-a10-g1-L5p3-n3-beta0__N0096__Aminus_0p01,hm-a10-g1-L5p3-n3-beta0__N0096__Aplus_0p01,hm-a10-g1-L5p3-n3-beta0,96,-0.01,46,2.5395833333333333,10.00193443708857,10.00046317672831
hm-a10-g1-L5p3-n3-beta0__N0096__Aminus_0p01,hm-a10-g1-L5p3-n3-beta0__N0096__Aplus_0p01,hm-a10-g1-L5p3-n3-beta0,96,-0.01,47,2.5947916666666666,10.000963001794313,10.00022975737152
hm-a10-g1-L5p3-n3-beta0__N0096__Aminus_0p01,hm-a10-g1-L5p3-n3-beta0__N0096__Aplus_0p01,hm-a10-g1-L5p3-n3-beta0,96,-0.01,48,2.65,9.999982595365092,9.999994103115005
hm-a10-g1-L5p3-n3-beta0__N0096__Aminus_0p01,hm-a10-g1-L5p3-n3-beta0__N0096__Aplus_0p01,hm-a10-g1-L5p3-n3-beta0,96,-0.01,49,2.705208333333333,9.999002666246078,9.999758483933652
hm-a10-g1-L5p3-n3-beta0__N0096__Aminus_0p01,hm-a10-g1-L5p3-n3-beta0__N0096__Aplus_0p01,hm-a10-g1-L5p3-n3-beta0,96,-0.01,50,2.7604166666666665,9.998032644539878,9.999525168454431
hm-a10-g1-L5p3-n3-beta0__N0096__Aminus_0p01,hm-a10-g1-L5p3-n3-beta0__N0096__Aplus_0p01,hm-a10-g1-L5p3-n3-beta0,96,-0.01,51,2.815625,9.997081851477512,9.999296402128502
hm-a10-g1-L5p3-n3-beta0__N0096__Aminus_0p01,hm-a10-g1-L5p3-n3-beta0__N0096__Aplus_0p01,hm-a10-g1-L5p3-n3-beta0,96,-0.01,52,2.870833333333333,9.996159410453885,9.99907438566453
hm-a10-g1-L5p3-n3-beta0__N0096__Aminus_0p01,hm-a10-g1-L5p3-n3-beta0__N0096__Aplus_0p01,hm-a10-g1-L5p3-n3-beta0,96,-0.01,53,2.9260416666666664,9.995274160452595,9.998861253928602
hm-a10-g1-L5p3-n3-beta0__N0096__Aminus_0p01,hm-a10-g1-L5p3-n3-beta0__N0096__Aplus_0p01,hm-a10-g1-L5p3-n3-beta0,96,-0.01,54,2.9812499999999997,9.99443457264352,9.998659055510354
hm-a10-g1-L5p3-n3-beta0__N0096__Aminus_0p01,hm-a10-g1-L5p3-n3-beta0__N0096__Aplus_0p01,hm-a10-g1-L5p3-n3-beta0,96,-0.01,55,3.036458333333333,9.993648670889625,9.998469733147198
hm-a10-g1-L5p3-n3-beta0__N0096__Aminus_0p01,hm-a10-g1-L5p3-n3-beta0__N0096__Aplus_0p01,hm-a10-g1-L5p3-n3-beta0,96,-0.01,56,3.091666666666667,9.992923956848013,9.998295105189298
hm-a10-g1-L5p3-n3-beta0__N0096__Aminus_0p01,hm-a10-g1-L5p3-n3-beta0__N0096__Aplus_0p01,hm-a10-g1-L5p3-n3-beta0,96,-0.01,57,3.146875,9.992267340295347,9.998136848277067
hm-a10-g1-L5p3-n3-beta0__N0096__Aminus_0p01,hm-a10-g1-L5p3-n3-beta0__N0096__Aplus_0p01,hm-a10-g1-L5p3-n3-beta0,96,-0.01,58,3.2020833333333334,9.991685075250212,9.997996481390793
hm-a10-g1-L5p3-n3-beta0__N0096__Aminus_0p01,hm-a10-g1-L5p3-n3-beta0__N0096__Aplus_0p01,hm-a10-g1-L5p3-n3-beta0,96,-0.01,59,3.2572916666666667,9.991182702405842,9.997875351418417
hm-a10-g1-L5p3-n3-beta0__N0096__Aminus_0p01,hm-a10-g1-L5p3-n3-beta0__N0096__Aplus_0p01,hm-a10-g1-L5p3-n3-beta0,96,-0.01,60,3.3125,9.99076499832618,9.99777462037299
hm-a10-g1-L5p3-n3-beta0__N0096__Aminus_0p01,hm-a10-g1-L5p3-n3-beta0__N0096__Aplus_0p01,hm-a10-g1-L5p3-n3-beta0,96,-0.01,61,3.3677083333333333,9.990435931797407,9.997695254375664
hm-a10-g1-L5p3-n3-beta0__N0096__Aminus_0p01,hm-a10-g1-L5p3-n3-beta0__N0096__Aplus_0p01,hm-a10-g1-L5p3-n3-beta0,96,-0.01,62,3.4229166666666666,9.990198627666052,9.997638014503686
hm-a10-g1-L5p3-n3-beta0__N0096__Aminus_0p01,hm-a10-g1-L5p3-n3-beta0__N0096__Aplus_0p01,hm-a10-g1-L5p3-n3-beta0,96,-0.01,63,3.478125,9.990055338433876,9.997603449585728
hm-a10-g1-L5p3-n3-beta0__N0096__Aminus_0p01,hm-a10-g1-L5p3-n3-beta0__N0096__Aplus_0p01,hm-a10-g1-L5p3-n3-beta0,96,-0.01,64,3.533333333333333,9.990007423819174,9.99759189100916
hm-a10-g1-L5p3-n3-beta0__N0096__Aminus_0p01,hm-a10-g1-L5p3-n3-beta0__N0096__Aplus_0p01,hm-a10-g1-L5p3-n3-beta0,96,-0.01,65,3.5885416666666665,9.9900553384339,9.997603449585736
hm-a10-g1-L5p3-n3-beta0__N0096__Aminus_0p01,hm-a10-g1-L5p3-n3-beta0__N0096__Aplus_0p01,hm-a10-g1-L5p3-n3-beta0,96,-0.01,66,3.64375,9.990198627666098,9.997638014503702
hm-a10-g1-L5p3-n3-beta0__N0096__Aminus_0p01,hm-a10-g1-L5p3-n3-beta0__N0096__Aplus_0p01,hm-a10-g1-L5p3-n3-beta0,96,-0.01,67,3.698958333333333,9.990435931797474,9.99769525437569
hm-a10-g1-L5p3-n3-beta0__N0096__Aminus_0p01,hm-a10-g1-L5p3-n3-beta0__N0096__Aplus_0p01,hm-a10-g1-L5p3-n3-beta0,96,-0.01,68,3.7541666666666664,9.99076499832627,9.997774620373027
hm-a10-g1-L5p3-n3-beta0__N0096__Aminus_0p01,hm-a10-g1-L5p3-n3-beta0__N0096__Aplus_0p01,hm-a10-g1-L5p3-n3-beta0,96,-0.01,69,3.8093749999999997,9.991182702405954,9.997875351418463
hm-a10-g1-L5p3-n3-beta0__N0096__Aminus_0p01,hm-a10-g1-L5p3-n3-beta0__N0096__Aplus_0p01,hm-a10-g1-L5p3-n3-beta0,96,-0.01,70,3.864583333333333,9.991685075250345,9.997996481390848
hm-a10-g1-L5p3-n3-beta0__N0096__Aminus_0p01,hm-a10-g1-L5p3-n3-beta0__N0096__Aplus_0p01,hm-a10-g1-L5p3-n3-beta0,96,-0.01,71,3.9197916666666663,9.992267340295504,9.99813684827713
hm-a10-g1-L5p3-n3-beta0__N0096__Aminus_0p01,hm-a10-g1-L5p3-n3-beta0__N0096__Aplus_0p01,hm-a10-g1-L5p3-n3-beta0,96,-0.01,72,3.9749999999999996,9.992923956848193,9.998295105189365
hm-a10-g1-L5p3-n3-beta0__N0096__Aminus_0p01,hm-a10-g1-L5p3-n3-beta0__N0096__Aplus_0p01,hm-a10-g1-L5p3-n3-beta0,96,-0.01,73,4.030208333333333,9.993648670889824,9.998469733147273
hm-a10-g1-L5p3-n3-beta0__N0096__Aminus_0p01,hm-a10-g1-L5p3-n3-beta0__N0096__Aplus_0p01,hm-a10-g1-L5p3-n3-beta0,96,-0.01,74,4.085416666666666,9.994434572643742,9.998659055510434
hm-a10-g1-L5p3-n3-beta0__N0096__Aminus_0p01,hm-a10-g1-L5p3-n3-beta0__N0096__Aplus_0p01,hm-a10-g1-L5p3-n3-beta0,96,-0.01,75,4.140625,9.995274160452837,9.998861253928686
hm-a10-g1-L5p3-n3-beta0__N0096__Aminus_0p01,hm-a10-g1-L5p3-n3-beta0__N0096__Aplus_0p01,hm-a10-g1-L5p3-n3-beta0,96,-0.01,76,4.195833333333333,9.996159410454148,9.999074385664617
hm-a10-g1-L5p3-n3-beta0__N0096__Aminus_0p01,hm-a10-g1-L5p3-n3-beta0__N0096__Aplus_0p01,hm-a10-g1-L5p3-n3-beta0,96,-0.01,77,4.251041666666667,9.997081851477795,9.999296402128591
hm-a10-g1-L5p3-n3-beta0__N0096__Aminus_0p01,hm-a10-g1-L5p3-n3-beta0__N0096__Aplus_0p01,hm-a10-g1-L5p3-n3-beta0,96,-0.01,78,4.3062499999999995,9.998032644540176,9.99952516845452
hm-a10-g1-L5p3-n3-beta0__N0096__Aminus_0p01,hm-a10-g1-L5p3-n3-beta0__N0096__Aplus_0p01,hm-a10-g1-L5p3-n3-beta0,96,-0.01,79,4.361458333333333,9.999002666246392,9.999758483933743
hm-a10-g1-L5p3-n3-beta0__N0096__Aminus_0p01,hm-a10-g1-L5p3-n3-beta0__N0096__Aplus_0p01,hm-a10-g1-L5p3-n3-beta0,96,-0.01,80,4.416666666666666,9.99998259536542,9.999994103115094
hm-a10-g1-L5p3-n3-beta0__N0096__Aminus_0p01,hm-a10-g1-L5p3-n3-beta0__N0096__Aplus_0p01,hm-a10-g1-L5p3-n3-beta0,96,-0.01,81,4.471875,10.00096300179465,10.000229757371608
hm-a10-g1-L5p3-n3-beta0__N0096__Aminus_0p01,hm-a10-g1-L5p3-n3-beta0__N0096__Aplus_0p01,hm-a10-g1-L5p3-n3-beta0,96,-0.01,82,4.527083333333334,10.001934437088916,10.0004631767284
hm-a10-g1-L5p3-n3-beta0__N0096__Aminus_0p01,hm-a10-g1-L5p3-n3-beta0__N0096__Aplus_0p01,hm-a10-g1-L5p3-n3-beta0,96,-0.01,83,4.582291666666666,10.002887525694385,10.000692111742362
hm-a10-g1-L5p3-n3-beta0__N0096__Aminus_0p01,hm-a10-g1-L5p3-n3-beta0__N0096__Aplus_0p01,hm-a10-g1-L5p3-n3-beta0,96,-0.01,84,4.6375,10.003813056000595,10.00091435522226
hm-a10-g1-L5p3-n3-beta0__N0096__Aminus_0p01,hm-a10-g1-L5p3-n3-beta0__N0096__Aplus_0p01,hm-a10-g1-L5p3-n3-beta0,96,-0.01,85,4.692708333333333,10.00470207030558,10.001127763577932
hm-a10-g1-L5p3-n3-beta0__N0096__Aminus_0p01,hm-a10-g1-L5p3-n3-beta0__N0096__Aplus_0p01,hm-a10-g1-L5p3-n3-beta0,96,-0.01,86,4.747916666666667,10.005545952780414,10.001330277589423
hm-a10-g1-L5p3-n3-beta0__N0096__Aminus_0p01,hm-a10-g1-L5p3-n3-beta0__N0096__Aplus_0p01,hm-a10-g1-L5p3-n3-beta0,96,-0.01,87,4.803125,10.006336514521411,10.001519942391267
hm-a10-g1-L5p3-n3-beta0__N0096__Aminus_0p01,hm-a10-g1-L5p3-n3-beta0__N0096__Aplus_0p01,hm-a10-g1-L5p3-n3-beta0,96,-0.01,88,4.858333333333333,10.00706607479136,10.001694926473586
hm-a10-g1-L5p3-n3-beta0__N0096__Aminus_0p01,hm-a10-g1-L5p3-n3-beta0__N0096__Aplus_0p01,hm-a10-g1-L5p3-n3-beta0,96,-0.01,89,4.913541666666666,10.007727537575972,10.001853539510307
hm-a10-g1-L5p3-n3-beta0__N0096__Aminus_0p01,hm-a10-g1-L5p3-n3-beta0__N0096__Aplus_0p01,hm-a10-g1-L5p3-n3-beta0,96,-0.01,90,4.96875,10.008314462618475,10.001994248835475
hm-a10-g1-L5p3-n3-beta0__N0096__Aminus_0p01,hm-a10-g1-L5p3-n3-beta0__N0096__Aplus_0p01,hm-a10-g1-L5p3-n3-beta0,96,-0.01,91,5.023958333333333,10.008821130143968,10.002115694401398
hm-a10-g1-L5p3-n3-beta0__N0096__Aminus_0p01,hm-a10-g1-L5p3-n3-beta0__N0096__Aplus_0p01,hm-a10-g1-L5p3-n3-beta0,96,-0.01,92,5.079166666666667,10.009242598545447,10.002216702066931
hm-a10-g1-L5p3-n3-beta0__N0096__Aminus_0p01,hm-a10-g1-L5p3-n3-beta0__N0096__Aplus_0p01,hm-a10-g1-L5p3-n3-beta0,96,-0.01,93,5.1343749999999995,10.009574754374924,10.002296295080544
hm-a10-g1-L5p3-n3-beta0__N0096__Aminus_0p01,hm-a10-g1-L5p3-n3-beta0__N0096__Aplus_0p01,hm-a10-g1-L5p3-n3-beta0,96,-0.01,94,5.189583333333333,10.009814354064746,10.00235370364086
hm-a10-g1-L5p3-n3-beta0__N0096__Aminus_0p01,hm-a10-g1-L5p3-n3-beta0__N0096__Aplus_0p01,hm-a10-g1-L5p3-n3-beta0,96,-0.01,95,5.244791666666666,10.009959056895253,10.002388372436593
hm-a10-g1-L5p3-n3-beta0__N0096__Aminus_0p01,hm-a10-g1-L5p3-n3-beta0__N0096__Aplus_0p01,hm-a10-g1-L5p3-n3-beta0,96,-0.01,96,5.3,10.010007448823776,10.002399966088397
hm-a10-g1-L5p3-n3-beta0__N0096__Aminus_0p005,hm-a10-g1-L5p3-n3-beta0__N0096__Aplus_0p005,hm-a10-g1-L5p3-n3-beta0,96,-0.005,0,0.0,9.99500185751425,9.998796963529331
hm-a10-g1-L5p3-n3-beta0__N0096__Aminus_0p005,hm-a10-g1-L5p3-n3-beta0__N0096__Aplus_0p005,hm-a10-g1-L5p3-n3-beta0,96,-0.005,1,0.05520833333333333,9.995025874284185,9.998802747195128
hm-a10-g1-L5p3-n3-beta0__N0096__Aminus_0p005,hm-a10-g1-L5p3-n3-beta0__N0096__Aplus_0p005,hm-a10-g1-L5p3-n3-beta0,96,-0.005,2,0.11041666666666666,9.995097695012484,9.998820042618744
hm-a10-g1-L5p3-n3-beta0__N0096__Aminus_0p005,hm-a10-g1-L5p3-n3-beta0__N0096__Aplus_0p005,hm-a10-g1-L5p3-n3-beta0,96,-0.005,3,0.165625,9.99521663310003,9.998848683609229
hm-a10-g1-L5p3-n3-beta0__N0096__Aminus_0p005,hm-a10-g1-L5p3-n3-beta0__N0096__Aplus_0p005,hm-a10-g1-L5p3-n3-beta0,96,-0.005,4,0.22083333333333333,9.995381551348157,9.998888394944636
hm-a10-g1-L5p3-n3-beta0__N0096__Aminus_0p005,hm-a10-g1-L5p3-n3-beta0__N0096__Aplus_0p005,hm-a10-g1-L5p3-n3-beta0,96,-0.005,5,0.27604166666666663,9.995590872594942,9.998938794999294
hm-a10-g1-L5p3-n3-beta0__N0096__Aminus_0p005,hm-a10-g1-L5p3-n3-beta0__N0096__Aplus_0p005,hm-a10-g1-L5p3-n3-beta0,96,-0.005,6,0.33125,9.995842594479358,9.998999399387758
hm-a10-g1-L5p3-n3-beta0__N0096__Aminus_0p005,hm-a10-g1-L5p3-n3-beta0__N0096__Aplus_0p005,hm-a10-g1-L5p3-n3-beta0,96,-0.005,7,0.38645833333333335,9.996134308207266,9.999069625591531
hm-a10-g1-L5p3-n3-beta0__N0096__Aminus_0p005,hm-a10-g1-L5p3-n3-beta0__N0096__Aplus_0p005,hm-a10-g1-L5p3-n3-beta0,96,-0.005,8,0.44166666666666665,9.9964632211583,9.99914879852548
hm-a10-g1-L5p3-n3-beta0__N0096__Aminus_0p005,hm-a10-g1-L5p3-n3-beta0__N0096__Aplus_0p005,hm-a10-g1-L5p3-n3-beta0,96,-0.005,9,0.49687499999999996,9.996826183138516,9.999236156992009
hm-a10-g1-L5p3-n3-beta0__N0096__Aminus_0p005,hm-a10-g1-L5p3-n3-beta0__N0096__Aplus_0p005,hm-a10-g1-L5p3-n3-beta0,96,-0.005,10,0.5520833333333333,9.997219716050461,9.99933086096261
hm-a10-g1-L5p3-n3-beta0__N0096__Aminus_0p005,hm-a10-g1-L5p3-n3-beta0__N0096__Aplus_0p005,hm-a10-g1-L5p3-n3-beta0,96,-0.005,11,0.6072916666666667,9.997640046720539,9.999431999618606
hm-a10-g1-L5p3-n3-beta0__N0096__Aminus_0p005,hm-a10-g1-L5p3-n3-beta0__N0096__Aplus_0p005,hm-a10-g1-L5p3-n3-beta0,96,-0.005,12,0.6625,9.998083142593075,9.999538600075478
hm-a10-g1-L5p3-n3-beta0__N0096__Aminus_0p005,hm-a10-g1-L5p3-n3-beta0__N0096__Aplus_0p005,hm-a10-g1-L5p3-n3-beta0,96,-0.005,13,0.7177083333333333,9.998544749972071,9.999649636708641
hm-a10-g1-L5p3-n3-beta0__N0096__Aminus_0p005,hm-a10-g1-L5p3-n3-beta0__N0096__Aplus_0p005,hm-a10-g1-L5p3-n3-beta0,96,-0.005,14,0.7729166666666667,9.999020434465134,9.999764040992458
hm-a10-g1-L5p3-n3-beta0__N0096__Aminus_0p005,hm-a10-g1-L5p3-n3-beta0__N0096__Aplus_0p005,hm-a10-g1-L5p3-n3-beta0,96,-0.005,15,0.828125,9.99950562326017,9.999880711759277
hm-a10-g1-L5p3-n3-beta0__N0096__Aminus_0p005,hm-a10-g1-L5p3-n3-beta0__N0096__Aplus_0p005,hm-a10-g1-L5p3-n3-beta0,96,-0.005,16,0.8833333333333333,9.999995648844276,9.999998525780864
hm-a10-g1-L5p3-n3-beta0__N0096__Aminus_0p005,hm-a10-g1-L5p3-n3-beta0__N0096__Aplus_0p005,hm-a10-g1-L5p3-n3-beta0,96,-0.005,17,0.9385416666666666,10.000485793756148,10.000116348571238
hm-a10-g1-L5p3-n3-beta0__N0096__Aminus_0p005,hm-a10-g1-L5p3-n3-beta0__N0096__Aplus_0p005,hm-a10-g1-L5p3-n3-beta0,96,-0.005,18,0.9937499999999999,10.000971335948794,10.00023304530744
hm-a10-g1-L5p3-n3-beta0__N0096__Aminus_0p005,hm-a10-g1-L5p3-n3-beta0__N0096__Aplus_0p005,hm-a10-g1-L5p3-n3-beta0,96,-0.005,19,1.0489583333333332,10.001447594328475,10.000347491763248
hm-a10-g1-L5p3-n3-beta0__N0096__Aminus_0p005,hm-a10-g1-L5p3-n3-beta0__N0096__Aplus_0p005,hm-a10-g1-L5p3-n3-beta0,96,-0.005,20,1.1041666666666665,10.001909974029013,10.000458585150366
hm-a10-g1-L5p3-n3-beta0__N0096__Aminus_0p005,hm-a10-g1-L5p3-n3-beta0__N0096__Aplus_0p005,hm-a10-g1-L5p3-n3-beta0,96,-0.005,21,1.159375,10.002354010978195,10.000565254762135
hm-a10-g1-L5p3-n3-beta0__N0096__Aminus_0p005,hm-a10-g1-L5p3-n3-beta0__N0096__Aplus_0p005,hm-a10-g1-L5p3-n3-beta0,96,-0.005,22,1.2145833333333333,10.002775415315034,10.000666472316382
hm-a10-g1-L5p3-n3-beta0__N0096__Aminus_0p005,hm-a10-g1-L5p3-n3-beta0__N0096__Aplus_0p005,hm-a10-g1-L5p3-n3-beta0,96,-0.005,23,1.2697916666666667,10.003170113223506,10.000761261896583
hm-a10-g1-L5p3-n3-beta0__N0096__Aminus_0p005,hm-a10-g1-L5p3-n3-beta0__N0096__Aplus_0p005,hm-a10-g1-L5p3-n3-beta0,96,-0.005,24,1.325,10.003534286759884,10.000848709394125
hm-a10-g1-L5p3-n3-beta0__N0096__Aminus_0p005,hm-a10-g1-L5p3-n3-beta0__N0096__Aplus_0p005,hm-a10-g1-L5p3-n3-beta0,96,-0.005,25,1.3802083333333333,10.003864411267305,10.000927971359092
hm-a10-g1-L5p3-n3-beta0__N0096__Aminus_0p005,hm-a10-g1-L5p3-n3-beta0__N0096__Aplus_0p005,hm-a10-g1-L5p3-n3-beta0,96,-0.005,26,1.4354166666666666,10.004157289992376,10.000998283172473
hm-a10-g1-L5p3-n3-beta0__N0096__Aminus_0p005,hm-a10-g1-L5p3-n3-beta0__N0096__Aplus_0p005,hm-a10-g1-L5p3-n3-beta0,96,-0.005,27,1.4906249999999999,10.00441008554451,10.001058966459206
hm-a10-g1-L5p3-n3-beta0__N0096__Aminus_0p005,hm-a10-g1-L5p3-n3-beta0__N0096__Aplus_0p005,hm-a10-g1-L5p3-n3-beta0,96,-0.005,28,1.5458333333333334,10.004620347869064,10.00110943566878
hm-a10-g1-L5p3-n3-beta0__N0096__Aminus_0p005,hm-a10-g1-L5p3-n3-beta0__N0096__Aplus_0p005,hm-a10-g1-L5p3-n3-beta0,96,-0.005,29,1.6010416666666667,10.004786038439851,10.001149203758159
hm-a10-g1-L5p3-n3-beta0__N0096__Aminus_0p005,hm-a10-g1-L5p3-n3-beta0__N0096__Aplus_0p005,hm-a10-g1-L5p3-n3-beta0,96,-0.005,30,1.65625,10.004905550414962,10.001177886920647
hm-a10-g1-L5p3-n3-beta0__N0096__Aminus_0p005,hm-a10-g1-L5p3-n3-beta0__N0096__Aplus_0p005,hm-a10-g1-L5p3-n3-beta0,96,-0.005,31,1.7114583333333333,10.004977724541495,10.001195208313653
hm-a10-g1-L5p3-n3-beta0__N0096__Aminus_0p005,hm-a10-g1-L5p3-n3-beta0__N0096__Aplus_0p005,hm-a10-g1-L5p3-n3-beta0,96,-0.005,32,1.7666666666666666,10.005001860639402,10.001201000748237
hm-a10-g1-L5p3-n3-beta0__N0096__Aminus_0p005,hm-a10-g1-L5p3-n3-beta0__N0096__Aplus_0p005,hm-a10-g1-L5p3-n3-beta0,96,-0.005,33,1.821875,10.004977724541455,10.001195208313643
hm-a10-g1-L5p3-n3-beta0__N0096__Aminus_0p005,hm-a10-g1-L5p3-n3-beta0__N0096__Aplus_0p005,hm-a10-g1-L5p3-n3-beta0,96,-0.005,34,1.8770833333333332,10.00490555041488,10.001177886920624
hm-a10-g1-L5p3-n3-beta0__N0096__Aminus_0p005,hm-a10-g1-L5p3-n3-beta0__N0096__Aplus_0p005,hm-a10-g1-L5p3-n3-beta0,96,-0.005,35,1.9322916666666665,10.00478603843973,10.001149203758121
hm-a10-g1-L5p3-n3-beta0__N0096__Aminus_0p005,hm-a10-g1-L5p3-n3-beta0__N0096__Aplus_0p005,hm-a10-g1-L5p3-n3-beta0,96,-0.005,36,1.9874999999999998,10.004620347868904,10.001109435668731
hm-a10-g1-L5p3-n3-beta0__N0096__Aminus_0p005,hm-a10-g1-L5p3-n3-beta0__N0096__Aplus_0p005,hm-a10-g1-L5p3-n3-beta0,96,-0.005,37,2.042708333333333,10.004410085544311,10.001058966459146
hm-a10-g1-L5p3-n3-beta0__N0096__Aminus_0p005,hm-a10-g1-L5p3-n3-beta0__N0096__Aplus_0p005,hm-a10-g1-L5p3-n3-beta0,96,-0.005,38,2.0979166666666664,10.004157289992142,10.000998283172402
hm-a10-g1-L5p3-n3-beta0__N0096__Aminus_0p005,hm-a10-g1-L5p3-n3-beta0__N0096__Aplus_0p005,hm-a10-g1-L5p3-n3-beta0,96,-0.005,39,2.1531249999999997,10.003864411267035,10.000927971359012
hm-a10-g1-L5p3-n3-beta0__N0096__Aminus_0p005,hm-a10-g1-L5p3-n3-beta0__N0096__Aplus_0p005,hm-a10-g1-L5p3-n3-beta0,96,-0.005,40,2.208333333333333,10.00353428675958,10.000848709394035
hm-a10-g1-L5p3-n3-beta0__N0096__Aminus_0p005,hm-a10-g1-L5p3-n3-beta0__N0096__Aplus_0p005,hm-a10-g1-L5p3-n3-beta0,96,-0.005,41,2.263541666666667,10.003170113223172,10.000761261896482
hm-a10-g1-L5p3-n3-beta0__N0096__Aminus_0p005,hm-a10-g1-L5p3-n3-beta0__N0096__Aplus_0p005,hm-a10-g1-L5p3-n3-beta0,96,-0.005,42,2.31875,10.002775415314671,10.000666472316274
hm-a10-g1-L5p3-n3-beta0__N0096__Aminus_0p005,hm-a10-g1-L5p3-n3-beta0__N0096__Aplus_0p005,hm-a10-g1-L5p3-n3-beta0,96,-0.005,43,2.3739583333333334,10.002354010977804,10.000565254762016
hm-a10-g1-L5p3-n3-beta0__N0096__Aminus_0p005,hm-a10-g1-L5p3-n3-beta0__N0096__Aplus_0p005,hm-a10-g1-L5p3-n3-beta0,96,-0.005,44,2.4291666666666667,10.0019099740286,10.000458585150238
hm-a10-g1-L5p3-n3-beta0__N0096__Aminus_0p005,hm-a10-g1-L5p3-n3-beta0__N0096__Aplus_0p005,hm-a10-g1-L5p3-n3-beta0,96,-0.005,45,2.484375,10.001447594328038,10.000347491763113
hm-a10-g1-L5p3-n3-beta0__N0096__Aminus_0p005,hm-a10-g1-L5p3-n3-beta0__N0096__Aplus_0p005,hm-a10-g1-L5p3-n3-beta0,96,-0.005,46,2.5395833333333333,10.00097133594834,10.000233045307299
hm-a10-g1-L5p3-n3-beta0__N0096__Aminus_0p005,hm-a10-g1-L5p3-n3-beta0__N0096__Aplus_0p005,hm-a10-g1-L5p3-n3-beta0,96,-0.005,47,2.5947916666666666,10.000485793755676,10.000116348571089
hm-a10-g1-L5p3-n3-beta0__N0096__Aminus_0p005,hm-a10-g1-L5p3-n3-beta0__N0096__Aplus_0p005,hm-a10-g1-L5p3-n3-beta0,96,-0.005,48,2.65,9.999995648843791,9.999998525780706
hm-a10-g1-L5p3-n3-beta0__N0096__Aminus_0p005,hm-a10-g1-L5p3-n3-beta0__N0096__Aplus_0p005,hm-a10-g1-L5p3-n3-beta0,96,-0.005,49,2.705208333333333,9.999505623259672,9.999880711759111
hm-a10-g1-L5p3-n3-beta0__N0096__Aminus_0p005,hm-a10-g1-L5p3-n3-beta0__N0096__Aplus_0p005,hm-a10-g1-L5p3-n3-beta0,96,-0.005,50,2.7604166666666665,9.999020434464626,9.999764040992286
hm-a10-g1-L5p3-n3-beta0__N0096__Aminus_0p005,hm-a10-g1-L5p3-n3-beta0__N0096__Aplus_0p005,hm-a10-g1-L5p3-n3-beta0,96,-0.005,51,2.815625,9.998544749971558,9.999649636708464
hm-a10-g1-L5p3-n3-beta0__N0096__Aminus_0p005,hm-a10-g1-L5p3-n3-beta0__N0096__Aplus_0p005,hm-a10-g1-L5p3-n3-beta0,96,-0.005,52,2.870833333333333,9.998083142592554,9.999538600075295
hm-a10-g1-L5p3-n3-beta0__N0096__Aminus_0p005,hm-a10-g1-L5p3-n3-beta0__N0096__Aplus_0p005,hm-a10-g1-L5p3-n3-beta0,96,-0.005,53,2.9260416666666664,9.997640046720015,9.999431999618416
hm-a10-g1-L5p3-n3-beta0__N0096__Aminus_0p005,hm-a10-g1-L5p3-n3-beta0__N0096__Aplus_0p005,hm-a10-g1-L5p3-n3-beta0,96,-0.005,54,2.9812499999999997,9.997219716049935,9.999330860962418
hm-a10-g1-L5p3-n3-beta0__N0096__Aminus_0p005,hm-a10-g1-L5p3-n3-beta0__N0096__Aplus_0p005,hm-a10-g1-L5p3-n3-beta0,96,-0.005,55,3.036458333333333,9.996826183137989,9.999236156991815
hm-a10-g1-L5p3-n3-beta0__N0096__Aminus_0p005,hm-a10-g1-L5p3-n3-beta0__N0096__Aplus_0p005,hm-a10-g1-L5p3-n3-beta0,96,-0.005,56,3.091666666666667,9.996463221157773,9.999148798525287
hm-a10-g1-L5p3-n3-beta0__N0096__Aminus_0p005,hm-a10-g1-L5p3-n3-beta0__N0096__Aplus_0p005,hm-a10-g1-L5p3-n3-beta0,96,-0.005,57,3.146875,9.99613430820674,9.999069625591336
hm-a10-g1-L5p3-n3-beta0__N0096__Aminus_0p005,hm-a10-g1-L5p3-n3-beta0__N0096__Aplus_0p005,hm-a10-g1-L5p3-n3-beta0,96,-0.005,58,3.2020833333333334,9.995842594478836,9.998999399387566
hm-a10-g1-L5p3-n3-beta0__N0096__Aminus_0p005,hm-a10-g1-L5p3-n3-beta0__N0096__Aplus_0p005,hm-a10-g1-L5p3-n3-beta0,96,-0.005,59,3.2572916666666667,9.995590872594423,9.998938794999106
hm-a10-g1-L5p3-n3-beta0__N0096__Aminus_0p005,hm-a10-g1-L5p3-n3-beta0__N0096__Aplus_0p005,hm-a10-g1-L5p3-n3-beta0,96,-0.005,60,3.3125,9.995381551347643,9.99888839494445
hm-a10-g1-L5p3-n3-beta0__N0096__Aminus_0p005,hm-a10-g1-L5p3-n3-beta0__N0096__Aplus_0p005,hm-a10-g1-L5p3-n3-beta0,96,-0.005,61,3.3677083333333333,9.995216633099524,9.998848683609046
hm-a10-g1-L5p3-n3-beta0__N0096__Aminus_0p005,hm-a10-g1-L5p3-n3-beta0__N0096__Aplus_0p005,hm-a10-g1-L5p3-n3-beta0,96,-0.005,62,3.4229166666666666,9.995097695011985,9.998820042618565
hm-a10-g1-L5p3-n3-beta0__N0096__Aminus_0p005,hm-a10-g1-L5p3-n3-beta0__N0096__Aplus_0p005,hm-a10-g1-L5p3-n3-beta0,96,-0.005,63,3.478125,9.995025874283696,9.99880274719495
hm-a10-g1-L5p3-n3-beta0__N0096__Aminus_0p005,hm-a10-g1-L5p3-n3-beta0__N0096__Aplus_0p005,hm-a10-g1-L5p3-n3-beta0,96,-0.005,64,3.533333333333333,9.995001857513772,9.998796963529157
hm-a10-g1-L5p3-n3-beta0__N0096__Aminus_0p005,hm-a10-g1-L5p3-n3-beta0__N0096__Aplus_0p005,hm-a10-g1-L5p3-n3-beta0,96,-0.005,65,3.5885416666666665,9.99502587428372,9.99880274719496
hm-a10-g1-L5p3-n3-beta0__N0096__Aminus_0p005,hm-a10-g1-L5p3-n3-beta0__N0096__Aplus_0p005,hm-a10-g1-L5p3-n3-beta0,96,-0.005,66,3.64375,9.99509769501203,9.998820042618581
hm-a10-g1-L5p3-n3-beta0__N0096__Aminus_0p005,hm-a10-g1-L5p3-n3-beta0__N0096__Aplus_0p005,hm-a10-g1-L5p3-n3-beta0,96,-0.005,67,3.698958333333333,9.99521663309959,9.998848683609072
hm-a10-g1-L5p3-n3-beta0__N0096__Aminus_0p005,hm-a10-g1-L5p3-n3-beta0__N0096__Aplus_0p005,hm-a10-g1-L5p3-n3-beta0,96,-0.005,68,3.7541666666666664,9.995381551347732,9.998888394944485
hm-a10-g1-L5p3-n3-beta0__N0096__Aminus_0p005,hm-a10-g1-L5p3-n3-beta0__N0096__Aplus_0p005,hm-a10-g1-L5p3-n3-beta0,96,-0.005,69,3.8093749999999997,9.995590872594535,9.99893879499915
hm-a10-g1-L5p3-n3-beta0__N0096__Aminus_0p005,hm-a10-g1-L5p3-n3-beta0__N0096__Aplus_0p005,hm-a10-g1-L5p3-n3-beta0,96,-0.005,70,3.864583333333333,9.995842594478969,9.99899939938762
hm-a10-g1-L5p3-n3-beta0__N0096__Aminus_0p005,hm-a10-g1-L5p3-n3-beta0__N0096__Aplus_0p005,hm-a10-g1-L5p3-n3-beta0,96,-0.005,71,3.9197916666666663,9.996134308206894,9.999069625591396
hm-a10-g1-L5p3-n3-beta0__N0096__Aminus_0p005,hm-a10-g1-L5p3-n3-beta0__N0096__Aplus_0p005,hm-a10-g1-L5p3-n3-beta0,96,-0.005,72,3.9749999999999996,9.996463221157951,9.999148798525352
hm-a10-g1-L5p3-n3-beta0__N0096__Aminus_0p005,hm-a10-g1-L5p3-n3-beta0__N0096__Aplus_0p005,hm-a10-g1-L5p3-n3-beta0,96,-0.005,73,4.030208333333333,9.996826183138186,9.999236156991888
hm-a10-g1-L5p3-n3-beta0__N0096__Aminus_0p005,hm-a10-g1-L5p3-n3-beta0__N0096__Aplus_0p005,hm-a10-g1-L5p3-n3-beta0,96,-0.005,74,4.085416666666666,9.997219716050154,9.999330860962496
hm-a10-g1-L5p3-n3-beta0__N0096__Aminus_0p005,hm-a10-g1-L5p3-n3-beta0__N0096__Aplus_0p005,hm-a10-g1-L5p3-n3-beta0,96,-0.005,75,4.140625,9.997640046720251,9.9994319996185
hm-a10-g1-L5p3-n3-beta0__N0096__Aminus_0p005,hm-a10-g1-L5p3-n3-beta0__N0096__Aplus_0p005,hm-a10-g1-L5p3-n3-beta0,96,-0.005,76,4.195833333333333,9.998083142592812,9.99953860007538
hm-a10-g1-L5p3-n3-beta0__N0096__Aminus_0p005,hm-a10-g1-L5p3-n3-beta0__N0096__Aplus_0p005,hm-a10-g1-L5p3-n3-beta0,96,-0.005,77,4.251041666666667,9.998544749971831,9.999649636708552
hm-a10-g1-L5p3-n3-beta0__N0096__Aminus_0p005,hm-a10-g1-L5p3-n3-beta0__N0096__Aplus_0p005,hm-a10-g1-L5p3-n3-beta0,96,-0.005,78,4.3062499999999995,9.999020434464915,9.999764040992376
hm-a10-g1-L5p3-n3-beta0__N0096__Aminus_0p005,hm-a10-g1-L5p3-n3-beta0__N0096__Aplus_0p005,hm-a10-g1-L5p3-n3-beta0,96,-0.005,79,4.361458333333333,9.999505623259976,9.999880711759202
hm-a10-g1-L5p3-n3-beta0__N0096__Aminus_0p005,hm-a10-g1-L5p3-n3-beta0__N0096__Aplus_0p005,hm-a10-g1-L5p3-n3-beta0,96,-0.005,80,4.416666666666666,9.999995648844106,9.999998525780795
hm-a10-g1-L5p3-n3-beta0__N0096__Aminus_0p005,hm-a10-g1-L5p3-n3-beta0__N0096__Aplus_0p005,hm-a10-g1-L5p3-n3-beta0,96,-0.005,81,4.471875,10.000485793756,10.000116348571177
hm-a10-g1-L5p3-n3-beta0__N0096__Aminus_0p005,hm-a10-g1-L5p3-n3-beta0__N0096__Aplus_0p005,hm-a10-g1-L5p3-n3-beta0,96,-0.005,82,4.527083333333334,10.00097133594867,10.000233045307391
hm-a10-g1-L5p3-n3-beta0__N0096__Aminus_0p005,hm-a10-g1-L5p3-n3-beta0__N0096__Aplus_0p005,hm-a10-g1-L5p3-n3-beta0,96,-0.005,83,4.582291666666666,10.001447594328374,10.00034749176321
hm-a10-g1-L5p3-n3-beta0__N0096__Aminus_0p005,hm-a10-g1-L5p3-n3-beta0__N0096__Aplus_0p005,hm-a10-g1-L5p3-n3-beta0,96,-0.005,84,4.6375,10.001909974028935,10.000458585150335
hm-a10-g1-L5p3-n3-beta0__N0096__Aminus_0p005,hm-a10-g1-L5p3-n3-beta0__N0096__Aplus_0p005,hm-a10-g1-L5p3-n3-beta0,96,-0.005,85,4.692708333333333,10.00235401097814,10.000565254762114
hm-a10-g1-L5p3-n3-beta0__N0096__Aminus_0p005,hm-a10-g1-L5p3-n3-beta0__N0096__Aplus_0p005,hm-a10-g1-L5p3-n3-beta0,96,-0.005,86,4.747916666666667,10.002775415315003,10.000666472316373
hm-a10-g1-L5p3-n3-beta0__N0096__Aminus_0p005,hm-a10-g1-L5p3-n3-beta0__N0096__Aplus_0p005,hm-a10-g1-L5p3-n3-beta0,96,-0.005,87,4.803125,10.003170113223499,10.000761261896583
hm-a10-g1-L5p3-n3-beta0__N0096__Aminus_0p005,hm-a10-g1-L5p3-n3-beta0__N0096__Aplus_0p005,hm-a10-g1-L5p3-n3-beta0,96,-0.005,88,4.858333333333333,10.0035342867599,10.000848709394134
hm-a10-g1-L5p3-n3-beta0__N0096__Aminus_0p005,hm-a10-g1-L5p3-n3-beta0__N0096__Aplus_0p005,hm-a10-g1-L5p3-n3-beta0,96,-0.005,89,4.913541666666666,10.003864411267342,10.000927971359111
hm-a10-g1-L5p3-n3-beta0__N0096__Aminus_0p005,hm-a10-g1-L5p3-n3-beta0__N0096__Aplus_0p005,hm-a10-g1-L5p3-n3-beta0,96,-0.005,90,4.96875,10.004157289992436,10.000998283172502
hm-a10-g1-L5p3-n3-beta0__N0096__Aminus_0p005,hm-a10-g1-L5p3-n3-beta0__N0096__Aplus_0p005,hm-a10-g1-L5p3-n3-beta0,96,-0.005,91,5.023958333333333,10.004410085544594,10.001058966459246
hm-a10-g1-L5p3-n3-beta0__N0096__Aminus_0p005,hm-a10-g1-L5p3-n3-beta0__N0096__Aplus_0p005,hm-a10-g1-L5p3-n3-beta0,96,-0.005,92,5.079166666666667,10.004620347869169,10.001109435668829
hm-a10-g1-L5p3-n3-beta0__N0096__Aminus_0p005,hm-a10-g1-L5p3-n3-beta0__N0096__Aplus_0p005,hm-a10-g1-L5p3-n3-beta0,96,-0.005,93,5.1343749999999995,10.00478603843998,10.001149203758217
hm-a10-g1-L5p3-n3-beta0__N0096__Aminus_0p005,hm-a10-g1-L5p3-n3-beta0__N0096__Aplus_0p005,hm-a10-g1-L5p3-n3-beta0,96,-0.005,94,5.189583333333333,10.004905550415112,10.001177886920715
hm-a10-g1-L5p3-n3-beta0__N0096__Aminus_0p005,hm-a10-g1-L5p3-n3-beta0__N0096__Aplus_0p005,hm-a10-g1-L5p3-n3-beta0,96,-0.005,95,5.244791666666666,10.004977724541666,10.00119520831373
hm-a10-g1-L5p3-n3-beta0__N0096__Aminus_0p005,hm-a10-g1-L5p3-n3-beta0__N0096__Aplus_0p005,hm-a10-g1-L5p3-n3-beta0,96,-0.005,96,5.3,10.005001860639593,10.001201000748319
hm-a10-g1-L5p3-n3-beta0__N0096__Aminus_0p0025,hm-a10-g1-L5p3-n3-beta0__N0096__Aplus_0p0025,hm-a10-g1-L5p3-n3-beta0,96,-0.0025,0,0.0,9.997500464573738,9.999398736250106
hm-a10-g1-L5p3-n3-beta0__N0096__Aminus_0p0025,hm-a10-g1-L5p3-n3-beta0__N0096__Aplus_0p0025,hm-a10-g1-L5p3-n3-beta0,96,-0.0025,1,0.05520833333333333,9.997512487849484,9.99940162917824
hm-a10-g1-L5p3-n3-beta0__N0096__Aminus_0p0025,hm-a10-g1-L5p3-n3-beta0__N0096__Aplus_0p0025,hm-a10-g1-L5p3-n3-beta0,96,-0.0025,2,0.11041666666666666,9.997548442314926,9.999410280133711
hm-a10-g1-L5p3-n3-beta0__N0096__Aminus_0p0025,hm-a10-g1-L5p3-n3-beta0__N0096__Aplus_0p0025,hm-a10-g1-L5p3-n3-beta0,96,-0.0025,3,0.165625,9.997607982979217,9.999424605896508
hm-a10-g1-L5p3-n3-beta0__N0096__Aminus_0p0025,hm-a10-g1-L5p3-n3-beta0__N0096__Aplus_0p0025,hm-a10-g1-L5p3-n3-beta0,96,-0.0025,4,0.22083333333333333,9.997690538496181,9.999444468653419
hm-a10-g1-L5p3-n3-beta0__N0096__Aminus_0p0025,hm-a10-g1-L5p3-n3-beta0__N0096__Aplus_0p0025,hm-a10-g1-L5p3-n3-beta0,96,-0.0025,5,0.27604166666666663,9.997795316587556,9.999469677319412
hm-a10-g1-L5p3-n3-beta0__N0096__Aminus_0p0025,hm-a10-g1-L5p3-n3-beta0__N0096__Aplus_0p0025,hm-a10-g1-L5p3-n3-beta0,96,-0.0025,6,0.33125,9.99792131156654,9.99949998937006
hm-a10-g1-L5p3-n3-beta0__N0096__Aminus_0p0025,hm-a10-g1-L5p3-n3-beta0__N0096__Aplus_0p0025,hm-a10-g1-L5p3-n3-beta0,96,-0.0025,7,0.38645833333333335,9.998067313893284,9.999535113167616
hm-a10-g1-L5p3-n3-beta0__N0096__Aminus_0p0025,hm-a10-g1-L5p3-n3-beta0__N0096__Aplus_0p0025,hm-a10-g1-L5p3-n3-beta0,96,-0.0025,8,0.44166666666666665,9.998231921675266,9.999574710758749
hm-a10-g1-L5p3-n3-beta0__N0096__Aminus_0p0025,hm-a10-g1-L5p3-n3-beta0__N0096__Aplus_0p0025,hm-a10-g1-L5p3-n3-beta0,96,-0.0025,9,0.49687499999999996,9.998413554007477,9.999618401117392
hm-a10-g1-L5p3-n3-beta0__N0096__Aminus_0p0025,hm-a10-g1-L5p3-n3-beta0__N0096__Aplus_0p0025,hm-a10-g1-L5p3-n3-beta0,96,-0.0025,10,0.5520833333333333,9.998610466030089,9.999665763801916
hm-a10-g1-L5p3-n3-beta0__N0096__Aminus_0p0025,hm-a10-g1-L5p3-n3-beta0__N0096__Aplus_0p0025,hm-a10-g1-L5p3-n3-beta0,96,-0.0025,11,0.6072916666666667,9.998820765565025,9.99971634299191
hm-a10-g1-L5p3-n3-beta0__N0096__Aminus_0p0025,hm-a10-g1-L5p3-n3-beta0__N0096__Aplus_0p0025,hm-a10-g1-L5p3-n3-beta0,96,-0.0025,12,0.6625,9.99904243117764,9.999769651866139
hm-a10-g1-L5p3-n3-beta0__N0096__Aminus_0p0025,hm-a10-g1-L5p3-n3-beta0__N0096__Aplus_0p0025,hm-a10-g1-L5p3-n3-beta0,96,-0.0025,13,0.7177083333333333,9.999273331495719,9.999825177279986
hm-a10-g1-L5p3-n3-beta0__N0096__Aminus_0p0025,hm-a10-g1-L5p3-n3-beta0__N0096__Aplus_0p0025,hm-a10-g1-L5p3-n3-beta0,96,-0.0025,14,0.7729166666666667,9.99951124560548,9.999882384697747
hm-a10-g1-L5p3-n3-beta0__N0096__Aminus_0p0025,hm-a10-g1-L5p3-n3-beta0__N0096__Aplus_0p0025,hm-a10-g1-L5p3-n3-beta0,96,-0.0025,15,0.828125,9.999753884333149,9.99994072333264
hm-a10-g1-L5p3-n3-beta0__N0096__Aminus_0p0025,hm-a10-g1-L5p3-n3-beta0__N0096__Aplus_0p0025,hm-a10-g1-L5p3-n3-beta0,96,-0.0025,16,0.8833333333333333,9.999998912211284,9.999999631445347
hm-a10-g1-L5p3-n3-beta0__N0096__Aminus_0p0025,hm-a10-g1-L5p3-n3-beta0__N0096__Aplus_0p0025,hm-a10-g1-L5p3-n3-beta0,96,-0.0025,17,0.9385416666666666,10.000243969921373,10.000058541750247
hm-a10-g1-L5p3-n3-beta0__N0096__Aminus_0p0025,hm-a10-g1-L5p3-n3-beta0__N0096__Aplus_0p0025,hm-a10-g1-L5p3-n3-beta0,96,-0.0025,18,0.9937499999999999,10.000486696998479,10.000116886877487
hm-a10-g1-L5p3-n3-beta0__N0096__Aminus_0p0025,hm-a10-g1-L5p3-n3-beta0__N0096__Aplus_0p0025,hm-a10-g1-L5p3-n3-beta0,96,-0.0025,19,1.0489583333333332,10.000724754579943,10.000174104838244
hm-a10-g1-L5p3-n3-beta0__N0096__Aminus_0p0025,hm-a10-g1-L5p3-n3-beta0__N0096__Aplus_0p0025,hm-a10-g1-L5p3-n3-beta0,96,-0.0025,20,1.1041666666666665,10.00095584797846,10.000229644440576
hm-a10-g1-L5p3-n3-beta0__N0096__Aminus_0p0025,hm-a10-g1-L5p3-n3-beta0__N0096__Aplus_0p0025,hm-a10-g1-L5p3-n3-beta0,96,-0.0025,21,1.159375,10.001177748860277,10.000282970603523
hm-a10-g1-L5p3-n3-beta0__N0096__Aminus_0p0025,hm-a10-g1-L5p3-n3-beta0__N0096__Aplus_0p0025,hm-a10-g1-L5p3-n3-beta0,96,-0.0025,22,1.2145833333333333,10.001388316811918,10.000333569518071
hm-a10-g1-L5p3-n3-beta0__N0096__Aminus_0p0025,hm-a10-g1-L5p3-n3-beta0__N0096__Aplus_0p0025,hm-a10-g1-L5p3-n3-beta0,96,-0.0025,23,1.2697916666666667,10.001585520083635,10.000380953604987
hm-a10-g1-L5p3-n3-beta0__N0096__Aminus_0p0025,hm-a10-g1-L5p3-n3-beta0__N0096__Aplus_0p0025,hm-a10-g1-L5p3-n3-beta0,96,-0.0025,24,1.325,10.001767455304819,10.000424666221372
hm-a10-g1-L5p3-n3-beta0__N0096__Aminus_0p0025,hm-a10-g1-L5p3-n3-beta0__N0096__Aplus_0p0025,hm-a10-g1-L5p3-n3-beta0,96,-0.0025,25,1.3802083333333333,10.001932365975787,10.00046428607025
hm-a10-g1-L5p3-n3-beta0__N0096__Aminus_0p0025,hm-a10-g1-L5p3-n3-beta0__N0096__Aplus_0p0025,hm-a10-g1-L5p3-n3-beta0,96,-0.0025,26,1.4354166666666666,10.002078659551673,10.000499431270196
hm-a10-g1-L5p3-n3-beta0__N0096__Aminus_0p0025,hm-a10-g1-L5p3-n3-beta0__N0096__Aplus_0p0025,hm-a10-g1-L5p3-n3-beta0,96,-0.0025,27,1.4906249999999999,10.00220492294741,10.0005297630454
hm-a10-g1-L5p3-n3-beta0__N0096__Aminus_0p0025,hm-a10-g1-L5p3-n3-beta0__N0096__Aplus_0p0025,hm-a10-g1-L5p3-n3-beta0,96,-0.0025,28,1.5458333333333334,10.002309936308045,10.000554989000111
hm-a10-g1-L5p3-n3-beta0__N0096__Aminus_0p0025,hm-a10-g1-L5p3-n3-beta0__N0096__Aplus_0p0025,hm-a10-g1-L5p3-n3-beta0,96,-0.0025,29,1.6010416666666667,10.0023926849055,10.000574865945504
hm-a10-g1-L5p3-n3-beta0__N0096__Aminus_0p0025,hm-a10-g1-L5p3-n3-beta0__N0096__Aplus_0p0025,hm-a10-g1-L5p3-n3-beta0,96,-0.0025,30,1.65625,10.002452369041537,10.000589202251295
hm-a10-g1-L5p3-n3-beta0__N0096__Aminus_0p0025,hm-a10-g1-L5p3-n3-beta0__N0096__Aplus_0p0025,hm-a10-g1-L5p3-n3-beta0,96,-0.0025,31,1.7114583333333333,10.002488411856435,10.000597859699104
hm-a10-g1-L5p3-n3-beta0__N0096__Aminus_0p0025,hm-a10-g1-L5p3-n3-beta0__N0096__Aplus_0p0025,hm-a10-g1-L5p3-n3-beta0,96,-0.0025,32,1.7666666666666666,10.002500464964124,10.000600754819429
hm-a10-g1-L5p3-n3-beta0__N0096__Aminus_0p0025,hm-a10-g1-L5p3-n3-beta0__N0096__Aplus_0p0025,hm-a10-g1-L5p3-n3-beta0,96,-0.0025,33,1.821875,10.002488411856381,10.00059785969909
hm-a10-g1-L5p3-n3-beta0__N0096__Aminus_0p0025,hm-a10-g1-L5p3-n3-beta0__N0096__Aplus_0p0025,hm-a10-g1-L5p3-n3-beta0,96,-0.0025,34,1.8770833333333332,10.002452369041432,10.000589202251266
hm-a10-g1-L5p3-n3-beta0__N0096__Aminus_0p0025,hm-a10-g1-L5p3-n3-beta0__N0096__Aplus_0p0025,hm-a10-g1-L5p3-n3-beta0,96,-0.0025,35,1.9322916666666665,10.002392684905345,10.000574865945463
hm-a10-g1-L5p3-n3-beta0__N0096__Aminus_0p0025,hm-a10-g1-L5p3-n3-beta0__N0096__Aplus_0p0025,hm-a10-g1-L5p3-n3-beta0,96,-0.0025,36,1.9874999999999998,10.002309936307839,10.000554989000058
hm-a10-g1-L5p3-n3-beta0__N0096__Aminus_0p0025,hm-a10-g1-L5p3-n3-beta0__N0096__Aplus_0p0025,hm-a10-g1-L5p3-n3-beta0,96,-0.0025,37,2.042708333333333,10.002204922947158,10.000529763045336
hm-a10-g1-L5p3-n3-beta0__N0096__Aminus_0p0025,hm-a10-g1-L5p3-n3-beta0__N0096__Aplus_0p0025,hm-a10-g1-L5p3-n3-beta0,96,-0.0025,38,2.0979166666666664,10.002078659551374,10.00049943127012
hm-a10-g1-L5p3-n3-beta0__N0096__Aminus_0p0025,hm-a10-g1-L5p3-n3-beta0__N0096__Aplus_0p0025,hm-a10-g1-L5p3-n3-beta0,96,-0.0025,39,2.1531249999999997,10.001932365975446,10.000464286070162
hm-a10-g1-L5p3-n3-beta0__N0096__Aminus_0p0025,hm-a10-g1-L5p3-n3-beta0__N0096__Aplus_0p0025,hm-a10-g1-L5p3-n3-beta0,96,-0.0025,40,2.208333333333333,10.001767455304439,10.000424666221273
hm-a10-g1-L5p3-n3-beta0__N0096__Aminus_0p0025,hm-a10-g1-L5p3-n3-beta0__N0096__Aplus_0p0025,hm-a10-g1-L5p3-n3-beta0,96,-0.0025,41,2.263541666666667,10.001585520083221,10.000380953604877
hm-a10-g1-L5p3-n3-beta0__N0096__Aminus_0p0025,hm-a10-g1-L5p3-n3-beta0__N0096__Aplus_0p0025,hm-a10-g1-L5p3-n3-beta0,96,-0.0025,42,2.31875,10.001388316811472,10.000333569517954
hm-a10-g1-L5p3-n3-beta0__N0096__Aminus_0p0025,hm-a10-g1-L5p3-n3-beta0__N0096__Aplus_0p0025,hm-a10-g1-L5p3-n3-beta0,96,-0.0025,43,2.3739583333333334,10.001177748859803,10.000282970603397
hm-a10-g1-L5p3-n3-beta0__N0096__Aminus_0p0025,hm-a10-g1-L5p3-n3-beta0__N0096__Aplus_0p0025,hm-a10-g1-L5p3-n3-beta0,96,-0.0025,44,2.4291666666666667,10.000955847977963,10.000229644440441
hm-a10-g1-L5p3-n3-beta0__N0096__Aminus_0p0025,hm-a10-g1-L5p3-n3-beta0__N0096__Aplus_0p0025,hm-a10-g1-L5p3-n3-beta0,96,-0.0025,45,2.484375,10.000724754579426,10.000174104838099
hm-a10-g1-L5p3-n3-beta0__N0096__Aminus_0p0025,hm-a10-g1-L5p3-n3-beta0__N0096__Aplus_0p0025,hm-a10-g1-L5p3-n3-beta0,96,-0.0025,46,2.5395833333333333,10.000486696997946,10.000116886877334
hm-a10-g1-L5p3-n3-beta0__N0096__Aminus_0p0025,hm-a10-g1-L5p3-n3-beta0__N0096__Aplus_0p0025,hm-a10-g1-L5p3-n3-beta0,96,-0.0025,47,2.5947916666666666,10.000243969920827,10.000058541750088
hm-a10-g1-L5p3-n3-beta0__N0096__Aminus_0p0025,hm-a10-g1-L5p3-n3-beta0__N0096__Aplus_0p0025,hm-a10-g1-L5p3-n3-beta0,96,-0.0025,48,2.65,9.99999891221073,9.999999631445178
hm-a10-g1-L5p3-n3-beta0__N0096__Aminus_0p0025,hm-a10-g1-L5p3-n3-beta0__N0096__Aplus_0p0025,hm-a10-g1-L5p3-n3-beta0,96,-0.0025,49,2.705208333333333,9.999753884332591,9.999940723332466
hm-a10-g1-L5p3-n3-beta0__N0096__Aminus_0p0025,hm-a10-g1-L5p3-n3-beta0__N0096__Aplus_0p0025,hm-a10-g1-L5p3-n3-beta0,96,-0.0025,50,2.7604166666666665,9.99951124560492,9.999882384697566
hm-a10-g1-L5p3-n3-beta0__N0096__Aminus_0p0025,hm-a10-g1-L5p3-n3-beta0__N0096__Aplus_0p0025,hm-a10-g1-L5p3-n3-beta0,96,-0.0025,51,2.815625,9.99927333149516,9.999825177279797
hm-a10-g1-L5p3-n3-beta0__N0096__Aminus_0p0025,hm-a10-g1-L5p3-n3-beta0__N0096__Aplus_0p0025,hm-a10-g1-L5p3-n3-beta0,96,-0.0025,52,2.870833333333333,9.999042431177084,9.999769651865947
hm-a10-g1-L5p3-n3-beta0__N0096__Aminus_0p0025,hm-a10-g1-L5p3-n3-beta0__N0096__Aplus_0p0025,hm-a10-g1-L5p3-n3-beta0,96,-0.0025,53,2.9260416666666664,9.998820765564476,9.999716342991714
hm-a10-g1-L5p3-n3-beta0__N0096__Aminus_0p0025,hm-a10-g1-L5p3-n3-beta0__N0096__Aplus_0p0025,hm-a10-g1-L5p3-n3-beta0,96,-0.0025,54,2.9812499999999997,9.998610466029547,9.999665763801719
hm-a10-g1-L5p3-n3-beta0__N0096__Aminus_0p0025,hm-a10-g1-L5p3-n3-beta0__N0096__Aplus_0p0025,hm-a10-g1-L5p3-n3-beta0,96,-0.0025,55,3.036458333333333,9.998413554006945,9.999618401117194
hm-a10-g1-L5p3-n3-beta0__N0096__Aminus_0p0025,hm-a10-g1-L5p3-n3-beta0__N0096__Aplus_0p0025,hm-a10-g1-L5p3-n3-beta0,96,-0.0025,56,3.091666666666667,9.998231921674744,9.999574710758555
hm-a10-g1-L5p3-n3-beta0__N0096__Aminus_0p0025,hm-a10-g1-L5p3-n3-beta0__N0096__Aplus_0p0025,hm-a10-g1-L5p3-n3-beta0,96,-0.0025,57,3.146875,9.998067313892774,9.999535113167422
hm-a10-g1-L5p3-n3-beta0__N0096__Aminus_0p0025,hm-a10-g1-L5p3-n3-beta0__N0096__Aplus_0p0025,hm-a10-g1-L5p3-n3-beta0,96,-0.0025,58,3.2020833333333334,9.997921311566042,9.99949998936987
hm-a10-g1-L5p3-n3-beta0__N0096__Aminus_0p0025,hm-a10-g1-L5p3-n3-beta0__N0096__Aplus_0p0025,hm-a10-g1-L5p3-n3-beta0,96,-0.0025,59,3.2572916666666667,9.997795316587073,9.999469677319226
hm-a10-g1-L5p3-n3-beta0__N0096__Aminus_0p0025,hm-a10-g1-L5p3-n3-beta0__N0096__Aplus_0p0025,hm-a10-g1-L5p3-n3-beta0,96,-0.0025,60,3.3125,9.99769053849571,9.999444468653236
hm-a10-g1-L5p3-n3-beta0__N0096__Aminus_0p0025,hm-a10-g1-L5p3-n3-beta0__N0096__Aplus_0p0025,hm-a10-g1-L5p3-n3-beta0,96,-0.0025,61,3.3677083333333333,9.997607982978762,9.99942460589633
hm-a10-g1-L5p3-n3-beta0__N0096__Aminus_0p0025,hm-a10-g1-L5p3-n3-beta0__N0096__Aplus_0p0025,hm-a10-g1-L5p3-n3-beta0,96,-0.0025,62,3.4229166666666666,9.997548442314486,9.999410280133537
hm-a10-g1-L5p3-n3-beta0__N0096__Aminus_0p0025,hm-a10-g1-L5p3-n3-beta0__N0096__Aplus_0p0025,hm-a10-g1-L5p3-n3-beta0,96,-0.0025,63,3.478125,9.99751248784906,9.99940162917807
hm-a10-g1-L5p3-n3-beta0__N0096__Aminus_0p0025,hm-a10-g1-L5p3-n3-beta0__N0096__Aplus_0p0025,hm-a10-g1-L5p3-n3-beta0,96,-0.0025,64,3.533333333333333,9.99750046457333,9.999398736249939
hm-a10-g1-L5p3-n3-beta0__N0096__Aminus_0p0025,hm-a10-g1-L5p3-n3-beta0__N0096__Aplus_0p0025,hm-a10-g1-L5p3-n3-beta0,96,-0.0025,65,3.5885416666666665,9.997512487849091,9.99940162917808
hm-a10-g1-L5p3-n3-beta0__N0096__Aminus_0p0025,hm-a10-g1-L5p3-n3-beta0__N0096__Aplus_0p0025,hm-a10-g1-L5p3-n3-beta0,96,-0.0025,66,3.64375,9.99754844231455,9.999410280133556
hm-a10-g1-L5p3-n3-beta0__N0096__Aminus_0p0025,hm-a10-g1-L5p3-n3-beta0__N0096__Aplus_0p0025,hm-a10-g1-L5p3-n3-beta0,96,-0.0025,67,3.698958333333333,9.997607982978858,9.999424605896362
hm-a10-g1-L5p3-n3-beta0__N0096__Aminus_0p0025,hm-a10-g1-L5p3-n3-beta0__N0096__Aplus_0p0025,hm-a10-g1-L5p3-n3-beta0,96,-0.0025,68,3.7541666666666664,9.997690538495839,9.999444468653278
hm-a10-g1-L5p3-n3-beta0__N0096__Aminus_0p0025,hm-a10-g1-L5p3-n3-beta0__N0096__Aplus_0p0025,hm-a10-g1-L5p3-n3-beta0,96,-0.0025,69,3.8093749999999997,9.99779531658723,9.99946967731928
hm-a10-g1-L5p3-n3-beta0__N0096__Aminus_0p0025,hm-a10-g1-L5p3-n3-beta0__N0096__Aplus_0p0025,hm-a10-g1-L5p3-n3-beta0,96,-0.0025,70,3.864583333333333,9.997921311566229,9.999499989369932
hm-a10-g1-L5p3-n3-beta0__N0096__Aminus_0p0025,hm-a10-g1-L5p3-n3-beta0__N0096__Aplus_0p0025,hm-a10-g1-L5p3-n3-beta0,96,-0.0025,71,3.9197916666666663,9.998067313892989,9.999535113167491
hm-a10-g1-L5p3-n3-beta0__N0096__Aminus_0p0025,hm-a10-g1-L5p3-n3-beta0__N0096__Aplus_0p0025,hm-a10-g1-L5p3-n3-beta0,96,-0.0025,72,3.9749999999999996,9.998231921674988,9.99957471075863
hm-a10-g1-L5p3-n3-beta0__N0096__Aminus_0p0025,hm-a10-g1-L5p3-n3-beta0__N0096__Aplus_0p0025,hm-a10-g1-L5p3-n3-beta0,96,-0.0025,73,4.030208333333333,9.998413554007213,9.999618401117278
hm-a10-g1-L5p3-n3-beta0__N0096__Aminus_0p0025,hm-a10-g1-L5p3-n3-beta0__N0096__Aplus_0p0025,hm-a10-g1-L5p3-n3-beta0,96,-0.0025,74,4.085416666666666,9.998610466029838,9.999665763801808
hm-a10-g1-L5p3-n3-beta0__N0096__Aminus_0p0025,hm-a10-g1-L5p3-n3-beta0__N0096__Aplus_0p0025,hm-a10-g1-L5p3-n3-beta0,96,-0.0025,75,4.140625,9.998820765564789,9.999716342991807
hm-a10-g1-L5p3-n3-beta0__N0096__Aminus_0p0025,hm-a10-g1-L5p3-n3-beta0__N0096__Aplus_0p0025,hm-a10-g1-L5p3-n3-beta0,96,-0.0025,76,4.195833333333333,9.999042431177417,9.99976965186604
hm-a10-g1-L5p3-n3-beta0__N0096__Aminus_0p0025,hm-a10-g1-L5p3-n3-beta0__N0096__Aplus_0p0025,hm-a10-g1-L5p3-n3-beta0,96,-0.0025,77,4.251041666666667,9.99927333149551,9.999825177279897
hm-a10-g1-L5p3-n3-beta0__N0096__Aminus_0p0025,hm-a10-g1-L5p3-n3-beta0__N0096__Aplus_0p0025,hm-a10-g1-L5p3-n3-beta0,96,-0.0025,78,4.3062499999999995,9.999511245605284,9.999882384697665
hm-a10-g1-L5p3-n3-beta0__N0096__Aminus_0p0025,hm-a10-g1-L5p3-n3-beta0__N0096__Aplus_0p0025,hm-a10-g1-L5p3-n3-beta0,96,-0.0025,79,4.361458333333333,9.999753884332966,9.999940723332566
hm-a10-g1-L5p3-n3-beta0__N0096__Aminus_0p0025,hm-a10-g1-L5p3-n3-beta0__N0096__Aplus_0p0025,hm-a10-g1-L5p3-n3-beta0,96,-0.0025,80,4.416666666666666,9.999998912211112,9.999999631445275
hm-a10-g1-L5p3-n3-beta0__N0096__Aminus_0p0025,hm-a10-g1-L5p3-n3-beta0__N0096__Aplus_0p0025,hm-a10-g1-L5p3-n3-beta0,96,-0.0025,81,4.471875,10.000243969921213,10.000058541750183
hm-a10-g1-L5p3-n3-beta0__N0096__Aminus_0p0025,hm-a10-g1-L5p3-n3-beta0__N0096__Aplus_0p0025,hm-a10-g1-L5p3-n3-beta0,96,-0.0025,82,4.527083333333334,10.000486696998331,10.000116886877432
hm-a10-g1-L5p3-n3-beta0__N0096__Aminus_0p0025,hm-a10-g1-L5p3-n3-beta0__N0096__Aplus_0p0025,hm-a10-g1-L5p3-n3-beta0,96,-0.0025,83,4.582291666666666,10.000724754579808,10.000174104838198
hm-a10-g1-L5p3-n3-beta0__N0096__Aminus_0p0025,hm-a10-g1-L5p3-n3-beta0__N0096__Aplus_0p0025,hm-a10-g1-L5p3-n3-beta0,96,-0.0025,84,4.6375,10.000955847978338,10.000229644440537
hm-a10-g1-L5p3-n3-beta0__N0096__Aminus_0p0025,hm-a10-g1-L5p3-n3-beta0__N0096__Aplus_0p0025,hm-a10-g1-L5p3-n3-beta0,96,-0.0025,85,4.692708333333333,10.001177748860167,10.000282970603491
hm-a10-g1-L5p3-n3-beta0__N0096__Aminus_0p0025,hm-a10-g1-L5p3-n3-beta0__N0096__Aplus_0p0025,hm-a10-g1-L5p3-n3-beta0,96,-0.0025,86,4.747916666666667,10.001388316811822,10.000333569518048
hm-a10-g1-L5p3-n3-beta0__N0096__Aminus_0p0025,hm-a10-g1-L5p3-n3-beta0__N0096__Aplus_0p0025,hm-a10-g1-L5p3-n3-beta0,96,-0.0025,87,4.803125,10.001585520083554,10.00038095360497
hm-a10-g1-L5p3-n3-beta0__N0096__Aminus_0p0025,hm-a10-g1-L5p3-n3-beta0__N0096__Aplus_0p0025,hm-a10-g1-L5p3-n3-beta0,96,-0.0025,88,4.858333333333333,10.001767455304753,10.000424666221365
hm-a10-g1-L5p3-n3-beta0__N0096__Aminus_0p0025,hm-a10-g1-L5p3-n3-beta0__N0096__Aplus_0p0025,hm-a10-g1-L5p3-n3-beta0,96,-0.0025,89,4.913541666666666,10.001932365975737,10.000464286070253
hm-a10-g1-L5p3-n3-beta0__N0096__Aminus_0p0025,hm-a10-g1-L5p3-n3-beta0__N0096__Aplus_0p0025,hm-a10-g1-L5p3-n3-beta0,96,-0.0025,90,4.96875,10.00207865955164,10.000499431270208
hm-a10-g1-L5p3-n3-beta0__N0096__Aminus_0p0025,hm-a10-g1-L5p3-n3-beta0__N0096__Aplus_0p0025,hm-a10-g1-L5p3-n3-beta0,96,-0.0025,91,5.023958333333333,10.002204922947397,10.00052976304542
hm-a10-g1-L5p3-n3-beta0__N0096__Aminus_0p0025,hm-a10-g1-L5p3-n3-beta0__N0096__Aplus_0p0025,hm-a10-g1-L5p3-n3-beta0,96,-0.0025,92,5.079166666666667,10.002309936308052,10.000554989000142
hm-a10-g1-L5p3-n3-beta0__N0096__Aminus_0p0025,hm-a10-g1-L5p3-n3-beta0__N0096__Aplus_0p0025,hm-a10-g1-L5p3-n3-beta0,96,-0.0025,93,5.1343749999999995,10.002392684905532,10.000574865945541
hm-a10-g1-L5p3-n3-beta0__N0096__Aminus_0p0025,hm-a10-g1-L5p3-n3-beta0__N0096__Aplus_0p0025,hm-a10-g1-L5p3-n3-beta0,96,-0.0025,94,5.189583333333333,10.00245236904159,10.000589202251339
hm-a10-g1-L5p3-n3-beta0__N0096__Aminus_0p0025,hm-a10-g1-L5p3-n3-beta0__N0096__Aplus_0p0025,hm-a10-g1-L5p3-n3-beta0,96,-0.0025,95,5.244791666666666,10.002488411856513,10.000597859699155
hm-a10-g1-L5p3-n3-beta0__N0096__Aminus_0p0025,hm-a10-g1-L5p3-n3-beta0__N0096__Aplus_0p0025,hm-a10-g1-L5p3-n3-beta0,96,-0.0025,96,5.3,10.002500464964228,10.000600754819489
hm-a10-g1-L5p3-n3-beta0__N0096__Aplus_0p0025,hm-a10-g1-L5p3-n3-beta0__N0096__Aminus_0p0025,hm-a10-g1-L5p3-n3-beta0,96,0.0025,0,0.0,10.002500464964474,10.000600754819576
hm-a10-g1-L5p3-n3-beta0__N0096__Aplus_0p0025,hm-a10-g1-L5p3-n3-beta0__N0096__Aminus_0p0025,hm-a10-g1-L5p3-n3-beta0,96,0.0025,1,0.05520833333333333,10.002488411856758,10.000597859699244
hm-a10-g1-L5p3-n3-beta0__N0096__Aplus_0p0025,hm-a10-g1-L5p3-n3-beta0__N0096__Aminus_0p0025,hm-a10-g1-L5p3-n3-beta0,96,0.0025,2,0.11041666666666666,10.002452369041833,10.000589202251426
hm-a10-g1-L5p3-n3-beta0__N0096__Aplus_0p0025,hm-a10-g1-L5p3-n3-beta0__N0096__Aminus_0p0025,hm-a10-g1-L5p3-n3-beta0,96,0.0025,3,0.165625,10.002392684905772,10.000574865945628
hm-a10-g1-L5p3-n3-beta0__N0096__Aplus_0p0025,hm-a10-g1-L5p3-n3-beta0__N0096__Aminus_0p0025,hm-a10-g1-L5p3-n3-beta0,96,0.0025,4,0.22083333333333333,10.00230993630829,10.000554989000227
hm-a10-g1-L5p3-n3-beta0__N0096__Aplus_0p0025,hm-a10-g1-L5p3-n3-beta0__N0096__Aminus_0p0025,hm-a10-g1-L5p3-n3-beta0,96,0.0025,5,0.27604166666666663,10.002204922947632,10.000529763045506
hm-a10-g1-L5p3-n3-beta0__N0096__Aplus_0p0025,hm-a10-g1-L5p3-n3-beta0__N0096__Aminus_0p0025,hm-a10-g1-L5p3-n3-beta0,96,0.0025,6,0.33125,10.002078659551868,10.000499431270294
hm-a10-g1-L5p3-n3-beta0__N0096__Aplus_0p0025,hm-a10-g1-L5p3-n3-beta0__N0096__Aminus_0p0025,hm-a10-g1-L5p3-n3-beta0,96,0.0025,7,0.38645833333333335,10.001932365975959,10.000464286070338
hm-a10-g1-L5p3-n3-beta0__N0096__Aplus_0p0025,hm-a10-g1-L5p3-n3-beta0__N0096__Aminus_0p0025,hm-a10-g1-L5p3-n3-beta0,96,0.0025,8,0.44166666666666665,10.001767455304968,10.000424666221452
hm-a10-g1-L5p3-n3-beta0__N0096__Aplus_0p0025,hm-a10-g1-L5p3-n3-beta0__N0096__Aminus_0p0025,hm-a10-g1-L5p3-n3-beta0,96,0.0025,9,0.49687499999999996,10.001585520083763,10.00038095360506
hm-a10-g1-L5p3-n3-beta0__N0096__Aplus_0p0025,hm-a10-g1-L5p3-n3-beta0__N0096__Aminus_0p0025,hm-a10-g1-L5p3-n3-beta0,96,0.0025,10,0.5520833333333333,10.001388316812024,10.000333569518139
hm-a10-g1-L5p3-n3-beta0__N0096__Aplus_0p0025,hm-a10-g1-L5p3-n3-beta0__N0096__Aminus_0p0025,hm-a10-g1-L5p3-n3-beta0,96,0.0025,11,0.6072916666666667,10.001177748860362,10.00028297060358
hm-a10-g1-L5p3-n3-beta0__N0096__Aplus_0p0025,hm-a10-g1-L5p3-n3-beta0__N0096__Aminus_0p0025,hm-a10-g1-L5p3-n3-beta0,96,0.0025,12,0.6625,10.000955847978528,10.000229644440623
hm-a10-g1-L5p3-n3-beta0__N0096__Aplus_0p0025,hm-a10-g1-L5p3-n3-beta0__N0096__Aminus_0p0025,hm-a10-g1-L5p3-n3-beta0,96,0.0025,13,0.7177083333333333,10.000724754579995,10.000174104838282
hm-a10-g1-L5p3-n3-beta0__N0096__Aplus_0p0025,hm-a10-g1-L5p3-n3-beta0__N0096__Aminus_0p0025,hm-a10-g1-L5p3-n3-beta0,96,0.0025,14,0.7729166666666667,10.000486696998513,10.000116886877516
hm-a10-g1-L5p3-n3-beta0__N0096__Aplus_0p0025,hm-a10-g1-L5p3-n3-beta0__N0096__Aminus_0p0025,hm-a10-g1-L5p3-n3-beta0,96,0.0025,15,0.828125,10.000243969921389,10.000058541750265
hm-a10-g1-L5p3-n3-beta0__N0096__Aplus_0p0025,hm-a10-g1-L5p3-n3-beta0__N0096__Aminus_0p0025,hm-a10-g1-L5p3-n3-beta0,96,0.0025,16,0.8833333333333333,9.999998912211284,9.999999631445354
hm-a10-g1-L5p3-n3-beta0__N0096__Aplus_0p0025,hm-a10-g1-L5p3-n3-beta0__N0096__Aminus_0p0025,hm-a10-g1-L5p3-n3-beta0,96,0.0025,17,0.9385416666666666,9.999753884333133,9.999940723332639
hm-a10-g1-L5p3-n3-beta0__N0096__Aplus_0p0025,hm-a10-g1-L5p3-n3-beta0__N0096__Aminus_0p0025,hm-a10-g1-L5p3-n3-beta0,96,0.0025,18,0.9937499999999999,9.999511245605449,9.999882384697733
hm-a10-g1-L5p3-n3-beta0__N0096__Aplus_0p0025,hm-a10-g1-L5p3-n3-beta0__N0096__Aminus_0p0025,hm-a10-g1-L5p3-n3-beta0,96,0.0025,19,1.0489583333333332,9.999273331495672,9.999825177279963
hm-a10-g1-L5p3-n3-beta0__N0096__Aplus_0p0025,hm-a10-g1-L5p3-n3-beta0__N0096__Aminus_0p0025,hm-a10-g1-L5p3-n3-beta0,96,0.0025,20,1.1041666666666665,9.999042431177577,9.999769651866105
hm-a10-g1-L5p3-n3-beta0__N0096__Aplus_0p0025,hm-a10-g1-L5p3-n3-beta0__N0096__Aminus_0p0025,hm-a10-g1-L5p3-n3-beta0,96,0.0025,21,1.159375,9.998820765564943,9.999716342991869
hm-a10-g1-L5p3-n3-beta0__N0096__Aplus_0p0025,hm-a10-g1-L5p3-n3-beta0__N0096__Aminus_0p0025,hm-a10-g1-L5p3-n3-beta0,96,0.0025,22,1.2145833333333333,9.998610466029989,9.999665763801868
hm-a10-g1-L5p3-n3-beta0__N0096__Aplus_0p0025,hm-a10-g1-L5p3-n3-beta0__N0096__Aminus_0p0025,hm-a10-g1-L5p3-n3-beta0,96,0.0025,23,1.2697916666666667,9.998413554007362,9.999618401117338
hm-a10-g1-L5p3-n3-beta0__N0096__Aplus_0p0025,hm-a10-g1-L5p3-n3-beta0__N0096__Aminus_0p0025,hm-a10-g1-L5p3-n3-beta0,96,0.0025,24,1.325,9.998231921675131,9.99957471075869
hm-a10-g1-L5p3-n3-beta0__N0096__Aplus_0p0025,hm-a10-g1-L5p3-n3-beta0__N0096__Aminus_0p0025,hm-a10-g1-L5p3-n3-beta0,96,0.0025,25,1.3802083333333333,9.998067313893129,9.999535113167548
hm-a10-g1-L5p3-n3-beta0__N0096__Aplus_0p0025,hm-a10-g1-L5p3-n3-beta0__N0096__Aminus_0p0025,hm-a10-g1-L5p3-n3-beta0,96,0.0025,26,1.4354166666666666,9.997921311566367,9.999499989369985
hm-a10-g1-L5p3-n3-beta0__N0096__Aplus_0p0025,hm-a10-g1-L5p3-n3-beta0__N0096__Aminus_0p0025,hm-a10-g1-L5p3-n3-beta0,96,0.0025,27,1.4906249999999999,9.997795316587363,9.999469677319329
hm-a10-g1-L5p3-n3-beta0__N0096__Aplus_0p0025,hm-a10-g1-L5p3-n3-beta0__N0096__Aminus_0p0025,hm-a10-g1-L5p3-n3-beta0,96,0.0025,28,1.5458333333333334,9.997690538495966,9.999444468653326
hm-a10-g1-L5p3-n3-beta0__N0096__Aplus_0p0025,hm-a10-g1-L5p3-n3-beta0__N0096__Aminus_0p0025,hm-a10-g1-L5p3-n3-beta0,96,0.0025,29,1.6010416666666667,9.99760798297898,9.999424605896408
hm-a10-g1-L5p3-n3-beta0__N0096__Aplus_0p0025,hm-a10-g1-L5p3-n3-beta0__N0096__Aminus_0p0025,hm-a10-g1-L5p3-n3-beta0,96,0.0025,30,1.65625,9.997548442314669,9.999410280133601
hm-a10-g1-L5p3-n3-beta0__N0096__Aplus_0p0025,hm-a10-g1-L5p3-n3-beta0__N0096__Aminus_0p0025,hm-a10-g1-L5p3-n3-beta0,96,0.0025,31,1.7114583333333333,9.997512487849205,9.999401629178122
hm-a10-g1-L5p3-n3-beta0__N0096__Aplus_0p0025,hm-a10-g1-L5p3-n3-beta0__N0096__Aminus_0p0025,hm-a10-g1-L5p3-n3-beta0,96,0.0025,32,1.7666666666666666,9.997500464573436,9.99939873624998
hm-a10-g1-L5p3-n3-beta0__N0096__Aplus_0p0025,hm-a10-g1-L5p3-n3-beta0__N0096__Aminus_0p0025,hm-a10-g1-L5p3-n3-beta0,96,0.0025,33,1.821875,9.997512487849159,9.99940162917811
hm-a10-g1-L5p3-n3-beta0__N0096__Aplus_0p0025,hm-a10-g1-L5p3-n3-beta0__N0096__Aminus_0p0025,hm-a10-g1-L5p3-n3-beta0,96,0.0025,34,1.8770833333333332,9.997548442314578,9.999410280133576
hm-a10-g1-L5p3-n3-beta0__N0096__Aplus_0p0025,hm-a10-g1-L5p3-n3-beta0__N0096__Aminus_0p0025,hm-a10-g1-L5p3-n3-beta0,96,0.0025,35,1.9322916666666665,9.997607982978845,9.999424605896369
hm-a10-g1-L5p3-n3-beta0__N0096__Aplus_0p0025,hm-a10-g1-L5p3-n3-beta0__N0096__Aminus_0p0025,hm-a10-g1-L5p3-n3-beta0,96,0.0025,36,1.9874999999999998,9.997690538495787,9.999444468653277
hm-a10-g1-L5p3-n3-beta0__N0096__Aplus_0p0025,hm-a10-g1-L5p3-n3-beta0__N0096__Aminus_0p0025,hm-a10-g1-L5p3-n3-beta0,96,0.0025,37,2.042708333333333,9.99779531658714,9.999469677319269
hm-a10-g1-L5p3-n3-beta0__N0096__Aplus_0p0025,hm-a10-g1-L5p3-n3-beta0__N0096__Aminus_0p0025,hm-a10-g1-L5p3-n3-beta0,96,0.0025,38,2.0979166666666664,9.997921311566104,9.999499989369912
hm-a10-g1-L5p3-n3-beta0__N0096__Aplus_0p0025,hm-a10-g1-L5p3-n3-beta0__N0096__Aminus_0p0025,hm-a10-g1-L5p3-n3-beta0,96,0.0025,39,2.1531249999999997,9.998067313892827,9.999535113167463
hm-a10-g1-L5p3-n3-beta0__N0096__Aplus_0p0025,hm-a10-g1-L5p3-n3-beta0__N0096__Aminus_0p0025,hm-a10-g1-L5p3-n3-beta0,96,0.0025,40,2.208333333333333,9.998231921674794,9.999574710758592
hm-a10-g1-L5p3-n3-beta0__N0096__Aplus_0p0025,hm-a10-g1-L5p3-n3-beta0__N0096__Aminus_0p0025,hm-a10-g1-L5p3-n3-beta0,96,0.0025,41,2.263541666666667,9.998413554006989,9.99961840111723
hm-a10-g1-L5p3-n3-beta0__N0096__Aplus_0p0025,hm-a10-g1-L5p3-n3-beta0__N0096__Aminus_0p0025,hm-a10-g1-L5p3-n3-beta0,96,0.0025,42,2.31875,9.998610466029584,9.999665763801751
hm-a10-g1-L5p3-n3-beta0__N0096__Aplus_0p0025,hm-a10-g1-L5p3-n3-beta0__N0096__Aminus_0p0025,hm-a10-g1-L5p3-n3-beta0,96,0.0025,43,2.3739583333333334,9.99882076556451,9.999716342991743
hm-a10-g1-L5p3-n3-beta0__N0096__Aplus_0p0025,hm-a10-g1-L5p3-n3-beta0__N0096__Aminus_0p0025,hm-a10-g1-L5p3-n3-beta0,96,0.0025,44,2.4291666666666667,9.999042431177116,9.99976965186597
hm-a10-g1-L5p3-n3-beta0__N0096__Aplus_0p0025,hm-a10-g1-L5p3-n3-beta0__N0096__Aminus_0p0025,hm-a10-g1-L5p3-n3-beta0,96,0.0025,45,2.484375,9.99927333149519,9.999825177279817
hm-a10-g1-L5p3-n3-beta0__N0096__Aplus_0p0025,hm-a10-g1-L5p3-n3-beta0__N0096__Aminus_0p0025,hm-a10-g1-L5p3-n3-beta0,96,0.0025,46,2.5395833333333333,9.999511245604946,9.99988238469758
hm-a10-g1-L5p3-n3-beta0__N0096__Aplus_0p0025,hm-a10-g1-L5p3-n3-beta0__N0096__Aminus_0p0025,hm-a10-g1-L5p3-n3-beta0,96,0.0025,47,2.5947916666666666,9.999753884332614,9.999940723332477
hm-a10-g1-L5p3-n3-beta0__N0096__Aplus_0p0025,hm-a10-g1-L5p3-n3-beta0__N0096__Aminus_0p0025,hm-a10-g1-L5p3-n3-beta0,96,0.0025,48,2.65,9.999998912210751,9.999999631445183
hm-a10-g1-L5p3-n3-beta0__N0096__Aplus_0p0025,hm-a10-g1-L5p3-n3-beta0__N0096__Aminus_0p0025,hm-a10-g1-L5p3-n3-beta0,96,0.0025,49,2.705208333333333,10.000243969920845,10.000058541750086
hm-a10-g1-L5p3-n3-beta0__N0096__Aplus_0p0025,hm-a10-g1-L5p3-n3-beta0__N0096__Aminus_0p0025,hm-a10-g1-L5p3-n3-beta0,96,0.0025,50,2.7604166666666665,10.00048669699796,10.000116886877331
hm-a10-g1-L5p3-n3-beta0__N0096__Aplus_0p0025,hm-a10-g1-L5p3-n3-beta0__N0096__Aminus_0p0025,hm-a10-g1-L5p3-n3-beta0,96,0.0025,51,2.815625,10.000724754579439,10.000174104838091
hm-a10-g1-L5p3-n3-beta0__N0096__Aplus_0p0025,hm-a10-g1-L5p3-n3-beta0__N0096__Aminus_0p0025,hm-a10-g1-L5p3-n3-beta0,96,0.0025,52,2.870833333333333,10.00095584797797,10.000229644440427
hm-a10-g1-L5p3-n3-beta0__N0096__Aplus_0p0025,hm-a10-g1-L5p3-n3-beta0__N0096__Aminus_0p0025,hm-a10-g1-L5p3-n3-beta0,96,0.0025,53,2.9260416666666664,10.001177748859803,10.00028297060338
hm-a10-g1-L5p3-n3-beta0__N0096__Aplus_0p0025,hm-a10-g1-L5p3-n3-beta0__N0096__Aminus_0p0025,hm-a10-g1-L5p3-n3-beta0,96,0.0025,54,2.9812499999999997,10.001388316811466,10.000333569517933
hm-a10-g1-L5p3-n3-beta0__N0096__Aplus_0p0025,hm-a10-g1-L5p3-n3-beta0__N0096__Aminus_0p0025,hm-a10-g1-L5p3-n3-beta0,96,0.0025,55,3.036458333333333,10.001585520083207,10.000380953604854
hm-a10-g1-L5p3-n3-beta0__N0096__Aplus_0p0025,hm-a10-g1-L5p3-n3-beta0__N0096__Aminus_0p0025,hm-a10-g1-L5p3-n3-beta0,96,0.0025,56,3.091666666666667,10.001767455304417,10.000424666221248
hm-a10-g1-L5p3-n3-beta0__N0096__Aplus_0p0025,hm-a10-g1-L5p3-n3-beta0__N0096__Aminus_0p0025,hm-a10-g1-L5p3-n3-beta0,96,0.0025,57,3.146875,10.001932365975414,10.000464286070134
hm-a10-g1-L5p3-n3-beta0__N0096__Aplus_0p0025,hm-a10-g1-L5p3-n3-beta0__N0096__Aminus_0p0025,hm-a10-g1-L5p3-n3-beta0,96,0.0025,58,3.2020833333333334,10.002078659551332,10.000499431270091
hm-a10-g1-L5p3-n3-beta0__N0096__Aplus_0p0025,hm-a10-g1-L5p3-n3-beta0__N0096__Aminus_0p0025,hm-a10-g1-L5p3-n3-beta0,96,0.0025,59,3.2572916666666667,10.002204922947103,10.000529763045307
hm-a10-g1-L5p3-n3-beta0__N0096__Aplus_0p0025,hm-a10-g1-L5p3-n3-beta0__N0096__Aminus_0p0025,hm-a10-g1-L5p3-n3-beta0,96,0.0025,60,3.3125,10.002309936307773,10.000554989000031
hm-a10-g1-L5p3-n3-beta0__N0096__Aplus_0p0025,hm-a10-g1-L5p3-n3-beta0__N0096__Aminus_0p0025,hm-a10-g1-L5p3-n3-beta0,96,0.0025,61,3.3677083333333333,10.002392684905267,10.000574865945437
hm-a10-g1-L5p3-n3-beta0__N0096__Aplus_0p0025,hm-a10-g1-L5p3-n3-beta0__N0096__Aminus_0p0025,hm-a10-g1-L5p3-n3-beta0,96,0.0025,62,3.4229166666666666,10.002452369041341,10.00058920225124
hm-a10-g1-L5p3-n3-beta0__N0096__Aplus_0p0025,hm-a10-g1-L5p3-n3-beta0__N0096__Aminus_0p0025,hm-a10-g1-L5p3-n3-beta0,96,0.0025,63,3.478125,10.00248841185628,10.000597859699061
hm-a10-g1-L5p3-n3-beta0__N0096__Aplus_0p0025,hm-a10-g1-L5p3-n3-beta0__N0096__Aminus_0p0025,hm-a10-g1-L5p3-n3-beta0,96,0.0025,64,3.533333333333333,10.002500464964012,10.000600754819398
hm-a10-g1-L5p3-n3-beta0__N0096__Aplus_0p0025,hm-a10-g1-L5p3-n3-beta0__N0096__Aminus_0p0025,hm-a10-g1-L5p3-n3-beta0,96,0.0025,65,3.5885416666666665,10.002488411856312,10.000597859699072
hm-a10-g1-L5p3-n3-beta0__N0096__Aplus_0p0025,hm-a10-g1-L5p3-n3-beta0__N0096__Aminus_0p0025,hm-a10-g1-L5p3-n3-beta0,96,0.0025,66,3.64375,10.002452369041405,10.00058920225126
hm-a10-g1-L5p3-n3-beta0__N0096__Aplus_0p0025,hm-a10-g1-L5p3-n3-beta0__N0096__Aminus_0p0025,hm-a10-g1-L5p3-n3-beta0,96,0.0025,67,3.698958333333333,10.002392684905361,10.00057486594547
hm-a10-g1-L5p3-n3-beta0__N0096__Aplus_0p0025,hm-a10-g1-L5p3-n3-beta0__N0096__Aminus_0p0025,hm-a10-g1-L5p3-n3-beta0,96,0.0025,68,3.7541666666666664,10.002309936307899,10.000554989000076
hm-a10-g1-L5p3-n3-beta0__N0096__Aplus_0p0025,hm-a10-g1-L5p3-n3-beta0__N0096__Aminus_0p0025,hm-a10-g1-L5p3-n3-beta0,96,0.0025,69,3.8093749999999997,10.002204922947259,10.00052976304536
hm-a10-g1-L5p3-n3-beta0__N0096__Aplus_0p0025,hm-a10-g1-L5p3-n3-beta0__N0096__Aminus_0p0025,hm-a10-g1-L5p3-n3-beta0,96,0.0025,70,3.864583333333333,10.002078659551515,10.000499431270155
hm-a10-g1-L5p3-n3-beta0__N0096__Aplus_0p0025,hm-a10-g1-L5p3-n3-beta0__N0096__Aminus_0p0025,hm-a10-g1-L5p3-n3-beta0,96,0.0025,71,3.9197916666666663,10.001932365975627,10.000464286070207
hm-a10-g1-L5p3-n3-beta0__N0096__Aplus_0p0025,hm-a10-g1-L5p3-n3-beta0__N0096__Aminus_0p0025,hm-a10-g1-L5p3-n3-beta0,96,0.0025,72,3.9749999999999996,10.001767455304655,10.000424666221328
hm-a10-g1-L5p3-n3-beta0__N0096__Aplus_0p0025,hm-a10-g1-L5p3-n3-beta0__N0096__Aminus_0p0025,hm-a10-g1-L5p3-n3-beta0,96,0.0025,73,4.030208333333333,10.001585520083468,10.000380953604939
hm-a10-g1-L5p3-n3-beta0__N0096__Aplus_0p0025,hm-a10-g1-L5p3-n3-beta0__N0096__Aminus_0p0025,hm-a10-g1-L5p3-n3-beta0,96,0.0025,74,4.085416666666666,10.001388316811749,10.000333569518023
hm-a10-g1-L5p3-n3-beta0__N0096__Aplus_0p0025,hm-a10-g1-L5p3-n3-beta0__N0096__Aminus_0p0025,hm-a10-g1-L5p3-n3-beta0,96,0.0025,75,4.140625,10.001177748860108,10.000282970603473
hm-a10-g1-L5p3-n3-beta0__N0096__Aplus_0p0025,hm-a10-g1-L5p3-n3-beta0__N0096__Aminus_0p0025,hm-a10-g1-L5p3-n3-beta0,96,0.0025,76,4.195833333333333,10.000955847978291,10.000229644440527
hm-a10-g1-L5p3-n3-beta0__N0096__Aplus_0p0025,hm-a10-g1-L5p3-n3-beta0__N0096__Aminus_0p0025,hm-a10-g1-L5p3-n3-beta0,96,0.0025,77,4.251041666666667,10.000724754579775,10.000174104838193
hm-a10-g1-L5p3-n3-beta0__N0096__Aplus_0p0025,hm-a10-g1-L5p3-n3-beta0__N0096__Aminus_0p0025,hm-a10-g1-L5p3-n3-beta0,96,0.0025,78,4.3062499999999995,10.00048669699831,10.000116886877432
hm-a10-g1-L5p3-n3-beta0__N0096__Aplus_0p0025,hm-a10-g1-L5p3-n3-beta0__N0096__Aminus_0p0025,hm-a10-g1-L5p3-n3-beta0,96,0.0025,79,4.361458333333333,10.000243969921206,10.000058541750189
hm-a10-g1-L5p3-n3-beta0__N0096__Aplus_0p0025,hm-a10-g1-L5p3-n3-beta0__N0096__Aminus_0p0025,hm-a10-g1-L5p3-n3-beta0,96,0.0025,80,4.416666666666666,9.999998912211117,9.999999631445283
hm-a10-g1-L5p3-n3-beta0__N0096__Aplus_0p0025,hm-a10-g1-L5p3-n3-beta0__N0096__Aminus_0p0025,hm-a10-g1-L5p3-n3-beta0,96,0.0025,81,4.471875,9.999753884332982,9.999940723332577
hm-a10-g1-L5p3-n3-beta0__N0096__Aplus_0p0025,hm-a10-g1-L5p3-n3-beta0__N0096__Aminus_0p0025,hm-a10-g1-L5p3-n3-beta0,96,0.0025,82,4.527083333333334,9.999511245605314,9.999882384697681
hm-a10-g1-L5p3-n3-beta0__N0096__Aplus_0p0025,hm-a10-g1-L5p3-n3-beta0__N0096__Aminus_0p0025,hm-a10-g1-L5p3-n3-beta0,96,0.0025,83,4.582291666666666,9.999273331495553,9.999825177279918
hm-a10-g1-L5p3-n3-beta0__N0096__Aplus_0p0025,hm-a10-g1-L5p3-n3-beta0__N0096__Aminus_0p0025,hm-a10-g1-L5p3-n3-beta0,96,0.0025,84,4.6375,9.999042431177473,9.99976965186607
hm-a10-g1-L5p3-n3-beta0__N0096__Aplus_0p0025,hm-a10-g1-L5p3-n3-beta0__N0096__Aminus_0p0025,hm-a10-g1-L5p3-n3-beta0,96,0.0025,85,4.692708333333333,9.998820765564858,9.99971634299184
hm-a10-g1-L5p3-n3-beta0__N0096__Aplus_0p0025,hm-a10-g1-L5p3-n3-beta0__N0096__Aminus_0p0025,hm-a10-g1-L5p3-n3-beta0,96,0.0025,86,4.747916666666667,9.99861046602992,9.99966576380185
hm-a10-g1-L5p3-n3-beta0__N0096__Aplus_0p0025,hm-a10-g1-L5p3-n3-beta0__N0096__Aminus_0p0025,hm-a10-g1-L5p3-n3-beta0,96,0.0025,87,4.803125,9.998413554007309,9.99961840111733
hm-a10-g1-L5p3-n3-beta0__N0096__Aplus_0p0025,hm-a10-g1-L5p3-n3-beta0__N0096__Aminus_0p0025,hm-a10-g1-L5p3-n3-beta0,96,0.0025,88,4.858333333333333,9.998231921675096,9.99957471075869
hm-a10-g1-L5p3-n3-beta0__N0096__Aplus_0p0025,hm-a10-g1-L5p3-n3-beta0__N0096__Aminus_0p0025,hm-a10-g1-L5p3-n3-beta0,96,0.0025,89,4.913541666666666,9.998067313893111,9.999535113167559
hm-a10-g1-L5p3-n3-beta0__N0096__Aplus_0p0025,hm-a10-g1-L5p3-n3-beta0__N0096__Aminus_0p0025,hm-a10-g1-L5p3-n3-beta0,96,0.0025,90,4.96875,9.997921311566365,9.999499989370003
hm-a10-g1-L5p3-n3-beta0__N0096__Aplus_0p0025,hm-a10-g1-L5p3-n3-beta0__N0096__Aminus_0p0025,hm-a10-g1-L5p3-n3-beta0,96,0.0025,91,5.023958333333333,9.99779531658738,9.999469677319356
hm-a10-g1-L5p3-n3-beta0__N0096__Aplus_0p0025,hm-a10-g1-L5p3-n3-beta0__N0096__Aminus_0p0025,hm-a10-g1-L5p3-n3-beta0,96,0.0025,92,5.079166666666667,9.997690538496004,9.999444468653362
hm-a10-g1-L5p3-n3-beta0__N0096__Aplus_0p0025,hm-a10-g1-L5p3-n3-beta0__N0096__Aminus_0p0025,hm-a10-g1-L5p3-n3-beta0,96,0.0025,93,5.1343749999999995,9.997607982979037,9.99942460589645
hm-a10-g1-L5p3-n3-beta0__N0096__Aplus_0p0025,hm-a10-g1-L5p3-n3-beta0__N0096__Aminus_0p0025,hm-a10-g1-L5p3-n3-beta0,96,0.0025,94,5.189583333333333,9.997548442314747,9.99941028013365
hm-a10-g1-L5p3-n3-beta0__N0096__Aplus_0p0025,hm-a10-g1-L5p3-n3-beta0__N0096__Aminus_0p0025,hm-a10-g1-L5p3-n3-beta0,96,0.0025,95,5.244791666666666,9.997512487849304,9.999401629178179
hm-a10-g1-L5p3-n3-beta0__N0096__Aplus_0p0025,hm-a10-g1-L5p3-n3-beta0__N0096__Aminus_0p0025,hm-a10-g1-L5p3-n3-beta0,96,0.0025,96,5.3,9.997500464573557,9.999398736250045
hm-a10-g1-L5p3-n3-beta0__N0096__Aplus_0p005,hm-a10-g1-L5p3-n3-beta0__N0096__Aminus_0p005,hm-a10-g1-L5p3-n3-beta0,96,0.005,0,0.0,10.005001860639808,10.001201000748402
hm-a10-g1-L5p3-n3-beta0__N0096__Aplus_0p005,hm-a10-g1-L5p3-n3-beta0__N0096__Aminus_0p005,hm-a10-g1-L5p3-n3-beta0,96,0.005,1,0.05520833333333333,10.004977724541881,10.001195208313813
hm-a10-g1-L5p3-n3-beta0__N0096__Aplus_0p005,hm-a10-g1-L5p3-n3-beta0__N0096__Aminus_0p005,hm-a10-g1-L5p3-n3-beta0,96,0.005,2,0.11041666666666666,10.004905550415327,10.001177886920798
hm-a10-g1-L5p3-n3-beta0__N0096__Aplus_0p005,hm-a10-g1-L5p3-n3-beta0__N0096__Aminus_0p005,hm-a10-g1-L5p3-n3-beta0,96,0.005,3,0.165625,10.004786038440194,10.001149203758299
hm-a10-g1-L5p3-n3-beta0__N0096__Aplus_0p005,hm-a10-g1-L5p3-n3-beta0__N0096__Aminus_0p005,hm-a10-g1-L5p3-n3-beta0,96,0.005,4,0.22083333333333333,10.004620347869384,10.001109435668912
hm-a10-g1-L5p3-n3-beta0__N0096__Aplus_0p005,hm-a10-g1-L5p3-n3-beta0__N0096__Aminus_0p005,hm-a10-g1-L5p3-n3-beta0,96,0.005,5,0.27604166666666663,10.004410085544807,10.001058966459329
hm-a10-g1-L5p3-n3-beta0__N0096__Aplus_0p005,hm-a10-g1-L5p3-n3-beta0__N0096__Aminus_0p005,hm-a10-g1-L5p3-n3-beta0,96,0.005,6,0.33125,10.004157289992648,10.000998283172587
hm-a10-g1-L5p3-n3-beta0__N0096__Aplus_0p005,hm-a10-g1-L5p3-n3-beta0__N0096__Aminus_0p005,hm-a10-g1-L5p3-n3-beta0,96,0.005,7,0.38645833333333335,10.003864411267553,10.000927971359198
hm-a10-g1-L5p3-n3-beta0__N0096__Aplus_0p005,hm-a10-g1-L5p3-n3-beta0__N0096__Aminus_0p005,hm-a10-g1-L5p3-n3-beta0,96,0.005,8,0.44166666666666665,10.003534286760107,10.000848709394223
hm-a10-g1-L5p3-n3-beta0__N0096__Aplus_0p005,hm-a10-g1-L5p3-n3-beta0__N0096__Aminus_0p005,hm-a10-g1-L5p3-n3-beta0,96,0.005,9,0.49687499999999996,10.003170113223707,10.000761261896672
hm-a10-g1-L5p3-n3-beta0__N0096__Aplus_0p005,hm-a10-g1-L5p3-n3-beta0__N0096__Aminus_0p005,hm-a10-g1-L5p3-n3-beta0,96,0.005,10,0.5520833333333333,10.00277541531521,10.000666472316466
hm-a10-g1-L5p3-n3-beta0__N0096__Aplus_0p005,hm-a10-g1-L5p3-n3-beta0__N0096__Aminus_0p005,hm-a10-g1-L5p3-n3-beta0,96,0.005,11,0.6072916666666667,10.002354010978346,10.000565254762208
hm-a10-g1-L5p3-n3-beta0__N0096__Aplus_0p005,hm-a10-g1-L5p3-n3-beta0__N0096__Aminus_0p005,hm-a10-g1-L5p3-n3-beta0,96,0.005,12,0.6625,10.00190997402914,10.000458585150428
hm-a10-g1-L5p3-n3-beta0__N0096__Aplus_0p005,hm-a10-g1-L5p3-n3-beta0__N0096__Aminus_0p005,hm-a10-g1-L5p3-n3-beta0,96,0.005,13,0.7177083333333333,10.001447594328576,10.0003474917633
hm-a10-g1-L5p3-n3-beta0__N0096__Aplus_0p005,hm-a10-g1-L5p3-n3-beta0__N0096__Aminus_0p005,hm-a10-g1-L5p3-n3-beta0,96,0.005,14,0.7729166666666667,10.000971335948872,10.000233045307482
hm-a10-g1-L5p3-n3-beta0__N0096__Aplus_0p005,hm-a10-g1-L5p3-n3-beta0__N0096__Aminus_0p005,hm-a10-g1-L5p3-n3-beta0,96,0.005,15,0.828125,10.000485793756202,10.000116348571266
hm-a10-g1-L5p3-n3-beta0__N0096__Aplus_0p005,hm-a10-g1-L5p3-n3-beta0__N0096__Aminus_0p005,hm-a10-g1-L5p3-n3-beta0,96,0.005,16,0.8833333333333333,9.999995648844306,9.99999852578088
hm-a10-g1-L5p3-n3-beta0__N0096__Aplus_0p005,hm-a10-g1-L5p3-n3-beta0__N0096__Aminus_0p005,hm-a10-g1-L5p3-n3-beta0,96,0.005,17,0.9385416666666666,9.999505623260175,9.999880711759282
hm-a10-g1-L5p3-n3-beta0__N0096__Aplus_0p005,hm-a10-g1-L5p3-n3-beta0__N0096__Aminus_0p005,hm-a10-g1-L5p3-n3-beta0,96,0.005,18,0.9937499999999999,9.999020434465114,9.99976404099245
hm-a10-g1-L5p3-n3-beta0__N0096__Aplus_0p005,hm-a10-g1-L5p3-n3-beta0__N0096__Aminus_0p005,hm-a10-g1-L5p3-n3-beta0,96,0.005,19,1.0489583333333332,9.998544749972027,9.999649636708622
hm-a10-g1-L5p3-n3-beta0__N0096__Aplus_0p005,hm-a10-g1-L5p3-n3-beta0__N0096__Aminus_0p005,hm-a10-g1-L5p3-n3-beta0,96,0.005,20,1.1041666666666665,9.998083142593003,9.999538600075448
hm-a10-g1-L5p3-n3-beta0__N0096__Aplus_0p005,hm-a10-g1-L5p3-n3-beta0__N0096__Aminus_0p005,hm-a10-g1-L5p3-n3-beta0,96,0.005,21,1.159375,9.99764004672044,9.999431999618563
hm-a10-g1-L5p3-n3-beta0__N0096__Aplus_0p005,hm-a10-g1-L5p3-n3-beta0__N0096__Aminus_0p005,hm-a10-g1-L5p3-n3-beta0,96,0.005,22,1.2145833333333333,9.997219716050337,9.999330860962557
hm-a10-g1-L5p3-n3-beta0__N0096__Aplus_0p005,hm-a10-g1-L5p3-n3-beta0__N0096__Aminus_0p005,hm-a10-g1-L5p3-n3-beta0,96,0.005,23,1.2697916666666667,9.996826183138365,9.999236156991945
hm-a10-g1-L5p3-n3-beta0__N0096__Aplus_0p005,hm-a10-g1-L5p3-n3-beta0__N0096__Aminus_0p005,hm-a10-g1-L5p3-n3-beta0,96,0.005,24,1.325,9.996463221158121,9.999148798525407
hm-a10-g1-L5p3-n3-beta0__N0096__Aplus_0p005,hm-a10-g1-L5p3-n3-beta0__N0096__Aminus_0p005,hm-a10-g1-L5p3-n3-beta0,96,0.005,25,1.3802083333333333,9.99613430820706,9.999069625591448
hm-a10-g1-L5p3-n3-beta0__N0096__Aplus_0p005,hm-a10-g1-L5p3-n3-beta0__N0096__Aminus_0p005,hm-a10-g1-L5p3-n3-beta0,96,0.005,26,1.4354166666666666,9.995842594479125,9.998999399387667
hm-a10-g1-L5p3-n3-beta0__N0096__Aplus_0p005,hm-a10-g1-L5p3-n3-beta0__N0096__Aminus_0p005,hm-a10-g1-L5p3-n3-beta0,96,0.005,27,1.4906249999999999,9.995590872594681,9.998938794999194
hm-a10-g1-L5p3-n3-beta0__N0096__Aplus_0p005,hm-a10-g1-L5p3-n3-beta0__N0096__Aminus_0p005,hm-a10-g1-L5p3-n3-beta0,96,0.005,28,1.5458333333333334,9.995381551347869,9.998888394944526
hm-a10-g1-L5p3-n3-beta0__N0096__Aplus_0p005,hm-a10-g1-L5p3-n3-beta0__N0096__Aminus_0p005,hm-a10-g1-L5p3-n3-beta0,96,0.005,29,1.6010416666666667,9.995216633099716,9.99884868360911
hm-a10-g1-L5p3-n3-beta0__N0096__Aplus_0p005,hm-a10-g1-L5p3-n3-beta0__N0096__Aminus_0p005,hm-a10-g1-L5p3-n3-beta0,96,0.005,30,1.65625,9.995097695012145,9.998820042618615
hm-a10-g1-L5p3-n3-beta0__N0096__Aplus_0p005,hm-a10-g1-L5p3-n3-beta0__N0096__Aminus_0p005,hm-a10-g1-L5p3-n3-beta0,96,0.005,31,1.7114583333333333,9.995025874283822,9.99880274719499
hm-a10-g1-L5p3-n3-beta0__N0096__Aplus_0p005,hm-a10-g1-L5p3-n3-beta0__N0096__Aminus_0p005,hm-a10-g1-L5p3-n3-beta0,96,0.005,32,1.7666666666666666,9.995001857513863,9.998796963529186
hm-a10-g1-L5p3-n3-beta0__N0096__Aplus_0p005,hm-a10-g1-L5p3-n3-beta0__N0096__Aminus_0p005,hm-a10-g1-L5p3-n3-beta0,96,0.005,33,1.821875,9.995025874283774,9.998802747194976
hm-a10-g1-L5p3-n3-beta0__N0096__Aplus_0p005,hm-a10-g1-L5p3-n3-beta0__N0096__Aminus_0p005,hm-a10-g1-L5p3-n3-beta0,96,0.005,34,1.8770833333333332,9.99509769501205,9.998820042618586
hm-a10-g1-L5p3-n3-beta0__N0096__Aplus_0p005,hm-a10-g1-L5p3-n3-beta0__N0096__Aminus_0p005,hm-a10-g1-L5p3-n3-beta0,96,0.005,35,1.9322916666666665,9.995216633099576,9.998848683609065
hm-a10-g1-L5p3-n3-beta0__N0096__Aplus_0p005,hm-a10-g1-L5p3-n3-beta0__N0096__Aminus_0p005,hm-a10-g1-L5p3-n3-beta0,96,0.005,36,1.9874999999999998,9.99538155134768,9.99888839494447
hm-a10-g1-L5p3-n3-beta0__N0096__Aplus_0p005,hm-a10-g1-L5p3-n3-beta0__N0096__Aminus_0p005,hm-a10-g1-L5p3-n3-beta0,96,0.005,37,2.042708333333333,9.99559087259445,9.998938794999125
hm-a10-g1-L5p3-n3-beta0__N0096__Aplus_0p005,hm-a10-g1-L5p3-n3-beta0__N0096__Aminus_0p005,hm-a10-g1-L5p3-n3-beta0,96,0.005,38,2.0979166666666664,9.99584259447885,9.998999399387586
hm-a10-g1-L5p3-n3-beta0__N0096__Aplus_0p005,hm-a10-g1-L5p3-n3-beta0__N0096__Aminus_0p005,hm-a10-g1-L5p3-n3-beta0,96,0.005,39,2.1531249999999997,9.996134308206745,9.999069625591353
hm-a10-g1-L5p3-n3-beta0__N0096__Aplus_0p005,hm-a10-g1-L5p3-n3-beta0__N0096__Aminus_0p005,hm-a10-g1-L5p3-n3-beta0,96,0.005,40,2.208333333333333,9.996463221157768,9.9991487985253
hm-a10-g1-L5p3-n3-beta0__N0096__Aplus_0p005,hm-a10-g1-L5p3-n3-beta0__N0096__Aminus_0p005,hm-a10-g1-L5p3-n3-beta0,96,0.005,41,2.263541666666667,9.996826183137975,9.999236156991826
hm-a10-g1-L5p3-n3-beta0__N0096__Aplus_0p005,hm-a10-g1-L5p3-n3-beta0__N0096__Aminus_0p005,hm-a10-g1-L5p3-n3-beta0,96,0.005,42,2.31875,9.997219716049916,9.999330860962427
hm-a10-g1-L5p3-n3-beta0__N0096__Aplus_0p005,hm-a10-g1-L5p3-n3-beta0__N0096__Aminus_0p005,hm-a10-g1-L5p3-n3-beta0,96,0.005,43,2.3739583333333334,9.997640046719988,9.999431999618423
hm-a10-g1-L5p3-n3-beta0__N0096__Aplus_0p005,hm-a10-g1-L5p3-n3-beta0__N0096__Aminus_0p005,hm-a10-g1-L5p3-n3-beta0,96,0.005,44,2.4291666666666667,9.998083142592524,9.999538600075297
hm-a10-g1-L5p3-n3-beta0__N0096__Aplus_0p005,hm-a10-g1-L5p3-n3-beta0__N0096__Aminus_0p005,hm-a10-g1-L5p3-n3-beta0,96,0.005,45,2.484375,9.998544749971522,9.999649636708462
hm-a10-g1-L5p3-n3-beta0__N0096__Aplus_0p005,hm-a10-g1-L5p3-n3-beta0__N0096__Aminus_0p005,hm-a10-g1-L5p3-n3-beta0,96,0.005,46,2.5395833333333333,9.999020434464589,9.99976404099228
hm-a10-g1-L5p3-n3-beta0__N0096__Aplus_0p005,hm-a10-g1-L5p3-n3-beta0__N0096__Aminus_0p005,hm-a10-g1-L5p3-n3-beta0,96,0.005,47,2.5947916666666666,9.999505623259633,9.999880711759102
hm-a10-g1-L5p3-n3-beta0__N0096__Aplus_0p005,hm-a10-g1-L5p3-n3-beta0__N0096__Aminus_0p005,hm-a10-g1-L5p3-n3-beta0,96,0.005,48,2.65,9.99999564884375,9.999998525780692
hm-a10-g1-L5p3-n3-beta0__N0096__Aplus_0p005,hm-a10-g1-L5p3-n3-beta0__N0096__Aminus_0p005,hm-a10-g1-L5p3-n3-beta0,96,0.005,49,2.705208333333333,10.000485793755635,10.00011634857107
hm-a10-g1-L5p3-n3-beta0__N0096__Aplus_0p005,hm-a10-g1-L5p3-n3-beta0__N0096__Aminus_0p005,hm-a10-g1-L5p3-n3-beta0,96,0.005,50,2.7604166666666665,10.000971335948297,10.000233045307276
hm-a10-g1-L5p3-n3-beta0__N0096__Aplus_0p005,hm-a10-g1-L5p3-n3-beta0__N0096__Aminus_0p005,hm-a10-g1-L5p3-n3-beta0,96,0.005,51,2.815625,10.001447594327995,10.000347491763087
hm-a10-g1-L5p3-n3-beta0__N0096__Aplus_0p005,hm-a10-g1-L5p3-n3-beta0__N0096__Aminus_0p005,hm-a10-g1-L5p3-n3-beta0,96,0.005,52,2.870833333333333,10.001909974028553,10.000458585150207
hm-a10-g1-L5p3-n3-beta0__N0096__Aplus_0p005,hm-a10-g1-L5p3-n3-beta0__N0096__Aminus_0p005,hm-a10-g1-L5p3-n3-beta0,96,0.005,53,2.9260416666666664,10.002354010977758,10.000565254761982
hm-a10-g1-L5p3-n3-beta0__N0096__Aplus_0p005,hm-a10-g1-L5p3-n3-beta0__N0096__Aminus_0p005,hm-a10-g1-L5p3-n3-beta0,96,0.005,54,2.9812499999999997,10.002775415314622,10.000666472316237
hm-a10-g1-L5p3-n3-beta0__N0096__Aplus_0p005,hm-a10-g1-L5p3-n3-beta0__N0096__Aminus_0p005,hm-a10-g1-L5p3-n3-beta0,96,0.005,55,3.036458333333333,10.003170113223119,10.000761261896445
hm-a10-g1-L5p3-n3-beta0__N0096__Aplus_0p005,hm-a10-g1-L5p3-n3-beta0__N0096__Aminus_0p005,hm-a10-g1-L5p3-n3-beta0,96,0.005,56,3.091666666666667,10.003534286759523,10.000848709393996
hm-a10-g1-L5p3-n3-beta0__N0096__Aplus_0p005,hm-a10-g1-L5p3-n3-beta0__N0096__Aminus_0p005,hm-a10-g1-L5p3-n3-beta0,96,0.005,57,3.146875,10.00386441126697,10.000927971358971
hm-a10-g1-L5p3-n3-beta0__N0096__Aplus_0p005,hm-a10-g1-L5p3-n3-beta0__N0096__Aminus_0p005,hm-a10-g1-L5p3-n3-beta0,96,0.005,58,3.2020833333333334,10.00415728999207,10.000998283172363
hm-a10-g1-L5p3-n3-beta0__N0096__Aplus_0p005,hm-a10-g1-L5p3-n3-beta0__N0096__Aminus_0p005,hm-a10-g1-L5p3-n3-beta0,96,0.005,59,3.2572916666666667,10.004410085544235,10.001058966459109
hm-a10-g1-L5p3-n3-beta0__N0096__Aplus_0p005,hm-a10-g1-L5p3-n3-beta0__N0096__Aminus_0p005,hm-a10-g1-L5p3-n3-beta0,96,0.005,60,3.3125,10.004620347868821,10.001109435668695
hm-a10-g1-L5p3-n3-beta0__N0096__Aplus_0p005,hm-a10-g1-L5p3-n3-beta0__N0096__Aminus_0p005,hm-a10-g1-L5p3-n3-beta0,96,0.005,61,3.3677083333333333,10.00478603843964,10.001149203758086
hm-a10-g1-L5p3-n3-beta0__N0096__Aplus_0p005,hm-a10-g1-L5p3-n3-beta0__N0096__Aminus_0p005,hm-a10-g1-L5p3-n3-beta0,96,0.005,62,3.4229166666666666,10.004905550414783,10.001177886920589
hm-a10-g1-L5p3-n3-beta0__N0096__Aplus_0p005,hm-a10-g1-L5p3-n3-beta0__N0096__Aminus_0p005,hm-a10-g1-L5p3-n3-beta0,96,0.005,63,3.478125,10.00497772454135,10.001195208313607
hm-a10-g1-L5p3-n3-beta0__N0096__Aplus_0p005,hm-a10-g1-L5p3-n3-beta0__N0096__Aminus_0p005,hm-a10-g1-L5p3-n3-beta0,96,0.005,64,3.533333333333333,10.005001860639291,10.0012010007482
hm-a10-g1-L5p3-n3-beta0__N0096__Aplus_0p005,hm-a10-g1-L5p3-n3-beta0__N0096__Aminus_0p005,hm-a10-g1-L5p3-n3-beta0,96,0.005,65,3.5885416666666665,10.004977724541378,10.001195208313616
hm-a10-g1-L5p3-n3-beta0__N0096__Aplus_0p005,hm-a10-g1-L5p3-n3-beta0__N0096__Aminus_0p005,hm-a10-g1-L5p3-n3-beta0,96,0.005,66,3.64375,10.00490555041484,10.001177886920608
hm-a10-g1-L5p3-n3-beta0__N0096__Aplus_0p005,hm-a10-g1-L5p3-n3-beta0__N0096__Aminus_0p005,hm-a10-g1-L5p3-n3-beta0,96,0.005,67,3.698958333333333,10.004786038439724,10.001149203758118
hm-a10-g1-L5p3-n3-beta0__N0096__Aplus_0p005,hm-a10-g1-L5p3-n3-beta0__N0096__Aminus_0p005,hm-a10-g1-L5p3-n3-beta0,96,0.005,68,3.7541666666666664,10.004620347868933,10.001109435668736
hm-a10-g1-L5p3-n3-beta0__N0096__Aplus_0p005,hm-a10-g1-L5p3-n3-beta0__N0096__Aminus_0p005,hm-a10-g1-L5p3-n3-beta0,96,0.005,69,3.8093749999999997,10.004410085544375,10.00105896645916
hm-a10-g1-L5p3-n3-beta0__N0096__Aplus_0p005,hm-a10-g1-L5p3-n3-beta0__N0096__Aminus_0p005,hm-a10-g1-L5p3-n3-beta0,96,0.005,70,3.864583333333333,10.004157289992238,10.000998283172423
hm-a10-g1-L5p3-n3-beta0__N0096__Aplus_0p005,hm-a10-g1-L5p3-n3-beta0__N0096__Aminus_0p005,hm-a10-g1-L5p3-n3-beta0,96,0.005,71,3.9197916666666663,10.003864411267164,10.00092797135904
hm-a10-g1-L5p3-n3-beta0__N0096__Aplus_0p005,hm-a10-g1-L5p3-n3-beta0__N0096__Aminus_0p005,hm-a10-g1-L5p3-n3-beta0,96,0.005,72,3.9749999999999996,10.003534286759741,10.000848709394072
hm-a10-g1-L5p3-n3-beta0__N0096__Aplus_0p005,hm-a10-g1-L5p3-n3-beta0__N0096__Aminus_0p005,hm-a10-g1-L5p3-n3-beta0,96,0.005,73,4.030208333333333,10.003170113223364,10.000761261896528
hm-a10-g1-L5p3-n3-beta0__N0096__Aplus_0p005,hm-a10-g1-L5p3-n3-beta0__N0096__Aminus_0p005,hm-a10-g1-L5p3-n3-beta0,96,0.005,74,4.085416666666666,10.00277541531489,10.000666472316327
hm-a10-g1-L5p3-n3-beta0__N0096__Aplus_0p005,hm-a10-g1-L5p3-n3-beta0__N0096__Aminus_0p005,hm-a10-g1-L5p3-n3-beta0,96,0.005,75,4.140625,10.002354010978049,10.000565254762078
hm-a10-g1-L5p3-n3-beta0__N0096__Aplus_0p005,hm-a10-g1-L5p3-n3-beta0__N0096__Aminus_0p005,hm-a10-g1-L5p3-n3-beta0,96,0.005,76,4.195833333333333,10.001909974028868,10.000458585150309
hm-a10-g1-L5p3-n3-beta0__N0096__Aplus_0p005,hm-a10-g1-L5p3-n3-beta0__N0096__Aminus_0p005,hm-a10-g1-L5p3-n3-beta0,96,0.005,77,4.251041666666667,10.00144759432833,10.000347491763192
hm-a10-g1-L5p3-n3-beta0__N0096__Aplus_0p005,hm-a10-g1-L5p3-n3-beta0__N0096__Aminus_0p005,hm-a10-g1-L5p3-n3-beta0,96,0.005,78,4.3062499999999995,10.000971335948648,10.00023304530738
hm-a10-g1-L5p3-n3-beta0__N0096__Aplus_0p005,hm-a10-g1-L5p3-n3-beta0__N0096__Aminus_0p005,hm-a10-g1-L5p3-n3-beta0,96,0.005,79,4.361458333333333,10.000485793756003,10.000116348571176
hm-a10-g1-L5p3-n3-beta0__N0096__Aplus_0p005,hm-a10-g1-L5p3-n3-beta0__N0096__Aminus_0p005,hm-a10-g1-L5p3-n3-beta0,96,0.005,80,4.416666666666666,9.99999564884413,9.999998525780798
hm-a10-g1-L5p3-n3-beta0__N0096__Aplus_0p005,hm-a10-g1-L5p3-n3-beta0__N0096__Aminus_0p005,hm-a10-g1-L5p3-n3-beta0,96,0.005,81,4.471875,9.999505623260024,9.99988071175921
hm-a10-g1-L5p3-n3-beta0__N0096__Aplus_0p005,hm-a10-g1-L5p3-n3-beta0__N0096__Aminus_0p005,hm-a10-g1-L5p3-n3-beta0,96,0.005,82,4.527083333333334,9.999020434464986,9.999764040992392
hm-a10-g1-L5p3-n3-beta0__N0096__Aplus_0p005,hm-a10-g1-L5p3-n3-beta0__N0096__Aminus_0p005,hm-a10-g1-L5p3-n3-beta0,96,0.005,83,4.582291666666666,9.998544749971924,9.999649636708575
hm-a10-g1-L5p3-n3-beta0__N0096__Aplus_0p005,hm-a10-g1-L5p3-n3-beta0__N0096__Aminus_0p005,hm-a10-g1-L5p3-n3-beta0,96,0.005,84,4.6375,9.998083142592924,9.999538600075413
hm-a10-g1-L5p3-n3-beta0__N0096__Aplus_0p005,hm-a10-g1-L5p3-n3-beta0__N0096__Aminus_0p005,hm-a10-g1-L5p3-n3-beta0,96,0.005,85,4.692708333333333,9.997640046720385,9.999431999618539
hm-a10-g1-L5p3-n3-beta0__N0096__Aplus_0p005,hm-a10-g1-L5p3-n3-beta0__N0096__Aminus_0p005,hm-a10-g1-L5p3-n3-beta0,96,0.005,86,4.747916666666667,9.997219716050305,9.999330860962546
hm-a10-g1-L5p3-n3-beta0__N0096__Aplus_0p005,hm-a10-g1-L5p3-n3-beta0__N0096__Aminus_0p005,hm-a10-g1-L5p3-n3-beta0,96,0.005,87,4.803125,9.996826183138356,9.999236156991945
hm-a10-g1-L5p3-n3-beta0__N0096__Aplus_0p005,hm-a10-g1-L5p3-n3-beta0__N0096__Aminus_0p005,hm-a10-g1-L5p3-n3-beta0,96,0.005,88,4.858333333333333,9.996463221158137,9.999148798525418
hm-a10-g1-L5p3-n3-beta0__N0096__Aplus_0p005,hm-a10-g1-L5p3-n3-beta0__N0096__Aminus_0p005,hm-a10-g1-L5p3-n3-beta0,96,0.005,89,4.913541666666666,9.996134308207099,9.99906962559147
hm-a10-g1-L5p3-n3-beta0__N0096__Aplus_0p005,hm-a10-g1-L5p3-n3-beta0__N0096__Aminus_0p005,hm-a10-g1-L5p3-n3-beta0,96,0.005,90,4.96875,9.995842594479189,9.998999399387701
hm-a10-g1-L5p3-n3-beta0__N0096__Aplus_0p005,hm-a10-g1-L5p3-n3-beta0__N0096__Aminus_0p005,hm-a10-g1-L5p3-n3-beta0,96,0.005,91,5.023958333333333,9.99559087259477,9.998938794999239
hm-a10-g1-L5p3-n3-beta0__N0096__Aplus_0p005,hm-a10-g1-L5p3-n3-beta0__N0096__Aminus_0p005,hm-a10-g1-L5p3-n3-beta0,96,0.005,92,5.079166666666667,9.99538155134798,9.998888394944581
hm-a10-g1-L5p3-n3-beta0__N0096__Aplus_0p005,hm-a10-g1-L5p3-n3-beta0__N0096__Aminus_0p005,hm-a10-g1-L5p3-n3-beta0,96,0.005,93,5.1343749999999995,9.995216633099853,9.998848683609173
hm-a10-g1-L5p3-n3-beta0__N0096__Aplus_0p005,hm-a10-g1-L5p3-n3-beta0__N0096__Aminus_0p005,hm-a10-g1-L5p3-n3-beta0,96,0.005,94,5.189583333333333,9.995097695012307,9.998820042618688
hm-a10-g1-L5p3-n3-beta0__N0096__Aplus_0p005,hm-a10-g1-L5p3-n3-beta0__N0096__Aminus_0p005,hm-a10-g1-L5p3-n3-beta0,96,0.005,95,5.244791666666666,9.995025874284007,9.99880274719507
hm-a10-g1-L5p3-n3-beta0__N0096__Aplus_0p005,hm-a10-g1-L5p3-n3-beta0__N0096__Aminus_0p005,hm-a10-g1-L5p3-n3-beta0,96,0.005,96,5.3,9.99500185751407,9.998796963529273
hm-a10-g1-L5p3-n3-beta0__N0096__Aplus_0p01,hm-a10-g1-L5p3-n3-beta0__N0096__Aminus_0p01,hm-a10-g1-L5p3-n3-beta0,96,0.01,0,0.0,10.010007448823952,10.002399966088475
hm-a10-g1-L5p3-n3-beta0__N0096__Aplus_0p01,hm-a10-g1-L5p3-n3-beta0__N0096__Aminus_0p01,hm-a10-g1-L5p3-n3-beta0,96,0.01,1,0.05520833333333333,10.009959056895429,10.002388372436672
hm-a10-g1-L5p3-n3-beta0__N0096__Aplus_0p01,hm-a10-g1-L5p3-n3-beta0__N0096__Aminus_0p01,hm-a10-g1-L5p3-n3-beta0,96,0.01,2,0.11041666666666666,10.009814354064922,10.002353703640939
hm-a10-g1-L5p3-n3-beta0__N0096__Aplus_0p01,hm-a10-g1-L5p3-n3-beta0__N0096__Aminus_0p01,hm-a10-g1-L5p3-n3-beta0,96,0.01,3,0.165625,10.009574754375102,10.00229629508062
hm-a10-g1-L5p3-n3-beta0__N0096__Aplus_0p01,hm-a10-g1-L5p3-n3-beta0__N0096__Aminus_0p01,hm-a10-g1-L5p3-n3-beta0,96,0.01,4,0.22083333333333333,10.009242598545626,10.002216702067008
hm-a10-g1-L5p3-n3-beta0__N0096__Aplus_0p01,hm-a10-g1-L5p3-n3-beta0__N0096__Aminus_0p01,hm-a10-g1-L5p3-n3-beta0,96,0.01,5,0.27604166666666663,10.008821130144147,10.002115694401477
hm-a10-g1-L5p3-n3-beta0__N0096__Aplus_0p01,hm-a10-g1-L5p3-n3-beta0__N0096__Aminus_0p01,hm-a10-g1-L5p3-n3-beta0,96,0.01,6,0.33125,10.008314462618657,10.001994248835555
hm-a10-g1-L5p3-n3-beta0__N0096__Aplus_0p01,hm-a10-g1-L5p3-n3-beta0__N0096__Aminus_0p01,hm-a10-g1-L5p3-n3-beta0,96,0.01,7,0.38645833333333335,10.007727537576155,10.00185353951039
hm-a10-g1-L5p3-n3-beta0__N0096__Aplus_0p01,hm-a10-g1-L5p3-n3-beta0__N0096__Aminus_0p01,hm-a10-g1-L5p3-n3-beta0,96,0.01,8,0.44166666666666665,10.007066074791545,10.001694926473673
hm-a10-g1-L5p3-n3-beta0__N0096__Aplus_0p01,hm-a10-g1-L5p3-n3-beta0__N0096__Aminus_0p01,hm-a10-g1-L5p3-n3-beta0,96,0.01,9,0.49687499999999996,10.006336514521598,10.001519942391356
hm-a10-g1-L5p3-n3-beta0__N0096__Aplus_0p01,hm-a10-g1-L5p3-n3-beta0__N0096__Aminus_0p01,hm-a10-g1-L5p3-n3-beta0,96,0.01,10,0.5520833333333333,10.005545952780603,10.001330277589515
hm-a10-g1-L5p3-n3-beta0__N0096__Aplus_0p01,hm-a10-g1-L5p3-n3-beta0__N0096__Aminus_0p01,hm-a10-g1-L5p3-n3-beta0,96,0.01,11,0.6072916666666667,10.00470207030577,10.001127763578024
hm-a10-g1-L5p3-n3-beta0__N0096__Aplus_0p01,hm-a10-g1-L5p3-n3-beta0__N0096__Aminus_0p01,hm-a10-g1-L5p3-n3-beta0,96,0.01,12,0.6625,10.003813056000789,10.000914355222351
hm-a10-g1-L5p3-n3-beta0__N0096__Aplus_0p01,hm-a10-g1-L5p3-n3-beta0__N0096__Aminus_0p01,hm-a10-g1-L5p3-n3-beta0,96,0.01,13,0.7177083333333333,10.00288752569458,10.000692111742453
hm-a10-g1-L5p3-n3-beta0__N0096__Aplus_0p01,hm-a10-g1-L5p3-n3-beta0__N0096__Aminus_0p01,hm-a10-g1-L5p3-n3-beta0,96,0.01,14,0.7729166666666667,10.001934437089115,10.000463176728491
hm-a10-g1-L5p3-n3-beta0__N0096__Aplus_0p01,hm-a10-g1-L5p3-n3-beta0__N0096__Aminus_0p01,hm-a10-g1-L5p3-n3-beta0,96,0.01,15,0.828125,10.000963001794853,10.000229757371697
hm-a10-g1-L5p3-n3-beta0__N0096__Aplus_0p01,hm-a10-g1-L5p3-n3-beta0__N0096__Aminus_0p01,hm-a10-g1-L5p3-n3-beta0,96,0.01,16,0.8833333333333333,9.999982595365625,9.999994103115181
hm-a10-g1-L5p3-n3-beta0__N0096__Aplus_0p01,hm-a10-g1-L5p3-n3-beta0__N0096__Aminus_0p01,hm-a10-g1-L5p3-n3-beta0,96,0.01,17,0.9385416666666666,9.999002666246598,9.999758483933824
hm-a10-g1-L5p3-n3-beta0__N0096__Aplus_0p01,hm-a10-g1-L5p3-n3-beta0__N0096__Aminus_0p01,hm-a10-g1-L5p3-n3-beta0,96,0.01,18,0.9937499999999999,9.998032644540384,9.999525168454598
hm-a10-g1-L5p3-n3-beta0__N0096__Aplus_0p01,hm-a10-g1-L5p3-n3-beta0__N0096__Aminus_0p01,hm-a10-g1-L5p3-n3-beta0,96,0.01,19,1.0489583333333332,9.997081851478002,9.999296402128667
hm-a10-g1-L5p3-n3-beta0__N0096__Aplus_0p01,hm-a10-g1-L5p3-n3-beta0__N0096__Aminus_0p01,hm-a10-g1-L5p3-n3-beta0,96,0.01,20,1.1041666666666665,9.996159410454354,9.99907438566469
hm-a10-g1-L5p3-n3-beta0__N0096__Aplus_0p01,hm-a10-g1-L5p3-n3-beta0__N0096__Aminus_0p01,hm-a10-g1-L5p3-n3-beta0,96,0.01,21,1.159375,9.995274160453041,9.998861253928757
hm-a10-g1-L5p3-n3-beta0__N0096__Aplus_0p01,hm-a10-g1-L5p3-n3-beta0__N0096__Aminus_0p01,hm-a10-g1-L5p3-n3-beta0,96,0.01,22,1.2145833333333333,9.994434572643943,9.998659055510503
hm-a10-g1-L5p3-n3-beta0__N0096__Aplus_0p01,hm-a10-g1-L5p3-n3-beta0__N0096__Aminus_0p01,hm-a10-g1-L5p3-n3-beta0,96,0.01,23,1.2697916666666667,9.993648670890021,9.99846973314734
hm-a10-g1-L5p3-n3-beta0__N0096__Aplus_0p01,hm-a10-g1-L5p3-n3-beta0__N0096__Aminus_0p01,hm-a10-g1-L5p3-n3-beta0,96,0.01,24,1.325,9.992923956848383,9.998295105189431
hm-a10-g1-L5p3-n3-beta0__N0096__Aplus_0p01,hm-a10-g1-L5p3-n3-beta0__N0096__Aminus_0p01,hm-a10-g1-L5p3-n3-beta0,96,0.01,25,1.3802083333333333,9.992267340295687,9.998136848277191
hm-a10-g1-L5p3-n3-beta0__N0096__Aplus_0p01,hm-a10-g1-L5p3-n3-beta0__N0096__Aminus_0p01,hm-a10-g1-L5p3-n3-beta0,96,0.01,26,1.4354166666666666,9.99168507525052,9.997996481390906
hm-a10-g1-L5p3-n3-beta0__N0096__Aplus_0p01,hm-a10-g1-L5p3-n3-beta0__N0096__Aminus_0p01,hm-a10-g1-L5p3-n3-beta0,96,0.01,27,1.4906249999999999,9.991182702406121,9.997875351418518
hm-a10-g1-L5p3-n3-beta0__N0096__Aplus_0p01,hm-a10-g1-L5p3-n3-beta0__N0096__Aminus_0p01,hm-a10-g1-L5p3-n3-beta0,96,0.01,28,1.5458333333333334,9.990764998326428,9.997774620373079
hm-a10-g1-L5p3-n3-beta0__N0096__Aplus_0p01,hm-a10-g1-L5p3-n3-beta0__N0096__Aminus_0p01,hm-a10-g1-L5p3-n3-beta0,96,0.01,29,1.6010416666666667,9.990435931797622,9.997695254375738
hm-a10-g1-L5p3-n3-beta0__N0096__Aplus_0p01,hm-a10-g1-L5p3-n3-beta0__N0096__Aminus_0p01,hm-a10-g1-L5p3-n3-beta0,96,0.01,30,1.65625,9.990198627666235,9.997638014503748
hm-a10-g1-L5p3-n3-beta0__N0096__Aplus_0p01,hm-a10-g1-L5p3-n3-beta0__N0096__Aminus_0p01,hm-a10-g1-L5p3-n3-beta0,96,0.01,31,1.7114583333333333,9.990055338434024,9.997603449585778
hm-a10-g1-L5p3-n3-beta0__N0096__Aplus_0p01,hm-a10-g1-L5p3-n3-beta0__N0096__Aminus_0p01,hm-a10-g1-L5p3-n3-beta0,96,0.01,32,1.7666666666666666,9.99000742381929,9.9975918910092
hm-a10-g1-L5p3-n3-beta0__N0096__Aplus_0p01,hm-a10-g1-L5p3-n3-beta0__N0096__Aminus_0p01,hm-a10-g1-L5p3-n3-beta0,96,0.01,33,1.821875,9.99005533843398,9.997603449585766
hm-a10-g1-L5p3-n3-beta0__N0096__Aplus_0p01,hm-a10-g1-L5p3-n3-beta0__N0096__Aminus_0p01,hm-a10-g1-L5p3-n3-beta0,96,0.01,34,1.8770833333333332,9.990198627666144,9.997638014503723
hm-a10-g1-L5p3-n3-beta0__N0096__Aplus_0p01,hm-a10-g1-L5p3-n3-beta0__N0096__Aminus_0p01,hm-a10-g1-L5p3-n3-beta0,96,0.01,35,1.9322916666666665,9.990435931797487,9.9976952543757
hm-a10-g1-L5p3-n3-beta0__N0096__Aplus_0p01,hm-a10-g1-L5p3-n3-beta0__N0096__Aminus_0p01,hm-a10-g1-L5p3-n3-beta0,96,0.01,36,1.9874999999999998,9.990764998326249,9.997774620373027
hm-a10-g1-L5p3-n3-beta0__N0096__Aplus_0p01,hm-a10-g1-L5p3-n3-beta0__N0096__Aminus_0p01,hm-a10-g1-L5p3-n3-beta0,96,0.01,37,2.042708333333333,9.991182702405899,9.997875351418456
hm-a10-g1-L5p3-n3-beta0__N0096__Aplus_0p01,hm-a10-g1-L5p3-n3-beta0__N0096__Aminus_0p01,hm-a10-g1-L5p3-n3-beta0,96,0.01,38,2.0979166666666664,9.99168507525026,9.997996481390834
hm-a10-g1-L5p3-n3-beta0__N0096__Aplus_0p01,hm-a10-g1-L5p3-n3-beta0__N0096__Aminus_0p01,hm-a10-g1-L5p3-n3-beta0,96,0.01,39,2.1531249999999997,9.992267340295385,9.998136848277106
hm-a10-g1-L5p3-n3-beta0__N0096__Aplus_0p01,hm-a10-g1-L5p3-n3-beta0__N0096__Aminus_0p01,hm-a10-g1-L5p3-n3-beta0,96,0.01,40,2.208333333333333,9.992923956848045,9.998295105189333
hm-a10-g1-L5p3-n3-beta0__N0096__Aplus_0p01,hm-a10-g1-L5p3-n3-beta0__N0096__Aminus_0p01,hm-a10-g1-L5p3-n3-beta0,96,0.01,41,2.263541666666667,9.993648670889648,9.998469733147234
hm-a10-g1-L5p3-n3-beta0__N0096__Aplus_0p01,hm-a10-g1-L5p3-n3-beta0__N0096__Aminus_0p01,hm-a10-g1-L5p3-n3-beta0,96,0.01,42,2.31875,9.994434572643538,9.998659055510387
hm-a10-g1-L5p3-n3-beta0__N0096__Aplus_0p01,hm-a10-g1-L5p3-n3-beta0__N0096__Aminus_0p01,hm-a10-g1-L5p3-n3-beta0,96,0.01,43,2.3739583333333334,9.99527416045261,9.998861253928633
hm-a10-g1-L5p3-n3-beta0__N0096__Aplus_0p01,hm-a10-g1-L5p3-n3-beta0__N0096__Aminus_0p01,hm-a10-g1-L5p3-n3-beta0,96,0.01,44,2.4291666666666667,9.996159410453895,9.999074385664557
hm-a10-g1-L5p3-n3-beta0__N0096__Aplus_0p01,hm-a10-g1-L5p3-n3-beta0__N0096__Aminus_0p01,hm-a10-g1-L5p3-n3-beta0,96,0.01,45,2.484375,9.997081851477521,9.999296402128525
hm-a10-g1-L5p3-n3-beta0__N0096__Aplus_0p01,hm-a10-g1-L5p3-n3-beta0__N0096__Aminus_0p01,hm-a10-g1-L5p3-n3-beta0,96,0.01,46,2.5395833333333333,9.998032644539885,9.999525168454449
hm-a10-g1-L5p3-n3-beta0__N0096__Aplus_0p01,hm-a10-g1-L5p3-n3-beta0__N0096__Aminus_0p01,hm-a10-g1-L5p3-n3-beta0,96,0.01,47,2.5947916666666666,9.999002666246083,9.999758483933665
hm-a10-g1-L5p3-n3-beta0__N0096__Aplus_0p01,hm-a10-g1-L5p3-n3-beta0__N0096__Aminus_0p01,hm-a10-g1-L5p3-n3-beta0,96,0.01,48,2.65,9.999982595365095,9.99999410311501
hm-a10-g1-L5p3-n3-beta0__N0096__Aplus_0p01,hm-a10-g1-L5p3-n3-beta0__N0096__Aminus_0p01,hm-a10-g1-L5p3-n3-beta0,96,0.01,49,2.705208333333333,10.000963001794315,10.000229757371521
hm-a10-g1-L5p3-n3-beta0__N0096__Aplus_0p01,hm-a10-g1-L5p3-n3-beta0__N0096__Aminus_0p01,hm-a10-g1-L5p3-n3-beta0,96,0.01,50,2.7604166666666665,10.001934437088572,10.000463176728308
hm-a10-g1-L5p3-n3-beta0__N0096__Aplus_0p01,hm-a10-g1-L5p3-n3-beta0__N0096__Aminus_0p01,hm-a10-g1-L5p3-n3-beta0,96,0.01,51,2.815625,10.002887525694033,10.000692111742262
hm-a10-g1-L5p3-n3-beta0__N0096__Aplus_0p01,hm-a10-g1-L5p3-n3-beta0__N0096__Aminus_0p01,hm-a10-g1-L5p3-n3-beta0,96,0.01,52,2.870833333333333,10.003813056000238,10.000914355222157
hm-a10-g1-L5p3-n3-beta0__N0096__Aplus_0p01,hm-a10-g1-L5p3-n3-beta0__N0096__Aminus_0p01,hm-a10-g1-L5p3-n3-beta0,96,0.01,53,2.9260416666666664,10.004702070305221,10.001127763577825
hm-a10-g1-L5p3-n3-beta0__N0096__Aplus_0p01,hm-a10-g1-L5p3-n3-beta0__N0096__Aminus_0p01,hm-a10-g1-L5p3-n3-beta0,96,0.01,54,2.9812499999999997,10.005545952780057,10.001330277589313
hm-a10-g1-L5p3-n3-beta0__N0096__Aplus_0p01,hm-a10-g1-L5p3-n3-beta0__N0096__Aminus_0p01,hm-a10-g1-L5p3-n3-beta0,96,0.01,55,3.036458333333333,10.006336514521056,10.001519942391154
hm-a10-g1-L5p3-n3-beta0__N0096__Aplus_0p01,hm-a10-g1-L5p3-n3-beta0__N0096__Aminus_0p01,hm-a10-g1-L5p3-n3-beta0,96,0.01,56,3.091666666666667,10.007066074791009,10.001694926473471
hm-a10-g1-L5p3-n3-beta0__N0096__Aplus_0p01,hm-a10-g1-L5p3-n3-beta0__N0096__Aminus_0p01,hm-a10-g1-L5p3-n3-beta0,96,0.01,57,3.146875,10.007727537575626,10.001853539510188
hm-a10-g1-L5p3-n3-beta0__N0096__Aplus_0p01,hm-a10-g1-L5p3-n3-beta0__N0096__Aminus_0p01,hm-a10-g1-L5p3-n3-beta0,96,0.01,58,3.2020833333333334,10.008314462618134,10.001994248835356
hm-a10-g1-L5p3-n3-beta0__N0096__Aplus_0p01,hm-a10-g1-L5p3-n3-beta0__N0096__Aminus_0p01,hm-a10-g1-L5p3-n3-beta0,96,0.01,59,3.2572916666666667,10.008821130143636,10.002115694401283
hm-a10-g1-L5p3-n3-beta0__N0096__Aplus_0p01,hm-a10-g1-L5p3-n3-beta0__N0096__Aminus_0p01,hm-a10-g1-L5p3-n3-beta0,96,0.01,60,3.3125,10.009242598545123,10.002216702066818
hm-a10-g1-L5p3-n3-beta0__N0096__Aplus_0p01,hm-a10-g1-L5p3-n3-beta0__N0096__Aminus_0p01,hm-a10-g1-L5p3-n3-beta0,96,0.01,61,3.3677083333333333,10.00957475437461,10.002296295080436
hm-a10-g1-L5p3-n3-beta0__N0096__Aplus_0p01,hm-a10-g1-L5p3-n3-beta0__N0096__Aminus_0p01,hm-a10-g1-L5p3-n3-beta0,96,0.01,62,3.4229166666666666,10.009814354064444,10.002353703640756
hm-a10-g1-L5p3-n3-beta0__N0096__Aplus_0p01,hm-a10-g1-L5p3-n3-beta0__N0096__Aminus_0p01,hm-a10-g1-L5p3-n3-beta0,96,0.01,63,3.478125,10.009959056894964,10.002388372436492
hm-a10-g1-L5p3-n3-beta0__N0096__Aplus_0p01,hm-a10-g1-L5p3-n3-beta0__N0096__Aminus_0p01,hm-a10-g1-L5p3-n3-beta0,96,0.01,64,3.533333333333333,10.0100074488235,10.0023999660883
hm-a10-g1-L5p3-n3-beta0__N0096__Aplus_0p01,hm-a10-g1-L5p3-n3-beta0__N0096__Aminus_0p01,hm-a10-g1-L5p3-n3-beta0,96,0.01,65,3.5885416666666665,10.00995905689499,10.002388372436501
hm-a10-g1-L5p3-n3-beta0__N0096__Aplus_0p01,hm-a10-g1-L5p3-n3-beta0__N0096__Aminus_0p01,hm-a10-g1-L5p3-n3-beta0,96,0.01,66,3.64375,10.009814354064497,10.002353703640773
hm-a10-g1-L5p3-n3-beta0__N0096__Aplus_0p01,hm-a10-g1-L5p3-n3-beta0__N0096__Aminus_0p01,hm-a10-g1-L5p3-n3-beta0,96,0.01,67,3.698958333333333,10.00957475437469,10.002296295080463
hm-a10-g1-L5p3-n3-beta0__N0096__Aplus_0p01,hm-a10-g1-L5p3-n3-beta0__N0096__Aminus_0p01,hm-a10-g1-L5p3-n3-beta0,96,0.01,68,3.7541666666666664,10.00924259854523,10.002216702066855
hm-a10-g1-L5p3-n3-beta0__N0096__Aplus_0p01,hm-a10-g1-L5p3-n3-beta0__N0096__Aminus_0p01,hm-a10-g1-L5p3-n3-beta0,96,0.01,69,3.8093749999999997,10.008821130143767,10.002115694401327
hm-a10-g1-L5p3-n3-beta0__N0096__Aplus_0p01,hm-a10-g1-L5p3-n3-beta0__N0096__Aminus_0p01,hm-a10-g1-L5p3-n3-beta0,96,0.01,70,3.864583333333333,10.008314462618292,10.001994248835409
hm-a10-g1-L5p3-n3-beta0__N0096__Aplus_0p01,hm-a10-g1-L5p3-n3-beta0__N0096__Aminus_0p01,hm-a10-g1-L5p3-n3-beta0,96,0.01,71,3.9197916666666663,10.007727537575807,10.001853539510249
hm-a10-g1-L5p3-n3-beta0__N0096__Aplus_0p01,hm-a10-g1-L5p3-n3-beta0__N0096__Aminus_0p01,hm-a10-g1-L5p3-n3-beta0,96,0.01,72,3.9749999999999996,10.007066074791215,10.001694926473537
hm-a10-g1-L5p3-n3-beta0__N0096__Aplus_0p01,hm-a10-g1-L5p3-n3-beta0__N0096__Aminus_0p01,hm-a10-g1-L5p3-n3-beta0,96,0.01,73,4.030208333333333,10.006336514521285,10.001519942391225
hm-a10-g1-L5p3-n3-beta0__N0096__Aplus_0p01,hm-a10-g1-L5p3-n3-beta0__N0096__Aminus_0p01,hm-a10-g1-L5p3-n3-beta0,96,0.01,74,4.085416666666666,10.005545952780306,10.001330277589389
hm-a10-g1-L5p3-n3-beta0__N0096__Aplus_0p01,hm-a10-g1-L5p3-n3-beta0__N0096__Aminus_0p01,hm-a10-g1-L5p3-n3-beta0,96,0.01,75,4.140625,10.004702070305491,10.001127763577905
hm-a10-g1-L5p3-n3-beta0__N0096__Aplus_0p01,hm-a10-g1-L5p3-n3-beta0__N0096__Aminus_0p01,hm-a10-g1-L5p3-n3-beta0,96,0.01,76,4.195833333333333,10.003813056000526,10.000914355222239
hm-a10-g1-L5p3-n3-beta0__N0096__Aplus_0p01,hm-a10-g1-L5p3-n3-beta0__N0096__Aminus_0p01,hm-a10-g1-L5p3-n3-beta0,96,0.01,77,4.251041666666667,10.002887525694337,10.000692111742346
hm-a10-g1-L5p3-n3-beta0__N0096__Aplus_0p01,hm-a10-g1-L5p3-n3-beta0__N0096__Aminus_0p01,hm-a10-g1-L5p3-n3-beta0,96,0.01,78,4.3062499999999995,10.001934437088888,10.000463176728392
hm-a10-g1-L5p3-n3-beta0__N0096__Aplus_0p01,hm-a10-g1-L5p3-n3-beta0__N0096__Aminus_0p01,hm-a10-g1-L5p3-n3-beta0,96,0.01,79,4.361458333333333,10.000963001794641,10.000229757371606
hm-a10-g1-L5p3-n3-beta0__N0096__Aplus_0p01,hm-a10-g1-L5p3-n3-beta0__N0096__Aminus_0p01,hm-a10-g1-L5p3-n3-beta0,96,0.01,80,4.416666666666666,9.99998259536543,9.999994103115096
hm-a10-g1-L5p3-n3-beta0__N0096__Aplus_0p01,hm-a10-g1-L5p3-n3-beta0__N0096__Aminus_0p01,hm-a10-g1-L5p3-n3-beta0,96,0.01,81,4.471875,9.99900266624642,9.999758483933748
hm-a10-g1-L5p3-n3-beta0__N0096__Aplus_0p01,hm-a10-g1-L5p3-n3-beta0__N0096__Aminus_0p01,hm-a10-g1-L5p3-n3-beta0,96,0.01,82,4.527083333333334,9.998032644540224,9.999525168454532
hm-a10-g1-L5p3-n3-beta0__N0096__Aplus_0p01,hm-a10-g1-L5p3-n3-beta0__N0096__Aminus_0p01,hm-a10-g1-L5p3-n3-beta0,96,0.01,83,4.582291666666666,9.997081851477859,9.999296402128609
hm-a10-g1-L5p3-n3-beta0__N0096__Aplus_0p01,hm-a10-g1-L5p3-n3-beta0__N0096__Aminus_0p01,hm-a10-g1-L5p3-n3-beta0,96,0.01,84,4.6375,9.996159410454228,9.999074385664638
hm-a10-g1-L5p3-n3-beta0__N0096__Aplus_0p01,hm-a10-g1-L5p3-n3-beta0__N0096__Aminus_0p01,hm-a10-g1-L5p3-n3-beta0,96,0.01,85,4.692708333333333,9.995274160452933,9.998861253928714
hm-a10-g1-L5p3-n3-beta0__N0096__Aplus_0p01,hm-a10-g1-L5p3-n3-beta0__N0096__Aminus_0p01,hm-a10-g1-L5p3-n3-beta0,96,0.01,86,4.747916666666667,9.99443457264385,9.998659055510469
hm-a10-g1-L5p3-n3-beta0__N0096__Aplus_0p01,hm-a10-g1-L5p3-n3-beta0__N0096__Aminus_0p01,hm-a10-g1-L5p3-n3-beta0,96,0.01,87,4.803125,9.993648670889948,9.998469733147315
hm-a10-g1-L5p3-n3-beta0__N0096__Aplus_0p01,hm-a10-g1-L5p3-n3-beta0__N0096__Aminus_0p01,hm-a10-g1-L5p3-n3-beta0,96,0.01,88,4.858333333333333,9.992923956848328,9.998295105189413
hm-a10-g1-L5p3-n3-beta0__N0096__Aplus_0p01,hm-a10-g1-L5p3-n3-beta0__N0096__Aminus_0p01,hm-a10-g1-L5p3-n3-beta0,96,0.01,89,4.913541666666666,9.992267340295651,9.998136848277184
hm-a10-g1-L5p3-n3-beta0__N0096__Aplus_0p01,hm-a10-g1-L5p3-n3-beta0__N0096__Aminus_0p01,hm-a10-g1-L5p3-n3-beta0,96,0.01,90,4.96875,9.991685075250505,9.997996481390908
hm-a10-g1-L5p3-n3-beta0__N0096__Aplus_0p01,hm-a10-g1-L5p3-n3-beta0__N0096__Aminus_0p01,hm-a10-g1-L5p3-n3-beta0,96,0.01,91,5.023958333333333,9.991182702406126,9.997875351418529
hm-a10-g1-L5p3-n3-beta0__N0096__Aplus_0p01,hm-a10-g1-L5p3-n3-beta0__N0096__Aminus_0p01,hm-a10-g1-L5p3-n3-beta0,96,0.01,92,5.079166666666667,9.990764998326453,9.997774620373098
hm-a10-g1-L5p3-n3-beta0__N0096__Aplus_0p01,hm-a10-g1-L5p3-n3-beta0__N0096__Aminus_0p01,hm-a10-g1-L5p3-n3-beta0,96,0.01,93,5.1343749999999995,9.99043593179767,9.997695254375767
hm-a10-g1-L5p3-n3-beta0__N0096__Aplus_0p01,hm-a10-g1-L5p3-n3-beta0__N0096__Aminus_0p01,hm-a10-g1-L5p3-n3-beta0,96,0.01,94,5.189583333333333,9.990198627666304,9.997638014503785
hm-a10-g1-L5p3-n3-beta0__N0096__Aplus_0p01,hm-a10-g1-L5p3-n3-beta0__N0096__Aminus_0p01,hm-a10-g1-L5p3-n3-beta0,96,0.01,95,5.244791666666666,9.990055338434116,9.997603449585824
hm-a10-g1-L5p3-n3-beta0__N0096__Aplus_0p01,hm-a10-g1-L5p3-n3-beta0__N0096__Aminus_0p01,hm-a10-g1-L5p3-n3-beta0,96,0.01,96,5.3,9.990007423819403,9.997591891009254
hm-a10-g1-L5p3-n3-beta0__N0096__Aplus_0p02,hm-a10-g1-L5p3-n3-beta0__N0096__Aminus_0p02,hm-a10-g1-L5p3-n3-beta0,96,0.02,0,0.0,10.020029845531047,10.00479179173584
hm-a10-g1-L5p3-n3-beta0__N0096__Aplus_0p02,hm-a10-g1-L5p3-n3-beta0__N0096__Aminus_0p02,hm-a10-g1-L5p3-n3-beta0,96,0.02,1,0.05520833333333333,10.019932581115347,10.004768569246089
hm-a10-g1-L5p3-n3-beta0__N0096__Aplus_0p02,hm-a10-g1-L5p3-n3-beta0__N0096__Aminus_0p02,hm-a10-g1-L5p3-n3-beta0,96,0.02,2,0.11041666666666666,10.019641752401446,10.004699127453666
hm-a10-g1-L5p3-n3-beta0__N0096__Aplus_0p02,hm-a10-g1-L5p3-n3-beta0__N0096__Aminus_0p02,hm-a10-g1-L5p3-n3-beta0,96,0.02,3,0.165625,10.019160242614781,10.00458414113707
hm-a10-g1-L5p3-n3-beta0__N0096__Aplus_0p02,hm-a10-g1-L5p3-n3-beta0__N0096__Aminus_0p02,hm-a10-g1-L5p3-n3-beta0,96,0.02,4,0.22083333333333333,10.018492822693487,10.004424727445201
hm-a10-g1-L5p3-n3-beta0__N0096__Aplus_0p02,hm-a10-g1-L5p3-n3-beta0__N0096__Aminus_0p02,hm-a10-g1-L5p3-n3-beta0,96,0.02,5,0.27604166666666663,10.017646100129362,10.004222434760763
hm-a10-g1-L5p3-n3-beta0__N0096__Aplus_0p02,hm-a10-g1-L5p3-n3-beta0__N0096__Aminus_0p02,hm-a10-g1-L5p3-n3-beta0,96,0.02,6,0.33125,10.016628448328673,10.003979227280297
hm-a10-g1-L5p3-n3-beta0__N0096__Aplus_0p02,hm-a10-g1-L5p3-n3-beta0__N0096__Aminus_0p02,hm-a10-g1-L5p3-n3-beta0,96,0.02,7,0.38645833333333335,10.015449917450388,10.003697465479165
hm-a10-g1-L5p3-n3-beta0__N0096__Aplus_0p02,hm-a10-g1-L5p3-n3-beta0__N0096__Aminus_0p02,hm-a10-g1-L5p3-n3-beta0,96,0.02,8,0.44166666666666665,10.014122127917123,10.003379882673709
hm-a10-g1-L5p3-n3-beta0__N0096__Aplus_0p02,hm-a10-g1-L5p3-n3-beta0__N0096__Aminus_0p02,hm-a10-g1-L5p3-n3-beta0,96,0.02,9,0.49687499999999996,10.01265814800647,10.003029557933692
hm-a10-g1-L5p3-n3-beta0__N0096__Aplus_0p02,hm-a10-g1-L5p3-n3-beta0__N0096__Aminus_0p02,hm-a10-g1-L5p3-n3-beta0,96,0.02,10,0.5520833333333333,10.011072357113822,10.00264988563561
hm-a10-g1-L5p3-n3-beta0__N0096__Aplus_0p02,hm-a10-g1-L5p3-n3-beta0__N0096__Aminus_0p02,hm-a10-g1-L5p3-n3-beta0,96,0.02,11,0.6072916666666667,10.009380296429132,10.002244541980774
hm-a10-g1-L5p3-n3-beta0__N0096__Aplus_0p02,hm-a10-g1-L5p3-n3-beta0__N0096__Aminus_0p02,hm-a10-g1-L5p3-n3-beta0,96,0.02,12,0.6625,10.00759850888782,10.001817448831316
hm-a10-g1-L5p3-n3-beta0__N0096__Aplus_0p02,hm-a10-g1-L5p3-n3-beta0__N0096__Aminus_0p02,hm-a10-g1-L5p3-n3-beta0,96,0.02,13,0.7177083333333333,10.005744370339041,10.001372735241645
hm-a10-g1-L5p3-n3-beta0__N0096__Aplus_0p02,hm-a10-g1-L5p3-n3-beta0__N0096__Aminus_0p02,hm-a10-g1-L5p3-n3-beta0,96,0.02,14,0.7729166666666667,10.003835913923151,10.00091469708276
hm-a10-g1-L5p3-n3-beta0__N0096__Aplus_0p02,hm-a10-g1-L5p3-n3-beta0__N0096__Aminus_0p02,hm-a10-g1-L5p3-n3-beta0,96,0.02,15,0.828125,10.00189164966566,10.000447755171589
hm-a10-g1-L5p3-n3-beta0__N0096__Aplus_0p02,hm-a10-g1-L5p3-n3-beta0__N0096__Aminus_0p02,hm-a10-g1-L5p3-n3-beta0,96,0.02,16,0.8833333333333333,9.999930381279054,9.999976412327657
hm-a10-g1-L5p3-n3-beta0__N0096__Aplus_0p02,hm-a10-g1-L5p3-n3-beta0__N0096__Aminus_0p02,hm-a10-g1-L5p3-n3-beta0,96,0.02,17,0.9385416666666666,9.997971022119492,9.999505209784521
hm-a10-g1-L5p3-n3-beta0__N0096__Aplus_0p02,hm-a10-g1-L5p3-n3-beta0__N0096__Aminus_0p02,hm-a10-g1-L5p3-n3-beta0,96,0.02,18,0.9937499999999999,9.996032412175888,9.999038683384127
hm-a10-g1-L5p3-n3-beta0__N0096__Aplus_0p02,hm-a10-g1-L5p3-n3-beta0__N0096__Aminus_0p02,hm-a10-g1-L5p3-n3-beta0,96,0.02,19,1.0489583333333332,9.994133137877963,9.998581319978335
hm-a10-g1-L5p3-n3-beta0__N0096__Aplus_0p02,hm-a10-g1-L5p3-n3-beta0__N0096__Aminus_0p02,hm-a10-g1-L5p3-n3-beta0,96,0.02,20,1.1041666666666665,9.992291356401577,9.998137514453965
hm-a10-g1-L5p3-n3-beta0__N0096__Aplus_0p02,hm-a10-g1-L5p3-n3-beta0__N0096__Aminus_0p02,hm-a10-g1-L5p3-n3-beta0,96,0.02,21,1.159375,9.990524626028225,9.9977115277859
hm-a10-g1-L5p3-n3-beta0__N0096__Aplus_0p02,hm-a10-g1-L5p3-n3-beta0__N0096__Aminus_0p02,hm-a10-g1-L5p3-n3-beta0,96,0.02,22,1.2145833333333333,9.988849743985044,9.997307446507412
hm-a10-g1-L5p3-n3-beta0__N0096__Aplus_0p02,hm-a10-g1-L5p3-n3-beta0__N0096__Aminus_0p02,hm-a10-g1-L5p3-n3-beta0,96,0.02,23,1.2697916666666667,9.987282593055886,9.996929143968492
hm-a10-g1-L5p3-n3-beta0__N0096__Aplus_0p02,hm-a10-g1-L5p3-n3-beta0__N0096__Aminus_0p02,hm-a10-g1-L5p3-n3-beta0,96,0.02,24,1.325,9.985837998116708,9.996580243731563
hm-a10-g1-L5p3-n3-beta0__N0096__Aplus_0p02,hm-a10-g1-L5p3-n3-beta0__N0096__Aminus_0p02,hm-a10-g1-L5p3-n3-beta0,96,0.02,25,1.3802083333333333,9.9845295936126,9.996264085430324
hm-a10-g1-L5p3-n3-beta0__N0096__Aplus_0p02,hm-a10-g1-L5p3-n3-beta0__N0096__Aminus_0p02,hm-a10-g1-L5p3-n3-beta0,96,0.02,26,1.4354166666666666,9.983369702862076,9.99598369339158
hm-a10-g1-L5p3-n3-beta0__N0096__Aplus_0p02,hm-a10-g1-L5p3-n3-beta0__N0096__Aminus_0p02,hm-a10-g1-L5p3-n3-beta0,96,0.02,27,1.4906249999999999,9.982369229948745,9.995741748292286
hm-a10-g1-L5p3-n3-beta0__N0096__Aplus_0p02,hm-a10-g1-L5p3-n3-beta0__N0096__Aminus_0p02,hm-a10-g1-L5p3-n3-beta0,96,0.02,28,1.5458333333333334,9.981537564842577,9.99554056209493
hm-a10-g1-L5p3-n3-beta0__N0096__Aplus_0p02,hm-a10-g1-L5p3-n3-beta0__N0096__Aminus_0p02,hm-a10-g1-L5p3-n3-beta0,96,0.02,29,1.6010416666666667,9.980882502283672,9.995382056474051
hm-a10-g1-L5p3-n3-beta0__N0096__Aplus_0p02,hm-a10-g1-L5p3-n3-beta0__N0096__Aminus_0p02,hm-a10-g1-L5p3-n3-beta0,96,0.02,30,1.65625,9.980410174860815,9.995267744915369
hm-a10-g1-L5p3-n3-beta0__N0096__Aplus_0p02,hm-a10-g1-L5p3-n3-beta0__N0096__Aminus_0p02,hm-a10-g1-L5p3-n3-beta0,96,0.02,31,1.7114583333333333,9.98012500062506,9.995198718636942
hm-a10-g1-L5p3-n3-beta0__N0096__Aplus_0p02,hm-a10-g1-L5p3-n3-beta0__N0096__Aminus_0p02,hm-a10-g1-L5p3-n3-beta0,96,0.02,32,1.7666666666666666,9.980029645494067,9.995175636449115
hm-a10-g1-L5p3-n3-beta0__N0096__Aplus_0p02,hm-a10-g1-L5p3-n3-beta0__N0096__Aminus_0p02,hm-a10-g1-L5p3-n3-beta0,96,0.02,33,1.821875,9.98012500062502,9.995198718636932
hm-a10-g1-L5p3-n3-beta0__N0096__Aplus_0p02,hm-a10-g1-L5p3-n3-beta0__N0096__Aminus_0p02,hm-a10-g1-L5p3-n3-beta0,96,0.02,34,1.8770833333333332,9.980410174860733,9.995267744915347
hm-a10-g1-L5p3-n3-beta0__N0096__Aplus_0p02,hm-a10-g1-L5p3-n3-beta0__N0096__Aminus_0p02,hm-a10-g1-L5p3-n3-beta0,96,0.02,35,1.9322916666666665,9.980882502283551,9.995382056474016
hm-a10-g1-L5p3-n3-beta0__N0096__Aplus_0p02,hm-a10-g1-L5p3-n3-beta0__N0096__Aminus_0p02,hm-a10-g1-L5p3-n3-beta0,96,0.02,36,1.9874999999999998,9.981537564842418,9.995540562094883
hm-a10-g1-L5p3-n3-beta0__N0096__Aplus_0p02,hm-a10-g1-L5p3-n3-beta0__N0096__Aminus_0p02,hm-a10-g1-L5p3-n3-beta0,96,0.02,37,2.042708333333333,9.982369229948548,9.995741748292229
hm-a10-g1-L5p3-n3-beta0__N0096__Aplus_0p02,hm-a10-g1-L5p3-n3-beta0__N0096__Aminus_0p02,hm-a10-g1-L5p3-n3-beta0,96,0.02,38,2.0979166666666664,9.983369702861841,9.995983693391512
hm-a10-g1-L5p3-n3-beta0__N0096__Aplus_0p02,hm-a10-g1-L5p3-n3-beta0__N0096__Aminus_0p02,hm-a10-g1-L5p3-n3-beta0,96,0.02,39,2.1531249999999997,9.984529593612331,9.996264085430246
hm-a10-g1-L5p3-n3-beta0__N0096__Aplus_0p02,hm-a10-g1-L5p3-n3-beta0__N0096__Aminus_0p02,hm-a10-g1-L5p3-n3-beta0,96,0.02,40,2.208333333333333,9.985837998116406,9.996580243731474
hm-a10-g1-L5p3-n3-beta0__N0096__Aplus_0p02,hm-a10-g1-L5p3-n3-beta0__N0096__Aminus_0p02,hm-a10-g1-L5p3-n3-beta0,96,0.02,41,2.263541666666667,9.987282593055554,9.996929143968394
hm-a10-g1-L5p3-n3-beta0__N0096__Aplus_0p02,hm-a10-g1-L5p3-n3-beta0__N0096__Aminus_0p02,hm-a10-g1-L5p3-n3-beta0,96,0.02,42,2.31875,9.988849743984684,9.997307446507305
hm-a10-g1-L5p3-n3-beta0__N0096__Aplus_0p02,hm-a10-g1-L5p3-n3-beta0__N0096__Aminus_0p02,hm-a10-g1-L5p3-n3-beta0,96,0.02,43,2.3739583333333334,9.99052462602784,9.997711527785782
hm-a10-g1-L5p3-n3-beta0__N0096__Aplus_0p02,hm-a10-g1-L5p3-n3-beta0__N0096__Aminus_0p02,hm-a10-g1-L5p3-n3-beta0,96,0.02,44,2.4291666666666667,9.992291356401166,9.99813751445384
hm-a10-g1-L5p3-n3-beta0__N0096__Aplus_0p02,hm-a10-g1-L5p3-n3-beta0__N0096__Aminus_0p02,hm-a10-g1-L5p3-n3-beta0,96,0.02,45,2.484375,9.994133137877531,9.9985813199782
hm-a10-g1-L5p3-n3-beta0__N0096__Aplus_0p02,hm-a10-g1-L5p3-n3-beta0__N0096__Aminus_0p02,hm-a10-g1-L5p3-n3-beta0,96,0.02,46,2.5395833333333333,9.996032412175436,9.999038683383986
hm-a10-g1-L5p3-n3-beta0__N0096__Aplus_0p02,hm-a10-g1-L5p3-n3-beta0__N0096__Aminus_0p02,hm-a10-g1-L5p3-n3-beta0,96,0.02,47,2.5947916666666666,9.997971022119023,9.999505209784372
hm-a10-g1-L5p3-n3-beta0__N0096__Aplus_0p02,hm-a10-g1-L5p3-n3-beta0__N0096__Aminus_0p02,hm-a10-g1-L5p3-n3-beta0,96,0.02,48,2.65,9.999930381278572,9.999976412327499
hm-a10-g1-L5p3-n3-beta0__N0096__Aplus_0p02,hm-a10-g1-L5p3-n3-beta0__N0096__Aminus_0p02,hm-a10-g1-L5p3-n3-beta0,96,0.02,49,2.705208333333333,10.001891649665165,10.000447755171423
hm-a10-g1-L5p3-n3-beta0__N0096__Aplus_0p02,hm-a10-g1-L5p3-n3-beta0__N0096__Aminus_0p02,hm-a10-g1-L5p3-n3-beta0,96,0.02,50,2.7604166666666665,10.003835913922645,10.000914697082587
hm-a10-g1-L5p3-n3-beta0__N0096__Aplus_0p02,hm-a10-g1-L5p3-n3-beta0__N0096__Aminus_0p02,hm-a10-g1-L5p3-n3-beta0,96,0.02,51,2.815625,10.005744370338528,10.001372735241468
hm-a10-g1-L5p3-n3-beta0__N0096__Aplus_0p02,hm-a10-g1-L5p3-n3-beta0__N0096__Aminus_0p02,hm-a10-g1-L5p3-n3-beta0,96,0.02,52,2.870833333333333,10.0075985088873,10.001817448831131
hm-a10-g1-L5p3-n3-beta0__N0096__Aplus_0p02,hm-a10-g1-L5p3-n3-beta0__N0096__Aminus_0p02,hm-a10-g1-L5p3-n3-beta0,96,0.02,53,2.9260416666666664,10.009380296428606,10.002244541980586
hm-a10-g1-L5p3-n3-beta0__N0096__Aplus_0p02,hm-a10-g1-L5p3-n3-beta0__N0096__Aminus_0p02,hm-a10-g1-L5p3-n3-beta0,96,0.02,54,2.9812499999999997,10.011072357113294,10.002649885635417
hm-a10-g1-L5p3-n3-beta0__N0096__Aplus_0p02,hm-a10-g1-L5p3-n3-beta0__N0096__Aminus_0p02,hm-a10-g1-L5p3-n3-beta0,96,0.02,55,3.036458333333333,10.01265814800594,10.003029557933496
hm-a10-g1-L5p3-n3-beta0__N0096__Aplus_0p02,hm-a10-g1-L5p3-n3-beta0__N0096__Aminus_0p02,hm-a10-g1-L5p3-n3-beta0,96,0.02,56,3.091666666666667,10.01412212791659,10.003379882673514
hm-a10-g1-L5p3-n3-beta0__N0096__Aplus_0p02,hm-a10-g1-L5p3-n3-beta0__N0096__Aminus_0p02,hm-a10-g1-L5p3-n3-beta0,96,0.02,57,3.146875,10.015449917449857,10.00369746547897
hm-a10-g1-L5p3-n3-beta0__N0096__Aplus_0p02,hm-a10-g1-L5p3-n3-beta0__N0096__Aminus_0p02,hm-a10-g1-L5p3-n3-beta0,96,0.02,58,3.2020833333333334,10.016628448328143,10.003979227280102
hm-a10-g1-L5p3-n3-beta0__N0096__Aplus_0p02,hm-a10-g1-L5p3-n3-beta0__N0096__Aminus_0p02,hm-a10-g1-L5p3-n3-beta0,96,0.02,59,3.2572916666666667,10.017646100128836,10.004222434760573
hm-a10-g1-L5p3-n3-beta0__N0096__Aplus_0p02,hm-a10-g1-L5p3-n3-beta0__N0096__Aminus_0p02,hm-a10-g1-L5p3-n3-beta0,96,0.02,60,3.3125,10.018492822692965,10.004424727445013
hm-a10-g1-L5p3-n3-beta0__N0096__Aplus_0p02,hm-a10-g1-L5p3-n3-beta0__N0096__Aminus_0p02,hm-a10-g1-L5p3-n3-beta0,96,0.02,61,3.3677083333333333,10.019160242614266,10.004584141136883
hm-a10-g1-L5p3-n3-beta0__N0096__Aplus_0p02,hm-a10-g1-L5p3-n3-beta0__N0096__Aminus_0p02,hm-a10-g1-L5p3-n3-beta0,96,0.02,62,3.4229166666666666,10.01964175240094,10.004699127453483
hm-a10-g1-L5p3-n3-beta0__N0096__Aplus_0p02,hm-a10-g1-L5p3-n3-beta0__N0096__Aminus_0p02,hm-a10-g1-L5p3-n3-beta0,96,0.02,63,3.478125,10.019932581114851,10.00476856924591
hm-a10-g1-L5p3-n3-beta0__N0096__Aplus_0p02,hm-a10-g1-L5p3-n3-beta0__N0096__Aminus_0p02,hm-a10-g1-L5p3-n3-beta0,96,0.02,64,3.533333333333333,10.020029845530566,10.004791791735665
hm-a10-g1-L5p3-n3-beta0__N0096__Aplus_0p02,hm-a10-g1-L5p3-n3-beta0__N0096__Aminus_0p02,hm-a10-g1-L5p3-n3-beta0,96,0.02,65,3.5885416666666665,10.019932581114878,10.004768569245918
hm-a10-g1-L5p3-n3-beta0__N0096__Aplus_0p02,hm-a10-g1-L5p3-n3-beta0__N0096__Aminus_0p02,hm-a10-g1-L5p3-n3-beta0,96,0.02,66,3.64375,10.019641752400991,10.004699127453502
hm-a10-g1-L5p3-n3-beta0__N0096__Aplus_0p02,hm-a10-g1-L5p3-n3-beta0__N0096__Aminus_0p02,hm-a10-g1-L5p3-n3-beta0,96,0.02,67,3.698958333333333,10.019160242614342,10.004584141136913
hm-a10-g1-L5p3-n3-beta0__N0096__Aplus_0p02,hm-a10-g1-L5p3-n3-beta0__N0096__Aminus_0p02,hm-a10-g1-L5p3-n3-beta0,96,0.02,68,3.7541666666666664,10.018492822693066,10.004424727445052
hm-a10-g1-L5p3-n3-beta0__N0096__Aplus_0p02,hm-a10-g1-L5p3-n3-beta0__N0096__Aminus_0p02,hm-a10-g1-L5p3-n3-beta0,96,0.02,69,3.8093749999999997,10.01764610012896,10.00422243476062
hm-a10-g1-L5p3-n3-beta0__N0096__Aplus_0p02,hm-a10-g1-L5p3-n3-beta0__N0096__Aminus_0p02,hm-a10-g1-L5p3-n3-beta0,96,0.02,70,3.864583333333333,10.016628448328293,10.00397922728016
hm-a10-g1-L5p3-n3-beta0__N0096__Aplus_0p02,hm-a10-g1-L5p3-n3-beta0__N0096__Aminus_0p02,hm-a10-g1-L5p3-n3-beta0,96,0.02,71,3.9197916666666663,10.015449917450029,10.003697465479034
hm-a10-g1-L5p3-n3-beta0__N0096__Aplus_0p02,hm-a10-g1-L5p3-n3-beta0__N0096__Aminus_0p02,hm-a10-g1-L5p3-n3-beta0,96,0.02,72,3.9749999999999996,10.014122127916785,10.003379882673581
hm-a10-g1-L5p3-n3-beta0__N0096__Aplus_0p02,hm-a10-g1-L5p3-n3-beta0__N0096__Aminus_0p02,hm-a10-g1-L5p3-n3-beta0,96,0.02,73,4.030208333333333,10.012658148006157,10.003029557933571
hm-a10-g1-L5p3-n3-beta0__N0096__Aplus_0p02,hm-a10-g1-L5p3-n3-beta0__N0096__Aminus_0p02,hm-a10-g1-L5p3-n3-beta0,96,0.02,74,4.085416666666666,10.011072357113532,10.002649885635496
hm-a10-g1-L5p3-n3-beta0__N0096__Aplus_0p02,hm-a10-g1-L5p3-n3-beta0__N0096__Aminus_0p02,hm-a10-g1-L5p3-n3-beta0,96,0.02,75,4.140625,10.009380296428864,10.00224454198067
hm-a10-g1-L5p3-n3-beta0__N0096__Aplus_0p02,hm-a10-g1-L5p3-n3-beta0__N0096__Aminus_0p02,hm-a10-g1-L5p3-n3-beta0,96,0.02,76,4.195833333333333,10.007598508887577,10.001817448831218
hm-a10-g1-L5p3-n3-beta0__N0096__Aplus_0p02,hm-a10-g1-L5p3-n3-beta0__N0096__Aminus_0p02,hm-a10-g1-L5p3-n3-beta0,96,0.02,77,4.251041666666667,10.005744370338821,10.001372735241555
hm-a10-g1-L5p3-n3-beta0__N0096__Aplus_0p02,hm-a10-g1-L5p3-n3-beta0__N0096__Aminus_0p02,hm-a10-g1-L5p3-n3-beta0,96,0.02,78,4.3062499999999995,10.003835913922952,10.000914697082676
hm-a10-g1-L5p3-n3-beta0__N0096__Aplus_0p02,hm-a10-g1-L5p3-n3-beta0__N0096__Aminus_0p02,hm-a10-g1-L5p3-n3-beta0,96,0.02,79,4.361458333333333,10.001891649665485,10.000447755171514
hm-a10-g1-L5p3-n3-beta0__N0096__Aplus_0p02,hm-a10-g1-L5p3-n3-beta0__N0096__Aminus_0p02,hm-a10-g1-L5p3-n3-beta0,96,0.02,80,4.416666666666666,9.9999303812789,9.999976412327587
hm-a10-g1-L5p3-n3-beta0__N0096__Aplus_0p02,hm-a10-g1-L5p3-n3-beta0__N0096__Aminus_0p02,hm-a10-g1-L5p3-n3-beta0,96,0.02,81,4.471875,9.99797102211936,9.999505209784461
hm-a10-g1-L5p3-n3-beta0__N0096__Aplus_0p02,hm-a10-g1-L5p3-n3-beta0__N0096__Aminus_0p02,hm-a10-g1-L5p3-n3-beta0,96,0.02,82,4.527083333333334,9.996032412175778,9.999038683384077
hm-a10-g1-L5p3-n3-beta0__N0096__Aplus_0p02,hm-a10-g1-L5p3-n3-beta0__N0096__Aminus_0p02,hm-a10-g1-L5p3-n3-beta0,96,0.02,83,4.582291666666666,9.994133137877872,9.998581319978294
hm-a10-g1-L5p3-n3-beta0__N0096__Aplus_0p02,hm-a10-g1-L5p3-n3-beta0__N0096__Aminus_0p02,hm-a10-g1-L5p3-n3-beta0,96,0.02,84,4.6375,9.992291356401507,9.998137514453934
hm-a10-g1-L5p3-n3-beta0__N0096__Aplus_0p02,hm-a10-g1-L5p3-n3-beta0__N0096__Aminus_0p02,hm-a10-g1-L5p3-n3-beta0,96,0.02,85,4.692708333333333,9.990524626028176,9.997711527785876
hm-a10-g1-L5p3-n3-beta0__N0096__Aplus_0p02,hm-a10-g1-L5p3-n3-beta0__N0096__Aminus_0p02,hm-a10-g1-L5p3-n3-beta0,96,0.02,86,4.747916666666667,9.988849743985014,9.9973074465074
hm-a10-g1-L5p3-n3-beta0__N0096__Aplus_0p02,hm-a10-g1-L5p3-n3-beta0__N0096__Aminus_0p02,hm-a10-g1-L5p3-n3-beta0,96,0.02,87,4.803125,9.987282593055873,9.99692914396849
hm-a10-g1-L5p3-n3-beta0__N0096__Aplus_0p02,hm-a10-g1-L5p3-n3-beta0__N0096__Aminus_0p02,hm-a10-g1-L5p3-n3-beta0,96,0.02,88,4.858333333333333,9.985837998116715,9.996580243731572
hm-a10-g1-L5p3-n3-beta0__N0096__Aplus_0p02,hm-a10-g1-L5p3-n3-beta0__N0096__Aminus_0p02,hm-a10-g1-L5p3-n3-beta0,96,0.02,89,4.913541666666666,9.984529593612626,9.996264085430344
hm-a10-g1-L5p3-n3-beta0__N0096__Aplus_0p02,hm-a10-g1-L5p3-n3-beta0__N0096__Aminus_0p02,hm-a10-g1-L5p3-n3-beta0,96,0.02,90,4.96875,9.983369702862122,9.995983693391608
hm-a10-g1-L5p3-n3-beta0__N0096__Aplus_0p02,hm-a10-g1-L5p3-n3-beta0__N0096__Aminus_0p02,hm-a10-g1-L5p3-n3-beta0,96,0.02,91,5.023958333333333,9.98236922994881,9.995741748292323
hm-a10-g1-L5p3-n3-beta0__N0096__Aplus_0p02,hm-a10-g1-L5p3-n3-beta0__N0096__Aminus_0p02,hm-a10-g1-L5p3-n3-beta0,96,0.02,92,5.079166666666667,9.981537564842663,9.995540562094977
hm-a10-g1-L5p3-n3-beta0__N0096__Aplus_0p02,hm-a10-g1-L5p3-n3-beta0__N0096__Aminus_0p02,hm-a10-g1-L5p3-n3-beta0,96,0.02,93,5.1343749999999995,9.980882502283775,9.995382056474106
hm-a10-g1-L5p3-n3-beta0__N0096__Aplus_0p02,hm-a10-g1-L5p3-n3-beta0__N0096__Aminus_0p02,hm-a10-g1-L5p3-n3-beta0,96,0.02,94,5.189583333333333,9.980410174860937,9.995267744915433
hm-a10-g1-L5p3-n3-beta0__N0096__Aplus_0p02,hm-a10-g1-L5p3-n3-beta0__N0096__Aminus_0p02,hm-a10-g1-L5p3-n3-beta0,96,0.02,95,5.244791666666666,9.980125000625202,9.995198718637013
hm-a10-g1-L5p3-n3-beta0__N0096__Aplus_0p02,hm-a10-g1-L5p3-n3-beta0__N0096__Aminus_0p02,hm-a10-g1-L5p3-n3-beta0,96,0.02,96,5.3,9.98002964549423,9.995175636449192
hm-a10-g1-L5p3-n3-beta0__N0192__Aminus_0p02,hm-a10-g1-L5p3-n3-beta0__N0192__Aplus_0p02,hm-a10-g1-L5p3-n3-beta0,192,-0.02,0,0.0,9.980029474050932,9.995177771633134
hm-a10-g1-L5p3-n3-beta0__N0192__Aminus_0p02,hm-a10-g1-L5p3-n3-beta0__N0192__Aplus_0p02,hm-a10-g1-L5p3-n3-beta0,192,-0.02,1,0.027604166666666666,9.980053327366367,9.995183543058905
hm-a10-g1-L5p3-n3-beta0__N0192__Aminus_0p02,hm-a10-g1-L5p3-n3-beta0__N0192__Aplus_0p02,hm-a10-g1-L5p3-n3-beta0,192,-0.02,2,0.05520833333333333,9.980124831550645,9.995200843557994
hm-a10-g1-L5p3-n3-beta0__N0192__Aminus_0p02,hm-a10-g1-L5p3-n3-beta0__N0192__Aplus_0p02,hm-a10-g1-L5p3-n3-beta0,192,-0.02,3,0.0828125,9.980243819435863,9.995229631827735
hm-a10-g1-L5p3-n3-beta0__N0192__Aminus_0p02,hm-a10-g1-L5p3-n3-beta0__N0192__Aplus_0p02,hm-a10-g1-L5p3-n3-beta0,192,-0.02,4,0.11041666666666666,9.980410012802652,9.99526983913692
hm-a10-g1-L5p3-n3-beta0__N0192__Aminus_0p02,hm-a10-g1-L5p3-n3-beta0__N0192__Aplus_0p02,hm-a10-g1-L5p3-n3-beta0,192,-0.02,5,0.13802083333333331,9.980623022970432,9.995321369485435
hm-a10-g1-L5p3-n3-beta0__N0192__Aminus_0p02,hm-a10-g1-L5p3-n3-beta0__N0192__Aplus_0p02,hm-a10-g1-L5p3-n3-beta0,192,-0.02,6,0.165625,9.98088235162279,9.995384099827266
hm-a10-g1-L5p3-n3-beta0__N0192__Aminus_0p02,hm-a10-g1-L5p3-n3-beta0__N0192__Aplus_0p02,hm-a10-g1-L5p3-n3-beta0,192,-0.02,7,0.19322916666666667,9.981187391867076,9.995457880356467
hm-a10-g1-L5p3-n3-beta0__N0192__Aminus_0p02,hm-a10-g1-L5p3-n3-beta0__N0192__Aplus_0p02,hm-a10-g1-L5p3-n3-beta0,192,-0.02,8,0.22083333333333333,9.981537429526938,9.99554253485544
hm-a10-g1-L5p3-n3-beta0__N0192__Aminus_0p02,hm-a10-g1-L5p3-n3-beta0__N0192__Aplus_0p02,hm-a10-g1-L5p3-n3-beta0,192,-0.02,9,0.24843749999999998,9.981931644666293,9.995637861104864
hm-a10-g1-L5p3-n3-beta0__N0192__Aminus_0p02,hm-a10-g1-L5p3-n3-beta0__N0192__Aplus_0p02,hm-a10-g1-L5p3-n3-beta0,192,-0.02,10,0.27604166666666663,9.982369113342882,9.995743631354394
hm-a10-g1-L5p3-n3-beta0__N0192__Aminus_0p02,hm-a10-g1-L5p3-n3-beta0__N0192__Aplus_0p02,hm-a10-g1-L5p3-n3-beta0,192,-0.02,11,0.30364583333333334,9.98284880958924,9.995859592853135
hm-a10-g1-L5p3-n3-beta0__N0192__Aminus_0p02,hm-a10-g1-L5p3-n3-beta0__N0192__Aplus_0p02,hm-a10-g1-L5p3-n3-beta0,192,-0.02,12,0.33125,9.983369607618645,9.995985468438843
hm-a10-g1-L5p3-n3-beta0__N0192__Aminus_0p02,hm-a10-g1-L5p3-n3-beta0__N0192__Aplus_0p02,hm-a10-g1-L5p3-n3-beta0,192,-0.02,13,0.35885416666666664,9.983930284253164,9.996120957184557
hm-a10-g1-L5p3-n3-beta0__N0192__Aminus_0p02,hm-a10-g1-L5p3-n3-beta0__N0192__Aplus_0p02,hm-a10-g1-L5p3-n3-beta0,192,-0.02,14,0.38645833333333335,9.984529521570655,9.99626573510135
hm-a10-g1-L5p3-n3-beta0__N0192__Aminus_0p02,hm-a10-g1-L5p3-n3-beta0__N0192__Aplus_0p02,hm-a10-g1-L5p3-n3-beta0,192,-0.02,15,0.4140625,9.985165909767147,9.996419455895696
hm-a10-g1-L5p3-n3-beta0__N0192__Aminus_0p02,hm-a10-g1-L5p3-n3-beta0__N0192__Aplus_0p02,hm-a10-g1-L5p3-n3-beta0,192,-0.02,16,0.44166666666666665,9.985837950230627,9.996581751779852
hm-a10-g1-L5p3-n3-beta0__N0192__Aminus_0p02,hm-a10-g1-L5p3-n3-beta0__N0192__Aplus_0p02,hm-a10-g1-L5p3-n3-beta0,192,-0.02,17,0.4692708333333333,9.986544058821893,9.99675223433354
hm-a10-g1-L5p3-n3-beta0__N0192__Aminus_0p02,hm-a10-g1-L5p3-n3-beta0__N0192__Aplus_0p02,hm-a10-g1-L5p3-n3-beta0,192,-0.02,18,0.49687499999999996,9.987282569357685,9.996930495415063
hm-a10-g1-L5p3-n3-beta0__N0192__Aminus_0p02,hm-a10-g1-L5p3-n3-beta0__N0192__Aplus_0p02,hm-a10-g1-L5p3-n3-beta0,192,-0.02,19,0.5244791666666666,9.988051737290816,9.997116108119931
hm-a10-g1-L5p3-n3-beta0__N0192__Aminus_0p02,hm-a10-g1-L5p3-n3-beta0__N0192__Aplus_0p02,hm-a10-g1-L5p3-n3-beta0,192,-0.02,20,0.5520833333333333,9.98884974358165,9.997308627784884
hm-a10-g1-L5p3-n3-beta0__N0192__Aminus_0p02,hm-a10-g1-L5p3-n3-beta0__N0192__Aplus_0p02,hm-a10-g1-L5p3-n3-beta0,192,-0.02,21,0.5796875,9.989674698754731,9.997507593035156
hm-a10-g1-L5p3-n3-beta0__N0192__Aminus_0p02,hm-a10-g1-L5p3-n3-beta0__N0192__Aplus_0p02,hm-a10-g1-L5p3-n3-beta0,192,-0.02,22,0.6072916666666667,9.99052464713389,9.997712526872677
hm-a10-g1-L5p3-n3-beta0__N0192__Aminus_0p02,hm-a10-g1-L5p3-n3-beta0__N0192__Aplus_0p02,hm-a10-g1-L5p3-n3-beta0,192,-0.02,23,0.6348958333333333,9.991397571248678,9.997922937802807
hm-a10-g1-L5p3-n3-beta0__N0192__Aminus_0p02,hm-a10-g1-L5p3-n3-beta0__N0192__Aplus_0p02,hm-a10-g1-L5p3-n3-beta0,192,-0.02,24,0.6625,9.992291396404397,9.99813832099711
hm-a10-g1-L5p3-n3-beta0__N0192__Aminus_0p02,hm-a10-g1-L5p3-n3-beta0__N0192__Aplus_0p02,hm-a10-g1-L5p3-n3-beta0,192,-0.02,25,0.6901041666666666,9.99320399540758,9.99835815948959
hm-a10-g1-L5p3-n3-beta0__N0192__Aminus_0p02,hm-a10-g1-L5p3-n3-beta0__N0192__Aplus_0p02,hm-a10-g1-L5p3-n3-beta0,192,-0.02,26,0.7177083333333333,9.994133193438097,9.998581925403647
hm-a10-g1-L5p3-n3-beta0__N0192__Aminus_0p02,hm-a10-g1-L5p3-n3-beta0__N0192__Aplus_0p02,hm-a10-g1-L5p3-n3-beta0,192,-0.02,27,0.7453124999999999,9.995076773058662,9.998809081207055
hm-a10-g1-L5p3-n3-beta0__N0192__Aminus_0p02,hm-a10-g1-L5p3-n3-beta0__N0192__Aplus_0p02,hm-a10-g1-L5p3-n3-beta0,192,-0.02,28,0.7729166666666667,9.996032479351891,9.999039080992015
hm-a10-g1-L5p3-n3-beta0__N0192__Aminus_0p02,hm-a10-g1-L5p3-n3-beta0__N0192__Aplus_0p02,hm-a10-g1-L5p3-n3-beta0,192,-0.02,29,0.8005208333333333,9.99699802517455,9.999271371777413
hm-a10-g1-L5p3-n3-beta0__N0192__Aminus_0p02,hm-a10-g1-L5p3-n3-beta0__N0192__Aplus_0p02,hm-a10-g1-L5p3-n3-beta0,192,-0.02,30,0.828125,9.9979710965181,9.99950539483023
hm-a10-g1-L5p3-n3-beta0__N0192__Aminus_0p02,hm-a10-g1-L5p3-n3-beta0__N0192__Aplus_0p02,hm-a10-g1-L5p3-n3-beta0,192,-0.02,31,0.8557291666666667,9.998949357964142,9.999740587003046
hm-a10-g1-L5p3-n3-beta0__N0192__Aminus_0p02,hm-a10-g1-L5p3-n3-beta0__N0192__Aplus_0p02,hm-a10-g1-L5p3-n3-beta0,192,-0.02,32,0.8833333333333333,9.999930458222781,9.999976382084492
hm-a10-g1-L5p3-n3-beta0__N0192__Aminus_0p02,hm-a10-g1-L5p3-n3-beta0__N0192__Aplus_0p02,hm-a10-g1-L5p3-n3-beta0,192,-0.02,33,0.9109375,10.000912035741546,10.000212212159463
hm-a10-g1-L5p3-n3-beta0__N0192__Aminus_0p02,hm-a10-g1-L5p3-n3-beta0__N0192__Aplus_0p02,hm-a10-g1-L5p3-n3-beta0,192,-0.02,34,0.9385416666666666,10.001891724371893,10.000447508975851
hm-a10-g1-L5p3-n3-beta0__N0192__Aminus_0p02,hm-a10-g1-L5p3-n3-beta0__N0192__Aplus_0p02,hm-a10-g1-L5p3-n3-beta0,192,-0.02,35,0.9661458333333333,10.002867159079981,10.000681705314527
hm-a10-g1-L5p3-n3-beta0__N0192__Aminus_0p02,hm-a10-g1-L5p3-n3-beta0__N0192__Aplus_0p02,hm-a10-g1-L5p3-n3-beta0,192,-0.02,36,0.9937499999999999,10.003835981687917,10.000914236359252
hm-a10-g1-L5p3-n3-beta0__N0192__Aminus_0p02,hm-a10-g1-L5p3-n3-beta0__N0192__Aplus_0p02,hm-a10-g1-L5p3-n3-beta0,192,-0.02,37,1.0213541666666666,10.004795846631279,10.001144541063203
hm-a10-g1-L5p3-n3-beta0__N0192__Aminus_0p02,hm-a10-g1-L5p3-n3-beta0__N0192__Aplus_0p02,hm-a10-g1-L5p3-n3-beta0,192,-0.02,38,1.0489583333333332,10.005744426718392,10.001372063508764
hm-a10-g1-L5p3-n3-beta0__N0192__Aminus_0p02,hm-a10-g1-L5p3-n3-beta0__N0192__Aplus_0p02,hm-a10-g1-L5p3-n3-beta0,192,-0.02,39,1.0765624999999999,10.006679418876518,10.001596254257208
hm-a10-g1-L5p3-n3-beta0__N0192__Aminus_0p02,hm-a10-g1-L5p3-n3-beta0__N0192__Aplus_0p02,hm-a10-g1-L5p3-n3-beta0,192,-0.02,40,1.1041666666666665,10.007598549869787,10.001816571684955
hm-a10-g1-L5p3-n3-beta0__N0192__Aminus_0p02,hm-a10-g1-L5p3-n3-beta0__N0192__Aplus_0p02,hm-a10-g1-L5p3-n3-beta0,192,-0.02,41,1.1317708333333334,10.008499581973544,10.002032483303045
hm-a10-g1-L5p3-n3-beta0__N0192__Aminus_0p02,hm-a10-g1-L5p3-n3-beta0__N0192__Aplus_0p02,hm-a10-g1-L5p3-n3-beta0,192,-0.02,42,1.159375,10.00938031858958,10.002243467056507
hm-a10-g1-L5p3-n3-beta0__N0192__Aminus_0p02,hm-a10-g1-L5p3-n3-beta0__N0192__Aplus_0p02,hm-a10-g1-L5p3-n3-beta0,192,-0.02,43,1.1869791666666667,10.010238609786574,10.002449012600348
hm-a10-g1-L5p3-n3-beta0__N0192__Aminus_0p02,hm-a10-g1-L5p3-n3-beta0__N0192__Aplus_0p02,hm-a10-g1-L5p3-n3-beta0,192,-0.02,44,1.2145833333333333,10.01107235775005,10.002648622548897
hm-a10-g1-L5p3-n3-beta0__N0192__Aminus_0p02,hm-a10-g1-L5p3-n3-beta0__N0192__Aplus_0p02,hm-a10-g1-L5p3-n3-beta0,192,-0.02,45,1.2421875,10.011879522126101,10.002841813695314
hm-a10-g1-L5p3-n3-beta0__N0192__Aminus_0p02,hm-a10-g1-L5p3-n3-beta0__N0192__Aplus_0p02,hm-a10-g1-L5p3-n3-beta0,192,-0.02,46,1.2697916666666667,10.012658125243247,10.003028118198126
hm-a10-g1-L5p3-n3-beta0__N0192__Aminus_0p02,hm-a10-g1-L5p3-n3-beta0__N0192__Aplus_0p02,hm-a10-g1-L5p3-n3-beta0,192,-0.02,47,1.2973958333333333,10.013406257196875,10.003207084731702
hm-a10-g1-L5p3-n3-beta0__N0192__Aminus_0p02,hm-a10-g1-L5p3-n3-beta0__N0192__Aplus_0p02,hm-a10-g1-L5p3-n3-beta0,192,-0.02,48,1.325,10.014122080780902,10.003378279597676
hm-a10-g1-L5p3-n3-beta0__N0192__Aminus_0p02,hm-a10-g1-L5p3-n3-beta0__N0192__Aplus_0p02,hm-a10-g1-L5p3-n3-beta0,192,-0.02,49,1.3526041666666666,10.01480383625158,10.003541287794402
hm-a10-g1-L5p3-n3-beta0__N0192__Aminus_0p02,hm-a10-g1-L5p3-n3-beta0__N0192__Aplus_0p02,hm-a10-g1-L5p3-n3-beta0,192,-0.02,50,1.3802083333333333,10.015449845908673,10.003695714041635
hm-a10-g1-L5p3-n3-beta0__N0192__Aminus_0p02,hm-a10-g1-L5p3-n3-beta0__N0192__Aplus_0p02,hm-a10-g1-L5p3-n3-beta0,192,-0.02,51,1.4078125,10.016058518479626,10.003841183757721
hm-a10-g1-L5p3-n3-beta0__N0192__Aminus_0p02,hm-a10-g1-L5p3-n3-beta0__N0192__Aplus_0p02,hm-a10-g1-L5p3-n3-beta0,192,-0.02,52,1.4354166666666666,10.01662835329282,10.003977343986714
hm-a10-g1-L5p3-n3-beta0__N0192__Aminus_0p02,hm-a10-g1-L5p3-n3-beta0__N0192__Aplus_0p02,hm-a10-g1-L5p3-n3-beta0,192,-0.02,53,1.4630208333333332,10.017157944226497,10.004103864272906
hm-a10-g1-L5p3-n3-beta0__N0192__Aminus_0p02,hm-a10-g1-L5p3-n3-beta0__N0192__Aplus_0p02,hm-a10-g1-L5p3-n3-beta0,192,-0.02,54,1.4906249999999999,10.017645983420614,10.004220437480491
hm-a10-g1-L5p3-n3-beta0__N0192__Aminus_0p02,hm-a10-g1-L5p3-n3-beta0__N0192__Aplus_0p02,hm-a10-g1-L5p3-n3-beta0,192,-0.02,55,1.5182291666666665,10.018091264739429,10.004326780556093
hm-a10-g1-L5p3-n3-beta0__N0192__Aminus_0p02,hm-a10-g1-L5p3-n3-beta0__N0192__Aplus_0p02,hm-a10-g1-L5p3-n3-beta0,192,-0.02,56,1.5458333333333334,10.018492686973433,10.004422635232155
hm-a10-g1-L5p3-n3-beta0__N0192__Aminus_0p02,hm-a10-g1-L5p3-n3-beta0__N0192__Aplus_0p02,hm-a10-g1-L5p3-n3-beta0,192,-0.02,57,1.5734375,10.018849256769991,10.004507768669244
hm-a10-g1-L5p3-n3-beta0__N0192__Aminus_0p02,hm-a10-g1-L5p3-n3-beta0__N0192__Aplus_0p02,hm-a10-g1-L5p3-n3-beta0,192,-0.02,58,1.6010416666666667,10.019160091282863,10.00458197403557
hm-a10-g1-L5p3-n3-beta0__N0192__Aminus_0p02,hm-a10-g1-L5p3-n3-beta0__N0192__Aplus_0p02,hm-a10-g1-L5p3-n3-beta0,192,-0.02,59,1.6286458333333333,10.019424420531697,10.004645071022082
hm-a10-g1-L5p3-n3-beta0__N0192__Aminus_0p02,hm-a10-g1-L5p3-n3-beta0__N0192__Aplus_0p02,hm-a10-g1-L5p3-n3-beta0,192,-0.02,60,1.65625,10.019641589463493,10.004696906291805
hm-a10-g1-L5p3-n3-beta0__N0192__Aminus_0p02,hm-a10-g1-L5p3-n3-beta0__N0192__Aplus_0p02,hm-a10-g1-L5p3-n3-beta0,192,-0.02,61,1.6838541666666667,10.019811059709026,10.00473735386214
hm-a10-g1-L5p3-n3-beta0__N0192__Aminus_0p02,hm-a10-g1-L5p3-n3-beta0__N0192__Aplus_0p02,hm-a10-g1-L5p3-n3-beta0,192,-0.02,62,1.7114583333333333,10.019932411028234,10.004766315419097
hm-a10-g1-L5p3-n3-beta0__N0192__Aminus_0p02,hm-a10-g1-L5p3-n3-beta0__N0192__Aplus_0p02,hm-a10-g1-L5p3-n3-beta0,192,-0.02,63,1.7390625,10.020005342439594,10.004783720562598
hm-a10-g1-L5p3-n3-beta0__N0192__Aminus_0p02,hm-a10-g1-L5p3-n3-beta0__N0192__Aplus_0p02,hm-a10-g1-L5p3-n3-beta0,192,-0.02,64,1.7666666666666666,10.020029673029606,10.004789526982181
hm-a10-g1-L5p3-n3-beta0__N0192__Aminus_0p02,hm-a10-g1-L5p3-n3-beta0__N0192__Aplus_0p02,hm-a10-g1-L5p3-n3-beta0,192,-0.02,65,1.7942708333333333,10.02000534243962,10.004783720562612
hm-a10-g1-L5p3-n3-beta0__N0192__Aminus_0p02,hm-a10-g1-L5p3-n3-beta0__N0192__Aplus_0p02,hm-a10-g1-L5p3-n3-beta0,192,-0.02,66,1.821875,10.019932411028286,10.004766315419127
hm-a10-g1-L5p3-n3-beta0__N0192__Aminus_0p02,hm-a10-g1-L5p3-n3-beta0__N0192__Aplus_0p02,hm-a10-g1-L5p3-n3-beta0,192,-0.02,67,1.8494791666666666,10.019811059709102,10.004737353862186
hm-a10-g1-L5p3-n3-beta0__N0192__Aminus_0p02,hm-a10-g1-L5p3-n3-beta0__N0192__Aplus_0p02,hm-a10-g1-L5p3-n3-beta0,192,-0.02,68,1.8770833333333332,10.019641589463594,10.004696906291866
hm-a10-g1-L5p3-n3-beta0__N0192__Aminus_0p02,hm-a10-g1-L5p3-n3-beta0__N0192__Aplus_0p02,hm-a10-g1-L5p3-n3-beta0,192,-0.02,69,1.9046874999999999,10.019424420531825,10.004645071022157
hm-a10-g1-L5p3-n3-beta0__N0192__Aminus_0p02,hm-a10-g1-L5p3-n3-beta0__N0192__Aplus_0p02,hm-a10-g1-L5p3-n3-beta0,192,-0.02,70,1.9322916666666665,10.019160091283018,10.00458197403566
hm-a10-g1-L5p3-n3-beta0__N0192__Aminus_0p02,hm-a10-g1-L5p3-n3-beta0__N0192__Aplus_0p02,hm-a10-g1-L5p3-n3-beta0,192,-0.02,71,1.9598958333333332,10.018849256770173,10.004507768669345
hm-a10-g1-L5p3-n3-beta0__N0192__Aminus_0p02,hm-a10-g1-L5p3-n3-beta0__N0192__Aplus_0p02,hm-a10-g1-L5p3-n3-beta0,192,-0.02,72,1.9874999999999998,10.01849268697364,10.004422635232265
hm-a10-g1-L5p3-n3-beta0__N0192__Aminus_0p02,hm-a10-g1-L5p3-n3-beta0__N0192__Aplus_0p02,hm-a10-g1-L5p3-n3-beta0,192,-0.02,73,2.0151041666666667,10.018091264739663,10.004326780556216
hm-a10-g1-L5p3-n3-beta0__N0192__Aminus_0p02,hm-a10-g1-L5p3-n3-beta0__N0192__Aplus_0p02,hm-a10-g1-L5p3-n3-beta0,192,-0.02,74,2.042708333333333,10.017645983420875,10.004220437480626
hm-a10-g1-L5p3-n3-beta0__N0192__Aminus_0p02,hm-a10-g1-L5p3-n3-beta0__N0192__Aplus_0p02,hm-a10-g1-L5p3-n3-beta0,192,-0.02,75,2.0703125,10.017157944226785,10.004103864273054
hm-a10-g1-L5p3-n3-beta0__N0192__Aminus_0p02,hm-a10-g1-L5p3-n3-beta0__N0192__Aplus_0p02,hm-a10-g1-L5p3-n3-beta0,192,-0.02,76,2.0979166666666664,10.016628353293134,10.003977343986874
hm-a10-g1-L5p3-n3-beta0__N0192__Aminus_0p02,hm-a10-g1-L5p3-n3-beta0__N0192__Aplus_0p02,hm-a10-g1-L5p3-n3-beta0,192,-0.02,77,2.1255208333333333,10.016058518479971,10.003841183757892
hm-a10-g1-L5p3-n3-beta0__N0192__Aminus_0p02,hm-a10-g1-L5p3-n3-beta0__N0192__Aplus_0p02,hm-a10-g1-L5p3-n3-beta0,192,-0.02,78,2.1531249999999997,10.015449845909044,10.003695714041815
hm-a10-g1-L5p3-n3-beta0__N0192__Aminus_0p02,hm-a10-g1-L5p3-n3-beta0__N0192__Aplus_0p02,hm-a10-g1-L5p3-n3-beta0,192,-0.02,79,2.1807291666666666,10.01480383625198,10.003541287794594
hm-a10-g1-L5p3-n3-beta0__N0192__Aminus_0p02,hm-a10-g1-L5p3-n3-beta0__N0192__Aplus_0p02,hm-a10-g1-L5p3-n3-beta0,192,-0.02,80,2.208333333333333,10.014122080781332,10.003378279597879
hm-a10-g1-L5p3-n3-beta0__N0192__Aminus_0p02,hm-a10-g1-L5p3-n3-beta0__N0192__Aplus_0p02,hm-a10-g1-L5p3-n3-beta0,192,-0.02,81,2.2359375,10.013406257197333,10.003207084731915
hm-a10-g1-L5p3-n3-beta0__N0192__Aminus_0p02,hm-a10-g1-L5p3-n3-beta0__N0192__Aplus_0p02,hm-a10-g1-L5p3-n3-beta0,192,-0.02,82,2.263541666666667,10.012658125243734,10.003028118198348
hm-a10-g1-L5p3-n3-beta0__N0192__Aminus_0p02,hm-a10-g1-L5p3-n3-beta0__N0192__Aplus_0p02,hm-a10-g1-L5p3-n3-beta0,192,-0.02,83,2.291145833333333,10.011879522126616,10.002841813695547
hm-a10-g1-L5p3-n3-beta0__N0192__Aminus_0p02,hm-a10-g1-L5p3-n3-beta0__N0192__Aplus_0p02,hm-a10-g1-L5p3-n3-beta0,192,-0.02,84,2.31875,10.011072357750596,10.002648622549142
hm-a10-g1-L5p3-n3-beta0__N0192__Aminus_0p02,hm-a10-g1-L5p3-n3-beta0__N0192__Aplus_0p02,hm-a10-g1-L5p3-n3-beta0,192,-0.02,85,2.3463541666666665,10.010238609787152,10.002449012600607
hm-a10-g1-L5p3-n3-beta0__N0192__Aminus_0p02,hm-a10-g1-L5p3-n3-beta0__N0192__Aplus_0p02,hm-a10-g1-L5p3-n3-beta0,192,-0.02,86,2.3739583333333334,10.009380318590186,10.002243467056779
hm-a10-g1-L5p3-n3-beta0__N0192__Aminus_0p02,hm-a10-g1-L5p3-n3-beta0__N0192__Aplus_0p02,hm-a10-g1-L5p3-n3-beta0,192,-0.02,87,2.4015625,10.00849958197418,10.002032483303328
hm-a10-g1-L5p3-n3-beta0__N0192__Aminus_0p02,hm-a10-g1-L5p3-n3-beta0__N0192__Aplus_0p02,hm-a10-g1-L5p3-n3-beta0,192,-0.02,88,2.4291666666666667,10.007598549870453,10.001816571685248
hm-a10-g1-L5p3-n3-beta0__N0192__Aminus_0p02,hm-a10-g1-L5p3-n3-beta0__N0192__Aplus_0p02,hm-a10-g1-L5p3-n3-beta0,192,-0.02,89,2.456770833333333,10.006679418877216,10.001596254257512
hm-a10-g1-L5p3-n3-beta0__N0192__Aminus_0p02,hm-a10-g1-L5p3-n3-beta0__N0192__Aplus_0p02,hm-a10-g1-L5p3-n3-beta0,192,-0.02,90,2.484375,10.00574442671912,10.00137206350908
hm-a10-g1-L5p3-n3-beta0__N0192__Aminus_0p02,hm-a10-g1-L5p3-n3-beta0__N0192__Aplus_0p02,hm-a10-g1-L5p3-n3-beta0,192,-0.02,91,2.5119791666666664,10.004795846632037,10.001144541063532
hm-a10-g1-L5p3-n3-beta0__N0192__Aminus_0p02,hm-a10-g1-L5p3-n3-beta0__N0192__Aplus_0p02,hm-a10-g1-L5p3-n3-beta0,192,-0.02,92,2.5395833333333333,10.00383598168871,10.000914236359591
hm-a10-g1-L5p3-n3-beta0__N0192__Aminus_0p02,hm-a10-g1-L5p3-n3-beta0__N0192__Aplus_0p02,hm-a10-g1-L5p3-n3-beta0,192,-0.02,93,2.5671874999999997,10.002867159080804,10.000681705314877
hm-a10-g1-L5p3-n3-beta0__N0192__Aminus_0p02,hm-a10-g1-L5p3-n3-beta0__N0192__Aplus_0p02,hm-a10-g1-L5p3-n3-beta0,192,-0.02,94,2.5947916666666666,10.001891724372745,10.000447508976212
hm-a10-g1-L5p3-n3-beta0__N0192__Aminus_0p02,hm-a10-g1-L5p3-n3-beta0__N0192__Aplus_0p02,hm-a10-g1-L5p3-n3-beta0,192,-0.02,95,2.622395833333333,10.00091203574243,10.000212212159834
hm-a10-g1-L5p3-n3-beta0__N0192__Aminus_0p02,hm-a10-g1-L5p3-n3-beta0__N0192__Aplus_0p02,hm-a10-g1-L5p3-n3-beta0,192,-0.02,96,2.65,9.999930458223696,9.999976382084874
hm-a10-g1-L5p3-n3-beta0__N0192__Aminus_0p02,hm-a10-g1-L5p3-n3-beta0__N0192__Aplus_0p02,hm-a10-g1-L5p3-n3-beta0,192,-0.02,97,2.677604166666667,9.998949357965088,9.999740587003437
hm-a10-g1-L5p3-n3-beta0__N0192__Aminus_0p02,hm-a10-g1-L5p3-n3-beta0__N0192__Aplus_0p02,hm-a10-g1-L5p3-n3-beta0,192,-0.02,98,2.705208333333333,9.997971096519079,9.99950539483063
hm-a10-g1-L5p3-n3-beta0__N0192__Aminus_0p02,hm-a10-g1-L5p3-n3-beta0__N0192__Aplus_0p02,hm-a10-g1-L5p3-n3-beta0,192,-0.02,99,2.7328125,9.996998025175559,9.99927137177782
hm-a10-g1-L5p3-n3-beta0__N0192__Aminus_0p02,hm-a10-g1-L5p3-n3-beta0__N0192__Aplus_0p02,hm-a10-g1-L5p3-n3-beta0,192,-0.02,100,2.7604166666666665,9.996032479352932,9.999039080992425
hm-a10-g1-L5p3-n3-beta0__N0192__Aminus_0p02,hm-a10-g1-L5p3-n3-beta0__N0192__Aplus_0p02,hm-a10-g1-L5p3-n3-beta0,192,-0.02,101,2.7880208333333334,9.995076773059733,9.998809081207469
hm-a10-g1-L5p3-n3-beta0__N0192__Aminus_0p02,hm-a10-g1-L5p3-n3-beta0__N0192__Aplus_0p02,hm-a10-g1-L5p3-n3-beta0,192,-0.02,102,2.815625,9.994133193439195,9.998581925404064
hm-a10-g1-L5p3-n3-beta0__N0192__Aminus_0p02,hm-a10-g1-L5p3-n3-beta0__N0192__Aplus_0p02,hm-a10-g1-L5p3-n3-beta0,192,-0.02,103,2.8432291666666667,9.993203995408708,9.998358159490008
hm-a10-g1-L5p3-n3-beta0__N0192__Aminus_0p02,hm-a10-g1-L5p3-n3-beta0__N0192__Aplus_0p02,hm-a10-g1-L5p3-n3-beta0,192,-0.02,104,2.870833333333333,9.992291396405554,9.998138320997532
hm-a10-g1-L5p3-n3-beta0__N0192__Aminus_0p02,hm-a10-g1-L5p3-n3-beta0__N0192__Aplus_0p02,hm-a10-g1-L5p3-n3-beta0,192,-0.02,105,2.8984375,9.991397571249863,9.997922937803226
hm-a10-g1-L5p3-n3-beta0__N0192__Aminus_0p02,hm-a10-g1-L5p3-n3-beta0__N0192__Aplus_0p02,hm-a10-g1-L5p3-n3-beta0,192,-0.02,106,2.9260416666666664,9.990524647135102,9.997712526873094
hm-a10-g1-L5p3-n3-beta0__N0192__Aminus_0p02,hm-a10-g1-L5p3-n3-beta0__N0192__Aplus_0p02,hm-a10-g1-L5p3-n3-beta0,192,-0.02,107,2.9536458333333333,9.989674698755966,9.997507593035571
hm-a10-g1-L5p3-n3-beta0__N0192__Aminus_0p02,hm-a10-g1-L5p3-n3-beta0__N0192__Aplus_0p02,hm-a10-g1-L5p3-n3-beta0,192,-0.02,108,2.9812499999999997,9.98884974358291,9.997308627785298
hm-a10-g1-L5p3-n3-beta0__N0192__Aminus_0p02,hm-a10-g1-L5p3-n3-beta0__N0192__Aplus_0p02,hm-a10-g1-L5p3-n3-beta0,192,-0.02,109,3.0088541666666666,9.988051737292098,9.997116108120345
hm-a10-g1-L5p3-n3-beta0__N0192__Aminus_0p02,hm-a10-g1-L5p3-n3-beta0__N0192__Aplus_0p02,hm-a10-g1-L5p3-n3-beta0,192,-0.02,110,3.036458333333333,9.987282569358989,9.996930495415478
hm-a10-g1-L5p3-n3-beta0__N0192__Aminus_0p02,hm-a10-g1-L5p3-n3-beta0__N0192__Aplus_0p02,hm-a10-g1-L5p3-n3-beta0,192,-0.02,111,3.0640625,9.986544058823217,9.996752234333957
hm-a10-g1-L5p3-n3-beta0__N0192__Aminus_0p02,hm-a10-g1-L5p3-n3-beta0__N0192__Aplus_0p02,hm-a10-g1-L5p3-n3-beta0,192,-0.02,112,3.091666666666667,9.985837950231966,9.99658175178027
hm-a10-g1-L5p3-n3-beta0__N0192__Aminus_0p02,hm-a10-g1-L5p3-n3-beta0__N0192__Aplus_0p02,hm-a10-g1-L5p3-n3-beta0,192,-0.02,113,3.119270833333333,9.985165909768503,9.996419455896113
hm-a10-g1-L5p3-n3-beta0__N0192__Aminus_0p02,hm-a10-g1-L5p3-n3-beta0__N0192__Aplus_0p02,hm-a10-g1-L5p3-n3-beta0,192,-0.02,114,3.146875,9.984529521572025,9.996265735101765
hm-a10-g1-L5p3-n3-beta0__N0192__Aminus_0p02,hm-a10-g1-L5p3-n3-beta0__N0192__Aplus_0p02,hm-a10-g1-L5p3-n3-beta0,192,-0.02,115,3.1744791666666665,9.983930284254544,9.99612095718497
hm-a10-g1-L5p3-n3-beta0__N0192__Aminus_0p02,hm-a10-g1-L5p3-n3-beta0__N0192__Aplus_0p02,hm-a10-g1-L5p3-n3-beta0,192,-0.02,116,3.2020833333333334,9.983369607620036,9.995985468439255
hm-a10-g1-L5p3-n3-beta0__N0192__Aminus_0p02,hm-a10-g1-L5p3-n3-beta0__N0192__Aplus_0p02,hm-a10-g1-L5p3-n3-beta0,192,-0.02,117,3.2296875,9.982848809590639,9.995859592853547
hm-a10-g1-L5p3-n3-beta0__N0192__Aminus_0p02,hm-a10-g1-L5p3-n3-beta0__N0192__Aplus_0p02,hm-a10-g1-L5p3-n3-beta0,192,-0.02,118,3.2572916666666667,9.982369113344285,9.995743631354804
hm-a10-g1-L5p3-n3-beta0__N0192__Aminus_0p02,hm-a10-g1-L5p3-n3-beta0__N0192__Aplus_0p02,hm-a10-g1-L5p3-n3-beta0,192,-0.02,119,3.284895833333333,9.9819316446677,9.995637861105273
hm-a10-g1-L5p3-n3-beta0__N0192__Aminus_0p02,hm-a10-g1-L5p3-n3-beta0__N0192__Aplus_0p02,hm-a10-g1-L5p3-n3-beta0,192,-0.02,120,3.3125,9.981537429528343,9.995542534855844
hm-a10-g1-L5p3-n3-beta0__N0192__Aminus_0p02,hm-a10-g1-L5p3-n3-beta0__N0192__Aplus_0p02,hm-a10-g1-L5p3-n3-beta0,192,-0.02,121,3.3401041666666664,9.98118739186848,9.995457880356868
hm-a10-g1-L5p3-n3-beta0__N0192__Aminus_0p02,hm-a10-g1-L5p3-n3-beta0__N0192__Aplus_0p02,hm-a10-g1-L5p3-n3-beta0,192,-0.02,122,3.3677083333333333,9.98088235162419,9.995384099827664
hm-a10-g1-L5p3-n3-beta0__N0192__Aminus_0p02,hm-a10-g1-L5p3-n3-beta0__N0192__Aplus_0p02,hm-a10-g1-L5p3-n3-beta0,192,-0.02,123,3.3953124999999997,9.980623022971827,9.995321369485827
hm-a10-g1-L5p3-n3-beta0__N0192__Aminus_0p02,hm-a10-g1-L5p3-n3-beta0__N0192__Aplus_0p02,hm-a10-g1-L5p3-n3-beta0,192,-0.02,124,3.4229166666666666,9.980410012804038,9.995269839137306
hm-a10-g1-L5p3-n3-beta0__N0192__Aminus_0p02,hm-a10-g1-L5p3-n3-beta0__N0192__Aplus_0p02,hm-a10-g1-L5p3-n3-beta0,192,-0.02,125,3.450520833333333,9.980243819437236,9.995229631828114
hm-a10-g1-L5p3-n3-beta0__N0192__Aminus_0p02,hm-a10-g1-L5p3-n3-beta0__N0192__Aplus_0p02,hm-a10-g1-L5p3-n3-beta0,192,-0.02,126,3.478125,9.980124831552004,9.995200843558365
hm-a10-g1-L5p3-n3-beta0__N0192__Aminus_0p02,hm-a10-g1-L5p3-n3-beta0__N0192__Aplus_0p02,hm-a10-g1-L5p3-n3-beta0,192,-0.02,127,3.5057291666666663,9.98005332736771,9.995183543059268
hm-a10-g1-L5p3-n3-beta0__N0192__Aminus_0p02,hm-a10-g1-L5p3-n3-beta0__N0192__Aplus_0p02,hm-a10-g1-L5p3-n3-beta0,192,-0.02,128,3.533333333333333,9.980029474052255,9.99517777163349
hm-a10-g1-L5p3-n3-beta0__N0192__Aminus_0p02,hm-a10-g1-L5p3-n3-beta0__N0192__Aplus_0p02,hm-a10-g1-L5p3-n3-beta0,192,-0.02,129,3.5609375,9.98005332736767,9.99518354305925
hm-a10-g1-L5p3-n3-beta0__N0192__Aminus_0p02,hm-a10-g1-L5p3-n3-beta0__N0192__Aplus_0p02,hm-a10-g1-L5p3-n3-beta0,192,-0.02,130,3.5885416666666665,9.980124831551924,9.995200843558328
hm-a10-g1-L5p3-n3-beta0__N0192__Aminus_0p02,hm-a10-g1-L5p3-n3-beta0__N0192__Aplus_0p02,hm-a10-g1-L5p3-n3-beta0,192,-0.02,131,3.6161458333333334,9.980243819437115,9.995229631828058
hm-a10-g1-L5p3-n3-beta0__N0192__Aminus_0p02,hm-a10-g1-L5p3-n3-beta0__N0192__Aplus_0p02,hm-a10-g1-L5p3-n3-beta0,192,-0.02,132,3.64375,9.980410012803878,9.995269839137235
hm-a10-g1-L5p3-n3-beta0__N0192__Aminus_0p02,hm-a10-g1-L5p3-n3-beta0__N0192__Aplus_0p02,hm-a10-g1-L5p3-n3-beta0,192,-0.02,133,3.6713541666666667,9.980623022971626,9.99532136948574
hm-a10-g1-L5p3-n3-beta0__N0192__Aminus_0p02,hm-a10-g1-L5p3-n3-beta0__N0192__Aplus_0p02,hm-a10-g1-L5p3-n3-beta0,192,-0.02,134,3.698958333333333,9.980882351623952,9.995384099827563
hm-a10-g1-L5p3-n3-beta0__N0192__Aminus_0p02,hm-a10-g1-L5p3-n3-beta0__N0192__Aplus_0p02,hm-a10-g1-L5p3-n3-beta0,192,-0.02,135,3.7265625,9.9811873918682,9.995457880356751
hm-a10-g1-L5p3-n3-beta0__N0192__Aminus_0p02,hm-a10-g1-L5p3-n3-beta0__N0192__Aplus_0p02,hm-a10-g1-L5p3-n3-beta0,192,-0.02,136,3.7541666666666664,9.981537429528025,9.995542534855709
hm-a10-g1-L5p3-n3-beta0__N0192__Aminus_0p02,hm-a10-g1-L5p3-n3-beta0__N0192__Aplus_0p02,hm-a10-g1-L5p3-n3-beta0,192,-0.02,137,3.7817708333333333,9.981931644667341,9.99563786110512
hm-a10-g1-L5p3-n3-beta0__N0192__Aminus_0p02,hm-a10-g1-L5p3-n3-beta0__N0192__Aplus_0p02,hm-a10-g1-L5p3-n3-beta0,192,-0.02,138,3.8093749999999997,9.982369113343887,9.995743631354634
hm-a10-g1-L5p3-n3-beta0__N0192__Aminus_0p02,hm-a10-g1-L5p3-n3-beta0__N0192__Aplus_0p02,hm-a10-g1-L5p3-n3-beta0,192,-0.02,139,3.8369791666666666,9.982848809590202,9.995859592853359
hm-a10-g1-L5p3-n3-beta0__N0192__Aminus_0p02,hm-a10-g1-L5p3-n3-beta0__N0192__Aplus_0p02,hm-a10-g1-L5p3-n3-beta0,192,-0.02,140,3.864583333333333,9.98336960761956,9.995985468439049
hm-a10-g1-L5p3-n3-beta0__N0192__Aminus_0p02,hm-a10-g1-L5p3-n3-beta0__N0192__Aplus_0p02,hm-a10-g1-L5p3-n3-beta0,192,-0.02,141,3.8921875,9.983930284254027,9.996120957184745
hm-a10-g1-L5p3-n3-beta0__N0192__Aminus_0p02,hm-a10-g1-L5p3-n3-beta0__N0192__Aplus_0p02,hm-a10-g1-L5p3-n3-beta0,192,-0.02,142,3.9197916666666663,9.984529521571469,9.996265735101522
hm-a10-g1-L5p3-n3-beta0__N0192__Aminus_0p02,hm-a10-g1-L5p3-n3-beta0__N0192__Aplus_0p02,hm-a10-g1-L5p3-n3-beta0,192,-0.02,143,3.947395833333333,9.985165909767908,9.996419455895849
hm-a10-g1-L5p3-n3-beta0__N0192__Aminus_0p02,hm-a10-g1-L5p3-n3-beta0__N0192__Aplus_0p02,hm-a10-g1-L5p3-n3-beta0,192,-0.02,144,3.9749999999999996,9.985837950231332,9.996581751779987
hm-a10-g1-L5p3-n3-beta0__N0192__Aminus_0p02,hm-a10-g1-L5p3-n3-beta0__N0192__Aplus_0p02,hm-a10-g1-L5p3-n3-beta0,192,-0.02,145,4.002604166666667,9.986544058822544,9.996752234333655
hm-a10-g1-L5p3-n3-beta0__N0192__Aminus_0p02,hm-a10-g1-L5p3-n3-beta0__N0192__Aplus_0p02,hm-a10-g1-L5p3-n3-beta0,192,-0.02,146,4.030208333333333,9.987282569358277,9.996930495415162
hm-a10-g1-L5p3-n3-beta0__N0192__Aminus_0p02,hm-a10-g1-L5p3-n3-beta0__N0192__Aplus_0p02,hm-a10-g1-L5p3-n3-beta0,192,-0.02,147,4.0578125,9.988051737291347,9.997116108120014
hm-a10-g1-L5p3-n3-beta0__N0192__Aminus_0p02,hm-a10-g1-L5p3-n3-beta0__N0192__Aplus_0p02,hm-a10-g1-L5p3-n3-beta0,192,-0.02,148,4.085416666666666,9.988849743582117,9.997308627784953
hm-a10-g1-L5p3-n3-beta0__N0192__Aminus_0p02,hm-a10-g1-L5p3-n3-beta0__N0192__Aplus_0p02,hm-a10-g1-L5p3-n3-beta0,192,-0.02,149,4.113020833333334,9.989674698755135,9.997507593035213
hm-a10-g1-L5p3-n3-beta0__N0192__Aminus_0p02,hm-a10-g1-L5p3-n3-beta0__N0192__Aplus_0p02,hm-a10-g1-L5p3-n3-beta0,192,-0.02,150,4.140625,9.990524647134231,9.997712526872721
hm-a10-g1-L5p3-n3-beta0__N0192__Aminus_0p02,hm-a10-g1-L5p3-n3-beta0__N0192__Aplus_0p02,hm-a10-g1-L5p3-n3-beta0,192,-0.02,151,4.168229166666666,9.991397571248951,9.997922937802837
hm-a10-g1-L5p3-n3-beta0__N0192__Aminus_0p02,hm-a10-g1-L5p3-n3-beta0__N0192__Aplus_0p02,hm-a10-g1-L5p3-n3-beta0,192,-0.02,152,4.195833333333333,9.992291396404605,9.998138320997127
hm-a10-g1-L5p3-n3-beta0__N0192__Aminus_0p02,hm-a10-g1-L5p3-n3-beta0__N0192__Aplus_0p02,hm-a10-g1-L5p3-n3-beta0,192,-0.02,153,4.2234375,9.99320399540772,9.99835815948959
hm-a10-g1-L5p3-n3-beta0__N0192__Aminus_0p02,hm-a10-g1-L5p3-n3-beta0__N0192__Aplus_0p02,hm-a10-g1-L5p3-n3-beta0,192,-0.02,154,4.251041666666667,9.994133193438168,9.998581925403633
hm-a10-g1-L5p3-n3-beta0__N0192__Aminus_0p02,hm-a10-g1-L5p3-n3-beta0__N0192__Aplus_0p02,hm-a10-g1-L5p3-n3-beta0,192,-0.02,155,4.278645833333333,9.995076773058665,9.998809081207025
hm-a10-g1-L5p3-n3-beta0__N0192__Aminus_0p02,hm-a10-g1-L5p3-n3-beta0__N0192__Aplus_0p02,hm-a10-g1-L5p3-n3-beta0,192,-0.02,156,4.3062499999999995,9.996032479351827,9.99903908099197
hm-a10-g1-L5p3-n3-beta0__N0192__Aminus_0p02,hm-a10-g1-L5p3-n3-beta0__N0192__Aplus_0p02,hm-a10-g1-L5p3-n3-beta0,192,-0.02,157,4.333854166666667,9.996998025174415,9.99927137177735
hm-a10-g1-L5p3-n3-beta0__N0192__Aminus_0p02,hm-a10-g1-L5p3-n3-beta0__N0192__Aplus_0p02,hm-a10-g1-L5p3-n3-beta0,192,-0.02,158,4.361458333333333,9.997971096517897,9.999505394830152
hm-a10-g1-L5p3-n3-beta0__N0192__Aminus_0p02,hm-a10-g1-L5p3-n3-beta0__N0192__Aplus_0p02,hm-a10-g1-L5p3-n3-beta0,192,-0.02,159,4.3890625,9.99894935796387,9.999740587002952
hm-a10-g1-L5p3-n3-beta0__N0192__Aminus_0p02,hm-a10-g1-L5p3-n3-beta0__N0192__Aplus_0p02,hm-a10-g1-L5p3-n3-beta0,192,-0.02,160,4.416666666666666,9.999930458222442,9.999976382084382
hm-a10-g1-L5p3-n3-beta0__N0192__Aminus_0p02,hm-a10-g1-L5p3-n3-beta0__N0192__Aplus_0p02,hm-a10-g1-L5p3-n3-beta0,192,-0.02,161,4.444270833333333,10.00091203574114,10.000212212159337
hm-a10-g1-L5p3-n3-beta0__N0192__Aminus_0p02,hm-a10-g1-L5p3-n3-beta0__N0192__Aplus_0p02,hm-a10-g1-L5p3-n3-beta0,192,-0.02,162,4.471875,10.00189172437142,10.000447508975707
hm-a10-g1-L5p3-n3-beta0__N0192__Aminus_0p02,hm-a10-g1-L5p3-n3-beta0__N0192__Aplus_0p02,hm-a10-g1-L5p3-n3-beta0,192,-0.02,163,4.499479166666666,10.002867159079445,10.000681705314365
hm-a10-g1-L5p3-n3-beta0__N0192__Aminus_0p02,hm-a10-g1-L5p3-n3-beta0__N0192__Aplus_0p02,hm-a10-g1-L5p3-n3-beta0,192,-0.02,164,4.527083333333334,10.003835981687317,10.00091423635907
hm-a10-g1-L5p3-n3-beta0__N0192__Aminus_0p02,hm-a10-g1-L5p3-n3-beta0__N0192__Aplus_0p02,hm-a10-g1-L5p3-n3-beta0,192,-0.02,165,4.5546875,10.004795846630612,10.001144541063002
hm-a10-g1-L5p3-n3-beta0__N0192__Aminus_0p02,hm-a10-g1-L5p3-n3-beta0__N0192__Aplus_0p02,hm-a10-g1-L5p3-n3-beta0,192,-0.02,166,4.582291666666666,10.005744426717666,10.001372063508542
hm-a10-g1-L5p3-n3-beta0__N0192__Aminus_0p02,hm-a10-g1-L5p3-n3-beta0__N0192__Aplus_0p02,hm-a10-g1-L5p3-n3-beta0,192,-0.02,167,4.609895833333333,10.00667941887573,10.001596254256967
hm-a10-g1-L5p3-n3-beta0__N0192__Aminus_0p02,hm-a10-g1-L5p3-n3-beta0__N0192__Aplus_0p02,hm-a10-g1-L5p3-n3-beta0,192,-0.02,168,4.6375,10.00759854986894,10.001816571684696
hm-a10-g1-L5p3-n3-beta0__N0192__Aminus_0p02,hm-a10-g1-L5p3-n3-beta0__N0192__Aplus_0p02,hm-a10-g1-L5p3-n3-beta0,192,-0.02,169,4.665104166666667,10.00849958197264,10.002032483302768
hm-a10-g1-L5p3-n3-beta0__N0192__Aminus_0p02,hm-a10-g1-L5p3-n3-beta0__N0192__Aplus_0p02,hm-a10-g1-L5p3-n3-beta0,192,-0.02,170,4.692708333333333,10.009380318588619,10.002243467056214
hm-a10-g1-L5p3-n3-beta0__N0192__Aminus_0p02,hm-a10-g1-L5p3-n3-beta0__N0192__Aplus_0p02,hm-a10-g1-L5p3-n3-beta0,192,-0.02,171,4.7203124999999995,10.01023860978556,10.002449012600037
hm-a10-g1-L5p3-n3-beta0__N0192__Aminus_0p02,hm-a10-g1-L5p3-n3-beta0__N0192__Aplus_0p02,hm-a10-g1-L5p3-n3-beta0,192,-0.02,172,4.747916666666667,10.011072357748985,10.002648622548568
hm-a10-g1-L5p3-n3-beta0__N0192__Aminus_0p02,hm-a10-g1-L5p3-n3-beta0__N0192__Aplus_0p02,hm-a10-g1-L5p3-n3-beta0,192,-0.02,173,4.775520833333333,10.011879522124984,10.002841813694966
hm-a10-g1-L5p3-n3-beta0__N0192__Aminus_0p02,hm-a10-g1-L5p3-n3-beta0__N0192__Aplus_0p02,hm-a10-g1-L5p3-n3-beta0,192,-0.02,174,4.803125,10.012658125242082,10.00302811819776
hm-a10-g1-L5p3-n3-beta0__N0192__Aminus_0p02,hm-a10-g1-L5p3-n3-beta0__N0192__Aplus_0p02,hm-a10-g1-L5p3-n3-beta0,192,-0.02,175,4.830729166666666,10.013406257195664,10.003207084731319
hm-a10-g1-L5p3-n3-beta0__N0192__Aminus_0p02,hm-a10-g1-L5p3-n3-beta0__N0192__Aplus_0p02,hm-a10-g1-L5p3-n3-beta0,192,-0.02,176,4.858333333333333,10.014122080779645,10.003378279597277
hm-a10-g1-L5p3-n3-beta0__N0192__Aminus_0p02,hm-a10-g1-L5p3-n3-beta0__N0192__Aplus_0p02,hm-a10-g1-L5p3-n3-beta0,192,-0.02,177,4.8859375,10.01480383625028,10.003541287793984
hm-a10-g1-L5p3-n3-beta0__N0192__Aminus_0p02,hm-a10-g1-L5p3-n3-beta0__N0192__Aplus_0p02,hm-a10-g1-L5p3-n3-beta0,192,-0.02,178,4.913541666666666,10.015449845907332,10.0036957140412
hm-a10-g1-L5p3-n3-beta0__N0192__Aminus_0p02,hm-a10-g1-L5p3-n3-beta0__N0192__Aplus_0p02,hm-a10-g1-L5p3-n3-beta0,192,-0.02,179,4.941145833333334,10.016058518478246,10.003841183757274
hm-a10-g1-L5p3-n3-beta0__N0192__Aminus_0p02,hm-a10-g1-L5p3-n3-beta0__N0192__Aplus_0p02,hm-a10-g1-L5p3-n3-beta0,192,-0.02,180,4.96875,10.0166283532914,10.00397734398625
hm-a10-g1-L5p3-n3-beta0__N0192__Aminus_0p02,hm-a10-g1-L5p3-n3-beta0__N0192__Aplus_0p02,hm-a10-g1-L5p3-n3-beta0,192,-0.02,181,4.996354166666666,10.017157944225044,10.004103864272428
hm-a10-g1-L5p3-n3-beta0__N0192__Aminus_0p02,hm-a10-g1-L5p3-n3-beta0__N0192__Aplus_0p02,hm-a10-g1-L5p3-n3-beta0,192,-0.02,182,5.023958333333333,10.01764598341913,10.00422043748
hm-a10-g1-L5p3-n3-beta0__N0192__Aminus_0p02,hm-a10-g1-L5p3-n3-beta0__N0192__Aplus_0p02,hm-a10-g1-L5p3-n3-beta0,192,-0.02,183,5.0515625,10.018091264737912,10.004326780555589
hm-a10-g1-L5p3-n3-beta0__N0192__Aminus_0p02,hm-a10-g1-L5p3-n3-beta0__N0192__Aplus_0p02,hm-a10-g1-L5p3-n3-beta0,192,-0.02,184,5.079166666666667,10.018492686971886,10.004422635231636
hm-a10-g1-L5p3-n3-beta0__N0192__Aminus_0p02,hm-a10-g1-L5p3-n3-beta0__N0192__Aplus_0p02,hm-a10-g1-L5p3-n3-beta0,192,-0.02,185,5.106770833333333,10.018849256768418,10.004507768668715
hm-a10-g1-L5p3-n3-beta0__N0192__Aminus_0p02,hm-a10-g1-L5p3-n3-beta0__N0192__Aplus_0p02,hm-a10-g1-L5p3-n3-beta0,192,-0.02,186,5.1343749999999995,10.019160091281265,10.004581974035029
hm-a10-g1-L5p3-n3-beta0__N0192__Aminus_0p02,hm-a10-g1-L5p3-n3-beta0__N0192__Aplus_0p02,hm-a10-g1-L5p3-n3-beta0,192,-0.02,187,5.161979166666667,10.019424420530076,10.00464507102153
hm-a10-g1-L5p3-n3-beta0__N0192__Aminus_0p02,hm-a10-g1-L5p3-n3-beta0__N0192__Aplus_0p02,hm-a10-g1-L5p3-n3-beta0,192,-0.02,188,5.189583333333333,10.019641589461848,10.004696906291244
hm-a10-g1-L5p3-n3-beta0__N0192__Aminus_0p02,hm-a10-g1-L5p3-n3-beta0__N0192__Aplus_0p02,hm-a10-g1-L5p3-n3-beta0,192,-0.02,189,5.2171875,10.019811059707363,10.004737353861572
hm-a10-g1-L5p3-n3-beta0__N0192__Aminus_0p02,hm-a10-g1-L5p3-n3-beta0__N0192__Aplus_0p02,hm-a10-g1-L5p3-n3-beta0,192,-0.02,190,5.244791666666666,10.019932411026556,10.00476631541852
hm-a10-g1-L5p3-n3-beta0__N0192__Aminus_0p02,hm-a10-g1-L5p3-n3-beta0__N0192__Aplus_0p02,hm-a10-g1-L5p3-n3-beta0,192,-0.02,191,5.272395833333333,10.020005342437898,10.00478372056201
hm-a10-g1-L5p3-n3-beta0__N0192__Aminus_0p02,hm-a10-g1-L5p3-n3-beta0__N0192__Aplus_0p02,hm-a10-g1-L5p3-n3-beta0,192,-0.02,192,5.3,10.020029673027897,10.004789526981586
hm-a10-g1-L5p3-n3-beta0__N0192__Aminus_0p01,hm-a10-g1-L5p3-n3-beta0__N0192__Aplus_0p01,hm-a10-g1-L5p3-n3-beta0,192,-0.01,0,0.0,9.990007380894598,9.997592974784892
hm-a10-g1-L5p3-n3-beta0__N0192__Aminus_0p01,hm-a10-g1-L5p3-n3-beta0__N0192__Aplus_0p01,hm-a10-g1-L5p3-n3-beta0,192,-0.01,1,0.027604166666666666,9.990019366808747,9.997595864858305
hm-a10-g1-L5p3-n3-beta0__N0192__Aminus_0p01,hm-a10-g1-L5p3-n3-beta0__N0192__Aplus_0p01,hm-a10-g1-L5p3-n3-beta0,192,-0.01,2,0.05520833333333333,9.990055296104316,9.997604528147596
hm-a10-g1-L5p3-n3-beta0__N0192__Aminus_0p01,hm-a10-g1-L5p3-n3-beta0__N0192__Aplus_0p01,hm-a10-g1-L5p3-n3-beta0,192,-0.01,3,0.0828125,9.990115083505106,9.997618943876345
hm-a10-g1-L5p3-n3-beta0__N0192__Aminus_0p01,hm-a10-g1-L5p3-n3-beta0__N0192__Aplus_0p01,hm-a10-g1-L5p3-n3-beta0,192,-0.01,4,0.11041666666666666,9.990198587098794,9.997639077471788
hm-a10-g1-L5p3-n3-beta0__N0192__Aminus_0p01,hm-a10-g1-L5p3-n3-beta0__N0192__Aplus_0p01,hm-a10-g1-L5p3-n3-beta0,192,-0.01,5,0.13802083333333331,9.990305608658533,9.997664880646623
hm-a10-g1-L5p3-n3-beta0__N0192__Aminus_0p01,hm-a10-g1-L5p3-n3-beta0__N0192__Aplus_0p01,hm-a10-g1-L5p3-n3-beta0,192,-0.01,6,0.165625,9.9904358940924,9.997696291513249
hm-a10-g1-L5p3-n3-beta0__N0192__Aminus_0p01,hm-a10-g1-L5p3-n3-beta0__N0192__Aplus_0p01,hm-a10-g1-L5p3-n3-beta0,192,-0.01,7,0.19322916666666667,9.990589134019826,9.997733234730234
hm-a10-g1-L5p3-n3-beta0__N0192__Aminus_0p01,hm-a10-g1-L5p3-n3-beta0__N0192__Aplus_0p01,hm-a10-g1-L5p3-n3-beta0,192,-0.01,8,0.22083333333333333,9.990764964474002,9.997775621680644
hm-a10-g1-L5p3-n3-beta0__N0192__Aminus_0p01,hm-a10-g1-L5p3-n3-beta0__N0192__Aplus_0p01,hm-a10-g1-L5p3-n3-beta0,192,-0.01,9,0.24843749999999998,9.99096296772896,9.997823350681859
hm-a10-g1-L5p3-n3-beta0__N0192__Aminus_0p01,hm-a10-g1-L5p3-n3-beta0__N0192__Aplus_0p01,hm-a10-g1-L5p3-n3-beta0,192,-0.01,10,0.27604166666666663,9.991182673249801,9.997876307226402
hm-a10-g1-L5p3-n3-beta0__N0192__Aminus_0p01,hm-a10-g1-L5p3-n3-beta0__N0192__Aplus_0p01,hm-a10-g1-L5p3-n3-beta0,192,-0.01,11,0.30364583333333334,9.99142355876432,9.997934364253217
hm-a10-g1-L5p3-n3-beta0__N0192__Aminus_0p01,hm-a10-g1-L5p3-n3-beta0__N0192__Aplus_0p01,hm-a10-g1-L5p3-n3-beta0,192,-0.01,12,0.33125,9.99168505145404,9.997997382448819
hm-a10-g1-L5p3-n3-beta0__N0192__Aminus_0p01,hm-a10-g1-L5p3-n3-beta0__N0192__Aplus_0p01,hm-a10-g1-L5p3-n3-beta0,192,-0.01,13,0.35885416666666664,9.991966529262413,9.998065210577627
hm-a10-g1-L5p3-n3-beta0__N0192__Aminus_0p01,hm-a10-g1-L5p3-n3-beta0__N0192__Aplus_0p01,hm-a10-g1-L5p3-n3-beta0,192,-0.01,14,0.38645833333333335,9.992267322317723,9.998137685840717
hm-a10-g1-L5p3-n3-beta0__N0192__Aminus_0p01,hm-a10-g1-L5p3-n3-beta0__N0192__Aplus_0p01,hm-a10-g1-L5p3-n3-beta0,192,-0.01,15,0.4140625,9.992586714467986,9.99821463426221
hm-a10-g1-L5p3-n3-beta0__N0192__Aminus_0p01,hm-a10-g1-L5p3-n3-beta0__N0192__Aplus_0p01,hm-a10-g1-L5p3-n3-beta0,192,-0.01,16,0.44166666666666665,9.992923944924888,9.998295871102405
hm-a10-g1-L5p3-n3-beta0__N0192__Aminus_0p01,hm-a10-g1-L5p3-n3-beta0__N0192__Aplus_0p01,hm-a10-g1-L5p3-n3-beta0,192,-0.01,17,0.4692708333333333,9.9932782100136,9.998381201296723
hm-a10-g1-L5p3-n3-beta0__N0192__Aminus_0p01,hm-a10-g1-L5p3-n3-beta0__N0192__Aplus_0p01,hm-a10-g1-L5p3-n3-beta0,192,-0.01,18,0.49687499999999996,9.993648665025017,9.998470419919459
hm-a10-g1-L5p3-n3-beta0__N0192__Aminus_0p01,hm-a10-g1-L5p3-n3-beta0__N0192__Aplus_0p01,hm-a10-g1-L5p3-n3-beta0,192,-0.01,19,0.5244791666666666,9.994034426166781,9.99856331267129
hm-a10-g1-L5p3-n3-beta0__N0192__Aminus_0p01,hm-a10-g1-L5p3-n3-beta0__N0192__Aplus_0p01,hm-a10-g1-L5p3-n3-beta0,192,-0.01,20,0.5520833333333333,9.994434572609181,9.99865965638943
hm-a10-g1-L5p3-n3-beta0__N0192__Aminus_0p01,hm-a10-g1-L5p3-n3-beta0__N0192__Aplus_0p01,hm-a10-g1-L5p3-n3-beta0,192,-0.01,21,0.5796875,9.9948481486218,9.998759219579231
hm-a10-g1-L5p3-n3-beta0__N0192__Aminus_0p01,hm-a10-g1-L5p3-n3-beta0__N0192__Aplus_0p01,hm-a10-g1-L5p3-n3-beta0,192,-0.01,22,0.6072916666666667,9.99527416579654,9.998861762966058
hm-a10-g1-L5p3-n3-beta0__N0192__Aminus_0p01,hm-a10-g1-L5p3-n3-beta0__N0192__Aplus_0p01,hm-a10-g1-L5p3-n3-beta0,192,-0.01,23,0.6348958333333333,9.995711605352446,9.998967040066114
hm-a10-g1-L5p3-n3-beta0__N0192__Aminus_0p01,hm-a10-g1-L5p3-n3-beta0__N0192__Aplus_0p01,hm-a10-g1-L5p3-n3-beta0,192,-0.01,24,0.6625,9.996159420517493,9.999074797774925
hm-a10-g1-L5p3-n3-beta0__N0192__Aminus_0p01,hm-a10-g1-L5p3-n3-beta0__N0192__Aplus_0p01,hm-a10-g1-L5p3-n3-beta0,192,-0.01,25,0.6901041666666666,9.996616538982309,9.999184776972108
hm-a10-g1-L5p3-n3-beta0__N0192__Aminus_0p01,hm-a10-g1-L5p3-n3-beta0__N0192__Aplus_0p01,hm-a10-g1-L5p3-n3-beta0,192,-0.01,26,0.7177083333333333,9.99708186542057,9.999296713141002
hm-a10-g1-L5p3-n3-beta0__N0192__Aminus_0p01,hm-a10-g1-L5p3-n3-beta0__N0192__Aplus_0p01,hm-a10-g1-L5p3-n3-beta0,192,-0.01,27,0.7453124999999999,9.997554284070617,9.99941033700175
hm-a10-g1-L5p3-n3-beta0__N0192__Aminus_0p01,hm-a10-g1-L5p3-n3-beta0__N0192__Aplus_0p01,hm-a10-g1-L5p3-n3-beta0,192,-0.01,28,0.7729166666666667,9.998032661372616,9.999525375156304
hm-a10-g1-L5p3-n3-beta0__N0192__Aminus_0p01,hm-a10-g1-L5p3-n3-beta0__N0192__Aplus_0p01,hm-a10-g1-L5p3-n3-beta0,192,-0.01,29,0.8005208333333333,9.998515848655403,9.999641550743862
hm-a10-g1-L5p3-n3-beta0__N0192__Aminus_0p01,hm-a10-g1-L5p3-n3-beta0__N0192__Aplus_0p01,hm-a10-g1-L5p3-n3-beta0,192,-0.01,30,0.828125,9.999002684866996,9.999758584105177
hm-a10-g1-L5p3-n3-beta0__N0192__Aminus_0p01,hm-a10-g1-L5p3-n3-beta0__N0192__Aplus_0p01,hm-a10-g1-L5p3-n3-beta0,192,-0.01,31,0.8557291666666667,9.99949199934251,9.999876193454165
hm-a10-g1-L5p3-n3-beta0__N0192__Aminus_0p01,hm-a10-g1-L5p3-n3-beta0__N0192__Aplus_0p01,hm-a10-g1-L5p3-n3-beta0,192,-0.01,32,0.8833333333333333,9.999982614603141,9.999994095555232
hm-a10-g1-L5p3-n3-beta0__N0192__Aminus_0p01,hm-a10-g1-L5p3-n3-beta0__N0192__Aplus_0p01,hm-a10-g1-L5p3-n3-beta0,192,-0.01,33,0.9109375,10.00047334917967,10.000112006404672
hm-a10-g1-L5p3-n3-beta0__N0192__Aminus_0p01,hm-a10-g1-L5p3-n3-beta0__N0192__Aplus_0p01,hm-a10-g1-L5p3-n3-beta0,192,-0.01,34,0.9385416666666666,10.00096302045381,10.000229641914524
hm-a10-g1-L5p3-n3-beta0__N0192__Aminus_0p01,hm-a10-g1-L5p3-n3-beta0__N0192__Aplus_0p01,hm-a10-g1-L5p3-n3-beta0,192,-0.01,35,0.9661458333333333,10.001450447510631,10.000346718597253
hm-a10-g1-L5p3-n3-beta0__N0192__Aminus_0p01,hm-a10-g1-L5p3-n3-beta0__N0192__Aplus_0p01,hm-a10-g1-L5p3-n3-beta0,192,-0.01,36,0.9937499999999999,10.001934453995153,10.00046295424957
hm-a10-g1-L5p3-n3-beta0__N0192__Aminus_0p01,hm-a10-g1-L5p3-n3-beta0__N0192__Aplus_0p01,hm-a10-g1-L5p3-n3-beta0,192,-0.01,37,1.0213541666666666,10.00241387096611,10.00057806863377
hm-a10-g1-L5p3-n3-beta0__N0192__Aminus_0p01,hm-a10-g1-L5p3-n3-beta0__N0192__Aplus_0p01,hm-a10-g1-L5p3-n3-beta0,192,-0.01,38,1.0489583333333332,10.002887539739865,10.000691784154922
hm-a10-g1-L5p3-n3-beta0__N0192__Aminus_0p01,hm-a10-g1-L5p3-n3-beta0__N0192__Aplus_0p01,hm-a10-g1-L5p3-n3-beta0,192,-0.01,39,1.0765624999999999,10.003354314717324,10.000803826532238
hm-a10-g1-L5p3-n3-beta0__N0192__Aminus_0p01,hm-a10-g1-L5p3-n3-beta0__N0192__Aplus_0p01,hm-a10-g1-L5p3-n3-beta0,192,-0.01,40,1.1041666666666665,10.003813066186732,10.000913925463017
hm-a10-g1-L5p3-n3-beta0__N0192__Aminus_0p01,hm-a10-g1-L5p3-n3-beta0__N0192__Aplus_0p01,hm-a10-g1-L5p3-n3-beta0,192,-0.01,41,1.1317708333333334,10.004262683095169,10.001021815277507
hm-a10-g1-L5p3-n3-beta0__N0192__Aminus_0p01,hm-a10-g1-L5p3-n3-beta0__N0192__Aplus_0p01,hm-a10-g1-L5p3-n3-beta0,192,-0.01,42,1.159375,10.004702075781621,10.001127235583075
hm-a10-g1-L5p3-n3-beta0__N0192__Aminus_0p01,hm-a10-g1-L5p3-n3-beta0__N0192__Aplus_0p01,hm-a10-g1-L5p3-n3-beta0,192,-0.01,43,1.1869791666666667,10.005130178664476,10.001229931896098
hm-a10-g1-L5p3-n3-beta0__N0192__Aminus_0p01,hm-a10-g1-L5p3-n3-beta0__N0192__Aplus_0p01,hm-a10-g1-L5p3-n3-beta0,192,-0.01,44,1.2145833333333333,10.005545952876385,10.001329656260022
hm-a10-g1-L5p3-n3-beta0__N0192__Aminus_0p01,hm-a10-g1-L5p3-n3-beta0__N0192__Aplus_0p01,hm-a10-g1-L5p3-n3-beta0,192,-0.01,45,1.2421875,10.005948388839496,10.001426167848015
hm-a10-g1-L5p3-n3-beta0__N0192__Aminus_0p01,hm-a10-g1-L5p3-n3-beta0__N0192__Aplus_0p01,hm-a10-g1-L5p3-n3-beta0,192,-0.01,46,1.2697916666666667,10.006336508774135,10.001519233548755
hm-a10-g1-L5p3-n3-beta0__N0192__Aminus_0p01,hm-a10-g1-L5p3-n3-beta0__N0192__Aplus_0p01,hm-a10-g1-L5p3-n3-beta0,192,-0.01,47,1.2973958333333333,10.00670936913419,10.001608628533862
hm-a10-g1-L5p3-n3-beta0__N0192__Aminus_0p01,hm-a10-g1-L5p3-n3-beta0__N0192__Aplus_0p01,hm-a10-g1-L5p3-n3-beta0,192,-0.01,48,1.325,10.007066062962522,10.001694136805554
hm-a10-g1-L5p3-n3-beta0__N0192__Aminus_0p01,hm-a10-g1-L5p3-n3-beta0__N0192__Aplus_0p01,hm-a10-g1-L5p3-n3-beta0,192,-0.01,49,1.3526041666666666,10.007405722159946,10.00177555172314
hm-a10-g1-L5p3-n3-beta0__N0192__Aminus_0p01,hm-a10-g1-L5p3-n3-beta0__N0192__Aplus_0p01,hm-a10-g1-L5p3-n3-beta0,192,-0.01,50,1.3802083333333333,10.00772751966152,10.00185267650706
hm-a10-g1-L5p3-n3-beta0__N0192__Aminus_0p01,hm-a10-g1-L5p3-n3-beta0__N0192__Aplus_0p01,hm-a10-g1-L5p3-n3-beta0,192,-0.01,51,1.4078125,10.00803067151405,10.001925324719142
hm-a10-g1-L5p3-n3-beta0__N0192__Aminus_0p01,hm-a10-g1-L5p3-n3-beta0__N0192__Aplus_0p01,hm-a10-g1-L5p3-n3-beta0,192,-0.01,52,1.4354166666666666,10.008314438848974,10.001993320717915
hm-a10-g1-L5p3-n3-beta0__N0192__Aminus_0p01,hm-a10-g1-L5p3-n3-beta0__N0192__Aplus_0p01,hm-a10-g1-L5p3-n3-beta0,192,-0.01,53,1.4630208333333332,10.008578129745105,10.002056500087775
hm-a10-g1-L5p3-n3-beta0__N0192__Aminus_0p01,hm-a10-g1-L5p3-n3-beta0__N0192__Aplus_0p01,hm-a10-g1-L5p3-n3-beta0,192,-0.01,54,1.4906249999999999,10.008821100975862,10.00211471004094
hm-a10-g1-L5p3-n3-beta0__N0192__Aminus_0p01,hm-a10-g1-L5p3-n3-beta0__N0192__Aplus_0p01,hm-a10-g1-L5p3-n3-beta0,192,-0.01,55,1.5182291666666665,10.009042759636063,10.002167809791164
hm-a10-g1-L5p3-n3-beta0__N0192__Aminus_0p01,hm-a10-g1-L5p3-n3-beta0__N0192__Aplus_0p01,hm-a10-g1-L5p3-n3-beta0,192,-0.01,56,1.5458333333333334,10.009242564643579,10.002215670898238
hm-a10-g1-L5p3-n3-beta0__N0192__Aminus_0p01,hm-a10-g1-L5p3-n3-beta0__N0192__Aplus_0p01,hm-a10-g1-L5p3-n3-beta0,192,-0.01,57,1.5734375,10.009420028111514,10.002258177582423
hm-a10-g1-L5p3-n3-beta0__N0192__Aminus_0p01,hm-a10-g1-L5p3-n3-beta0__N0192__Aplus_0p01,hm-a10-g1-L5p3-n3-beta0,192,-0.01,58,1.6010416666666667,10.009574716586954,10.002295227008
hm-a10-g1-L5p3-n3-beta0__N0192__Aminus_0p01,hm-a10-g1-L5p3-n3-beta0__N0192__Aplus_0p01,hm-a10-g1-L5p3-n3-beta0,192,-0.01,59,1.6286458333333333,10.009706252152654,10.002326729535188
hm-a10-g1-L5p3-n3-beta0__N0192__Aminus_0p01,hm-a10-g1-L5p3-n3-beta0__N0192__Aplus_0p01,hm-a10-g1-L5p3-n3-beta0,192,-0.01,60,1.65625,10.009814313388476,10.00235260893981
hm-a10-g1-L5p3-n3-beta0__N0192__Aminus_0p01,hm-a10-g1-L5p3-n3-beta0__N0192__Aplus_0p01,hm-a10-g1-L5p3-n3-beta0,192,-0.01,61,1.6838541666666667,10.009898636189742,10.002372802600132
hm-a10-g1-L5p3-n3-beta0__N0192__Aminus_0p01,hm-a10-g1-L5p3-n3-beta0__N0192__Aplus_0p01,hm-a10-g1-L5p3-n3-beta0,192,-0.01,62,1.7114583333333333,10.009959014440108,10.002387261650385
hm-a10-g1-L5p3-n3-beta0__N0192__Aminus_0p01,hm-a10-g1-L5p3-n3-beta0__N0192__Aplus_0p01,hm-a10-g1-L5p3-n3-beta0,192,-0.01,63,1.7390625,10.009995300536985,10.002395951100599
hm-a10-g1-L5p3-n3-beta0__N0192__Aminus_0p01,hm-a10-g1-L5p3-n3-beta0__N0192__Aplus_0p01,hm-a10-g1-L5p3-n3-beta0,192,-0.01,64,1.7666666666666666,10.010007405767944,10.002398849922406
hm-a10-g1-L5p3-n3-beta0__N0192__Aminus_0p01,hm-a10-g1-L5p3-n3-beta0__N0192__Aplus_0p01,hm-a10-g1-L5p3-n3-beta0,192,-0.01,65,1.7942708333333333,10.009995300537001,10.002395951100612
hm-a10-g1-L5p3-n3-beta0__N0192__Aminus_0p01,hm-a10-g1-L5p3-n3-beta0__N0192__Aplus_0p01,hm-a10-g1-L5p3-n3-beta0,192,-0.01,66,1.821875,10.00995901444014,10.00238726165041
hm-a10-g1-L5p3-n3-beta0__N0192__Aminus_0p01,hm-a10-g1-L5p3-n3-beta0__N0192__Aplus_0p01,hm-a10-g1-L5p3-n3-beta0,192,-0.01,67,1.8494791666666666,10.009898636189789,10.00237280260017
hm-a10-g1-L5p3-n3-beta0__N0192__Aminus_0p01,hm-a10-g1-L5p3-n3-beta0__N0192__Aplus_0p01,hm-a10-g1-L5p3-n3-beta0,192,-0.01,68,1.8770833333333332,10.009814313388539,10.002352608939862
hm-a10-g1-L5p3-n3-beta0__N0192__Aminus_0p01,hm-a10-g1-L5p3-n3-beta0__N0192__Aplus_0p01,hm-a10-g1-L5p3-n3-beta0,192,-0.01,69,1.9046874999999999,10.009706252152732,10.002326729535254
hm-a10-g1-L5p3-n3-beta0__N0192__Aminus_0p01,hm-a10-g1-L5p3-n3-beta0__N0192__Aplus_0p01,hm-a10-g1-L5p3-n3-beta0,192,-0.01,70,1.9322916666666665,10.00957471658705,10.002295227008076
hm-a10-g1-L5p3-n3-beta0__N0192__Aminus_0p01,hm-a10-g1-L5p3-n3-beta0__N0192__Aplus_0p01,hm-a10-g1-L5p3-n3-beta0,192,-0.01,71,1.9598958333333332,10.009420028111627,10.002258177582508
hm-a10-g1-L5p3-n3-beta0__N0192__Aminus_0p01,hm-a10-g1-L5p3-n3-beta0__N0192__Aplus_0p01,hm-a10-g1-L5p3-n3-beta0,192,-0.01,72,1.9874999999999998,10.00924256464371,10.002215670898332
hm-a10-g1-L5p3-n3-beta0__N0192__Aminus_0p01,hm-a10-g1-L5p3-n3-beta0__N0192__Aplus_0p01,hm-a10-g1-L5p3-n3-beta0,192,-0.01,73,2.0151041666666667,10.009042759636213,10.002167809791272
hm-a10-g1-L5p3-n3-beta0__N0192__Aminus_0p01,hm-a10-g1-L5p3-n3-beta0__N0192__Aplus_0p01,hm-a10-g1-L5p3-n3-beta0,192,-0.01,74,2.042708333333333,10.00882110097603,10.002114710041061
hm-a10-g1-L5p3-n3-beta0__N0192__Aminus_0p01,hm-a10-g1-L5p3-n3-beta0__N0192__Aplus_0p01,hm-a10-g1-L5p3-n3-beta0,192,-0.01,75,2.0703125,10.008578129745294,10.002056500087907
hm-a10-g1-L5p3-n3-beta0__N0192__Aminus_0p01,hm-a10-g1-L5p3-n3-beta0__N0192__Aplus_0p01,hm-a10-g1-L5p3-n3-beta0,192,-0.01,76,2.0979166666666664,10.008314438849183,10.001993320718059
hm-a10-g1-L5p3-n3-beta0__N0192__Aminus_0p01,hm-a10-g1-L5p3-n3-beta0__N0192__Aplus_0p01,hm-a10-g1-L5p3-n3-beta0,192,-0.01,77,2.1255208333333333,10.008030671514277,10.001925324719297
hm-a10-g1-L5p3-n3-beta0__N0192__Aminus_0p01,hm-a10-g1-L5p3-n3-beta0__N0192__Aplus_0p01,hm-a10-g1-L5p3-n3-beta0,192,-0.01,78,2.1531249999999997,10.00772751966177,10.001852676507225
hm-a10-g1-L5p3-n3-beta0__N0192__Aminus_0p01,hm-a10-g1-L5p3-n3-beta0__N0192__Aplus_0p01,hm-a10-g1-L5p3-n3-beta0,192,-0.01,79,2.1807291666666666,10.007405722160218,10.001775551723316
hm-a10-g1-L5p3-n3-beta0__N0192__Aminus_0p01,hm-a10-g1-L5p3-n3-beta0__N0192__Aplus_0p01,hm-a10-g1-L5p3-n3-beta0,192,-0.01,80,2.208333333333333,10.007066062962817,10.001694136805739
hm-a10-g1-L5p3-n3-beta0__N0192__Aminus_0p01,hm-a10-g1-L5p3-n3-beta0__N0192__Aplus_0p01,hm-a10-g1-L5p3-n3-beta0,192,-0.01,81,2.2359375,10.00670936913451,10.001608628534058
hm-a10-g1-L5p3-n3-beta0__N0192__Aminus_0p01,hm-a10-g1-L5p3-n3-beta0__N0192__Aplus_0p01,hm-a10-g1-L5p3-n3-beta0,192,-0.01,82,2.263541666666667,10.00633650877448,10.001519233548958
hm-a10-g1-L5p3-n3-beta0__N0192__Aminus_0p01,hm-a10-g1-L5p3-n3-beta0__N0192__Aplus_0p01,hm-a10-g1-L5p3-n3-beta0,192,-0.01,83,2.291145833333333,10.005948388839863,10.001426167848228
hm-a10-g1-L5p3-n3-beta0__N0192__Aminus_0p01,hm-a10-g1-L5p3-n3-beta0__N0192__Aplus_0p01,hm-a10-g1-L5p3-n3-beta0,192,-0.01,84,2.31875,10.00554595287678,10.001329656260248
hm-a10-g1-L5p3-n3-beta0__N0192__Aminus_0p01,hm-a10-g1-L5p3-n3-beta0__N0192__Aplus_0p01,hm-a10-g1-L5p3-n3-beta0,192,-0.01,85,2.3463541666666665,10.005130178664897,10.001229931896338
hm-a10-g1-L5p3-n3-beta0__N0192__Aminus_0p01,hm-a10-g1-L5p3-n3-beta0__N0192__Aplus_0p01,hm-a10-g1-L5p3-n3-beta0,192,-0.01,86,2.3739583333333334,10.00470207578207,10.001127235583326
hm-a10-g1-L5p3-n3-beta0__N0192__Aminus_0p01,hm-a10-g1-L5p3-n3-beta0__N0192__Aplus_0p01,hm-a10-g1-L5p3-n3-beta0,192,-0.01,87,2.4015625,10.004262683095646,10.001021815277769
hm-a10-g1-L5p3-n3-beta0__N0192__Aminus_0p01,hm-a10-g1-L5p3-n3-beta0__N0192__Aplus_0p01,hm-a10-g1-L5p3-n3-beta0,192,-0.01,88,2.4291666666666667,10.003813066187238,10.000913925463289
hm-a10-g1-L5p3-n3-beta0__N0192__Aminus_0p01,hm-a10-g1-L5p3-n3-beta0__N0192__Aplus_0p01,hm-a10-g1-L5p3-n3-beta0,192,-0.01,89,2.456770833333333,10.00335431471786,10.00080382653252
hm-a10-g1-L5p3-n3-beta0__N0192__Aminus_0p01,hm-a10-g1-L5p3-n3-beta0__N0192__Aplus_0p01,hm-a10-g1-L5p3-n3-beta0,192,-0.01,90,2.484375,10.002887539740431,10.000691784155213
hm-a10-g1-L5p3-n3-beta0__N0192__Aminus_0p01,hm-a10-g1-L5p3-n3-beta0__N0192__Aplus_0p01,hm-a10-g1-L5p3-n3-beta0,192,-0.01,91,2.5119791666666664,10.00241387096671,10.000578068634074
hm-a10-g1-L5p3-n3-beta0__N0192__Aminus_0p01,hm-a10-g1-L5p3-n3-beta0__N0192__Aplus_0p01,hm-a10-g1-L5p3-n3-beta0,192,-0.01,92,2.5395833333333333,10.001934453995784,10.000462954249883
hm-a10-g1-L5p3-n3-beta0__N0192__Aminus_0p01,hm-a10-g1-L5p3-n3-beta0__N0192__Aplus_0p01,hm-a10-g1-L5p3-n3-beta0,192,-0.01,93,2.5671874999999997,10.001450447511294,10.000346718597577
hm-a10-g1-L5p3-n3-beta0__N0192__Aminus_0p01,hm-a10-g1-L5p3-n3-beta0__N0192__Aplus_0p01,hm-a10-g1-L5p3-n3-beta0,192,-0.01,94,2.5947916666666666,10.000963020454504,10.000229641914858
hm-a10-g1-L5p3-n3-beta0__N0192__Aminus_0p01,hm-a10-g1-L5p3-n3-beta0__N0192__Aplus_0p01,hm-a10-g1-L5p3-n3-beta0,192,-0.01,95,2.622395833333333,10.000473349180398,10.000112006405015
hm-a10-g1-L5p3-n3-beta0__N0192__Aminus_0p01,hm-a10-g1-L5p3-n3-beta0__N0192__Aplus_0p01,hm-a10-g1-L5p3-n3-beta0,192,-0.01,96,2.65,9.999982614603903,9.999994095555586
hm-a10-g1-L5p3-n3-beta0__N0192__Aminus_0p01,hm-a10-g1-L5p3-n3-beta0__N0192__Aplus_0p01,hm-a10-g1-L5p3-n3-beta0,192,-0.01,97,2.677604166666667,9.999491999343306,9.999876193454526
hm-a10-g1-L5p3-n3-beta0__N0192__Aminus_0p01,hm-a10-g1-L5p3-n3-beta0__N0192__Aplus_0p01,hm-a10-g1-L5p3-n3-beta0,192,-0.01,98,2.705208333333333,9.999002684867827,9.999758584105544
hm-a10-g1-L5p3-n3-beta0__N0192__Aminus_0p01,hm-a10-g1-L5p3-n3-beta0__N0192__Aplus_0p01,hm-a10-g1-L5p3-n3-beta0,192,-0.01,99,2.7328125,9.99851584865627,9.999641550744238
hm-a10-g1-L5p3-n3-beta0__N0192__Aminus_0p01,hm-a10-g1-L5p3-n3-beta0__N0192__Aplus_0p01,hm-a10-g1-L5p3-n3-beta0,192,-0.01,100,2.7604166666666665,9.998032661373516,9.999525375156685
hm-a10-g1-L5p3-n3-beta0__N0192__Aminus_0p01,hm-a10-g1-L5p3-n3-beta0__N0192__Aplus_0p01,hm-a10-g1-L5p3-n3-beta0,192,-0.01,101,2.7880208333333334,9.997554284071553,9.999410337002136
hm-a10-g1-L5p3-n3-beta0__N0192__Aminus_0p01,hm-a10-g1-L5p3-n3-beta0__N0192__Aplus_0p01,hm-a10-g1-L5p3-n3-beta0,192,-0.01,102,2.815625,9.99708186542154,9.99929671314139
hm-a10-g1-L5p3-n3-beta0__N0192__Aminus_0p01,hm-a10-g1-L5p3-n3-beta0__N0192__Aplus_0p01,hm-a10-g1-L5p3-n3-beta0,192,-0.01,103,2.8432291666666667,9.996616538983314,9.9991847769725
hm-a10-g1-L5p3-n3-beta0__N0192__Aminus_0p01,hm-a10-g1-L5p3-n3-beta0__N0192__Aplus_0p01,hm-a10-g1-L5p3-n3-beta0,192,-0.01,104,2.870833333333333,9.996159420518532,9.999074797775322
hm-a10-g1-L5p3-n3-beta0__N0192__Aminus_0p01,hm-a10-g1-L5p3-n3-beta0__N0192__Aplus_0p01,hm-a10-g1-L5p3-n3-beta0,192,-0.01,105,2.8984375,9.995711605353518,9.99896704006651
hm-a10-g1-L5p3-n3-beta0__N0192__Aminus_0p01,hm-a10-g1-L5p3-n3-beta0__N0192__Aplus_0p01,hm-a10-g1-L5p3-n3-beta0,192,-0.01,106,2.9260416666666664,9.995274165797644,9.998861762966452
hm-a10-g1-L5p3-n3-beta0__N0192__Aminus_0p01,hm-a10-g1-L5p3-n3-beta0__N0192__Aplus_0p01,hm-a10-g1-L5p3-n3-beta0,192,-0.01,107,2.9536458333333333,9.994848148622937,9.998759219579624
hm-a10-g1-L5p3-n3-beta0__N0192__Aminus_0p01,hm-a10-g1-L5p3-n3-beta0__N0192__Aplus_0p01,hm-a10-g1-L5p3-n3-beta0,192,-0.01,108,2.9812499999999997,9.994434572610349,9.998659656389822
hm-a10-g1-L5p3-n3-beta0__N0192__Aminus_0p01,hm-a10-g1-L5p3-n3-beta0__N0192__Aplus_0p01,hm-a10-g1-L5p3-n3-beta0,192,-0.01,109,3.0088541666666666,9.994034426167977,9.998563312671687
hm-a10-g1-L5p3-n3-beta0__N0192__Aminus_0p01,hm-a10-g1-L5p3-n3-beta0__N0192__Aplus_0p01,hm-a10-g1-L5p3-n3-beta0,192,-0.01,110,3.036458333333333,9.99364866502624,9.998470419919858
hm-a10-g1-L5p3-n3-beta0__N0192__Aminus_0p01,hm-a10-g1-L5p3-n3-beta0__N0192__Aplus_0p01,hm-a10-g1-L5p3-n3-beta0,192,-0.01,111,3.0640625,9.993278210014848,9.998381201297125
hm-a10-g1-L5p3-n3-beta0__N0192__Aminus_0p01,hm-a10-g1-L5p3-n3-beta0__N0192__Aplus_0p01,hm-a10-g1-L5p3-n3-beta0,192,-0.01,112,3.091666666666667,9.992923944926162,9.998295871102808
hm-a10-g1-L5p3-n3-beta0__N0192__Aminus_0p01,hm-a10-g1-L5p3-n3-beta0__N0192__Aplus_0p01,hm-a10-g1-L5p3-n3-beta0,192,-0.01,113,3.119270833333333,9.992586714469281,9.998214634262613
hm-a10-g1-L5p3-n3-beta0__N0192__Aminus_0p01,hm-a10-g1-L5p3-n3-beta0__N0192__Aplus_0p01,hm-a10-g1-L5p3-n3-beta0,192,-0.01,114,3.146875,9.99226732231904,9.99813768584112
hm-a10-g1-L5p3-n3-beta0__N0192__Aminus_0p01,hm-a10-g1-L5p3-n3-beta0__N0192__Aplus_0p01,hm-a10-g1-L5p3-n3-beta0,192,-0.01,115,3.1744791666666665,9.991966529263749,9.998065210578032
hm-a10-g1-L5p3-n3-beta0__N0192__Aminus_0p01,hm-a10-g1-L5p3-n3-beta0__N0192__Aplus_0p01,hm-a10-g1-L5p3-n3-beta0,192,-0.01,116,3.2020833333333334,9.991685051455391,9.997997382449224
hm-a10-g1-L5p3-n3-beta0__N0192__Aminus_0p01,hm-a10-g1-L5p3-n3-beta0__N0192__Aplus_0p01,hm-a10-g1-L5p3-n3-beta0,192,-0.01,117,3.2296875,9.991423558765685,9.997934364253622
hm-a10-g1-L5p3-n3-beta0__N0192__Aminus_0p01,hm-a10-g1-L5p3-n3-beta0__N0192__Aplus_0p01,hm-a10-g1-L5p3-n3-beta0,192,-0.01,118,3.2572916666666667,9.99118267325118,9.997876307226807
hm-a10-g1-L5p3-n3-beta0__N0192__Aminus_0p01,hm-a10-g1-L5p3-n3-beta0__N0192__Aplus_0p01,hm-a10-g1-L5p3-n3-beta0,192,-0.01,119,3.284895833333333,9.990962967730349,9.997823350682262
hm-a10-g1-L5p3-n3-beta0__N0192__Aminus_0p01,hm-a10-g1-L5p3-n3-beta0__N0192__Aplus_0p01,hm-a10-g1-L5p3-n3-beta0,192,-0.01,120,3.3125,9.990764964475398,9.997775621681043
hm-a10-g1-L5p3-n3-beta0__N0192__Aminus_0p01,hm-a10-g1-L5p3-n3-beta0__N0192__Aplus_0p01,hm-a10-g1-L5p3-n3-beta0,192,-0.01,121,3.3401041666666664,9.990589134021226,9.997733234730632
hm-a10-g1-L5p3-n3-beta0__N0192__Aminus_0p01,hm-a10-g1-L5p3-n3-beta0__N0192__Aplus_0p01,hm-a10-g1-L5p3-n3-beta0,192,-0.01,122,3.3677083333333333,9.990435894093803,9.997696291513645
hm-a10-g1-L5p3-n3-beta0__N0192__Aminus_0p01,hm-a10-g1-L5p3-n3-beta0__N0192__Aplus_0p01,hm-a10-g1-L5p3-n3-beta0,192,-0.01,123,3.3953124999999997,9.990305608659934,9.997664880647015
hm-a10-g1-L5p3-n3-beta0__N0192__Aminus_0p01,hm-a10-g1-L5p3-n3-beta0__N0192__Aplus_0p01,hm-a10-g1-L5p3-n3-beta0,192,-0.01,124,3.4229166666666666,9.990198587100192,9.997639077472176
hm-a10-g1-L5p3-n3-beta0__N0192__Aminus_0p01,hm-a10-g1-L5p3-n3-beta0__N0192__Aplus_0p01,hm-a10-g1-L5p3-n3-beta0,192,-0.01,125,3.450520833333333,9.9901150835065,9.997618943876725
hm-a10-g1-L5p3-n3-beta0__N0192__Aminus_0p01,hm-a10-g1-L5p3-n3-beta0__N0192__Aplus_0p01,hm-a10-g1-L5p3-n3-beta0,192,-0.01,126,3.478125,9.990055296105702,9.99760452814797
hm-a10-g1-L5p3-n3-beta0__N0192__Aminus_0p01,hm-a10-g1-L5p3-n3-beta0__N0192__Aplus_0p01,hm-a10-g1-L5p3-n3-beta0,192,-0.01,127,3.5057291666666663,9.99001936681012,9.997595864858672
hm-a10-g1-L5p3-n3-beta0__N0192__Aminus_0p01,hm-a10-g1-L5p3-n3-beta0__N0192__Aplus_0p01,hm-a10-g1-L5p3-n3-beta0,192,-0.01,128,3.533333333333333,9.990007380895955,9.997592974785256
hm-a10-g1-L5p3-n3-beta0__N0192__Aminus_0p01,hm-a10-g1-L5p3-n3-beta0__N0192__Aplus_0p01,hm-a10-g1-L5p3-n3-beta0,192,-0.01,129,3.5609375,9.990019366810088,9.99759586485866
hm-a10-g1-L5p3-n3-beta0__N0192__Aminus_0p01,hm-a10-g1-L5p3-n3-beta0__N0192__Aplus_0p01,hm-a10-g1-L5p3-n3-beta0,192,-0.01,130,3.5885416666666665,9.990055296105638,9.997604528147944
hm-a10-g1-L5p3-n3-beta0__N0192__Aminus_0p01,hm-a10-g1-L5p3-n3-beta0__N0192__Aplus_0p01,hm-a10-g1-L5p3-n3-beta0,192,-0.01,131,3.6161458333333334,9.990115083506407,9.997618943876684
hm-a10-g1-L5p3-n3-beta0__N0192__Aminus_0p01,hm-a10-g1-L5p3-n3-beta0__N0192__Aplus_0p01,hm-a10-g1-L5p3-n3-beta0,192,-0.01,132,3.64375,9.990198587100066,9.99763907747212
hm-a10-g1-L5p3-n3-beta0__N0192__Aminus_0p01,hm-a10-g1-L5p3-n3-beta0__N0192__Aplus_0p01,hm-a10-g1-L5p3-n3-beta0,192,-0.01,133,3.6713541666666667,9.990305608659778,9.997664880646948
hm-a10-g1-L5p3-n3-beta0__N0192__Aminus_0p01,hm-a10-g1-L5p3-n3-beta0__N0192__Aplus_0p01,hm-a10-g1-L5p3-n3-beta0,192,-0.01,134,3.698958333333333,9.990435894093613,9.997696291513565
hm-a10-g1-L5p3-n3-beta0__N0192__Aminus_0p01,hm-a10-g1-L5p3-n3-beta0__N0192__Aplus_0p01,hm-a10-g1-L5p3-n3-beta0,192,-0.01,135,3.7265625,9.990589134021006,9.997733234730537
hm-a10-g1-L5p3-n3-beta0__N0192__Aminus_0p01,hm-a10-g1-L5p3-n3-beta0__N0192__Aplus_0p01,hm-a10-g1-L5p3-n3-beta0,192,-0.01,136,3.7541666666666664,9.990764964475146,9.997775621680935
hm-a10-g1-L5p3-n3-beta0__N0192__Aminus_0p01,hm-a10-g1-L5p3-n3-beta0__N0192__Aplus_0p01,hm-a10-g1-L5p3-n3-beta0,192,-0.01,137,3.7817708333333333,9.990962967730065,9.99782335068214
hm-a10-g1-L5p3-n3-beta0__N0192__Aminus_0p01,hm-a10-g1-L5p3-n3-beta0__N0192__Aplus_0p01,hm-a10-g1-L5p3-n3-beta0,192,-0.01,138,3.8093749999999997,9.991182673250863,9.99787630722667
hm-a10-g1-L5p3-n3-beta0__N0192__Aminus_0p01,hm-a10-g1-L5p3-n3-beta0__N0192__Aplus_0p01,hm-a10-g1-L5p3-n3-beta0,192,-0.01,139,3.8369791666666666,9.991423558765337,9.997934364253469
hm-a10-g1-L5p3-n3-beta0__N0192__Aminus_0p01,hm-a10-g1-L5p3-n3-beta0__N0192__Aplus_0p01,hm-a10-g1-L5p3-n3-beta0,192,-0.01,140,3.864583333333333,9.991685051455011,9.997997382449055
hm-a10-g1-L5p3-n3-beta0__N0192__Aminus_0p01,hm-a10-g1-L5p3-n3-beta0__N0192__Aplus_0p01,hm-a10-g1-L5p3-n3-beta0,192,-0.01,141,3.8921875,9.991966529263335,9.998065210577849
hm-a10-g1-L5p3-n3-beta0__N0192__Aminus_0p01,hm-a10-g1-L5p3-n3-beta0__N0192__Aplus_0p01,hm-a10-g1-L5p3-n3-beta0,192,-0.01,142,3.9197916666666663,9.992267322318595,9.998137685840922
hm-a10-g1-L5p3-n3-beta0__N0192__Aminus_0p01,hm-a10-g1-L5p3-n3-beta0__N0192__Aplus_0p01,hm-a10-g1-L5p3-n3-beta0,192,-0.01,143,3.947395833333333,9.992586714468803,9.998214634262396
hm-a10-g1-L5p3-n3-beta0__N0192__Aminus_0p01,hm-a10-g1-L5p3-n3-beta0__N0192__Aplus_0p01,hm-a10-g1-L5p3-n3-beta0,192,-0.01,144,3.9749999999999996,9.99292394492565,9.998295871102576
hm-a10-g1-L5p3-n3-beta0__N0192__Aminus_0p01,hm-a10-g1-L5p3-n3-beta0__N0192__Aplus_0p01,hm-a10-g1-L5p3-n3-beta0,192,-0.01,145,4.002604166666667,9.993278210014305,9.998381201296876
hm-a10-g1-L5p3-n3-beta0__N0192__Aminus_0p01,hm-a10-g1-L5p3-n3-beta0__N0192__Aplus_0p01,hm-a10-g1-L5p3-n3-beta0,192,-0.01,146,4.030208333333333,9.993648665025662,9.998470419919595
hm-a10-g1-L5p3-n3-beta0__N0192__Aminus_0p01,hm-a10-g1-L5p3-n3-beta0__N0192__Aplus_0p01,hm-a10-g1-L5p3-n3-beta0,192,-0.01,147,4.0578125,9.994034426167365,9.998563312671411
hm-a10-g1-L5p3-n3-beta0__N0192__Aminus_0p01,hm-a10-g1-L5p3-n3-beta0__N0192__Aplus_0p01,hm-a10-g1-L5p3-n3-beta0,192,-0.01,148,4.085416666666666,9.994434572609702,9.998659656389536
hm-a10-g1-L5p3-n3-beta0__N0192__Aminus_0p01,hm-a10-g1-L5p3-n3-beta0__N0192__Aplus_0p01,hm-a10-g1-L5p3-n3-beta0,192,-0.01,149,4.113020833333334,9.994848148622255,9.998759219579323
hm-a10-g1-L5p3-n3-beta0__N0192__Aminus_0p01,hm-a10-g1-L5p3-n3-beta0__N0192__Aplus_0p01,hm-a10-g1-L5p3-n3-beta0,192,-0.01,150,4.140625,9.995274165796928,9.998861762966138
hm-a10-g1-L5p3-n3-beta0__N0192__Aminus_0p01,hm-a10-g1-L5p3-n3-beta0__N0192__Aplus_0p01,hm-a10-g1-L5p3-n3-beta0,192,-0.01,151,4.168229166666666,9.995711605352767,9.998967040066182
hm-a10-g1-L5p3-n3-beta0__N0192__Aminus_0p01,hm-a10-g1-L5p3-n3-beta0__N0192__Aplus_0p01,hm-a10-g1-L5p3-n3-beta0,192,-0.01,152,4.195833333333333,9.996159420517746,9.99907479777498
hm-a10-g1-L5p3-n3-beta0__N0192__Aminus_0p01,hm-a10-g1-L5p3-n3-beta0__N0192__Aplus_0p01,hm-a10-g1-L5p3-n3-beta0,192,-0.01,153,4.2234375,9.996616538982492,9.999184776972147
hm-a10-g1-L5p3-n3-beta0__N0192__Aminus_0p01,hm-a10-g1-L5p3-n3-beta0__N0192__Aplus_0p01,hm-a10-g1-L5p3-n3-beta0,192,-0.01,154,4.251041666666667,9.997081865420682,9.999296713141025
hm-a10-g1-L5p3-n3-beta0__N0192__Aminus_0p01,hm-a10-g1-L5p3-n3-beta0__N0192__Aplus_0p01,hm-a10-g1-L5p3-n3-beta0,192,-0.01,155,4.278645833333333,9.99755428407066,9.999410337001759
hm-a10-g1-L5p3-n3-beta0__N0192__Aminus_0p01,hm-a10-g1-L5p3-n3-beta0__N0192__Aplus_0p01,hm-a10-g1-L5p3-n3-beta0,192,-0.01,156,4.3062499999999995,9.998032661372587,9.9995253751563
hm-a10-g1-L5p3-n3-beta0__N0192__Aminus_0p01,hm-a10-g1-L5p3-n3-beta0__N0192__Aplus_0p01,hm-a10-g1-L5p3-n3-beta0,192,-0.01,157,4.333854166666667,9.998515848655304,9.999641550743842
hm-a10-g1-L5p3-n3-beta0__N0192__Aminus_0p01,hm-a10-g1-L5p3-n3-beta0__N0192__Aplus_0p01,hm-a10-g1-L5p3-n3-beta0,192,-0.01,158,4.361458333333333,9.999002684866825,9.999758584105141
hm-a10-g1-L5p3-n3-beta0__N0192__Aminus_0p01,hm-a10-g1-L5p3-n3-beta0__N0192__Aplus_0p01,hm-a10-g1-L5p3-n3-beta0,192,-0.01,159,4.3890625,9.999491999342268,9.999876193454115
hm-a10-g1-L5p3-n3-beta0__N0192__Aminus_0p01,hm-a10-g1-L5p3-n3-beta0__N0192__Aplus_0p01,hm-a10-g1-L5p3-n3-beta0,192,-0.01,160,4.416666666666666,9.99998261460283,9.999994095555168
hm-a10-g1-L5p3-n3-beta0__N0192__Aminus_0p01,hm-a10-g1-L5p3-n3-beta0__N0192__Aplus_0p01,hm-a10-g1-L5p3-n3-beta0,192,-0.01,161,4.444270833333333,10.00047334917929,10.000112006404592
hm-a10-g1-L5p3-n3-beta0__N0192__Aminus_0p01,hm-a10-g1-L5p3-n3-beta0__N0192__Aplus_0p01,hm-a10-g1-L5p3-n3-beta0,192,-0.01,162,4.471875,10.000963020453362,10.00022964191443
hm-a10-g1-L5p3-n3-beta0__N0192__Aminus_0p01,hm-a10-g1-L5p3-n3-beta0__N0192__Aplus_0p01,hm-a10-g1-L5p3-n3-beta0,192,-0.01,163,4.499479166666666,10.001450447510118,10.000346718597141
hm-a10-g1-L5p3-n3-beta0__N0192__Aminus_0p01,hm-a10-g1-L5p3-n3-beta0__N0192__Aplus_0p01,hm-a10-g1-L5p3-n3-beta0,192,-0.01,164,4.527083333333334,10.001934453994574,10.00046295424944
hm-a10-g1-L5p3-n3-beta0__N0192__Aminus_0p01,hm-a10-g1-L5p3-n3-beta0__N0192__Aplus_0p01,hm-a10-g1-L5p3-n3-beta0,192,-0.01,165,4.5546875,10.002413870965466,10.00057806863362
hm-a10-g1-L5p3-n3-beta0__N0192__Aminus_0p01,hm-a10-g1-L5p3-n3-beta0__N0192__Aplus_0p01,hm-a10-g1-L5p3-n3-beta0,192,-0.01,166,4.582291666666666,10.002887539739158,10.000691784154753
hm-a10-g1-L5p3-n3-beta0__N0192__Aminus_0p01,hm-a10-g1-L5p3-n3-beta0__N0192__Aplus_0p01,hm-a10-g1-L5p3-n3-beta0,192,-0.01,167,4.609895833333333,10.003354314716557,10.000803826532051
hm-a10-g1-L5p3-n3-beta0__N0192__Aminus_0p01,hm-a10-g1-L5p3-n3-beta0__N0192__Aplus_0p01,hm-a10-g1-L5p3-n3-beta0,192,-0.01,168,4.6375,10.003813066185904,10.000913925462815
hm-a10-g1-L5p3-n3-beta0__N0192__Aminus_0p01,hm-a10-g1-L5p3-n3-beta0__N0192__Aplus_0p01,hm-a10-g1-L5p3-n3-beta0,192,-0.01,169,4.665104166666667,10.004262683094284,10.001021815277285
hm-a10-g1-L5p3-n3-beta0__N0192__Aminus_0p01,hm-a10-g1-L5p3-n3-beta0__N0192__Aplus_0p01,hm-a10-g1-L5p3-n3-beta0,192,-0.01,170,4.692708333333333,10.00470207578068,10.001127235582835
hm-a10-g1-L5p3-n3-beta0__N0192__Aminus_0p01,hm-a10-g1-L5p3-n3-beta0__N0192__Aplus_0p01,hm-a10-g1-L5p3-n3-beta0,192,-0.01,171,4.7203124999999995,10.00513017866348,10.001229931895843
hm-a10-g1-L5p3-n3-beta0__N0192__Aminus_0p01,hm-a10-g1-L5p3-n3-beta0__N0192__Aplus_0p01,hm-a10-g1-L5p3-n3-beta0,192,-0.01,172,4.747916666666667,10.00554595287534,10.001329656259749
hm-a10-g1-L5p3-n3-beta0__N0192__Aminus_0p01,hm-a10-g1-L5p3-n3-beta0__N0192__Aplus_0p01,hm-a10-g1-L5p3-n3-beta0,192,-0.01,173,4.775520833333333,10.005948388838398,10.001426167847724
hm-a10-g1-L5p3-n3-beta0__N0192__Aminus_0p01,hm-a10-g1-L5p3-n3-beta0__N0192__Aplus_0p01,hm-a10-g1-L5p3-n3-beta0,192,-0.01,174,4.803125,10.006336508772991,10.001519233548448
hm-a10-g1-L5p3-n3-beta0__N0192__Aminus_0p01,hm-a10-g1-L5p3-n3-beta0__N0192__Aplus_0p01,hm-a10-g1-L5p3-n3-beta0,192,-0.01,175,4.830729166666666,10.006709369133002,10.001608628533539
hm-a10-g1-L5p3-n3-beta0__N0192__Aminus_0p01,hm-a10-g1-L5p3-n3-beta0__N0192__Aplus_0p01,hm-a10-g1-L5p3-n3-beta0,192,-0.01,176,4.858333333333333,10.00706606296129,10.001694136805213
hm-a10-g1-L5p3-n3-beta0__N0192__Aminus_0p01,hm-a10-g1-L5p3-n3-beta0__N0192__Aplus_0p01,hm-a10-g1-L5p3-n3-beta0,192,-0.01,177,4.8859375,10.007405722158673,10.001775551722783
hm-a10-g1-L5p3-n3-beta0__N0192__Aminus_0p01,hm-a10-g1-L5p3-n3-beta0__N0192__Aplus_0p01,hm-a10-g1-L5p3-n3-beta0,192,-0.01,178,4.913541666666666,10.007727519660207,10.001852676506687
hm-a10-g1-L5p3-n3-beta0__N0192__Aminus_0p01,hm-a10-g1-L5p3-n3-beta0__N0192__Aplus_0p01,hm-a10-g1-L5p3-n3-beta0,192,-0.01,179,4.941145833333334,10.0080306715127,10.001925324718755
hm-a10-g1-L5p3-n3-beta0__N0192__Aminus_0p01,hm-a10-g1-L5p3-n3-beta0__N0192__Aplus_0p01,hm-a10-g1-L5p3-n3-beta0,192,-0.01,180,4.96875,10.008314438847592,10.001993320717512
hm-a10-g1-L5p3-n3-beta0__N0192__Aminus_0p01,hm-a10-g1-L5p3-n3-beta0__N0192__Aplus_0p01,hm-a10-g1-L5p3-n3-beta0,192,-0.01,181,4.996354166666666,10.00857812974369,10.002056500087358
hm-a10-g1-L5p3-n3-beta0__N0192__Aminus_0p01,hm-a10-g1-L5p3-n3-beta0__N0192__Aplus_0p01,hm-a10-g1-L5p3-n3-beta0,192,-0.01,182,5.023958333333333,10.008821100974417,10.002114710040512
hm-a10-g1-L5p3-n3-beta0__N0192__Aminus_0p01,hm-a10-g1-L5p3-n3-beta0__N0192__Aplus_0p01,hm-a10-g1-L5p3-n3-beta0,192,-0.01,183,5.0515625,10.00904275963459,10.002167809790722
hm-a10-g1-L5p3-n3-beta0__N0192__Aminus_0p01,hm-a10-g1-L5p3-n3-beta0__N0192__Aplus_0p01,hm-a10-g1-L5p3-n3-beta0,192,-0.01,184,5.079166666666667,10.00924256464208,10.002215670897781
hm-a10-g1-L5p3-n3-beta0__N0192__Aminus_0p01,hm-a10-g1-L5p3-n3-beta0__N0192__Aplus_0p01,hm-a10-g1-L5p3-n3-beta0,192,-0.01,185,5.106770833333333,10.009420028109991,10.002258177581956
hm-a10-g1-L5p3-n3-beta0__N0192__Aminus_0p01,hm-a10-g1-L5p3-n3-beta0__N0192__Aplus_0p01,hm-a10-g1-L5p3-n3-beta0,192,-0.01,186,5.1343749999999995,10.00957471658541,10.002295227007522
hm-a10-g1-L5p3-n3-beta0__N0192__Aminus_0p01,hm-a10-g1-L5p3-n3-beta0__N0192__Aplus_0p01,hm-a10-g1-L5p3-n3-beta0,192,-0.01,187,5.161979166666667,10.00970625215109,10.002326729534701
hm-a10-g1-L5p3-n3-beta0__N0192__Aminus_0p01,hm-a10-g1-L5p3-n3-beta0__N0192__Aplus_0p01,hm-a10-g1-L5p3-n3-beta0,192,-0.01,188,5.189583333333333,10.009814313386896,10.002352608939313
hm-a10-g1-L5p3-n3-beta0__N0192__Aminus_0p01,hm-a10-g1-L5p3-n3-beta0__N0192__Aplus_0p01,hm-a10-g1-L5p3-n3-beta0,192,-0.01,189,5.2171875,10.009898636188147,10.002372802599627
hm-a10-g1-L5p3-n3-beta0__N0192__Aminus_0p01,hm-a10-g1-L5p3-n3-beta0__N0192__Aplus_0p01,hm-a10-g1-L5p3-n3-beta0,192,-0.01,190,5.244791666666666,10.009959014438502,10.002387261649874
hm-a10-g1-L5p3-n3-beta0__N0192__Aminus_0p01,hm-a10-g1-L5p3-n3-beta0__N0192__Aplus_0p01,hm-a10-g1-L5p3-n3-beta0,192,-0.01,191,5.272395833333333,10.009995300535367,10.00239595110008
hm-a10-g1-L5p3-n3-beta0__N0192__Aminus_0p01,hm-a10-g1-L5p3-n3-beta0__N0192__Aplus_0p01,hm-a10-g1-L5p3-n3-beta0,192,-0.01,192,5.3,10.010007405766316,10.00239884992188
hm-a10-g1-L5p3-n3-beta0__N0192__Aminus_0p005,hm-a10-g1-L5p3-n3-beta0__N0192__Aplus_0p005,hm-a10-g1-L5p3-n3-beta0,192,-0.005,0,0.0,9.995001846775695,9.998797509464818
hm-a10-g1-L5p3-n3-beta0__N0192__Aminus_0p005,hm-a10-g1-L5p3-n3-beta0__N0192__Aplus_0p005,hm-a10-g1-L5p3-n3-beta0,192,-0.005,1,0.027604166666666666,9.995007854596954,9.99879895559336
hm-a10-g1-L5p3-n3-beta0__N0192__Aminus_0p005,hm-a10-g1-L5p3-n3-beta0__N0192__Aplus_0p005,hm-a10-g1-L5p3-n3-beta0,192,-0.005,2,0.05520833333333333,9.99502586369474,9.998803290503014
hm-a10-g1-L5p3-n3-beta0__N0192__Aminus_0p005,hm-a10-g1-L5p3-n3-beta0__N0192__Aplus_0p005,hm-a10-g1-L5p3-n3-beta0,192,-0.005,3,0.0828125,9.995055831004677,9.99881050377419
hm-a10-g1-L5p3-n3-beta0__N0192__Aminus_0p005,hm-a10-g1-L5p3-n3-beta0__N0192__Aplus_0p005,hm-a10-g1-L5p3-n3-beta0,192,-0.005,4,0.11041666666666666,9.995097684864655,9.998820578068534
hm-a10-g1-L5p3-n3-beta0__N0192__Aminus_0p005,hm-a10-g1-L5p3-n3-beta0__N0192__Aplus_0p005,hm-a10-g1-L5p3-n3-beta0,192,-0.005,5,0.13802083333333331,9.995151325182373,9.998833489170337
hm-a10-g1-L5p3-n3-beta0__N0192__Aminus_0p005,hm-a10-g1-L5p3-n3-beta0__N0192__Aplus_0p005,hm-a10-g1-L5p3-n3-beta0,192,-0.005,6,0.165625,9.995216623669402,9.998849206044344
hm-a10-g1-L5p3-n3-beta0__N0192__Aminus_0p005,hm-a10-g1-L5p3-n3-beta0__N0192__Aplus_0p005,hm-a10-g1-L5p3-n3-beta0,192,-0.005,7,0.19322916666666667,9.995293424141247,9.99886769090986
hm-a10-g1-L5p3-n3-beta0__N0192__Aminus_0p005,hm-a10-g1-L5p3-n3-beta0__N0192__Aplus_0p005,hm-a10-g1-L5p3-n3-beta0,192,-0.005,8,0.22083333333333333,9.995381542882829,9.998888899330973
hm-a10-g1-L5p3-n3-beta0__N0192__Aminus_0p005,hm-a10-g1-L5p3-n3-beta0__N0192__Aplus_0p005,hm-a10-g1-L5p3-n3-beta0,192,-0.005,9,0.24843749999999998,9.995480769078542,9.998912780322687
hm-a10-g1-L5p3-n3-beta0__N0192__Aminus_0p005,hm-a10-g1-L5p3-n3-beta0__N0192__Aplus_0p005,hm-a10-g1-L5p3-n3-beta0,192,-0.005,10,0.27604166666666663,9.995590865306022,9.99893927647271
hm-a10-g1-L5p3-n3-beta0__N0192__Aminus_0p005,hm-a10-g1-L5p3-n3-beta0__N0192__Aplus_0p005,hm-a10-g1-L5p3-n3-beta0,192,-0.005,11,0.30364583333333334,9.995711568092542,9.998968324078616
hm-a10-g1-L5p3-n3-beta0__N0192__Aminus_0p005,hm-a10-g1-L5p3-n3-beta0__N0192__Aplus_0p005,hm-a10-g1-L5p3-n3-beta0,192,-0.005,12,0.33125,9.995842588532856,9.998999853300074
hm-a10-g1-L5p3-n3-beta0__N0192__Aminus_0p005,hm-a10-g1-L5p3-n3-beta0__N0192__Aplus_0p005,hm-a10-g1-L5p3-n3-beta0,192,-0.005,13,0.35885416666666664,9.99598361296716,9.999033788325766
hm-a10-g1-L5p3-n3-beta0__N0192__Aminus_0p005,hm-a10-g1-L5p3-n3-beta0__N0192__Aplus_0p005,hm-a10-g1-L5p3-n3-beta0,192,-0.005,14,0.38645833333333335,9.996134303717717,9.999070047554635
hm-a10-g1-L5p3-n3-beta0__N0192__Aminus_0p005,hm-a10-g1-L5p3-n3-beta0__N0192__Aplus_0p005,hm-a10-g1-L5p3-n3-beta0,192,-0.005,15,0.4140625,9.996294299882528,9.999108543791003
hm-a10-g1-L5p3-n3-beta0__N0192__Aminus_0p005,hm-a10-g1-L5p3-n3-beta0__N0192__Aplus_0p005,hm-a10-g1-L5p3-n3-beta0,192,-0.005,16,0.44166666666666665,9.996463218184369,9.999149184453135
hm-a10-g1-L5p3-n3-beta0__N0192__Aminus_0p005,hm-a10-g1-L5p3-n3-beta0__N0192__Aplus_0p005,hm-a10-g1-L5p3-n3-beta0,192,-0.005,17,0.4692708333333333,9.996640653873298,9.999191871794752
hm-a10-g1-L5p3-n3-beta0__N0192__Aminus_0p005,hm-a10-g1-L5p3-n3-beta0__N0192__Aplus_0p005,hm-a10-g1-L5p3-n3-beta0,192,-0.005,18,0.49687499999999996,9.996826181680706,9.999236503138958
hm-a10-g1-L5p3-n3-beta0__N0192__Aminus_0p005,hm-a10-g1-L5p3-n3-beta0__N0192__Aplus_0p005,hm-a10-g1-L5p3-n3-beta0,192,-0.005,19,0.5244791666666666,9.997019356822767,9.999282971124055
hm-a10-g1-L5p3-n3-beta0__N0192__Aminus_0p005,hm-a10-g1-L5p3-n3-beta0__N0192__Aplus_0p005,hm-a10-g1-L5p3-n3-beta0,192,-0.005,20,0.5520833333333333,9.997219716051093,9.999331163960653
hm-a10-g1-L5p3-n3-beta0__N0192__Aminus_0p005,hm-a10-g1-L5p3-n3-beta0__N0192__Aplus_0p005,hm-a10-g1-L5p3-n3-beta0,192,-0.005,21,0.5796875,9.997426778748292,9.999380965699478
hm-a10-g1-L5p3-n3-beta0__N0192__Aminus_0p005,hm-a10-g1-L5p3-n3-beta0__N0192__Aplus_0p005,hm-a10-g1-L5p3-n3-beta0,192,-0.005,22,0.6072916666666667,9.997640048065922,9.999432256509253
hm-a10-g1-L5p3-n3-beta0__N0192__Aminus_0p005,hm-a10-g1-L5p3-n3-beta0__N0192__Aplus_0p005,hm-a10-g1-L5p3-n3-beta0,192,-0.005,23,0.6348958333333333,9.997859012102355,9.999484912963972
hm-a10-g1-L5p3-n3-beta0__N0192__Aminus_0p005,hm-a10-g1-L5p3-n3-beta0__N0192__Aplus_0p005,hm-a10-g1-L5p3-n3-beta0,192,-0.005,24,0.6625,9.998083145117851,9.999538808338917
hm-a10-g1-L5p3-n3-beta0__N0192__Aminus_0p005,hm-a10-g1-L5p3-n3-beta0__N0192__Aplus_0p005,hm-a10-g1-L5p3-n3-beta0,192,-0.005,25,0.6901041666666666,9.998311908784126,9.999593812914707
hm-a10-g1-L5p3-n3-beta0__N0192__Aminus_0p005,hm-a10-g1-L5p3-n3-beta0__N0192__Aplus_0p005,hm-a10-g1-L5p3-n3-beta0,192,-0.005,26,0.7177083333333333,9.998544753465533,9.99964979428865
hm-a10-g1-L5p3-n3-beta0__N0192__Aminus_0p005,hm-a10-g1-L5p3-n3-beta0__N0192__Aplus_0p005,hm-a10-g1-L5p3-n3-beta0,192,-0.005,27,0.7453124999999999,9.998781119528935,9.999706617692672
hm-a10-g1-L5p3-n3-beta0__N0192__Aminus_0p005,hm-a10-g1-L5p3-n3-beta0__N0192__Aplus_0p005,hm-a10-g1-L5p3-n3-beta0,192,-0.005,28,0.7729166666666667,9.999020438679286,9.999764146317055
hm-a10-g1-L5p3-n3-beta0__N0192__Aminus_0p005,hm-a10-g1-L5p3-n3-beta0__N0192__Aplus_0p005,hm-a10-g1-L5p3-n3-beta0,192,-0.005,29,0.8005208333333333,9.999262135317743,9.999822241639237
hm-a10-g1-L5p3-n3-beta0__N0192__Aminus_0p005,hm-a10-g1-L5p3-n3-beta0__N0192__Aplus_0p005,hm-a10-g1-L5p3-n3-beta0,192,-0.005,30,0.828125,9.999505627919243,9.999880763756847
hm-a10-g1-L5p3-n3-beta0__N0192__Aminus_0p005,hm-a10-g1-L5p3-n3-beta0__N0192__Aplus_0p005,hm-a10-g1-L5p3-n3-beta0,192,-0.005,31,0.8557291666666667,9.999750330426231,9.99993957172422
hm-a10-g1-L5p3-n3-beta0__N0192__Aminus_0p005,hm-a10-g1-L5p3-n3-beta0__N0192__Aplus_0p005,hm-a10-g1-L5p3-n3-beta0,192,-0.005,32,0.8833333333333333,9.999995653655299,9.999998523891573
hm-a10-g1-L5p3-n3-beta0__N0192__Aminus_0p005,hm-a10-g1-L5p3-n3-beta0__N0192__Aplus_0p005,hm-a10-g1-L5p3-n3-beta0,192,-0.005,33,0.9109375,10.000241006713397,10.000057478246019
hm-a10-g1-L5p3-n3-beta0__N0192__Aminus_0p005,hm-a10-g1-L5p3-n3-beta0__N0192__Aplus_0p005,hm-a10-g1-L5p3-n3-beta0,192,-0.005,34,0.9385416666666666,10.0004857984202,10.000116292753606
hm-a10-g1-L5p3-n3-beta0__N0192__Aminus_0p005,hm-a10-g1-L5p3-n3-beta0__N0192__Aplus_0p005,hm-a10-g1-L5p3-n3-beta0,192,-0.005,35,0.9661458333333333,10.000729438733261,10.000174825701565
hm-a10-g1-L5p3-n3-beta0__N0192__Aminus_0p005,hm-a10-g1-L5p3-n3-beta0__N0192__Aplus_0p005,hm-a10-g1-L5p3-n3-beta0,192,-0.005,36,0.9937499999999999,10.00097134017249,10.000232936039934
hm-a10-g1-L5p3-n3-beta0__N0192__Aminus_0p005,hm-a10-g1-L5p3-n3-beta0__N0192__Aplus_0p005,hm-a10-g1-L5p3-n3-beta0,192,-0.005,37,1.0213541666666666,10.001210919240476,10.000290483721725
hm-a10-g1-L5p3-n3-beta0__N0192__Aminus_0p005,hm-a10-g1-L5p3-n3-beta0__N0192__Aplus_0p005,hm-a10-g1-L5p3-n3-beta0,192,-0.005,38,1.0489583333333332,10.001447597835245,10.000347330040842
hm-a10-g1-L5p3-n3-beta0__N0192__Aminus_0p005,hm-a10-g1-L5p3-n3-beta0__N0192__Aplus_0p005,hm-a10-g1-L5p3-n3-beta0,192,-0.005,39,1.0765624999999999,10.001680804651903,10.000403337966883
hm-a10-g1-L5p3-n3-beta0__N0192__Aminus_0p005,hm-a10-g1-L5p3-n3-beta0__N0192__Aplus_0p005,hm-a10-g1-L5p3-n3-beta0,192,-0.005,40,1.1041666666666665,10.001909976569763,10.000458372476063
hm-a10-g1-L5p3-n3-beta0__N0192__Aminus_0p005,hm-a10-g1-L5p3-n3-beta0__N0192__Aplus_0p005,hm-a10-g1-L5p3-n3-beta0,192,-0.005,41,1.1317708333333334,10.002134560021501,10.000512300877414
hm-a10-g1-L5p3-n3-beta0__N0192__Aminus_0p005,hm-a10-g1-L5p3-n3-beta0__N0192__Aplus_0p005,hm-a10-g1-L5p3-n3-beta0,192,-0.005,42,1.159375,10.002354012340891,10.000564993133494
hm-a10-g1-L5p3-n3-beta0__N0192__Aminus_0p005,hm-a10-g1-L5p3-n3-beta0__N0192__Aplus_0p005,hm-a10-g1-L5p3-n3-beta0,192,-0.005,43,1.1869791666666667,10.002567803085773,10.000616322174798
hm-a10-g1-L5p3-n3-beta0__N0192__Aminus_0p005,hm-a10-g1-L5p3-n3-beta0__N0192__Aplus_0p005,hm-a10-g1-L5p3-n3-beta0,192,-0.005,44,1.2145833333333333,10.002775415332895,10.00066616420713
hm-a10-g1-L5p3-n3-beta0__N0192__Aminus_0p005,hm-a10-g1-L5p3-n3-beta0__N0192__Aplus_0p005,hm-a10-g1-L5p3-n3-beta0,192,-0.005,45,1.2421875,10.002976346941356,10.000714399011162
hm-a10-g1-L5p3-n3-beta0__N0192__Aminus_0p005,hm-a10-g1-L5p3-n3-beta0__N0192__Aplus_0p005,hm-a10-g1-L5p3-n3-beta0,192,-0.005,46,1.2697916666666667,10.003170111781433,10.000760910233453
hm-a10-g1-L5p3-n3-beta0__N0192__Aminus_0p005,hm-a10-g1-L5p3-n3-beta0__N0192__Aplus_0p005,hm-a10-g1-L5p3-n3-beta0,192,-0.005,47,1.2973958333333333,10.003356240925632,10.000805585668214
hm-a10-g1-L5p3-n3-beta0__N0192__Aminus_0p005,hm-a10-g1-L5p3-n3-beta0__N0192__Aplus_0p005,hm-a10-g1-L5p3-n3-beta0,192,-0.005,48,1.325,10.003534283798926,10.000848317529133
hm-a10-g1-L5p3-n3-beta0__N0192__Aminus_0p005,hm-a10-g1-L5p3-n3-beta0__N0192__Aplus_0p005,hm-a10-g1-L5p3-n3-beta0,192,-0.005,49,1.3526041666666666,10.003703809285184,10.000889002710569
hm-a10-g1-L5p3-n3-beta0__N0192__Aminus_0p005,hm-a10-g1-L5p3-n3-beta0__N0192__Aplus_0p005,hm-a10-g1-L5p3-n3-beta0,192,-0.005,50,1.3802083333333333,10.003864406786954,10.000927543037495
hm-a10-g1-L5p3-n3-beta0__N0192__Aminus_0p005,hm-a10-g1-L5p3-n3-beta0__N0192__Aplus_0p005,hm-a10-g1-L5p3-n3-beta0,192,-0.005,51,1.4078125,10.0040156872358,10.000963845503561
hm-a10-g1-L5p3-n3-beta0__N0192__Aminus_0p005,hm-a10-g1-L5p3-n3-beta0__N0192__Aplus_0p005,hm-a10-g1-L5p3-n3-beta0,192,-0.005,52,1.4354166666666666,10.004157284050608,10.000997822496695
hm-a10-g1-L5p3-n3-beta0__N0192__Aminus_0p005,hm-a10-g1-L5p3-n3-beta0__N0192__Aplus_0p005,hm-a10-g1-L5p3-n3-beta0,192,-0.005,53,1.4630208333333332,10.004288854041292,10.001029392011663
hm-a10-g1-L5p3-n3-beta0__N0192__Aminus_0p005,hm-a10-g1-L5p3-n3-beta0__N0192__Aplus_0p005,hm-a10-g1-L5p3-n3-beta0,192,-0.005,54,1.4906249999999999,10.004410078255574,10.001058477849105
hm-a10-g1-L5p3-n3-beta0__N0192__Aminus_0p005,hm-a10-g1-L5p3-n3-beta0__N0192__Aplus_0p005,hm-a10-g1-L5p3-n3-beta0,192,-0.005,55,1.5182291666666665,10.004520662766566,10.0010850098005
hm-a10-g1-L5p3-n3-beta0__N0192__Aminus_0p005,hm-a10-g1-L5p3-n3-beta0__N0192__Aplus_0p005,hm-a10-g1-L5p3-n3-beta0,192,-0.005,56,1.5458333333333334,10.004620339399096,10.00110892381863
hm-a10-g1-L5p3-n3-beta0__N0192__Aminus_0p005,hm-a10-g1-L5p3-n3-beta0__N0192__Aplus_0p005,hm-a10-g1-L5p3-n3-beta0,192,-0.005,57,1.5734375,10.004708866392841,10.001130162173142
hm-a10-g1-L5p3-n3-beta0__N0192__Aminus_0p005,hm-a10-g1-L5p3-n3-beta0__N0192__Aplus_0p005,hm-a10-g1-L5p3-n3-beta0,192,-0.005,58,1.6010416666666667,10.004786029000494,10.001148673590764
hm-a10-g1-L5p3-n3-beta0__N0192__Aminus_0p005,hm-a10-g1-L5p3-n3-beta0__N0192__Aplus_0p005,hm-a10-g1-L5p3-n3-beta0,192,-0.005,59,1.6286458333333333,10.004851640019398,10.001164413379877
hm-a10-g1-L5p3-n3-beta0__N0192__Aminus_0p005,hm-a10-g1-L5p3-n3-beta0__N0192__Aplus_0p005,hm-a10-g1-L5p3-n3-beta0,192,-0.005,60,1.65625,10.004905540255205,10.001177343539101
hm-a10-g1-L5p3-n3-beta0__N0192__Aminus_0p005,hm-a10-g1-L5p3-n3-beta0__N0192__Aplus_0p005,hm-a10-g1-L5p3-n3-beta0,192,-0.005,61,1.6838541666666667,10.004947598916322,10.001187432849646
hm-a10-g1-L5p3-n3-beta0__N0192__Aminus_0p005,hm-a10-g1-L5p3-n3-beta0__N0192__Aplus_0p005,hm-a10-g1-L5p3-n3-beta0,192,-0.005,62,1.7114583333333333,10.004977713938098,10.001194656951183
hm-a10-g1-L5p3-n3-beta0__N0192__Aminus_0p005,hm-a10-g1-L5p3-n3-beta0__N0192__Aplus_0p005,hm-a10-g1-L5p3-n3-beta0,192,-0.005,63,1.7390625,10.004995812235874,10.001198998401062
hm-a10-g1-L5p3-n3-beta0__N0192__Aminus_0p005,hm-a10-g1-L5p3-n3-beta0__N0192__Aplus_0p005,hm-a10-g1-L5p3-n3-beta0,192,-0.005,64,1.7666666666666666,10.005001849886224,10.001200446716702
hm-a10-g1-L5p3-n3-beta0__N0192__Aminus_0p005,hm-a10-g1-L5p3-n3-beta0__N0192__Aplus_0p005,hm-a10-g1-L5p3-n3-beta0,192,-0.005,65,1.7942708333333333,10.00499581223589,10.001198998401076
hm-a10-g1-L5p3-n3-beta0__N0192__Aminus_0p005,hm-a10-g1-L5p3-n3-beta0__N0192__Aplus_0p005,hm-a10-g1-L5p3-n3-beta0,192,-0.005,66,1.821875,10.00497771393813,10.001194656951212
hm-a10-g1-L5p3-n3-beta0__N0192__Aminus_0p005,hm-a10-g1-L5p3-n3-beta0__N0192__Aplus_0p005,hm-a10-g1-L5p3-n3-beta0,192,-0.005,67,1.8494791666666666,10.004947598916369,10.001187432849687
hm-a10-g1-L5p3-n3-beta0__N0192__Aminus_0p005,hm-a10-g1-L5p3-n3-beta0__N0192__Aplus_0p005,hm-a10-g1-L5p3-n3-beta0,192,-0.005,68,1.8770833333333332,10.004905540255267,10.001177343539156
hm-a10-g1-L5p3-n3-beta0__N0192__Aminus_0p005,hm-a10-g1-L5p3-n3-beta0__N0192__Aplus_0p005,hm-a10-g1-L5p3-n3-beta0,192,-0.005,69,1.9046874999999999,10.004851640019476,10.001164413379946
hm-a10-g1-L5p3-n3-beta0__N0192__Aminus_0p005,hm-a10-g1-L5p3-n3-beta0__N0192__Aplus_0p005,hm-a10-g1-L5p3-n3-beta0,192,-0.005,70,1.9322916666666665,10.004786029000588,10.001148673590846
hm-a10-g1-L5p3-n3-beta0__N0192__Aminus_0p005,hm-a10-g1-L5p3-n3-beta0__N0192__Aplus_0p005,hm-a10-g1-L5p3-n3-beta0,192,-0.005,71,1.9598958333333332,10.004708866392953,10.001130162173233
hm-a10-g1-L5p3-n3-beta0__N0192__Aminus_0p005,hm-a10-g1-L5p3-n3-beta0__N0192__Aplus_0p005,hm-a10-g1-L5p3-n3-beta0,192,-0.005,72,1.9874999999999998,10.004620339399226,10.00110892381873
hm-a10-g1-L5p3-n3-beta0__N0192__Aminus_0p005,hm-a10-g1-L5p3-n3-beta0__N0192__Aplus_0p005,hm-a10-g1-L5p3-n3-beta0,192,-0.005,73,2.0151041666666667,10.004520662766714,10.001085009800612
hm-a10-g1-L5p3-n3-beta0__N0192__Aminus_0p005,hm-a10-g1-L5p3-n3-beta0__N0192__Aplus_0p005,hm-a10-g1-L5p3-n3-beta0,192,-0.005,74,2.042708333333333,10.004410078255741,10.001058477849229
hm-a10-g1-L5p3-n3-beta0__N0192__Aminus_0p005,hm-a10-g1-L5p3-n3-beta0__N0192__Aplus_0p005,hm-a10-g1-L5p3-n3-beta0,192,-0.005,75,2.0703125,10.00428885404148,10.001029392011796
hm-a10-g1-L5p3-n3-beta0__N0192__Aminus_0p005,hm-a10-g1-L5p3-n3-beta0__N0192__Aplus_0p005,hm-a10-g1-L5p3-n3-beta0,192,-0.005,76,2.0979166666666664,10.004157284050816,10.000997822496839
hm-a10-g1-L5p3-n3-beta0__N0192__Aminus_0p005,hm-a10-g1-L5p3-n3-beta0__N0192__Aplus_0p005,hm-a10-g1-L5p3-n3-beta0,192,-0.005,77,2.1255208333333333,10.00401568723603,10.000963845503717
hm-a10-g1-L5p3-n3-beta0__N0192__Aminus_0p005,hm-a10-g1-L5p3-n3-beta0__N0192__Aplus_0p005,hm-a10-g1-L5p3-n3-beta0,192,-0.005,78,2.1531249999999997,10.003864406787207,10.00092754303766
hm-a10-g1-L5p3-n3-beta0__N0192__Aminus_0p005,hm-a10-g1-L5p3-n3-beta0__N0192__Aplus_0p005,hm-a10-g1-L5p3-n3-beta0,192,-0.005,79,2.1807291666666666,10.003703809285462,10.000889002710744
hm-a10-g1-L5p3-n3-beta0__N0192__Aminus_0p005,hm-a10-g1-L5p3-n3-beta0__N0192__Aplus_0p005,hm-a10-g1-L5p3-n3-beta0,192,-0.005,80,2.208333333333333,10.003534283799226,10.00084831752932
hm-a10-g1-L5p3-n3-beta0__N0192__Aminus_0p005,hm-a10-g1-L5p3-n3-beta0__N0192__Aplus_0p005,hm-a10-g1-L5p3-n3-beta0,192,-0.005,81,2.2359375,10.003356240925958,10.000805585668411
hm-a10-g1-L5p3-n3-beta0__N0192__Aminus_0p005,hm-a10-g1-L5p3-n3-beta0__N0192__Aplus_0p005,hm-a10-g1-L5p3-n3-beta0,192,-0.005,82,2.263541666666667,10.003170111781785,10.00076091023366
hm-a10-g1-L5p3-n3-beta0__N0192__Aminus_0p005,hm-a10-g1-L5p3-n3-beta0__N0192__Aplus_0p005,hm-a10-g1-L5p3-n3-beta0,192,-0.005,83,2.291145833333333,10.002976346941734,10.000714399011382
hm-a10-g1-L5p3-n3-beta0__N0192__Aminus_0p005,hm-a10-g1-L5p3-n3-beta0__N0192__Aplus_0p005,hm-a10-g1-L5p3-n3-beta0,192,-0.005,84,2.31875,10.0027754153333,10.000666164207363
hm-a10-g1-L5p3-n3-beta0__N0192__Aminus_0p005,hm-a10-g1-L5p3-n3-beta0__N0192__Aplus_0p005,hm-a10-g1-L5p3-n3-beta0,192,-0.005,85,2.3463541666666665,10.002567803086208,10.000616322175043
hm-a10-g1-L5p3-n3-beta0__N0192__Aminus_0p005,hm-a10-g1-L5p3-n3-beta0__N0192__Aplus_0p005,hm-a10-g1-L5p3-n3-beta0,192,-0.005,86,2.3739583333333334,10.002354012341357,10.00056499313375
hm-a10-g1-L5p3-n3-beta0__N0192__Aminus_0p005,hm-a10-g1-L5p3-n3-beta0__N0192__Aplus_0p005,hm-a10-g1-L5p3-n3-beta0,192,-0.005,87,2.4015625,10.002134560021997,10.000512300877682
hm-a10-g1-L5p3-n3-beta0__N0192__Aminus_0p005,hm-a10-g1-L5p3-n3-beta0__N0192__Aplus_0p005,hm-a10-g1-L5p3-n3-beta0,192,-0.005,88,2.4291666666666667,10.001909976570289,10.000458372476341
hm-a10-g1-L5p3-n3-beta0__N0192__Aminus_0p005,hm-a10-g1-L5p3-n3-beta0__N0192__Aplus_0p005,hm-a10-g1-L5p3-n3-beta0,192,-0.005,89,2.456770833333333,10.00168080465246,10.000403337967173
hm-a10-g1-L5p3-n3-beta0__N0192__Aminus_0p005,hm-a10-g1-L5p3-n3-beta0__N0192__Aplus_0p005,hm-a10-g1-L5p3-n3-beta0,192,-0.005,90,2.484375,10.001447597835837,10.000347330041144
hm-a10-g1-L5p3-n3-beta0__N0192__Aminus_0p005,hm-a10-g1-L5p3-n3-beta0__N0192__Aplus_0p005,hm-a10-g1-L5p3-n3-beta0,192,-0.005,91,2.5119791666666664,10.001210919241101,10.00029048372204
hm-a10-g1-L5p3-n3-beta0__N0192__Aminus_0p005,hm-a10-g1-L5p3-n3-beta0__N0192__Aplus_0p005,hm-a10-g1-L5p3-n3-beta0,192,-0.005,92,2.5395833333333333,10.000971340173146,10.000232936040259
hm-a10-g1-L5p3-n3-beta0__N0192__Aminus_0p005,hm-a10-g1-L5p3-n3-beta0__N0192__Aplus_0p005,hm-a10-g1-L5p3-n3-beta0,192,-0.005,93,2.5671874999999997,10.000729438733954,10.000174825701901
hm-a10-g1-L5p3-n3-beta0__N0192__Aminus_0p005,hm-a10-g1-L5p3-n3-beta0__N0192__Aplus_0p005,hm-a10-g1-L5p3-n3-beta0,192,-0.005,94,2.5947916666666666,10.000485798420929,10.000116292753951
hm-a10-g1-L5p3-n3-beta0__N0192__Aminus_0p005,hm-a10-g1-L5p3-n3-beta0__N0192__Aplus_0p005,hm-a10-g1-L5p3-n3-beta0,192,-0.005,95,2.622395833333333,10.000241006714162,10.000057478246374
hm-a10-g1-L5p3-n3-beta0__N0192__Aminus_0p005,hm-a10-g1-L5p3-n3-beta0__N0192__Aplus_0p005,hm-a10-g1-L5p3-n3-beta0,192,-0.005,96,2.65,9.9999956536561,9.99999852389194
hm-a10-g1-L5p3-n3-beta0__N0192__Aminus_0p005,hm-a10-g1-L5p3-n3-beta0__N0192__Aplus_0p005,hm-a10-g1-L5p3-n3-beta0,192,-0.005,97,2.677604166666667,9.999750330427068,9.999939571724594
hm-a10-g1-L5p3-n3-beta0__N0192__Aminus_0p005,hm-a10-g1-L5p3-n3-beta0__N0192__Aplus_0p005,hm-a10-g1-L5p3-n3-beta0,192,-0.005,98,2.705208333333333,9.999505627920117,9.99988076375723
hm-a10-g1-L5p3-n3-beta0__N0192__Aminus_0p005,hm-a10-g1-L5p3-n3-beta0__N0192__Aplus_0p005,hm-a10-g1-L5p3-n3-beta0,192,-0.005,99,2.7328125,9.999262135318656,9.999822241639627
hm-a10-g1-L5p3-n3-beta0__N0192__Aminus_0p005,hm-a10-g1-L5p3-n3-beta0__N0192__Aplus_0p005,hm-a10-g1-L5p3-n3-beta0,192,-0.005,100,2.7604166666666665,9.999020438680235,9.999764146317453
hm-a10-g1-L5p3-n3-beta0__N0192__Aminus_0p005,hm-a10-g1-L5p3-n3-beta0__N0192__Aplus_0p005,hm-a10-g1-L5p3-n3-beta0,192,-0.005,101,2.7880208333333334,9.998781119529923,9.999706617693075
hm-a10-g1-L5p3-n3-beta0__N0192__Aminus_0p005,hm-a10-g1-L5p3-n3-beta0__N0192__Aplus_0p005,hm-a10-g1-L5p3-n3-beta0,192,-0.005,102,2.815625,9.998544753466556,9.99964979428906
hm-a10-g1-L5p3-n3-beta0__N0192__Aminus_0p005,hm-a10-g1-L5p3-n3-beta0__N0192__Aplus_0p005,hm-a10-g1-L5p3-n3-beta0,192,-0.005,103,2.8432291666666667,9.998311908785187,9.99959381291512
hm-a10-g1-L5p3-n3-beta0__N0192__Aminus_0p005,hm-a10-g1-L5p3-n3-beta0__N0192__Aplus_0p005,hm-a10-g1-L5p3-n3-beta0,192,-0.005,104,2.870833333333333,9.99808314511895,9.99953880833933
hm-a10-g1-L5p3-n3-beta0__N0192__Aminus_0p005,hm-a10-g1-L5p3-n3-beta0__N0192__Aplus_0p005,hm-a10-g1-L5p3-n3-beta0,192,-0.005,105,2.8984375,9.997859012103488,9.999484912964386
hm-a10-g1-L5p3-n3-beta0__N0192__Aminus_0p005,hm-a10-g1-L5p3-n3-beta0__N0192__Aplus_0p005,hm-a10-g1-L5p3-n3-beta0,192,-0.005,106,2.9260416666666664,9.99764004806709,9.999432256509667
hm-a10-g1-L5p3-n3-beta0__N0192__Aminus_0p005,hm-a10-g1-L5p3-n3-beta0__N0192__Aplus_0p005,hm-a10-g1-L5p3-n3-beta0,192,-0.005,107,2.9536458333333333,9.997426778749494,9.999380965699892
hm-a10-g1-L5p3-n3-beta0__N0192__Aminus_0p005,hm-a10-g1-L5p3-n3-beta0__N0192__Aplus_0p005,hm-a10-g1-L5p3-n3-beta0,192,-0.005,108,2.9812499999999997,9.99721971605233,9.999331163961067
hm-a10-g1-L5p3-n3-beta0__N0192__Aminus_0p005,hm-a10-g1-L5p3-n3-beta0__N0192__Aplus_0p005,hm-a10-g1-L5p3-n3-beta0,192,-0.005,109,3.0088541666666666,9.997019356824033,9.99928297112447
hm-a10-g1-L5p3-n3-beta0__N0192__Aminus_0p005,hm-a10-g1-L5p3-n3-beta0__N0192__Aplus_0p005,hm-a10-g1-L5p3-n3-beta0,192,-0.005,110,3.036458333333333,9.996826181682003,9.999236503139377
hm-a10-g1-L5p3-n3-beta0__N0192__Aminus_0p005,hm-a10-g1-L5p3-n3-beta0__N0192__Aplus_0p005,hm-a10-g1-L5p3-n3-beta0,192,-0.005,111,3.0640625,9.996640653874623,9.999191871795174
hm-a10-g1-L5p3-n3-beta0__N0192__Aminus_0p005,hm-a10-g1-L5p3-n3-beta0__N0192__Aplus_0p005,hm-a10-g1-L5p3-n3-beta0,192,-0.005,112,3.091666666666667,9.996463218185719,9.99914918445356
hm-a10-g1-L5p3-n3-beta0__N0192__Aminus_0p005,hm-a10-g1-L5p3-n3-beta0__N0192__Aplus_0p005,hm-a10-g1-L5p3-n3-beta0,192,-0.005,113,3.119270833333333,9.996294299883905,9.999108543791428
hm-a10-g1-L5p3-n3-beta0__N0192__Aminus_0p005,hm-a10-g1-L5p3-n3-beta0__N0192__Aplus_0p005,hm-a10-g1-L5p3-n3-beta0,192,-0.005,114,3.146875,9.996134303719117,9.999070047555062
hm-a10-g1-L5p3-n3-beta0__N0192__Aminus_0p005,hm-a10-g1-L5p3-n3-beta0__N0192__Aplus_0p005,hm-a10-g1-L5p3-n3-beta0,192,-0.005,115,3.1744791666666665,9.995983612968582,9.999033788326193
hm-a10-g1-L5p3-n3-beta0__N0192__Aminus_0p005,hm-a10-g1-L5p3-n3-beta0__N0192__Aplus_0p005,hm-a10-g1-L5p3-n3-beta0,192,-0.005,116,3.2020833333333334,9.995842588534293,9.998999853300498
hm-a10-g1-L5p3-n3-beta0__N0192__Aminus_0p005,hm-a10-g1-L5p3-n3-beta0__N0192__Aplus_0p005,hm-a10-g1-L5p3-n3-beta0,192,-0.005,117,3.2296875,9.995711568093995,9.99896832407904
hm-a10-g1-L5p3-n3-beta0__N0192__Aminus_0p005,hm-a10-g1-L5p3-n3-beta0__N0192__Aplus_0p005,hm-a10-g1-L5p3-n3-beta0,192,-0.005,118,3.2572916666666667,9.995590865307488,9.998939276473132
hm-a10-g1-L5p3-n3-beta0__N0192__Aminus_0p005,hm-a10-g1-L5p3-n3-beta0__N0192__Aplus_0p005,hm-a10-g1-L5p3-n3-beta0,192,-0.005,119,3.284895833333333,9.99548076908002,9.998912780323108
hm-a10-g1-L5p3-n3-beta0__N0192__Aminus_0p005,hm-a10-g1-L5p3-n3-beta0__N0192__Aplus_0p005,hm-a10-g1-L5p3-n3-beta0,192,-0.005,120,3.3125,9.995381542884315,9.998888899331392
hm-a10-g1-L5p3-n3-beta0__N0192__Aminus_0p005,hm-a10-g1-L5p3-n3-beta0__N0192__Aplus_0p005,hm-a10-g1-L5p3-n3-beta0,192,-0.005,121,3.3401041666666664,9.995293424142739,9.998867690910277
hm-a10-g1-L5p3-n3-beta0__N0192__Aminus_0p005,hm-a10-g1-L5p3-n3-beta0__N0192__Aplus_0p005,hm-a10-g1-L5p3-n3-beta0,192,-0.005,122,3.3677083333333333,9.995216623670895,9.99884920604476
hm-a10-g1-L5p3-n3-beta0__N0192__Aminus_0p005,hm-a10-g1-L5p3-n3-beta0__N0192__Aplus_0p005,hm-a10-g1-L5p3-n3-beta0,192,-0.005,123,3.3953124999999997,9.995151325183869,9.99883348917075
hm-a10-g1-L5p3-n3-beta0__N0192__Aminus_0p005,hm-a10-g1-L5p3-n3-beta0__N0192__Aplus_0p005,hm-a10-g1-L5p3-n3-beta0,192,-0.005,124,3.4229166666666666,9.995097684866145,9.99882057806894
hm-a10-g1-L5p3-n3-beta0__N0192__Aminus_0p005,hm-a10-g1-L5p3-n3-beta0__N0192__Aplus_0p005,hm-a10-g1-L5p3-n3-beta0,192,-0.005,125,3.450520833333333,9.995055831006162,9.99881050377459
hm-a10-g1-L5p3-n3-beta0__N0192__Aminus_0p005,hm-a10-g1-L5p3-n3-beta0__N0192__Aplus_0p005,hm-a10-g1-L5p3-n3-beta0,192,-0.005,126,3.478125,9.995025863696217,9.99880329050341
hm-a10-g1-L5p3-n3-beta0__N0192__Aminus_0p005,hm-a10-g1-L5p3-n3-beta0__N0192__Aplus_0p005,hm-a10-g1-L5p3-n3-beta0,192,-0.005,127,3.5057291666666663,9.995007854598418,9.998798955593747
hm-a10-g1-L5p3-n3-beta0__N0192__Aminus_0p005,hm-a10-g1-L5p3-n3-beta0__N0192__Aplus_0p005,hm-a10-g1-L5p3-n3-beta0,192,-0.005,128,3.533333333333333,9.995001846777146,9.998797509465199
hm-a10-g1-L5p3-n3-beta0__N0192__Aminus_0p005,hm-a10-g1-L5p3-n3-beta0__N0192__Aplus_0p005,hm-a10-g1-L5p3-n3-beta0,192,-0.005,129,3.5609375,9.995007854598384,9.99879895559373
hm-a10-g1-L5p3-n3-beta0__N0192__Aminus_0p005,hm-a10-g1-L5p3-n3-beta0__N0192__Aplus_0p005,hm-a10-g1-L5p3-n3-beta0,192,-0.005,130,3.5885416666666665,9.995025863696151,9.998803290503375
hm-a10-g1-L5p3-n3-beta0__N0192__Aminus_0p005,hm-a10-g1-L5p3-n3-beta0__N0192__Aplus_0p005,hm-a10-g1-L5p3-n3-beta0,192,-0.005,131,3.6161458333333334,9.995055831006063,9.998810503774541
hm-a10-g1-L5p3-n3-beta0__N0192__Aminus_0p005,hm-a10-g1-L5p3-n3-beta0__N0192__Aplus_0p005,hm-a10-g1-L5p3-n3-beta0,192,-0.005,132,3.64375,9.995097684866012,9.998820578068877
hm-a10-g1-L5p3-n3-beta0__N0192__Aminus_0p005,hm-a10-g1-L5p3-n3-beta0__N0192__Aplus_0p005,hm-a10-g1-L5p3-n3-beta0,192,-0.005,133,3.6713541666666667,9.9951513251837,9.998833489170671
hm-a10-g1-L5p3-n3-beta0__N0192__Aminus_0p005,hm-a10-g1-L5p3-n3-beta0__N0192__Aplus_0p005,hm-a10-g1-L5p3-n3-beta0,192,-0.005,134,3.698958333333333,9.995216623670695,9.998849206044666
hm-a10-g1-L5p3-n3-beta0__N0192__Aminus_0p005,hm-a10-g1-L5p3-n3-beta0__N0192__Aplus_0p005,hm-a10-g1-L5p3-n3-beta0,192,-0.005,135,3.7265625,9.995293424142504,9.998867690910169
hm-a10-g1-L5p3-n3-beta0__N0192__Aminus_0p005,hm-a10-g1-L5p3-n3-beta0__N0192__Aplus_0p005,hm-a10-g1-L5p3-n3-beta0,192,-0.005,136,3.7541666666666664,9.995381542884045,9.998888899331268
hm-a10-g1-L5p3-n3-beta0__N0192__Aminus_0p005,hm-a10-g1-L5p3-n3-beta0__N0192__Aplus_0p005,hm-a10-g1-L5p3-n3-beta0,192,-0.005,137,3.7817708333333333,9.995480769079716,9.99891278032297
hm-a10-g1-L5p3-n3-beta0__N0192__Aminus_0p005,hm-a10-g1-L5p3-n3-beta0__N0192__Aplus_0p005,hm-a10-g1-L5p3-n3-beta0,192,-0.005,138,3.8093749999999997,9.995590865307152,9.998939276472976
hm-a10-g1-L5p3-n3-beta0__N0192__Aminus_0p005,hm-a10-g1-L5p3-n3-beta0__N0192__Aplus_0p005,hm-a10-g1-L5p3-n3-beta0,192,-0.005,139,3.8369791666666666,9.995711568093624,9.998968324078866
hm-a10-g1-L5p3-n3-beta0__N0192__Aminus_0p005,hm-a10-g1-L5p3-n3-beta0__N0192__Aplus_0p005,hm-a10-g1-L5p3-n3-beta0,192,-0.005,140,3.864583333333333,9.995842588533886,9.998999853300306
hm-a10-g1-L5p3-n3-beta0__N0192__Aminus_0p005,hm-a10-g1-L5p3-n3-beta0__N0192__Aplus_0p005,hm-a10-g1-L5p3-n3-beta0,192,-0.005,141,3.8921875,9.99598361296814,9.999033788325983
hm-a10-g1-L5p3-n3-beta0__N0192__Aminus_0p005,hm-a10-g1-L5p3-n3-beta0__N0192__Aplus_0p005,hm-a10-g1-L5p3-n3-beta0,192,-0.005,142,3.9197916666666663,9.996134303718641,9.999070047554834
hm-a10-g1-L5p3-n3-beta0__N0192__Aminus_0p005,hm-a10-g1-L5p3-n3-beta0__N0192__Aplus_0p005,hm-a10-g1-L5p3-n3-beta0,192,-0.005,143,3.947395833333333,9.996294299883393,9.99910854379118
hm-a10-g1-L5p3-n3-beta0__N0192__Aminus_0p005,hm-a10-g1-L5p3-n3-beta0__N0192__Aplus_0p005,hm-a10-g1-L5p3-n3-beta0,192,-0.005,144,3.9749999999999996,9.996463218185172,9.999149184453293
hm-a10-g1-L5p3-n3-beta0__N0192__Aminus_0p005,hm-a10-g1-L5p3-n3-beta0__N0192__Aplus_0p005,hm-a10-g1-L5p3-n3-beta0,192,-0.005,145,4.002604166666667,9.99664065387404,9.99919187179489
hm-a10-g1-L5p3-n3-beta0__N0192__Aminus_0p005,hm-a10-g1-L5p3-n3-beta0__N0192__Aplus_0p005,hm-a10-g1-L5p3-n3-beta0,192,-0.005,146,4.030208333333333,9.996826181681383,9.999236503139079
hm-a10-g1-L5p3-n3-beta0__N0192__Aminus_0p005,hm-a10-g1-L5p3-n3-beta0__N0192__Aplus_0p005,hm-a10-g1-L5p3-n3-beta0,192,-0.005,147,4.0578125,9.997019356823376,9.999282971124158
hm-a10-g1-L5p3-n3-beta0__N0192__Aminus_0p005,hm-a10-g1-L5p3-n3-beta0__N0192__Aplus_0p005,hm-a10-g1-L5p3-n3-beta0,192,-0.005,148,4.085416666666666,9.997219716051635,9.99933116396074
hm-a10-g1-L5p3-n3-beta0__N0192__Aminus_0p005,hm-a10-g1-L5p3-n3-beta0__N0192__Aplus_0p005,hm-a10-g1-L5p3-n3-beta0,192,-0.005,149,4.113020833333334,9.997426778748762,9.999380965699551
hm-a10-g1-L5p3-n3-beta0__N0192__Aminus_0p005,hm-a10-g1-L5p3-n3-beta0__N0192__Aplus_0p005,hm-a10-g1-L5p3-n3-beta0,192,-0.005,150,4.140625,9.997640048066321,9.999432256509312
hm-a10-g1-L5p3-n3-beta0__N0192__Aminus_0p005,hm-a10-g1-L5p3-n3-beta0__N0192__Aplus_0p005,hm-a10-g1-L5p3-n3-beta0,192,-0.005,151,4.168229166666666,9.99785901210268,9.999484912964014
hm-a10-g1-L5p3-n3-beta0__N0192__Aminus_0p005,hm-a10-g1-L5p3-n3-beta0__N0192__Aplus_0p005,hm-a10-g1-L5p3-n3-beta0,192,-0.005,152,4.195833333333333,9.998083145118102,9.999538808338944
hm-a10-g1-L5p3-n3-beta0__N0192__Aminus_0p005,hm-a10-g1-L5p3-n3-beta0__N0192__Aplus_0p005,hm-a10-g1-L5p3-n3-beta0,192,-0.005,153,4.2234375,9.998311908784302,9.999593812914718
hm-a10-g1-L5p3-n3-beta0__N0192__Aminus_0p005,hm-a10-g1-L5p3-n3-beta0__N0192__Aplus_0p005,hm-a10-g1-L5p3-n3-beta0,192,-0.005,154,4.251041666666667,9.998544753465632,9.999649794288644
hm-a10-g1-L5p3-n3-beta0__N0192__Aminus_0p005,hm-a10-g1-L5p3-n3-beta0__N0192__Aplus_0p005,hm-a10-g1-L5p3-n3-beta0,192,-0.005,155,4.278645833333333,9.99878111952896,9.999706617692649
hm-a10-g1-L5p3-n3-beta0__N0192__Aminus_0p005,hm-a10-g1-L5p3-n3-beta0__N0192__Aplus_0p005,hm-a10-g1-L5p3-n3-beta0,192,-0.005,156,4.3062499999999995,9.999020438679233,9.999764146317016
hm-a10-g1-L5p3-n3-beta0__N0192__Aminus_0p005,hm-a10-g1-L5p3-n3-beta0__N0192__Aplus_0p005,hm-a10-g1-L5p3-n3-beta0,192,-0.005,157,4.333854166666667,9.999262135317615,9.99982224163918
hm-a10-g1-L5p3-n3-beta0__N0192__Aminus_0p005,hm-a10-g1-L5p3-n3-beta0__N0192__Aplus_0p005,hm-a10-g1-L5p3-n3-beta0,192,-0.005,158,4.361458333333333,9.999505627919039,9.99988076375677
hm-a10-g1-L5p3-n3-beta0__N0192__Aminus_0p005,hm-a10-g1-L5p3-n3-beta0__N0192__Aplus_0p005,hm-a10-g1-L5p3-n3-beta0,192,-0.005,159,4.3890625,9.99975033042595,9.999939571724127
hm-a10-g1-L5p3-n3-beta0__N0192__Aminus_0p005,hm-a10-g1-L5p3-n3-beta0__N0192__Aplus_0p005,hm-a10-g1-L5p3-n3-beta0,192,-0.005,160,4.416666666666666,9.999995653654944,9.999998523891463
hm-a10-g1-L5p3-n3-beta0__N0192__Aminus_0p005,hm-a10-g1-L5p3-n3-beta0__N0192__Aplus_0p005,hm-a10-g1-L5p3-n3-beta0,192,-0.005,161,4.444270833333333,10.000241006712967,10.000057478245893
hm-a10-g1-L5p3-n3-beta0__N0192__Aminus_0p005,hm-a10-g1-L5p3-n3-beta0__N0192__Aplus_0p005,hm-a10-g1-L5p3-n3-beta0,192,-0.005,162,4.471875,10.000485798419696,10.000116292753463
hm-a10-g1-L5p3-n3-beta0__N0192__Aminus_0p005,hm-a10-g1-L5p3-n3-beta0__N0192__Aplus_0p005,hm-a10-g1-L5p3-n3-beta0,192,-0.005,163,4.499479166666666,10.000729438732685,10.000174825701404
hm-a10-g1-L5p3-n3-beta0__N0192__Aminus_0p005,hm-a10-g1-L5p3-n3-beta0__N0192__Aplus_0p005,hm-a10-g1-L5p3-n3-beta0,192,-0.005,164,4.527083333333334,10.000971340171843,10.000232936039751
hm-a10-g1-L5p3-n3-beta0__N0192__Aminus_0p005,hm-a10-g1-L5p3-n3-beta0__N0192__Aplus_0p005,hm-a10-g1-L5p3-n3-beta0,192,-0.005,165,4.5546875,10.00121091923976,10.000290483721521
hm-a10-g1-L5p3-n3-beta0__N0192__Aminus_0p005,hm-a10-g1-L5p3-n3-beta0__N0192__Aplus_0p005,hm-a10-g1-L5p3-n3-beta0,192,-0.005,166,4.582291666666666,10.001447597834463,10.000347330040617
hm-a10-g1-L5p3-n3-beta0__N0192__Aminus_0p005,hm-a10-g1-L5p3-n3-beta0__N0192__Aplus_0p005,hm-a10-g1-L5p3-n3-beta0,192,-0.005,167,4.609895833333333,10.001680804651054,10.000403337966638
hm-a10-g1-L5p3-n3-beta0__N0192__Aminus_0p005,hm-a10-g1-L5p3-n3-beta0__N0192__Aplus_0p005,hm-a10-g1-L5p3-n3-beta0,192,-0.005,168,4.6375,10.00190997656885,10.0004583724758
hm-a10-g1-L5p3-n3-beta0__N0192__Aminus_0p005,hm-a10-g1-L5p3-n3-beta0__N0192__Aplus_0p005,hm-a10-g1-L5p3-n3-beta0,192,-0.005,169,4.665104166666667,10.002134560020526,10.000512300877132
hm-a10-g1-L5p3-n3-beta0__N0192__Aminus_0p005,hm-a10-g1-L5p3-n3-beta0__N0192__Aplus_0p005,hm-a10-g1-L5p3-n3-beta0,192,-0.005,170,4.692708333333333,10.002354012339856,10.000564993133192
hm-a10-g1-L5p3-n3-beta0__N0192__Aminus_0p005,hm-a10-g1-L5p3-n3-beta0__N0192__Aplus_0p005,hm-a10-g1-L5p3-n3-beta0,192,-0.005,171,4.7203124999999995,10.002567803084679,10.000616322174478
hm-a10-g1-L5p3-n3-beta0__N0192__Aminus_0p005,hm-a10-g1-L5p3-n3-beta0__N0192__Aplus_0p005,hm-a10-g1-L5p3-n3-beta0,192,-0.005,172,4.747916666666667,10.002775415331744,10.000666164206793
hm-a10-g1-L5p3-n3-beta0__N0192__Aminus_0p005,hm-a10-g1-L5p3-n3-beta0__N0192__Aplus_0p005,hm-a10-g1-L5p3-n3-beta0,192,-0.005,173,4.775520833333333,10.002976346940152,10.000714399010807
hm-a10-g1-L5p3-n3-beta0__N0192__Aminus_0p005,hm-a10-g1-L5p3-n3-beta0__N0192__Aplus_0p005,hm-a10-g1-L5p3-n3-beta0,192,-0.005,174,4.803125,10.003170111780177,10.000760910233078
hm-a10-g1-L5p3-n3-beta0__N0192__Aminus_0p005,hm-a10-g1-L5p3-n3-beta0__N0192__Aplus_0p005,hm-a10-g1-L5p3-n3-beta0,192,-0.005,175,4.830729166666666,10.003356240924328,10.00080558566782
hm-a10-g1-L5p3-n3-beta0__N0192__Aminus_0p005,hm-a10-g1-L5p3-n3-beta0__N0192__Aplus_0p005,hm-a10-g1-L5p3-n3-beta0,192,-0.005,176,4.858333333333333,10.003534283797576,10.00084831752872
hm-a10-g1-L5p3-n3-beta0__N0192__Aminus_0p005,hm-a10-g1-L5p3-n3-beta0__N0192__Aplus_0p005,hm-a10-g1-L5p3-n3-beta0,192,-0.005,177,4.8859375,10.00370380928379,10.000889002710137
hm-a10-g1-L5p3-n3-beta0__N0192__Aminus_0p005,hm-a10-g1-L5p3-n3-beta0__N0192__Aplus_0p005,hm-a10-g1-L5p3-n3-beta0,192,-0.005,178,4.913541666666666,10.003864406785517,10.000927543037045
hm-a10-g1-L5p3-n3-beta0__N0192__Aminus_0p005,hm-a10-g1-L5p3-n3-beta0__N0192__Aplus_0p005,hm-a10-g1-L5p3-n3-beta0,192,-0.005,179,4.941145833333334,10.004015687234325,10.000963845503097
hm-a10-g1-L5p3-n3-beta0__N0192__Aminus_0p005,hm-a10-g1-L5p3-n3-beta0__N0192__Aplus_0p005,hm-a10-g1-L5p3-n3-beta0,192,-0.005,180,4.96875,10.004157284049096,10.000997822496215
hm-a10-g1-L5p3-n3-beta0__N0192__Aminus_0p005,hm-a10-g1-L5p3-n3-beta0__N0192__Aplus_0p005,hm-a10-g1-L5p3-n3-beta0,192,-0.005,181,4.996354166666666,10.004288854039746,10.001029392011171
hm-a10-g1-L5p3-n3-beta0__N0192__Aminus_0p005,hm-a10-g1-L5p3-n3-beta0__N0192__Aplus_0p005,hm-a10-g1-L5p3-n3-beta0,192,-0.005,182,5.023958333333333,10.004410078253995,10.001058477848602
hm-a10-g1-L5p3-n3-beta0__N0192__Aminus_0p005,hm-a10-g1-L5p3-n3-beta0__N0192__Aplus_0p005,hm-a10-g1-L5p3-n3-beta0,192,-0.005,183,5.0515625,10.004520662764959,10.001085009799983
hm-a10-g1-L5p3-n3-beta0__N0192__Aminus_0p005,hm-a10-g1-L5p3-n3-beta0__N0192__Aplus_0p005,hm-a10-g1-L5p3-n3-beta0,192,-0.005,184,5.079166666666667,10.004620339397462,10.001108923818101
hm-a10-g1-L5p3-n3-beta0__N0192__Aminus_0p005,hm-a10-g1-L5p3-n3-beta0__N0192__Aplus_0p005,hm-a10-g1-L5p3-n3-beta0,192,-0.005,185,5.106770833333333,10.004708866391182,10.001130162172602
hm-a10-g1-L5p3-n3-beta0__N0192__Aminus_0p005,hm-a10-g1-L5p3-n3-beta0__N0192__Aplus_0p005,hm-a10-g1-L5p3-n3-beta0,192,-0.005,186,5.1343749999999995,10.004786028998813,10.001148673590214
hm-a10-g1-L5p3-n3-beta0__N0192__Aminus_0p005,hm-a10-g1-L5p3-n3-beta0__N0192__Aplus_0p005,hm-a10-g1-L5p3-n3-beta0,192,-0.005,187,5.161979166666667,10.004851640017698,10.001164413379316
hm-a10-g1-L5p3-n3-beta0__N0192__Aminus_0p005,hm-a10-g1-L5p3-n3-beta0__N0192__Aplus_0p005,hm-a10-g1-L5p3-n3-beta0,192,-0.005,188,5.189583333333333,10.004905540253487,10.00117734353853
hm-a10-g1-L5p3-n3-beta0__N0192__Aminus_0p005,hm-a10-g1-L5p3-n3-beta0__N0192__Aplus_0p005,hm-a10-g1-L5p3-n3-beta0,192,-0.005,189,5.2171875,10.00494759891459,10.001187432849065
hm-a10-g1-L5p3-n3-beta0__N0192__Aminus_0p005,hm-a10-g1-L5p3-n3-beta0__N0192__Aplus_0p005,hm-a10-g1-L5p3-n3-beta0,192,-0.005,190,5.244791666666666,10.004977713936352,10.001194656950595
hm-a10-g1-L5p3-n3-beta0__N0192__Aminus_0p005,hm-a10-g1-L5p3-n3-beta0__N0192__Aplus_0p005,hm-a10-g1-L5p3-n3-beta0,192,-0.005,191,5.272395833333333,10.004995812234117,10.001198998400465
hm-a10-g1-L5p3-n3-beta0__N0192__Aminus_0p005,hm-a10-g1-L5p3-n3-beta0__N0192__Aplus_0p005,hm-a10-g1-L5p3-n3-beta0,192,-0.005,192,5.3,10.005001849884458,10.0012004467161
hm-a10-g1-L5p3-n3-beta0__N0192__Aminus_0p0025,hm-a10-g1-L5p3-n3-beta0__N0192__Aplus_0p0025,hm-a10-g1-L5p3-n3-beta0,192,-0.0025,0,0.0,9.99750046188905,9.999399010230226
hm-a10-g1-L5p3-n3-beta0__N0192__Aminus_0p0025,hm-a10-g1-L5p3-n3-beta0__N0192__Aplus_0p0025,hm-a10-g1-L5p3-n3-beta0,192,-0.0025,1,0.027604166666666666,9.997503469522009,9.99939973356767
hm-a10-g1-L5p3-n3-beta0__N0192__Aminus_0p0025,hm-a10-g1-L5p3-n3-beta0__N0192__Aplus_0p0025,hm-a10-g1-L5p3-n3-beta0,192,-0.0025,2,0.05520833333333333,9.99751248520212,9.999401901839384
hm-a10-g1-L5p3-n3-beta0__N0192__Aminus_0p0025,hm-a10-g1-L5p3-n3-beta0__N0192__Aplus_0p0025,hm-a10-g1-L5p3-n3-beta0,192,-0.0025,3,0.0828125,9.99752748729022,9.999405509827717
hm-a10-g1-L5p3-n3-beta0__N0192__Aminus_0p0025,hm-a10-g1-L5p3-n3-beta0__N0192__Aplus_0p0025,hm-a10-g1-L5p3-n3-beta0,192,-0.0025,4,0.11041666666666666,9.997548439778104,9.999410548850477
hm-a10-g1-L5p3-n3-beta0__N0192__Aminus_0p0025,hm-a10-g1-L5p3-n3-beta0__N0192__Aplus_0p0025,hm-a10-g1-L5p3-n3-beta0,192,-0.0025,5,0.13802083333333331,9.997575292373991,9.999417006781764
hm-a10-g1-L5p3-n3-beta0__N0192__Aminus_0p0025,hm-a10-g1-L5p3-n3-beta0__N0192__Aplus_0p0025,hm-a10-g1-L5p3-n3-beta0,192,-0.0025,6,0.165625,9.997607980621913,9.999424868081045
hm-a10-g1-L5p3-n3-beta0__N0192__Aminus_0p0025,hm-a10-g1-L5p3-n3-beta0__N0192__Aplus_0p0025,hm-a10-g1-L5p3-n3-beta0,192,-0.0025,7,0.19322916666666667,9.997646426054732,9.999434113830436
hm-a10-g1-L5p3-n3-beta0__N0192__Aminus_0p0025,hm-a10-g1-L5p3-n3-beta0__N0192__Aplus_0p0025,hm-a10-g1-L5p3-n3-beta0,192,-0.0025,8,0.22083333333333333,9.997690536380482,9.999444721780067
hm-a10-g1-L5p3-n3-beta0__N0192__Aminus_0p0025,hm-a10-g1-L5p3-n3-beta0__N0192__Aplus_0p0025,hm-a10-g1-L5p3-n3-beta0,192,-0.0025,9,0.24843749999999998,9.997740205701552,9.99945666640146
hm-a10-g1-L5p3-n3-beta0__N0192__Aminus_0p0025,hm-a10-g1-L5p3-n3-beta0__N0192__Aplus_0p0025,hm-a10-g1-L5p3-n3-beta0,192,-0.0025,10,0.27604166666666663,9.997795314766277,9.999469918948774
hm-a10-g1-L5p3-n3-beta0__N0192__Aminus_0p0025,hm-a10-g1-L5p3-n3-beta0__N0192__Aplus_0p0025,hm-a10-g1-L5p3-n3-beta0,192,-0.0025,11,0.30364583333333334,9.997855731252317,9.999484447527758
hm-a10-g1-L5p3-n3-beta0__N0192__Aminus_0p0025,hm-a10-g1-L5p3-n3-beta0__N0192__Aplus_0p0025,hm-a10-g1-L5p3-n3-beta0,192,-0.0025,12,0.33125,9.997921310081198,9.999500217172285
hm-a10-g1-L5p3-n3-beta0__N0192__Aminus_0p0025,hm-a10-g1-L5p3-n3-beta0__N0192__Aplus_0p0025,hm-a10-g1-L5p3-n3-beta0,192,-0.0025,13,0.35885416666666664,9.9979918937633,9.999517189928257
hm-a10-g1-L5p3-n3-beta0__N0192__Aminus_0p0025,hm-a10-g1-L5p3-n3-beta0__N0192__Aplus_0p0025,hm-a10-g1-L5p3-n3-beta0,192,-0.0025,14,0.38645833333333335,9.9980673127725,9.999535324944679
hm-a10-g1-L5p3-n3-beta0__N0192__Aminus_0p0025,hm-a10-g1-L5p3-n3-beta0__N0192__Aplus_0p0025,hm-a10-g1-L5p3-n3-beta0,192,-0.0025,15,0.4140625,9.998147385949606,9.999554578571724
hm-a10-g1-L5p3-n3-beta0__N0192__Aminus_0p0025,hm-a10-g1-L5p3-n3-beta0__N0192__Aplus_0p0025,hm-a10-g1-L5p3-n3-beta0,192,-0.0025,16,0.44166666666666665,9.998231920933671,9.999574904465499
hm-a10-g1-L5p3-n3-beta0__N0192__Aminus_0p0025,hm-a10-g1-L5p3-n3-beta0__N0192__Aplus_0p0025,hm-a10-g1-L5p3-n3-beta0,192,-0.0025,17,0.4692708333333333,9.998320714620192,9.999596253699321
hm-a10-g1-L5p3-n3-beta0__N0192__Aminus_0p0025,hm-a10-g1-L5p3-n3-beta0__N0192__Aplus_0p0025,hm-a10-g1-L5p3-n3-beta0,192,-0.0025,18,0.49687499999999996,9.998413553645138,9.999618574881188
hm-a10-g1-L5p3-n3-beta0__N0192__Aminus_0p0025,hm-a10-g1-L5p3-n3-beta0__N0192__Aplus_0p0025,hm-a10-g1-L5p3-n3-beta0,192,-0.0025,19,0.5244791666666666,9.998510214893686,9.99964181427721
hm-a10-g1-L5p3-n3-beta0__N0192__Aminus_0p0025,hm-a10-g1-L5p3-n3-beta0__N0192__Aplus_0p0025,hm-a10-g1-L5p3-n3-beta0,192,-0.0025,20,0.5520833333333333,9.99861046603251,9.999665915940664
hm-a10-g1-L5p3-n3-beta0__N0192__Aminus_0p0025,hm-a10-g1-L5p3-n3-beta0__N0192__Aplus_0p0025,hm-a10-g1-L5p3-n3-beta0,192,-0.0025,21,0.5796875,9.998714066064364,9.99969082184641
hm-a10-g1-L5p3-n3-beta0__N0192__Aminus_0p0025,hm-a10-g1-L5p3-n3-beta0__N0192__Aplus_0p0025,hm-a10-g1-L5p3-n3-beta0,192,-0.0025,22,0.6072916666666667,9.998820765903702,9.999716472030315
hm-a10-g1-L5p3-n3-beta0__N0192__Aminus_0p0025,hm-a10-g1-L5p3-n3-beta0__N0192__Aplus_0p0025,hm-a10-g1-L5p3-n3-beta0,192,-0.0025,23,0.6348958333333333,9.998930308971957,9.999742804733344
hm-a10-g1-L5p3-n3-beta0__N0192__Aminus_0p0025,hm-a10-g1-L5p3-n3-beta0__N0192__Aplus_0p0025,hm-a10-g1-L5p3-n3-beta0,192,-0.0025,24,0.6625,9.999042431811146,9.999769756550034
hm-a10-g1-L5p3-n3-beta0__N0192__Aminus_0p0025,hm-a10-g1-L5p3-n3-beta0__N0192__Aplus_0p0025,hm-a10-g1-L5p3-n3-beta0,192,-0.0025,25,0.6901041666666666,9.999156864714298,9.999797262580916
hm-a10-g1-L5p3-n3-beta0__N0192__Aminus_0p0025,hm-a10-g1-L5p3-n3-beta0__N0192__Aplus_0p0025,hm-a10-g1-L5p3-n3-beta0,192,-0.0025,26,0.7177083333333333,9.999273332371295,9.999825256588581
hm-a10-g1-L5p3-n3-beta0__N0192__Aminus_0p0025,hm-a10-g1-L5p3-n3-beta0__N0192__Aplus_0p0025,hm-a10-g1-L5p3-n3-beta0,192,-0.0025,27,0.7453124999999999,9.999391554528563,9.999853671156995
hm-a10-g1-L5p3-n3-beta0__N0192__Aminus_0p0025,hm-a10-g1-L5p3-n3-beta0__N0192__Aplus_0p0025,hm-a10-g1-L5p3-n3-beta0,192,-0.0025,28,0.7729166666666667,9.999511246661063,9.999882437853667
hm-a10-g1-L5p3-n3-beta0__N0192__Aminus_0p0025,hm-a10-g1-L5p3-n3-beta0__N0192__Aplus_0p0025,hm-a10-g1-L5p3-n3-beta0,192,-0.0025,29,0.8005208333333333,9.99963212065502,9.999911487394323
hm-a10-g1-L5p3-n3-beta0__N0192__Aminus_0p0025,hm-a10-g1-L5p3-n3-beta0__N0192__Aplus_0p0025,hm-a10-g1-L5p3-n3-beta0,192,-0.0025,30,0.828125,9.999753885499747,9.999940749809648
hm-a10-g1-L5p3-n3-beta0__N0192__Aminus_0p0025,hm-a10-g1-L5p3-n3-beta0__N0192__Aplus_0p0025,hm-a10-g1-L5p3-n3-beta0,192,-0.0025,31,0.8557291666666667,9.999876247986911,9.999970154613713
hm-a10-g1-L5p3-n3-beta0__N0192__Aminus_0p0025,hm-a10-g1-L5p3-n3-beta0__N0192__Aplus_0p0025,hm-a10-g1-L5p3-n3-beta0,192,-0.0025,32,0.8833333333333333,9.999998913415626,9.999999630973692
hm-a10-g1-L5p3-n3-beta0__N0192__Aminus_0p0025,hm-a10-g1-L5p3-n3-beta0__N0192__Aplus_0p0025,hm-a10-g1-L5p3-n3-beta0,192,-0.0025,33,0.9109375,10.0001215863016,10.000029107880442
hm-a10-g1-L5p3-n3-beta0__N0192__Aminus_0p0025,hm-a10-g1-L5p3-n3-beta0__N0192__Aplus_0p0025,hm-a10-g1-L5p3-n3-beta0,192,-0.0025,34,0.9385416666666666,10.000243971088729,10.00005851431956
hm-a10-g1-L5p3-n3-beta0__N0192__Aminus_0p0025,hm-a10-g1-L5p3-n3-beta0__N0192__Aplus_0p0025,hm-a10-g1-L5p3-n3-beta0,192,-0.0025,35,0.9661458333333333,10.00036577286136,10.000087779442474
hm-a10-g1-L5p3-n3-beta0__N0192__Aminus_0p0025,hm-a10-g1-L5p3-n3-beta0__N0192__Aplus_0p0025,hm-a10-g1-L5p3-n3-beta0,192,-0.0025,36,0.9937499999999999,10.000486698055528,10.000116832737177
hm-a10-g1-L5p3-n3-beta0__N0192__Aminus_0p0025,hm-a10-g1-L5p3-n3-beta0__N0192__Aplus_0p0025,hm-a10-g1-L5p3-n3-beta0,192,-0.0025,37,1.0213541666666666,10.00060645516746,10.0001456041982
hm-a10-g1-L5p3-n3-beta0__N0192__Aminus_0p0025,hm-a10-g1-L5p3-n3-beta0__N0192__Aplus_0p0025,hm-a10-g1-L5p3-n3-beta0,192,-0.0025,38,1.0489583333333332,10.000724755457593,10.00017402449539
hm-a10-g1-L5p3-n3-beta0__N0192__Aminus_0p0025,hm-a10-g1-L5p3-n3-beta0__N0192__Aplus_0p0025,hm-a10-g1-L5p3-n3-beta0,192,-0.0025,39,1.0765624999999999,10.000841313648431,10.000202025141082
hm-a10-g1-L5p3-n3-beta0__N0192__Aminus_0p0025,hm-a10-g1-L5p3-n3-beta0__N0192__Aplus_0p0025,hm-a10-g1-L5p3-n3-beta0,192,-0.0025,40,1.1041666666666665,10.000955848614504,10.000229538655315
hm-a10-g1-L5p3-n3-beta0__N0192__Aminus_0p0025,hm-a10-g1-L5p3-n3-beta0__N0192__Aplus_0p0025,hm-a10-g1-L5p3-n3-beta0,192,-0.0025,41,1.1317708333333334,10.001068084062773,10.00025649872861
hm-a10-g1-L5p3-n3-beta0__N0192__Aminus_0p0025,hm-a10-g1-L5p3-n3-beta0__N0192__Aplus_0p0025,hm-a10-g1-L5p3-n3-beta0,192,-0.0025,42,1.159375,10.001177749201787,10.000282840381985
hm-a10-g1-L5p3-n3-beta0__N0192__Aminus_0p0025,hm-a10-g1-L5p3-n3-beta0__N0192__Aplus_0p0025,hm-a10-g1-L5p3-n3-beta0,192,-0.0025,43,1.1869791666666667,10.001284579397947,10.000308500123772
hm-a10-g1-L5p3-n3-beta0__N0192__Aminus_0p0025,hm-a10-g1-L5p3-n3-beta0__N0192__Aplus_0p0025,hm-a10-g1-L5p3-n3-beta0,192,-0.0025,44,1.2145833333333333,10.001388316817284,10.000333416102901
hm-a10-g1-L5p3-n3-beta0__N0192__Aminus_0p0025,hm-a10-g1-L5p3-n3-beta0__N0192__Aplus_0p0025,hm-a10-g1-L5p3-n3-beta0,192,-0.0025,45,1.2421875,10.001488711051135,10.000357528258215
hm-a10-g1-L5p3-n3-beta0__N0192__Aminus_0p0025,hm-a10-g1-L5p3-n3-beta0__N0192__Aplus_0p0025,hm-a10-g1-L5p3-n3-beta0,192,-0.0025,46,1.2697916666666667,10.001585519724172,10.000380778463533
hm-a10-g1-L5p3-n3-beta0__N0192__Aminus_0p0025,hm-a10-g1-L5p3-n3-beta0__N0192__Aplus_0p0025,hm-a10-g1-L5p3-n3-beta0,192,-0.0025,47,1.2973958333333333,10.001678509083288,10.000403110668039
hm-a10-g1-L5p3-n3-beta0__N0192__Aminus_0p0025,hm-a10-g1-L5p3-n3-beta0__N0192__Aplus_0p0025,hm-a10-g1-L5p3-n3-beta0,192,-0.0025,48,1.325,10.001767454565863,10.000424471031684
hm-a10-g1-L5p3-n3-beta0__N0192__Aminus_0p0025,hm-a10-g1-L5p3-n3-beta0__N0192__Aplus_0p0025,hm-a10-g1-L5p3-n3-beta0,192,-0.0025,49,1.3526041666666666,10.001852141345987,10.000444808055285
hm-a10-g1-L5p3-n3-beta0__N0192__Aminus_0p0025,hm-a10-g1-L5p3-n3-beta0__N0192__Aplus_0p0025,hm-a10-g1-L5p3-n3-beta0,192,-0.0025,50,1.3802083333333333,10.001932364857275,10.000464072704968
hm-a10-g1-L5p3-n3-beta0__N0192__Aminus_0p0025,hm-a10-g1-L5p3-n3-beta0__N0192__Aplus_0p0025,hm-a10-g1-L5p3-n3-beta0,192,-0.0025,51,1.4078125,10.002007931290983,10.000482218530689
hm-a10-g1-L5p3-n3-beta0__N0192__Aminus_0p0025,hm-a10-g1-L5p3-n3-beta0__N0192__Aplus_0p0025,hm-a10-g1-L5p3-n3-beta0,192,-0.0025,52,1.4354166666666666,10.002078658068138,10.000499201778519
hm-a10-g1-L5p3-n3-beta0__N0192__Aminus_0p0025,hm-a10-g1-L5p3-n3-beta0__N0192__Aplus_0p0025,hm-a10-g1-L5p3-n3-beta0,192,-0.0025,53,1.4630208333333332,10.002144374284534,10.000514981496424
hm-a10-g1-L5p3-n3-beta0__N0192__Aminus_0p0025,hm-a10-g1-L5p3-n3-beta0__N0192__Aplus_0p0025,hm-a10-g1-L5p3-n3-beta0,192,-0.0025,54,1.4906249999999999,10.002204921127431,10.000529519633291
hm-a10-g1-L5p3-n3-beta0__N0192__Aminus_0p0025,hm-a10-g1-L5p3-n3-beta0__N0192__Aplus_0p0025,hm-a10-g1-L5p3-n3-beta0,192,-0.0025,55,1.5182291666666665,10.002260152262952,10.000542781130948
hm-a10-g1-L5p3-n3-beta0__N0192__Aminus_0p0025,hm-a10-g1-L5p3-n3-beta0__N0192__Aplus_0p0025,hm-a10-g1-L5p3-n3-beta0,192,-0.0025,56,1.5458333333333334,10.002309934193145,10.000554734008947
hm-a10-g1-L5p3-n3-beta0__N0192__Aminus_0p0025,hm-a10-g1-L5p3-n3-beta0__N0192__Aplus_0p0025,hm-a10-g1-L5p3-n3-beta0,192,-0.0025,57,1.5734375,10.002354146581855,10.000565349441928
hm-a10-g1-L5p3-n3-beta0__N0192__Aminus_0p0025,hm-a10-g1-L5p3-n3-beta0__N0192__Aplus_0p0025,hm-a10-g1-L5p3-n3-beta0,192,-0.0025,58,1.6010416666666667,10.002392682548555,10.000574601829344
hm-a10-g1-L5p3-n3-beta0__N0192__Aminus_0p0025,hm-a10-g1-L5p3-n3-beta0__N0192__Aplus_0p0025,hm-a10-g1-L5p3-n3-beta0,192,-0.0025,59,1.6286458333333333,10.00242544892938,10.000582468857406
hm-a10-g1-L5p3-n3-beta0__N0192__Aminus_0p0025,hm-a10-g1-L5p3-n3-beta0__N0192__Aplus_0p0025,hm-a10-g1-L5p3-n3-beta0,192,-0.0025,60,1.65625,10.002452366504734,10.00058893155305
hm-a10-g1-L5p3-n3-beta0__N0192__Aminus_0p0025,hm-a10-g1-L5p3-n3-beta0__N0192__Aplus_0p0025,hm-a10-g1-L5p3-n3-beta0,192,-0.0025,61,1.6838541666666667,10.00247337019286,10.000593974329863
hm-a10-g1-L5p3-n3-beta0__N0192__Aminus_0p0025,hm-a10-g1-L5p3-n3-beta0__N0192__Aplus_0p0025,hm-a10-g1-L5p3-n3-beta0,192,-0.0025,62,1.7114583333333333,10.002488409208889,10.00059758502579
hm-a10-g1-L5p3-n3-beta0__N0192__Aminus_0p0025,hm-a10-g1-L5p3-n3-beta0__N0192__Aplus_0p0025,hm-a10-g1-L5p3-n3-beta0,192,-0.0025,63,1.7390625,10.002497447188983,10.000599754932567
hm-a10-g1-L5p3-n3-beta0__N0192__Aminus_0p0025,hm-a10-g1-L5p3-n3-beta0__N0192__Aplus_0p0025,hm-a10-g1-L5p3-n3-beta0,192,-0.0025,64,1.7666666666666666,10.002500462279214,10.000600478816791
hm-a10-g1-L5p3-n3-beta0__N0192__Aminus_0p0025,hm-a10-g1-L5p3-n3-beta0__N0192__Aplus_0p0025,hm-a10-g1-L5p3-n3-beta0,192,-0.0025,65,1.7942708333333333,10.002497447189,10.000599754932583
hm-a10-g1-L5p3-n3-beta0__N0192__Aminus_0p0025,hm-a10-g1-L5p3-n3-beta0__N0192__Aplus_0p0025,hm-a10-g1-L5p3-n3-beta0,192,-0.0025,66,1.821875,10.002488409208926,10.00059758502582
hm-a10-g1-L5p3-n3-beta0__N0192__Aminus_0p0025,hm-a10-g1-L5p3-n3-beta0__N0192__Aplus_0p0025,hm-a10-g1-L5p3-n3-beta0,192,-0.0025,67,1.8494791666666666,10.002473370192915,10.000593974329906
hm-a10-g1-L5p3-n3-beta0__N0192__Aminus_0p0025,hm-a10-g1-L5p3-n3-beta0__N0192__Aplus_0p0025,hm-a10-g1-L5p3-n3-beta0,192,-0.0025,68,1.8770833333333332,10.002452366504809,10.000588931553105
hm-a10-g1-L5p3-n3-beta0__N0192__Aminus_0p0025,hm-a10-g1-L5p3-n3-beta0__N0192__Aplus_0p0025,hm-a10-g1-L5p3-n3-beta0,192,-0.0025,69,1.9046874999999999,10.002425448929472,10.000582468857477
hm-a10-g1-L5p3-n3-beta0__N0192__Aminus_0p0025,hm-a10-g1-L5p3-n3-beta0__N0192__Aplus_0p0025,hm-a10-g1-L5p3-n3-beta0,192,-0.0025,70,1.9322916666666665,10.002392682548667,10.00057460182943
hm-a10-g1-L5p3-n3-beta0__N0192__Aminus_0p0025,hm-a10-g1-L5p3-n3-beta0__N0192__Aplus_0p0025,hm-a10-g1-L5p3-n3-beta0,192,-0.0025,71,1.9598958333333332,10.002354146581988,10.000565349442022
hm-a10-g1-L5p3-n3-beta0__N0192__Aminus_0p0025,hm-a10-g1-L5p3-n3-beta0__N0192__Aplus_0p0025,hm-a10-g1-L5p3-n3-beta0,192,-0.0025,72,1.9874999999999998,10.002309934193297,10.000554734009052
hm-a10-g1-L5p3-n3-beta0__N0192__Aminus_0p0025,hm-a10-g1-L5p3-n3-beta0__N0192__Aplus_0p0025,hm-a10-g1-L5p3-n3-beta0,192,-0.0025,73,2.0151041666666667,10.002260152263126,10.000542781131065
hm-a10-g1-L5p3-n3-beta0__N0192__Aminus_0p0025,hm-a10-g1-L5p3-n3-beta0__N0192__Aplus_0p0025,hm-a10-g1-L5p3-n3-beta0,192,-0.0025,74,2.042708333333333,10.002204921127628,10.000529519633421
hm-a10-g1-L5p3-n3-beta0__N0192__Aminus_0p0025,hm-a10-g1-L5p3-n3-beta0__N0192__Aplus_0p0025,hm-a10-g1-L5p3-n3-beta0,192,-0.0025,75,2.0703125,10.002144374284752,10.000514981496565
hm-a10-g1-L5p3-n3-beta0__N0192__Aminus_0p0025,hm-a10-g1-L5p3-n3-beta0__N0192__Aplus_0p0025,hm-a10-g1-L5p3-n3-beta0,192,-0.0025,76,2.0979166666666664,10.00207865806838,10.000499201778672
hm-a10-g1-L5p3-n3-beta0__N0192__Aminus_0p0025,hm-a10-g1-L5p3-n3-beta0__N0192__Aplus_0p0025,hm-a10-g1-L5p3-n3-beta0,192,-0.0025,77,2.1255208333333333,10.002007931291248,10.000482218530854
hm-a10-g1-L5p3-n3-beta0__N0192__Aminus_0p0025,hm-a10-g1-L5p3-n3-beta0__N0192__Aplus_0p0025,hm-a10-g1-L5p3-n3-beta0,192,-0.0025,78,2.1531249999999997,10.001932364857565,10.000464072705144
hm-a10-g1-L5p3-n3-beta0__N0192__Aminus_0p0025,hm-a10-g1-L5p3-n3-beta0__N0192__Aplus_0p0025,hm-a10-g1-L5p3-n3-beta0,192,-0.0025,79,2.1807291666666666,10.001852141346301,10.000444808055471
hm-a10-g1-L5p3-n3-beta0__N0192__Aminus_0p0025,hm-a10-g1-L5p3-n3-beta0__N0192__Aplus_0p0025,hm-a10-g1-L5p3-n3-beta0,192,-0.0025,80,2.208333333333333,10.001767454566204,10.00042447103188
hm-a10-g1-L5p3-n3-beta0__N0192__Aminus_0p0025,hm-a10-g1-L5p3-n3-beta0__N0192__Aplus_0p0025,hm-a10-g1-L5p3-n3-beta0,192,-0.0025,81,2.2359375,10.001678509083654,10.000403110668245
hm-a10-g1-L5p3-n3-beta0__N0192__Aminus_0p0025,hm-a10-g1-L5p3-n3-beta0__N0192__Aplus_0p0025,hm-a10-g1-L5p3-n3-beta0,192,-0.0025,82,2.263541666666667,10.001585519724564,10.00038077846375
hm-a10-g1-L5p3-n3-beta0__N0192__Aminus_0p0025,hm-a10-g1-L5p3-n3-beta0__N0192__Aplus_0p0025,hm-a10-g1-L5p3-n3-beta0,192,-0.0025,83,2.291145833333333,10.001488711051556,10.000357528258442
hm-a10-g1-L5p3-n3-beta0__N0192__Aminus_0p0025,hm-a10-g1-L5p3-n3-beta0__N0192__Aplus_0p0025,hm-a10-g1-L5p3-n3-beta0,192,-0.0025,84,2.31875,10.001388316817733,10.00033341610314
hm-a10-g1-L5p3-n3-beta0__N0192__Aminus_0p0025,hm-a10-g1-L5p3-n3-beta0__N0192__Aplus_0p0025,hm-a10-g1-L5p3-n3-beta0,192,-0.0025,85,2.3463541666666665,10.001284579398424,10.000308500124026
hm-a10-g1-L5p3-n3-beta0__N0192__Aminus_0p0025,hm-a10-g1-L5p3-n3-beta0__N0192__Aplus_0p0025,hm-a10-g1-L5p3-n3-beta0,192,-0.0025,86,2.3739583333333334,10.001177749202295,10.00028284038225
hm-a10-g1-L5p3-n3-beta0__N0192__Aminus_0p0025,hm-a10-g1-L5p3-n3-beta0__N0192__Aplus_0p0025,hm-a10-g1-L5p3-n3-beta0,192,-0.0025,87,2.4015625,10.001068084063313,10.000256498728886
hm-a10-g1-L5p3-n3-beta0__N0192__Aminus_0p0025,hm-a10-g1-L5p3-n3-beta0__N0192__Aplus_0p0025,hm-a10-g1-L5p3-n3-beta0,192,-0.0025,88,2.4291666666666667,10.000955848615074,10.000229538655601
hm-a10-g1-L5p3-n3-beta0__N0192__Aminus_0p0025,hm-a10-g1-L5p3-n3-beta0__N0192__Aplus_0p0025,hm-a10-g1-L5p3-n3-beta0,192,-0.0025,89,2.456770833333333,10.000841313649033,10.00020202514138
hm-a10-g1-L5p3-n3-beta0__N0192__Aminus_0p0025,hm-a10-g1-L5p3-n3-beta0__N0192__Aplus_0p0025,hm-a10-g1-L5p3-n3-beta0,192,-0.0025,90,2.484375,10.00072475545823,10.0001740244957
hm-a10-g1-L5p3-n3-beta0__N0192__Aminus_0p0025,hm-a10-g1-L5p3-n3-beta0__N0192__Aplus_0p0025,hm-a10-g1-L5p3-n3-beta0,192,-0.0025,91,2.5119791666666664,10.000606455168128,10.000145604198522
hm-a10-g1-L5p3-n3-beta0__N0192__Aminus_0p0025,hm-a10-g1-L5p3-n3-beta0__N0192__Aplus_0p0025,hm-a10-g1-L5p3-n3-beta0,192,-0.0025,92,2.5395833333333333,10.00048669805623,10.00011683273751
hm-a10-g1-L5p3-n3-beta0__N0192__Aminus_0p0025,hm-a10-g1-L5p3-n3-beta0__N0192__Aplus_0p0025,hm-a10-g1-L5p3-n3-beta0,192,-0.0025,93,2.5671874999999997,10.000365772862096,10.000087779442815
hm-a10-g1-L5p3-n3-beta0__N0192__Aminus_0p0025,hm-a10-g1-L5p3-n3-beta0__N0192__Aplus_0p0025,hm-a10-g1-L5p3-n3-beta0,192,-0.0025,94,2.5947916666666666,10.0002439710895,10.000058514319914
hm-a10-g1-L5p3-n3-beta0__N0192__Aminus_0p0025,hm-a10-g1-L5p3-n3-beta0__N0192__Aplus_0p0025,hm-a10-g1-L5p3-n3-beta0,192,-0.0025,95,2.622395833333333,10.000121586302406,10.000029107880808
hm-a10-g1-L5p3-n3-beta0__N0192__Aminus_0p0025,hm-a10-g1-L5p3-n3-beta0__N0192__Aplus_0p0025,hm-a10-g1-L5p3-n3-beta0,192,-0.0025,96,2.65,9.999998913416468,9.999999630974068
hm-a10-g1-L5p3-n3-beta0__N0192__Aminus_0p0025,hm-a10-g1-L5p3-n3-beta0__N0192__Aplus_0p0025,hm-a10-g1-L5p3-n3-beta0,192,-0.0025,97,2.677604166666667,9.999876247987789,9.9999701546141
hm-a10-g1-L5p3-n3-beta0__N0192__Aminus_0p0025,hm-a10-g1-L5p3-n3-beta0__N0192__Aplus_0p0025,hm-a10-g1-L5p3-n3-beta0,192,-0.0025,98,2.705208333333333,9.99975388550066,9.999940749810044
hm-a10-g1-L5p3-n3-beta0__N0192__Aminus_0p0025,hm-a10-g1-L5p3-n3-beta0__N0192__Aplus_0p0025,hm-a10-g1-L5p3-n3-beta0,192,-0.0025,99,2.7328125,9.99963212065597,9.999911487394728
hm-a10-g1-L5p3-n3-beta0__N0192__Aminus_0p0025,hm-a10-g1-L5p3-n3-beta0__N0192__Aplus_0p0025,hm-a10-g1-L5p3-n3-beta0,192,-0.0025,100,2.7604166666666665,9.999511246662049,9.999882437854078
hm-a10-g1-L5p3-n3-beta0__N0192__Aminus_0p0025,hm-a10-g1-L5p3-n3-beta0__N0192__Aplus_0p0025,hm-a10-g1-L5p3-n3-beta0,192,-0.0025,101,2.7880208333333334,9.999391554529586,9.999853671157414
hm-a10-g1-L5p3-n3-beta0__N0192__Aminus_0p0025,hm-a10-g1-L5p3-n3-beta0__N0192__Aplus_0p0025,hm-a10-g1-L5p3-n3-beta0,192,-0.0025,102,2.815625,9.999273332372354,9.999825256589006
hm-a10-g1-L5p3-n3-beta0__N0192__Aminus_0p0025,hm-a10-g1-L5p3-n3-beta0__N0192__Aplus_0p0025,hm-a10-g1-L5p3-n3-beta0,192,-0.0025,103,2.8432291666666667,9.999156864715392,9.999797262581344
hm-a10-g1-L5p3-n3-beta0__N0192__Aminus_0p0025,hm-a10-g1-L5p3-n3-beta0__N0192__Aplus_0p0025,hm-a10-g1-L5p3-n3-beta0,192,-0.0025,104,2.870833333333333,9.999042431812274,9.999769756550464
hm-a10-g1-L5p3-n3-beta0__N0192__Aminus_0p0025,hm-a10-g1-L5p3-n3-beta0__N0192__Aplus_0p0025,hm-a10-g1-L5p3-n3-beta0,192,-0.0025,105,2.8984375,9.99893030897312,9.999742804733772
hm-a10-g1-L5p3-n3-beta0__N0192__Aminus_0p0025,hm-a10-g1-L5p3-n3-beta0__N0192__Aplus_0p0025,hm-a10-g1-L5p3-n3-beta0,192,-0.0025,106,2.9260416666666664,9.998820765904899,9.999716472030743
hm-a10-g1-L5p3-n3-beta0__N0192__Aminus_0p0025,hm-a10-g1-L5p3-n3-beta0__N0192__Aplus_0p0025,hm-a10-g1-L5p3-n3-beta0,192,-0.0025,107,2.9536458333333333,9.998714066065595,9.99969082184684
hm-a10-g1-L5p3-n3-beta0__N0192__Aminus_0p0025,hm-a10-g1-L5p3-n3-beta0__N0192__Aplus_0p0025,hm-a10-g1-L5p3-n3-beta0,192,-0.0025,108,2.9812499999999997,9.998610466033771,9.999665915941096
hm-a10-g1-L5p3-n3-beta0__N0192__Aminus_0p0025,hm-a10-g1-L5p3-n3-beta0__N0192__Aplus_0p0025,hm-a10-g1-L5p3-n3-beta0,192,-0.0025,109,3.0088541666666666,9.998510214894978,9.999641814277643
hm-a10-g1-L5p3-n3-beta0__N0192__Aminus_0p0025,hm-a10-g1-L5p3-n3-beta0__N0192__Aplus_0p0025,hm-a10-g1-L5p3-n3-beta0,192,-0.0025,110,3.036458333333333,9.99841355364646,9.999618574881627
hm-a10-g1-L5p3-n3-beta0__N0192__Aminus_0p0025,hm-a10-g1-L5p3-n3-beta0__N0192__Aplus_0p0025,hm-a10-g1-L5p3-n3-beta0,192,-0.0025,111,3.0640625,9.99832071462154,9.999596253699762
hm-a10-g1-L5p3-n3-beta0__N0192__Aminus_0p0025,hm-a10-g1-L5p3-n3-beta0__N0192__Aplus_0p0025,hm-a10-g1-L5p3-n3-beta0,192,-0.0025,112,3.091666666666667,9.998231920935044,9.999574904465943
hm-a10-g1-L5p3-n3-beta0__N0192__Aminus_0p0025,hm-a10-g1-L5p3-n3-beta0__N0192__Aplus_0p0025,hm-a10-g1-L5p3-n3-beta0,192,-0.0025,113,3.119270833333333,9.998147385951002,9.999554578572168
hm-a10-g1-L5p3-n3-beta0__N0192__Aminus_0p0025,hm-a10-g1-L5p3-n3-beta0__N0192__Aplus_0p0025,hm-a10-g1-L5p3-n3-beta0,192,-0.0025,114,3.146875,9.99806731277392,9.999535324945123
hm-a10-g1-L5p3-n3-beta0__N0192__Aminus_0p0025,hm-a10-g1-L5p3-n3-beta0__N0192__Aplus_0p0025,hm-a10-g1-L5p3-n3-beta0,192,-0.0025,115,3.1744791666666665,9.997991893764738,9.999517189928701
hm-a10-g1-L5p3-n3-beta0__N0192__Aminus_0p0025,hm-a10-g1-L5p3-n3-beta0__N0192__Aplus_0p0025,hm-a10-g1-L5p3-n3-beta0,192,-0.0025,116,3.2020833333333334,9.997921310082653,9.99950021717273
hm-a10-g1-L5p3-n3-beta0__N0192__Aminus_0p0025,hm-a10-g1-L5p3-n3-beta0__N0192__Aplus_0p0025,hm-a10-g1-L5p3-n3-beta0,192,-0.0025,117,3.2296875,9.997855731253788,9.999484447528204
hm-a10-g1-L5p3-n3-beta0__N0192__Aminus_0p0025,hm-a10-g1-L5p3-n3-beta0__N0192__Aplus_0p0025,hm-a10-g1-L5p3-n3-beta0,192,-0.0025,118,3.2572916666666667,9.99779531476776,9.999469918949218
hm-a10-g1-L5p3-n3-beta0__N0192__Aminus_0p0025,hm-a10-g1-L5p3-n3-beta0__N0192__Aplus_0p0025,hm-a10-g1-L5p3-n3-beta0,192,-0.0025,119,3.284895833333333,9.997740205703044,9.999456666401903
hm-a10-g1-L5p3-n3-beta0__N0192__Aminus_0p0025,hm-a10-g1-L5p3-n3-beta0__N0192__Aplus_0p0025,hm-a10-g1-L5p3-n3-beta0,192,-0.0025,120,3.3125,9.997690536381983,9.999444721780508
hm-a10-g1-L5p3-n3-beta0__N0192__Aminus_0p0025,hm-a10-g1-L5p3-n3-beta0__N0192__Aplus_0p0025,hm-a10-g1-L5p3-n3-beta0,192,-0.0025,121,3.3401041666666664,9.997646426056237,9.999434113830876
hm-a10-g1-L5p3-n3-beta0__N0192__Aminus_0p0025,hm-a10-g1-L5p3-n3-beta0__N0192__Aplus_0p0025,hm-a10-g1-L5p3-n3-beta0,192,-0.0025,122,3.3677083333333333,9.99760798062342,9.999424868081485
hm-a10-g1-L5p3-n3-beta0__N0192__Aminus_0p0025,hm-a10-g1-L5p3-n3-beta0__N0192__Aplus_0p0025,hm-a10-g1-L5p3-n3-beta0,192,-0.0025,123,3.3953124999999997,9.997575292375497,9.9994170067822
hm-a10-g1-L5p3-n3-beta0__N0192__Aminus_0p0025,hm-a10-g1-L5p3-n3-beta0__N0192__Aplus_0p0025,hm-a10-g1-L5p3-n3-beta0,192,-0.0025,124,3.4229166666666666,9.997548439779607,9.999410548850909
hm-a10-g1-L5p3-n3-beta0__N0192__Aminus_0p0025,hm-a10-g1-L5p3-n3-beta0__N0192__Aplus_0p0025,hm-a10-g1-L5p3-n3-beta0,192,-0.0025,125,3.450520833333333,9.997527487291718,9.999405509828144
hm-a10-g1-L5p3-n3-beta0__N0192__Aminus_0p0025,hm-a10-g1-L5p3-n3-beta0__N0192__Aplus_0p0025,hm-a10-g1-L5p3-n3-beta0,192,-0.0025,126,3.478125,9.997512485203607,9.999401901839805
hm-a10-g1-L5p3-n3-beta0__N0192__Aminus_0p0025,hm-a10-g1-L5p3-n3-beta0__N0192__Aplus_0p0025,hm-a10-g1-L5p3-n3-beta0,192,-0.0025,127,3.5057291666666663,9.997503469523485,9.999399733568083
hm-a10-g1-L5p3-n3-beta0__N0192__Aminus_0p0025,hm-a10-g1-L5p3-n3-beta0__N0192__Aplus_0p0025,hm-a10-g1-L5p3-n3-beta0,192,-0.0025,128,3.533333333333333,9.99750046189051,9.999399010230633
hm-a10-g1-L5p3-n3-beta0__N0192__Aminus_0p0025,hm-a10-g1-L5p3-n3-beta0__N0192__Aplus_0p0025,hm-a10-g1-L5p3-n3-beta0,192,-0.0025,129,3.5609375,9.997503469523451,9.999399733568067
hm-a10-g1-L5p3-n3-beta0__N0192__Aminus_0p0025,hm-a10-g1-L5p3-n3-beta0__N0192__Aplus_0p0025,hm-a10-g1-L5p3-n3-beta0,192,-0.0025,130,3.5885416666666665,9.997512485203544,9.999401901839775
hm-a10-g1-L5p3-n3-beta0__N0192__Aminus_0p0025,hm-a10-g1-L5p3-n3-beta0__N0192__Aplus_0p0025,hm-a10-g1-L5p3-n3-beta0,192,-0.0025,131,3.6161458333333334,9.99752748729162,9.9994055098281
hm-a10-g1-L5p3-n3-beta0__N0192__Aminus_0p0025,hm-a10-g1-L5p3-n3-beta0__N0192__Aplus_0p0025,hm-a10-g1-L5p3-n3-beta0,192,-0.0025,132,3.64375,9.997548439779477,9.99941054885085
hm-a10-g1-L5p3-n3-beta0__N0192__Aminus_0p0025,hm-a10-g1-L5p3-n3-beta0__N0192__Aplus_0p0025,hm-a10-g1-L5p3-n3-beta0,192,-0.0025,133,3.6713541666666667,9.997575292375334,9.999417006782128
hm-a10-g1-L5p3-n3-beta0__N0192__Aminus_0p0025,hm-a10-g1-L5p3-n3-beta0__N0192__Aplus_0p0025,hm-a10-g1-L5p3-n3-beta0,192,-0.0025,134,3.698958333333333,9.997607980623222,9.9994248680814
hm-a10-g1-L5p3-n3-beta0__N0192__Aminus_0p0025,hm-a10-g1-L5p3-n3-beta0__N0192__Aplus_0p0025,hm-a10-g1-L5p3-n3-beta0,192,-0.0025,135,3.7265625,9.997646426056008,9.999434113830777
hm-a10-g1-L5p3-n3-beta0__N0192__Aminus_0p0025,hm-a10-g1-L5p3-n3-beta0__N0192__Aplus_0p0025,hm-a10-g1-L5p3-n3-beta0,192,-0.0025,136,3.7541666666666664,9.99769053638172,9.999444721780392
hm-a10-g1-L5p3-n3-beta0__N0192__Aminus_0p0025,hm-a10-g1-L5p3-n3-beta0__N0192__Aplus_0p0025,hm-a10-g1-L5p3-n3-beta0,192,-0.0025,137,3.7817708333333333,9.99774020570275,9.999456666401773
hm-a10-g1-L5p3-n3-beta0__N0192__Aminus_0p0025,hm-a10-g1-L5p3-n3-beta0__N0192__Aplus_0p0025,hm-a10-g1-L5p3-n3-beta0,192,-0.0025,138,3.8093749999999997,9.997795314767432,9.999469918949073
hm-a10-g1-L5p3-n3-beta0__N0192__Aminus_0p0025,hm-a10-g1-L5p3-n3-beta0__N0192__Aplus_0p0025,hm-a10-g1-L5p3-n3-beta0,192,-0.0025,139,3.8369791666666666,9.997855731253425,9.999484447528042
hm-a10-g1-L5p3-n3-beta0__N0192__Aminus_0p0025,hm-a10-g1-L5p3-n3-beta0__N0192__Aplus_0p0025,hm-a10-g1-L5p3-n3-beta0,192,-0.0025,140,3.864583333333333,9.997921310082257,9.999500217172553
hm-a10-g1-L5p3-n3-beta0__N0192__Aminus_0p0025,hm-a10-g1-L5p3-n3-beta0__N0192__Aplus_0p0025,hm-a10-g1-L5p3-n3-beta0,192,-0.0025,141,3.8921875,9.99799189376431,9.999517189928508
hm-a10-g1-L5p3-n3-beta0__N0192__Aminus_0p0025,hm-a10-g1-L5p3-n3-beta0__N0192__Aplus_0p0025,hm-a10-g1-L5p3-n3-beta0,192,-0.0025,142,3.9197916666666663,9.998067312773456,9.999535324944913
hm-a10-g1-L5p3-n3-beta0__N0192__Aminus_0p0025,hm-a10-g1-L5p3-n3-beta0__N0192__Aplus_0p0025,hm-a10-g1-L5p3-n3-beta0,192,-0.0025,143,3.947395833333333,9.998147385950505,9.999554578571939
hm-a10-g1-L5p3-n3-beta0__N0192__Aminus_0p0025,hm-a10-g1-L5p3-n3-beta0__N0192__Aplus_0p0025,hm-a10-g1-L5p3-n3-beta0,192,-0.0025,144,3.9749999999999996,9.998231920934511,9.999574904465694
hm-a10-g1-L5p3-n3-beta0__N0192__Aminus_0p0025,hm-a10-g1-L5p3-n3-beta0__N0192__Aplus_0p0025,hm-a10-g1-L5p3-n3-beta0,192,-0.0025,145,4.002604166666667,9.998320714620974,9.999596253699497
hm-a10-g1-L5p3-n3-beta0__N0192__Aminus_0p0025,hm-a10-g1-L5p3-n3-beta0__N0192__Aplus_0p0025,hm-a10-g1-L5p3-n3-beta0,192,-0.0025,146,4.030208333333333,9.998413553645856,9.999618574881346
hm-a10-g1-L5p3-n3-beta0__N0192__Aminus_0p0025,hm-a10-g1-L5p3-n3-beta0__N0192__Aplus_0p0025,hm-a10-g1-L5p3-n3-beta0,192,-0.0025,147,4.0578125,9.99851021489434,9.999641814277352
hm-a10-g1-L5p3-n3-beta0__N0192__Aminus_0p0025,hm-a10-g1-L5p3-n3-beta0__N0192__Aplus_0p0025,hm-a10-g1-L5p3-n3-beta0,192,-0.0025,148,4.085416666666666,9.998610466033096,9.99966591594079
hm-a10-g1-L5p3-n3-beta0__N0192__Aminus_0p0025,hm-a10-g1-L5p3-n3-beta0__N0192__Aplus_0p0025,hm-a10-g1-L5p3-n3-beta0,192,-0.0025,149,4.113020833333334,9.998714066064883,9.999690821846524
hm-a10-g1-L5p3-n3-beta0__N0192__Aminus_0p0025,hm-a10-g1-L5p3-n3-beta0__N0192__Aplus_0p0025,hm-a10-g1-L5p3-n3-beta0,192,-0.0025,150,4.140625,9.998820765904151,9.999716472030414
hm-a10-g1-L5p3-n3-beta0__N0192__Aminus_0p0025,hm-a10-g1-L5p3-n3-beta0__N0192__Aplus_0p0025,hm-a10-g1-L5p3-n3-beta0,192,-0.0025,151,4.168229166666666,9.998930308972335,9.99974280473343
hm-a10-g1-L5p3-n3-beta0__N0192__Aminus_0p0025,hm-a10-g1-L5p3-n3-beta0__N0192__Aplus_0p0025,hm-a10-g1-L5p3-n3-beta0,192,-0.0025,152,4.195833333333333,9.999042431811452,9.999769756550105
hm-a10-g1-L5p3-n3-beta0__N0192__Aminus_0p0025,hm-a10-g1-L5p3-n3-beta0__N0192__Aplus_0p0025,hm-a10-g1-L5p3-n3-beta0,192,-0.0025,153,4.2234375,9.99915686471453,9.999797262580973
hm-a10-g1-L5p3-n3-beta0__N0192__Aminus_0p0025,hm-a10-g1-L5p3-n3-beta0__N0192__Aplus_0p0025,hm-a10-g1-L5p3-n3-beta0,192,-0.0025,154,4.251041666666667,9.999273332371455,9.999825256588622
hm-a10-g1-L5p3-n3-beta0__N0192__Aminus_0p0025,hm-a10-g1-L5p3-n3-beta0__N0192__Aplus_0p0025,hm-a10-g1-L5p3-n3-beta0,192,-0.0025,155,4.278645833333333,9.999391554528648,9.999853671157018
hm-a10-g1-L5p3-n3-beta0__N0192__Aminus_0p0025,hm-a10-g1-L5p3-n3-beta0__N0192__Aplus_0p0025,hm-a10-g1-L5p3-n3-beta0,192,-0.0025,156,4.3062499999999995,9.999511246661074,9.999882437853675
hm-a10-g1-L5p3-n3-beta0__N0192__Aminus_0p0025,hm-a10-g1-L5p3-n3-beta0__N0192__Aplus_0p0025,hm-a10-g1-L5p3-n3-beta0,192,-0.0025,157,4.333854166666667,9.999632120654956,9.999911487394314
hm-a10-g1-L5p3-n3-beta0__N0192__Aminus_0p0025,hm-a10-g1-L5p3-n3-beta0__N0192__Aplus_0p0025,hm-a10-g1-L5p3-n3-beta0,192,-0.0025,158,4.361458333333333,9.999753885499606,9.999940749809621
hm-a10-g1-L5p3-n3-beta0__N0192__Aminus_0p0025,hm-a10-g1-L5p3-n3-beta0__N0192__Aplus_0p0025,hm-a10-g1-L5p3-n3-beta0,192,-0.0025,159,4.3890625,9.999876247986698,9.999970154613669
hm-a10-g1-L5p3-n3-beta0__N0192__Aminus_0p0025,hm-a10-g1-L5p3-n3-beta0__N0192__Aplus_0p0025,hm-a10-g1-L5p3-n3-beta0,192,-0.0025,160,4.416666666666666,9.99999891341534,9.99999963097363
hm-a10-g1-L5p3-n3-beta0__N0192__Aminus_0p0025,hm-a10-g1-L5p3-n3-beta0__N0192__Aplus_0p0025,hm-a10-g1-L5p3-n3-beta0,192,-0.0025,161,4.444270833333333,10.000121586301239,10.000029107880364
hm-a10-g1-L5p3-n3-beta0__N0192__Aminus_0p0025,hm-a10-g1-L5p3-n3-beta0__N0192__Aplus_0p0025,hm-a10-g1-L5p3-n3-beta0,192,-0.0025,162,4.471875,10.000243971088297,10.000058514319464
hm-a10-g1-L5p3-n3-beta0__N0192__Aminus_0p0025,hm-a10-g1-L5p3-n3-beta0__N0192__Aplus_0p0025,hm-a10-g1-L5p3-n3-beta0,192,-0.0025,163,4.499479166666666,10.000365772860855,10.000087779442358
hm-a10-g1-L5p3-n3-beta0__N0192__Aminus_0p0025,hm-a10-g1-L5p3-n3-beta0__N0192__Aplus_0p0025,hm-a10-g1-L5p3-n3-beta0,192,-0.0025,164,4.527083333333334,10.000486698054955,10.000116832737044
hm-a10-g1-L5p3-n3-beta0__N0192__Aminus_0p0025,hm-a10-g1-L5p3-n3-beta0__N0192__Aplus_0p0025,hm-a10-g1-L5p3-n3-beta0,192,-0.0025,165,4.5546875,10.000606455166817,10.000145604198048
hm-a10-g1-L5p3-n3-beta0__N0192__Aminus_0p0025,hm-a10-g1-L5p3-n3-beta0__N0192__Aplus_0p0025,hm-a10-g1-L5p3-n3-beta0,192,-0.0025,166,4.582291666666666,10.000724755456883,10.000174024495216
hm-a10-g1-L5p3-n3-beta0__N0192__Aminus_0p0025,hm-a10-g1-L5p3-n3-beta0__N0192__Aplus_0p0025,hm-a10-g1-L5p3-n3-beta0,192,-0.0025,167,4.609895833333333,10.000841313647655,10.00020202514089
hm-a10-g1-L5p3-n3-beta0__N0192__Aminus_0p0025,hm-a10-g1-L5p3-n3-beta0__N0192__Aplus_0p0025,hm-a10-g1-L5p3-n3-beta0,192,-0.0025,168,4.6375,10.000955848613662,10.000229538655104
hm-a10-g1-L5p3-n3-beta0__N0192__Aminus_0p0025,hm-a10-g1-L5p3-n3-beta0__N0192__Aplus_0p0025,hm-a10-g1-L5p3-n3-beta0,192,-0.0025,169,4.665104166666667,10.00106808406187,10.00025649872838
hm-a10-g1-L5p3-n3-beta0__N0192__Aminus_0p0025,hm-a10-g1-L5p3-n3-beta0__N0192__Aplus_0p0025,hm-a10-g1-L5p3-n3-beta0,192,-0.0025,170,4.692708333333333,10.00117774920082,10.000282840381736
hm-a10-g1-L5p3-n3-beta0__N0192__Aminus_0p0025,hm-a10-g1-L5p3-n3-beta0__N0192__Aplus_0p0025,hm-a10-g1-L5p3-n3-beta0,192,-0.0025,171,4.7203124999999995,10.001284579396923,10.000308500123506
hm-a10-g1-L5p3-n3-beta0__N0192__Aminus_0p0025,hm-a10-g1-L5p3-n3-beta0__N0192__Aplus_0p0025,hm-a10-g1-L5p3-n3-beta0,192,-0.0025,172,4.747916666666667,10.001388316816204,10.000333416102615
hm-a10-g1-L5p3-n3-beta0__N0192__Aminus_0p0025,hm-a10-g1-L5p3-n3-beta0__N0192__Aplus_0p0025,hm-a10-g1-L5p3-n3-beta0,192,-0.0025,173,4.775520833333333,10.001488711050001,10.000357528257911
hm-a10-g1-L5p3-n3-beta0__N0192__Aminus_0p0025,hm-a10-g1-L5p3-n3-beta0__N0192__Aplus_0p0025,hm-a10-g1-L5p3-n3-beta0,192,-0.0025,174,4.803125,10.001585519722985,10.000380778463212
hm-a10-g1-L5p3-n3-beta0__N0192__Aminus_0p0025,hm-a10-g1-L5p3-n3-beta0__N0192__Aplus_0p0025,hm-a10-g1-L5p3-n3-beta0,192,-0.0025,175,4.830729166666666,10.001678509082051,10.0004031106677
hm-a10-g1-L5p3-n3-beta0__N0192__Aminus_0p0025,hm-a10-g1-L5p3-n3-beta0__N0192__Aplus_0p0025,hm-a10-g1-L5p3-n3-beta0,192,-0.0025,176,4.858333333333333,10.001767454564579,10.000424471031327
hm-a10-g1-L5p3-n3-beta0__N0192__Aminus_0p0025,hm-a10-g1-L5p3-n3-beta0__N0192__Aplus_0p0025,hm-a10-g1-L5p3-n3-beta0,192,-0.0025,177,4.8859375,10.001852141344658,10.00044480805491
hm-a10-g1-L5p3-n3-beta0__N0192__Aminus_0p0025,hm-a10-g1-L5p3-n3-beta0__N0192__Aplus_0p0025,hm-a10-g1-L5p3-n3-beta0,192,-0.0025,178,4.913541666666666,10.001932364855902,10.000464072704576
hm-a10-g1-L5p3-n3-beta0__N0192__Aminus_0p0025,hm-a10-g1-L5p3-n3-beta0__N0192__Aplus_0p0025,hm-a10-g1-L5p3-n3-beta0,192,-0.0025,179,4.941145833333334,10.002007931289569,10.000482218530282
hm-a10-g1-L5p3-n3-beta0__N0192__Aminus_0p0025,hm-a10-g1-L5p3-n3-beta0__N0192__Aplus_0p0025,hm-a10-g1-L5p3-n3-beta0,192,-0.0025,180,4.96875,10.002078658066687,10.000499201778094
hm-a10-g1-L5p3-n3-beta0__N0192__Aminus_0p0025,hm-a10-g1-L5p3-n3-beta0__N0192__Aplus_0p0025,hm-a10-g1-L5p3-n3-beta0,192,-0.0025,181,4.996354166666666,10.002144374283045,10.000514981495986
hm-a10-g1-L5p3-n3-beta0__N0192__Aminus_0p0025,hm-a10-g1-L5p3-n3-beta0__N0192__Aplus_0p0025,hm-a10-g1-L5p3-n3-beta0,192,-0.0025,182,5.023958333333333,10.00220492112591,10.00052951963284
hm-a10-g1-L5p3-n3-beta0__N0192__Aminus_0p0025,hm-a10-g1-L5p3-n3-beta0__N0192__Aplus_0p0025,hm-a10-g1-L5p3-n3-beta0,192,-0.0025,183,5.0515625,10.0022601522614,10.000542781130484
hm-a10-g1-L5p3-n3-beta0__N0192__Aminus_0p0025,hm-a10-g1-L5p3-n3-beta0__N0192__Aplus_0p0025,hm-a10-g1-L5p3-n3-beta0,192,-0.0025,184,5.079166666666667,10.002309934191564,10.00055473400847
hm-a10-g1-L5p3-n3-beta0__N0192__Aminus_0p0025,hm-a10-g1-L5p3-n3-beta0__N0192__Aplus_0p0025,hm-a10-g1-L5p3-n3-beta0,192,-0.0025,185,5.106770833333333,10.002354146580249,10.000565349441436
hm-a10-g1-L5p3-n3-beta0__N0192__Aminus_0p0025,hm-a10-g1-L5p3-n3-beta0__N0192__Aplus_0p0025,hm-a10-g1-L5p3-n3-beta0,192,-0.0025,186,5.1343749999999995,10.002392682546922,10.000574601828841
hm-a10-g1-L5p3-n3-beta0__N0192__Aminus_0p0025,hm-a10-g1-L5p3-n3-beta0__N0192__Aplus_0p0025,hm-a10-g1-L5p3-n3-beta0,192,-0.0025,187,5.161979166666667,10.002425448927728,10.00058246885689
hm-a10-g1-L5p3-n3-beta0__N0192__Aminus_0p0025,hm-a10-g1-L5p3-n3-beta0__N0192__Aplus_0p0025,hm-a10-g1-L5p3-n3-beta0,192,-0.0025,188,5.189583333333333,10.002452366503062,10.000588931552524
hm-a10-g1-L5p3-n3-beta0__N0192__Aminus_0p0025,hm-a10-g1-L5p3-n3-beta0__N0192__Aplus_0p0025,hm-a10-g1-L5p3-n3-beta0,192,-0.0025,189,5.2171875,10.00247337019117,10.00059397432933
hm-a10-g1-L5p3-n3-beta0__N0192__Aminus_0p0025,hm-a10-g1-L5p3-n3-beta0__N0192__Aplus_0p0025,hm-a10-g1-L5p3-n3-beta0,192,-0.0025,190,5.244791666666666,10.002488409207185,10.00059758502525
hm-a10-g1-L5p3-n3-beta0__N0192__Aminus_0p0025,hm-a10-g1-L5p3-n3-beta0__N0192__Aplus_0p0025,hm-a10-g1-L5p3-n3-beta0,192,-0.0025,191,5.272395833333333,10.002497447187267,10.000599754932018
hm-a10-g1-L5p3-n3-beta0__N0192__Aminus_0p0025,hm-a10-g1-L5p3-n3-beta0__N0192__Aplus_0p0025,hm-a10-g1-L5p3-n3-beta0,192,-0.0025,192,5.3,10.002500462277489,10.000600478816235
hm-a10-g1-L5p3-n3-beta0__N0192__Aplus_0p0025,hm-a10-g1-L5p3-n3-beta0__N0192__Aminus_0p0025,hm-a10-g1-L5p3-n3-beta0,192,0.0025,0,0.0,10.002500462277744,10.000600478816287
hm-a10-g1-L5p3-n3-beta0__N0192__Aplus_0p0025,hm-a10-g1-L5p3-n3-beta0__N0192__Aminus_0p0025,hm-a10-g1-L5p3-n3-beta0,192,0.0025,1,0.027604166666666666,10.002497447187523,10.000599754932072
hm-a10-g1-L5p3-n3-beta0__N0192__Aplus_0p0025,hm-a10-g1-L5p3-n3-beta0__N0192__Aminus_0p0025,hm-a10-g1-L5p3-n3-beta0,192,0.0025,2,0.05520833333333333,10.002488409207443,10.000597585025302
hm-a10-g1-L5p3-n3-beta0__N0192__Aplus_0p0025,hm-a10-g1-L5p3-n3-beta0__N0192__Aminus_0p0025,hm-a10-g1-L5p3-n3-beta0,192,0.0025,3,0.0828125,10.002473370191426,10.000593974329384
hm-a10-g1-L5p3-n3-beta0__N0192__Aplus_0p0025,hm-a10-g1-L5p3-n3-beta0__N0192__Aminus_0p0025,hm-a10-g1-L5p3-n3-beta0,192,0.0025,4,0.11041666666666666,10.002452366503318,10.00058893155258
hm-a10-g1-L5p3-n3-beta0__N0192__Aplus_0p0025,hm-a10-g1-L5p3-n3-beta0__N0192__Aminus_0p0025,hm-a10-g1-L5p3-n3-beta0,192,0.0025,5,0.13802083333333331,10.002425448927985,10.000582468856948
hm-a10-g1-L5p3-n3-beta0__N0192__Aplus_0p0025,hm-a10-g1-L5p3-n3-beta0__N0192__Aminus_0p0025,hm-a10-g1-L5p3-n3-beta0,192,0.0025,6,0.165625,10.002392682547182,10.0005746018289
hm-a10-g1-L5p3-n3-beta0__N0192__Aplus_0p0025,hm-a10-g1-L5p3-n3-beta0__N0192__Aminus_0p0025,hm-a10-g1-L5p3-n3-beta0,192,0.0025,7,0.19322916666666667,10.002354146580508,10.000565349441498
hm-a10-g1-L5p3-n3-beta0__N0192__Aplus_0p0025,hm-a10-g1-L5p3-n3-beta0__N0192__Aminus_0p0025,hm-a10-g1-L5p3-n3-beta0,192,0.0025,8,0.22083333333333333,10.002309934191825,10.000554734008533
hm-a10-g1-L5p3-n3-beta0__N0192__Aplus_0p0025,hm-a10-g1-L5p3-n3-beta0__N0192__Aminus_0p0025,hm-a10-g1-L5p3-n3-beta0,192,0.0025,9,0.24843749999999998,10.002260152261663,10.00054278113055
hm-a10-g1-L5p3-n3-beta0__N0192__Aplus_0p0025,hm-a10-g1-L5p3-n3-beta0__N0192__Aminus_0p0025,hm-a10-g1-L5p3-n3-beta0,192,0.0025,10,0.27604166666666663,10.002204921126173,10.00052951963291
hm-a10-g1-L5p3-n3-beta0__N0192__Aplus_0p0025,hm-a10-g1-L5p3-n3-beta0__N0192__Aminus_0p0025,hm-a10-g1-L5p3-n3-beta0,192,0.0025,11,0.30364583333333334,10.002144374283311,10.000514981496057
hm-a10-g1-L5p3-n3-beta0__N0192__Aplus_0p0025,hm-a10-g1-L5p3-n3-beta0__N0192__Aminus_0p0025,hm-a10-g1-L5p3-n3-beta0,192,0.0025,12,0.33125,10.002078658066953,10.000499201778165
hm-a10-g1-L5p3-n3-beta0__N0192__Aplus_0p0025,hm-a10-g1-L5p3-n3-beta0__N0192__Aminus_0p0025,hm-a10-g1-L5p3-n3-beta0,192,0.0025,13,0.35885416666666664,10.002007931289839,10.000482218530351
hm-a10-g1-L5p3-n3-beta0__N0192__Aplus_0p0025,hm-a10-g1-L5p3-n3-beta0__N0192__Aminus_0p0025,hm-a10-g1-L5p3-n3-beta0,192,0.0025,14,0.38645833333333335,10.001932364856174,10.000464072704645
hm-a10-g1-L5p3-n3-beta0__N0192__Aplus_0p0025,hm-a10-g1-L5p3-n3-beta0__N0192__Aminus_0p0025,hm-a10-g1-L5p3-n3-beta0,192,0.0025,15,0.4140625,10.001852141344932,10.00044480805498
hm-a10-g1-L5p3-n3-beta0__N0192__Aplus_0p0025,hm-a10-g1-L5p3-n3-beta0__N0192__Aminus_0p0025,hm-a10-g1-L5p3-n3-beta0,192,0.0025,16,0.44166666666666665,10.001767454564858,10.000424471031396
hm-a10-g1-L5p3-n3-beta0__N0192__Aplus_0p0025,hm-a10-g1-L5p3-n3-beta0__N0192__Aminus_0p0025,hm-a10-g1-L5p3-n3-beta0,192,0.0025,17,0.4692708333333333,10.001678509082332,10.000403110667769
hm-a10-g1-L5p3-n3-beta0__N0192__Aplus_0p0025,hm-a10-g1-L5p3-n3-beta0__N0192__Aminus_0p0025,hm-a10-g1-L5p3-n3-beta0,192,0.0025,18,0.49687499999999996,10.001585519723267,10.000380778463281
hm-a10-g1-L5p3-n3-beta0__N0192__Aplus_0p0025,hm-a10-g1-L5p3-n3-beta0__N0192__Aminus_0p0025,hm-a10-g1-L5p3-n3-beta0,192,0.0025,19,0.5244791666666666,10.001488711050287,10.00035752825798
hm-a10-g1-L5p3-n3-beta0__N0192__Aplus_0p0025,hm-a10-g1-L5p3-n3-beta0__N0192__Aminus_0p0025,hm-a10-g1-L5p3-n3-beta0,192,0.0025,20,0.5520833333333333,10.001388316816493,10.000333416102684
hm-a10-g1-L5p3-n3-beta0__N0192__Aplus_0p0025,hm-a10-g1-L5p3-n3-beta0__N0192__Aminus_0p0025,hm-a10-g1-L5p3-n3-beta0,192,0.0025,21,0.5796875,10.001284579397215,10.000308500123575
hm-a10-g1-L5p3-n3-beta0__N0192__Aplus_0p0025,hm-a10-g1-L5p3-n3-beta0__N0192__Aminus_0p0025,hm-a10-g1-L5p3-n3-beta0,192,0.0025,22,0.6072916666666667,10.001177749201116,10.000282840381804
hm-a10-g1-L5p3-n3-beta0__N0192__Aplus_0p0025,hm-a10-g1-L5p3-n3-beta0__N0192__Aminus_0p0025,hm-a10-g1-L5p3-n3-beta0,192,0.0025,23,0.6348958333333333,10.001068084062167,10.000256498728445
hm-a10-g1-L5p3-n3-beta0__N0192__Aplus_0p0025,hm-a10-g1-L5p3-n3-beta0__N0192__Aminus_0p0025,hm-a10-g1-L5p3-n3-beta0,192,0.0025,24,0.6625,10.00095584861396,10.000229538655164
hm-a10-g1-L5p3-n3-beta0__N0192__Aplus_0p0025,hm-a10-g1-L5p3-n3-beta0__N0192__Aminus_0p0025,hm-a10-g1-L5p3-n3-beta0,192,0.0025,25,0.6901041666666666,10.000841313647955,10.000202025140949
hm-a10-g1-L5p3-n3-beta0__N0192__Aplus_0p0025,hm-a10-g1-L5p3-n3-beta0__N0192__Aminus_0p0025,hm-a10-g1-L5p3-n3-beta0,192,0.0025,26,0.7177083333333333,10.000724755457185,10.000174024495275
hm-a10-g1-L5p3-n3-beta0__N0192__Aplus_0p0025,hm-a10-g1-L5p3-n3-beta0__N0192__Aminus_0p0025,hm-a10-g1-L5p3-n3-beta0,192,0.0025,27,0.7453124999999999,10.00060645516712,10.000145604198106
hm-a10-g1-L5p3-n3-beta0__N0192__Aplus_0p0025,hm-a10-g1-L5p3-n3-beta0__N0192__Aminus_0p0025,hm-a10-g1-L5p3-n3-beta0,192,0.0025,28,0.7729166666666667,10.000486698055257,10.000116832737103
hm-a10-g1-L5p3-n3-beta0__N0192__Aplus_0p0025,hm-a10-g1-L5p3-n3-beta0__N0192__Aminus_0p0025,hm-a10-g1-L5p3-n3-beta0,192,0.0025,29,0.8005208333333333,10.000365772861157,10.000087779442419
hm-a10-g1-L5p3-n3-beta0__N0192__Aplus_0p0025,hm-a10-g1-L5p3-n3-beta0__N0192__Aminus_0p0025,hm-a10-g1-L5p3-n3-beta0,192,0.0025,30,0.828125,10.000243971088597,10.000058514319527
hm-a10-g1-L5p3-n3-beta0__N0192__Aplus_0p0025,hm-a10-g1-L5p3-n3-beta0__N0192__Aminus_0p0025,hm-a10-g1-L5p3-n3-beta0,192,0.0025,31,0.8557291666666667,10.000121586301539,10.00002910788043
hm-a10-g1-L5p3-n3-beta0__N0192__Aplus_0p0025,hm-a10-g1-L5p3-n3-beta0__N0192__Aminus_0p0025,hm-a10-g1-L5p3-n3-beta0,192,0.0025,32,0.8833333333333333,9.999998913415636,9.9999996309737
hm-a10-g1-L5p3-n3-beta0__N0192__Aplus_0p0025,hm-a10-g1-L5p3-n3-beta0__N0192__Aminus_0p0025,hm-a10-g1-L5p3-n3-beta0,192,0.0025,33,0.9109375,9.999876247986993,9.999970154613743
hm-a10-g1-L5p3-n3-beta0__N0192__Aplus_0p0025,hm-a10-g1-L5p3-n3-beta0__N0192__Aminus_0p0025,hm-a10-g1-L5p3-n3-beta0,192,0.0025,34,0.9385416666666666,9.999753885499898,9.9999407498097
hm-a10-g1-L5p3-n3-beta0__N0192__Aplus_0p0025,hm-a10-g1-L5p3-n3-beta0__N0192__Aminus_0p0025,hm-a10-g1-L5p3-n3-beta0,192,0.0025,35,0.9661458333333333,9.999632120655242,9.999911487394396
hm-a10-g1-L5p3-n3-beta0__N0192__Aplus_0p0025,hm-a10-g1-L5p3-n3-beta0__N0192__Aminus_0p0025,hm-a10-g1-L5p3-n3-beta0,192,0.0025,36,0.9937499999999999,9.999511246661354,9.999882437853762
hm-a10-g1-L5p3-n3-beta0__N0192__Aplus_0p0025,hm-a10-g1-L5p3-n3-beta0__N0192__Aminus_0p0025,hm-a10-g1-L5p3-n3-beta0,192,0.0025,37,1.0213541666666666,9.999391554528925,9.99985367115711
hm-a10-g1-L5p3-n3-beta0__N0192__Aplus_0p0025,hm-a10-g1-L5p3-n3-beta0__N0192__Aminus_0p0025,hm-a10-g1-L5p3-n3-beta0,192,0.0025,38,1.0489583333333332,9.999273332371727,9.999825256588718
hm-a10-g1-L5p3-n3-beta0__N0192__Aplus_0p0025,hm-a10-g1-L5p3-n3-beta0__N0192__Aminus_0p0025,hm-a10-g1-L5p3-n3-beta0,192,0.0025,39,1.0765624999999999,9.999156864714797,9.99979726258107
hm-a10-g1-L5p3-n3-beta0__N0192__Aplus_0p0025,hm-a10-g1-L5p3-n3-beta0__N0192__Aminus_0p0025,hm-a10-g1-L5p3-n3-beta0,192,0.0025,40,1.1041666666666665,9.999042431811711,9.999769756550204
hm-a10-g1-L5p3-n3-beta0__N0192__Aplus_0p0025,hm-a10-g1-L5p3-n3-beta0__N0192__Aminus_0p0025,hm-a10-g1-L5p3-n3-beta0,192,0.0025,41,1.1317708333333334,9.998930308972588,9.999742804733529
hm-a10-g1-L5p3-n3-beta0__N0192__Aplus_0p0025,hm-a10-g1-L5p3-n3-beta0__N0192__Aminus_0p0025,hm-a10-g1-L5p3-n3-beta0,192,0.0025,42,1.159375,9.998820765904394,9.999716472030515
hm-a10-g1-L5p3-n3-beta0__N0192__Aplus_0p0025,hm-a10-g1-L5p3-n3-beta0__N0192__Aminus_0p0025,hm-a10-g1-L5p3-n3-beta0,192,0.0025,43,1.1869791666666667,9.998714066065121,9.999690821846627
hm-a10-g1-L5p3-n3-beta0__N0192__Aplus_0p0025,hm-a10-g1-L5p3-n3-beta0__N0192__Aminus_0p0025,hm-a10-g1-L5p3-n3-beta0,192,0.0025,44,1.2145833333333333,9.998610466033327,9.999665915940898
hm-a10-g1-L5p3-n3-beta0__N0192__Aplus_0p0025,hm-a10-g1-L5p3-n3-beta0__N0192__Aminus_0p0025,hm-a10-g1-L5p3-n3-beta0,192,0.0025,45,1.2421875,9.998510214894562,9.999641814277464
hm-a10-g1-L5p3-n3-beta0__N0192__Aplus_0p0025,hm-a10-g1-L5p3-n3-beta0__N0192__Aminus_0p0025,hm-a10-g1-L5p3-n3-beta0,192,0.0025,46,1.2697916666666667,9.99841355364607,9.999618574881461
hm-a10-g1-L5p3-n3-beta0__N0192__Aplus_0p0025,hm-a10-g1-L5p3-n3-beta0__N0192__Aminus_0p0025,hm-a10-g1-L5p3-n3-beta0,192,0.0025,47,1.2973958333333333,9.998320714621178,9.999596253699611
hm-a10-g1-L5p3-n3-beta0__N0192__Aplus_0p0025,hm-a10-g1-L5p3-n3-beta0__N0192__Aminus_0p0025,hm-a10-g1-L5p3-n3-beta0,192,0.0025,48,1.325,9.998231920934709,9.999574904465808
hm-a10-g1-L5p3-n3-beta0__N0192__Aplus_0p0025,hm-a10-g1-L5p3-n3-beta0__N0192__Aminus_0p0025,hm-a10-g1-L5p3-n3-beta0,192,0.0025,49,1.3526041666666666,9.998147385950693,9.99955457857205
hm-a10-g1-L5p3-n3-beta0__N0192__Aplus_0p0025,hm-a10-g1-L5p3-n3-beta0__N0192__Aminus_0p0025,hm-a10-g1-L5p3-n3-beta0,192,0.0025,50,1.3802083333333333,9.998067312773635,9.999535324945024
hm-a10-g1-L5p3-n3-beta0__N0192__Aplus_0p0025,hm-a10-g1-L5p3-n3-beta0__N0192__Aminus_0p0025,hm-a10-g1-L5p3-n3-beta0,192,0.0025,51,1.4078125,9.99799189376448,9.999517189928618
hm-a10-g1-L5p3-n3-beta0__N0192__Aplus_0p0025,hm-a10-g1-L5p3-n3-beta0__N0192__Aminus_0p0025,hm-a10-g1-L5p3-n3-beta0,192,0.0025,52,1.4354166666666666,9.997921310082418,9.999500217172663
hm-a10-g1-L5p3-n3-beta0__N0192__Aplus_0p0025,hm-a10-g1-L5p3-n3-beta0__N0192__Aminus_0p0025,hm-a10-g1-L5p3-n3-beta0,192,0.0025,53,1.4630208333333332,9.997855731253578,9.99948444752815
hm-a10-g1-L5p3-n3-beta0__N0192__Aplus_0p0025,hm-a10-g1-L5p3-n3-beta0__N0192__Aminus_0p0025,hm-a10-g1-L5p3-n3-beta0,192,0.0025,54,1.4906249999999999,9.997795314767576,9.999469918949183
hm-a10-g1-L5p3-n3-beta0__N0192__Aplus_0p0025,hm-a10-g1-L5p3-n3-beta0__N0192__Aminus_0p0025,hm-a10-g1-L5p3-n3-beta0,192,0.0025,55,1.5182291666666665,9.997740205702884,9.999456666401885
hm-a10-g1-L5p3-n3-beta0__N0192__Aplus_0p0025,hm-a10-g1-L5p3-n3-beta0__N0192__Aminus_0p0025,hm-a10-g1-L5p3-n3-beta0,192,0.0025,56,1.5458333333333334,9.997690536381846,9.999444721780508
hm-a10-g1-L5p3-n3-beta0__N0192__Aplus_0p0025,hm-a10-g1-L5p3-n3-beta0__N0192__Aminus_0p0025,hm-a10-g1-L5p3-n3-beta0,192,0.0025,57,1.5734375,9.997646426056125,9.999434113830892
hm-a10-g1-L5p3-n3-beta0__N0192__Aplus_0p0025,hm-a10-g1-L5p3-n3-beta0__N0192__Aminus_0p0025,hm-a10-g1-L5p3-n3-beta0,192,0.0025,58,1.6010416666666667,9.99760798062333,9.999424868081515
hm-a10-g1-L5p3-n3-beta0__N0192__Aplus_0p0025,hm-a10-g1-L5p3-n3-beta0__N0192__Aminus_0p0025,hm-a10-g1-L5p3-n3-beta0,192,0.0025,59,1.6286458333333333,9.997575292375434,9.999417006782247
hm-a10-g1-L5p3-n3-beta0__N0192__Aplus_0p0025,hm-a10-g1-L5p3-n3-beta0__N0192__Aminus_0p0025,hm-a10-g1-L5p3-n3-beta0,192,0.0025,60,1.65625,9.997548439779568,9.999410548850973
hm-a10-g1-L5p3-n3-beta0__N0192__Aplus_0p0025,hm-a10-g1-L5p3-n3-beta0__N0192__Aminus_0p0025,hm-a10-g1-L5p3-n3-beta0,192,0.0025,61,1.6838541666666667,9.997527487291704,9.999405509828224
hm-a10-g1-L5p3-n3-beta0__N0192__Aplus_0p0025,hm-a10-g1-L5p3-n3-beta0__N0192__Aminus_0p0025,hm-a10-g1-L5p3-n3-beta0,192,0.0025,62,1.7114583333333333,9.997512485203618,9.9994019018399
hm-a10-g1-L5p3-n3-beta0__N0192__Aplus_0p0025,hm-a10-g1-L5p3-n3-beta0__N0192__Aminus_0p0025,hm-a10-g1-L5p3-n3-beta0,192,0.0025,63,1.7390625,9.99750346952352,9.99939973356819
hm-a10-g1-L5p3-n3-beta0__N0192__Aplus_0p0025,hm-a10-g1-L5p3-n3-beta0__N0192__Aminus_0p0025,hm-a10-g1-L5p3-n3-beta0,192,0.0025,64,1.7666666666666666,9.997500461890573,9.999399010230754
hm-a10-g1-L5p3-n3-beta0__N0192__Aplus_0p0025,hm-a10-g1-L5p3-n3-beta0__N0192__Aminus_0p0025,hm-a10-g1-L5p3-n3-beta0,192,0.0025,65,1.7942708333333333,9.99750346952354,9.999399733568202
hm-a10-g1-L5p3-n3-beta0__N0192__Aplus_0p0025,hm-a10-g1-L5p3-n3-beta0__N0192__Aminus_0p0025,hm-a10-g1-L5p3-n3-beta0,192,0.0025,66,1.821875,9.997512485203659,9.999401901839924
hm-a10-g1-L5p3-n3-beta0__N0192__Aplus_0p0025,hm-a10-g1-L5p3-n3-beta0__N0192__Aminus_0p0025,hm-a10-g1-L5p3-n3-beta0,192,0.0025,67,1.8494791666666666,9.997527487291764,9.99940550982826
hm-a10-g1-L5p3-n3-beta0__N0192__Aplus_0p0025,hm-a10-g1-L5p3-n3-beta0__N0192__Aminus_0p0025,hm-a10-g1-L5p3-n3-beta0,192,0.0025,68,1.8770833333333332,9.99754843977965,9.999410548851024
hm-a10-g1-L5p3-n3-beta0__N0192__Aplus_0p0025,hm-a10-g1-L5p3-n3-beta0__N0192__Aminus_0p0025,hm-a10-g1-L5p3-n3-beta0,192,0.0025,69,1.9046874999999999,9.997575292375535,9.999417006782313
hm-a10-g1-L5p3-n3-beta0__N0192__Aplus_0p0025,hm-a10-g1-L5p3-n3-beta0__N0192__Aminus_0p0025,hm-a10-g1-L5p3-n3-beta0,192,0.0025,70,1.9322916666666665,9.997607980623453,9.999424868081594
hm-a10-g1-L5p3-n3-beta0__N0192__Aplus_0p0025,hm-a10-g1-L5p3-n3-beta0__N0192__Aminus_0p0025,hm-a10-g1-L5p3-n3-beta0,192,0.0025,71,1.9598958333333332,9.997646426056269,9.999434113830981
hm-a10-g1-L5p3-n3-beta0__N0192__Aplus_0p0025,hm-a10-g1-L5p3-n3-beta0__N0192__Aminus_0p0025,hm-a10-g1-L5p3-n3-beta0,192,0.0025,72,1.9874999999999998,9.997690536382011,9.999444721780607
hm-a10-g1-L5p3-n3-beta0__N0192__Aplus_0p0025,hm-a10-g1-L5p3-n3-beta0__N0192__Aminus_0p0025,hm-a10-g1-L5p3-n3-beta0,192,0.0025,73,2.0151041666666667,9.997740205703073,9.999456666401997
hm-a10-g1-L5p3-n3-beta0__N0192__Aplus_0p0025,hm-a10-g1-L5p3-n3-beta0__N0192__Aminus_0p0025,hm-a10-g1-L5p3-n3-beta0,192,0.0025,74,2.042708333333333,9.997795314767787,9.999469918949305
hm-a10-g1-L5p3-n3-beta0__N0192__Aplus_0p0025,hm-a10-g1-L5p3-n3-beta0__N0192__Aminus_0p0025,hm-a10-g1-L5p3-n3-beta0,192,0.0025,75,2.0703125,9.997855731253813,9.999484447528284
hm-a10-g1-L5p3-n3-beta0__N0192__Aplus_0p0025,hm-a10-g1-L5p3-n3-beta0__N0192__Aminus_0p0025,hm-a10-g1-L5p3-n3-beta0,192,0.0025,76,2.0979166666666664,9.997921310082678,9.999500217172807
hm-a10-g1-L5p3-n3-beta0__N0192__Aplus_0p0025,hm-a10-g1-L5p3-n3-beta0__N0192__Aminus_0p0025,hm-a10-g1-L5p3-n3-beta0,192,0.0025,77,2.1255208333333333,9.997991893764762,9.999517189928772
hm-a10-g1-L5p3-n3-beta0__N0192__Aplus_0p0025,hm-a10-g1-L5p3-n3-beta0__N0192__Aminus_0p0025,hm-a10-g1-L5p3-n3-beta0,192,0.0025,78,2.1531249999999997,9.998067312773943,9.99953532494519
hm-a10-g1-L5p3-n3-beta0__N0192__Aplus_0p0025,hm-a10-g1-L5p3-n3-beta0__N0192__Aminus_0p0025,hm-a10-g1-L5p3-n3-beta0,192,0.0025,79,2.1807291666666666,9.998147385951027,9.999554578572228
hm-a10-g1-L5p3-n3-beta0__N0192__Aplus_0p0025,hm-a10-g1-L5p3-n3-beta0__N0192__Aminus_0p0025,hm-a10-g1-L5p3-n3-beta0,192,0.0025,80,2.208333333333333,9.998231920935067,9.999574904465998
hm-a10-g1-L5p3-n3-beta0__N0192__Aplus_0p0025,hm-a10-g1-L5p3-n3-beta0__N0192__Aminus_0p0025,hm-a10-g1-L5p3-n3-beta0,192,0.0025,81,2.2359375,9.998320714621563,9.999596253699812
hm-a10-g1-L5p3-n3-beta0__N0192__Aplus_0p0025,hm-a10-g1-L5p3-n3-beta0__N0192__Aminus_0p0025,hm-a10-g1-L5p3-n3-beta0,192,0.0025,82,2.263541666666667,9.998413553646483,9.999618574881671
hm-a10-g1-L5p3-n3-beta0__N0192__Aplus_0p0025,hm-a10-g1-L5p3-n3-beta0__N0192__Aminus_0p0025,hm-a10-g1-L5p3-n3-beta0,192,0.0025,83,2.291145833333333,9.998510214895001,9.999641814277684
hm-a10-g1-L5p3-n3-beta0__N0192__Aplus_0p0025,hm-a10-g1-L5p3-n3-beta0__N0192__Aminus_0p0025,hm-a10-g1-L5p3-n3-beta0,192,0.0025,84,2.31875,9.998610466033794,9.999665915941131
hm-a10-g1-L5p3-n3-beta0__N0192__Aplus_0p0025,hm-a10-g1-L5p3-n3-beta0__N0192__Aminus_0p0025,hm-a10-g1-L5p3-n3-beta0,192,0.0025,85,2.3463541666666665,9.998714066065617,9.999690821846873
hm-a10-g1-L5p3-n3-beta0__N0192__Aplus_0p0025,hm-a10-g1-L5p3-n3-beta0__N0192__Aminus_0p0025,hm-a10-g1-L5p3-n3-beta0,192,0.0025,86,2.3739583333333334,9.99882076590492,9.99971647203077
hm-a10-g1-L5p3-n3-beta0__N0192__Aplus_0p0025,hm-a10-g1-L5p3-n3-beta0__N0192__Aminus_0p0025,hm-a10-g1-L5p3-n3-beta0,192,0.0025,87,2.4015625,9.998930308973144,9.999742804733796
hm-a10-g1-L5p3-n3-beta0__N0192__Aplus_0p0025,hm-a10-g1-L5p3-n3-beta0__N0192__Aminus_0p0025,hm-a10-g1-L5p3-n3-beta0,192,0.0025,88,2.4291666666666667,9.999042431812295,9.99976975655048
hm-a10-g1-L5p3-n3-beta0__N0192__Aplus_0p0025,hm-a10-g1-L5p3-n3-beta0__N0192__Aminus_0p0025,hm-a10-g1-L5p3-n3-beta0,192,0.0025,89,2.456770833333333,9.999156864715411,9.999797262581355
hm-a10-g1-L5p3-n3-beta0__N0192__Aplus_0p0025,hm-a10-g1-L5p3-n3-beta0__N0192__Aminus_0p0025,hm-a10-g1-L5p3-n3-beta0,192,0.0025,90,2.484375,9.999273332372374,9.999825256589013
hm-a10-g1-L5p3-n3-beta0__N0192__Aplus_0p0025,hm-a10-g1-L5p3-n3-beta0__N0192__Aminus_0p0025,hm-a10-g1-L5p3-n3-beta0,192,0.0025,91,2.5119791666666664,9.999391554529602,9.999853671157416
hm-a10-g1-L5p3-n3-beta0__N0192__Aplus_0p0025,hm-a10-g1-L5p3-n3-beta0__N0192__Aminus_0p0025,hm-a10-g1-L5p3-n3-beta0,192,0.0025,92,2.5395833333333333,9.999511246662065,9.999882437854078
hm-a10-g1-L5p3-n3-beta0__N0192__Aplus_0p0025,hm-a10-g1-L5p3-n3-beta0__N0192__Aminus_0p0025,hm-a10-g1-L5p3-n3-beta0,192,0.0025,93,2.5671874999999997,9.999632120655983,9.999911487394723
hm-a10-g1-L5p3-n3-beta0__N0192__Aplus_0p0025,hm-a10-g1-L5p3-n3-beta0__N0192__Aminus_0p0025,hm-a10-g1-L5p3-n3-beta0,192,0.0025,94,2.5947916666666666,9.99975388550067,9.999940749810037
hm-a10-g1-L5p3-n3-beta0__N0192__Aplus_0p0025,hm-a10-g1-L5p3-n3-beta0__N0192__Aminus_0p0025,hm-a10-g1-L5p3-n3-beta0,192,0.0025,95,2.622395833333333,9.999876247987798,9.99997015461409
hm-a10-g1-L5p3-n3-beta0__N0192__Aplus_0p0025,hm-a10-g1-L5p3-n3-beta0__N0192__Aminus_0p0025,hm-a10-g1-L5p3-n3-beta0,192,0.0025,96,2.65,9.999998913416475,9.999999630974056
hm-a10-g1-L5p3-n3-beta0__N0192__Aplus_0p0025,hm-a10-g1-L5p3-n3-beta0__N0192__Aminus_0p0025,hm-a10-g1-L5p3-n3-beta0,192,0.0025,97,2.677604166666667,10.00012158630241,10.000029107880794
hm-a10-g1-L5p3-n3-beta0__N0192__Aplus_0p0025,hm-a10-g1-L5p3-n3-beta0__N0192__Aminus_0p0025,hm-a10-g1-L5p3-n3-beta0,192,0.0025,98,2.705208333333333,10.000243971089501,10.0000585143199
hm-a10-g1-L5p3-n3-beta0__N0192__Aplus_0p0025,hm-a10-g1-L5p3-n3-beta0__N0192__Aminus_0p0025,hm-a10-g1-L5p3-n3-beta0,192,0.0025,99,2.7328125,10.000365772862095,10.000087779442799
hm-a10-g1-L5p3-n3-beta0__N0192__Aplus_0p0025,hm-a10-g1-L5p3-n3-beta0__N0192__Aminus_0p0025,hm-a10-g1-L5p3-n3-beta0,192,0.0025,100,2.7604166666666665,10.000486698056227,10.000116832737488
hm-a10-g1-L5p3-n3-beta0__N0192__Aplus_0p0025,hm-a10-g1-L5p3-n3-beta0__N0192__Aminus_0p0025,hm-a10-g1-L5p3-n3-beta0,192,0.0025,101,2.7880208333333334,10.000606455168123,10.000145604198499
hm-a10-g1-L5p3-n3-beta0__N0192__Aplus_0p0025,hm-a10-g1-L5p3-n3-beta0__N0192__Aminus_0p0025,hm-a10-g1-L5p3-n3-beta0,192,0.0025,102,2.815625,10.00072475545822,10.00017402449567
hm-a10-g1-L5p3-n3-beta0__N0192__Aplus_0p0025,hm-a10-g1-L5p3-n3-beta0__N0192__Aminus_0p0025,hm-a10-g1-L5p3-n3-beta0,192,0.0025,103,2.8432291666666667,10.00084131364902,10.000202025141348
hm-a10-g1-L5p3-n3-beta0__N0192__Aplus_0p0025,hm-a10-g1-L5p3-n3-beta0__N0192__Aminus_0p0025,hm-a10-g1-L5p3-n3-beta0,192,0.0025,104,2.870833333333333,10.00095584861506,10.000229538655567
hm-a10-g1-L5p3-n3-beta0__N0192__Aplus_0p0025,hm-a10-g1-L5p3-n3-beta0__N0192__Aminus_0p0025,hm-a10-g1-L5p3-n3-beta0,192,0.0025,105,2.8984375,10.001068084063295,10.000256498728847
hm-a10-g1-L5p3-n3-beta0__N0192__Aplus_0p0025,hm-a10-g1-L5p3-n3-beta0__N0192__Aminus_0p0025,hm-a10-g1-L5p3-n3-beta0,192,0.0025,106,2.9260416666666664,10.001177749202274,10.000282840382205
hm-a10-g1-L5p3-n3-beta0__N0192__Aplus_0p0025,hm-a10-g1-L5p3-n3-beta0__N0192__Aminus_0p0025,hm-a10-g1-L5p3-n3-beta0,192,0.0025,107,2.9536458333333333,10.001284579398401,10.000308500123976
hm-a10-g1-L5p3-n3-beta0__N0192__Aplus_0p0025,hm-a10-g1-L5p3-n3-beta0__N0192__Aminus_0p0025,hm-a10-g1-L5p3-n3-beta0,192,0.0025,108,2.9812499999999997,10.001388316817708,10.000333416103087
hm-a10-g1-L5p3-n3-beta0__N0192__Aplus_0p0025,hm-a10-g1-L5p3-n3-beta0__N0192__Aminus_0p0025,hm-a10-g1-L5p3-n3-beta0,192,0.0025,109,3.0088541666666666,10.001488711051527,10.000357528258386
hm-a10-g1-L5p3-n3-beta0__N0192__Aplus_0p0025,hm-a10-g1-L5p3-n3-beta0__N0192__Aminus_0p0025,hm-a10-g1-L5p3-n3-beta0,192,0.0025,110,3.036458333333333,10.001585519724534,10.000380778463688
hm-a10-g1-L5p3-n3-beta0__N0192__Aplus_0p0025,hm-a10-g1-L5p3-n3-beta0__N0192__Aminus_0p0025,hm-a10-g1-L5p3-n3-beta0,192,0.0025,111,3.0640625,10.00167850908362,10.000403110668177
hm-a10-g1-L5p3-n3-beta0__N0192__Aplus_0p0025,hm-a10-g1-L5p3-n3-beta0__N0192__Aminus_0p0025,hm-a10-g1-L5p3-n3-beta0,192,0.0025,112,3.091666666666667,10.001767454566167,10.000424471031806
hm-a10-g1-L5p3-n3-beta0__N0192__Aplus_0p0025,hm-a10-g1-L5p3-n3-beta0__N0192__Aminus_0p0025,hm-a10-g1-L5p3-n3-beta0,192,0.0025,113,3.119270833333333,10.00185214134626,10.00044480805539
hm-a10-g1-L5p3-n3-beta0__N0192__Aplus_0p0025,hm-a10-g1-L5p3-n3-beta0__N0192__Aminus_0p0025,hm-a10-g1-L5p3-n3-beta0,192,0.0025,114,3.146875,10.00193236485752,10.000464072705055
hm-a10-g1-L5p3-n3-beta0__N0192__Aplus_0p0025,hm-a10-g1-L5p3-n3-beta0__N0192__Aminus_0p0025,hm-a10-g1-L5p3-n3-beta0,192,0.0025,115,3.1744791666666665,10.0020079312912,10.00048221853076
hm-a10-g1-L5p3-n3-beta0__N0192__Aplus_0p0025,hm-a10-g1-L5p3-n3-beta0__N0192__Aminus_0p0025,hm-a10-g1-L5p3-n3-beta0,192,0.0025,116,3.2020833333333334,10.002078658068328,10.000499201778572
hm-a10-g1-L5p3-n3-beta0__N0192__Aplus_0p0025,hm-a10-g1-L5p3-n3-beta0__N0192__Aminus_0p0025,hm-a10-g1-L5p3-n3-beta0,192,0.0025,117,3.2296875,10.002144374284697,10.000514981496462
hm-a10-g1-L5p3-n3-beta0__N0192__Aplus_0p0025,hm-a10-g1-L5p3-n3-beta0__N0192__Aminus_0p0025,hm-a10-g1-L5p3-n3-beta0,192,0.0025,118,3.2572916666666667,10.00220492112757,10.00052951963331
hm-a10-g1-L5p3-n3-beta0__N0192__Aplus_0p0025,hm-a10-g1-L5p3-n3-beta0__N0192__Aminus_0p0025,hm-a10-g1-L5p3-n3-beta0,192,0.0025,119,3.284895833333333,10.002260152263062,10.000542781130948
hm-a10-g1-L5p3-n3-beta0__N0192__Aplus_0p0025,hm-a10-g1-L5p3-n3-beta0__N0192__Aminus_0p0025,hm-a10-g1-L5p3-n3-beta0,192,0.0025,120,3.3125,10.00230993419323,10.00055473400893
hm-a10-g1-L5p3-n3-beta0__N0192__Aplus_0p0025,hm-a10-g1-L5p3-n3-beta0__N0192__Aminus_0p0025,hm-a10-g1-L5p3-n3-beta0,192,0.0025,121,3.3401041666666664,10.002354146581915,10.000565349441892
hm-a10-g1-L5p3-n3-beta0__N0192__Aplus_0p0025,hm-a10-g1-L5p3-n3-beta0__N0192__Aminus_0p0025,hm-a10-g1-L5p3-n3-beta0,192,0.0025,122,3.3677083333333333,10.002392682548589,10.000574601829294
hm-a10-g1-L5p3-n3-beta0__N0192__Aplus_0p0025,hm-a10-g1-L5p3-n3-beta0__N0192__Aminus_0p0025,hm-a10-g1-L5p3-n3-beta0,192,0.0025,123,3.3953124999999997,10.002425448929387,10.000582468857337
hm-a10-g1-L5p3-n3-beta0__N0192__Aplus_0p0025,hm-a10-g1-L5p3-n3-beta0__N0192__Aminus_0p0025,hm-a10-g1-L5p3-n3-beta0,192,0.0025,124,3.4229166666666666,10.002452366504716,10.000588931552963
hm-a10-g1-L5p3-n3-beta0__N0192__Aplus_0p0025,hm-a10-g1-L5p3-n3-beta0__N0192__Aminus_0p0025,hm-a10-g1-L5p3-n3-beta0,192,0.0025,125,3.450520833333333,10.002473370192815,10.000593974329762
hm-a10-g1-L5p3-n3-beta0__N0192__Aplus_0p0025,hm-a10-g1-L5p3-n3-beta0__N0192__Aminus_0p0025,hm-a10-g1-L5p3-n3-beta0,192,0.0025,126,3.478125,10.00248840920882,10.000597585025673
hm-a10-g1-L5p3-n3-beta0__N0192__Aplus_0p0025,hm-a10-g1-L5p3-n3-beta0__N0192__Aminus_0p0025,hm-a10-g1-L5p3-n3-beta0,192,0.0025,127,3.5057291666666663,10.002497447188887,10.000599754932436
hm-a10-g1-L5p3-n3-beta0__N0192__Aplus_0p0025,hm-a10-g1-L5p3-n3-beta0__N0192__Aminus_0p0025,hm-a10-g1-L5p3-n3-beta0,192,0.0025,128,3.533333333333333,10.002500462279091,10.000600478816644
hm-a10-g1-L5p3-n3-beta0__N0192__Aplus_0p0025,hm-a10-g1-L5p3-n3-beta0__N0192__Aminus_0p0025,hm-a10-g1-L5p3-n3-beta0,192,0.0025,129,3.5609375,10.002497447188851,10.000599754932422
hm-a10-g1-L5p3-n3-beta0__N0192__Aplus_0p0025,hm-a10-g1-L5p3-n3-beta0__N0192__Aminus_0p0025,hm-a10-g1-L5p3-n3-beta0,192,0.0025,130,3.5885416666666665,10.002488409208748,10.000597585025645
hm-a10-g1-L5p3-n3-beta0__N0192__Aplus_0p0025,hm-a10-g1-L5p3-n3-beta0__N0192__Aminus_0p0025,hm-a10-g1-L5p3-n3-beta0,192,0.0025,131,3.6161458333333334,10.002473370192709,10.000593974329718
hm-a10-g1-L5p3-n3-beta0__N0192__Aplus_0p0025,hm-a10-g1-L5p3-n3-beta0__N0192__Aminus_0p0025,hm-a10-g1-L5p3-n3-beta0,192,0.0025,132,3.64375,10.002452366504574,10.000588931552905
hm-a10-g1-L5p3-n3-beta0__N0192__Aplus_0p0025,hm-a10-g1-L5p3-n3-beta0__N0192__Aminus_0p0025,hm-a10-g1-L5p3-n3-beta0,192,0.0025,133,3.6713541666666667,10.00242544892921,10.000582468857264
hm-a10-g1-L5p3-n3-beta0__N0192__Aplus_0p0025,hm-a10-g1-L5p3-n3-beta0__N0192__Aminus_0p0025,hm-a10-g1-L5p3-n3-beta0,192,0.0025,134,3.698958333333333,10.002392682548376,10.000574601829207
hm-a10-g1-L5p3-n3-beta0__N0192__Aplus_0p0025,hm-a10-g1-L5p3-n3-beta0__N0192__Aminus_0p0025,hm-a10-g1-L5p3-n3-beta0,192,0.0025,135,3.7265625,10.002354146581666,10.000565349441793
hm-a10-g1-L5p3-n3-beta0__N0192__Aplus_0p0025,hm-a10-g1-L5p3-n3-beta0__N0192__Aminus_0p0025,hm-a10-g1-L5p3-n3-beta0,192,0.0025,136,3.7541666666666664,10.002309934192946,10.000554734008814
hm-a10-g1-L5p3-n3-beta0__N0192__Aplus_0p0025,hm-a10-g1-L5p3-n3-beta0__N0192__Aminus_0p0025,hm-a10-g1-L5p3-n3-beta0,192,0.0025,137,3.7817708333333333,10.002260152262744,10.000542781130818
hm-a10-g1-L5p3-n3-beta0__N0192__Aplus_0p0025,hm-a10-g1-L5p3-n3-beta0__N0192__Aminus_0p0025,hm-a10-g1-L5p3-n3-beta0,192,0.0025,138,3.8093749999999997,10.002204921127214,10.000529519633163
hm-a10-g1-L5p3-n3-beta0__N0192__Aplus_0p0025,hm-a10-g1-L5p3-n3-beta0__N0192__Aminus_0p0025,hm-a10-g1-L5p3-n3-beta0,192,0.0025,139,3.8369791666666666,10.002144374284308,10.000514981496297
hm-a10-g1-L5p3-n3-beta0__N0192__Aplus_0p0025,hm-a10-g1-L5p3-n3-beta0__N0192__Aminus_0p0025,hm-a10-g1-L5p3-n3-beta0,192,0.0025,140,3.864583333333333,10.002078658067903,10.00049920177839
hm-a10-g1-L5p3-n3-beta0__N0192__Aplus_0p0025,hm-a10-g1-L5p3-n3-beta0__N0192__Aminus_0p0025,hm-a10-g1-L5p3-n3-beta0,192,0.0025,141,3.8921875,10.00200793129074,10.000482218530559
hm-a10-g1-L5p3-n3-beta0__N0192__Aplus_0p0025,hm-a10-g1-L5p3-n3-beta0__N0192__Aminus_0p0025,hm-a10-g1-L5p3-n3-beta0,192,0.0025,142,3.9197916666666663,10.001932364857025,10.000464072704837
hm-a10-g1-L5p3-n3-beta0__N0192__Aplus_0p0025,hm-a10-g1-L5p3-n3-beta0__N0192__Aminus_0p0025,hm-a10-g1-L5p3-n3-beta0,192,0.0025,143,3.947395833333333,10.001852141345728,10.000444808055152
hm-a10-g1-L5p3-n3-beta0__N0192__Aplus_0p0025,hm-a10-g1-L5p3-n3-beta0__N0192__Aminus_0p0025,hm-a10-g1-L5p3-n3-beta0,192,0.0025,144,3.9749999999999996,10.001767454565597,10.00042447103155
hm-a10-g1-L5p3-n3-beta0__N0192__Aplus_0p0025,hm-a10-g1-L5p3-n3-beta0__N0192__Aminus_0p0025,hm-a10-g1-L5p3-n3-beta0,192,0.0025,145,4.002604166666667,10.001678509083016,10.000403110667905
hm-a10-g1-L5p3-n3-beta0__N0192__Aplus_0p0025,hm-a10-g1-L5p3-n3-beta0__N0192__Aminus_0p0025,hm-a10-g1-L5p3-n3-beta0,192,0.0025,146,4.030208333333333,10.001585519723891,10.000380778463402
hm-a10-g1-L5p3-n3-beta0__N0192__Aplus_0p0025,hm-a10-g1-L5p3-n3-beta0__N0192__Aminus_0p0025,hm-a10-g1-L5p3-n3-beta0,192,0.0025,147,4.0578125,10.001488711050849,10.000357528258087
hm-a10-g1-L5p3-n3-beta0__N0192__Aplus_0p0025,hm-a10-g1-L5p3-n3-beta0__N0192__Aminus_0p0025,hm-a10-g1-L5p3-n3-beta0,192,0.0025,148,4.085416666666666,10.001388316816993,10.000333416102777
hm-a10-g1-L5p3-n3-beta0__N0192__Aplus_0p0025,hm-a10-g1-L5p3-n3-beta0__N0192__Aminus_0p0025,hm-a10-g1-L5p3-n3-beta0,192,0.0025,149,4.113020833333334,10.00128457939765,10.000308500123655
hm-a10-g1-L5p3-n3-beta0__N0192__Aplus_0p0025,hm-a10-g1-L5p3-n3-beta0__N0192__Aminus_0p0025,hm-a10-g1-L5p3-n3-beta0,192,0.0025,150,4.140625,10.001177749201485,10.00028284038187
hm-a10-g1-L5p3-n3-beta0__N0192__Aplus_0p0025,hm-a10-g1-L5p3-n3-beta0__N0192__Aminus_0p0025,hm-a10-g1-L5p3-n3-beta0,192,0.0025,151,4.168229166666666,10.001068084062469,10.000256498728497
hm-a10-g1-L5p3-n3-beta0__N0192__Aplus_0p0025,hm-a10-g1-L5p3-n3-beta0__N0192__Aminus_0p0025,hm-a10-g1-L5p3-n3-beta0,192,0.0025,152,4.195833333333333,10.000955848614195,10.000229538655201
hm-a10-g1-L5p3-n3-beta0__N0192__Aplus_0p0025,hm-a10-g1-L5p3-n3-beta0__N0192__Aminus_0p0025,hm-a10-g1-L5p3-n3-beta0,192,0.0025,153,4.2234375,10.00084131364812,10.00020202514097
hm-a10-g1-L5p3-n3-beta0__N0192__Aplus_0p0025,hm-a10-g1-L5p3-n3-beta0__N0192__Aminus_0p0025,hm-a10-g1-L5p3-n3-beta0,192,0.0025,154,4.251041666666667,10.00072475545728,10.00017402449528
hm-a10-g1-L5p3-n3-beta0__N0192__Aplus_0p0025,hm-a10-g1-L5p3-n3-beta0__N0192__Aminus_0p0025,hm-a10-g1-L5p3-n3-beta0,192,0.0025,155,4.278645833333333,10.000606455167146,10.000145604198096
hm-a10-g1-L5p3-n3-beta0__N0192__Aplus_0p0025,hm-a10-g1-L5p3-n3-beta0__N0192__Aminus_0p0025,hm-a10-g1-L5p3-n3-beta0,192,0.0025,156,4.3062499999999995,10.000486698055212,10.000116832737078
hm-a10-g1-L5p3-n3-beta0__N0192__Aplus_0p0025,hm-a10-g1-L5p3-n3-beta0__N0192__Aminus_0p0025,hm-a10-g1-L5p3-n3-beta0,192,0.0025,157,4.333854166666667,10.000365772861043,10.000087779442378
hm-a10-g1-L5p3-n3-beta0__N0192__Aplus_0p0025,hm-a10-g1-L5p3-n3-beta0__N0192__Aminus_0p0025,hm-a10-g1-L5p3-n3-beta0,192,0.0025,158,4.361458333333333,10.000243971088413,10.00005851431947
hm-a10-g1-L5p3-n3-beta0__N0192__Aplus_0p0025,hm-a10-g1-L5p3-n3-beta0__N0192__Aminus_0p0025,hm-a10-g1-L5p3-n3-beta0,192,0.0025,159,4.3890625,10.000121586301283,10.000029107880357
hm-a10-g1-L5p3-n3-beta0__N0192__Aplus_0p0025,hm-a10-g1-L5p3-n3-beta0__N0192__Aminus_0p0025,hm-a10-g1-L5p3-n3-beta0,192,0.0025,160,4.416666666666666,9.999998913415311,9.999999630973612
hm-a10-g1-L5p3-n3-beta0__N0192__Aplus_0p0025,hm-a10-g1-L5p3-n3-beta0__N0192__Aminus_0p0025,hm-a10-g1-L5p3-n3-beta0,192,0.0025,161,4.444270833333333,9.9998762479866,9.99997015461364
hm-a10-g1-L5p3-n3-beta0__N0192__Aplus_0p0025,hm-a10-g1-L5p3-n3-beta0__N0192__Aminus_0p0025,hm-a10-g1-L5p3-n3-beta0,192,0.0025,162,4.471875,9.999753885499436,9.99994074980958
hm-a10-g1-L5p3-n3-beta0__N0192__Aplus_0p0025,hm-a10-g1-L5p3-n3-beta0__N0192__Aminus_0p0025,hm-a10-g1-L5p3-n3-beta0,192,0.0025,163,4.499479166666666,9.999632120654715,9.999911487394261
hm-a10-g1-L5p3-n3-beta0__N0192__Aplus_0p0025,hm-a10-g1-L5p3-n3-beta0__N0192__Aminus_0p0025,hm-a10-g1-L5p3-n3-beta0,192,0.0025,164,4.527083333333334,9.999511246660761,9.999882437853607
hm-a10-g1-L5p3-n3-beta0__N0192__Aplus_0p0025,hm-a10-g1-L5p3-n3-beta0__N0192__Aminus_0p0025,hm-a10-g1-L5p3-n3-beta0,192,0.0025,165,4.5546875,9.999391554528268,9.999853671156936
hm-a10-g1-L5p3-n3-beta0__N0192__Aplus_0p0025,hm-a10-g1-L5p3-n3-beta0__N0192__Aminus_0p0025,hm-a10-g1-L5p3-n3-beta0,192,0.0025,166,4.582291666666666,9.999273332371006,9.999825256588524
hm-a10-g1-L5p3-n3-beta0__N0192__Aplus_0p0025,hm-a10-g1-L5p3-n3-beta0__N0192__Aminus_0p0025,hm-a10-g1-L5p3-n3-beta0,192,0.0025,167,4.609895833333333,9.999156864714013,9.999797262580858
hm-a10-g1-L5p3-n3-beta0__N0192__Aplus_0p0025,hm-a10-g1-L5p3-n3-beta0__N0192__Aminus_0p0025,hm-a10-g1-L5p3-n3-beta0,192,0.0025,168,4.6375,9.999042431810867,9.999769756549973
hm-a10-g1-L5p3-n3-beta0__N0192__Aplus_0p0025,hm-a10-g1-L5p3-n3-beta0__N0192__Aminus_0p0025,hm-a10-g1-L5p3-n3-beta0,192,0.0025,169,4.665104166666667,9.998930308971687,9.999742804733279
hm-a10-g1-L5p3-n3-beta0__N0192__Aplus_0p0025,hm-a10-g1-L5p3-n3-beta0__N0192__Aminus_0p0025,hm-a10-g1-L5p3-n3-beta0,192,0.0025,170,4.692708333333333,9.998820765903439,9.999716472030247
hm-a10-g1-L5p3-n3-beta0__N0192__Aplus_0p0025,hm-a10-g1-L5p3-n3-beta0__N0192__Aminus_0p0025,hm-a10-g1-L5p3-n3-beta0,192,0.0025,171,4.7203124999999995,9.998714066064109,9.999690821846343
hm-a10-g1-L5p3-n3-beta0__N0192__Aplus_0p0025,hm-a10-g1-L5p3-n3-beta0__N0192__Aminus_0p0025,hm-a10-g1-L5p3-n3-beta0,192,0.0025,172,4.747916666666667,9.998610466032263,9.999665915940595
hm-a10-g1-L5p3-n3-beta0__N0192__Aplus_0p0025,hm-a10-g1-L5p3-n3-beta0__N0192__Aminus_0p0025,hm-a10-g1-L5p3-n3-beta0,192,0.0025,173,4.775520833333333,9.998510214893447,9.999641814277142
hm-a10-g1-L5p3-n3-beta0__N0192__Aplus_0p0025,hm-a10-g1-L5p3-n3-beta0__N0192__Aminus_0p0025,hm-a10-g1-L5p3-n3-beta0,192,0.0025,174,4.803125,9.998413553644907,9.999618574881124
hm-a10-g1-L5p3-n3-beta0__N0192__Aplus_0p0025,hm-a10-g1-L5p3-n3-beta0__N0192__Aminus_0p0025,hm-a10-g1-L5p3-n3-beta0,192,0.0025,175,4.830729166666666,9.998320714619968,9.999596253699258
hm-a10-g1-L5p3-n3-beta0__N0192__Aplus_0p0025,hm-a10-g1-L5p3-n3-beta0__N0192__Aminus_0p0025,hm-a10-g1-L5p3-n3-beta0,192,0.0025,176,4.858333333333333,9.998231920933454,9.999574904465437
hm-a10-g1-L5p3-n3-beta0__N0192__Aplus_0p0025,hm-a10-g1-L5p3-n3-beta0__N0192__Aminus_0p0025,hm-a10-g1-L5p3-n3-beta0,192,0.0025,177,4.8859375,9.998147385949396,9.999554578571662
hm-a10-g1-L5p3-n3-beta0__N0192__Aplus_0p0025,hm-a10-g1-L5p3-n3-beta0__N0192__Aminus_0p0025,hm-a10-g1-L5p3-n3-beta0,192,0.0025,178,4.913541666666666,9.998067312772298,9.999535324944617
hm-a10-g1-L5p3-n3-beta0__N0192__Aplus_0p0025,hm-a10-g1-L5p3-n3-beta0__N0192__Aminus_0p0025,hm-a10-g1-L5p3-n3-beta0,192,0.0025,179,4.941145833333334,9.997991893763103,9.999517189928195
hm-a10-g1-L5p3-n3-beta0__N0192__Aplus_0p0025,hm-a10-g1-L5p3-n3-beta0__N0192__Aminus_0p0025,hm-a10-g1-L5p3-n3-beta0,192,0.0025,180,4.96875,9.997921310081008,9.999500217172224
hm-a10-g1-L5p3-n3-beta0__N0192__Aplus_0p0025,hm-a10-g1-L5p3-n3-beta0__N0192__Aminus_0p0025,hm-a10-g1-L5p3-n3-beta0,192,0.0025,181,4.996354166666666,9.997855731252132,9.9994844475277
hm-a10-g1-L5p3-n3-beta0__N0192__Aplus_0p0025,hm-a10-g1-L5p3-n3-beta0__N0192__Aminus_0p0025,hm-a10-g1-L5p3-n3-beta0,192,0.0025,182,5.023958333333333,9.997795314766098,9.99946991894872
hm-a10-g1-L5p3-n3-beta0__N0192__Aplus_0p0025,hm-a10-g1-L5p3-n3-beta0__N0192__Aminus_0p0025,hm-a10-g1-L5p3-n3-beta0,192,0.0025,183,5.0515625,9.997740205701376,9.999456666401409
hm-a10-g1-L5p3-n3-beta0__N0192__Aplus_0p0025,hm-a10-g1-L5p3-n3-beta0__N0192__Aminus_0p0025,hm-a10-g1-L5p3-n3-beta0,192,0.0025,184,5.079166666666667,9.997690536380311,9.999444721780018
hm-a10-g1-L5p3-n3-beta0__N0192__Aplus_0p0025,hm-a10-g1-L5p3-n3-beta0__N0192__Aminus_0p0025,hm-a10-g1-L5p3-n3-beta0,192,0.0025,185,5.106770833333333,9.997646426054565,9.99943411383039
hm-a10-g1-L5p3-n3-beta0__N0192__Aplus_0p0025,hm-a10-g1-L5p3-n3-beta0__N0192__Aminus_0p0025,hm-a10-g1-L5p3-n3-beta0,192,0.0025,186,5.1343749999999995,9.997607980621748,9.999424868081002
hm-a10-g1-L5p3-n3-beta0__N0192__Aplus_0p0025,hm-a10-g1-L5p3-n3-beta0__N0192__Aminus_0p0025,hm-a10-g1-L5p3-n3-beta0,192,0.0025,187,5.161979166666667,9.99757529237383,9.999417006781723
hm-a10-g1-L5p3-n3-beta0__N0192__Aplus_0p0025,hm-a10-g1-L5p3-n3-beta0__N0192__Aminus_0p0025,hm-a10-g1-L5p3-n3-beta0,192,0.0025,188,5.189583333333333,9.997548439777944,9.999410548850438
hm-a10-g1-L5p3-n3-beta0__N0192__Aplus_0p0025,hm-a10-g1-L5p3-n3-beta0__N0192__Aminus_0p0025,hm-a10-g1-L5p3-n3-beta0,192,0.0025,189,5.2171875,9.997527487290062,9.99940550982768
hm-a10-g1-L5p3-n3-beta0__N0192__Aplus_0p0025,hm-a10-g1-L5p3-n3-beta0__N0192__Aminus_0p0025,hm-a10-g1-L5p3-n3-beta0,192,0.0025,190,5.244791666666666,9.997512485201963,9.999401901839349
hm-a10-g1-L5p3-n3-beta0__N0192__Aplus_0p0025,hm-a10-g1-L5p3-n3-beta0__N0192__Aminus_0p0025,hm-a10-g1-L5p3-n3-beta0,192,0.0025,191,5.272395833333333,9.997503469521853,9.999399733567632
hm-a10-g1-L5p3-n3-beta0__N0192__Aplus_0p0025,hm-a10-g1-L5p3-n3-beta0__N0192__Aminus_0p0025,hm-a10-g1-L5p3-n3-beta0,192,0.0025,192,5.3,9.997500461888894,9.99939901023019
hm-a10-g1-L5p3-n3-beta0__N0192__Aplus_0p005,hm-a10-g1-L5p3-n3-beta0__N0192__Aminus_0p005,hm-a10-g1-L5p3-n3-beta0,192,0.005,0,0.0,10.005001849884735,10.001200446716188
hm-a10-g1-L5p3-n3-beta0__N0192__Aplus_0p005,hm-a10-g1-L5p3-n3-beta0__N0192__Aminus_0p005,hm-a10-g1-L5p3-n3-beta0,192,0.005,1,0.027604166666666666,10.004995812234394,10.001198998400556
hm-a10-g1-L5p3-n3-beta0__N0192__Aplus_0p005,hm-a10-g1-L5p3-n3-beta0__N0192__Aminus_0p005,hm-a10-g1-L5p3-n3-beta0,192,0.005,2,0.05520833333333333,10.00497771393663,10.001194656950684
hm-a10-g1-L5p3-n3-beta0__N0192__Aplus_0p005,hm-a10-g1-L5p3-n3-beta0__N0192__Aminus_0p005,hm-a10-g1-L5p3-n3-beta0,192,0.005,3,0.0828125,10.004947598914868,10.001187432849155
hm-a10-g1-L5p3-n3-beta0__N0192__Aplus_0p005,hm-a10-g1-L5p3-n3-beta0__N0192__Aminus_0p005,hm-a10-g1-L5p3-n3-beta0,192,0.005,4,0.11041666666666666,10.004905540253766,10.001177343538622
hm-a10-g1-L5p3-n3-beta0__N0192__Aplus_0p005,hm-a10-g1-L5p3-n3-beta0__N0192__Aminus_0p005,hm-a10-g1-L5p3-n3-beta0,192,0.005,5,0.13802083333333331,10.004851640017977,10.001164413379412
hm-a10-g1-L5p3-n3-beta0__N0192__Aplus_0p005,hm-a10-g1-L5p3-n3-beta0__N0192__Aminus_0p005,hm-a10-g1-L5p3-n3-beta0,192,0.005,6,0.165625,10.004786028999092,10.001148673590313
hm-a10-g1-L5p3-n3-beta0__N0192__Aplus_0p005,hm-a10-g1-L5p3-n3-beta0__N0192__Aminus_0p005,hm-a10-g1-L5p3-n3-beta0,192,0.005,7,0.19322916666666667,10.004708866391464,10.001130162172704
hm-a10-g1-L5p3-n3-beta0__N0192__Aplus_0p005,hm-a10-g1-L5p3-n3-beta0__N0192__Aminus_0p005,hm-a10-g1-L5p3-n3-beta0,192,0.005,8,0.22083333333333333,10.004620339397746,10.001108923818204
hm-a10-g1-L5p3-n3-beta0__N0192__Aplus_0p005,hm-a10-g1-L5p3-n3-beta0__N0192__Aminus_0p005,hm-a10-g1-L5p3-n3-beta0,192,0.005,9,0.24843749999999998,10.004520662765245,10.001085009800088
hm-a10-g1-L5p3-n3-beta0__N0192__Aplus_0p005,hm-a10-g1-L5p3-n3-beta0__N0192__Aminus_0p005,hm-a10-g1-L5p3-n3-beta0,192,0.005,10,0.27604166666666663,10.004410078254283,10.00105847784871
hm-a10-g1-L5p3-n3-beta0__N0192__Aplus_0p005,hm-a10-g1-L5p3-n3-beta0__N0192__Aminus_0p005,hm-a10-g1-L5p3-n3-beta0,192,0.005,11,0.30364583333333334,10.004288854040036,10.001029392011283
hm-a10-g1-L5p3-n3-beta0__N0192__Aplus_0p005,hm-a10-g1-L5p3-n3-beta0__N0192__Aminus_0p005,hm-a10-g1-L5p3-n3-beta0,192,0.005,12,0.33125,10.00415728404939,10.000997822496329
hm-a10-g1-L5p3-n3-beta0__N0192__Aplus_0p005,hm-a10-g1-L5p3-n3-beta0__N0192__Aminus_0p005,hm-a10-g1-L5p3-n3-beta0,192,0.005,13,0.35885416666666664,10.004015687234622,10.000963845503211
hm-a10-g1-L5p3-n3-beta0__N0192__Aplus_0p005,hm-a10-g1-L5p3-n3-beta0__N0192__Aminus_0p005,hm-a10-g1-L5p3-n3-beta0,192,0.005,14,0.38645833333333335,10.003864406785818,10.000927543037161
hm-a10-g1-L5p3-n3-beta0__N0192__Aplus_0p005,hm-a10-g1-L5p3-n3-beta0__N0192__Aminus_0p005,hm-a10-g1-L5p3-n3-beta0,192,0.005,15,0.4140625,10.003703809284092,10.000889002710252
hm-a10-g1-L5p3-n3-beta0__N0192__Aplus_0p005,hm-a10-g1-L5p3-n3-beta0__N0192__Aminus_0p005,hm-a10-g1-L5p3-n3-beta0,192,0.005,16,0.44166666666666665,10.003534283797881,10.000848317528833
hm-a10-g1-L5p3-n3-beta0__N0192__Aplus_0p005,hm-a10-g1-L5p3-n3-beta0__N0192__Aminus_0p005,hm-a10-g1-L5p3-n3-beta0,192,0.005,17,0.4692708333333333,10.003356240924637,10.000805585667933
hm-a10-g1-L5p3-n3-beta0__N0192__Aplus_0p005,hm-a10-g1-L5p3-n3-beta0__N0192__Aminus_0p005,hm-a10-g1-L5p3-n3-beta0,192,0.005,18,0.49687499999999996,10.00317011178049,10.00076091023319
hm-a10-g1-L5p3-n3-beta0__N0192__Aplus_0p005,hm-a10-g1-L5p3-n3-beta0__N0192__Aminus_0p005,hm-a10-g1-L5p3-n3-beta0,192,0.005,19,0.5244791666666666,10.002976346940468,10.000714399010919
hm-a10-g1-L5p3-n3-beta0__N0192__Aplus_0p005,hm-a10-g1-L5p3-n3-beta0__N0192__Aminus_0p005,hm-a10-g1-L5p3-n3-beta0,192,0.005,20,0.5520833333333333,10.002775415332064,10.000666164206905
hm-a10-g1-L5p3-n3-beta0__N0192__Aplus_0p005,hm-a10-g1-L5p3-n3-beta0__N0192__Aminus_0p005,hm-a10-g1-L5p3-n3-beta0,192,0.005,21,0.5796875,10.002567803085002,10.00061632217459
hm-a10-g1-L5p3-n3-beta0__N0192__Aplus_0p005,hm-a10-g1-L5p3-n3-beta0__N0192__Aminus_0p005,hm-a10-g1-L5p3-n3-beta0,192,0.005,22,0.6072916666666667,10.00235401234018,10.000564993133302
hm-a10-g1-L5p3-n3-beta0__N0192__Aplus_0p005,hm-a10-g1-L5p3-n3-beta0__N0192__Aminus_0p005,hm-a10-g1-L5p3-n3-beta0,192,0.005,23,0.6348958333333333,10.002134560020854,10.000512300877238
hm-a10-g1-L5p3-n3-beta0__N0192__Aplus_0p005,hm-a10-g1-L5p3-n3-beta0__N0192__Aminus_0p005,hm-a10-g1-L5p3-n3-beta0,192,0.005,24,0.6625,10.00190997656918,10.0004583724759
hm-a10-g1-L5p3-n3-beta0__N0192__Aplus_0p005,hm-a10-g1-L5p3-n3-beta0__N0192__Aminus_0p005,hm-a10-g1-L5p3-n3-beta0,192,0.005,25,0.6901041666666666,10.001680804651386,10.00040333796674
hm-a10-g1-L5p3-n3-beta0__N0192__Aplus_0p005,hm-a10-g1-L5p3-n3-beta0__N0192__Aminus_0p005,hm-a10-g1-L5p3-n3-beta0,192,0.005,26,0.7177083333333333,10.001447597834797,10.000347330040718
hm-a10-g1-L5p3-n3-beta0__N0192__Aplus_0p005,hm-a10-g1-L5p3-n3-beta0__N0192__Aminus_0p005,hm-a10-g1-L5p3-n3-beta0,192,0.005,27,0.7453124999999999,10.001210919240096,10.000290483721622
hm-a10-g1-L5p3-n3-beta0__N0192__Aplus_0p005,hm-a10-g1-L5p3-n3-beta0__N0192__Aminus_0p005,hm-a10-g1-L5p3-n3-beta0,192,0.005,28,0.7729166666666667,10.000971340172178,10.00023293603985
hm-a10-g1-L5p3-n3-beta0__N0192__Aplus_0p005,hm-a10-g1-L5p3-n3-beta0__N0192__Aminus_0p005,hm-a10-g1-L5p3-n3-beta0,192,0.005,29,0.8005208333333333,10.000729438733021,10.000174825701503
hm-a10-g1-L5p3-n3-beta0__N0192__Aplus_0p005,hm-a10-g1-L5p3-n3-beta0__N0192__Aminus_0p005,hm-a10-g1-L5p3-n3-beta0,192,0.005,30,0.828125,10.000485798420032,10.000116292753564
hm-a10-g1-L5p3-n3-beta0__N0192__Aplus_0p005,hm-a10-g1-L5p3-n3-beta0__N0192__Aminus_0p005,hm-a10-g1-L5p3-n3-beta0,192,0.005,31,0.8557291666666667,10.000241006713301,10.000057478245997
hm-a10-g1-L5p3-n3-beta0__N0192__Aplus_0p005,hm-a10-g1-L5p3-n3-beta0__N0192__Aminus_0p005,hm-a10-g1-L5p3-n3-beta0,192,0.005,32,0.8833333333333333,9.999995653655276,9.999998523891572
hm-a10-g1-L5p3-n3-beta0__N0192__Aplus_0p005,hm-a10-g1-L5p3-n3-beta0__N0192__Aminus_0p005,hm-a10-g1-L5p3-n3-beta0,192,0.005,33,0.9109375,9.999750330426279,9.999939571724237
hm-a10-g1-L5p3-n3-beta0__N0192__Aplus_0p005,hm-a10-g1-L5p3-n3-beta0__N0192__Aminus_0p005,hm-a10-g1-L5p3-n3-beta0,192,0.005,34,0.9385416666666666,9.999505627919364,9.999880763756885
hm-a10-g1-L5p3-n3-beta0__N0192__Aplus_0p005,hm-a10-g1-L5p3-n3-beta0__N0192__Aminus_0p005,hm-a10-g1-L5p3-n3-beta0,192,0.005,35,0.9661458333333333,9.999262135317936,9.999822241639297
hm-a10-g1-L5p3-n3-beta0__N0192__Aplus_0p005,hm-a10-g1-L5p3-n3-beta0__N0192__Aminus_0p005,hm-a10-g1-L5p3-n3-beta0,192,0.005,36,0.9937499999999999,9.99902043867955,9.999764146317137
hm-a10-g1-L5p3-n3-beta0__N0192__Aplus_0p005,hm-a10-g1-L5p3-n3-beta0__N0192__Aminus_0p005,hm-a10-g1-L5p3-n3-beta0,192,0.005,37,1.0213541666666666,9.998781119529271,9.999706617692773
hm-a10-g1-L5p3-n3-beta0__N0192__Aplus_0p005,hm-a10-g1-L5p3-n3-beta0__N0192__Aminus_0p005,hm-a10-g1-L5p3-n3-beta0,192,0.005,38,1.0489583333333332,9.998544753465938,9.999649794288773
hm-a10-g1-L5p3-n3-beta0__N0192__Aplus_0p005,hm-a10-g1-L5p3-n3-beta0__N0192__Aminus_0p005,hm-a10-g1-L5p3-n3-beta0,192,0.005,39,1.0765624999999999,9.998311908784602,9.99959381291485
hm-a10-g1-L5p3-n3-beta0__N0192__Aplus_0p005,hm-a10-g1-L5p3-n3-beta0__N0192__Aminus_0p005,hm-a10-g1-L5p3-n3-beta0,192,0.005,40,1.1041666666666665,9.998083145118395,9.999538808339077
hm-a10-g1-L5p3-n3-beta0__N0192__Aplus_0p005,hm-a10-g1-L5p3-n3-beta0__N0192__Aminus_0p005,hm-a10-g1-L5p3-n3-beta0,192,0.005,41,1.1317708333333334,9.997859012102966,9.999484912964148
hm-a10-g1-L5p3-n3-beta0__N0192__Aplus_0p005,hm-a10-g1-L5p3-n3-beta0__N0192__Aminus_0p005,hm-a10-g1-L5p3-n3-beta0,192,0.005,42,1.159375,9.9976400480666,9.999432256509445
hm-a10-g1-L5p3-n3-beta0__N0192__Aplus_0p005,hm-a10-g1-L5p3-n3-beta0__N0192__Aminus_0p005,hm-a10-g1-L5p3-n3-beta0,192,0.005,43,1.1869791666666667,9.997426778749034,9.999380965699688
hm-a10-g1-L5p3-n3-beta0__N0192__Aplus_0p005,hm-a10-g1-L5p3-n3-beta0__N0192__Aminus_0p005,hm-a10-g1-L5p3-n3-beta0,192,0.005,44,1.2145833333333333,9.997219716051898,9.99933116396088
hm-a10-g1-L5p3-n3-beta0__N0192__Aplus_0p005,hm-a10-g1-L5p3-n3-beta0__N0192__Aminus_0p005,hm-a10-g1-L5p3-n3-beta0,192,0.005,45,1.2421875,9.997019356823632,9.9992829711243
hm-a10-g1-L5p3-n3-beta0__N0192__Aplus_0p005,hm-a10-g1-L5p3-n3-beta0__N0192__Aminus_0p005,hm-a10-g1-L5p3-n3-beta0,192,0.005,46,1.2697916666666667,9.99682618168163,9.999236503139223
hm-a10-g1-L5p3-n3-beta0__N0192__Aplus_0p005,hm-a10-g1-L5p3-n3-beta0__N0192__Aminus_0p005,hm-a10-g1-L5p3-n3-beta0,192,0.005,47,1.2973958333333333,9.996640653874277,9.999191871795034
hm-a10-g1-L5p3-n3-beta0__N0192__Aplus_0p005,hm-a10-g1-L5p3-n3-beta0__N0192__Aminus_0p005,hm-a10-g1-L5p3-n3-beta0,192,0.005,48,1.325,9.9964632181854,9.999149184453435
hm-a10-g1-L5p3-n3-beta0__N0192__Aplus_0p005,hm-a10-g1-L5p3-n3-beta0__N0192__Aminus_0p005,hm-a10-g1-L5p3-n3-beta0,192,0.005,49,1.3526041666666666,9.996294299883614,9.999108543791321
hm-a10-g1-L5p3-n3-beta0__N0192__Aplus_0p005,hm-a10-g1-L5p3-n3-beta0__N0192__Aminus_0p005,hm-a10-g1-L5p3-n3-beta0,192,0.005,50,1.3802083333333333,9.99613430371885,9.999070047554971
hm-a10-g1-L5p3-n3-beta0__N0192__Aplus_0p005,hm-a10-g1-L5p3-n3-beta0__N0192__Aminus_0p005,hm-a10-g1-L5p3-n3-beta0,192,0.005,51,1.4078125,9.99598361296834,9.999033788326118
hm-a10-g1-L5p3-n3-beta0__N0192__Aplus_0p005,hm-a10-g1-L5p3-n3-beta0__N0192__Aminus_0p005,hm-a10-g1-L5p3-n3-beta0,192,0.005,52,1.4354166666666666,9.995842588534078,9.998999853300441
hm-a10-g1-L5p3-n3-beta0__N0192__Aplus_0p005,hm-a10-g1-L5p3-n3-beta0__N0192__Aminus_0p005,hm-a10-g1-L5p3-n3-beta0,192,0.005,53,1.4630208333333332,9.995711568093805,9.998968324079
hm-a10-g1-L5p3-n3-beta0__N0192__Aplus_0p005,hm-a10-g1-L5p3-n3-beta0__N0192__Aminus_0p005,hm-a10-g1-L5p3-n3-beta0,192,0.005,54,1.4906249999999999,9.995590865307323,9.99893927647311
hm-a10-g1-L5p3-n3-beta0__N0192__Aplus_0p005,hm-a10-g1-L5p3-n3-beta0__N0192__Aminus_0p005,hm-a10-g1-L5p3-n3-beta0,192,0.005,55,1.5182291666666665,9.99548076907988,9.998912780323103
hm-a10-g1-L5p3-n3-beta0__N0192__Aplus_0p005,hm-a10-g1-L5p3-n3-beta0__N0192__Aminus_0p005,hm-a10-g1-L5p3-n3-beta0,192,0.005,56,1.5458333333333334,9.995381542884198,9.998888899331405
hm-a10-g1-L5p3-n3-beta0__N0192__Aplus_0p005,hm-a10-g1-L5p3-n3-beta0__N0192__Aminus_0p005,hm-a10-g1-L5p3-n3-beta0,192,0.005,57,1.5734375,9.995293424142647,9.998867690910307
hm-a10-g1-L5p3-n3-beta0__N0192__Aplus_0p005,hm-a10-g1-L5p3-n3-beta0__N0192__Aminus_0p005,hm-a10-g1-L5p3-n3-beta0,192,0.005,58,1.6010416666666667,9.995216623670828,9.998849206044806
hm-a10-g1-L5p3-n3-beta0__N0192__Aplus_0p005,hm-a10-g1-L5p3-n3-beta0__N0192__Aminus_0p005,hm-a10-g1-L5p3-n3-beta0,192,0.005,59,1.6286458333333333,9.995151325183825,9.998833489170813
hm-a10-g1-L5p3-n3-beta0__N0192__Aplus_0p005,hm-a10-g1-L5p3-n3-beta0__N0192__Aminus_0p005,hm-a10-g1-L5p3-n3-beta0,192,0.005,60,1.65625,9.995097684866128,9.998820578069022
hm-a10-g1-L5p3-n3-beta0__N0192__Aplus_0p005,hm-a10-g1-L5p3-n3-beta0__N0192__Aminus_0p005,hm-a10-g1-L5p3-n3-beta0,192,0.005,61,1.6838541666666667,9.99505583100617,9.998810503774688
hm-a10-g1-L5p3-n3-beta0__N0192__Aplus_0p005,hm-a10-g1-L5p3-n3-beta0__N0192__Aminus_0p005,hm-a10-g1-L5p3-n3-beta0,192,0.005,62,1.7114583333333333,9.99502586369625,9.998803290503522
hm-a10-g1-L5p3-n3-beta0__N0192__Aplus_0p005,hm-a10-g1-L5p3-n3-beta0__N0192__Aminus_0p005,hm-a10-g1-L5p3-n3-beta0,192,0.005,63,1.7390625,9.995007854598477,9.998798955593875
hm-a10-g1-L5p3-n3-beta0__N0192__Aplus_0p005,hm-a10-g1-L5p3-n3-beta0__N0192__Aminus_0p005,hm-a10-g1-L5p3-n3-beta0,192,0.005,64,1.7666666666666666,9.99500184677723,9.998797509465343
hm-a10-g1-L5p3-n3-beta0__N0192__Aplus_0p005,hm-a10-g1-L5p3-n3-beta0__N0192__Aminus_0p005,hm-a10-g1-L5p3-n3-beta0,192,0.005,65,1.7942708333333333,9.995007854598496,9.99879895559389
hm-a10-g1-L5p3-n3-beta0__N0192__Aplus_0p005,hm-a10-g1-L5p3-n3-beta0__N0192__Aminus_0p005,hm-a10-g1-L5p3-n3-beta0,192,0.005,66,1.821875,9.99502586369629,9.99880329050355
hm-a10-g1-L5p3-n3-beta0__N0192__Aplus_0p005,hm-a10-g1-L5p3-n3-beta0__N0192__Aminus_0p005,hm-a10-g1-L5p3-n3-beta0,192,0.005,67,1.8494791666666666,9.995055831006228,9.99881050377473
hm-a10-g1-L5p3-n3-beta0__N0192__Aplus_0p005,hm-a10-g1-L5p3-n3-beta0__N0192__Aminus_0p005,hm-a10-g1-L5p3-n3-beta0,192,0.005,68,1.8770833333333332,9.995097684866208,9.998820578069076
hm-a10-g1-L5p3-n3-beta0__N0192__Aplus_0p005,hm-a10-g1-L5p3-n3-beta0__N0192__Aminus_0p005,hm-a10-g1-L5p3-n3-beta0,192,0.005,69,1.9046874999999999,9.995151325183924,9.998833489170883
hm-a10-g1-L5p3-n3-beta0__N0192__Aplus_0p005,hm-a10-g1-L5p3-n3-beta0__N0192__Aminus_0p005,hm-a10-g1-L5p3-n3-beta0,192,0.005,70,1.9322916666666665,9.995216623670947,9.99884920604489
hm-a10-g1-L5p3-n3-beta0__N0192__Aplus_0p005,hm-a10-g1-L5p3-n3-beta0__N0192__Aminus_0p005,hm-a10-g1-L5p3-n3-beta0,192,0.005,71,1.9598958333333332,9.995293424142787,9.9988676909104
hm-a10-g1-L5p3-n3-beta0__N0192__Aplus_0p005,hm-a10-g1-L5p3-n3-beta0__N0192__Aminus_0p005,hm-a10-g1-L5p3-n3-beta0,192,0.005,72,1.9874999999999998,9.99538154288436,9.998888899331508
hm-a10-g1-L5p3-n3-beta0__N0192__Aplus_0p005,hm-a10-g1-L5p3-n3-beta0__N0192__Aminus_0p005,hm-a10-g1-L5p3-n3-beta0,192,0.005,73,2.0151041666666667,9.995480769080062,9.998912780323218
hm-a10-g1-L5p3-n3-beta0__N0192__Aplus_0p005,hm-a10-g1-L5p3-n3-beta0__N0192__Aminus_0p005,hm-a10-g1-L5p3-n3-beta0,192,0.005,74,2.042708333333333,9.995590865307529,9.998939276473237
hm-a10-g1-L5p3-n3-beta0__N0192__Aplus_0p005,hm-a10-g1-L5p3-n3-beta0__N0192__Aminus_0p005,hm-a10-g1-L5p3-n3-beta0,192,0.005,75,2.0703125,9.995711568094032,9.998968324079138
hm-a10-g1-L5p3-n3-beta0__N0192__Aplus_0p005,hm-a10-g1-L5p3-n3-beta0__N0192__Aminus_0p005,hm-a10-g1-L5p3-n3-beta0,192,0.005,76,2.0979166666666664,9.995842588534328,9.998999853300592
hm-a10-g1-L5p3-n3-beta0__N0192__Aplus_0p005,hm-a10-g1-L5p3-n3-beta0__N0192__Aminus_0p005,hm-a10-g1-L5p3-n3-beta0,192,0.005,77,2.1255208333333333,9.995983612968613,9.999033788326281
hm-a10-g1-L5p3-n3-beta0__N0192__Aplus_0p005,hm-a10-g1-L5p3-n3-beta0__N0192__Aminus_0p005,hm-a10-g1-L5p3-n3-beta0,192,0.005,78,2.1531249999999997,9.996134303719149,9.999070047555144
hm-a10-g1-L5p3-n3-beta0__N0192__Aplus_0p005,hm-a10-g1-L5p3-n3-beta0__N0192__Aminus_0p005,hm-a10-g1-L5p3-n3-beta0,192,0.005,79,2.1807291666666666,9.996294299883935,9.999108543791504
hm-a10-g1-L5p3-n3-beta0__N0192__Aplus_0p005,hm-a10-g1-L5p3-n3-beta0__N0192__Aminus_0p005,hm-a10-g1-L5p3-n3-beta0,192,0.005,80,2.208333333333333,9.996463218185749,9.999149184453628
hm-a10-g1-L5p3-n3-beta0__N0192__Aplus_0p005,hm-a10-g1-L5p3-n3-beta0__N0192__Aminus_0p005,hm-a10-g1-L5p3-n3-beta0,192,0.005,81,2.2359375,9.996640653874652,9.999191871795237
hm-a10-g1-L5p3-n3-beta0__N0192__Aplus_0p005,hm-a10-g1-L5p3-n3-beta0__N0192__Aminus_0p005,hm-a10-g1-L5p3-n3-beta0,192,0.005,82,2.263541666666667,9.99682618168203,9.999236503139434
hm-a10-g1-L5p3-n3-beta0__N0192__Aplus_0p005,hm-a10-g1-L5p3-n3-beta0__N0192__Aminus_0p005,hm-a10-g1-L5p3-n3-beta0,192,0.005,83,2.291145833333333,9.997019356824058,9.999282971124522
hm-a10-g1-L5p3-n3-beta0__N0192__Aplus_0p005,hm-a10-g1-L5p3-n3-beta0__N0192__Aminus_0p005,hm-a10-g1-L5p3-n3-beta0,192,0.005,84,2.31875,9.997219716052353,9.999331163961113
hm-a10-g1-L5p3-n3-beta0__N0192__Aplus_0p005,hm-a10-g1-L5p3-n3-beta0__N0192__Aminus_0p005,hm-a10-g1-L5p3-n3-beta0,192,0.005,85,2.3463541666666665,9.997426778749517,9.999380965699933
hm-a10-g1-L5p3-n3-beta0__N0192__Aplus_0p005,hm-a10-g1-L5p3-n3-beta0__N0192__Aminus_0p005,hm-a10-g1-L5p3-n3-beta0,192,0.005,86,2.3739583333333334,9.997640048067112,9.999432256509703
hm-a10-g1-L5p3-n3-beta0__N0192__Aplus_0p005,hm-a10-g1-L5p3-n3-beta0__N0192__Aminus_0p005,hm-a10-g1-L5p3-n3-beta0,192,0.005,87,2.4015625,9.997859012103506,9.999484912964418
hm-a10-g1-L5p3-n3-beta0__N0192__Aplus_0p005,hm-a10-g1-L5p3-n3-beta0__N0192__Aminus_0p005,hm-a10-g1-L5p3-n3-beta0,192,0.005,88,2.4291666666666667,9.998083145118967,9.999538808339357
hm-a10-g1-L5p3-n3-beta0__N0192__Aplus_0p005,hm-a10-g1-L5p3-n3-beta0__N0192__Aminus_0p005,hm-a10-g1-L5p3-n3-beta0,192,0.005,89,2.456770833333333,9.998311908785203,9.999593812915142
hm-a10-g1-L5p3-n3-beta0__N0192__Aplus_0p005,hm-a10-g1-L5p3-n3-beta0__N0192__Aminus_0p005,hm-a10-g1-L5p3-n3-beta0,192,0.005,90,2.484375,9.99854475346657,9.999649794289077
hm-a10-g1-L5p3-n3-beta0__N0192__Aplus_0p005,hm-a10-g1-L5p3-n3-beta0__N0192__Aminus_0p005,hm-a10-g1-L5p3-n3-beta0,192,0.005,91,2.5119791666666664,9.998781119529935,9.999706617693088
hm-a10-g1-L5p3-n3-beta0__N0192__Aplus_0p005,hm-a10-g1-L5p3-n3-beta0__N0192__Aminus_0p005,hm-a10-g1-L5p3-n3-beta0,192,0.005,92,2.5395833333333333,9.999020438680246,9.999764146317462
hm-a10-g1-L5p3-n3-beta0__N0192__Aplus_0p005,hm-a10-g1-L5p3-n3-beta0__N0192__Aminus_0p005,hm-a10-g1-L5p3-n3-beta0,192,0.005,93,2.5671874999999997,9.999262135318663,9.999822241639633
hm-a10-g1-L5p3-n3-beta0__N0192__Aplus_0p005,hm-a10-g1-L5p3-n3-beta0__N0192__Aminus_0p005,hm-a10-g1-L5p3-n3-beta0,192,0.005,94,2.5947916666666666,9.999505627920124,9.999880763757231
hm-a10-g1-L5p3-n3-beta0__N0192__Aplus_0p005,hm-a10-g1-L5p3-n3-beta0__N0192__Aminus_0p005,hm-a10-g1-L5p3-n3-beta0,192,0.005,95,2.622395833333333,9.999750330427071,9.999939571724592
hm-a10-g1-L5p3-n3-beta0__N0192__Aplus_0p005,hm-a10-g1-L5p3-n3-beta0__N0192__Aminus_0p005,hm-a10-g1-L5p3-n3-beta0,192,0.005,96,2.65,9.999995653656102,9.999998523891936
hm-a10-g1-L5p3-n3-beta0__N0192__Aplus_0p005,hm-a10-g1-L5p3-n3-beta0__N0192__Aminus_0p005,hm-a10-g1-L5p3-n3-beta0,192,0.005,97,2.677604166666667,10.00024100671416,10.00005747824637
hm-a10-g1-L5p3-n3-beta0__N0192__Aplus_0p005,hm-a10-g1-L5p3-n3-beta0__N0192__Aminus_0p005,hm-a10-g1-L5p3-n3-beta0,192,0.005,98,2.705208333333333,10.000485798420923,10.000116292753944
hm-a10-g1-L5p3-n3-beta0__N0192__Aplus_0p005,hm-a10-g1-L5p3-n3-beta0__N0192__Aminus_0p005,hm-a10-g1-L5p3-n3-beta0,192,0.005,99,2.7328125,10.000729438733948,10.00017482570189
hm-a10-g1-L5p3-n3-beta0__N0192__Aplus_0p005,hm-a10-g1-L5p3-n3-beta0__N0192__Aminus_0p005,hm-a10-g1-L5p3-n3-beta0,192,0.005,100,2.7604166666666665,10.000971340173137,10.000232936040243
hm-a10-g1-L5p3-n3-beta0__N0192__Aplus_0p005,hm-a10-g1-L5p3-n3-beta0__N0192__Aminus_0p005,hm-a10-g1-L5p3-n3-beta0,192,0.005,101,2.7880208333333334,10.00121091924109,10.00029048372202
hm-a10-g1-L5p3-n3-beta0__N0192__Aplus_0p005,hm-a10-g1-L5p3-n3-beta0__N0192__Aminus_0p005,hm-a10-g1-L5p3-n3-beta0,192,0.005,102,2.815625,10.001447597835824,10.00034733004112
hm-a10-g1-L5p3-n3-beta0__N0192__Aplus_0p005,hm-a10-g1-L5p3-n3-beta0__N0192__Aminus_0p005,hm-a10-g1-L5p3-n3-beta0,192,0.005,103,2.8432291666666667,10.001680804652445,10.000403337967144
hm-a10-g1-L5p3-n3-beta0__N0192__Aplus_0p005,hm-a10-g1-L5p3-n3-beta0__N0192__Aminus_0p005,hm-a10-g1-L5p3-n3-beta0,192,0.005,104,2.870833333333333,10.001909976570273,10.00045837247631
hm-a10-g1-L5p3-n3-beta0__N0192__Aplus_0p005,hm-a10-g1-L5p3-n3-beta0__N0192__Aminus_0p005,hm-a10-g1-L5p3-n3-beta0,192,0.005,105,2.8984375,10.002134560021977,10.000512300877645
hm-a10-g1-L5p3-n3-beta0__N0192__Aplus_0p005,hm-a10-g1-L5p3-n3-beta0__N0192__Aminus_0p005,hm-a10-g1-L5p3-n3-beta0,192,0.005,106,2.9260416666666664,10.002354012341335,10.000564993133708
hm-a10-g1-L5p3-n3-beta0__N0192__Aplus_0p005,hm-a10-g1-L5p3-n3-beta0__N0192__Aminus_0p005,hm-a10-g1-L5p3-n3-beta0,192,0.005,107,2.9536458333333333,10.002567803086185,10.000616322174995
hm-a10-g1-L5p3-n3-beta0__N0192__Aplus_0p005,hm-a10-g1-L5p3-n3-beta0__N0192__Aminus_0p005,hm-a10-g1-L5p3-n3-beta0,192,0.005,108,2.9812499999999997,10.002775415333275,10.000666164207312
hm-a10-g1-L5p3-n3-beta0__N0192__Aplus_0p005,hm-a10-g1-L5p3-n3-beta0__N0192__Aminus_0p005,hm-a10-g1-L5p3-n3-beta0,192,0.005,109,3.0088541666666666,10.002976346941708,10.000714399011327
hm-a10-g1-L5p3-n3-beta0__N0192__Aplus_0p005,hm-a10-g1-L5p3-n3-beta0__N0192__Aminus_0p005,hm-a10-g1-L5p3-n3-beta0,192,0.005,110,3.036458333333333,10.003170111781756,10.000760910233602
hm-a10-g1-L5p3-n3-beta0__N0192__Aplus_0p005,hm-a10-g1-L5p3-n3-beta0__N0192__Aminus_0p005,hm-a10-g1-L5p3-n3-beta0,192,0.005,111,3.0640625,10.003356240925926,10.000805585668347
hm-a10-g1-L5p3-n3-beta0__N0192__Aplus_0p005,hm-a10-g1-L5p3-n3-beta0__N0192__Aminus_0p005,hm-a10-g1-L5p3-n3-beta0,192,0.005,112,3.091666666666667,10.003534283799194,10.00084831752925
hm-a10-g1-L5p3-n3-beta0__N0192__Aplus_0p005,hm-a10-g1-L5p3-n3-beta0__N0192__Aminus_0p005,hm-a10-g1-L5p3-n3-beta0,192,0.005,113,3.119270833333333,10.003703809285426,10.000889002710668
hm-a10-g1-L5p3-n3-beta0__N0192__Aplus_0p005,hm-a10-g1-L5p3-n3-beta0__N0192__Aminus_0p005,hm-a10-g1-L5p3-n3-beta0,192,0.005,114,3.146875,10.00386440678717,10.000927543037577
hm-a10-g1-L5p3-n3-beta0__N0192__Aplus_0p005,hm-a10-g1-L5p3-n3-beta0__N0192__Aminus_0p005,hm-a10-g1-L5p3-n3-beta0,192,0.005,115,3.1744791666666665,10.00401568723599,10.000963845503627
hm-a10-g1-L5p3-n3-beta0__N0192__Aplus_0p005,hm-a10-g1-L5p3-n3-beta0__N0192__Aminus_0p005,hm-a10-g1-L5p3-n3-beta0,192,0.005,116,3.2020833333333334,10.004157284050773,10.000997822496744
hm-a10-g1-L5p3-n3-beta0__N0192__Aplus_0p005,hm-a10-g1-L5p3-n3-beta0__N0192__Aminus_0p005,hm-a10-g1-L5p3-n3-beta0,192,0.005,117,3.2296875,10.004288854041432,10.001029392011699
hm-a10-g1-L5p3-n3-beta0__N0192__Aplus_0p005,hm-a10-g1-L5p3-n3-beta0__N0192__Aminus_0p005,hm-a10-g1-L5p3-n3-beta0,192,0.005,118,3.2572916666666667,10.00441007825569,10.001058477849126
hm-a10-g1-L5p3-n3-beta0__N0192__Aplus_0p005,hm-a10-g1-L5p3-n3-beta0__N0192__Aminus_0p005,hm-a10-g1-L5p3-n3-beta0,192,0.005,119,3.284895833333333,10.004520662766659,10.001085009800502
hm-a10-g1-L5p3-n3-beta0__N0192__Aplus_0p005,hm-a10-g1-L5p3-n3-beta0__N0192__Aminus_0p005,hm-a10-g1-L5p3-n3-beta0,192,0.005,120,3.3125,10.004620339399168,10.001108923818615
hm-a10-g1-L5p3-n3-beta0__N0192__Aplus_0p005,hm-a10-g1-L5p3-n3-beta0__N0192__Aminus_0p005,hm-a10-g1-L5p3-n3-beta0,192,0.005,121,3.3401041666666664,10.004708866392887,10.001130162173112
hm-a10-g1-L5p3-n3-beta0__N0192__Aplus_0p005,hm-a10-g1-L5p3-n3-beta0__N0192__Aminus_0p005,hm-a10-g1-L5p3-n3-beta0,192,0.005,122,3.3677083333333333,10.004786029000517,10.001148673590718
hm-a10-g1-L5p3-n3-beta0__N0192__Aplus_0p005,hm-a10-g1-L5p3-n3-beta0__N0192__Aminus_0p005,hm-a10-g1-L5p3-n3-beta0,192,0.005,123,3.3953124999999997,10.0048516400194,10.001164413379815
hm-a10-g1-L5p3-n3-beta0__N0192__Aplus_0p005,hm-a10-g1-L5p3-n3-beta0__N0192__Aminus_0p005,hm-a10-g1-L5p3-n3-beta0,192,0.005,124,3.4229166666666666,10.004905540255184,10.00117734353902
hm-a10-g1-L5p3-n3-beta0__N0192__Aplus_0p005,hm-a10-g1-L5p3-n3-beta0__N0192__Aminus_0p005,hm-a10-g1-L5p3-n3-beta0,192,0.005,125,3.450520833333333,10.004947598916278,10.001187432849546
hm-a10-g1-L5p3-n3-beta0__N0192__Aplus_0p005,hm-a10-g1-L5p3-n3-beta0__N0192__Aminus_0p005,hm-a10-g1-L5p3-n3-beta0,192,0.005,126,3.478125,10.00497771393803,10.001194656951068
hm-a10-g1-L5p3-n3-beta0__N0192__Aplus_0p005,hm-a10-g1-L5p3-n3-beta0__N0192__Aminus_0p005,hm-a10-g1-L5p3-n3-beta0,192,0.005,127,3.5057291666666663,10.004995812235784,10.001198998400932
hm-a10-g1-L5p3-n3-beta0__N0192__Aplus_0p005,hm-a10-g1-L5p3-n3-beta0__N0192__Aminus_0p005,hm-a10-g1-L5p3-n3-beta0,192,0.005,128,3.533333333333333,10.005001849886108,10.001200446716558
hm-a10-g1-L5p3-n3-beta0__N0192__Aplus_0p005,hm-a10-g1-L5p3-n3-beta0__N0192__Aminus_0p005,hm-a10-g1-L5p3-n3-beta0,192,0.005,129,3.5609375,10.00499581223575,10.001198998400918
hm-a10-g1-L5p3-n3-beta0__N0192__Aplus_0p005,hm-a10-g1-L5p3-n3-beta0__N0192__Aminus_0p005,hm-a10-g1-L5p3-n3-beta0,192,0.005,130,3.5885416666666665,10.004977713937963,10.00119465695104
hm-a10-g1-L5p3-n3-beta0__N0192__Aplus_0p005,hm-a10-g1-L5p3-n3-beta0__N0192__Aminus_0p005,hm-a10-g1-L5p3-n3-beta0,192,0.005,131,3.6161458333333334,10.004947598916177,10.001187432849502
hm-a10-g1-L5p3-n3-beta0__N0192__Aplus_0p005,hm-a10-g1-L5p3-n3-beta0__N0192__Aminus_0p005,hm-a10-g1-L5p3-n3-beta0,192,0.005,132,3.64375,10.00490554025505,10.00117734353896
hm-a10-g1-L5p3-n3-beta0__N0192__Aplus_0p005,hm-a10-g1-L5p3-n3-beta0__N0192__Aminus_0p005,hm-a10-g1-L5p3-n3-beta0,192,0.005,133,3.6713541666666667,10.00485164001923,10.001164413379739
hm-a10-g1-L5p3-n3-beta0__N0192__Aplus_0p005,hm-a10-g1-L5p3-n3-beta0__N0192__Aminus_0p005,hm-a10-g1-L5p3-n3-beta0,192,0.005,134,3.698958333333333,10.004786029000316,10.00114867359063
hm-a10-g1-L5p3-n3-beta0__N0192__Aplus_0p005,hm-a10-g1-L5p3-n3-beta0__N0192__Aminus_0p005,hm-a10-g1-L5p3-n3-beta0,192,0.005,135,3.7265625,10.004708866392653,10.001130162173009
hm-a10-g1-L5p3-n3-beta0__N0192__Aplus_0p005,hm-a10-g1-L5p3-n3-beta0__N0192__Aminus_0p005,hm-a10-g1-L5p3-n3-beta0,192,0.005,136,3.7541666666666664,10.004620339398897,10.001108923818498
hm-a10-g1-L5p3-n3-beta0__N0192__Aplus_0p005,hm-a10-g1-L5p3-n3-beta0__N0192__Aminus_0p005,hm-a10-g1-L5p3-n3-beta0,192,0.005,137,3.7817708333333333,10.004520662766355,10.001085009800368
hm-a10-g1-L5p3-n3-beta0__N0192__Aplus_0p005,hm-a10-g1-L5p3-n3-beta0__N0192__Aminus_0p005,hm-a10-g1-L5p3-n3-beta0,192,0.005,138,3.8093749999999997,10.004410078255352,10.001058477848977
hm-a10-g1-L5p3-n3-beta0__N0192__Aplus_0p005,hm-a10-g1-L5p3-n3-beta0__N0192__Aminus_0p005,hm-a10-g1-L5p3-n3-beta0,192,0.005,139,3.8369791666666666,10.00428885404106,10.001029392011533
hm-a10-g1-L5p3-n3-beta0__N0192__Aplus_0p005,hm-a10-g1-L5p3-n3-beta0__N0192__Aminus_0p005,hm-a10-g1-L5p3-n3-beta0,192,0.005,140,3.864583333333333,10.004157284050367,10.000997822496561
hm-a10-g1-L5p3-n3-beta0__N0192__Aplus_0p005,hm-a10-g1-L5p3-n3-beta0__N0192__Aminus_0p005,hm-a10-g1-L5p3-n3-beta0,192,0.005,141,3.8921875,10.00401568723555,10.000963845503428
hm-a10-g1-L5p3-n3-beta0__N0192__Aplus_0p005,hm-a10-g1-L5p3-n3-beta0__N0192__Aminus_0p005,hm-a10-g1-L5p3-n3-beta0,192,0.005,142,3.9197916666666663,10.003864406786693,10.00092754303736
hm-a10-g1-L5p3-n3-beta0__N0192__Aplus_0p005,hm-a10-g1-L5p3-n3-beta0__N0192__Aminus_0p005,hm-a10-g1-L5p3-n3-beta0,192,0.005,143,3.947395833333333,10.003703809284914,10.000889002710434
hm-a10-g1-L5p3-n3-beta0__N0192__Aplus_0p005,hm-a10-g1-L5p3-n3-beta0__N0192__Aminus_0p005,hm-a10-g1-L5p3-n3-beta0,192,0.005,144,3.9749999999999996,10.003534283798647,10.000848317528996
hm-a10-g1-L5p3-n3-beta0__N0192__Aplus_0p005,hm-a10-g1-L5p3-n3-beta0__N0192__Aminus_0p005,hm-a10-g1-L5p3-n3-beta0,192,0.005,145,4.002604166666667,10.003356240925346,10.000805585668079
hm-a10-g1-L5p3-n3-beta0__N0192__Aplus_0p005,hm-a10-g1-L5p3-n3-beta0__N0192__Aminus_0p005,hm-a10-g1-L5p3-n3-beta0,192,0.005,146,4.030208333333333,10.003170111781138,10.00076091023332
hm-a10-g1-L5p3-n3-beta0__N0192__Aplus_0p005,hm-a10-g1-L5p3-n3-beta0__N0192__Aminus_0p005,hm-a10-g1-L5p3-n3-beta0,192,0.005,147,4.0578125,10.002976346941054,10.000714399011033
hm-a10-g1-L5p3-n3-beta0__N0192__Aplus_0p005,hm-a10-g1-L5p3-n3-beta0__N0192__Aminus_0p005,hm-a10-g1-L5p3-n3-beta0,192,0.005,148,4.085416666666666,10.002775415332584,10.000666164207004
hm-a10-g1-L5p3-n3-beta0__N0192__Aplus_0p005,hm-a10-g1-L5p3-n3-beta0__N0192__Aminus_0p005,hm-a10-g1-L5p3-n3-beta0,192,0.005,149,4.113020833333334,10.002567803085457,10.000616322174675
hm-a10-g1-L5p3-n3-beta0__N0192__Aplus_0p005,hm-a10-g1-L5p3-n3-beta0__N0192__Aminus_0p005,hm-a10-g1-L5p3-n3-beta0,192,0.005,150,4.140625,10.00235401234057,10.000564993133374
hm-a10-g1-L5p3-n3-beta0__N0192__Aplus_0p005,hm-a10-g1-L5p3-n3-beta0__N0192__Aminus_0p005,hm-a10-g1-L5p3-n3-beta0,192,0.005,151,4.168229166666666,10.002134560021174,10.000512300877295
hm-a10-g1-L5p3-n3-beta0__N0192__Aplus_0p005,hm-a10-g1-L5p3-n3-beta0__N0192__Aminus_0p005,hm-a10-g1-L5p3-n3-beta0,192,0.005,152,4.195833333333333,10.001909976569433,10.000458372475945
hm-a10-g1-L5p3-n3-beta0__N0192__Aplus_0p005,hm-a10-g1-L5p3-n3-beta0__N0192__Aminus_0p005,hm-a10-g1-L5p3-n3-beta0,192,0.005,153,4.2234375,10.001680804651567,10.000403337966766
hm-a10-g1-L5p3-n3-beta0__N0192__Aplus_0p005,hm-a10-g1-L5p3-n3-beta0__N0192__Aminus_0p005,hm-a10-g1-L5p3-n3-beta0,192,0.005,154,4.251041666666667,10.001447597834908,10.000347330040727
hm-a10-g1-L5p3-n3-beta0__N0192__Aplus_0p005,hm-a10-g1-L5p3-n3-beta0__N0192__Aminus_0p005,hm-a10-g1-L5p3-n3-beta0,192,0.005,155,4.278645833333333,10.001210919240135,10.000290483721615
hm-a10-g1-L5p3-n3-beta0__N0192__Aplus_0p005,hm-a10-g1-L5p3-n3-beta0__N0192__Aminus_0p005,hm-a10-g1-L5p3-n3-beta0,192,0.005,156,4.3062499999999995,10.000971340172146,10.000232936039831
hm-a10-g1-L5p3-n3-beta0__N0192__Aplus_0p005,hm-a10-g1-L5p3-n3-beta0__N0192__Aminus_0p005,hm-a10-g1-L5p3-n3-beta0,192,0.005,157,4.333854166666667,10.000729438732918,10.000174825701468
hm-a10-g1-L5p3-n3-beta0__N0192__Aplus_0p005,hm-a10-g1-L5p3-n3-beta0__N0192__Aminus_0p005,hm-a10-g1-L5p3-n3-beta0,192,0.005,158,4.361458333333333,10.000485798419856,10.000116292753512
hm-a10-g1-L5p3-n3-beta0__N0192__Aplus_0p005,hm-a10-g1-L5p3-n3-beta0__N0192__Aminus_0p005,hm-a10-g1-L5p3-n3-beta0,192,0.005,159,4.3890625,10.000241006713054,10.00005747824593
hm-a10-g1-L5p3-n3-beta0__N0192__Aplus_0p005,hm-a10-g1-L5p3-n3-beta0__N0192__Aminus_0p005,hm-a10-g1-L5p3-n3-beta0,192,0.005,160,4.416666666666666,9.999995653654958,9.999998523891488
hm-a10-g1-L5p3-n3-beta0__N0192__Aplus_0p005,hm-a10-g1-L5p3-n3-beta0__N0192__Aminus_0p005,hm-a10-g1-L5p3-n3-beta0,192,0.005,161,4.444270833333333,9.99975033042589,9.99993957172414
hm-a10-g1-L5p3-n3-beta0__N0192__Aplus_0p005,hm-a10-g1-L5p3-n3-beta0__N0192__Aminus_0p005,hm-a10-g1-L5p3-n3-beta0,192,0.005,162,4.471875,9.999505627918905,9.99988076375677
hm-a10-g1-L5p3-n3-beta0__N0192__Aplus_0p005,hm-a10-g1-L5p3-n3-beta0__N0192__Aminus_0p005,hm-a10-g1-L5p3-n3-beta0,192,0.005,163,4.499479166666666,9.999262135317409,9.999822241639166
hm-a10-g1-L5p3-n3-beta0__N0192__Aplus_0p005,hm-a10-g1-L5p3-n3-beta0__N0192__Aminus_0p005,hm-a10-g1-L5p3-n3-beta0,192,0.005,164,4.527083333333334,9.999020438678956,9.999764146316984
hm-a10-g1-L5p3-n3-beta0__N0192__Aplus_0p005,hm-a10-g1-L5p3-n3-beta0__N0192__Aminus_0p005,hm-a10-g1-L5p3-n3-beta0,192,0.005,165,4.5546875,9.998781119528612,9.9997066176926
hm-a10-g1-L5p3-n3-beta0__N0192__Aplus_0p005,hm-a10-g1-L5p3-n3-beta0__N0192__Aminus_0p005,hm-a10-g1-L5p3-n3-beta0,192,0.005,166,4.582291666666666,9.998544753465215,9.999649794288581
hm-a10-g1-L5p3-n3-beta0__N0192__Aplus_0p005,hm-a10-g1-L5p3-n3-beta0__N0192__Aminus_0p005,hm-a10-g1-L5p3-n3-beta0,192,0.005,167,4.609895833333333,9.998311908783815,9.999593812914638
hm-a10-g1-L5p3-n3-beta0__N0192__Aplus_0p005,hm-a10-g1-L5p3-n3-beta0__N0192__Aminus_0p005,hm-a10-g1-L5p3-n3-beta0,192,0.005,168,4.6375,9.998083145117548,9.999538808338846
hm-a10-g1-L5p3-n3-beta0__N0192__Aplus_0p005,hm-a10-g1-L5p3-n3-beta0__N0192__Aminus_0p005,hm-a10-g1-L5p3-n3-beta0,192,0.005,169,4.665104166666667,9.997859012102058,9.999484912963897
hm-a10-g1-L5p3-n3-beta0__N0192__Aplus_0p005,hm-a10-g1-L5p3-n3-beta0__N0192__Aminus_0p005,hm-a10-g1-L5p3-n3-beta0,192,0.005,170,4.692708333333333,9.997640048065634,9.999432256509177
hm-a10-g1-L5p3-n3-beta0__N0192__Aplus_0p005,hm-a10-g1-L5p3-n3-beta0__N0192__Aminus_0p005,hm-a10-g1-L5p3-n3-beta0,192,0.005,171,4.7203124999999995,9.997426778748013,9.999380965699402
hm-a10-g1-L5p3-n3-beta0__N0192__Aplus_0p005,hm-a10-g1-L5p3-n3-beta0__N0192__Aminus_0p005,hm-a10-g1-L5p3-n3-beta0,192,0.005,172,4.747916666666667,9.997219716050823,9.999331163960576
hm-a10-g1-L5p3-n3-beta0__N0192__Aplus_0p005,hm-a10-g1-L5p3-n3-beta0__N0192__Aminus_0p005,hm-a10-g1-L5p3-n3-beta0,192,0.005,173,4.775520833333333,9.997019356822504,9.99928297112398
hm-a10-g1-L5p3-n3-beta0__N0192__Aplus_0p005,hm-a10-g1-L5p3-n3-beta0__N0192__Aminus_0p005,hm-a10-g1-L5p3-n3-beta0,192,0.005,174,4.803125,9.996826181680454,9.999236503138883
hm-a10-g1-L5p3-n3-beta0__N0192__Aplus_0p005,hm-a10-g1-L5p3-n3-beta0__N0192__Aminus_0p005,hm-a10-g1-L5p3-n3-beta0,192,0.005,175,4.830729166666666,9.996640653873053,9.999191871794677
hm-a10-g1-L5p3-n3-beta0__N0192__Aplus_0p005,hm-a10-g1-L5p3-n3-beta0__N0192__Aminus_0p005,hm-a10-g1-L5p3-n3-beta0,192,0.005,176,4.858333333333333,9.99646321818413,9.999149184453062
hm-a10-g1-L5p3-n3-beta0__N0192__Aplus_0p005,hm-a10-g1-L5p3-n3-beta0__N0192__Aminus_0p005,hm-a10-g1-L5p3-n3-beta0,192,0.005,177,4.8859375,9.9962942998823,9.999108543790928
hm-a10-g1-L5p3-n3-beta0__N0192__Aplus_0p005,hm-a10-g1-L5p3-n3-beta0__N0192__Aminus_0p005,hm-a10-g1-L5p3-n3-beta0,192,0.005,178,4.913541666666666,9.996134303717497,9.99907004755456
hm-a10-g1-L5p3-n3-beta0__N0192__Aplus_0p005,hm-a10-g1-L5p3-n3-beta0__N0192__Aminus_0p005,hm-a10-g1-L5p3-n3-beta0,192,0.005,179,4.941145833333334,9.995983612966947,9.999033788325695
hm-a10-g1-L5p3-n3-beta0__N0192__Aplus_0p005,hm-a10-g1-L5p3-n3-beta0__N0192__Aminus_0p005,hm-a10-g1-L5p3-n3-beta0,192,0.005,180,4.96875,9.99584258853265,9.998999853300003
hm-a10-g1-L5p3-n3-beta0__N0192__Aplus_0p005,hm-a10-g1-L5p3-n3-beta0__N0192__Aminus_0p005,hm-a10-g1-L5p3-n3-beta0,192,0.005,181,4.996354166666666,9.995711568092341,9.998968324078547
hm-a10-g1-L5p3-n3-beta0__N0192__Aplus_0p005,hm-a10-g1-L5p3-n3-beta0__N0192__Aminus_0p005,hm-a10-g1-L5p3-n3-beta0,192,0.005,182,5.023958333333333,9.995590865305829,9.998939276472644
hm-a10-g1-L5p3-n3-beta0__N0192__Aplus_0p005,hm-a10-g1-L5p3-n3-beta0__N0192__Aminus_0p005,hm-a10-g1-L5p3-n3-beta0,192,0.005,183,5.0515625,9.995480769078354,9.998912780322625
hm-a10-g1-L5p3-n3-beta0__N0192__Aplus_0p005,hm-a10-g1-L5p3-n3-beta0__N0192__Aminus_0p005,hm-a10-g1-L5p3-n3-beta0,192,0.005,184,5.079166666666667,9.995381542882646,9.998888899330913
hm-a10-g1-L5p3-n3-beta0__N0192__Aplus_0p005,hm-a10-g1-L5p3-n3-beta0__N0192__Aminus_0p005,hm-a10-g1-L5p3-n3-beta0,192,0.005,185,5.106770833333333,9.995293424141067,9.998867690909803
hm-a10-g1-L5p3-n3-beta0__N0192__Aplus_0p005,hm-a10-g1-L5p3-n3-beta0__N0192__Aminus_0p005,hm-a10-g1-L5p3-n3-beta0,192,0.005,186,5.1343749999999995,9.995216623669226,9.99884920604429
hm-a10-g1-L5p3-n3-beta0__N0192__Aplus_0p005,hm-a10-g1-L5p3-n3-beta0__N0192__Aminus_0p005,hm-a10-g1-L5p3-n3-beta0,192,0.005,187,5.161979166666667,9.995151325182203,9.998833489170286
hm-a10-g1-L5p3-n3-beta0__N0192__Aplus_0p005,hm-a10-g1-L5p3-n3-beta0__N0192__Aminus_0p005,hm-a10-g1-L5p3-n3-beta0,192,0.005,188,5.189583333333333,9.995097684864486,9.998820578068484
hm-a10-g1-L5p3-n3-beta0__N0192__Aplus_0p005,hm-a10-g1-L5p3-n3-beta0__N0192__Aminus_0p005,hm-a10-g1-L5p3-n3-beta0,192,0.005,189,5.2171875,9.99505583100451,9.998810503774141
hm-a10-g1-L5p3-n3-beta0__N0192__Aplus_0p005,hm-a10-g1-L5p3-n3-beta0__N0192__Aminus_0p005,hm-a10-g1-L5p3-n3-beta0,192,0.005,190,5.244791666666666,9.995025863694575,9.998803290502968
hm-a10-g1-L5p3-n3-beta0__N0192__Aplus_0p005,hm-a10-g1-L5p3-n3-beta0__N0192__Aminus_0p005,hm-a10-g1-L5p3-n3-beta0,192,0.005,191,5.272395833333333,9.995007854596789,9.998798955593312
hm-a10-g1-L5p3-n3-beta0__N0192__Aplus_0p005,hm-a10-g1-L5p3-n3-beta0__N0192__Aminus_0p005,hm-a10-g1-L5p3-n3-beta0,192,0.005,192,5.3,9.995001846775532,9.998797509464772
hm-a10-g1-L5p3-n3-beta0__N0192__Aplus_0p01,hm-a10-g1-L5p3-n3-beta0__N0192__Aminus_0p01,hm-a10-g1-L5p3-n3-beta0,192,0.01,0,0.0,10.010007405766537,10.002398849921924
hm-a10-g1-L5p3-n3-beta0__N0192__Aplus_0p01,hm-a10-g1-L5p3-n3-beta0__N0192__Aminus_0p01,hm-a10-g1-L5p3-n3-beta0,192,0.01,1,0.027604166666666666,10.00999530053559,10.002395951100125
hm-a10-g1-L5p3-n3-beta0__N0192__Aplus_0p01,hm-a10-g1-L5p3-n3-beta0__N0192__Aminus_0p01,hm-a10-g1-L5p3-n3-beta0,192,0.01,2,0.05520833333333333,10.009959014438722,10.002387261649918
hm-a10-g1-L5p3-n3-beta0__N0192__Aplus_0p01,hm-a10-g1-L5p3-n3-beta0__N0192__Aminus_0p01,hm-a10-g1-L5p3-n3-beta0,192,0.01,3,0.0828125,10.009898636188368,10.002372802599673
hm-a10-g1-L5p3-n3-beta0__N0192__Aplus_0p01,hm-a10-g1-L5p3-n3-beta0__N0192__Aminus_0p01,hm-a10-g1-L5p3-n3-beta0,192,0.01,4,0.11041666666666666,10.009814313387118,10.002352608939363
hm-a10-g1-L5p3-n3-beta0__N0192__Aplus_0p01,hm-a10-g1-L5p3-n3-beta0__N0192__Aminus_0p01,hm-a10-g1-L5p3-n3-beta0,192,0.01,5,0.13802083333333331,10.009706252151313,10.00232672953475
hm-a10-g1-L5p3-n3-beta0__N0192__Aplus_0p01,hm-a10-g1-L5p3-n3-beta0__N0192__Aminus_0p01,hm-a10-g1-L5p3-n3-beta0,192,0.01,6,0.165625,10.009574716585632,10.002295227007576
hm-a10-g1-L5p3-n3-beta0__N0192__Aplus_0p01,hm-a10-g1-L5p3-n3-beta0__N0192__Aminus_0p01,hm-a10-g1-L5p3-n3-beta0,192,0.01,7,0.19322916666666667,10.009420028110215,10.00225817758201
hm-a10-g1-L5p3-n3-beta0__N0192__Aplus_0p01,hm-a10-g1-L5p3-n3-beta0__N0192__Aminus_0p01,hm-a10-g1-L5p3-n3-beta0,192,0.01,8,0.22083333333333333,10.009242564642303,10.00221567089784
hm-a10-g1-L5p3-n3-beta0__N0192__Aplus_0p01,hm-a10-g1-L5p3-n3-beta0__N0192__Aminus_0p01,hm-a10-g1-L5p3-n3-beta0,192,0.01,9,0.24843749999999998,10.009042759634816,10.002167809790782
hm-a10-g1-L5p3-n3-beta0__N0192__Aplus_0p01,hm-a10-g1-L5p3-n3-beta0__N0192__Aminus_0p01,hm-a10-g1-L5p3-n3-beta0,192,0.01,10,0.27604166666666663,10.008821100974645,10.002114710040575
hm-a10-g1-L5p3-n3-beta0__N0192__Aplus_0p01,hm-a10-g1-L5p3-n3-beta0__N0192__Aminus_0p01,hm-a10-g1-L5p3-n3-beta0,192,0.01,11,0.30364583333333334,10.008578129743919,10.002056500087424
hm-a10-g1-L5p3-n3-beta0__N0192__Aplus_0p01,hm-a10-g1-L5p3-n3-beta0__N0192__Aminus_0p01,hm-a10-g1-L5p3-n3-beta0,192,0.01,12,0.33125,10.008314438847822,10.001993320717578
hm-a10-g1-L5p3-n3-beta0__N0192__Aplus_0p01,hm-a10-g1-L5p3-n3-beta0__N0192__Aminus_0p01,hm-a10-g1-L5p3-n3-beta0,192,0.01,13,0.35885416666666664,10.008030671512932,10.001925324718819
hm-a10-g1-L5p3-n3-beta0__N0192__Aplus_0p01,hm-a10-g1-L5p3-n3-beta0__N0192__Aminus_0p01,hm-a10-g1-L5p3-n3-beta0,192,0.01,14,0.38645833333333335,10.007727519660444,10.00185267650675
hm-a10-g1-L5p3-n3-beta0__N0192__Aplus_0p01,hm-a10-g1-L5p3-n3-beta0__N0192__Aminus_0p01,hm-a10-g1-L5p3-n3-beta0,192,0.01,15,0.4140625,10.00740572215891,10.001775551722847
hm-a10-g1-L5p3-n3-beta0__N0192__Aplus_0p01,hm-a10-g1-L5p3-n3-beta0__N0192__Aminus_0p01,hm-a10-g1-L5p3-n3-beta0,192,0.01,16,0.44166666666666665,10.007066062961531,10.001694136805277
hm-a10-g1-L5p3-n3-beta0__N0192__Aplus_0p01,hm-a10-g1-L5p3-n3-beta0__N0192__Aminus_0p01,hm-a10-g1-L5p3-n3-beta0,192,0.01,17,0.4692708333333333,10.006709369133246,10.001608628533603
hm-a10-g1-L5p3-n3-beta0__N0192__Aplus_0p01,hm-a10-g1-L5p3-n3-beta0__N0192__Aminus_0p01,hm-a10-g1-L5p3-n3-beta0,192,0.01,18,0.49687499999999996,10.006336508773238,10.00151923354851
hm-a10-g1-L5p3-n3-beta0__N0192__Aplus_0p01,hm-a10-g1-L5p3-n3-beta0__N0192__Aminus_0p01,hm-a10-g1-L5p3-n3-beta0,192,0.01,19,0.5244791666666666,10.005948388838648,10.001426167847788
hm-a10-g1-L5p3-n3-beta0__N0192__Aplus_0p01,hm-a10-g1-L5p3-n3-beta0__N0192__Aminus_0p01,hm-a10-g1-L5p3-n3-beta0,192,0.01,20,0.5520833333333333,10.005545952875591,10.001329656259815
hm-a10-g1-L5p3-n3-beta0__N0192__Aplus_0p01,hm-a10-g1-L5p3-n3-beta0__N0192__Aminus_0p01,hm-a10-g1-L5p3-n3-beta0,192,0.01,21,0.5796875,10.005130178663737,10.001229931895908
hm-a10-g1-L5p3-n3-beta0__N0192__Aplus_0p01,hm-a10-g1-L5p3-n3-beta0__N0192__Aminus_0p01,hm-a10-g1-L5p3-n3-beta0,192,0.01,22,0.6072916666666667,10.004702075780939,10.001127235582901
hm-a10-g1-L5p3-n3-beta0__N0192__Aplus_0p01,hm-a10-g1-L5p3-n3-beta0__N0192__Aminus_0p01,hm-a10-g1-L5p3-n3-beta0,192,0.01,23,0.6348958333333333,10.004262683094545,10.00102181527735
hm-a10-g1-L5p3-n3-beta0__N0192__Aplus_0p01,hm-a10-g1-L5p3-n3-beta0__N0192__Aminus_0p01,hm-a10-g1-L5p3-n3-beta0,192,0.01,24,0.6625,10.003813066186169,10.000913925462873
hm-a10-g1-L5p3-n3-beta0__N0192__Aplus_0p01,hm-a10-g1-L5p3-n3-beta0__N0192__Aminus_0p01,hm-a10-g1-L5p3-n3-beta0,192,0.01,25,0.6901041666666666,10.003354314716823,10.00080382653211
hm-a10-g1-L5p3-n3-beta0__N0192__Aplus_0p01,hm-a10-g1-L5p3-n3-beta0__N0192__Aminus_0p01,hm-a10-g1-L5p3-n3-beta0,192,0.01,26,0.7177083333333333,10.002887539739426,10.00069178415481
hm-a10-g1-L5p3-n3-beta0__N0192__Aplus_0p01,hm-a10-g1-L5p3-n3-beta0__N0192__Aminus_0p01,hm-a10-g1-L5p3-n3-beta0,192,0.01,27,0.7453124999999999,10.002413870965736,10.00057806863368
hm-a10-g1-L5p3-n3-beta0__N0192__Aplus_0p01,hm-a10-g1-L5p3-n3-beta0__N0192__Aminus_0p01,hm-a10-g1-L5p3-n3-beta0,192,0.01,28,0.7729166666666667,10.001934453994844,10.000462954249496
hm-a10-g1-L5p3-n3-beta0__N0192__Aplus_0p01,hm-a10-g1-L5p3-n3-beta0__N0192__Aminus_0p01,hm-a10-g1-L5p3-n3-beta0,192,0.01,29,0.8005208333333333,10.00145044751039,10.000346718597198
hm-a10-g1-L5p3-n3-beta0__N0192__Aplus_0p01,hm-a10-g1-L5p3-n3-beta0__N0192__Aminus_0p01,hm-a10-g1-L5p3-n3-beta0,192,0.01,30,0.828125,10.000963020453634,10.00022964191449
hm-a10-g1-L5p3-n3-beta0__N0192__Aplus_0p01,hm-a10-g1-L5p3-n3-beta0__N0192__Aminus_0p01,hm-a10-g1-L5p3-n3-beta0,192,0.01,31,0.8557291666666667,10.00047334917956,10.000112006404658
hm-a10-g1-L5p3-n3-beta0__N0192__Aplus_0p01,hm-a10-g1-L5p3-n3-beta0__N0192__Aminus_0p01,hm-a10-g1-L5p3-n3-beta0,192,0.01,32,0.8833333333333333,9.9999826146031,9.999994095555238
hm-a10-g1-L5p3-n3-beta0__N0192__Aplus_0p01,hm-a10-g1-L5p3-n3-beta0__N0192__Aminus_0p01,hm-a10-g1-L5p3-n3-beta0,192,0.01,33,0.9109375,9.999491999342537,9.99987619345419
hm-a10-g1-L5p3-n3-beta0__N0192__Aplus_0p01,hm-a10-g1-L5p3-n3-beta0__N0192__Aminus_0p01,hm-a10-g1-L5p3-n3-beta0,192,0.01,34,0.9385416666666666,9.999002684867092,9.999758584105221
hm-a10-g1-L5p3-n3-beta0__N0192__Aplus_0p01,hm-a10-g1-L5p3-n3-beta0__N0192__Aminus_0p01,hm-a10-g1-L5p3-n3-beta0,192,0.01,35,0.9661458333333333,9.998515848655567,9.999641550743926
hm-a10-g1-L5p3-n3-beta0__N0192__Aplus_0p01,hm-a10-g1-L5p3-n3-beta0__N0192__Aminus_0p01,hm-a10-g1-L5p3-n3-beta0,192,0.01,36,0.9937499999999999,9.998032661372847,9.999525375156386
hm-a10-g1-L5p3-n3-beta0__N0192__Aplus_0p01,hm-a10-g1-L5p3-n3-beta0__N0192__Aminus_0p01,hm-a10-g1-L5p3-n3-beta0,192,0.01,37,1.0213541666666666,9.997554284070917,9.99941033700185
hm-a10-g1-L5p3-n3-beta0__N0192__Aplus_0p01,hm-a10-g1-L5p3-n3-beta0__N0192__Aminus_0p01,hm-a10-g1-L5p3-n3-beta0,192,0.01,38,1.0489583333333332,9.997081865420936,9.999296713141122
hm-a10-g1-L5p3-n3-beta0__N0192__Aplus_0p01,hm-a10-g1-L5p3-n3-beta0__N0192__Aminus_0p01,hm-a10-g1-L5p3-n3-beta0,192,0.01,39,1.0765624999999999,9.996616538982742,9.999184776972246
hm-a10-g1-L5p3-n3-beta0__N0192__Aplus_0p01,hm-a10-g1-L5p3-n3-beta0__N0192__Aminus_0p01,hm-a10-g1-L5p3-n3-beta0,192,0.01,40,1.1041666666666665,9.996159420517992,9.999074797775082
hm-a10-g1-L5p3-n3-beta0__N0192__Aplus_0p01,hm-a10-g1-L5p3-n3-beta0__N0192__Aminus_0p01,hm-a10-g1-L5p3-n3-beta0,192,0.01,41,1.1317708333333334,9.995711605353009,9.998967040066283
hm-a10-g1-L5p3-n3-beta0__N0192__Aplus_0p01,hm-a10-g1-L5p3-n3-beta0__N0192__Aminus_0p01,hm-a10-g1-L5p3-n3-beta0,192,0.01,42,1.159375,9.995274165797166,9.998861762966241
hm-a10-g1-L5p3-n3-beta0__N0192__Aplus_0p01,hm-a10-g1-L5p3-n3-beta0__N0192__Aminus_0p01,hm-a10-g1-L5p3-n3-beta0,192,0.01,43,1.1869791666666667,9.99484814862249,9.99875921957943
hm-a10-g1-L5p3-n3-beta0__N0192__Aplus_0p01,hm-a10-g1-L5p3-n3-beta0__N0192__Aminus_0p01,hm-a10-g1-L5p3-n3-beta0,192,0.01,44,1.2145833333333333,9.994434572609931,9.998659656389647
hm-a10-g1-L5p3-n3-beta0__N0192__Aplus_0p01,hm-a10-g1-L5p3-n3-beta0__N0192__Aminus_0p01,hm-a10-g1-L5p3-n3-beta0,192,0.01,45,1.2421875,9.99403442616759,9.998563312671527
hm-a10-g1-L5p3-n3-beta0__N0192__Aplus_0p01,hm-a10-g1-L5p3-n3-beta0__N0192__Aminus_0p01,hm-a10-g1-L5p3-n3-beta0,192,0.01,46,1.2697916666666667,9.99364866502588,9.998470419919713
hm-a10-g1-L5p3-n3-beta0__N0192__Aplus_0p01,hm-a10-g1-L5p3-n3-beta0__N0192__Aminus_0p01,hm-a10-g1-L5p3-n3-beta0,192,0.01,47,1.2973958333333333,9.993278210014518,9.998381201296995
hm-a10-g1-L5p3-n3-beta0__N0192__Aplus_0p01,hm-a10-g1-L5p3-n3-beta0__N0192__Aminus_0p01,hm-a10-g1-L5p3-n3-beta0,192,0.01,48,1.325,9.992923944925858,9.998295871102693
hm-a10-g1-L5p3-n3-beta0__N0192__Aplus_0p01,hm-a10-g1-L5p3-n3-beta0__N0192__Aminus_0p01,hm-a10-g1-L5p3-n3-beta0,192,0.01,49,1.3526041666666666,9.992586714469006,9.998214634262515
hm-a10-g1-L5p3-n3-beta0__N0192__Aplus_0p01,hm-a10-g1-L5p3-n3-beta0__N0192__Aminus_0p01,hm-a10-g1-L5p3-n3-beta0,192,0.01,50,1.3802083333333333,9.992267322318792,9.998137685841039
hm-a10-g1-L5p3-n3-beta0__N0192__Aplus_0p01,hm-a10-g1-L5p3-n3-beta0__N0192__Aminus_0p01,hm-a10-g1-L5p3-n3-beta0,192,0.01,51,1.4078125,9.991966529263527,9.998065210577964
hm-a10-g1-L5p3-n3-beta0__N0192__Aplus_0p01,hm-a10-g1-L5p3-n3-beta0__N0192__Aminus_0p01,hm-a10-g1-L5p3-n3-beta0,192,0.01,52,1.4354166666666666,9.991685051455196,9.997997382449174
hm-a10-g1-L5p3-n3-beta0__N0192__Aplus_0p01,hm-a10-g1-L5p3-n3-beta0__N0192__Aminus_0p01,hm-a10-g1-L5p3-n3-beta0,192,0.01,53,1.4630208333333332,9.991423558765517,9.997934364253586
hm-a10-g1-L5p3-n3-beta0__N0192__Aplus_0p01,hm-a10-g1-L5p3-n3-beta0__N0192__Aminus_0p01,hm-a10-g1-L5p3-n3-beta0,192,0.01,54,1.4906249999999999,9.991182673251036,9.997876307226788
hm-a10-g1-L5p3-n3-beta0__N0192__Aplus_0p01,hm-a10-g1-L5p3-n3-beta0__N0192__Aminus_0p01,hm-a10-g1-L5p3-n3-beta0,192,0.01,55,1.5182291666666665,9.99096296773023,9.99782335068226
hm-a10-g1-L5p3-n3-beta0__N0192__Aplus_0p01,hm-a10-g1-L5p3-n3-beta0__N0192__Aminus_0p01,hm-a10-g1-L5p3-n3-beta0,192,0.01,56,1.5458333333333334,9.990764964475304,9.99777562168106
hm-a10-g1-L5p3-n3-beta0__N0192__Aplus_0p01,hm-a10-g1-L5p3-n3-beta0__N0192__Aminus_0p01,hm-a10-g1-L5p3-n3-beta0,192,0.01,57,1.5734375,9.990589134021157,9.997733234730664
hm-a10-g1-L5p3-n3-beta0__N0192__Aplus_0p01,hm-a10-g1-L5p3-n3-beta0__N0192__Aminus_0p01,hm-a10-g1-L5p3-n3-beta0,192,0.01,58,1.6010416666666667,9.990435894093759,9.997696291513694
hm-a10-g1-L5p3-n3-beta0__N0192__Aplus_0p01,hm-a10-g1-L5p3-n3-beta0__N0192__Aminus_0p01,hm-a10-g1-L5p3-n3-beta0,192,0.01,59,1.6286458333333333,9.990305608659916,9.997664880647081
hm-a10-g1-L5p3-n3-beta0__N0192__Aplus_0p01,hm-a10-g1-L5p3-n3-beta0__N0192__Aminus_0p01,hm-a10-g1-L5p3-n3-beta0,192,0.01,60,1.65625,9.990198587100199,9.99763907747226
hm-a10-g1-L5p3-n3-beta0__N0192__Aplus_0p01,hm-a10-g1-L5p3-n3-beta0__N0192__Aminus_0p01,hm-a10-g1-L5p3-n3-beta0,192,0.01,61,1.6838541666666667,9.99011508350653,9.997618943876827
hm-a10-g1-L5p3-n3-beta0__N0192__Aplus_0p01,hm-a10-g1-L5p3-n3-beta0__N0192__Aminus_0p01,hm-a10-g1-L5p3-n3-beta0,192,0.01,62,1.7114583333333333,9.990055296105758,9.997604528148088
hm-a10-g1-L5p3-n3-beta0__N0192__Aplus_0p01,hm-a10-g1-L5p3-n3-beta0__N0192__Aminus_0p01,hm-a10-g1-L5p3-n3-beta0,192,0.01,63,1.7390625,9.990019366810202,9.997595864858805
hm-a10-g1-L5p3-n3-beta0__N0192__Aplus_0p01,hm-a10-g1-L5p3-n3-beta0__N0192__Aminus_0p01,hm-a10-g1-L5p3-n3-beta0,192,0.01,64,1.7666666666666666,9.990007380896063,9.997592974785402
hm-a10-g1-L5p3-n3-beta0__N0192__Aplus_0p01,hm-a10-g1-L5p3-n3-beta0__N0192__Aminus_0p01,hm-a10-g1-L5p3-n3-beta0,192,0.01,65,1.7942708333333333,9.990019366810223,9.997595864858818
hm-a10-g1-L5p3-n3-beta0__N0192__Aplus_0p01,hm-a10-g1-L5p3-n3-beta0__N0192__Aminus_0p01,hm-a10-g1-L5p3-n3-beta0,192,0.01,66,1.821875,9.9900552961058,9.997604528148116
hm-a10-g1-L5p3-n3-beta0__N0192__Aplus_0p01,hm-a10-g1-L5p3-n3-beta0__N0192__Aminus_0p01,hm-a10-g1-L5p3-n3-beta0,192,0.01,67,1.8494791666666666,9.990115083506595,9.99761894387687
hm-a10-g1-L5p3-n3-beta0__N0192__Aplus_0p01,hm-a10-g1-L5p3-n3-beta0__N0192__Aminus_0p01,hm-a10-g1-L5p3-n3-beta0,192,0.01,68,1.8770833333333332,9.990198587100283,9.997639077472316
hm-a10-g1-L5p3-n3-beta0__N0192__Aplus_0p01,hm-a10-g1-L5p3-n3-beta0__N0192__Aminus_0p01,hm-a10-g1-L5p3-n3-beta0,192,0.01,69,1.9046874999999999,9.990305608660021,9.997664880647154
hm-a10-g1-L5p3-n3-beta0__N0192__Aplus_0p01,hm-a10-g1-L5p3-n3-beta0__N0192__Aminus_0p01,hm-a10-g1-L5p3-n3-beta0,192,0.01,70,1.9322916666666665,9.990435894093887,9.99769629151378
hm-a10-g1-L5p3-n3-beta0__N0192__Aplus_0p01,hm-a10-g1-L5p3-n3-beta0__N0192__Aminus_0p01,hm-a10-g1-L5p3-n3-beta0,192,0.01,71,1.9598958333333332,9.990589134021306,9.99773323473076
hm-a10-g1-L5p3-n3-beta0__N0192__Aplus_0p01,hm-a10-g1-L5p3-n3-beta0__N0192__Aminus_0p01,hm-a10-g1-L5p3-n3-beta0,192,0.01,72,1.9874999999999998,9.990764964475476,9.997775621681166
hm-a10-g1-L5p3-n3-beta0__N0192__Aplus_0p01,hm-a10-g1-L5p3-n3-beta0__N0192__Aminus_0p01,hm-a10-g1-L5p3-n3-beta0,192,0.01,73,2.0151041666666667,9.990962967730425,9.997823350682378
hm-a10-g1-L5p3-n3-beta0__N0192__Aplus_0p01,hm-a10-g1-L5p3-n3-beta0__N0192__Aminus_0p01,hm-a10-g1-L5p3-n3-beta0,192,0.01,74,2.042708333333333,9.991182673251252,9.997876307226917
hm-a10-g1-L5p3-n3-beta0__N0192__Aplus_0p01,hm-a10-g1-L5p3-n3-beta0__N0192__Aminus_0p01,hm-a10-g1-L5p3-n3-beta0,192,0.01,75,2.0703125,9.991423558765758,9.997934364253728
hm-a10-g1-L5p3-n3-beta0__N0192__Aplus_0p01,hm-a10-g1-L5p3-n3-beta0__N0192__Aminus_0p01,hm-a10-g1-L5p3-n3-beta0,192,0.01,76,2.0979166666666664,9.991685051455462,9.997997382449327
hm-a10-g1-L5p3-n3-beta0__N0192__Aplus_0p01,hm-a10-g1-L5p3-n3-beta0__N0192__Aminus_0p01,hm-a10-g1-L5p3-n3-beta0,192,0.01,77,2.1255208333333333,9.991966529263816,9.998065210578131
hm-a10-g1-L5p3-n3-beta0__N0192__Aplus_0p01,hm-a10-g1-L5p3-n3-beta0__N0192__Aminus_0p01,hm-a10-g1-L5p3-n3-beta0,192,0.01,78,2.1531249999999997,9.992267322319108,9.998137685841215
hm-a10-g1-L5p3-n3-beta0__N0192__Aplus_0p01,hm-a10-g1-L5p3-n3-beta0__N0192__Aminus_0p01,hm-a10-g1-L5p3-n3-beta0,192,0.01,79,2.1807291666666666,9.992586714469349,9.998214634262702
hm-a10-g1-L5p3-n3-beta0__N0192__Aplus_0p01,hm-a10-g1-L5p3-n3-beta0__N0192__Aminus_0p01,hm-a10-g1-L5p3-n3-beta0,192,0.01,80,2.208333333333333,9.992923944926227,9.998295871102892
hm-a10-g1-L5p3-n3-beta0__N0192__Aplus_0p01,hm-a10-g1-L5p3-n3-beta0__N0192__Aminus_0p01,hm-a10-g1-L5p3-n3-beta0,192,0.01,81,2.2359375,9.993278210014912,9.998381201297203
hm-a10-g1-L5p3-n3-beta0__N0192__Aplus_0p01,hm-a10-g1-L5p3-n3-beta0__N0192__Aminus_0p01,hm-a10-g1-L5p3-n3-beta0,192,0.01,82,2.263541666666667,9.993648665026303,9.998470419919931
hm-a10-g1-L5p3-n3-beta0__N0192__Aplus_0p01,hm-a10-g1-L5p3-n3-beta0__N0192__Aminus_0p01,hm-a10-g1-L5p3-n3-beta0,192,0.01,83,2.291145833333333,9.994034426168039,9.998563312671754
hm-a10-g1-L5p3-n3-beta0__N0192__Aplus_0p01,hm-a10-g1-L5p3-n3-beta0__N0192__Aminus_0p01,hm-a10-g1-L5p3-n3-beta0,192,0.01,84,2.31875,9.99443457261041,9.998659656389886
hm-a10-g1-L5p3-n3-beta0__N0192__Aplus_0p01,hm-a10-g1-L5p3-n3-beta0__N0192__Aminus_0p01,hm-a10-g1-L5p3-n3-beta0,192,0.01,85,2.3463541666666665,9.994848148622998,9.998759219579682
hm-a10-g1-L5p3-n3-beta0__N0192__Aplus_0p01,hm-a10-g1-L5p3-n3-beta0__N0192__Aminus_0p01,hm-a10-g1-L5p3-n3-beta0,192,0.01,86,2.3739583333333334,9.995274165797705,9.998861762966506
hm-a10-g1-L5p3-n3-beta0__N0192__Aplus_0p01,hm-a10-g1-L5p3-n3-beta0__N0192__Aminus_0p01,hm-a10-g1-L5p3-n3-beta0,192,0.01,87,2.4015625,9.995711605353577,9.998967040066558
hm-a10-g1-L5p3-n3-beta0__N0192__Aplus_0p01,hm-a10-g1-L5p3-n3-beta0__N0192__Aminus_0p01,hm-a10-g1-L5p3-n3-beta0,192,0.01,88,2.4291666666666667,9.996159420518591,9.999074797775366
hm-a10-g1-L5p3-n3-beta0__N0192__Aplus_0p01,hm-a10-g1-L5p3-n3-beta0__N0192__Aminus_0p01,hm-a10-g1-L5p3-n3-beta0,192,0.01,89,2.456770833333333,9.996616538983371,9.999184776972541
hm-a10-g1-L5p3-n3-beta0__N0192__Aplus_0p01,hm-a10-g1-L5p3-n3-beta0__N0192__Aminus_0p01,hm-a10-g1-L5p3-n3-beta0,192,0.01,90,2.484375,9.997081865421597,9.999296713141426
hm-a10-g1-L5p3-n3-beta0__N0192__Aplus_0p01,hm-a10-g1-L5p3-n3-beta0__N0192__Aminus_0p01,hm-a10-g1-L5p3-n3-beta0,192,0.01,91,2.5119791666666664,9.997554284071608,9.999410337002166
hm-a10-g1-L5p3-n3-beta0__N0192__Aplus_0p01,hm-a10-g1-L5p3-n3-beta0__N0192__Aminus_0p01,hm-a10-g1-L5p3-n3-beta0,192,0.01,92,2.5395833333333333,9.998032661373571,9.999525375156713
hm-a10-g1-L5p3-n3-beta0__N0192__Aplus_0p01,hm-a10-g1-L5p3-n3-beta0__N0192__Aminus_0p01,hm-a10-g1-L5p3-n3-beta0,192,0.01,93,2.5671874999999997,9.998515848656323,9.999641550744263
hm-a10-g1-L5p3-n3-beta0__N0192__Aplus_0p01,hm-a10-g1-L5p3-n3-beta0__N0192__Aminus_0p01,hm-a10-g1-L5p3-n3-beta0,192,0.01,94,2.5947916666666666,9.99900268486788,9.999758584105567
hm-a10-g1-L5p3-n3-beta0__N0192__Aplus_0p01,hm-a10-g1-L5p3-n3-beta0__N0192__Aminus_0p01,hm-a10-g1-L5p3-n3-beta0,192,0.01,95,2.622395833333333,9.999491999343357,9.999876193454547
hm-a10-g1-L5p3-n3-beta0__N0192__Aplus_0p01,hm-a10-g1-L5p3-n3-beta0__N0192__Aminus_0p01,hm-a10-g1-L5p3-n3-beta0,192,0.01,96,2.65,9.999982614603955,9.999994095555605
hm-a10-g1-L5p3-n3-beta0__N0192__Aplus_0p01,hm-a10-g1-L5p3-n3-beta0__N0192__Aminus_0p01,hm-a10-g1-L5p3-n3-beta0,192,0.01,97,2.677604166666667,10.000473349180448,10.000112006405034
hm-a10-g1-L5p3-n3-beta0__N0192__Aplus_0p01,hm-a10-g1-L5p3-n3-beta0__N0192__Aminus_0p01,hm-a10-g1-L5p3-n3-beta0,192,0.01,98,2.705208333333333,10.000963020454554,10.000229641914876
hm-a10-g1-L5p3-n3-beta0__N0192__Aplus_0p01,hm-a10-g1-L5p3-n3-beta0__N0192__Aminus_0p01,hm-a10-g1-L5p3-n3-beta0,192,0.01,99,2.7328125,10.001450447511342,10.00034671859759
hm-a10-g1-L5p3-n3-beta0__N0192__Aplus_0p01,hm-a10-g1-L5p3-n3-beta0__N0192__Aminus_0p01,hm-a10-g1-L5p3-n3-beta0,192,0.01,100,2.7604166666666665,10.00193445399583,10.000462954249892
hm-a10-g1-L5p3-n3-beta0__N0192__Aplus_0p01,hm-a10-g1-L5p3-n3-beta0__N0192__Aminus_0p01,hm-a10-g1-L5p3-n3-beta0,192,0.01,101,2.7880208333333334,10.002413870966754,10.000578068634079
hm-a10-g1-L5p3-n3-beta0__N0192__Aplus_0p01,hm-a10-g1-L5p3-n3-beta0__N0192__Aminus_0p01,hm-a10-g1-L5p3-n3-beta0,192,0.01,102,2.815625,10.002887539740478,10.000691784155215
hm-a10-g1-L5p3-n3-beta0__N0192__Aplus_0p01,hm-a10-g1-L5p3-n3-beta0__N0192__Aminus_0p01,hm-a10-g1-L5p3-n3-beta0,192,0.01,103,2.8432291666666667,10.003354314717905,10.000803826532517
hm-a10-g1-L5p3-n3-beta0__N0192__Aplus_0p01,hm-a10-g1-L5p3-n3-beta0__N0192__Aminus_0p01,hm-a10-g1-L5p3-n3-beta0,192,0.01,104,2.870833333333333,10.003813066187282,10.000913925463284
hm-a10-g1-L5p3-n3-beta0__N0192__Aplus_0p01,hm-a10-g1-L5p3-n3-beta0__N0192__Aminus_0p01,hm-a10-g1-L5p3-n3-beta0,192,0.01,105,2.8984375,10.00426268309569,10.001021815277758
hm-a10-g1-L5p3-n3-beta0__N0192__Aplus_0p01,hm-a10-g1-L5p3-n3-beta0__N0192__Aminus_0p01,hm-a10-g1-L5p3-n3-beta0,192,0.01,106,2.9260416666666664,10.004702075782111,10.00112723558331
hm-a10-g1-L5p3-n3-beta0__N0192__Aplus_0p01,hm-a10-g1-L5p3-n3-beta0__N0192__Aminus_0p01,hm-a10-g1-L5p3-n3-beta0,192,0.01,107,2.9536458333333333,10.005130178664938,10.001229931896317
hm-a10-g1-L5p3-n3-beta0__N0192__Aplus_0p01,hm-a10-g1-L5p3-n3-beta0__N0192__Aminus_0p01,hm-a10-g1-L5p3-n3-beta0,192,0.01,108,2.9812499999999997,10.005545952876819,10.001329656260223
hm-a10-g1-L5p3-n3-beta0__N0192__Aplus_0p01,hm-a10-g1-L5p3-n3-beta0__N0192__Aminus_0p01,hm-a10-g1-L5p3-n3-beta0,192,0.01,109,3.0088541666666666,10.0059483888399,10.0014261678482
hm-a10-g1-L5p3-n3-beta0__N0192__Aplus_0p01,hm-a10-g1-L5p3-n3-beta0__N0192__Aminus_0p01,hm-a10-g1-L5p3-n3-beta0,192,0.01,110,3.036458333333333,10.006336508774513,10.001519233548924
hm-a10-g1-L5p3-n3-beta0__N0192__Aplus_0p01,hm-a10-g1-L5p3-n3-beta0__N0192__Aminus_0p01,hm-a10-g1-L5p3-n3-beta0,192,0.01,111,3.0640625,10.006709369134544,10.001608628534017
hm-a10-g1-L5p3-n3-beta0__N0192__Aplus_0p01,hm-a10-g1-L5p3-n3-beta0__N0192__Aminus_0p01,hm-a10-g1-L5p3-n3-beta0,192,0.01,112,3.091666666666667,10.00706606296285,10.001694136805693
hm-a10-g1-L5p3-n3-beta0__N0192__Aplus_0p01,hm-a10-g1-L5p3-n3-beta0__N0192__Aminus_0p01,hm-a10-g1-L5p3-n3-beta0,192,0.01,113,3.119270833333333,10.007405722160247,10.001775551723261
hm-a10-g1-L5p3-n3-beta0__N0192__Aplus_0p01,hm-a10-g1-L5p3-n3-beta0__N0192__Aminus_0p01,hm-a10-g1-L5p3-n3-beta0,192,0.01,114,3.146875,10.007727519661797,10.001852676507163
hm-a10-g1-L5p3-n3-beta0__N0192__Aplus_0p01,hm-a10-g1-L5p3-n3-beta0__N0192__Aminus_0p01,hm-a10-g1-L5p3-n3-beta0,192,0.01,115,3.1744791666666665,10.0080306715143,10.00192532471923
hm-a10-g1-L5p3-n3-beta0__N0192__Aplus_0p01,hm-a10-g1-L5p3-n3-beta0__N0192__Aminus_0p01,hm-a10-g1-L5p3-n3-beta0,192,0.01,116,3.2020833333333334,10.008314438849203,10.001993320717986
hm-a10-g1-L5p3-n3-beta0__N0192__Aplus_0p01,hm-a10-g1-L5p3-n3-beta0__N0192__Aminus_0p01,hm-a10-g1-L5p3-n3-beta0,192,0.01,117,3.2296875,10.00857812974531,10.00205650008783
hm-a10-g1-L5p3-n3-beta0__N0192__Aplus_0p01,hm-a10-g1-L5p3-n3-beta0__N0192__Aminus_0p01,hm-a10-g1-L5p3-n3-beta0,192,0.01,118,3.2572916666666667,10.008821100976041,10.00211471004098
hm-a10-g1-L5p3-n3-beta0__N0192__Aplus_0p01,hm-a10-g1-L5p3-n3-beta0__N0192__Aminus_0p01,hm-a10-g1-L5p3-n3-beta0,192,0.01,119,3.284895833333333,10.009042759636218,10.002167809791185
hm-a10-g1-L5p3-n3-beta0__N0192__Aplus_0p01,hm-a10-g1-L5p3-n3-beta0__N0192__Aminus_0p01,hm-a10-g1-L5p3-n3-beta0,192,0.01,120,3.3125,10.00924256464371,10.00221567089824
hm-a10-g1-L5p3-n3-beta0__N0192__Aplus_0p01,hm-a10-g1-L5p3-n3-beta0__N0192__Aminus_0p01,hm-a10-g1-L5p3-n3-beta0,192,0.01,121,3.3401041666666664,10.009420028111622,10.00225817758241
hm-a10-g1-L5p3-n3-beta0__N0192__Aplus_0p01,hm-a10-g1-L5p3-n3-beta0__N0192__Aminus_0p01,hm-a10-g1-L5p3-n3-beta0,192,0.01,122,3.3677083333333333,10.009574716587037,10.002295227007972
hm-a10-g1-L5p3-n3-beta0__N0192__Aplus_0p01,hm-a10-g1-L5p3-n3-beta0__N0192__Aminus_0p01,hm-a10-g1-L5p3-n3-beta0,192,0.01,123,3.3953124999999997,10.009706252152712,10.002326729535143
hm-a10-g1-L5p3-n3-beta0__N0192__Aplus_0p01,hm-a10-g1-L5p3-n3-beta0__N0192__Aminus_0p01,hm-a10-g1-L5p3-n3-beta0,192,0.01,124,3.4229166666666666,10.00981431338851,10.002352608939749
hm-a10-g1-L5p3-n3-beta0__N0192__Aplus_0p01,hm-a10-g1-L5p3-n3-beta0__N0192__Aminus_0p01,hm-a10-g1-L5p3-n3-beta0,192,0.01,125,3.450520833333333,10.009898636189751,10.002372802600053
hm-a10-g1-L5p3-n3-beta0__N0192__Aplus_0p01,hm-a10-g1-L5p3-n3-beta0__N0192__Aminus_0p01,hm-a10-g1-L5p3-n3-beta0,192,0.01,126,3.478125,10.009959014440092,10.00238726165029
hm-a10-g1-L5p3-n3-beta0__N0192__Aplus_0p01,hm-a10-g1-L5p3-n3-beta0__N0192__Aminus_0p01,hm-a10-g1-L5p3-n3-beta0,192,0.01,127,3.5057291666666663,10.009995300536945,10.002395951100489
hm-a10-g1-L5p3-n3-beta0__N0192__Aplus_0p01,hm-a10-g1-L5p3-n3-beta0__N0192__Aminus_0p01,hm-a10-g1-L5p3-n3-beta0,192,0.01,128,3.533333333333333,10.010007405767874,10.002398849922281
hm-a10-g1-L5p3-n3-beta0__N0192__Aplus_0p01,hm-a10-g1-L5p3-n3-beta0__N0192__Aminus_0p01,hm-a10-g1-L5p3-n3-beta0,192,0.01,129,3.5609375,10.009995300536906,10.002395951100473
hm-a10-g1-L5p3-n3-beta0__N0192__Aplus_0p01,hm-a10-g1-L5p3-n3-beta0__N0192__Aminus_0p01,hm-a10-g1-L5p3-n3-beta0,192,0.01,130,3.5885416666666665,10.009959014440017,10.002387261650256
hm-a10-g1-L5p3-n3-beta0__N0192__Aplus_0p01,hm-a10-g1-L5p3-n3-beta0__N0192__Aminus_0p01,hm-a10-g1-L5p3-n3-beta0,192,0.01,131,3.6161458333333334,10.009898636189638,10.002372802600002
hm-a10-g1-L5p3-n3-beta0__N0192__Aplus_0p01,hm-a10-g1-L5p3-n3-beta0__N0192__Aminus_0p01,hm-a10-g1-L5p3-n3-beta0,192,0.01,132,3.64375,10.00981431338836,10.002352608939681
hm-a10-g1-L5p3-n3-beta0__N0192__Aplus_0p01,hm-a10-g1-L5p3-n3-beta0__N0192__Aminus_0p01,hm-a10-g1-L5p3-n3-beta0,192,0.01,133,3.6713541666666667,10.009706252152522,10.002326729535062
hm-a10-g1-L5p3-n3-beta0__N0192__Aplus_0p01,hm-a10-g1-L5p3-n3-beta0__N0192__Aminus_0p01,hm-a10-g1-L5p3-n3-beta0,192,0.01,134,3.698958333333333,10.00957471658681,10.002295227007876
hm-a10-g1-L5p3-n3-beta0__N0192__Aplus_0p01,hm-a10-g1-L5p3-n3-beta0__N0192__Aminus_0p01,hm-a10-g1-L5p3-n3-beta0,192,0.01,135,3.7265625,10.009420028111357,10.0022581775823
hm-a10-g1-L5p3-n3-beta0__N0192__Aplus_0p01,hm-a10-g1-L5p3-n3-beta0__N0192__Aminus_0p01,hm-a10-g1-L5p3-n3-beta0,192,0.01,136,3.7541666666666664,10.009242564643408,10.002215670898115
hm-a10-g1-L5p3-n3-beta0__N0192__Aplus_0p01,hm-a10-g1-L5p3-n3-beta0__N0192__Aminus_0p01,hm-a10-g1-L5p3-n3-beta0,192,0.01,137,3.7817708333333333,10.009042759635879,10.002167809791045
hm-a10-g1-L5p3-n3-beta0__N0192__Aplus_0p01,hm-a10-g1-L5p3-n3-beta0__N0192__Aminus_0p01,hm-a10-g1-L5p3-n3-beta0,192,0.01,138,3.8093749999999997,10.008821100975664,10.002114710040825
hm-a10-g1-L5p3-n3-beta0__N0192__Aplus_0p01,hm-a10-g1-L5p3-n3-beta0__N0192__Aminus_0p01,hm-a10-g1-L5p3-n3-beta0,192,0.01,139,3.8369791666666666,10.008578129744894,10.002056500087658
hm-a10-g1-L5p3-n3-beta0__N0192__Aplus_0p01,hm-a10-g1-L5p3-n3-beta0__N0192__Aminus_0p01,hm-a10-g1-L5p3-n3-beta0,192,0.01,140,3.864583333333333,10.00831443884875,10.001993320717798
hm-a10-g1-L5p3-n3-beta0__N0192__Aplus_0p01,hm-a10-g1-L5p3-n3-beta0__N0192__Aminus_0p01,hm-a10-g1-L5p3-n3-beta0,192,0.01,141,3.8921875,10.008030671513811,10.001925324719025
hm-a10-g1-L5p3-n3-beta0__N0192__Aplus_0p01,hm-a10-g1-L5p3-n3-beta0__N0192__Aminus_0p01,hm-a10-g1-L5p3-n3-beta0,192,0.01,142,3.9197916666666663,10.007727519661271,10.00185267650694
hm-a10-g1-L5p3-n3-beta0__N0192__Aplus_0p01,hm-a10-g1-L5p3-n3-beta0__N0192__Aminus_0p01,hm-a10-g1-L5p3-n3-beta0,192,0.01,143,3.947395833333333,10.007405722159685,10.00177555172302
hm-a10-g1-L5p3-n3-beta0__N0192__Aplus_0p01,hm-a10-g1-L5p3-n3-beta0__N0192__Aminus_0p01,hm-a10-g1-L5p3-n3-beta0,192,0.01,144,3.9749999999999996,10.00706606296225,10.001694136805432
hm-a10-g1-L5p3-n3-beta0__N0192__Aplus_0p01,hm-a10-g1-L5p3-n3-beta0__N0192__Aminus_0p01,hm-a10-g1-L5p3-n3-beta0,192,0.01,145,4.002604166666667,10.006709369133908,10.00160862853374
hm-a10-g1-L5p3-n3-beta0__N0192__Aplus_0p01,hm-a10-g1-L5p3-n3-beta0__N0192__Aminus_0p01,hm-a10-g1-L5p3-n3-beta0,192,0.01,146,4.030208333333333,10.006336508773842,10.001519233548633
hm-a10-g1-L5p3-n3-beta0__N0192__Aplus_0p01,hm-a10-g1-L5p3-n3-beta0__N0192__Aminus_0p01,hm-a10-g1-L5p3-n3-beta0,192,0.01,147,4.0578125,10.00594838883919,10.001426167847894
hm-a10-g1-L5p3-n3-beta0__N0192__Aplus_0p01,hm-a10-g1-L5p3-n3-beta0__N0192__Aminus_0p01,hm-a10-g1-L5p3-n3-beta0,192,0.01,148,4.085416666666666,10.005545952876071,10.001329656259905
hm-a10-g1-L5p3-n3-beta0__N0192__Aplus_0p01,hm-a10-g1-L5p3-n3-beta0__N0192__Aminus_0p01,hm-a10-g1-L5p3-n3-beta0,192,0.01,149,4.113020833333334,10.005130178664153,10.001229931895987
hm-a10-g1-L5p3-n3-beta0__N0192__Aplus_0p01,hm-a10-g1-L5p3-n3-beta0__N0192__Aminus_0p01,hm-a10-g1-L5p3-n3-beta0,192,0.01,150,4.140625,10.00470207578129,10.001127235582967
hm-a10-g1-L5p3-n3-beta0__N0192__Aplus_0p01,hm-a10-g1-L5p3-n3-beta0__N0192__Aminus_0p01,hm-a10-g1-L5p3-n3-beta0,192,0.01,151,4.168229166666666,10.004262683094831,10.0010218152774
hm-a10-g1-L5p3-n3-beta0__N0192__Aplus_0p01,hm-a10-g1-L5p3-n3-beta0__N0192__Aminus_0p01,hm-a10-g1-L5p3-n3-beta0,192,0.01,152,4.195833333333333,10.003813066186387,10.00091392546291
hm-a10-g1-L5p3-n3-beta0__N0192__Aplus_0p01,hm-a10-g1-L5p3-n3-beta0__N0192__Aminus_0p01,hm-a10-g1-L5p3-n3-beta0,192,0.01,153,4.2234375,10.003354314716974,10.000803826532131
hm-a10-g1-L5p3-n3-beta0__N0192__Aplus_0p01,hm-a10-g1-L5p3-n3-beta0__N0192__Aminus_0p01,hm-a10-g1-L5p3-n3-beta0,192,0.01,154,4.251041666666667,10.00288753973951,10.000691784154817
hm-a10-g1-L5p3-n3-beta0__N0192__Aplus_0p01,hm-a10-g1-L5p3-n3-beta0__N0192__Aminus_0p01,hm-a10-g1-L5p3-n3-beta0,192,0.01,155,4.278645833333333,10.00241387096575,10.00057806863367
hm-a10-g1-L5p3-n3-beta0__N0192__Aplus_0p01,hm-a10-g1-L5p3-n3-beta0__N0192__Aminus_0p01,hm-a10-g1-L5p3-n3-beta0,192,0.01,156,4.3062499999999995,10.00193445399479,10.000462954249475
hm-a10-g1-L5p3-n3-beta0__N0192__Aplus_0p01,hm-a10-g1-L5p3-n3-beta0__N0192__Aminus_0p01,hm-a10-g1-L5p3-n3-beta0,192,0.01,157,4.333854166666667,10.001450447510267,10.00034671859716
hm-a10-g1-L5p3-n3-beta0__N0192__Aplus_0p01,hm-a10-g1-L5p3-n3-beta0__N0192__Aminus_0p01,hm-a10-g1-L5p3-n3-beta0,192,0.01,158,4.361458333333333,10.000963020453442,10.000229641914435
hm-a10-g1-L5p3-n3-beta0__N0192__Aplus_0p01,hm-a10-g1-L5p3-n3-beta0__N0192__Aminus_0p01,hm-a10-g1-L5p3-n3-beta0,192,0.01,159,4.3890625,10.000473349179302,10.000112006404587
hm-a10-g1-L5p3-n3-beta0__N0192__Aplus_0p01,hm-a10-g1-L5p3-n3-beta0__N0192__Aminus_0p01,hm-a10-g1-L5p3-n3-beta0,192,0.01,160,4.416666666666666,9.999982614602775,9.999994095555152
hm-a10-g1-L5p3-n3-beta0__N0192__Aplus_0p01,hm-a10-g1-L5p3-n3-beta0__N0192__Aminus_0p01,hm-a10-g1-L5p3-n3-beta0,192,0.01,161,4.444270833333333,9.999491999342144,9.999876193454089
hm-a10-g1-L5p3-n3-beta0__N0192__Aplus_0p01,hm-a10-g1-L5p3-n3-beta0__N0192__Aminus_0p01,hm-a10-g1-L5p3-n3-beta0,192,0.01,162,4.471875,9.999002684866634,9.999758584105104
hm-a10-g1-L5p3-n3-beta0__N0192__Aplus_0p01,hm-a10-g1-L5p3-n3-beta0__N0192__Aminus_0p01,hm-a10-g1-L5p3-n3-beta0,192,0.01,163,4.499479166666666,9.998515848655046,9.999641550743792
hm-a10-g1-L5p3-n3-beta0__N0192__Aplus_0p01,hm-a10-g1-L5p3-n3-beta0__N0192__Aminus_0p01,hm-a10-g1-L5p3-n3-beta0,192,0.01,164,4.527083333333334,9.998032661372262,9.999525375156235
hm-a10-g1-L5p3-n3-beta0__N0192__Aplus_0p01,hm-a10-g1-L5p3-n3-beta0__N0192__Aminus_0p01,hm-a10-g1-L5p3-n3-beta0,192,0.01,165,4.5546875,9.997554284070269,9.99941033700168
hm-a10-g1-L5p3-n3-beta0__N0192__Aplus_0p01,hm-a10-g1-L5p3-n3-beta0__N0192__Aminus_0p01,hm-a10-g1-L5p3-n3-beta0,192,0.01,166,4.582291666666666,9.99708186542023,9.999296713140932
hm-a10-g1-L5p3-n3-beta0__N0192__Aplus_0p01,hm-a10-g1-L5p3-n3-beta0__N0192__Aminus_0p01,hm-a10-g1-L5p3-n3-beta0,192,0.01,167,4.609895833333333,9.996616538981975,9.999184776972038
hm-a10-g1-L5p3-n3-beta0__N0192__Aplus_0p01,hm-a10-g1-L5p3-n3-beta0__N0192__Aminus_0p01,hm-a10-g1-L5p3-n3-beta0,192,0.01,168,4.6375,9.996159420517166,9.999074797774856
hm-a10-g1-L5p3-n3-beta0__N0192__Aplus_0p01,hm-a10-g1-L5p3-n3-beta0__N0192__Aminus_0p01,hm-a10-g1-L5p3-n3-beta0,192,0.01,169,4.665104166666667,9.995711605352128,9.99896704006604
hm-a10-g1-L5p3-n3-beta0__N0192__Aplus_0p01,hm-a10-g1-L5p3-n3-beta0__N0192__Aminus_0p01,hm-a10-g1-L5p3-n3-beta0,192,0.01,170,4.692708333333333,9.99527416579623,9.99886176296598
hm-a10-g1-L5p3-n3-beta0__N0192__Aplus_0p01,hm-a10-g1-L5p3-n3-beta0__N0192__Aminus_0p01,hm-a10-g1-L5p3-n3-beta0,192,0.01,171,4.7203124999999995,9.9948481486215,9.998759219579151
hm-a10-g1-L5p3-n3-beta0__N0192__Aplus_0p01,hm-a10-g1-L5p3-n3-beta0__N0192__Aminus_0p01,hm-a10-g1-L5p3-n3-beta0,192,0.01,172,4.747916666666667,9.994434572608892,9.998659656389352
hm-a10-g1-L5p3-n3-beta0__N0192__Aplus_0p01,hm-a10-g1-L5p3-n3-beta0__N0192__Aminus_0p01,hm-a10-g1-L5p3-n3-beta0,192,0.01,173,4.775520833333333,9.9940344261665,9.998563312671214
hm-a10-g1-L5p3-n3-beta0__N0192__Aplus_0p01,hm-a10-g1-L5p3-n3-beta0__N0192__Aminus_0p01,hm-a10-g1-L5p3-n3-beta0,192,0.01,174,4.803125,9.993648665024747,9.998470419919382
hm-a10-g1-L5p3-n3-beta0__N0192__Aplus_0p01,hm-a10-g1-L5p3-n3-beta0__N0192__Aminus_0p01,hm-a10-g1-L5p3-n3-beta0,192,0.01,175,4.830729166666666,9.993278210013338,9.998381201296647
hm-a10-g1-L5p3-n3-beta0__N0192__Aplus_0p01,hm-a10-g1-L5p3-n3-beta0__N0192__Aminus_0p01,hm-a10-g1-L5p3-n3-beta0,192,0.01,176,4.858333333333333,9.992923944924637,9.998295871102329
hm-a10-g1-L5p3-n3-beta0__N0192__Aplus_0p01,hm-a10-g1-L5p3-n3-beta0__N0192__Aminus_0p01,hm-a10-g1-L5p3-n3-beta0,192,0.01,177,4.8859375,9.992586714467745,9.998214634262133
hm-a10-g1-L5p3-n3-beta0__N0192__Aplus_0p01,hm-a10-g1-L5p3-n3-beta0__N0192__Aminus_0p01,hm-a10-g1-L5p3-n3-beta0,192,0.01,178,4.913541666666666,9.992267322317492,9.998137685840641
hm-a10-g1-L5p3-n3-beta0__N0192__Aplus_0p01,hm-a10-g1-L5p3-n3-beta0__N0192__Aminus_0p01,hm-a10-g1-L5p3-n3-beta0,192,0.01,179,4.941145833333334,9.99196652926219,9.998065210577552
hm-a10-g1-L5p3-n3-beta0__N0192__Aplus_0p01,hm-a10-g1-L5p3-n3-beta0__N0192__Aminus_0p01,hm-a10-g1-L5p3-n3-beta0,192,0.01,180,4.96875,9.991685051453823,9.997997382448744
hm-a10-g1-L5p3-n3-beta0__N0192__Aplus_0p01,hm-a10-g1-L5p3-n3-beta0__N0192__Aminus_0p01,hm-a10-g1-L5p3-n3-beta0,192,0.01,181,4.996354166666666,9.991423558764112,9.997934364253144
hm-a10-g1-L5p3-n3-beta0__N0192__Aplus_0p01,hm-a10-g1-L5p3-n3-beta0__N0192__Aminus_0p01,hm-a10-g1-L5p3-n3-beta0,192,0.01,182,5.023958333333333,9.9911826732496,9.997876307226333
hm-a10-g1-L5p3-n3-beta0__N0192__Aplus_0p01,hm-a10-g1-L5p3-n3-beta0__N0192__Aminus_0p01,hm-a10-g1-L5p3-n3-beta0,192,0.01,183,5.0515625,9.990962967728766,9.997823350681793
hm-a10-g1-L5p3-n3-beta0__N0192__Aplus_0p01,hm-a10-g1-L5p3-n3-beta0__N0192__Aminus_0p01,hm-a10-g1-L5p3-n3-beta0,192,0.01,184,5.079166666666667,9.990764964473815,9.99777562168058
hm-a10-g1-L5p3-n3-beta0__N0192__Aplus_0p01,hm-a10-g1-L5p3-n3-beta0__N0192__Aminus_0p01,hm-a10-g1-L5p3-n3-beta0,192,0.01,185,5.106770833333333,9.990589134019643,9.997733234730173
hm-a10-g1-L5p3-n3-beta0__N0192__Aplus_0p01,hm-a10-g1-L5p3-n3-beta0__N0192__Aminus_0p01,hm-a10-g1-L5p3-n3-beta0,192,0.01,186,5.1343749999999995,9.990435894092222,9.997696291513192
hm-a10-g1-L5p3-n3-beta0__N0192__Aplus_0p01,hm-a10-g1-L5p3-n3-beta0__N0192__Aminus_0p01,hm-a10-g1-L5p3-n3-beta0,192,0.01,187,5.161979166666667,9.990305608658359,9.997664880646568
hm-a10-g1-L5p3-n3-beta0__N0192__Aplus_0p01,hm-a10-g1-L5p3-n3-beta0__N0192__Aminus_0p01,hm-a10-g1-L5p3-n3-beta0,192,0.01,188,5.189583333333333,9.990198587098622,9.997639077471733
hm-a10-g1-L5p3-n3-beta0__N0192__Aplus_0p01,hm-a10-g1-L5p3-n3-beta0__N0192__Aminus_0p01,hm-a10-g1-L5p3-n3-beta0,192,0.01,189,5.2171875,9.990115083504937,9.997618943876292
hm-a10-g1-L5p3-n3-beta0__N0192__Aplus_0p01,hm-a10-g1-L5p3-n3-beta0__N0192__Aminus_0p01,hm-a10-g1-L5p3-n3-beta0,192,0.01,190,5.244791666666666,9.990055296104149,9.997604528147546
hm-a10-g1-L5p3-n3-beta0__N0192__Aplus_0p01,hm-a10-g1-L5p3-n3-beta0__N0192__Aminus_0p01,hm-a10-g1-L5p3-n3-beta0,192,0.01,191,5.272395833333333,9.99001936680858,9.997595864858253
hm-a10-g1-L5p3-n3-beta0__N0192__Aplus_0p01,hm-a10-g1-L5p3-n3-beta0__N0192__Aminus_0p01,hm-a10-g1-L5p3-n3-beta0,192,0.01,192,5.3,9.990007380894431,9.997592974784844
hm-a10-g1-L5p3-n3-beta0__N0192__Aplus_0p02,hm-a10-g1-L5p3-n3-beta0__N0192__Aminus_0p02,hm-a10-g1-L5p3-n3-beta0,192,0.02,0,0.0,10.020029673028157,10.004789526981673
hm-a10-g1-L5p3-n3-beta0__N0192__Aplus_0p02,hm-a10-g1-L5p3-n3-beta0__N0192__Aminus_0p02,hm-a10-g1-L5p3-n3-beta0,192,0.02,1,0.027604166666666666,10.020005342438159,10.004783720562099
hm-a10-g1-L5p3-n3-beta0__N0192__Aplus_0p02,hm-a10-g1-L5p3-n3-beta0__N0192__Aminus_0p02,hm-a10-g1-L5p3-n3-beta0,192,0.02,2,0.05520833333333333,10.019932411026815,10.004766315418607
hm-a10-g1-L5p3-n3-beta0__N0192__Aplus_0p02,hm-a10-g1-L5p3-n3-beta0__N0192__Aminus_0p02,hm-a10-g1-L5p3-n3-beta0,192,0.02,3,0.0828125,10.019811059707624,10.00473735386166
hm-a10-g1-L5p3-n3-beta0__N0192__Aplus_0p02,hm-a10-g1-L5p3-n3-beta0__N0192__Aminus_0p02,hm-a10-g1-L5p3-n3-beta0,192,0.02,4,0.11041666666666666,10.019641589462111,10.004696906291336
hm-a10-g1-L5p3-n3-beta0__N0192__Aplus_0p02,hm-a10-g1-L5p3-n3-beta0__N0192__Aminus_0p02,hm-a10-g1-L5p3-n3-beta0,192,0.02,5,0.13802083333333331,10.01942442053034,10.004645071021624
hm-a10-g1-L5p3-n3-beta0__N0192__Aplus_0p02,hm-a10-g1-L5p3-n3-beta0__N0192__Aminus_0p02,hm-a10-g1-L5p3-n3-beta0,192,0.02,6,0.165625,10.019160091281531,10.004581974035126
hm-a10-g1-L5p3-n3-beta0__N0192__Aplus_0p02,hm-a10-g1-L5p3-n3-beta0__N0192__Aminus_0p02,hm-a10-g1-L5p3-n3-beta0,192,0.02,7,0.19322916666666667,10.018849256768686,10.004507768668816
hm-a10-g1-L5p3-n3-beta0__N0192__Aplus_0p02,hm-a10-g1-L5p3-n3-beta0__N0192__Aminus_0p02,hm-a10-g1-L5p3-n3-beta0,192,0.02,8,0.22083333333333333,10.018492686972158,10.004422635231741
hm-a10-g1-L5p3-n3-beta0__N0192__Aplus_0p02,hm-a10-g1-L5p3-n3-beta0__N0192__Aminus_0p02,hm-a10-g1-L5p3-n3-beta0,192,0.02,9,0.24843749999999998,10.018091264738187,10.004326780555695
hm-a10-g1-L5p3-n3-beta0__N0192__Aplus_0p02,hm-a10-g1-L5p3-n3-beta0__N0192__Aminus_0p02,hm-a10-g1-L5p3-n3-beta0,192,0.02,10,0.27604166666666663,10.017645983419408,10.004220437480111
hm-a10-g1-L5p3-n3-beta0__N0192__Aplus_0p02,hm-a10-g1-L5p3-n3-beta0__N0192__Aminus_0p02,hm-a10-g1-L5p3-n3-beta0,192,0.02,11,0.30364583333333334,10.017157944225326,10.004103864272542
hm-a10-g1-L5p3-n3-beta0__N0192__Aplus_0p02,hm-a10-g1-L5p3-n3-beta0__N0192__Aminus_0p02,hm-a10-g1-L5p3-n3-beta0,192,0.02,12,0.33125,10.016628353291688,10.003977343986366
hm-a10-g1-L5p3-n3-beta0__N0192__Aplus_0p02,hm-a10-g1-L5p3-n3-beta0__N0192__Aminus_0p02,hm-a10-g1-L5p3-n3-beta0,192,0.02,13,0.35885416666666664,10.016058518478538,10.00384118375739
hm-a10-g1-L5p3-n3-beta0__N0192__Aplus_0p02,hm-a10-g1-L5p3-n3-beta0__N0192__Aminus_0p02,hm-a10-g1-L5p3-n3-beta0,192,0.02,14,0.38645833333333335,10.015449845907629,10.003695714041317
hm-a10-g1-L5p3-n3-beta0__N0192__Aplus_0p02,hm-a10-g1-L5p3-n3-beta0__N0192__Aminus_0p02,hm-a10-g1-L5p3-n3-beta0,192,0.02,15,0.4140625,10.014803836250582,10.003541287794102
hm-a10-g1-L5p3-n3-beta0__N0192__Aplus_0p02,hm-a10-g1-L5p3-n3-beta0__N0192__Aminus_0p02,hm-a10-g1-L5p3-n3-beta0,192,0.02,16,0.44166666666666665,10.014122080779954,10.003378279597394
hm-a10-g1-L5p3-n3-beta0__N0192__Aplus_0p02,hm-a10-g1-L5p3-n3-beta0__N0192__Aminus_0p02,hm-a10-g1-L5p3-n3-beta0,192,0.02,17,0.4692708333333333,10.013406257195978,10.003207084731436
hm-a10-g1-L5p3-n3-beta0__N0192__Aplus_0p02,hm-a10-g1-L5p3-n3-beta0__N0192__Aminus_0p02,hm-a10-g1-L5p3-n3-beta0,192,0.02,18,0.49687499999999996,10.012658125242401,10.003028118197875
hm-a10-g1-L5p3-n3-beta0__N0192__Aplus_0p02,hm-a10-g1-L5p3-n3-beta0__N0192__Aminus_0p02,hm-a10-g1-L5p3-n3-beta0,192,0.02,19,0.5244791666666666,10.01187952212531,10.002841813695081
hm-a10-g1-L5p3-n3-beta0__N0192__Aplus_0p02,hm-a10-g1-L5p3-n3-beta0__N0192__Aminus_0p02,hm-a10-g1-L5p3-n3-beta0,192,0.02,20,0.5520833333333333,10.011072357749317,10.002648622548682
hm-a10-g1-L5p3-n3-beta0__N0192__Aplus_0p02,hm-a10-g1-L5p3-n3-beta0__N0192__Aminus_0p02,hm-a10-g1-L5p3-n3-beta0,192,0.02,21,0.5796875,10.0102386097859,10.002449012600152
hm-a10-g1-L5p3-n3-beta0__N0192__Aplus_0p02,hm-a10-g1-L5p3-n3-beta0__N0192__Aminus_0p02,hm-a10-g1-L5p3-n3-beta0,192,0.02,22,0.6072916666666667,10.009380318588965,10.002243467056328
hm-a10-g1-L5p3-n3-beta0__N0192__Aplus_0p02,hm-a10-g1-L5p3-n3-beta0__N0192__Aminus_0p02,hm-a10-g1-L5p3-n3-beta0,192,0.02,23,0.6348958333333333,10.008499581972991,10.00203248330288
hm-a10-g1-L5p3-n3-beta0__N0192__Aplus_0p02,hm-a10-g1-L5p3-n3-beta0__N0192__Aminus_0p02,hm-a10-g1-L5p3-n3-beta0,192,0.02,24,0.6625,10.007598549869297,10.001816571684806
hm-a10-g1-L5p3-n3-beta0__N0192__Aplus_0p02,hm-a10-g1-L5p3-n3-beta0__N0192__Aminus_0p02,hm-a10-g1-L5p3-n3-beta0,192,0.02,25,0.6901041666666666,10.006679418876093,10.001596254257075
hm-a10-g1-L5p3-n3-beta0__N0192__Aplus_0p02,hm-a10-g1-L5p3-n3-beta0__N0192__Aminus_0p02,hm-a10-g1-L5p3-n3-beta0,192,0.02,26,0.7177083333333333,10.005744426718032,10.00137206350865
hm-a10-g1-L5p3-n3-beta0__N0192__Aplus_0p02,hm-a10-g1-L5p3-n3-beta0__N0192__Aminus_0p02,hm-a10-g1-L5p3-n3-beta0,192,0.02,27,0.7453124999999999,10.004795846630984,10.00114454106311
hm-a10-g1-L5p3-n3-beta0__N0192__Aplus_0p02,hm-a10-g1-L5p3-n3-beta0__N0192__Aminus_0p02,hm-a10-g1-L5p3-n3-beta0,192,0.02,28,0.7729166666666667,10.00383598168769,10.00091423635918
hm-a10-g1-L5p3-n3-beta0__N0192__Aplus_0p02,hm-a10-g1-L5p3-n3-beta0__N0192__Aminus_0p02,hm-a10-g1-L5p3-n3-beta0,192,0.02,29,0.8005208333333333,10.00286715907982,10.000681705314474
hm-a10-g1-L5p3-n3-beta0__N0192__Aplus_0p02,hm-a10-g1-L5p3-n3-beta0__N0192__Aminus_0p02,hm-a10-g1-L5p3-n3-beta0,192,0.02,30,0.828125,10.001891724371799,10.00044750897582
hm-a10-g1-L5p3-n3-beta0__N0192__Aplus_0p02,hm-a10-g1-L5p3-n3-beta0__N0192__Aminus_0p02,hm-a10-g1-L5p3-n3-beta0,192,0.02,31,0.8557291666666667,10.000912035741518,10.00021221215945
hm-a10-g1-L5p3-n3-beta0__N0192__Aplus_0p02,hm-a10-g1-L5p3-n3-beta0__N0192__Aminus_0p02,hm-a10-g1-L5p3-n3-beta0,192,0.02,32,0.8833333333333333,9.99993045822282,9.999976382084501
hm-a10-g1-L5p3-n3-beta0__N0192__Aplus_0p02,hm-a10-g1-L5p3-n3-beta0__N0192__Aminus_0p02,hm-a10-g1-L5p3-n3-beta0,192,0.02,33,0.9109375,9.998949357964248,9.999740587003075
hm-a10-g1-L5p3-n3-beta0__N0192__Aplus_0p02,hm-a10-g1-L5p3-n3-beta0__N0192__Aminus_0p02,hm-a10-g1-L5p3-n3-beta0,192,0.02,34,0.9385416666666666,9.997971096518274,9.99950539483028
hm-a10-g1-L5p3-n3-beta0__N0192__Aplus_0p02,hm-a10-g1-L5p3-n3-beta0__N0192__Aminus_0p02,hm-a10-g1-L5p3-n3-beta0,192,0.02,35,0.9661458333333333,9.99699802517479,9.999271371777482
hm-a10-g1-L5p3-n3-beta0__N0192__Aplus_0p02,hm-a10-g1-L5p3-n3-beta0__N0192__Aminus_0p02,hm-a10-g1-L5p3-n3-beta0,192,0.02,36,0.9937499999999999,9.996032479352198,9.999039080992103
hm-a10-g1-L5p3-n3-beta0__N0192__Aplus_0p02,hm-a10-g1-L5p3-n3-beta0__N0192__Aminus_0p02,hm-a10-g1-L5p3-n3-beta0,192,0.02,37,1.0213541666666666,9.995076773059033,9.998809081207161
hm-a10-g1-L5p3-n3-beta0__N0192__Aplus_0p02,hm-a10-g1-L5p3-n3-beta0__N0192__Aminus_0p02,hm-a10-g1-L5p3-n3-beta0,192,0.02,38,1.0489583333333332,9.994133193438532,9.998581925403775
hm-a10-g1-L5p3-n3-beta0__N0192__Aplus_0p02,hm-a10-g1-L5p3-n3-beta0__N0192__Aminus_0p02,hm-a10-g1-L5p3-n3-beta0,192,0.02,39,1.0765624999999999,9.993203995408079,9.998358159489733
hm-a10-g1-L5p3-n3-beta0__N0192__Aplus_0p02,hm-a10-g1-L5p3-n3-beta0__N0192__Aminus_0p02,hm-a10-g1-L5p3-n3-beta0,192,0.02,40,1.1041666666666665,9.992291396404958,9.99813832099727
hm-a10-g1-L5p3-n3-beta0__N0192__Aplus_0p02,hm-a10-g1-L5p3-n3-beta0__N0192__Aminus_0p02,hm-a10-g1-L5p3-n3-beta0,192,0.02,41,1.1317708333333334,9.9913975712493,9.997922937802981
hm-a10-g1-L5p3-n3-beta0__N0192__Aplus_0p02,hm-a10-g1-L5p3-n3-beta0__N0192__Aminus_0p02,hm-a10-g1-L5p3-n3-beta0,192,0.02,42,1.159375,9.990524647134572,9.997712526872865
hm-a10-g1-L5p3-n3-beta0__N0192__Aplus_0p02,hm-a10-g1-L5p3-n3-beta0__N0192__Aminus_0p02,hm-a10-g1-L5p3-n3-beta0,192,0.02,43,1.1869791666666667,9.989674698755469,9.99750759303536
hm-a10-g1-L5p3-n3-beta0__N0192__Aplus_0p02,hm-a10-g1-L5p3-n3-beta0__N0192__Aminus_0p02,hm-a10-g1-L5p3-n3-beta0,192,0.02,44,1.2145833333333333,9.988849743582444,9.997308627785102
hm-a10-g1-L5p3-n3-beta0__N0192__Aplus_0p02,hm-a10-g1-L5p3-n3-beta0__N0192__Aminus_0p02,hm-a10-g1-L5p3-n3-beta0,192,0.02,45,1.2421875,9.988051737291663,9.997116108120167
hm-a10-g1-L5p3-n3-beta0__N0192__Aplus_0p02,hm-a10-g1-L5p3-n3-beta0__N0192__Aminus_0p02,hm-a10-g1-L5p3-n3-beta0,192,0.02,46,1.2697916666666667,9.987282569358584,9.996930495415317
hm-a10-g1-L5p3-n3-beta0__N0192__Aplus_0p02,hm-a10-g1-L5p3-n3-beta0__N0192__Aminus_0p02,hm-a10-g1-L5p3-n3-beta0,192,0.02,47,1.2973958333333333,9.986544058822842,9.996752234333812
hm-a10-g1-L5p3-n3-beta0__N0192__Aplus_0p02,hm-a10-g1-L5p3-n3-beta0__N0192__Aminus_0p02,hm-a10-g1-L5p3-n3-beta0,192,0.02,48,1.325,9.985837950231621,9.996581751780141
hm-a10-g1-L5p3-n3-beta0__N0192__Aplus_0p02,hm-a10-g1-L5p3-n3-beta0__N0192__Aminus_0p02,hm-a10-g1-L5p3-n3-beta0,192,0.02,49,1.3526041666666666,9.985165909768186,9.996419455896001
hm-a10-g1-L5p3-n3-beta0__N0192__Aplus_0p02,hm-a10-g1-L5p3-n3-beta0__N0192__Aminus_0p02,hm-a10-g1-L5p3-n3-beta0,192,0.02,50,1.3802083333333333,9.984529521571737,9.996265735101671
hm-a10-g1-L5p3-n3-beta0__N0192__Aplus_0p02,hm-a10-g1-L5p3-n3-beta0__N0192__Aminus_0p02,hm-a10-g1-L5p3-n3-beta0,192,0.02,51,1.4078125,9.983930284254285,9.996120957184894
hm-a10-g1-L5p3-n3-beta0__N0192__Aplus_0p02,hm-a10-g1-L5p3-n3-beta0__N0192__Aminus_0p02,hm-a10-g1-L5p3-n3-beta0,192,0.02,52,1.4354166666666666,9.983369607619805,9.995985468439198
hm-a10-g1-L5p3-n3-beta0__N0192__Aplus_0p02,hm-a10-g1-L5p3-n3-beta0__N0192__Aminus_0p02,hm-a10-g1-L5p3-n3-beta0,192,0.02,53,1.4630208333333332,9.982848809590436,9.995859592853506
hm-a10-g1-L5p3-n3-beta0__N0192__Aplus_0p02,hm-a10-g1-L5p3-n3-beta0__N0192__Aminus_0p02,hm-a10-g1-L5p3-n3-beta0,192,0.02,54,1.4906249999999999,9.98236911334411,9.995743631354781
hm-a10-g1-L5p3-n3-beta0__N0192__Aplus_0p02,hm-a10-g1-L5p3-n3-beta0__N0192__Aminus_0p02,hm-a10-g1-L5p3-n3-beta0,192,0.02,55,1.5182291666666665,9.98193164466755,9.995637861105267
hm-a10-g1-L5p3-n3-beta0__N0192__Aplus_0p02,hm-a10-g1-L5p3-n3-beta0__N0192__Aminus_0p02,hm-a10-g1-L5p3-n3-beta0,192,0.02,56,1.5458333333333334,9.981537429528222,9.995542534855856
hm-a10-g1-L5p3-n3-beta0__N0192__Aplus_0p02,hm-a10-g1-L5p3-n3-beta0__N0192__Aminus_0p02,hm-a10-g1-L5p3-n3-beta0,192,0.02,57,1.5734375,9.981187391868385,9.995457880356897
hm-a10-g1-L5p3-n3-beta0__N0192__Aplus_0p02,hm-a10-g1-L5p3-n3-beta0__N0192__Aminus_0p02,hm-a10-g1-L5p3-n3-beta0,192,0.02,58,1.6010416666666667,9.980882351624123,9.99538409982771
hm-a10-g1-L5p3-n3-beta0__N0192__Aplus_0p02,hm-a10-g1-L5p3-n3-beta0__N0192__Aminus_0p02,hm-a10-g1-L5p3-n3-beta0,192,0.02,59,1.6286458333333333,9.980623022971786,9.995321369485891
hm-a10-g1-L5p3-n3-beta0__N0192__Aplus_0p02,hm-a10-g1-L5p3-n3-beta0__N0192__Aminus_0p02,hm-a10-g1-L5p3-n3-beta0,192,0.02,60,1.65625,9.980410012804024,9.995269839137388
hm-a10-g1-L5p3-n3-beta0__N0192__Aplus_0p02,hm-a10-g1-L5p3-n3-beta0__N0192__Aminus_0p02,hm-a10-g1-L5p3-n3-beta0,192,0.02,61,1.6838541666666667,9.980243819437248,9.995229631828211
hm-a10-g1-L5p3-n3-beta0__N0192__Aplus_0p02,hm-a10-g1-L5p3-n3-beta0__N0192__Aminus_0p02,hm-a10-g1-L5p3-n3-beta0,192,0.02,62,1.7114583333333333,9.980124831552047,9.99520084355848
hm-a10-g1-L5p3-n3-beta0__N0192__Aplus_0p02,hm-a10-g1-L5p3-n3-beta0__N0192__Aminus_0p02,hm-a10-g1-L5p3-n3-beta0,192,0.02,63,1.7390625,9.980053327367779,9.9951835430594
hm-a10-g1-L5p3-n3-beta0__N0192__Aplus_0p02,hm-a10-g1-L5p3-n3-beta0__N0192__Aminus_0p02,hm-a10-g1-L5p3-n3-beta0,192,0.02,64,1.7666666666666666,9.980029474052353,9.995177771633637
hm-a10-g1-L5p3-n3-beta0__N0192__Aplus_0p02,hm-a10-g1-L5p3-n3-beta0__N0192__Aminus_0p02,hm-a10-g1-L5p3-n3-beta0,192,0.02,65,1.7942708333333333,9.980053327367797,9.995183543059412
hm-a10-g1-L5p3-n3-beta0__N0192__Aplus_0p02,hm-a10-g1-L5p3-n3-beta0__N0192__Aminus_0p02,hm-a10-g1-L5p3-n3-beta0,192,0.02,66,1.821875,9.98012483155208,9.995200843558505
hm-a10-g1-L5p3-n3-beta0__N0192__Aplus_0p02,hm-a10-g1-L5p3-n3-beta0__N0192__Aminus_0p02,hm-a10-g1-L5p3-n3-beta0,192,0.02,67,1.8494791666666666,9.980243819437302,9.99522963182825
hm-a10-g1-L5p3-n3-beta0__N0192__Aplus_0p02,hm-a10-g1-L5p3-n3-beta0__N0192__Aminus_0p02,hm-a10-g1-L5p3-n3-beta0,192,0.02,68,1.8770833333333332,9.980410012804093,9.995269839137439
hm-a10-g1-L5p3-n3-beta0__N0192__Aplus_0p02,hm-a10-g1-L5p3-n3-beta0__N0192__Aminus_0p02,hm-a10-g1-L5p3-n3-beta0,192,0.02,69,1.9046874999999999,9.980623022971873,9.995321369485955
hm-a10-g1-L5p3-n3-beta0__N0192__Aplus_0p02,hm-a10-g1-L5p3-n3-beta0__N0192__Aminus_0p02,hm-a10-g1-L5p3-n3-beta0,192,0.02,70,1.9322916666666665,9.980882351624228,9.995384099827788
hm-a10-g1-L5p3-n3-beta0__N0192__Aplus_0p02,hm-a10-g1-L5p3-n3-beta0__N0192__Aminus_0p02,hm-a10-g1-L5p3-n3-beta0,192,0.02,71,1.9598958333333332,9.98118739186851,9.995457880356984
hm-a10-g1-L5p3-n3-beta0__N0192__Aplus_0p02,hm-a10-g1-L5p3-n3-beta0__N0192__Aminus_0p02,hm-a10-g1-L5p3-n3-beta0,192,0.02,72,1.9874999999999998,9.981537429528364,9.995542534855952
hm-a10-g1-L5p3-n3-beta0__N0192__Aplus_0p02,hm-a10-g1-L5p3-n3-beta0__N0192__Aminus_0p02,hm-a10-g1-L5p3-n3-beta0,192,0.02,73,2.0151041666666667,9.981931644667714,9.995637861105374
hm-a10-g1-L5p3-n3-beta0__N0192__Aplus_0p02,hm-a10-g1-L5p3-n3-beta0__N0192__Aminus_0p02,hm-a10-g1-L5p3-n3-beta0,192,0.02,74,2.042708333333333,9.982369113344292,9.995743631354898
hm-a10-g1-L5p3-n3-beta0__N0192__Aplus_0p02,hm-a10-g1-L5p3-n3-beta0__N0192__Aminus_0p02,hm-a10-g1-L5p3-n3-beta0,192,0.02,75,2.0703125,9.98284880959064,9.995859592853636
hm-a10-g1-L5p3-n3-beta0__N0192__Aplus_0p02,hm-a10-g1-L5p3-n3-beta0__N0192__Aminus_0p02,hm-a10-g1-L5p3-n3-beta0,192,0.02,76,2.0979166666666664,9.98336960762003,9.99598546843934
hm-a10-g1-L5p3-n3-beta0__N0192__Aplus_0p02,hm-a10-g1-L5p3-n3-beta0__N0192__Aminus_0p02,hm-a10-g1-L5p3-n3-beta0,192,0.02,77,2.1255208333333333,9.983930284254534,9.99612095718505
hm-a10-g1-L5p3-n3-beta0__N0192__Aplus_0p02,hm-a10-g1-L5p3-n3-beta0__N0192__Aminus_0p02,hm-a10-g1-L5p3-n3-beta0,192,0.02,78,2.1531249999999997,9.984529521572007,9.99626573510184
hm-a10-g1-L5p3-n3-beta0__N0192__Aplus_0p02,hm-a10-g1-L5p3-n3-beta0__N0192__Aminus_0p02,hm-a10-g1-L5p3-n3-beta0,192,0.02,79,2.1807291666666666,9.985165909768481,9.99641945589618
hm-a10-g1-L5p3-n3-beta0__N0192__Aplus_0p02,hm-a10-g1-L5p3-n3-beta0__N0192__Aminus_0p02,hm-a10-g1-L5p3-n3-beta0,192,0.02,80,2.208333333333333,9.98583795023194,9.99658175178033
hm-a10-g1-L5p3-n3-beta0__N0192__Aplus_0p02,hm-a10-g1-L5p3-n3-beta0__N0192__Aminus_0p02,hm-a10-g1-L5p3-n3-beta0,192,0.02,81,2.2359375,9.986544058823185,9.996752234334009
hm-a10-g1-L5p3-n3-beta0__N0192__Aplus_0p02,hm-a10-g1-L5p3-n3-beta0__N0192__Aminus_0p02,hm-a10-g1-L5p3-n3-beta0,192,0.02,82,2.263541666666667,9.987282569358953,9.996930495415523
hm-a10-g1-L5p3-n3-beta0__N0192__Aplus_0p02,hm-a10-g1-L5p3-n3-beta0__N0192__Aminus_0p02,hm-a10-g1-L5p3-n3-beta0,192,0.02,83,2.291145833333333,9.988051737292057,9.997116108120382
hm-a10-g1-L5p3-n3-beta0__N0192__Aplus_0p02,hm-a10-g1-L5p3-n3-beta0__N0192__Aminus_0p02,hm-a10-g1-L5p3-n3-beta0,192,0.02,84,2.31875,9.988849743582865,9.99730862778533
hm-a10-g1-L5p3-n3-beta0__N0192__Aplus_0p02,hm-a10-g1-L5p3-n3-beta0__N0192__Aminus_0p02,hm-a10-g1-L5p3-n3-beta0,192,0.02,85,2.3463541666666665,9.989674698755918,9.997507593035598
hm-a10-g1-L5p3-n3-beta0__N0192__Aplus_0p02,hm-a10-g1-L5p3-n3-beta0__N0192__Aminus_0p02,hm-a10-g1-L5p3-n3-beta0,192,0.02,86,2.3739583333333334,9.990524647135048,9.997712526873116
hm-a10-g1-L5p3-n3-beta0__N0192__Aplus_0p02,hm-a10-g1-L5p3-n3-beta0__N0192__Aminus_0p02,hm-a10-g1-L5p3-n3-beta0,192,0.02,87,2.4015625,9.991397571249806,9.997922937803242
hm-a10-g1-L5p3-n3-beta0__N0192__Aplus_0p02,hm-a10-g1-L5p3-n3-beta0__N0192__Aminus_0p02,hm-a10-g1-L5p3-n3-beta0,192,0.02,88,2.4291666666666667,9.992291396405495,9.99813832099754
hm-a10-g1-L5p3-n3-beta0__N0192__Aplus_0p02,hm-a10-g1-L5p3-n3-beta0__N0192__Aminus_0p02,hm-a10-g1-L5p3-n3-beta0,192,0.02,89,2.456770833333333,9.993203995408646,9.998358159490014
hm-a10-g1-L5p3-n3-beta0__N0192__Aplus_0p02,hm-a10-g1-L5p3-n3-beta0__N0192__Aminus_0p02,hm-a10-g1-L5p3-n3-beta0,192,0.02,90,2.484375,9.99413319343913,9.998581925404066
hm-a10-g1-L5p3-n3-beta0__N0192__Aplus_0p02,hm-a10-g1-L5p3-n3-beta0__N0192__Aminus_0p02,hm-a10-g1-L5p3-n3-beta0,192,0.02,91,2.5119791666666664,9.995076773059662,9.998809081207465
hm-a10-g1-L5p3-n3-beta0__N0192__Aplus_0p02,hm-a10-g1-L5p3-n3-beta0__N0192__Aminus_0p02,hm-a10-g1-L5p3-n3-beta0,192,0.02,92,2.5395833333333333,9.996032479352857,9.999039080992416
hm-a10-g1-L5p3-n3-beta0__N0192__Aplus_0p02,hm-a10-g1-L5p3-n3-beta0__N0192__Aminus_0p02,hm-a10-g1-L5p3-n3-beta0,192,0.02,93,2.5671874999999997,9.996998025175483,9.999271371777803
hm-a10-g1-L5p3-n3-beta0__N0192__Aplus_0p02,hm-a10-g1-L5p3-n3-beta0__N0192__Aminus_0p02,hm-a10-g1-L5p3-n3-beta0,192,0.02,94,2.5947916666666666,9.997971096519,9.99950539483061
hm-a10-g1-L5p3-n3-beta0__N0192__Aplus_0p02,hm-a10-g1-L5p3-n3-beta0__N0192__Aminus_0p02,hm-a10-g1-L5p3-n3-beta0,192,0.02,95,2.622395833333333,9.998949357965007,9.999740587003416
hm-a10-g1-L5p3-n3-beta0__N0192__Aplus_0p02,hm-a10-g1-L5p3-n3-beta0__N0192__Aminus_0p02,hm-a10-g1-L5p3-n3-beta0,192,0.02,96,2.65,9.999930458223613,9.999976382084851
hm-a10-g1-L5p3-n3-beta0__N0192__Aplus_0p02,hm-a10-g1-L5p3-n3-beta0__N0192__Aminus_0p02,hm-a10-g1-L5p3-n3-beta0,192,0.02,97,2.677604166666667,10.000912035742344,10.000212212159811
hm-a10-g1-L5p3-n3-beta0__N0192__Aplus_0p02,hm-a10-g1-L5p3-n3-beta0__N0192__Aminus_0p02,hm-a10-g1-L5p3-n3-beta0,192,0.02,98,2.705208333333333,10.001891724372657,10.000447508976187
hm-a10-g1-L5p3-n3-beta0__N0192__Aplus_0p02,hm-a10-g1-L5p3-n3-beta0__N0192__Aminus_0p02,hm-a10-g1-L5p3-n3-beta0,192,0.02,99,2.7328125,10.002867159080713,10.000681705314848
hm-a10-g1-L5p3-n3-beta0__N0192__Aplus_0p02,hm-a10-g1-L5p3-n3-beta0__N0192__Aminus_0p02,hm-a10-g1-L5p3-n3-beta0,192,0.02,100,2.7604166666666665,10.003835981688617,10.000914236359558
hm-a10-g1-L5p3-n3-beta0__N0192__Aplus_0p02,hm-a10-g1-L5p3-n3-beta0__N0192__Aminus_0p02,hm-a10-g1-L5p3-n3-beta0,192,0.02,101,2.7880208333333334,10.004795846631945,10.001144541063496
hm-a10-g1-L5p3-n3-beta0__N0192__Aplus_0p02,hm-a10-g1-L5p3-n3-beta0__N0192__Aminus_0p02,hm-a10-g1-L5p3-n3-beta0,192,0.02,102,2.815625,10.005744426719026,10.00137206350904
hm-a10-g1-L5p3-n3-beta0__N0192__Aplus_0p02,hm-a10-g1-L5p3-n3-beta0__N0192__Aminus_0p02,hm-a10-g1-L5p3-n3-beta0,192,0.02,103,2.8432291666666667,10.006679418877122,10.001596254257468
hm-a10-g1-L5p3-n3-beta0__N0192__Aplus_0p02,hm-a10-g1-L5p3-n3-beta0__N0192__Aminus_0p02,hm-a10-g1-L5p3-n3-beta0,192,0.02,104,2.870833333333333,10.007598549870359,10.001816571685199
hm-a10-g1-L5p3-n3-beta0__N0192__Aplus_0p02,hm-a10-g1-L5p3-n3-beta0__N0192__Aminus_0p02,hm-a10-g1-L5p3-n3-beta0,192,0.02,105,2.8984375,10.008499581974084,10.002032483303273
hm-a10-g1-L5p3-n3-beta0__N0192__Aplus_0p02,hm-a10-g1-L5p3-n3-beta0__N0192__Aminus_0p02,hm-a10-g1-L5p3-n3-beta0,192,0.02,106,2.9260416666666664,10.00938031859009,10.00224346705672
hm-a10-g1-L5p3-n3-beta0__N0192__Aplus_0p02,hm-a10-g1-L5p3-n3-beta0__N0192__Aminus_0p02,hm-a10-g1-L5p3-n3-beta0,192,0.02,107,2.9536458333333333,10.010238609787056,10.002449012600545
hm-a10-g1-L5p3-n3-beta0__N0192__Aplus_0p02,hm-a10-g1-L5p3-n3-beta0__N0192__Aminus_0p02,hm-a10-g1-L5p3-n3-beta0,192,0.02,108,2.9812499999999997,10.011072357750502,10.002648622549076
hm-a10-g1-L5p3-n3-beta0__N0192__Aplus_0p02,hm-a10-g1-L5p3-n3-beta0__N0192__Aminus_0p02,hm-a10-g1-L5p3-n3-beta0,192,0.02,109,3.0088541666666666,10.011879522126522,10.002841813695476
hm-a10-g1-L5p3-n3-beta0__N0192__Aplus_0p02,hm-a10-g1-L5p3-n3-beta0__N0192__Aminus_0p02,hm-a10-g1-L5p3-n3-beta0,192,0.02,110,3.036458333333333,10.01265812524364,10.003028118198273
hm-a10-g1-L5p3-n3-beta0__N0192__Aplus_0p02,hm-a10-g1-L5p3-n3-beta0__N0192__Aminus_0p02,hm-a10-g1-L5p3-n3-beta0,192,0.02,111,3.0640625,10.01340625719724,10.003207084731836
hm-a10-g1-L5p3-n3-beta0__N0192__Aplus_0p02,hm-a10-g1-L5p3-n3-beta0__N0192__Aminus_0p02,hm-a10-g1-L5p3-n3-beta0,192,0.02,112,3.091666666666667,10.014122080781238,10.003378279597795
hm-a10-g1-L5p3-n3-beta0__N0192__Aplus_0p02,hm-a10-g1-L5p3-n3-beta0__N0192__Aminus_0p02,hm-a10-g1-L5p3-n3-beta0,192,0.02,113,3.119270833333333,10.014803836251888,10.003541287794505
hm-a10-g1-L5p3-n3-beta0__N0192__Aplus_0p02,hm-a10-g1-L5p3-n3-beta0__N0192__Aminus_0p02,hm-a10-g1-L5p3-n3-beta0,192,0.02,114,3.146875,10.015449845908952,10.00369571404172
hm-a10-g1-L5p3-n3-beta0__N0192__Aplus_0p02,hm-a10-g1-L5p3-n3-beta0__N0192__Aminus_0p02,hm-a10-g1-L5p3-n3-beta0,192,0.02,115,3.1744791666666665,10.016058518479879,10.003841183757793
hm-a10-g1-L5p3-n3-beta0__N0192__Aplus_0p02,hm-a10-g1-L5p3-n3-beta0__N0192__Aminus_0p02,hm-a10-g1-L5p3-n3-beta0,192,0.02,116,3.2020833333333334,10.016628353293044,10.003977343986767
hm-a10-g1-L5p3-n3-beta0__N0192__Aplus_0p02,hm-a10-g1-L5p3-n3-beta0__N0192__Aminus_0p02,hm-a10-g1-L5p3-n3-beta0,192,0.02,117,3.2296875,10.017157944226692,10.004103864272944
hm-a10-g1-L5p3-n3-beta0__N0192__Aplus_0p02,hm-a10-g1-L5p3-n3-beta0__N0192__Aminus_0p02,hm-a10-g1-L5p3-n3-beta0,192,0.02,118,3.2572916666666667,10.017645983420783,10.004220437480509
hm-a10-g1-L5p3-n3-beta0__N0192__Aplus_0p02,hm-a10-g1-L5p3-n3-beta0__N0192__Aminus_0p02,hm-a10-g1-L5p3-n3-beta0,192,0.02,119,3.284895833333333,10.01809126473957,10.004326780556093
hm-a10-g1-L5p3-n3-beta0__N0192__Aplus_0p02,hm-a10-g1-L5p3-n3-beta0__N0192__Aminus_0p02,hm-a10-g1-L5p3-n3-beta0,192,0.02,120,3.3125,10.018492686973547,10.004422635232137
hm-a10-g1-L5p3-n3-beta0__N0192__Aplus_0p02,hm-a10-g1-L5p3-n3-beta0__N0192__Aminus_0p02,hm-a10-g1-L5p3-n3-beta0,192,0.02,121,3.3401041666666664,10.018849256770078,10.004507768669212
hm-a10-g1-L5p3-n3-beta0__N0192__Aplus_0p02,hm-a10-g1-L5p3-n3-beta0__N0192__Aminus_0p02,hm-a10-g1-L5p3-n3-beta0,192,0.02,122,3.3677083333333333,10.019160091282922,10.00458197403552
hm-a10-g1-L5p3-n3-beta0__N0192__Aplus_0p02,hm-a10-g1-L5p3-n3-beta0__N0192__Aminus_0p02,hm-a10-g1-L5p3-n3-beta0,192,0.02,123,3.3953124999999997,10.019424420531728,10.004645071022017
hm-a10-g1-L5p3-n3-beta0__N0192__Aplus_0p02,hm-a10-g1-L5p3-n3-beta0__N0192__Aminus_0p02,hm-a10-g1-L5p3-n3-beta0,192,0.02,124,3.4229166666666666,10.019641589463495,10.004696906291722
hm-a10-g1-L5p3-n3-beta0__N0192__Aplus_0p02,hm-a10-g1-L5p3-n3-beta0__N0192__Aminus_0p02,hm-a10-g1-L5p3-n3-beta0,192,0.02,125,3.450520833333333,10.019811059709,10.00473735386204
hm-a10-g1-L5p3-n3-beta0__N0192__Aplus_0p02,hm-a10-g1-L5p3-n3-beta0__N0192__Aminus_0p02,hm-a10-g1-L5p3-n3-beta0,192,0.02,126,3.478125,10.01993241102818,10.00476631541898
hm-a10-g1-L5p3-n3-beta0__N0192__Aplus_0p02,hm-a10-g1-L5p3-n3-beta0__N0192__Aminus_0p02,hm-a10-g1-L5p3-n3-beta0,192,0.02,127,3.5057291666666663,10.020005342439509,10.004783720562465
hm-a10-g1-L5p3-n3-beta0__N0192__Aplus_0p02,hm-a10-g1-L5p3-n3-beta0__N0192__Aminus_0p02,hm-a10-g1-L5p3-n3-beta0,192,0.02,128,3.533333333333333,10.02002967302949,10.004789526982032
hm-a10-g1-L5p3-n3-beta0__N0192__Aplus_0p02,hm-a10-g1-L5p3-n3-beta0__N0192__Aminus_0p02,hm-a10-g1-L5p3-n3-beta0,192,0.02,129,3.5609375,10.020005342439473,10.00478372056245
hm-a10-g1-L5p3-n3-beta0__N0192__Aplus_0p02,hm-a10-g1-L5p3-n3-beta0__N0192__Aminus_0p02,hm-a10-g1-L5p3-n3-beta0,192,0.02,130,3.5885416666666665,10.01993241102811,10.00476631541895
hm-a10-g1-L5p3-n3-beta0__N0192__Aplus_0p02,hm-a10-g1-L5p3-n3-beta0__N0192__Aminus_0p02,hm-a10-g1-L5p3-n3-beta0,192,0.02,131,3.6161458333333334,10.019811059708895,10.004737353861994
hm-a10-g1-L5p3-n3-beta0__N0192__Aplus_0p02,hm-a10-g1-L5p3-n3-beta0__N0192__Aminus_0p02,hm-a10-g1-L5p3-n3-beta0,192,0.02,132,3.64375,10.019641589463355,10.004696906291661
hm-a10-g1-L5p3-n3-beta0__N0192__Aplus_0p02,hm-a10-g1-L5p3-n3-beta0__N0192__Aminus_0p02,hm-a10-g1-L5p3-n3-beta0,192,0.02,133,3.6713541666666667,10.019424420531552,10.004645071021942
hm-a10-g1-L5p3-n3-beta0__N0192__Aplus_0p02,hm-a10-g1-L5p3-n3-beta0__N0192__Aminus_0p02,hm-a10-g1-L5p3-n3-beta0,192,0.02,134,3.698958333333333,10.019160091282712,10.004581974035434
hm-a10-g1-L5p3-n3-beta0__N0192__Aplus_0p02,hm-a10-g1-L5p3-n3-beta0__N0192__Aminus_0p02,hm-a10-g1-L5p3-n3-beta0,192,0.02,135,3.7265625,10.018849256769832,10.00450776866911
hm-a10-g1-L5p3-n3-beta0__N0192__Aplus_0p02,hm-a10-g1-L5p3-n3-beta0__N0192__Aminus_0p02,hm-a10-g1-L5p3-n3-beta0,192,0.02,136,3.7541666666666664,10.018492686973266,10.004422635232022
hm-a10-g1-L5p3-n3-beta0__N0192__Aplus_0p02,hm-a10-g1-L5p3-n3-beta0__N0192__Aminus_0p02,hm-a10-g1-L5p3-n3-beta0,192,0.02,137,3.7817708333333333,10.018091264739255,10.004326780555964
hm-a10-g1-L5p3-n3-beta0__N0192__Aplus_0p02,hm-a10-g1-L5p3-n3-beta0__N0192__Aminus_0p02,hm-a10-g1-L5p3-n3-beta0,192,0.02,138,3.8093749999999997,10.017645983420431,10.004220437480365
hm-a10-g1-L5p3-n3-beta0__N0192__Aplus_0p02,hm-a10-g1-L5p3-n3-beta0__N0192__Aminus_0p02,hm-a10-g1-L5p3-n3-beta0,192,0.02,139,3.8369791666666666,10.017157944226305,10.004103864272782
hm-a10-g1-L5p3-n3-beta0__N0192__Aplus_0p02,hm-a10-g1-L5p3-n3-beta0__N0192__Aminus_0p02,hm-a10-g1-L5p3-n3-beta0,192,0.02,140,3.864583333333333,10.01662835329262,10.00397734398659
hm-a10-g1-L5p3-n3-beta0__N0192__Aplus_0p02,hm-a10-g1-L5p3-n3-beta0__N0192__Aminus_0p02,hm-a10-g1-L5p3-n3-beta0,192,0.02,141,3.8921875,10.01605851847942,10.003841183757599
hm-a10-g1-L5p3-n3-beta0__N0192__Aplus_0p02,hm-a10-g1-L5p3-n3-beta0__N0192__Aminus_0p02,hm-a10-g1-L5p3-n3-beta0,192,0.02,142,3.9197916666666663,10.01544984590846,10.00369571404151
hm-a10-g1-L5p3-n3-beta0__N0192__Aplus_0p02,hm-a10-g1-L5p3-n3-beta0__N0192__Aminus_0p02,hm-a10-g1-L5p3-n3-beta0,192,0.02,143,3.947395833333333,10.01480383625136,10.003541287794276
hm-a10-g1-L5p3-n3-beta0__N0192__Aplus_0p02,hm-a10-g1-L5p3-n3-beta0__N0192__Aminus_0p02,hm-a10-g1-L5p3-n3-beta0,192,0.02,144,3.9749999999999996,10.014122080780675,10.003378279597548
hm-a10-g1-L5p3-n3-beta0__N0192__Aplus_0p02,hm-a10-g1-L5p3-n3-beta0__N0192__Aminus_0p02,hm-a10-g1-L5p3-n3-beta0,192,0.02,145,4.002604166666667,10.01340625719664,10.003207084731573
hm-a10-g1-L5p3-n3-beta0__N0192__Aplus_0p02,hm-a10-g1-L5p3-n3-beta0__N0192__Aminus_0p02,hm-a10-g1-L5p3-n3-beta0,192,0.02,146,4.030208333333333,10.012658125243007,10.003028118197996
hm-a10-g1-L5p3-n3-beta0__N0192__Aplus_0p02,hm-a10-g1-L5p3-n3-beta0__N0192__Aminus_0p02,hm-a10-g1-L5p3-n3-beta0,192,0.02,147,4.0578125,10.011879522125854,10.002841813695186
hm-a10-g1-L5p3-n3-beta0__N0192__Aplus_0p02,hm-a10-g1-L5p3-n3-beta0__N0192__Aminus_0p02,hm-a10-g1-L5p3-n3-beta0,192,0.02,148,4.085416666666666,10.011072357749796,10.002648622548774
hm-a10-g1-L5p3-n3-beta0__N0192__Aplus_0p02,hm-a10-g1-L5p3-n3-beta0__N0192__Aminus_0p02,hm-a10-g1-L5p3-n3-beta0,192,0.02,149,4.113020833333334,10.010238609786315,10.00244901260023
hm-a10-g1-L5p3-n3-beta0__N0192__Aplus_0p02,hm-a10-g1-L5p3-n3-beta0__N0192__Aminus_0p02,hm-a10-g1-L5p3-n3-beta0,192,0.02,150,4.140625,10.009380318589313,10.002243467056394
hm-a10-g1-L5p3-n3-beta0__N0192__Aplus_0p02,hm-a10-g1-L5p3-n3-beta0__N0192__Aminus_0p02,hm-a10-g1-L5p3-n3-beta0,192,0.02,151,4.168229166666666,10.008499581973272,10.002032483302932
hm-a10-g1-L5p3-n3-beta0__N0192__Aplus_0p02,hm-a10-g1-L5p3-n3-beta0__N0192__Aminus_0p02,hm-a10-g1-L5p3-n3-beta0,192,0.02,152,4.195833333333333,10.007598549869511,10.001816571684842
hm-a10-g1-L5p3-n3-beta0__N0192__Aplus_0p02,hm-a10-g1-L5p3-n3-beta0__N0192__Aminus_0p02,hm-a10-g1-L5p3-n3-beta0,192,0.02,153,4.2234375,10.006679418876239,10.001596254257096
hm-a10-g1-L5p3-n3-beta0__N0192__Aplus_0p02,hm-a10-g1-L5p3-n3-beta0__N0192__Aminus_0p02,hm-a10-g1-L5p3-n3-beta0,192,0.02,154,4.251041666666667,10.005744426718108,10.001372063508656
hm-a10-g1-L5p3-n3-beta0__N0192__Aplus_0p02,hm-a10-g1-L5p3-n3-beta0__N0192__Aminus_0p02,hm-a10-g1-L5p3-n3-beta0,192,0.02,155,4.278645833333333,10.00479584663099,10.0011445410631
hm-a10-g1-L5p3-n3-beta0__N0192__Aplus_0p02,hm-a10-g1-L5p3-n3-beta0__N0192__Aminus_0p02,hm-a10-g1-L5p3-n3-beta0,192,0.02,156,4.3062499999999995,10.003835981687628,10.000914236359153
hm-a10-g1-L5p3-n3-beta0__N0192__Aplus_0p02,hm-a10-g1-L5p3-n3-beta0__N0192__Aminus_0p02,hm-a10-g1-L5p3-n3-beta0,192,0.02,157,4.333854166666667,10.002867159079688,10.000681705314431
hm-a10-g1-L5p3-n3-beta0__N0192__Aplus_0p02,hm-a10-g1-L5p3-n3-beta0__N0192__Aminus_0p02,hm-a10-g1-L5p3-n3-beta0,192,0.02,158,4.361458333333333,10.001891724371596,10.00044750897576
hm-a10-g1-L5p3-n3-beta0__N0192__Aplus_0p02,hm-a10-g1-L5p3-n3-beta0__N0192__Aminus_0p02,hm-a10-g1-L5p3-n3-beta0,192,0.02,159,4.3890625,10.000912035741248,10.000212212159378
hm-a10-g1-L5p3-n3-beta0__N0192__Aplus_0p02,hm-a10-g1-L5p3-n3-beta0__N0192__Aminus_0p02,hm-a10-g1-L5p3-n3-beta0,192,0.02,160,4.416666666666666,9.999930458222483,9.999976382084412
hm-a10-g1-L5p3-n3-beta0__N0192__Aplus_0p02,hm-a10-g1-L5p3-n3-beta0__N0192__Aminus_0p02,hm-a10-g1-L5p3-n3-beta0,192,0.02,161,4.444270833333333,9.998949357963841,9.999740587002972
hm-a10-g1-L5p3-n3-beta0__N0192__Aplus_0p02,hm-a10-g1-L5p3-n3-beta0__N0192__Aminus_0p02,hm-a10-g1-L5p3-n3-beta0,192,0.02,162,4.471875,9.997971096517801,9.999505394830159
hm-a10-g1-L5p3-n3-beta0__N0192__Aplus_0p02,hm-a10-g1-L5p3-n3-beta0__N0192__Aminus_0p02,hm-a10-g1-L5p3-n3-beta0,192,0.02,163,4.499479166666666,9.996998025174252,9.999271371777345
hm-a10-g1-L5p3-n3-beta0__N0192__Aplus_0p02,hm-a10-g1-L5p3-n3-beta0__N0192__Aminus_0p02,hm-a10-g1-L5p3-n3-beta0,192,0.02,164,4.527083333333334,9.996032479351596,9.999039080991949
hm-a10-g1-L5p3-n3-beta0__N0192__Aplus_0p02,hm-a10-g1-L5p3-n3-beta0__N0192__Aminus_0p02,hm-a10-g1-L5p3-n3-beta0,192,0.02,165,4.5546875,9.995076773058369,9.99880908120699
hm-a10-g1-L5p3-n3-beta0__N0192__Aplus_0p02,hm-a10-g1-L5p3-n3-beta0__N0192__Aminus_0p02,hm-a10-g1-L5p3-n3-beta0,192,0.02,166,4.582291666666666,9.994133193437806,9.998581925403581
hm-a10-g1-L5p3-n3-beta0__N0192__Aplus_0p02,hm-a10-g1-L5p3-n3-beta0__N0192__Aminus_0p02,hm-a10-g1-L5p3-n3-beta0,192,0.02,167,4.609895833333333,9.993203995407292,9.998358159489522
hm-a10-g1-L5p3-n3-beta0__N0192__Aplus_0p02,hm-a10-g1-L5p3-n3-beta0__N0192__Aminus_0p02,hm-a10-g1-L5p3-n3-beta0,192,0.02,168,4.6375,9.992291396404113,9.998138320997043
hm-a10-g1-L5p3-n3-beta0__N0192__Aplus_0p02,hm-a10-g1-L5p3-n3-beta0__N0192__Aminus_0p02,hm-a10-g1-L5p3-n3-beta0,192,0.02,169,4.665104166666667,9.991397571248397,9.997922937802736
hm-a10-g1-L5p3-n3-beta0__N0192__Aplus_0p02,hm-a10-g1-L5p3-n3-beta0__N0192__Aminus_0p02,hm-a10-g1-L5p3-n3-beta0,192,0.02,170,4.692708333333333,9.990524647133617,9.997712526872604
hm-a10-g1-L5p3-n3-beta0__N0192__Aplus_0p02,hm-a10-g1-L5p3-n3-beta0__N0192__Aminus_0p02,hm-a10-g1-L5p3-n3-beta0,192,0.02,171,4.7203124999999995,9.98967469875446,9.99750759303508
hm-a10-g1-L5p3-n3-beta0__N0192__Aplus_0p02,hm-a10-g1-L5p3-n3-beta0__N0192__Aminus_0p02,hm-a10-g1-L5p3-n3-beta0,192,0.02,172,4.747916666666667,9.988849743581385,9.997308627784806
hm-a10-g1-L5p3-n3-beta0__N0192__Aplus_0p02,hm-a10-g1-L5p3-n3-beta0__N0192__Aminus_0p02,hm-a10-g1-L5p3-n3-beta0,192,0.02,173,4.775520833333333,9.988051737290554,9.997116108119853
hm-a10-g1-L5p3-n3-beta0__N0192__Aplus_0p02,hm-a10-g1-L5p3-n3-beta0__N0192__Aminus_0p02,hm-a10-g1-L5p3-n3-beta0,192,0.02,174,4.803125,9.987282569357431,9.996930495414984
hm-a10-g1-L5p3-n3-beta0__N0192__Aplus_0p02,hm-a10-g1-L5p3-n3-beta0__N0192__Aminus_0p02,hm-a10-g1-L5p3-n3-beta0,192,0.02,175,4.830729166666666,9.986544058821643,9.99675223433346
hm-a10-g1-L5p3-n3-beta0__N0192__Aplus_0p02,hm-a10-g1-L5p3-n3-beta0__N0192__Aminus_0p02,hm-a10-g1-L5p3-n3-beta0,192,0.02,176,4.858333333333333,9.98583795023038,9.996581751779773
hm-a10-g1-L5p3-n3-beta0__N0192__Aplus_0p02,hm-a10-g1-L5p3-n3-beta0__N0192__Aminus_0p02,hm-a10-g1-L5p3-n3-beta0,192,0.02,177,4.8859375,9.985165909766906,9.996419455895618
hm-a10-g1-L5p3-n3-beta0__N0192__Aplus_0p02,hm-a10-g1-L5p3-n3-beta0__N0192__Aminus_0p02,hm-a10-g1-L5p3-n3-beta0,192,0.02,178,4.913541666666666,9.984529521570419,9.996265735101272
hm-a10-g1-L5p3-n3-beta0__N0192__Aplus_0p02,hm-a10-g1-L5p3-n3-beta0__N0192__Aminus_0p02,hm-a10-g1-L5p3-n3-beta0,192,0.02,179,4.941145833333334,9.983930284252931,9.996120957184479
hm-a10-g1-L5p3-n3-beta0__N0192__Aplus_0p02,hm-a10-g1-L5p3-n3-beta0__N0192__Aminus_0p02,hm-a10-g1-L5p3-n3-beta0,192,0.02,180,4.96875,9.983369607618418,9.995985468438766
hm-a10-g1-L5p3-n3-beta0__N0192__Aplus_0p02,hm-a10-g1-L5p3-n3-beta0__N0192__Aminus_0p02,hm-a10-g1-L5p3-n3-beta0,192,0.02,181,4.996354166666666,9.982848809589017,9.995859592853062
hm-a10-g1-L5p3-n3-beta0__N0192__Aplus_0p02,hm-a10-g1-L5p3-n3-beta0__N0192__Aminus_0p02,hm-a10-g1-L5p3-n3-beta0,192,0.02,182,5.023958333333333,9.98236911334266,9.995743631354324
hm-a10-g1-L5p3-n3-beta0__N0192__Aplus_0p02,hm-a10-g1-L5p3-n3-beta0__N0192__Aminus_0p02,hm-a10-g1-L5p3-n3-beta0,192,0.02,183,5.0515625,9.981931644666075,9.9956378611048
hm-a10-g1-L5p3-n3-beta0__N0192__Aplus_0p02,hm-a10-g1-L5p3-n3-beta0__N0192__Aminus_0p02,hm-a10-g1-L5p3-n3-beta0,192,0.02,184,5.079166666666667,9.981537429526721,9.995542534855376
hm-a10-g1-L5p3-n3-beta0__N0192__Aplus_0p02,hm-a10-g1-L5p3-n3-beta0__N0192__Aminus_0p02,hm-a10-g1-L5p3-n3-beta0,192,0.02,185,5.106770833333333,9.981187391866861,9.995457880356405
hm-a10-g1-L5p3-n3-beta0__N0192__Aplus_0p02,hm-a10-g1-L5p3-n3-beta0__N0192__Aminus_0p02,hm-a10-g1-L5p3-n3-beta0,192,0.02,186,5.1343749999999995,9.980882351622578,9.995384099827207
hm-a10-g1-L5p3-n3-beta0__N0192__Aplus_0p02,hm-a10-g1-L5p3-n3-beta0__N0192__Aminus_0p02,hm-a10-g1-L5p3-n3-beta0,192,0.02,187,5.161979166666667,9.98062302297022,9.995321369485378
hm-a10-g1-L5p3-n3-beta0__N0192__Aplus_0p02,hm-a10-g1-L5p3-n3-beta0__N0192__Aminus_0p02,hm-a10-g1-L5p3-n3-beta0,192,0.02,188,5.189583333333333,9.980410012802443,9.995269839136865
hm-a10-g1-L5p3-n3-beta0__N0192__Aplus_0p02,hm-a10-g1-L5p3-n3-beta0__N0192__Aminus_0p02,hm-a10-g1-L5p3-n3-beta0,192,0.02,189,5.2171875,9.980243819435653,9.995229631827682
hm-a10-g1-L5p3-n3-beta0__N0192__Aplus_0p02,hm-a10-g1-L5p3-n3-beta0__N0192__Aminus_0p02,hm-a10-g1-L5p3-n3-beta0,192,0.02,190,5.244791666666666,9.980124831550437,9.995200843557942
hm-a10-g1-L5p3-n3-beta0__N0192__Aplus_0p02,hm-a10-g1-L5p3-n3-beta0__N0192__Aminus_0p02,hm-a10-g1-L5p3-n3-beta0,192,0.02,191,5.272395833333333,9.980053327366159,9.995183543058852
hm-a10-g1-L5p3-n3-beta0__N0192__Aplus_0p02,hm-a10-g1-L5p3-n3-beta0__N0192__Aminus_0p02,hm-a10-g1-L5p3-n3-beta0,192,0.02,192,5.3,9.980029474050724,9.995177771633083
