{
  "alpha_n0": 0.8718364424041628,
  "beta_n0": 0.6757994059363452,
  "chi_hi": 2.7389462091287653,
  "chi_lo": 2.738889040814116,
  "chi_star": 2.7389462091287653,
  "chi_star_disc": 2.738889040814116,
  "chi_star_mode_n0": 2.7389462091287657,
  "classification": "supercritical",
  "n0": 3
}
