{
  "alpha_n0": 0.6420531918290838,
  "beta_n0": -0.40065680290732264,
  "chi_hi": 16.92944531608664,
  "chi_lo": 16.91682569365546,
  "chi_star": 16.92944531608664,
  "chi_star_disc": 16.91682569365546,
  "chi_star_mode_n0": 16.92944531608664,
  "classification": "subcritical",
  "n0": 1
}
