state_id,reflection_partner_id,case,mesh,requested_amplitude,node,x,u,v
hm-a10-g1-L5p3-n3-beta2__N0048__Aminus_0p02,hm-a10-g1-L5p3-n3-beta2__N0048__Aplus_0p02,hm-a10-g1-L5p3-n3-beta2,48,-0.02,0,0.0,9.979994759711149,9.995164342639479
hm-a10-g1-L5p3-n3-beta2__N0048__Aminus_0p02,hm-a10-g1-L5p3-n3-beta2__N0048__Aplus_0p02,hm-a10-g1-L5p3-n3-beta2,48,-0.02,1,0.11041666666666666,9.980377942116197,9.995256815205549
hm-a10-g1-L5p3-n3-beta2__N0048__Aminus_0p02,hm-a10-g1-L5p3-n3-beta2__N0048__Aplus_0p02,hm-a10-g1-L5p3-n3-beta2,48,-0.02,2,0.22083333333333333,9.98151289016071,9.995530688615839
hm-a10-g1-L5p3-n3-beta2__N0048__Aminus_0p02,hm-a10-g1-L5p3-n3-beta2__N0048__Aplus_0p02,hm-a10-g1-L5p3-n3-beta2,48,-0.02,3,0.33125,9.983356348212894,9.995975464785937
hm-a10-g1-L5p3-n3-beta2__N0048__Aminus_0p02,hm-a10-g1-L5p3-n3-beta2__N0048__Aplus_0p02,hm-a10-g1-L5p3-n3-beta2,48,-0.02,4,0.44166666666666665,9.985838011888204,9.996574091209741
hm-a10-g1-L5p3-n3-beta2__N0048__Aminus_0p02,hm-a10-g1-L5p3-n3-beta2__N0048__Aplus_0p02,hm-a10-g1-L5p3-n3-beta2,48,-0.02,5,0.5520833333333333,9.98886314804738,9.99730361019784
hm-a10-g1-L5p3-n3-beta2__N0048__Aminus_0p02,hm-a10-g1-L5p3-n3-beta2__N0048__Aplus_0p02,hm-a10-g1-L5p3-n3-beta2,48,-0.02,6,0.6625,9.992316138762654,9.998136033952346
hm-a10-g1-L5p3-n3-beta2__N0048__Aminus_0p02,hm-a10-g1-L5p3-n3-beta2__N0048__Aplus_0p02,hm-a10-g1-L5p3-n3-beta2,48,-0.02,7,0.7729166666666667,9.996064827688034,9.999039412939437
hm-a10-g1-L5p3-n3-beta2__N0048__Aminus_0p02,hm-a10-g1-L5p3-n3-beta2__N0048__Aplus_0p02,hm-a10-g1-L5p3-n3-beta2,48,-0.02,8,0.8833333333333333,9.99996551649642,9.999979057594807
hm-a10-g1-L5p3-n3-beta2__N0048__Aminus_0p02,hm-a10-g1-L5p3-n3-beta2__N0048__Aplus_0p02,hm-a10-g1-L5p3-n3-beta2,48,-0.02,9,0.9937499999999999,10.00386843190419,10.000918867341083
hm-a10-g1-L5p3-n3-beta2__N0048__Aminus_0p02,hm-a10-g1-L5p3-n3-beta2__N0048__Aplus_0p02,hm-a10-g1-L5p3-n3-beta2,48,-0.02,10,1.1041666666666665,10.00762346164873,10.001822716467315
hm-a10-g1-L5p3-n3-beta2__N0048__Aminus_0p02,hm-a10-g1-L5p3-n3-beta2__N0048__Aplus_0p02,hm-a10-g1-L5p3-n3-beta2,48,-0.02,11,1.2145833333333333,10.011085942072135,10.0026558438348
hm-a10-g1-L5p3-n3-beta2__N0048__Aminus_0p02,hm-a10-g1-L5p3-n3-beta2__N0048__Aplus_0p02,hm-a10-g1-L5p3-n3-beta2,48,-0.02,12,1.325,10.014122272107802,10.003386192791048
hm-a10-g1-L5p3-n3-beta2__N0048__Aminus_0p02,hm-a10-g1-L5p3-n3-beta2__N0048__Aplus_0p02,hm-a10-g1-L5p3-n3-beta2,48,-0.02,13,1.4354166666666666,10.016615129662327,10.003985649183052
hm-a10-g1-L5p3-n3-beta2__N0048__Aminus_0p02,hm-a10-g1-L5p3-n3-beta2__N0048__Aplus_0p02,hm-a10-g1-L5p3-n3-beta2,48,-0.02,14,1.5458333333333334,10.018468077429223,10.004431128966262
hm-a10-g1-L5p3-n3-beta2__N0048__Aminus_0p02,hm-a10-g1-L5p3-n3-beta2__N0048__Aplus_0p02,hm-a10-g1-L5p3-n3-beta2,48,-0.02,15,1.65625,10.019609366299479,10.004705472515822
hm-a10-g1-L5p3-n3-beta2__N0048__Aminus_0p02,hm-a10-g1-L5p3-n3-beta2__N0048__Aplus_0p02,hm-a10-g1-L5p3-n3-beta2,48,-0.02,16,1.7666666666666666,10.019994775306637,10.004798110172853
hm-a10-g1-L5p3-n3-beta2__N0048__Aminus_0p02,hm-a10-g1-L5p3-n3-beta2__N0048__Aplus_0p02,hm-a10-g1-L5p3-n3-beta2,48,-0.02,17,1.8770833333333332,10.019609366299488,10.00470547251582
hm-a10-g1-L5p3-n3-beta2__N0048__Aminus_0p02,hm-a10-g1-L5p3-n3-beta2__N0048__Aplus_0p02,hm-a10-g1-L5p3-n3-beta2,48,-0.02,18,1.9874999999999998,10.018468077429239,10.004431128966258
hm-a10-g1-L5p3-n3-beta2__N0048__Aminus_0p02,hm-a10-g1-L5p3-n3-beta2__N0048__Aplus_0p02,hm-a10-g1-L5p3-n3-beta2,48,-0.02,19,2.0979166666666664,10.01661512966235,10.003985649183047
hm-a10-g1-L5p3-n3-beta2__N0048__Aminus_0p02,hm-a10-g1-L5p3-n3-beta2__N0048__Aplus_0p02,hm-a10-g1-L5p3-n3-beta2,48,-0.02,20,2.208333333333333,10.014122272107825,10.00338619279104
hm-a10-g1-L5p3-n3-beta2__N0048__Aminus_0p02,hm-a10-g1-L5p3-n3-beta2__N0048__Aplus_0p02,hm-a10-g1-L5p3-n3-beta2,48,-0.02,21,2.31875,10.011085942072157,10.002655843834791
hm-a10-g1-L5p3-n3-beta2__N0048__Aminus_0p02,hm-a10-g1-L5p3-n3-beta2__N0048__Aplus_0p02,hm-a10-g1-L5p3-n3-beta2,48,-0.02,22,2.4291666666666667,10.007623461648746,10.001822716467304
hm-a10-g1-L5p3-n3-beta2__N0048__Aminus_0p02,hm-a10-g1-L5p3-n3-beta2__N0048__Aplus_0p02,hm-a10-g1-L5p3-n3-beta2,48,-0.02,23,2.5395833333333333,10.003868431904197,10.00091886734107
hm-a10-g1-L5p3-n3-beta2__N0048__Aminus_0p02,hm-a10-g1-L5p3-n3-beta2__N0048__Aplus_0p02,hm-a10-g1-L5p3-n3-beta2,48,-0.02,24,2.65,9.999965516496415,9.999979057594793
hm-a10-g1-L5p3-n3-beta2__N0048__Aminus_0p02,hm-a10-g1-L5p3-n3-beta2__N0048__Aplus_0p02,hm-a10-g1-L5p3-n3-beta2,48,-0.02,25,2.7604166666666665,9.996064827688011,9.999039412939421
hm-a10-g1-L5p3-n3-beta2__N0048__Aminus_0p02,hm-a10-g1-L5p3-n3-beta2__N0048__Aplus_0p02,hm-a10-g1-L5p3-n3-beta2,48,-0.02,26,2.870833333333333,9.992316138762613,9.998136033952328
hm-a10-g1-L5p3-n3-beta2__N0048__Aminus_0p02,hm-a10-g1-L5p3-n3-beta2__N0048__Aplus_0p02,hm-a10-g1-L5p3-n3-beta2,48,-0.02,27,2.9812499999999997,9.988863148047322,9.99730361019782
hm-a10-g1-L5p3-n3-beta2__N0048__Aminus_0p02,hm-a10-g1-L5p3-n3-beta2__N0048__Aplus_0p02,hm-a10-g1-L5p3-n3-beta2,48,-0.02,28,3.091666666666667,9.985838011888127,9.99657409120972
hm-a10-g1-L5p3-n3-beta2__N0048__Aminus_0p02,hm-a10-g1-L5p3-n3-beta2__N0048__Aplus_0p02,hm-a10-g1-L5p3-n3-beta2,48,-0.02,29,3.2020833333333334,9.983356348212801,9.995975464785918
hm-a10-g1-L5p3-n3-beta2__N0048__Aminus_0p02,hm-a10-g1-L5p3-n3-beta2__N0048__Aplus_0p02,hm-a10-g1-L5p3-n3-beta2,48,-0.02,30,3.3125,9.981512890160607,9.995530688615819
hm-a10-g1-L5p3-n3-beta2__N0048__Aminus_0p02,hm-a10-g1-L5p3-n3-beta2__N0048__Aplus_0p02,hm-a10-g1-L5p3-n3-beta2,48,-0.02,31,3.4229166666666666,9.980377942116087,9.995256815205531
hm-a10-g1-L5p3-n3-beta2__N0048__Aminus_0p02,hm-a10-g1-L5p3-n3-beta2__N0048__Aplus_0p02,hm-a10-g1-L5p3-n3-beta2,48,-0.02,32,3.533333333333333,9.979994759711039,9.995164342639463
hm-a10-g1-L5p3-n3-beta2__N0048__Aminus_0p02,hm-a10-g1-L5p3-n3-beta2__N0048__Aplus_0p02,hm-a10-g1-L5p3-n3-beta2,48,-0.02,33,3.64375,9.980377942116093,9.995256815205535
hm-a10-g1-L5p3-n3-beta2__N0048__Aminus_0p02,hm-a10-g1-L5p3-n3-beta2__N0048__Aplus_0p02,hm-a10-g1-L5p3-n3-beta2,48,-0.02,34,3.7541666666666664,9.981512890160618,9.995530688615826
hm-a10-g1-L5p3-n3-beta2__N0048__Aminus_0p02,hm-a10-g1-L5p3-n3-beta2__N0048__Aplus_0p02,hm-a10-g1-L5p3-n3-beta2,48,-0.02,35,3.864583333333333,9.98335634821282,9.995975464785928
hm-a10-g1-L5p3-n3-beta2__N0048__Aminus_0p02,hm-a10-g1-L5p3-n3-beta2__N0048__Aplus_0p02,hm-a10-g1-L5p3-n3-beta2,48,-0.02,36,3.9749999999999996,9.985838011888154,9.996574091209736
hm-a10-g1-L5p3-n3-beta2__N0048__Aminus_0p02,hm-a10-g1-L5p3-n3-beta2__N0048__Aplus_0p02,hm-a10-g1-L5p3-n3-beta2,48,-0.02,37,4.085416666666666,9.988863148047356,9.997303610197841
hm-a10-g1-L5p3-n3-beta2__N0048__Aminus_0p02,hm-a10-g1-L5p3-n3-beta2__N0048__Aplus_0p02,hm-a10-g1-L5p3-n3-beta2,48,-0.02,38,4.195833333333333,9.992316138762657,9.998136033952354
hm-a10-g1-L5p3-n3-beta2__N0048__Aminus_0p02,hm-a10-g1-L5p3-n3-beta2__N0048__Aplus_0p02,hm-a10-g1-L5p3-n3-beta2,48,-0.02,39,4.3062499999999995,9.996064827688066,9.999039412939451
hm-a10-g1-L5p3-n3-beta2__N0048__Aminus_0p02,hm-a10-g1-L5p3-n3-beta2__N0048__Aplus_0p02,hm-a10-g1-L5p3-n3-beta2,48,-0.02,40,4.416666666666666,9.999965516496482,9.999979057594825
hm-a10-g1-L5p3-n3-beta2__N0048__Aminus_0p02,hm-a10-g1-L5p3-n3-beta2__N0048__Aplus_0p02,hm-a10-g1-L5p3-n3-beta2,48,-0.02,41,4.527083333333334,10.003868431904277,10.000918867341104
hm-a10-g1-L5p3-n3-beta2__N0048__Aminus_0p02,hm-a10-g1-L5p3-n3-beta2__N0048__Aplus_0p02,hm-a10-g1-L5p3-n3-beta2,48,-0.02,42,4.6375,10.007623461648842,10.001822716467343
hm-a10-g1-L5p3-n3-beta2__N0048__Aminus_0p02,hm-a10-g1-L5p3-n3-beta2__N0048__Aplus_0p02,hm-a10-g1-L5p3-n3-beta2,48,-0.02,43,4.747916666666667,10.011085942072267,10.002655843834834
hm-a10-g1-L5p3-n3-beta2__N0048__Aminus_0p02,hm-a10-g1-L5p3-n3-beta2__N0048__Aplus_0p02,hm-a10-g1-L5p3-n3-beta2,48,-0.02,44,4.858333333333333,10.014122272107947,10.003386192791087
hm-a10-g1-L5p3-n3-beta2__N0048__Aminus_0p02,hm-a10-g1-L5p3-n3-beta2__N0048__Aplus_0p02,hm-a10-g1-L5p3-n3-beta2,48,-0.02,45,4.96875,10.016615129662483,10.003985649183097
hm-a10-g1-L5p3-n3-beta2__N0048__Aminus_0p02,hm-a10-g1-L5p3-n3-beta2__N0048__Aplus_0p02,hm-a10-g1-L5p3-n3-beta2,48,-0.02,46,5.079166666666667,10.018468077429382,10.00443112896631
hm-a10-g1-L5p3-n3-beta2__N0048__Aminus_0p02,hm-a10-g1-L5p3-n3-beta2__N0048__Aplus_0p02,hm-a10-g1-L5p3-n3-beta2,48,-0.02,47,5.189583333333333,10.019609366299639,10.004705472515873
hm-a10-g1-L5p3-n3-beta2__N0048__Aminus_0p02,hm-a10-g1-L5p3-n3-beta2__N0048__Aplus_0p02,hm-a10-g1-L5p3-n3-beta2,48,-0.02,48,5.3,10.019994775306793,10.004798110172906
hm-a10-g1-L5p3-n3-beta2__N0048__Aminus_0p01,hm-a10-g1-L5p3-n3-beta2__N0048__Aplus_0p01,hm-a10-g1-L5p3-n3-beta2,48,-0.01,0,0.0,9.989998690904853,9.997586864829087
hm-a10-g1-L5p3-n3-beta2__N0048__Aminus_0p01,hm-a10-g1-L5p3-n3-beta2__N0048__Aplus_0p01,hm-a10-g1-L5p3-n3-beta2,48,-0.01,1,0.11041666666666666,9.990190559940448,9.997633121731328
hm-a10-g1-L5p3-n3-beta2__N0048__Aminus_0p01,hm-a10-g1-L5p3-n3-beta2__N0048__Aplus_0p01,hm-a10-g1-L5p3-n3-beta2,48,-0.01,2,0.22083333333333333,9.9907588252553,9.997770117158181
hm-a10-g1-L5p3-n3-beta2__N0048__Aminus_0p01,hm-a10-g1-L5p3-n3-beta2__N0048__Aplus_0p01,hm-a10-g1-L5p3-n3-beta2,48,-0.01,3,0.33125,9.991681738808621,9.997992593136052
hm-a10-g1-L5p3-n3-beta2__N0048__Aminus_0p01,hm-a10-g1-L5p3-n3-beta2__N0048__Aplus_0p01,hm-a10-g1-L5p3-n3-beta2,48,-0.01,4,0.44166666666666665,9.992923968386553,9.9982920100419
hm-a10-g1-L5p3-n3-beta2__N0048__Aminus_0p01,hm-a10-g1-L5p3-n3-beta2__N0048__Aplus_0p01,hm-a10-g1-L5p3-n3-beta2,48,-0.01,5,0.5520833333333333,9.994437934902763,9.998656873254214
hm-a10-g1-L5p3-n3-beta2__N0048__Aminus_0p01,hm-a10-g1-L5p3-n3-beta2__N0048__Aplus_0p01,hm-a10-g1-L5p3-n3-beta2,48,-0.01,6,0.6625,9.996165616642106,9.99907317308905
hm-a10-g1-L5p3-n3-beta2__N0048__Aminus_0p01,hm-a10-g1-L5p3-n3-beta2__N0048__Aplus_0p01,hm-a10-g1-L5p3-n3-beta2,48,-0.01,7,0.7729166666666667,9.998040754785286,9.999524921387682
hm-a10-g1-L5p3-n3-beta2__N0048__Aminus_0p01,hm-a10-g1-L5p3-n3-beta2__N0048__Aplus_0p01,hm-a10-g1-L5p3-n3-beta2,48,-0.01,8,0.8833333333333333,9.999991379139354,9.999994764408477
hm-a10-g1-L5p3-n3-beta2__N0048__Aminus_0p01,hm-a10-g1-L5p3-n3-beta2__N0048__Aplus_0p01,hm-a10-g1-L5p3-n3-beta2,48,-0.01,9,0.9937499999999999,10.001942560142538,10.00046464870193
hm-a10-g1-L5p3-n3-beta2__N0048__Aminus_0p01,hm-a10-g1-L5p3-n3-beta2__N0048__Aplus_0p01,hm-a10-g1-L5p3-n3-beta2,48,-0.01,10,1.1041666666666665,10.00381928348832,10.000916514535154
hm-a10-g1-L5p3-n3-beta2__N0048__Aminus_0p01,hm-a10-g1-L5p3-n3-beta2__N0048__Aplus_0p01,hm-a10-g1-L5p3-n3-beta2,48,-0.01,11,1.2145833333333333,10.005549337651118,10.001332990272934
hm-a10-g1-L5p3-n3-beta2__N0048__Aminus_0p01,hm-a10-g1-L5p3-n3-beta2__N0048__Aplus_0p01,hm-a10-g1-L5p3-n3-beta2,48,-0.01,12,1.325,10.007066102631756,10.001698060976919
hm-a10-g1-L5p3-n3-beta2__N0048__Aminus_0p01,hm-a10-g1-L5p3-n3-beta2__N0048__Aplus_0p01,hm-a10-g1-L5p3-n3-beta2,48,-0.01,13,1.4354166666666666,10.008311130674285,10.001997685374443
hm-a10-g1-L5p3-n3-beta2__N0048__Aminus_0p01,hm-a10-g1-L5p3-n3-beta2__N0048__Aplus_0p01,hm-a10-g1-L5p3-n3-beta2,48,-0.01,14,1.5458333333333334,10.009236416651472,10.002220337255267
hm-a10-g1-L5p3-n3-beta2__N0048__Aminus_0p01,hm-a10-g1-L5p3-n3-beta2__N0048__Aplus_0p01,hm-a10-g1-L5p3-n3-beta2,48,-0.01,15,1.65625,10.009806267169342,10.002357450216715
hm-a10-g1-L5p3-n3-beta2__N0048__Aminus_0p01,hm-a10-g1-L5p3-n3-beta2__N0048__Aplus_0p01,hm-a10-g1-L5p3-n3-beta2,48,-0.01,16,1.7666666666666666,10.009998692854225,10.002403748391618
hm-a10-g1-L5p3-n3-beta2__N0048__Aminus_0p01,hm-a10-g1-L5p3-n3-beta2__N0048__Aplus_0p01,hm-a10-g1-L5p3-n3-beta2,48,-0.01,17,1.8770833333333332,10.009806267169349,10.002357450216714
hm-a10-g1-L5p3-n3-beta2__N0048__Aminus_0p01,hm-a10-g1-L5p3-n3-beta2__N0048__Aplus_0p01,hm-a10-g1-L5p3-n3-beta2,48,-0.01,18,1.9874999999999998,10.009236416651484,10.002220337255265
hm-a10-g1-L5p3-n3-beta2__N0048__Aminus_0p01,hm-a10-g1-L5p3-n3-beta2__N0048__Aplus_0p01,hm-a10-g1-L5p3-n3-beta2,48,-0.01,19,2.0979166666666664,10.008311130674302,10.00199768537444
hm-a10-g1-L5p3-n3-beta2__N0048__Aminus_0p01,hm-a10-g1-L5p3-n3-beta2__N0048__Aplus_0p01,hm-a10-g1-L5p3-n3-beta2,48,-0.01,20,2.208333333333333,10.007066102631773,10.001698060976913
hm-a10-g1-L5p3-n3-beta2__N0048__Aminus_0p01,hm-a10-g1-L5p3-n3-beta2__N0048__Aplus_0p01,hm-a10-g1-L5p3-n3-beta2,48,-0.01,21,2.31875,10.005549337651134,10.001332990272926
hm-a10-g1-L5p3-n3-beta2__N0048__Aminus_0p01,hm-a10-g1-L5p3-n3-beta2__N0048__Aplus_0p01,hm-a10-g1-L5p3-n3-beta2,48,-0.01,22,2.4291666666666667,10.003819283488333,10.000916514535145
hm-a10-g1-L5p3-n3-beta2__N0048__Aminus_0p01,hm-a10-g1-L5p3-n3-beta2__N0048__Aplus_0p01,hm-a10-g1-L5p3-n3-beta2,48,-0.01,23,2.5395833333333333,10.001942560142542,10.000464648701922
hm-a10-g1-L5p3-n3-beta2__N0048__Aminus_0p01,hm-a10-g1-L5p3-n3-beta2__N0048__Aplus_0p01,hm-a10-g1-L5p3-n3-beta2,48,-0.01,24,2.65,9.999991379139349,9.999994764408466
hm-a10-g1-L5p3-n3-beta2__N0048__Aminus_0p01,hm-a10-g1-L5p3-n3-beta2__N0048__Aplus_0p01,hm-a10-g1-L5p3-n3-beta2,48,-0.01,25,2.7604166666666665,9.99804075478527,9.999524921387673
hm-a10-g1-L5p3-n3-beta2__N0048__Aminus_0p01,hm-a10-g1-L5p3-n3-beta2__N0048__Aplus_0p01,hm-a10-g1-L5p3-n3-beta2,48,-0.01,26,2.870833333333333,9.996165616642077,9.999073173089041
hm-a10-g1-L5p3-n3-beta2__N0048__Aminus_0p01,hm-a10-g1-L5p3-n3-beta2__N0048__Aplus_0p01,hm-a10-g1-L5p3-n3-beta2,48,-0.01,27,2.9812499999999997,9.99443793490272,9.998656873254207
hm-a10-g1-L5p3-n3-beta2__N0048__Aminus_0p01,hm-a10-g1-L5p3-n3-beta2__N0048__Aplus_0p01,hm-a10-g1-L5p3-n3-beta2,48,-0.01,28,3.091666666666667,9.9929239683865,9.998292010041894
hm-a10-g1-L5p3-n3-beta2__N0048__Aminus_0p01,hm-a10-g1-L5p3-n3-beta2__N0048__Aplus_0p01,hm-a10-g1-L5p3-n3-beta2,48,-0.01,29,3.2020833333333334,9.99168173880856,9.997992593136047
hm-a10-g1-L5p3-n3-beta2__N0048__Aminus_0p01,hm-a10-g1-L5p3-n3-beta2__N0048__Aplus_0p01,hm-a10-g1-L5p3-n3-beta2,48,-0.01,30,3.3125,9.990758825255236,9.997770117158176
hm-a10-g1-L5p3-n3-beta2__N0048__Aminus_0p01,hm-a10-g1-L5p3-n3-beta2__N0048__Aplus_0p01,hm-a10-g1-L5p3-n3-beta2,48,-0.01,31,3.4229166666666666,9.990190559940384,9.997633121731324
hm-a10-g1-L5p3-n3-beta2__N0048__Aminus_0p01,hm-a10-g1-L5p3-n3-beta2__N0048__Aplus_0p01,hm-a10-g1-L5p3-n3-beta2,48,-0.01,32,3.533333333333333,9.989998690904795,9.997586864829085
hm-a10-g1-L5p3-n3-beta2__N0048__Aminus_0p01,hm-a10-g1-L5p3-n3-beta2__N0048__Aplus_0p01,hm-a10-g1-L5p3-n3-beta2,48,-0.01,33,3.64375,9.990190559940396,9.997633121731328
hm-a10-g1-L5p3-n3-beta2__N0048__Aminus_0p01,hm-a10-g1-L5p3-n3-beta2__N0048__Aplus_0p01,hm-a10-g1-L5p3-n3-beta2,48,-0.01,34,3.7541666666666664,9.990758825255261,9.997770117158183
hm-a10-g1-L5p3-n3-beta2__N0048__Aminus_0p01,hm-a10-g1-L5p3-n3-beta2__N0048__Aplus_0p01,hm-a10-g1-L5p3-n3-beta2,48,-0.01,35,3.864583333333333,9.991681738808596,9.997992593136056
hm-a10-g1-L5p3-n3-beta2__N0048__Aminus_0p01,hm-a10-g1-L5p3-n3-beta2__N0048__Aplus_0p01,hm-a10-g1-L5p3-n3-beta2,48,-0.01,36,3.9749999999999996,9.992923968386545,9.998292010041906
hm-a10-g1-L5p3-n3-beta2__N0048__Aminus_0p01,hm-a10-g1-L5p3-n3-beta2__N0048__Aplus_0p01,hm-a10-g1-L5p3-n3-beta2,48,-0.01,37,4.085416666666666,9.994437934902773,9.998656873254223
hm-a10-g1-L5p3-n3-beta2__N0048__Aminus_0p01,hm-a10-g1-L5p3-n3-beta2__N0048__Aplus_0p01,hm-a10-g1-L5p3-n3-beta2,48,-0.01,38,4.195833333333333,9.996165616642136,9.99907317308906
hm-a10-g1-L5p3-n3-beta2__N0048__Aminus_0p01,hm-a10-g1-L5p3-n3-beta2__N0048__Aplus_0p01,hm-a10-g1-L5p3-n3-beta2,48,-0.01,39,4.3062499999999995,9.998040754785334,9.999524921387696
hm-a10-g1-L5p3-n3-beta2__N0048__Aminus_0p01,hm-a10-g1-L5p3-n3-beta2__N0048__Aplus_0p01,hm-a10-g1-L5p3-n3-beta2,48,-0.01,40,4.416666666666666,9.99999137913942,9.999994764408493
hm-a10-g1-L5p3-n3-beta2__N0048__Aminus_0p01,hm-a10-g1-L5p3-n3-beta2__N0048__Aplus_0p01,hm-a10-g1-L5p3-n3-beta2,48,-0.01,41,4.527083333333334,10.001942560142616,10.000464648701948
hm-a10-g1-L5p3-n3-beta2__N0048__Aminus_0p01,hm-a10-g1-L5p3-n3-beta2__N0048__Aplus_0p01,hm-a10-g1-L5p3-n3-beta2,48,-0.01,42,4.6375,10.003819283488411,10.000916514535174
hm-a10-g1-L5p3-n3-beta2__N0048__Aminus_0p01,hm-a10-g1-L5p3-n3-beta2__N0048__Aplus_0p01,hm-a10-g1-L5p3-n3-beta2,48,-0.01,43,4.747916666666667,10.005549337651217,10.001332990272957
hm-a10-g1-L5p3-n3-beta2__N0048__Aminus_0p01,hm-a10-g1-L5p3-n3-beta2__N0048__Aplus_0p01,hm-a10-g1-L5p3-n3-beta2,48,-0.01,44,4.858333333333333,10.00706610263186,10.001698060976947
hm-a10-g1-L5p3-n3-beta2__N0048__Aminus_0p01,hm-a10-g1-L5p3-n3-beta2__N0048__Aplus_0p01,hm-a10-g1-L5p3-n3-beta2,48,-0.01,45,4.96875,10.008311130674391,10.001997685374475
hm-a10-g1-L5p3-n3-beta2__N0048__Aminus_0p01,hm-a10-g1-L5p3-n3-beta2__N0048__Aplus_0p01,hm-a10-g1-L5p3-n3-beta2,48,-0.01,46,5.079166666666667,10.009236416651579,10.0022203372553
hm-a10-g1-L5p3-n3-beta2__N0048__Aminus_0p01,hm-a10-g1-L5p3-n3-beta2__N0048__Aplus_0p01,hm-a10-g1-L5p3-n3-beta2,48,-0.01,47,5.189583333333333,10.009806267169445,10.002357450216753
hm-a10-g1-L5p3-n3-beta2__N0048__Aminus_0p01,hm-a10-g1-L5p3-n3-beta2__N0048__Aplus_0p01,hm-a10-g1-L5p3-n3-beta2,48,-0.01,48,5.3,10.009998692854326,10.002403748391655
hm-a10-g1-L5p3-n3-beta2__N0048__Aminus_0p005,hm-a10-g1-L5p3-n3-beta2__N0048__Aplus_0p005,hm-a10-g1-L5p3-n3-beta2,48,-0.005,0,0.0,9.994999672848143,9.99879460577522
hm-a10-g1-L5p3-n3-beta2__N0048__Aminus_0p005,hm-a10-g1-L5p3-n3-beta2__N0048__Aplus_0p005,hm-a10-g1-L5p3-n3-beta2,48,-0.005,1,0.11041666666666666,9.995095676885537,9.998817739383275
hm-a10-g1-L5p3-n3-beta2__N0048__Aminus_0p005,hm-a10-g1-L5p3-n3-beta2__N0048__Aplus_0p005,hm-a10-g1-L5p3-n3-beta2,48,-0.005,2,0.22083333333333333,9.9953800075294,9.998886251782807
hm-a10-g1-L5p3-n3-beta2__N0048__Aminus_0p005,hm-a10-g1-L5p3-n3-beta2__N0048__Aplus_0p005,hm-a10-g1-L5p3-n3-beta2,48,-0.005,3,0.33125,9.995841760647997,9.998997511752249
hm-a10-g1-L5p3-n3-beta2__N0048__Aminus_0p005,hm-a10-g1-L5p3-n3-beta2__N0048__Aplus_0p005,hm-a10-g1-L5p3-n3-beta2,48,-0.005,4,0.44166666666666665,9.996463225058035,9.999147246135111
hm-a10-g1-L5p3-n3-beta2__N0048__Aminus_0p005,hm-a10-g1-L5p3-n3-beta2__N0048__Aplus_0p005,hm-a10-g1-L5p3-n3-beta2,48,-0.005,5,0.5520833333333333,9.997220558024292,9.999329703674245
hm-a10-g1-L5p3-n3-beta2__N0048__Aminus_0p005,hm-a10-g1-L5p3-n3-beta2__N0048__Aplus_0p005,hm-a10-g1-L5p3-n3-beta2,48,-0.005,6,0.6625,9.998084695467792,9.999537875580266
hm-a10-g1-L5p3-n3-beta2__N0048__Aminus_0p005,hm-a10-g1-L5p3-n3-beta2__N0048__Aplus_0p005,hm-a10-g1-L5p3-n3-beta2,48,-0.005,7,0.7729166666666667,9.999022462824387,9.99976376442611
hm-a10-g1-L5p3-n3-beta2__N0048__Aminus_0p005,hm-a10-g1-L5p3-n3-beta2__N0048__Aplus_0p005,hm-a10-g1-L5p3-n3-beta2,48,-0.005,8,0.8833333333333333,9.999997844785643,9.999998691102679
hm-a10-g1-L5p3-n3-beta2__N0048__Aminus_0p005,hm-a10-g1-L5p3-n3-beta2__N0048__Aplus_0p005,hm-a10-g1-L5p3-n3-beta2,48,-0.005,9,0.9937499999999999,10.000973365909132,10.000233628097408
hm-a10-g1-L5p3-n3-beta2__N0048__Aminus_0p005,hm-a10-g1-L5p3-n3-beta2__N0048__Aplus_0p005,hm-a10-g1-L5p3-n3-beta2,48,-0.005,10,1.1041666666666665,10.001911529566247,10.000459546326887
hm-a10-g1-L5p3-n3-beta2__N0048__Aminus_0p005,hm-a10-g1-L5p3-n3-beta2__N0048__Aplus_0p005,hm-a10-g1-L5p3-n3-beta2,48,-0.005,11,1.2145833333333333,10.002776260115397,10.000667762208623
hm-a10-g1-L5p3-n3-beta2__N0048__Aminus_0p005,hm-a10-g1-L5p3-n3-beta2__N0048__Aplus_0p005,hm-a10-g1-L5p3-n3-beta2,48,-0.005,12,1.325,10.003534292697479,10.000850271620653
hm-a10-g1-L5p3-n3-beta2__N0048__Aminus_0p005,hm-a10-g1-L5p3-n3-beta2__N0048__Aplus_0p005,hm-a10-g1-L5p3-n3-beta2,48,-0.005,13,1.4354166666666666,10.004156456723354,10.001000057876409
hm-a10-g1-L5p3-n3-beta2__N0048__Aminus_0p005,hm-a10-g1-L5p3-n3-beta2__N0048__Aplus_0p005,hm-a10-g1-L5p3-n3-beta2,48,-0.005,14,1.5458333333333334,10.004618802947629,10.001111361821568
hm-a10-g1-L5p3-n3-beta2__N0048__Aminus_0p005,hm-a10-g1-L5p3-n3-beta2__N0048__Aplus_0p005,hm-a10-g1-L5p3-n3-beta2,48,-0.005,15,1.65625,10.004903529892045,10.001179903604733
hm-a10-g1-L5p3-n3-beta2__N0048__Aminus_0p005,hm-a10-g1-L5p3-n3-beta2__N0048__Aplus_0p005,hm-a10-g1-L5p3-n3-beta2,48,-0.005,16,1.7666666666666666,10.004999673091692,10.001203047530947
hm-a10-g1-L5p3-n3-beta2__N0048__Aminus_0p005,hm-a10-g1-L5p3-n3-beta2__N0048__Aplus_0p005,hm-a10-g1-L5p3-n3-beta2,48,-0.005,17,1.8770833333333332,10.00490352989206,10.001179903604731
hm-a10-g1-L5p3-n3-beta2__N0048__Aminus_0p005,hm-a10-g1-L5p3-n3-beta2__N0048__Aplus_0p005,hm-a10-g1-L5p3-n3-beta2,48,-0.005,18,1.9874999999999998,10.00461880294766,10.001111361821565
hm-a10-g1-L5p3-n3-beta2__N0048__Aminus_0p005,hm-a10-g1-L5p3-n3-beta2__N0048__Aplus_0p005,hm-a10-g1-L5p3-n3-beta2,48,-0.005,19,2.0979166666666664,10.004156456723395,10.001000057876405
hm-a10-g1-L5p3-n3-beta2__N0048__Aminus_0p005,hm-a10-g1-L5p3-n3-beta2__N0048__Aplus_0p005,hm-a10-g1-L5p3-n3-beta2,48,-0.005,20,2.208333333333333,10.003534292697527,10.000850271620648
hm-a10-g1-L5p3-n3-beta2__N0048__Aminus_0p005,hm-a10-g1-L5p3-n3-beta2__N0048__Aplus_0p005,hm-a10-g1-L5p3-n3-beta2,48,-0.005,21,2.31875,10.002776260115446,10.000667762208618
hm-a10-g1-L5p3-n3-beta2__N0048__Aminus_0p005,hm-a10-g1-L5p3-n3-beta2__N0048__Aplus_0p005,hm-a10-g1-L5p3-n3-beta2,48,-0.005,22,2.4291666666666667,10.001911529566293,10.00045954632688
hm-a10-g1-L5p3-n3-beta2__N0048__Aminus_0p005,hm-a10-g1-L5p3-n3-beta2__N0048__Aplus_0p005,hm-a10-g1-L5p3-n3-beta2,48,-0.005,23,2.5395833333333333,10.000973365909168,10.000233628097398
hm-a10-g1-L5p3-n3-beta2__N0048__Aminus_0p005,hm-a10-g1-L5p3-n3-beta2__N0048__Aplus_0p005,hm-a10-g1-L5p3-n3-beta2,48,-0.005,24,2.65,9.999997844785662,9.999998691102665
hm-a10-g1-L5p3-n3-beta2__N0048__Aminus_0p005,hm-a10-g1-L5p3-n3-beta2__N0048__Aplus_0p005,hm-a10-g1-L5p3-n3-beta2,48,-0.005,25,2.7604166666666665,9.999022462824387,9.999763764426094
hm-a10-g1-L5p3-n3-beta2__N0048__Aminus_0p005,hm-a10-g1-L5p3-n3-beta2__N0048__Aplus_0p005,hm-a10-g1-L5p3-n3-beta2,48,-0.005,26,2.870833333333333,9.99808469546777,9.999537875580248
hm-a10-g1-L5p3-n3-beta2__N0048__Aminus_0p005,hm-a10-g1-L5p3-n3-beta2__N0048__Aplus_0p005,hm-a10-g1-L5p3-n3-beta2,48,-0.005,27,2.9812499999999997,9.997220558024242,9.999329703674228
hm-a10-g1-L5p3-n3-beta2__N0048__Aminus_0p005,hm-a10-g1-L5p3-n3-beta2__N0048__Aplus_0p005,hm-a10-g1-L5p3-n3-beta2,48,-0.005,28,3.091666666666667,9.996463225057964,9.999147246135093
hm-a10-g1-L5p3-n3-beta2__N0048__Aminus_0p005,hm-a10-g1-L5p3-n3-beta2__N0048__Aplus_0p005,hm-a10-g1-L5p3-n3-beta2,48,-0.005,29,3.2020833333333334,9.995841760647904,9.998997511752233
hm-a10-g1-L5p3-n3-beta2__N0048__Aminus_0p005,hm-a10-g1-L5p3-n3-beta2__N0048__Aplus_0p005,hm-a10-g1-L5p3-n3-beta2,48,-0.005,30,3.3125,9.995380007529292,9.998886251782789
hm-a10-g1-L5p3-n3-beta2__N0048__Aminus_0p005,hm-a10-g1-L5p3-n3-beta2__N0048__Aplus_0p005,hm-a10-g1-L5p3-n3-beta2,48,-0.005,31,3.4229166666666666,9.995095676885418,9.998817739383258
hm-a10-g1-L5p3-n3-beta2__N0048__Aminus_0p005,hm-a10-g1-L5p3-n3-beta2__N0048__Aplus_0p005,hm-a10-g1-L5p3-n3-beta2,48,-0.005,32,3.533333333333333,9.99499967284802,9.998794605775203
hm-a10-g1-L5p3-n3-beta2__N0048__Aminus_0p005,hm-a10-g1-L5p3-n3-beta2__N0048__Aplus_0p005,hm-a10-g1-L5p3-n3-beta2,48,-0.005,33,3.64375,9.995095676885416,9.998817739383258
hm-a10-g1-L5p3-n3-beta2__N0048__Aminus_0p005,hm-a10-g1-L5p3-n3-beta2__N0048__Aplus_0p005,hm-a10-g1-L5p3-n3-beta2,48,-0.005,34,3.7541666666666664,9.995380007529288,9.99888625178279
hm-a10-g1-L5p3-n3-beta2__N0048__Aminus_0p005,hm-a10-g1-L5p3-n3-beta2__N0048__Aplus_0p005,hm-a10-g1-L5p3-n3-beta2,48,-0.005,35,3.864583333333333,9.9958417606479,9.998997511752236
hm-a10-g1-L5p3-n3-beta2__N0048__Aminus_0p005,hm-a10-g1-L5p3-n3-beta2__N0048__Aplus_0p005,hm-a10-g1-L5p3-n3-beta2,48,-0.005,36,3.9749999999999996,9.996463225057962,9.9991472461351
hm-a10-g1-L5p3-n3-beta2__N0048__Aminus_0p005,hm-a10-g1-L5p3-n3-beta2__N0048__Aplus_0p005,hm-a10-g1-L5p3-n3-beta2,48,-0.005,37,4.085416666666666,9.997220558024244,9.99932970367424
hm-a10-g1-L5p3-n3-beta2__N0048__Aminus_0p005,hm-a10-g1-L5p3-n3-beta2__N0048__Aplus_0p005,hm-a10-g1-L5p3-n3-beta2,48,-0.005,38,4.195833333333333,9.998084695467776,9.999537875580266
hm-a10-g1-L5p3-n3-beta2__N0048__Aminus_0p005,hm-a10-g1-L5p3-n3-beta2__N0048__Aplus_0p005,hm-a10-g1-L5p3-n3-beta2,48,-0.005,39,4.3062499999999995,9.999022462824403,9.999763764426117
hm-a10-g1-L5p3-n3-beta2__N0048__Aminus_0p005,hm-a10-g1-L5p3-n3-beta2__N0048__Aplus_0p005,hm-a10-g1-L5p3-n3-beta2,48,-0.005,40,4.416666666666666,9.99999784478569,9.99999869110269
hm-a10-g1-L5p3-n3-beta2__N0048__Aminus_0p005,hm-a10-g1-L5p3-n3-beta2__N0048__Aplus_0p005,hm-a10-g1-L5p3-n3-beta2,48,-0.005,41,4.527083333333334,10.000973365909212,10.000233628097423
hm-a10-g1-L5p3-n3-beta2__N0048__Aminus_0p005,hm-a10-g1-L5p3-n3-beta2__N0048__Aplus_0p005,hm-a10-g1-L5p3-n3-beta2,48,-0.005,42,4.6375,10.001911529566353,10.000459546326908
hm-a10-g1-L5p3-n3-beta2__N0048__Aminus_0p005,hm-a10-g1-L5p3-n3-beta2__N0048__Aplus_0p005,hm-a10-g1-L5p3-n3-beta2,48,-0.005,43,4.747916666666667,10.002776260115526,10.00066776220865
hm-a10-g1-L5p3-n3-beta2__N0048__Aminus_0p005,hm-a10-g1-L5p3-n3-beta2__N0048__Aplus_0p005,hm-a10-g1-L5p3-n3-beta2,48,-0.005,44,4.858333333333333,10.003534292697625,10.000850271620683
hm-a10-g1-L5p3-n3-beta2__N0048__Aminus_0p005,hm-a10-g1-L5p3-n3-beta2__N0048__Aplus_0p005,hm-a10-g1-L5p3-n3-beta2,48,-0.005,45,4.96875,10.00415645672351,10.001000057876444
hm-a10-g1-L5p3-n3-beta2__N0048__Aminus_0p005,hm-a10-g1-L5p3-n3-beta2__N0048__Aplus_0p005,hm-a10-g1-L5p3-n3-beta2,48,-0.005,46,5.079166666666667,10.00461880294779,10.001111361821605
hm-a10-g1-L5p3-n3-beta2__N0048__Aminus_0p005,hm-a10-g1-L5p3-n3-beta2__N0048__Aplus_0p005,hm-a10-g1-L5p3-n3-beta2,48,-0.005,47,5.189583333333333,10.004903529892205,10.001179903604774
hm-a10-g1-L5p3-n3-beta2__N0048__Aminus_0p005,hm-a10-g1-L5p3-n3-beta2__N0048__Aplus_0p005,hm-a10-g1-L5p3-n3-beta2,48,-0.005,48,5.3,10.004999673091845,10.00120304753099
hm-a10-g1-L5p3-n3-beta2__N0048__Aminus_0p0025,hm-a10-g1-L5p3-n3-beta2__N0048__Aplus_0p0025,hm-a10-g1-L5p3-n3-beta2,48,-0.0025,0,0.0,9.997499918227177,9.999397596225913
hm-a10-g1-L5p3-n3-beta2__N0048__Aminus_0p0025,hm-a10-g1-L5p3-n3-beta2__N0048__Aplus_0p0025,hm-a10-g1-L5p3-n3-beta2,48,-0.0025,1,0.11041666666666666,9.997547937633456,9.999409164319442
hm-a10-g1-L5p3-n3-beta2__N0048__Aminus_0p0025,hm-a10-g1-L5p3-n3-beta2__N0048__Aplus_0p0025,hm-a10-g1-L5p3-n3-beta2,48,-0.0025,2,0.22083333333333333,9.997690152472453,9.999443424191446
hm-a10-g1-L5p3-n3-beta2__N0048__Aminus_0p0025,hm-a10-g1-L5p3-n3-beta2__N0048__Aplus_0p0025,hm-a10-g1-L5p3-n3-beta2,48,-0.0025,3,0.33125,9.997921103143566,9.99949905967221
hm-a10-g1-L5p3-n3-beta2__N0048__Aminus_0p0025,hm-a10-g1-L5p3-n3-beta2__N0048__Aplus_0p0025,hm-a10-g1-L5p3-n3-beta2,48,-0.0025,4,0.44166666666666665,9.998231922777173,9.999573933346937
hm-a10-g1-L5p3-n3-beta2__N0048__Aminus_0p0025,hm-a10-g1-L5p3-n3-beta2__N0048__Aplus_0p0025,hm-a10-g1-L5p3-n3-beta2,48,-0.0025,5,0.5520833333333333,9.998610676699776,9.99966516860018
hm-a10-g1-L5p3-n3-beta2__N0048__Aminus_0p0025,hm-a10-g1-L5p3-n3-beta2__N0048__Aplus_0p0025,hm-a10-g1-L5p3-n3-beta2,48,-0.0025,6,0.6625,9.999042819562332,9.999769260050245
hm-a10-g1-L5p3-n3-beta2__N0048__Aminus_0p0025,hm-a10-g1-L5p3-n3-beta2__N0048__Aplus_0p0025,hm-a10-g1-L5p3-n3-beta2,48,-0.0025,7,0.7729166666666667,9.99951175279502,9.999882208146708
hm-a10-g1-L5p3-n3-beta2__N0048__Aminus_0p0025,hm-a10-g1-L5p3-n3-beta2__N0048__Aplus_0p0025,hm-a10-g1-L5p3-n3-beta2,48,-0.0025,8,0.8833333333333333,9.999999461196305,9.99999967277565
hm-a10-g1-L5p3-n3-beta2__N0048__Aminus_0p0025,hm-a10-g1-L5p3-n3-beta2__N0048__Aplus_0p0025,hm-a10-g1-L5p3-n3-beta2,48,-0.0025,9,0.9937499999999999,10.00048720438815,10.00011713998413
hm-a10-g1-L5p3-n3-beta2__N0048__Aminus_0p0025,hm-a10-g1-L5p3-n3-beta2__N0048__Aplus_0p0025,hm-a10-g1-L5p3-n3-beta2,48,-0.0025,10,1.1041666666666665,10.000956236695965,10.000230095426502
hm-a10-g1-L5p3-n3-beta2__N0048__Aminus_0p0025,hm-a10-g1-L5p3-n3-beta2__N0048__Aplus_0p0025,hm-a10-g1-L5p3-n3-beta2,48,-0.0025,11,1.2145833333333333,10.001388527834926,10.000334197870496
hm-a10-g1-L5p3-n3-beta2__N0048__Aminus_0p0025,hm-a10-g1-L5p3-n3-beta2__N0048__Aplus_0p0025,hm-a10-g1-L5p3-n3-beta2,48,-0.0025,12,1.325,10.001767456661478,10.00042544609196
hm-a10-g1-L5p3-n3-beta2__N0048__Aminus_0p0025,hm-a10-g1-L5p3-n3-beta2__N0048__Aplus_0p0025,hm-a10-g1-L5p3-n3-beta2,48,-0.0025,13,1.4354166666666666,10.002078451199036,10.000500332734907
hm-a10-g1-L5p3-n3-beta2__N0048__Aminus_0p0025,hm-a10-g1-L5p3-n3-beta2__N0048__Aplus_0p0025,hm-a10-g1-L5p3-n3-beta2,48,-0.0025,14,1.5458333333333334,10.002309550146562,10.000555979209599
hm-a10-g1-L5p3-n3-beta2__N0048__Aminus_0p0025,hm-a10-g1-L5p3-n3-beta2__N0048__Aplus_0p0025,hm-a10-g1-L5p3-n3-beta2,48,-0.0025,15,1.65625,10.002451864060694,10.00059024642751
hm-a10-g1-L5p3-n3-beta2__N0048__Aminus_0p0025,hm-a10-g1-L5p3-n3-beta2__N0048__Aplus_0p0025,hm-a10-g1-L5p3-n3-beta2,48,-0.0025,16,1.7666666666666666,10.00249991825754,10.000601817100579
hm-a10-g1-L5p3-n3-beta2__N0048__Aminus_0p0025,hm-a10-g1-L5p3-n3-beta2__N0048__Aplus_0p0025,hm-a10-g1-L5p3-n3-beta2,48,-0.0025,17,1.8770833333333332,10.002451864060712,10.00059024642751
hm-a10-g1-L5p3-n3-beta2__N0048__Aminus_0p0025,hm-a10-g1-L5p3-n3-beta2__N0048__Aplus_0p0025,hm-a10-g1-L5p3-n3-beta2,48,-0.0025,18,1.9874999999999998,10.002309550146594,10.0005559792096
hm-a10-g1-L5p3-n3-beta2__N0048__Aminus_0p0025,hm-a10-g1-L5p3-n3-beta2__N0048__Aplus_0p0025,hm-a10-g1-L5p3-n3-beta2,48,-0.0025,19,2.0979166666666664,10.002078451199079,10.000500332734909
hm-a10-g1-L5p3-n3-beta2__N0048__Aminus_0p0025,hm-a10-g1-L5p3-n3-beta2__N0048__Aplus_0p0025,hm-a10-g1-L5p3-n3-beta2,48,-0.0025,20,2.208333333333333,10.00176745666153,10.000425446091961
hm-a10-g1-L5p3-n3-beta2__N0048__Aminus_0p0025,hm-a10-g1-L5p3-n3-beta2__N0048__Aplus_0p0025,hm-a10-g1-L5p3-n3-beta2,48,-0.0025,21,2.31875,10.001388527834983,10.000334197870496
hm-a10-g1-L5p3-n3-beta2__N0048__Aminus_0p0025,hm-a10-g1-L5p3-n3-beta2__N0048__Aplus_0p0025,hm-a10-g1-L5p3-n3-beta2,48,-0.0025,22,2.4291666666666667,10.00095623669602,10.0002300954265
hm-a10-g1-L5p3-n3-beta2__N0048__Aminus_0p0025,hm-a10-g1-L5p3-n3-beta2__N0048__Aplus_0p0025,hm-a10-g1-L5p3-n3-beta2,48,-0.0025,23,2.5395833333333333,10.000487204388198,10.000117139984127
hm-a10-g1-L5p3-n3-beta2__N0048__Aminus_0p0025,hm-a10-g1-L5p3-n3-beta2__N0048__Aplus_0p0025,hm-a10-g1-L5p3-n3-beta2,48,-0.0025,24,2.65,9.999999461196342,9.999999672775644
hm-a10-g1-L5p3-n3-beta2__N0048__Aminus_0p0025,hm-a10-g1-L5p3-n3-beta2__N0048__Aplus_0p0025,hm-a10-g1-L5p3-n3-beta2,48,-0.0025,25,2.7604166666666665,9.99951175279504,9.999882208146703
hm-a10-g1-L5p3-n3-beta2__N0048__Aminus_0p0025,hm-a10-g1-L5p3-n3-beta2__N0048__Aplus_0p0025,hm-a10-g1-L5p3-n3-beta2,48,-0.0025,26,2.870833333333333,9.999042819562336,9.999769260050238
hm-a10-g1-L5p3-n3-beta2__N0048__Aminus_0p0025,hm-a10-g1-L5p3-n3-beta2__N0048__Aplus_0p0025,hm-a10-g1-L5p3-n3-beta2,48,-0.0025,27,2.9812499999999997,9.998610676699759,9.999665168600172
hm-a10-g1-L5p3-n3-beta2__N0048__Aminus_0p0025,hm-a10-g1-L5p3-n3-beta2__N0048__Aplus_0p0025,hm-a10-g1-L5p3-n3-beta2,48,-0.0025,28,3.091666666666667,9.998231922777135,9.999573933346928
hm-a10-g1-L5p3-n3-beta2__N0048__Aminus_0p0025,hm-a10-g1-L5p3-n3-beta2__N0048__Aplus_0p0025,hm-a10-g1-L5p3-n3-beta2,48,-0.0025,29,3.2020833333333334,9.99792110314351,9.999499059672202
hm-a10-g1-L5p3-n3-beta2__N0048__Aminus_0p0025,hm-a10-g1-L5p3-n3-beta2__N0048__Aplus_0p0025,hm-a10-g1-L5p3-n3-beta2,48,-0.0025,30,3.3125,9.997690152472382,9.999443424191435
hm-a10-g1-L5p3-n3-beta2__N0048__Aminus_0p0025,hm-a10-g1-L5p3-n3-beta2__N0048__Aplus_0p0025,hm-a10-g1-L5p3-n3-beta2,48,-0.0025,31,3.4229166666666666,9.997547937633374,9.99940916431943
hm-a10-g1-L5p3-n3-beta2__N0048__Aminus_0p0025,hm-a10-g1-L5p3-n3-beta2__N0048__Aplus_0p0025,hm-a10-g1-L5p3-n3-beta2,48,-0.0025,32,3.533333333333333,9.99749991822709,9.9993975962259
hm-a10-g1-L5p3-n3-beta2__N0048__Aminus_0p0025,hm-a10-g1-L5p3-n3-beta2__N0048__Aplus_0p0025,hm-a10-g1-L5p3-n3-beta2,48,-0.0025,33,3.64375,9.99754793763337,9.999409164319431
hm-a10-g1-L5p3-n3-beta2__N0048__Aminus_0p0025,hm-a10-g1-L5p3-n3-beta2__N0048__Aplus_0p0025,hm-a10-g1-L5p3-n3-beta2,48,-0.0025,34,3.7541666666666664,9.997690152472373,9.999443424191437
hm-a10-g1-L5p3-n3-beta2__N0048__Aminus_0p0025,hm-a10-g1-L5p3-n3-beta2__N0048__Aplus_0p0025,hm-a10-g1-L5p3-n3-beta2,48,-0.0025,35,3.864583333333333,9.997921103143497,9.999499059672203
hm-a10-g1-L5p3-n3-beta2__N0048__Aminus_0p0025,hm-a10-g1-L5p3-n3-beta2__N0048__Aplus_0p0025,hm-a10-g1-L5p3-n3-beta2,48,-0.0025,36,3.9749999999999996,9.998231922777123,9.999573933346932
hm-a10-g1-L5p3-n3-beta2__N0048__Aminus_0p0025,hm-a10-g1-L5p3-n3-beta2__N0048__Aplus_0p0025,hm-a10-g1-L5p3-n3-beta2,48,-0.0025,37,4.085416666666666,9.998610676699748,9.999665168600178
hm-a10-g1-L5p3-n3-beta2__N0048__Aminus_0p0025,hm-a10-g1-L5p3-n3-beta2__N0048__Aplus_0p0025,hm-a10-g1-L5p3-n3-beta2,48,-0.0025,38,4.195833333333333,9.999042819562328,9.999769260050247
hm-a10-g1-L5p3-n3-beta2__N0048__Aminus_0p0025,hm-a10-g1-L5p3-n3-beta2__N0048__Aplus_0p0025,hm-a10-g1-L5p3-n3-beta2,48,-0.0025,39,4.3062499999999995,9.99951175279504,9.999882208146714
hm-a10-g1-L5p3-n3-beta2__N0048__Aminus_0p0025,hm-a10-g1-L5p3-n3-beta2__N0048__Aplus_0p0025,hm-a10-g1-L5p3-n3-beta2,48,-0.0025,40,4.416666666666666,9.999999461196355,9.999999672775658
hm-a10-g1-L5p3-n3-beta2__N0048__Aminus_0p0025,hm-a10-g1-L5p3-n3-beta2__N0048__Aplus_0p0025,hm-a10-g1-L5p3-n3-beta2,48,-0.0025,41,4.527083333333334,10.000487204388223,10.000117139984141
hm-a10-g1-L5p3-n3-beta2__N0048__Aminus_0p0025,hm-a10-g1-L5p3-n3-beta2__N0048__Aplus_0p0025,hm-a10-g1-L5p3-n3-beta2,48,-0.0025,42,4.6375,10.000956236696059,10.000230095426518
hm-a10-g1-L5p3-n3-beta2__N0048__Aminus_0p0025,hm-a10-g1-L5p3-n3-beta2__N0048__Aplus_0p0025,hm-a10-g1-L5p3-n3-beta2,48,-0.0025,43,4.747916666666667,10.001388527835038,10.000334197870513
hm-a10-g1-L5p3-n3-beta2__N0048__Aminus_0p0025,hm-a10-g1-L5p3-n3-beta2__N0048__Aplus_0p0025,hm-a10-g1-L5p3-n3-beta2,48,-0.0025,44,4.858333333333333,10.001767456661602,10.000425446091983
hm-a10-g1-L5p3-n3-beta2__N0048__Aminus_0p0025,hm-a10-g1-L5p3-n3-beta2__N0048__Aplus_0p0025,hm-a10-g1-L5p3-n3-beta2,48,-0.0025,45,4.96875,10.002078451199168,10.000500332734934
hm-a10-g1-L5p3-n3-beta2__N0048__Aminus_0p0025,hm-a10-g1-L5p3-n3-beta2__N0048__Aplus_0p0025,hm-a10-g1-L5p3-n3-beta2,48,-0.0025,46,5.079166666666667,10.002309550146695,10.000555979209627
hm-a10-g1-L5p3-n3-beta2__N0048__Aminus_0p0025,hm-a10-g1-L5p3-n3-beta2__N0048__Aplus_0p0025,hm-a10-g1-L5p3-n3-beta2,48,-0.0025,47,5.189583333333333,10.002451864060825,10.000590246427542
hm-a10-g1-L5p3-n3-beta2__N0048__Aminus_0p0025,hm-a10-g1-L5p3-n3-beta2__N0048__Aplus_0p0025,hm-a10-g1-L5p3-n3-beta2,48,-0.0025,48,5.3,10.002499918257662,10.00060181710061
hm-a10-g1-L5p3-n3-beta2__N0048__Aplus_0p0025,hm-a10-g1-L5p3-n3-beta2__N0048__Aminus_0p0025,hm-a10-g1-L5p3-n3-beta2,48,0.0025,0,0.0,10.002499918257655,10.000601817100595
hm-a10-g1-L5p3-n3-beta2__N0048__Aplus_0p0025,hm-a10-g1-L5p3-n3-beta2__N0048__Aminus_0p0025,hm-a10-g1-L5p3-n3-beta2,48,0.0025,1,0.11041666666666666,10.002451864060815,10.000590246427524
hm-a10-g1-L5p3-n3-beta2__N0048__Aplus_0p0025,hm-a10-g1-L5p3-n3-beta2__N0048__Aminus_0p0025,hm-a10-g1-L5p3-n3-beta2,48,0.0025,2,0.22083333333333333,10.002309550146682,10.00055597920961
hm-a10-g1-L5p3-n3-beta2__N0048__Aplus_0p0025,hm-a10-g1-L5p3-n3-beta2__N0048__Aminus_0p0025,hm-a10-g1-L5p3-n3-beta2,48,0.0025,3,0.33125,10.002078451199148,10.000500332734914
hm-a10-g1-L5p3-n3-beta2__N0048__Aplus_0p0025,hm-a10-g1-L5p3-n3-beta2__N0048__Aminus_0p0025,hm-a10-g1-L5p3-n3-beta2,48,0.0025,4,0.44166666666666665,10.001767456661577,10.000425446091963
hm-a10-g1-L5p3-n3-beta2__N0048__Aplus_0p0025,hm-a10-g1-L5p3-n3-beta2__N0048__Aminus_0p0025,hm-a10-g1-L5p3-n3-beta2,48,0.0025,5,0.5520833333333333,10.001388527835005,10.000334197870496
hm-a10-g1-L5p3-n3-beta2__N0048__Aplus_0p0025,hm-a10-g1-L5p3-n3-beta2__N0048__Aminus_0p0025,hm-a10-g1-L5p3-n3-beta2,48,0.0025,6,0.6625,10.000956236696018,10.000230095426499
hm-a10-g1-L5p3-n3-beta2__N0048__Aplus_0p0025,hm-a10-g1-L5p3-n3-beta2__N0048__Aminus_0p0025,hm-a10-g1-L5p3-n3-beta2,48,0.0025,7,0.7729166666666667,10.000487204388174,10.000117139984123
hm-a10-g1-L5p3-n3-beta2__N0048__Aplus_0p0025,hm-a10-g1-L5p3-n3-beta2__N0048__Aminus_0p0025,hm-a10-g1-L5p3-n3-beta2,48,0.0025,8,0.8833333333333333,9.999999461196298,9.99999967277564
hm-a10-g1-L5p3-n3-beta2__N0048__Aplus_0p0025,hm-a10-g1-L5p3-n3-beta2__N0048__Aminus_0p0025,hm-a10-g1-L5p3-n3-beta2,48,0.0025,9,0.9937499999999999,9.99951175279498,9.999882208146696
hm-a10-g1-L5p3-n3-beta2__N0048__Aplus_0p0025,hm-a10-g1-L5p3-n3-beta2__N0048__Aminus_0p0025,hm-a10-g1-L5p3-n3-beta2,48,0.0025,10,1.1041666666666665,9.999042819562264,9.999769260050229
hm-a10-g1-L5p3-n3-beta2__N0048__Aplus_0p0025,hm-a10-g1-L5p3-n3-beta2__N0048__Aminus_0p0025,hm-a10-g1-L5p3-n3-beta2,48,0.0025,11,1.2145833333333333,9.998610676699686,9.99966516860016
hm-a10-g1-L5p3-n3-beta2__N0048__Aplus_0p0025,hm-a10-g1-L5p3-n3-beta2__N0048__Aminus_0p0025,hm-a10-g1-L5p3-n3-beta2,48,0.0025,12,1.325,9.998231922777064,9.999573933346912
hm-a10-g1-L5p3-n3-beta2__N0048__Aplus_0p0025,hm-a10-g1-L5p3-n3-beta2__N0048__Aminus_0p0025,hm-a10-g1-L5p3-n3-beta2,48,0.0025,13,1.4354166666666666,9.997921103143444,9.999499059672182
hm-a10-g1-L5p3-n3-beta2__N0048__Aplus_0p0025,hm-a10-g1-L5p3-n3-beta2__N0048__Aminus_0p0025,hm-a10-g1-L5p3-n3-beta2,48,0.0025,14,1.5458333333333334,9.997690152472327,9.999443424191414
hm-a10-g1-L5p3-n3-beta2__N0048__Aplus_0p0025,hm-a10-g1-L5p3-n3-beta2__N0048__Aminus_0p0025,hm-a10-g1-L5p3-n3-beta2,48,0.0025,15,1.65625,9.99754793763333,9.999409164319408
hm-a10-g1-L5p3-n3-beta2__N0048__Aplus_0p0025,hm-a10-g1-L5p3-n3-beta2__N0048__Aminus_0p0025,hm-a10-g1-L5p3-n3-beta2,48,0.0025,16,1.7666666666666666,9.997499918227058,9.99939759622588
hm-a10-g1-L5p3-n3-beta2__N0048__Aplus_0p0025,hm-a10-g1-L5p3-n3-beta2__N0048__Aminus_0p0025,hm-a10-g1-L5p3-n3-beta2,48,0.0025,17,1.8770833333333332,9.997547937633348,9.99940916431941
hm-a10-g1-L5p3-n3-beta2__N0048__Aplus_0p0025,hm-a10-g1-L5p3-n3-beta2__N0048__Aminus_0p0025,hm-a10-g1-L5p3-n3-beta2,48,0.0025,18,1.9874999999999998,9.99769015247236,9.999443424191417
hm-a10-g1-L5p3-n3-beta2__N0048__Aplus_0p0025,hm-a10-g1-L5p3-n3-beta2__N0048__Aminus_0p0025,hm-a10-g1-L5p3-n3-beta2,48,0.0025,19,2.0979166666666664,9.997921103143492,9.999499059672186
hm-a10-g1-L5p3-n3-beta2__N0048__Aplus_0p0025,hm-a10-g1-L5p3-n3-beta2__N0048__Aminus_0p0025,hm-a10-g1-L5p3-n3-beta2,48,0.0025,20,2.208333333333333,9.998231922777121,9.999573933346916
hm-a10-g1-L5p3-n3-beta2__N0048__Aplus_0p0025,hm-a10-g1-L5p3-n3-beta2__N0048__Aminus_0p0025,hm-a10-g1-L5p3-n3-beta2,48,0.0025,21,2.31875,9.998610676699746,9.999665168600163
hm-a10-g1-L5p3-n3-beta2__N0048__Aplus_0p0025,hm-a10-g1-L5p3-n3-beta2__N0048__Aminus_0p0025,hm-a10-g1-L5p3-n3-beta2,48,0.0025,22,2.4291666666666667,9.999042819562323,9.99976926005023
hm-a10-g1-L5p3-n3-beta2__N0048__Aplus_0p0025,hm-a10-g1-L5p3-n3-beta2__N0048__Aminus_0p0025,hm-a10-g1-L5p3-n3-beta2,48,0.0025,23,2.5395833333333333,9.999511752795028,9.999882208146696
hm-a10-g1-L5p3-n3-beta2__N0048__Aplus_0p0025,hm-a10-g1-L5p3-n3-beta2__N0048__Aminus_0p0025,hm-a10-g1-L5p3-n3-beta2,48,0.0025,24,2.65,9.999999461196332,9.999999672775637
hm-a10-g1-L5p3-n3-beta2__N0048__Aplus_0p0025,hm-a10-g1-L5p3-n3-beta2__N0048__Aminus_0p0025,hm-a10-g1-L5p3-n3-beta2,48,0.0025,25,2.7604166666666665,10.000487204388188,10.00011713998412
hm-a10-g1-L5p3-n3-beta2__N0048__Aplus_0p0025,hm-a10-g1-L5p3-n3-beta2__N0048__Aminus_0p0025,hm-a10-g1-L5p3-n3-beta2,48,0.0025,26,2.870833333333333,10.000956236696007,10.000230095426495
hm-a10-g1-L5p3-n3-beta2__N0048__Aplus_0p0025,hm-a10-g1-L5p3-n3-beta2__N0048__Aminus_0p0025,hm-a10-g1-L5p3-n3-beta2,48,0.0025,27,2.9812499999999997,10.00138852783497,10.000334197870492
hm-a10-g1-L5p3-n3-beta2__N0048__Aplus_0p0025,hm-a10-g1-L5p3-n3-beta2__N0048__Aminus_0p0025,hm-a10-g1-L5p3-n3-beta2,48,0.0025,28,3.091666666666667,10.001767456661518,10.000425446091958
hm-a10-g1-L5p3-n3-beta2__N0048__Aplus_0p0025,hm-a10-g1-L5p3-n3-beta2__N0048__Aminus_0p0025,hm-a10-g1-L5p3-n3-beta2,48,0.0025,29,3.2020833333333334,10.002078451199068,10.000500332734909
hm-a10-g1-L5p3-n3-beta2__N0048__Aplus_0p0025,hm-a10-g1-L5p3-n3-beta2__N0048__Aminus_0p0025,hm-a10-g1-L5p3-n3-beta2,48,0.0025,30,3.3125,10.002309550146583,10.000555979209603
hm-a10-g1-L5p3-n3-beta2__N0048__Aplus_0p0025,hm-a10-g1-L5p3-n3-beta2__N0048__Aminus_0p0025,hm-a10-g1-L5p3-n3-beta2,48,0.0025,31,3.4229166666666666,10.002451864060705,10.000590246427516
hm-a10-g1-L5p3-n3-beta2__N0048__Aplus_0p0025,hm-a10-g1-L5p3-n3-beta2__N0048__Aminus_0p0025,hm-a10-g1-L5p3-n3-beta2,48,0.0025,32,3.533333333333333,10.002499918257538,10.000601817100586
hm-a10-g1-L5p3-n3-beta2__N0048__Aplus_0p0025,hm-a10-g1-L5p3-n3-beta2__N0048__Aminus_0p0025,hm-a10-g1-L5p3-n3-beta2,48,0.0025,33,3.64375,10.0024518640607,10.000590246427517
hm-a10-g1-L5p3-n3-beta2__N0048__Aplus_0p0025,hm-a10-g1-L5p3-n3-beta2__N0048__Aminus_0p0025,hm-a10-g1-L5p3-n3-beta2,48,0.0025,34,3.7541666666666664,10.002309550146576,10.000555979209608
hm-a10-g1-L5p3-n3-beta2__N0048__Aplus_0p0025,hm-a10-g1-L5p3-n3-beta2__N0048__Aminus_0p0025,hm-a10-g1-L5p3-n3-beta2,48,0.0025,35,3.864583333333333,10.00207845119906,10.000500332734916
hm-a10-g1-L5p3-n3-beta2__N0048__Aplus_0p0025,hm-a10-g1-L5p3-n3-beta2__N0048__Aminus_0p0025,hm-a10-g1-L5p3-n3-beta2,48,0.0025,36,3.9749999999999996,10.001767456661511,10.000425446091967
hm-a10-g1-L5p3-n3-beta2__N0048__Aplus_0p0025,hm-a10-g1-L5p3-n3-beta2__N0048__Aminus_0p0025,hm-a10-g1-L5p3-n3-beta2,48,0.0025,37,4.085416666666666,10.001388527834967,10.000334197870504
hm-a10-g1-L5p3-n3-beta2__N0048__Aplus_0p0025,hm-a10-g1-L5p3-n3-beta2__N0048__Aminus_0p0025,hm-a10-g1-L5p3-n3-beta2,48,0.0025,38,4.195833333333333,10.000956236696013,10.000230095426513
hm-a10-g1-L5p3-n3-beta2__N0048__Aplus_0p0025,hm-a10-g1-L5p3-n3-beta2__N0048__Aminus_0p0025,hm-a10-g1-L5p3-n3-beta2,48,0.0025,39,4.3062499999999995,10.000487204388204,10.000117139984145
hm-a10-g1-L5p3-n3-beta2__N0048__Aplus_0p0025,hm-a10-g1-L5p3-n3-beta2__N0048__Aminus_0p0025,hm-a10-g1-L5p3-n3-beta2,48,0.0025,40,4.416666666666666,9.999999461196364,9.999999672775665
hm-a10-g1-L5p3-n3-beta2__N0048__Aplus_0p0025,hm-a10-g1-L5p3-n3-beta2__N0048__Aminus_0p0025,hm-a10-g1-L5p3-n3-beta2,48,0.0025,41,4.527083333333334,9.99951175279508,9.999882208146728
hm-a10-g1-L5p3-n3-beta2__N0048__Aplus_0p0025,hm-a10-g1-L5p3-n3-beta2__N0048__Aminus_0p0025,hm-a10-g1-L5p3-n3-beta2,48,0.0025,42,4.6375,9.999042819562394,9.999769260050266
hm-a10-g1-L5p3-n3-beta2__N0048__Aplus_0p0025,hm-a10-g1-L5p3-n3-beta2__N0048__Aminus_0p0025,hm-a10-g1-L5p3-n3-beta2,48,0.0025,43,4.747916666666667,9.998610676699839,9.999665168600202
hm-a10-g1-L5p3-n3-beta2__N0048__Aplus_0p0025,hm-a10-g1-L5p3-n3-beta2__N0048__Aminus_0p0025,hm-a10-g1-L5p3-n3-beta2,48,0.0025,44,4.858333333333333,9.998231922777235,9.99957393334696
hm-a10-g1-L5p3-n3-beta2__N0048__Aplus_0p0025,hm-a10-g1-L5p3-n3-beta2__N0048__Aminus_0p0025,hm-a10-g1-L5p3-n3-beta2,48,0.0025,45,4.96875,9.997921103143629,9.999499059672235
hm-a10-g1-L5p3-n3-beta2__N0048__Aplus_0p0025,hm-a10-g1-L5p3-n3-beta2__N0048__Aminus_0p0025,hm-a10-g1-L5p3-n3-beta2,48,0.0025,46,5.079166666666667,9.997690152472515,9.999443424191469
hm-a10-g1-L5p3-n3-beta2__N0048__Aplus_0p0025,hm-a10-g1-L5p3-n3-beta2__N0048__Aminus_0p0025,hm-a10-g1-L5p3-n3-beta2,48,0.0025,47,5.189583333333333,9.997547937633517,9.999409164319466
hm-a10-g1-L5p3-n3-beta2__N0048__Aplus_0p0025,hm-a10-g1-L5p3-n3-beta2__N0048__Aminus_0p0025,hm-a10-g1-L5p3-n3-beta2,48,0.0025,48,5.3,9.99749991822724,9.999397596225936
hm-a10-g1-L5p3-n3-beta2__N0048__Aplus_0p005,hm-a10-g1-L5p3-n3-beta2__N0048__Aminus_0p005,hm-a10-g1-L5p3-n3-beta2,48,0.005,0,0.0,10.004999673091808,10.001203047530973
hm-a10-g1-L5p3-n3-beta2__N0048__Aplus_0p005,hm-a10-g1-L5p3-n3-beta2__N0048__Aminus_0p005,hm-a10-g1-L5p3-n3-beta2,48,0.005,1,0.11041666666666666,10.004903529892166,10.001179903604758
hm-a10-g1-L5p3-n3-beta2__N0048__Aplus_0p005,hm-a10-g1-L5p3-n3-beta2__N0048__Aminus_0p005,hm-a10-g1-L5p3-n3-beta2,48,0.005,2,0.22083333333333333,10.004618802947752,10.00111136182159
hm-a10-g1-L5p3-n3-beta2__N0048__Aplus_0p005,hm-a10-g1-L5p3-n3-beta2__N0048__Aminus_0p005,hm-a10-g1-L5p3-n3-beta2,48,0.005,3,0.33125,10.00415645672347,10.001000057876427
hm-a10-g1-L5p3-n3-beta2__N0048__Aplus_0p005,hm-a10-g1-L5p3-n3-beta2__N0048__Aminus_0p005,hm-a10-g1-L5p3-n3-beta2,48,0.005,4,0.44166666666666665,10.003534292697582,10.000850271620667
hm-a10-g1-L5p3-n3-beta2__N0048__Aplus_0p005,hm-a10-g1-L5p3-n3-beta2__N0048__Aminus_0p005,hm-a10-g1-L5p3-n3-beta2,48,0.005,5,0.5520833333333333,10.00277626011548,10.000667762208634
hm-a10-g1-L5p3-n3-beta2__N0048__Aplus_0p005,hm-a10-g1-L5p3-n3-beta2__N0048__Aminus_0p005,hm-a10-g1-L5p3-n3-beta2,48,0.005,6,0.6625,10.001911529566307,10.000459546326894
hm-a10-g1-L5p3-n3-beta2__N0048__Aplus_0p005,hm-a10-g1-L5p3-n3-beta2__N0048__Aminus_0p005,hm-a10-g1-L5p3-n3-beta2,48,0.005,7,0.7729166666666667,10.000973365909164,10.00023362809741
hm-a10-g1-L5p3-n3-beta2__N0048__Aplus_0p005,hm-a10-g1-L5p3-n3-beta2__N0048__Aminus_0p005,hm-a10-g1-L5p3-n3-beta2,48,0.005,8,0.8833333333333333,9.999997844785643,9.999998691102677
hm-a10-g1-L5p3-n3-beta2__N0048__Aplus_0p005,hm-a10-g1-L5p3-n3-beta2__N0048__Aminus_0p005,hm-a10-g1-L5p3-n3-beta2,48,0.005,9,0.9937499999999999,9.999022462824357,9.999763764426104
hm-a10-g1-L5p3-n3-beta2__N0048__Aplus_0p005,hm-a10-g1-L5p3-n3-beta2__N0048__Aminus_0p005,hm-a10-g1-L5p3-n3-beta2,48,0.005,10,1.1041666666666665,9.998084695467732,9.999537875580256
hm-a10-g1-L5p3-n3-beta2__N0048__Aplus_0p005,hm-a10-g1-L5p3-n3-beta2__N0048__Aminus_0p005,hm-a10-g1-L5p3-n3-beta2,48,0.005,11,1.2145833333333333,9.997220558024205,9.999329703674233
hm-a10-g1-L5p3-n3-beta2__N0048__Aplus_0p005,hm-a10-g1-L5p3-n3-beta2__N0048__Aminus_0p005,hm-a10-g1-L5p3-n3-beta2,48,0.005,12,1.325,9.996463225057926,9.999147246135095
hm-a10-g1-L5p3-n3-beta2__N0048__Aplus_0p005,hm-a10-g1-L5p3-n3-beta2__N0048__Aminus_0p005,hm-a10-g1-L5p3-n3-beta2,48,0.005,13,1.4354166666666666,9.995841760647874,9.99899751175223
hm-a10-g1-L5p3-n3-beta2__N0048__Aplus_0p005,hm-a10-g1-L5p3-n3-beta2__N0048__Aminus_0p005,hm-a10-g1-L5p3-n3-beta2,48,0.005,14,1.5458333333333334,9.995380007529267,9.998886251782782
hm-a10-g1-L5p3-n3-beta2__N0048__Aplus_0p005,hm-a10-g1-L5p3-n3-beta2__N0048__Aminus_0p005,hm-a10-g1-L5p3-n3-beta2,48,0.005,15,1.65625,9.995095676885402,9.998817739383247
hm-a10-g1-L5p3-n3-beta2__N0048__Aplus_0p005,hm-a10-g1-L5p3-n3-beta2__N0048__Aminus_0p005,hm-a10-g1-L5p3-n3-beta2,48,0.005,16,1.7666666666666666,9.99499967284801,9.99879460577519
hm-a10-g1-L5p3-n3-beta2__N0048__Aplus_0p005,hm-a10-g1-L5p3-n3-beta2__N0048__Aminus_0p005,hm-a10-g1-L5p3-n3-beta2,48,0.005,17,1.8770833333333332,9.995095676885413,9.998817739383247
hm-a10-g1-L5p3-n3-beta2__N0048__Aplus_0p005,hm-a10-g1-L5p3-n3-beta2__N0048__Aminus_0p005,hm-a10-g1-L5p3-n3-beta2,48,0.005,18,1.9874999999999998,9.99538000752929,9.99888625178278
hm-a10-g1-L5p3-n3-beta2__N0048__Aplus_0p005,hm-a10-g1-L5p3-n3-beta2__N0048__Aminus_0p005,hm-a10-g1-L5p3-n3-beta2,48,0.005,19,2.0979166666666664,9.995841760647904,9.998997511752226
hm-a10-g1-L5p3-n3-beta2__N0048__Aplus_0p005,hm-a10-g1-L5p3-n3-beta2__N0048__Aminus_0p005,hm-a10-g1-L5p3-n3-beta2,48,0.005,20,2.208333333333333,9.996463225057962,9.99914724613509
hm-a10-g1-L5p3-n3-beta2__N0048__Aplus_0p005,hm-a10-g1-L5p3-n3-beta2__N0048__Aminus_0p005,hm-a10-g1-L5p3-n3-beta2,48,0.005,21,2.31875,9.99722055802424,9.999329703674226
hm-a10-g1-L5p3-n3-beta2__N0048__Aplus_0p005,hm-a10-g1-L5p3-n3-beta2__N0048__Aminus_0p005,hm-a10-g1-L5p3-n3-beta2,48,0.005,22,2.4291666666666667,9.998084695467766,9.999537875580248
hm-a10-g1-L5p3-n3-beta2__N0048__Aplus_0p005,hm-a10-g1-L5p3-n3-beta2__N0048__Aminus_0p005,hm-a10-g1-L5p3-n3-beta2,48,0.005,23,2.5395833333333333,9.999022462824382,9.999763764426095
hm-a10-g1-L5p3-n3-beta2__N0048__Aplus_0p005,hm-a10-g1-L5p3-n3-beta2__N0048__Aminus_0p005,hm-a10-g1-L5p3-n3-beta2,48,0.005,24,2.65,9.999997844785655,9.999998691102665
hm-a10-g1-L5p3-n3-beta2__N0048__Aplus_0p005,hm-a10-g1-L5p3-n3-beta2__N0048__Aminus_0p005,hm-a10-g1-L5p3-n3-beta2,48,0.005,25,2.7604166666666665,10.00097336590916,10.000233628097398
hm-a10-g1-L5p3-n3-beta2__N0048__Aplus_0p005,hm-a10-g1-L5p3-n3-beta2__N0048__Aminus_0p005,hm-a10-g1-L5p3-n3-beta2,48,0.005,26,2.870833333333333,10.001911529566286,10.00045954632688
hm-a10-g1-L5p3-n3-beta2__N0048__Aplus_0p005,hm-a10-g1-L5p3-n3-beta2__N0048__Aminus_0p005,hm-a10-g1-L5p3-n3-beta2,48,0.005,27,2.9812499999999997,10.00277626011544,10.000667762208622
hm-a10-g1-L5p3-n3-beta2__N0048__Aplus_0p005,hm-a10-g1-L5p3-n3-beta2__N0048__Aminus_0p005,hm-a10-g1-L5p3-n3-beta2,48,0.005,28,3.091666666666667,10.003534292697521,10.000850271620653
hm-a10-g1-L5p3-n3-beta2__N0048__Aplus_0p005,hm-a10-g1-L5p3-n3-beta2__N0048__Aminus_0p005,hm-a10-g1-L5p3-n3-beta2,48,0.005,29,3.2020833333333334,10.004156456723392,10.001000057876412
hm-a10-g1-L5p3-n3-beta2__N0048__Aplus_0p005,hm-a10-g1-L5p3-n3-beta2__N0048__Aminus_0p005,hm-a10-g1-L5p3-n3-beta2,48,0.005,30,3.3125,10.00461880294766,10.001111361821573
hm-a10-g1-L5p3-n3-beta2__N0048__Aplus_0p005,hm-a10-g1-L5p3-n3-beta2__N0048__Aminus_0p005,hm-a10-g1-L5p3-n3-beta2,48,0.005,31,3.4229166666666666,10.004903529892067,10.001179903604742
hm-a10-g1-L5p3-n3-beta2__N0048__Aplus_0p005,hm-a10-g1-L5p3-n3-beta2__N0048__Aminus_0p005,hm-a10-g1-L5p3-n3-beta2,48,0.005,32,3.533333333333333,10.004999673091705,10.001203047530959
hm-a10-g1-L5p3-n3-beta2__N0048__Aplus_0p005,hm-a10-g1-L5p3-n3-beta2__N0048__Aminus_0p005,hm-a10-g1-L5p3-n3-beta2,48,0.005,33,3.64375,10.004903529892067,10.001179903604744
hm-a10-g1-L5p3-n3-beta2__N0048__Aplus_0p005,hm-a10-g1-L5p3-n3-beta2__N0048__Aminus_0p005,hm-a10-g1-L5p3-n3-beta2,48,0.005,34,3.7541666666666664,10.004618802947661,10.001111361821579
hm-a10-g1-L5p3-n3-beta2__N0048__Aplus_0p005,hm-a10-g1-L5p3-n3-beta2__N0048__Aminus_0p005,hm-a10-g1-L5p3-n3-beta2,48,0.005,35,3.864583333333333,10.004156456723395,10.001000057876418
hm-a10-g1-L5p3-n3-beta2__N0048__Aplus_0p005,hm-a10-g1-L5p3-n3-beta2__N0048__Aminus_0p005,hm-a10-g1-L5p3-n3-beta2,48,0.005,36,3.9749999999999996,10.003534292697529,10.00085027162066
hm-a10-g1-L5p3-n3-beta2__N0048__Aplus_0p005,hm-a10-g1-L5p3-n3-beta2__N0048__Aminus_0p005,hm-a10-g1-L5p3-n3-beta2,48,0.005,37,4.085416666666666,10.002776260115452,10.000667762208632
hm-a10-g1-L5p3-n3-beta2__N0048__Aplus_0p005,hm-a10-g1-L5p3-n3-beta2__N0048__Aminus_0p005,hm-a10-g1-L5p3-n3-beta2,48,0.005,38,4.195833333333333,10.001911529566305,10.000459546326898
hm-a10-g1-L5p3-n3-beta2__N0048__Aplus_0p005,hm-a10-g1-L5p3-n3-beta2__N0048__Aminus_0p005,hm-a10-g1-L5p3-n3-beta2,48,0.005,39,4.3062499999999995,10.000973365909191,10.00023362809742
hm-a10-g1-L5p3-n3-beta2__N0048__Aplus_0p005,hm-a10-g1-L5p3-n3-beta2__N0048__Aminus_0p005,hm-a10-g1-L5p3-n3-beta2,48,0.005,40,4.416666666666666,9.999997844785696,9.999998691102691
hm-a10-g1-L5p3-n3-beta2__N0048__Aplus_0p005,hm-a10-g1-L5p3-n3-beta2__N0048__Aminus_0p005,hm-a10-g1-L5p3-n3-beta2,48,0.005,41,4.527083333333334,9.999022462824437,9.999763764426122
hm-a10-g1-L5p3-n3-beta2__N0048__Aplus_0p005,hm-a10-g1-L5p3-n3-beta2__N0048__Aminus_0p005,hm-a10-g1-L5p3-n3-beta2,48,0.005,42,4.6375,9.998084695467837,9.99953787558028
hm-a10-g1-L5p3-n3-beta2__N0048__Aplus_0p005,hm-a10-g1-L5p3-n3-beta2__N0048__Aminus_0p005,hm-a10-g1-L5p3-n3-beta2,48,0.005,43,4.747916666666667,9.997220558024328,9.999329703674261
hm-a10-g1-L5p3-n3-beta2__N0048__Aplus_0p005,hm-a10-g1-L5p3-n3-beta2__N0048__Aminus_0p005,hm-a10-g1-L5p3-n3-beta2,48,0.005,44,4.858333333333333,9.996463225058065,9.999147246135129
hm-a10-g1-L5p3-n3-beta2__N0048__Aplus_0p005,hm-a10-g1-L5p3-n3-beta2__N0048__Aminus_0p005,hm-a10-g1-L5p3-n3-beta2,48,0.005,45,4.96875,9.995841760648021,9.998997511752268
hm-a10-g1-L5p3-n3-beta2__N0048__Aplus_0p005,hm-a10-g1-L5p3-n3-beta2__N0048__Aminus_0p005,hm-a10-g1-L5p3-n3-beta2,48,0.005,46,5.079166666666667,9.995380007529421,9.998886251782823
hm-a10-g1-L5p3-n3-beta2__N0048__Aplus_0p005,hm-a10-g1-L5p3-n3-beta2__N0048__Aminus_0p005,hm-a10-g1-L5p3-n3-beta2,48,0.005,47,5.189583333333333,9.995095676885555,9.998817739383293
hm-a10-g1-L5p3-n3-beta2__N0048__Aplus_0p005,hm-a10-g1-L5p3-n3-beta2__N0048__Aminus_0p005,hm-a10-g1-L5p3-n3-beta2,48,0.005,48,5.3,9.994999672848161,9.998794605775236
hm-a10-g1-L5p3-n3-beta2__N0048__Aplus_0p01,hm-a10-g1-L5p3-n3-beta2__N0048__Aminus_0p01,hm-a10-g1-L5p3-n3-beta2,48,0.01,0,0.0,10.00999869285431,10.002403748391638
hm-a10-g1-L5p3-n3-beta2__N0048__Aplus_0p01,hm-a10-g1-L5p3-n3-beta2__N0048__Aminus_0p01,hm-a10-g1-L5p3-n3-beta2,48,0.01,1,0.11041666666666666,10.009806267169429,10.002357450216733
hm-a10-g1-L5p3-n3-beta2__N0048__Aplus_0p01,hm-a10-g1-L5p3-n3-beta2__N0048__Aminus_0p01,hm-a10-g1-L5p3-n3-beta2,48,0.01,2,0.22083333333333333,10.009236416651557,10.002220337255283
hm-a10-g1-L5p3-n3-beta2__N0048__Aplus_0p01,hm-a10-g1-L5p3-n3-beta2__N0048__Aminus_0p01,hm-a10-g1-L5p3-n3-beta2,48,0.01,3,0.33125,10.008311130674366,10.001997685374455
hm-a10-g1-L5p3-n3-beta2__N0048__Aplus_0p01,hm-a10-g1-L5p3-n3-beta2__N0048__Aminus_0p01,hm-a10-g1-L5p3-n3-beta2,48,0.01,4,0.44166666666666665,10.007066102631828,10.00169806097693
hm-a10-g1-L5p3-n3-beta2__N0048__Aplus_0p01,hm-a10-g1-L5p3-n3-beta2__N0048__Aminus_0p01,hm-a10-g1-L5p3-n3-beta2,48,0.01,5,0.5520833333333333,10.005549337651177,10.00133299027294
hm-a10-g1-L5p3-n3-beta2__N0048__Aplus_0p01,hm-a10-g1-L5p3-n3-beta2__N0048__Aminus_0p01,hm-a10-g1-L5p3-n3-beta2,48,0.01,6,0.6625,10.003819283488363,10.00091651453516
hm-a10-g1-L5p3-n3-beta2__N0048__Aplus_0p01,hm-a10-g1-L5p3-n3-beta2__N0048__Aminus_0p01,hm-a10-g1-L5p3-n3-beta2,48,0.01,7,0.7729166666666667,10.001942560142561,10.000464648701936
hm-a10-g1-L5p3-n3-beta2__N0048__Aplus_0p01,hm-a10-g1-L5p3-n3-beta2__N0048__Aminus_0p01,hm-a10-g1-L5p3-n3-beta2,48,0.01,8,0.8833333333333333,9.999991379139358,9.999994764408482
hm-a10-g1-L5p3-n3-beta2__N0048__Aplus_0p01,hm-a10-g1-L5p3-n3-beta2__N0048__Aminus_0p01,hm-a10-g1-L5p3-n3-beta2,48,0.01,9,0.9937499999999999,9.998040754785269,9.999524921387687
hm-a10-g1-L5p3-n3-beta2__N0048__Aplus_0p01,hm-a10-g1-L5p3-n3-beta2__N0048__Aminus_0p01,hm-a10-g1-L5p3-n3-beta2,48,0.01,10,1.1041666666666665,9.996165616642068,9.999073173089053
hm-a10-g1-L5p3-n3-beta2__N0048__Aplus_0p01,hm-a10-g1-L5p3-n3-beta2__N0048__Aminus_0p01,hm-a10-g1-L5p3-n3-beta2,48,0.01,11,1.2145833333333333,9.99443793490271,9.998656873254216
hm-a10-g1-L5p3-n3-beta2__N0048__Aplus_0p01,hm-a10-g1-L5p3-n3-beta2__N0048__Aminus_0p01,hm-a10-g1-L5p3-n3-beta2,48,0.01,12,1.325,9.992923968386485,9.998292010041899
hm-a10-g1-L5p3-n3-beta2__N0048__Aplus_0p01,hm-a10-g1-L5p3-n3-beta2__N0048__Aminus_0p01,hm-a10-g1-L5p3-n3-beta2,48,0.01,13,1.4354166666666666,9.991681738808547,9.997992593136049
hm-a10-g1-L5p3-n3-beta2__N0048__Aplus_0p01,hm-a10-g1-L5p3-n3-beta2__N0048__Aminus_0p01,hm-a10-g1-L5p3-n3-beta2,48,0.01,14,1.5458333333333334,9.990758825255222,9.997770117158174
hm-a10-g1-L5p3-n3-beta2__N0048__Aplus_0p01,hm-a10-g1-L5p3-n3-beta2__N0048__Aminus_0p01,hm-a10-g1-L5p3-n3-beta2,48,0.01,15,1.65625,9.99019055994037,9.997633121731319
hm-a10-g1-L5p3-n3-beta2__N0048__Aplus_0p01,hm-a10-g1-L5p3-n3-beta2__N0048__Aminus_0p01,hm-a10-g1-L5p3-n3-beta2,48,0.01,16,1.7666666666666666,9.98999869090478,9.997586864829076
hm-a10-g1-L5p3-n3-beta2__N0048__Aplus_0p01,hm-a10-g1-L5p3-n3-beta2__N0048__Aminus_0p01,hm-a10-g1-L5p3-n3-beta2,48,0.01,17,1.8770833333333332,9.99019055994038,9.997633121731319
hm-a10-g1-L5p3-n3-beta2__N0048__Aplus_0p01,hm-a10-g1-L5p3-n3-beta2__N0048__Aminus_0p01,hm-a10-g1-L5p3-n3-beta2,48,0.01,18,1.9874999999999998,9.990758825255242,9.997770117158172
hm-a10-g1-L5p3-n3-beta2__N0048__Aplus_0p01,hm-a10-g1-L5p3-n3-beta2__N0048__Aminus_0p01,hm-a10-g1-L5p3-n3-beta2,48,0.01,19,2.0979166666666664,9.991681738808575,9.997992593136047
hm-a10-g1-L5p3-n3-beta2__N0048__Aplus_0p01,hm-a10-g1-L5p3-n3-beta2__N0048__Aminus_0p01,hm-a10-g1-L5p3-n3-beta2,48,0.01,20,2.208333333333333,9.992923968386517,9.998292010041897
hm-a10-g1-L5p3-n3-beta2__N0048__Aplus_0p01,hm-a10-g1-L5p3-n3-beta2__N0048__Aminus_0p01,hm-a10-g1-L5p3-n3-beta2,48,0.01,21,2.31875,9.994437934902741,9.998656873254212
hm-a10-g1-L5p3-n3-beta2__N0048__Aplus_0p01,hm-a10-g1-L5p3-n3-beta2__N0048__Aminus_0p01,hm-a10-g1-L5p3-n3-beta2,48,0.01,22,2.4291666666666667,9.9961656166421,9.999073173089048
hm-a10-g1-L5p3-n3-beta2__N0048__Aplus_0p01,hm-a10-g1-L5p3-n3-beta2__N0048__Aminus_0p01,hm-a10-g1-L5p3-n3-beta2,48,0.01,23,2.5395833333333333,9.998040754785293,9.999524921387682
hm-a10-g1-L5p3-n3-beta2__N0048__Aplus_0p01,hm-a10-g1-L5p3-n3-beta2__N0048__Aminus_0p01,hm-a10-g1-L5p3-n3-beta2,48,0.01,24,2.65,9.99999137913937,9.999994764408475
hm-a10-g1-L5p3-n3-beta2__N0048__Aplus_0p01,hm-a10-g1-L5p3-n3-beta2__N0048__Aminus_0p01,hm-a10-g1-L5p3-n3-beta2,48,0.01,25,2.7604166666666665,10.001942560142561,10.000464648701929
hm-a10-g1-L5p3-n3-beta2__N0048__Aplus_0p01,hm-a10-g1-L5p3-n3-beta2__N0048__Aminus_0p01,hm-a10-g1-L5p3-n3-beta2,48,0.01,26,2.870833333333333,10.003819283488347,10.000916514535152
hm-a10-g1-L5p3-n3-beta2__N0048__Aplus_0p01,hm-a10-g1-L5p3-n3-beta2__N0048__Aminus_0p01,hm-a10-g1-L5p3-n3-beta2,48,0.01,27,2.9812499999999997,10.005549337651145,10.001332990272935
hm-a10-g1-L5p3-n3-beta2__N0048__Aplus_0p01,hm-a10-g1-L5p3-n3-beta2__N0048__Aminus_0p01,hm-a10-g1-L5p3-n3-beta2,48,0.01,28,3.091666666666667,10.00706610263178,10.001698060976924
hm-a10-g1-L5p3-n3-beta2__N0048__Aplus_0p01,hm-a10-g1-L5p3-n3-beta2__N0048__Aminus_0p01,hm-a10-g1-L5p3-n3-beta2,48,0.01,29,3.2020833333333334,10.008311130674304,10.00199768537445
hm-a10-g1-L5p3-n3-beta2__N0048__Aplus_0p01,hm-a10-g1-L5p3-n3-beta2__N0048__Aminus_0p01,hm-a10-g1-L5p3-n3-beta2,48,0.01,30,3.3125,10.009236416651486,10.002220337255276
hm-a10-g1-L5p3-n3-beta2__N0048__Aplus_0p01,hm-a10-g1-L5p3-n3-beta2__N0048__Aminus_0p01,hm-a10-g1-L5p3-n3-beta2,48,0.01,31,3.4229166666666666,10.009806267169349,10.002357450216726
hm-a10-g1-L5p3-n3-beta2__N0048__Aplus_0p01,hm-a10-g1-L5p3-n3-beta2__N0048__Aminus_0p01,hm-a10-g1-L5p3-n3-beta2,48,0.01,32,3.533333333333333,10.00999869285423,10.00240374839163
hm-a10-g1-L5p3-n3-beta2__N0048__Aplus_0p01,hm-a10-g1-L5p3-n3-beta2__N0048__Aminus_0p01,hm-a10-g1-L5p3-n3-beta2,48,0.01,33,3.64375,10.009806267169353,10.002357450216728
hm-a10-g1-L5p3-n3-beta2__N0048__Aplus_0p01,hm-a10-g1-L5p3-n3-beta2__N0048__Aminus_0p01,hm-a10-g1-L5p3-n3-beta2,48,0.01,34,3.7541666666666664,10.00923641665149,10.00222033725528
hm-a10-g1-L5p3-n3-beta2__N0048__Aplus_0p01,hm-a10-g1-L5p3-n3-beta2__N0048__Aminus_0p01,hm-a10-g1-L5p3-n3-beta2,48,0.01,35,3.864583333333333,10.008311130674311,10.001997685374453
hm-a10-g1-L5p3-n3-beta2__N0048__Aplus_0p01,hm-a10-g1-L5p3-n3-beta2__N0048__Aminus_0p01,hm-a10-g1-L5p3-n3-beta2,48,0.01,36,3.9749999999999996,10.007066102631791,10.001698060976928
hm-a10-g1-L5p3-n3-beta2__N0048__Aplus_0p01,hm-a10-g1-L5p3-n3-beta2__N0048__Aminus_0p01,hm-a10-g1-L5p3-n3-beta2,48,0.01,37,4.085416666666666,10.00554933765116,10.001332990272942
hm-a10-g1-L5p3-n3-beta2__N0048__Aplus_0p01,hm-a10-g1-L5p3-n3-beta2__N0048__Aminus_0p01,hm-a10-g1-L5p3-n3-beta2,48,0.01,38,4.195833333333333,10.003819283488369,10.000916514535165
hm-a10-g1-L5p3-n3-beta2__N0048__Aplus_0p01,hm-a10-g1-L5p3-n3-beta2__N0048__Aminus_0p01,hm-a10-g1-L5p3-n3-beta2,48,0.01,39,4.3062499999999995,10.001942560142588,10.000464648701945
hm-a10-g1-L5p3-n3-beta2__N0048__Aplus_0p01,hm-a10-g1-L5p3-n3-beta2__N0048__Aminus_0p01,hm-a10-g1-L5p3-n3-beta2,48,0.01,40,4.416666666666666,9.999991379139406,9.999994764408493
hm-a10-g1-L5p3-n3-beta2__N0048__Aplus_0p01,hm-a10-g1-L5p3-n3-beta2__N0048__Aminus_0p01,hm-a10-g1-L5p3-n3-beta2,48,0.01,41,4.527083333333334,9.998040754785338,9.9995249213877
hm-a10-g1-L5p3-n3-beta2__N0048__Aplus_0p01,hm-a10-g1-L5p3-n3-beta2__N0048__Aminus_0p01,hm-a10-g1-L5p3-n3-beta2,48,0.01,42,4.6375,9.996165616642154,9.999073173089068
hm-a10-g1-L5p3-n3-beta2__N0048__Aplus_0p01,hm-a10-g1-L5p3-n3-beta2__N0048__Aminus_0p01,hm-a10-g1-L5p3-n3-beta2,48,0.01,43,4.747916666666667,9.994437934902805,9.998656873254232
hm-a10-g1-L5p3-n3-beta2__N0048__Aplus_0p01,hm-a10-g1-L5p3-n3-beta2__N0048__Aminus_0p01,hm-a10-g1-L5p3-n3-beta2,48,0.01,44,4.858333333333333,9.992923968386592,9.99829201004192
hm-a10-g1-L5p3-n3-beta2__N0048__Aplus_0p01,hm-a10-g1-L5p3-n3-beta2__N0048__Aminus_0p01,hm-a10-g1-L5p3-n3-beta2,48,0.01,45,4.96875,9.991681738808659,9.997992593136072
hm-a10-g1-L5p3-n3-beta2__N0048__Aplus_0p01,hm-a10-g1-L5p3-n3-beta2__N0048__Aminus_0p01,hm-a10-g1-L5p3-n3-beta2,48,0.01,46,5.079166666666667,9.990758825255334,9.997770117158199
hm-a10-g1-L5p3-n3-beta2__N0048__Aplus_0p01,hm-a10-g1-L5p3-n3-beta2__N0048__Aminus_0p01,hm-a10-g1-L5p3-n3-beta2,48,0.01,47,5.189583333333333,9.99019055994048,9.997633121731347
hm-a10-g1-L5p3-n3-beta2__N0048__Aplus_0p01,hm-a10-g1-L5p3-n3-beta2__N0048__Aminus_0p01,hm-a10-g1-L5p3-n3-beta2,48,0.01,48,5.3,9.989998690904885,9.997586864829106
hm-a10-g1-L5p3-n3-beta2__N0048__Aplus_0p02,hm-a10-g1-L5p3-n3-beta2__N0048__Aminus_0p02,hm-a10-g1-L5p3-n3-beta2,48,0.02,0,0.0,10.019994775306786,10.004798110172889
hm-a10-g1-L5p3-n3-beta2__N0048__Aplus_0p02,hm-a10-g1-L5p3-n3-beta2__N0048__Aminus_0p02,hm-a10-g1-L5p3-n3-beta2,48,0.02,1,0.11041666666666666,10.01960936629963,10.004705472515855
hm-a10-g1-L5p3-n3-beta2__N0048__Aplus_0p02,hm-a10-g1-L5p3-n3-beta2__N0048__Aminus_0p02,hm-a10-g1-L5p3-n3-beta2,48,0.02,2,0.22083333333333333,10.018468077429366,10.004431128966292
hm-a10-g1-L5p3-n3-beta2__N0048__Aplus_0p02,hm-a10-g1-L5p3-n3-beta2__N0048__Aminus_0p02,hm-a10-g1-L5p3-n3-beta2,48,0.02,3,0.33125,10.01661512966246,10.003985649183077
hm-a10-g1-L5p3-n3-beta2__N0048__Aplus_0p02,hm-a10-g1-L5p3-n3-beta2__N0048__Aminus_0p02,hm-a10-g1-L5p3-n3-beta2,48,0.02,4,0.44166666666666665,10.014122272107917,10.003386192791067
hm-a10-g1-L5p3-n3-beta2__N0048__Aplus_0p02,hm-a10-g1-L5p3-n3-beta2__N0048__Aminus_0p02,hm-a10-g1-L5p3-n3-beta2,48,0.02,5,0.5520833333333333,10.011085942072226,10.002655843834816
hm-a10-g1-L5p3-n3-beta2__N0048__Aplus_0p02,hm-a10-g1-L5p3-n3-beta2__N0048__Aminus_0p02,hm-a10-g1-L5p3-n3-beta2,48,0.02,6,0.6625,10.007623461648793,10.001822716467325
hm-a10-g1-L5p3-n3-beta2__N0048__Aplus_0p02,hm-a10-g1-L5p3-n3-beta2__N0048__Aminus_0p02,hm-a10-g1-L5p3-n3-beta2,48,0.02,7,0.7729166666666667,10.003868431904218,10.000918867341088
hm-a10-g1-L5p3-n3-beta2__N0048__Aplus_0p02,hm-a10-g1-L5p3-n3-beta2__N0048__Aminus_0p02,hm-a10-g1-L5p3-n3-beta2,48,0.02,8,0.8833333333333333,9.999965516496417,9.999979057594809
hm-a10-g1-L5p3-n3-beta2__N0048__Aplus_0p02,hm-a10-g1-L5p3-n3-beta2__N0048__Aminus_0p02,hm-a10-g1-L5p3-n3-beta2,48,0.02,9,0.9937499999999999,9.996064827687995,9.999039412939435
hm-a10-g1-L5p3-n3-beta2__N0048__Aplus_0p02,hm-a10-g1-L5p3-n3-beta2__N0048__Aminus_0p02,hm-a10-g1-L5p3-n3-beta2,48,0.02,10,1.1041666666666665,9.992316138762586,9.998136033952338
hm-a10-g1-L5p3-n3-beta2__N0048__Aplus_0p02,hm-a10-g1-L5p3-n3-beta2__N0048__Aminus_0p02,hm-a10-g1-L5p3-n3-beta2,48,0.02,11,1.2145833333333333,9.988863148047288,9.997303610197825
hm-a10-g1-L5p3-n3-beta2__N0048__Aplus_0p02,hm-a10-g1-L5p3-n3-beta2__N0048__Aminus_0p02,hm-a10-g1-L5p3-n3-beta2,48,0.02,12,1.325,9.985838011888093,9.996574091209721
hm-a10-g1-L5p3-n3-beta2__N0048__Aplus_0p02,hm-a10-g1-L5p3-n3-beta2__N0048__Aminus_0p02,hm-a10-g1-L5p3-n3-beta2,48,0.02,13,1.4354166666666666,9.98335634821277,9.995975464785912
hm-a10-g1-L5p3-n3-beta2__N0048__Aplus_0p02,hm-a10-g1-L5p3-n3-beta2__N0048__Aminus_0p02,hm-a10-g1-L5p3-n3-beta2,48,0.02,14,1.5458333333333334,9.98151289016058,9.99553068861581
hm-a10-g1-L5p3-n3-beta2__N0048__Aplus_0p02,hm-a10-g1-L5p3-n3-beta2__N0048__Aminus_0p02,hm-a10-g1-L5p3-n3-beta2,48,0.02,15,1.65625,9.980377942116066,9.995256815205519
hm-a10-g1-L5p3-n3-beta2__N0048__Aplus_0p02,hm-a10-g1-L5p3-n3-beta2__N0048__Aminus_0p02,hm-a10-g1-L5p3-n3-beta2,48,0.02,16,1.7666666666666666,9.979994759711023,9.995164342639447
hm-a10-g1-L5p3-n3-beta2__N0048__Aplus_0p02,hm-a10-g1-L5p3-n3-beta2__N0048__Aminus_0p02,hm-a10-g1-L5p3-n3-beta2,48,0.02,17,1.8770833333333332,9.98037794211608,9.995256815205519
hm-a10-g1-L5p3-n3-beta2__N0048__Aplus_0p02,hm-a10-g1-L5p3-n3-beta2__N0048__Aminus_0p02,hm-a10-g1-L5p3-n3-beta2,48,0.02,18,1.9874999999999998,9.981512890160605,9.99553068861581
hm-a10-g1-L5p3-n3-beta2__N0048__Aplus_0p02,hm-a10-g1-L5p3-n3-beta2__N0048__Aminus_0p02,hm-a10-g1-L5p3-n3-beta2,48,0.02,19,2.0979166666666664,9.983356348212803,9.99597546478591
hm-a10-g1-L5p3-n3-beta2__N0048__Aplus_0p02,hm-a10-g1-L5p3-n3-beta2__N0048__Aminus_0p02,hm-a10-g1-L5p3-n3-beta2,48,0.02,20,2.208333333333333,9.98583801188813,9.996574091209716
hm-a10-g1-L5p3-n3-beta2__N0048__Aplus_0p02,hm-a10-g1-L5p3-n3-beta2__N0048__Aminus_0p02,hm-a10-g1-L5p3-n3-beta2,48,0.02,21,2.31875,9.988863148047326,9.997303610197818
hm-a10-g1-L5p3-n3-beta2__N0048__Aplus_0p02,hm-a10-g1-L5p3-n3-beta2__N0048__Aminus_0p02,hm-a10-g1-L5p3-n3-beta2,48,0.02,22,2.4291666666666667,9.992316138762614,9.998136033952328
hm-a10-g1-L5p3-n3-beta2__N0048__Aplus_0p02,hm-a10-g1-L5p3-n3-beta2__N0048__Aminus_0p02,hm-a10-g1-L5p3-n3-beta2,48,0.02,23,2.5395833333333333,9.996064827688011,9.999039412939421
hm-a10-g1-L5p3-n3-beta2__N0048__Aplus_0p02,hm-a10-g1-L5p3-n3-beta2__N0048__Aminus_0p02,hm-a10-g1-L5p3-n3-beta2,48,0.02,24,2.65,9.999965516496413,9.999979057594789
hm-a10-g1-L5p3-n3-beta2__N0048__Aplus_0p02,hm-a10-g1-L5p3-n3-beta2__N0048__Aminus_0p02,hm-a10-g1-L5p3-n3-beta2,48,0.02,25,2.7604166666666665,10.003868431904193,10.000918867341067
hm-a10-g1-L5p3-n3-beta2__N0048__Aplus_0p02,hm-a10-g1-L5p3-n3-beta2__N0048__Aminus_0p02,hm-a10-g1-L5p3-n3-beta2,48,0.02,26,2.870833333333333,10.007623461648743,10.0018227164673
hm-a10-g1-L5p3-n3-beta2__N0048__Aplus_0p02,hm-a10-g1-L5p3-n3-beta2__N0048__Aminus_0p02,hm-a10-g1-L5p3-n3-beta2,48,0.02,27,2.9812499999999997,10.011085942072151,10.00265584383479
hm-a10-g1-L5p3-n3-beta2__N0048__Aplus_0p02,hm-a10-g1-L5p3-n3-beta2__N0048__Aminus_0p02,hm-a10-g1-L5p3-n3-beta2,48,0.02,28,3.091666666666667,10.01412227210782,10.00338619279104
hm-a10-g1-L5p3-n3-beta2__N0048__Aplus_0p02,hm-a10-g1-L5p3-n3-beta2__N0048__Aminus_0p02,hm-a10-g1-L5p3-n3-beta2,48,0.02,29,3.2020833333333334,10.016615129662345,10.00398564918305
hm-a10-g1-L5p3-n3-beta2__N0048__Aplus_0p02,hm-a10-g1-L5p3-n3-beta2__N0048__Aminus_0p02,hm-a10-g1-L5p3-n3-beta2,48,0.02,30,3.3125,10.018468077429237,10.004431128966264
hm-a10-g1-L5p3-n3-beta2__N0048__Aplus_0p02,hm-a10-g1-L5p3-n3-beta2__N0048__Aminus_0p02,hm-a10-g1-L5p3-n3-beta2,48,0.02,31,3.4229166666666666,10.01960936629949,10.004705472515827
hm-a10-g1-L5p3-n3-beta2__N0048__Aplus_0p02,hm-a10-g1-L5p3-n3-beta2__N0048__Aminus_0p02,hm-a10-g1-L5p3-n3-beta2,48,0.02,32,3.533333333333333,10.019994775306644,10.004798110172862
hm-a10-g1-L5p3-n3-beta2__N0048__Aplus_0p02,hm-a10-g1-L5p3-n3-beta2__N0048__Aminus_0p02,hm-a10-g1-L5p3-n3-beta2,48,0.02,33,3.64375,10.019609366299493,10.004705472515829
hm-a10-g1-L5p3-n3-beta2__N0048__Aplus_0p02,hm-a10-g1-L5p3-n3-beta2__N0048__Aminus_0p02,hm-a10-g1-L5p3-n3-beta2,48,0.02,34,3.7541666666666664,10.018468077429244,10.004431128966269
hm-a10-g1-L5p3-n3-beta2__N0048__Aplus_0p02,hm-a10-g1-L5p3-n3-beta2__N0048__Aminus_0p02,hm-a10-g1-L5p3-n3-beta2,48,0.02,35,3.864583333333333,10.016615129662355,10.00398564918306
hm-a10-g1-L5p3-n3-beta2__N0048__Aplus_0p02,hm-a10-g1-L5p3-n3-beta2__N0048__Aminus_0p02,hm-a10-g1-L5p3-n3-beta2,48,0.02,36,3.9749999999999996,10.014122272107837,10.003386192791051
hm-a10-g1-L5p3-n3-beta2__N0048__Aplus_0p02,hm-a10-g1-L5p3-n3-beta2__N0048__Aminus_0p02,hm-a10-g1-L5p3-n3-beta2,48,0.02,37,4.085416666666666,10.011085942072176,10.002655843834805
hm-a10-g1-L5p3-n3-beta2__N0048__Aplus_0p02,hm-a10-g1-L5p3-n3-beta2__N0048__Aminus_0p02,hm-a10-g1-L5p3-n3-beta2,48,0.02,38,4.195833333333333,10.007623461648775,10.001822716467322
hm-a10-g1-L5p3-n3-beta2__N0048__Aplus_0p02,hm-a10-g1-L5p3-n3-beta2__N0048__Aminus_0p02,hm-a10-g1-L5p3-n3-beta2,48,0.02,39,4.3062499999999995,10.003868431904236,10.000918867341092
hm-a10-g1-L5p3-n3-beta2__N0048__Aplus_0p02,hm-a10-g1-L5p3-n3-beta2__N0048__Aminus_0p02,hm-a10-g1-L5p3-n3-beta2,48,0.02,40,4.416666666666666,9.999965516496468,9.999979057594818
hm-a10-g1-L5p3-n3-beta2__N0048__Aplus_0p02,hm-a10-g1-L5p3-n3-beta2__N0048__Aminus_0p02,hm-a10-g1-L5p3-n3-beta2,48,0.02,41,4.527083333333334,9.996064827688082,9.999039412939451
hm-a10-g1-L5p3-n3-beta2__N0048__Aplus_0p02,hm-a10-g1-L5p3-n3-beta2__N0048__Aminus_0p02,hm-a10-g1-L5p3-n3-beta2,48,0.02,42,4.6375,9.992316138762703,9.998136033952362
hm-a10-g1-L5p3-n3-beta2__N0048__Aplus_0p02,hm-a10-g1-L5p3-n3-beta2__N0048__Aminus_0p02,hm-a10-g1-L5p3-n3-beta2,48,0.02,43,4.747916666666667,9.98886314804743,9.997303610197855
hm-a10-g1-L5p3-n3-beta2__N0048__Aplus_0p02,hm-a10-g1-L5p3-n3-beta2__N0048__Aminus_0p02,hm-a10-g1-L5p3-n3-beta2,48,0.02,44,4.858333333333333,9.985838011888253,9.996574091209757
hm-a10-g1-L5p3-n3-beta2__N0048__Aplus_0p02,hm-a10-g1-L5p3-n3-beta2__N0048__Aminus_0p02,hm-a10-g1-L5p3-n3-beta2,48,0.02,45,4.96875,9.98335634821294,9.995975464785955
hm-a10-g1-L5p3-n3-beta2__N0048__Aplus_0p02,hm-a10-g1-L5p3-n3-beta2__N0048__Aminus_0p02,hm-a10-g1-L5p3-n3-beta2,48,0.02,46,5.079166666666667,9.981512890160758,9.995530688615855
hm-a10-g1-L5p3-n3-beta2__N0048__Aplus_0p02,hm-a10-g1-L5p3-n3-beta2__N0048__Aminus_0p02,hm-a10-g1-L5p3-n3-beta2,48,0.02,47,5.189583333333333,9.980377942116244,9.995256815205568
hm-a10-g1-L5p3-n3-beta2__N0048__Aplus_0p02,hm-a10-g1-L5p3-n3-beta2__N0048__Aminus_0p02,hm-a10-g1-L5p3-n3-beta2,48,0.02,48,5.3,9.979994759711195,9.995164342639496
hm-a10-g1-L5p3-n3-beta2__N0096__Aminus_0p02,hm-a10-g1-L5p3-n3-beta2__N0096__Aplus_0p02,hm-a10-g1-L5p3-n3-beta2,96,-0.02,0,0.0,9.979994661012125,9.995173036453092
hm-a10-g1-L5p3-n3-beta2__N0096__Aminus_0p02,hm-a10-g1-L5p3-n3-beta2__N0096__Aplus_0p02,hm-a10-g1-L5p3-n3-beta2,96,-0.02,1,0.05520833333333333,9.980090685646093,9.995196167994225
hm-a10-g1-L5p3-n3-beta2__N0096__Aminus_0p02,hm-a10-g1-L5p3-n3-beta2__N0096__Aplus_0p02,hm-a10-g1-L5p3-n3-beta2,96,-0.02,2,0.11041666666666666,9.98037784284958,9.995265340442382
hm-a10-g1-L5p3-n3-beta2__N0096__Aminus_0p02,hm-a10-g1-L5p3-n3-beta2__N0096__Aplus_0p02,hm-a10-g1-L5p3-n3-beta2,96,-0.02,3,0.165625,9.980853391046693,9.995379889388737
hm-a10-g1-L5p3-n3-beta2__N0096__Aminus_0p02,hm-a10-g1-L5p3-n3-beta2__N0096__Aplus_0p02,hm-a10-g1-L5p3-n3-beta2,96,-0.02,4,0.22083333333333333,9.981512789271955,9.995538714521986
hm-a10-g1-L5p3-n3-beta2__N0096__Aminus_0p02,hm-a10-g1-L5p3-n3-beta2__N0096__Aplus_0p02,hm-a10-g1-L5p3-n3-beta2,96,-0.02,5,0.27604166666666663,9.982349739416014,9.995740290115334
hm-a10-g1-L5p3-n3-beta2__N0096__Aminus_0p02,hm-a10-g1-L5p3-n3-beta2__N0096__Aplus_0p02,hm-a10-g1-L5p3-n3-beta2,96,-0.02,6,0.33125,9.983356244879044,9.995982679572524
hm-a10-g1-L5p3-n3-beta2__N0096__Aminus_0p02,hm-a10-g1-L5p3-n3-beta2__N0096__Aplus_0p02,hm-a10-g1-L5p3-n3-beta2,96,-0.02,7,0.38645833333333335,9.984522685143158,9.996263553898478
hm-a10-g1-L5p3-n3-beta2__N0096__Aminus_0p02,hm-a10-g1-L5p3-n3-beta2__N0096__Aplus_0p02,hm-a10-g1-L5p3-n3-beta2,96,-0.02,8,0.44166666666666665,9.985837905638732,9.996580213923579
hm-a10-g1-L5p3-n3-beta2__N0096__Aminus_0p02,hm-a10-g1-L5p3-n3-beta2__N0096__Aplus_0p02,hm-a10-g1-L5p3-n3-beta2,96,-0.02,9,0.49687499999999996,9.98728932214543,9.996929616075386
hm-a10-g1-L5p3-n3-beta2__N0096__Aminus_0p02,hm-a10-g1-L5p3-n3-beta2__N0096__Aplus_0p02,hm-a10-g1-L5p3-n3-beta2,96,-0.02,10,0.5520833333333333,9.98886303883801,9.99730840145815
hm-a10-g1-L5p3-n3-beta2__N0096__Aminus_0p02,hm-a10-g1-L5p3-n3-beta2__N0096__Aplus_0p02,hm-a10-g1-L5p3-n3-beta2,96,-0.02,11,0.6072916666666667,9.990543978960401,9.997712927968951
hm-a10-g1-L5p3-n3-beta2__N0096__Aminus_0p02,hm-a10-g1-L5p3-n3-beta2__N0096__Aplus_0p02,hm-a10-g1-L5p3-n3-beta2,96,-0.02,12,0.6625,9.992316026990224,9.998139305150069
hm-a10-g1-L5p3-n3-beta2__N0096__Aminus_0p02,hm-a10-g1-L5p3-n3-beta2__N0096__Aplus_0p02,hm-a10-g1-L5p3-n3-beta2,96,-0.02,13,0.7177083333333333,9.994162181040938,9.998583431450491
hm-a10-g1-L5p3-n3-beta2__N0096__Aminus_0p02,hm-a10-g1-L5p3-n3-beta2__N0096__Aplus_0p02,hm-a10-g1-L5p3-n3-beta2,96,-0.02,14,0.7729166666666667,9.996064714141422,9.99904103354562
hm-a10-g1-L5p3-n3-beta2__N0096__Aminus_0p02,hm-a10-g1-L5p3-n3-beta2__N0096__Aplus_0p02,hm-a10-g1-L5p3-n3-beta2,96,-0.02,15,0.828125,9.998005342934407,9.999507707343442
hm-a10-g1-L5p3-n3-beta2__N0096__Aminus_0p02,hm-a10-g1-L5p3-n3-beta2__N0096__Aplus_0p02,hm-a10-g1-L5p3-n3-beta2,96,-0.02,16,0.8833333333333333,9.999965402247197,9.999978960287995
hm-a10-g1-L5p3-n3-beta2__N0096__Aminus_0p02,hm-a10-g1-L5p3-n3-beta2__N0096__Aplus_0p02,hm-a10-g1-L5p3-n3-beta2,96,-0.02,17,0.9385416666666666,10.001926023911954,10.000450254556917
hm-a10-g1-L5p3-n3-beta2__N0096__Aminus_0p02,hm-a10-g1-L5p3-n3-beta2__N0096__Aplus_0p02,hm-a10-g1-L5p3-n3-beta2,96,-0.02,18,0.9937499999999999,10.003868318150014,10.000917050739769
hm-a10-g1-L5p3-n3-beta2__N0096__Aminus_0p02,hm-a10-g1-L5p3-n3-beta2__N0096__Aplus_0p02,hm-a10-g1-L5p3-n3-beta2,96,-0.02,19,1.0489583333333332,10.005773555786698,10.001374851577403
hm-a10-g1-L5p3-n3-beta2__N0096__Aminus_0p02,hm-a10-g1-L5p3-n3-beta2__N0096__Aplus_0p02,hm-a10-g1-L5p3-n3-beta2,96,-0.02,20,1.1041666666666665,10.007623349531128,10.001819245340249
hm-a10-g1-L5p3-n3-beta2__N0096__Aminus_0p02,hm-a10-g1-L5p3-n3-beta2__N0096__Aplus_0p02,hm-a10-g1-L5p3-n3-beta2,96,-0.02,21,1.159375,10.009399832541035,10.00224594842528
hm-a10-g1-L5p3-n3-beta2__N0096__Aminus_0p02,hm-a10-g1-L5p3-n3-beta2__N0096__Aplus_0p02,hm-a10-g1-L5p3-n3-beta2,96,-0.02,22,1.2145833333333333,10.011085832496317,10.002650846757186
hm-a10-g1-L5p3-n3-beta2__N0096__Aminus_0p02,hm-a10-g1-L5p3-n3-beta2__N0096__Aplus_0p02,hm-a10-g1-L5p3-n3-beta2,96,-0.02,23,1.2697916666666667,10.012665039428258,10.003030035589372
hm-a10-g1-L5p3-n3-beta2__N0096__Aminus_0p02,hm-a10-g1-L5p3-n3-beta2__N0096__Aplus_0p02,hm-a10-g1-L5p3-n3-beta2,96,-0.02,24,1.325,10.014122165594104,10.00337985731459
hm-a10-g1-L5p3-n3-beta2__N0096__Aminus_0p02,hm-a10-g1-L5p3-n3-beta2__N0096__Aplus_0p02,hm-a10-g1-L5p3-n3-beta2,96,-0.02,25,1.3802083333333333,10.015443095749658,10.003696936913117
hm-a10-g1-L5p3-n3-beta2__N0096__Aminus_0p02,hm-a10-g1-L5p3-n3-beta2__N0096__Aplus_0p02,hm-a10-g1-L5p3-n3-beta2,96,-0.02,26,1.4354166666666666,10.016615026255508,10.003978214688543
hm-a10-g1-L5p3-n3-beta2__N0096__Aminus_0p02,hm-a10-g1-L5p3-n3-beta2__N0096__Aplus_0p02,hm-a10-g1-L5p3-n3-beta2,96,-0.02,27,1.4906249999999999,10.017626591554981,10.004220975966904
hm-a10-g1-L5p3-n3-beta2__N0096__Aminus_0p02,hm-a10-g1-L5p3-n3-beta2__N0096__Aplus_0p02,hm-a10-g1-L5p3-n3-beta2,96,-0.02,28,1.5458333333333334,10.01846797668331,10.004422877464247
hm-a10-g1-L5p3-n3-beta2__N0096__Aminus_0p02,hm-a10-g1-L5p3-n3-beta2__N0096__Aplus_0p02,hm-a10-g1-L5p3-n3-beta2,96,-0.02,29,1.6010416666666667,10.019131014606469,10.004581970059998
hm-a10-g1-L5p3-n3-beta2__N0096__Aminus_0p02,hm-a10-g1-L5p3-n3-beta2__N0096__Aplus_0p02,hm-a10-g1-L5p3-n3-beta2,96,-0.02,30,1.65625,10.019609267343323,10.004696717748923
hm-a10-g1-L5p3-n3-beta2__N0096__Aminus_0p02,hm-a10-g1-L5p3-n3-beta2__N0096__Aplus_0p02,hm-a10-g1-L5p3-n3-beta2,96,-0.02,31,1.7114583333333333,10.019898089994241,10.00476601258215
hm-a10-g1-L5p3-n3-beta2__N0096__Aminus_0p02,hm-a10-g1-L5p3-n3-beta2__N0096__Aplus_0p02,hm-a10-g1-L5p3-n3-beta2,96,-0.02,32,1.7666666666666666,10.01999467698099,10.004789185447658
hm-a10-g1-L5p3-n3-beta2__N0096__Aminus_0p02,hm-a10-g1-L5p3-n3-beta2__N0096__Aplus_0p02,hm-a10-g1-L5p3-n3-beta2,96,-0.02,33,1.821875,10.019898089994193,10.004766012582136
hm-a10-g1-L5p3-n3-beta2__N0096__Aminus_0p02,hm-a10-g1-L5p3-n3-beta2__N0096__Aplus_0p02,hm-a10-g1-L5p3-n3-beta2,96,-0.02,34,1.8770833333333332,10.01960926734323,10.004696717748896
hm-a10-g1-L5p3-n3-beta2__N0096__Aminus_0p02,hm-a10-g1-L5p3-n3-beta2__N0096__Aplus_0p02,hm-a10-g1-L5p3-n3-beta2,96,-0.02,35,1.9322916666666665,10.019131014606327,10.004581970059958
hm-a10-g1-L5p3-n3-beta2__N0096__Aminus_0p02,hm-a10-g1-L5p3-n3-beta2__N0096__Aplus_0p02,hm-a10-g1-L5p3-n3-beta2,96,-0.02,36,1.9874999999999998,10.018467976683121,10.004422877464194
hm-a10-g1-L5p3-n3-beta2__N0096__Aminus_0p02,hm-a10-g1-L5p3-n3-beta2__N0096__Aplus_0p02,hm-a10-g1-L5p3-n3-beta2,96,-0.02,37,2.042708333333333,10.017626591554748,10.00422097596684
hm-a10-g1-L5p3-n3-beta2__N0096__Aminus_0p02,hm-a10-g1-L5p3-n3-beta2__N0096__Aplus_0p02,hm-a10-g1-L5p3-n3-beta2,96,-0.02,38,2.0979166666666664,10.016615026255234,10.003978214688466
hm-a10-g1-L5p3-n3-beta2__N0096__Aminus_0p02,hm-a10-g1-L5p3-n3-beta2__N0096__Aplus_0p02,hm-a10-g1-L5p3-n3-beta2,96,-0.02,39,2.1531249999999997,10.015443095749344,10.00369693691303
hm-a10-g1-L5p3-n3-beta2__N0096__Aminus_0p02,hm-a10-g1-L5p3-n3-beta2__N0096__Aplus_0p02,hm-a10-g1-L5p3-n3-beta2,96,-0.02,40,2.208333333333333,10.014122165593752,10.00337985731449
hm-a10-g1-L5p3-n3-beta2__N0096__Aminus_0p02,hm-a10-g1-L5p3-n3-beta2__N0096__Aplus_0p02,hm-a10-g1-L5p3-n3-beta2,96,-0.02,41,2.263541666666667,10.012665039427871,10.003030035589264
hm-a10-g1-L5p3-n3-beta2__N0096__Aminus_0p02,hm-a10-g1-L5p3-n3-beta2__N0096__Aplus_0p02,hm-a10-g1-L5p3-n3-beta2,96,-0.02,42,2.31875,10.011085832495898,10.002650846757067
hm-a10-g1-L5p3-n3-beta2__N0096__Aminus_0p02,hm-a10-g1-L5p3-n3-beta2__N0096__Aplus_0p02,hm-a10-g1-L5p3-n3-beta2,96,-0.02,43,2.3739583333333334,10.009399832540586,10.00224594842515
hm-a10-g1-L5p3-n3-beta2__N0096__Aminus_0p02,hm-a10-g1-L5p3-n3-beta2__N0096__Aplus_0p02,hm-a10-g1-L5p3-n3-beta2,96,-0.02,44,2.4291666666666667,10.007623349530654,10.001819245340108
hm-a10-g1-L5p3-n3-beta2__N0096__Aminus_0p02,hm-a10-g1-L5p3-n3-beta2__N0096__Aplus_0p02,hm-a10-g1-L5p3-n3-beta2,96,-0.02,45,2.484375,10.005773555786199,10.001374851577253
hm-a10-g1-L5p3-n3-beta2__N0096__Aminus_0p02,hm-a10-g1-L5p3-n3-beta2__N0096__Aplus_0p02,hm-a10-g1-L5p3-n3-beta2,96,-0.02,46,2.5395833333333333,10.003868318149497,10.000917050739613
hm-a10-g1-L5p3-n3-beta2__N0096__Aminus_0p02,hm-a10-g1-L5p3-n3-beta2__N0096__Aplus_0p02,hm-a10-g1-L5p3-n3-beta2,96,-0.02,47,2.5947916666666666,10.001926023911421,10.00045025455675
hm-a10-g1-L5p3-n3-beta2__N0096__Aminus_0p02,hm-a10-g1-L5p3-n3-beta2__N0096__Aplus_0p02,hm-a10-g1-L5p3-n3-beta2,96,-0.02,48,2.65,9.999965402246652,9.999978960287821
hm-a10-g1-L5p3-n3-beta2__N0096__Aminus_0p02,hm-a10-g1-L5p3-n3-beta2__N0096__Aplus_0p02,hm-a10-g1-L5p3-n3-beta2,96,-0.02,49,2.705208333333333,9.998005342933853,9.99950770734326
hm-a10-g1-L5p3-n3-beta2__N0096__Aminus_0p02,hm-a10-g1-L5p3-n3-beta2__N0096__Aplus_0p02,hm-a10-g1-L5p3-n3-beta2,96,-0.02,50,2.7604166666666665,9.996064714140863,9.99904103354543
hm-a10-g1-L5p3-n3-beta2__N0096__Aminus_0p02,hm-a10-g1-L5p3-n3-beta2__N0096__Aplus_0p02,hm-a10-g1-L5p3-n3-beta2,96,-0.02,51,2.815625,9.994162181040375,9.998583431450294
hm-a10-g1-L5p3-n3-beta2__N0096__Aminus_0p02,hm-a10-g1-L5p3-n3-beta2__N0096__Aplus_0p02,hm-a10-g1-L5p3-n3-beta2,96,-0.02,52,2.870833333333333,9.99231602698966,9.998139305149866
hm-a10-g1-L5p3-n3-beta2__N0096__Aminus_0p02,hm-a10-g1-L5p3-n3-beta2__N0096__Aplus_0p02,hm-a10-g1-L5p3-n3-beta2,96,-0.02,53,2.9260416666666664,9.990543978959838,9.997712927968744
hm-a10-g1-L5p3-n3-beta2__N0096__Aminus_0p02,hm-a10-g1-L5p3-n3-beta2__N0096__Aplus_0p02,hm-a10-g1-L5p3-n3-beta2,96,-0.02,54,2.9812499999999997,9.988863038837453,9.99730840145794
hm-a10-g1-L5p3-n3-beta2__N0096__Aminus_0p02,hm-a10-g1-L5p3-n3-beta2__N0096__Aplus_0p02,hm-a10-g1-L5p3-n3-beta2,96,-0.02,55,3.036458333333333,9.987289322144878,9.996929616075175
hm-a10-g1-L5p3-n3-beta2__N0096__Aminus_0p02,hm-a10-g1-L5p3-n3-beta2__N0096__Aplus_0p02,hm-a10-g1-L5p3-n3-beta2,96,-0.02,56,3.091666666666667,9.985837905638187,9.996580213923368
hm-a10-g1-L5p3-n3-beta2__N0096__Aminus_0p02,hm-a10-g1-L5p3-n3-beta2__N0096__Aplus_0p02,hm-a10-g1-L5p3-n3-beta2,96,-0.02,57,3.146875,9.984522685142622,9.996263553898267
hm-a10-g1-L5p3-n3-beta2__N0096__Aminus_0p02,hm-a10-g1-L5p3-n3-beta2__N0096__Aplus_0p02,hm-a10-g1-L5p3-n3-beta2,96,-0.02,58,3.2020833333333334,9.983356244878516,9.995982679572316
hm-a10-g1-L5p3-n3-beta2__N0096__Aminus_0p02,hm-a10-g1-L5p3-n3-beta2__N0096__Aplus_0p02,hm-a10-g1-L5p3-n3-beta2,96,-0.02,59,3.2572916666666667,9.982349739415495,9.99574029011513
hm-a10-g1-L5p3-n3-beta2__N0096__Aminus_0p02,hm-a10-g1-L5p3-n3-beta2__N0096__Aplus_0p02,hm-a10-g1-L5p3-n3-beta2,96,-0.02,60,3.3125,9.981512789271447,9.995538714521786
hm-a10-g1-L5p3-n3-beta2__N0096__Aminus_0p02,hm-a10-g1-L5p3-n3-beta2__N0096__Aplus_0p02,hm-a10-g1-L5p3-n3-beta2,96,-0.02,61,3.3677083333333333,9.9808533910462,9.99537988938854
hm-a10-g1-L5p3-n3-beta2__N0096__Aminus_0p02,hm-a10-g1-L5p3-n3-beta2__N0096__Aplus_0p02,hm-a10-g1-L5p3-n3-beta2,96,-0.02,62,3.4229166666666666,9.980377842849098,9.99526534044219
hm-a10-g1-L5p3-n3-beta2__N0096__Aminus_0p02,hm-a10-g1-L5p3-n3-beta2__N0096__Aplus_0p02,hm-a10-g1-L5p3-n3-beta2,96,-0.02,63,3.478125,9.980090685645628,9.995196167994036
hm-a10-g1-L5p3-n3-beta2__N0096__Aminus_0p02,hm-a10-g1-L5p3-n3-beta2__N0096__Aplus_0p02,hm-a10-g1-L5p3-n3-beta2,96,-0.02,64,3.533333333333333,9.979994661011673,9.995173036452908
hm-a10-g1-L5p3-n3-beta2__N0096__Aminus_0p02,hm-a10-g1-L5p3-n3-beta2__N0096__Aplus_0p02,hm-a10-g1-L5p3-n3-beta2,96,-0.02,65,3.5885416666666665,9.980090685645658,9.995196167994044
hm-a10-g1-L5p3-n3-beta2__N0096__Aminus_0p02,hm-a10-g1-L5p3-n3-beta2__N0096__Aplus_0p02,hm-a10-g1-L5p3-n3-beta2,96,-0.02,66,3.64375,9.98037784284916,9.995265340442208
hm-a10-g1-L5p3-n3-beta2__N0096__Aminus_0p02,hm-a10-g1-L5p3-n3-beta2__N0096__Aplus_0p02,hm-a10-g1-L5p3-n3-beta2,96,-0.02,67,3.698958333333333,9.98085339104629,9.99537988938857
hm-a10-g1-L5p3-n3-beta2__N0096__Aminus_0p02,hm-a10-g1-L5p3-n3-beta2__N0096__Aplus_0p02,hm-a10-g1-L5p3-n3-beta2,96,-0.02,68,3.7541666666666664,9.98151278927157,9.995538714521826
hm-a10-g1-L5p3-n3-beta2__N0096__Aminus_0p02,hm-a10-g1-L5p3-n3-beta2__N0096__Aplus_0p02,hm-a10-g1-L5p3-n3-beta2,96,-0.02,69,3.8093749999999997,9.982349739415646,9.995740290115181
hm-a10-g1-L5p3-n3-beta2__N0096__Aminus_0p02,hm-a10-g1-L5p3-n3-beta2__N0096__Aplus_0p02,hm-a10-g1-L5p3-n3-beta2,96,-0.02,70,3.864583333333333,9.983356244878694,9.995982679572377
hm-a10-g1-L5p3-n3-beta2__N0096__Aminus_0p02,hm-a10-g1-L5p3-n3-beta2__N0096__Aplus_0p02,hm-a10-g1-L5p3-n3-beta2,96,-0.02,71,3.9197916666666663,9.984522685142828,9.996263553898336
hm-a10-g1-L5p3-n3-beta2__N0096__Aminus_0p02,hm-a10-g1-L5p3-n3-beta2__N0096__Aplus_0p02,hm-a10-g1-L5p3-n3-beta2,96,-0.02,72,3.9749999999999996,9.98583790563842,9.996580213923442
hm-a10-g1-L5p3-n3-beta2__N0096__Aminus_0p02,hm-a10-g1-L5p3-n3-beta2__N0096__Aplus_0p02,hm-a10-g1-L5p3-n3-beta2,96,-0.02,73,4.030208333333333,9.987289322145136,9.996929616075256
hm-a10-g1-L5p3-n3-beta2__N0096__Aminus_0p02,hm-a10-g1-L5p3-n3-beta2__N0096__Aplus_0p02,hm-a10-g1-L5p3-n3-beta2,96,-0.02,74,4.085416666666666,9.988863038837733,9.997308401458028
hm-a10-g1-L5p3-n3-beta2__N0096__Aminus_0p02,hm-a10-g1-L5p3-n3-beta2__N0096__Aplus_0p02,hm-a10-g1-L5p3-n3-beta2,96,-0.02,75,4.140625,9.990543978960142,9.997712927968836
hm-a10-g1-L5p3-n3-beta2__N0096__Aminus_0p02,hm-a10-g1-L5p3-n3-beta2__N0096__Aplus_0p02,hm-a10-g1-L5p3-n3-beta2,96,-0.02,76,4.195833333333333,9.99231602698998,9.998139305149962
hm-a10-g1-L5p3-n3-beta2__N0096__Aminus_0p02,hm-a10-g1-L5p3-n3-beta2__N0096__Aplus_0p02,hm-a10-g1-L5p3-n3-beta2,96,-0.02,77,4.251041666666667,9.994162181040714,9.998583431450392
hm-a10-g1-L5p3-n3-beta2__N0096__Aminus_0p02,hm-a10-g1-L5p3-n3-beta2__N0096__Aplus_0p02,hm-a10-g1-L5p3-n3-beta2,96,-0.02,78,4.3062499999999995,9.996064714141214,9.999041033545526
hm-a10-g1-L5p3-n3-beta2__N0096__Aminus_0p02,hm-a10-g1-L5p3-n3-beta2__N0096__Aplus_0p02,hm-a10-g1-L5p3-n3-beta2,96,-0.02,79,4.361458333333333,9.998005342934215,9.999507707343358
hm-a10-g1-L5p3-n3-beta2__N0096__Aminus_0p02,hm-a10-g1-L5p3-n3-beta2__N0096__Aplus_0p02,hm-a10-g1-L5p3-n3-beta2,96,-0.02,80,4.416666666666666,9.999965402247025,9.999978960287919
hm-a10-g1-L5p3-n3-beta2__N0096__Aminus_0p02,hm-a10-g1-L5p3-n3-beta2__N0096__Aplus_0p02,hm-a10-g1-L5p3-n3-beta2,96,-0.02,81,4.471875,10.001926023911798,10.000450254556846
hm-a10-g1-L5p3-n3-beta2__N0096__Aminus_0p02,hm-a10-g1-L5p3-n3-beta2__N0096__Aplus_0p02,hm-a10-g1-L5p3-n3-beta2,96,-0.02,82,4.527083333333334,10.003868318149873,10.000917050739709
hm-a10-g1-L5p3-n3-beta2__N0096__Aminus_0p02,hm-a10-g1-L5p3-n3-beta2__N0096__Aplus_0p02,hm-a10-g1-L5p3-n3-beta2,96,-0.02,83,4.582291666666666,10.005773555786574,10.001374851577351
hm-a10-g1-L5p3-n3-beta2__N0096__Aminus_0p02,hm-a10-g1-L5p3-n3-beta2__N0096__Aplus_0p02,hm-a10-g1-L5p3-n3-beta2,96,-0.02,84,4.6375,10.007623349531022,10.001819245340204
hm-a10-g1-L5p3-n3-beta2__N0096__Aminus_0p02,hm-a10-g1-L5p3-n3-beta2__N0096__Aplus_0p02,hm-a10-g1-L5p3-n3-beta2,96,-0.02,85,4.692708333333333,10.009399832540945,10.002245948425244
hm-a10-g1-L5p3-n3-beta2__N0096__Aminus_0p02,hm-a10-g1-L5p3-n3-beta2__N0096__Aplus_0p02,hm-a10-g1-L5p3-n3-beta2,96,-0.02,86,4.747916666666667,10.011085832496242,10.002650846757161
hm-a10-g1-L5p3-n3-beta2__N0096__Aminus_0p02,hm-a10-g1-L5p3-n3-beta2__N0096__Aplus_0p02,hm-a10-g1-L5p3-n3-beta2,96,-0.02,87,4.803125,10.012665039428201,10.003030035589358
hm-a10-g1-L5p3-n3-beta2__N0096__Aminus_0p02,hm-a10-g1-L5p3-n3-beta2__N0096__Aplus_0p02,hm-a10-g1-L5p3-n3-beta2,96,-0.02,88,4.858333333333333,10.014122165594063,10.003379857314584
hm-a10-g1-L5p3-n3-beta2__N0096__Aminus_0p02,hm-a10-g1-L5p3-n3-beta2__N0096__Aplus_0p02,hm-a10-g1-L5p3-n3-beta2,96,-0.02,89,4.913541666666666,10.015443095749635,10.003696936913121
hm-a10-g1-L5p3-n3-beta2__N0096__Aminus_0p02,hm-a10-g1-L5p3-n3-beta2__N0096__Aplus_0p02,hm-a10-g1-L5p3-n3-beta2,96,-0.02,90,4.96875,10.016615026255504,10.003978214688555
hm-a10-g1-L5p3-n3-beta2__N0096__Aminus_0p02,hm-a10-g1-L5p3-n3-beta2__N0096__Aplus_0p02,hm-a10-g1-L5p3-n3-beta2,96,-0.02,91,5.023958333333333,10.017626591554997,10.004220975966925
hm-a10-g1-L5p3-n3-beta2__N0096__Aminus_0p02,hm-a10-g1-L5p3-n3-beta2__N0096__Aplus_0p02,hm-a10-g1-L5p3-n3-beta2,96,-0.02,92,5.079166666666667,10.018467976683347,10.004422877464277
hm-a10-g1-L5p3-n3-beta2__N0096__Aminus_0p02,hm-a10-g1-L5p3-n3-beta2__N0096__Aplus_0p02,hm-a10-g1-L5p3-n3-beta2,96,-0.02,93,5.1343749999999995,10.019131014606527,10.004581970060036
hm-a10-g1-L5p3-n3-beta2__N0096__Aminus_0p02,hm-a10-g1-L5p3-n3-beta2__N0096__Aplus_0p02,hm-a10-g1-L5p3-n3-beta2,96,-0.02,94,5.189583333333333,10.019609267343405,10.004696717748969
hm-a10-g1-L5p3-n3-beta2__N0096__Aminus_0p02,hm-a10-g1-L5p3-n3-beta2__N0096__Aplus_0p02,hm-a10-g1-L5p3-n3-beta2,96,-0.02,95,5.244791666666666,10.019898089994346,10.004766012582204
hm-a10-g1-L5p3-n3-beta2__N0096__Aminus_0p02,hm-a10-g1-L5p3-n3-beta2__N0096__Aplus_0p02,hm-a10-g1-L5p3-n3-beta2,96,-0.02,96,5.3,10.019994676981117,10.00478918544772
hm-a10-g1-L5p3-n3-beta2__N0096__Aminus_0p01,hm-a10-g1-L5p3-n3-beta2__N0096__Aplus_0p01,hm-a10-g1-L5p3-n3-beta2,96,-0.01,0,0.0,9.989998666253923,9.99759124060031
hm-a10-g1-L5p3-n3-beta2__N0096__Aminus_0p01,hm-a10-g1-L5p3-n3-beta2__N0096__Aplus_0p01,hm-a10-g1-L5p3-n3-beta2,96,-0.01,1,0.05520833333333333,9.990046748736237,9.997602811532024
hm-a10-g1-L5p3-n3-beta2__N0096__Aminus_0p01,hm-a10-g1-L5p3-n3-beta2__N0096__Aplus_0p01,hm-a10-g1-L5p3-n3-beta2,96,-0.01,2,0.11041666666666666,9.990190535143688,9.997637413041424
hm-a10-g1-L5p3-n3-beta2__N0096__Aminus_0p01,hm-a10-g1-L5p3-n3-beta2__N0096__Aplus_0p01,hm-a10-g1-L5p3-n3-beta2,96,-0.01,3,0.165625,9.990428646720362,9.997694712337296
hm-a10-g1-L5p3-n3-beta2__N0096__Aminus_0p01,hm-a10-g1-L5p3-n3-beta2__N0096__Aplus_0p01,hm-a10-g1-L5p3-n3-beta2,96,-0.01,4,0.22083333333333333,9.990758800042522,9.997774158311032
hm-a10-g1-L5p3-n3-beta2__N0096__Aminus_0p01,hm-a10-g1-L5p3-n3-beta2__N0096__Aplus_0p01,hm-a10-g1-L5p3-n3-beta2,96,-0.01,5,0.27604166666666663,9.991177828636369,9.997874986816642
hm-a10-g1-L5p3-n3-beta2__N0096__Aminus_0p01,hm-a10-g1-L5p3-n3-beta2__N0096__Aplus_0p01,hm-a10-g1-L5p3-n3-beta2,96,-0.01,6,0.33125,9.99168171297105,9.997996227992967
hm-a10-g1-L5p3-n3-beta2__N0096__Aminus_0p01,hm-a10-g1-L5p3-n3-beta2__N0096__Aplus_0p01,hm-a10-g1-L5p3-n3-beta2,96,-0.01,7,0.38645833333333335,9.992265618557274,9.998136715558935
hm-a10-g1-L5p3-n3-beta2__N0096__Aminus_0p01,hm-a10-g1-L5p3-n3-beta2__N0096__Aplus_0p01,hm-a10-g1-L5p3-n3-beta2,96,-0.01,8,0.44166666666666665,9.992923941808037,9.998295097994129
hm-a10-g1-L5p3-n3-beta2__N0096__Aminus_0p01,hm-a10-g1-L5p3-n3-beta2__N0096__Aplus_0p01,hm-a10-g1-L5p3-n3-beta2,96,-0.01,9,0.49687499999999996,9.993650363246516,9.998469851498905
hm-a10-g1-L5p3-n3-beta2__N0096__Aminus_0p01,hm-a10-g1-L5p3-n3-beta2__N0096__Aplus_0p01,hm-a10-g1-L5p3-n3-beta2,96,-0.01,10,0.5520833333333333,9.994437907577757,9.99865929461143
hm-a10-g1-L5p3-n3-beta2__N0096__Aminus_0p01,hm-a10-g1-L5p3-n3-beta2__N0096__Aplus_0p01,hm-a10-g1-L5p3-n3-beta2,96,-0.01,11,0.6072916666666667,9.995279010075851,9.99886160434307
hm-a10-g1-L5p3-n3-beta2__N0096__Aminus_0p01,hm-a10-g1-L5p3-n3-beta2__N0096__Aplus_0p01,hm-a10-g1-L5p3-n3-beta2,96,-0.01,12,0.6625,9.996165588677519,9.99907483367898
hm-a10-g1-L5p3-n3-beta2__N0096__Aminus_0p01,hm-a10-g1-L5p3-n3-beta2__N0096__Aplus_0p01,hm-a10-g1-L5p3-n3-beta2,96,-0.01,13,0.7177083333333333,9.9970891211169,9.999296930277488
hm-a10-g1-L5p3-n3-beta2__N0096__Aminus_0p01,hm-a10-g1-L5p3-n3-beta2__N0096__Aplus_0p01,hm-a10-g1-L5p3-n3-beta2,96,-0.01,14,0.7729166666666667,9.998040726385636,9.999525756190158
hm-a10-g1-L5p3-n3-beta2__N0096__Aminus_0p01,hm-a10-g1-L5p3-n3-beta2__N0096__Aplus_0p01,hm-a10-g1-L5p3-n3-beta2,96,-0.01,15,0.828125,9.999011249757327,9.999759108414372
hm-a10-g1-L5p3-n3-beta2__N0096__Aminus_0p01,hm-a10-g1-L5p3-n3-beta2__N0096__Aplus_0p01,hm-a10-g1-L5p3-n3-beta2,96,-0.01,16,0.8833333333333333,9.999991350576973,9.99999474008191
hm-a10-g1-L5p3-n3-beta2__N0096__Aminus_0p01,hm-a10-g1-L5p3-n3-beta2__N0096__Aplus_0p01,hm-a10-g1-L5p3-n3-beta2,96,-0.01,17,0.9385416666666666,10.00097159198445,10.000230382080524
hm-a10-g1-L5p3-n3-beta2__N0096__Aminus_0p01,hm-a10-g1-L5p3-n3-beta2__N0096__Aplus_0p01,hm-a10-g1-L5p3-n3-beta2,96,-0.01,18,0.9937499999999999,10.001942531716924,10.000463764900946
hm-a10-g1-L5p3-n3-beta2__N0096__Aminus_0p01,hm-a10-g1-L5p3-n3-beta2__N0096__Aplus_0p01,hm-a10-g1-L5p3-n3-beta2,96,-0.01,19,1.0489583333333332,10.002894813118894,10.000692640499164
hm-a10-g1-L5p3-n3-beta2__N0096__Aminus_0p01,hm-a10-g1-L5p3-n3-beta2__N0096__Aplus_0p01,hm-a10-g1-L5p3-n3-beta2,96,-0.01,20,1.1041666666666665,10.00381925548055,10.00091480396317
hm-a10-g1-L5p3-n3-beta2__N0096__Aminus_0p01,hm-a10-g1-L5p3-n3-beta2__N0096__Aplus_0p01,hm-a10-g1-L5p3-n3-beta2,96,-0.01,21,1.159375,10.004706942825745,10.001128114774927
hm-a10-g1-L5p3-n3-beta2__N0096__Aminus_0p01,hm-a10-g1-L5p3-n3-beta2__N0096__Aplus_0p01,hm-a10-g1-L5p3-n3-beta2,96,-0.01,22,1.2145833333333333,10.005549310280246,10.001330517461689
hm-a10-g1-L5p3-n3-beta2__N0096__Aminus_0p01,hm-a10-g1-L5p3-n3-beta2__N0096__Aplus_0p01,hm-a10-g1-L5p3-n3-beta2,96,-0.01,23,1.2697916666666667,10.006338227169213,10.0015200614364
hm-a10-g1-L5p3-n3-beta2__N0096__Aminus_0p01,hm-a10-g1-L5p3-n3-beta2__N0096__Aplus_0p01,hm-a10-g1-L5p3-n3-beta2,96,-0.01,24,1.325,10.007066076020127,10.001694919834348
hm-a10-g1-L5p3-n3-beta2__N0096__Aminus_0p01,hm-a10-g1-L5p3-n3-beta2__N0096__Aplus_0p01,hm-a10-g1-L5p3-n3-beta2,96,-0.01,25,1.3802083333333333,10.007725826683378,10.001853407162715
hm-a10-g1-L5p3-n3-beta2__N0096__Aminus_0p01,hm-a10-g1-L5p3-n3-beta2__N0096__Aplus_0p01,hm-a10-g1-L5p3-n3-beta2,96,-0.01,26,1.4354166666666666,10.008311104827476,10.001993995590873
hm-a10-g1-L5p3-n3-beta2__N0096__Aminus_0p01,hm-a10-g1-L5p3-n3-beta2__N0096__Aplus_0p01,hm-a10-g1-L5p3-n3-beta2,96,-0.01,27,1.4906249999999999,10.008816254118775,10.002115329722322
hm-a10-g1-L5p3-n3-beta2__N0096__Aminus_0p01,hm-a10-g1-L5p3-n3-beta2__N0096__Aplus_0p01,hm-a10-g1-L5p3-n3-beta2,96,-0.01,28,1.5458333333333334,10.009236391456401,10.002216239703783
hm-a10-g1-L5p3-n3-beta2__N0096__Aminus_0p01,hm-a10-g1-L5p3-n3-beta2__N0096__Aplus_0p01,hm-a10-g1-L5p3-n3-beta2,96,-0.01,29,1.6010416666666667,10.009567454701088,10.002295752543018
hm-a10-g1-L5p3-n3-beta2__N0096__Aminus_0p01,hm-a10-g1-L5p3-n3-beta2__N0096__Aplus_0p01,hm-a10-g1-L5p3-n3-beta2,96,-0.01,30,1.65625,10.009806242411203,10.00235310152444
hm-a10-g1-L5p3-n3-beta2__N0096__Aminus_0p01,hm-a10-g1-L5p3-n3-beta2__N0096__Aplus_0p01,hm-a10-g1-L5p3-n3-beta2,96,-0.01,31,1.7114583333333333,10.00995044517957,10.002387733630046
hm-a10-g1-L5p3-n3-beta2__N0096__Aminus_0p01,hm-a10-g1-L5p3-n3-beta2__N0096__Aplus_0p01,hm-a10-g1-L5p3-n3-beta2,96,-0.01,32,1.7666666666666666,10.009998668249745,10.002399314892832
hm-a10-g1-L5p3-n3-beta2__N0096__Aminus_0p01,hm-a10-g1-L5p3-n3-beta2__N0096__Aplus_0p01,hm-a10-g1-L5p3-n3-beta2,96,-0.01,33,1.821875,10.009950445179529,10.002387733630034
hm-a10-g1-L5p3-n3-beta2__N0096__Aminus_0p01,hm-a10-g1-L5p3-n3-beta2__N0096__Aplus_0p01,hm-a10-g1-L5p3-n3-beta2,96,-0.01,34,1.8770833333333332,10.009806242411122,10.002353101524418
hm-a10-g1-L5p3-n3-beta2__N0096__Aminus_0p01,hm-a10-g1-L5p3-n3-beta2__N0096__Aplus_0p01,hm-a10-g1-L5p3-n3-beta2,96,-0.01,35,1.9322916666666665,10.009567454700965,10.002295752542985
hm-a10-g1-L5p3-n3-beta2__N0096__Aminus_0p01,hm-a10-g1-L5p3-n3-beta2__N0096__Aplus_0p01,hm-a10-g1-L5p3-n3-beta2,96,-0.01,36,1.9874999999999998,10.009236391456241,10.002216239703738
hm-a10-g1-L5p3-n3-beta2__N0096__Aminus_0p01,hm-a10-g1-L5p3-n3-beta2__N0096__Aplus_0p01,hm-a10-g1-L5p3-n3-beta2,96,-0.01,37,2.042708333333333,10.008816254118576,10.002115329722269
hm-a10-g1-L5p3-n3-beta2__N0096__Aminus_0p01,hm-a10-g1-L5p3-n3-beta2__N0096__Aplus_0p01,hm-a10-g1-L5p3-n3-beta2,96,-0.01,38,2.0979166666666664,10.00831110482724,10.00199399559081
hm-a10-g1-L5p3-n3-beta2__N0096__Aminus_0p01,hm-a10-g1-L5p3-n3-beta2__N0096__Aplus_0p01,hm-a10-g1-L5p3-n3-beta2,96,-0.01,39,2.1531249999999997,10.007725826683108,10.001853407162644
hm-a10-g1-L5p3-n3-beta2__N0096__Aminus_0p01,hm-a10-g1-L5p3-n3-beta2__N0096__Aplus_0p01,hm-a10-g1-L5p3-n3-beta2,96,-0.01,40,2.208333333333333,10.007066076019825,10.001694919834266
hm-a10-g1-L5p3-n3-beta2__N0096__Aminus_0p01,hm-a10-g1-L5p3-n3-beta2__N0096__Aplus_0p01,hm-a10-g1-L5p3-n3-beta2,96,-0.01,41,2.263541666666667,10.00633822716888,10.001520061436308
hm-a10-g1-L5p3-n3-beta2__N0096__Aminus_0p01,hm-a10-g1-L5p3-n3-beta2__N0096__Aplus_0p01,hm-a10-g1-L5p3-n3-beta2,96,-0.01,42,2.31875,10.005549310279886,10.001330517461591
hm-a10-g1-L5p3-n3-beta2__N0096__Aminus_0p01,hm-a10-g1-L5p3-n3-beta2__N0096__Aplus_0p01,hm-a10-g1-L5p3-n3-beta2,96,-0.01,43,2.3739583333333334,10.00470694282536,10.001128114774822
hm-a10-g1-L5p3-n3-beta2__N0096__Aminus_0p01,hm-a10-g1-L5p3-n3-beta2__N0096__Aplus_0p01,hm-a10-g1-L5p3-n3-beta2,96,-0.01,44,2.4291666666666667,10.003819255480142,10.000914803963056
hm-a10-g1-L5p3-n3-beta2__N0096__Aminus_0p01,hm-a10-g1-L5p3-n3-beta2__N0096__Aplus_0p01,hm-a10-g1-L5p3-n3-beta2,96,-0.01,45,2.484375,10.002894813118466,10.000692640499041
hm-a10-g1-L5p3-n3-beta2__N0096__Aminus_0p01,hm-a10-g1-L5p3-n3-beta2__N0096__Aplus_0p01,hm-a10-g1-L5p3-n3-beta2,96,-0.01,46,2.5395833333333333,10.001942531716479,10.000463764900816
hm-a10-g1-L5p3-n3-beta2__N0096__Aminus_0p01,hm-a10-g1-L5p3-n3-beta2__N0096__Aplus_0p01,hm-a10-g1-L5p3-n3-beta2,96,-0.01,47,2.5947916666666666,10.00097159198399,10.000230382080385
hm-a10-g1-L5p3-n3-beta2__N0096__Aminus_0p01,hm-a10-g1-L5p3-n3-beta2__N0096__Aplus_0p01,hm-a10-g1-L5p3-n3-beta2,96,-0.01,48,2.65,9.999991350576503,9.999994740081764
hm-a10-g1-L5p3-n3-beta2__N0096__Aminus_0p01,hm-a10-g1-L5p3-n3-beta2__N0096__Aplus_0p01,hm-a10-g1-L5p3-n3-beta2,96,-0.01,49,2.705208333333333,9.999011249756848,9.999759108414219
hm-a10-g1-L5p3-n3-beta2__N0096__Aminus_0p01,hm-a10-g1-L5p3-n3-beta2__N0096__Aplus_0p01,hm-a10-g1-L5p3-n3-beta2,96,-0.01,50,2.7604166666666665,9.99804072638515,9.999525756189998
hm-a10-g1-L5p3-n3-beta2__N0096__Aminus_0p01,hm-a10-g1-L5p3-n3-beta2__N0096__Aplus_0p01,hm-a10-g1-L5p3-n3-beta2,96,-0.01,51,2.815625,9.997089121116408,9.999296930277321
hm-a10-g1-L5p3-n3-beta2__N0096__Aminus_0p01,hm-a10-g1-L5p3-n3-beta2__N0096__Aplus_0p01,hm-a10-g1-L5p3-n3-beta2,96,-0.01,52,2.870833333333333,9.996165588677025,9.999074833678808
hm-a10-g1-L5p3-n3-beta2__N0096__Aminus_0p01,hm-a10-g1-L5p3-n3-beta2__N0096__Aplus_0p01,hm-a10-g1-L5p3-n3-beta2,96,-0.01,53,2.9260416666666664,9.995279010075357,9.998861604342892
hm-a10-g1-L5p3-n3-beta2__N0096__Aminus_0p01,hm-a10-g1-L5p3-n3-beta2__N0096__Aplus_0p01,hm-a10-g1-L5p3-n3-beta2,96,-0.01,54,2.9812499999999997,9.994437907577263,9.998659294611247
hm-a10-g1-L5p3-n3-beta2__N0096__Aminus_0p01,hm-a10-g1-L5p3-n3-beta2__N0096__Aplus_0p01,hm-a10-g1-L5p3-n3-beta2,96,-0.01,55,3.036458333333333,9.993650363246024,9.99846985149872
hm-a10-g1-L5p3-n3-beta2__N0096__Aminus_0p01,hm-a10-g1-L5p3-n3-beta2__N0096__Aplus_0p01,hm-a10-g1-L5p3-n3-beta2,96,-0.01,56,3.091666666666667,9.992923941807549,9.998295097993946
hm-a10-g1-L5p3-n3-beta2__N0096__Aminus_0p01,hm-a10-g1-L5p3-n3-beta2__N0096__Aplus_0p01,hm-a10-g1-L5p3-n3-beta2,96,-0.01,57,3.146875,9.99226561855679,9.99813671555875
hm-a10-g1-L5p3-n3-beta2__N0096__Aminus_0p01,hm-a10-g1-L5p3-n3-beta2__N0096__Aplus_0p01,hm-a10-g1-L5p3-n3-beta2,96,-0.01,58,3.2020833333333334,9.99168171297057,9.997996227992783
hm-a10-g1-L5p3-n3-beta2__N0096__Aminus_0p01,hm-a10-g1-L5p3-n3-beta2__N0096__Aplus_0p01,hm-a10-g1-L5p3-n3-beta2,96,-0.01,59,3.2572916666666667,9.991177828635896,9.997874986816463
hm-a10-g1-L5p3-n3-beta2__N0096__Aminus_0p01,hm-a10-g1-L5p3-n3-beta2__N0096__Aplus_0p01,hm-a10-g1-L5p3-n3-beta2,96,-0.01,60,3.3125,9.990758800042057,9.997774158310854
hm-a10-g1-L5p3-n3-beta2__N0096__Aminus_0p01,hm-a10-g1-L5p3-n3-beta2__N0096__Aplus_0p01,hm-a10-g1-L5p3-n3-beta2,96,-0.01,61,3.3677083333333333,9.990428646719906,9.99769471233712
hm-a10-g1-L5p3-n3-beta2__N0096__Aminus_0p01,hm-a10-g1-L5p3-n3-beta2__N0096__Aplus_0p01,hm-a10-g1-L5p3-n3-beta2,96,-0.01,62,3.4229166666666666,9.990190535143238,9.99763741304125
hm-a10-g1-L5p3-n3-beta2__N0096__Aminus_0p01,hm-a10-g1-L5p3-n3-beta2__N0096__Aplus_0p01,hm-a10-g1-L5p3-n3-beta2,96,-0.01,63,3.478125,9.990046748735798,9.997602811531854
hm-a10-g1-L5p3-n3-beta2__N0096__Aminus_0p01,hm-a10-g1-L5p3-n3-beta2__N0096__Aplus_0p01,hm-a10-g1-L5p3-n3-beta2,96,-0.01,64,3.533333333333333,9.989998666253497,9.99759124060014
hm-a10-g1-L5p3-n3-beta2__N0096__Aminus_0p01,hm-a10-g1-L5p3-n3-beta2__N0096__Aplus_0p01,hm-a10-g1-L5p3-n3-beta2,96,-0.01,65,3.5885416666666665,9.990046748735821,9.99760281153186
hm-a10-g1-L5p3-n3-beta2__N0096__Aminus_0p01,hm-a10-g1-L5p3-n3-beta2__N0096__Aplus_0p01,hm-a10-g1-L5p3-n3-beta2,96,-0.01,66,3.64375,9.990190535143284,9.997637413041264
hm-a10-g1-L5p3-n3-beta2__N0096__Aminus_0p01,hm-a10-g1-L5p3-n3-beta2__N0096__Aplus_0p01,hm-a10-g1-L5p3-n3-beta2,96,-0.01,67,3.698958333333333,9.990428646719973,9.997694712337145
hm-a10-g1-L5p3-n3-beta2__N0096__Aminus_0p01,hm-a10-g1-L5p3-n3-beta2__N0096__Aplus_0p01,hm-a10-g1-L5p3-n3-beta2,96,-0.01,68,3.7541666666666664,9.990758800042148,9.997774158310886
hm-a10-g1-L5p3-n3-beta2__N0096__Aminus_0p01,hm-a10-g1-L5p3-n3-beta2__N0096__Aplus_0p01,hm-a10-g1-L5p3-n3-beta2,96,-0.01,69,3.8093749999999997,9.991177828636006,9.997874986816504
hm-a10-g1-L5p3-n3-beta2__N0096__Aminus_0p01,hm-a10-g1-L5p3-n3-beta2__N0096__Aplus_0p01,hm-a10-g1-L5p3-n3-beta2,96,-0.01,70,3.864583333333333,9.991681712970703,9.997996227992832
hm-a10-g1-L5p3-n3-beta2__N0096__Aminus_0p01,hm-a10-g1-L5p3-n3-beta2__N0096__Aplus_0p01,hm-a10-g1-L5p3-n3-beta2,96,-0.01,71,3.9197916666666663,9.992265618556942,9.998136715558804
hm-a10-g1-L5p3-n3-beta2__N0096__Aminus_0p01,hm-a10-g1-L5p3-n3-beta2__N0096__Aplus_0p01,hm-a10-g1-L5p3-n3-beta2,96,-0.01,72,3.9749999999999996,9.992923941807723,9.998295097994003
hm-a10-g1-L5p3-n3-beta2__N0096__Aminus_0p01,hm-a10-g1-L5p3-n3-beta2__N0096__Aplus_0p01,hm-a10-g1-L5p3-n3-beta2,96,-0.01,73,4.030208333333333,9.99365036324622,9.998469851498783
hm-a10-g1-L5p3-n3-beta2__N0096__Aminus_0p01,hm-a10-g1-L5p3-n3-beta2__N0096__Aplus_0p01,hm-a10-g1-L5p3-n3-beta2,96,-0.01,74,4.085416666666666,9.994437907577476,9.998659294611313
hm-a10-g1-L5p3-n3-beta2__N0096__Aminus_0p01,hm-a10-g1-L5p3-n3-beta2__N0096__Aplus_0p01,hm-a10-g1-L5p3-n3-beta2,96,-0.01,75,4.140625,9.995279010075588,9.99886160434296
hm-a10-g1-L5p3-n3-beta2__N0096__Aminus_0p01,hm-a10-g1-L5p3-n3-beta2__N0096__Aplus_0p01,hm-a10-g1-L5p3-n3-beta2,96,-0.01,76,4.195833333333333,9.996165588677274,9.999074833678877
hm-a10-g1-L5p3-n3-beta2__N0096__Aminus_0p01,hm-a10-g1-L5p3-n3-beta2__N0096__Aplus_0p01,hm-a10-g1-L5p3-n3-beta2,96,-0.01,77,4.251041666666667,9.997089121116671,9.999296930277392
hm-a10-g1-L5p3-n3-beta2__N0096__Aminus_0p01,hm-a10-g1-L5p3-n3-beta2__N0096__Aplus_0p01,hm-a10-g1-L5p3-n3-beta2,96,-0.01,78,4.3062499999999995,9.998040726385426,9.999525756190067
hm-a10-g1-L5p3-n3-beta2__N0096__Aminus_0p01,hm-a10-g1-L5p3-n3-beta2__N0096__Aplus_0p01,hm-a10-g1-L5p3-n3-beta2,96,-0.01,79,4.361458333333333,9.999011249757134,9.99975910841429
hm-a10-g1-L5p3-n3-beta2__N0096__Aminus_0p01,hm-a10-g1-L5p3-n3-beta2__N0096__Aplus_0p01,hm-a10-g1-L5p3-n3-beta2,96,-0.01,80,4.416666666666666,9.999991350576797,9.999994740081835
hm-a10-g1-L5p3-n3-beta2__N0096__Aminus_0p01,hm-a10-g1-L5p3-n3-beta2__N0096__Aplus_0p01,hm-a10-g1-L5p3-n3-beta2,96,-0.01,81,4.471875,10.00097159198429,10.000230382080456
hm-a10-g1-L5p3-n3-beta2__N0096__Aminus_0p01,hm-a10-g1-L5p3-n3-beta2__N0096__Aplus_0p01,hm-a10-g1-L5p3-n3-beta2,96,-0.01,82,4.527083333333334,10.001942531716782,10.000463764900887
hm-a10-g1-L5p3-n3-beta2__N0096__Aminus_0p01,hm-a10-g1-L5p3-n3-beta2__N0096__Aplus_0p01,hm-a10-g1-L5p3-n3-beta2,96,-0.01,83,4.582291666666666,10.00289481311877,10.000692640499114
hm-a10-g1-L5p3-n3-beta2__N0096__Aminus_0p01,hm-a10-g1-L5p3-n3-beta2__N0096__Aplus_0p01,hm-a10-g1-L5p3-n3-beta2,96,-0.01,84,4.6375,10.003819255480442,10.000914803963127
hm-a10-g1-L5p3-n3-beta2__N0096__Aminus_0p01,hm-a10-g1-L5p3-n3-beta2__N0096__Aplus_0p01,hm-a10-g1-L5p3-n3-beta2,96,-0.01,85,4.692708333333333,10.004706942825656,10.001128114774891
hm-a10-g1-L5p3-n3-beta2__N0096__Aminus_0p01,hm-a10-g1-L5p3-n3-beta2__N0096__Aplus_0p01,hm-a10-g1-L5p3-n3-beta2,96,-0.01,86,4.747916666666667,10.005549310280173,10.001330517461662
hm-a10-g1-L5p3-n3-beta2__N0096__Aminus_0p01,hm-a10-g1-L5p3-n3-beta2__N0096__Aplus_0p01,hm-a10-g1-L5p3-n3-beta2,96,-0.01,87,4.803125,10.006338227169158,10.00152006143638
hm-a10-g1-L5p3-n3-beta2__N0096__Aminus_0p01,hm-a10-g1-L5p3-n3-beta2__N0096__Aplus_0p01,hm-a10-g1-L5p3-n3-beta2,96,-0.01,88,4.858333333333333,10.00706607602009,10.001694919834339
hm-a10-g1-L5p3-n3-beta2__N0096__Aminus_0p01,hm-a10-g1-L5p3-n3-beta2__N0096__Aplus_0p01,hm-a10-g1-L5p3-n3-beta2,96,-0.01,89,4.913541666666666,10.007725826683357,10.001853407162715
hm-a10-g1-L5p3-n3-beta2__N0096__Aminus_0p01,hm-a10-g1-L5p3-n3-beta2__N0096__Aplus_0p01,hm-a10-g1-L5p3-n3-beta2,96,-0.01,90,4.96875,10.008311104827472,10.00199399559088
hm-a10-g1-L5p3-n3-beta2__N0096__Aminus_0p01,hm-a10-g1-L5p3-n3-beta2__N0096__Aplus_0p01,hm-a10-g1-L5p3-n3-beta2,96,-0.01,91,5.023958333333333,10.00881625411879,10.002115329722336
hm-a10-g1-L5p3-n3-beta2__N0096__Aminus_0p01,hm-a10-g1-L5p3-n3-beta2__N0096__Aplus_0p01,hm-a10-g1-L5p3-n3-beta2,96,-0.01,92,5.079166666666667,10.009236391456437,10.002216239703804
hm-a10-g1-L5p3-n3-beta2__N0096__Aminus_0p01,hm-a10-g1-L5p3-n3-beta2__N0096__Aplus_0p01,hm-a10-g1-L5p3-n3-beta2,96,-0.01,93,5.1343749999999995,10.009567454701141,10.002295752543047
hm-a10-g1-L5p3-n3-beta2__N0096__Aminus_0p01,hm-a10-g1-L5p3-n3-beta2__N0096__Aplus_0p01,hm-a10-g1-L5p3-n3-beta2,96,-0.01,94,5.189583333333333,10.009806242411278,10.002353101524475
hm-a10-g1-L5p3-n3-beta2__N0096__Aminus_0p01,hm-a10-g1-L5p3-n3-beta2__N0096__Aplus_0p01,hm-a10-g1-L5p3-n3-beta2,96,-0.01,95,5.244791666666666,10.009950445179664,10.002387733630089
hm-a10-g1-L5p3-n3-beta2__N0096__Aminus_0p01,hm-a10-g1-L5p3-n3-beta2__N0096__Aplus_0p01,hm-a10-g1-L5p3-n3-beta2,96,-0.01,96,5.3,10.00999866824986,10.002399314892882
hm-a10-g1-L5p3-n3-beta2__N0096__Aminus_0p005,hm-a10-g1-L5p3-n3-beta2__N0096__Aplus_0p005,hm-a10-g1-L5p3-n3-beta2,96,-0.005,0,0.0,9.99499966668845,9.998796800876853
hm-a10-g1-L5p3-n3-beta2__N0096__Aminus_0p005,hm-a10-g1-L5p3-n3-beta2__N0096__Aplus_0p005,hm-a10-g1-L5p3-n3-beta2,96,-0.005,1,0.05520833333333333,9.995023725486986,9.998802587633545
hm-a10-g1-L5p3-n3-beta2__N0096__Aminus_0p005,hm-a10-g1-L5p3-n3-beta2__N0096__Aplus_0p005,hm-a10-g1-L5p3-n3-beta2,96,-0.005,2,0.11041666666666666,9.995095670688896,9.998819892211166
hm-a10-g1-L5p3-n3-beta2__N0096__Aminus_0p005,hm-a10-g1-L5p3-n3-beta2__N0096__Aplus_0p005,hm-a10-g1-L5p3-n3-beta2,96,-0.005,3,0.165625,9.995214810920201,9.99884854806728
hm-a10-g1-L5p3-n3-beta2__N0096__Aminus_0p005,hm-a10-g1-L5p3-n3-beta2__N0096__Aplus_0p005,hm-a10-g1-L5p3-n3-beta2,96,-0.005,4,0.22083333333333333,9.99538000122745,9.998888279409119
hm-a10-g1-L5p3-n3-beta2__N0096__Aminus_0p005,hm-a10-g1-L5p3-n3-beta2__N0096__Aplus_0p005,hm-a10-g1-L5p3-n3-beta2,96,-0.005,5,0.27604166666666663,9.995589654010873,9.99893870384277
hm-a10-g1-L5p3-n3-beta2__N0096__Aminus_0p005,hm-a10-g1-L5p3-n3-beta2__N0096__Aplus_0p005,hm-a10-g1-L5p3-n3-beta2,96,-0.005,6,0.33125,9.995841754188165,9.998999336046579
hm-a10-g1-L5p3-n3-beta2__N0096__Aminus_0p005,hm-a10-g1-L5p3-n3-beta2__N0096__Aplus_0p005,hm-a10-g1-L5p3-n3-beta2,96,-0.005,7,0.38645833333333335,9.996133878447678,9.999069592433809
hm-a10-g1-L5p3-n3-beta2__N0096__Aminus_0p005,hm-a10-g1-L5p3-n3-beta2__N0096__Aplus_0p005,hm-a10-g1-L5p3-n3-beta2,96,-0.005,8,0.44166666666666665,9.996463218411478,9.999148796760045
hm-a10-g1-L5p3-n3-beta2__N0096__Aminus_0p005,hm-a10-g1-L5p3-n3-beta2__N0096__Aplus_0p005,hm-a10-g1-L5p3-n3-beta2,96,-0.005,9,0.49687499999999996,9.996826607491915,9.999236186621848
hm-a10-g1-L5p3-n3-beta2__N0096__Aminus_0p005,hm-a10-g1-L5p3-n3-beta2__N0096__Aplus_0p005,hm-a10-g1-L5p3-n3-beta2,96,-0.005,10,0.5520833333333333,9.997220551190313,9.999330920784626
hm-a10-g1-L5p3-n3-beta2__N0096__Aminus_0p005,hm-a10-g1-L5p3-n3-beta2__N0096__Aplus_0p005,hm-a10-g1-L5p3-n3-beta2,96,-0.005,11,0.6072916666666667,9.997641260553578,9.999432087269657
hm-a10-g1-L5p3-n3-beta2__N0096__Aminus_0p005,hm-a10-g1-L5p3-n3-beta2__N0096__Aplus_0p005,hm-a10-g1-L5p3-n3-beta2,96,-0.005,12,0.6625,9.998084688474085,9.999538712123009
hm-a10-g1-L5p3-n3-beta2__N0096__Aminus_0p005,hm-a10-g1-L5p3-n3-beta2__N0096__Aplus_0p005,hm-a10-g1-L5p3-n3-beta2,96,-0.005,13,0.7177083333333333,9.998546568490562,9.999649768782383
hm-a10-g1-L5p3-n3-beta2__N0096__Aminus_0p005,hm-a10-g1-L5p3-n3-beta2__N0096__Aplus_0p005,hm-a10-g1-L5p3-n3-beta2,96,-0.005,14,0.7729166666666667,9.999022455722992,9.999764187952195
hm-a10-g1-L5p3-n3-beta2__N0096__Aminus_0p005,hm-a10-g1-L5p3-n3-beta2__N0096__Aplus_0p005,hm-a10-g1-L5p3-n3-beta2,96,-0.005,15,0.828125,9.999507769553238,9.999880867892223
hm-a10-g1-L5p3-n3-beta2__N0096__Aminus_0p005,hm-a10-g1-L5p3-n3-beta2__N0096__Aplus_0p005,hm-a10-g1-L5p3-n3-beta2,96,-0.005,16,0.8833333333333333,9.99999783764519,9.999998685021088
hm-a10-g1-L5p3-n3-beta2__N0096__Aminus_0p005,hm-a10-g1-L5p3-n3-beta2__N0096__Aplus_0p005,hm-a10-g1-L5p3-n3-beta2,96,-0.005,17,0.9385416666666666,10.000487940884089,10.000116504732723
hm-a10-g1-L5p3-n3-beta2__N0096__Aminus_0p005,hm-a10-g1-L5p3-n3-beta2__N0096__Aplus_0p005,hm-a10-g1-L5p3-n3-beta2,96,-0.005,18,0.9937499999999999,10.0009733588045,10.000233192321799
hm-a10-g1-L5p3-n3-beta2__N0096__Aminus_0p005,hm-a10-g1-L5p3-n3-beta2__N0096__Aplus_0p005,hm-a10-g1-L5p3-n3-beta2,96,-0.005,19,1.0489583333333332,10.001449415070184,10.000347623912992
hm-a10-g1-L5p3-n3-beta2__N0096__Aminus_0p005,hm-a10-g1-L5p3-n3-beta2__N0096__Aplus_0p005,hm-a10-g1-L5p3-n3-beta2,96,-0.005,20,1.1041666666666665,10.001911522567154,10.000458697288732
hm-a10-g1-L5p3-n3-beta2__N0096__Aminus_0p005,hm-a10-g1-L5p3-n3-beta2__N0096__Aplus_0p005,hm-a10-g1-L5p3-n3-beta2,96,-0.005,21,1.159375,10.002355227673446,10.000565342511036
hm-a10-g1-L5p3-n3-beta2__N0096__Aminus_0p005,hm-a10-g1-L5p3-n3-beta2__N0096__Aplus_0p005,hm-a10-g1-L5p3-n3-beta2,96,-0.005,22,1.2145833333333333,10.002776253275695,10.000666532234835
hm-a10-g1-L5p3-n3-beta2__N0096__Aminus_0p005,hm-a10-g1-L5p3-n3-beta2__N0096__Aplus_0p005,hm-a10-g1-L5p3-n3-beta2,96,-0.005,23,1.2697916666666667,10.003170540113388,10.000761291613143
hm-a10-g1-L5p3-n3-beta2__N0096__Aminus_0p005,hm-a10-g1-L5p3-n3-beta2__N0096__Aplus_0p005,hm-a10-g1-L5p3-n3-beta2,96,-0.005,24,1.325,10.003534286046781,10.000848707698227
hm-a10-g1-L5p3-n3-beta2__N0096__Aminus_0p005,hm-a10-g1-L5p3-n3-beta2__N0096__Aplus_0p005,hm-a10-g1-L5p3-n3-beta2,96,-0.005,25,1.3802083333333333,10.003863982863539,10.000927938247738
hm-a10-g1-L5p3-n3-beta2__N0096__Aminus_0p005,hm-a10-g1-L5p3-n3-beta2__N0096__Aplus_0p005,hm-a10-g1-L5p3-n3-beta2,96,-0.005,26,1.4354166666666666,10.00415645026235,10.0009982198505
hm-a10-g1-L5p3-n3-beta2__N0096__Aminus_0p005,hm-a10-g1-L5p3-n3-beta2__N0096__Aplus_0p005,hm-a10-g1-L5p3-n3-beta2,96,-0.005,27,1.4906249999999999,10.004408866678634,10.001058875293074
hm-a10-g1-L5p3-n3-beta2__N0096__Aminus_0p005,hm-a10-g1-L5p3-n3-beta2__N0096__Aplus_0p005,hm-a10-g1-L5p3-n3-beta2,96,-0.005,28,1.5458333333333334,10.00461879664785,10.001109320095674
hm-a10-g1-L5p3-n3-beta2__N0096__Aminus_0p005,hm-a10-g1-L5p3-n3-beta2__N0096__Aplus_0p005,hm-a10-g1-L5p3-n3-beta2,96,-0.005,29,1.6010416666666667,10.004784214435597,10.001149068153877
hm-a10-g1-L5p3-n3-beta2__N0096__Aminus_0p005,hm-a10-g1-L5p3-n3-beta2__N0096__Aplus_0p005,hm-a10-g1-L5p3-n3-beta2,96,-0.005,30,1.65625,10.004903523700158,10.001177736431366
hm-a10-g1-L5p3-n3-beta2__N0096__Aminus_0p005,hm-a10-g1-L5p3-n3-beta2__N0096__Aplus_0p005,hm-a10-g1-L5p3-n3-beta2,96,-0.005,31,1.7114583333333333,10.004975572992226,10.001195048658033
hm-a10-g1-L5p3-n3-beta2__N0096__Aminus_0p005,hm-a10-g1-L5p3-n3-beta2__N0096__Aplus_0p005,hm-a10-g1-L5p3-n3-beta2,96,-0.005,32,1.7666666666666666,10.004999666937694,10.001200837997489
hm-a10-g1-L5p3-n3-beta2__N0096__Aminus_0p005,hm-a10-g1-L5p3-n3-beta2__N0096__Aplus_0p005,hm-a10-g1-L5p3-n3-beta2,96,-0.005,33,1.821875,10.004975572992187,10.001195048658024
hm-a10-g1-L5p3-n3-beta2__N0096__Aminus_0p005,hm-a10-g1-L5p3-n3-beta2__N0096__Aplus_0p005,hm-a10-g1-L5p3-n3-beta2,96,-0.005,34,1.8770833333333332,10.004903523700081,10.001177736431348
hm-a10-g1-L5p3-n3-beta2__N0096__Aminus_0p005,hm-a10-g1-L5p3-n3-beta2__N0096__Aplus_0p005,hm-a10-g1-L5p3-n3-beta2,96,-0.005,35,1.9322916666666665,10.004784214435483,10.001149068153849
hm-a10-g1-L5p3-n3-beta2__N0096__Aminus_0p005,hm-a10-g1-L5p3-n3-beta2__N0096__Aplus_0p005,hm-a10-g1-L5p3-n3-beta2,96,-0.005,36,1.9874999999999998,10.0046187966477,10.001109320095637
hm-a10-g1-L5p3-n3-beta2__N0096__Aminus_0p005,hm-a10-g1-L5p3-n3-beta2__N0096__Aplus_0p005,hm-a10-g1-L5p3-n3-beta2,96,-0.005,37,2.042708333333333,10.004408866678448,10.00105887529303
hm-a10-g1-L5p3-n3-beta2__N0096__Aminus_0p005,hm-a10-g1-L5p3-n3-beta2__N0096__Aplus_0p005,hm-a10-g1-L5p3-n3-beta2,96,-0.005,38,2.0979166666666664,10.004156450262132,10.000998219850446
hm-a10-g1-L5p3-n3-beta2__N0096__Aminus_0p005,hm-a10-g1-L5p3-n3-beta2__N0096__Aplus_0p005,hm-a10-g1-L5p3-n3-beta2,96,-0.005,39,2.1531249999999997,10.003863982863287,10.000927938247676
hm-a10-g1-L5p3-n3-beta2__N0096__Aminus_0p005,hm-a10-g1-L5p3-n3-beta2__N0096__Aplus_0p005,hm-a10-g1-L5p3-n3-beta2,96,-0.005,40,2.208333333333333,10.003534286046499,10.000848707698154
hm-a10-g1-L5p3-n3-beta2__N0096__Aminus_0p005,hm-a10-g1-L5p3-n3-beta2__N0096__Aplus_0p005,hm-a10-g1-L5p3-n3-beta2,96,-0.005,41,2.263541666666667,10.003170540113077,10.000761291613063
hm-a10-g1-L5p3-n3-beta2__N0096__Aminus_0p005,hm-a10-g1-L5p3-n3-beta2__N0096__Aplus_0p005,hm-a10-g1-L5p3-n3-beta2,96,-0.005,42,2.31875,10.002776253275359,10.000666532234748
hm-a10-g1-L5p3-n3-beta2__N0096__Aminus_0p005,hm-a10-g1-L5p3-n3-beta2__N0096__Aplus_0p005,hm-a10-g1-L5p3-n3-beta2,96,-0.005,43,2.3739583333333334,10.002355227673087,10.000565342510942
hm-a10-g1-L5p3-n3-beta2__N0096__Aminus_0p005,hm-a10-g1-L5p3-n3-beta2__N0096__Aplus_0p005,hm-a10-g1-L5p3-n3-beta2,96,-0.005,44,2.4291666666666667,10.001911522566774,10.000458697288632
hm-a10-g1-L5p3-n3-beta2__N0096__Aminus_0p005,hm-a10-g1-L5p3-n3-beta2__N0096__Aplus_0p005,hm-a10-g1-L5p3-n3-beta2,96,-0.005,45,2.484375,10.001449415069786,10.000347623912885
hm-a10-g1-L5p3-n3-beta2__N0096__Aminus_0p005,hm-a10-g1-L5p3-n3-beta2__N0096__Aplus_0p005,hm-a10-g1-L5p3-n3-beta2,96,-0.005,46,2.5395833333333333,10.000973358804085,10.000233192321687
hm-a10-g1-L5p3-n3-beta2__N0096__Aminus_0p005,hm-a10-g1-L5p3-n3-beta2__N0096__Aplus_0p005,hm-a10-g1-L5p3-n3-beta2,96,-0.005,47,2.5947916666666666,10.000487940883662,10.000116504732604
hm-a10-g1-L5p3-n3-beta2__N0096__Aminus_0p005,hm-a10-g1-L5p3-n3-beta2__N0096__Aplus_0p005,hm-a10-g1-L5p3-n3-beta2,96,-0.005,48,2.65,9.999997837644754,9.999998685020962
hm-a10-g1-L5p3-n3-beta2__N0096__Aminus_0p005,hm-a10-g1-L5p3-n3-beta2__N0096__Aplus_0p005,hm-a10-g1-L5p3-n3-beta2,96,-0.005,49,2.705208333333333,9.999507769552794,9.99988086789209
hm-a10-g1-L5p3-n3-beta2__N0096__Aminus_0p005,hm-a10-g1-L5p3-n3-beta2__N0096__Aplus_0p005,hm-a10-g1-L5p3-n3-beta2,96,-0.005,50,2.7604166666666665,9.999022455722544,9.999764187952056
hm-a10-g1-L5p3-n3-beta2__N0096__Aminus_0p005,hm-a10-g1-L5p3-n3-beta2__N0096__Aplus_0p005,hm-a10-g1-L5p3-n3-beta2,96,-0.005,51,2.815625,9.998546568490111,9.99964976878224
hm-a10-g1-L5p3-n3-beta2__N0096__Aminus_0p005,hm-a10-g1-L5p3-n3-beta2__N0096__Aplus_0p005,hm-a10-g1-L5p3-n3-beta2,96,-0.005,52,2.870833333333333,9.998084688473636,9.999538712122861
hm-a10-g1-L5p3-n3-beta2__N0096__Aminus_0p005,hm-a10-g1-L5p3-n3-beta2__N0096__Aplus_0p005,hm-a10-g1-L5p3-n3-beta2,96,-0.005,53,2.9260416666666664,9.997641260553127,9.999432087269504
hm-a10-g1-L5p3-n3-beta2__N0096__Aminus_0p005,hm-a10-g1-L5p3-n3-beta2__N0096__Aplus_0p005,hm-a10-g1-L5p3-n3-beta2,96,-0.005,54,2.9812499999999997,9.997220551189866,9.999330920784471
hm-a10-g1-L5p3-n3-beta2__N0096__Aminus_0p005,hm-a10-g1-L5p3-n3-beta2__N0096__Aplus_0p005,hm-a10-g1-L5p3-n3-beta2,96,-0.005,55,3.036458333333333,9.996826607491471,9.999236186621694
hm-a10-g1-L5p3-n3-beta2__N0096__Aminus_0p005,hm-a10-g1-L5p3-n3-beta2__N0096__Aplus_0p005,hm-a10-g1-L5p3-n3-beta2,96,-0.005,56,3.091666666666667,9.996463218411039,9.99914879675989
hm-a10-g1-L5p3-n3-beta2__N0096__Aminus_0p005,hm-a10-g1-L5p3-n3-beta2__N0096__Aplus_0p005,hm-a10-g1-L5p3-n3-beta2,96,-0.005,57,3.146875,9.996133878447244,9.999069592433656
hm-a10-g1-L5p3-n3-beta2__N0096__Aminus_0p005,hm-a10-g1-L5p3-n3-beta2__N0096__Aplus_0p005,hm-a10-g1-L5p3-n3-beta2,96,-0.005,58,3.2020833333333334,9.995841754187738,9.99899933604643
hm-a10-g1-L5p3-n3-beta2__N0096__Aminus_0p005,hm-a10-g1-L5p3-n3-beta2__N0096__Aplus_0p005,hm-a10-g1-L5p3-n3-beta2,96,-0.005,59,3.2572916666666667,9.995589654010454,9.998938703842626
hm-a10-g1-L5p3-n3-beta2__N0096__Aminus_0p005,hm-a10-g1-L5p3-n3-beta2__N0096__Aplus_0p005,hm-a10-g1-L5p3-n3-beta2,96,-0.005,60,3.3125,9.995380001227039,9.998888279408979
hm-a10-g1-L5p3-n3-beta2__N0096__Aminus_0p005,hm-a10-g1-L5p3-n3-beta2__N0096__Aplus_0p005,hm-a10-g1-L5p3-n3-beta2,96,-0.005,61,3.3677083333333333,9.995214810919798,9.99884854806714
hm-a10-g1-L5p3-n3-beta2__N0096__Aminus_0p005,hm-a10-g1-L5p3-n3-beta2__N0096__Aplus_0p005,hm-a10-g1-L5p3-n3-beta2,96,-0.005,62,3.4229166666666666,9.995095670688503,9.998819892211031
hm-a10-g1-L5p3-n3-beta2__N0096__Aminus_0p005,hm-a10-g1-L5p3-n3-beta2__N0096__Aplus_0p005,hm-a10-g1-L5p3-n3-beta2,96,-0.005,63,3.478125,9.995023725486602,9.99880258763341
hm-a10-g1-L5p3-n3-beta2__N0096__Aminus_0p005,hm-a10-g1-L5p3-n3-beta2__N0096__Aplus_0p005,hm-a10-g1-L5p3-n3-beta2,96,-0.005,64,3.533333333333333,9.994999666688077,9.99879680087672
hm-a10-g1-L5p3-n3-beta2__N0096__Aminus_0p005,hm-a10-g1-L5p3-n3-beta2__N0096__Aplus_0p005,hm-a10-g1-L5p3-n3-beta2,96,-0.005,65,3.5885416666666665,9.995023725486623,9.998802587633415
hm-a10-g1-L5p3-n3-beta2__N0096__Aminus_0p005,hm-a10-g1-L5p3-n3-beta2__N0096__Aplus_0p005,hm-a10-g1-L5p3-n3-beta2,96,-0.005,66,3.64375,9.995095670688546,9.998819892211042
hm-a10-g1-L5p3-n3-beta2__N0096__Aminus_0p005,hm-a10-g1-L5p3-n3-beta2__N0096__Aplus_0p005,hm-a10-g1-L5p3-n3-beta2,96,-0.005,67,3.698958333333333,9.995214810919862,9.998848548067159
hm-a10-g1-L5p3-n3-beta2__N0096__Aminus_0p005,hm-a10-g1-L5p3-n3-beta2__N0096__Aplus_0p005,hm-a10-g1-L5p3-n3-beta2,96,-0.005,68,3.7541666666666664,9.995380001227124,9.998888279409002
hm-a10-g1-L5p3-n3-beta2__N0096__Aminus_0p005,hm-a10-g1-L5p3-n3-beta2__N0096__Aplus_0p005,hm-a10-g1-L5p3-n3-beta2,96,-0.005,69,3.8093749999999997,9.99558965401056,9.998938703842656
hm-a10-g1-L5p3-n3-beta2__N0096__Aminus_0p005,hm-a10-g1-L5p3-n3-beta2__N0096__Aplus_0p005,hm-a10-g1-L5p3-n3-beta2,96,-0.005,70,3.864583333333333,9.995841754187866,9.998999336046468
hm-a10-g1-L5p3-n3-beta2__N0096__Aminus_0p005,hm-a10-g1-L5p3-n3-beta2__N0096__Aplus_0p005,hm-a10-g1-L5p3-n3-beta2,96,-0.005,71,3.9197916666666663,9.996133878447392,9.9990695924337
hm-a10-g1-L5p3-n3-beta2__N0096__Aminus_0p005,hm-a10-g1-L5p3-n3-beta2__N0096__Aplus_0p005,hm-a10-g1-L5p3-n3-beta2,96,-0.005,72,3.9749999999999996,9.996463218411206,9.99914879675994
hm-a10-g1-L5p3-n3-beta2__N0096__Aminus_0p005,hm-a10-g1-L5p3-n3-beta2__N0096__Aplus_0p005,hm-a10-g1-L5p3-n3-beta2,96,-0.005,73,4.030208333333333,9.996826607491657,9.999236186621747
hm-a10-g1-L5p3-n3-beta2__N0096__Aminus_0p005,hm-a10-g1-L5p3-n3-beta2__N0096__Aplus_0p005,hm-a10-g1-L5p3-n3-beta2,96,-0.005,74,4.085416666666666,9.99722055119007,9.999330920784528
hm-a10-g1-L5p3-n3-beta2__N0096__Aminus_0p005,hm-a10-g1-L5p3-n3-beta2__N0096__Aplus_0p005,hm-a10-g1-L5p3-n3-beta2,96,-0.005,75,4.140625,9.997641260553348,9.999432087269563
hm-a10-g1-L5p3-n3-beta2__N0096__Aminus_0p005,hm-a10-g1-L5p3-n3-beta2__N0096__Aplus_0p005,hm-a10-g1-L5p3-n3-beta2,96,-0.005,76,4.195833333333333,9.99808468847387,9.999538712122922
hm-a10-g1-L5p3-n3-beta2__N0096__Aminus_0p005,hm-a10-g1-L5p3-n3-beta2__N0096__Aplus_0p005,hm-a10-g1-L5p3-n3-beta2,96,-0.005,77,4.251041666666667,9.99854656849036,9.999649768782302
hm-a10-g1-L5p3-n3-beta2__N0096__Aminus_0p005,hm-a10-g1-L5p3-n3-beta2__N0096__Aplus_0p005,hm-a10-g1-L5p3-n3-beta2,96,-0.005,78,4.3062499999999995,9.999022455722802,9.999764187952117
hm-a10-g1-L5p3-n3-beta2__N0096__Aminus_0p005,hm-a10-g1-L5p3-n3-beta2__N0096__Aplus_0p005,hm-a10-g1-L5p3-n3-beta2,96,-0.005,79,4.361458333333333,9.999507769553063,9.99988086789215
hm-a10-g1-L5p3-n3-beta2__N0096__Aminus_0p005,hm-a10-g1-L5p3-n3-beta2__N0096__Aplus_0p005,hm-a10-g1-L5p3-n3-beta2,96,-0.005,80,4.416666666666666,9.999997837645028,9.999998685021021
hm-a10-g1-L5p3-n3-beta2__N0096__Aminus_0p005,hm-a10-g1-L5p3-n3-beta2__N0096__Aplus_0p005,hm-a10-g1-L5p3-n3-beta2,96,-0.005,81,4.471875,10.00048794088394,10.000116504732661
hm-a10-g1-L5p3-n3-beta2__N0096__Aminus_0p005,hm-a10-g1-L5p3-n3-beta2__N0096__Aplus_0p005,hm-a10-g1-L5p3-n3-beta2,96,-0.005,82,4.527083333333334,10.000973358804362,10.000233192321744
hm-a10-g1-L5p3-n3-beta2__N0096__Aminus_0p005,hm-a10-g1-L5p3-n3-beta2__N0096__Aplus_0p005,hm-a10-g1-L5p3-n3-beta2,96,-0.005,83,4.582291666666666,10.001449415070061,10.000347623912944
hm-a10-g1-L5p3-n3-beta2__N0096__Aminus_0p005,hm-a10-g1-L5p3-n3-beta2__N0096__Aplus_0p005,hm-a10-g1-L5p3-n3-beta2,96,-0.005,84,4.6375,10.001911522567044,10.00045869728869
hm-a10-g1-L5p3-n3-beta2__N0096__Aminus_0p005,hm-a10-g1-L5p3-n3-beta2__N0096__Aplus_0p005,hm-a10-g1-L5p3-n3-beta2,96,-0.005,85,4.692708333333333,10.00235522767335,10.000565342511
hm-a10-g1-L5p3-n3-beta2__N0096__Aminus_0p005,hm-a10-g1-L5p3-n3-beta2__N0096__Aplus_0p005,hm-a10-g1-L5p3-n3-beta2,96,-0.005,86,4.747916666666667,10.002776253275613,10.000666532234808
hm-a10-g1-L5p3-n3-beta2__N0096__Aminus_0p005,hm-a10-g1-L5p3-n3-beta2__N0096__Aplus_0p005,hm-a10-g1-L5p3-n3-beta2,96,-0.005,87,4.803125,10.00317054011332,10.000761291613124
hm-a10-g1-L5p3-n3-beta2__N0096__Aminus_0p005,hm-a10-g1-L5p3-n3-beta2__N0096__Aplus_0p005,hm-a10-g1-L5p3-n3-beta2,96,-0.005,88,4.858333333333333,10.003534286046728,10.000848707698214
hm-a10-g1-L5p3-n3-beta2__N0096__Aminus_0p005,hm-a10-g1-L5p3-n3-beta2__N0096__Aplus_0p005,hm-a10-g1-L5p3-n3-beta2,96,-0.005,89,4.913541666666666,10.0038639828635,10.000927938247735
hm-a10-g1-L5p3-n3-beta2__N0096__Aminus_0p005,hm-a10-g1-L5p3-n3-beta2__N0096__Aplus_0p005,hm-a10-g1-L5p3-n3-beta2,96,-0.005,90,4.96875,10.004156450262327,10.000998219850503
hm-a10-g1-L5p3-n3-beta2__N0096__Aminus_0p005,hm-a10-g1-L5p3-n3-beta2__N0096__Aplus_0p005,hm-a10-g1-L5p3-n3-beta2,96,-0.005,91,5.023958333333333,10.004408866678626,10.001058875293085
hm-a10-g1-L5p3-n3-beta2__N0096__Aminus_0p005,hm-a10-g1-L5p3-n3-beta2__N0096__Aplus_0p005,hm-a10-g1-L5p3-n3-beta2,96,-0.005,92,5.079166666666667,10.004618796647858,10.001109320095692
hm-a10-g1-L5p3-n3-beta2__N0096__Aminus_0p005,hm-a10-g1-L5p3-n3-beta2__N0096__Aplus_0p005,hm-a10-g1-L5p3-n3-beta2,96,-0.005,93,5.1343749999999995,10.004784214435624,10.0011490681539
hm-a10-g1-L5p3-n3-beta2__N0096__Aminus_0p005,hm-a10-g1-L5p3-n3-beta2__N0096__Aplus_0p005,hm-a10-g1-L5p3-n3-beta2,96,-0.005,94,5.189583333333333,10.004903523700202,10.001177736431394
hm-a10-g1-L5p3-n3-beta2__N0096__Aminus_0p005,hm-a10-g1-L5p3-n3-beta2__N0096__Aplus_0p005,hm-a10-g1-L5p3-n3-beta2,96,-0.005,95,5.244791666666666,10.004975572992288,10.001195048658067
hm-a10-g1-L5p3-n3-beta2__N0096__Aminus_0p005,hm-a10-g1-L5p3-n3-beta2__N0096__Aplus_0p005,hm-a10-g1-L5p3-n3-beta2,96,-0.005,96,5.3,10.004999666937774,10.001200837997528
hm-a10-g1-L5p3-n3-beta2__N0096__Aminus_0p0025,hm-a10-g1-L5p3-n3-beta2__N0096__Aplus_0p0025,hm-a10-g1-L5p3-n3-beta2,96,-0.0025,0,0.0,9.9974999166878,9.99939869558078
hm-a10-g1-L5p3-n3-beta2__N0096__Aminus_0p0025,hm-a10-g1-L5p3-n3-beta2__N0096__Aplus_0p0025,hm-a10-g1-L5p3-n3-beta2,96,-0.0025,1,0.05520833333333333,9.997511950478424,9.999401589281904
hm-a10-g1-L5p3-n3-beta2__N0096__Aminus_0p0025,hm-a10-g1-L5p3-n3-beta2__N0096__Aplus_0p0025,hm-a10-g1-L5p3-n3-beta2,96,-0.0025,2,0.11041666666666666,9.997547936084782,9.999410242526647
hm-a10-g1-L5p3-n3-beta2__N0096__Aminus_0p0025,hm-a10-g1-L5p3-n3-beta2__N0096__Aplus_0p0025,hm-a10-g1-L5p3-n3-beta2,96,-0.0025,3,0.165625,9.997607527320374,9.99942457200706
hm-a10-g1-L5p3-n3-beta2__N0096__Aminus_0p0025,hm-a10-g1-L5p3-n3-beta2__N0096__Aplus_0p0025,hm-a10-g1-L5p3-n3-beta2,96,-0.0025,4,0.22083333333333333,9.99769015089729,9.999444439767123
hm-a10-g1-L5p3-n3-beta2__N0096__Aminus_0p0025,hm-a10-g1-L5p3-n3-beta2__N0096__Aplus_0p0025,hm-a10-g1-L5p3-n3-beta2,96,-0.0025,5,0.27604166666666663,9.997795011923913,9.999469654529612
hm-a10-g1-L5p3-n3-beta2__N0096__Aminus_0p0025,hm-a10-g1-L5p3-n3-beta2__N0096__Aplus_0p0025,hm-a10-g1-L5p3-n3-beta2,96,-0.0025,6,0.33125,9.997921101528725,9.999499973535896
hm-a10-g1-L5p3-n3-beta2__N0096__Aminus_0p0025,hm-a10-g1-L5p3-n3-beta2__N0096__Aplus_0p0025,hm-a10-g1-L5p3-n3-beta2,96,-0.0025,7,0.38645833333333335,9.99806720653797,9.99953510488101
hm-a10-g1-L5p3-n3-beta2__N0096__Aminus_0p0025,hm-a10-g1-L5p3-n3-beta2__N0096__Aplus_0p0025,hm-a10-g1-L5p3-n3-beta2,96,-0.0025,8,0.44166666666666665,9.998231921115465,9.99957471032166
hm-a10-g1-L5p3-n3-beta2__N0096__Aminus_0p0025,hm-a10-g1-L5p3-n3-beta2__N0096__Aplus_0p0025,hm-a10-g1-L5p3-n3-beta2,96,-0.0025,9,0.49687499999999996,9.998413660254128,9.999618408530193
hm-a10-g1-L5p3-n3-beta2__N0096__Aminus_0p0025,hm-a10-g1-L5p3-n3-beta2__N0096__Aplus_0p0025,hm-a10-g1-L5p3-n3-beta2,96,-0.0025,10,0.5520833333333333,9.998610674991117,9.999665778763365
hm-a10-g1-L5p3-n3-beta2__N0096__Aminus_0p0025,hm-a10-g1-L5p3-n3-beta2__N0096__Aplus_0p0025,hm-a10-g1-L5p3-n3-beta2,96,-0.0025,11,0.6072916666666667,9.998821069201949,9.999716364910702
hm-a10-g1-L5p3-n3-beta2__N0096__Aminus_0p0025,hm-a10-g1-L5p3-n3-beta2__N0096__Aplus_0p0025,hm-a10-g1-L5p3-n3-beta2,96,-0.0025,12,0.6625,9.999042817813763,9.99976967988361
hm-a10-g1-L5p3-n3-beta2__N0096__Aminus_0p0025,hm-a10-g1-L5p3-n3-beta2__N0096__Aplus_0p0025,hm-a10-g1-L5p3-n3-beta2,96,-0.0025,13,0.7177083333333333,9.999273786264121,9.999825210303083
hm-a10-g1-L5p3-n3-beta2__N0096__Aminus_0p0025,hm-a10-g1-L5p3-n3-beta2__N0096__Aplus_0p0025,hm-a10-g1-L5p3-n3-beta2,96,-0.0025,14,0.7729166666666667,9.999511751019662,9.999882421441006
hm-a10-g1-L5p3-n3-beta2__N0096__Aminus_0p0025,hm-a10-g1-L5p3-n3-beta2__N0096__Aplus_0p0025,hm-a10-g1-L5p3-n3-beta2,96,-0.0025,15,0.828125,9.999754420958466,9.999940762367572
hm-a10-g1-L5p3-n3-beta2__N0096__Aminus_0p0025,hm-a10-g1-L5p3-n3-beta2__N0096__Aplus_0p0025,hm-a10-g1-L5p3-n3-beta2,96,-0.0025,16,0.8833333333333333,9.999999459411386,9.999999671255313
hm-a10-g1-L5p3-n3-beta2__N0096__Aminus_0p0025,hm-a10-g1-L5p3-n3-beta2__N0096__Aplus_0p0025,hm-a10-g1-L5p3-n3-beta2,96,-0.0025,17,0.9385416666666666,10.000244506651043,10.000058580788746
hm-a10-g1-L5p3-n3-beta2__N0096__Aminus_0p0025,hm-a10-g1-L5p3-n3-beta2__N0096__Aplus_0p0025,hm-a10-g1-L5p3-n3-beta2,96,-0.0025,18,0.9937499999999999,10.000487202612383,10.000116923627575
hm-a10-g1-L5p3-n3-beta2__N0096__Aminus_0p0025,hm-a10-g1-L5p3-n3-beta2__N0096__Aplus_0p0025,hm-a10-g1-L5p3-n3-beta2,96,-0.0025,19,1.0489583333333332,10.000725209626234,10.000174137870843
hm-a10-g1-L5p3-n3-beta2__N0096__Aminus_0p0025,hm-a10-g1-L5p3-n3-beta2__N0096__Aplus_0p0025,hm-a10-g1-L5p3-n3-beta2,96,-0.0025,20,1.1041666666666665,10.000956234946706,10.000229672469406
hm-a10-g1-L5p3-n3-beta2__N0096__Aminus_0p0025,hm-a10-g1-L5p3-n3-beta2__N0096__Aplus_0p0025,hm-a10-g1-L5p3-n3-beta2,96,-0.0025,21,1.159375,10.001178052854955,10.000282992534549
hm-a10-g1-L5p3-n3-beta2__N0096__Aminus_0p0025,hm-a10-g1-L5p3-n3-beta2__N0096__Aplus_0p0025,hm-a10-g1-L5p3-n3-beta2,96,-0.0025,22,1.2145833333333333,10.00138852612552,10.000333584491575
hm-a10-g1-L5p3-n3-beta2__N0096__Aminus_0p0025,hm-a10-g1-L5p3-n3-beta2__N0096__Aplus_0p0025,hm-a10-g1-L5p3-n3-beta2,96,-0.0025,23,1.2697916666666667,10.001585626647316,10.000380961028625
hm-a10-g1-L5p3-n3-beta2__N0096__Aminus_0p0025,hm-a10-g1-L5p3-n3-beta2__N0096__Aplus_0p0025,hm-a10-g1-L5p3-n3-beta2,96,-0.0025,24,1.325,10.0017674549992,10.000424665792973
hm-a10-g1-L5p3-n3-beta2__N0096__Aminus_0p0025,hm-a10-g1-L5p3-n3-beta2__N0096__Aplus_0p0025,hm-a10-g1-L5p3-n3-beta2,96,-0.0025,25,1.3802083333333333,10.001932258789914,10.000464277789439
hm-a10-g1-L5p3-n3-beta2__N0096__Aminus_0p0025,hm-a10-g1-L5p3-n3-beta2__N0096__Aplus_0p0025,hm-a10-g1-L5p3-n3-beta2,96,-0.0025,26,1.4354166666666666,10.002078449583964,10.000499415438432
hm-a10-g1-L5p3-n3-beta2__N0096__Aminus_0p0025,hm-a10-g1-L5p3-n3-beta2__N0096__Aplus_0p0025,hm-a10-g1-L5p3-n3-beta2,96,-0.0025,27,1.4906249999999999,10.0022046182485,10.0005297402544
hm-a10-g1-L5p3-n3-beta2__N0096__Aminus_0p0025,hm-a10-g1-L5p3-n3-beta2__N0096__Aplus_0p0025,hm-a10-g1-L5p3-n3-beta2,96,-0.0025,28,1.5458333333333334,10.002309548571548,10.000554960109122
hm-a10-g1-L5p3-n3-beta2__N0096__Aminus_0p0025,hm-a10-g1-L5p3-n3-beta2__N0096__Aplus_0p0025,hm-a10-g1-L5p3-n3-beta2,96,-0.0025,29,1.6010416666666667,10.002392229018565,10.00057483204827
hm-a10-g1-L5p3-n3-beta2__N0096__Aminus_0p0025,hm-a10-g1-L5p3-n3-beta2__N0096__Aplus_0p0025,hm-a10-g1-L5p3-n3-beta2,96,-0.0025,30,1.65625,10.00245186251245,10.000589164634022
hm-a10-g1-L5p3-n3-beta2__N0096__Aminus_0p0025,hm-a10-g1-L5p3-n3-beta2__N0096__Aplus_0p0025,hm-a10-g1-L5p3-n3-beta2,96,-0.0025,31,1.7114583333333333,10.002487874141327,10.000597819791018
hm-a10-g1-L5p3-n3-beta2__N0096__Aminus_0p0025,hm-a10-g1-L5p3-n3-beta2__N0096__Aplus_0p0025,hm-a10-g1-L5p3-n3-beta2,96,-0.0025,32,1.7666666666666666,10.002499916718664,10.000600714137827
hm-a10-g1-L5p3-n3-beta2__N0096__Aminus_0p0025,hm-a10-g1-L5p3-n3-beta2__N0096__Aplus_0p0025,hm-a10-g1-L5p3-n3-beta2,96,-0.0025,33,1.821875,10.00248787414128,10.000597819791006
hm-a10-g1-L5p3-n3-beta2__N0096__Aminus_0p0025,hm-a10-g1-L5p3-n3-beta2__N0096__Aplus_0p0025,hm-a10-g1-L5p3-n3-beta2,96,-0.0025,34,1.8770833333333332,10.002451862512357,10.000589164633997
hm-a10-g1-L5p3-n3-beta2__N0096__Aminus_0p0025,hm-a10-g1-L5p3-n3-beta2__N0096__Aplus_0p0025,hm-a10-g1-L5p3-n3-beta2,96,-0.0025,35,1.9322916666666665,10.002392229018426,10.000574832048231
hm-a10-g1-L5p3-n3-beta2__N0096__Aminus_0p0025,hm-a10-g1-L5p3-n3-beta2__N0096__Aplus_0p0025,hm-a10-g1-L5p3-n3-beta2,96,-0.0025,36,1.9874999999999998,10.002309548571365,10.00055496010907
hm-a10-g1-L5p3-n3-beta2__N0096__Aminus_0p0025,hm-a10-g1-L5p3-n3-beta2__N0096__Aplus_0p0025,hm-a10-g1-L5p3-n3-beta2,96,-0.0025,37,2.042708333333333,10.002204618248275,10.00052974025434
hm-a10-g1-L5p3-n3-beta2__N0096__Aminus_0p0025,hm-a10-g1-L5p3-n3-beta2__N0096__Aplus_0p0025,hm-a10-g1-L5p3-n3-beta2,96,-0.0025,38,2.0979166666666664,10.002078449583696,10.000499415438362
hm-a10-g1-L5p3-n3-beta2__N0096__Aminus_0p0025,hm-a10-g1-L5p3-n3-beta2__N0096__Aplus_0p0025,hm-a10-g1-L5p3-n3-beta2,96,-0.0025,39,2.1531249999999997,10.001932258789608,10.000464277789359
hm-a10-g1-L5p3-n3-beta2__N0096__Aminus_0p0025,hm-a10-g1-L5p3-n3-beta2__N0096__Aplus_0p0025,hm-a10-g1-L5p3-n3-beta2,96,-0.0025,40,2.208333333333333,10.001767454998856,10.000424665792881
hm-a10-g1-L5p3-n3-beta2__N0096__Aminus_0p0025,hm-a10-g1-L5p3-n3-beta2__N0096__Aplus_0p0025,hm-a10-g1-L5p3-n3-beta2,96,-0.0025,41,2.263541666666667,10.001585626646937,10.000380961028524
hm-a10-g1-L5p3-n3-beta2__N0096__Aminus_0p0025,hm-a10-g1-L5p3-n3-beta2__N0096__Aplus_0p0025,hm-a10-g1-L5p3-n3-beta2,96,-0.0025,42,2.31875,10.001388526125112,10.000333584491464
hm-a10-g1-L5p3-n3-beta2__N0096__Aminus_0p0025,hm-a10-g1-L5p3-n3-beta2__N0096__Aplus_0p0025,hm-a10-g1-L5p3-n3-beta2,96,-0.0025,43,2.3739583333333334,10.001178052854518,10.000282992534428
hm-a10-g1-L5p3-n3-beta2__N0096__Aminus_0p0025,hm-a10-g1-L5p3-n3-beta2__N0096__Aplus_0p0025,hm-a10-g1-L5p3-n3-beta2,96,-0.0025,44,2.4291666666666667,10.000956234946244,10.000229672469276
hm-a10-g1-L5p3-n3-beta2__N0096__Aminus_0p0025,hm-a10-g1-L5p3-n3-beta2__N0096__Aplus_0p0025,hm-a10-g1-L5p3-n3-beta2,96,-0.0025,45,2.484375,10.00072520962575,10.000174137870706
hm-a10-g1-L5p3-n3-beta2__N0096__Aminus_0p0025,hm-a10-g1-L5p3-n3-beta2__N0096__Aplus_0p0025,hm-a10-g1-L5p3-n3-beta2,96,-0.0025,46,2.5395833333333333,10.000487202611883,10.00011692362743
hm-a10-g1-L5p3-n3-beta2__N0096__Aminus_0p0025,hm-a10-g1-L5p3-n3-beta2__N0096__Aplus_0p0025,hm-a10-g1-L5p3-n3-beta2,96,-0.0025,47,2.5947916666666666,10.00024450665053,10.000058580788595
hm-a10-g1-L5p3-n3-beta2__N0096__Aminus_0p0025,hm-a10-g1-L5p3-n3-beta2__N0096__Aplus_0p0025,hm-a10-g1-L5p3-n3-beta2,96,-0.0025,48,2.65,9.999999459410862,9.999999671255155
hm-a10-g1-L5p3-n3-beta2__N0096__Aminus_0p0025,hm-a10-g1-L5p3-n3-beta2__N0096__Aplus_0p0025,hm-a10-g1-L5p3-n3-beta2,96,-0.0025,49,2.705208333333333,9.999754420957933,9.999940762367407
hm-a10-g1-L5p3-n3-beta2__N0096__Aminus_0p0025,hm-a10-g1-L5p3-n3-beta2__N0096__Aplus_0p0025,hm-a10-g1-L5p3-n3-beta2,96,-0.0025,50,2.7604166666666665,9.999511751019126,9.999882421440834
hm-a10-g1-L5p3-n3-beta2__N0096__Aminus_0p0025,hm-a10-g1-L5p3-n3-beta2__N0096__Aplus_0p0025,hm-a10-g1-L5p3-n3-beta2,96,-0.0025,51,2.815625,9.999273786263581,9.999825210302903
hm-a10-g1-L5p3-n3-beta2__N0096__Aminus_0p0025,hm-a10-g1-L5p3-n3-beta2__N0096__Aplus_0p0025,hm-a10-g1-L5p3-n3-beta2,96,-0.0025,52,2.870833333333333,9.999042817813224,9.999769679883427
hm-a10-g1-L5p3-n3-beta2__N0096__Aminus_0p0025,hm-a10-g1-L5p3-n3-beta2__N0096__Aplus_0p0025,hm-a10-g1-L5p3-n3-beta2,96,-0.0025,53,2.9260416666666664,9.998821069201414,9.999716364910514
hm-a10-g1-L5p3-n3-beta2__N0096__Aminus_0p0025,hm-a10-g1-L5p3-n3-beta2__N0096__Aplus_0p0025,hm-a10-g1-L5p3-n3-beta2,96,-0.0025,54,2.9812499999999997,9.998610674990585,9.999665778763173
hm-a10-g1-L5p3-n3-beta2__N0096__Aminus_0p0025,hm-a10-g1-L5p3-n3-beta2__N0096__Aplus_0p0025,hm-a10-g1-L5p3-n3-beta2,96,-0.0025,55,3.036458333333333,9.998413660253602,9.99961840853
hm-a10-g1-L5p3-n3-beta2__N0096__Aminus_0p0025,hm-a10-g1-L5p3-n3-beta2__N0096__Aplus_0p0025,hm-a10-g1-L5p3-n3-beta2,96,-0.0025,56,3.091666666666667,9.998231921114947,9.99957471032147
hm-a10-g1-L5p3-n3-beta2__N0096__Aminus_0p0025,hm-a10-g1-L5p3-n3-beta2__N0096__Aplus_0p0025,hm-a10-g1-L5p3-n3-beta2,96,-0.0025,57,3.146875,9.99806720653746,9.99953510488082
hm-a10-g1-L5p3-n3-beta2__N0096__Aminus_0p0025,hm-a10-g1-L5p3-n3-beta2__N0096__Aplus_0p0025,hm-a10-g1-L5p3-n3-beta2,96,-0.0025,58,3.2020833333333334,9.997921101528222,9.999499973535707
hm-a10-g1-L5p3-n3-beta2__N0096__Aminus_0p0025,hm-a10-g1-L5p3-n3-beta2__N0096__Aplus_0p0025,hm-a10-g1-L5p3-n3-beta2,96,-0.0025,59,3.2572916666666667,9.997795011923422,9.99946965452943
hm-a10-g1-L5p3-n3-beta2__N0096__Aminus_0p0025,hm-a10-g1-L5p3-n3-beta2__N0096__Aplus_0p0025,hm-a10-g1-L5p3-n3-beta2,96,-0.0025,60,3.3125,9.99769015089681,9.999444439766943
hm-a10-g1-L5p3-n3-beta2__N0096__Aminus_0p0025,hm-a10-g1-L5p3-n3-beta2__N0096__Aplus_0p0025,hm-a10-g1-L5p3-n3-beta2,96,-0.0025,61,3.3677083333333333,9.997607527319907,9.999424572006884
hm-a10-g1-L5p3-n3-beta2__N0096__Aminus_0p0025,hm-a10-g1-L5p3-n3-beta2__N0096__Aplus_0p0025,hm-a10-g1-L5p3-n3-beta2,96,-0.0025,62,3.4229166666666666,9.997547936084327,9.999410242526475
hm-a10-g1-L5p3-n3-beta2__N0096__Aminus_0p0025,hm-a10-g1-L5p3-n3-beta2__N0096__Aplus_0p0025,hm-a10-g1-L5p3-n3-beta2,96,-0.0025,63,3.478125,9.997511950477982,9.999401589281735
hm-a10-g1-L5p3-n3-beta2__N0096__Aminus_0p0025,hm-a10-g1-L5p3-n3-beta2__N0096__Aplus_0p0025,hm-a10-g1-L5p3-n3-beta2,96,-0.0025,64,3.533333333333333,9.997499916687374,9.999398695580616
hm-a10-g1-L5p3-n3-beta2__N0096__Aminus_0p0025,hm-a10-g1-L5p3-n3-beta2__N0096__Aplus_0p0025,hm-a10-g1-L5p3-n3-beta2,96,-0.0025,65,3.5885416666666665,9.99751195047801,9.999401589281746
hm-a10-g1-L5p3-n3-beta2__N0096__Aminus_0p0025,hm-a10-g1-L5p3-n3-beta2__N0096__Aplus_0p0025,hm-a10-g1-L5p3-n3-beta2,96,-0.0025,66,3.64375,9.997547936084384,9.999410242526494
hm-a10-g1-L5p3-n3-beta2__N0096__Aminus_0p0025,hm-a10-g1-L5p3-n3-beta2__N0096__Aplus_0p0025,hm-a10-g1-L5p3-n3-beta2,96,-0.0025,67,3.698958333333333,9.997607527319992,9.999424572006914
hm-a10-g1-L5p3-n3-beta2__N0096__Aminus_0p0025,hm-a10-g1-L5p3-n3-beta2__N0096__Aplus_0p0025,hm-a10-g1-L5p3-n3-beta2,96,-0.0025,68,3.7541666666666664,9.997690150896922,9.999444439766982
hm-a10-g1-L5p3-n3-beta2__N0096__Aminus_0p0025,hm-a10-g1-L5p3-n3-beta2__N0096__Aplus_0p0025,hm-a10-g1-L5p3-n3-beta2,96,-0.0025,69,3.8093749999999997,9.99779501192356,9.999469654529475
hm-a10-g1-L5p3-n3-beta2__N0096__Aminus_0p0025,hm-a10-g1-L5p3-n3-beta2__N0096__Aplus_0p0025,hm-a10-g1-L5p3-n3-beta2,96,-0.0025,70,3.864583333333333,9.997921101528389,9.999499973535762
hm-a10-g1-L5p3-n3-beta2__N0096__Aminus_0p0025,hm-a10-g1-L5p3-n3-beta2__N0096__Aplus_0p0025,hm-a10-g1-L5p3-n3-beta2,96,-0.0025,71,3.9197916666666663,9.998067206537652,9.99953510488088
hm-a10-g1-L5p3-n3-beta2__N0096__Aminus_0p0025,hm-a10-g1-L5p3-n3-beta2__N0096__Aplus_0p0025,hm-a10-g1-L5p3-n3-beta2,96,-0.0025,72,3.9749999999999996,9.998231921115165,9.999574710321536
hm-a10-g1-L5p3-n3-beta2__N0096__Aminus_0p0025,hm-a10-g1-L5p3-n3-beta2__N0096__Aplus_0p0025,hm-a10-g1-L5p3-n3-beta2,96,-0.0025,73,4.030208333333333,9.998413660253844,9.999618408530072
hm-a10-g1-L5p3-n3-beta2__N0096__Aminus_0p0025,hm-a10-g1-L5p3-n3-beta2__N0096__Aplus_0p0025,hm-a10-g1-L5p3-n3-beta2,96,-0.0025,74,4.085416666666666,9.998610674990848,9.99966577876325
hm-a10-g1-L5p3-n3-beta2__N0096__Aminus_0p0025,hm-a10-g1-L5p3-n3-beta2__N0096__Aplus_0p0025,hm-a10-g1-L5p3-n3-beta2,96,-0.0025,75,4.140625,9.998821069201696,9.999716364910594
hm-a10-g1-L5p3-n3-beta2__N0096__Aminus_0p0025,hm-a10-g1-L5p3-n3-beta2__N0096__Aplus_0p0025,hm-a10-g1-L5p3-n3-beta2,96,-0.0025,76,4.195833333333333,9.999042817813526,9.99976967988351
hm-a10-g1-L5p3-n3-beta2__N0096__Aminus_0p0025,hm-a10-g1-L5p3-n3-beta2__N0096__Aplus_0p0025,hm-a10-g1-L5p3-n3-beta2,96,-0.0025,77,4.251041666666667,9.999273786263899,9.99982521030299
hm-a10-g1-L5p3-n3-beta2__N0096__Aminus_0p0025,hm-a10-g1-L5p3-n3-beta2__N0096__Aplus_0p0025,hm-a10-g1-L5p3-n3-beta2,96,-0.0025,78,4.3062499999999995,9.999511751019458,9.999882421440919
hm-a10-g1-L5p3-n3-beta2__N0096__Aminus_0p0025,hm-a10-g1-L5p3-n3-beta2__N0096__Aplus_0p0025,hm-a10-g1-L5p3-n3-beta2,96,-0.0025,79,4.361458333333333,9.999754420958276,9.999940762367492
hm-a10-g1-L5p3-n3-beta2__N0096__Aminus_0p0025,hm-a10-g1-L5p3-n3-beta2__N0096__Aplus_0p0025,hm-a10-g1-L5p3-n3-beta2,96,-0.0025,80,4.416666666666666,9.999999459411214,9.999999671255239
hm-a10-g1-L5p3-n3-beta2__N0096__Aminus_0p0025,hm-a10-g1-L5p3-n3-beta2__N0096__Aplus_0p0025,hm-a10-g1-L5p3-n3-beta2,96,-0.0025,81,4.471875,10.000244506650885,10.000058580788679
hm-a10-g1-L5p3-n3-beta2__N0096__Aminus_0p0025,hm-a10-g1-L5p3-n3-beta2__N0096__Aplus_0p0025,hm-a10-g1-L5p3-n3-beta2,96,-0.0025,82,4.527083333333334,10.000487202612241,10.000116923627516
hm-a10-g1-L5p3-n3-beta2__N0096__Aminus_0p0025,hm-a10-g1-L5p3-n3-beta2__N0096__Aplus_0p0025,hm-a10-g1-L5p3-n3-beta2,96,-0.0025,83,4.582291666666666,10.000725209626108,10.000174137870793
hm-a10-g1-L5p3-n3-beta2__N0096__Aminus_0p0025,hm-a10-g1-L5p3-n3-beta2__N0096__Aplus_0p0025,hm-a10-g1-L5p3-n3-beta2,96,-0.0025,84,4.6375,10.000956234946596,10.000229672469363
hm-a10-g1-L5p3-n3-beta2__N0096__Aminus_0p0025,hm-a10-g1-L5p3-n3-beta2__N0096__Aplus_0p0025,hm-a10-g1-L5p3-n3-beta2,96,-0.0025,85,4.692708333333333,10.001178052854861,10.000282992534514
hm-a10-g1-L5p3-n3-beta2__N0096__Aminus_0p0025,hm-a10-g1-L5p3-n3-beta2__N0096__Aplus_0p0025,hm-a10-g1-L5p3-n3-beta2,96,-0.0025,86,4.747916666666667,10.001388526125442,10.000333584491548
hm-a10-g1-L5p3-n3-beta2__N0096__Aminus_0p0025,hm-a10-g1-L5p3-n3-beta2__N0096__Aplus_0p0025,hm-a10-g1-L5p3-n3-beta2,96,-0.0025,87,4.803125,10.001585626647255,10.000380961028608
hm-a10-g1-L5p3-n3-beta2__N0096__Aminus_0p0025,hm-a10-g1-L5p3-n3-beta2__N0096__Aplus_0p0025,hm-a10-g1-L5p3-n3-beta2,96,-0.0025,88,4.858333333333333,10.001767454999158,10.000424665792965
hm-a10-g1-L5p3-n3-beta2__N0096__Aminus_0p0025,hm-a10-g1-L5p3-n3-beta2__N0096__Aplus_0p0025,hm-a10-g1-L5p3-n3-beta2,96,-0.0025,89,4.913541666666666,10.001932258789891,10.000464277789439
hm-a10-g1-L5p3-n3-beta2__N0096__Aminus_0p0025,hm-a10-g1-L5p3-n3-beta2__N0096__Aplus_0p0025,hm-a10-g1-L5p3-n3-beta2,96,-0.0025,90,4.96875,10.002078449583959,10.000499415438439
hm-a10-g1-L5p3-n3-beta2__N0096__Aminus_0p0025,hm-a10-g1-L5p3-n3-beta2__N0096__Aplus_0p0025,hm-a10-g1-L5p3-n3-beta2,96,-0.0025,91,5.023958333333333,10.002204618248516,10.000529740254416
hm-a10-g1-L5p3-n3-beta2__N0096__Aminus_0p0025,hm-a10-g1-L5p3-n3-beta2__N0096__Aplus_0p0025,hm-a10-g1-L5p3-n3-beta2,96,-0.0025,92,5.079166666666667,10.002309548571585,10.000554960109145
hm-a10-g1-L5p3-n3-beta2__N0096__Aminus_0p0025,hm-a10-g1-L5p3-n3-beta2__N0096__Aplus_0p0025,hm-a10-g1-L5p3-n3-beta2,96,-0.0025,93,5.1343749999999995,10.002392229018623,10.0005748320483
hm-a10-g1-L5p3-n3-beta2__N0096__Aminus_0p0025,hm-a10-g1-L5p3-n3-beta2__N0096__Aplus_0p0025,hm-a10-g1-L5p3-n3-beta2,96,-0.0025,94,5.189583333333333,10.002451862512531,10.00058916463406
hm-a10-g1-L5p3-n3-beta2__N0096__Aminus_0p0025,hm-a10-g1-L5p3-n3-beta2__N0096__Aplus_0p0025,hm-a10-g1-L5p3-n3-beta2,96,-0.0025,95,5.244791666666666,10.00248787414143,10.000597819791064
hm-a10-g1-L5p3-n3-beta2__N0096__Aminus_0p0025,hm-a10-g1-L5p3-n3-beta2__N0096__Aplus_0p0025,hm-a10-g1-L5p3-n3-beta2,96,-0.0025,96,5.3,10.00249991671879,10.000600714137882
hm-a10-g1-L5p3-n3-beta2__N0096__Aplus_0p0025,hm-a10-g1-L5p3-n3-beta2__N0096__Aminus_0p0025,hm-a10-g1-L5p3-n3-beta2,96,0.0025,0,0.0,10.002499916719016,10.00060071413797
hm-a10-g1-L5p3-n3-beta2__N0096__Aplus_0p0025,hm-a10-g1-L5p3-n3-beta2__N0096__Aminus_0p0025,hm-a10-g1-L5p3-n3-beta2,96,0.0025,1,0.05520833333333333,10.002487874141657,10.000597819791155
hm-a10-g1-L5p3-n3-beta2__N0096__Aplus_0p0025,hm-a10-g1-L5p3-n3-beta2__N0096__Aminus_0p0025,hm-a10-g1-L5p3-n3-beta2,96,0.0025,2,0.11041666666666666,10.002451862512757,10.00058916463415
hm-a10-g1-L5p3-n3-beta2__N0096__Aplus_0p0025,hm-a10-g1-L5p3-n3-beta2__N0096__Aminus_0p0025,hm-a10-g1-L5p3-n3-beta2,96,0.0025,3,0.165625,10.002392229018847,10.000574832048388
hm-a10-g1-L5p3-n3-beta2__N0096__Aplus_0p0025,hm-a10-g1-L5p3-n3-beta2__N0096__Aminus_0p0025,hm-a10-g1-L5p3-n3-beta2,96,0.0025,4,0.22083333333333333,10.002309548571807,10.00055496010923
hm-a10-g1-L5p3-n3-beta2__N0096__Aplus_0p0025,hm-a10-g1-L5p3-n3-beta2__N0096__Aminus_0p0025,hm-a10-g1-L5p3-n3-beta2,96,0.0025,5,0.27604166666666663,10.002204618248737,10.000529740254501
hm-a10-g1-L5p3-n3-beta2__N0096__Aplus_0p0025,hm-a10-g1-L5p3-n3-beta2__N0096__Aminus_0p0025,hm-a10-g1-L5p3-n3-beta2,96,0.0025,6,0.33125,10.002078449584177,10.000499415438524
hm-a10-g1-L5p3-n3-beta2__N0096__Aplus_0p0025,hm-a10-g1-L5p3-n3-beta2__N0096__Aminus_0p0025,hm-a10-g1-L5p3-n3-beta2,96,0.0025,7,0.38645833333333335,10.001932258790104,10.000464277789524
hm-a10-g1-L5p3-n3-beta2__N0096__Aplus_0p0025,hm-a10-g1-L5p3-n3-beta2__N0096__Aminus_0p0025,hm-a10-g1-L5p3-n3-beta2,96,0.0025,8,0.44166666666666665,10.001767454999367,10.000424665793052
hm-a10-g1-L5p3-n3-beta2__N0096__Aplus_0p0025,hm-a10-g1-L5p3-n3-beta2__N0096__Aminus_0p0025,hm-a10-g1-L5p3-n3-beta2,96,0.0025,9,0.49687499999999996,10.001585626647461,10.000380961028696
hm-a10-g1-L5p3-n3-beta2__N0096__Aplus_0p0025,hm-a10-g1-L5p3-n3-beta2__N0096__Aminus_0p0025,hm-a10-g1-L5p3-n3-beta2,96,0.0025,10,0.5520833333333333,10.001388526125645,10.000333584491639
hm-a10-g1-L5p3-n3-beta2__N0096__Aplus_0p0025,hm-a10-g1-L5p3-n3-beta2__N0096__Aminus_0p0025,hm-a10-g1-L5p3-n3-beta2,96,0.0025,11,0.6072916666666667,10.00117805285506,10.000282992534604
hm-a10-g1-L5p3-n3-beta2__N0096__Aplus_0p0025,hm-a10-g1-L5p3-n3-beta2__N0096__Aminus_0p0025,hm-a10-g1-L5p3-n3-beta2,96,0.0025,12,0.6625,10.000956234946791,10.000229672469452
hm-a10-g1-L5p3-n3-beta2__N0096__Aplus_0p0025,hm-a10-g1-L5p3-n3-beta2__N0096__Aminus_0p0025,hm-a10-g1-L5p3-n3-beta2,96,0.0025,13,0.7177083333333333,10.0007252096263,10.00017413787088
hm-a10-g1-L5p3-n3-beta2__N0096__Aplus_0p0025,hm-a10-g1-L5p3-n3-beta2__N0096__Aminus_0p0025,hm-a10-g1-L5p3-n3-beta2,96,0.0025,14,0.7729166666666667,10.000487202612431,10.000116923627605
hm-a10-g1-L5p3-n3-beta2__N0096__Aplus_0p0025,hm-a10-g1-L5p3-n3-beta2__N0096__Aminus_0p0025,hm-a10-g1-L5p3-n3-beta2,96,0.0025,15,0.828125,10.000244506651072,10.000058580788766
hm-a10-g1-L5p3-n3-beta2__N0096__Aplus_0p0025,hm-a10-g1-L5p3-n3-beta2__N0096__Aminus_0p0025,hm-a10-g1-L5p3-n3-beta2,96,0.0025,16,0.8833333333333333,9.999999459411397,9.999999671255324
hm-a10-g1-L5p3-n3-beta2__N0096__Aplus_0p0025,hm-a10-g1-L5p3-n3-beta2__N0096__Aminus_0p0025,hm-a10-g1-L5p3-n3-beta2,96,0.0025,17,0.9385416666666666,9.999754420958459,9.999940762367572
hm-a10-g1-L5p3-n3-beta2__N0096__Aplus_0p0025,hm-a10-g1-L5p3-n3-beta2__N0096__Aminus_0p0025,hm-a10-g1-L5p3-n3-beta2,96,0.0025,18,0.9937499999999999,9.999511751019638,9.999882421440994
hm-a10-g1-L5p3-n3-beta2__N0096__Aplus_0p0025,hm-a10-g1-L5p3-n3-beta2__N0096__Aminus_0p0025,hm-a10-g1-L5p3-n3-beta2,96,0.0025,19,1.0489583333333332,9.999273786264075,9.99982521030306
hm-a10-g1-L5p3-n3-beta2__N0096__Aplus_0p0025,hm-a10-g1-L5p3-n3-beta2__N0096__Aminus_0p0025,hm-a10-g1-L5p3-n3-beta2,96,0.0025,20,1.1041666666666665,9.999042817813699,9.99976967988358
hm-a10-g1-L5p3-n3-beta2__N0096__Aplus_0p0025,hm-a10-g1-L5p3-n3-beta2__N0096__Aminus_0p0025,hm-a10-g1-L5p3-n3-beta2,96,0.0025,21,1.159375,9.998821069201865,9.999716364910663
hm-a10-g1-L5p3-n3-beta2__N0096__Aplus_0p0025,hm-a10-g1-L5p3-n3-beta2__N0096__Aminus_0p0025,hm-a10-g1-L5p3-n3-beta2,96,0.0025,22,1.2145833333333333,9.998610674991012,9.999665778763315
hm-a10-g1-L5p3-n3-beta2__N0096__Aplus_0p0025,hm-a10-g1-L5p3-n3-beta2__N0096__Aminus_0p0025,hm-a10-g1-L5p3-n3-beta2,96,0.0025,23,1.2697916666666667,9.998413660254002,9.999618408530136
hm-a10-g1-L5p3-n3-beta2__N0096__Aplus_0p0025,hm-a10-g1-L5p3-n3-beta2__N0096__Aminus_0p0025,hm-a10-g1-L5p3-n3-beta2,96,0.0025,24,1.325,9.998231921115318,9.999574710321596
hm-a10-g1-L5p3-n3-beta2__N0096__Aplus_0p0025,hm-a10-g1-L5p3-n3-beta2__N0096__Aminus_0p0025,hm-a10-g1-L5p3-n3-beta2,96,0.0025,25,1.3802083333333333,9.9980672065378,9.999535104880938
hm-a10-g1-L5p3-n3-beta2__N0096__Aplus_0p0025,hm-a10-g1-L5p3-n3-beta2__N0096__Aminus_0p0025,hm-a10-g1-L5p3-n3-beta2,96,0.0025,26,1.4354166666666666,9.997921101528531,9.999499973535817
hm-a10-g1-L5p3-n3-beta2__N0096__Aplus_0p0025,hm-a10-g1-L5p3-n3-beta2__N0096__Aminus_0p0025,hm-a10-g1-L5p3-n3-beta2,96,0.0025,27,1.4906249999999999,9.997795011923696,9.999469654529527
hm-a10-g1-L5p3-n3-beta2__N0096__Aplus_0p0025,hm-a10-g1-L5p3-n3-beta2__N0096__Aminus_0p0025,hm-a10-g1-L5p3-n3-beta2,96,0.0025,28,1.5458333333333334,9.997690150897052,9.99944443976703
hm-a10-g1-L5p3-n3-beta2__N0096__Aplus_0p0025,hm-a10-g1-L5p3-n3-beta2__N0096__Aminus_0p0025,hm-a10-g1-L5p3-n3-beta2,96,0.0025,29,1.6010416666666667,9.997607527320113,9.999424572006959
hm-a10-g1-L5p3-n3-beta2__N0096__Aplus_0p0025,hm-a10-g1-L5p3-n3-beta2__N0096__Aminus_0p0025,hm-a10-g1-L5p3-n3-beta2,96,0.0025,30,1.65625,9.997547936084498,9.999410242526537
hm-a10-g1-L5p3-n3-beta2__N0096__Aplus_0p0025,hm-a10-g1-L5p3-n3-beta2__N0096__Aminus_0p0025,hm-a10-g1-L5p3-n3-beta2,96,0.0025,31,1.7114583333333333,9.997511950478117,9.999401589281787
hm-a10-g1-L5p3-n3-beta2__N0096__Aplus_0p0025,hm-a10-g1-L5p3-n3-beta2__N0096__Aminus_0p0025,hm-a10-g1-L5p3-n3-beta2,96,0.0025,32,1.7666666666666666,9.997499916687472,9.999398695580657
hm-a10-g1-L5p3-n3-beta2__N0096__Aplus_0p0025,hm-a10-g1-L5p3-n3-beta2__N0096__Aminus_0p0025,hm-a10-g1-L5p3-n3-beta2,96,0.0025,33,1.821875,9.997511950478073,9.999401589281776
hm-a10-g1-L5p3-n3-beta2__N0096__Aplus_0p0025,hm-a10-g1-L5p3-n3-beta2__N0096__Aminus_0p0025,hm-a10-g1-L5p3-n3-beta2,96,0.0025,34,1.8770833333333332,9.997547936084409,9.999410242526514
hm-a10-g1-L5p3-n3-beta2__N0096__Aplus_0p0025,hm-a10-g1-L5p3-n3-beta2__N0096__Aminus_0p0025,hm-a10-g1-L5p3-n3-beta2,96,0.0025,35,1.9322916666666665,9.997607527319982,9.999424572006923
hm-a10-g1-L5p3-n3-beta2__N0096__Aplus_0p0025,hm-a10-g1-L5p3-n3-beta2__N0096__Aminus_0p0025,hm-a10-g1-L5p3-n3-beta2,96,0.0025,36,1.9874999999999998,9.997690150896878,9.99944443976698
hm-a10-g1-L5p3-n3-beta2__N0096__Aplus_0p0025,hm-a10-g1-L5p3-n3-beta2__N0096__Aminus_0p0025,hm-a10-g1-L5p3-n3-beta2,96,0.0025,37,2.042708333333333,9.99779501192348,9.999469654529467
hm-a10-g1-L5p3-n3-beta2__N0096__Aplus_0p0025,hm-a10-g1-L5p3-n3-beta2__N0096__Aminus_0p0025,hm-a10-g1-L5p3-n3-beta2,96,0.0025,38,2.0979166666666664,9.997921101528275,9.999499973535746
hm-a10-g1-L5p3-n3-beta2__N0096__Aplus_0p0025,hm-a10-g1-L5p3-n3-beta2__N0096__Aminus_0p0025,hm-a10-g1-L5p3-n3-beta2,96,0.0025,39,2.1531249999999997,9.998067206537506,9.999535104880858
hm-a10-g1-L5p3-n3-beta2__N0096__Aplus_0p0025,hm-a10-g1-L5p3-n3-beta2__N0096__Aminus_0p0025,hm-a10-g1-L5p3-n3-beta2,96,0.0025,40,2.208333333333333,9.99823192111499,9.999574710321504
hm-a10-g1-L5p3-n3-beta2__N0096__Aplus_0p0025,hm-a10-g1-L5p3-n3-beta2__N0096__Aminus_0p0025,hm-a10-g1-L5p3-n3-beta2,96,0.0025,41,2.263541666666667,9.99841366025364,9.999618408530033
hm-a10-g1-L5p3-n3-beta2__N0096__Aplus_0p0025,hm-a10-g1-L5p3-n3-beta2__N0096__Aminus_0p0025,hm-a10-g1-L5p3-n3-beta2,96,0.0025,42,2.31875,9.99861067499062,9.999665778763204
hm-a10-g1-L5p3-n3-beta2__N0096__Aplus_0p0025,hm-a10-g1-L5p3-n3-beta2__N0096__Aminus_0p0025,hm-a10-g1-L5p3-n3-beta2,96,0.0025,43,2.3739583333333334,9.998821069201444,9.99971636491054
hm-a10-g1-L5p3-n3-beta2__N0096__Aplus_0p0025,hm-a10-g1-L5p3-n3-beta2__N0096__Aminus_0p0025,hm-a10-g1-L5p3-n3-beta2,96,0.0025,44,2.4291666666666667,9.999042817813253,9.999769679883448
hm-a10-g1-L5p3-n3-beta2__N0096__Aplus_0p0025,hm-a10-g1-L5p3-n3-beta2__N0096__Aminus_0p0025,hm-a10-g1-L5p3-n3-beta2,96,0.0025,45,2.484375,9.999273786263608,9.999825210302921
hm-a10-g1-L5p3-n3-beta2__N0096__Aplus_0p0025,hm-a10-g1-L5p3-n3-beta2__N0096__Aminus_0p0025,hm-a10-g1-L5p3-n3-beta2,96,0.0025,46,2.5395833333333333,9.999511751019151,9.999882421440846
hm-a10-g1-L5p3-n3-beta2__N0096__Aplus_0p0025,hm-a10-g1-L5p3-n3-beta2__N0096__Aminus_0p0025,hm-a10-g1-L5p3-n3-beta2,96,0.0025,47,2.5947916666666666,9.999754420957956,9.999940762367414
hm-a10-g1-L5p3-n3-beta2__N0096__Aplus_0p0025,hm-a10-g1-L5p3-n3-beta2__N0096__Aminus_0p0025,hm-a10-g1-L5p3-n3-beta2,96,0.0025,48,2.65,9.999999459410882,9.999999671255157
hm-a10-g1-L5p3-n3-beta2__N0096__Aplus_0p0025,hm-a10-g1-L5p3-n3-beta2__N0096__Aminus_0p0025,hm-a10-g1-L5p3-n3-beta2,96,0.0025,49,2.705208333333333,10.000244506650548,10.000058580788592
hm-a10-g1-L5p3-n3-beta2__N0096__Aplus_0p0025,hm-a10-g1-L5p3-n3-beta2__N0096__Aminus_0p0025,hm-a10-g1-L5p3-n3-beta2,96,0.0025,50,2.7604166666666665,10.000487202611898,10.000116923627424
hm-a10-g1-L5p3-n3-beta2__N0096__Aplus_0p0025,hm-a10-g1-L5p3-n3-beta2__N0096__Aminus_0p0025,hm-a10-g1-L5p3-n3-beta2,96,0.0025,51,2.815625,10.000725209625763,10.000174137870694
hm-a10-g1-L5p3-n3-beta2__N0096__Aplus_0p0025,hm-a10-g1-L5p3-n3-beta2__N0096__Aminus_0p0025,hm-a10-g1-L5p3-n3-beta2,96,0.0025,52,2.870833333333333,10.000956234946251,10.00022967246926
hm-a10-g1-L5p3-n3-beta2__N0096__Aplus_0p0025,hm-a10-g1-L5p3-n3-beta2__N0096__Aminus_0p0025,hm-a10-g1-L5p3-n3-beta2,96,0.0025,53,2.9260416666666664,10.00117805285452,10.000282992534407
hm-a10-g1-L5p3-n3-beta2__N0096__Aplus_0p0025,hm-a10-g1-L5p3-n3-beta2__N0096__Aminus_0p0025,hm-a10-g1-L5p3-n3-beta2,96,0.0025,54,2.9812499999999997,10.001388526125107,10.000333584491438
hm-a10-g1-L5p3-n3-beta2__N0096__Aplus_0p0025,hm-a10-g1-L5p3-n3-beta2__N0096__Aminus_0p0025,hm-a10-g1-L5p3-n3-beta2,96,0.0025,55,3.036458333333333,10.001585626646927,10.000380961028494
hm-a10-g1-L5p3-n3-beta2__N0096__Aplus_0p0025,hm-a10-g1-L5p3-n3-beta2__N0096__Aminus_0p0025,hm-a10-g1-L5p3-n3-beta2,96,0.0025,56,3.091666666666667,10.001767454998836,10.000424665792849
hm-a10-g1-L5p3-n3-beta2__N0096__Aplus_0p0025,hm-a10-g1-L5p3-n3-beta2__N0096__Aminus_0p0025,hm-a10-g1-L5p3-n3-beta2,96,0.0025,57,3.146875,10.001932258789578,10.000464277789321
hm-a10-g1-L5p3-n3-beta2__N0096__Aplus_0p0025,hm-a10-g1-L5p3-n3-beta2__N0096__Aminus_0p0025,hm-a10-g1-L5p3-n3-beta2,96,0.0025,58,3.2020833333333334,10.002078449583657,10.000499415438323
hm-a10-g1-L5p3-n3-beta2__N0096__Aplus_0p0025,hm-a10-g1-L5p3-n3-beta2__N0096__Aminus_0p0025,hm-a10-g1-L5p3-n3-beta2,96,0.0025,59,3.2572916666666667,10.002204618248223,10.000529740254303
hm-a10-g1-L5p3-n3-beta2__N0096__Aplus_0p0025,hm-a10-g1-L5p3-n3-beta2__N0096__Aminus_0p0025,hm-a10-g1-L5p3-n3-beta2,96,0.0025,60,3.3125,10.002309548571302,10.000554960109035
hm-a10-g1-L5p3-n3-beta2__N0096__Aplus_0p0025,hm-a10-g1-L5p3-n3-beta2__N0096__Aminus_0p0025,hm-a10-g1-L5p3-n3-beta2,96,0.0025,61,3.3677083333333333,10.002392229018353,10.000574832048194
hm-a10-g1-L5p3-n3-beta2__N0096__Aplus_0p0025,hm-a10-g1-L5p3-n3-beta2__N0096__Aminus_0p0025,hm-a10-g1-L5p3-n3-beta2,96,0.0025,62,3.4229166666666666,10.002451862512272,10.000589164633958
hm-a10-g1-L5p3-n3-beta2__N0096__Aplus_0p0025,hm-a10-g1-L5p3-n3-beta2__N0096__Aminus_0p0025,hm-a10-g1-L5p3-n3-beta2,96,0.0025,63,3.478125,10.002487874141183,10.000597819790967
hm-a10-g1-L5p3-n3-beta2__N0096__Aplus_0p0025,hm-a10-g1-L5p3-n3-beta2__N0096__Aminus_0p0025,hm-a10-g1-L5p3-n3-beta2,96,0.0025,64,3.533333333333333,10.002499916718554,10.000600714137784
hm-a10-g1-L5p3-n3-beta2__N0096__Aplus_0p0025,hm-a10-g1-L5p3-n3-beta2__N0096__Aminus_0p0025,hm-a10-g1-L5p3-n3-beta2,96,0.0025,65,3.5885416666666665,10.002487874141208,10.000597819790974
hm-a10-g1-L5p3-n3-beta2__N0096__Aplus_0p0025,hm-a10-g1-L5p3-n3-beta2__N0096__Aminus_0p0025,hm-a10-g1-L5p3-n3-beta2,96,0.0025,66,3.64375,10.00245186251232,10.000589164633976
hm-a10-g1-L5p3-n3-beta2__N0096__Aplus_0p0025,hm-a10-g1-L5p3-n3-beta2__N0096__Aminus_0p0025,hm-a10-g1-L5p3-n3-beta2,96,0.0025,67,3.698958333333333,10.002392229018426,10.00057483204822
hm-a10-g1-L5p3-n3-beta2__N0096__Aplus_0p0025,hm-a10-g1-L5p3-n3-beta2__N0096__Aminus_0p0025,hm-a10-g1-L5p3-n3-beta2,96,0.0025,68,3.7541666666666664,10.0023095485714,10.000554960109069
hm-a10-g1-L5p3-n3-beta2__N0096__Aplus_0p0025,hm-a10-g1-L5p3-n3-beta2__N0096__Aminus_0p0025,hm-a10-g1-L5p3-n3-beta2,96,0.0025,69,3.8093749999999997,10.002204618248344,10.000529740254345
hm-a10-g1-L5p3-n3-beta2__N0096__Aplus_0p0025,hm-a10-g1-L5p3-n3-beta2__N0096__Aminus_0p0025,hm-a10-g1-L5p3-n3-beta2,96,0.0025,70,3.864583333333333,10.002078449583799,10.000499415438373
hm-a10-g1-L5p3-n3-beta2__N0096__Aplus_0p0025,hm-a10-g1-L5p3-n3-beta2__N0096__Aminus_0p0025,hm-a10-g1-L5p3-n3-beta2,96,0.0025,71,3.9197916666666663,10.001932258789743,10.000464277789378
hm-a10-g1-L5p3-n3-beta2__N0096__Aplus_0p0025,hm-a10-g1-L5p3-n3-beta2__N0096__Aminus_0p0025,hm-a10-g1-L5p3-n3-beta2,96,0.0025,72,3.9749999999999996,10.001767454999023,10.00042466579291
hm-a10-g1-L5p3-n3-beta2__N0096__Aplus_0p0025,hm-a10-g1-L5p3-n3-beta2__N0096__Aminus_0p0025,hm-a10-g1-L5p3-n3-beta2,96,0.0025,73,4.030208333333333,10.001585626647135,10.00038096102856
hm-a10-g1-L5p3-n3-beta2__N0096__Aplus_0p0025,hm-a10-g1-L5p3-n3-beta2__N0096__Aminus_0p0025,hm-a10-g1-L5p3-n3-beta2,96,0.0025,74,4.085416666666666,10.001388526125336,10.000333584491507
hm-a10-g1-L5p3-n3-beta2__N0096__Aplus_0p0025,hm-a10-g1-L5p3-n3-beta2__N0096__Aminus_0p0025,hm-a10-g1-L5p3-n3-beta2,96,0.0025,75,4.140625,10.001178052854769,10.000282992534478
hm-a10-g1-L5p3-n3-beta2__N0096__Aplus_0p0025,hm-a10-g1-L5p3-n3-beta2__N0096__Aminus_0p0025,hm-a10-g1-L5p3-n3-beta2,96,0.0025,76,4.195833333333333,10.000956234946518,10.000229672469334
hm-a10-g1-L5p3-n3-beta2__N0096__Aplus_0p0025,hm-a10-g1-L5p3-n3-beta2__N0096__Aminus_0p0025,hm-a10-g1-L5p3-n3-beta2,96,0.0025,77,4.251041666666667,10.000725209626045,10.00017413787077
hm-a10-g1-L5p3-n3-beta2__N0096__Aplus_0p0025,hm-a10-g1-L5p3-n3-beta2__N0096__Aminus_0p0025,hm-a10-g1-L5p3-n3-beta2,96,0.0025,78,4.3062499999999995,10.000487202612195,10.0001169236275
hm-a10-g1-L5p3-n3-beta2__N0096__Aplus_0p0025,hm-a10-g1-L5p3-n3-beta2__N0096__Aminus_0p0025,hm-a10-g1-L5p3-n3-beta2,96,0.0025,79,4.361458333333333,10.000244506650855,10.00005858078867
hm-a10-g1-L5p3-n3-beta2__N0096__Aplus_0p0025,hm-a10-g1-L5p3-n3-beta2__N0096__Aminus_0p0025,hm-a10-g1-L5p3-n3-beta2,96,0.0025,80,4.416666666666666,9.9999994594112,9.999999671255233
hm-a10-g1-L5p3-n3-beta2__N0096__Aplus_0p0025,hm-a10-g1-L5p3-n3-beta2__N0096__Aminus_0p0025,hm-a10-g1-L5p3-n3-beta2,96,0.0025,81,4.471875,9.999754420958281,9.99994076236749
hm-a10-g1-L5p3-n3-beta2__N0096__Aplus_0p0025,hm-a10-g1-L5p3-n3-beta2__N0096__Aminus_0p0025,hm-a10-g1-L5p3-n3-beta2,96,0.0025,82,4.527083333333334,9.99951175101948,9.999882421440924
hm-a10-g1-L5p3-n3-beta2__N0096__Aplus_0p0025,hm-a10-g1-L5p3-n3-beta2__N0096__Aminus_0p0025,hm-a10-g1-L5p3-n3-beta2,96,0.0025,83,4.582291666666666,9.999273786263938,9.999825210303001
hm-a10-g1-L5p3-n3-beta2__N0096__Aplus_0p0025,hm-a10-g1-L5p3-n3-beta2__N0096__Aminus_0p0025,hm-a10-g1-L5p3-n3-beta2,96,0.0025,84,4.6375,9.999042817813582,9.999769679883528
hm-a10-g1-L5p3-n3-beta2__N0096__Aplus_0p0025,hm-a10-g1-L5p3-n3-beta2__N0096__Aminus_0p0025,hm-a10-g1-L5p3-n3-beta2,96,0.0025,85,4.692708333333333,9.998821069201767,9.99971636491062
hm-a10-g1-L5p3-n3-beta2__N0096__Aplus_0p0025,hm-a10-g1-L5p3-n3-beta2__N0096__Aminus_0p0025,hm-a10-g1-L5p3-n3-beta2,96,0.0025,86,4.747916666666667,9.998610674990935,9.999665778763283
hm-a10-g1-L5p3-n3-beta2__N0096__Aplus_0p0025,hm-a10-g1-L5p3-n3-beta2__N0096__Aminus_0p0025,hm-a10-g1-L5p3-n3-beta2,96,0.0025,87,4.803125,9.998413660253947,9.999618408530113
hm-a10-g1-L5p3-n3-beta2__N0096__Aplus_0p0025,hm-a10-g1-L5p3-n3-beta2__N0096__Aminus_0p0025,hm-a10-g1-L5p3-n3-beta2,96,0.0025,88,4.858333333333333,9.998231921115284,9.999574710321582
hm-a10-g1-L5p3-n3-beta2__N0096__Aplus_0p0025,hm-a10-g1-L5p3-n3-beta2__N0096__Aminus_0p0025,hm-a10-g1-L5p3-n3-beta2,96,0.0025,89,4.913541666666666,9.998067206537787,9.999535104880934
hm-a10-g1-L5p3-n3-beta2__N0096__Aplus_0p0025,hm-a10-g1-L5p3-n3-beta2__N0096__Aminus_0p0025,hm-a10-g1-L5p3-n3-beta2,96,0.0025,90,4.96875,9.99792110152854,9.999499973535821
hm-a10-g1-L5p3-n3-beta2__N0096__Aplus_0p0025,hm-a10-g1-L5p3-n3-beta2__N0096__Aminus_0p0025,hm-a10-g1-L5p3-n3-beta2,96,0.0025,91,5.023958333333333,9.997795011923728,9.99946965452954
hm-a10-g1-L5p3-n3-beta2__N0096__Aplus_0p0025,hm-a10-g1-L5p3-n3-beta2__N0096__Aminus_0p0025,hm-a10-g1-L5p3-n3-beta2,96,0.0025,92,5.079166666666667,9.997690150897105,9.999444439767053
hm-a10-g1-L5p3-n3-beta2__N0096__Aplus_0p0025,hm-a10-g1-L5p3-n3-beta2__N0096__Aminus_0p0025,hm-a10-g1-L5p3-n3-beta2,96,0.0025,93,5.1343749999999995,9.997607527320188,9.999424572006989
hm-a10-g1-L5p3-n3-beta2__N0096__Aplus_0p0025,hm-a10-g1-L5p3-n3-beta2__N0096__Aminus_0p0025,hm-a10-g1-L5p3-n3-beta2,96,0.0025,94,5.189583333333333,9.997547936084596,9.999410242526574
hm-a10-g1-L5p3-n3-beta2__N0096__Aplus_0p0025,hm-a10-g1-L5p3-n3-beta2__N0096__Aminus_0p0025,hm-a10-g1-L5p3-n3-beta2,96,0.0025,95,5.244791666666666,9.997511950478238,9.999401589281833
hm-a10-g1-L5p3-n3-beta2__N0096__Aplus_0p0025,hm-a10-g1-L5p3-n3-beta2__N0096__Aminus_0p0025,hm-a10-g1-L5p3-n3-beta2,96,0.0025,96,5.3,9.997499916687614,9.999398695580709
hm-a10-g1-L5p3-n3-beta2__N0096__Aplus_0p005,hm-a10-g1-L5p3-n3-beta2__N0096__Aminus_0p005,hm-a10-g1-L5p3-n3-beta2,96,0.005,0,0.0,10.004999666938016,10.001200837997626
hm-a10-g1-L5p3-n3-beta2__N0096__Aplus_0p005,hm-a10-g1-L5p3-n3-beta2__N0096__Aminus_0p005,hm-a10-g1-L5p3-n3-beta2,96,0.005,1,0.05520833333333333,10.00497557299253,10.001195048658165
hm-a10-g1-L5p3-n3-beta2__N0096__Aplus_0p005,hm-a10-g1-L5p3-n3-beta2__N0096__Aminus_0p005,hm-a10-g1-L5p3-n3-beta2,96,0.005,2,0.11041666666666666,10.004903523700442,10.00117773643149
hm-a10-g1-L5p3-n3-beta2__N0096__Aplus_0p005,hm-a10-g1-L5p3-n3-beta2__N0096__Aminus_0p005,hm-a10-g1-L5p3-n3-beta2,96,0.005,3,0.165625,10.004784214435864,10.001149068153993
hm-a10-g1-L5p3-n3-beta2__N0096__Aplus_0p005,hm-a10-g1-L5p3-n3-beta2__N0096__Aminus_0p005,hm-a10-g1-L5p3-n3-beta2,96,0.005,4,0.22083333333333333,10.004618796648098,10.001109320095782
hm-a10-g1-L5p3-n3-beta2__N0096__Aplus_0p005,hm-a10-g1-L5p3-n3-beta2__N0096__Aminus_0p005,hm-a10-g1-L5p3-n3-beta2,96,0.005,5,0.27604166666666663,10.004408866678862,10.001058875293175
hm-a10-g1-L5p3-n3-beta2__N0096__Aplus_0p005,hm-a10-g1-L5p3-n3-beta2__N0096__Aminus_0p005,hm-a10-g1-L5p3-n3-beta2,96,0.005,6,0.33125,10.004156450262562,10.000998219850594
hm-a10-g1-L5p3-n3-beta2__N0096__Aplus_0p005,hm-a10-g1-L5p3-n3-beta2__N0096__Aminus_0p005,hm-a10-g1-L5p3-n3-beta2,96,0.005,7,0.38645833333333335,10.003863982863733,10.000927938247825
hm-a10-g1-L5p3-n3-beta2__N0096__Aplus_0p005,hm-a10-g1-L5p3-n3-beta2__N0096__Aminus_0p005,hm-a10-g1-L5p3-n3-beta2,96,0.005,8,0.44166666666666665,10.003534286046957,10.000848707698307
hm-a10-g1-L5p3-n3-beta2__N0096__Aplus_0p005,hm-a10-g1-L5p3-n3-beta2__N0096__Aminus_0p005,hm-a10-g1-L5p3-n3-beta2,96,0.005,9,0.49687499999999996,10.003170540113546,10.000761291613216
hm-a10-g1-L5p3-n3-beta2__N0096__Aplus_0p005,hm-a10-g1-L5p3-n3-beta2__N0096__Aminus_0p005,hm-a10-g1-L5p3-n3-beta2,96,0.005,10,0.5520833333333333,10.002776253275837,10.0006665322349
hm-a10-g1-L5p3-n3-beta2__N0096__Aplus_0p005,hm-a10-g1-L5p3-n3-beta2__N0096__Aminus_0p005,hm-a10-g1-L5p3-n3-beta2,96,0.005,11,0.6072916666666667,10.002355227673572,10.000565342511095
hm-a10-g1-L5p3-n3-beta2__N0096__Aplus_0p005,hm-a10-g1-L5p3-n3-beta2__N0096__Aminus_0p005,hm-a10-g1-L5p3-n3-beta2,96,0.005,12,0.6625,10.001911522567262,10.000458697288783
hm-a10-g1-L5p3-n3-beta2__N0096__Aplus_0p005,hm-a10-g1-L5p3-n3-beta2__N0096__Aminus_0p005,hm-a10-g1-L5p3-n3-beta2,96,0.005,13,0.7177083333333333,10.001449415070278,10.000347623913035
hm-a10-g1-L5p3-n3-beta2__N0096__Aplus_0p005,hm-a10-g1-L5p3-n3-beta2__N0096__Aminus_0p005,hm-a10-g1-L5p3-n3-beta2,96,0.005,14,0.7729166666666667,10.000973358804577,10.000233192321835
hm-a10-g1-L5p3-n3-beta2__N0096__Aplus_0p005,hm-a10-g1-L5p3-n3-beta2__N0096__Aminus_0p005,hm-a10-g1-L5p3-n3-beta2,96,0.005,15,0.828125,10.00048794088415,10.000116504732748
hm-a10-g1-L5p3-n3-beta2__N0096__Aplus_0p005,hm-a10-g1-L5p3-n3-beta2__N0096__Aminus_0p005,hm-a10-g1-L5p3-n3-beta2,96,0.005,16,0.8833333333333333,9.999997837645237,9.999998685021104
hm-a10-g1-L5p3-n3-beta2__N0096__Aplus_0p005,hm-a10-g1-L5p3-n3-beta2__N0096__Aminus_0p005,hm-a10-g1-L5p3-n3-beta2,96,0.005,17,0.9385416666666666,9.999507769553269,9.999880867892228
hm-a10-g1-L5p3-n3-beta2__N0096__Aplus_0p005,hm-a10-g1-L5p3-n3-beta2__N0096__Aminus_0p005,hm-a10-g1-L5p3-n3-beta2,96,0.005,18,0.9937499999999999,9.999022455723006,9.99976418795219
hm-a10-g1-L5p3-n3-beta2__N0096__Aplus_0p005,hm-a10-g1-L5p3-n3-beta2__N0096__Aminus_0p005,hm-a10-g1-L5p3-n3-beta2,96,0.005,19,1.0489583333333332,9.99854656849056,9.99964976878237
hm-a10-g1-L5p3-n3-beta2__N0096__Aplus_0p005,hm-a10-g1-L5p3-n3-beta2__N0096__Aminus_0p005,hm-a10-g1-L5p3-n3-beta2,96,0.005,20,1.1041666666666665,9.998084688474066,9.99953871212299
hm-a10-g1-L5p3-n3-beta2__N0096__Aplus_0p005,hm-a10-g1-L5p3-n3-beta2__N0096__Aminus_0p005,hm-a10-g1-L5p3-n3-beta2,96,0.005,21,1.159375,9.99764126055354,9.999432087269629
hm-a10-g1-L5p3-n3-beta2__N0096__Aplus_0p005,hm-a10-g1-L5p3-n3-beta2__N0096__Aminus_0p005,hm-a10-g1-L5p3-n3-beta2,96,0.005,22,1.2145833333333333,9.997220551190255,9.999330920784589
hm-a10-g1-L5p3-n3-beta2__N0096__Aplus_0p005,hm-a10-g1-L5p3-n3-beta2__N0096__Aminus_0p005,hm-a10-g1-L5p3-n3-beta2,96,0.005,23,1.2697916666666667,9.996826607491835,9.999236186621804
hm-a10-g1-L5p3-n3-beta2__N0096__Aplus_0p005,hm-a10-g1-L5p3-n3-beta2__N0096__Aminus_0p005,hm-a10-g1-L5p3-n3-beta2,96,0.005,24,1.325,9.996463218411376,9.999148796759991
hm-a10-g1-L5p3-n3-beta2__N0096__Aplus_0p005,hm-a10-g1-L5p3-n3-beta2__N0096__Aminus_0p005,hm-a10-g1-L5p3-n3-beta2,96,0.005,25,1.3802083333333333,9.996133878447553,9.999069592433749
hm-a10-g1-L5p3-n3-beta2__N0096__Aplus_0p005,hm-a10-g1-L5p3-n3-beta2__N0096__Aminus_0p005,hm-a10-g1-L5p3-n3-beta2,96,0.005,26,1.4354166666666666,9.99584175418802,9.998999336046513
hm-a10-g1-L5p3-n3-beta2__N0096__Aplus_0p005,hm-a10-g1-L5p3-n3-beta2__N0096__Aminus_0p005,hm-a10-g1-L5p3-n3-beta2,96,0.005,27,1.4906249999999999,9.995589654010702,9.998938703842695
hm-a10-g1-L5p3-n3-beta2__N0096__Aplus_0p005,hm-a10-g1-L5p3-n3-beta2__N0096__Aminus_0p005,hm-a10-g1-L5p3-n3-beta2,96,0.005,28,1.5458333333333334,9.995380001227256,9.998888279409037
hm-a10-g1-L5p3-n3-beta2__N0096__Aplus_0p005,hm-a10-g1-L5p3-n3-beta2__N0096__Aminus_0p005,hm-a10-g1-L5p3-n3-beta2,96,0.005,29,1.6010416666666667,9.99521481091998,9.99884854806719
hm-a10-g1-L5p3-n3-beta2__N0096__Aplus_0p005,hm-a10-g1-L5p3-n3-beta2__N0096__Aminus_0p005,hm-a10-g1-L5p3-n3-beta2,96,0.005,30,1.65625,9.99509567068865,9.99881989221107
hm-a10-g1-L5p3-n3-beta2__N0096__Aplus_0p005,hm-a10-g1-L5p3-n3-beta2__N0096__Aminus_0p005,hm-a10-g1-L5p3-n3-beta2,96,0.005,31,1.7114583333333333,9.995023725486716,9.998802587633438
hm-a10-g1-L5p3-n3-beta2__N0096__Aplus_0p005,hm-a10-g1-L5p3-n3-beta2__N0096__Aminus_0p005,hm-a10-g1-L5p3-n3-beta2,96,0.005,32,1.7666666666666666,9.994999666688155,9.99879680087674
hm-a10-g1-L5p3-n3-beta2__N0096__Aplus_0p005,hm-a10-g1-L5p3-n3-beta2__N0096__Aminus_0p005,hm-a10-g1-L5p3-n3-beta2,96,0.005,33,1.821875,9.995023725486664,9.998802587633426
hm-a10-g1-L5p3-n3-beta2__N0096__Aplus_0p005,hm-a10-g1-L5p3-n3-beta2__N0096__Aminus_0p005,hm-a10-g1-L5p3-n3-beta2,96,0.005,34,1.8770833333333332,9.99509567068855,9.998819892211044
hm-a10-g1-L5p3-n3-beta2__N0096__Aplus_0p005,hm-a10-g1-L5p3-n3-beta2__N0096__Aminus_0p005,hm-a10-g1-L5p3-n3-beta2,96,0.005,35,1.9322916666666665,9.995214810919828,9.99884854806715
hm-a10-g1-L5p3-n3-beta2__N0096__Aplus_0p005,hm-a10-g1-L5p3-n3-beta2__N0096__Aminus_0p005,hm-a10-g1-L5p3-n3-beta2,96,0.005,36,1.9874999999999998,9.995380001227053,9.998888279408986
hm-a10-g1-L5p3-n3-beta2__N0096__Aplus_0p005,hm-a10-g1-L5p3-n3-beta2__N0096__Aminus_0p005,hm-a10-g1-L5p3-n3-beta2,96,0.005,37,2.042708333333333,9.995589654010454,9.998938703842631
hm-a10-g1-L5p3-n3-beta2__N0096__Aplus_0p005,hm-a10-g1-L5p3-n3-beta2__N0096__Aminus_0p005,hm-a10-g1-L5p3-n3-beta2,96,0.005,38,2.0979166666666664,9.995841754187724,9.998999336046435
hm-a10-g1-L5p3-n3-beta2__N0096__Aplus_0p005,hm-a10-g1-L5p3-n3-beta2__N0096__Aminus_0p005,hm-a10-g1-L5p3-n3-beta2,96,0.005,39,2.1531249999999997,9.996133878447216,9.999069592433658
hm-a10-g1-L5p3-n3-beta2__N0096__Aplus_0p005,hm-a10-g1-L5p3-n3-beta2__N0096__Aminus_0p005,hm-a10-g1-L5p3-n3-beta2,96,0.005,40,2.208333333333333,9.996463218410998,9.999148796759888
hm-a10-g1-L5p3-n3-beta2__N0096__Aplus_0p005,hm-a10-g1-L5p3-n3-beta2__N0096__Aminus_0p005,hm-a10-g1-L5p3-n3-beta2,96,0.005,41,2.263541666666667,9.99682660749142,9.999236186621689
hm-a10-g1-L5p3-n3-beta2__N0096__Aplus_0p005,hm-a10-g1-L5p3-n3-beta2__N0096__Aminus_0p005,hm-a10-g1-L5p3-n3-beta2,96,0.005,42,2.31875,9.997220551189805,9.999330920784463
hm-a10-g1-L5p3-n3-beta2__N0096__Aplus_0p005,hm-a10-g1-L5p3-n3-beta2__N0096__Aminus_0p005,hm-a10-g1-L5p3-n3-beta2,96,0.005,43,2.3739583333333334,9.99764126055306,9.999432087269492
hm-a10-g1-L5p3-n3-beta2__N0096__Aplus_0p005,hm-a10-g1-L5p3-n3-beta2__N0096__Aminus_0p005,hm-a10-g1-L5p3-n3-beta2,96,0.005,44,2.4291666666666667,9.99808468847356,9.999538712122842
hm-a10-g1-L5p3-n3-beta2__N0096__Aplus_0p005,hm-a10-g1-L5p3-n3-beta2__N0096__Aminus_0p005,hm-a10-g1-L5p3-n3-beta2,96,0.005,45,2.484375,9.99854656849003,9.999649768782215
hm-a10-g1-L5p3-n3-beta2__N0096__Aplus_0p005,hm-a10-g1-L5p3-n3-beta2__N0096__Aminus_0p005,hm-a10-g1-L5p3-n3-beta2,96,0.005,46,2.5395833333333333,9.999022455722457,9.999764187952028
hm-a10-g1-L5p3-n3-beta2__N0096__Aplus_0p005,hm-a10-g1-L5p3-n3-beta2__N0096__Aminus_0p005,hm-a10-g1-L5p3-n3-beta2,96,0.005,47,2.5947916666666666,9.999507769552705,9.999880867892056
hm-a10-g1-L5p3-n3-beta2__N0096__Aplus_0p005,hm-a10-g1-L5p3-n3-beta2__N0096__Aminus_0p005,hm-a10-g1-L5p3-n3-beta2,96,0.005,48,2.65,9.99999783764466,9.999998685020923
hm-a10-g1-L5p3-n3-beta2__N0096__Aplus_0p005,hm-a10-g1-L5p3-n3-beta2__N0096__Aminus_0p005,hm-a10-g1-L5p3-n3-beta2,96,0.005,49,2.705208333333333,10.000487940883566,10.00011650473256
hm-a10-g1-L5p3-n3-beta2__N0096__Aplus_0p005,hm-a10-g1-L5p3-n3-beta2__N0096__Aminus_0p005,hm-a10-g1-L5p3-n3-beta2,96,0.005,50,2.7604166666666665,10.00097335880399,10.00023319232164
hm-a10-g1-L5p3-n3-beta2__N0096__Aplus_0p005,hm-a10-g1-L5p3-n3-beta2__N0096__Aminus_0p005,hm-a10-g1-L5p3-n3-beta2,96,0.005,51,2.815625,10.001449415069688,10.000347623912834
hm-a10-g1-L5p3-n3-beta2__N0096__Aplus_0p005,hm-a10-g1-L5p3-n3-beta2__N0096__Aminus_0p005,hm-a10-g1-L5p3-n3-beta2,96,0.005,52,2.870833333333333,10.001911522566674,10.000458697288577
hm-a10-g1-L5p3-n3-beta2__N0096__Aplus_0p005,hm-a10-g1-L5p3-n3-beta2__N0096__Aminus_0p005,hm-a10-g1-L5p3-n3-beta2,96,0.005,53,2.9260416666666664,10.002355227672988,10.000565342510884
hm-a10-g1-L5p3-n3-beta2__N0096__Aplus_0p005,hm-a10-g1-L5p3-n3-beta2__N0096__Aminus_0p005,hm-a10-g1-L5p3-n3-beta2,96,0.005,54,2.9812499999999997,10.002776253275258,10.000666532234687
hm-a10-g1-L5p3-n3-beta2__N0096__Aplus_0p005,hm-a10-g1-L5p3-n3-beta2__N0096__Aminus_0p005,hm-a10-g1-L5p3-n3-beta2,96,0.005,55,3.036458333333333,10.003170540112976,10.000761291613001
hm-a10-g1-L5p3-n3-beta2__N0096__Aplus_0p005,hm-a10-g1-L5p3-n3-beta2__N0096__Aminus_0p005,hm-a10-g1-L5p3-n3-beta2,96,0.005,56,3.091666666666667,10.003534286046396,10.000848707698092
hm-a10-g1-L5p3-n3-beta2__N0096__Aplus_0p005,hm-a10-g1-L5p3-n3-beta2__N0096__Aminus_0p005,hm-a10-g1-L5p3-n3-beta2,96,0.005,57,3.146875,10.003863982863182,10.000927938247612
hm-a10-g1-L5p3-n3-beta2__N0096__Aplus_0p005,hm-a10-g1-L5p3-n3-beta2__N0096__Aminus_0p005,hm-a10-g1-L5p3-n3-beta2,96,0.005,58,3.2020833333333334,10.004156450262023,10.000998219850384
hm-a10-g1-L5p3-n3-beta2__N0096__Aplus_0p005,hm-a10-g1-L5p3-n3-beta2__N0096__Aminus_0p005,hm-a10-g1-L5p3-n3-beta2,96,0.005,59,3.2572916666666667,10.004408866678338,10.001058875292971
hm-a10-g1-L5p3-n3-beta2__N0096__Aplus_0p005,hm-a10-g1-L5p3-n3-beta2__N0096__Aminus_0p005,hm-a10-g1-L5p3-n3-beta2,96,0.005,60,3.3125,10.004618796647586,10.001109320095582
hm-a10-g1-L5p3-n3-beta2__N0096__Aplus_0p005,hm-a10-g1-L5p3-n3-beta2__N0096__Aminus_0p005,hm-a10-g1-L5p3-n3-beta2,96,0.005,61,3.3677083333333333,10.004784214435368,10.001149068153797
hm-a10-g1-L5p3-n3-beta2__N0096__Aplus_0p005,hm-a10-g1-L5p3-n3-beta2__N0096__Aminus_0p005,hm-a10-g1-L5p3-n3-beta2,96,0.005,62,3.4229166666666666,10.004903523699962,10.001177736431298
hm-a10-g1-L5p3-n3-beta2__N0096__Aplus_0p005,hm-a10-g1-L5p3-n3-beta2__N0096__Aminus_0p005,hm-a10-g1-L5p3-n3-beta2,96,0.005,63,3.478125,10.004975572992064,10.001195048657975
hm-a10-g1-L5p3-n3-beta2__N0096__Aplus_0p005,hm-a10-g1-L5p3-n3-beta2__N0096__Aminus_0p005,hm-a10-g1-L5p3-n3-beta2,96,0.005,64,3.533333333333333,10.004999666937568,10.00120083799744
hm-a10-g1-L5p3-n3-beta2__N0096__Aplus_0p005,hm-a10-g1-L5p3-n3-beta2__N0096__Aminus_0p005,hm-a10-g1-L5p3-n3-beta2,96,0.005,65,3.5885416666666665,10.004975572992098,10.001195048657983
hm-a10-g1-L5p3-n3-beta2__N0096__Aplus_0p005,hm-a10-g1-L5p3-n3-beta2__N0096__Aminus_0p005,hm-a10-g1-L5p3-n3-beta2,96,0.005,66,3.64375,10.004903523700028,10.001177736431318
hm-a10-g1-L5p3-n3-beta2__N0096__Aplus_0p005,hm-a10-g1-L5p3-n3-beta2__N0096__Aminus_0p005,hm-a10-g1-L5p3-n3-beta2,96,0.005,67,3.698958333333333,10.004784214435466,10.001149068153829
hm-a10-g1-L5p3-n3-beta2__N0096__Aplus_0p005,hm-a10-g1-L5p3-n3-beta2__N0096__Aminus_0p005,hm-a10-g1-L5p3-n3-beta2,96,0.005,68,3.7541666666666664,10.004618796647717,10.001109320095624
hm-a10-g1-L5p3-n3-beta2__N0096__Aplus_0p005,hm-a10-g1-L5p3-n3-beta2__N0096__Aminus_0p005,hm-a10-g1-L5p3-n3-beta2,96,0.005,69,3.8093749999999997,10.0044088666785,10.001058875293026
hm-a10-g1-L5p3-n3-beta2__N0096__Aplus_0p005,hm-a10-g1-L5p3-n3-beta2__N0096__Aminus_0p005,hm-a10-g1-L5p3-n3-beta2,96,0.005,70,3.864583333333333,10.004156450262215,10.00099821985045
hm-a10-g1-L5p3-n3-beta2__N0096__Aplus_0p005,hm-a10-g1-L5p3-n3-beta2__N0096__Aminus_0p005,hm-a10-g1-L5p3-n3-beta2,96,0.005,71,3.9197916666666663,10.003863982863404,10.000927938247687
hm-a10-g1-L5p3-n3-beta2__N0096__Aplus_0p005,hm-a10-g1-L5p3-n3-beta2__N0096__Aminus_0p005,hm-a10-g1-L5p3-n3-beta2,96,0.005,72,3.9749999999999996,10.003534286046646,10.000848707698173
hm-a10-g1-L5p3-n3-beta2__N0096__Aplus_0p005,hm-a10-g1-L5p3-n3-beta2__N0096__Aminus_0p005,hm-a10-g1-L5p3-n3-beta2,96,0.005,73,4.030208333333333,10.003170540113253,10.00076129161309
hm-a10-g1-L5p3-n3-beta2__N0096__Aplus_0p005,hm-a10-g1-L5p3-n3-beta2__N0096__Aminus_0p005,hm-a10-g1-L5p3-n3-beta2,96,0.005,74,4.085416666666666,10.00277625327556,10.000666532234781
hm-a10-g1-L5p3-n3-beta2__N0096__Aplus_0p005,hm-a10-g1-L5p3-n3-beta2__N0096__Aminus_0p005,hm-a10-g1-L5p3-n3-beta2,96,0.005,75,4.140625,10.002355227673311,10.000565342510981
hm-a10-g1-L5p3-n3-beta2__N0096__Aplus_0p005,hm-a10-g1-L5p3-n3-beta2__N0096__Aminus_0p005,hm-a10-g1-L5p3-n3-beta2,96,0.005,76,4.195833333333333,10.001911522567019,10.000458697288678
hm-a10-g1-L5p3-n3-beta2__N0096__Aplus_0p005,hm-a10-g1-L5p3-n3-beta2__N0096__Aminus_0p005,hm-a10-g1-L5p3-n3-beta2,96,0.005,77,4.251041666666667,10.001449415070049,10.000347623912937
hm-a10-g1-L5p3-n3-beta2__N0096__Aplus_0p005,hm-a10-g1-L5p3-n3-beta2__N0096__Aminus_0p005,hm-a10-g1-L5p3-n3-beta2,96,0.005,78,4.3062499999999995,10.000973358804364,10.000233192321744
hm-a10-g1-L5p3-n3-beta2__N0096__Aplus_0p005,hm-a10-g1-L5p3-n3-beta2__N0096__Aminus_0p005,hm-a10-g1-L5p3-n3-beta2,96,0.005,79,4.361458333333333,10.000487940883954,10.000116504732665
hm-a10-g1-L5p3-n3-beta2__N0096__Aplus_0p005,hm-a10-g1-L5p3-n3-beta2__N0096__Aminus_0p005,hm-a10-g1-L5p3-n3-beta2,96,0.005,80,4.416666666666666,9.999997837645056,9.999998685021028
hm-a10-g1-L5p3-n3-beta2__N0096__Aplus_0p005,hm-a10-g1-L5p3-n3-beta2__N0096__Aminus_0p005,hm-a10-g1-L5p3-n3-beta2,96,0.005,81,4.471875,9.999507769553105,9.99988086789216
hm-a10-g1-L5p3-n3-beta2__N0096__Aplus_0p005,hm-a10-g1-L5p3-n3-beta2__N0096__Aminus_0p005,hm-a10-g1-L5p3-n3-beta2,96,0.005,82,4.527083333333334,9.999022455722857,9.999764187952131
hm-a10-g1-L5p3-n3-beta2__N0096__Aplus_0p005,hm-a10-g1-L5p3-n3-beta2__N0096__Aminus_0p005,hm-a10-g1-L5p3-n3-beta2,96,0.005,83,4.582291666666666,9.998546568490427,9.999649768782321
hm-a10-g1-L5p3-n3-beta2__N0096__Aplus_0p005,hm-a10-g1-L5p3-n3-beta2__N0096__Aminus_0p005,hm-a10-g1-L5p3-n3-beta2,96,0.005,84,4.6375,9.99808468847395,9.999538712122947
hm-a10-g1-L5p3-n3-beta2__N0096__Aplus_0p005,hm-a10-g1-L5p3-n3-beta2__N0096__Aminus_0p005,hm-a10-g1-L5p3-n3-beta2,96,0.005,85,4.692708333333333,9.99764126055344,9.999432087269595
hm-a10-g1-L5p3-n3-beta2__N0096__Aplus_0p005,hm-a10-g1-L5p3-n3-beta2__N0096__Aminus_0p005,hm-a10-g1-L5p3-n3-beta2,96,0.005,86,4.747916666666667,9.997220551190173,9.999330920784566
hm-a10-g1-L5p3-n3-beta2__N0096__Aplus_0p005,hm-a10-g1-L5p3-n3-beta2__N0096__Aminus_0p005,hm-a10-g1-L5p3-n3-beta2,96,0.005,87,4.803125,9.996826607491773,9.999236186621792
hm-a10-g1-L5p3-n3-beta2__N0096__Aplus_0p005,hm-a10-g1-L5p3-n3-beta2__N0096__Aminus_0p005,hm-a10-g1-L5p3-n3-beta2,96,0.005,88,4.858333333333333,9.996463218411332,9.99914879675999
hm-a10-g1-L5p3-n3-beta2__N0096__Aplus_0p005,hm-a10-g1-L5p3-n3-beta2__N0096__Aminus_0p005,hm-a10-g1-L5p3-n3-beta2,96,0.005,89,4.913541666666666,9.996133878447528,9.999069592433758
hm-a10-g1-L5p3-n3-beta2__N0096__Aplus_0p005,hm-a10-g1-L5p3-n3-beta2__N0096__Aminus_0p005,hm-a10-g1-L5p3-n3-beta2,96,0.005,90,4.96875,9.995841754188016,9.99899933604653
hm-a10-g1-L5p3-n3-beta2__N0096__Aplus_0p005,hm-a10-g1-L5p3-n3-beta2__N0096__Aminus_0p005,hm-a10-g1-L5p3-n3-beta2,96,0.005,91,5.023958333333333,9.99558965401072,9.998938703842724
hm-a10-g1-L5p3-n3-beta2__N0096__Aplus_0p005,hm-a10-g1-L5p3-n3-beta2__N0096__Aminus_0p005,hm-a10-g1-L5p3-n3-beta2,96,0.005,92,5.079166666666667,9.995380001227295,9.998888279409075
hm-a10-g1-L5p3-n3-beta2__N0096__Aplus_0p005,hm-a10-g1-L5p3-n3-beta2__N0096__Aminus_0p005,hm-a10-g1-L5p3-n3-beta2,96,0.005,93,5.1343749999999995,9.995214810920045,9.998848548067235
hm-a10-g1-L5p3-n3-beta2__N0096__Aplus_0p005,hm-a10-g1-L5p3-n3-beta2__N0096__Aminus_0p005,hm-a10-g1-L5p3-n3-beta2,96,0.005,94,5.189583333333333,9.99509567068874,9.998819892211122
hm-a10-g1-L5p3-n3-beta2__N0096__Aplus_0p005,hm-a10-g1-L5p3-n3-beta2__N0096__Aminus_0p005,hm-a10-g1-L5p3-n3-beta2,96,0.005,95,5.244791666666666,9.995023725486828,9.998802587633499
hm-a10-g1-L5p3-n3-beta2__N0096__Aplus_0p005,hm-a10-g1-L5p3-n3-beta2__N0096__Aminus_0p005,hm-a10-g1-L5p3-n3-beta2,96,0.005,96,5.3,9.994999666688292,9.998796800876805
hm-a10-g1-L5p3-n3-beta2__N0096__Aplus_0p01,hm-a10-g1-L5p3-n3-beta2__N0096__Aminus_0p01,hm-a10-g1-L5p3-n3-beta2,96,0.01,0,0.0,10.0099986682501,10.002399314892964
hm-a10-g1-L5p3-n3-beta2__N0096__Aplus_0p01,hm-a10-g1-L5p3-n3-beta2__N0096__Aminus_0p01,hm-a10-g1-L5p3-n3-beta2,96,0.01,1,0.05520833333333333,10.009950445179904,10.00238773363017
hm-a10-g1-L5p3-n3-beta2__N0096__Aplus_0p01,hm-a10-g1-L5p3-n3-beta2__N0096__Aminus_0p01,hm-a10-g1-L5p3-n3-beta2,96,0.01,2,0.11041666666666666,10.009806242411516,10.002353101524557
hm-a10-g1-L5p3-n3-beta2__N0096__Aplus_0p01,hm-a10-g1-L5p3-n3-beta2__N0096__Aminus_0p01,hm-a10-g1-L5p3-n3-beta2,96,0.01,3,0.165625,10.009567454701376,10.002295752543127
hm-a10-g1-L5p3-n3-beta2__N0096__Aplus_0p01,hm-a10-g1-L5p3-n3-beta2__N0096__Aminus_0p01,hm-a10-g1-L5p3-n3-beta2,96,0.01,4,0.22083333333333333,10.009236391456668,10.002216239703884
hm-a10-g1-L5p3-n3-beta2__N0096__Aplus_0p01,hm-a10-g1-L5p3-n3-beta2__N0096__Aminus_0p01,hm-a10-g1-L5p3-n3-beta2,96,0.01,5,0.27604166666666663,10.008816254119017,10.002115329722415
hm-a10-g1-L5p3-n3-beta2__N0096__Aplus_0p01,hm-a10-g1-L5p3-n3-beta2__N0096__Aminus_0p01,hm-a10-g1-L5p3-n3-beta2,96,0.01,6,0.33125,10.008311104827692,10.001993995590958
hm-a10-g1-L5p3-n3-beta2__N0096__Aplus_0p01,hm-a10-g1-L5p3-n3-beta2__N0096__Aminus_0p01,hm-a10-g1-L5p3-n3-beta2,96,0.01,7,0.38645833333333335,10.00772582668357,10.001853407162793
hm-a10-g1-L5p3-n3-beta2__N0096__Aplus_0p01,hm-a10-g1-L5p3-n3-beta2__N0096__Aminus_0p01,hm-a10-g1-L5p3-n3-beta2,96,0.01,8,0.44166666666666665,10.007066076020294,10.001694919834417
hm-a10-g1-L5p3-n3-beta2__N0096__Aplus_0p01,hm-a10-g1-L5p3-n3-beta2__N0096__Aminus_0p01,hm-a10-g1-L5p3-n3-beta2,96,0.01,9,0.49687499999999996,10.006338227169355,10.00152006143646
hm-a10-g1-L5p3-n3-beta2__N0096__Aplus_0p01,hm-a10-g1-L5p3-n3-beta2__N0096__Aminus_0p01,hm-a10-g1-L5p3-n3-beta2,96,0.01,10,0.5520833333333333,10.005549310280362,10.001330517461742
hm-a10-g1-L5p3-n3-beta2__N0096__Aplus_0p01,hm-a10-g1-L5p3-n3-beta2__N0096__Aminus_0p01,hm-a10-g1-L5p3-n3-beta2,96,0.01,11,0.6072916666666667,10.004706942825838,10.001128114774971
hm-a10-g1-L5p3-n3-beta2__N0096__Aplus_0p01,hm-a10-g1-L5p3-n3-beta2__N0096__Aminus_0p01,hm-a10-g1-L5p3-n3-beta2,96,0.01,12,0.6625,10.003819255480616,10.000914803963205
hm-a10-g1-L5p3-n3-beta2__N0096__Aplus_0p01,hm-a10-g1-L5p3-n3-beta2__N0096__Aminus_0p01,hm-a10-g1-L5p3-n3-beta2,96,0.01,13,0.7177083333333333,10.002894813118937,10.00069264049919
hm-a10-g1-L5p3-n3-beta2__N0096__Aplus_0p01,hm-a10-g1-L5p3-n3-beta2__N0096__Aminus_0p01,hm-a10-g1-L5p3-n3-beta2,96,0.01,14,0.7729166666666667,10.001942531716944,10.000463764900964
hm-a10-g1-L5p3-n3-beta2__N0096__Aplus_0p01,hm-a10-g1-L5p3-n3-beta2__N0096__Aminus_0p01,hm-a10-g1-L5p3-n3-beta2,96,0.01,15,0.828125,10.000971591984447,10.00023038208053
hm-a10-g1-L5p3-n3-beta2__N0096__Aplus_0p01,hm-a10-g1-L5p3-n3-beta2__N0096__Aminus_0p01,hm-a10-g1-L5p3-n3-beta2,96,0.01,16,0.8833333333333333,9.999991350576947,9.999994740081906
hm-a10-g1-L5p3-n3-beta2__N0096__Aplus_0p01,hm-a10-g1-L5p3-n3-beta2__N0096__Aminus_0p01,hm-a10-g1-L5p3-n3-beta2,96,0.01,17,0.9385416666666666,9.99901124975728,9.999759108414356
hm-a10-g1-L5p3-n3-beta2__N0096__Aplus_0p01,hm-a10-g1-L5p3-n3-beta2__N0096__Aminus_0p01,hm-a10-g1-L5p3-n3-beta2,96,0.01,18,0.9937499999999999,9.998040726385566,9.999525756190131
hm-a10-g1-L5p3-n3-beta2__N0096__Aplus_0p01,hm-a10-g1-L5p3-n3-beta2__N0096__Aminus_0p01,hm-a10-g1-L5p3-n3-beta2,96,0.01,19,1.0489583333333332,9.99708912111681,9.999296930277453
hm-a10-g1-L5p3-n3-beta2__N0096__Aplus_0p01,hm-a10-g1-L5p3-n3-beta2__N0096__Aminus_0p01,hm-a10-g1-L5p3-n3-beta2,96,0.01,20,1.1041666666666665,9.996165588677409,9.999074833678938
hm-a10-g1-L5p3-n3-beta2__N0096__Aplus_0p01,hm-a10-g1-L5p3-n3-beta2__N0096__Aminus_0p01,hm-a10-g1-L5p3-n3-beta2,96,0.01,21,1.159375,9.99527901007572,9.998861604343018
hm-a10-g1-L5p3-n3-beta2__N0096__Aplus_0p01,hm-a10-g1-L5p3-n3-beta2__N0096__Aminus_0p01,hm-a10-g1-L5p3-n3-beta2,96,0.01,22,1.2145833333333333,9.994437907577606,9.99865929461137
hm-a10-g1-L5p3-n3-beta2__N0096__Aplus_0p01,hm-a10-g1-L5p3-n3-beta2__N0096__Aminus_0p01,hm-a10-g1-L5p3-n3-beta2,96,0.01,23,1.2697916666666667,9.993650363246346,9.998469851498838
hm-a10-g1-L5p3-n3-beta2__N0096__Aplus_0p01,hm-a10-g1-L5p3-n3-beta2__N0096__Aminus_0p01,hm-a10-g1-L5p3-n3-beta2,96,0.01,24,1.325,9.992923941807849,9.998295097994056
hm-a10-g1-L5p3-n3-beta2__N0096__Aplus_0p01,hm-a10-g1-L5p3-n3-beta2__N0096__Aminus_0p01,hm-a10-g1-L5p3-n3-beta2,96,0.01,25,1.3802083333333333,9.992265618557065,9.998136715558855
hm-a10-g1-L5p3-n3-beta2__N0096__Aplus_0p01,hm-a10-g1-L5p3-n3-beta2__N0096__Aminus_0p01,hm-a10-g1-L5p3-n3-beta2,96,0.01,26,1.4354166666666666,9.991681712970822,9.99799622799288
hm-a10-g1-L5p3-n3-beta2__N0096__Aplus_0p01,hm-a10-g1-L5p3-n3-beta2__N0096__Aminus_0p01,hm-a10-g1-L5p3-n3-beta2,96,0.01,27,1.4906249999999999,9.991177828636124,9.99787498681655
hm-a10-g1-L5p3-n3-beta2__N0096__Aplus_0p01,hm-a10-g1-L5p3-n3-beta2__N0096__Aminus_0p01,hm-a10-g1-L5p3-n3-beta2,96,0.01,28,1.5458333333333334,9.990758800042261,9.997774158310932
hm-a10-g1-L5p3-n3-beta2__N0096__Aplus_0p01,hm-a10-g1-L5p3-n3-beta2__N0096__Aminus_0p01,hm-a10-g1-L5p3-n3-beta2,96,0.01,29,1.6010416666666667,9.990428646720083,9.99769471233719
hm-a10-g1-L5p3-n3-beta2__N0096__Aplus_0p01,hm-a10-g1-L5p3-n3-beta2__N0096__Aminus_0p01,hm-a10-g1-L5p3-n3-beta2,96,0.01,30,1.65625,9.990190535143391,9.997637413041309
hm-a10-g1-L5p3-n3-beta2__N0096__Aplus_0p01,hm-a10-g1-L5p3-n3-beta2__N0096__Aminus_0p01,hm-a10-g1-L5p3-n3-beta2,96,0.01,31,1.7114583333333333,9.990046748735924,9.997602811531904
hm-a10-g1-L5p3-n3-beta2__N0096__Aplus_0p01,hm-a10-g1-L5p3-n3-beta2__N0096__Aminus_0p01,hm-a10-g1-L5p3-n3-beta2,96,0.01,32,1.7666666666666666,9.989998666253596,9.997591240600183
hm-a10-g1-L5p3-n3-beta2__N0096__Aplus_0p01,hm-a10-g1-L5p3-n3-beta2__N0096__Aminus_0p01,hm-a10-g1-L5p3-n3-beta2,96,0.01,33,1.821875,9.990046748735892,9.997602811531896
hm-a10-g1-L5p3-n3-beta2__N0096__Aplus_0p01,hm-a10-g1-L5p3-n3-beta2__N0096__Aminus_0p01,hm-a10-g1-L5p3-n3-beta2,96,0.01,34,1.8770833333333332,9.990190535143329,9.997637413041295
hm-a10-g1-L5p3-n3-beta2__N0096__Aplus_0p01,hm-a10-g1-L5p3-n3-beta2__N0096__Aminus_0p01,hm-a10-g1-L5p3-n3-beta2,96,0.01,35,1.9322916666666665,9.990428646719991,9.997694712337166
hm-a10-g1-L5p3-n3-beta2__N0096__Aplus_0p01,hm-a10-g1-L5p3-n3-beta2__N0096__Aminus_0p01,hm-a10-g1-L5p3-n3-beta2,96,0.01,36,1.9874999999999998,9.990758800042139,9.997774158310902
hm-a10-g1-L5p3-n3-beta2__N0096__Aplus_0p01,hm-a10-g1-L5p3-n3-beta2__N0096__Aminus_0p01,hm-a10-g1-L5p3-n3-beta2,96,0.01,37,2.042708333333333,9.991177828635974,9.997874986816512
hm-a10-g1-L5p3-n3-beta2__N0096__Aplus_0p01,hm-a10-g1-L5p3-n3-beta2__N0096__Aminus_0p01,hm-a10-g1-L5p3-n3-beta2,96,0.01,38,2.0979166666666664,9.991681712970644,9.997996227992836
hm-a10-g1-L5p3-n3-beta2__N0096__Aplus_0p01,hm-a10-g1-L5p3-n3-beta2__N0096__Aminus_0p01,hm-a10-g1-L5p3-n3-beta2,96,0.01,39,2.1531249999999997,9.99226561855686,9.998136715558802
hm-a10-g1-L5p3-n3-beta2__N0096__Aplus_0p01,hm-a10-g1-L5p3-n3-beta2__N0096__Aminus_0p01,hm-a10-g1-L5p3-n3-beta2,96,0.01,40,2.208333333333333,9.992923941807618,9.998295097993994
hm-a10-g1-L5p3-n3-beta2__N0096__Aplus_0p01,hm-a10-g1-L5p3-n3-beta2__N0096__Aminus_0p01,hm-a10-g1-L5p3-n3-beta2,96,0.01,41,2.263541666666667,9.993650363246092,9.998469851498768
hm-a10-g1-L5p3-n3-beta2__N0096__Aplus_0p01,hm-a10-g1-L5p3-n3-beta2__N0096__Aminus_0p01,hm-a10-g1-L5p3-n3-beta2,96,0.01,42,2.31875,9.994437907577328,9.998659294611294
hm-a10-g1-L5p3-n3-beta2__N0096__Aplus_0p01,hm-a10-g1-L5p3-n3-beta2__N0096__Aminus_0p01,hm-a10-g1-L5p3-n3-beta2,96,0.01,43,2.3739583333333334,9.995279010075423,9.998861604342935
hm-a10-g1-L5p3-n3-beta2__N0096__Aplus_0p01,hm-a10-g1-L5p3-n3-beta2__N0096__Aminus_0p01,hm-a10-g1-L5p3-n3-beta2,96,0.01,44,2.4291666666666667,9.99616558867709,9.999074833678845
hm-a10-g1-L5p3-n3-beta2__N0096__Aplus_0p01,hm-a10-g1-L5p3-n3-beta2__N0096__Aminus_0p01,hm-a10-g1-L5p3-n3-beta2,96,0.01,45,2.484375,9.997089121116472,9.999296930277353
hm-a10-g1-L5p3-n3-beta2__N0096__Aplus_0p01,hm-a10-g1-L5p3-n3-beta2__N0096__Aminus_0p01,hm-a10-g1-L5p3-n3-beta2,96,0.01,46,2.5395833333333333,9.998040726385213,9.999525756190025
hm-a10-g1-L5p3-n3-beta2__N0096__Aplus_0p01,hm-a10-g1-L5p3-n3-beta2__N0096__Aminus_0p01,hm-a10-g1-L5p3-n3-beta2,96,0.01,47,2.5947916666666666,9.999011249756908,9.999759108414242
hm-a10-g1-L5p3-n3-beta2__N0096__Aplus_0p01,hm-a10-g1-L5p3-n3-beta2__N0096__Aminus_0p01,hm-a10-g1-L5p3-n3-beta2,96,0.01,48,2.65,9.999991350576561,9.999994740081782
hm-a10-g1-L5p3-n3-beta2__N0096__Aplus_0p01,hm-a10-g1-L5p3-n3-beta2__N0096__Aminus_0p01,hm-a10-g1-L5p3-n3-beta2,96,0.01,49,2.705208333333333,10.000971591984047,10.0002303820804
hm-a10-g1-L5p3-n3-beta2__N0096__Aplus_0p01,hm-a10-g1-L5p3-n3-beta2__N0096__Aminus_0p01,hm-a10-g1-L5p3-n3-beta2,96,0.01,50,2.7604166666666665,10.001942531716534,10.000463764900827
hm-a10-g1-L5p3-n3-beta2__N0096__Aplus_0p01,hm-a10-g1-L5p3-n3-beta2__N0096__Aminus_0p01,hm-a10-g1-L5p3-n3-beta2,96,0.01,51,2.815625,10.002894813118514,10.000692640499047
hm-a10-g1-L5p3-n3-beta2__N0096__Aplus_0p01,hm-a10-g1-L5p3-n3-beta2__N0096__Aminus_0p01,hm-a10-g1-L5p3-n3-beta2,96,0.01,52,2.870833333333333,10.003819255480185,10.000914803963056
hm-a10-g1-L5p3-n3-beta2__N0096__Aplus_0p01,hm-a10-g1-L5p3-n3-beta2__N0096__Aminus_0p01,hm-a10-g1-L5p3-n3-beta2,96,0.01,53,2.9260416666666664,10.004706942825395,10.001128114774817
hm-a10-g1-L5p3-n3-beta2__N0096__Aplus_0p01,hm-a10-g1-L5p3-n3-beta2__N0096__Aminus_0p01,hm-a10-g1-L5p3-n3-beta2,96,0.01,54,2.9812499999999997,10.005549310279912,10.001330517461584
hm-a10-g1-L5p3-n3-beta2__N0096__Aplus_0p01,hm-a10-g1-L5p3-n3-beta2__N0096__Aminus_0p01,hm-a10-g1-L5p3-n3-beta2,96,0.01,55,3.036458333333333,10.006338227168897,10.001520061436299
hm-a10-g1-L5p3-n3-beta2__N0096__Aplus_0p01,hm-a10-g1-L5p3-n3-beta2__N0096__Aminus_0p01,hm-a10-g1-L5p3-n3-beta2,96,0.01,56,3.091666666666667,10.00706607601983,10.001694919834254
hm-a10-g1-L5p3-n3-beta2__N0096__Aplus_0p01,hm-a10-g1-L5p3-n3-beta2__N0096__Aminus_0p01,hm-a10-g1-L5p3-n3-beta2,96,0.01,57,3.146875,10.0077258266831,10.001853407162628
hm-a10-g1-L5p3-n3-beta2__N0096__Aplus_0p01,hm-a10-g1-L5p3-n3-beta2__N0096__Aminus_0p01,hm-a10-g1-L5p3-n3-beta2,96,0.01,58,3.2020833333333334,10.008311104827218,10.001993995590793
hm-a10-g1-L5p3-n3-beta2__N0096__Aplus_0p01,hm-a10-g1-L5p3-n3-beta2__N0096__Aminus_0p01,hm-a10-g1-L5p3-n3-beta2,96,0.01,59,3.2572916666666667,10.008816254118539,10.002115329722251
hm-a10-g1-L5p3-n3-beta2__N0096__Aplus_0p01,hm-a10-g1-L5p3-n3-beta2__N0096__Aminus_0p01,hm-a10-g1-L5p3-n3-beta2,96,0.01,60,3.3125,10.009236391456188,10.00221623970372
hm-a10-g1-L5p3-n3-beta2__N0096__Aplus_0p01,hm-a10-g1-L5p3-n3-beta2__N0096__Aminus_0p01,hm-a10-g1-L5p3-n3-beta2,96,0.01,61,3.3677083333333333,10.009567454700898,10.002295752542967
hm-a10-g1-L5p3-n3-beta2__N0096__Aplus_0p01,hm-a10-g1-L5p3-n3-beta2__N0096__Aminus_0p01,hm-a10-g1-L5p3-n3-beta2,96,0.01,62,3.4229166666666666,10.00980624241104,10.002353101524397
hm-a10-g1-L5p3-n3-beta2__N0096__Aplus_0p01,hm-a10-g1-L5p3-n3-beta2__N0096__Aminus_0p01,hm-a10-g1-L5p3-n3-beta2,96,0.01,63,3.478125,10.009950445179431,10.002387733630012
hm-a10-g1-L5p3-n3-beta2__N0096__Aplus_0p01,hm-a10-g1-L5p3-n3-beta2__N0096__Aminus_0p01,hm-a10-g1-L5p3-n3-beta2,96,0.01,64,3.533333333333333,10.009998668249633,10.002399314892807
hm-a10-g1-L5p3-n3-beta2__N0096__Aplus_0p01,hm-a10-g1-L5p3-n3-beta2__N0096__Aminus_0p01,hm-a10-g1-L5p3-n3-beta2,96,0.01,65,3.5885416666666665,10.009950445179443,10.002387733630018
hm-a10-g1-L5p3-n3-beta2__N0096__Aplus_0p01,hm-a10-g1-L5p3-n3-beta2__N0096__Aminus_0p01,hm-a10-g1-L5p3-n3-beta2,96,0.01,66,3.64375,10.009806242411065,10.00235310152441
hm-a10-g1-L5p3-n3-beta2__N0096__Aplus_0p01,hm-a10-g1-L5p3-n3-beta2__N0096__Aminus_0p01,hm-a10-g1-L5p3-n3-beta2,96,0.01,67,3.698958333333333,10.009567454700937,10.002295752542986
hm-a10-g1-L5p3-n3-beta2__N0096__Aplus_0p01,hm-a10-g1-L5p3-n3-beta2__N0096__Aminus_0p01,hm-a10-g1-L5p3-n3-beta2,96,0.01,68,3.7541666666666664,10.009236391456241,10.002216239703747
hm-a10-g1-L5p3-n3-beta2__N0096__Aplus_0p01,hm-a10-g1-L5p3-n3-beta2__N0096__Aminus_0p01,hm-a10-g1-L5p3-n3-beta2,96,0.01,69,3.8093749999999997,10.008816254118607,10.002115329722285
hm-a10-g1-L5p3-n3-beta2__N0096__Aplus_0p01,hm-a10-g1-L5p3-n3-beta2__N0096__Aminus_0p01,hm-a10-g1-L5p3-n3-beta2,96,0.01,70,3.864583333333333,10.008311104827298,10.001993995590832
hm-a10-g1-L5p3-n3-beta2__N0096__Aplus_0p01,hm-a10-g1-L5p3-n3-beta2__N0096__Aminus_0p01,hm-a10-g1-L5p3-n3-beta2,96,0.01,71,3.9197916666666663,10.007725826683195,10.00185340716267
hm-a10-g1-L5p3-n3-beta2__N0096__Aplus_0p01,hm-a10-g1-L5p3-n3-beta2__N0096__Aminus_0p01,hm-a10-g1-L5p3-n3-beta2,96,0.01,72,3.9749999999999996,10.00706607601994,10.0016949198343
hm-a10-g1-L5p3-n3-beta2__N0096__Aplus_0p01,hm-a10-g1-L5p3-n3-beta2__N0096__Aminus_0p01,hm-a10-g1-L5p3-n3-beta2,96,0.01,73,4.030208333333333,10.006338227169023,10.001520061436349
hm-a10-g1-L5p3-n3-beta2__N0096__Aplus_0p01,hm-a10-g1-L5p3-n3-beta2__N0096__Aminus_0p01,hm-a10-g1-L5p3-n3-beta2,96,0.01,74,4.085416666666666,10.005549310280053,10.001330517461636
hm-a10-g1-L5p3-n3-beta2__N0096__Aplus_0p01,hm-a10-g1-L5p3-n3-beta2__N0096__Aminus_0p01,hm-a10-g1-L5p3-n3-beta2,96,0.01,75,4.140625,10.004706942825552,10.00112811477487
hm-a10-g1-L5p3-n3-beta2__N0096__Aplus_0p01,hm-a10-g1-L5p3-n3-beta2__N0096__Aminus_0p01,hm-a10-g1-L5p3-n3-beta2,96,0.01,76,4.195833333333333,10.003819255480355,10.000914803963111
hm-a10-g1-L5p3-n3-beta2__N0096__Aplus_0p01,hm-a10-g1-L5p3-n3-beta2__N0096__Aminus_0p01,hm-a10-g1-L5p3-n3-beta2,96,0.01,77,4.251041666666667,10.002894813118699,10.000692640499103
hm-a10-g1-L5p3-n3-beta2__N0096__Aplus_0p01,hm-a10-g1-L5p3-n3-beta2__N0096__Aminus_0p01,hm-a10-g1-L5p3-n3-beta2,96,0.01,78,4.3062499999999995,10.00194253171673,10.000463764900884
hm-a10-g1-L5p3-n3-beta2__N0096__Aplus_0p01,hm-a10-g1-L5p3-n3-beta2__N0096__Aminus_0p01,hm-a10-g1-L5p3-n3-beta2,96,0.01,79,4.361458333333333,10.000971591984259,10.000230382080458
hm-a10-g1-L5p3-n3-beta2__N0096__Aplus_0p01,hm-a10-g1-L5p3-n3-beta2__N0096__Aminus_0p01,hm-a10-g1-L5p3-n3-beta2,96,0.01,80,4.416666666666666,9.999991350576783,9.99999474008184
hm-a10-g1-L5p3-n3-beta2__N0096__Aplus_0p01,hm-a10-g1-L5p3-n3-beta2__N0096__Aminus_0p01,hm-a10-g1-L5p3-n3-beta2,96,0.01,81,4.471875,9.99901124975714,9.999759108414299
hm-a10-g1-L5p3-n3-beta2__N0096__Aplus_0p01,hm-a10-g1-L5p3-n3-beta2__N0096__Aminus_0p01,hm-a10-g1-L5p3-n3-beta2,96,0.01,82,4.527083333333334,9.998040726385451,9.999525756190083
hm-a10-g1-L5p3-n3-beta2__N0096__Aplus_0p01,hm-a10-g1-L5p3-n3-beta2__N0096__Aminus_0p01,hm-a10-g1-L5p3-n3-beta2,96,0.01,83,4.582291666666666,9.997089121116717,9.999296930277414
hm-a10-g1-L5p3-n3-beta2__N0096__Aplus_0p01,hm-a10-g1-L5p3-n3-beta2__N0096__Aminus_0p01,hm-a10-g1-L5p3-n3-beta2,96,0.01,84,4.6375,9.99616558867734,9.999074833678904
hm-a10-g1-L5p3-n3-beta2__N0096__Aplus_0p01,hm-a10-g1-L5p3-n3-beta2__N0096__Aminus_0p01,hm-a10-g1-L5p3-n3-beta2,96,0.01,85,4.692708333333333,9.995279010075672,9.998861604342991
hm-a10-g1-L5p3-n3-beta2__N0096__Aplus_0p01,hm-a10-g1-L5p3-n3-beta2__N0096__Aminus_0p01,hm-a10-g1-L5p3-n3-beta2,96,0.01,86,4.747916666666667,9.994437907577579,9.998659294611354
hm-a10-g1-L5p3-n3-beta2__N0096__Aplus_0p01,hm-a10-g1-L5p3-n3-beta2__N0096__Aminus_0p01,hm-a10-g1-L5p3-n3-beta2,96,0.01,87,4.803125,9.99365036324634,9.99846985149883
hm-a10-g1-L5p3-n3-beta2__N0096__Aplus_0p01,hm-a10-g1-L5p3-n3-beta2__N0096__Aminus_0p01,hm-a10-g1-L5p3-n3-beta2,96,0.01,88,4.858333333333333,9.992923941807861,9.998295097994058
hm-a10-g1-L5p3-n3-beta2__N0096__Aplus_0p01,hm-a10-g1-L5p3-n3-beta2__N0096__Aminus_0p01,hm-a10-g1-L5p3-n3-beta2,96,0.01,89,4.913541666666666,9.992265618557099,9.998136715558866
hm-a10-g1-L5p3-n3-beta2__N0096__Aplus_0p01,hm-a10-g1-L5p3-n3-beta2__N0096__Aminus_0p01,hm-a10-g1-L5p3-n3-beta2,96,0.01,90,4.96875,9.991681712970873,9.997996227992898
hm-a10-g1-L5p3-n3-beta2__N0096__Aplus_0p01,hm-a10-g1-L5p3-n3-beta2__N0096__Aminus_0p01,hm-a10-g1-L5p3-n3-beta2,96,0.01,91,5.023958333333333,9.991177828636193,9.997874986816575
hm-a10-g1-L5p3-n3-beta2__N0096__Aplus_0p01,hm-a10-g1-L5p3-n3-beta2__N0096__Aminus_0p01,hm-a10-g1-L5p3-n3-beta2,96,0.01,92,5.079166666666667,9.990758800042348,9.997774158310964
hm-a10-g1-L5p3-n3-beta2__N0096__Aplus_0p01,hm-a10-g1-L5p3-n3-beta2__N0096__Aminus_0p01,hm-a10-g1-L5p3-n3-beta2,96,0.01,93,5.1343749999999995,9.990428646720188,9.997694712337228
hm-a10-g1-L5p3-n3-beta2__N0096__Aplus_0p01,hm-a10-g1-L5p3-n3-beta2__N0096__Aminus_0p01,hm-a10-g1-L5p3-n3-beta2,96,0.01,94,5.189583333333333,9.990190535143512,9.997637413041353
hm-a10-g1-L5p3-n3-beta2__N0096__Aplus_0p01,hm-a10-g1-L5p3-n3-beta2__N0096__Aminus_0p01,hm-a10-g1-L5p3-n3-beta2,96,0.01,95,5.244791666666666,9.990046748736061,9.997602811531952
hm-a10-g1-L5p3-n3-beta2__N0096__Aplus_0p01,hm-a10-g1-L5p3-n3-beta2__N0096__Aminus_0p01,hm-a10-g1-L5p3-n3-beta2,96,0.01,96,5.3,9.989998666253749,9.997591240600237
hm-a10-g1-L5p3-n3-beta2__N0096__Aplus_0p02,hm-a10-g1-L5p3-n3-beta2__N0096__Aminus_0p02,hm-a10-g1-L5p3-n3-beta2,96,0.02,0,0.0,10.01999467698136,10.0047891854478
hm-a10-g1-L5p3-n3-beta2__N0096__Aplus_0p02,hm-a10-g1-L5p3-n3-beta2__N0096__Aminus_0p02,hm-a10-g1-L5p3-n3-beta2,96,0.02,1,0.05520833333333333,10.019898089994589,10.004766012582284
hm-a10-g1-L5p3-n3-beta2__N0096__Aplus_0p02,hm-a10-g1-L5p3-n3-beta2__N0096__Aminus_0p02,hm-a10-g1-L5p3-n3-beta2,96,0.02,2,0.11041666666666666,10.019609267343647,10.004696717749049
hm-a10-g1-L5p3-n3-beta2__N0096__Aplus_0p02,hm-a10-g1-L5p3-n3-beta2__N0096__Aminus_0p02,hm-a10-g1-L5p3-n3-beta2,96,0.02,3,0.165625,10.019131014606765,10.004581970060116
hm-a10-g1-L5p3-n3-beta2__N0096__Aplus_0p02,hm-a10-g1-L5p3-n3-beta2__N0096__Aminus_0p02,hm-a10-g1-L5p3-n3-beta2,96,0.02,4,0.22083333333333333,10.01846797668358,10.004422877464355
hm-a10-g1-L5p3-n3-beta2__N0096__Aplus_0p02,hm-a10-g1-L5p3-n3-beta2__N0096__Aminus_0p02,hm-a10-g1-L5p3-n3-beta2,96,0.02,5,0.27604166666666663,10.017626591555223,10.004220975967003
hm-a10-g1-L5p3-n3-beta2__N0096__Aplus_0p02,hm-a10-g1-L5p3-n3-beta2__N0096__Aminus_0p02,hm-a10-g1-L5p3-n3-beta2,96,0.02,6,0.33125,10.016615026255725,10.003978214688631
hm-a10-g1-L5p3-n3-beta2__N0096__Aplus_0p02,hm-a10-g1-L5p3-n3-beta2__N0096__Aminus_0p02,hm-a10-g1-L5p3-n3-beta2,96,0.02,7,0.38645833333333335,10.015443095749847,10.0036969369132
hm-a10-g1-L5p3-n3-beta2__N0096__Aplus_0p02,hm-a10-g1-L5p3-n3-beta2__N0096__Aminus_0p02,hm-a10-g1-L5p3-n3-beta2,96,0.02,8,0.44166666666666665,10.014122165594266,10.003379857314663
hm-a10-g1-L5p3-n3-beta2__N0096__Aplus_0p02,hm-a10-g1-L5p3-n3-beta2__N0096__Aminus_0p02,hm-a10-g1-L5p3-n3-beta2,96,0.02,9,0.49687499999999996,10.012665039428395,10.003030035589438
hm-a10-g1-L5p3-n3-beta2__N0096__Aplus_0p02,hm-a10-g1-L5p3-n3-beta2__N0096__Aminus_0p02,hm-a10-g1-L5p3-n3-beta2,96,0.02,10,0.5520833333333333,10.011085832496429,10.002650846757243
hm-a10-g1-L5p3-n3-beta2__N0096__Aplus_0p02,hm-a10-g1-L5p3-n3-beta2__N0096__Aminus_0p02,hm-a10-g1-L5p3-n3-beta2,96,0.02,11,0.6072916666666667,10.00939983254112,10.002245948425328
hm-a10-g1-L5p3-n3-beta2__N0096__Aplus_0p02,hm-a10-g1-L5p3-n3-beta2__N0096__Aminus_0p02,hm-a10-g1-L5p3-n3-beta2,96,0.02,12,0.6625,10.00762334953119,10.001819245340286
hm-a10-g1-L5p3-n3-beta2__N0096__Aplus_0p02,hm-a10-g1-L5p3-n3-beta2__N0096__Aminus_0p02,hm-a10-g1-L5p3-n3-beta2,96,0.02,13,0.7177083333333333,10.005773555786735,10.001374851577431
hm-a10-g1-L5p3-n3-beta2__N0096__Aplus_0p02,hm-a10-g1-L5p3-n3-beta2__N0096__Aminus_0p02,hm-a10-g1-L5p3-n3-beta2,96,0.02,14,0.7729166666666667,10.003868318150031,10.000917050739789
hm-a10-g1-L5p3-n3-beta2__N0096__Aplus_0p02,hm-a10-g1-L5p3-n3-beta2__N0096__Aminus_0p02,hm-a10-g1-L5p3-n3-beta2,96,0.02,15,0.828125,10.00192602391195,10.000450254556924
hm-a10-g1-L5p3-n3-beta2__N0096__Aplus_0p02,hm-a10-g1-L5p3-n3-beta2__N0096__Aminus_0p02,hm-a10-g1-L5p3-n3-beta2,96,0.02,16,0.8833333333333333,9.999965402247174,9.999978960287992
hm-a10-g1-L5p3-n3-beta2__N0096__Aplus_0p02,hm-a10-g1-L5p3-n3-beta2__N0096__Aminus_0p02,hm-a10-g1-L5p3-n3-beta2,96,0.02,17,0.9385416666666666,9.998005342934364,9.999507707343428
hm-a10-g1-L5p3-n3-beta2__N0096__Aplus_0p02,hm-a10-g1-L5p3-n3-beta2__N0096__Aminus_0p02,hm-a10-g1-L5p3-n3-beta2,96,0.02,18,0.9937499999999999,9.996064714141362,9.999041033545593
hm-a10-g1-L5p3-n3-beta2__N0096__Aplus_0p02,hm-a10-g1-L5p3-n3-beta2__N0096__Aminus_0p02,hm-a10-g1-L5p3-n3-beta2,96,0.02,19,1.0489583333333332,9.99416218104086,9.998583431450456
hm-a10-g1-L5p3-n3-beta2__N0096__Aplus_0p02,hm-a10-g1-L5p3-n3-beta2__N0096__Aminus_0p02,hm-a10-g1-L5p3-n3-beta2,96,0.02,20,1.1041666666666665,9.992316026990126,9.998139305150024
hm-a10-g1-L5p3-n3-beta2__N0096__Aplus_0p02,hm-a10-g1-L5p3-n3-beta2__N0096__Aminus_0p02,hm-a10-g1-L5p3-n3-beta2,96,0.02,21,1.159375,9.990543978960288,9.997712927968896
hm-a10-g1-L5p3-n3-beta2__N0096__Aplus_0p02,hm-a10-g1-L5p3-n3-beta2__N0096__Aminus_0p02,hm-a10-g1-L5p3-n3-beta2,96,0.02,22,1.2145833333333333,9.98886303883788,9.997308401458087
hm-a10-g1-L5p3-n3-beta2__N0096__Aplus_0p02,hm-a10-g1-L5p3-n3-beta2__N0096__Aminus_0p02,hm-a10-g1-L5p3-n3-beta2,96,0.02,23,1.2697916666666667,9.987289322145283,9.996929616075315
hm-a10-g1-L5p3-n3-beta2__N0096__Aplus_0p02,hm-a10-g1-L5p3-n3-beta2__N0096__Aminus_0p02,hm-a10-g1-L5p3-n3-beta2,96,0.02,24,1.325,9.985837905638569,9.996580213923501
hm-a10-g1-L5p3-n3-beta2__N0096__Aplus_0p02,hm-a10-g1-L5p3-n3-beta2__N0096__Aminus_0p02,hm-a10-g1-L5p3-n3-beta2,96,0.02,25,1.3802083333333333,9.984522685142977,9.996263553898391
hm-a10-g1-L5p3-n3-beta2__N0096__Aplus_0p02,hm-a10-g1-L5p3-n3-beta2__N0096__Aminus_0p02,hm-a10-g1-L5p3-n3-beta2,96,0.02,26,1.4354166666666666,9.983356244878843,9.99598267957243
hm-a10-g1-L5p3-n3-beta2__N0096__Aplus_0p02,hm-a10-g1-L5p3-n3-beta2__N0096__Aminus_0p02,hm-a10-g1-L5p3-n3-beta2,96,0.02,27,1.4906249999999999,9.982349739415794,9.995740290115231
hm-a10-g1-L5p3-n3-beta2__N0096__Aplus_0p02,hm-a10-g1-L5p3-n3-beta2__N0096__Aminus_0p02,hm-a10-g1-L5p3-n3-beta2,96,0.02,28,1.5458333333333334,9.981512789271715,9.995538714521873
hm-a10-g1-L5p3-n3-beta2__N0096__Aplus_0p02,hm-a10-g1-L5p3-n3-beta2__N0096__Aminus_0p02,hm-a10-g1-L5p3-n3-beta2,96,0.02,29,1.6010416666666667,9.980853391046434,9.995379889388614
hm-a10-g1-L5p3-n3-beta2__N0096__Aplus_0p02,hm-a10-g1-L5p3-n3-beta2__N0096__Aminus_0p02,hm-a10-g1-L5p3-n3-beta2,96,0.02,30,1.65625,9.9803778428493,9.99526534044225
hm-a10-g1-L5p3-n3-beta2__N0096__Aplus_0p02,hm-a10-g1-L5p3-n3-beta2__N0096__Aminus_0p02,hm-a10-g1-L5p3-n3-beta2,96,0.02,31,1.7114583333333333,9.980090685645793,9.995196167994084
hm-a10-g1-L5p3-n3-beta2__N0096__Aplus_0p02,hm-a10-g1-L5p3-n3-beta2__N0096__Aminus_0p02,hm-a10-g1-L5p3-n3-beta2,96,0.02,32,1.7666666666666666,9.979994661011803,9.995173036452945
hm-a10-g1-L5p3-n3-beta2__N0096__Aplus_0p02,hm-a10-g1-L5p3-n3-beta2__N0096__Aminus_0p02,hm-a10-g1-L5p3-n3-beta2,96,0.02,33,1.821875,9.980090685645749,9.995196167994072
hm-a10-g1-L5p3-n3-beta2__N0096__Aplus_0p02,hm-a10-g1-L5p3-n3-beta2__N0096__Aminus_0p02,hm-a10-g1-L5p3-n3-beta2,96,0.02,34,1.8770833333333332,9.980377842849212,9.995265340442227
hm-a10-g1-L5p3-n3-beta2__N0096__Aplus_0p02,hm-a10-g1-L5p3-n3-beta2__N0096__Aminus_0p02,hm-a10-g1-L5p3-n3-beta2,96,0.02,35,1.9322916666666665,9.980853391046303,9.995379889388577
hm-a10-g1-L5p3-n3-beta2__N0096__Aplus_0p02,hm-a10-g1-L5p3-n3-beta2__N0096__Aminus_0p02,hm-a10-g1-L5p3-n3-beta2,96,0.02,36,1.9874999999999998,9.981512789271541,9.995538714521823
hm-a10-g1-L5p3-n3-beta2__N0096__Aplus_0p02,hm-a10-g1-L5p3-n3-beta2__N0096__Aminus_0p02,hm-a10-g1-L5p3-n3-beta2,96,0.02,37,2.042708333333333,9.982349739415579,9.99574029011517
hm-a10-g1-L5p3-n3-beta2__N0096__Aplus_0p02,hm-a10-g1-L5p3-n3-beta2__N0096__Aminus_0p02,hm-a10-g1-L5p3-n3-beta2,96,0.02,38,2.0979166666666664,9.983356244878587,9.995982679572357
hm-a10-g1-L5p3-n3-beta2__N0096__Aplus_0p02,hm-a10-g1-L5p3-n3-beta2__N0096__Aminus_0p02,hm-a10-g1-L5p3-n3-beta2,96,0.02,39,2.1531249999999997,9.984522685142682,9.99626355389831
hm-a10-g1-L5p3-n3-beta2__N0096__Aplus_0p02,hm-a10-g1-L5p3-n3-beta2__N0096__Aminus_0p02,hm-a10-g1-L5p3-n3-beta2,96,0.02,40,2.208333333333333,9.985837905638238,9.996580213923407
hm-a10-g1-L5p3-n3-beta2__N0096__Aplus_0p02,hm-a10-g1-L5p3-n3-beta2__N0096__Aminus_0p02,hm-a10-g1-L5p3-n3-beta2,96,0.02,41,2.263541666666667,9.987289322144921,9.996929616075212
hm-a10-g1-L5p3-n3-beta2__N0096__Aplus_0p02,hm-a10-g1-L5p3-n3-beta2__N0096__Aminus_0p02,hm-a10-g1-L5p3-n3-beta2,96,0.02,42,2.31875,9.988863038837486,9.997308401457973
hm-a10-g1-L5p3-n3-beta2__N0096__Aplus_0p02,hm-a10-g1-L5p3-n3-beta2__N0096__Aminus_0p02,hm-a10-g1-L5p3-n3-beta2,96,0.02,43,2.3739583333333334,9.990543978959865,9.997712927968774
hm-a10-g1-L5p3-n3-beta2__N0096__Aplus_0p02,hm-a10-g1-L5p3-n3-beta2__N0096__Aminus_0p02,hm-a10-g1-L5p3-n3-beta2,96,0.02,44,2.4291666666666667,9.99231602698968,9.998139305149891
hm-a10-g1-L5p3-n3-beta2__N0096__Aplus_0p02,hm-a10-g1-L5p3-n3-beta2__N0096__Aminus_0p02,hm-a10-g1-L5p3-n3-beta2,96,0.02,45,2.484375,9.99416218104039,9.998583431450315
hm-a10-g1-L5p3-n3-beta2__N0096__Aplus_0p02,hm-a10-g1-L5p3-n3-beta2__N0096__Aminus_0p02,hm-a10-g1-L5p3-n3-beta2,96,0.02,46,2.5395833333333333,9.996064714140871,9.999041033545446
hm-a10-g1-L5p3-n3-beta2__N0096__Aplus_0p02,hm-a10-g1-L5p3-n3-beta2__N0096__Aminus_0p02,hm-a10-g1-L5p3-n3-beta2,96,0.02,47,2.5947916666666666,9.998005342933858,9.999507707343273
hm-a10-g1-L5p3-n3-beta2__N0096__Aplus_0p02,hm-a10-g1-L5p3-n3-beta2__N0096__Aminus_0p02,hm-a10-g1-L5p3-n3-beta2,96,0.02,48,2.65,9.999965402246653,9.999978960287828
hm-a10-g1-L5p3-n3-beta2__N0096__Aplus_0p02,hm-a10-g1-L5p3-n3-beta2__N0096__Aminus_0p02,hm-a10-g1-L5p3-n3-beta2,96,0.02,49,2.705208333333333,10.00192602391142,10.000450254556752
hm-a10-g1-L5p3-n3-beta2__N0096__Aplus_0p02,hm-a10-g1-L5p3-n3-beta2__N0096__Aminus_0p02,hm-a10-g1-L5p3-n3-beta2,96,0.02,50,2.7604166666666665,10.003868318149491,10.00091705073961
hm-a10-g1-L5p3-n3-beta2__N0096__Aplus_0p02,hm-a10-g1-L5p3-n3-beta2__N0096__Aminus_0p02,hm-a10-g1-L5p3-n3-beta2,96,0.02,51,2.815625,10.005773555786192,10.001374851577244
hm-a10-g1-L5p3-n3-beta2__N0096__Aplus_0p02,hm-a10-g1-L5p3-n3-beta2__N0096__Aminus_0p02,hm-a10-g1-L5p3-n3-beta2,96,0.02,52,2.870833333333333,10.007623349530641,10.001819245340094
hm-a10-g1-L5p3-n3-beta2__N0096__Aplus_0p02,hm-a10-g1-L5p3-n3-beta2__N0096__Aminus_0p02,hm-a10-g1-L5p3-n3-beta2,96,0.02,53,2.9260416666666664,10.00939983254057,10.002245948425132
hm-a10-g1-L5p3-n3-beta2__N0096__Aplus_0p02,hm-a10-g1-L5p3-n3-beta2__N0096__Aminus_0p02,hm-a10-g1-L5p3-n3-beta2,96,0.02,54,2.9812499999999997,10.011085832495878,10.002650846757044
hm-a10-g1-L5p3-n3-beta2__N0096__Aplus_0p02,hm-a10-g1-L5p3-n3-beta2__N0096__Aminus_0p02,hm-a10-g1-L5p3-n3-beta2,96,0.02,55,3.036458333333333,10.012665039427848,10.003030035589239
hm-a10-g1-L5p3-n3-beta2__N0096__Aplus_0p02,hm-a10-g1-L5p3-n3-beta2__N0096__Aminus_0p02,hm-a10-g1-L5p3-n3-beta2,96,0.02,56,3.091666666666667,10.014122165593722,10.003379857314465
hm-a10-g1-L5p3-n3-beta2__N0096__Aplus_0p02,hm-a10-g1-L5p3-n3-beta2__N0096__Aminus_0p02,hm-a10-g1-L5p3-n3-beta2,96,0.02,57,3.146875,10.015443095749308,10.003696936913
hm-a10-g1-L5p3-n3-beta2__N0096__Aplus_0p02,hm-a10-g1-L5p3-n3-beta2__N0096__Aminus_0p02,hm-a10-g1-L5p3-n3-beta2,96,0.02,58,3.2020833333333334,10.016615026255192,10.003978214688436
hm-a10-g1-L5p3-n3-beta2__N0096__Aplus_0p02,hm-a10-g1-L5p3-n3-beta2__N0096__Aminus_0p02,hm-a10-g1-L5p3-n3-beta2,96,0.02,59,3.2572916666666667,10.0176265915547,10.00422097596681
hm-a10-g1-L5p3-n3-beta2__N0096__Aplus_0p02,hm-a10-g1-L5p3-n3-beta2__N0096__Aminus_0p02,hm-a10-g1-L5p3-n3-beta2,96,0.02,60,3.3125,10.018467976683066,10.004422877464167
hm-a10-g1-L5p3-n3-beta2__N0096__Aplus_0p02,hm-a10-g1-L5p3-n3-beta2__N0096__Aminus_0p02,hm-a10-g1-L5p3-n3-beta2,96,0.02,61,3.3677083333333333,10.019131014606263,10.004581970059933
hm-a10-g1-L5p3-n3-beta2__N0096__Aplus_0p02,hm-a10-g1-L5p3-n3-beta2__N0096__Aminus_0p02,hm-a10-g1-L5p3-n3-beta2,96,0.02,62,3.4229166666666666,10.019609267343156,10.004696717748871
hm-a10-g1-L5p3-n3-beta2__N0096__Aplus_0p02,hm-a10-g1-L5p3-n3-beta2__N0096__Aminus_0p02,hm-a10-g1-L5p3-n3-beta2,96,0.02,63,3.478125,10.019898089994113,10.004766012582111
hm-a10-g1-L5p3-n3-beta2__N0096__Aplus_0p02,hm-a10-g1-L5p3-n3-beta2__N0096__Aminus_0p02,hm-a10-g1-L5p3-n3-beta2,96,0.02,64,3.533333333333333,10.0199946769809,10.00478918544763
hm-a10-g1-L5p3-n3-beta2__N0096__Aplus_0p02,hm-a10-g1-L5p3-n3-beta2__N0096__Aminus_0p02,hm-a10-g1-L5p3-n3-beta2,96,0.02,65,3.5885416666666665,10.019898089994143,10.004766012582119
hm-a10-g1-L5p3-n3-beta2__N0096__Aplus_0p02,hm-a10-g1-L5p3-n3-beta2__N0096__Aminus_0p02,hm-a10-g1-L5p3-n3-beta2,96,0.02,66,3.64375,10.019609267343219,10.00469671774889
hm-a10-g1-L5p3-n3-beta2__N0096__Aplus_0p02,hm-a10-g1-L5p3-n3-beta2__N0096__Aminus_0p02,hm-a10-g1-L5p3-n3-beta2,96,0.02,67,3.698958333333333,10.019131014606355,10.004581970059963
hm-a10-g1-L5p3-n3-beta2__N0096__Aplus_0p02,hm-a10-g1-L5p3-n3-beta2__N0096__Aminus_0p02,hm-a10-g1-L5p3-n3-beta2,96,0.02,68,3.7541666666666664,10.018467976683187,10.00442287746421
hm-a10-g1-L5p3-n3-beta2__N0096__Aplus_0p02,hm-a10-g1-L5p3-n3-beta2__N0096__Aminus_0p02,hm-a10-g1-L5p3-n3-beta2,96,0.02,69,3.8093749999999997,10.01762659155485,10.004220975966863
hm-a10-g1-L5p3-n3-beta2__N0096__Aplus_0p02,hm-a10-g1-L5p3-n3-beta2__N0096__Aminus_0p02,hm-a10-g1-L5p3-n3-beta2,96,0.02,70,3.864583333333333,10.01661502625537,10.003978214688498
hm-a10-g1-L5p3-n3-beta2__N0096__Aplus_0p02,hm-a10-g1-L5p3-n3-beta2__N0096__Aminus_0p02,hm-a10-g1-L5p3-n3-beta2,96,0.02,71,3.9197916666666663,10.015443095749513,10.003696936913071
hm-a10-g1-L5p3-n3-beta2__N0096__Aplus_0p02,hm-a10-g1-L5p3-n3-beta2__N0096__Aminus_0p02,hm-a10-g1-L5p3-n3-beta2,96,0.02,72,3.9749999999999996,10.014122165593951,10.003379857314542
hm-a10-g1-L5p3-n3-beta2__N0096__Aplus_0p02,hm-a10-g1-L5p3-n3-beta2__N0096__Aminus_0p02,hm-a10-g1-L5p3-n3-beta2,96,0.02,73,4.030208333333333,10.0126650394281,10.003030035589322
hm-a10-g1-L5p3-n3-beta2__N0096__Aplus_0p02,hm-a10-g1-L5p3-n3-beta2__N0096__Aminus_0p02,hm-a10-g1-L5p3-n3-beta2,96,0.02,74,4.085416666666666,10.011085832496152,10.002650846757133
hm-a10-g1-L5p3-n3-beta2__N0096__Aplus_0p02,hm-a10-g1-L5p3-n3-beta2__N0096__Aminus_0p02,hm-a10-g1-L5p3-n3-beta2,96,0.02,75,4.140625,10.009399832540865,10.002245948425225
hm-a10-g1-L5p3-n3-beta2__N0096__Aplus_0p02,hm-a10-g1-L5p3-n3-beta2__N0096__Aminus_0p02,hm-a10-g1-L5p3-n3-beta2,96,0.02,76,4.195833333333333,10.007623349530954,10.00181924534019
hm-a10-g1-L5p3-n3-beta2__N0096__Aplus_0p02,hm-a10-g1-L5p3-n3-beta2__N0096__Aminus_0p02,hm-a10-g1-L5p3-n3-beta2,96,0.02,77,4.251041666666667,10.005773555786519,10.001374851577342
hm-a10-g1-L5p3-n3-beta2__N0096__Aplus_0p02,hm-a10-g1-L5p3-n3-beta2__N0096__Aminus_0p02,hm-a10-g1-L5p3-n3-beta2,96,0.02,78,4.3062499999999995,10.003868318149832,10.000917050739705
hm-a10-g1-L5p3-n3-beta2__N0096__Aplus_0p02,hm-a10-g1-L5p3-n3-beta2__N0096__Aminus_0p02,hm-a10-g1-L5p3-n3-beta2,96,0.02,79,4.361458333333333,10.001926023911771,10.000450254556847
hm-a10-g1-L5p3-n3-beta2__N0096__Aplus_0p02,hm-a10-g1-L5p3-n3-beta2__N0096__Aminus_0p02,hm-a10-g1-L5p3-n3-beta2,96,0.02,80,4.416666666666666,9.999965402247012,9.999978960287923
hm-a10-g1-L5p3-n3-beta2__N0096__Aplus_0p02,hm-a10-g1-L5p3-n3-beta2__N0096__Aminus_0p02,hm-a10-g1-L5p3-n3-beta2,96,0.02,81,4.471875,9.99800534293422,9.999507707343367
hm-a10-g1-L5p3-n3-beta2__N0096__Aplus_0p02,hm-a10-g1-L5p3-n3-beta2__N0096__Aminus_0p02,hm-a10-g1-L5p3-n3-beta2,96,0.02,82,4.527083333333334,9.996064714141236,9.999041033545542
hm-a10-g1-L5p3-n3-beta2__N0096__Aplus_0p02,hm-a10-g1-L5p3-n3-beta2__N0096__Aminus_0p02,hm-a10-g1-L5p3-n3-beta2,96,0.02,83,4.582291666666666,9.994162181040753,9.998583431450413
hm-a10-g1-L5p3-n3-beta2__N0096__Aplus_0p02,hm-a10-g1-L5p3-n3-beta2__N0096__Aminus_0p02,hm-a10-g1-L5p3-n3-beta2,96,0.02,84,4.6375,9.992316026990038,9.998139305149989
hm-a10-g1-L5p3-n3-beta2__N0096__Aplus_0p02,hm-a10-g1-L5p3-n3-beta2__N0096__Aminus_0p02,hm-a10-g1-L5p3-n3-beta2,96,0.02,85,4.692708333333333,9.990543978960215,9.99771292796887
hm-a10-g1-L5p3-n3-beta2__N0096__Aplus_0p02,hm-a10-g1-L5p3-n3-beta2__N0096__Aminus_0p02,hm-a10-g1-L5p3-n3-beta2,96,0.02,86,4.747916666666667,9.988863038837826,9.997308401458069
hm-a10-g1-L5p3-n3-beta2__N0096__Aplus_0p02,hm-a10-g1-L5p3-n3-beta2__N0096__Aminus_0p02,hm-a10-g1-L5p3-n3-beta2,96,0.02,87,4.803125,9.987289322145246,9.996929616075306
hm-a10-g1-L5p3-n3-beta2__N0096__Aplus_0p02,hm-a10-g1-L5p3-n3-beta2__N0096__Aminus_0p02,hm-a10-g1-L5p3-n3-beta2,96,0.02,88,4.858333333333333,9.985837905638547,9.996580213923501
hm-a10-g1-L5p3-n3-beta2__N0096__Aplus_0p02,hm-a10-g1-L5p3-n3-beta2__N0096__Aminus_0p02,hm-a10-g1-L5p3-n3-beta2,96,0.02,89,4.913541666666666,9.984522685142974,9.996263553898402
hm-a10-g1-L5p3-n3-beta2__N0096__Aplus_0p02,hm-a10-g1-L5p3-n3-beta2__N0096__Aminus_0p02,hm-a10-g1-L5p3-n3-beta2,96,0.02,90,4.96875,9.983356244878859,9.99598267957245
hm-a10-g1-L5p3-n3-beta2__N0096__Aplus_0p02,hm-a10-g1-L5p3-n3-beta2__N0096__Aminus_0p02,hm-a10-g1-L5p3-n3-beta2,96,0.02,91,5.023958333333333,9.98234973941583,9.995740290115261
hm-a10-g1-L5p3-n3-beta2__N0096__Aplus_0p02,hm-a10-g1-L5p3-n3-beta2__N0096__Aminus_0p02,hm-a10-g1-L5p3-n3-beta2,96,0.02,92,5.079166666666667,9.981512789271768,9.995538714521913
hm-a10-g1-L5p3-n3-beta2__N0096__Aplus_0p02,hm-a10-g1-L5p3-n3-beta2__N0096__Aminus_0p02,hm-a10-g1-L5p3-n3-beta2,96,0.02,93,5.1343749999999995,9.980853391046509,9.995379889388662
hm-a10-g1-L5p3-n3-beta2__N0096__Aplus_0p02,hm-a10-g1-L5p3-n3-beta2__N0096__Aminus_0p02,hm-a10-g1-L5p3-n3-beta2,96,0.02,94,5.189583333333333,9.980377842849395,9.995265340442307
hm-a10-g1-L5p3-n3-beta2__N0096__Aplus_0p02,hm-a10-g1-L5p3-n3-beta2__N0096__Aminus_0p02,hm-a10-g1-L5p3-n3-beta2,96,0.02,95,5.244791666666666,9.980090685645909,9.99519616799415
hm-a10-g1-L5p3-n3-beta2__N0096__Aplus_0p02,hm-a10-g1-L5p3-n3-beta2__N0096__Aminus_0p02,hm-a10-g1-L5p3-n3-beta2,96,0.02,96,5.3,9.97999466101194,9.995173036453018
