state_id,reflection_partner_id,case,mesh,requested_amplitude,node,x,u,v
hm-m05-g2-L8-n3-beta1__N0048__Aminus_0p02,hm-m05-g2-L8-n3-beta1__N0048__Aplus_0p02,hm-m05-g2-L8-n3-beta1,48,-0.02,0,0.0,0.979874641985208,0.9830747826347395
hm-m05-g2-L8-n3-beta1__N0048__Aminus_0p02,hm-m05-g2-L8-n3-beta1__N0048__Aplus_0p02,hm-m05-g2-L8-n3-beta1,48,-0.02,1,0.16666666666666666,0.9802532847155206,0.9833931224768103
hm-m05-g2-L8-n3-beta1__N0048__Aminus_0p02,hm-m05-g2-L8-n3-beta1__N0048__Aplus_0p02,hm-m05-g2-L8-n3-beta1,48,-0.02,2,0.3333333333333333,0.9813753032941427,0.9843363684378046
hm-m05-g2-L8-n3-beta1__N0048__Aminus_0p02,hm-m05-g2-L8-n3-beta1__N0048__Aplus_0p02,hm-m05-g2-L8-n3-beta1,48,-0.02,3,0.5,0.983199406326792,0.9858695833577469
hm-m05-g2-L8-n3-beta1__N0048__Aminus_0p02,hm-m05-g2-L8-n3-beta1__N0048__Aplus_0p02,hm-m05-g2-L8-n3-beta1,48,-0.02,4,0.6666666666666666,0.9856582307424825,0.9879358124653665
hm-m05-g2-L8-n3-beta1__N0048__Aminus_0p02,hm-m05-g2-L8-n3-beta1__N0048__Aplus_0p02,hm-m05-g2-L8-n3-beta1,48,-0.02,5,0.8333333333333333,0.9886605158273692,0.9904579767017353
hm-m05-g2-L8-n3-beta1__N0048__Aminus_0p02,hm-m05-g2-L8-n3-beta1__N0048__Aplus_0p02,hm-m05-g2-L8-n3-beta1,48,-0.02,6,1.0,0.9920941201254485,0.9933414843032622
hm-m05-g2-L8-n3-beta1__N0048__Aminus_0p02,hm-m05-g2-L8-n3-beta1__N0048__Aplus_0p02,hm-m05-g2-L8-n3-beta1,48,-0.02,7,1.1666666666666665,0.9958298393420923,0.9964775124913382
hm-m05-g2-L8-n3-beta1__N0048__Aminus_0p02,hm-m05-g2-L8-n3-beta1__N0048__Aplus_0p02,hm-m05-g2-L8-n3-beta1,48,-0.02,8,1.3333333333333333,0.9997259531073123,0.9997468863340596
hm-m05-g2-L8-n3-beta1__N0048__Aminus_0p02,hm-m05-g2-L8-n3-beta1__N0048__Aplus_0p02,hm-m05-g2-L8-n3-beta1,48,-0.02,9,1.5,1.0036333896820953,1.0030244519828293
hm-m05-g2-L8-n3-beta1__N0048__Aminus_0p02,hm-m05-g2-L8-n3-beta1__N0048__Aplus_0p02,hm-m05-g2-L8-n3-beta1,48,-0.02,10,1.6666666666666665,1.0074013534202333,1.006183808495434
hm-m05-g2-L8-n3-beta1__N0048__Aminus_0p02,hm-m05-g2-L8-n3-beta1__N0048__Aplus_0p02,hm-m05-g2-L8-n3-beta1,48,-0.02,11,1.8333333333333333,1.0108832147450488,1.0091022294975527
hm-m05-g2-L8-n3-beta1__N0048__Aminus_0p02,hm-m05-g2-L8-n3-beta1__N0048__Aplus_0p02,hm-m05-g2-L8-n3-beta1,48,-0.02,12,2.0,1.0139424223964537,1.0116655770453455
hm-m05-g2-L8-n3-beta1__N0048__Aminus_0p02,hm-m05-g2-L8-n3-beta1__N0048__Aplus_0p02,hm-m05-g2-L8-n3-beta1,48,-0.02,13,2.1666666666666665,1.0164581688616106,1.013772989623976
hm-m05-g2-L8-n3-beta1__N0048__Aminus_0p02,hm-m05-g2-L8-n3-beta1__N0048__Aplus_0p02,hm-m05-g2-L8-n3-beta1,48,-0.02,14,2.333333333333333,1.0183305276727228,1.0153411183297865
hm-m05-g2-L8-n3-beta1__N0048__Aminus_0p02,hm-m05-g2-L8-n3-beta1__N0048__Aplus_0p02,hm-m05-g2-L8-n3-beta1,48,-0.02,15,2.5,1.0194847895245653,1.016307693000585
hm-m05-g2-L8-n3-beta1__N0048__Aminus_0p02,hm-m05-g2-L8-n3-beta1__N0048__Aplus_0p02,hm-m05-g2-L8-n3-beta1,48,-0.02,16,2.6666666666666665,1.019874754547389,1.01663422480829
hm-m05-g2-L8-n3-beta1__N0048__Aminus_0p02,hm-m05-g2-L8-n3-beta1__N0048__Aplus_0p02,hm-m05-g2-L8-n3-beta1,48,-0.02,17,2.833333333333333,1.0194847895245642,1.0163076930005837
hm-m05-g2-L8-n3-beta1__N0048__Aminus_0p02,hm-m05-g2-L8-n3-beta1__N0048__Aplus_0p02,hm-m05-g2-L8-n3-beta1,48,-0.02,18,3.0,1.0183305276727208,1.0153411183297838
hm-m05-g2-L8-n3-beta1__N0048__Aminus_0p02,hm-m05-g2-L8-n3-beta1__N0048__Aplus_0p02,hm-m05-g2-L8-n3-beta1,48,-0.02,19,3.1666666666666665,1.0164581688616074,1.0137729896239722
hm-m05-g2-L8-n3-beta1__N0048__Aminus_0p02,hm-m05-g2-L8-n3-beta1__N0048__Aplus_0p02,hm-m05-g2-L8-n3-beta1,48,-0.02,20,3.333333333333333,1.0139424223964497,1.0116655770453407
hm-m05-g2-L8-n3-beta1__N0048__Aminus_0p02,hm-m05-g2-L8-n3-beta1__N0048__Aplus_0p02,hm-m05-g2-L8-n3-beta1,48,-0.02,21,3.5,1.010883214745044,1.0091022294975465
hm-m05-g2-L8-n3-beta1__N0048__Aminus_0p02,hm-m05-g2-L8-n3-beta1__N0048__Aplus_0p02,hm-m05-g2-L8-n3-beta1,48,-0.02,22,3.6666666666666665,1.0074013534202275,1.0061838084954267
hm-m05-g2-L8-n3-beta1__N0048__Aminus_0p02,hm-m05-g2-L8-n3-beta1__N0048__Aplus_0p02,hm-m05-g2-L8-n3-beta1,48,-0.02,23,3.833333333333333,1.0036333896820888,1.003024451982821
hm-m05-g2-L8-n3-beta1__N0048__Aminus_0p02,hm-m05-g2-L8-n3-beta1__N0048__Aplus_0p02,hm-m05-g2-L8-n3-beta1,48,-0.02,24,4.0,0.9997259531073052,0.9997468863340503
hm-m05-g2-L8-n3-beta1__N0048__Aminus_0p02,hm-m05-g2-L8-n3-beta1__N0048__Aplus_0p02,hm-m05-g2-L8-n3-beta1,48,-0.02,25,4.166666666666666,0.9958298393420846,0.9964775124913279
hm-m05-g2-L8-n3-beta1__N0048__Aminus_0p02,hm-m05-g2-L8-n3-beta1__N0048__Aplus_0p02,hm-m05-g2-L8-n3-beta1,48,-0.02,26,4.333333333333333,0.9920941201254401,0.993341484303251
hm-m05-g2-L8-n3-beta1__N0048__Aminus_0p02,hm-m05-g2-L8-n3-beta1__N0048__Aplus_0p02,hm-m05-g2-L8-n3-beta1,48,-0.02,27,4.5,0.9886605158273604,0.9904579767017233
hm-m05-g2-L8-n3-beta1__N0048__Aminus_0p02,hm-m05-g2-L8-n3-beta1__N0048__Aplus_0p02,hm-m05-g2-L8-n3-beta1,48,-0.02,28,4.666666666666666,0.9856582307424732,0.987935812465354
hm-m05-g2-L8-n3-beta1__N0048__Aminus_0p02,hm-m05-g2-L8-n3-beta1__N0048__Aplus_0p02,hm-m05-g2-L8-n3-beta1,48,-0.02,29,4.833333333333333,0.9831994063267824,0.9858695833577338
hm-m05-g2-L8-n3-beta1__N0048__Aminus_0p02,hm-m05-g2-L8-n3-beta1__N0048__Aplus_0p02,hm-m05-g2-L8-n3-beta1,48,-0.02,30,5.0,0.9813753032941328,0.984336368437791
hm-m05-g2-L8-n3-beta1__N0048__Aminus_0p02,hm-m05-g2-L8-n3-beta1__N0048__Aplus_0p02,hm-m05-g2-L8-n3-beta1,48,-0.02,31,5.166666666666666,0.9802532847155105,0.9833931224767968
hm-m05-g2-L8-n3-beta1__N0048__Aminus_0p02,hm-m05-g2-L8-n3-beta1__N0048__Aplus_0p02,hm-m05-g2-L8-n3-beta1,48,-0.02,32,5.333333333333333,0.9798746419851979,0.983074782634726
hm-m05-g2-L8-n3-beta1__N0048__Aminus_0p02,hm-m05-g2-L8-n3-beta1__N0048__Aplus_0p02,hm-m05-g2-L8-n3-beta1,48,-0.02,33,5.5,0.9802532847155105,0.9833931224767971
hm-m05-g2-L8-n3-beta1__N0048__Aminus_0p02,hm-m05-g2-L8-n3-beta1__N0048__Aplus_0p02,hm-m05-g2-L8-n3-beta1,48,-0.02,34,5.666666666666666,0.9813753032941328,0.9843363684377917
hm-m05-g2-L8-n3-beta1__N0048__Aminus_0p02,hm-m05-g2-L8-n3-beta1__N0048__Aplus_0p02,hm-m05-g2-L8-n3-beta1,48,-0.02,35,5.833333333333333,0.9831994063267825,0.9858695833577346
hm-m05-g2-L8-n3-beta1__N0048__Aminus_0p02,hm-m05-g2-L8-n3-beta1__N0048__Aplus_0p02,hm-m05-g2-L8-n3-beta1,48,-0.02,36,6.0,0.9856582307424734,0.987935812465355
hm-m05-g2-L8-n3-beta1__N0048__Aminus_0p02,hm-m05-g2-L8-n3-beta1__N0048__Aplus_0p02,hm-m05-g2-L8-n3-beta1,48,-0.02,37,6.166666666666666,0.9886605158273607,0.9904579767017244
hm-m05-g2-L8-n3-beta1__N0048__Aminus_0p02,hm-m05-g2-L8-n3-beta1__N0048__Aplus_0p02,hm-m05-g2-L8-n3-beta1,48,-0.02,38,6.333333333333333,0.9920941201254406,0.9933414843032522
hm-m05-g2-L8-n3-beta1__N0048__Aminus_0p02,hm-m05-g2-L8-n3-beta1__N0048__Aplus_0p02,hm-m05-g2-L8-n3-beta1,48,-0.02,39,6.5,0.9958298393420854,0.9964775124913292
hm-m05-g2-L8-n3-beta1__N0048__Aminus_0p02,hm-m05-g2-L8-n3-beta1__N0048__Aplus_0p02,hm-m05-g2-L8-n3-beta1,48,-0.02,40,6.666666666666666,0.999725953107306,0.9997468863340515
hm-m05-g2-L8-n3-beta1__N0048__Aminus_0p02,hm-m05-g2-L8-n3-beta1__N0048__Aplus_0p02,hm-m05-g2-L8-n3-beta1,48,-0.02,41,6.833333333333333,1.00363338968209,1.0030244519828222
hm-m05-g2-L8-n3-beta1__N0048__Aminus_0p02,hm-m05-g2-L8-n3-beta1__N0048__Aplus_0p02,hm-m05-g2-L8-n3-beta1,48,-0.02,42,7.0,1.007401353420229,1.0061838084954278
hm-m05-g2-L8-n3-beta1__N0048__Aminus_0p02,hm-m05-g2-L8-n3-beta1__N0048__Aplus_0p02,hm-m05-g2-L8-n3-beta1,48,-0.02,43,7.166666666666666,1.0108832147450457,1.0091022294975476
hm-m05-g2-L8-n3-beta1__N0048__Aminus_0p02,hm-m05-g2-L8-n3-beta1__N0048__Aplus_0p02,hm-m05-g2-L8-n3-beta1,48,-0.02,44,7.333333333333333,1.0139424223964517,1.0116655770453415
hm-m05-g2-L8-n3-beta1__N0048__Aminus_0p02,hm-m05-g2-L8-n3-beta1__N0048__Aplus_0p02,hm-m05-g2-L8-n3-beta1,48,-0.02,45,7.5,1.0164581688616094,1.0137729896239727
hm-m05-g2-L8-n3-beta1__N0048__Aminus_0p02,hm-m05-g2-L8-n3-beta1__N0048__Aplus_0p02,hm-m05-g2-L8-n3-beta1,48,-0.02,46,7.666666666666666,1.0183305276727228,1.0153411183297838
hm-m05-g2-L8-n3-beta1__N0048__Aminus_0p02,hm-m05-g2-L8-n3-beta1__N0048__Aplus_0p02,hm-m05-g2-L8-n3-beta1,48,-0.02,47,7.833333333333333,1.019484789524566,1.0163076930005832
hm-m05-g2-L8-n3-beta1__N0048__Aminus_0p02,hm-m05-g2-L8-n3-beta1__N0048__Aplus_0p02,hm-m05-g2-L8-n3-beta1,48,-0.02,48,8.0,1.0198747545473903,1.016634224808289
hm-m05-g2-L8-n3-beta1__N0048__Aminus_0p01,hm-m05-g2-L8-n3-beta1__N0048__Aplus_0p01,hm-m05-g2-L8-n3-beta1,48,-0.01,0,0.0,0.9899686678805122,0.9915727947395467
hm-m05-g2-L8-n3-beta1__N0048__Aminus_0p01,hm-m05-g2-L8-n3-beta1__N0048__Aplus_0p01,hm-m05-g2-L8-n3-beta1,48,-0.01,1,0.16666666666666666,0.9901594015323164,0.9917330007305806
hm-m05-g2-L8-n3-beta1__N0048__Aminus_0p01,hm-m05-g2-L8-n3-beta1__N0048__Aplus_0p01,hm-m05-g2-L8-n3-beta1,48,-0.01,2,0.3333333333333333,0.990724433356142,0.9922075778407184
hm-m05-g2-L8-n3-beta1__N0048__Aminus_0p01,hm-m05-g2-L8-n3-beta1__N0048__Aplus_0p01,hm-m05-g2-L8-n3-beta1,48,-0.01,3,0.5,0.9916425070716871,0.9929786181450748
hm-m05-g2-L8-n3-beta1__N0048__Aminus_0p01,hm-m05-g2-L8-n3-beta1__N0048__Aplus_0p01,hm-m05-g2-L8-n3-beta1,48,-0.01,4,0.6666666666666666,0.992879026633379,0.9940169850136992
hm-m05-g2-L8-n3-beta1__N0048__Aminus_0p01,hm-m05-g2-L8-n3-beta1__N0048__Aplus_0p01,hm-m05-g2-L8-n3-beta1,48,-0.01,5,0.8333333333333333,0.9943872816782784,0.9952833580902473
hm-m05-g2-L8-n3-beta1__N0048__Aminus_0p01,hm-m05-g2-L8-n3-beta1__N0048__Aplus_0p01,hm-m05-g2-L8-n3-beta1,48,-0.01,6,1.0,0.9961101197091021,0.9967296559480933
hm-m05-g2-L8-n3-beta1__N0048__Aminus_0p01,hm-m05-g2-L8-n3-beta1__N0048__Aplus_0p01,hm-m05-g2-L8-n3-beta1,48,-0.01,7,1.1666666666666665,0.9979820193892404,0.9983007950659729
hm-m05-g2-L8-n3-beta1__N0048__Aminus_0p01,hm-m05-g2-L8-n3-beta1__N0048__Aplus_0p01,hm-m05-g2-L8-n3-beta1,48,-0.01,8,1.3333333333333333,0.9999315039718408,0.9999367309627897
hm-m05-g2-L8-n3-beta1__N0048__Aminus_0p01,hm-m05-g2-L8-n3-beta1__N0048__Aplus_0p01,hm-m05-g2-L8-n3-beta1,48,-0.01,9,1.5,1.0018838180384446,1.0015747145909233
hm-m05-g2-L8-n3-beta1__N0048__Aminus_0p01,hm-m05-g2-L8-n3-beta1__N0048__Aplus_0p01,hm-m05-g2-L8-n3-beta1,48,-0.01,10,1.6666666666666665,1.0037637754002928,1.00315168515638
hm-m05-g2-L8-n3-beta1__N0048__Aminus_0p01,hm-m05-g2-L8-n3-beta1__N0048__Aplus_0p01,hm-m05-g2-L8-n3-beta1,48,-0.01,11,1.8333333333333333,1.0054986725846131,1.0046067103982403
hm-m05-g2-L8-n3-beta1__N0048__Aminus_0p01,hm-m05-g2-L8-n3-beta1__N0048__Aplus_0p01,hm-m05-g2-L8-n3-beta1,48,-0.01,12,2.0,1.0070211523410686,1.0058833781353456
hm-m05-g2-L8-n3-beta1__N0048__Aminus_0p01,hm-m05-g2-L8-n3-beta1__N0048__Aplus_0p01,hm-m05-g2-L8-n3-beta1,48,-0.01,13,2.1666666666666665,1.0082718965819797,1.0069320396744788
hm-m05-g2-L8-n3-beta1__N0048__Aminus_0p01,hm-m05-g2-L8-n3-beta1__N0048__Aplus_0p01,hm-m05-g2-L8-n3-beta1,48,-0.01,14,2.333333333333333,1.0092020293729524,1.0077118073868745
hm-m05-g2-L8-n3-beta1__N0048__Aminus_0p01,hm-m05-g2-L8-n3-beta1__N0048__Aplus_0p01,hm-m05-g2-L8-n3-beta1,48,-0.01,15,2.5,1.009775118800419,1.0081922159686143
hm-m05-g2-L8-n3-beta1__N0048__Aminus_0p01,hm-m05-g2-L8-n3-beta1__N0048__Aplus_0p01,hm-m05-g2-L8-n3-beta1,48,-0.01,16,2.6666666666666665,1.0099686819038889,1.0083544697009155
hm-m05-g2-L8-n3-beta1__N0048__Aminus_0p01,hm-m05-g2-L8-n3-beta1__N0048__Aplus_0p01,hm-m05-g2-L8-n3-beta1,48,-0.01,17,2.833333333333333,1.0097751188004171,1.0081922159686119
hm-m05-g2-L8-n3-beta1__N0048__Aminus_0p01,hm-m05-g2-L8-n3-beta1__N0048__Aplus_0p01,hm-m05-g2-L8-n3-beta1,48,-0.01,18,3.0,1.009202029372949,1.0077118073868698
hm-m05-g2-L8-n3-beta1__N0048__Aminus_0p01,hm-m05-g2-L8-n3-beta1__N0048__Aplus_0p01,hm-m05-g2-L8-n3-beta1,48,-0.01,19,3.1666666666666665,1.0082718965819746,1.0069320396744719
hm-m05-g2-L8-n3-beta1__N0048__Aminus_0p01,hm-m05-g2-L8-n3-beta1__N0048__Aplus_0p01,hm-m05-g2-L8-n3-beta1,48,-0.01,20,3.333333333333333,1.007021152341062,1.0058833781353365
hm-m05-g2-L8-n3-beta1__N0048__Aminus_0p01,hm-m05-g2-L8-n3-beta1__N0048__Aplus_0p01,hm-m05-g2-L8-n3-beta1,48,-0.01,21,3.5,1.0054986725846047,1.0046067103982292
hm-m05-g2-L8-n3-beta1__N0048__Aminus_0p01,hm-m05-g2-L8-n3-beta1__N0048__Aplus_0p01,hm-m05-g2-L8-n3-beta1,48,-0.01,22,3.6666666666666665,1.003763775400283,1.0031516851563673
hm-m05-g2-L8-n3-beta1__N0048__Aminus_0p01,hm-m05-g2-L8-n3-beta1__N0048__Aplus_0p01,hm-m05-g2-L8-n3-beta1,48,-0.01,23,3.833333333333333,1.0018838180384333,1.001574714590909
hm-m05-g2-L8-n3-beta1__N0048__Aminus_0p01,hm-m05-g2-L8-n3-beta1__N0048__Aplus_0p01,hm-m05-g2-L8-n3-beta1,48,-0.01,24,4.0,0.9999315039718283,0.9999367309627739
hm-m05-g2-L8-n3-beta1__N0048__Aminus_0p01,hm-m05-g2-L8-n3-beta1__N0048__Aplus_0p01,hm-m05-g2-L8-n3-beta1,48,-0.01,25,4.166666666666666,0.9979820193892268,0.9983007950659557
hm-m05-g2-L8-n3-beta1__N0048__Aminus_0p01,hm-m05-g2-L8-n3-beta1__N0048__Aplus_0p01,hm-m05-g2-L8-n3-beta1,48,-0.01,26,4.333333333333333,0.9961101197090878,0.996729655948075
hm-m05-g2-L8-n3-beta1__N0048__Aminus_0p01,hm-m05-g2-L8-n3-beta1__N0048__Aplus_0p01,hm-m05-g2-L8-n3-beta1,48,-0.01,27,4.5,0.9943872816782633,0.9952833580902283
hm-m05-g2-L8-n3-beta1__N0048__Aminus_0p01,hm-m05-g2-L8-n3-beta1__N0048__Aplus_0p01,hm-m05-g2-L8-n3-beta1,48,-0.01,28,4.666666666666666,0.9928790266333636,0.9940169850136797
hm-m05-g2-L8-n3-beta1__N0048__Aminus_0p01,hm-m05-g2-L8-n3-beta1__N0048__Aplus_0p01,hm-m05-g2-L8-n3-beta1,48,-0.01,29,4.833333333333333,0.9916425070716713,0.9929786181450551
hm-m05-g2-L8-n3-beta1__N0048__Aminus_0p01,hm-m05-g2-L8-n3-beta1__N0048__Aplus_0p01,hm-m05-g2-L8-n3-beta1,48,-0.01,30,5.0,0.9907244333561263,0.9922075778406987
hm-m05-g2-L8-n3-beta1__N0048__Aminus_0p01,hm-m05-g2-L8-n3-beta1__N0048__Aplus_0p01,hm-m05-g2-L8-n3-beta1,48,-0.01,31,5.166666666666666,0.9901594015323009,0.9917330007305611
hm-m05-g2-L8-n3-beta1__N0048__Aminus_0p01,hm-m05-g2-L8-n3-beta1__N0048__Aplus_0p01,hm-m05-g2-L8-n3-beta1,48,-0.01,32,5.333333333333333,0.9899686678804971,0.9915727947395282
hm-m05-g2-L8-n3-beta1__N0048__Aminus_0p01,hm-m05-g2-L8-n3-beta1__N0048__Aplus_0p01,hm-m05-g2-L8-n3-beta1,48,-0.01,33,5.5,0.990159401532302,0.9917330007305629
hm-m05-g2-L8-n3-beta1__N0048__Aminus_0p01,hm-m05-g2-L8-n3-beta1__N0048__Aplus_0p01,hm-m05-g2-L8-n3-beta1,48,-0.01,34,5.666666666666666,0.9907244333561284,0.9922075778407019
hm-m05-g2-L8-n3-beta1__N0048__Aminus_0p01,hm-m05-g2-L8-n3-beta1__N0048__Aplus_0p01,hm-m05-g2-L8-n3-beta1,48,-0.01,35,5.833333333333333,0.9916425070716746,0.9929786181450596
hm-m05-g2-L8-n3-beta1__N0048__Aminus_0p01,hm-m05-g2-L8-n3-beta1__N0048__Aplus_0p01,hm-m05-g2-L8-n3-beta1,48,-0.01,36,6.0,0.9928790266333679,0.9940169850136857
hm-m05-g2-L8-n3-beta1__N0048__Aminus_0p01,hm-m05-g2-L8-n3-beta1__N0048__Aplus_0p01,hm-m05-g2-L8-n3-beta1,48,-0.01,37,6.166666666666666,0.9943872816782686,0.9952833580902356
hm-m05-g2-L8-n3-beta1__N0048__Aminus_0p01,hm-m05-g2-L8-n3-beta1__N0048__Aplus_0p01,hm-m05-g2-L8-n3-beta1,48,-0.01,38,6.333333333333333,0.996110119709094,0.9967296559480836
hm-m05-g2-L8-n3-beta1__N0048__Aminus_0p01,hm-m05-g2-L8-n3-beta1__N0048__Aplus_0p01,hm-m05-g2-L8-n3-beta1,48,-0.01,39,6.5,0.997982019389234,0.9983007950659653
hm-m05-g2-L8-n3-beta1__N0048__Aminus_0p01,hm-m05-g2-L8-n3-beta1__N0048__Aplus_0p01,hm-m05-g2-L8-n3-beta1,48,-0.01,40,6.666666666666666,0.9999315039718363,0.9999367309627842
hm-m05-g2-L8-n3-beta1__N0048__Aminus_0p01,hm-m05-g2-L8-n3-beta1__N0048__Aplus_0p01,hm-m05-g2-L8-n3-beta1,48,-0.01,41,6.833333333333333,1.001883818038442,1.00157471459092
hm-m05-g2-L8-n3-beta1__N0048__Aminus_0p01,hm-m05-g2-L8-n3-beta1__N0048__Aplus_0p01,hm-m05-g2-L8-n3-beta1,48,-0.01,42,7.0,1.0037637754002922,1.0031516851563786
hm-m05-g2-L8-n3-beta1__N0048__Aminus_0p01,hm-m05-g2-L8-n3-beta1__N0048__Aplus_0p01,hm-m05-g2-L8-n3-beta1,48,-0.01,43,7.166666666666666,1.0054986725846142,1.0046067103982408
hm-m05-g2-L8-n3-beta1__N0048__Aminus_0p01,hm-m05-g2-L8-n3-beta1__N0048__Aplus_0p01,hm-m05-g2-L8-n3-beta1,48,-0.01,44,7.333333333333333,1.0070211523410715,1.0058833781353478
hm-m05-g2-L8-n3-beta1__N0048__Aminus_0p01,hm-m05-g2-L8-n3-beta1__N0048__Aplus_0p01,hm-m05-g2-L8-n3-beta1,48,-0.01,45,7.5,1.0082718965819844,1.0069320396744827
hm-m05-g2-L8-n3-beta1__N0048__Aminus_0p01,hm-m05-g2-L8-n3-beta1__N0048__Aplus_0p01,hm-m05-g2-L8-n3-beta1,48,-0.01,46,7.666666666666666,1.0092020293729584,1.00771180738688
hm-m05-g2-L8-n3-beta1__N0048__Aminus_0p01,hm-m05-g2-L8-n3-beta1__N0048__Aplus_0p01,hm-m05-g2-L8-n3-beta1,48,-0.01,47,7.833333333333333,1.0097751188004263,1.0081922159686212
hm-m05-g2-L8-n3-beta1__N0048__Aminus_0p01,hm-m05-g2-L8-n3-beta1__N0048__Aplus_0p01,hm-m05-g2-L8-n3-beta1,48,-0.01,48,8.0,1.0099686819038969,1.0083544697009237
hm-m05-g2-L8-n3-beta1__N0048__Aminus_0p005,hm-m05-g2-L8-n3-beta1__N0048__Aplus_0p005,hm-m05-g2-L8-n3-beta1,48,-0.005,0,0.0,0.9949921678675467,0.995795367602122
hm-m05-g2-L8-n3-beta1__N0048__Aminus_0p005,hm-m05-g2-L8-n3-beta1__N0048__Aplus_0p005,hm-m05-g2-L8-n3-beta1,48,-0.005,1,0.16666666666666666,0.9950878879666961,0.9958757280671824
hm-m05-g2-L8-n3-beta1__N0048__Aminus_0p005,hm-m05-g2-L8-n3-beta1__N0048__Aplus_0p005,hm-m05-g2-L8-n3-beta1,48,-0.005,2,0.3333333333333333,0.9953714099991499,0.9961137502902753
hm-m05-g2-L8-n3-beta1__N0048__Aminus_0p005,hm-m05-g2-L8-n3-beta1__N0048__Aplus_0p005,hm-m05-g2-L8-n3-beta1,48,-0.005,3,0.5,0.9958319528738669,0.996500369914662
hm-m05-g2-L8-n3-beta1__N0048__Aminus_0p005,hm-m05-g2-L8-n3-beta1__N0048__Aplus_0p005,hm-m05-g2-L8-n3-beta1,48,-0.005,4,0.6666666666666666,0.9964519895751819,0.9970208531932174
hm-m05-g2-L8-n3-beta1__N0048__Aminus_0p005,hm-m05-g2-L8-n3-beta1__N0048__Aplus_0p005,hm-m05-g2-L8-n3-beta1,48,-0.005,5,0.8333333333333333,0.997207894652022,0.9976553444069084
hm-m05-g2-L8-n3-beta1__N0048__Aminus_0p005,hm-m05-g2-L8-n3-beta1__N0048__Aplus_0p005,hm-m05-g2-L8-n3-beta1,48,-0.005,6,1.0,0.9980708213707213,0.9983796067108934
hm-m05-g2-L8-n3-beta1__N0048__Aminus_0p005,hm-m05-g2-L8-n3-beta1__N0048__Aplus_0p005,hm-m05-g2-L8-n3-beta1,48,-0.005,7,1.1666666666666665,0.9990077794974656,0.9991659312993026
hm-m05-g2-L8-n3-beta1__N0048__Aminus_0p005,hm-m05-g2-L8-n3-beta1__N0048__Aplus_0p005,hm-m05-g2-L8-n3-beta1,48,-0.005,8,1.3333333333333333,0.999982876973583,0.9999841833266796
hm-m05-g2-L8-n3-beta1__N0048__Aminus_0p005,hm-m05-g2-L8-n3-beta1__N0048__Aplus_0p005,hm-m05-g2-L8-n3-beta1,48,-0.005,9,1.5,1.0009586817445641,1.0008029472731208
hm-m05-g2-L8-n3-beta1__N0048__Aminus_0p005,hm-m05-g2-L8-n3-beta1__N0048__Aplus_0p005,hm-m05-g2-L8-n3-beta1,48,-0.005,10,1.6666666666666665,1.0018976540762294,1.0015907296838205
hm-m05-g2-L8-n3-beta1__N0048__Aminus_0p005,hm-m05-g2-L8-n3-beta1__N0048__Aplus_0p005,hm-m05-g2-L8-n3-beta1,48,-0.005,11,1.8333333333333333,1.0027635952644094,1.0023171737734193
hm-m05-g2-L8-n3-beta1__N0048__Aminus_0p005,hm-m05-g2-L8-n3-beta1__N0048__Aplus_0p005,hm-m05-g2-L8-n3-beta1,48,-0.005,12,2.0,1.0035230561485793,1.0029542385792907
hm-m05-g2-L8-n3-beta1__N0048__Aminus_0p005,hm-m05-g2-L8-n3-beta1__N0048__Aplus_0p005,hm-m05-g2-L8-n3-beta1,48,-0.005,13,2.1666666666666665,1.0041466486552026,1.0034772954506481
hm-m05-g2-L8-n3-beta1__N0048__Aminus_0p005,hm-m05-g2-L8-n3-beta1__N0048__Aplus_0p005,hm-m05-g2-L8-n3-beta1,48,-0.005,14,2.333333333333333,1.0046102059945203,1.0038660968621491
hm-m05-g2-L8-n3-beta1__N0048__Aminus_0p005,hm-m05-g2-L8-n3-beta1__N0048__Aplus_0p005,hm-m05-g2-L8-n3-beta1,48,-0.005,15,2.5,1.0048957422270153,1.0041055769090335
hm-m05-g2-L8-n3-beta1__N0048__Aminus_0p005,hm-m05-g2-L8-n3-beta1__N0048__Aplus_0p005,hm-m05-g2-L8-n3-beta1,48,-0.005,16,2.6666666666666665,1.004992169619007,1.00418644929378
hm-m05-g2-L8-n3-beta1__N0048__Aminus_0p005,hm-m05-g2-L8-n3-beta1__N0048__Aplus_0p005,hm-m05-g2-L8-n3-beta1,48,-0.005,17,2.833333333333333,1.0048957422270157,1.0041055769090337
hm-m05-g2-L8-n3-beta1__N0048__Aminus_0p005,hm-m05-g2-L8-n3-beta1__N0048__Aplus_0p005,hm-m05-g2-L8-n3-beta1,48,-0.005,18,3.0,1.004610205994521,1.0038660968621498
hm-m05-g2-L8-n3-beta1__N0048__Aminus_0p005,hm-m05-g2-L8-n3-beta1__N0048__Aplus_0p005,hm-m05-g2-L8-n3-beta1,48,-0.005,19,3.1666666666666665,1.0041466486552038,1.003477295450649
hm-m05-g2-L8-n3-beta1__N0048__Aminus_0p005,hm-m05-g2-L8-n3-beta1__N0048__Aplus_0p005,hm-m05-g2-L8-n3-beta1,48,-0.005,20,3.333333333333333,1.0035230561485806,1.0029542385792918
hm-m05-g2-L8-n3-beta1__N0048__Aminus_0p005,hm-m05-g2-L8-n3-beta1__N0048__Aplus_0p005,hm-m05-g2-L8-n3-beta1,48,-0.005,21,3.5,1.002763595264411,1.0023171737734209
hm-m05-g2-L8-n3-beta1__N0048__Aminus_0p005,hm-m05-g2-L8-n3-beta1__N0048__Aplus_0p005,hm-m05-g2-L8-n3-beta1,48,-0.005,22,3.6666666666666665,1.0018976540762312,1.0015907296838225
hm-m05-g2-L8-n3-beta1__N0048__Aminus_0p005,hm-m05-g2-L8-n3-beta1__N0048__Aplus_0p005,hm-m05-g2-L8-n3-beta1,48,-0.005,23,3.833333333333333,1.000958681744566,1.0008029472731228
hm-m05-g2-L8-n3-beta1__N0048__Aminus_0p005,hm-m05-g2-L8-n3-beta1__N0048__Aplus_0p005,hm-m05-g2-L8-n3-beta1,48,-0.005,24,4.0,0.9999828769735849,0.9999841833266816
hm-m05-g2-L8-n3-beta1__N0048__Aminus_0p005,hm-m05-g2-L8-n3-beta1__N0048__Aplus_0p005,hm-m05-g2-L8-n3-beta1,48,-0.005,25,4.166666666666666,0.9990077794974673,0.9991659312993044
hm-m05-g2-L8-n3-beta1__N0048__Aminus_0p005,hm-m05-g2-L8-n3-beta1__N0048__Aplus_0p005,hm-m05-g2-L8-n3-beta1,48,-0.005,26,4.333333333333333,0.9980708213707229,0.998379606710895
hm-m05-g2-L8-n3-beta1__N0048__Aminus_0p005,hm-m05-g2-L8-n3-beta1__N0048__Aplus_0p005,hm-m05-g2-L8-n3-beta1,48,-0.005,27,4.5,0.9972078946520233,0.9976553444069096
hm-m05-g2-L8-n3-beta1__N0048__Aminus_0p005,hm-m05-g2-L8-n3-beta1__N0048__Aplus_0p005,hm-m05-g2-L8-n3-beta1,48,-0.005,28,4.666666666666666,0.9964519895751829,0.9970208531932182
hm-m05-g2-L8-n3-beta1__N0048__Aminus_0p005,hm-m05-g2-L8-n3-beta1__N0048__Aplus_0p005,hm-m05-g2-L8-n3-beta1,48,-0.005,29,4.833333333333333,0.9958319528738674,0.9965003699146622
hm-m05-g2-L8-n3-beta1__N0048__Aminus_0p005,hm-m05-g2-L8-n3-beta1__N0048__Aplus_0p005,hm-m05-g2-L8-n3-beta1,48,-0.005,30,5.0,0.9953714099991499,0.9961137502902752
hm-m05-g2-L8-n3-beta1__N0048__Aminus_0p005,hm-m05-g2-L8-n3-beta1__N0048__Aplus_0p005,hm-m05-g2-L8-n3-beta1,48,-0.005,31,5.166666666666666,0.9950878879666956,0.9958757280671817
hm-m05-g2-L8-n3-beta1__N0048__Aminus_0p005,hm-m05-g2-L8-n3-beta1__N0048__Aplus_0p005,hm-m05-g2-L8-n3-beta1,48,-0.005,32,5.333333333333333,0.9949921678675456,0.9957953676021207
hm-m05-g2-L8-n3-beta1__N0048__Aminus_0p005,hm-m05-g2-L8-n3-beta1__N0048__Aplus_0p005,hm-m05-g2-L8-n3-beta1,48,-0.005,33,5.5,0.9950878879666945,0.9958757280671808
hm-m05-g2-L8-n3-beta1__N0048__Aminus_0p005,hm-m05-g2-L8-n3-beta1__N0048__Aplus_0p005,hm-m05-g2-L8-n3-beta1,48,-0.005,34,5.666666666666666,0.9953714099991476,0.9961137502902732
hm-m05-g2-L8-n3-beta1__N0048__Aminus_0p005,hm-m05-g2-L8-n3-beta1__N0048__Aplus_0p005,hm-m05-g2-L8-n3-beta1,48,-0.005,35,5.833333333333333,0.9958319528738642,0.9965003699146592
hm-m05-g2-L8-n3-beta1__N0048__Aminus_0p005,hm-m05-g2-L8-n3-beta1__N0048__Aplus_0p005,hm-m05-g2-L8-n3-beta1,48,-0.005,36,6.0,0.9964519895751787,0.9970208531932141
hm-m05-g2-L8-n3-beta1__N0048__Aminus_0p005,hm-m05-g2-L8-n3-beta1__N0048__Aplus_0p005,hm-m05-g2-L8-n3-beta1,48,-0.005,37,6.166666666666666,0.9972078946520183,0.9976553444069046
hm-m05-g2-L8-n3-beta1__N0048__Aminus_0p005,hm-m05-g2-L8-n3-beta1__N0048__Aplus_0p005,hm-m05-g2-L8-n3-beta1,48,-0.005,38,6.333333333333333,0.9980708213707172,0.9983796067108891
hm-m05-g2-L8-n3-beta1__N0048__Aminus_0p005,hm-m05-g2-L8-n3-beta1__N0048__Aplus_0p005,hm-m05-g2-L8-n3-beta1,48,-0.005,39,6.5,0.9990077794974612,0.9991659312992976
hm-m05-g2-L8-n3-beta1__N0048__Aminus_0p005,hm-m05-g2-L8-n3-beta1__N0048__Aplus_0p005,hm-m05-g2-L8-n3-beta1,48,-0.005,40,6.666666666666666,0.9999828769735783,0.999984183326674
hm-m05-g2-L8-n3-beta1__N0048__Aminus_0p005,hm-m05-g2-L8-n3-beta1__N0048__Aplus_0p005,hm-m05-g2-L8-n3-beta1,48,-0.005,41,6.833333333333333,1.0009586817445593,1.0008029472731148
hm-m05-g2-L8-n3-beta1__N0048__Aminus_0p005,hm-m05-g2-L8-n3-beta1__N0048__Aplus_0p005,hm-m05-g2-L8-n3-beta1,48,-0.005,42,7.0,1.0018976540762246,1.001590729683814
hm-m05-g2-L8-n3-beta1__N0048__Aminus_0p005,hm-m05-g2-L8-n3-beta1__N0048__Aplus_0p005,hm-m05-g2-L8-n3-beta1,48,-0.005,43,7.166666666666666,1.0027635952644043,1.0023171737734122
hm-m05-g2-L8-n3-beta1__N0048__Aminus_0p005,hm-m05-g2-L8-n3-beta1__N0048__Aplus_0p005,hm-m05-g2-L8-n3-beta1,48,-0.005,44,7.333333333333333,1.0035230561485742,1.0029542385792831
hm-m05-g2-L8-n3-beta1__N0048__Aminus_0p005,hm-m05-g2-L8-n3-beta1__N0048__Aplus_0p005,hm-m05-g2-L8-n3-beta1,48,-0.005,45,7.5,1.0041466486551975,1.0034772954506401
hm-m05-g2-L8-n3-beta1__N0048__Aminus_0p005,hm-m05-g2-L8-n3-beta1__N0048__Aplus_0p005,hm-m05-g2-L8-n3-beta1,48,-0.005,46,7.666666666666666,1.004610205994515,1.0038660968621407
hm-m05-g2-L8-n3-beta1__N0048__Aminus_0p005,hm-m05-g2-L8-n3-beta1__N0048__Aplus_0p005,hm-m05-g2-L8-n3-beta1,48,-0.005,47,7.833333333333333,1.0048957422270097,1.0041055769090248
hm-m05-g2-L8-n3-beta1__N0048__Aminus_0p005,hm-m05-g2-L8-n3-beta1__N0048__Aplus_0p005,hm-m05-g2-L8-n3-beta1,48,-0.005,48,8.0,1.0049921696190014,1.0041864492937709
hm-m05-g2-L8-n3-beta1__N0048__Aminus_0p0025,hm-m05-g2-L8-n3-beta1__N0048__Aplus_0p0025,hm-m05-g2-L8-n3-beta1,48,-0.0025,0,0.0,0.9974980420776419,0.9978999414508088
hm-m05-g2-L8-n3-beta1__N0048__Aminus_0p0025,hm-m05-g2-L8-n3-beta1__N0048__Aplus_0p0025,hm-m05-g2-L8-n3-beta1,48,-0.0025,1,0.16666666666666666,0.9975459904856627,0.9979401858605599
hm-m05-g2-L8-n3-beta1__N0048__Aminus_0p0025,hm-m05-g2-L8-n3-beta1__N0048__Aplus_0p0025,hm-m05-g2-L8-n3-beta1,48,-0.0025,2,0.3333333333333333,0.9976880031357807,0.9980593797904926
hm-m05-g2-L8-n3-beta1__N0048__Aminus_0p0025,hm-m05-g2-L8-n3-beta1__N0048__Aplus_0p0025,hm-m05-g2-L8-n3-beta1,48,-0.0025,3,0.5,0.9979186512009681,0.9982529633923539
hm-m05-g2-L8-n3-beta1__N0048__Aminus_0p0025,hm-m05-g2-L8-n3-beta1__N0048__Aplus_0p0025,hm-m05-g2-L8-n3-beta1,48,-0.0025,4,0.6666666666666666,0.9982291138705209,0.9985135283547037
hm-m05-g2-L8-n3-beta1__N0048__Aminus_0p0025,hm-m05-g2-L8-n3-beta1__N0048__Aplus_0p0025,hm-m05-g2-L8-n3-beta1,48,-0.0025,5,0.8333333333333333,0.9986075108065533,0.9988310978886085
hm-m05-g2-L8-n3-beta1__N0048__Aminus_0p0025,hm-m05-g2-L8-n3-beta1__N0048__Aplus_0p0025,hm-m05-g2-L8-n3-beta1,48,-0.0025,6,1.0,0.9990393510032409,0.9991935045683283
hm-m05-g2-L8-n3-beta1__N0048__Aminus_0p0025,hm-m05-g2-L8-n3-beta1__N0048__Aplus_0p0025,hm-m05-g2-L8-n3-beta1,48,-0.0025,7,1.1666666666666665,0.9995080819699227,0.9995868523512523
hm-m05-g2-L8-n3-beta1__N0048__Aminus_0p0025,hm-m05-g2-L8-n3-beta1__N0048__Aplus_0p0025,hm-m05-g2-L8-n3-beta1,48,-0.0025,8,1.3333333333333333,0.99999571930468,0.9999960458682889
hm-m05-g2-L8-n3-beta1__N0048__Aminus_0p0025,hm-m05-g2-L8-n3-beta1__N0048__Aplus_0p0025,hm-m05-g2-L8-n3-beta1,48,-0.0025,9,1.5,1.0004835334583946,1.0004053673642312
hm-m05-g2-L8-n3-beta1__N0048__Aminus_0p0025,hm-m05-g2-L8-n3-beta1__N0048__Aplus_0p0025,hm-m05-g2-L8-n3-beta1,48,-0.0025,10,1.6666666666666665,1.0009527679628378,1.0007990796002524
hm-m05-g2-L8-n3-beta1__N0048__Aminus_0p0025,hm-m05-g2-L8-n3-beta1__N0048__Aplus_0p0025,hm-m05-g2-L8-n3-beta1,48,-0.0025,11,1.8333333333333333,1.0013853617569652,1.0011620317226009
hm-m05-g2-L8-n3-beta1__N0048__Aminus_0p0025,hm-m05-g2-L8-n3-beta1__N0048__Aplus_0p0025,hm-m05-g2-L8-n3-beta1,48,-0.0025,12,2.0,1.0017646476216708,1.0014802446499902
hm-m05-g2-L8-n3-beta1__N0048__Aminus_0p0025,hm-m05-g2-L8-n3-beta1__N0048__Aplus_0p0025,hm-m05-g2-L8-n3-beta1,48,-0.0025,13,2.1666666666666665,1.0020759992197703,1.0017414530058633
hm-m05-g2-L8-n3-beta1__N0048__Aminus_0p0025,hm-m05-g2-L8-n3-beta1__N0048__Aplus_0p0025,hm-m05-g2-L8-n3-beta1,48,-0.0025,14,2.333333333333333,1.0023074008820922,1.0019355820504465
hm-m05-g2-L8-n3-beta1__N0048__Aminus_0p0025,hm-m05-g2-L8-n3-beta1__N0048__Aplus_0p0025,hm-m05-g2-L8-n3-beta1,48,-0.0025,15,2.5,1.0024499170696661,1.0020551404335694
hm-m05-g2-L8-n3-beta1__N0048__Aminus_0p0025,hm-m05-g2-L8-n3-beta1__N0048__Aplus_0p0025,hm-m05-g2-L8-n3-beta1,48,-0.0025,16,2.6666666666666665,1.0024980422965173,1.002095512822264
hm-m05-g2-L8-n3-beta1__N0048__Aminus_0p0025,hm-m05-g2-L8-n3-beta1__N0048__Aplus_0p0025,hm-m05-g2-L8-n3-beta1,48,-0.0025,17,2.833333333333333,1.0024499170696644,1.0020551404335671
hm-m05-g2-L8-n3-beta1__N0048__Aminus_0p0025,hm-m05-g2-L8-n3-beta1__N0048__Aplus_0p0025,hm-m05-g2-L8-n3-beta1,48,-0.0025,18,3.0,1.0023074008820887,1.001935582050442
hm-m05-g2-L8-n3-beta1__N0048__Aminus_0p0025,hm-m05-g2-L8-n3-beta1__N0048__Aplus_0p0025,hm-m05-g2-L8-n3-beta1,48,-0.0025,19,3.1666666666666665,1.0020759992197652,1.0017414530058568
hm-m05-g2-L8-n3-beta1__N0048__Aminus_0p0025,hm-m05-g2-L8-n3-beta1__N0048__Aplus_0p0025,hm-m05-g2-L8-n3-beta1,48,-0.0025,20,3.333333333333333,1.0017646476216642,1.0014802446499818
hm-m05-g2-L8-n3-beta1__N0048__Aminus_0p0025,hm-m05-g2-L8-n3-beta1__N0048__Aplus_0p0025,hm-m05-g2-L8-n3-beta1,48,-0.0025,21,3.5,1.0013853617569572,1.0011620317225904
hm-m05-g2-L8-n3-beta1__N0048__Aminus_0p0025,hm-m05-g2-L8-n3-beta1__N0048__Aplus_0p0025,hm-m05-g2-L8-n3-beta1,48,-0.0025,22,3.6666666666666665,1.0009527679628283,1.0007990796002404
hm-m05-g2-L8-n3-beta1__N0048__Aminus_0p0025,hm-m05-g2-L8-n3-beta1__N0048__Aplus_0p0025,hm-m05-g2-L8-n3-beta1,48,-0.0025,23,3.833333333333333,1.000483533458384,1.0004053673642177
hm-m05-g2-L8-n3-beta1__N0048__Aminus_0p0025,hm-m05-g2-L8-n3-beta1__N0048__Aplus_0p0025,hm-m05-g2-L8-n3-beta1,48,-0.0025,24,4.0,0.9999957193046681,0.9999960458682738
hm-m05-g2-L8-n3-beta1__N0048__Aminus_0p0025,hm-m05-g2-L8-n3-beta1__N0048__Aplus_0p0025,hm-m05-g2-L8-n3-beta1,48,-0.0025,25,4.166666666666666,0.9995080819699099,0.9995868523512358
hm-m05-g2-L8-n3-beta1__N0048__Aminus_0p0025,hm-m05-g2-L8-n3-beta1__N0048__Aplus_0p0025,hm-m05-g2-L8-n3-beta1,48,-0.0025,26,4.333333333333333,0.9990393510032274,0.9991935045683107
hm-m05-g2-L8-n3-beta1__N0048__Aminus_0p0025,hm-m05-g2-L8-n3-beta1__N0048__Aplus_0p0025,hm-m05-g2-L8-n3-beta1,48,-0.0025,27,4.5,0.9986075108065391,0.9988310978885898
hm-m05-g2-L8-n3-beta1__N0048__Aminus_0p0025,hm-m05-g2-L8-n3-beta1__N0048__Aplus_0p0025,hm-m05-g2-L8-n3-beta1,48,-0.0025,28,4.666666666666666,0.9982291138705062,0.9985135283546844
hm-m05-g2-L8-n3-beta1__N0048__Aminus_0p0025,hm-m05-g2-L8-n3-beta1__N0048__Aplus_0p0025,hm-m05-g2-L8-n3-beta1,48,-0.0025,29,4.833333333333333,0.9979186512009531,0.9982529633923342
hm-m05-g2-L8-n3-beta1__N0048__Aminus_0p0025,hm-m05-g2-L8-n3-beta1__N0048__Aplus_0p0025,hm-m05-g2-L8-n3-beta1,48,-0.0025,30,5.0,0.9976880031357656,0.9980593797904728
hm-m05-g2-L8-n3-beta1__N0048__Aminus_0p0025,hm-m05-g2-L8-n3-beta1__N0048__Aplus_0p0025,hm-m05-g2-L8-n3-beta1,48,-0.0025,31,5.166666666666666,0.9975459904856476,0.9979401858605401
hm-m05-g2-L8-n3-beta1__N0048__Aminus_0p0025,hm-m05-g2-L8-n3-beta1__N0048__Aplus_0p0025,hm-m05-g2-L8-n3-beta1,48,-0.0025,32,5.333333333333333,0.9974980420776272,0.9978999414507894
hm-m05-g2-L8-n3-beta1__N0048__Aminus_0p0025,hm-m05-g2-L8-n3-beta1__N0048__Aplus_0p0025,hm-m05-g2-L8-n3-beta1,48,-0.0025,33,5.5,0.9975459904856483,0.9979401858605411
hm-m05-g2-L8-n3-beta1__N0048__Aminus_0p0025,hm-m05-g2-L8-n3-beta1__N0048__Aplus_0p0025,hm-m05-g2-L8-n3-beta1,48,-0.0025,34,5.666666666666666,0.9976880031357669,0.9980593797904745
hm-m05-g2-L8-n3-beta1__N0048__Aminus_0p0025,hm-m05-g2-L8-n3-beta1__N0048__Aplus_0p0025,hm-m05-g2-L8-n3-beta1,48,-0.0025,35,5.833333333333333,0.9979186512009551,0.9982529633923369
hm-m05-g2-L8-n3-beta1__N0048__Aminus_0p0025,hm-m05-g2-L8-n3-beta1__N0048__Aplus_0p0025,hm-m05-g2-L8-n3-beta1,48,-0.0025,36,6.0,0.9982291138705088,0.9985135283546881
hm-m05-g2-L8-n3-beta1__N0048__Aminus_0p0025,hm-m05-g2-L8-n3-beta1__N0048__Aplus_0p0025,hm-m05-g2-L8-n3-beta1,48,-0.0025,37,6.166666666666666,0.9986075108065423,0.9988310978885944
hm-m05-g2-L8-n3-beta1__N0048__Aminus_0p0025,hm-m05-g2-L8-n3-beta1__N0048__Aplus_0p0025,hm-m05-g2-L8-n3-beta1,48,-0.0025,38,6.333333333333333,0.9990393510032313,0.9991935045683159
hm-m05-g2-L8-n3-beta1__N0048__Aminus_0p0025,hm-m05-g2-L8-n3-beta1__N0048__Aplus_0p0025,hm-m05-g2-L8-n3-beta1,48,-0.0025,39,6.5,0.9995080819699145,0.9995868523512416
hm-m05-g2-L8-n3-beta1__N0048__Aminus_0p0025,hm-m05-g2-L8-n3-beta1__N0048__Aplus_0p0025,hm-m05-g2-L8-n3-beta1,48,-0.0025,40,6.666666666666666,0.9999957193046732,0.99999604586828
hm-m05-g2-L8-n3-beta1__N0048__Aminus_0p0025,hm-m05-g2-L8-n3-beta1__N0048__Aplus_0p0025,hm-m05-g2-L8-n3-beta1,48,-0.0025,41,6.833333333333333,1.0004835334583895,1.0004053673642241
hm-m05-g2-L8-n3-beta1__N0048__Aminus_0p0025,hm-m05-g2-L8-n3-beta1__N0048__Aplus_0p0025,hm-m05-g2-L8-n3-beta1,48,-0.0025,42,7.0,1.0009527679628343,1.000799079600247
hm-m05-g2-L8-n3-beta1__N0048__Aminus_0p0025,hm-m05-g2-L8-n3-beta1__N0048__Aplus_0p0025,hm-m05-g2-L8-n3-beta1,48,-0.0025,43,7.166666666666666,1.0013853617569635,1.001162031722597
hm-m05-g2-L8-n3-beta1__N0048__Aminus_0p0025,hm-m05-g2-L8-n3-beta1__N0048__Aplus_0p0025,hm-m05-g2-L8-n3-beta1,48,-0.0025,44,7.333333333333333,1.0017646476216704,1.0014802446499882
hm-m05-g2-L8-n3-beta1__N0048__Aminus_0p0025,hm-m05-g2-L8-n3-beta1__N0048__Aplus_0p0025,hm-m05-g2-L8-n3-beta1,48,-0.0025,45,7.5,1.0020759992197714,1.0017414530058628
hm-m05-g2-L8-n3-beta1__N0048__Aminus_0p0025,hm-m05-g2-L8-n3-beta1__N0048__Aplus_0p0025,hm-m05-g2-L8-n3-beta1,48,-0.0025,46,7.666666666666666,1.0023074008820947,1.0019355820504474
hm-m05-g2-L8-n3-beta1__N0048__Aminus_0p0025,hm-m05-g2-L8-n3-beta1__N0048__Aplus_0p0025,hm-m05-g2-L8-n3-beta1,48,-0.0025,47,7.833333333333333,1.0024499170696697,1.0020551404335714
hm-m05-g2-L8-n3-beta1__N0048__Aminus_0p0025,hm-m05-g2-L8-n3-beta1__N0048__Aplus_0p0025,hm-m05-g2-L8-n3-beta1,48,-0.0025,48,8.0,1.0024980422965217,1.002095512822267
hm-m05-g2-L8-n3-beta1__N0048__Aplus_0p0025,hm-m05-g2-L8-n3-beta1__N0048__Aminus_0p0025,hm-m05-g2-L8-n3-beta1,48,0.0025,0,0.0,1.0024980422965308,1.0020955128222804
hm-m05-g2-L8-n3-beta1__N0048__Aplus_0p0025,hm-m05-g2-L8-n3-beta1__N0048__Aminus_0p0025,hm-m05-g2-L8-n3-beta1,48,0.0025,1,0.16666666666666666,1.0024499170696788,1.0020551404335845
hm-m05-g2-L8-n3-beta1__N0048__Aplus_0p0025,hm-m05-g2-L8-n3-beta1__N0048__Aminus_0p0025,hm-m05-g2-L8-n3-beta1,48,0.0025,2,0.3333333333333333,1.0023074008821036,1.0019355820504603
hm-m05-g2-L8-n3-beta1__N0048__Aplus_0p0025,hm-m05-g2-L8-n3-beta1__N0048__Aminus_0p0025,hm-m05-g2-L8-n3-beta1,48,0.0025,3,0.5,1.0020759992197803,1.0017414530058755
hm-m05-g2-L8-n3-beta1__N0048__Aplus_0p0025,hm-m05-g2-L8-n3-beta1__N0048__Aminus_0p0025,hm-m05-g2-L8-n3-beta1,48,0.0025,4,0.6666666666666666,1.0017646476216793,1.0014802446500006
hm-m05-g2-L8-n3-beta1__N0048__Aplus_0p0025,hm-m05-g2-L8-n3-beta1__N0048__Aminus_0p0025,hm-m05-g2-L8-n3-beta1,48,0.0025,5,0.8333333333333333,1.0013853617569721,1.0011620317226093
hm-m05-g2-L8-n3-beta1__N0048__Aplus_0p0025,hm-m05-g2-L8-n3-beta1__N0048__Aminus_0p0025,hm-m05-g2-L8-n3-beta1,48,0.0025,6,1.0,1.000952767962843,1.0007990796002586
hm-m05-g2-L8-n3-beta1__N0048__Aplus_0p0025,hm-m05-g2-L8-n3-beta1__N0048__Aminus_0p0025,hm-m05-g2-L8-n3-beta1,48,0.0025,7,1.1666666666666665,1.0004835334583977,1.0004053673642352
hm-m05-g2-L8-n3-beta1__N0048__Aplus_0p0025,hm-m05-g2-L8-n3-beta1__N0048__Aminus_0p0025,hm-m05-g2-L8-n3-beta1,48,0.0025,8,1.3333333333333333,0.9999957193046811,0.9999960458682903
hm-m05-g2-L8-n3-beta1__N0048__Aplus_0p0025,hm-m05-g2-L8-n3-beta1__N0048__Aminus_0p0025,hm-m05-g2-L8-n3-beta1,48,0.0025,9,1.5,0.9995080819699219,0.9995868523512511
hm-m05-g2-L8-n3-beta1__N0048__Aplus_0p0025,hm-m05-g2-L8-n3-beta1__N0048__Aminus_0p0025,hm-m05-g2-L8-n3-beta1,48,0.0025,10,1.6666666666666665,0.9990393510032382,0.9991935045683247
hm-m05-g2-L8-n3-beta1__N0048__Aplus_0p0025,hm-m05-g2-L8-n3-beta1__N0048__Aminus_0p0025,hm-m05-g2-L8-n3-beta1,48,0.0025,11,1.8333333333333333,0.9986075108065485,0.9988310978886025
hm-m05-g2-L8-n3-beta1__N0048__Aplus_0p0025,hm-m05-g2-L8-n3-beta1__N0048__Aminus_0p0025,hm-m05-g2-L8-n3-beta1,48,0.0025,12,2.0,0.9982291138705143,0.9985135283546954
hm-m05-g2-L8-n3-beta1__N0048__Aplus_0p0025,hm-m05-g2-L8-n3-beta1__N0048__Aminus_0p0025,hm-m05-g2-L8-n3-beta1,48,0.0025,13,2.1666666666666665,0.9979186512009597,0.9982529633923434
hm-m05-g2-L8-n3-beta1__N0048__Aplus_0p0025,hm-m05-g2-L8-n3-beta1__N0048__Aminus_0p0025,hm-m05-g2-L8-n3-beta1,48,0.0025,14,2.333333333333333,0.9976880031357706,0.9980593797904803
hm-m05-g2-L8-n3-beta1__N0048__Aplus_0p0025,hm-m05-g2-L8-n3-beta1__N0048__Aminus_0p0025,hm-m05-g2-L8-n3-beta1,48,0.0025,15,2.5,0.997545990485651,0.9979401858605459
hm-m05-g2-L8-n3-beta1__N0048__Aplus_0p0025,hm-m05-g2-L8-n3-beta1__N0048__Aminus_0p0025,hm-m05-g2-L8-n3-beta1,48,0.0025,16,2.6666666666666665,0.9974980420776288,0.997899941450793
hm-m05-g2-L8-n3-beta1__N0048__Aplus_0p0025,hm-m05-g2-L8-n3-beta1__N0048__Aminus_0p0025,hm-m05-g2-L8-n3-beta1,48,0.0025,17,2.833333333333333,0.9975459904856485,0.9979401858605426
hm-m05-g2-L8-n3-beta1__N0048__Aplus_0p0025,hm-m05-g2-L8-n3-beta1__N0048__Aminus_0p0025,hm-m05-g2-L8-n3-beta1,48,0.0025,18,3.0,0.9976880031357654,0.9980593797904741
hm-m05-g2-L8-n3-beta1__N0048__Aplus_0p0025,hm-m05-g2-L8-n3-beta1__N0048__Aminus_0p0025,hm-m05-g2-L8-n3-beta1,48,0.0025,19,3.1666666666666665,0.9979186512009522,0.9982529633923343
hm-m05-g2-L8-n3-beta1__N0048__Aplus_0p0025,hm-m05-g2-L8-n3-beta1__N0048__Aminus_0p0025,hm-m05-g2-L8-n3-beta1,48,0.0025,20,3.333333333333333,0.9982291138705046,0.9985135283546835
hm-m05-g2-L8-n3-beta1__N0048__Aplus_0p0025,hm-m05-g2-L8-n3-beta1__N0048__Aminus_0p0025,hm-m05-g2-L8-n3-beta1,48,0.0025,21,3.5,0.9986075108065368,0.998831097888588
hm-m05-g2-L8-n3-beta1__N0048__Aplus_0p0025,hm-m05-g2-L8-n3-beta1__N0048__Aminus_0p0025,hm-m05-g2-L8-n3-beta1,48,0.0025,22,3.6666666666666665,0.9990393510032245,0.9991935045683081
hm-m05-g2-L8-n3-beta1__N0048__Aplus_0p0025,hm-m05-g2-L8-n3-beta1__N0048__Aminus_0p0025,hm-m05-g2-L8-n3-beta1,48,0.0025,23,3.833333333333333,0.9995080819699066,0.9995868523512326
hm-m05-g2-L8-n3-beta1__N0048__Aplus_0p0025,hm-m05-g2-L8-n3-beta1__N0048__Aminus_0p0025,hm-m05-g2-L8-n3-beta1,48,0.0025,24,4.0,0.9999957193046645,0.99999604586827
hm-m05-g2-L8-n3-beta1__N0048__Aplus_0p0025,hm-m05-g2-L8-n3-beta1__N0048__Aminus_0p0025,hm-m05-g2-L8-n3-beta1,48,0.0025,25,4.166666666666666,1.00048353345838,1.0004053673642133
hm-m05-g2-L8-n3-beta1__N0048__Aplus_0p0025,hm-m05-g2-L8-n3-beta1__N0048__Aminus_0p0025,hm-m05-g2-L8-n3-beta1,48,0.0025,26,4.333333333333333,1.0009527679628243,1.0007990796002355
hm-m05-g2-L8-n3-beta1__N0048__Aplus_0p0025,hm-m05-g2-L8-n3-beta1__N0048__Aminus_0p0025,hm-m05-g2-L8-n3-beta1,48,0.0025,27,4.5,1.001385361756953,1.0011620317225853
hm-m05-g2-L8-n3-beta1__N0048__Aplus_0p0025,hm-m05-g2-L8-n3-beta1__N0048__Aminus_0p0025,hm-m05-g2-L8-n3-beta1,48,0.0025,28,4.666666666666666,1.00176464762166,1.0014802446499762
hm-m05-g2-L8-n3-beta1__N0048__Aplus_0p0025,hm-m05-g2-L8-n3-beta1__N0048__Aminus_0p0025,hm-m05-g2-L8-n3-beta1,48,0.0025,29,4.833333333333333,1.002075999219761,1.001741453005851
hm-m05-g2-L8-n3-beta1__N0048__Aplus_0p0025,hm-m05-g2-L8-n3-beta1__N0048__Aminus_0p0025,hm-m05-g2-L8-n3-beta1,48,0.0025,30,5.0,1.0023074008820845,1.001935582050436
hm-m05-g2-L8-n3-beta1__N0048__Aplus_0p0025,hm-m05-g2-L8-n3-beta1__N0048__Aminus_0p0025,hm-m05-g2-L8-n3-beta1,48,0.0025,31,5.166666666666666,1.0024499170696601,1.002055140433561
hm-m05-g2-L8-n3-beta1__N0048__Aplus_0p0025,hm-m05-g2-L8-n3-beta1__N0048__Aminus_0p0025,hm-m05-g2-L8-n3-beta1,48,0.0025,32,5.333333333333333,1.002498042296513,1.002095512822258
hm-m05-g2-L8-n3-beta1__N0048__Aplus_0p0025,hm-m05-g2-L8-n3-beta1__N0048__Aminus_0p0025,hm-m05-g2-L8-n3-beta1,48,0.0025,33,5.5,1.0024499170696621,1.0020551404335636
hm-m05-g2-L8-n3-beta1__N0048__Aplus_0p0025,hm-m05-g2-L8-n3-beta1__N0048__Aminus_0p0025,hm-m05-g2-L8-n3-beta1,48,0.0025,34,5.666666666666666,1.0023074008820883,1.001935582050441
hm-m05-g2-L8-n3-beta1__N0048__Aplus_0p0025,hm-m05-g2-L8-n3-beta1__N0048__Aminus_0p0025,hm-m05-g2-L8-n3-beta1,48,0.0025,35,5.833333333333333,1.0020759992197665,1.0017414530058582
hm-m05-g2-L8-n3-beta1__N0048__Aplus_0p0025,hm-m05-g2-L8-n3-beta1__N0048__Aminus_0p0025,hm-m05-g2-L8-n3-beta1,48,0.0025,36,6.0,1.001764647621667,1.0014802446499853
hm-m05-g2-L8-n3-beta1__N0048__Aplus_0p0025,hm-m05-g2-L8-n3-beta1__N0048__Aminus_0p0025,hm-m05-g2-L8-n3-beta1,48,0.0025,37,6.166666666666666,1.0013853617569617,1.0011620317225962
hm-m05-g2-L8-n3-beta1__N0048__Aplus_0p0025,hm-m05-g2-L8-n3-beta1__N0048__Aminus_0p0025,hm-m05-g2-L8-n3-beta1,48,0.0025,38,6.333333333333333,1.0009527679628345,1.0007990796002482
hm-m05-g2-L8-n3-beta1__N0048__Aplus_0p0025,hm-m05-g2-L8-n3-beta1__N0048__Aminus_0p0025,hm-m05-g2-L8-n3-beta1,48,0.0025,39,6.5,1.0004835334583915,1.0004053673642272
hm-m05-g2-L8-n3-beta1__N0048__Aplus_0p0025,hm-m05-g2-L8-n3-beta1__N0048__Aminus_0p0025,hm-m05-g2-L8-n3-beta1,48,0.0025,40,6.666666666666666,0.9999957193046768,0.9999960458682848
hm-m05-g2-L8-n3-beta1__N0048__Aplus_0p0025,hm-m05-g2-L8-n3-beta1__N0048__Aminus_0p0025,hm-m05-g2-L8-n3-beta1,48,0.0025,41,6.833333333333333,0.9995080819699197,0.9995868523512482
hm-m05-g2-L8-n3-beta1__N0048__Aplus_0p0025,hm-m05-g2-L8-n3-beta1__N0048__Aminus_0p0025,hm-m05-g2-L8-n3-beta1,48,0.0025,42,7.0,0.9990393510032379,0.9991935045683243
hm-m05-g2-L8-n3-beta1__N0048__Aplus_0p0025,hm-m05-g2-L8-n3-beta1__N0048__Aminus_0p0025,hm-m05-g2-L8-n3-beta1,48,0.0025,43,7.166666666666666,0.9986075108065504,0.9988310978886045
hm-m05-g2-L8-n3-beta1__N0048__Aplus_0p0025,hm-m05-g2-L8-n3-beta1__N0048__Aminus_0p0025,hm-m05-g2-L8-n3-beta1,48,0.0025,44,7.333333333333333,0.9982291138705182,0.9985135283546999
hm-m05-g2-L8-n3-beta1__N0048__Aplus_0p0025,hm-m05-g2-L8-n3-beta1__N0048__Aminus_0p0025,hm-m05-g2-L8-n3-beta1,48,0.0025,45,7.5,0.9979186512009655,0.9982529633923499
hm-m05-g2-L8-n3-beta1__N0048__Aplus_0p0025,hm-m05-g2-L8-n3-beta1__N0048__Aminus_0p0025,hm-m05-g2-L8-n3-beta1,48,0.0025,46,7.666666666666666,0.9976880031357781,0.9980593797904885
hm-m05-g2-L8-n3-beta1__N0048__Aplus_0p0025,hm-m05-g2-L8-n3-beta1__N0048__Aminus_0p0025,hm-m05-g2-L8-n3-beta1,48,0.0025,47,7.833333333333333,0.9975459904856602,0.9979401858605559
hm-m05-g2-L8-n3-beta1__N0048__Aplus_0p0025,hm-m05-g2-L8-n3-beta1__N0048__Aminus_0p0025,hm-m05-g2-L8-n3-beta1,48,0.0025,48,8.0,0.9974980420776394,0.9978999414508047
hm-m05-g2-L8-n3-beta1__N0048__Aplus_0p005,hm-m05-g2-L8-n3-beta1__N0048__Aminus_0p005,hm-m05-g2-L8-n3-beta1,48,0.005,0,0.0,1.004992169619016,1.004186449293791
hm-m05-g2-L8-n3-beta1__N0048__Aplus_0p005,hm-m05-g2-L8-n3-beta1__N0048__Aminus_0p005,hm-m05-g2-L8-n3-beta1,48,0.005,1,0.16666666666666666,1.0048957422270244,1.0041055769090446
hm-m05-g2-L8-n3-beta1__N0048__Aplus_0p005,hm-m05-g2-L8-n3-beta1__N0048__Aminus_0p005,hm-m05-g2-L8-n3-beta1,48,0.005,2,0.3333333333333333,1.0046102059945294,1.0038660968621604
hm-m05-g2-L8-n3-beta1__N0048__Aplus_0p005,hm-m05-g2-L8-n3-beta1__N0048__Aminus_0p005,hm-m05-g2-L8-n3-beta1,48,0.005,3,0.5,1.0041466486552117,1.0034772954506592
hm-m05-g2-L8-n3-beta1__N0048__Aplus_0p005,hm-m05-g2-L8-n3-beta1__N0048__Aminus_0p005,hm-m05-g2-L8-n3-beta1,48,0.005,4,0.6666666666666666,1.003523056148588,1.0029542385793013
hm-m05-g2-L8-n3-beta1__N0048__Aplus_0p005,hm-m05-g2-L8-n3-beta1__N0048__Aminus_0p005,hm-m05-g2-L8-n3-beta1,48,0.005,5,0.8333333333333333,1.0027635952644176,1.0023171737734295
hm-m05-g2-L8-n3-beta1__N0048__Aplus_0p005,hm-m05-g2-L8-n3-beta1__N0048__Aminus_0p005,hm-m05-g2-L8-n3-beta1,48,0.005,6,1.0,1.0018976540762372,1.0015907296838302
hm-m05-g2-L8-n3-beta1__N0048__Aplus_0p005,hm-m05-g2-L8-n3-beta1__N0048__Aminus_0p005,hm-m05-g2-L8-n3-beta1,48,0.005,7,1.1666666666666665,1.0009586817445713,1.00080294727313
hm-m05-g2-L8-n3-beta1__N0048__Aplus_0p005,hm-m05-g2-L8-n3-beta1__N0048__Aminus_0p005,hm-m05-g2-L8-n3-beta1,48,0.005,8,1.3333333333333333,0.9999828769735893,0.9999841833266877
hm-m05-g2-L8-n3-beta1__N0048__Aplus_0p005,hm-m05-g2-L8-n3-beta1__N0048__Aminus_0p005,hm-m05-g2-L8-n3-beta1,48,0.005,9,1.5,0.9990077794974709,0.9991659312993096
hm-m05-g2-L8-n3-beta1__N0048__Aplus_0p005,hm-m05-g2-L8-n3-beta1__N0048__Aminus_0p005,hm-m05-g2-L8-n3-beta1,48,0.005,10,1.6666666666666665,0.9980708213707256,0.9983796067108993
hm-m05-g2-L8-n3-beta1__N0048__Aplus_0p005,hm-m05-g2-L8-n3-beta1__N0048__Aminus_0p005,hm-m05-g2-L8-n3-beta1,48,0.005,11,1.8333333333333333,0.997207894652025,0.9976553444069131
hm-m05-g2-L8-n3-beta1__N0048__Aplus_0p005,hm-m05-g2-L8-n3-beta1__N0048__Aminus_0p005,hm-m05-g2-L8-n3-beta1,48,0.005,12,2.0,0.9964519895751837,0.9970208531932208
hm-m05-g2-L8-n3-beta1__N0048__Aplus_0p005,hm-m05-g2-L8-n3-beta1__N0048__Aminus_0p005,hm-m05-g2-L8-n3-beta1,48,0.005,13,2.1666666666666665,0.9958319528738675,0.996500369914664
hm-m05-g2-L8-n3-beta1__N0048__Aplus_0p005,hm-m05-g2-L8-n3-beta1__N0048__Aminus_0p005,hm-m05-g2-L8-n3-beta1,48,0.005,14,2.333333333333333,0.9953714099991493,0.9961137502902762
hm-m05-g2-L8-n3-beta1__N0048__Aplus_0p005,hm-m05-g2-L8-n3-beta1__N0048__Aminus_0p005,hm-m05-g2-L8-n3-beta1,48,0.005,15,2.5,0.9950878879666945,0.9958757280671822
hm-m05-g2-L8-n3-beta1__N0048__Aplus_0p005,hm-m05-g2-L8-n3-beta1__N0048__Aminus_0p005,hm-m05-g2-L8-n3-beta1,48,0.005,16,2.6666666666666665,0.9949921678675441,0.9957953676021204
hm-m05-g2-L8-n3-beta1__N0048__Aplus_0p005,hm-m05-g2-L8-n3-beta1__N0048__Aminus_0p005,hm-m05-g2-L8-n3-beta1,48,0.005,17,2.833333333333333,0.9950878879666926,0.9958757280671797
hm-m05-g2-L8-n3-beta1__N0048__Aplus_0p005,hm-m05-g2-L8-n3-beta1__N0048__Aminus_0p005,hm-m05-g2-L8-n3-beta1,48,0.005,18,3.0,0.9953714099991455,0.9961137502902713
hm-m05-g2-L8-n3-beta1__N0048__Aplus_0p005,hm-m05-g2-L8-n3-beta1__N0048__Aminus_0p005,hm-m05-g2-L8-n3-beta1,48,0.005,19,3.1666666666666665,0.995831952873862,0.9965003699146566
hm-m05-g2-L8-n3-beta1__N0048__Aplus_0p005,hm-m05-g2-L8-n3-beta1__N0048__Aminus_0p005,hm-m05-g2-L8-n3-beta1,48,0.005,20,3.333333333333333,0.9964519895751763,0.9970208531932111
hm-m05-g2-L8-n3-beta1__N0048__Aplus_0p005,hm-m05-g2-L8-n3-beta1__N0048__Aminus_0p005,hm-m05-g2-L8-n3-beta1,48,0.005,21,3.5,0.9972078946520159,0.9976553444069012
hm-m05-g2-L8-n3-beta1__N0048__Aplus_0p005,hm-m05-g2-L8-n3-beta1__N0048__Aminus_0p005,hm-m05-g2-L8-n3-beta1,48,0.005,22,3.6666666666666665,0.9980708213707148,0.9983796067108854
hm-m05-g2-L8-n3-beta1__N0048__Aplus_0p005,hm-m05-g2-L8-n3-beta1__N0048__Aminus_0p005,hm-m05-g2-L8-n3-beta1,48,0.005,23,3.833333333333333,0.9990077794974587,0.9991659312992939
hm-m05-g2-L8-n3-beta1__N0048__Aplus_0p005,hm-m05-g2-L8-n3-beta1__N0048__Aminus_0p005,hm-m05-g2-L8-n3-beta1,48,0.005,24,4.0,0.9999828769735758,0.9999841833266703
hm-m05-g2-L8-n3-beta1__N0048__Aplus_0p005,hm-m05-g2-L8-n3-beta1__N0048__Aminus_0p005,hm-m05-g2-L8-n3-beta1,48,0.005,25,4.166666666666666,1.0009586817445566,1.000802947273111
hm-m05-g2-L8-n3-beta1__N0048__Aplus_0p005,hm-m05-g2-L8-n3-beta1__N0048__Aminus_0p005,hm-m05-g2-L8-n3-beta1,48,0.005,26,4.333333333333333,1.0018976540762219,1.0015907296838102
hm-m05-g2-L8-n3-beta1__N0048__Aplus_0p005,hm-m05-g2-L8-n3-beta1__N0048__Aminus_0p005,hm-m05-g2-L8-n3-beta1,48,0.005,27,4.5,1.0027635952644016,1.0023171737734087
hm-m05-g2-L8-n3-beta1__N0048__Aplus_0p005,hm-m05-g2-L8-n3-beta1__N0048__Aminus_0p005,hm-m05-g2-L8-n3-beta1,48,0.005,28,4.666666666666666,1.0035230561485715,1.0029542385792798
hm-m05-g2-L8-n3-beta1__N0048__Aplus_0p005,hm-m05-g2-L8-n3-beta1__N0048__Aminus_0p005,hm-m05-g2-L8-n3-beta1,48,0.005,29,4.833333333333333,1.004146648655195,1.003477295450637
hm-m05-g2-L8-n3-beta1__N0048__Aplus_0p005,hm-m05-g2-L8-n3-beta1__N0048__Aminus_0p005,hm-m05-g2-L8-n3-beta1,48,0.005,30,5.0,1.0046102059945128,1.003866096862138
hm-m05-g2-L8-n3-beta1__N0048__Aplus_0p005,hm-m05-g2-L8-n3-beta1__N0048__Aminus_0p005,hm-m05-g2-L8-n3-beta1,48,0.005,31,5.166666666666666,1.0048957422270077,1.0041055769090224
hm-m05-g2-L8-n3-beta1__N0048__Aplus_0p005,hm-m05-g2-L8-n3-beta1__N0048__Aminus_0p005,hm-m05-g2-L8-n3-beta1,48,0.005,32,5.333333333333333,1.0049921696189996,1.0041864492937693
hm-m05-g2-L8-n3-beta1__N0048__Aplus_0p005,hm-m05-g2-L8-n3-beta1__N0048__Aminus_0p005,hm-m05-g2-L8-n3-beta1,48,0.005,33,5.5,1.0048957422270084,1.0041055769090235
hm-m05-g2-L8-n3-beta1__N0048__Aplus_0p005,hm-m05-g2-L8-n3-beta1__N0048__Aminus_0p005,hm-m05-g2-L8-n3-beta1,48,0.005,34,5.666666666666666,1.0046102059945141,1.00386609686214
hm-m05-g2-L8-n3-beta1__N0048__Aplus_0p005,hm-m05-g2-L8-n3-beta1__N0048__Aminus_0p005,hm-m05-g2-L8-n3-beta1,48,0.005,35,5.833333333333333,1.004146648655197,1.00347729545064
hm-m05-g2-L8-n3-beta1__N0048__Aplus_0p005,hm-m05-g2-L8-n3-beta1__N0048__Aminus_0p005,hm-m05-g2-L8-n3-beta1,48,0.005,36,6.0,1.0035230561485744,1.0029542385792836
hm-m05-g2-L8-n3-beta1__N0048__Aplus_0p005,hm-m05-g2-L8-n3-beta1__N0048__Aminus_0p005,hm-m05-g2-L8-n3-beta1,48,0.005,37,6.166666666666666,1.0027635952644052,1.0023171737734133
hm-m05-g2-L8-n3-beta1__N0048__Aplus_0p005,hm-m05-g2-L8-n3-beta1__N0048__Aminus_0p005,hm-m05-g2-L8-n3-beta1,48,0.005,38,6.333333333333333,1.0018976540762259,1.0015907296838158
hm-m05-g2-L8-n3-beta1__N0048__Aplus_0p005,hm-m05-g2-L8-n3-beta1__N0048__Aminus_0p005,hm-m05-g2-L8-n3-beta1,48,0.005,39,6.5,1.0009586817445615,1.000802947273117
hm-m05-g2-L8-n3-beta1__N0048__Aplus_0p005,hm-m05-g2-L8-n3-beta1__N0048__Aminus_0p005,hm-m05-g2-L8-n3-beta1,48,0.005,40,6.666666666666666,0.9999828769735812,0.9999841833266767
hm-m05-g2-L8-n3-beta1__N0048__Aplus_0p005,hm-m05-g2-L8-n3-beta1__N0048__Aminus_0p005,hm-m05-g2-L8-n3-beta1,48,0.005,41,6.833333333333333,0.9990077794974647,0.9991659312993006
hm-m05-g2-L8-n3-beta1__N0048__Aplus_0p005,hm-m05-g2-L8-n3-beta1__N0048__Aminus_0p005,hm-m05-g2-L8-n3-beta1,48,0.005,42,7.0,0.9980708213707213,0.9983796067108924
hm-m05-g2-L8-n3-beta1__N0048__Aplus_0p005,hm-m05-g2-L8-n3-beta1__N0048__Aminus_0p005,hm-m05-g2-L8-n3-beta1,48,0.005,43,7.166666666666666,0.9972078946520228,0.9976553444069082
hm-m05-g2-L8-n3-beta1__N0048__Aplus_0p005,hm-m05-g2-L8-n3-beta1__N0048__Aminus_0p005,hm-m05-g2-L8-n3-beta1,48,0.005,44,7.333333333333333,0.9964519895751833,0.9970208531932179
hm-m05-g2-L8-n3-beta1__N0048__Aplus_0p005,hm-m05-g2-L8-n3-beta1__N0048__Aminus_0p005,hm-m05-g2-L8-n3-beta1,48,0.005,45,7.5,0.9958319528738689,0.9965003699146626
hm-m05-g2-L8-n3-beta1__N0048__Aplus_0p005,hm-m05-g2-L8-n3-beta1__N0048__Aminus_0p005,hm-m05-g2-L8-n3-beta1,48,0.005,46,7.666666666666666,0.9953714099991523,0.9961137502902764
hm-m05-g2-L8-n3-beta1__N0048__Aplus_0p005,hm-m05-g2-L8-n3-beta1__N0048__Aminus_0p005,hm-m05-g2-L8-n3-beta1,48,0.005,47,7.833333333333333,0.9950878879666988,0.9958757280671837
hm-m05-g2-L8-n3-beta1__N0048__Aplus_0p005,hm-m05-g2-L8-n3-beta1__N0048__Aminus_0p005,hm-m05-g2-L8-n3-beta1,48,0.005,48,8.0,0.9949921678675495,0.9957953676021232
hm-m05-g2-L8-n3-beta1__N0048__Aplus_0p01,hm-m05-g2-L8-n3-beta1__N0048__Aminus_0p01,hm-m05-g2-L8-n3-beta1,48,0.01,0,0.0,1.0099686819038973,1.0083544697009261
hm-m05-g2-L8-n3-beta1__N0048__Aplus_0p01,hm-m05-g2-L8-n3-beta1__N0048__Aminus_0p01,hm-m05-g2-L8-n3-beta1,48,0.01,1,0.16666666666666666,1.0097751188004265,1.0081922159686236
hm-m05-g2-L8-n3-beta1__N0048__Aplus_0p01,hm-m05-g2-L8-n3-beta1__N0048__Aminus_0p01,hm-m05-g2-L8-n3-beta1,48,0.01,2,0.3333333333333333,1.0092020293729589,1.0077118073868825
hm-m05-g2-L8-n3-beta1__N0048__Aplus_0p01,hm-m05-g2-L8-n3-beta1__N0048__Aminus_0p01,hm-m05-g2-L8-n3-beta1,48,0.01,3,0.5,1.008271896581985,1.0069320396744852
hm-m05-g2-L8-n3-beta1__N0048__Aplus_0p01,hm-m05-g2-L8-n3-beta1__N0048__Aminus_0p01,hm-m05-g2-L8-n3-beta1,48,0.01,4,0.6666666666666666,1.0070211523410726,1.0058833781353504
hm-m05-g2-L8-n3-beta1__N0048__Aplus_0p01,hm-m05-g2-L8-n3-beta1__N0048__Aminus_0p01,hm-m05-g2-L8-n3-beta1,48,0.01,5,0.8333333333333333,1.0054986725846156,1.0046067103982437
hm-m05-g2-L8-n3-beta1__N0048__Aplus_0p01,hm-m05-g2-L8-n3-beta1__N0048__Aminus_0p01,hm-m05-g2-L8-n3-beta1,48,0.01,6,1.0,1.003763775400294,1.0031516851563818
hm-m05-g2-L8-n3-beta1__N0048__Aplus_0p01,hm-m05-g2-L8-n3-beta1__N0048__Aminus_0p01,hm-m05-g2-L8-n3-beta1,48,0.01,7,1.1666666666666665,1.0018838180384442,1.0015747145909235
hm-m05-g2-L8-n3-beta1__N0048__Aplus_0p01,hm-m05-g2-L8-n3-beta1__N0048__Aminus_0p01,hm-m05-g2-L8-n3-beta1,48,0.01,8,1.3333333333333333,0.9999315039718392,0.9999367309627882
hm-m05-g2-L8-n3-beta1__N0048__Aplus_0p01,hm-m05-g2-L8-n3-beta1__N0048__Aminus_0p01,hm-m05-g2-L8-n3-beta1,48,0.01,9,1.5,0.9979820193892374,0.9983007950659696
hm-m05-g2-L8-n3-beta1__N0048__Aplus_0p01,hm-m05-g2-L8-n3-beta1__N0048__Aminus_0p01,hm-m05-g2-L8-n3-beta1,48,0.01,10,1.6666666666666665,0.9961101197090978,0.9967296559480886
hm-m05-g2-L8-n3-beta1__N0048__Aplus_0p01,hm-m05-g2-L8-n3-beta1__N0048__Aminus_0p01,hm-m05-g2-L8-n3-beta1,48,0.01,11,1.8333333333333333,0.9943872816782727,0.9952833580902414
hm-m05-g2-L8-n3-beta1__N0048__Aplus_0p01,hm-m05-g2-L8-n3-beta1__N0048__Aminus_0p01,hm-m05-g2-L8-n3-beta1,48,0.01,12,2.0,0.9928790266333724,0.9940169850136923
hm-m05-g2-L8-n3-beta1__N0048__Aplus_0p01,hm-m05-g2-L8-n3-beta1__N0048__Aminus_0p01,hm-m05-g2-L8-n3-beta1,48,0.01,13,2.1666666666666665,0.9916425070716794,0.9929786181450669
hm-m05-g2-L8-n3-beta1__N0048__Aplus_0p01,hm-m05-g2-L8-n3-beta1__N0048__Aminus_0p01,hm-m05-g2-L8-n3-beta1,48,0.01,14,2.333333333333333,0.9907244333561336,0.9922075778407099
hm-m05-g2-L8-n3-beta1__N0048__Aplus_0p01,hm-m05-g2-L8-n3-beta1__N0048__Aminus_0p01,hm-m05-g2-L8-n3-beta1,48,0.01,15,2.5,0.9901594015323074,0.9917330007305714
hm-m05-g2-L8-n3-beta1__N0048__Aplus_0p01,hm-m05-g2-L8-n3-beta1__N0048__Aminus_0p01,hm-m05-g2-L8-n3-beta1,48,0.01,16,2.6666666666666665,0.9899686678805028,0.9915727947395371
hm-m05-g2-L8-n3-beta1__N0048__Aplus_0p01,hm-m05-g2-L8-n3-beta1__N0048__Aminus_0p01,hm-m05-g2-L8-n3-beta1,48,0.01,17,2.833333333333333,0.9901594015323069,0.9917330007305704
hm-m05-g2-L8-n3-beta1__N0048__Aplus_0p01,hm-m05-g2-L8-n3-beta1__N0048__Aminus_0p01,hm-m05-g2-L8-n3-beta1,48,0.01,18,3.0,0.9907244333561324,0.9922075778407078
hm-m05-g2-L8-n3-beta1__N0048__Aplus_0p01,hm-m05-g2-L8-n3-beta1__N0048__Aminus_0p01,hm-m05-g2-L8-n3-beta1,48,0.01,19,3.1666666666666665,0.9916425070716777,0.9929786181450639
hm-m05-g2-L8-n3-beta1__N0048__Aplus_0p01,hm-m05-g2-L8-n3-beta1__N0048__Aminus_0p01,hm-m05-g2-L8-n3-beta1,48,0.01,20,3.333333333333333,0.9928790266333699,0.9940169850136884
hm-m05-g2-L8-n3-beta1__N0048__Aplus_0p01,hm-m05-g2-L8-n3-beta1__N0048__Aminus_0p01,hm-m05-g2-L8-n3-beta1,48,0.01,21,3.5,0.9943872816782696,0.9952833580902367
hm-m05-g2-L8-n3-beta1__N0048__Aplus_0p01,hm-m05-g2-L8-n3-beta1__N0048__Aminus_0p01,hm-m05-g2-L8-n3-beta1,48,0.01,22,3.6666666666666665,0.996110119709094,0.9967296559480834
hm-m05-g2-L8-n3-beta1__N0048__Aplus_0p01,hm-m05-g2-L8-n3-beta1__N0048__Aminus_0p01,hm-m05-g2-L8-n3-beta1,48,0.01,23,3.833333333333333,0.9979820193892329,0.9983007950659636
hm-m05-g2-L8-n3-beta1__N0048__Aplus_0p01,hm-m05-g2-L8-n3-beta1__N0048__Aminus_0p01,hm-m05-g2-L8-n3-beta1,48,0.01,24,4.0,0.9999315039718342,0.9999367309627812
hm-m05-g2-L8-n3-beta1__N0048__Aplus_0p01,hm-m05-g2-L8-n3-beta1__N0048__Aminus_0p01,hm-m05-g2-L8-n3-beta1,48,0.01,25,4.166666666666666,1.0018838180384388,1.0015747145909157
hm-m05-g2-L8-n3-beta1__N0048__Aplus_0p01,hm-m05-g2-L8-n3-beta1__N0048__Aminus_0p01,hm-m05-g2-L8-n3-beta1,48,0.01,26,4.333333333333333,1.003763775400288,1.0031516851563733
hm-m05-g2-L8-n3-beta1__N0048__Aplus_0p01,hm-m05-g2-L8-n3-beta1__N0048__Aminus_0p01,hm-m05-g2-L8-n3-beta1,48,0.01,27,4.5,1.0054986725846091,1.0046067103982343
hm-m05-g2-L8-n3-beta1__N0048__Aplus_0p01,hm-m05-g2-L8-n3-beta1__N0048__Aminus_0p01,hm-m05-g2-L8-n3-beta1,48,0.01,28,4.666666666666666,1.0070211523410657,1.0058833781353405
hm-m05-g2-L8-n3-beta1__N0048__Aplus_0p01,hm-m05-g2-L8-n3-beta1__N0048__Aminus_0p01,hm-m05-g2-L8-n3-beta1,48,0.01,29,4.833333333333333,1.0082718965819777,1.0069320396744745
hm-m05-g2-L8-n3-beta1__N0048__Aplus_0p01,hm-m05-g2-L8-n3-beta1__N0048__Aminus_0p01,hm-m05-g2-L8-n3-beta1,48,0.01,30,5.0,1.0092020293729511,1.0077118073868712
hm-m05-g2-L8-n3-beta1__N0048__Aplus_0p01,hm-m05-g2-L8-n3-beta1__N0048__Aminus_0p01,hm-m05-g2-L8-n3-beta1,48,0.01,31,5.166666666666666,1.0097751188004185,1.0081922159686119
hm-m05-g2-L8-n3-beta1__N0048__Aplus_0p01,hm-m05-g2-L8-n3-beta1__N0048__Aminus_0p01,hm-m05-g2-L8-n3-beta1,48,0.01,32,5.333333333333333,1.0099686819038889,1.008354469700914
hm-m05-g2-L8-n3-beta1__N0048__Aplus_0p01,hm-m05-g2-L8-n3-beta1__N0048__Aminus_0p01,hm-m05-g2-L8-n3-beta1,48,0.01,33,5.5,1.0097751188004178,1.0081922159686114
hm-m05-g2-L8-n3-beta1__N0048__Aplus_0p01,hm-m05-g2-L8-n3-beta1__N0048__Aminus_0p01,hm-m05-g2-L8-n3-beta1,48,0.01,34,5.666666666666666,1.00920202937295,1.0077118073868703
hm-m05-g2-L8-n3-beta1__N0048__Aplus_0p01,hm-m05-g2-L8-n3-beta1__N0048__Aminus_0p01,hm-m05-g2-L8-n3-beta1,48,0.01,35,5.833333333333333,1.0082718965819761,1.0069320396744732
hm-m05-g2-L8-n3-beta1__N0048__Aplus_0p01,hm-m05-g2-L8-n3-beta1__N0048__Aminus_0p01,hm-m05-g2-L8-n3-beta1,48,0.01,36,6.0,1.0070211523410637,1.0058833781353387
hm-m05-g2-L8-n3-beta1__N0048__Aplus_0p01,hm-m05-g2-L8-n3-beta1__N0048__Aminus_0p01,hm-m05-g2-L8-n3-beta1,48,0.01,37,6.166666666666666,1.005498672584607,1.0046067103982321
hm-m05-g2-L8-n3-beta1__N0048__Aplus_0p01,hm-m05-g2-L8-n3-beta1__N0048__Aminus_0p01,hm-m05-g2-L8-n3-beta1,48,0.01,38,6.333333333333333,1.0037637754002855,1.0031516851563707
hm-m05-g2-L8-n3-beta1__N0048__Aplus_0p01,hm-m05-g2-L8-n3-beta1__N0048__Aminus_0p01,hm-m05-g2-L8-n3-beta1,48,0.01,39,6.5,1.001883818038436,1.0015747145909126
hm-m05-g2-L8-n3-beta1__N0048__Aplus_0p01,hm-m05-g2-L8-n3-beta1__N0048__Aminus_0p01,hm-m05-g2-L8-n3-beta1,48,0.01,40,6.666666666666666,0.9999315039718315,0.9999367309627779
hm-m05-g2-L8-n3-beta1__N0048__Aplus_0p01,hm-m05-g2-L8-n3-beta1__N0048__Aminus_0p01,hm-m05-g2-L8-n3-beta1,48,0.01,41,6.833333333333333,0.9979820193892305,0.99830079506596
hm-m05-g2-L8-n3-beta1__N0048__Aplus_0p01,hm-m05-g2-L8-n3-beta1__N0048__Aminus_0p01,hm-m05-g2-L8-n3-beta1,48,0.01,42,7.0,0.9961101197090918,0.9967296559480796
hm-m05-g2-L8-n3-beta1__N0048__Aplus_0p01,hm-m05-g2-L8-n3-beta1__N0048__Aminus_0p01,hm-m05-g2-L8-n3-beta1,48,0.01,43,7.166666666666666,0.9943872816782677,0.9952833580902329
hm-m05-g2-L8-n3-beta1__N0048__Aplus_0p01,hm-m05-g2-L8-n3-beta1__N0048__Aminus_0p01,hm-m05-g2-L8-n3-beta1,48,0.01,44,7.333333333333333,0.9928790266333681,0.9940169850136843
hm-m05-g2-L8-n3-beta1__N0048__Aplus_0p01,hm-m05-g2-L8-n3-beta1__N0048__Aminus_0p01,hm-m05-g2-L8-n3-beta1,48,0.01,45,7.5,0.991642507071676,0.9929786181450594
hm-m05-g2-L8-n3-beta1__N0048__Aplus_0p01,hm-m05-g2-L8-n3-beta1__N0048__Aminus_0p01,hm-m05-g2-L8-n3-beta1,48,0.01,46,7.666666666666666,0.9907244333561308,0.9922075778407027
hm-m05-g2-L8-n3-beta1__N0048__Aplus_0p01,hm-m05-g2-L8-n3-beta1__N0048__Aminus_0p01,hm-m05-g2-L8-n3-beta1,48,0.01,47,7.833333333333333,0.9901594015323052,0.9917330007305647
hm-m05-g2-L8-n3-beta1__N0048__Aplus_0p01,hm-m05-g2-L8-n3-beta1__N0048__Aminus_0p01,hm-m05-g2-L8-n3-beta1,48,0.01,48,8.0,0.989968667880501,0.9915727947395309
hm-m05-g2-L8-n3-beta1__N0048__Aplus_0p02,hm-m05-g2-L8-n3-beta1__N0048__Aminus_0p02,hm-m05-g2-L8-n3-beta1,48,0.02,0,0.0,1.0198747545474034,1.0166342248083073
hm-m05-g2-L8-n3-beta1__N0048__Aplus_0p02,hm-m05-g2-L8-n3-beta1__N0048__Aminus_0p02,hm-m05-g2-L8-n3-beta1,48,0.02,1,0.16666666666666666,1.019484789524579,1.0163076930006016
hm-m05-g2-L8-n3-beta1__N0048__Aplus_0p02,hm-m05-g2-L8-n3-beta1__N0048__Aminus_0p02,hm-m05-g2-L8-n3-beta1,48,0.02,2,0.3333333333333333,1.0183305276727357,1.015341118329802
hm-m05-g2-L8-n3-beta1__N0048__Aplus_0p02,hm-m05-g2-L8-n3-beta1__N0048__Aminus_0p02,hm-m05-g2-L8-n3-beta1,48,0.02,3,0.5,1.0164581688616223,1.0137729896239904
hm-m05-g2-L8-n3-beta1__N0048__Aplus_0p02,hm-m05-g2-L8-n3-beta1__N0048__Aminus_0p02,hm-m05-g2-L8-n3-beta1,48,0.02,4,0.6666666666666666,1.0139424223964641,1.0116655770453584
hm-m05-g2-L8-n3-beta1__N0048__Aplus_0p02,hm-m05-g2-L8-n3-beta1__N0048__Aminus_0p02,hm-m05-g2-L8-n3-beta1,48,0.02,5,0.8333333333333333,1.0108832147450577,1.0091022294975638
hm-m05-g2-L8-n3-beta1__N0048__Aplus_0p02,hm-m05-g2-L8-n3-beta1__N0048__Aminus_0p02,hm-m05-g2-L8-n3-beta1,48,0.02,6,1.0,1.0074013534202404,1.0061838084954429
hm-m05-g2-L8-n3-beta1__N0048__Aplus_0p02,hm-m05-g2-L8-n3-beta1__N0048__Aminus_0p02,hm-m05-g2-L8-n3-beta1,48,0.02,7,1.1666666666666665,1.0036333896821006,1.0030244519828362
hm-m05-g2-L8-n3-beta1__N0048__Aplus_0p02,hm-m05-g2-L8-n3-beta1__N0048__Aminus_0p02,hm-m05-g2-L8-n3-beta1,48,0.02,8,1.3333333333333333,0.9997259531073158,0.9997468863340642
hm-m05-g2-L8-n3-beta1__N0048__Aplus_0p02,hm-m05-g2-L8-n3-beta1__N0048__Aminus_0p02,hm-m05-g2-L8-n3-beta1,48,0.02,9,1.5,0.995829839342094,0.9964775124913402
hm-m05-g2-L8-n3-beta1__N0048__Aplus_0p02,hm-m05-g2-L8-n3-beta1__N0048__Aminus_0p02,hm-m05-g2-L8-n3-beta1,48,0.02,10,1.6666666666666665,0.9920941201254482,0.9933414843032619
hm-m05-g2-L8-n3-beta1__N0048__Aplus_0p02,hm-m05-g2-L8-n3-beta1__N0048__Aminus_0p02,hm-m05-g2-L8-n3-beta1,48,0.02,11,1.8333333333333333,0.9886605158273669,0.9904579767017329
hm-m05-g2-L8-n3-beta1__N0048__Aplus_0p02,hm-m05-g2-L8-n3-beta1__N0048__Aminus_0p02,hm-m05-g2-L8-n3-beta1,48,0.02,12,2.0,0.9856582307424782,0.9879358124653619
hm-m05-g2-L8-n3-beta1__N0048__Aplus_0p02,hm-m05-g2-L8-n3-beta1__N0048__Aminus_0p02,hm-m05-g2-L8-n3-beta1,48,0.02,13,2.1666666666666665,0.9831994063267859,0.9858695833577399
hm-m05-g2-L8-n3-beta1__N0048__Aplus_0p02,hm-m05-g2-L8-n3-beta1__N0048__Aminus_0p02,hm-m05-g2-L8-n3-beta1,48,0.02,14,2.333333333333333,0.9813753032941348,0.9843363684377956
hm-m05-g2-L8-n3-beta1__N0048__Aplus_0p02,hm-m05-g2-L8-n3-beta1__N0048__Aminus_0p02,hm-m05-g2-L8-n3-beta1,48,0.02,15,2.5,0.9802532847155112,0.9833931224767994
hm-m05-g2-L8-n3-beta1__N0048__Aplus_0p02,hm-m05-g2-L8-n3-beta1__N0048__Aminus_0p02,hm-m05-g2-L8-n3-beta1,48,0.02,16,2.6666666666666665,0.9798746419851971,0.9830747826347268
hm-m05-g2-L8-n3-beta1__N0048__Aplus_0p02,hm-m05-g2-L8-n3-beta1__N0048__Aminus_0p02,hm-m05-g2-L8-n3-beta1,48,0.02,17,2.833333333333333,0.9802532847155085,0.9833931224767961
hm-m05-g2-L8-n3-beta1__N0048__Aplus_0p02,hm-m05-g2-L8-n3-beta1__N0048__Aminus_0p02,hm-m05-g2-L8-n3-beta1,48,0.02,18,3.0,0.9813753032941296,0.9843363684377887
hm-m05-g2-L8-n3-beta1__N0048__Aplus_0p02,hm-m05-g2-L8-n3-beta1__N0048__Aminus_0p02,hm-m05-g2-L8-n3-beta1,48,0.02,19,3.1666666666666665,0.9831994063267782,0.9858695833577297
hm-m05-g2-L8-n3-beta1__N0048__Aplus_0p02,hm-m05-g2-L8-n3-beta1__N0048__Aminus_0p02,hm-m05-g2-L8-n3-beta1,48,0.02,20,3.333333333333333,0.9856582307424678,0.9879358124653485
hm-m05-g2-L8-n3-beta1__N0048__Aplus_0p02,hm-m05-g2-L8-n3-beta1__N0048__Aminus_0p02,hm-m05-g2-L8-n3-beta1,48,0.02,21,3.5,0.9886605158273543,0.9904579767017163
hm-m05-g2-L8-n3-beta1__N0048__Aplus_0p02,hm-m05-g2-L8-n3-beta1__N0048__Aminus_0p02,hm-m05-g2-L8-n3-beta1,48,0.02,22,3.6666666666666665,0.9920941201254332,0.9933414843032429
hm-m05-g2-L8-n3-beta1__N0048__Aplus_0p02,hm-m05-g2-L8-n3-beta1__N0048__Aminus_0p02,hm-m05-g2-L8-n3-beta1,48,0.02,23,3.833333333333333,0.9958298393420771,0.9964775124913189
hm-m05-g2-L8-n3-beta1__N0048__Aplus_0p02,hm-m05-g2-L8-n3-beta1__N0048__Aminus_0p02,hm-m05-g2-L8-n3-beta1,48,0.02,24,4.0,0.9997259531072972,0.9997468863340405
hm-m05-g2-L8-n3-beta1__N0048__Aplus_0p02,hm-m05-g2-L8-n3-beta1__N0048__Aminus_0p02,hm-m05-g2-L8-n3-beta1,48,0.02,25,4.166666666666666,1.0036333896820806,1.0030244519828106
hm-m05-g2-L8-n3-beta1__N0048__Aplus_0p02,hm-m05-g2-L8-n3-beta1__N0048__Aminus_0p02,hm-m05-g2-L8-n3-beta1,48,0.02,26,4.333333333333333,1.0074013534202193,1.0061838084954158
hm-m05-g2-L8-n3-beta1__N0048__Aplus_0p02,hm-m05-g2-L8-n3-beta1__N0048__Aminus_0p02,hm-m05-g2-L8-n3-beta1,48,0.02,27,4.5,1.0108832147450357,1.0091022294975354
hm-m05-g2-L8-n3-beta1__N0048__Aplus_0p02,hm-m05-g2-L8-n3-beta1__N0048__Aminus_0p02,hm-m05-g2-L8-n3-beta1,48,0.02,28,4.666666666666666,1.0139424223964417,1.0116655770453293
hm-m05-g2-L8-n3-beta1__N0048__Aplus_0p02,hm-m05-g2-L8-n3-beta1__N0048__Aminus_0p02,hm-m05-g2-L8-n3-beta1,48,0.02,29,4.833333333333333,1.0164581688615997,1.0137729896239611
hm-m05-g2-L8-n3-beta1__N0048__Aplus_0p02,hm-m05-g2-L8-n3-beta1__N0048__Aminus_0p02,hm-m05-g2-L8-n3-beta1,48,0.02,30,5.0,1.0183305276727133,1.015341118329773
hm-m05-g2-L8-n3-beta1__N0048__Aplus_0p02,hm-m05-g2-L8-n3-beta1__N0048__Aminus_0p02,hm-m05-g2-L8-n3-beta1,48,0.02,31,5.166666666666666,1.0194847895245571,1.016307693000573
hm-m05-g2-L8-n3-beta1__N0048__Aplus_0p02,hm-m05-g2-L8-n3-beta1__N0048__Aminus_0p02,hm-m05-g2-L8-n3-beta1,48,0.02,32,5.333333333333333,1.019874754547382,1.0166342248082798
hm-m05-g2-L8-n3-beta1__N0048__Aplus_0p02,hm-m05-g2-L8-n3-beta1__N0048__Aminus_0p02,hm-m05-g2-L8-n3-beta1,48,0.02,33,5.5,1.019484789524559,1.0163076930005754
hm-m05-g2-L8-n3-beta1__N0048__Aplus_0p02,hm-m05-g2-L8-n3-beta1__N0048__Aminus_0p02,hm-m05-g2-L8-n3-beta1,48,0.02,34,5.666666666666666,1.0183305276727168,1.0153411183297776
hm-m05-g2-L8-n3-beta1__N0048__Aplus_0p02,hm-m05-g2-L8-n3-beta1__N0048__Aminus_0p02,hm-m05-g2-L8-n3-beta1,48,0.02,35,5.833333333333333,1.016458168861605,1.013772989623968
hm-m05-g2-L8-n3-beta1__N0048__Aplus_0p02,hm-m05-g2-L8-n3-beta1__N0048__Aminus_0p02,hm-m05-g2-L8-n3-beta1,48,0.02,36,6.0,1.0139424223964488,1.0116655770453384
hm-m05-g2-L8-n3-beta1__N0048__Aplus_0p02,hm-m05-g2-L8-n3-beta1__N0048__Aminus_0p02,hm-m05-g2-L8-n3-beta1,48,0.02,37,6.166666666666666,1.0108832147450446,1.0091022294975467
hm-m05-g2-L8-n3-beta1__N0048__Aplus_0p02,hm-m05-g2-L8-n3-beta1__N0048__Aminus_0p02,hm-m05-g2-L8-n3-beta1,48,0.02,38,6.333333333333333,1.0074013534202295,1.0061838084954287
hm-m05-g2-L8-n3-beta1__N0048__Aplus_0p02,hm-m05-g2-L8-n3-beta1__N0048__Aminus_0p02,hm-m05-g2-L8-n3-beta1,48,0.02,39,6.5,1.0036333896820921,1.0030244519828249
hm-m05-g2-L8-n3-beta1__N0048__Aplus_0p02,hm-m05-g2-L8-n3-beta1__N0048__Aminus_0p02,hm-m05-g2-L8-n3-beta1,48,0.02,40,6.666666666666666,0.9997259531073099,0.9997468863340558
hm-m05-g2-L8-n3-beta1__N0048__Aplus_0p02,hm-m05-g2-L8-n3-beta1__N0048__Aminus_0p02,hm-m05-g2-L8-n3-beta1,48,0.02,41,6.833333333333333,0.9958298393420908,0.996477512491335
hm-m05-g2-L8-n3-beta1__N0048__Aplus_0p02,hm-m05-g2-L8-n3-beta1__N0048__Aminus_0p02,hm-m05-g2-L8-n3-beta1,48,0.02,42,7.0,0.9920941201254474,0.9933414843032596
hm-m05-g2-L8-n3-beta1__N0048__Aplus_0p02,hm-m05-g2-L8-n3-beta1__N0048__Aminus_0p02,hm-m05-g2-L8-n3-beta1,48,0.02,43,7.166666666666666,0.9886605158273688,0.9904579767017334
hm-m05-g2-L8-n3-beta1__N0048__Aplus_0p02,hm-m05-g2-L8-n3-beta1__N0048__Aminus_0p02,hm-m05-g2-L8-n3-beta1,48,0.02,44,7.333333333333333,0.9856582307424825,0.9879358124653652
hm-m05-g2-L8-n3-beta1__N0048__Aplus_0p02,hm-m05-g2-L8-n3-beta1__N0048__Aminus_0p02,hm-m05-g2-L8-n3-beta1,48,0.02,45,7.5,0.9831994063267925,0.9858695833577458
hm-m05-g2-L8-n3-beta1__N0048__Aplus_0p02,hm-m05-g2-L8-n3-beta1__N0048__Aminus_0p02,hm-m05-g2-L8-n3-beta1,48,0.02,46,7.666666666666666,0.9813753032941434,0.9843363684378038
hm-m05-g2-L8-n3-beta1__N0048__Aplus_0p02,hm-m05-g2-L8-n3-beta1__N0048__Aminus_0p02,hm-m05-g2-L8-n3-beta1,48,0.02,47,7.833333333333333,0.9802532847155215,0.9833931224768098
hm-m05-g2-L8-n3-beta1__N0048__Aplus_0p02,hm-m05-g2-L8-n3-beta1__N0048__Aminus_0p02,hm-m05-g2-L8-n3-beta1,48,0.02,48,8.0,0.979874641985209,0.9830747826347389
hm-m05-g2-L8-n3-beta1__N0096__Aminus_0p02,hm-m05-g2-L8-n3-beta1__N0096__Aplus_0p02,hm-m05-g2-L8-n3-beta1,96,-0.02,0,0.0,0.9798737544243987,0.9830970922446749
hm-m05-g2-L8-n3-beta1__N0096__Aminus_0p02,hm-m05-g2-L8-n3-beta1__N0096__Aplus_0p02,hm-m05-g2-L8-n3-beta1,96,-0.02,1,0.08333333333333333,0.979968645014488,0.9831767607086851
hm-m05-g2-L8-n3-beta1__N0096__Aminus_0p02,hm-m05-g2-L8-n3-beta1__N0096__Aplus_0p02,hm-m05-g2-L8-n3-beta1,96,-0.02,2,0.16666666666666666,0.9802524435678127,0.9834150278914258
hm-m05-g2-L8-n3-beta1__N0096__Aminus_0p02,hm-m05-g2-L8-n3-beta1__N0096__Aplus_0p02,hm-m05-g2-L8-n3-beta1,96,-0.02,3,0.25,0.9807225372907419,0.9838096851767415
hm-m05-g2-L8-n3-beta1__N0096__Aminus_0p02,hm-m05-g2-L8-n3-beta1__N0096__Aplus_0p02,hm-m05-g2-L8-n3-beta1,96,-0.02,4,0.3333333333333333,0.9813745943773504,0.9843570715594652
hm-m05-g2-L8-n3-beta1__N0096__Aminus_0p02,hm-m05-g2-L8-n3-beta1__N0096__Aplus_0p02,hm-m05-g2-L8-n3-beta1,96,-0.02,5,0.41666666666666663,0.9822025982572999,0.9850521036162873
hm-m05-g2-L8-n3-beta1__N0096__Aminus_0p02,hm-m05-g2-L8-n3-beta1__N0096__Aplus_0p02,hm-m05-g2-L8-n3-beta1,96,-0.02,6,0.5,0.9831988954807305,0.9858883173369491
hm-m05-g2-L8-n3-beta1__N0096__Aminus_0p02,hm-m05-g2-L8-n3-beta1__N0096__Aplus_0p02,hm-m05-g2-L8-n3-beta1,96,-0.02,7,0.5833333333333333,0.9843542571608203,0.9868579216774891
hm-m05-g2-L8-n3-beta1__N0096__Aminus_0p02,hm-m05-g2-L8-n3-beta1__N0096__Aplus_0p02,hm-m05-g2-L8-n3-beta1,96,-0.02,8,0.6666666666666666,0.9856579538483309,0.9879518636436325
hm-m05-g2-L8-n3-beta1__N0096__Aminus_0p02,hm-m05-g2-L8-n3-beta1__N0096__Aplus_0p02,hm-m05-g2-L8-n3-beta1,96,-0.02,9,0.75,0.9870978436498881,0.9891599046490759
hm-m05-g2-L8-n3-beta1__N0096__Aminus_0p02,hm-m05-g2-L8-n3-beta1__N0096__Aplus_0p02,hm-m05-g2-L8-n3-beta1,96,-0.02,10,0.8333333333333333,0.9886604733210081,0.9904707078191779
hm-m05-g2-L8-n3-beta1__N0096__Aminus_0p02,hm-m05-g2-L8-n3-beta1__N0096__Aplus_0p02,hm-m05-g2-L8-n3-beta1,96,-0.02,11,0.9166666666666666,0.9903311919648943,0.9918719358247791
hm-m05-g2-L8-n3-beta1__N0096__Aminus_0p02,hm-m05-g2-L8-n3-beta1__N0096__Aplus_0p02,hm-m05-g2-L8-n3-beta1,96,-0.02,12,1.0,0.9920942768487199,0.9933503587334788
hm-m05-g2-L8-n3-beta1__N0096__Aminus_0p02,hm-m05-g2-L8-n3-beta1__N0096__Aplus_0p02,hm-m05-g2-L8-n3-beta1,96,-0.02,13,1.0833333333333333,0.9939330707114455,0.9948919712573001
hm-m05-g2-L8-n3-beta1__N0096__Aminus_0p02,hm-m05-g2-L8-n3-beta1__N0096__Aplus_0p02,hm-m05-g2-L8-n3-beta1,96,-0.02,14,1.1666666666666665,0.9958301297831782,0.9964821186575342
hm-m05-g2-L8-n3-beta1__N0096__Aminus_0p02,hm-m05-g2-L8-n3-beta1__N0096__Aplus_0p02,hm-m05-g2-L8-n3-beta1,96,-0.02,15,1.25,0.9977673815686764,0.9981056304416126
hm-m05-g2-L8-n3-beta1__N0096__Aminus_0p02,hm-m05-g2-L8-n3-beta1__N0096__Aplus_0p02,hm-m05-g2-L8-n3-beta1,96,-0.02,16,1.3333333333333333,0.9997262912707965,0.9997469608556856
hm-m05-g2-L8-n3-beta1__N0096__Aminus_0p02,hm-m05-g2-L8-n3-beta1__N0096__Aplus_0p02,hm-m05-g2-L8-n3-beta1,96,-0.02,17,1.4166666666666665,1.001688035548204,1.0013903350433535
hm-m05-g2-L8-n3-beta1__N0096__Aminus_0p02,hm-m05-g2-L8-n3-beta1__N0096__Aplus_0p02,hm-m05-g2-L8-n3-beta1,96,-0.02,18,1.5,1.0036336821209988,1.0030198996093753
hm-m05-g2-L8-n3-beta1__N0096__Aminus_0p02,hm-m05-g2-L8-n3-beta1__N0096__Aplus_0p02,hm-m05-g2-L8-n3-beta1,96,-0.02,19,1.5833333333333333,1.0055443735639185,1.0046198762012417
hm-m05-g2-L8-n3-beta1__N0096__Aminus_0p02,hm-m05-g2-L8-n3-beta1__N0096__Aplus_0p02,hm-m05-g2-L8-n3-beta1,96,-0.02,20,1.6666666666666665,1.0074015134656873,1.006174716605575
hm-m05-g2-L8-n3-beta1__N0096__Aminus_0p02,hm-m05-g2-L8-n3-beta1__N0096__Aplus_0p02,hm-m05-g2-L8-n3-beta1,96,-0.02,21,1.75,1.0091869529910815,1.0076692577548572
hm-m05-g2-L8-n3-beta1__N0096__Aminus_0p02,hm-m05-g2-L8-n3-beta1__N0096__Aplus_0p02,hm-m05-g2-L8-n3-beta1,96,-0.02,22,1.8333333333333333,1.0108831757653838,1.0090888749573859
hm-m05-g2-L8-n3-beta1__N0096__Aminus_0p02,hm-m05-g2-L8-n3-beta1__N0096__Aplus_0p02,hm-m05-g2-L8-n3-beta1,96,-0.02,23,1.9166666666666665,1.012473478914683,1.010419631603747
hm-m05-g2-L8-n3-beta1__N0096__Aminus_0p02,hm-m05-g2-L8-n3-beta1__N0096__Aplus_0p02,hm-m05-g2-L8-n3-beta1,96,-0.02,24,2.0,1.0139421480447846,1.0116484235702345
hm-m05-g2-L8-n3-beta1__N0096__Aminus_0p02,hm-m05-g2-L8-n3-beta1__N0096__Aplus_0p02,hm-m05-g2-L8-n3-beta1,96,-0.02,25,2.083333333333333,1.0152746239303203,1.0127631165366429
hm-m05-g2-L8-n3-beta1__N0096__Aminus_0p02,hm-m05-g2-L8-n3-beta1__N0096__Aplus_0p02,hm-m05-g2-L8-n3-beta1,96,-0.02,26,2.1666666666666665,1.0164576587169025,1.013752674465133
hm-m05-g2-L8-n3-beta1__N0096__Aminus_0p02,hm-m05-g2-L8-n3-beta1__N0096__Aplus_0p02,hm-m05-g2-L8-n3-beta1,96,-0.02,27,2.25,1.0174794595144803,1.0146072775498798
hm-m05-g2-L8-n3-beta1__N0096__Aminus_0p02,hm-m05-g2-L8-n3-beta1__N0096__Aplus_0p02,hm-m05-g2-L8-n3-beta1,96,-0.02,28,2.333333333333333,1.0183298173798347,1.01531842804446
hm-m05-g2-L8-n3-beta1__N0096__Aminus_0p02,hm-m05-g2-L8-n3-beta1__N0096__Aplus_0p02,hm-m05-g2-L8-n3-beta1,96,-0.02,29,2.4166666666666665,1.0190002198493229,1.0158790425048712
hm-m05-g2-L8-n3-beta1__N0096__Aminus_0p02,hm-m05-g2-L8-n3-beta1__N0096__Aplus_0p02,hm-m05-g2-L8-n3-beta1,96,-0.02,30,2.5,1.01948394538717,1.0162835291489762
hm-m05-g2-L8-n3-beta1__N0096__Aminus_0p02,hm-m05-g2-L8-n3-beta1__N0096__Aplus_0p02,hm-m05-g2-L8-n3-beta1,96,-0.02,31,2.583333333333333,1.0197761383561044,1.0165278492253509
hm-m05-g2-L8-n3-beta1__N0096__Aminus_0p02,hm-m05-g2-L8-n3-beta1__N0096__Aplus_0p02,hm-m05-g2-L8-n3-beta1,96,-0.02,32,2.6666666666666665,1.0198738633909616,1.0166095615021764
hm-m05-g2-L8-n3-beta1__N0096__Aminus_0p02,hm-m05-g2-L8-n3-beta1__N0096__Aplus_0p02,hm-m05-g2-L8-n3-beta1,96,-0.02,33,2.75,1.0197761383561035,1.0165278492253502
hm-m05-g2-L8-n3-beta1__N0096__Aminus_0p02,hm-m05-g2-L8-n3-beta1__N0096__Aplus_0p02,hm-m05-g2-L8-n3-beta1,96,-0.02,34,2.833333333333333,1.0194839453871685,1.0162835291489747
hm-m05-g2-L8-n3-beta1__N0096__Aminus_0p02,hm-m05-g2-L8-n3-beta1__N0096__Aplus_0p02,hm-m05-g2-L8-n3-beta1,96,-0.02,35,2.9166666666666665,1.0190002198493204,1.015879042504869
hm-m05-g2-L8-n3-beta1__N0096__Aminus_0p02,hm-m05-g2-L8-n3-beta1__N0096__Aplus_0p02,hm-m05-g2-L8-n3-beta1,96,-0.02,36,3.0,1.0183298173798316,1.015318428044457
hm-m05-g2-L8-n3-beta1__N0096__Aminus_0p02,hm-m05-g2-L8-n3-beta1__N0096__Aplus_0p02,hm-m05-g2-L8-n3-beta1,96,-0.02,37,3.083333333333333,1.0174794595144765,1.014607277549876
hm-m05-g2-L8-n3-beta1__N0096__Aminus_0p02,hm-m05-g2-L8-n3-beta1__N0096__Aplus_0p02,hm-m05-g2-L8-n3-beta1,96,-0.02,38,3.1666666666666665,1.0164576587168979,1.0137526744651286
hm-m05-g2-L8-n3-beta1__N0096__Aminus_0p02,hm-m05-g2-L8-n3-beta1__N0096__Aplus_0p02,hm-m05-g2-L8-n3-beta1,96,-0.02,39,3.25,1.015274623930315,1.0127631165366375
hm-m05-g2-L8-n3-beta1__N0096__Aminus_0p02,hm-m05-g2-L8-n3-beta1__N0096__Aplus_0p02,hm-m05-g2-L8-n3-beta1,96,-0.02,40,3.333333333333333,1.0139421480447786,1.0116484235702285
hm-m05-g2-L8-n3-beta1__N0096__Aminus_0p02,hm-m05-g2-L8-n3-beta1__N0096__Aplus_0p02,hm-m05-g2-L8-n3-beta1,96,-0.02,41,3.4166666666666665,1.0124734789146765,1.0104196316037404
hm-m05-g2-L8-n3-beta1__N0096__Aminus_0p02,hm-m05-g2-L8-n3-beta1__N0096__Aplus_0p02,hm-m05-g2-L8-n3-beta1,96,-0.02,42,3.5,1.0108831757653767,1.0090888749573783
hm-m05-g2-L8-n3-beta1__N0096__Aminus_0p02,hm-m05-g2-L8-n3-beta1__N0096__Aplus_0p02,hm-m05-g2-L8-n3-beta1,96,-0.02,43,3.583333333333333,1.0091869529910742,1.007669257754849
hm-m05-g2-L8-n3-beta1__N0096__Aminus_0p02,hm-m05-g2-L8-n3-beta1__N0096__Aplus_0p02,hm-m05-g2-L8-n3-beta1,96,-0.02,44,3.6666666666666665,1.0074015134656795,1.006174716605566
hm-m05-g2-L8-n3-beta1__N0096__Aminus_0p02,hm-m05-g2-L8-n3-beta1__N0096__Aplus_0p02,hm-m05-g2-L8-n3-beta1,96,-0.02,45,3.75,1.0055443735639102,1.0046198762012317
hm-m05-g2-L8-n3-beta1__N0096__Aminus_0p02,hm-m05-g2-L8-n3-beta1__N0096__Aplus_0p02,hm-m05-g2-L8-n3-beta1,96,-0.02,46,3.833333333333333,1.0036336821209901,1.0030198996093642
hm-m05-g2-L8-n3-beta1__N0096__Aminus_0p02,hm-m05-g2-L8-n3-beta1__N0096__Aplus_0p02,hm-m05-g2-L8-n3-beta1,96,-0.02,47,3.9166666666666665,1.0016880355481952,1.001390335043342
hm-m05-g2-L8-n3-beta1__N0096__Aminus_0p02,hm-m05-g2-L8-n3-beta1__N0096__Aplus_0p02,hm-m05-g2-L8-n3-beta1,96,-0.02,48,4.0,0.9997262912707873,0.9997469608556737
hm-m05-g2-L8-n3-beta1__N0096__Aminus_0p02,hm-m05-g2-L8-n3-beta1__N0096__Aplus_0p02,hm-m05-g2-L8-n3-beta1,96,-0.02,49,4.083333333333333,0.997767381568667,0.9981056304416003
hm-m05-g2-L8-n3-beta1__N0096__Aminus_0p02,hm-m05-g2-L8-n3-beta1__N0096__Aplus_0p02,hm-m05-g2-L8-n3-beta1,96,-0.02,50,4.166666666666666,0.9958301297831685,0.9964821186575215
hm-m05-g2-L8-n3-beta1__N0096__Aminus_0p02,hm-m05-g2-L8-n3-beta1__N0096__Aplus_0p02,hm-m05-g2-L8-n3-beta1,96,-0.02,51,4.25,0.9939330707114357,0.9948919712572871
hm-m05-g2-L8-n3-beta1__N0096__Aminus_0p02,hm-m05-g2-L8-n3-beta1__N0096__Aplus_0p02,hm-m05-g2-L8-n3-beta1,96,-0.02,52,4.333333333333333,0.9920942768487099,0.9933503587334657
hm-m05-g2-L8-n3-beta1__N0096__Aminus_0p02,hm-m05-g2-L8-n3-beta1__N0096__Aplus_0p02,hm-m05-g2-L8-n3-beta1,96,-0.02,53,4.416666666666666,0.9903311919648842,0.9918719358247658
hm-m05-g2-L8-n3-beta1__N0096__Aminus_0p02,hm-m05-g2-L8-n3-beta1__N0096__Aplus_0p02,hm-m05-g2-L8-n3-beta1,96,-0.02,54,4.5,0.9886604733209978,0.9904707078191646
hm-m05-g2-L8-n3-beta1__N0096__Aminus_0p02,hm-m05-g2-L8-n3-beta1__N0096__Aplus_0p02,hm-m05-g2-L8-n3-beta1,96,-0.02,55,4.583333333333333,0.9870978436498776,0.9891599046490624
hm-m05-g2-L8-n3-beta1__N0096__Aminus_0p02,hm-m05-g2-L8-n3-beta1__N0096__Aplus_0p02,hm-m05-g2-L8-n3-beta1,96,-0.02,56,4.666666666666666,0.9856579538483204,0.9879518636436191
hm-m05-g2-L8-n3-beta1__N0096__Aminus_0p02,hm-m05-g2-L8-n3-beta1__N0096__Aplus_0p02,hm-m05-g2-L8-n3-beta1,96,-0.02,57,4.75,0.9843542571608097,0.9868579216774757
hm-m05-g2-L8-n3-beta1__N0096__Aminus_0p02,hm-m05-g2-L8-n3-beta1__N0096__Aplus_0p02,hm-m05-g2-L8-n3-beta1,96,-0.02,58,4.833333333333333,0.9831988954807199,0.9858883173369355
hm-m05-g2-L8-n3-beta1__N0096__Aminus_0p02,hm-m05-g2-L8-n3-beta1__N0096__Aplus_0p02,hm-m05-g2-L8-n3-beta1,96,-0.02,59,4.916666666666666,0.9822025982572894,0.9850521036162737
hm-m05-g2-L8-n3-beta1__N0096__Aminus_0p02,hm-m05-g2-L8-n3-beta1__N0096__Aplus_0p02,hm-m05-g2-L8-n3-beta1,96,-0.02,60,5.0,0.9813745943773399,0.9843570715594517
hm-m05-g2-L8-n3-beta1__N0096__Aminus_0p02,hm-m05-g2-L8-n3-beta1__N0096__Aplus_0p02,hm-m05-g2-L8-n3-beta1,96,-0.02,61,5.083333333333333,0.9807225372907314,0.9838096851767285
hm-m05-g2-L8-n3-beta1__N0096__Aminus_0p02,hm-m05-g2-L8-n3-beta1__N0096__Aplus_0p02,hm-m05-g2-L8-n3-beta1,96,-0.02,62,5.166666666666666,0.9802524435678024,0.9834150278914134
hm-m05-g2-L8-n3-beta1__N0096__Aminus_0p02,hm-m05-g2-L8-n3-beta1__N0096__Aplus_0p02,hm-m05-g2-L8-n3-beta1,96,-0.02,63,5.25,0.9799686450144777,0.9831767607086734
hm-m05-g2-L8-n3-beta1__N0096__Aminus_0p02,hm-m05-g2-L8-n3-beta1__N0096__Aplus_0p02,hm-m05-g2-L8-n3-beta1,96,-0.02,64,5.333333333333333,0.9798737544243886,0.9830970922446637
hm-m05-g2-L8-n3-beta1__N0096__Aminus_0p02,hm-m05-g2-L8-n3-beta1__N0096__Aplus_0p02,hm-m05-g2-L8-n3-beta1,96,-0.02,65,5.416666666666666,0.9799686450144781,0.9831767607086744
hm-m05-g2-L8-n3-beta1__N0096__Aminus_0p02,hm-m05-g2-L8-n3-beta1__N0096__Aplus_0p02,hm-m05-g2-L8-n3-beta1,96,-0.02,66,5.5,0.9802524435678032,0.9834150278914154
hm-m05-g2-L8-n3-beta1__N0096__Aminus_0p02,hm-m05-g2-L8-n3-beta1__N0096__Aplus_0p02,hm-m05-g2-L8-n3-beta1,96,-0.02,67,5.583333333333333,0.9807225372907327,0.9838096851767313
hm-m05-g2-L8-n3-beta1__N0096__Aminus_0p02,hm-m05-g2-L8-n3-beta1__N0096__Aplus_0p02,hm-m05-g2-L8-n3-beta1,96,-0.02,68,5.666666666666666,0.9813745943773415,0.9843570715594554
hm-m05-g2-L8-n3-beta1__N0096__Aminus_0p02,hm-m05-g2-L8-n3-beta1__N0096__Aplus_0p02,hm-m05-g2-L8-n3-beta1,96,-0.02,69,5.75,0.9822025982572915,0.9850521036162779
hm-m05-g2-L8-n3-beta1__N0096__Aminus_0p02,hm-m05-g2-L8-n3-beta1__N0096__Aplus_0p02,hm-m05-g2-L8-n3-beta1,96,-0.02,70,5.833333333333333,0.9831988954807225,0.9858883173369405
hm-m05-g2-L8-n3-beta1__N0096__Aminus_0p02,hm-m05-g2-L8-n3-beta1__N0096__Aplus_0p02,hm-m05-g2-L8-n3-beta1,96,-0.02,71,5.916666666666666,0.9843542571608128,0.9868579216774813
hm-m05-g2-L8-n3-beta1__N0096__Aminus_0p02,hm-m05-g2-L8-n3-beta1__N0096__Aplus_0p02,hm-m05-g2-L8-n3-beta1,96,-0.02,72,6.0,0.985657953848324,0.9879518636436256
hm-m05-g2-L8-n3-beta1__N0096__Aminus_0p02,hm-m05-g2-L8-n3-beta1__N0096__Aplus_0p02,hm-m05-g2-L8-n3-beta1,96,-0.02,73,6.083333333333333,0.9870978436498817,0.9891599046490697
hm-m05-g2-L8-n3-beta1__N0096__Aminus_0p02,hm-m05-g2-L8-n3-beta1__N0096__Aplus_0p02,hm-m05-g2-L8-n3-beta1,96,-0.02,74,6.166666666666666,0.9886604733210025,0.9904707078191723
hm-m05-g2-L8-n3-beta1__N0096__Aminus_0p02,hm-m05-g2-L8-n3-beta1__N0096__Aplus_0p02,hm-m05-g2-L8-n3-beta1,96,-0.02,75,6.25,0.9903311919648894,0.9918719358247741
hm-m05-g2-L8-n3-beta1__N0096__Aminus_0p02,hm-m05-g2-L8-n3-beta1__N0096__Aplus_0p02,hm-m05-g2-L8-n3-beta1,96,-0.02,76,6.333333333333333,0.9920942768487157,0.9933503587334745
hm-m05-g2-L8-n3-beta1__N0096__Aminus_0p02,hm-m05-g2-L8-n3-beta1__N0096__Aplus_0p02,hm-m05-g2-L8-n3-beta1,96,-0.02,77,6.416666666666666,0.9939330707114421,0.9948919712572966
hm-m05-g2-L8-n3-beta1__N0096__Aminus_0p02,hm-m05-g2-L8-n3-beta1__N0096__Aplus_0p02,hm-m05-g2-L8-n3-beta1,96,-0.02,78,6.5,0.9958301297831755,0.9964821186575313
hm-m05-g2-L8-n3-beta1__N0096__Aminus_0p02,hm-m05-g2-L8-n3-beta1__N0096__Aplus_0p02,hm-m05-g2-L8-n3-beta1,96,-0.02,79,6.583333333333333,0.9977673815686745,0.9981056304416105
hm-m05-g2-L8-n3-beta1__N0096__Aminus_0p02,hm-m05-g2-L8-n3-beta1__N0096__Aplus_0p02,hm-m05-g2-L8-n3-beta1,96,-0.02,80,6.666666666666666,0.9997262912707954,0.9997469608556843
hm-m05-g2-L8-n3-beta1__N0096__Aminus_0p02,hm-m05-g2-L8-n3-beta1__N0096__Aplus_0p02,hm-m05-g2-L8-n3-beta1,96,-0.02,81,6.75,1.0016880355482036,1.001390335043353
hm-m05-g2-L8-n3-beta1__N0096__Aminus_0p02,hm-m05-g2-L8-n3-beta1__N0096__Aplus_0p02,hm-m05-g2-L8-n3-beta1,96,-0.02,82,6.833333333333333,1.0036336821209992,1.0030198996093758
hm-m05-g2-L8-n3-beta1__N0096__Aminus_0p02,hm-m05-g2-L8-n3-beta1__N0096__Aplus_0p02,hm-m05-g2-L8-n3-beta1,96,-0.02,83,6.916666666666666,1.0055443735639198,1.0046198762012435
hm-m05-g2-L8-n3-beta1__N0096__Aminus_0p02,hm-m05-g2-L8-n3-beta1__N0096__Aplus_0p02,hm-m05-g2-L8-n3-beta1,96,-0.02,84,7.0,1.0074015134656895,1.0061747166055777
hm-m05-g2-L8-n3-beta1__N0096__Aminus_0p02,hm-m05-g2-L8-n3-beta1__N0096__Aplus_0p02,hm-m05-g2-L8-n3-beta1,96,-0.02,85,7.083333333333333,1.0091869529910846,1.007669257754861
hm-m05-g2-L8-n3-beta1__N0096__Aminus_0p02,hm-m05-g2-L8-n3-beta1__N0096__Aplus_0p02,hm-m05-g2-L8-n3-beta1,96,-0.02,86,7.166666666666666,1.0108831757653876,1.0090888749573903
hm-m05-g2-L8-n3-beta1__N0096__Aminus_0p02,hm-m05-g2-L8-n3-beta1__N0096__Aplus_0p02,hm-m05-g2-L8-n3-beta1,96,-0.02,87,7.25,1.0124734789146876,1.0104196316037524
hm-m05-g2-L8-n3-beta1__N0096__Aminus_0p02,hm-m05-g2-L8-n3-beta1__N0096__Aplus_0p02,hm-m05-g2-L8-n3-beta1,96,-0.02,88,7.333333333333333,1.0139421480447899,1.0116484235702408
hm-m05-g2-L8-n3-beta1__N0096__Aminus_0p02,hm-m05-g2-L8-n3-beta1__N0096__Aplus_0p02,hm-m05-g2-L8-n3-beta1,96,-0.02,89,7.416666666666666,1.0152746239303265,1.0127631165366497
hm-m05-g2-L8-n3-beta1__N0096__Aminus_0p02,hm-m05-g2-L8-n3-beta1__N0096__Aplus_0p02,hm-m05-g2-L8-n3-beta1,96,-0.02,90,7.5,1.0164576587169094,1.0137526744651406
hm-m05-g2-L8-n3-beta1__N0096__Aminus_0p02,hm-m05-g2-L8-n3-beta1__N0096__Aplus_0p02,hm-m05-g2-L8-n3-beta1,96,-0.02,91,7.583333333333333,1.0174794595144878,1.014607277549888
hm-m05-g2-L8-n3-beta1__N0096__Aminus_0p02,hm-m05-g2-L8-n3-beta1__N0096__Aplus_0p02,hm-m05-g2-L8-n3-beta1,96,-0.02,92,7.666666666666666,1.018329817379843,1.0153184280444687
hm-m05-g2-L8-n3-beta1__N0096__Aminus_0p02,hm-m05-g2-L8-n3-beta1__N0096__Aplus_0p02,hm-m05-g2-L8-n3-beta1,96,-0.02,93,7.75,1.0190002198493318,1.0158790425048803
hm-m05-g2-L8-n3-beta1__N0096__Aminus_0p02,hm-m05-g2-L8-n3-beta1__N0096__Aplus_0p02,hm-m05-g2-L8-n3-beta1,96,-0.02,94,7.833333333333333,1.0194839453871796,1.016283529148986
hm-m05-g2-L8-n3-beta1__N0096__Aminus_0p02,hm-m05-g2-L8-n3-beta1__N0096__Aplus_0p02,hm-m05-g2-L8-n3-beta1,96,-0.02,95,7.916666666666666,1.0197761383561141,1.016527849225361
hm-m05-g2-L8-n3-beta1__N0096__Aminus_0p02,hm-m05-g2-L8-n3-beta1__N0096__Aplus_0p02,hm-m05-g2-L8-n3-beta1,96,-0.02,96,8.0,1.0198738633909719,1.0166095615021868
hm-m05-g2-L8-n3-beta1__N0096__Aminus_0p01,hm-m05-g2-L8-n3-beta1__N0096__Aplus_0p01,hm-m05-g2-L8-n3-beta1,96,-0.01,0,0.0,0.9899684458776935,0.991584240309376
hm-m05-g2-L8-n3-beta1__N0096__Aminus_0p01,hm-m05-g2-L8-n3-beta1__N0096__Aplus_0p01,hm-m05-g2-L8-n3-beta1,96,-0.01,1,0.08333333333333333,0.9900162447381742,0.9916243330749173
hm-m05-g2-L8-n3-beta1__N0096__Aminus_0p01,hm-m05-g2-L8-n3-beta1__N0096__Aplus_0p01,hm-m05-g2-L8-n3-beta1,96,-0.01,2,0.16666666666666666,0.9901591911674354,0.9917442325642745
hm-m05-g2-L8-n3-beta1__N0096__Aminus_0p01,hm-m05-g2-L8-n3-beta1__N0096__Aplus_0p01,hm-m05-g2-L8-n3-beta1,96,-0.01,3,0.25,0.9903959386541507,0.9919428057252355
hm-m05-g2-L8-n3-beta1__N0096__Aminus_0p01,hm-m05-g2-L8-n3-beta1__N0096__Aplus_0p01,hm-m05-g2-L8-n3-beta1,96,-0.01,4,0.3333333333333333,0.9907242561403883,0.9922181753474648
hm-m05-g2-L8-n3-beta1__N0096__Aminus_0p01,hm-m05-g2-L8-n3-beta1__N0096__Aplus_0p01,hm-m05-g2-L8-n3-beta1,96,-0.01,5,0.41666666666666663,0.9911410476318261,0.9925677368005451
hm-m05-g2-L8-n3-beta1__N0096__Aminus_0p01,hm-m05-g2-L8-n3-beta1__N0096__Aplus_0p01,hm-m05-g2-L8-n3-beta1,96,-0.01,6,0.5,0.9916423794884375,0.9929881813126522
hm-m05-g2-L8-n3-beta1__N0096__Aminus_0p01,hm-m05-g2-L8-n3-beta1__N0096__Aplus_0p01,hm-m05-g2-L8-n3-beta1,96,-0.01,7,0.5833333333333333,0.9922235152293141,0.9934755256338924
hm-m05-g2-L8-n3-beta1__N0096__Aminus_0p01,hm-m05-g2-L8-n3-beta1__N0096__Aplus_0p01,hm-m05-g2-L8-n3-beta1,96,-0.01,8,0.6666666666666666,0.9928789576340995,0.9940251478819379
hm-m05-g2-L8-n3-beta1__N0096__Aminus_0p01,hm-m05-g2-L8-n3-beta1__N0096__Aplus_0p01,hm-m05-g2-L8-n3-beta1,96,-0.01,9,0.75,0.9936024978699501,0.9946318293200483
hm-m05-g2-L8-n3-beta1__N0096__Aminus_0p01,hm-m05-g2-L8-n3-beta1__N0096__Aplus_0p01,hm-m05-g2-L8-n3-beta1,96,-0.01,10,0.8333333333333333,0.9943872713168782,0.9952898017688997
hm-m05-g2-L8-n3-beta1__N0096__Aminus_0p01,hm-m05-g2-L8-n3-beta1__N0096__Aplus_0p01,hm-m05-g2-L8-n3-beta1,96,-0.01,11,0.9166666666666666,0.9952258197058732,0.9959928003039445
hm-m05-g2-L8-n3-beta1__N0096__Aminus_0p01,hm-m05-g2-L8-n3-beta1__N0096__Aplus_0p01,hm-m05-g2-L8-n3-beta1,96,-0.01,12,1.0,0.9961101591236484,0.9967341208396475
hm-m05-g2-L8-n3-beta1__N0096__Aminus_0p01,hm-m05-g2-L8-n3-beta1__N0096__Aplus_0p01,hm-m05-g2-L8-n3-beta1,96,-0.01,13,1.0833333333333333,0.9970318533757866,0.9975066821512555
hm-m05-g2-L8-n3-beta1__N0096__Aminus_0p01,hm-m05-g2-L8-n3-beta1__N0096__Aplus_0p01,hm-m05-g2-L8-n3-beta1,96,-0.01,14,1.1666666666666665,0.9979820921372632,0.9983030918344281
hm-m05-g2-L8-n3-beta1__N0096__Aminus_0p01,hm-m05-g2-L8-n3-beta1__N0096__Aplus_0p01,hm-m05-g2-L8-n3-beta1,96,-0.01,15,1.25,0.9989517732568176,0.9991157156537659
hm-m05-g2-L8-n3-beta1__N0096__Aminus_0p01,hm-m05-g2-L8-n3-beta1__N0096__Aplus_0p01,hm-m05-g2-L8-n3-beta1,96,-0.01,16,1.3333333333333333,0.9999315885206425,0.999936749683943
hm-m05-g2-L8-n3-beta1__N0096__Aminus_0p01,hm-m05-g2-L8-n3-beta1__N0096__Aplus_0p01,hm-m05-g2-L8-n3-beta1,96,-0.01,17,1.4166666666666665,1.0009121121227482,1.000758294602749
hm-m05-g2-L8-n3-beta1__N0096__Aminus_0p01,hm-m05-g2-L8-n3-beta1__N0096__Aplus_0p01,hm-m05-g2-L8-n3-beta1,96,-0.01,18,1.5,1.001883891035638,1.001572431454949
hm-m05-g2-L8-n3-beta1__N0096__Aminus_0p01,hm-m05-g2-L8-n3-beta1__N0096__Aplus_0p01,hm-m05-g2-L8-n3-beta1,96,-0.01,19,1.5833333333333333,1.0028375364271602,1.002371298170609
hm-m05-g2-L8-n3-beta1__N0096__Aminus_0p01,hm-m05-g2-L8-n3-beta1__N0096__Aplus_0p01,hm-m05-g2-L8-n3-beta1,96,-0.01,20,1.6666666666666665,1.0037638152291921,1.0031471660925424
hm-m05-g2-L8-n3-beta1__N0096__Aminus_0p01,hm-m05-g2-L8-n3-beta1__N0096__Aplus_0p01,hm-m05-g2-L8-n3-beta1,96,-0.01,21,1.75,1.004653740932693,1.003892515745928
hm-m05-g2-L8-n3-beta1__N0096__Aminus_0p01,hm-m05-g2-L8-n3-beta1__N0096__Aplus_0p01,hm-m05-g2-L8-n3-beta1,96,-0.01,22,1.8333333333333333,1.0054986626630824,1.0046001110699796
hm-m05-g2-L8-n3-beta1__N0096__Aminus_0p01,hm-m05-g2-L8-n3-beta1__N0096__Aplus_0p01,hm-m05-g2-L8-n3-beta1,96,-0.01,23,1.9166666666666665,1.0062903515811583,1.005263071327731
hm-m05-g2-L8-n3-beta1__N0096__Aminus_0p01,hm-m05-g2-L8-n3-beta1__N0096__Aplus_0p01,hm-m05-g2-L8-n3-beta1,96,-0.01,24,2.0,1.0070210836589097,1.005874939916333
hm-m05-g2-L8-n3-beta1__N0096__Aminus_0p01,hm-m05-g2-L8-n3-beta1__N0096__Aplus_0p01,hm-m05-g2-L8-n3-beta1,96,-0.01,25,2.083333333333333,1.0076837178974332,1.006429749317315
hm-m05-g2-L8-n3-beta1__N0096__Aminus_0p01,hm-m05-g2-L8-n3-beta1__N0096__Aplus_0p01,hm-m05-g2-L8-n3-beta1,96,-0.01,26,2.1666666666666665,1.008271769086212,1.0069220814544204
hm-m05-g2-L8-n3-beta1__N0096__Aminus_0p01,hm-m05-g2-L8-n3-beta1__N0096__Aplus_0p01,hm-m05-g2-L8-n3-beta1,96,-0.01,27,2.25,1.0087794742494283,1.0073471227659578
hm-m05-g2-L8-n3-beta1__N0096__Aminus_0p01,hm-m05-g2-L8-n3-beta1__N0096__Aplus_0p01,hm-m05-g2-L8-n3-beta1,96,-0.01,28,2.333333333333333,1.0092018519855543,1.0077007133490166
hm-m05-g2-L8-n3-beta1__N0096__Aminus_0p01,hm-m05-g2-L8-n3-beta1__N0096__Aplus_0p01,hm-m05-g2-L8-n3-beta1,96,-0.01,29,2.4166666666666665,1.0095347539806485,1.0079793895938665
hm-m05-g2-L8-n3-beta1__N0096__Aminus_0p01,hm-m05-g2-L8-n3-beta1__N0096__Aplus_0p01,hm-m05-g2-L8-n3-beta1,96,-0.01,30,2.5,1.0097749080626193,1.0081804197977382
hm-m05-g2-L8-n3-beta1__N0096__Aminus_0p01,hm-m05-g2-L8-n3-beta1__N0096__Aplus_0p01,hm-m05-g2-L8-n3-beta1,96,-0.01,31,2.583333333333333,1.0099199522619697,1.0083018323269217
hm-m05-g2-L8-n3-beta1__N0096__Aminus_0p01,hm-m05-g2-L8-n3-beta1__N0096__Aplus_0p01,hm-m05-g2-L8-n3-beta1,96,-0.01,32,2.6666666666666665,1.0099684594525677,1.0083424359835367
hm-m05-g2-L8-n3-beta1__N0096__Aminus_0p01,hm-m05-g2-L8-n3-beta1__N0096__Aplus_0p01,hm-m05-g2-L8-n3-beta1,96,-0.01,33,2.75,1.009919952261968,1.0083018323269195
hm-m05-g2-L8-n3-beta1__N0096__Aminus_0p01,hm-m05-g2-L8-n3-beta1__N0096__Aplus_0p01,hm-m05-g2-L8-n3-beta1,96,-0.01,34,2.833333333333333,1.0097749080626157,1.0081804197977335
hm-m05-g2-L8-n3-beta1__N0096__Aminus_0p01,hm-m05-g2-L8-n3-beta1__N0096__Aplus_0p01,hm-m05-g2-L8-n3-beta1,96,-0.01,35,2.9166666666666665,1.0095347539806432,1.0079793895938596
hm-m05-g2-L8-n3-beta1__N0096__Aminus_0p01,hm-m05-g2-L8-n3-beta1__N0096__Aplus_0p01,hm-m05-g2-L8-n3-beta1,96,-0.01,36,3.0,1.0092018519855472,1.0077007133490075
hm-m05-g2-L8-n3-beta1__N0096__Aminus_0p01,hm-m05-g2-L8-n3-beta1__N0096__Aplus_0p01,hm-m05-g2-L8-n3-beta1,96,-0.01,37,3.083333333333333,1.0087794742494194,1.007347122765947
hm-m05-g2-L8-n3-beta1__N0096__Aminus_0p01,hm-m05-g2-L8-n3-beta1__N0096__Aplus_0p01,hm-m05-g2-L8-n3-beta1,96,-0.01,38,3.1666666666666665,1.0082717690862015,1.0069220814544075
hm-m05-g2-L8-n3-beta1__N0096__Aminus_0p01,hm-m05-g2-L8-n3-beta1__N0096__Aplus_0p01,hm-m05-g2-L8-n3-beta1,96,-0.01,39,3.25,1.007683717897421,1.0064297493173002
hm-m05-g2-L8-n3-beta1__N0096__Aminus_0p01,hm-m05-g2-L8-n3-beta1__N0096__Aplus_0p01,hm-m05-g2-L8-n3-beta1,96,-0.01,40,3.333333333333333,1.0070210836588958,1.005874939916316
hm-m05-g2-L8-n3-beta1__N0096__Aminus_0p01,hm-m05-g2-L8-n3-beta1__N0096__Aplus_0p01,hm-m05-g2-L8-n3-beta1,96,-0.01,41,3.4166666666666665,1.006290351581143,1.0052630713277124
hm-m05-g2-L8-n3-beta1__N0096__Aminus_0p01,hm-m05-g2-L8-n3-beta1__N0096__Aplus_0p01,hm-m05-g2-L8-n3-beta1,96,-0.01,42,3.5,1.0054986626630655,1.004600111069959
hm-m05-g2-L8-n3-beta1__N0096__Aminus_0p01,hm-m05-g2-L8-n3-beta1__N0096__Aplus_0p01,hm-m05-g2-L8-n3-beta1,96,-0.01,43,3.583333333333333,1.0046537409326746,1.0038925157459053
hm-m05-g2-L8-n3-beta1__N0096__Aminus_0p01,hm-m05-g2-L8-n3-beta1__N0096__Aplus_0p01,hm-m05-g2-L8-n3-beta1,96,-0.01,44,3.6666666666666665,1.0037638152291724,1.0031471660925178
hm-m05-g2-L8-n3-beta1__N0096__Aminus_0p01,hm-m05-g2-L8-n3-beta1__N0096__Aplus_0p01,hm-m05-g2-L8-n3-beta1,96,-0.01,45,3.75,1.0028375364271391,1.0023712981705823
hm-m05-g2-L8-n3-beta1__N0096__Aminus_0p01,hm-m05-g2-L8-n3-beta1__N0096__Aplus_0p01,hm-m05-g2-L8-n3-beta1,96,-0.01,46,3.833333333333333,1.0018838910356158,1.0015724314549204
hm-m05-g2-L8-n3-beta1__N0096__Aminus_0p01,hm-m05-g2-L8-n3-beta1__N0096__Aplus_0p01,hm-m05-g2-L8-n3-beta1,96,-0.01,47,3.9166666666666665,1.000912112122725,1.0007582946027187
hm-m05-g2-L8-n3-beta1__N0096__Aminus_0p01,hm-m05-g2-L8-n3-beta1__N0096__Aplus_0p01,hm-m05-g2-L8-n3-beta1,96,-0.01,48,4.0,0.999931588520618,0.9999367496839116
hm-m05-g2-L8-n3-beta1__N0096__Aminus_0p01,hm-m05-g2-L8-n3-beta1__N0096__Aplus_0p01,hm-m05-g2-L8-n3-beta1,96,-0.01,49,4.083333333333333,0.9989517732567922,0.9991157156537332
hm-m05-g2-L8-n3-beta1__N0096__Aminus_0p01,hm-m05-g2-L8-n3-beta1__N0096__Aplus_0p01,hm-m05-g2-L8-n3-beta1,96,-0.01,50,4.166666666666666,0.9979820921372368,0.9983030918343945
hm-m05-g2-L8-n3-beta1__N0096__Aminus_0p01,hm-m05-g2-L8-n3-beta1__N0096__Aplus_0p01,hm-m05-g2-L8-n3-beta1,96,-0.01,51,4.25,0.9970318533757594,0.997506682151221
hm-m05-g2-L8-n3-beta1__N0096__Aminus_0p01,hm-m05-g2-L8-n3-beta1__N0096__Aplus_0p01,hm-m05-g2-L8-n3-beta1,96,-0.01,52,4.333333333333333,0.9961101591236207,0.9967341208396123
hm-m05-g2-L8-n3-beta1__N0096__Aminus_0p01,hm-m05-g2-L8-n3-beta1__N0096__Aplus_0p01,hm-m05-g2-L8-n3-beta1,96,-0.01,53,4.416666666666666,0.9952258197058448,0.9959928003039087
hm-m05-g2-L8-n3-beta1__N0096__Aminus_0p01,hm-m05-g2-L8-n3-beta1__N0096__Aplus_0p01,hm-m05-g2-L8-n3-beta1,96,-0.01,54,4.5,0.9943872713168493,0.9952898017688632
hm-m05-g2-L8-n3-beta1__N0096__Aminus_0p01,hm-m05-g2-L8-n3-beta1__N0096__Aplus_0p01,hm-m05-g2-L8-n3-beta1,96,-0.01,55,4.583333333333333,0.9936024978699209,0.9946318293200116
hm-m05-g2-L8-n3-beta1__N0096__Aminus_0p01,hm-m05-g2-L8-n3-beta1__N0096__Aplus_0p01,hm-m05-g2-L8-n3-beta1,96,-0.01,56,4.666666666666666,0.99287895763407,0.9940251478819009
hm-m05-g2-L8-n3-beta1__N0096__Aminus_0p01,hm-m05-g2-L8-n3-beta1__N0096__Aplus_0p01,hm-m05-g2-L8-n3-beta1,96,-0.01,57,4.75,0.9922235152292843,0.9934755256338555
hm-m05-g2-L8-n3-beta1__N0096__Aminus_0p01,hm-m05-g2-L8-n3-beta1__N0096__Aplus_0p01,hm-m05-g2-L8-n3-beta1,96,-0.01,58,4.833333333333333,0.9916423794884077,0.9929881813126151
hm-m05-g2-L8-n3-beta1__N0096__Aminus_0p01,hm-m05-g2-L8-n3-beta1__N0096__Aplus_0p01,hm-m05-g2-L8-n3-beta1,96,-0.01,59,4.916666666666666,0.9911410476317964,0.9925677368005082
hm-m05-g2-L8-n3-beta1__N0096__Aminus_0p01,hm-m05-g2-L8-n3-beta1__N0096__Aplus_0p01,hm-m05-g2-L8-n3-beta1,96,-0.01,60,5.0,0.9907242561403589,0.9922181753474284
hm-m05-g2-L8-n3-beta1__N0096__Aminus_0p01,hm-m05-g2-L8-n3-beta1__N0096__Aplus_0p01,hm-m05-g2-L8-n3-beta1,96,-0.01,61,5.083333333333333,0.9903959386541216,0.9919428057252
hm-m05-g2-L8-n3-beta1__N0096__Aminus_0p01,hm-m05-g2-L8-n3-beta1__N0096__Aplus_0p01,hm-m05-g2-L8-n3-beta1,96,-0.01,62,5.166666666666666,0.9901591911674068,0.99174423256424
hm-m05-g2-L8-n3-beta1__N0096__Aminus_0p01,hm-m05-g2-L8-n3-beta1__N0096__Aplus_0p01,hm-m05-g2-L8-n3-beta1,96,-0.01,63,5.25,0.9900162447381461,0.9916243330748841
hm-m05-g2-L8-n3-beta1__N0096__Aminus_0p01,hm-m05-g2-L8-n3-beta1__N0096__Aplus_0p01,hm-m05-g2-L8-n3-beta1,96,-0.01,64,5.333333333333333,0.9899684458776662,0.9915842403093439
hm-m05-g2-L8-n3-beta1__N0096__Aminus_0p01,hm-m05-g2-L8-n3-beta1__N0096__Aplus_0p01,hm-m05-g2-L8-n3-beta1,96,-0.01,65,5.416666666666666,0.9900162447381476,0.9916243330748865
hm-m05-g2-L8-n3-beta1__N0096__Aminus_0p01,hm-m05-g2-L8-n3-beta1__N0096__Aplus_0p01,hm-m05-g2-L8-n3-beta1,96,-0.01,66,5.5,0.99015919116741,0.991744232564245
hm-m05-g2-L8-n3-beta1__N0096__Aminus_0p01,hm-m05-g2-L8-n3-beta1__N0096__Aplus_0p01,hm-m05-g2-L8-n3-beta1,96,-0.01,67,5.583333333333333,0.9903959386541263,0.9919428057252073
hm-m05-g2-L8-n3-beta1__N0096__Aminus_0p01,hm-m05-g2-L8-n3-beta1__N0096__Aplus_0p01,hm-m05-g2-L8-n3-beta1,96,-0.01,68,5.666666666666666,0.9907242561403652,0.992218175347438
hm-m05-g2-L8-n3-beta1__N0096__Aminus_0p01,hm-m05-g2-L8-n3-beta1__N0096__Aplus_0p01,hm-m05-g2-L8-n3-beta1,96,-0.01,69,5.75,0.9911410476318043,0.9925677368005199
hm-m05-g2-L8-n3-beta1__N0096__Aminus_0p01,hm-m05-g2-L8-n3-beta1__N0096__Aplus_0p01,hm-m05-g2-L8-n3-beta1,96,-0.01,70,5.833333333333333,0.9916423794884172,0.9929881813126288
hm-m05-g2-L8-n3-beta1__N0096__Aminus_0p01,hm-m05-g2-L8-n3-beta1__N0096__Aplus_0p01,hm-m05-g2-L8-n3-beta1,96,-0.01,71,5.916666666666666,0.9922235152292953,0.9934755256338711
hm-m05-g2-L8-n3-beta1__N0096__Aminus_0p01,hm-m05-g2-L8-n3-beta1__N0096__Aplus_0p01,hm-m05-g2-L8-n3-beta1,96,-0.01,72,6.0,0.9928789576340825,0.9940251478819184
hm-m05-g2-L8-n3-beta1__N0096__Aminus_0p01,hm-m05-g2-L8-n3-beta1__N0096__Aplus_0p01,hm-m05-g2-L8-n3-beta1,96,-0.01,73,6.083333333333333,0.9936024978699349,0.994631829320031
hm-m05-g2-L8-n3-beta1__N0096__Aminus_0p01,hm-m05-g2-L8-n3-beta1__N0096__Aplus_0p01,hm-m05-g2-L8-n3-beta1,96,-0.01,74,6.166666666666666,0.9943872713168649,0.9952898017688844
hm-m05-g2-L8-n3-beta1__N0096__Aminus_0p01,hm-m05-g2-L8-n3-beta1__N0096__Aplus_0p01,hm-m05-g2-L8-n3-beta1,96,-0.01,75,6.25,0.9952258197058619,0.9959928003039314
hm-m05-g2-L8-n3-beta1__N0096__Aminus_0p01,hm-m05-g2-L8-n3-beta1__N0096__Aplus_0p01,hm-m05-g2-L8-n3-beta1,96,-0.01,76,6.333333333333333,0.9961101591236391,0.9967341208396364
hm-m05-g2-L8-n3-beta1__N0096__Aminus_0p01,hm-m05-g2-L8-n3-beta1__N0096__Aplus_0p01,hm-m05-g2-L8-n3-beta1,96,-0.01,77,6.416666666666666,0.9970318533757793,0.9975066821512466
hm-m05-g2-L8-n3-beta1__N0096__Aminus_0p01,hm-m05-g2-L8-n3-beta1__N0096__Aplus_0p01,hm-m05-g2-L8-n3-beta1,96,-0.01,78,6.5,0.9979820921372579,0.9983030918344216
hm-m05-g2-L8-n3-beta1__N0096__Aminus_0p01,hm-m05-g2-L8-n3-beta1__N0096__Aplus_0p01,hm-m05-g2-L8-n3-beta1,96,-0.01,79,6.583333333333333,0.9989517732568145,0.9991157156537619
hm-m05-g2-L8-n3-beta1__N0096__Aminus_0p01,hm-m05-g2-L8-n3-beta1__N0096__Aplus_0p01,hm-m05-g2-L8-n3-beta1,96,-0.01,80,6.666666666666666,0.9999315885206415,0.9999367496839414
hm-m05-g2-L8-n3-beta1__N0096__Aminus_0p01,hm-m05-g2-L8-n3-beta1__N0096__Aplus_0p01,hm-m05-g2-L8-n3-beta1,96,-0.01,81,6.75,1.0009121121227493,1.0007582946027498
hm-m05-g2-L8-n3-beta1__N0096__Aminus_0p01,hm-m05-g2-L8-n3-beta1__N0096__Aplus_0p01,hm-m05-g2-L8-n3-beta1,96,-0.01,82,6.833333333333333,1.0018838910356413,1.0015724314549523
hm-m05-g2-L8-n3-beta1__N0096__Aminus_0p01,hm-m05-g2-L8-n3-beta1__N0096__Aplus_0p01,hm-m05-g2-L8-n3-beta1,96,-0.01,83,6.916666666666666,1.0028375364271656,1.0023712981706152
hm-m05-g2-L8-n3-beta1__N0096__Aminus_0p01,hm-m05-g2-L8-n3-beta1__N0096__Aplus_0p01,hm-m05-g2-L8-n3-beta1,96,-0.01,84,7.0,1.0037638152291997,1.0031471660925513
hm-m05-g2-L8-n3-beta1__N0096__Aminus_0p01,hm-m05-g2-L8-n3-beta1__N0096__Aplus_0p01,hm-m05-g2-L8-n3-beta1,96,-0.01,85,7.083333333333333,1.0046537409327025,1.0038925157459393
hm-m05-g2-L8-n3-beta1__N0096__Aminus_0p01,hm-m05-g2-L8-n3-beta1__N0096__Aplus_0p01,hm-m05-g2-L8-n3-beta1,96,-0.01,86,7.166666666666666,1.005498662663094,1.0046001110699931
hm-m05-g2-L8-n3-beta1__N0096__Aminus_0p01,hm-m05-g2-L8-n3-beta1__N0096__Aplus_0p01,hm-m05-g2-L8-n3-beta1,96,-0.01,87,7.25,1.0062903515811719,1.0052630713277468
hm-m05-g2-L8-n3-beta1__N0096__Aminus_0p01,hm-m05-g2-L8-n3-beta1__N0096__Aplus_0p01,hm-m05-g2-L8-n3-beta1,96,-0.01,88,7.333333333333333,1.007021083658925,1.0058749399163507
hm-m05-g2-L8-n3-beta1__N0096__Aminus_0p01,hm-m05-g2-L8-n3-beta1__N0096__Aplus_0p01,hm-m05-g2-L8-n3-beta1,96,-0.01,89,7.416666666666666,1.0076837178974503,1.0064297493173349
hm-m05-g2-L8-n3-beta1__N0096__Aminus_0p01,hm-m05-g2-L8-n3-beta1__N0096__Aplus_0p01,hm-m05-g2-L8-n3-beta1,96,-0.01,90,7.5,1.0082717690862308,1.0069220814544422
hm-m05-g2-L8-n3-beta1__N0096__Aminus_0p01,hm-m05-g2-L8-n3-beta1__N0096__Aplus_0p01,hm-m05-g2-L8-n3-beta1,96,-0.01,91,7.583333333333333,1.0087794742494487,1.0073471227659814
hm-m05-g2-L8-n3-beta1__N0096__Aminus_0p01,hm-m05-g2-L8-n3-beta1__N0096__Aplus_0p01,hm-m05-g2-L8-n3-beta1,96,-0.01,92,7.666666666666666,1.0092018519855763,1.0077007133490417
hm-m05-g2-L8-n3-beta1__N0096__Aminus_0p01,hm-m05-g2-L8-n3-beta1__N0096__Aplus_0p01,hm-m05-g2-L8-n3-beta1,96,-0.01,93,7.75,1.0095347539806718,1.007979389593893
hm-m05-g2-L8-n3-beta1__N0096__Aminus_0p01,hm-m05-g2-L8-n3-beta1__N0096__Aplus_0p01,hm-m05-g2-L8-n3-beta1,96,-0.01,94,7.833333333333333,1.009774908062644,1.0081804197977662
hm-m05-g2-L8-n3-beta1__N0096__Aminus_0p01,hm-m05-g2-L8-n3-beta1__N0096__Aplus_0p01,hm-m05-g2-L8-n3-beta1,96,-0.01,95,7.916666666666666,1.0099199522619955,1.008301832326951
hm-m05-g2-L8-n3-beta1__N0096__Aminus_0p01,hm-m05-g2-L8-n3-beta1__N0096__Aplus_0p01,hm-m05-g2-L8-n3-beta1,96,-0.01,96,8.0,1.0099684594525944,1.008342435983567
hm-m05-g2-L8-n3-beta1__N0096__Aminus_0p005,hm-m05-g2-L8-n3-beta1__N0096__Aplus_0p005,hm-m05-g2-L8-n3-beta1,96,-0.005,0,0.0,0.9949921123458889,0.9958011634664868
hm-m05-g2-L8-n3-beta1__N0096__Aminus_0p005,hm-m05-g2-L8-n3-beta1__N0096__Aplus_0p005,hm-m05-g2-L8-n3-beta1,96,-0.005,1,0.08333333333333333,0.9950161002165467,0.9958212740909173
hm-m05-g2-L8-n3-beta1__N0096__Aminus_0p005,hm-m05-g2-L8-n3-beta1__N0096__Aplus_0p005,hm-m05-g2-L8-n3-beta1,96,-0.005,2,0.16666666666666666,0.9950878353590435,0.9958814141209088
hm-m05-g2-L8-n3-beta1__N0096__Aminus_0p005,hm-m05-g2-L8-n3-beta1__N0096__Aplus_0p005,hm-m05-g2-L8-n3-beta1,96,-0.005,3,0.25,0.9952066344674976,0.9959810098039658
hm-m05-g2-L8-n3-beta1__N0096__Aminus_0p005,hm-m05-g2-L8-n3-beta1__N0096__Aplus_0p005,hm-m05-g2-L8-n3-beta1,96,-0.005,4,0.3333333333333333,0.995371365690761,0.9961191107961606
hm-m05-g2-L8-n3-beta1__N0096__Aminus_0p005,hm-m05-g2-L8-n3-beta1__N0096__Aplus_0p005,hm-m05-g2-L8-n3-beta1,96,-0.005,5,0.41666666666666663,0.9955804590626531,0.99629439897696
hm-m05-g2-L8-n3-beta1__N0096__Aminus_0p005,hm-m05-g2-L8-n3-beta1__N0096__Aplus_0p005,hm-m05-g2-L8-n3-beta1,96,-0.005,6,0.5,0.9958319209888514,0.9965052006890762
hm-m05-g2-L8-n3-beta1__N0096__Aminus_0p005,hm-m05-g2-L8-n3-beta1__N0096__Aplus_0p005,hm-m05-g2-L8-n3-beta1,96,-0.005,7,0.5833333333333333,0.9961233526751702,0.9967495023027809
hm-m05-g2-L8-n3-beta1__N0096__Aminus_0p005,hm-m05-g2-L8-n3-beta1__N0096__Aplus_0p005,hm-m05-g2-L8-n3-beta1,96,-0.005,8,0.6666666666666666,0.99645197234931,0.9970249689759162
hm-m05-g2-L8-n3-beta1__N0096__Aminus_0p005,hm-m05-g2-L8-n3-beta1__N0096__Aplus_0p005,hm-m05-g2-L8-n3-beta1,96,-0.005,9,0.75,0.9968146410958065,0.9973289664530594
hm-m05-g2-L8-n3-beta1__N0096__Aminus_0p005,hm-m05-g2-L8-n3-beta1__N0096__Aplus_0p005,hm-m05-g2-L8-n3-beta1,96,-0.005,10,0.8333333333333333,0.9972078920919997,0.9976585857201338
hm-m05-g2-L8-n3-beta1__N0096__Aminus_0p005,hm-m05-g2-L8-n3-beta1__N0096__Aplus_0p005,hm-m05-g2-L8-n3-beta1,96,-0.005,11,0.9166666666666666,0.9976279630015851,0.998010670304358
hm-m05-g2-L8-n3-beta1__N0096__Aminus_0p005,hm-m05-g2-L8-n3-beta1__N0096__Aplus_0p005,hm-m05-g2-L8-n3-beta1,96,-0.005,12,1.0,0.9980708312519225,0.9983818459840107
hm-m05-g2-L8-n3-beta1__N0096__Aminus_0p005,hm-m05-g2-L8-n3-beta1__N0096__Aplus_0p005,hm-m05-g2-L8-n3-beta1,96,-0.005,13,1.0833333333333333,0.9985322518920797,0.9987685526483032
hm-m05-g2-L8-n3-beta1__N0096__Aminus_0p005,hm-m05-g2-L8-n3-beta1__N0096__Aplus_0p005,hm-m05-g2-L8-n3-beta1,96,-0.005,14,1.1666666666666665,0.9990077977008907,0.9991670780249544
hm-m05-g2-L8-n3-beta1__N0096__Aminus_0p005,hm-m05-g2-L8-n3-beta1__N0096__Aplus_0p005,hm-m05-g2-L8-n3-beta1,96,-0.005,15,1.25,0.999492901188498,0.9995735929721458
hm-m05-g2-L8-n3-beta1__N0096__Aminus_0p005,hm-m05-g2-L8-n3-beta1__N0096__Aplus_0p005,hm-m05-g2-L8-n3-beta1,96,-0.005,16,1.3333333333333333,0.9999828981113268,0.999984188012712
hm-m05-g2-L8-n3-beta1__N0096__Aminus_0p005,hm-m05-g2-L8-n3-beta1__N0096__Aplus_0p005,hm-m05-g2-L8-n3-beta1,96,-0.005,17,1.4166666666666665,1.0004730720996327,1.0003949107720118
hm-m05-g2-L8-n3-beta1__N0096__Aminus_0p005,hm-m05-g2-L8-n3-beta1__N0096__Aplus_0p005,hm-m05-g2-L8-n3-beta1,96,-0.005,18,1.5,1.0009586999791147,1.0008018039672528
hm-m05-g2-L8-n3-beta1__N0096__Aminus_0p005,hm-m05-g2-L8-n3-beta1__N0096__Aplus_0p005,hm-m05-g2-L8-n3-beta1,96,-0.005,19,1.5833333333333333,1.00143509735403,1.0012009435854339
hm-m05-g2-L8-n3-beta1__N0096__Aminus_0p005,hm-m05-g2-L8-n3-beta1__N0096__Aplus_0p005,hm-m05-g2-L8-n3-beta1,96,-0.005,20,1.6666666666666665,1.0018976640091894,1.0015884768798164
hm-m05-g2-L8-n3-beta1__N0096__Aminus_0p005,hm-m05-g2-L8-n3-beta1__N0096__Aplus_0p005,hm-m05-g2-L8-n3-beta1,96,-0.005,21,1.75,1.0023419286825672,1.0019606598112323
hm-m05-g2-L8-n3-beta1__N0096__Aminus_0p005,hm-m05-g2-L8-n3-beta1__N0096__Aplus_0p005,hm-m05-g2-L8-n3-beta1,96,-0.005,22,1.8333333333333333,1.0027635927593308,1.002313893560816
hm-m05-g2-L8-n3-beta1__N0096__Aminus_0p005,hm-m05-g2-L8-n3-beta1__N0096__Aplus_0p005,hm-m05-g2-L8-n3-beta1,96,-0.005,23,1.9166666666666665,1.003158572442195,1.002644759745103
hm-m05-g2-L8-n3-beta1__N0096__Aminus_0p005,hm-m05-g2-L8-n3-beta1__N0096__Aplus_0p005,hm-m05-g2-L8-n3-beta1,96,-0.005,24,2.0,1.0035230389623133,1.002950053973007
hm-m05-g2-L8-n3-beta1__N0096__Aminus_0p005,hm-m05-g2-L8-n3-beta1__N0096__Aplus_0p005,hm-m05-g2-L8-n3-beta1,96,-0.005,25,2.083333333333333,1.0038534564095647,1.0032268173970558
hm-m05-g2-L8-n3-beta1__N0096__Aminus_0p005,hm-m05-g2-L8-n3-beta1__N0096__Aplus_0p005,hm-m05-g2-L8-n3-beta1,96,-0.005,26,2.1666666666666665,1.0041466167811013,1.0034723659284077
hm-m05-g2-L8-n3-beta1__N0096__Aminus_0p005,hm-m05-g2-L8-n3-beta1__N0096__Aplus_0p005,hm-m05-g2-L8-n3-beta1,96,-0.005,27,2.25,1.0043996718723027,1.0036843168065344
hm-m05-g2-L8-n3-beta1__N0096__Aminus_0p005,hm-m05-g2-L8-n3-beta1__N0096__Aplus_0p005,hm-m05-g2-L8-n3-beta1,96,-0.005,28,2.333333333333333,1.0046101616646697,1.003860612239865
hm-m05-g2-L8-n3-beta1__N0096__Aminus_0p005,hm-m05-g2-L8-n3-beta1__N0096__Aplus_0p005,hm-m05-g2-L8-n3-beta1,96,-0.005,29,2.4166666666666665,1.0047760389003697,1.0039995398629176
hm-m05-g2-L8-n3-beta1__N0096__Aminus_0p005,hm-m05-g2-L8-n3-beta1__N0096__Aplus_0p005,hm-m05-g2-L8-n3-beta1,96,-0.005,30,2.5,1.004895689572753,1.0040997497881552
hm-m05-g2-L8-n3-beta1__N0096__Aminus_0p005,hm-m05-g2-L8-n3-beta1__N0096__Aplus_0p005,hm-m05-g2-L8-n3-beta1,96,-0.005,31,2.583333333333333,1.004967949105671,1.004160268066631
hm-m05-g2-L8-n3-beta1__N0096__Aminus_0p005,hm-m05-g2-L8-n3-beta1__N0096__Aplus_0p005,hm-m05-g2-L8-n3-beta1,96,-0.005,32,2.6666666666666665,1.004992114041295,1.0041805064099472
hm-m05-g2-L8-n3-beta1__N0096__Aminus_0p005,hm-m05-g2-L8-n3-beta1__N0096__Aplus_0p005,hm-m05-g2-L8-n3-beta1,96,-0.005,33,2.75,1.0049679491056698,1.0041602680666297
hm-m05-g2-L8-n3-beta1__N0096__Aminus_0p005,hm-m05-g2-L8-n3-beta1__N0096__Aplus_0p005,hm-m05-g2-L8-n3-beta1,96,-0.005,34,2.833333333333333,1.0048956895727506,1.0040997497881525
hm-m05-g2-L8-n3-beta1__N0096__Aminus_0p005,hm-m05-g2-L8-n3-beta1__N0096__Aplus_0p005,hm-m05-g2-L8-n3-beta1,96,-0.005,35,2.9166666666666665,1.004776038900366,1.0039995398629133
hm-m05-g2-L8-n3-beta1__N0096__Aminus_0p005,hm-m05-g2-L8-n3-beta1__N0096__Aplus_0p005,hm-m05-g2-L8-n3-beta1,96,-0.005,36,3.0,1.0046101616646648,1.0038606122398592
hm-m05-g2-L8-n3-beta1__N0096__Aminus_0p005,hm-m05-g2-L8-n3-beta1__N0096__Aplus_0p005,hm-m05-g2-L8-n3-beta1,96,-0.005,37,3.083333333333333,1.0043996718722965,1.0036843168065273
hm-m05-g2-L8-n3-beta1__N0096__Aminus_0p005,hm-m05-g2-L8-n3-beta1__N0096__Aplus_0p005,hm-m05-g2-L8-n3-beta1,96,-0.005,38,3.1666666666666665,1.0041466167810937,1.0034723659283993
hm-m05-g2-L8-n3-beta1__N0096__Aminus_0p005,hm-m05-g2-L8-n3-beta1__N0096__Aplus_0p005,hm-m05-g2-L8-n3-beta1,96,-0.005,39,3.25,1.003853456409556,1.0032268173970458
hm-m05-g2-L8-n3-beta1__N0096__Aminus_0p005,hm-m05-g2-L8-n3-beta1__N0096__Aplus_0p005,hm-m05-g2-L8-n3-beta1,96,-0.005,40,3.333333333333333,1.0035230389623035,1.0029500539729954
hm-m05-g2-L8-n3-beta1__N0096__Aminus_0p005,hm-m05-g2-L8-n3-beta1__N0096__Aplus_0p005,hm-m05-g2-L8-n3-beta1,96,-0.005,41,3.4166666666666665,1.003158572442184,1.0026447597450898
hm-m05-g2-L8-n3-beta1__N0096__Aminus_0p005,hm-m05-g2-L8-n3-beta1__N0096__Aplus_0p005,hm-m05-g2-L8-n3-beta1,96,-0.005,42,3.5,1.002763592759319,1.0023138935608016
hm-m05-g2-L8-n3-beta1__N0096__Aminus_0p005,hm-m05-g2-L8-n3-beta1__N0096__Aplus_0p005,hm-m05-g2-L8-n3-beta1,96,-0.005,43,3.583333333333333,1.0023419286825543,1.0019606598112163
hm-m05-g2-L8-n3-beta1__N0096__Aminus_0p005,hm-m05-g2-L8-n3-beta1__N0096__Aplus_0p005,hm-m05-g2-L8-n3-beta1,96,-0.005,44,3.6666666666666665,1.0018976640091757,1.001588476879799
hm-m05-g2-L8-n3-beta1__N0096__Aminus_0p005,hm-m05-g2-L8-n3-beta1__N0096__Aplus_0p005,hm-m05-g2-L8-n3-beta1,96,-0.005,45,3.75,1.0014350973540151,1.0012009435854148
hm-m05-g2-L8-n3-beta1__N0096__Aminus_0p005,hm-m05-g2-L8-n3-beta1__N0096__Aplus_0p005,hm-m05-g2-L8-n3-beta1,96,-0.005,46,3.833333333333333,1.0009586999790991,1.000801803967232
hm-m05-g2-L8-n3-beta1__N0096__Aminus_0p005,hm-m05-g2-L8-n3-beta1__N0096__Aplus_0p005,hm-m05-g2-L8-n3-beta1,96,-0.005,47,3.9166666666666665,1.0004730720996162,1.0003949107719896
hm-m05-g2-L8-n3-beta1__N0096__Aminus_0p005,hm-m05-g2-L8-n3-beta1__N0096__Aplus_0p005,hm-m05-g2-L8-n3-beta1,96,-0.005,48,4.0,0.9999828981113095,0.9999841880126888
hm-m05-g2-L8-n3-beta1__N0096__Aminus_0p005,hm-m05-g2-L8-n3-beta1__N0096__Aplus_0p005,hm-m05-g2-L8-n3-beta1,96,-0.005,49,4.083333333333333,0.9994929011884798,0.9995735929721218
hm-m05-g2-L8-n3-beta1__N0096__Aminus_0p005,hm-m05-g2-L8-n3-beta1__N0096__Aplus_0p005,hm-m05-g2-L8-n3-beta1,96,-0.005,50,4.166666666666666,0.9990077977008716,0.9991670780249294
hm-m05-g2-L8-n3-beta1__N0096__Aminus_0p005,hm-m05-g2-L8-n3-beta1__N0096__Aplus_0p005,hm-m05-g2-L8-n3-beta1,96,-0.005,51,4.25,0.9985322518920599,0.9987685526482774
hm-m05-g2-L8-n3-beta1__N0096__Aminus_0p005,hm-m05-g2-L8-n3-beta1__N0096__Aplus_0p005,hm-m05-g2-L8-n3-beta1,96,-0.005,52,4.333333333333333,0.998070831251902,0.9983818459839842
hm-m05-g2-L8-n3-beta1__N0096__Aminus_0p005,hm-m05-g2-L8-n3-beta1__N0096__Aplus_0p005,hm-m05-g2-L8-n3-beta1,96,-0.005,53,4.416666666666666,0.9976279630015639,0.9980106703043307
hm-m05-g2-L8-n3-beta1__N0096__Aminus_0p005,hm-m05-g2-L8-n3-beta1__N0096__Aplus_0p005,hm-m05-g2-L8-n3-beta1,96,-0.005,54,4.5,0.9972078920919779,0.9976585857201057
hm-m05-g2-L8-n3-beta1__N0096__Aminus_0p005,hm-m05-g2-L8-n3-beta1__N0096__Aplus_0p005,hm-m05-g2-L8-n3-beta1,96,-0.005,55,4.583333333333333,0.9968146410957842,0.9973289664530308
hm-m05-g2-L8-n3-beta1__N0096__Aminus_0p005,hm-m05-g2-L8-n3-beta1__N0096__Aplus_0p005,hm-m05-g2-L8-n3-beta1,96,-0.005,56,4.666666666666666,0.9964519723492874,0.9970249689758875
hm-m05-g2-L8-n3-beta1__N0096__Aminus_0p005,hm-m05-g2-L8-n3-beta1__N0096__Aplus_0p005,hm-m05-g2-L8-n3-beta1,96,-0.005,57,4.75,0.9961233526751471,0.9967495023027523
hm-m05-g2-L8-n3-beta1__N0096__Aminus_0p005,hm-m05-g2-L8-n3-beta1__N0096__Aplus_0p005,hm-m05-g2-L8-n3-beta1,96,-0.005,58,4.833333333333333,0.9958319209888281,0.9965052006890472
hm-m05-g2-L8-n3-beta1__N0096__Aminus_0p005,hm-m05-g2-L8-n3-beta1__N0096__Aplus_0p005,hm-m05-g2-L8-n3-beta1,96,-0.005,59,4.916666666666666,0.9955804590626297,0.9962943989769312
hm-m05-g2-L8-n3-beta1__N0096__Aminus_0p005,hm-m05-g2-L8-n3-beta1__N0096__Aplus_0p005,hm-m05-g2-L8-n3-beta1,96,-0.005,60,5.0,0.9953713656907376,0.9961191107961319
hm-m05-g2-L8-n3-beta1__N0096__Aminus_0p005,hm-m05-g2-L8-n3-beta1__N0096__Aplus_0p005,hm-m05-g2-L8-n3-beta1,96,-0.005,61,5.083333333333333,0.9952066344674743,0.9959810098039377
hm-m05-g2-L8-n3-beta1__N0096__Aminus_0p005,hm-m05-g2-L8-n3-beta1__N0096__Aplus_0p005,hm-m05-g2-L8-n3-beta1,96,-0.005,62,5.166666666666666,0.9950878353590203,0.9958814141208815
hm-m05-g2-L8-n3-beta1__N0096__Aminus_0p005,hm-m05-g2-L8-n3-beta1__N0096__Aplus_0p005,hm-m05-g2-L8-n3-beta1,96,-0.005,63,5.25,0.9950161002165239,0.9958212740908907
hm-m05-g2-L8-n3-beta1__N0096__Aminus_0p005,hm-m05-g2-L8-n3-beta1__N0096__Aplus_0p005,hm-m05-g2-L8-n3-beta1,96,-0.005,64,5.333333333333333,0.9949921123458665,0.9958011634664612
hm-m05-g2-L8-n3-beta1__N0096__Aminus_0p005,hm-m05-g2-L8-n3-beta1__N0096__Aplus_0p005,hm-m05-g2-L8-n3-beta1,96,-0.005,65,5.416666666666666,0.9950161002165249,0.9958212740908926
hm-m05-g2-L8-n3-beta1__N0096__Aminus_0p005,hm-m05-g2-L8-n3-beta1__N0096__Aplus_0p005,hm-m05-g2-L8-n3-beta1,96,-0.005,66,5.5,0.9950878353590223,0.9958814141208853
hm-m05-g2-L8-n3-beta1__N0096__Aminus_0p005,hm-m05-g2-L8-n3-beta1__N0096__Aplus_0p005,hm-m05-g2-L8-n3-beta1,96,-0.005,67,5.583333333333333,0.9952066344674773,0.995981009803943
hm-m05-g2-L8-n3-beta1__N0096__Aminus_0p005,hm-m05-g2-L8-n3-beta1__N0096__Aplus_0p005,hm-m05-g2-L8-n3-beta1,96,-0.005,68,5.666666666666666,0.9953713656907416,0.9961191107961388
hm-m05-g2-L8-n3-beta1__N0096__Aminus_0p005,hm-m05-g2-L8-n3-beta1__N0096__Aplus_0p005,hm-m05-g2-L8-n3-beta1,96,-0.005,69,5.75,0.9955804590626348,0.9962943989769397
hm-m05-g2-L8-n3-beta1__N0096__Aminus_0p005,hm-m05-g2-L8-n3-beta1__N0096__Aplus_0p005,hm-m05-g2-L8-n3-beta1,96,-0.005,70,5.833333333333333,0.9958319209888342,0.9965052006890572
hm-m05-g2-L8-n3-beta1__N0096__Aminus_0p005,hm-m05-g2-L8-n3-beta1__N0096__Aplus_0p005,hm-m05-g2-L8-n3-beta1,96,-0.005,71,5.916666666666666,0.9961233526751543,0.9967495023027635
hm-m05-g2-L8-n3-beta1__N0096__Aminus_0p005,hm-m05-g2-L8-n3-beta1__N0096__Aplus_0p005,hm-m05-g2-L8-n3-beta1,96,-0.005,72,6.0,0.9964519723492955,0.9970249689759003
hm-m05-g2-L8-n3-beta1__N0096__Aminus_0p005,hm-m05-g2-L8-n3-beta1__N0096__Aplus_0p005,hm-m05-g2-L8-n3-beta1,96,-0.005,73,6.083333333333333,0.9968146410957934,0.9973289664530449
hm-m05-g2-L8-n3-beta1__N0096__Aminus_0p005,hm-m05-g2-L8-n3-beta1__N0096__Aplus_0p005,hm-m05-g2-L8-n3-beta1,96,-0.005,74,6.166666666666666,0.9972078920919882,0.997658585720121
hm-m05-g2-L8-n3-beta1__N0096__Aminus_0p005,hm-m05-g2-L8-n3-beta1__N0096__Aplus_0p005,hm-m05-g2-L8-n3-beta1,96,-0.005,75,6.25,0.9976279630015753,0.9980106703043471
hm-m05-g2-L8-n3-beta1__N0096__Aminus_0p005,hm-m05-g2-L8-n3-beta1__N0096__Aplus_0p005,hm-m05-g2-L8-n3-beta1,96,-0.005,76,6.333333333333333,0.9980708312519144,0.9983818459840017
hm-m05-g2-L8-n3-beta1__N0096__Aminus_0p005,hm-m05-g2-L8-n3-beta1__N0096__Aplus_0p005,hm-m05-g2-L8-n3-beta1,96,-0.005,77,6.416666666666666,0.9985322518920734,0.998768552648296
hm-m05-g2-L8-n3-beta1__N0096__Aminus_0p005,hm-m05-g2-L8-n3-beta1__N0096__Aplus_0p005,hm-m05-g2-L8-n3-beta1,96,-0.005,78,6.5,0.9990077977008861,0.9991670780249491
hm-m05-g2-L8-n3-beta1__N0096__Aminus_0p005,hm-m05-g2-L8-n3-beta1__N0096__Aplus_0p005,hm-m05-g2-L8-n3-beta1,96,-0.005,79,6.583333333333333,0.9994929011884952,0.9995735929721425
hm-m05-g2-L8-n3-beta1__N0096__Aminus_0p005,hm-m05-g2-L8-n3-beta1__N0096__Aplus_0p005,hm-m05-g2-L8-n3-beta1,96,-0.005,80,6.666666666666666,0.9999828981113259,0.9999841880127107
hm-m05-g2-L8-n3-beta1__N0096__Aminus_0p005,hm-m05-g2-L8-n3-beta1__N0096__Aplus_0p005,hm-m05-g2-L8-n3-beta1,96,-0.005,81,6.75,1.0004730720996335,1.0003949107720125
hm-m05-g2-L8-n3-beta1__N0096__Aminus_0p005,hm-m05-g2-L8-n3-beta1__N0096__Aplus_0p005,hm-m05-g2-L8-n3-beta1,96,-0.005,82,6.833333333333333,1.0009586999791176,1.0008018039672555
hm-m05-g2-L8-n3-beta1__N0096__Aminus_0p005,hm-m05-g2-L8-n3-beta1__N0096__Aplus_0p005,hm-m05-g2-L8-n3-beta1,96,-0.005,83,6.916666666666666,1.0014350973540345,1.001200943585439
hm-m05-g2-L8-n3-beta1__N0096__Aminus_0p005,hm-m05-g2-L8-n3-beta1__N0096__Aplus_0p005,hm-m05-g2-L8-n3-beta1,96,-0.005,84,7.0,1.0018976640091957,1.0015884768798238
hm-m05-g2-L8-n3-beta1__N0096__Aminus_0p005,hm-m05-g2-L8-n3-beta1__N0096__Aplus_0p005,hm-m05-g2-L8-n3-beta1,96,-0.005,85,7.083333333333333,1.0023419286825752,1.0019606598112416
hm-m05-g2-L8-n3-beta1__N0096__Aminus_0p005,hm-m05-g2-L8-n3-beta1__N0096__Aplus_0p005,hm-m05-g2-L8-n3-beta1,96,-0.005,86,7.166666666666666,1.0027635927593406,1.0023138935608271
hm-m05-g2-L8-n3-beta1__N0096__Aminus_0p005,hm-m05-g2-L8-n3-beta1__N0096__Aplus_0p005,hm-m05-g2-L8-n3-beta1,96,-0.005,87,7.25,1.0031585724422063,1.0026447597451158
hm-m05-g2-L8-n3-beta1__N0096__Aminus_0p005,hm-m05-g2-L8-n3-beta1__N0096__Aplus_0p005,hm-m05-g2-L8-n3-beta1,96,-0.005,88,7.333333333333333,1.0035230389623262,1.0029500539730216
hm-m05-g2-L8-n3-beta1__N0096__Aminus_0p005,hm-m05-g2-L8-n3-beta1__N0096__Aplus_0p005,hm-m05-g2-L8-n3-beta1,96,-0.005,89,7.416666666666666,1.0038534564095791,1.0032268173970722
hm-m05-g2-L8-n3-beta1__N0096__Aminus_0p005,hm-m05-g2-L8-n3-beta1__N0096__Aplus_0p005,hm-m05-g2-L8-n3-beta1,96,-0.005,90,7.5,1.004146616781117,1.003472365928426
hm-m05-g2-L8-n3-beta1__N0096__Aminus_0p005,hm-m05-g2-L8-n3-beta1__N0096__Aplus_0p005,hm-m05-g2-L8-n3-beta1,96,-0.005,91,7.583333333333333,1.0043996718723198,1.0036843168065537
hm-m05-g2-L8-n3-beta1__N0096__Aminus_0p005,hm-m05-g2-L8-n3-beta1__N0096__Aplus_0p005,hm-m05-g2-L8-n3-beta1,96,-0.005,92,7.666666666666666,1.004610161664688,1.0038606122398854
hm-m05-g2-L8-n3-beta1__N0096__Aminus_0p005,hm-m05-g2-L8-n3-beta1__N0096__Aplus_0p005,hm-m05-g2-L8-n3-beta1,96,-0.005,93,7.75,1.0047760389003892,1.003999539862939
hm-m05-g2-L8-n3-beta1__N0096__Aminus_0p005,hm-m05-g2-L8-n3-beta1__N0096__Aplus_0p005,hm-m05-g2-L8-n3-beta1,96,-0.005,94,7.833333333333333,1.0048956895727734,1.0040997497881778
hm-m05-g2-L8-n3-beta1__N0096__Aminus_0p005,hm-m05-g2-L8-n3-beta1__N0096__Aplus_0p005,hm-m05-g2-L8-n3-beta1,96,-0.005,95,7.916666666666666,1.0049679491056922,1.0041602680666546
hm-m05-g2-L8-n3-beta1__N0096__Aminus_0p005,hm-m05-g2-L8-n3-beta1__N0096__Aplus_0p005,hm-m05-g2-L8-n3-beta1,96,-0.005,96,8.0,1.0049921140413167,1.0041805064099711
hm-m05-g2-L8-n3-beta1__N0096__Aminus_0p0025,hm-m05-g2-L8-n3-beta1__N0096__Aplus_0p0025,hm-m05-g2-L8-n3-beta1,96,-0.0025,0,0.0,0.9974980281942192,0.9979028577050922
hm-m05-g2-L8-n3-beta1__N0096__Aminus_0p0025,hm-m05-g2-L8-n3-beta1__N0096__Aplus_0p0025,hm-m05-g2-L8-n3-beta1,96,-0.0025,1,0.08333333333333333,0.9975100442495285,0.9979129290295845
hm-m05-g2-L8-n3-beta1__N0096__Aminus_0p0025,hm-m05-g2-L8-n3-beta1__N0096__Aplus_0p0025,hm-m05-g2-L8-n3-beta1,96,-0.0025,2,0.16666666666666666,0.9975459773313187,0.997943046469708
hm-m05-g2-L8-n3-beta1__N0096__Aminus_0p0025,hm-m05-g2-L8-n3-beta1__N0096__Aplus_0p0025,hm-m05-g2-L8-n3-beta1,96,-0.0025,3,0.25,0.9976054832710359,0.9979929213374694
hm-m05-g2-L8-n3-beta1__N0096__Aminus_0p0025,hm-m05-g2-L8-n3-beta1__N0096__Aplus_0p0025,hm-m05-g2-L8-n3-beta1,96,-0.0025,4,0.3333333333333333,0.9976879920577865,0.9980620755183216
hm-m05-g2-L8-n3-beta1__N0096__Aminus_0p0025,hm-m05-g2-L8-n3-beta1__N0096__Aplus_0p0025,hm-m05-g2-L8-n3-beta1,96,-0.0025,5,0.41666666666666663,0.9977927132101887,0.9981498459909934
hm-m05-g2-L8-n3-beta1__N0096__Aminus_0p0025,hm-m05-g2-L8-n3-beta1__N0096__Aplus_0p0025,hm-m05-g2-L8-n3-beta1,96,-0.0025,6,0.5,0.9979186432307809,0.9982553910987741
hm-m05-g2-L8-n3-beta1__N0096__Aminus_0p0025,hm-m05-g2-L8-n3-beta1__N0096__Aplus_0p0025,hm-m05-g2-L8-n3-beta1,96,-0.0025,7,0.5833333333333333,0.9980645750772735,0.9983776985162163
hm-m05-g2-L8-n3-beta1__N0096__Aminus_0p0025,hm-m05-g2-L8-n3-beta1__N0096__Aplus_0p0025,hm-m05-g2-L8-n3-beta1,96,-0.0025,8,0.6666666666666666,0.9982291095668371,0.9985155948398534
hm-m05-g2-L8-n3-beta1__N0096__Aminus_0p0025,hm-m05-g2-L8-n3-beta1__N0096__Aplus_0p0025,hm-m05-g2-L8-n3-beta1,96,-0.0025,9,0.75,0.99841066861205,0.9986677567166384
hm-m05-g2-L8-n3-beta1__N0096__Aminus_0p0025,hm-m05-g2-L8-n3-beta1__N0096__Aplus_0p0025,hm-m05-g2-L8-n3-beta1,96,-0.0025,10,0.8333333333333333,0.998607510170209,0.9988327234095227
hm-m05-g2-L8-n3-beta1__N0096__Aminus_0p0025,hm-m05-g2-L8-n3-beta1__N0096__Aplus_0p0025,hm-m05-g2-L8-n3-beta1,96,-0.0025,11,0.9166666666666666,0.9988177447715755,0.9990089106860263
hm-m05-g2-L8-n3-beta1__N0096__Aminus_0p0025,hm-m05-g2-L8-n3-beta1__N0096__Aplus_0p0025,hm-m05-g2-L8-n3-beta1,96,-0.0025,12,1.0,0.9990393534769297,0.9991946259029151
hm-m05-g2-L8-n3-beta1__N0096__Aminus_0p0025,hm-m05-g2-L8-n3-beta1__N0096__Aplus_0p0025,hm-m05-g2-L8-n3-beta1,96,-0.0025,13,1.0833333333333333,0.9992702071006738,0.9993880841483271
hm-m05-g2-L8-n3-beta1__N0096__Aminus_0p0025,hm-m05-g2-L8-n3-beta1__N0096__Aplus_0p0025,hm-m05-g2-L8-n3-beta1,96,-0.0025,14,1.1666666666666665,0.999508086522826,0.9995874252919983
hm-m05-g2-L8-n3-beta1__N0096__Aminus_0p0025,hm-m05-g2-L8-n3-beta1__N0096__Aplus_0p0025,hm-m05-g2-L8-n3-beta1,96,-0.0025,15,1.25,0.9997507039017164,0.9997907317847493
hm-m05-g2-L8-n3-beta1__N0096__Aminus_0p0025,hm-m05-g2-L8-n3-beta1__N0096__Aplus_0p0025,hm-m05-g2-L8-n3-beta1,96,-0.0025,16,1.3333333333333333,0.9999957245891978,0.9999960470402282
hm-m05-g2-L8-n3-beta1__N0096__Aminus_0p0025,hm-m05-g2-L8-n3-beta1__N0096__Aplus_0p0025,hm-m05-g2-L8-n3-beta1,96,-0.0025,17,1.4166666666666665,1.0002407895418552,1.0002013942251764
hm-m05-g2-L8-n3-beta1__N0096__Aminus_0p0025,hm-m05-g2-L8-n3-beta1__N0096__Aplus_0p0025,hm-m05-g2-L8-n3-beta1,96,-0.0025,18,1.5,1.0004835380151857,1.0004047952793043
hm-m05-g2-L8-n3-beta1__N0096__Aminus_0p0025,hm-m05-g2-L8-n3-beta1__N0096__Aplus_0p0025,hm-m05-g2-L8-n3-beta1,96,-0.0025,19,1.5833333333333333,1.000721630323151,1.0006042899823204
hm-m05-g2-L8-n3-beta1__N0096__Aminus_0p0025,hm-m05-g2-L8-n3-beta1__N0096__Aplus_0p0025,hm-m05-g2-L8-n3-beta1,96,-0.0025,20,1.6666666666666665,1.000952770442991,1.0007979548838486
hm-m05-g2-L8-n3-beta1__N0096__Aminus_0p0025,hm-m05-g2-L8-n3-beta1__N0096__Aplus_0p0025,hm-m05-g2-L8-n3-beta1,96,-0.0025,21,1.75,1.001174728244831,1.0009839219119492
hm-m05-g2-L8-n3-beta1__N0096__Aminus_0p0025,hm-m05-g2-L8-n3-beta1__N0096__Aplus_0p0025,hm-m05-g2-L8-n3-beta1,96,-0.0025,22,1.8333333333333333,1.0013853611274812,1.0011603964777986
hm-m05-g2-L8-n3-beta1__N0096__Aminus_0p0025,hm-m05-g2-L8-n3-beta1__N0096__Aplus_0p0025,hm-m05-g2-L8-n3-beta1,96,-0.0025,23,1.9166666666666665,1.0015826348459882,1.001325674897797
hm-m05-g2-L8-n3-beta1__N0096__Aminus_0p0025,hm-m05-g2-L8-n3-beta1__N0096__Aplus_0p0025,hm-m05-g2-L8-n3-beta1,96,-0.0025,24,2.0,1.0017646433229281,1.0014781609599674
hm-m05-g2-L8-n3-beta1__N0096__Aminus_0p0025,hm-m05-g2-L8-n3-beta1__N0096__Aplus_0p0025,hm-m05-g2-L8-n3-beta1,96,-0.0025,25,2.083333333333333,1.0019296272441867,1.0016163814689996
hm-m05-g2-L8-n3-beta1__N0096__Aminus_0p0025,hm-m05-g2-L8-n3-beta1__N0096__Aplus_0p0025,hm-m05-g2-L8-n3-beta1,96,-0.0025,26,2.1666666666666665,1.002075991250936,1.0017390006135827
hm-m05-g2-L8-n3-beta1__N0096__Aminus_0p0025,hm-m05-g2-L8-n3-beta1__N0096__Aplus_0p0025,hm-m05-g2-L8-n3-beta1,96,-0.0025,27,2.25,1.002202319552676,1.0018448330107497
hm-m05-g2-L8-n3-beta1__N0096__Aminus_0p0025,hm-m05-g2-L8-n3-beta1__N0096__Aplus_0p0025,hm-m05-g2-L8-n3-beta1,96,-0.0025,28,2.333333333333333,1.0023073898014028,1.0019328552946807
hm-m05-g2-L8-n3-beta1__N0096__Aminus_0p0025,hm-m05-g2-L8-n3-beta1__N0096__Aplus_0p0025,hm-m05-g2-L8-n3-beta1,96,-0.0025,29,2.4166666666666665,1.0023901850840886,1.0020022161316964
hm-m05-g2-L8-n3-beta1__N0096__Aminus_0p0025,hm-m05-g2-L8-n3-beta1__N0096__Aplus_0p0025,hm-m05-g2-L8-n3-beta1,96,-0.0025,30,2.5,1.0024499039094823,1.0020522445588427
hm-m05-g2-L8-n3-beta1__N0096__Aminus_0p0025,hm-m05-g2-L8-n3-beta1__N0096__Aplus_0p0025,hm-m05-g2-L8-n3-beta1,96,-0.0025,31,2.583333333333333,1.0024859680856208,1.0020824565603694
hm-m05-g2-L8-n3-beta1__N0096__Aminus_0p0025,hm-m05-g2-L8-n3-beta1__N0096__Aplus_0p0025,hm-m05-g2-L8-n3-beta1,96,-0.0025,32,2.6666666666666665,1.002498028406073,1.0020925598143395
hm-m05-g2-L8-n3-beta1__N0096__Aminus_0p0025,hm-m05-g2-L8-n3-beta1__N0096__Aplus_0p0025,hm-m05-g2-L8-n3-beta1,96,-0.0025,33,2.75,1.0024859680856186,1.0020824565603672
hm-m05-g2-L8-n3-beta1__N0096__Aminus_0p0025,hm-m05-g2-L8-n3-beta1__N0096__Aplus_0p0025,hm-m05-g2-L8-n3-beta1,96,-0.0025,34,2.833333333333333,1.0024499039094779,1.002052244558838
hm-m05-g2-L8-n3-beta1__N0096__Aminus_0p0025,hm-m05-g2-L8-n3-beta1__N0096__Aplus_0p0025,hm-m05-g2-L8-n3-beta1,96,-0.0025,35,2.9166666666666665,1.0023901850840822,1.002002216131689
hm-m05-g2-L8-n3-beta1__N0096__Aminus_0p0025,hm-m05-g2-L8-n3-beta1__N0096__Aplus_0p0025,hm-m05-g2-L8-n3-beta1,96,-0.0025,36,3.0,1.0023073898013943,1.0019328552946707
hm-m05-g2-L8-n3-beta1__N0096__Aminus_0p0025,hm-m05-g2-L8-n3-beta1__N0096__Aplus_0p0025,hm-m05-g2-L8-n3-beta1,96,-0.0025,37,3.083333333333333,1.0022023195526655,1.0018448330107375
hm-m05-g2-L8-n3-beta1__N0096__Aminus_0p0025,hm-m05-g2-L8-n3-beta1__N0096__Aplus_0p0025,hm-m05-g2-L8-n3-beta1,96,-0.0025,38,3.1666666666666665,1.0020759912509236,1.0017390006135682
hm-m05-g2-L8-n3-beta1__N0096__Aminus_0p0025,hm-m05-g2-L8-n3-beta1__N0096__Aplus_0p0025,hm-m05-g2-L8-n3-beta1,96,-0.0025,39,3.25,1.0019296272441724,1.001616381468983
hm-m05-g2-L8-n3-beta1__N0096__Aminus_0p0025,hm-m05-g2-L8-n3-beta1__N0096__Aplus_0p0025,hm-m05-g2-L8-n3-beta1,96,-0.0025,40,3.333333333333333,1.001764643322912,1.0014781609599486
hm-m05-g2-L8-n3-beta1__N0096__Aminus_0p0025,hm-m05-g2-L8-n3-beta1__N0096__Aplus_0p0025,hm-m05-g2-L8-n3-beta1,96,-0.0025,41,3.4166666666666665,1.0015826348459702,1.001325674897776
hm-m05-g2-L8-n3-beta1__N0096__Aminus_0p0025,hm-m05-g2-L8-n3-beta1__N0096__Aplus_0p0025,hm-m05-g2-L8-n3-beta1,96,-0.0025,42,3.5,1.0013853611274617,1.0011603964777753
hm-m05-g2-L8-n3-beta1__N0096__Aminus_0p0025,hm-m05-g2-L8-n3-beta1__N0096__Aplus_0p0025,hm-m05-g2-L8-n3-beta1,96,-0.0025,43,3.583333333333333,1.0011747282448098,1.0009839219119234
hm-m05-g2-L8-n3-beta1__N0096__Aminus_0p0025,hm-m05-g2-L8-n3-beta1__N0096__Aplus_0p0025,hm-m05-g2-L8-n3-beta1,96,-0.0025,44,3.6666666666666665,1.0009527704429686,1.0007979548838208
hm-m05-g2-L8-n3-beta1__N0096__Aminus_0p0025,hm-m05-g2-L8-n3-beta1__N0096__Aplus_0p0025,hm-m05-g2-L8-n3-beta1,96,-0.0025,45,3.75,1.000721630323127,1.0006042899822905
hm-m05-g2-L8-n3-beta1__N0096__Aminus_0p0025,hm-m05-g2-L8-n3-beta1__N0096__Aplus_0p0025,hm-m05-g2-L8-n3-beta1,96,-0.0025,46,3.833333333333333,1.0004835380151607,1.000404795279272
hm-m05-g2-L8-n3-beta1__N0096__Aminus_0p0025,hm-m05-g2-L8-n3-beta1__N0096__Aplus_0p0025,hm-m05-g2-L8-n3-beta1,96,-0.0025,47,3.9166666666666665,1.000240789541829,1.0002013942251424
hm-m05-g2-L8-n3-beta1__N0096__Aminus_0p0025,hm-m05-g2-L8-n3-beta1__N0096__Aplus_0p0025,hm-m05-g2-L8-n3-beta1,96,-0.0025,48,4.0,0.9999957245891705,0.999996047040193
hm-m05-g2-L8-n3-beta1__N0096__Aminus_0p0025,hm-m05-g2-L8-n3-beta1__N0096__Aplus_0p0025,hm-m05-g2-L8-n3-beta1,96,-0.0025,49,4.083333333333333,0.999750703901688,0.999790731784713
hm-m05-g2-L8-n3-beta1__N0096__Aminus_0p0025,hm-m05-g2-L8-n3-beta1__N0096__Aplus_0p0025,hm-m05-g2-L8-n3-beta1,96,-0.0025,50,4.166666666666666,0.9995080865227967,0.9995874252919609
hm-m05-g2-L8-n3-beta1__N0096__Aminus_0p0025,hm-m05-g2-L8-n3-beta1__N0096__Aplus_0p0025,hm-m05-g2-L8-n3-beta1,96,-0.0025,51,4.25,0.9992702071006437,0.9993880841482887
hm-m05-g2-L8-n3-beta1__N0096__Aminus_0p0025,hm-m05-g2-L8-n3-beta1__N0096__Aplus_0p0025,hm-m05-g2-L8-n3-beta1,96,-0.0025,52,4.333333333333333,0.999039353476899,0.999194625902876
hm-m05-g2-L8-n3-beta1__N0096__Aminus_0p0025,hm-m05-g2-L8-n3-beta1__N0096__Aplus_0p0025,hm-m05-g2-L8-n3-beta1,96,-0.0025,53,4.416666666666666,0.9988177447715442,0.9990089106859864
hm-m05-g2-L8-n3-beta1__N0096__Aminus_0p0025,hm-m05-g2-L8-n3-beta1__N0096__Aplus_0p0025,hm-m05-g2-L8-n3-beta1,96,-0.0025,54,4.5,0.9986075101701771,0.9988327234094824
hm-m05-g2-L8-n3-beta1__N0096__Aminus_0p0025,hm-m05-g2-L8-n3-beta1__N0096__Aplus_0p0025,hm-m05-g2-L8-n3-beta1,96,-0.0025,55,4.583333333333333,0.9984106686120178,0.9986677567165978
hm-m05-g2-L8-n3-beta1__N0096__Aminus_0p0025,hm-m05-g2-L8-n3-beta1__N0096__Aplus_0p0025,hm-m05-g2-L8-n3-beta1,96,-0.0025,56,4.666666666666666,0.9982291095668047,0.9985155948398129
hm-m05-g2-L8-n3-beta1__N0096__Aminus_0p0025,hm-m05-g2-L8-n3-beta1__N0096__Aplus_0p0025,hm-m05-g2-L8-n3-beta1,96,-0.0025,57,4.75,0.998064575077241,0.998377698516176
hm-m05-g2-L8-n3-beta1__N0096__Aminus_0p0025,hm-m05-g2-L8-n3-beta1__N0096__Aplus_0p0025,hm-m05-g2-L8-n3-beta1,96,-0.0025,58,4.833333333333333,0.9979186432307484,0.9982553910987338
hm-m05-g2-L8-n3-beta1__N0096__Aminus_0p0025,hm-m05-g2-L8-n3-beta1__N0096__Aplus_0p0025,hm-m05-g2-L8-n3-beta1,96,-0.0025,59,4.916666666666666,0.9977927132101563,0.9981498459909535
hm-m05-g2-L8-n3-beta1__N0096__Aminus_0p0025,hm-m05-g2-L8-n3-beta1__N0096__Aplus_0p0025,hm-m05-g2-L8-n3-beta1,96,-0.0025,60,5.0,0.9976879920577544,0.9980620755182822
hm-m05-g2-L8-n3-beta1__N0096__Aminus_0p0025,hm-m05-g2-L8-n3-beta1__N0096__Aplus_0p0025,hm-m05-g2-L8-n3-beta1,96,-0.0025,61,5.083333333333333,0.9976054832710042,0.997992921337431
hm-m05-g2-L8-n3-beta1__N0096__Aminus_0p0025,hm-m05-g2-L8-n3-beta1__N0096__Aplus_0p0025,hm-m05-g2-L8-n3-beta1,96,-0.0025,62,5.166666666666666,0.9975459773312875,0.9979430464696706
hm-m05-g2-L8-n3-beta1__N0096__Aminus_0p0025,hm-m05-g2-L8-n3-beta1__N0096__Aplus_0p0025,hm-m05-g2-L8-n3-beta1,96,-0.0025,63,5.25,0.997510044249498,0.9979129290295483
hm-m05-g2-L8-n3-beta1__N0096__Aminus_0p0025,hm-m05-g2-L8-n3-beta1__N0096__Aplus_0p0025,hm-m05-g2-L8-n3-beta1,96,-0.0025,64,5.333333333333333,0.9974980281941895,0.9979028577050574
hm-m05-g2-L8-n3-beta1__N0096__Aminus_0p0025,hm-m05-g2-L8-n3-beta1__N0096__Aplus_0p0025,hm-m05-g2-L8-n3-beta1,96,-0.0025,65,5.416666666666666,0.9975100442494997,0.9979129290295511
hm-m05-g2-L8-n3-beta1__N0096__Aminus_0p0025,hm-m05-g2-L8-n3-beta1__N0096__Aplus_0p0025,hm-m05-g2-L8-n3-beta1,96,-0.0025,66,5.5,0.997545977331291,0.9979430464696762
hm-m05-g2-L8-n3-beta1__N0096__Aminus_0p0025,hm-m05-g2-L8-n3-beta1__N0096__Aplus_0p0025,hm-m05-g2-L8-n3-beta1,96,-0.0025,67,5.583333333333333,0.9976054832710095,0.9979929213374391
hm-m05-g2-L8-n3-beta1__N0096__Aminus_0p0025,hm-m05-g2-L8-n3-beta1__N0096__Aplus_0p0025,hm-m05-g2-L8-n3-beta1,96,-0.0025,68,5.666666666666666,0.9976879920577615,0.9980620755182927
hm-m05-g2-L8-n3-beta1__N0096__Aminus_0p0025,hm-m05-g2-L8-n3-beta1__N0096__Aplus_0p0025,hm-m05-g2-L8-n3-beta1,96,-0.0025,69,5.75,0.9977927132101652,0.9981498459909663
hm-m05-g2-L8-n3-beta1__N0096__Aminus_0p0025,hm-m05-g2-L8-n3-beta1__N0096__Aplus_0p0025,hm-m05-g2-L8-n3-beta1,96,-0.0025,70,5.833333333333333,0.9979186432307591,0.998255391098749
hm-m05-g2-L8-n3-beta1__N0096__Aminus_0p0025,hm-m05-g2-L8-n3-beta1__N0096__Aplus_0p0025,hm-m05-g2-L8-n3-beta1,96,-0.0025,71,5.916666666666666,0.9980645750772533,0.9983776985161932
hm-m05-g2-L8-n3-beta1__N0096__Aminus_0p0025,hm-m05-g2-L8-n3-beta1__N0096__Aplus_0p0025,hm-m05-g2-L8-n3-beta1,96,-0.0025,72,6.0,0.9982291095668188,0.9985155948398325
hm-m05-g2-L8-n3-beta1__N0096__Aminus_0p0025,hm-m05-g2-L8-n3-beta1__N0096__Aplus_0p0025,hm-m05-g2-L8-n3-beta1,96,-0.0025,73,6.083333333333333,0.9984106686120336,0.9986677567166196
hm-m05-g2-L8-n3-beta1__N0096__Aminus_0p0025,hm-m05-g2-L8-n3-beta1__N0096__Aplus_0p0025,hm-m05-g2-L8-n3-beta1,96,-0.0025,74,6.166666666666666,0.9986075101701947,0.9988327234095061
hm-m05-g2-L8-n3-beta1__N0096__Aminus_0p0025,hm-m05-g2-L8-n3-beta1__N0096__Aplus_0p0025,hm-m05-g2-L8-n3-beta1,96,-0.0025,75,6.25,0.9988177447715634,0.9990089106860119
hm-m05-g2-L8-n3-beta1__N0096__Aminus_0p0025,hm-m05-g2-L8-n3-beta1__N0096__Aplus_0p0025,hm-m05-g2-L8-n3-beta1,96,-0.0025,76,6.333333333333333,0.9990393534769197,0.9991946259029033
hm-m05-g2-L8-n3-beta1__N0096__Aminus_0p0025,hm-m05-g2-L8-n3-beta1__N0096__Aplus_0p0025,hm-m05-g2-L8-n3-beta1,96,-0.0025,77,6.416666666666666,0.999270207100666,0.9993880841483176
hm-m05-g2-L8-n3-beta1__N0096__Aminus_0p0025,hm-m05-g2-L8-n3-beta1__N0096__Aplus_0p0025,hm-m05-g2-L8-n3-beta1,96,-0.0025,78,6.5,0.9995080865228205,0.9995874252919913
hm-m05-g2-L8-n3-beta1__N0096__Aminus_0p0025,hm-m05-g2-L8-n3-beta1__N0096__Aplus_0p0025,hm-m05-g2-L8-n3-beta1,96,-0.0025,79,6.583333333333333,0.9997507039017133,0.999790731784745
hm-m05-g2-L8-n3-beta1__N0096__Aminus_0p0025,hm-m05-g2-L8-n3-beta1__N0096__Aplus_0p0025,hm-m05-g2-L8-n3-beta1,96,-0.0025,80,6.666666666666666,0.999995724589197,0.9999960470402265
hm-m05-g2-L8-n3-beta1__N0096__Aminus_0p0025,hm-m05-g2-L8-n3-beta1__N0096__Aplus_0p0025,hm-m05-g2-L8-n3-beta1,96,-0.0025,81,6.75,1.0002407895418568,1.0002013942251773
hm-m05-g2-L8-n3-beta1__N0096__Aminus_0p0025,hm-m05-g2-L8-n3-beta1__N0096__Aplus_0p0025,hm-m05-g2-L8-n3-beta1,96,-0.0025,82,6.833333333333333,1.0004835380151895,1.000404795279308
hm-m05-g2-L8-n3-beta1__N0096__Aminus_0p0025,hm-m05-g2-L8-n3-beta1__N0096__Aplus_0p0025,hm-m05-g2-L8-n3-beta1,96,-0.0025,83,6.916666666666666,1.0007216303231572,1.0006042899823275
hm-m05-g2-L8-n3-beta1__N0096__Aminus_0p0025,hm-m05-g2-L8-n3-beta1__N0096__Aplus_0p0025,hm-m05-g2-L8-n3-beta1,96,-0.0025,84,7.0,1.0009527704429997,1.0007979548838588
hm-m05-g2-L8-n3-beta1__N0096__Aminus_0p0025,hm-m05-g2-L8-n3-beta1__N0096__Aplus_0p0025,hm-m05-g2-L8-n3-beta1,96,-0.0025,85,7.083333333333333,1.0011747282448418,1.000983921911962
hm-m05-g2-L8-n3-beta1__N0096__Aminus_0p0025,hm-m05-g2-L8-n3-beta1__N0096__Aplus_0p0025,hm-m05-g2-L8-n3-beta1,96,-0.0025,86,7.166666666666666,1.0013853611274943,1.0011603964778142
hm-m05-g2-L8-n3-beta1__N0096__Aminus_0p0025,hm-m05-g2-L8-n3-beta1__N0096__Aplus_0p0025,hm-m05-g2-L8-n3-beta1,96,-0.0025,87,7.25,1.0015826348460033,1.001325674897815
hm-m05-g2-L8-n3-beta1__N0096__Aminus_0p0025,hm-m05-g2-L8-n3-beta1__N0096__Aplus_0p0025,hm-m05-g2-L8-n3-beta1,96,-0.0025,88,7.333333333333333,1.0017646433229455,1.0014781609599879
hm-m05-g2-L8-n3-beta1__N0096__Aminus_0p0025,hm-m05-g2-L8-n3-beta1__N0096__Aplus_0p0025,hm-m05-g2-L8-n3-beta1,96,-0.0025,89,7.416666666666666,1.001929627244206,1.0016163814690222
hm-m05-g2-L8-n3-beta1__N0096__Aminus_0p0025,hm-m05-g2-L8-n3-beta1__N0096__Aplus_0p0025,hm-m05-g2-L8-n3-beta1,96,-0.0025,90,7.5,1.0020759912509574,1.0017390006136075
hm-m05-g2-L8-n3-beta1__N0096__Aminus_0p0025,hm-m05-g2-L8-n3-beta1__N0096__Aplus_0p0025,hm-m05-g2-L8-n3-beta1,96,-0.0025,91,7.583333333333333,1.002202319552699,1.0018448330107765
hm-m05-g2-L8-n3-beta1__N0096__Aminus_0p0025,hm-m05-g2-L8-n3-beta1__N0096__Aplus_0p0025,hm-m05-g2-L8-n3-beta1,96,-0.0025,92,7.666666666666666,1.0023073898014276,1.0019328552947093
hm-m05-g2-L8-n3-beta1__N0096__Aminus_0p0025,hm-m05-g2-L8-n3-beta1__N0096__Aplus_0p0025,hm-m05-g2-L8-n3-beta1,96,-0.0025,93,7.75,1.002390185084115,1.002002216131727
hm-m05-g2-L8-n3-beta1__N0096__Aminus_0p0025,hm-m05-g2-L8-n3-beta1__N0096__Aplus_0p0025,hm-m05-g2-L8-n3-beta1,96,-0.0025,94,7.833333333333333,1.00244990390951,1.002052244558875
hm-m05-g2-L8-n3-beta1__N0096__Aminus_0p0025,hm-m05-g2-L8-n3-beta1__N0096__Aplus_0p0025,hm-m05-g2-L8-n3-beta1,96,-0.0025,95,7.916666666666666,1.00248596808565,1.0020824565604032
hm-m05-g2-L8-n3-beta1__N0096__Aminus_0p0025,hm-m05-g2-L8-n3-beta1__N0096__Aplus_0p0025,hm-m05-g2-L8-n3-beta1,96,-0.0025,96,8.0,1.0024980284061034,1.0020925598143746
hm-m05-g2-L8-n3-beta1__N0096__Aplus_0p0025,hm-m05-g2-L8-n3-beta1__N0096__Aminus_0p0025,hm-m05-g2-L8-n3-beta1,96,0.0025,0,0.0,1.0024980284060903,1.0020925598143597
hm-m05-g2-L8-n3-beta1__N0096__Aplus_0p0025,hm-m05-g2-L8-n3-beta1__N0096__Aminus_0p0025,hm-m05-g2-L8-n3-beta1,96,0.0025,1,0.08333333333333333,1.0024859680856368,1.0020824565603883
hm-m05-g2-L8-n3-beta1__N0096__Aplus_0p0025,hm-m05-g2-L8-n3-beta1__N0096__Aminus_0p0025,hm-m05-g2-L8-n3-beta1,96,0.0025,2,0.16666666666666666,1.0024499039094972,1.0020522445588604
hm-m05-g2-L8-n3-beta1__N0096__Aplus_0p0025,hm-m05-g2-L8-n3-beta1__N0096__Aminus_0p0025,hm-m05-g2-L8-n3-beta1,96,0.0025,3,0.25,1.0023901850841022,1.0020022161317124
hm-m05-g2-L8-n3-beta1__N0096__Aplus_0p0025,hm-m05-g2-L8-n3-beta1__N0096__Aminus_0p0025,hm-m05-g2-L8-n3-beta1,96,0.0025,4,0.3333333333333333,1.002307389801415,1.0019328552946951
hm-m05-g2-L8-n3-beta1__N0096__Aplus_0p0025,hm-m05-g2-L8-n3-beta1__N0096__Aminus_0p0025,hm-m05-g2-L8-n3-beta1,96,0.0025,5,0.41666666666666663,1.0022023195526866,1.0018448330107623
hm-m05-g2-L8-n3-beta1__N0096__Aplus_0p0025,hm-m05-g2-L8-n3-beta1__N0096__Aminus_0p0025,hm-m05-g2-L8-n3-beta1,96,0.0025,6,0.5,1.0020759912509452,1.0017390006135933
hm-m05-g2-L8-n3-beta1__N0096__Aplus_0p0025,hm-m05-g2-L8-n3-beta1__N0096__Aminus_0p0025,hm-m05-g2-L8-n3-beta1,96,0.0025,7,0.5833333333333333,1.001929627244194,1.0016163814690082
hm-m05-g2-L8-n3-beta1__N0096__Aplus_0p0025,hm-m05-g2-L8-n3-beta1__N0096__Aminus_0p0025,hm-m05-g2-L8-n3-beta1,96,0.0025,8,0.6666666666666666,1.0017646433229337,1.0014781609599743
hm-m05-g2-L8-n3-beta1__N0096__Aplus_0p0025,hm-m05-g2-L8-n3-beta1__N0096__Aminus_0p0025,hm-m05-g2-L8-n3-beta1,96,0.0025,9,0.75,1.001582634845992,1.001325674897802
hm-m05-g2-L8-n3-beta1__N0096__Aplus_0p0025,hm-m05-g2-L8-n3-beta1__N0096__Aminus_0p0025,hm-m05-g2-L8-n3-beta1,96,0.0025,10,0.8333333333333333,1.0013853611274834,1.001160396477802
hm-m05-g2-L8-n3-beta1__N0096__Aplus_0p0025,hm-m05-g2-L8-n3-beta1__N0096__Aminus_0p0025,hm-m05-g2-L8-n3-beta1,96,0.0025,11,0.9166666666666666,1.0011747282448313,1.0009839219119503
hm-m05-g2-L8-n3-beta1__N0096__Aplus_0p0025,hm-m05-g2-L8-n3-beta1__N0096__Aminus_0p0025,hm-m05-g2-L8-n3-beta1,96,0.0025,12,1.0,1.00095277044299,1.000797954883848
hm-m05-g2-L8-n3-beta1__N0096__Aplus_0p0025,hm-m05-g2-L8-n3-beta1__N0096__Aminus_0p0025,hm-m05-g2-L8-n3-beta1,96,0.0025,13,1.0833333333333333,1.000721630323148,1.0006042899823175
hm-m05-g2-L8-n3-beta1__N0096__Aplus_0p0025,hm-m05-g2-L8-n3-beta1__N0096__Aminus_0p0025,hm-m05-g2-L8-n3-beta1,96,0.0025,14,1.1666666666666665,1.0004835380151813,1.0004047952792992
hm-m05-g2-L8-n3-beta1__N0096__Aplus_0p0025,hm-m05-g2-L8-n3-beta1__N0096__Aminus_0p0025,hm-m05-g2-L8-n3-beta1,96,0.0025,15,1.25,1.0002407895418493,1.000201394225169
hm-m05-g2-L8-n3-beta1__N0096__Aplus_0p0025,hm-m05-g2-L8-n3-beta1__N0096__Aminus_0p0025,hm-m05-g2-L8-n3-beta1,96,0.0025,16,1.3333333333333333,0.9999957245891903,0.9999960470402188
hm-m05-g2-L8-n3-beta1__N0096__Aplus_0p0025,hm-m05-g2-L8-n3-beta1__N0096__Aminus_0p0025,hm-m05-g2-L8-n3-beta1,96,0.0025,17,1.4166666666666665,0.9997507039017073,0.9997907317847381
hm-m05-g2-L8-n3-beta1__N0096__Aplus_0p0025,hm-m05-g2-L8-n3-beta1__N0096__Aminus_0p0025,hm-m05-g2-L8-n3-beta1,96,0.0025,18,1.5,0.9995080865228154,0.9995874252919852
hm-m05-g2-L8-n3-beta1__N0096__Aplus_0p0025,hm-m05-g2-L8-n3-beta1__N0096__Aminus_0p0025,hm-m05-g2-L8-n3-beta1,96,0.0025,19,1.5833333333333333,0.999270207100662,0.9993880841483119
hm-m05-g2-L8-n3-beta1__N0096__Aplus_0p0025,hm-m05-g2-L8-n3-beta1__N0096__Aminus_0p0025,hm-m05-g2-L8-n3-beta1,96,0.0025,20,1.6666666666666665,0.9990393534769166,0.999194625902898
hm-m05-g2-L8-n3-beta1__N0096__Aplus_0p0025,hm-m05-g2-L8-n3-beta1__N0096__Aminus_0p0025,hm-m05-g2-L8-n3-beta1,96,0.0025,21,1.75,0.9988177447715612,0.9990089106860074
hm-m05-g2-L8-n3-beta1__N0096__Aplus_0p0025,hm-m05-g2-L8-n3-beta1__N0096__Aminus_0p0025,hm-m05-g2-L8-n3-beta1,96,0.0025,22,1.8333333333333333,0.9986075101701934,0.9988327234095022
hm-m05-g2-L8-n3-beta1__N0096__Aplus_0p0025,hm-m05-g2-L8-n3-beta1__N0096__Aminus_0p0025,hm-m05-g2-L8-n3-beta1,96,0.0025,23,1.9166666666666665,0.9984106686120334,0.9986677567166169
hm-m05-g2-L8-n3-beta1__N0096__Aplus_0p0025,hm-m05-g2-L8-n3-beta1__N0096__Aminus_0p0025,hm-m05-g2-L8-n3-beta1,96,0.0025,24,2.0,0.9982291095668194,0.998515594839831
hm-m05-g2-L8-n3-beta1__N0096__Aplus_0p0025,hm-m05-g2-L8-n3-beta1__N0096__Aminus_0p0025,hm-m05-g2-L8-n3-beta1,96,0.0025,25,2.083333333333333,0.9980645750772549,0.9983776985161928
hm-m05-g2-L8-n3-beta1__N0096__Aplus_0p0025,hm-m05-g2-L8-n3-beta1__N0096__Aminus_0p0025,hm-m05-g2-L8-n3-beta1,96,0.0025,26,2.1666666666666665,0.9979186432307614,0.9982553910987495
hm-m05-g2-L8-n3-beta1__N0096__Aplus_0p0025,hm-m05-g2-L8-n3-beta1__N0096__Aminus_0p0025,hm-m05-g2-L8-n3-beta1,96,0.0025,27,2.25,0.9977927132101685,0.998149845990968
hm-m05-g2-L8-n3-beta1__N0096__Aplus_0p0025,hm-m05-g2-L8-n3-beta1__N0096__Aminus_0p0025,hm-m05-g2-L8-n3-beta1,96,0.0025,28,2.333333333333333,0.9976879920577656,0.9980620755182954
hm-m05-g2-L8-n3-beta1__N0096__Aplus_0p0025,hm-m05-g2-L8-n3-beta1__N0096__Aminus_0p0025,hm-m05-g2-L8-n3-beta1,96,0.0025,29,2.4166666666666665,0.9976054832710143,0.9979929213374426
hm-m05-g2-L8-n3-beta1__N0096__Aplus_0p0025,hm-m05-g2-L8-n3-beta1__N0096__Aminus_0p0025,hm-m05-g2-L8-n3-beta1,96,0.0025,30,2.5,0.9975459773312966,0.9979430464696805
hm-m05-g2-L8-n3-beta1__N0096__Aplus_0p0025,hm-m05-g2-L8-n3-beta1__N0096__Aminus_0p0025,hm-m05-g2-L8-n3-beta1,96,0.0025,31,2.583333333333333,0.9975100442495058,0.9979129290295564
hm-m05-g2-L8-n3-beta1__N0096__Aplus_0p0025,hm-m05-g2-L8-n3-beta1__N0096__Aminus_0p0025,hm-m05-g2-L8-n3-beta1,96,0.0025,32,2.6666666666666665,0.9974980281941963,0.9979028577050639
hm-m05-g2-L8-n3-beta1__N0096__Aplus_0p0025,hm-m05-g2-L8-n3-beta1__N0096__Aminus_0p0025,hm-m05-g2-L8-n3-beta1,96,0.0025,33,2.75,0.9975100442495053,0.9979129290295559
hm-m05-g2-L8-n3-beta1__N0096__Aplus_0p0025,hm-m05-g2-L8-n3-beta1__N0096__Aminus_0p0025,hm-m05-g2-L8-n3-beta1,96,0.0025,34,2.833333333333333,0.9975459773312954,0.9979430464696791
hm-m05-g2-L8-n3-beta1__N0096__Aplus_0p0025,hm-m05-g2-L8-n3-beta1__N0096__Aminus_0p0025,hm-m05-g2-L8-n3-beta1,96,0.0025,35,2.9166666666666665,0.9976054832710125,0.9979929213374404
hm-m05-g2-L8-n3-beta1__N0096__Aplus_0p0025,hm-m05-g2-L8-n3-beta1__N0096__Aminus_0p0025,hm-m05-g2-L8-n3-beta1,96,0.0025,36,3.0,0.9976879920577632,0.9980620755182925
hm-m05-g2-L8-n3-beta1__N0096__Aplus_0p0025,hm-m05-g2-L8-n3-beta1__N0096__Aminus_0p0025,hm-m05-g2-L8-n3-beta1,96,0.0025,37,3.083333333333333,0.9977927132101655,0.9981498459909647
hm-m05-g2-L8-n3-beta1__N0096__Aplus_0p0025,hm-m05-g2-L8-n3-beta1__N0096__Aminus_0p0025,hm-m05-g2-L8-n3-beta1,96,0.0025,38,3.1666666666666665,0.997918643230758,0.9982553910987458
hm-m05-g2-L8-n3-beta1__N0096__Aplus_0p0025,hm-m05-g2-L8-n3-beta1__N0096__Aminus_0p0025,hm-m05-g2-L8-n3-beta1,96,0.0025,39,3.25,0.9980645750772509,0.9983776985161885
hm-m05-g2-L8-n3-beta1__N0096__Aplus_0p0025,hm-m05-g2-L8-n3-beta1__N0096__Aminus_0p0025,hm-m05-g2-L8-n3-beta1,96,0.0025,40,3.333333333333333,0.998229109566815,0.9985155948398262
hm-m05-g2-L8-n3-beta1__N0096__Aplus_0p0025,hm-m05-g2-L8-n3-beta1__N0096__Aminus_0p0025,hm-m05-g2-L8-n3-beta1,96,0.0025,41,3.4166666666666665,0.9984106686120284,0.9986677567166117
hm-m05-g2-L8-n3-beta1__N0096__Aplus_0p0025,hm-m05-g2-L8-n3-beta1__N0096__Aminus_0p0025,hm-m05-g2-L8-n3-beta1,96,0.0025,42,3.5,0.9986075101701881,0.9988327234094962
hm-m05-g2-L8-n3-beta1__N0096__Aplus_0p0025,hm-m05-g2-L8-n3-beta1__N0096__Aminus_0p0025,hm-m05-g2-L8-n3-beta1,96,0.0025,43,3.583333333333333,0.9988177447715554,0.9990089106860005
hm-m05-g2-L8-n3-beta1__N0096__Aplus_0p0025,hm-m05-g2-L8-n3-beta1__N0096__Aminus_0p0025,hm-m05-g2-L8-n3-beta1,96,0.0025,44,3.6666666666666665,0.9990393534769105,0.9991946259028901
hm-m05-g2-L8-n3-beta1__N0096__Aplus_0p0025,hm-m05-g2-L8-n3-beta1__N0096__Aminus_0p0025,hm-m05-g2-L8-n3-beta1,96,0.0025,45,3.75,0.9992702071006555,0.9993880841483029
hm-m05-g2-L8-n3-beta1__N0096__Aplus_0p0025,hm-m05-g2-L8-n3-beta1__N0096__Aminus_0p0025,hm-m05-g2-L8-n3-beta1,96,0.0025,46,3.833333333333333,0.9995080865228086,0.9995874252919752
hm-m05-g2-L8-n3-beta1__N0096__Aplus_0p0025,hm-m05-g2-L8-n3-beta1__N0096__Aminus_0p0025,hm-m05-g2-L8-n3-beta1,96,0.0025,47,3.9166666666666665,0.9997507039017002,0.9997907317847277
hm-m05-g2-L8-n3-beta1__N0096__Aplus_0p0025,hm-m05-g2-L8-n3-beta1__N0096__Aminus_0p0025,hm-m05-g2-L8-n3-beta1,96,0.0025,48,4.0,0.9999957245891828,0.9999960470402081
hm-m05-g2-L8-n3-beta1__N0096__Aplus_0p0025,hm-m05-g2-L8-n3-beta1__N0096__Aminus_0p0025,hm-m05-g2-L8-n3-beta1,96,0.0025,49,4.083333333333333,1.0002407895418415,1.000201394225158
hm-m05-g2-L8-n3-beta1__N0096__Aplus_0p0025,hm-m05-g2-L8-n3-beta1__N0096__Aminus_0p0025,hm-m05-g2-L8-n3-beta1,96,0.0025,50,4.166666666666666,1.000483538015173,1.0004047952792876
hm-m05-g2-L8-n3-beta1__N0096__Aplus_0p0025,hm-m05-g2-L8-n3-beta1__N0096__Aminus_0p0025,hm-m05-g2-L8-n3-beta1,96,0.0025,51,4.25,1.0007216303231397,1.0006042899823058
hm-m05-g2-L8-n3-beta1__N0096__Aplus_0p0025,hm-m05-g2-L8-n3-beta1__N0096__Aminus_0p0025,hm-m05-g2-L8-n3-beta1,96,0.0025,52,4.333333333333333,1.0009527704429813,1.000797954883836
hm-m05-g2-L8-n3-beta1__N0096__Aplus_0p0025,hm-m05-g2-L8-n3-beta1__N0096__Aminus_0p0025,hm-m05-g2-L8-n3-beta1,96,0.0025,53,4.416666666666666,1.0011747282448225,1.0009839219119383
hm-m05-g2-L8-n3-beta1__N0096__Aplus_0p0025,hm-m05-g2-L8-n3-beta1__N0096__Aminus_0p0025,hm-m05-g2-L8-n3-beta1,96,0.0025,54,4.5,1.0013853611274743,1.0011603964777898
hm-m05-g2-L8-n3-beta1__N0096__Aplus_0p0025,hm-m05-g2-L8-n3-beta1__N0096__Aminus_0p0025,hm-m05-g2-L8-n3-beta1,96,0.0025,55,4.583333333333333,1.0015826348459826,1.0013256748977897
hm-m05-g2-L8-n3-beta1__N0096__Aplus_0p0025,hm-m05-g2-L8-n3-beta1__N0096__Aminus_0p0025,hm-m05-g2-L8-n3-beta1,96,0.0025,56,4.666666666666666,1.0017646433229241,1.001478160959962
hm-m05-g2-L8-n3-beta1__N0096__Aplus_0p0025,hm-m05-g2-L8-n3-beta1__N0096__Aminus_0p0025,hm-m05-g2-L8-n3-beta1,96,0.0025,57,4.75,1.0019296272441842,1.0016163814689958
hm-m05-g2-L8-n3-beta1__N0096__Aplus_0p0025,hm-m05-g2-L8-n3-beta1__N0096__Aminus_0p0025,hm-m05-g2-L8-n3-beta1,96,0.0025,58,4.833333333333333,1.0020759912509352,1.0017390006135807
hm-m05-g2-L8-n3-beta1__N0096__Aplus_0p0025,hm-m05-g2-L8-n3-beta1__N0096__Aminus_0p0025,hm-m05-g2-L8-n3-beta1,96,0.0025,59,4.916666666666666,1.0022023195526764,1.0018448330107494
hm-m05-g2-L8-n3-beta1__N0096__Aplus_0p0025,hm-m05-g2-L8-n3-beta1__N0096__Aminus_0p0025,hm-m05-g2-L8-n3-beta1,96,0.0025,60,5.0,1.0023073898014048,1.0019328552946822
hm-m05-g2-L8-n3-beta1__N0096__Aplus_0p0025,hm-m05-g2-L8-n3-beta1__N0096__Aminus_0p0025,hm-m05-g2-L8-n3-beta1,96,0.0025,61,5.083333333333333,1.0023901850840917,1.0020022161317
hm-m05-g2-L8-n3-beta1__N0096__Aplus_0p0025,hm-m05-g2-L8-n3-beta1__N0096__Aminus_0p0025,hm-m05-g2-L8-n3-beta1,96,0.0025,62,5.166666666666666,1.0024499039094867,1.0020522445588482
hm-m05-g2-L8-n3-beta1__N0096__Aplus_0p0025,hm-m05-g2-L8-n3-beta1__N0096__Aminus_0p0025,hm-m05-g2-L8-n3-beta1,96,0.0025,63,5.25,1.0024859680856264,1.0020824565603768
hm-m05-g2-L8-n3-beta1__N0096__Aplus_0p0025,hm-m05-g2-L8-n3-beta1__N0096__Aminus_0p0025,hm-m05-g2-L8-n3-beta1,96,0.0025,64,5.333333333333333,1.0024980284060798,1.0020925598143484
hm-m05-g2-L8-n3-beta1__N0096__Aplus_0p0025,hm-m05-g2-L8-n3-beta1__N0096__Aminus_0p0025,hm-m05-g2-L8-n3-beta1,96,0.0025,65,5.416666666666666,1.0024859680856266,1.0020824565603776
hm-m05-g2-L8-n3-beta1__N0096__Aplus_0p0025,hm-m05-g2-L8-n3-beta1__N0096__Aminus_0p0025,hm-m05-g2-L8-n3-beta1,96,0.0025,66,5.5,1.0024499039094872,1.00205224455885
hm-m05-g2-L8-n3-beta1__N0096__Aplus_0p0025,hm-m05-g2-L8-n3-beta1__N0096__Aminus_0p0025,hm-m05-g2-L8-n3-beta1,96,0.0025,67,5.583333333333333,1.0023901850840924,1.0020022161317024
hm-m05-g2-L8-n3-beta1__N0096__Aplus_0p0025,hm-m05-g2-L8-n3-beta1__N0096__Aminus_0p0025,hm-m05-g2-L8-n3-beta1,96,0.0025,68,5.666666666666666,1.0023073898014057,1.0019328552946853
hm-m05-g2-L8-n3-beta1__N0096__Aplus_0p0025,hm-m05-g2-L8-n3-beta1__N0096__Aminus_0p0025,hm-m05-g2-L8-n3-beta1,96,0.0025,69,5.75,1.0022023195526775,1.001844833010753
hm-m05-g2-L8-n3-beta1__N0096__Aplus_0p0025,hm-m05-g2-L8-n3-beta1__N0096__Aminus_0p0025,hm-m05-g2-L8-n3-beta1,96,0.0025,70,5.833333333333333,1.0020759912509367,1.0017390006135847
hm-m05-g2-L8-n3-beta1__N0096__Aplus_0p0025,hm-m05-g2-L8-n3-beta1__N0096__Aminus_0p0025,hm-m05-g2-L8-n3-beta1,96,0.0025,71,5.916666666666666,1.0019296272441862,1.0016163814690004
hm-m05-g2-L8-n3-beta1__N0096__Aplus_0p0025,hm-m05-g2-L8-n3-beta1__N0096__Aminus_0p0025,hm-m05-g2-L8-n3-beta1,96,0.0025,72,6.0,1.0017646433229264,1.0014781609599672
hm-m05-g2-L8-n3-beta1__N0096__Aplus_0p0025,hm-m05-g2-L8-n3-beta1__N0096__Aminus_0p0025,hm-m05-g2-L8-n3-beta1,96,0.0025,73,6.083333333333333,1.0015826348459855,1.0013256748977957
hm-m05-g2-L8-n3-beta1__N0096__Aplus_0p0025,hm-m05-g2-L8-n3-beta1__N0096__Aminus_0p0025,hm-m05-g2-L8-n3-beta1,96,0.0025,74,6.166666666666666,1.0013853611274774,1.0011603964777962
hm-m05-g2-L8-n3-beta1__N0096__Aplus_0p0025,hm-m05-g2-L8-n3-beta1__N0096__Aminus_0p0025,hm-m05-g2-L8-n3-beta1,96,0.0025,75,6.25,1.0011747282448262,1.0009839219119452
hm-m05-g2-L8-n3-beta1__N0096__Aplus_0p0025,hm-m05-g2-L8-n3-beta1__N0096__Aminus_0p0025,hm-m05-g2-L8-n3-beta1,96,0.0025,76,6.333333333333333,1.0009527704429855,1.0007979548838435
hm-m05-g2-L8-n3-beta1__N0096__Aplus_0p0025,hm-m05-g2-L8-n3-beta1__N0096__Aminus_0p0025,hm-m05-g2-L8-n3-beta1,96,0.0025,77,6.416666666666666,1.0007216303231445,1.0006042899823138
hm-m05-g2-L8-n3-beta1__N0096__Aplus_0p0025,hm-m05-g2-L8-n3-beta1__N0096__Aminus_0p0025,hm-m05-g2-L8-n3-beta1,96,0.0025,78,6.5,1.0004835380151784,1.0004047952792958
hm-m05-g2-L8-n3-beta1__N0096__Aplus_0p0025,hm-m05-g2-L8-n3-beta1__N0096__Aminus_0p0025,hm-m05-g2-L8-n3-beta1,96,0.0025,79,6.583333333333333,1.0002407895418473,1.0002013942251666
hm-m05-g2-L8-n3-beta1__N0096__Aplus_0p0025,hm-m05-g2-L8-n3-beta1__N0096__Aminus_0p0025,hm-m05-g2-L8-n3-beta1,96,0.0025,80,6.666666666666666,0.9999957245891893,0.9999960470402173
hm-m05-g2-L8-n3-beta1__N0096__Aplus_0p0025,hm-m05-g2-L8-n3-beta1__N0096__Aminus_0p0025,hm-m05-g2-L8-n3-beta1,96,0.0025,81,6.75,0.9997507039017071,0.9997907317847373
hm-m05-g2-L8-n3-beta1__N0096__Aplus_0p0025,hm-m05-g2-L8-n3-beta1__N0096__Aminus_0p0025,hm-m05-g2-L8-n3-beta1,96,0.0025,82,6.833333333333333,0.9995080865228161,0.9995874252919853
hm-m05-g2-L8-n3-beta1__N0096__Aplus_0p0025,hm-m05-g2-L8-n3-beta1__N0096__Aminus_0p0025,hm-m05-g2-L8-n3-beta1,96,0.0025,83,6.916666666666666,0.9992702071006635,0.9993880841483134
hm-m05-g2-L8-n3-beta1__N0096__Aplus_0p0025,hm-m05-g2-L8-n3-beta1__N0096__Aminus_0p0025,hm-m05-g2-L8-n3-beta1,96,0.0025,84,7.0,0.999039353476919,0.9991946259029005
hm-m05-g2-L8-n3-beta1__N0096__Aplus_0p0025,hm-m05-g2-L8-n3-beta1__N0096__Aminus_0p0025,hm-m05-g2-L8-n3-beta1,96,0.0025,85,7.083333333333333,0.9988177447715644,0.9990089106860109
hm-m05-g2-L8-n3-beta1__N0096__Aplus_0p0025,hm-m05-g2-L8-n3-beta1__N0096__Aminus_0p0025,hm-m05-g2-L8-n3-beta1,96,0.0025,86,7.166666666666666,0.9986075101701974,0.9988327234095065
hm-m05-g2-L8-n3-beta1__N0096__Aplus_0p0025,hm-m05-g2-L8-n3-beta1__N0096__Aminus_0p0025,hm-m05-g2-L8-n3-beta1,96,0.0025,87,7.25,0.9984106686120382,0.9986677567166218
hm-m05-g2-L8-n3-beta1__N0096__Aplus_0p0025,hm-m05-g2-L8-n3-beta1__N0096__Aminus_0p0025,hm-m05-g2-L8-n3-beta1,96,0.0025,88,7.333333333333333,0.998229109566825,0.9985155948398365
hm-m05-g2-L8-n3-beta1__N0096__Aplus_0p0025,hm-m05-g2-L8-n3-beta1__N0096__Aminus_0p0025,hm-m05-g2-L8-n3-beta1,96,0.0025,89,7.416666666666666,0.9980645750772612,0.9983776985161992
hm-m05-g2-L8-n3-beta1__N0096__Aplus_0p0025,hm-m05-g2-L8-n3-beta1__N0096__Aminus_0p0025,hm-m05-g2-L8-n3-beta1,96,0.0025,90,7.5,0.9979186432307685,0.9982553910987566
hm-m05-g2-L8-n3-beta1__N0096__Aplus_0p0025,hm-m05-g2-L8-n3-beta1__N0096__Aminus_0p0025,hm-m05-g2-L8-n3-beta1,96,0.0025,91,7.583333333333333,0.9977927132101762,0.9981498459909753
hm-m05-g2-L8-n3-beta1__N0096__Aplus_0p0025,hm-m05-g2-L8-n3-beta1__N0096__Aminus_0p0025,hm-m05-g2-L8-n3-beta1,96,0.0025,92,7.666666666666666,0.9976879920577738,0.9980620755183032
hm-m05-g2-L8-n3-beta1__N0096__Aplus_0p0025,hm-m05-g2-L8-n3-beta1__N0096__Aminus_0p0025,hm-m05-g2-L8-n3-beta1,96,0.0025,93,7.75,0.9976054832710232,0.9979929213374508
hm-m05-g2-L8-n3-beta1__N0096__Aplus_0p0025,hm-m05-g2-L8-n3-beta1__N0096__Aminus_0p0025,hm-m05-g2-L8-n3-beta1,96,0.0025,94,7.833333333333333,0.9975459773313059,0.9979430464696891
hm-m05-g2-L8-n3-beta1__N0096__Aplus_0p0025,hm-m05-g2-L8-n3-beta1__N0096__Aminus_0p0025,hm-m05-g2-L8-n3-beta1,96,0.0025,95,7.916666666666666,0.9975100442495156,0.9979129290295654
hm-m05-g2-L8-n3-beta1__N0096__Aplus_0p0025,hm-m05-g2-L8-n3-beta1__N0096__Aminus_0p0025,hm-m05-g2-L8-n3-beta1,96,0.0025,96,8.0,0.9974980281942063,0.9979028577050731
hm-m05-g2-L8-n3-beta1__N0096__Aplus_0p005,hm-m05-g2-L8-n3-beta1__N0096__Aminus_0p005,hm-m05-g2-L8-n3-beta1,96,0.005,0,0.0,1.0049921140413174,1.0041805064099745
hm-m05-g2-L8-n3-beta1__N0096__Aplus_0p005,hm-m05-g2-L8-n3-beta1__N0096__Aminus_0p005,hm-m05-g2-L8-n3-beta1,96,0.005,1,0.08333333333333333,1.0049679491056929,1.0041602680666577
hm-m05-g2-L8-n3-beta1__N0096__Aplus_0p005,hm-m05-g2-L8-n3-beta1__N0096__Aminus_0p005,hm-m05-g2-L8-n3-beta1,96,0.005,2,0.16666666666666666,1.004895689572774,1.004099749788181
hm-m05-g2-L8-n3-beta1__N0096__Aplus_0p005,hm-m05-g2-L8-n3-beta1__N0096__Aminus_0p005,hm-m05-g2-L8-n3-beta1,96,0.005,3,0.25,1.00477603890039,1.0039995398629422
hm-m05-g2-L8-n3-beta1__N0096__Aplus_0p005,hm-m05-g2-L8-n3-beta1__N0096__Aminus_0p005,hm-m05-g2-L8-n3-beta1,96,0.005,4,0.3333333333333333,1.0046101616646887,1.0038606122398885
hm-m05-g2-L8-n3-beta1__N0096__Aplus_0p005,hm-m05-g2-L8-n3-beta1__N0096__Aminus_0p005,hm-m05-g2-L8-n3-beta1,96,0.005,5,0.41666666666666663,1.0043996718723207,1.0036843168065566
hm-m05-g2-L8-n3-beta1__N0096__Aplus_0p005,hm-m05-g2-L8-n3-beta1__N0096__Aminus_0p005,hm-m05-g2-L8-n3-beta1,96,0.005,6,0.5,1.004146616781118,1.0034723659284284
hm-m05-g2-L8-n3-beta1__N0096__Aplus_0p005,hm-m05-g2-L8-n3-beta1__N0096__Aminus_0p005,hm-m05-g2-L8-n3-beta1,96,0.005,7,0.5833333333333333,1.0038534564095802,1.0032268173970746
hm-m05-g2-L8-n3-beta1__N0096__Aplus_0p005,hm-m05-g2-L8-n3-beta1__N0096__Aminus_0p005,hm-m05-g2-L8-n3-beta1,96,0.005,8,0.6666666666666666,1.0035230389623273,1.002950053973024
hm-m05-g2-L8-n3-beta1__N0096__Aplus_0p005,hm-m05-g2-L8-n3-beta1__N0096__Aminus_0p005,hm-m05-g2-L8-n3-beta1,96,0.005,9,0.75,1.0031585724422076,1.0026447597451185
hm-m05-g2-L8-n3-beta1__N0096__Aplus_0p005,hm-m05-g2-L8-n3-beta1__N0096__Aminus_0p005,hm-m05-g2-L8-n3-beta1,96,0.005,10,0.8333333333333333,1.002763592759342,1.00231389356083
hm-m05-g2-L8-n3-beta1__N0096__Aplus_0p005,hm-m05-g2-L8-n3-beta1__N0096__Aminus_0p005,hm-m05-g2-L8-n3-beta1,96,0.005,11,0.9166666666666666,1.0023419286825768,1.0019606598112443
hm-m05-g2-L8-n3-beta1__N0096__Aplus_0p005,hm-m05-g2-L8-n3-beta1__N0096__Aminus_0p005,hm-m05-g2-L8-n3-beta1,96,0.005,12,1.0,1.0018976640091974,1.0015884768798264
hm-m05-g2-L8-n3-beta1__N0096__Aplus_0p005,hm-m05-g2-L8-n3-beta1__N0096__Aminus_0p005,hm-m05-g2-L8-n3-beta1,96,0.005,13,1.0833333333333333,1.0014350973540362,1.0012009435854416
hm-m05-g2-L8-n3-beta1__N0096__Aplus_0p005,hm-m05-g2-L8-n3-beta1__N0096__Aminus_0p005,hm-m05-g2-L8-n3-beta1,96,0.005,14,1.1666666666666665,1.0009586999791193,1.000801803967258
hm-m05-g2-L8-n3-beta1__N0096__Aplus_0p005,hm-m05-g2-L8-n3-beta1__N0096__Aminus_0p005,hm-m05-g2-L8-n3-beta1,96,0.005,15,1.25,1.0004730720996355,1.0003949107720145
hm-m05-g2-L8-n3-beta1__N0096__Aplus_0p005,hm-m05-g2-L8-n3-beta1__N0096__Aminus_0p005,hm-m05-g2-L8-n3-beta1,96,0.005,16,1.3333333333333333,0.999982898111328,0.9999841880127124
hm-m05-g2-L8-n3-beta1__N0096__Aplus_0p005,hm-m05-g2-L8-n3-beta1__N0096__Aminus_0p005,hm-m05-g2-L8-n3-beta1,96,0.005,17,1.4166666666666665,0.9994929011884973,0.999573592972144
hm-m05-g2-L8-n3-beta1__N0096__Aplus_0p005,hm-m05-g2-L8-n3-beta1__N0096__Aminus_0p005,hm-m05-g2-L8-n3-beta1,96,0.005,18,1.5,0.9990077977008883,0.9991670780249502
hm-m05-g2-L8-n3-beta1__N0096__Aplus_0p005,hm-m05-g2-L8-n3-beta1__N0096__Aminus_0p005,hm-m05-g2-L8-n3-beta1,96,0.005,19,1.5833333333333333,0.9985322518920756,0.9987685526482964
hm-m05-g2-L8-n3-beta1__N0096__Aplus_0p005,hm-m05-g2-L8-n3-beta1__N0096__Aminus_0p005,hm-m05-g2-L8-n3-beta1,96,0.005,20,1.6666666666666665,0.9980708312519166,0.9983818459840016
hm-m05-g2-L8-n3-beta1__N0096__Aplus_0p005,hm-m05-g2-L8-n3-beta1__N0096__Aminus_0p005,hm-m05-g2-L8-n3-beta1,96,0.005,21,1.75,0.9976279630015775,0.9980106703043465
hm-m05-g2-L8-n3-beta1__N0096__Aplus_0p005,hm-m05-g2-L8-n3-beta1__N0096__Aminus_0p005,hm-m05-g2-L8-n3-beta1,96,0.005,22,1.8333333333333333,0.9972078920919903,0.9976585857201201
hm-m05-g2-L8-n3-beta1__N0096__Aplus_0p005,hm-m05-g2-L8-n3-beta1__N0096__Aminus_0p005,hm-m05-g2-L8-n3-beta1,96,0.005,23,1.9166666666666665,0.9968146410957954,0.9973289664530439
hm-m05-g2-L8-n3-beta1__N0096__Aplus_0p005,hm-m05-g2-L8-n3-beta1__N0096__Aminus_0p005,hm-m05-g2-L8-n3-beta1,96,0.005,24,2.0,0.9964519723492973,0.9970249689758991
hm-m05-g2-L8-n3-beta1__N0096__Aplus_0p005,hm-m05-g2-L8-n3-beta1__N0096__Aminus_0p005,hm-m05-g2-L8-n3-beta1,96,0.005,25,2.083333333333333,0.9961233526751557,0.9967495023027619
hm-m05-g2-L8-n3-beta1__N0096__Aplus_0p005,hm-m05-g2-L8-n3-beta1__N0096__Aminus_0p005,hm-m05-g2-L8-n3-beta1,96,0.005,26,2.1666666666666665,0.9958319209888354,0.9965052006890552
hm-m05-g2-L8-n3-beta1__N0096__Aplus_0p005,hm-m05-g2-L8-n3-beta1__N0096__Aminus_0p005,hm-m05-g2-L8-n3-beta1,96,0.005,27,2.25,0.9955804590626357,0.9962943989769375
hm-m05-g2-L8-n3-beta1__N0096__Aplus_0p005,hm-m05-g2-L8-n3-beta1__N0096__Aminus_0p005,hm-m05-g2-L8-n3-beta1,96,0.005,28,2.333333333333333,0.9953713656907421,0.9961191107961364
hm-m05-g2-L8-n3-beta1__N0096__Aplus_0p005,hm-m05-g2-L8-n3-beta1__N0096__Aminus_0p005,hm-m05-g2-L8-n3-beta1,96,0.005,29,2.4166666666666665,0.9952066344674774,0.99598100980394
hm-m05-g2-L8-n3-beta1__N0096__Aplus_0p005,hm-m05-g2-L8-n3-beta1__N0096__Aminus_0p005,hm-m05-g2-L8-n3-beta1,96,0.005,30,2.5,0.9950878353590221,0.9958814141208817
hm-m05-g2-L8-n3-beta1__N0096__Aplus_0p005,hm-m05-g2-L8-n3-beta1__N0096__Aminus_0p005,hm-m05-g2-L8-n3-beta1,96,0.005,31,2.583333333333333,0.9950161002165241,0.9958212740908888
hm-m05-g2-L8-n3-beta1__N0096__Aplus_0p005,hm-m05-g2-L8-n3-beta1__N0096__Aminus_0p005,hm-m05-g2-L8-n3-beta1,96,0.005,32,2.6666666666666665,0.9949921123458653,0.9958011634664573
hm-m05-g2-L8-n3-beta1__N0096__Aplus_0p005,hm-m05-g2-L8-n3-beta1__N0096__Aminus_0p005,hm-m05-g2-L8-n3-beta1,96,0.005,33,2.75,0.9950161002165222,0.9958212740908867
hm-m05-g2-L8-n3-beta1__N0096__Aplus_0p005,hm-m05-g2-L8-n3-beta1__N0096__Aminus_0p005,hm-m05-g2-L8-n3-beta1,96,0.005,34,2.833333333333333,0.9950878353590182,0.9958814141208775
hm-m05-g2-L8-n3-beta1__N0096__Aplus_0p005,hm-m05-g2-L8-n3-beta1__N0096__Aminus_0p005,hm-m05-g2-L8-n3-beta1,96,0.005,35,2.9166666666666665,0.9952066344674716,0.9959810098039336
hm-m05-g2-L8-n3-beta1__N0096__Aplus_0p005,hm-m05-g2-L8-n3-beta1__N0096__Aminus_0p005,hm-m05-g2-L8-n3-beta1,96,0.005,36,3.0,0.9953713656907345,0.9961191107961278
hm-m05-g2-L8-n3-beta1__N0096__Aplus_0p005,hm-m05-g2-L8-n3-beta1__N0096__Aminus_0p005,hm-m05-g2-L8-n3-beta1,96,0.005,37,3.083333333333333,0.9955804590626263,0.9962943989769272
hm-m05-g2-L8-n3-beta1__N0096__Aplus_0p005,hm-m05-g2-L8-n3-beta1__N0096__Aminus_0p005,hm-m05-g2-L8-n3-beta1,96,0.005,38,3.1666666666666665,0.9958319209888242,0.9965052006890434
hm-m05-g2-L8-n3-beta1__N0096__Aplus_0p005,hm-m05-g2-L8-n3-beta1__N0096__Aminus_0p005,hm-m05-g2-L8-n3-beta1,96,0.005,39,3.25,0.9961233526751428,0.9967495023027481
hm-m05-g2-L8-n3-beta1__N0096__Aplus_0p005,hm-m05-g2-L8-n3-beta1__N0096__Aminus_0p005,hm-m05-g2-L8-n3-beta1,96,0.005,40,3.333333333333333,0.9964519723492828,0.9970249689758834
hm-m05-g2-L8-n3-beta1__N0096__Aplus_0p005,hm-m05-g2-L8-n3-beta1__N0096__Aminus_0p005,hm-m05-g2-L8-n3-beta1,96,0.005,41,3.4166666666666665,0.9968146410957794,0.9973289664530265
hm-m05-g2-L8-n3-beta1__N0096__Aplus_0p005,hm-m05-g2-L8-n3-beta1__N0096__Aminus_0p005,hm-m05-g2-L8-n3-beta1,96,0.005,42,3.5,0.997207892091973,0.997658585720101
hm-m05-g2-L8-n3-beta1__N0096__Aplus_0p005,hm-m05-g2-L8-n3-beta1__N0096__Aminus_0p005,hm-m05-g2-L8-n3-beta1,96,0.005,43,3.583333333333333,0.9976279630015589,0.9980106703043256
hm-m05-g2-L8-n3-beta1__N0096__Aplus_0p005,hm-m05-g2-L8-n3-beta1__N0096__Aminus_0p005,hm-m05-g2-L8-n3-beta1,96,0.005,44,3.6666666666666665,0.9980708312518968,0.9983818459839786
hm-m05-g2-L8-n3-beta1__N0096__Aplus_0p005,hm-m05-g2-L8-n3-beta1__N0096__Aminus_0p005,hm-m05-g2-L8-n3-beta1,96,0.005,45,3.75,0.9985322518920546,0.9987685526482718
hm-m05-g2-L8-n3-beta1__N0096__Aplus_0p005,hm-m05-g2-L8-n3-beta1__N0096__Aminus_0p005,hm-m05-g2-L8-n3-beta1,96,0.005,46,3.833333333333333,0.9990077977008663,0.9991670780249239
hm-m05-g2-L8-n3-beta1__N0096__Aplus_0p005,hm-m05-g2-L8-n3-beta1__N0096__Aminus_0p005,hm-m05-g2-L8-n3-beta1,96,0.005,47,3.9166666666666665,0.9994929011884746,0.9995735929721163
hm-m05-g2-L8-n3-beta1__N0096__Aplus_0p005,hm-m05-g2-L8-n3-beta1__N0096__Aminus_0p005,hm-m05-g2-L8-n3-beta1,96,0.005,48,4.0,0.9999828981113044,0.999984188012684
hm-m05-g2-L8-n3-beta1__N0096__Aplus_0p005,hm-m05-g2-L8-n3-beta1__N0096__Aminus_0p005,hm-m05-g2-L8-n3-beta1,96,0.005,49,4.083333333333333,1.0004730720996113,1.0003949107719852
hm-m05-g2-L8-n3-beta1__N0096__Aplus_0p005,hm-m05-g2-L8-n3-beta1__N0096__Aminus_0p005,hm-m05-g2-L8-n3-beta1,96,0.005,50,4.166666666666666,1.0009586999790945,1.000801803967228
hm-m05-g2-L8-n3-beta1__N0096__Aplus_0p005,hm-m05-g2-L8-n3-beta1__N0096__Aminus_0p005,hm-m05-g2-L8-n3-beta1,96,0.005,51,4.25,1.001435097354011,1.0012009435854108
hm-m05-g2-L8-n3-beta1__N0096__Aplus_0p005,hm-m05-g2-L8-n3-beta1__N0096__Aminus_0p005,hm-m05-g2-L8-n3-beta1,96,0.005,52,4.333333333333333,1.0018976640091717,1.0015884768797951
hm-m05-g2-L8-n3-beta1__N0096__Aplus_0p005,hm-m05-g2-L8-n3-beta1__N0096__Aminus_0p005,hm-m05-g2-L8-n3-beta1,96,0.005,53,4.416666666666666,1.0023419286825506,1.0019606598112125
hm-m05-g2-L8-n3-beta1__N0096__Aplus_0p005,hm-m05-g2-L8-n3-beta1__N0096__Aminus_0p005,hm-m05-g2-L8-n3-beta1,96,0.005,54,4.5,1.0027635927593157,1.0023138935607978
hm-m05-g2-L8-n3-beta1__N0096__Aplus_0p005,hm-m05-g2-L8-n3-beta1__N0096__Aminus_0p005,hm-m05-g2-L8-n3-beta1,96,0.005,55,4.583333333333333,1.0031585724421812,1.0026447597450863
hm-m05-g2-L8-n3-beta1__N0096__Aplus_0p005,hm-m05-g2-L8-n3-beta1__N0096__Aminus_0p005,hm-m05-g2-L8-n3-beta1,96,0.005,56,4.666666666666666,1.0035230389623009,1.002950053972992
hm-m05-g2-L8-n3-beta1__N0096__Aplus_0p005,hm-m05-g2-L8-n3-beta1__N0096__Aminus_0p005,hm-m05-g2-L8-n3-beta1,96,0.005,57,4.75,1.0038534564095538,1.003226817397043
hm-m05-g2-L8-n3-beta1__N0096__Aplus_0p005,hm-m05-g2-L8-n3-beta1__N0096__Aminus_0p005,hm-m05-g2-L8-n3-beta1,96,0.005,58,4.833333333333333,1.004146616781092,1.0034723659283968
hm-m05-g2-L8-n3-beta1__N0096__Aplus_0p005,hm-m05-g2-L8-n3-beta1__N0096__Aminus_0p005,hm-m05-g2-L8-n3-beta1,96,0.005,59,4.916666666666666,1.004399671872295,1.0036843168065253
hm-m05-g2-L8-n3-beta1__N0096__Aplus_0p005,hm-m05-g2-L8-n3-beta1__N0096__Aminus_0p005,hm-m05-g2-L8-n3-beta1,96,0.005,60,5.0,1.0046101616646634,1.0038606122398577
hm-m05-g2-L8-n3-beta1__N0096__Aplus_0p005,hm-m05-g2-L8-n3-beta1__N0096__Aminus_0p005,hm-m05-g2-L8-n3-beta1,96,0.005,61,5.083333333333333,1.004776038900365,1.0039995398629125
hm-m05-g2-L8-n3-beta1__N0096__Aplus_0p005,hm-m05-g2-L8-n3-beta1__N0096__Aminus_0p005,hm-m05-g2-L8-n3-beta1,96,0.005,62,5.166666666666666,1.0048956895727499,1.0040997497881523
hm-m05-g2-L8-n3-beta1__N0096__Aplus_0p005,hm-m05-g2-L8-n3-beta1__N0096__Aminus_0p005,hm-m05-g2-L8-n3-beta1,96,0.005,63,5.25,1.0049679491056696,1.0041602680666302
hm-m05-g2-L8-n3-beta1__N0096__Aplus_0p005,hm-m05-g2-L8-n3-beta1__N0096__Aminus_0p005,hm-m05-g2-L8-n3-beta1,96,0.005,64,5.333333333333333,1.004992114041295,1.0041805064099483
hm-m05-g2-L8-n3-beta1__N0096__Aplus_0p005,hm-m05-g2-L8-n3-beta1__N0096__Aminus_0p005,hm-m05-g2-L8-n3-beta1,96,0.005,65,5.416666666666666,1.0049679491056713,1.004160268066633
hm-m05-g2-L8-n3-beta1__N0096__Aplus_0p005,hm-m05-g2-L8-n3-beta1__N0096__Aminus_0p005,hm-m05-g2-L8-n3-beta1,96,0.005,66,5.5,1.0048956895727534,1.0040997497881579
hm-m05-g2-L8-n3-beta1__N0096__Aplus_0p005,hm-m05-g2-L8-n3-beta1__N0096__Aminus_0p005,hm-m05-g2-L8-n3-beta1,96,0.005,67,5.583333333333333,1.0047760389003706,1.0039995398629205
hm-m05-g2-L8-n3-beta1__N0096__Aplus_0p005,hm-m05-g2-L8-n3-beta1__N0096__Aminus_0p005,hm-m05-g2-L8-n3-beta1,96,0.005,68,5.666666666666666,1.0046101616646708,1.003860612239868
hm-m05-g2-L8-n3-beta1__N0096__Aplus_0p005,hm-m05-g2-L8-n3-beta1__N0096__Aminus_0p005,hm-m05-g2-L8-n3-beta1,96,0.005,69,5.75,1.004399671872304,1.0036843168065377
hm-m05-g2-L8-n3-beta1__N0096__Aplus_0p005,hm-m05-g2-L8-n3-beta1__N0096__Aminus_0p005,hm-m05-g2-L8-n3-beta1,96,0.005,70,5.833333333333333,1.0041466167811028,1.0034723659284115
hm-m05-g2-L8-n3-beta1__N0096__Aplus_0p005,hm-m05-g2-L8-n3-beta1__N0096__Aminus_0p005,hm-m05-g2-L8-n3-beta1,96,0.005,71,5.916666666666666,1.0038534564095665,1.0032268173970598
hm-m05-g2-L8-n3-beta1__N0096__Aplus_0p005,hm-m05-g2-L8-n3-beta1__N0096__Aminus_0p005,hm-m05-g2-L8-n3-beta1,96,0.005,72,6.0,1.0035230389623153,1.0029500539730112
hm-m05-g2-L8-n3-beta1__N0096__Aplus_0p005,hm-m05-g2-L8-n3-beta1__N0096__Aminus_0p005,hm-m05-g2-L8-n3-beta1,96,0.005,73,6.083333333333333,1.0031585724421972,1.0026447597451074
hm-m05-g2-L8-n3-beta1__N0096__Aplus_0p005,hm-m05-g2-L8-n3-beta1__N0096__Aminus_0p005,hm-m05-g2-L8-n3-beta1,96,0.005,74,6.166666666666666,1.0027635927593332,1.0023138935608207
hm-m05-g2-L8-n3-beta1__N0096__Aplus_0p005,hm-m05-g2-L8-n3-beta1__N0096__Aminus_0p005,hm-m05-g2-L8-n3-beta1,96,0.005,75,6.25,1.0023419286825699,1.001960659811237
hm-m05-g2-L8-n3-beta1__N0096__Aplus_0p005,hm-m05-g2-L8-n3-beta1__N0096__Aminus_0p005,hm-m05-g2-L8-n3-beta1,96,0.005,76,6.333333333333333,1.0018976640091923,1.001588476879821
hm-m05-g2-L8-n3-beta1__N0096__Aplus_0p005,hm-m05-g2-L8-n3-beta1__N0096__Aminus_0p005,hm-m05-g2-L8-n3-beta1,96,0.005,77,6.416666666666666,1.0014350973540331,1.0012009435854383
hm-m05-g2-L8-n3-beta1__N0096__Aplus_0p005,hm-m05-g2-L8-n3-beta1__N0096__Aminus_0p005,hm-m05-g2-L8-n3-beta1,96,0.005,78,6.5,1.000958699979118,1.0008018039672568
hm-m05-g2-L8-n3-beta1__N0096__Aplus_0p005,hm-m05-g2-L8-n3-beta1__N0096__Aminus_0p005,hm-m05-g2-L8-n3-beta1,96,0.005,79,6.583333333333333,1.000473072099636,1.0003949107720156
hm-m05-g2-L8-n3-beta1__N0096__Aplus_0p005,hm-m05-g2-L8-n3-beta1__N0096__Aminus_0p005,hm-m05-g2-L8-n3-beta1,96,0.005,80,6.666666666666666,0.9999828981113302,0.9999841880127156
hm-m05-g2-L8-n3-beta1__N0096__Aplus_0p005,hm-m05-g2-L8-n3-beta1__N0096__Aminus_0p005,hm-m05-g2-L8-n3-beta1,96,0.005,81,6.75,0.9994929011885014,0.9995735929721493
hm-m05-g2-L8-n3-beta1__N0096__Aplus_0p005,hm-m05-g2-L8-n3-beta1__N0096__Aminus_0p005,hm-m05-g2-L8-n3-beta1,96,0.005,82,6.833333333333333,0.9990077977008941,0.9991670780249579
hm-m05-g2-L8-n3-beta1__N0096__Aplus_0p005,hm-m05-g2-L8-n3-beta1__N0096__Aminus_0p005,hm-m05-g2-L8-n3-beta1,96,0.005,83,6.916666666666666,0.9985322518920832,0.9987685526483067
hm-m05-g2-L8-n3-beta1__N0096__Aplus_0p005,hm-m05-g2-L8-n3-beta1__N0096__Aminus_0p005,hm-m05-g2-L8-n3-beta1,96,0.005,84,7.0,0.998070831251926,0.9983818459840141
hm-m05-g2-L8-n3-beta1__N0096__Aplus_0p005,hm-m05-g2-L8-n3-beta1__N0096__Aminus_0p005,hm-m05-g2-L8-n3-beta1,96,0.005,85,7.083333333333333,0.9976279630015885,0.9980106703043615
hm-m05-g2-L8-n3-beta1__N0096__Aplus_0p005,hm-m05-g2-L8-n3-beta1__N0096__Aminus_0p005,hm-m05-g2-L8-n3-beta1,96,0.005,86,7.166666666666666,0.997207892092003,0.9976585857201371
hm-m05-g2-L8-n3-beta1__N0096__Aplus_0p005,hm-m05-g2-L8-n3-beta1__N0096__Aminus_0p005,hm-m05-g2-L8-n3-beta1,96,0.005,87,7.25,0.9968146410958098,0.9973289664530627
hm-m05-g2-L8-n3-beta1__N0096__Aplus_0p005,hm-m05-g2-L8-n3-beta1__N0096__Aminus_0p005,hm-m05-g2-L8-n3-beta1,96,0.005,88,7.333333333333333,0.9964519723493133,0.9970249689759197
hm-m05-g2-L8-n3-beta1__N0096__Aplus_0p005,hm-m05-g2-L8-n3-beta1__N0096__Aminus_0p005,hm-m05-g2-L8-n3-beta1,96,0.005,89,7.416666666666666,0.9961233526751734,0.9967495023027846
hm-m05-g2-L8-n3-beta1__N0096__Aplus_0p005,hm-m05-g2-L8-n3-beta1__N0096__Aminus_0p005,hm-m05-g2-L8-n3-beta1,96,0.005,90,7.5,0.9958319209888545,0.9965052006890798
hm-m05-g2-L8-n3-beta1__N0096__Aplus_0p005,hm-m05-g2-L8-n3-beta1__N0096__Aminus_0p005,hm-m05-g2-L8-n3-beta1,96,0.005,91,7.583333333333333,0.9955804590626562,0.9962943989769633
hm-m05-g2-L8-n3-beta1__N0096__Aplus_0p005,hm-m05-g2-L8-n3-beta1__N0096__Aminus_0p005,hm-m05-g2-L8-n3-beta1,96,0.005,92,7.666666666666666,0.9953713656907641,0.9961191107961637
hm-m05-g2-L8-n3-beta1__N0096__Aplus_0p005,hm-m05-g2-L8-n3-beta1__N0096__Aminus_0p005,hm-m05-g2-L8-n3-beta1,96,0.005,93,7.75,0.9952066344675007,0.9959810098039688
hm-m05-g2-L8-n3-beta1__N0096__Aplus_0p005,hm-m05-g2-L8-n3-beta1__N0096__Aminus_0p005,hm-m05-g2-L8-n3-beta1,96,0.005,94,7.833333333333333,0.9950878353590465,0.995881414120912
hm-m05-g2-L8-n3-beta1__N0096__Aplus_0p005,hm-m05-g2-L8-n3-beta1__N0096__Aminus_0p005,hm-m05-g2-L8-n3-beta1,96,0.005,95,7.916666666666666,0.9950161002165497,0.9958212740909206
hm-m05-g2-L8-n3-beta1__N0096__Aplus_0p005,hm-m05-g2-L8-n3-beta1__N0096__Aminus_0p005,hm-m05-g2-L8-n3-beta1,96,0.005,96,8.0,0.9949921123458919,0.99580116346649
hm-m05-g2-L8-n3-beta1__N0096__Aplus_0p01,hm-m05-g2-L8-n3-beta1__N0096__Aminus_0p01,hm-m05-g2-L8-n3-beta1,96,0.01,0,0.0,1.009968459452595,1.0083424359835715
hm-m05-g2-L8-n3-beta1__N0096__Aplus_0p01,hm-m05-g2-L8-n3-beta1__N0096__Aminus_0p01,hm-m05-g2-L8-n3-beta1,96,0.01,1,0.08333333333333333,1.009919952261996,1.0083018323269552
hm-m05-g2-L8-n3-beta1__N0096__Aplus_0p01,hm-m05-g2-L8-n3-beta1__N0096__Aminus_0p01,hm-m05-g2-L8-n3-beta1,96,0.01,2,0.16666666666666666,1.0097749080626446,1.0081804197977704
hm-m05-g2-L8-n3-beta1__N0096__Aplus_0p01,hm-m05-g2-L8-n3-beta1__N0096__Aminus_0p01,hm-m05-g2-L8-n3-beta1,96,0.01,3,0.25,1.0095347539806725,1.0079793895938973
hm-m05-g2-L8-n3-beta1__N0096__Aplus_0p01,hm-m05-g2-L8-n3-beta1__N0096__Aminus_0p01,hm-m05-g2-L8-n3-beta1,96,0.01,4,0.3333333333333333,1.0092018519855772,1.0077007133490457
hm-m05-g2-L8-n3-beta1__N0096__Aplus_0p01,hm-m05-g2-L8-n3-beta1__N0096__Aminus_0p01,hm-m05-g2-L8-n3-beta1,96,0.01,5,0.41666666666666663,1.0087794742494496,1.0073471227659854
hm-m05-g2-L8-n3-beta1__N0096__Aplus_0p01,hm-m05-g2-L8-n3-beta1__N0096__Aminus_0p01,hm-m05-g2-L8-n3-beta1,96,0.01,6,0.5,1.008271769086232,1.006922081454446
hm-m05-g2-L8-n3-beta1__N0096__Aplus_0p01,hm-m05-g2-L8-n3-beta1__N0096__Aminus_0p01,hm-m05-g2-L8-n3-beta1,96,0.01,7,0.5833333333333333,1.0076837178974514,1.0064297493173384
hm-m05-g2-L8-n3-beta1__N0096__Aplus_0p01,hm-m05-g2-L8-n3-beta1__N0096__Aminus_0p01,hm-m05-g2-L8-n3-beta1,96,0.01,8,0.6666666666666666,1.0070210836589264,1.0058749399163542
hm-m05-g2-L8-n3-beta1__N0096__Aplus_0p01,hm-m05-g2-L8-n3-beta1__N0096__Aminus_0p01,hm-m05-g2-L8-n3-beta1,96,0.01,9,0.75,1.0062903515811732,1.0052630713277506
hm-m05-g2-L8-n3-beta1__N0096__Aplus_0p01,hm-m05-g2-L8-n3-beta1__N0096__Aminus_0p01,hm-m05-g2-L8-n3-beta1,96,0.01,10,0.8333333333333333,1.0054986626630955,1.004600111069997
hm-m05-g2-L8-n3-beta1__N0096__Aplus_0p01,hm-m05-g2-L8-n3-beta1__N0096__Aminus_0p01,hm-m05-g2-L8-n3-beta1,96,0.01,11,0.9166666666666666,1.0046537409327043,1.0038925157459428
hm-m05-g2-L8-n3-beta1__N0096__Aplus_0p01,hm-m05-g2-L8-n3-beta1__N0096__Aminus_0p01,hm-m05-g2-L8-n3-beta1,96,0.01,12,1.0,1.0037638152292017,1.0031471660925548
hm-m05-g2-L8-n3-beta1__N0096__Aplus_0p01,hm-m05-g2-L8-n3-beta1__N0096__Aminus_0p01,hm-m05-g2-L8-n3-beta1,96,0.01,13,1.0833333333333333,1.0028375364271678,1.0023712981706188
hm-m05-g2-L8-n3-beta1__N0096__Aplus_0p01,hm-m05-g2-L8-n3-beta1__N0096__Aminus_0p01,hm-m05-g2-L8-n3-beta1,96,0.01,14,1.1666666666666665,1.0018838910356436,1.001572431454956
hm-m05-g2-L8-n3-beta1__N0096__Aplus_0p01,hm-m05-g2-L8-n3-beta1__N0096__Aminus_0p01,hm-m05-g2-L8-n3-beta1,96,0.01,15,1.25,1.0009121121227518,1.000758294602753
hm-m05-g2-L8-n3-beta1__N0096__Aplus_0p01,hm-m05-g2-L8-n3-beta1__N0096__Aminus_0p01,hm-m05-g2-L8-n3-beta1,96,0.01,16,1.3333333333333333,0.999931588520644,0.9999367496839442
hm-m05-g2-L8-n3-beta1__N0096__Aplus_0p01,hm-m05-g2-L8-n3-beta1__N0096__Aminus_0p01,hm-m05-g2-L8-n3-beta1,96,0.01,17,1.4166666666666665,0.998951773256817,0.9991157156537644
hm-m05-g2-L8-n3-beta1__N0096__Aplus_0p01,hm-m05-g2-L8-n3-beta1__N0096__Aminus_0p01,hm-m05-g2-L8-n3-beta1,96,0.01,18,1.5,0.9979820921372604,0.9983030918344238
hm-m05-g2-L8-n3-beta1__N0096__Aplus_0p01,hm-m05-g2-L8-n3-beta1__N0096__Aminus_0p01,hm-m05-g2-L8-n3-beta1,96,0.01,19,1.5833333333333333,0.9970318533757817,0.9975066821512483
hm-m05-g2-L8-n3-beta1__N0096__Aplus_0p01,hm-m05-g2-L8-n3-beta1__N0096__Aminus_0p01,hm-m05-g2-L8-n3-beta1,96,0.01,20,1.6666666666666665,0.9961101591236415,0.9967341208396374
hm-m05-g2-L8-n3-beta1__N0096__Aplus_0p01,hm-m05-g2-L8-n3-beta1__N0096__Aminus_0p01,hm-m05-g2-L8-n3-beta1,96,0.01,21,1.75,0.9952258197058642,0.995992800303932
hm-m05-g2-L8-n3-beta1__N0096__Aplus_0p01,hm-m05-g2-L8-n3-beta1__N0096__Aminus_0p01,hm-m05-g2-L8-n3-beta1,96,0.01,22,1.8333333333333333,0.9943872713168671,0.9952898017688845
hm-m05-g2-L8-n3-beta1__N0096__Aplus_0p01,hm-m05-g2-L8-n3-beta1__N0096__Aminus_0p01,hm-m05-g2-L8-n3-beta1,96,0.01,23,1.9166666666666665,0.993602497869937,0.9946318293200309
hm-m05-g2-L8-n3-beta1__N0096__Aplus_0p01,hm-m05-g2-L8-n3-beta1__N0096__Aminus_0p01,hm-m05-g2-L8-n3-beta1,96,0.01,24,2.0,0.9928789576340844,0.9940251478819182
hm-m05-g2-L8-n3-beta1__N0096__Aplus_0p01,hm-m05-g2-L8-n3-beta1__N0096__Aminus_0p01,hm-m05-g2-L8-n3-beta1,96,0.01,25,2.083333333333333,0.9922235152292971,0.9934755256338706
hm-m05-g2-L8-n3-beta1__N0096__Aplus_0p01,hm-m05-g2-L8-n3-beta1__N0096__Aminus_0p01,hm-m05-g2-L8-n3-beta1,96,0.01,26,2.1666666666666665,0.9916423794884186,0.9929881813126281
hm-m05-g2-L8-n3-beta1__N0096__Aplus_0p01,hm-m05-g2-L8-n3-beta1__N0096__Aminus_0p01,hm-m05-g2-L8-n3-beta1,96,0.01,27,2.25,0.9911410476318054,0.9925677368005191
hm-m05-g2-L8-n3-beta1__N0096__Aplus_0p01,hm-m05-g2-L8-n3-beta1__N0096__Aminus_0p01,hm-m05-g2-L8-n3-beta1,96,0.01,28,2.333333333333333,0.9907242561403661,0.992218175347437
hm-m05-g2-L8-n3-beta1__N0096__Aplus_0p01,hm-m05-g2-L8-n3-beta1__N0096__Aminus_0p01,hm-m05-g2-L8-n3-beta1,96,0.01,29,2.4166666666666665,0.990395938654127,0.991942805725206
hm-m05-g2-L8-n3-beta1__N0096__Aplus_0p01,hm-m05-g2-L8-n3-beta1__N0096__Aminus_0p01,hm-m05-g2-L8-n3-beta1,96,0.01,30,2.5,0.9901591911674104,0.9917442325642434
hm-m05-g2-L8-n3-beta1__N0096__Aplus_0p01,hm-m05-g2-L8-n3-beta1__N0096__Aminus_0p01,hm-m05-g2-L8-n3-beta1,96,0.01,31,2.583333333333333,0.9900162447381478,0.9916243330748848
hm-m05-g2-L8-n3-beta1__N0096__Aplus_0p01,hm-m05-g2-L8-n3-beta1__N0096__Aminus_0p01,hm-m05-g2-L8-n3-beta1,96,0.01,32,2.6666666666666665,0.989968445877666,0.9915842403093421
hm-m05-g2-L8-n3-beta1__N0096__Aplus_0p01,hm-m05-g2-L8-n3-beta1__N0096__Aminus_0p01,hm-m05-g2-L8-n3-beta1,96,0.01,33,2.75,0.9900162447381455,0.9916243330748823
hm-m05-g2-L8-n3-beta1__N0096__Aplus_0p01,hm-m05-g2-L8-n3-beta1__N0096__Aminus_0p01,hm-m05-g2-L8-n3-beta1,96,0.01,34,2.833333333333333,0.9901591911674059,0.9917442325642383
hm-m05-g2-L8-n3-beta1__N0096__Aplus_0p01,hm-m05-g2-L8-n3-beta1__N0096__Aminus_0p01,hm-m05-g2-L8-n3-beta1,96,0.01,35,2.9166666666666665,0.9903959386541205,0.9919428057251984
hm-m05-g2-L8-n3-beta1__N0096__Aplus_0p01,hm-m05-g2-L8-n3-beta1__N0096__Aminus_0p01,hm-m05-g2-L8-n3-beta1,96,0.01,36,3.0,0.9907242561403574,0.992218175347427
hm-m05-g2-L8-n3-beta1__N0096__Aplus_0p01,hm-m05-g2-L8-n3-beta1__N0096__Aminus_0p01,hm-m05-g2-L8-n3-beta1,96,0.01,37,3.083333333333333,0.9911410476317948,0.9925677368005069
hm-m05-g2-L8-n3-beta1__N0096__Aplus_0p01,hm-m05-g2-L8-n3-beta1__N0096__Aminus_0p01,hm-m05-g2-L8-n3-beta1,96,0.01,38,3.1666666666666665,0.9916423794884058,0.9929881813126137
hm-m05-g2-L8-n3-beta1__N0096__Aplus_0p01,hm-m05-g2-L8-n3-beta1__N0096__Aminus_0p01,hm-m05-g2-L8-n3-beta1,96,0.01,39,3.25,0.9922235152292823,0.9934755256338539
hm-m05-g2-L8-n3-beta1__N0096__Aplus_0p01,hm-m05-g2-L8-n3-beta1__N0096__Aminus_0p01,hm-m05-g2-L8-n3-beta1,96,0.01,40,3.333333333333333,0.9928789576340677,0.9940251478818992
hm-m05-g2-L8-n3-beta1__N0096__Aplus_0p01,hm-m05-g2-L8-n3-beta1__N0096__Aminus_0p01,hm-m05-g2-L8-n3-beta1,96,0.01,41,3.4166666666666665,0.9936024978699186,0.9946318293200098
hm-m05-g2-L8-n3-beta1__N0096__Aplus_0p01,hm-m05-g2-L8-n3-beta1__N0096__Aminus_0p01,hm-m05-g2-L8-n3-beta1,96,0.01,42,3.5,0.9943872713168469,0.9952898017688611
hm-m05-g2-L8-n3-beta1__N0096__Aplus_0p01,hm-m05-g2-L8-n3-beta1__N0096__Aminus_0p01,hm-m05-g2-L8-n3-beta1,96,0.01,43,3.583333333333333,0.9952258197058423,0.9959928003039064
hm-m05-g2-L8-n3-beta1__N0096__Aplus_0p01,hm-m05-g2-L8-n3-beta1__N0096__Aminus_0p01,hm-m05-g2-L8-n3-beta1,96,0.01,44,3.6666666666666665,0.9961101591236182,0.9967341208396098
hm-m05-g2-L8-n3-beta1__N0096__Aplus_0p01,hm-m05-g2-L8-n3-beta1__N0096__Aminus_0p01,hm-m05-g2-L8-n3-beta1,96,0.01,45,3.75,0.9970318533757571,0.9975066821512185
hm-m05-g2-L8-n3-beta1__N0096__Aplus_0p01,hm-m05-g2-L8-n3-beta1__N0096__Aminus_0p01,hm-m05-g2-L8-n3-beta1,96,0.01,46,3.833333333333333,0.9979820921372344,0.998303091834392
hm-m05-g2-L8-n3-beta1__N0096__Aplus_0p01,hm-m05-g2-L8-n3-beta1__N0096__Aminus_0p01,hm-m05-g2-L8-n3-beta1,96,0.01,47,3.9166666666666665,0.9989517732567899,0.9991157156537311
hm-m05-g2-L8-n3-beta1__N0096__Aplus_0p01,hm-m05-g2-L8-n3-beta1__N0096__Aminus_0p01,hm-m05-g2-L8-n3-beta1,96,0.01,48,4.0,0.9999315885206158,0.9999367496839098
hm-m05-g2-L8-n3-beta1__N0096__Aplus_0p01,hm-m05-g2-L8-n3-beta1__N0096__Aminus_0p01,hm-m05-g2-L8-n3-beta1,96,0.01,49,4.083333333333333,1.0009121121227227,1.0007582946027174
hm-m05-g2-L8-n3-beta1__N0096__Aplus_0p01,hm-m05-g2-L8-n3-beta1__N0096__Aminus_0p01,hm-m05-g2-L8-n3-beta1,96,0.01,50,4.166666666666666,1.0018838910356138,1.001572431454919
hm-m05-g2-L8-n3-beta1__N0096__Aplus_0p01,hm-m05-g2-L8-n3-beta1__N0096__Aminus_0p01,hm-m05-g2-L8-n3-beta1,96,0.01,51,4.25,1.0028375364271374,1.002371298170581
hm-m05-g2-L8-n3-beta1__N0096__Aplus_0p01,hm-m05-g2-L8-n3-beta1__N0096__Aminus_0p01,hm-m05-g2-L8-n3-beta1,96,0.01,52,4.333333333333333,1.0037638152291706,1.0031471660925164
hm-m05-g2-L8-n3-beta1__N0096__Aplus_0p01,hm-m05-g2-L8-n3-beta1__N0096__Aminus_0p01,hm-m05-g2-L8-n3-beta1,96,0.01,53,4.416666666666666,1.004653740932673,1.003892515745904
hm-m05-g2-L8-n3-beta1__N0096__Aplus_0p01,hm-m05-g2-L8-n3-beta1__N0096__Aminus_0p01,hm-m05-g2-L8-n3-beta1,96,0.01,54,4.5,1.005498662663064,1.0046001110699574
hm-m05-g2-L8-n3-beta1__N0096__Aplus_0p01,hm-m05-g2-L8-n3-beta1__N0096__Aminus_0p01,hm-m05-g2-L8-n3-beta1,96,0.01,55,4.583333333333333,1.0062903515811417,1.0052630713277109
hm-m05-g2-L8-n3-beta1__N0096__Aplus_0p01,hm-m05-g2-L8-n3-beta1__N0096__Aminus_0p01,hm-m05-g2-L8-n3-beta1,96,0.01,56,4.666666666666666,1.0070210836588946,1.0058749399163147
hm-m05-g2-L8-n3-beta1__N0096__Aplus_0p01,hm-m05-g2-L8-n3-beta1__N0096__Aminus_0p01,hm-m05-g2-L8-n3-beta1,96,0.01,57,4.75,1.0076837178974198,1.006429749317299
hm-m05-g2-L8-n3-beta1__N0096__Aplus_0p01,hm-m05-g2-L8-n3-beta1__N0096__Aminus_0p01,hm-m05-g2-L8-n3-beta1,96,0.01,58,4.833333333333333,1.0082717690862004,1.0069220814544064
hm-m05-g2-L8-n3-beta1__N0096__Aplus_0p01,hm-m05-g2-L8-n3-beta1__N0096__Aminus_0p01,hm-m05-g2-L8-n3-beta1,96,0.01,59,4.916666666666666,1.0087794742494185,1.007347122765946
hm-m05-g2-L8-n3-beta1__N0096__Aplus_0p01,hm-m05-g2-L8-n3-beta1__N0096__Aminus_0p01,hm-m05-g2-L8-n3-beta1,96,0.01,60,5.0,1.0092018519855463,1.007700713349007
hm-m05-g2-L8-n3-beta1__N0096__Aplus_0p01,hm-m05-g2-L8-n3-beta1__N0096__Aminus_0p01,hm-m05-g2-L8-n3-beta1,96,0.01,61,5.083333333333333,1.0095347539806423,1.0079793895938596
hm-m05-g2-L8-n3-beta1__N0096__Aplus_0p01,hm-m05-g2-L8-n3-beta1__N0096__Aminus_0p01,hm-m05-g2-L8-n3-beta1,96,0.01,62,5.166666666666666,1.009774908062615,1.0081804197977338
hm-m05-g2-L8-n3-beta1__N0096__Aplus_0p01,hm-m05-g2-L8-n3-beta1__N0096__Aminus_0p01,hm-m05-g2-L8-n3-beta1,96,0.01,63,5.25,1.0099199522619673,1.00830183232692
hm-m05-g2-L8-n3-beta1__N0096__Aplus_0p01,hm-m05-g2-L8-n3-beta1__N0096__Aminus_0p01,hm-m05-g2-L8-n3-beta1,96,0.01,64,5.333333333333333,1.009968459452567,1.0083424359835373
hm-m05-g2-L8-n3-beta1__N0096__Aplus_0p01,hm-m05-g2-L8-n3-beta1__N0096__Aminus_0p01,hm-m05-g2-L8-n3-beta1,96,0.01,65,5.416666666666666,1.009919952261969,1.0083018323269226
hm-m05-g2-L8-n3-beta1__N0096__Aplus_0p01,hm-m05-g2-L8-n3-beta1__N0096__Aminus_0p01,hm-m05-g2-L8-n3-beta1,96,0.01,66,5.5,1.0097749080626188,1.0081804197977393
hm-m05-g2-L8-n3-beta1__N0096__Aplus_0p01,hm-m05-g2-L8-n3-beta1__N0096__Aminus_0p01,hm-m05-g2-L8-n3-beta1,96,0.01,67,5.583333333333333,1.0095347539806478,1.0079793895938676
hm-m05-g2-L8-n3-beta1__N0096__Aplus_0p01,hm-m05-g2-L8-n3-beta1__N0096__Aminus_0p01,hm-m05-g2-L8-n3-beta1,96,0.01,68,5.666666666666666,1.009201851985554,1.0077007133490175
hm-m05-g2-L8-n3-beta1__N0096__Aplus_0p01,hm-m05-g2-L8-n3-beta1__N0096__Aminus_0p01,hm-m05-g2-L8-n3-beta1,96,0.01,69,5.75,1.0087794742494278,1.007347122765959
hm-m05-g2-L8-n3-beta1__N0096__Aplus_0p01,hm-m05-g2-L8-n3-beta1__N0096__Aminus_0p01,hm-m05-g2-L8-n3-beta1,96,0.01,70,5.833333333333333,1.0082717690862117,1.0069220814544215
hm-m05-g2-L8-n3-beta1__N0096__Aplus_0p01,hm-m05-g2-L8-n3-beta1__N0096__Aminus_0p01,hm-m05-g2-L8-n3-beta1,96,0.01,71,5.916666666666666,1.007683717897433,1.0064297493173162
hm-m05-g2-L8-n3-beta1__N0096__Aplus_0p01,hm-m05-g2-L8-n3-beta1__N0096__Aminus_0p01,hm-m05-g2-L8-n3-beta1,96,0.01,72,6.0,1.0070210836589095,1.0058749399163343
hm-m05-g2-L8-n3-beta1__N0096__Aplus_0p01,hm-m05-g2-L8-n3-beta1__N0096__Aminus_0p01,hm-m05-g2-L8-n3-beta1,96,0.01,73,6.083333333333333,1.0062903515811583,1.0052630713277326
hm-m05-g2-L8-n3-beta1__N0096__Aplus_0p01,hm-m05-g2-L8-n3-beta1__N0096__Aminus_0p01,hm-m05-g2-L8-n3-beta1,96,0.01,74,6.166666666666666,1.0054986626630824,1.0046001110699811
hm-m05-g2-L8-n3-beta1__N0096__Aplus_0p01,hm-m05-g2-L8-n3-beta1__N0096__Aminus_0p01,hm-m05-g2-L8-n3-beta1,96,0.01,75,6.25,1.004653740932693,1.0038925157459293
hm-m05-g2-L8-n3-beta1__N0096__Aplus_0p01,hm-m05-g2-L8-n3-beta1__N0096__Aminus_0p01,hm-m05-g2-L8-n3-beta1,96,0.01,76,6.333333333333333,1.0037638152291923,1.0031471660925435
hm-m05-g2-L8-n3-beta1__N0096__Aplus_0p01,hm-m05-g2-L8-n3-beta1__N0096__Aminus_0p01,hm-m05-g2-L8-n3-beta1,96,0.01,77,6.416666666666666,1.0028375364271604,1.0023712981706097
hm-m05-g2-L8-n3-beta1__N0096__Aplus_0p01,hm-m05-g2-L8-n3-beta1__N0096__Aminus_0p01,hm-m05-g2-L8-n3-beta1,96,0.01,78,6.5,1.0018838910356385,1.001572431454949
hm-m05-g2-L8-n3-beta1__N0096__Aplus_0p01,hm-m05-g2-L8-n3-beta1__N0096__Aminus_0p01,hm-m05-g2-L8-n3-beta1,96,0.01,79,6.583333333333333,1.0009121121227487,1.0007582946027487
hm-m05-g2-L8-n3-beta1__N0096__Aplus_0p01,hm-m05-g2-L8-n3-beta1__N0096__Aminus_0p01,hm-m05-g2-L8-n3-beta1,96,0.01,80,6.666666666666666,0.999931588520643,0.9999367496839424
hm-m05-g2-L8-n3-beta1__N0096__Aplus_0p01,hm-m05-g2-L8-n3-beta1__N0096__Aminus_0p01,hm-m05-g2-L8-n3-beta1,96,0.01,81,6.75,0.9989517732568182,0.9991157156537652
hm-m05-g2-L8-n3-beta1__N0096__Aplus_0p01,hm-m05-g2-L8-n3-beta1__N0096__Aminus_0p01,hm-m05-g2-L8-n3-beta1,96,0.01,82,6.833333333333333,0.9979820921372636,0.9983030918344272
hm-m05-g2-L8-n3-beta1__N0096__Aplus_0p01,hm-m05-g2-L8-n3-beta1__N0096__Aminus_0p01,hm-m05-g2-L8-n3-beta1,96,0.01,83,6.916666666666666,0.9970318533757869,0.9975066821512546
hm-m05-g2-L8-n3-beta1__N0096__Aplus_0p01,hm-m05-g2-L8-n3-beta1__N0096__Aminus_0p01,hm-m05-g2-L8-n3-beta1,96,0.01,84,7.0,0.9961101591236489,0.9967341208396465
hm-m05-g2-L8-n3-beta1__N0096__Aplus_0p01,hm-m05-g2-L8-n3-beta1__N0096__Aminus_0p01,hm-m05-g2-L8-n3-beta1,96,0.01,85,7.083333333333333,0.9952258197058735,0.9959928003039435
hm-m05-g2-L8-n3-beta1__N0096__Aplus_0p01,hm-m05-g2-L8-n3-beta1__N0096__Aminus_0p01,hm-m05-g2-L8-n3-beta1,96,0.01,86,7.166666666666666,0.9943872713168784,0.9952898017688984
hm-m05-g2-L8-n3-beta1__N0096__Aplus_0p01,hm-m05-g2-L8-n3-beta1__N0096__Aminus_0p01,hm-m05-g2-L8-n3-beta1,96,0.01,87,7.25,0.9936024978699504,0.994631829320047
hm-m05-g2-L8-n3-beta1__N0096__Aplus_0p01,hm-m05-g2-L8-n3-beta1__N0096__Aminus_0p01,hm-m05-g2-L8-n3-beta1,96,0.01,88,7.333333333333333,0.9928789576340996,0.9940251478819365
hm-m05-g2-L8-n3-beta1__N0096__Aplus_0p01,hm-m05-g2-L8-n3-beta1__N0096__Aminus_0p01,hm-m05-g2-L8-n3-beta1,96,0.01,89,7.416666666666666,0.9922235152293141,0.9934755256338913
hm-m05-g2-L8-n3-beta1__N0096__Aplus_0p01,hm-m05-g2-L8-n3-beta1__N0096__Aminus_0p01,hm-m05-g2-L8-n3-beta1,96,0.01,90,7.5,0.9916423794884375,0.9929881813126507
hm-m05-g2-L8-n3-beta1__N0096__Aplus_0p01,hm-m05-g2-L8-n3-beta1__N0096__Aminus_0p01,hm-m05-g2-L8-n3-beta1,96,0.01,91,7.583333333333333,0.991141047631826,0.9925677368005433
hm-m05-g2-L8-n3-beta1__N0096__Aplus_0p01,hm-m05-g2-L8-n3-beta1__N0096__Aminus_0p01,hm-m05-g2-L8-n3-beta1,96,0.01,92,7.666666666666666,0.9907242561403882,0.9922181753474628
hm-m05-g2-L8-n3-beta1__N0096__Aplus_0p01,hm-m05-g2-L8-n3-beta1__N0096__Aminus_0p01,hm-m05-g2-L8-n3-beta1,96,0.01,93,7.75,0.9903959386541507,0.9919428057252335
hm-m05-g2-L8-n3-beta1__N0096__Aplus_0p01,hm-m05-g2-L8-n3-beta1__N0096__Aminus_0p01,hm-m05-g2-L8-n3-beta1,96,0.01,94,7.833333333333333,0.9901591911674353,0.9917442325642726
hm-m05-g2-L8-n3-beta1__N0096__Aplus_0p01,hm-m05-g2-L8-n3-beta1__N0096__Aminus_0p01,hm-m05-g2-L8-n3-beta1,96,0.01,95,7.916666666666666,0.9900162447381741,0.9916243330749156
hm-m05-g2-L8-n3-beta1__N0096__Aplus_0p01,hm-m05-g2-L8-n3-beta1__N0096__Aminus_0p01,hm-m05-g2-L8-n3-beta1,96,0.01,96,8.0,0.9899684458776934,0.9915842403093742
hm-m05-g2-L8-n3-beta1__N0096__Aplus_0p02,hm-m05-g2-L8-n3-beta1__N0096__Aminus_0p02,hm-m05-g2-L8-n3-beta1,96,0.02,0,0.0,1.0198738633909725,1.0166095615021888
hm-m05-g2-L8-n3-beta1__N0096__Aplus_0p02,hm-m05-g2-L8-n3-beta1__N0096__Aminus_0p02,hm-m05-g2-L8-n3-beta1,96,0.02,1,0.08333333333333333,1.0197761383561148,1.016527849225363
hm-m05-g2-L8-n3-beta1__N0096__Aplus_0p02,hm-m05-g2-L8-n3-beta1__N0096__Aminus_0p02,hm-m05-g2-L8-n3-beta1,96,0.02,2,0.16666666666666666,1.01948394538718,1.016283529148988
hm-m05-g2-L8-n3-beta1__N0096__Aplus_0p02,hm-m05-g2-L8-n3-beta1__N0096__Aminus_0p02,hm-m05-g2-L8-n3-beta1,96,0.02,3,0.25,1.0190002198493322,1.0158790425048823
hm-m05-g2-L8-n3-beta1__N0096__Aplus_0p02,hm-m05-g2-L8-n3-beta1__N0096__Aminus_0p02,hm-m05-g2-L8-n3-beta1,96,0.02,4,0.3333333333333333,1.0183298173798436,1.0153184280444705
hm-m05-g2-L8-n3-beta1__N0096__Aplus_0p02,hm-m05-g2-L8-n3-beta1__N0096__Aminus_0p02,hm-m05-g2-L8-n3-beta1,96,0.02,5,0.41666666666666663,1.0174794595144883,1.0146072775498893
hm-m05-g2-L8-n3-beta1__N0096__Aplus_0p02,hm-m05-g2-L8-n3-beta1__N0096__Aminus_0p02,hm-m05-g2-L8-n3-beta1,96,0.02,6,0.5,1.0164576587169099,1.013752674465142
hm-m05-g2-L8-n3-beta1__N0096__Aplus_0p02,hm-m05-g2-L8-n3-beta1__N0096__Aminus_0p02,hm-m05-g2-L8-n3-beta1,96,0.02,7,0.5833333333333333,1.015274623930327,1.0127631165366509
hm-m05-g2-L8-n3-beta1__N0096__Aplus_0p02,hm-m05-g2-L8-n3-beta1__N0096__Aminus_0p02,hm-m05-g2-L8-n3-beta1,96,0.02,8,0.6666666666666666,1.0139421480447903,1.0116484235702419
hm-m05-g2-L8-n3-beta1__N0096__Aplus_0p02,hm-m05-g2-L8-n3-beta1__N0096__Aminus_0p02,hm-m05-g2-L8-n3-beta1,96,0.02,9,0.75,1.012473478914688,1.0104196316037537
hm-m05-g2-L8-n3-beta1__N0096__Aplus_0p02,hm-m05-g2-L8-n3-beta1__N0096__Aminus_0p02,hm-m05-g2-L8-n3-beta1,96,0.02,10,0.8333333333333333,1.0108831757653878,1.0090888749573916
hm-m05-g2-L8-n3-beta1__N0096__Aplus_0p02,hm-m05-g2-L8-n3-beta1__N0096__Aminus_0p02,hm-m05-g2-L8-n3-beta1,96,0.02,11,0.9166666666666666,1.0091869529910849,1.007669257754862
hm-m05-g2-L8-n3-beta1__N0096__Aplus_0p02,hm-m05-g2-L8-n3-beta1__N0096__Aminus_0p02,hm-m05-g2-L8-n3-beta1,96,0.02,12,1.0,1.0074015134656897,1.0061747166055788
hm-m05-g2-L8-n3-beta1__N0096__Aplus_0p02,hm-m05-g2-L8-n3-beta1__N0096__Aminus_0p02,hm-m05-g2-L8-n3-beta1,96,0.02,13,1.0833333333333333,1.0055443735639198,1.0046198762012442
hm-m05-g2-L8-n3-beta1__N0096__Aplus_0p02,hm-m05-g2-L8-n3-beta1__N0096__Aminus_0p02,hm-m05-g2-L8-n3-beta1,96,0.02,14,1.1666666666666665,1.0036336821209995,1.0030198996093764
hm-m05-g2-L8-n3-beta1__N0096__Aplus_0p02,hm-m05-g2-L8-n3-beta1__N0096__Aminus_0p02,hm-m05-g2-L8-n3-beta1,96,0.02,15,1.25,1.0016880355482036,1.0013903350433535
hm-m05-g2-L8-n3-beta1__N0096__Aplus_0p02,hm-m05-g2-L8-n3-beta1__N0096__Aminus_0p02,hm-m05-g2-L8-n3-beta1,96,0.02,16,1.3333333333333333,0.9997262912707954,0.9997469608556845
hm-m05-g2-L8-n3-beta1__N0096__Aplus_0p02,hm-m05-g2-L8-n3-beta1__N0096__Aminus_0p02,hm-m05-g2-L8-n3-beta1,96,0.02,17,1.4166666666666665,0.9977673815686745,0.9981056304416105
hm-m05-g2-L8-n3-beta1__N0096__Aplus_0p02,hm-m05-g2-L8-n3-beta1__N0096__Aminus_0p02,hm-m05-g2-L8-n3-beta1,96,0.02,18,1.5,0.9958301297831754,0.9964821186575308
hm-m05-g2-L8-n3-beta1__N0096__Aplus_0p02,hm-m05-g2-L8-n3-beta1__N0096__Aminus_0p02,hm-m05-g2-L8-n3-beta1,96,0.02,19,1.5833333333333333,0.993933070711442,0.9948919712572954
hm-m05-g2-L8-n3-beta1__N0096__Aplus_0p02,hm-m05-g2-L8-n3-beta1__N0096__Aminus_0p02,hm-m05-g2-L8-n3-beta1,96,0.02,20,1.6666666666666665,0.9920942768487154,0.9933503587334728
hm-m05-g2-L8-n3-beta1__N0096__Aplus_0p02,hm-m05-g2-L8-n3-beta1__N0096__Aminus_0p02,hm-m05-g2-L8-n3-beta1,96,0.02,21,1.75,0.9903311919648892,0.9918719358247721
hm-m05-g2-L8-n3-beta1__N0096__Aplus_0p02,hm-m05-g2-L8-n3-beta1__N0096__Aminus_0p02,hm-m05-g2-L8-n3-beta1,96,0.02,22,1.8333333333333333,0.9886604733210023,0.99047070781917
hm-m05-g2-L8-n3-beta1__N0096__Aplus_0p02,hm-m05-g2-L8-n3-beta1__N0096__Aminus_0p02,hm-m05-g2-L8-n3-beta1,96,0.02,23,1.9166666666666665,0.9870978436498814,0.9891599046490672
hm-m05-g2-L8-n3-beta1__N0096__Aplus_0p02,hm-m05-g2-L8-n3-beta1__N0096__Aminus_0p02,hm-m05-g2-L8-n3-beta1,96,0.02,24,2.0,0.9856579538483236,0.9879518636436232
hm-m05-g2-L8-n3-beta1__N0096__Aplus_0p02,hm-m05-g2-L8-n3-beta1__N0096__Aminus_0p02,hm-m05-g2-L8-n3-beta1,96,0.02,25,2.083333333333333,0.9843542571608123,0.9868579216774791
hm-m05-g2-L8-n3-beta1__N0096__Aplus_0p02,hm-m05-g2-L8-n3-beta1__N0096__Aminus_0p02,hm-m05-g2-L8-n3-beta1,96,0.02,26,2.1666666666666665,0.9831988954807218,0.9858883173369382
hm-m05-g2-L8-n3-beta1__N0096__Aplus_0p02,hm-m05-g2-L8-n3-beta1__N0096__Aminus_0p02,hm-m05-g2-L8-n3-beta1,96,0.02,27,2.25,0.9822025982572907,0.9850521036162756
hm-m05-g2-L8-n3-beta1__N0096__Aplus_0p02,hm-m05-g2-L8-n3-beta1__N0096__Aminus_0p02,hm-m05-g2-L8-n3-beta1,96,0.02,28,2.333333333333333,0.9813745943773406,0.984357071559453
hm-m05-g2-L8-n3-beta1__N0096__Aplus_0p02,hm-m05-g2-L8-n3-beta1__N0096__Aminus_0p02,hm-m05-g2-L8-n3-beta1,96,0.02,29,2.4166666666666665,0.9807225372907317,0.9838096851767285
hm-m05-g2-L8-n3-beta1__N0096__Aplus_0p02,hm-m05-g2-L8-n3-beta1__N0096__Aminus_0p02,hm-m05-g2-L8-n3-beta1,96,0.02,30,2.5,0.9802524435678021,0.9834150278914126
hm-m05-g2-L8-n3-beta1__N0096__Aplus_0p02,hm-m05-g2-L8-n3-beta1__N0096__Aminus_0p02,hm-m05-g2-L8-n3-beta1,96,0.02,31,2.583333333333333,0.9799686450144769,0.9831767607086715
hm-m05-g2-L8-n3-beta1__N0096__Aplus_0p02,hm-m05-g2-L8-n3-beta1__N0096__Aminus_0p02,hm-m05-g2-L8-n3-beta1,96,0.02,32,2.6666666666666665,0.9798737544243874,0.9830970922446612
hm-m05-g2-L8-n3-beta1__N0096__Aplus_0p02,hm-m05-g2-L8-n3-beta1__N0096__Aminus_0p02,hm-m05-g2-L8-n3-beta1,96,0.02,33,2.75,0.9799686450144764,0.983176760708671
hm-m05-g2-L8-n3-beta1__N0096__Aplus_0p02,hm-m05-g2-L8-n3-beta1__N0096__Aminus_0p02,hm-m05-g2-L8-n3-beta1,96,0.02,34,2.833333333333333,0.9802524435678011,0.9834150278914113
hm-m05-g2-L8-n3-beta1__N0096__Aplus_0p02,hm-m05-g2-L8-n3-beta1__N0096__Aminus_0p02,hm-m05-g2-L8-n3-beta1,96,0.02,35,2.9166666666666665,0.9807225372907301,0.9838096851767267
hm-m05-g2-L8-n3-beta1__N0096__Aplus_0p02,hm-m05-g2-L8-n3-beta1__N0096__Aminus_0p02,hm-m05-g2-L8-n3-beta1,96,0.02,36,3.0,0.9813745943773385,0.9843570715594503
hm-m05-g2-L8-n3-beta1__N0096__Aplus_0p02,hm-m05-g2-L8-n3-beta1__N0096__Aminus_0p02,hm-m05-g2-L8-n3-beta1,96,0.02,37,3.083333333333333,0.9822025982572881,0.9850521036162725
hm-m05-g2-L8-n3-beta1__N0096__Aplus_0p02,hm-m05-g2-L8-n3-beta1__N0096__Aminus_0p02,hm-m05-g2-L8-n3-beta1,96,0.02,38,3.1666666666666665,0.9831988954807186,0.9858883173369345
hm-m05-g2-L8-n3-beta1__N0096__Aplus_0p02,hm-m05-g2-L8-n3-beta1__N0096__Aminus_0p02,hm-m05-g2-L8-n3-beta1,96,0.02,39,3.25,0.9843542571608086,0.9868579216774747
hm-m05-g2-L8-n3-beta1__N0096__Aplus_0p02,hm-m05-g2-L8-n3-beta1__N0096__Aminus_0p02,hm-m05-g2-L8-n3-beta1,96,0.02,40,3.333333333333333,0.9856579538483193,0.9879518636436183
hm-m05-g2-L8-n3-beta1__N0096__Aplus_0p02,hm-m05-g2-L8-n3-beta1__N0096__Aminus_0p02,hm-m05-g2-L8-n3-beta1,96,0.02,41,3.4166666666666665,0.9870978436498767,0.9891599046490617
hm-m05-g2-L8-n3-beta1__N0096__Aplus_0p02,hm-m05-g2-L8-n3-beta1__N0096__Aminus_0p02,hm-m05-g2-L8-n3-beta1,96,0.02,42,3.5,0.988660473320997,0.9904707078191636
hm-m05-g2-L8-n3-beta1__N0096__Aplus_0p02,hm-m05-g2-L8-n3-beta1__N0096__Aminus_0p02,hm-m05-g2-L8-n3-beta1,96,0.02,43,3.583333333333333,0.9903311919648836,0.9918719358247648
hm-m05-g2-L8-n3-beta1__N0096__Aplus_0p02,hm-m05-g2-L8-n3-beta1__N0096__Aminus_0p02,hm-m05-g2-L8-n3-beta1,96,0.02,44,3.6666666666666665,0.9920942768487094,0.9933503587334648
hm-m05-g2-L8-n3-beta1__N0096__Aplus_0p02,hm-m05-g2-L8-n3-beta1__N0096__Aminus_0p02,hm-m05-g2-L8-n3-beta1,96,0.02,45,3.75,0.9939330707114356,0.9948919712572863
hm-m05-g2-L8-n3-beta1__N0096__Aplus_0p02,hm-m05-g2-L8-n3-beta1__N0096__Aminus_0p02,hm-m05-g2-L8-n3-beta1,96,0.02,46,3.833333333333333,0.9958301297831685,0.9964821186575208
hm-m05-g2-L8-n3-beta1__N0096__Aplus_0p02,hm-m05-g2-L8-n3-beta1__N0096__Aminus_0p02,hm-m05-g2-L8-n3-beta1,96,0.02,47,3.9166666666666665,0.9977673815686672,0.9981056304415998
hm-m05-g2-L8-n3-beta1__N0096__Aplus_0p02,hm-m05-g2-L8-n3-beta1__N0096__Aminus_0p02,hm-m05-g2-L8-n3-beta1,96,0.02,48,4.0,0.9997262912707876,0.9997469608556735
hm-m05-g2-L8-n3-beta1__N0096__Aplus_0p02,hm-m05-g2-L8-n3-beta1__N0096__Aminus_0p02,hm-m05-g2-L8-n3-beta1,96,0.02,49,4.083333333333333,1.0016880355481956,1.0013903350433422
hm-m05-g2-L8-n3-beta1__N0096__Aplus_0p02,hm-m05-g2-L8-n3-beta1__N0096__Aminus_0p02,hm-m05-g2-L8-n3-beta1,96,0.02,50,4.166666666666666,1.0036336821209908,1.0030198996093649
hm-m05-g2-L8-n3-beta1__N0096__Aplus_0p02,hm-m05-g2-L8-n3-beta1__N0096__Aminus_0p02,hm-m05-g2-L8-n3-beta1,96,0.02,51,4.25,1.005544373563911,1.0046198762012322
hm-m05-g2-L8-n3-beta1__N0096__Aplus_0p02,hm-m05-g2-L8-n3-beta1__N0096__Aminus_0p02,hm-m05-g2-L8-n3-beta1,96,0.02,52,4.333333333333333,1.0074015134656804,1.0061747166055663
hm-m05-g2-L8-n3-beta1__N0096__Aplus_0p02,hm-m05-g2-L8-n3-beta1__N0096__Aminus_0p02,hm-m05-g2-L8-n3-beta1,96,0.02,53,4.416666666666666,1.009186952991075,1.0076692577548492
hm-m05-g2-L8-n3-beta1__N0096__Aplus_0p02,hm-m05-g2-L8-n3-beta1__N0096__Aminus_0p02,hm-m05-g2-L8-n3-beta1,96,0.02,54,4.5,1.0108831757653776,1.0090888749573783
hm-m05-g2-L8-n3-beta1__N0096__Aplus_0p02,hm-m05-g2-L8-n3-beta1__N0096__Aminus_0p02,hm-m05-g2-L8-n3-beta1,96,0.02,55,4.583333333333333,1.0124734789146774,1.0104196316037402
hm-m05-g2-L8-n3-beta1__N0096__Aplus_0p02,hm-m05-g2-L8-n3-beta1__N0096__Aminus_0p02,hm-m05-g2-L8-n3-beta1,96,0.02,56,4.666666666666666,1.0139421480447794,1.0116484235702285
hm-m05-g2-L8-n3-beta1__N0096__Aplus_0p02,hm-m05-g2-L8-n3-beta1__N0096__Aminus_0p02,hm-m05-g2-L8-n3-beta1,96,0.02,57,4.75,1.0152746239303159,1.0127631165366375
hm-m05-g2-L8-n3-beta1__N0096__Aplus_0p02,hm-m05-g2-L8-n3-beta1__N0096__Aminus_0p02,hm-m05-g2-L8-n3-beta1,96,0.02,58,4.833333333333333,1.0164576587168985,1.0137526744651284
hm-m05-g2-L8-n3-beta1__N0096__Aplus_0p02,hm-m05-g2-L8-n3-beta1__N0096__Aminus_0p02,hm-m05-g2-L8-n3-beta1,96,0.02,59,4.916666666666666,1.017479459514477,1.0146072775498758
hm-m05-g2-L8-n3-beta1__N0096__Aplus_0p02,hm-m05-g2-L8-n3-beta1__N0096__Aminus_0p02,hm-m05-g2-L8-n3-beta1,96,0.02,60,5.0,1.0183298173798319,1.015318428044457
hm-m05-g2-L8-n3-beta1__N0096__Aplus_0p02,hm-m05-g2-L8-n3-beta1__N0096__Aminus_0p02,hm-m05-g2-L8-n3-beta1,96,0.02,61,5.083333333333333,1.0190002198493204,1.015879042504869
hm-m05-g2-L8-n3-beta1__N0096__Aplus_0p02,hm-m05-g2-L8-n3-beta1__N0096__Aminus_0p02,hm-m05-g2-L8-n3-beta1,96,0.02,62,5.166666666666666,1.0194839453871682,1.0162835291489751
hm-m05-g2-L8-n3-beta1__N0096__Aplus_0p02,hm-m05-g2-L8-n3-beta1__N0096__Aminus_0p02,hm-m05-g2-L8-n3-beta1,96,0.02,63,5.25,1.019776138356103,1.0165278492253507
hm-m05-g2-L8-n3-beta1__N0096__Aplus_0p02,hm-m05-g2-L8-n3-beta1__N0096__Aminus_0p02,hm-m05-g2-L8-n3-beta1,96,0.02,64,5.333333333333333,1.019873863390961,1.0166095615021769
hm-m05-g2-L8-n3-beta1__N0096__Aplus_0p02,hm-m05-g2-L8-n3-beta1__N0096__Aminus_0p02,hm-m05-g2-L8-n3-beta1,96,0.02,65,5.416666666666666,1.0197761383561035,1.0165278492253518
hm-m05-g2-L8-n3-beta1__N0096__Aplus_0p02,hm-m05-g2-L8-n3-beta1__N0096__Aminus_0p02,hm-m05-g2-L8-n3-beta1,96,0.02,66,5.5,1.019483945387169,1.0162835291489771
hm-m05-g2-L8-n3-beta1__N0096__Aplus_0p02,hm-m05-g2-L8-n3-beta1__N0096__Aminus_0p02,hm-m05-g2-L8-n3-beta1,96,0.02,67,5.583333333333333,1.0190002198493213,1.015879042504872
hm-m05-g2-L8-n3-beta1__N0096__Aplus_0p02,hm-m05-g2-L8-n3-beta1__N0096__Aminus_0p02,hm-m05-g2-L8-n3-beta1,96,0.02,68,5.666666666666666,1.0183298173798332,1.0153184280444607
hm-m05-g2-L8-n3-beta1__N0096__Aplus_0p02,hm-m05-g2-L8-n3-beta1__N0096__Aminus_0p02,hm-m05-g2-L8-n3-beta1,96,0.02,69,5.75,1.0174794595144785,1.0146072775498802
hm-m05-g2-L8-n3-beta1__N0096__Aplus_0p02,hm-m05-g2-L8-n3-beta1__N0096__Aminus_0p02,hm-m05-g2-L8-n3-beta1,96,0.02,70,5.833333333333333,1.0164576587169007,1.0137526744651335
hm-m05-g2-L8-n3-beta1__N0096__Aplus_0p02,hm-m05-g2-L8-n3-beta1__N0096__Aminus_0p02,hm-m05-g2-L8-n3-beta1,96,0.02,71,5.916666666666666,1.0152746239303183,1.0127631165366433
hm-m05-g2-L8-n3-beta1__N0096__Aplus_0p02,hm-m05-g2-L8-n3-beta1__N0096__Aminus_0p02,hm-m05-g2-L8-n3-beta1,96,0.02,72,6.0,1.0139421480447823,1.011648423570235
hm-m05-g2-L8-n3-beta1__N0096__Aplus_0p02,hm-m05-g2-L8-n3-beta1__N0096__Aminus_0p02,hm-m05-g2-L8-n3-beta1,96,0.02,73,6.083333333333333,1.012473478914681,1.0104196316037475
hm-m05-g2-L8-n3-beta1__N0096__Aplus_0p02,hm-m05-g2-L8-n3-beta1__N0096__Aminus_0p02,hm-m05-g2-L8-n3-beta1,96,0.02,74,6.166666666666666,1.0108831757653818,1.0090888749573863
hm-m05-g2-L8-n3-beta1__N0096__Aplus_0p02,hm-m05-g2-L8-n3-beta1__N0096__Aminus_0p02,hm-m05-g2-L8-n3-beta1,96,0.02,75,6.25,1.0091869529910797,1.0076692577548574
hm-m05-g2-L8-n3-beta1__N0096__Aplus_0p02,hm-m05-g2-L8-n3-beta1__N0096__Aminus_0p02,hm-m05-g2-L8-n3-beta1,96,0.02,76,6.333333333333333,1.0074015134656855,1.006174716605575
hm-m05-g2-L8-n3-beta1__N0096__Aplus_0p02,hm-m05-g2-L8-n3-beta1__N0096__Aminus_0p02,hm-m05-g2-L8-n3-beta1,96,0.02,77,6.416666666666666,1.0055443735639167,1.0046198762012415
hm-m05-g2-L8-n3-beta1__N0096__Aplus_0p02,hm-m05-g2-L8-n3-beta1__N0096__Aminus_0p02,hm-m05-g2-L8-n3-beta1,96,0.02,78,6.5,1.0036336821209972,1.0030198996093749
hm-m05-g2-L8-n3-beta1__N0096__Aplus_0p02,hm-m05-g2-L8-n3-beta1__N0096__Aminus_0p02,hm-m05-g2-L8-n3-beta1,96,0.02,79,6.583333333333333,1.0016880355482027,1.0013903350433528
hm-m05-g2-L8-n3-beta1__N0096__Aplus_0p02,hm-m05-g2-L8-n3-beta1__N0096__Aminus_0p02,hm-m05-g2-L8-n3-beta1,96,0.02,80,6.666666666666666,0.9997262912707955,0.9997469608556848
hm-m05-g2-L8-n3-beta1__N0096__Aplus_0p02,hm-m05-g2-L8-n3-beta1__N0096__Aminus_0p02,hm-m05-g2-L8-n3-beta1,96,0.02,81,6.75,0.9977673815686756,0.9981056304416117
hm-m05-g2-L8-n3-beta1__N0096__Aplus_0p02,hm-m05-g2-L8-n3-beta1__N0096__Aminus_0p02,hm-m05-g2-L8-n3-beta1,96,0.02,82,6.833333333333333,0.9958301297831776,0.9964821186575333
hm-m05-g2-L8-n3-beta1__N0096__Aplus_0p02,hm-m05-g2-L8-n3-beta1__N0096__Aminus_0p02,hm-m05-g2-L8-n3-beta1,96,0.02,83,6.916666666666666,0.9939330707114452,0.9948919712572992
hm-m05-g2-L8-n3-beta1__N0096__Aplus_0p02,hm-m05-g2-L8-n3-beta1__N0096__Aminus_0p02,hm-m05-g2-L8-n3-beta1,96,0.02,84,7.0,0.9920942768487198,0.993350358733478
hm-m05-g2-L8-n3-beta1__N0096__Aplus_0p02,hm-m05-g2-L8-n3-beta1__N0096__Aminus_0p02,hm-m05-g2-L8-n3-beta1,96,0.02,85,7.083333333333333,0.9903311919648945,0.9918719358247783
hm-m05-g2-L8-n3-beta1__N0096__Aplus_0p02,hm-m05-g2-L8-n3-beta1__N0096__Aminus_0p02,hm-m05-g2-L8-n3-beta1,96,0.02,86,7.166666666666666,0.9886604733210085,0.9904707078191771
hm-m05-g2-L8-n3-beta1__N0096__Aplus_0p02,hm-m05-g2-L8-n3-beta1__N0096__Aminus_0p02,hm-m05-g2-L8-n3-beta1,96,0.02,87,7.25,0.9870978436498886,0.9891599046490752
hm-m05-g2-L8-n3-beta1__N0096__Aplus_0p02,hm-m05-g2-L8-n3-beta1__N0096__Aminus_0p02,hm-m05-g2-L8-n3-beta1,96,0.02,88,7.333333333333333,0.9856579538483317,0.9879518636436321
hm-m05-g2-L8-n3-beta1__N0096__Aplus_0p02,hm-m05-g2-L8-n3-beta1__N0096__Aminus_0p02,hm-m05-g2-L8-n3-beta1,96,0.02,89,7.416666666666666,0.9843542571608211,0.9868579216774886
hm-m05-g2-L8-n3-beta1__N0096__Aplus_0p02,hm-m05-g2-L8-n3-beta1__N0096__Aminus_0p02,hm-m05-g2-L8-n3-beta1,96,0.02,90,7.5,0.9831988954807316,0.9858883173369485
hm-m05-g2-L8-n3-beta1__N0096__Aplus_0p02,hm-m05-g2-L8-n3-beta1__N0096__Aminus_0p02,hm-m05-g2-L8-n3-beta1,96,0.02,91,7.583333333333333,0.9822025982573012,0.9850521036162864
hm-m05-g2-L8-n3-beta1__N0096__Aplus_0p02,hm-m05-g2-L8-n3-beta1__N0096__Aminus_0p02,hm-m05-g2-L8-n3-beta1,96,0.02,92,7.666666666666666,0.9813745943773517,0.9843570715594643
hm-m05-g2-L8-n3-beta1__N0096__Aplus_0p02,hm-m05-g2-L8-n3-beta1__N0096__Aminus_0p02,hm-m05-g2-L8-n3-beta1,96,0.02,93,7.75,0.9807225372907433,0.9838096851767406
hm-m05-g2-L8-n3-beta1__N0096__Aplus_0p02,hm-m05-g2-L8-n3-beta1__N0096__Aminus_0p02,hm-m05-g2-L8-n3-beta1,96,0.02,94,7.833333333333333,0.9802524435678143,0.9834150278914252
hm-m05-g2-L8-n3-beta1__N0096__Aplus_0p02,hm-m05-g2-L8-n3-beta1__N0096__Aminus_0p02,hm-m05-g2-L8-n3-beta1,96,0.02,95,7.916666666666666,0.9799686450144894,0.9831767607086846
hm-m05-g2-L8-n3-beta1__N0096__Aplus_0p02,hm-m05-g2-L8-n3-beta1__N0096__Aminus_0p02,hm-m05-g2-L8-n3-beta1,96,0.02,96,8.0,0.9798737544244003,0.9830970922446745
