state_id,reflection_partner_id,case,mesh,requested_amplitude,node,x,u,v
xover-m05-g2-L5p3-n2-beta0__N0040__Aminus_0p02,xover-m05-g2-L5p3-n2-beta0__N0040__Aplus_0p02,xover-m05-g2-L5p3-n2-beta0,40,-0.02,0,0.0,0.9800031745538146,0.9832471997786228
xover-m05-g2-L5p3-n2-beta0__N0040__Aminus_0p02,xover-m05-g2-L5p3-n2-beta0__N0040__Aplus_0p02,xover-m05-g2-L5p3-n2-beta0,40,-0.02,1,0.1325,0.980239637625957,0.983447700735496
xover-m05-g2-L5p3-n2-beta0__N0040__Aminus_0p02,xover-m05-g2-L5p3-n2-beta0__N0040__Aplus_0p02,xover-m05-g2-L5p3-n2-beta0,40,-0.02,2,0.265,0.9809438976919398,0.9840445858895998
xover-m05-g2-L5p3-n2-beta0__N0040__Aminus_0p02,xover-m05-g2-L5p3-n2-beta0__N0040__Aplus_0p02,xover-m05-g2-L5p3-n2-beta0,40,-0.02,3,0.3975,0.9821006299407731,0.9850240859075583
xover-m05-g2-L5p3-n2-beta0__N0040__Aminus_0p02,xover-m05-g2-L5p3-n2-beta0__N0040__Aplus_0p02,xover-m05-g2-L5p3-n2-beta0,40,-0.02,4,0.53,0.983684505635466,0.9863635318627931
xover-m05-g2-L5p3-n2-beta0__N0040__Aminus_0p02,xover-m05-g2-L5p3-n2-beta0__N0040__Aplus_0p02,xover-m05-g2-L5p3-n2-beta0,40,-0.02,5,0.6625000000000001,0.9856605239389897,0.9880317769779438
xover-m05-g2-L5p3-n2-beta0__N0040__Aminus_0p02,xover-m05-g2-L5p3-n2-beta0__N0040__Aplus_0p02,xover-m05-g2-L5p3-n2-beta0,40,-0.02,6,0.795,0.9879845006953468,0.9899897899046587
xover-m05-g2-L5p3-n2-beta0__N0040__Aminus_0p02,xover-m05-g2-L5p3-n2-beta0__N0040__Aplus_0p02,xover-m05-g2-L5p3-n2-beta0,40,-0.02,7,0.9275,0.9906037347474912,0.9921914206648726
xover-m05-g2-L5p3-n2-beta0__N0040__Aminus_0p02,xover-m05-g2-L5p3-n2-beta0__N0040__Aplus_0p02,xover-m05-g2-L5p3-n2-beta0,40,-0.02,8,1.06,0.9934578731977824,0.9945843383799997
xover-m05-g2-L5p3-n2-beta0__N0040__Aminus_0p02,xover-m05-g2-L5p3-n2-beta0__N0040__Aplus_0p02,xover-m05-g2-L5p3-n2-beta0,40,-0.02,9,1.1925000000000001,0.996479994346829,0.9971111364157819
xover-m05-g2-L5p3-n2-beta0__N0040__Aminus_0p02,xover-m05-g2-L5p3-n2-beta0__N0040__Aplus_0p02,xover-m05-g2-L5p3-n2-beta0,40,-0.02,10,1.3250000000000002,0.9995979205074184,0.9997105955091019
xover-m05-g2-L5p3-n2-beta0__N0040__Aminus_0p02,xover-m05-g2-L5p3-n2-beta0__N0040__Aplus_0p02,xover-m05-g2-L5p3-n2-beta0,40,-0.02,11,1.4575,1.002735762419489,1.0023190889227296
xover-m05-g2-L5p3-n2-beta0__N0040__Aminus_0p02,xover-m05-g2-L5p3-n2-beta0__N0040__Aplus_0p02,xover-m05-g2-L5p3-n2-beta0,40,-0.02,12,1.59,1.005815682927082,1.0048721059853754
xover-m05-g2-L5p3-n2-beta0__N0040__Aminus_0p02,xover-m05-g2-L5p3-n2-beta0__N0040__Aplus_0p02,xover-m05-g2-L5p3-n2-beta0,40,-0.02,13,1.7225000000000001,1.0087598507193147,1.0073058620015143
xover-m05-g2-L5p3-n2-beta0__N0040__Aminus_0p02,xover-m05-g2-L5p3-n2-beta0__N0040__Aplus_0p02,xover-m05-g2-L5p3-n2-beta0,40,-0.02,14,1.855,1.011492536565267,1.0095589541204617
xover-m05-g2-L5p3-n2-beta0__N0040__Aminus_0p02,xover-m05-g2-L5p3-n2-beta0__N0040__Aplus_0p02,xover-m05-g2-L5p3-n2-beta0,40,-0.02,15,1.9875,1.0139422862969591,1.0115740151361867
xover-m05-g2-L5p3-n2-beta0__N0040__Aminus_0p02,xover-m05-g2-L5p3-n2-beta0__N0040__Aplus_0p02,xover-m05-g2-L5p3-n2-beta0,40,-0.02,16,2.12,1.0160440888205293,1.0132993112146806
xover-m05-g2-L5p3-n2-beta0__N0040__Aminus_0p02,xover-m05-g2-L5p3-n2-beta0__N0040__Aplus_0p02,xover-m05-g2-L5p3-n2-beta0,40,-0.02,17,2.2525,1.0177414457480665,1.014690226053751
xover-m05-g2-L5p3-n2-beta0__N0040__Aminus_0p02,xover-m05-g2-L5p3-n2-beta0__N0040__Aplus_0p02,xover-m05-g2-L5p3-n2-beta0,40,-0.02,18,2.3850000000000002,1.0189882437274922,1.0157105736742593
xover-m05-g2-L5p3-n2-beta0__N0040__Aminus_0p02,xover-m05-g2-L5p3-n2-beta0__N0040__Aplus_0p02,xover-m05-g2-L5p3-n2-beta0,40,-0.02,19,2.5175,1.0197503325910584,1.0163336853803289
xover-m05-g2-L5p3-n2-beta0__N0040__Aminus_0p02,xover-m05-g2-L5p3-n2-beta0__N0040__Aplus_0p02,xover-m05-g2-L5p3-n2-beta0,40,-0.02,20,2.6500000000000004,1.020006722659394,1.0165432235318432
xover-m05-g2-L5p3-n2-beta0__N0040__Aminus_0p02,xover-m05-g2-L5p3-n2-beta0__N0040__Aplus_0p02,xover-m05-g2-L5p3-n2-beta0,40,-0.02,21,2.7825,1.019750332591059,1.0163336853803298
xover-m05-g2-L5p3-n2-beta0__N0040__Aminus_0p02,xover-m05-g2-L5p3-n2-beta0__N0040__Aplus_0p02,xover-m05-g2-L5p3-n2-beta0,40,-0.02,22,2.915,1.0189882437274933,1.015710573674261
xover-m05-g2-L5p3-n2-beta0__N0040__Aminus_0p02,xover-m05-g2-L5p3-n2-beta0__N0040__Aplus_0p02,xover-m05-g2-L5p3-n2-beta0,40,-0.02,23,3.0475000000000003,1.0177414457480682,1.0146902260537536
xover-m05-g2-L5p3-n2-beta0__N0040__Aminus_0p02,xover-m05-g2-L5p3-n2-beta0__N0040__Aplus_0p02,xover-m05-g2-L5p3-n2-beta0,40,-0.02,24,3.18,1.0160440888205318,1.0132993112146838
xover-m05-g2-L5p3-n2-beta0__N0040__Aminus_0p02,xover-m05-g2-L5p3-n2-beta0__N0040__Aplus_0p02,xover-m05-g2-L5p3-n2-beta0,40,-0.02,25,3.3125,1.0139422862969623,1.0115740151361905
xover-m05-g2-L5p3-n2-beta0__N0040__Aminus_0p02,xover-m05-g2-L5p3-n2-beta0__N0040__Aplus_0p02,xover-m05-g2-L5p3-n2-beta0,40,-0.02,26,3.4450000000000003,1.0114925365652705,1.009558954120466
xover-m05-g2-L5p3-n2-beta0__N0040__Aminus_0p02,xover-m05-g2-L5p3-n2-beta0__N0040__Aplus_0p02,xover-m05-g2-L5p3-n2-beta0,40,-0.02,27,3.5775,1.0087598507193187,1.007305862001519
xover-m05-g2-L5p3-n2-beta0__N0040__Aminus_0p02,xover-m05-g2-L5p3-n2-beta0__N0040__Aplus_0p02,xover-m05-g2-L5p3-n2-beta0,40,-0.02,28,3.71,1.0058156829270863,1.00487210598538
xover-m05-g2-L5p3-n2-beta0__N0040__Aminus_0p02,xover-m05-g2-L5p3-n2-beta0__N0040__Aplus_0p02,xover-m05-g2-L5p3-n2-beta0,40,-0.02,29,3.8425000000000002,1.0027357624194937,1.0023190889227345
xover-m05-g2-L5p3-n2-beta0__N0040__Aminus_0p02,xover-m05-g2-L5p3-n2-beta0__N0040__Aplus_0p02,xover-m05-g2-L5p3-n2-beta0,40,-0.02,30,3.975,0.9995979205074231,0.9997105955091069
xover-m05-g2-L5p3-n2-beta0__N0040__Aminus_0p02,xover-m05-g2-L5p3-n2-beta0__N0040__Aplus_0p02,xover-m05-g2-L5p3-n2-beta0,40,-0.02,31,4.1075,0.9964799943468337,0.9971111364157872
xover-m05-g2-L5p3-n2-beta0__N0040__Aminus_0p02,xover-m05-g2-L5p3-n2-beta0__N0040__Aplus_0p02,xover-m05-g2-L5p3-n2-beta0,40,-0.02,32,4.24,0.993457873197787,0.9945843383800054
xover-m05-g2-L5p3-n2-beta0__N0040__Aminus_0p02,xover-m05-g2-L5p3-n2-beta0__N0040__Aplus_0p02,xover-m05-g2-L5p3-n2-beta0,40,-0.02,33,4.3725000000000005,0.9906037347474955,0.9921914206648786
xover-m05-g2-L5p3-n2-beta0__N0040__Aminus_0p02,xover-m05-g2-L5p3-n2-beta0__N0040__Aplus_0p02,xover-m05-g2-L5p3-n2-beta0,40,-0.02,34,4.505,0.9879845006953509,0.9899897899046647
xover-m05-g2-L5p3-n2-beta0__N0040__Aminus_0p02,xover-m05-g2-L5p3-n2-beta0__N0040__Aplus_0p02,xover-m05-g2-L5p3-n2-beta0,40,-0.02,35,4.6375,0.9856605239389936,0.9880317769779499
xover-m05-g2-L5p3-n2-beta0__N0040__Aminus_0p02,xover-m05-g2-L5p3-n2-beta0__N0040__Aplus_0p02,xover-m05-g2-L5p3-n2-beta0,40,-0.02,36,4.7700000000000005,0.9836845056354697,0.9863635318627993
xover-m05-g2-L5p3-n2-beta0__N0040__Aminus_0p02,xover-m05-g2-L5p3-n2-beta0__N0040__Aplus_0p02,xover-m05-g2-L5p3-n2-beta0,40,-0.02,37,4.9025,0.9821006299407766,0.9850240859075647
xover-m05-g2-L5p3-n2-beta0__N0040__Aminus_0p02,xover-m05-g2-L5p3-n2-beta0__N0040__Aplus_0p02,xover-m05-g2-L5p3-n2-beta0,40,-0.02,38,5.035,0.9809438976919431,0.9840445858896062
xover-m05-g2-L5p3-n2-beta0__N0040__Aminus_0p02,xover-m05-g2-L5p3-n2-beta0__N0040__Aplus_0p02,xover-m05-g2-L5p3-n2-beta0,40,-0.02,39,5.1675,0.9802396376259602,0.9834477007355025
xover-m05-g2-L5p3-n2-beta0__N0040__Aminus_0p02,xover-m05-g2-L5p3-n2-beta0__N0040__Aplus_0p02,xover-m05-g2-L5p3-n2-beta0,40,-0.02,40,5.3,0.9800031745538177,0.9832471997786295
xover-m05-g2-L5p3-n2-beta0__N0040__Aminus_0p01,xover-m05-g2-L5p3-n2-beta0__N0040__Aplus_0p01,xover-m05-g2-L5p3-n2-beta0,40,-0.01,0,0.0,0.9900010211376448,0.991649416081854
xover-m05-g2-L5p3-n2-beta0__N0040__Aminus_0p01,xover-m05-g2-L5p3-n2-beta0__N0040__Aplus_0p01,xover-m05-g2-L5p3-n2-beta0,40,-0.01,1,0.1325,0.9901216716794323,0.9917507805518142
xover-m05-g2-L5p3-n2-beta0__N0040__Aminus_0p01,xover-m05-g2-L5p3-n2-beta0__N0040__Aplus_0p01,xover-m05-g2-L5p3-n2-beta0,40,-0.01,2,0.265,0.9904808303070988,0.992052459303059
xover-m05-g2-L5p3-n2-beta0__N0040__Aminus_0p01,xover-m05-g2-L5p3-n2-beta0__N0040__Aplus_0p01,xover-m05-g2-L5p3-n2-beta0,40,-0.01,3,0.3975,0.9910701699379223,0.9925472600363606
xover-m05-g2-L5p3-n2-beta0__N0040__Aminus_0p01,xover-m05-g2-L5p3-n2-beta0__N0040__Aplus_0p01,xover-m05-g2-L5p3-n2-beta0,40,-0.01,4,0.53,0.9918759853919752,0.993223367293614
xover-m05-g2-L5p3-n2-beta0__N0040__Aminus_0p01,xover-m05-g2-L5p3-n2-beta0__N0040__Aplus_0p01,xover-m05-g2-L5p3-n2-beta0,40,-0.01,5,0.6625000000000001,0.9928794540951488,0.9940645980501286
xover-m05-g2-L5p3-n2-beta0__N0040__Aminus_0p01,xover-m05-g2-L5p3-n2-beta0__N0040__Aplus_0p01,xover-m05-g2-L5p3-n2-beta0,40,-0.01,6,0.795,0.9940570021296806,0.995050755434203
xover-m05-g2-L5p3-n2-beta0__N0040__Aminus_0p01,xover-m05-g2-L5p3-n2-beta0__N0040__Aplus_0p01,xover-m05-g2-L5p3-n2-beta0,40,-0.01,7,0.9275,0.9953807756505498,0.9961580760829698
xover-m05-g2-L5p3-n2-beta0__N0040__Aminus_0p01,xover-m05-g2-L5p3-n2-beta0__N0040__Aplus_0p01,xover-m05-g2-L5p3-n2-beta0,40,-0.01,8,1.06,0.9968192162948116,0.9973597648681314
xover-m05-g2-L5p3-n2-beta0__N0040__Aminus_0p01,xover-m05-g2-L5p3-n2-beta0__N0040__Aplus_0p01,xover-m05-g2-L5p3-n2-beta0,40,-0.01,9,1.1925000000000001,0.9983377369462823,0.9986266086697677
xover-m05-g2-L5p3-n2-beta0__N0040__Aminus_0p01,xover-m05-g2-L5p3-n2-beta0__N0040__Aplus_0p01,xover-m05-g2-L5p3-n2-beta0,40,-0.01,10,1.3250000000000002,0.9998994910741089,0.9999276585713377
xover-m05-g2-L5p3-n2-beta0__N0040__Aminus_0p01,xover-m05-g2-L5p3-n2-beta0__N0040__Aplus_0p01,xover-m05-g2-L5p3-n2-beta0,40,-0.01,11,1.4575,1.0014662249374102,1.0012309673710074
xover-m05-g2-L5p3-n2-beta0__N0040__Aminus_0p01,xover-m05-g2-L5p3-n2-beta0__N0040__Aplus_0p01,xover-m05-g2-L5p3-n2-beta0,40,-0.01,12,1.59,1.0029991974438994,1.0025043667757703
xover-m05-g2-L5p3-n2-beta0__N0040__Aminus_0p01,xover-m05-g2-L5p3-n2-beta0__N0040__Aplus_0p01,xover-m05-g2-L5p3-n2-beta0,40,-0.01,13,1.7225000000000001,1.0044601476757438,1.0037162662277692
xover-m05-g2-L5p3-n2-beta0__N0040__Aminus_0p01,xover-m05-g2-L5p3-n2-beta0__N0040__Aplus_0p01,xover-m05-g2-L5p3-n2-beta0,40,-0.01,14,1.855,1.0058122854444642,1.0048364531984357
xover-m05-g2-L5p3-n2-beta0__N0040__Aminus_0p01,xover-m05-g2-L5p3-n2-beta0__N0040__Aplus_0p01,xover-m05-g2-L5p3-n2-beta0,40,-0.01,15,1.9875,1.0070212761582145,1.0058368731810376
xover-m05-g2-L5p3-n2-beta0__N0040__Aminus_0p01,xover-m05-g2-L5p3-n2-beta0__N0040__Aplus_0p01,xover-m05-g2-L5p3-n2-beta0,40,-0.01,16,2.12,1.0080561882432835,1.0066923667157082
xover-m05-g2-L5p3-n2-beta0__N0040__Aminus_0p01,xover-m05-g2-L5p3-n2-beta0__N0040__Aplus_0p01,xover-m05-g2-L5p3-n2-beta0,40,-0.01,17,2.2525,1.0088903697848193,1.0073813407651344
xover-m05-g2-L5p3-n2-beta0__N0040__Aminus_0p01,xover-m05-g2-L5p3-n2-beta0__N0040__Aplus_0p01,xover-m05-g2-L5p3-n2-beta0,40,-0.01,18,2.3850000000000002,1.0095022212771354,1.007886352746563
xover-m05-g2-L5p3-n2-beta0__N0040__Aminus_0p01,xover-m05-g2-L5p3-n2-beta0__N0040__Aplus_0p01,xover-m05-g2-L5p3-n2-beta0,40,-0.01,19,2.5175,1.0098758335994524,1.0081945875712073
xover-m05-g2-L5p3-n2-beta0__N0040__Aminus_0p01,xover-m05-g2-L5p3-n2-beta0__N0040__Aplus_0p01,xover-m05-g2-L5p3-n2-beta0,40,-0.01,20,2.6500000000000004,1.0100014645793918,1.0082982111188954
xover-m05-g2-L5p3-n2-beta0__N0040__Aminus_0p01,xover-m05-g2-L5p3-n2-beta0__N0040__Aplus_0p01,xover-m05-g2-L5p3-n2-beta0,40,-0.01,21,2.7825,1.009875833599453,1.0081945875712077
xover-m05-g2-L5p3-n2-beta0__N0040__Aminus_0p01,xover-m05-g2-L5p3-n2-beta0__N0040__Aplus_0p01,xover-m05-g2-L5p3-n2-beta0,40,-0.01,22,2.915,1.0095022212771365,1.007886352746564
xover-m05-g2-L5p3-n2-beta0__N0040__Aminus_0p01,xover-m05-g2-L5p3-n2-beta0__N0040__Aplus_0p01,xover-m05-g2-L5p3-n2-beta0,40,-0.01,23,3.0475000000000003,1.0088903697848213,1.0073813407651364
xover-m05-g2-L5p3-n2-beta0__N0040__Aminus_0p01,xover-m05-g2-L5p3-n2-beta0__N0040__Aplus_0p01,xover-m05-g2-L5p3-n2-beta0,40,-0.01,24,3.18,1.008056188243286,1.0066923667157106
xover-m05-g2-L5p3-n2-beta0__N0040__Aminus_0p01,xover-m05-g2-L5p3-n2-beta0__N0040__Aplus_0p01,xover-m05-g2-L5p3-n2-beta0,40,-0.01,25,3.3125,1.0070212761582176,1.0058368731810408
xover-m05-g2-L5p3-n2-beta0__N0040__Aminus_0p01,xover-m05-g2-L5p3-n2-beta0__N0040__Aplus_0p01,xover-m05-g2-L5p3-n2-beta0,40,-0.01,26,3.4450000000000003,1.005812285444468,1.0048364531984395
xover-m05-g2-L5p3-n2-beta0__N0040__Aminus_0p01,xover-m05-g2-L5p3-n2-beta0__N0040__Aplus_0p01,xover-m05-g2-L5p3-n2-beta0,40,-0.01,27,3.5775,1.004460147675748,1.0037162662277732
xover-m05-g2-L5p3-n2-beta0__N0040__Aminus_0p01,xover-m05-g2-L5p3-n2-beta0__N0040__Aplus_0p01,xover-m05-g2-L5p3-n2-beta0,40,-0.01,28,3.71,1.0029991974439039,1.0025043667757745
xover-m05-g2-L5p3-n2-beta0__N0040__Aminus_0p01,xover-m05-g2-L5p3-n2-beta0__N0040__Aplus_0p01,xover-m05-g2-L5p3-n2-beta0,40,-0.01,29,3.8425000000000002,1.0014662249374149,1.0012309673710118
xover-m05-g2-L5p3-n2-beta0__N0040__Aminus_0p01,xover-m05-g2-L5p3-n2-beta0__N0040__Aplus_0p01,xover-m05-g2-L5p3-n2-beta0,40,-0.01,30,3.975,0.9998994910741136,0.9999276585713425
xover-m05-g2-L5p3-n2-beta0__N0040__Aminus_0p01,xover-m05-g2-L5p3-n2-beta0__N0040__Aplus_0p01,xover-m05-g2-L5p3-n2-beta0,40,-0.01,31,4.1075,0.9983377369462869,0.9986266086697726
xover-m05-g2-L5p3-n2-beta0__N0040__Aminus_0p01,xover-m05-g2-L5p3-n2-beta0__N0040__Aplus_0p01,xover-m05-g2-L5p3-n2-beta0,40,-0.01,32,4.24,0.996819216294816,0.9973597648681368
xover-m05-g2-L5p3-n2-beta0__N0040__Aminus_0p01,xover-m05-g2-L5p3-n2-beta0__N0040__Aplus_0p01,xover-m05-g2-L5p3-n2-beta0,40,-0.01,33,4.3725000000000005,0.9953807756505538,0.9961580760829755
xover-m05-g2-L5p3-n2-beta0__N0040__Aminus_0p01,xover-m05-g2-L5p3-n2-beta0__N0040__Aplus_0p01,xover-m05-g2-L5p3-n2-beta0,40,-0.01,34,4.505,0.9940570021296843,0.9950507554342086
xover-m05-g2-L5p3-n2-beta0__N0040__Aminus_0p01,xover-m05-g2-L5p3-n2-beta0__N0040__Aplus_0p01,xover-m05-g2-L5p3-n2-beta0,40,-0.01,35,4.6375,0.9928794540951522,0.9940645980501345
xover-m05-g2-L5p3-n2-beta0__N0040__Aminus_0p01,xover-m05-g2-L5p3-n2-beta0__N0040__Aplus_0p01,xover-m05-g2-L5p3-n2-beta0,40,-0.01,36,4.7700000000000005,0.9918759853919783,0.99322336729362
xover-m05-g2-L5p3-n2-beta0__N0040__Aminus_0p01,xover-m05-g2-L5p3-n2-beta0__N0040__Aplus_0p01,xover-m05-g2-L5p3-n2-beta0,40,-0.01,37,4.9025,0.9910701699379252,0.9925472600363666
xover-m05-g2-L5p3-n2-beta0__N0040__Aminus_0p01,xover-m05-g2-L5p3-n2-beta0__N0040__Aplus_0p01,xover-m05-g2-L5p3-n2-beta0,40,-0.01,38,5.035,0.9904808303071014,0.9920524593030648
xover-m05-g2-L5p3-n2-beta0__N0040__Aminus_0p01,xover-m05-g2-L5p3-n2-beta0__N0040__Aplus_0p01,xover-m05-g2-L5p3-n2-beta0,40,-0.01,39,5.1675,0.9901216716794348,0.9917507805518201
xover-m05-g2-L5p3-n2-beta0__N0040__Aminus_0p01,xover-m05-g2-L5p3-n2-beta0__N0040__Aplus_0p01,xover-m05-g2-L5p3-n2-beta0,40,-0.01,40,5.3,0.9900010211376471,0.9916494160818597
xover-m05-g2-L5p3-n2-beta0__N0040__Aminus_0p005,xover-m05-g2-L5p3-n2-beta0__N0040__Aplus_0p005,xover-m05-g2-L5p3-n2-beta0,40,-0.005,0,0.0,0.9950002833571389,0.9958312063900483
xover-m05-g2-L5p3-n2-beta0__N0040__Aminus_0p005,xover-m05-g2-L5p3-n2-beta0__N0040__Aplus_0p005,xover-m05-g2-L5p3-n2-beta0,40,-0.005,1,0.1325,0.9950612221610111,0.9958821690457
xover-m05-g2-L5p3-n2-beta0__N0040__Aminus_0p005,xover-m05-g2-L5p3-n2-beta0__N0040__Aplus_0p005,xover-m05-g2-L5p3-n2-beta0,40,-0.005,2,0.265,0.9952425830836853,0.996033822644794
xover-m05-g2-L5p3-n2-beta0__N0040__Aminus_0p005,xover-m05-g2-L5p3-n2-beta0__N0040__Aplus_0p005,xover-m05-g2-L5p3-n2-beta0,40,-0.005,3,0.3975,0.9955400311588223,0.9962824924932878
xover-m05-g2-L5p3-n2-beta0__N0040__Aminus_0p005,xover-m05-g2-L5p3-n2-beta0__N0040__Aplus_0p005,xover-m05-g2-L5p3-n2-beta0,40,-0.005,4,0.53,0.995946446078315,0.9966221482895298
xover-m05-g2-L5p3-n2-beta0__N0040__Aminus_0p005,xover-m05-g2-L5p3-n2-beta0__N0040__Aplus_0p005,xover-m05-g2-L5p3-n2-beta0,40,-0.005,5,0.6625000000000001,0.9964520778376129,0.997044543616755
xover-m05-g2-L5p3-n2-beta0__N0040__Aminus_0p005,xover-m05-g2-L5p3-n2-beta0__N0040__Aplus_0p005,xover-m05-g2-L5p3-n2-beta0,40,-0.005,6,0.795,0.9970447619255303,0.9975394076360636
xover-m05-g2-L5p3-n2-beta0__N0040__Aminus_0p005,xover-m05-g2-L5p3-n2-beta0__N0040__Aplus_0p005,xover-m05-g2-L5p3-n2-beta0,40,-0.005,7,0.9275,0.9977101911318356,0.9980946853512559
xover-m05-g2-L5p3-n2-beta0__N0040__Aminus_0p005,xover-m05-g2-L5p3-n2-beta0__N0040__Aplus_0p005,xover-m05-g2-L5p3-n2-beta0,40,-0.005,8,1.06,0.9984322399381237,0.9986968217486669
xover-m05-g2-L5p3-n2-beta0__N0040__Aminus_0p005,xover-m05-g2-L5p3-n2-beta0__N0040__Aplus_0p005,xover-m05-g2-L5p3-n2-beta0,40,-0.005,9,1.1925000000000001,0.999193336200812,0.9993310840470674
xover-m05-g2-L5p3-n2-beta0__N0040__Aminus_0p005,xover-m05-g2-L5p3-n2-beta0__N0040__Aplus_0p005,xover-m05-g2-L5p3-n2-beta0,40,-0.005,10,1.3250000000000002,0.9999748734523987,0.9999819152484525
xover-m05-g2-L5p3-n2-beta0__N0040__Aminus_0p005,xover-m05-g2-L5p3-n2-beta0__N0040__Aplus_0p005,xover-m05-g2-L5p3-n2-beta0,40,-0.005,11,1.4575,1.0007576556877058,1.000633311194237
xover-m05-g2-L5p3-n2-beta0__N0040__Aminus_0p005,xover-m05-g2-L5p3-n2-beta0__N0040__Aplus_0p005,xover-m05-g2-L5p3-n2-beta0,40,-0.005,12,1.59,1.0015223650401122,1.0012692124463134
xover-m05-g2-L5p3-n2-beta0__N0040__Aminus_0p005,xover-m05-g2-L5p3-n2-beta0__N0040__Aplus_0p005,xover-m05-g2-L5p3-n2-beta0,40,-0.005,13,1.7225000000000001,1.0022500413840505,1.0018739015786469
xover-m05-g2-L5p3-n2-beta0__N0040__Aminus_0p005,xover-m05-g2-L5p3-n2-beta0__N0040__Aplus_0p005,xover-m05-g2-L5p3-n2-beta0,40,-0.005,14,1.855,1.0029225617335296,1.002432395935688
xover-m05-g2-L5p3-n2-beta0__N0040__Aminus_0p005,xover-m05-g2-L5p3-n2-beta0__N0040__Aplus_0p005,xover-m05-g2-L5p3-n2-beta0,40,-0.005,15,1.9875,1.0035231064559738,1.0029308256406309
xover-m05-g2-L5p3-n2-beta0__N0040__Aminus_0p005,xover-m05-g2-L5p3-n2-beta0__N0040__Aplus_0p005,xover-m05-g2-L5p3-n2-beta0,40,-0.005,16,2.12,1.004036598893714,1.003356786664717
xover-m05-g2-L5p3-n2-beta0__N0040__Aminus_0p005,xover-m05-g2-L5p3-n2-beta0__N0040__Aplus_0p005,xover-m05-g2-L5p3-n2-beta0,40,-0.005,17,2.2525,1.0044501050713526,1.0036996591321994
xover-m05-g2-L5p3-n2-beta0__N0040__Aminus_0p005,xover-m05-g2-L5p3-n2-beta0__N0040__Aplus_0p005,xover-m05-g2-L5p3-n2-beta0,40,-0.005,18,2.3850000000000002,1.0047531808262535,1.0039508817519456
xover-m05-g2-L5p3-n2-beta0__N0040__Aminus_0p005,xover-m05-g2-L5p3-n2-beta0__N0040__Aplus_0p005,xover-m05-g2-L5p3-n2-beta0,40,-0.005,19,2.5175,1.0049381549536178,1.0041041743341075
xover-m05-g2-L5p3-n2-beta0__N0040__Aminus_0p005,xover-m05-g2-L5p3-n2-beta0__N0040__Aplus_0p005,xover-m05-g2-L5p3-n2-beta0,40,-0.005,20,2.6500000000000004,1.005000338785126,1.0041557017453853
xover-m05-g2-L5p3-n2-beta0__N0040__Aminus_0p005,xover-m05-g2-L5p3-n2-beta0__N0040__Aplus_0p005,xover-m05-g2-L5p3-n2-beta0,40,-0.005,21,2.7825,1.0049381549536183,1.004104174334108
xover-m05-g2-L5p3-n2-beta0__N0040__Aminus_0p005,xover-m05-g2-L5p3-n2-beta0__N0040__Aplus_0p005,xover-m05-g2-L5p3-n2-beta0,40,-0.005,22,2.915,1.004753180826254,1.0039508817519467
xover-m05-g2-L5p3-n2-beta0__N0040__Aminus_0p005,xover-m05-g2-L5p3-n2-beta0__N0040__Aplus_0p005,xover-m05-g2-L5p3-n2-beta0,40,-0.005,23,3.0475000000000003,1.0044501050713535,1.0036996591322012
xover-m05-g2-L5p3-n2-beta0__N0040__Aminus_0p005,xover-m05-g2-L5p3-n2-beta0__N0040__Aplus_0p005,xover-m05-g2-L5p3-n2-beta0,40,-0.005,24,3.18,1.0040365988937152,1.003356786664719
xover-m05-g2-L5p3-n2-beta0__N0040__Aminus_0p005,xover-m05-g2-L5p3-n2-beta0__N0040__Aplus_0p005,xover-m05-g2-L5p3-n2-beta0,40,-0.005,25,3.3125,1.0035231064559753,1.0029308256406333
xover-m05-g2-L5p3-n2-beta0__N0040__Aminus_0p005,xover-m05-g2-L5p3-n2-beta0__N0040__Aplus_0p005,xover-m05-g2-L5p3-n2-beta0,40,-0.005,26,3.4450000000000003,1.0029225617335313,1.0024323959356907
xover-m05-g2-L5p3-n2-beta0__N0040__Aminus_0p005,xover-m05-g2-L5p3-n2-beta0__N0040__Aplus_0p005,xover-m05-g2-L5p3-n2-beta0,40,-0.005,27,3.5775,1.0022500413840525,1.0018739015786495
xover-m05-g2-L5p3-n2-beta0__N0040__Aminus_0p005,xover-m05-g2-L5p3-n2-beta0__N0040__Aplus_0p005,xover-m05-g2-L5p3-n2-beta0,40,-0.005,28,3.71,1.0015223650401144,1.001269212446316
xover-m05-g2-L5p3-n2-beta0__N0040__Aminus_0p005,xover-m05-g2-L5p3-n2-beta0__N0040__Aplus_0p005,xover-m05-g2-L5p3-n2-beta0,40,-0.005,29,3.8425000000000002,1.0007576556877082,1.0006333111942396
xover-m05-g2-L5p3-n2-beta0__N0040__Aminus_0p005,xover-m05-g2-L5p3-n2-beta0__N0040__Aplus_0p005,xover-m05-g2-L5p3-n2-beta0,40,-0.005,30,3.975,0.9999748734524012,0.9999819152484553
xover-m05-g2-L5p3-n2-beta0__N0040__Aminus_0p005,xover-m05-g2-L5p3-n2-beta0__N0040__Aplus_0p005,xover-m05-g2-L5p3-n2-beta0,40,-0.005,31,4.1075,0.9991933362008145,0.9993310840470703
xover-m05-g2-L5p3-n2-beta0__N0040__Aminus_0p005,xover-m05-g2-L5p3-n2-beta0__N0040__Aplus_0p005,xover-m05-g2-L5p3-n2-beta0,40,-0.005,32,4.24,0.9984322399381261,0.9986968217486701
xover-m05-g2-L5p3-n2-beta0__N0040__Aminus_0p005,xover-m05-g2-L5p3-n2-beta0__N0040__Aplus_0p005,xover-m05-g2-L5p3-n2-beta0,40,-0.005,33,4.3725000000000005,0.997710191131838,0.9980946853512592
xover-m05-g2-L5p3-n2-beta0__N0040__Aminus_0p005,xover-m05-g2-L5p3-n2-beta0__N0040__Aplus_0p005,xover-m05-g2-L5p3-n2-beta0,40,-0.005,34,4.505,0.9970447619255327,0.997539407636067
xover-m05-g2-L5p3-n2-beta0__N0040__Aminus_0p005,xover-m05-g2-L5p3-n2-beta0__N0040__Aplus_0p005,xover-m05-g2-L5p3-n2-beta0,40,-0.005,35,4.6375,0.9964520778376151,0.9970445436167586
xover-m05-g2-L5p3-n2-beta0__N0040__Aminus_0p005,xover-m05-g2-L5p3-n2-beta0__N0040__Aplus_0p005,xover-m05-g2-L5p3-n2-beta0,40,-0.005,36,4.7700000000000005,0.9959464460783172,0.9966221482895334
xover-m05-g2-L5p3-n2-beta0__N0040__Aminus_0p005,xover-m05-g2-L5p3-n2-beta0__N0040__Aplus_0p005,xover-m05-g2-L5p3-n2-beta0,40,-0.005,37,4.9025,0.9955400311588244,0.9962824924932915
xover-m05-g2-L5p3-n2-beta0__N0040__Aminus_0p005,xover-m05-g2-L5p3-n2-beta0__N0040__Aplus_0p005,xover-m05-g2-L5p3-n2-beta0,40,-0.005,38,5.035,0.9952425830836874,0.9960338226447978
xover-m05-g2-L5p3-n2-beta0__N0040__Aminus_0p005,xover-m05-g2-L5p3-n2-beta0__N0040__Aplus_0p005,xover-m05-g2-L5p3-n2-beta0,40,-0.005,39,5.1675,0.9950612221610131,0.9958821690457038
xover-m05-g2-L5p3-n2-beta0__N0040__Aminus_0p005,xover-m05-g2-L5p3-n2-beta0__N0040__Aplus_0p005,xover-m05-g2-L5p3-n2-beta0,40,-0.005,40,5.3,0.9950002833571409,0.9958312063900521
xover-m05-g2-L5p3-n2-beta0__N0040__Aminus_0p0025,xover-m05-g2-L5p3-n2-beta0__N0040__Aplus_0p0025,xover-m05-g2-L5p3-n2-beta0,40,-0.0025,0,0.0,0.9975000743258587,0.9979172336059446
xover-m05-g2-L5p3-n2-beta0__N0040__Aminus_0p0025,xover-m05-g2-L5p3-n2-beta0__N0040__Aplus_0p0025,xover-m05-g2-L5p3-n2-beta0,40,-0.0025,1,0.1325,0.9975306982260531,0.9979427852822894
xover-m05-g2-L5p3-n2-beta0__N0040__Aminus_0p0025,xover-m05-g2-L5p3-n2-beta0__N0040__Aplus_0p0025,xover-m05-g2-L5p3-n2-beta0,40,-0.0025,2,0.265,0.9976218271934842,0.9980188162929057
xover-m05-g2-L5p3-n2-beta0__N0040__Aminus_0p0025,xover-m05-g2-L5p3-n2-beta0__N0040__Aplus_0p0025,xover-m05-g2-L5p3-n2-beta0,40,-0.0025,3,0.3975,0.9977712502169982,0.9981434694467465
xover-m05-g2-L5p3-n2-beta0__N0040__Aminus_0p0025,xover-m05-g2-L5p3-n2-beta0__N0040__Aplus_0p0025,xover-m05-g2-L5p3-n2-beta0,40,-0.0025,4,0.53,0.9979753392549277,0.9983136986552077
xover-m05-g2-L5p3-n2-beta0__N0040__Aminus_0p0025,xover-m05-g2-L5p3-n2-beta0__N0040__Aplus_0p0025,xover-m05-g2-L5p3-n2-beta0,40,-0.0025,5,0.6625000000000001,0.998229133587379,0.9985253416686181
xover-m05-g2-L5p3-n2-beta0__N0040__Aminus_0p0025,xover-m05-g2-L5p3-n2-beta0__N0040__Aplus_0p0025,xover-m05-g2-L5p3-n2-beta0,40,-0.0025,6,0.795,0.9985264556764917,0.9987732197027759
xover-m05-g2-L5p3-n2-beta0__N0040__Aminus_0p0025,xover-m05-g2-L5p3-n2-beta0__N0040__Aplus_0p0025,xover-m05-g2-L5p3-n2-beta0,40,-0.0025,7,0.9275,0.9988600562893376,0.9990512617799371
xover-m05-g2-L5p3-n2-beta0__N0040__Aminus_0p0025,xover-m05-g2-L5p3-n2-beta0__N0040__Aplus_0p0025,xover-m05-g2-L5p3-n2-beta0,40,-0.0025,8,1.06,0.9992217859871882,0.9993526510314138
xover-m05-g2-L5p3-n2-beta0__N0040__Aminus_0p0025,xover-m05-g2-L5p3-n2-beta0__N0040__Aplus_0p0025,xover-m05-g2-L5p3-n2-beta0,40,-0.0025,9,1.1925000000000001,0.9996027894404886,0.9996699896697213
xover-m05-g2-L5p3-n2-beta0__N0040__Aminus_0p0025,xover-m05-g2-L5p3-n2-beta0__N0040__Aplus_0p0025,xover-m05-g2-L5p3-n2-beta0,40,-0.0025,10,1.3250000000000002,0.9999937184058502,0.9999954788499799
xover-m05-g2-L5p3-n2-beta0__N0040__Aminus_0p0025,xover-m05-g2-L5p3-n2-beta0__N0040__Aplus_0p0025,xover-m05-g2-L5p3-n2-beta0,40,-0.0025,11,1.4575,1.0003849586202576,1.0003211092175803
xover-m05-g2-L5p3-n2-beta0__N0040__Aminus_0p0025,xover-m05-g2-L5p3-n2-beta0__N0040__Aplus_0p0025,xover-m05-g2-L5p3-n2-beta0,40,-0.0025,12,1.59,1.0007668653538597,1.0006388575976124
xover-m05-g2-L5p3-n2-beta0__N0040__Aminus_0p0025,xover-m05-g2-L5p3-n2-beta0__N0040__Aplus_0p0025,xover-m05-g2-L5p3-n2-beta0,40,-0.0025,13,1.7225000000000001,1.0011300019449194,1.0009408850370827
xover-m05-g2-L5p3-n2-beta0__N0040__Aminus_0p0025,xover-m05-g2-L5p3-n2-beta0__N0040__Aplus_0p0025,xover-m05-g2-L5p3-n2-beta0,40,-0.0025,14,1.855,1.0014653753486338,1.0012197312785414
xover-m05-g2-L5p3-n2-beta0__N0040__Aminus_0p0025,xover-m05-g2-L5p3-n2-beta0__N0040__Aplus_0p0025,xover-m05-g2-L5p3-n2-beta0,40,-0.0025,15,1.9875,1.0017646625941727,1.0014685007363573
xover-m05-g2-L5p3-n2-beta0__N0040__Aminus_0p0025,xover-m05-g2-L5p3-n2-beta0__N0040__Aplus_0p0025,xover-m05-g2-L5p3-n2-beta0,40,-0.0025,16,2.12,1.002020422085795,1.0016810351741274
xover-m05-g2-L5p3-n2-beta0__N0040__Aminus_0p0025,xover-m05-g2-L5p3-n2-beta0__N0040__Aplus_0p0025,xover-m05-g2-L5p3-n2-beta0,40,-0.0025,17,2.2525,1.0022262839217784,1.001852068548723
xover-m05-g2-L5p3-n2-beta0__N0040__Aminus_0p0025,xover-m05-g2-L5p3-n2-beta0__N0040__Aplus_0p0025,xover-m05-g2-L5p3-n2-beta0,40,-0.0025,18,2.3850000000000002,1.0023771138473836,1.0019773598928283
xover-m05-g2-L5p3-n2-beta0__N0040__Aminus_0p0025,xover-m05-g2-L5p3-n2-beta0__N0040__Aplus_0p0025,xover-m05-g2-L5p3-n2-beta0,40,-0.0025,19,2.5175,1.0024691461023023,1.0020538006470066
xover-m05-g2-L5p3-n2-beta0__N0040__Aminus_0p0025,xover-m05-g2-L5p3-n2-beta0__N0040__Aplus_0p0025,xover-m05-g2-L5p3-n2-beta0,40,-0.0025,20,2.6500000000000004,1.002500081254287,1.002079493511395
xover-m05-g2-L5p3-n2-beta0__N0040__Aminus_0p0025,xover-m05-g2-L5p3-n2-beta0__N0040__Aplus_0p0025,xover-m05-g2-L5p3-n2-beta0,40,-0.0025,21,2.7825,1.0024691461023023,1.0020538006470068
xover-m05-g2-L5p3-n2-beta0__N0040__Aminus_0p0025,xover-m05-g2-L5p3-n2-beta0__N0040__Aplus_0p0025,xover-m05-g2-L5p3-n2-beta0,40,-0.0025,22,2.915,1.0023771138473838,1.0019773598928288
xover-m05-g2-L5p3-n2-beta0__N0040__Aminus_0p0025,xover-m05-g2-L5p3-n2-beta0__N0040__Aplus_0p0025,xover-m05-g2-L5p3-n2-beta0,40,-0.0025,23,3.0475000000000003,1.0022262839217788,1.0018520685487238
xover-m05-g2-L5p3-n2-beta0__N0040__Aminus_0p0025,xover-m05-g2-L5p3-n2-beta0__N0040__Aplus_0p0025,xover-m05-g2-L5p3-n2-beta0,40,-0.0025,24,3.18,1.0020204220857956,1.001681035174128
xover-m05-g2-L5p3-n2-beta0__N0040__Aminus_0p0025,xover-m05-g2-L5p3-n2-beta0__N0040__Aplus_0p0025,xover-m05-g2-L5p3-n2-beta0,40,-0.0025,25,3.3125,1.0017646625941734,1.001468500736358
xover-m05-g2-L5p3-n2-beta0__N0040__Aminus_0p0025,xover-m05-g2-L5p3-n2-beta0__N0040__Aplus_0p0025,xover-m05-g2-L5p3-n2-beta0,40,-0.0025,26,3.4450000000000003,1.0014653753486347,1.001219731278542
xover-m05-g2-L5p3-n2-beta0__N0040__Aminus_0p0025,xover-m05-g2-L5p3-n2-beta0__N0040__Aplus_0p0025,xover-m05-g2-L5p3-n2-beta0,40,-0.0025,27,3.5775,1.0011300019449207,1.0009408850370831
xover-m05-g2-L5p3-n2-beta0__N0040__Aminus_0p0025,xover-m05-g2-L5p3-n2-beta0__N0040__Aplus_0p0025,xover-m05-g2-L5p3-n2-beta0,40,-0.0025,28,3.71,1.000766865353861,1.0006388575976128
xover-m05-g2-L5p3-n2-beta0__N0040__Aminus_0p0025,xover-m05-g2-L5p3-n2-beta0__N0040__Aplus_0p0025,xover-m05-g2-L5p3-n2-beta0,40,-0.0025,29,3.8425000000000002,1.000384958620259,1.0003211092175806
xover-m05-g2-L5p3-n2-beta0__N0040__Aminus_0p0025,xover-m05-g2-L5p3-n2-beta0__N0040__Aplus_0p0025,xover-m05-g2-L5p3-n2-beta0,40,-0.0025,30,3.975,0.9999937184058515,0.9999954788499801
xover-m05-g2-L5p3-n2-beta0__N0040__Aminus_0p0025,xover-m05-g2-L5p3-n2-beta0__N0040__Aplus_0p0025,xover-m05-g2-L5p3-n2-beta0,40,-0.0025,31,4.1075,0.9996027894404899,0.9996699896697216
xover-m05-g2-L5p3-n2-beta0__N0040__Aminus_0p0025,xover-m05-g2-L5p3-n2-beta0__N0040__Aplus_0p0025,xover-m05-g2-L5p3-n2-beta0,40,-0.0025,32,4.24,0.9992217859871894,0.9993526510314142
xover-m05-g2-L5p3-n2-beta0__N0040__Aminus_0p0025,xover-m05-g2-L5p3-n2-beta0__N0040__Aplus_0p0025,xover-m05-g2-L5p3-n2-beta0,40,-0.0025,33,4.3725000000000005,0.9988600562893385,0.9990512617799377
xover-m05-g2-L5p3-n2-beta0__N0040__Aminus_0p0025,xover-m05-g2-L5p3-n2-beta0__N0040__Aplus_0p0025,xover-m05-g2-L5p3-n2-beta0,40,-0.0025,34,4.505,0.9985264556764923,0.9987732197027764
xover-m05-g2-L5p3-n2-beta0__N0040__Aminus_0p0025,xover-m05-g2-L5p3-n2-beta0__N0040__Aplus_0p0025,xover-m05-g2-L5p3-n2-beta0,40,-0.0025,35,4.6375,0.9982291335873793,0.9985253416686187
xover-m05-g2-L5p3-n2-beta0__N0040__Aminus_0p0025,xover-m05-g2-L5p3-n2-beta0__N0040__Aplus_0p0025,xover-m05-g2-L5p3-n2-beta0,40,-0.0025,36,4.7700000000000005,0.9979753392549278,0.9983136986552084
xover-m05-g2-L5p3-n2-beta0__N0040__Aminus_0p0025,xover-m05-g2-L5p3-n2-beta0__N0040__Aplus_0p0025,xover-m05-g2-L5p3-n2-beta0,40,-0.0025,37,4.9025,0.9977712502169981,0.9981434694467474
xover-m05-g2-L5p3-n2-beta0__N0040__Aminus_0p0025,xover-m05-g2-L5p3-n2-beta0__N0040__Aplus_0p0025,xover-m05-g2-L5p3-n2-beta0,40,-0.0025,38,5.035,0.997621827193484,0.9980188162929066
xover-m05-g2-L5p3-n2-beta0__N0040__Aminus_0p0025,xover-m05-g2-L5p3-n2-beta0__N0040__Aplus_0p0025,xover-m05-g2-L5p3-n2-beta0,40,-0.0025,39,5.1675,0.9975306982260529,0.9979427852822902
xover-m05-g2-L5p3-n2-beta0__N0040__Aminus_0p0025,xover-m05-g2-L5p3-n2-beta0__N0040__Aplus_0p0025,xover-m05-g2-L5p3-n2-beta0,40,-0.0025,40,5.3,0.9975000743258585,0.9979172336059455
xover-m05-g2-L5p3-n2-beta0__N0040__Aplus_0p0025,xover-m05-g2-L5p3-n2-beta0__N0040__Aminus_0p0025,xover-m05-g2-L5p3-n2-beta0,40,0.0025,0,0.0,1.00250008125429,1.0020794935113966
xover-m05-g2-L5p3-n2-beta0__N0040__Aplus_0p0025,xover-m05-g2-L5p3-n2-beta0__N0040__Aminus_0p0025,xover-m05-g2-L5p3-n2-beta0,40,0.0025,1,0.1325,1.002469146102305,1.002053800647008
xover-m05-g2-L5p3-n2-beta0__N0040__Aplus_0p0025,xover-m05-g2-L5p3-n2-beta0__N0040__Aminus_0p0025,xover-m05-g2-L5p3-n2-beta0,40,0.0025,2,0.265,1.002377113847386,1.00197735989283
xover-m05-g2-L5p3-n2-beta0__N0040__Aplus_0p0025,xover-m05-g2-L5p3-n2-beta0__N0040__Aminus_0p0025,xover-m05-g2-L5p3-n2-beta0,40,0.0025,3,0.3975,1.0022262839217801,1.0018520685487247
xover-m05-g2-L5p3-n2-beta0__N0040__Aplus_0p0025,xover-m05-g2-L5p3-n2-beta0__N0040__Aminus_0p0025,xover-m05-g2-L5p3-n2-beta0,40,0.0025,4,0.53,1.002020422085796,1.0016810351741285
xover-m05-g2-L5p3-n2-beta0__N0040__Aplus_0p0025,xover-m05-g2-L5p3-n2-beta0__N0040__Aminus_0p0025,xover-m05-g2-L5p3-n2-beta0,40,0.0025,5,0.6625000000000001,1.0017646625941727,1.0014685007363577
xover-m05-g2-L5p3-n2-beta0__N0040__Aplus_0p0025,xover-m05-g2-L5p3-n2-beta0__N0040__Aminus_0p0025,xover-m05-g2-L5p3-n2-beta0,40,0.0025,6,0.795,1.001465375348633,1.0012197312785414
xover-m05-g2-L5p3-n2-beta0__N0040__Aplus_0p0025,xover-m05-g2-L5p3-n2-beta0__N0040__Aminus_0p0025,xover-m05-g2-L5p3-n2-beta0,40,0.0025,7,0.9275,1.0011300019449179,1.0009408850370822
xover-m05-g2-L5p3-n2-beta0__N0040__Aplus_0p0025,xover-m05-g2-L5p3-n2-beta0__N0040__Aminus_0p0025,xover-m05-g2-L5p3-n2-beta0,40,0.0025,8,1.06,1.0007668653538573,1.0006388575976117
xover-m05-g2-L5p3-n2-beta0__N0040__Aplus_0p0025,xover-m05-g2-L5p3-n2-beta0__N0040__Aminus_0p0025,xover-m05-g2-L5p3-n2-beta0,40,0.0025,9,1.1925000000000001,1.0003849586202547,1.0003211092175792
xover-m05-g2-L5p3-n2-beta0__N0040__Aplus_0p0025,xover-m05-g2-L5p3-n2-beta0__N0040__Aminus_0p0025,xover-m05-g2-L5p3-n2-beta0,40,0.0025,10,1.3250000000000002,0.9999937184058472,0.9999954788499784
xover-m05-g2-L5p3-n2-beta0__N0040__Aplus_0p0025,xover-m05-g2-L5p3-n2-beta0__N0040__Aminus_0p0025,xover-m05-g2-L5p3-n2-beta0,40,0.0025,11,1.4575,0.9996027894404858,0.9996699896697198
xover-m05-g2-L5p3-n2-beta0__N0040__Aplus_0p0025,xover-m05-g2-L5p3-n2-beta0__N0040__Aminus_0p0025,xover-m05-g2-L5p3-n2-beta0,40,0.0025,12,1.59,0.9992217859871858,0.9993526510314121
xover-m05-g2-L5p3-n2-beta0__N0040__Aplus_0p0025,xover-m05-g2-L5p3-n2-beta0__N0040__Aminus_0p0025,xover-m05-g2-L5p3-n2-beta0,40,0.0025,13,1.7225000000000001,0.9988600562893357,0.9990512617799354
xover-m05-g2-L5p3-n2-beta0__N0040__Aplus_0p0025,xover-m05-g2-L5p3-n2-beta0__N0040__Aminus_0p0025,xover-m05-g2-L5p3-n2-beta0,40,0.0025,14,1.855,0.9985264556764906,0.998773219702774
xover-m05-g2-L5p3-n2-beta0__N0040__Aplus_0p0025,xover-m05-g2-L5p3-n2-beta0__N0040__Aminus_0p0025,xover-m05-g2-L5p3-n2-beta0,40,0.0025,15,1.9875,0.9982291335873787,0.9985253416686161
xover-m05-g2-L5p3-n2-beta0__N0040__Aplus_0p0025,xover-m05-g2-L5p3-n2-beta0__N0040__Aminus_0p0025,xover-m05-g2-L5p3-n2-beta0,40,0.0025,16,2.12,0.9979753392549282,0.9983136986552057
xover-m05-g2-L5p3-n2-beta0__N0040__Aplus_0p0025,xover-m05-g2-L5p3-n2-beta0__N0040__Aminus_0p0025,xover-m05-g2-L5p3-n2-beta0,40,0.0025,17,2.2525,0.9977712502169995,0.9981434694467445
xover-m05-g2-L5p3-n2-beta0__N0040__Aplus_0p0025,xover-m05-g2-L5p3-n2-beta0__N0040__Aminus_0p0025,xover-m05-g2-L5p3-n2-beta0,40,0.0025,18,2.3850000000000002,0.9976218271934861,0.9980188162929038
xover-m05-g2-L5p3-n2-beta0__N0040__Aplus_0p0025,xover-m05-g2-L5p3-n2-beta0__N0040__Aminus_0p0025,xover-m05-g2-L5p3-n2-beta0,40,0.0025,19,2.5175,0.9975306982260553,0.9979427852822877
xover-m05-g2-L5p3-n2-beta0__N0040__Aplus_0p0025,xover-m05-g2-L5p3-n2-beta0__N0040__Aminus_0p0025,xover-m05-g2-L5p3-n2-beta0,40,0.0025,20,2.6500000000000004,0.9975000743258611,0.997917233605943
xover-m05-g2-L5p3-n2-beta0__N0040__Aplus_0p0025,xover-m05-g2-L5p3-n2-beta0__N0040__Aminus_0p0025,xover-m05-g2-L5p3-n2-beta0,40,0.0025,21,2.7825,0.9975306982260553,0.9979427852822877
xover-m05-g2-L5p3-n2-beta0__N0040__Aplus_0p0025,xover-m05-g2-L5p3-n2-beta0__N0040__Aminus_0p0025,xover-m05-g2-L5p3-n2-beta0,40,0.0025,22,2.915,0.997621827193486,0.9980188162929039
xover-m05-g2-L5p3-n2-beta0__N0040__Aplus_0p0025,xover-m05-g2-L5p3-n2-beta0__N0040__Aminus_0p0025,xover-m05-g2-L5p3-n2-beta0,40,0.0025,23,3.0475000000000003,0.9977712502169993,0.9981434694467447
xover-m05-g2-L5p3-n2-beta0__N0040__Aplus_0p0025,xover-m05-g2-L5p3-n2-beta0__N0040__Aminus_0p0025,xover-m05-g2-L5p3-n2-beta0,40,0.0025,24,3.18,0.997975339254928,0.9983136986552057
xover-m05-g2-L5p3-n2-beta0__N0040__Aplus_0p0025,xover-m05-g2-L5p3-n2-beta0__N0040__Aminus_0p0025,xover-m05-g2-L5p3-n2-beta0,40,0.0025,25,3.3125,0.9982291335873784,0.998525341668616
xover-m05-g2-L5p3-n2-beta0__N0040__Aplus_0p0025,xover-m05-g2-L5p3-n2-beta0__N0040__Aminus_0p0025,xover-m05-g2-L5p3-n2-beta0,40,0.0025,26,3.4450000000000003,0.9985264556764903,0.9987732197027738
xover-m05-g2-L5p3-n2-beta0__N0040__Aplus_0p0025,xover-m05-g2-L5p3-n2-beta0__N0040__Aminus_0p0025,xover-m05-g2-L5p3-n2-beta0,40,0.0025,27,3.5775,0.9988600562893355,0.9990512617799349
xover-m05-g2-L5p3-n2-beta0__N0040__Aplus_0p0025,xover-m05-g2-L5p3-n2-beta0__N0040__Aminus_0p0025,xover-m05-g2-L5p3-n2-beta0,40,0.0025,28,3.71,0.9992217859871856,0.9993526510314112
xover-m05-g2-L5p3-n2-beta0__N0040__Aplus_0p0025,xover-m05-g2-L5p3-n2-beta0__N0040__Aminus_0p0025,xover-m05-g2-L5p3-n2-beta0,40,0.0025,29,3.8425000000000002,0.9996027894404855,0.9996699896697188
xover-m05-g2-L5p3-n2-beta0__N0040__Aplus_0p0025,xover-m05-g2-L5p3-n2-beta0__N0040__Aminus_0p0025,xover-m05-g2-L5p3-n2-beta0,40,0.0025,30,3.975,0.999993718405847,0.9999954788499774
xover-m05-g2-L5p3-n2-beta0__N0040__Aplus_0p0025,xover-m05-g2-L5p3-n2-beta0__N0040__Aminus_0p0025,xover-m05-g2-L5p3-n2-beta0,40,0.0025,31,4.1075,1.0003849586202544,1.0003211092175783
xover-m05-g2-L5p3-n2-beta0__N0040__Aplus_0p0025,xover-m05-g2-L5p3-n2-beta0__N0040__Aminus_0p0025,xover-m05-g2-L5p3-n2-beta0,40,0.0025,32,4.24,1.000766865353857,1.0006388575976108
xover-m05-g2-L5p3-n2-beta0__N0040__Aplus_0p0025,xover-m05-g2-L5p3-n2-beta0__N0040__Aminus_0p0025,xover-m05-g2-L5p3-n2-beta0,40,0.0025,33,4.3725000000000005,1.0011300019449174,1.0009408850370813
xover-m05-g2-L5p3-n2-beta0__N0040__Aplus_0p0025,xover-m05-g2-L5p3-n2-beta0__N0040__Aminus_0p0025,xover-m05-g2-L5p3-n2-beta0,40,0.0025,34,4.505,1.0014653753486324,1.0012197312785405
xover-m05-g2-L5p3-n2-beta0__N0040__Aplus_0p0025,xover-m05-g2-L5p3-n2-beta0__N0040__Aminus_0p0025,xover-m05-g2-L5p3-n2-beta0,40,0.0025,35,4.6375,1.0017646625941723,1.0014685007363568
xover-m05-g2-L5p3-n2-beta0__N0040__Aplus_0p0025,xover-m05-g2-L5p3-n2-beta0__N0040__Aminus_0p0025,xover-m05-g2-L5p3-n2-beta0,40,0.0025,36,4.7700000000000005,1.0020204220857953,1.0016810351741277
xover-m05-g2-L5p3-n2-beta0__N0040__Aplus_0p0025,xover-m05-g2-L5p3-n2-beta0__N0040__Aminus_0p0025,xover-m05-g2-L5p3-n2-beta0,40,0.0025,37,4.9025,1.0022262839217797,1.0018520685487238
xover-m05-g2-L5p3-n2-beta0__N0040__Aplus_0p0025,xover-m05-g2-L5p3-n2-beta0__N0040__Aminus_0p0025,xover-m05-g2-L5p3-n2-beta0,40,0.0025,38,5.035,1.0023771138473854,1.0019773598928292
xover-m05-g2-L5p3-n2-beta0__N0040__Aplus_0p0025,xover-m05-g2-L5p3-n2-beta0__N0040__Aminus_0p0025,xover-m05-g2-L5p3-n2-beta0,40,0.0025,39,5.1675,1.0024691461023043,1.0020538006470074
xover-m05-g2-L5p3-n2-beta0__N0040__Aplus_0p0025,xover-m05-g2-L5p3-n2-beta0__N0040__Aminus_0p0025,xover-m05-g2-L5p3-n2-beta0,40,0.0025,40,5.3,1.0025000812542892,1.002079493511396
xover-m05-g2-L5p3-n2-beta0__N0040__Aplus_0p005,xover-m05-g2-L5p3-n2-beta0__N0040__Aminus_0p005,xover-m05-g2-L5p3-n2-beta0,40,0.005,0,0.0,1.0050003387851256,1.0041557017453855
xover-m05-g2-L5p3-n2-beta0__N0040__Aplus_0p005,xover-m05-g2-L5p3-n2-beta0__N0040__Aminus_0p005,xover-m05-g2-L5p3-n2-beta0,40,0.005,1,0.1325,1.0049381549536176,1.004104174334108
xover-m05-g2-L5p3-n2-beta0__N0040__Aplus_0p005,xover-m05-g2-L5p3-n2-beta0__N0040__Aminus_0p005,xover-m05-g2-L5p3-n2-beta0,40,0.005,2,0.265,1.0047531808262533,1.0039508817519465
xover-m05-g2-L5p3-n2-beta0__N0040__Aplus_0p005,xover-m05-g2-L5p3-n2-beta0__N0040__Aminus_0p005,xover-m05-g2-L5p3-n2-beta0,40,0.005,3,0.3975,1.0044501050713526,1.0036996591322005
xover-m05-g2-L5p3-n2-beta0__N0040__Aplus_0p005,xover-m05-g2-L5p3-n2-beta0__N0040__Aminus_0p005,xover-m05-g2-L5p3-n2-beta0,40,0.005,4,0.53,1.004036598893714,1.0033567866647182
xover-m05-g2-L5p3-n2-beta0__N0040__Aplus_0p005,xover-m05-g2-L5p3-n2-beta0__N0040__Aminus_0p005,xover-m05-g2-L5p3-n2-beta0,40,0.005,5,0.6625000000000001,1.0035231064559738,1.002930825640632
xover-m05-g2-L5p3-n2-beta0__N0040__Aplus_0p005,xover-m05-g2-L5p3-n2-beta0__N0040__Aminus_0p005,xover-m05-g2-L5p3-n2-beta0,40,0.005,6,0.795,1.0029225617335296,1.0024323959356891
xover-m05-g2-L5p3-n2-beta0__N0040__Aplus_0p005,xover-m05-g2-L5p3-n2-beta0__N0040__Aminus_0p005,xover-m05-g2-L5p3-n2-beta0,40,0.005,7,0.9275,1.0022500413840507,1.0018739015786475
xover-m05-g2-L5p3-n2-beta0__N0040__Aplus_0p005,xover-m05-g2-L5p3-n2-beta0__N0040__Aminus_0p005,xover-m05-g2-L5p3-n2-beta0,40,0.005,8,1.06,1.0015223650401124,1.001269212446314
xover-m05-g2-L5p3-n2-beta0__N0040__Aplus_0p005,xover-m05-g2-L5p3-n2-beta0__N0040__Aminus_0p005,xover-m05-g2-L5p3-n2-beta0,40,0.005,9,1.1925000000000001,1.000757655687706,1.0006333111942376
xover-m05-g2-L5p3-n2-beta0__N0040__Aplus_0p005,xover-m05-g2-L5p3-n2-beta0__N0040__Aminus_0p005,xover-m05-g2-L5p3-n2-beta0,40,0.005,10,1.3250000000000002,0.999974873452399,0.9999819152484528
xover-m05-g2-L5p3-n2-beta0__N0040__Aplus_0p005,xover-m05-g2-L5p3-n2-beta0__N0040__Aminus_0p005,xover-m05-g2-L5p3-n2-beta0,40,0.005,11,1.4575,0.9991933362008123,0.9993310840470675
xover-m05-g2-L5p3-n2-beta0__N0040__Aplus_0p005,xover-m05-g2-L5p3-n2-beta0__N0040__Aminus_0p005,xover-m05-g2-L5p3-n2-beta0,40,0.005,12,1.59,0.998432239938124,0.9986968217486671
xover-m05-g2-L5p3-n2-beta0__N0040__Aplus_0p005,xover-m05-g2-L5p3-n2-beta0__N0040__Aminus_0p005,xover-m05-g2-L5p3-n2-beta0,40,0.005,13,1.7225000000000001,0.9977101911318359,0.998094685351256
xover-m05-g2-L5p3-n2-beta0__N0040__Aplus_0p005,xover-m05-g2-L5p3-n2-beta0__N0040__Aminus_0p005,xover-m05-g2-L5p3-n2-beta0,40,0.005,14,1.855,0.9970447619255307,0.9975394076360635
xover-m05-g2-L5p3-n2-beta0__N0040__Aplus_0p005,xover-m05-g2-L5p3-n2-beta0__N0040__Aminus_0p005,xover-m05-g2-L5p3-n2-beta0,40,0.005,15,1.9875,0.9964520778376134,0.9970445436167547
xover-m05-g2-L5p3-n2-beta0__N0040__Aplus_0p005,xover-m05-g2-L5p3-n2-beta0__N0040__Aminus_0p005,xover-m05-g2-L5p3-n2-beta0,40,0.005,16,2.12,0.9959464460783155,0.9966221482895292
xover-m05-g2-L5p3-n2-beta0__N0040__Aplus_0p005,xover-m05-g2-L5p3-n2-beta0__N0040__Aminus_0p005,xover-m05-g2-L5p3-n2-beta0,40,0.005,17,2.2525,0.995540031158823,0.9962824924932872
xover-m05-g2-L5p3-n2-beta0__N0040__Aplus_0p005,xover-m05-g2-L5p3-n2-beta0__N0040__Aminus_0p005,xover-m05-g2-L5p3-n2-beta0,40,0.005,18,2.3850000000000002,0.9952425830836861,0.9960338226447936
xover-m05-g2-L5p3-n2-beta0__N0040__Aplus_0p005,xover-m05-g2-L5p3-n2-beta0__N0040__Aminus_0p005,xover-m05-g2-L5p3-n2-beta0,40,0.005,19,2.5175,0.9950612221610119,0.9958821690456998
xover-m05-g2-L5p3-n2-beta0__N0040__Aplus_0p005,xover-m05-g2-L5p3-n2-beta0__N0040__Aminus_0p005,xover-m05-g2-L5p3-n2-beta0,40,0.005,20,2.6500000000000004,0.9950002833571397,0.9958312063900482
xover-m05-g2-L5p3-n2-beta0__N0040__Aplus_0p005,xover-m05-g2-L5p3-n2-beta0__N0040__Aminus_0p005,xover-m05-g2-L5p3-n2-beta0,40,0.005,21,2.7825,0.9950612221610121,0.9958821690456999
xover-m05-g2-L5p3-n2-beta0__N0040__Aplus_0p005,xover-m05-g2-L5p3-n2-beta0__N0040__Aminus_0p005,xover-m05-g2-L5p3-n2-beta0,40,0.005,22,2.915,0.9952425830836864,0.996033822644794
xover-m05-g2-L5p3-n2-beta0__N0040__Aplus_0p005,xover-m05-g2-L5p3-n2-beta0__N0040__Aminus_0p005,xover-m05-g2-L5p3-n2-beta0,40,0.005,23,3.0475000000000003,0.9955400311588234,0.9962824924932878
xover-m05-g2-L5p3-n2-beta0__N0040__Aplus_0p005,xover-m05-g2-L5p3-n2-beta0__N0040__Aminus_0p005,xover-m05-g2-L5p3-n2-beta0,40,0.005,24,3.18,0.9959464460783162,0.9966221482895301
xover-m05-g2-L5p3-n2-beta0__N0040__Aplus_0p005,xover-m05-g2-L5p3-n2-beta0__N0040__Aminus_0p005,xover-m05-g2-L5p3-n2-beta0,40,0.005,25,3.3125,0.9964520778376142,0.9970445436167558
xover-m05-g2-L5p3-n2-beta0__N0040__Aplus_0p005,xover-m05-g2-L5p3-n2-beta0__N0040__Aminus_0p005,xover-m05-g2-L5p3-n2-beta0,40,0.005,26,3.4450000000000003,0.9970447619255317,0.9975394076360646
xover-m05-g2-L5p3-n2-beta0__N0040__Aplus_0p005,xover-m05-g2-L5p3-n2-beta0__N0040__Aminus_0p005,xover-m05-g2-L5p3-n2-beta0,40,0.005,27,3.5775,0.997710191131837,0.998094685351257
xover-m05-g2-L5p3-n2-beta0__N0040__Aplus_0p005,xover-m05-g2-L5p3-n2-beta0__N0040__Aminus_0p005,xover-m05-g2-L5p3-n2-beta0,40,0.005,28,3.71,0.9984322399381252,0.998696821748668
xover-m05-g2-L5p3-n2-beta0__N0040__Aplus_0p005,xover-m05-g2-L5p3-n2-beta0__N0040__Aminus_0p005,xover-m05-g2-L5p3-n2-beta0,40,0.005,29,3.8425000000000002,0.9991933362008135,0.9993310840470685
xover-m05-g2-L5p3-n2-beta0__N0040__Aplus_0p005,xover-m05-g2-L5p3-n2-beta0__N0040__Aminus_0p005,xover-m05-g2-L5p3-n2-beta0,40,0.005,30,3.975,0.9999748734524002,0.9999819152484538
xover-m05-g2-L5p3-n2-beta0__N0040__Aplus_0p005,xover-m05-g2-L5p3-n2-beta0__N0040__Aminus_0p005,xover-m05-g2-L5p3-n2-beta0,40,0.005,31,4.1075,1.0007576556877074,1.0006333111942387
xover-m05-g2-L5p3-n2-beta0__N0040__Aplus_0p005,xover-m05-g2-L5p3-n2-beta0__N0040__Aminus_0p005,xover-m05-g2-L5p3-n2-beta0,40,0.005,32,4.24,1.0015223650401135,1.0012692124463154
xover-m05-g2-L5p3-n2-beta0__N0040__Aplus_0p005,xover-m05-g2-L5p3-n2-beta0__N0040__Aminus_0p005,xover-m05-g2-L5p3-n2-beta0,40,0.005,33,4.3725000000000005,1.0022500413840518,1.001873901578649
xover-m05-g2-L5p3-n2-beta0__N0040__Aplus_0p005,xover-m05-g2-L5p3-n2-beta0__N0040__Aminus_0p005,xover-m05-g2-L5p3-n2-beta0,40,0.005,34,4.505,1.0029225617335307,1.0024323959356904
xover-m05-g2-L5p3-n2-beta0__N0040__Aplus_0p005,xover-m05-g2-L5p3-n2-beta0__N0040__Aminus_0p005,xover-m05-g2-L5p3-n2-beta0,40,0.005,35,4.6375,1.0035231064559749,1.0029308256406337
xover-m05-g2-L5p3-n2-beta0__N0040__Aplus_0p005,xover-m05-g2-L5p3-n2-beta0__N0040__Aminus_0p005,xover-m05-g2-L5p3-n2-beta0,40,0.005,36,4.7700000000000005,1.004036598893715,1.00335678666472
xover-m05-g2-L5p3-n2-beta0__N0040__Aplus_0p005,xover-m05-g2-L5p3-n2-beta0__N0040__Aminus_0p005,xover-m05-g2-L5p3-n2-beta0,40,0.005,37,4.9025,1.0044501050713532,1.0036996591322025
xover-m05-g2-L5p3-n2-beta0__N0040__Aplus_0p005,xover-m05-g2-L5p3-n2-beta0__N0040__Aminus_0p005,xover-m05-g2-L5p3-n2-beta0,40,0.005,38,5.035,1.004753180826254,1.0039508817519485
xover-m05-g2-L5p3-n2-beta0__N0040__Aplus_0p005,xover-m05-g2-L5p3-n2-beta0__N0040__Aminus_0p005,xover-m05-g2-L5p3-n2-beta0,40,0.005,39,5.1675,1.0049381549536183,1.00410417433411
xover-m05-g2-L5p3-n2-beta0__N0040__Aplus_0p005,xover-m05-g2-L5p3-n2-beta0__N0040__Aminus_0p005,xover-m05-g2-L5p3-n2-beta0,40,0.005,40,5.3,1.0050003387851263,1.0041557017453875
xover-m05-g2-L5p3-n2-beta0__N0040__Aplus_0p01,xover-m05-g2-L5p3-n2-beta0__N0040__Aminus_0p01,xover-m05-g2-L5p3-n2-beta0,40,0.01,0,0.0,1.010001464579392,1.008298211118896
xover-m05-g2-L5p3-n2-beta0__N0040__Aplus_0p01,xover-m05-g2-L5p3-n2-beta0__N0040__Aminus_0p01,xover-m05-g2-L5p3-n2-beta0,40,0.01,1,0.1325,1.0098758335994529,1.0081945875712082
xover-m05-g2-L5p3-n2-beta0__N0040__Aplus_0p01,xover-m05-g2-L5p3-n2-beta0__N0040__Aminus_0p01,xover-m05-g2-L5p3-n2-beta0,40,0.01,2,0.265,1.009502221277136,1.0078863527465642
xover-m05-g2-L5p3-n2-beta0__N0040__Aplus_0p01,xover-m05-g2-L5p3-n2-beta0__N0040__Aminus_0p01,xover-m05-g2-L5p3-n2-beta0,40,0.01,3,0.3975,1.0088903697848202,1.0073813407651362
xover-m05-g2-L5p3-n2-beta0__N0040__Aplus_0p01,xover-m05-g2-L5p3-n2-beta0__N0040__Aminus_0p01,xover-m05-g2-L5p3-n2-beta0,40,0.01,4,0.53,1.0080561882432846,1.0066923667157102
xover-m05-g2-L5p3-n2-beta0__N0040__Aplus_0p01,xover-m05-g2-L5p3-n2-beta0__N0040__Aminus_0p01,xover-m05-g2-L5p3-n2-beta0,40,0.01,5,0.6625000000000001,1.0070212761582158,1.0058368731810399
xover-m05-g2-L5p3-n2-beta0__N0040__Aplus_0p01,xover-m05-g2-L5p3-n2-beta0__N0040__Aminus_0p01,xover-m05-g2-L5p3-n2-beta0,40,0.01,6,0.795,1.0058122854444658,1.0048364531984382
xover-m05-g2-L5p3-n2-beta0__N0040__Aplus_0p01,xover-m05-g2-L5p3-n2-beta0__N0040__Aminus_0p01,xover-m05-g2-L5p3-n2-beta0,40,0.01,7,0.9275,1.0044601476757453,1.0037162662277714
xover-m05-g2-L5p3-n2-beta0__N0040__Aplus_0p01,xover-m05-g2-L5p3-n2-beta0__N0040__Aminus_0p01,xover-m05-g2-L5p3-n2-beta0,40,0.01,8,1.06,1.002999197443901,1.0025043667757725
xover-m05-g2-L5p3-n2-beta0__N0040__Aplus_0p01,xover-m05-g2-L5p3-n2-beta0__N0040__Aminus_0p01,xover-m05-g2-L5p3-n2-beta0,40,0.01,9,1.1925000000000001,1.0014662249374118,1.0012309673710098
xover-m05-g2-L5p3-n2-beta0__N0040__Aplus_0p01,xover-m05-g2-L5p3-n2-beta0__N0040__Aminus_0p01,xover-m05-g2-L5p3-n2-beta0,40,0.01,10,1.3250000000000002,0.9998994910741105,0.9999276585713401
xover-m05-g2-L5p3-n2-beta0__N0040__Aplus_0p01,xover-m05-g2-L5p3-n2-beta0__N0040__Aminus_0p01,xover-m05-g2-L5p3-n2-beta0,40,0.01,11,1.4575,0.9983377369462838,0.9986266086697699
xover-m05-g2-L5p3-n2-beta0__N0040__Aplus_0p01,xover-m05-g2-L5p3-n2-beta0__N0040__Aminus_0p01,xover-m05-g2-L5p3-n2-beta0,40,0.01,12,1.59,0.9968192162948132,0.9973597648681336
xover-m05-g2-L5p3-n2-beta0__N0040__Aplus_0p01,xover-m05-g2-L5p3-n2-beta0__N0040__Aminus_0p01,xover-m05-g2-L5p3-n2-beta0,40,0.01,13,1.7225000000000001,0.9953807756505513,0.9961580760829719
xover-m05-g2-L5p3-n2-beta0__N0040__Aplus_0p01,xover-m05-g2-L5p3-n2-beta0__N0040__Aminus_0p01,xover-m05-g2-L5p3-n2-beta0,40,0.01,14,1.855,0.9940570021296821,0.9950507554342047
xover-m05-g2-L5p3-n2-beta0__N0040__Aplus_0p01,xover-m05-g2-L5p3-n2-beta0__N0040__Aminus_0p01,xover-m05-g2-L5p3-n2-beta0,40,0.01,15,1.9875,0.9928794540951502,0.9940645980501301
xover-m05-g2-L5p3-n2-beta0__N0040__Aplus_0p01,xover-m05-g2-L5p3-n2-beta0__N0040__Aminus_0p01,xover-m05-g2-L5p3-n2-beta0,40,0.01,16,2.12,0.9918759853919766,0.9932233672936155
xover-m05-g2-L5p3-n2-beta0__N0040__Aplus_0p01,xover-m05-g2-L5p3-n2-beta0__N0040__Aminus_0p01,xover-m05-g2-L5p3-n2-beta0,40,0.01,17,2.2525,0.9910701699379237,0.9925472600363617
xover-m05-g2-L5p3-n2-beta0__N0040__Aplus_0p01,xover-m05-g2-L5p3-n2-beta0__N0040__Aminus_0p01,xover-m05-g2-L5p3-n2-beta0,40,0.01,18,2.3850000000000002,0.9904808303071002,0.9920524593030602
xover-m05-g2-L5p3-n2-beta0__N0040__Aplus_0p01,xover-m05-g2-L5p3-n2-beta0__N0040__Aminus_0p01,xover-m05-g2-L5p3-n2-beta0,40,0.01,19,2.5175,0.9901216716794338,0.9917507805518156
xover-m05-g2-L5p3-n2-beta0__N0040__Aplus_0p01,xover-m05-g2-L5p3-n2-beta0__N0040__Aminus_0p01,xover-m05-g2-L5p3-n2-beta0,40,0.01,20,2.6500000000000004,0.9900010211376462,0.9916494160818556
xover-m05-g2-L5p3-n2-beta0__N0040__Aplus_0p01,xover-m05-g2-L5p3-n2-beta0__N0040__Aminus_0p01,xover-m05-g2-L5p3-n2-beta0,40,0.01,21,2.7825,0.9901216716794339,0.9917507805518159
xover-m05-g2-L5p3-n2-beta0__N0040__Aplus_0p01,xover-m05-g2-L5p3-n2-beta0__N0040__Aminus_0p01,xover-m05-g2-L5p3-n2-beta0,40,0.01,22,2.915,0.9904808303071005,0.9920524593030607
xover-m05-g2-L5p3-n2-beta0__N0040__Aplus_0p01,xover-m05-g2-L5p3-n2-beta0__N0040__Aminus_0p01,xover-m05-g2-L5p3-n2-beta0,40,0.01,23,3.0475000000000003,0.9910701699379243,0.9925472600363625
xover-m05-g2-L5p3-n2-beta0__N0040__Aplus_0p01,xover-m05-g2-L5p3-n2-beta0__N0040__Aminus_0p01,xover-m05-g2-L5p3-n2-beta0,40,0.01,24,3.18,0.9918759853919773,0.9932233672936162
xover-m05-g2-L5p3-n2-beta0__N0040__Aplus_0p01,xover-m05-g2-L5p3-n2-beta0__N0040__Aminus_0p01,xover-m05-g2-L5p3-n2-beta0,40,0.01,25,3.3125,0.9928794540951511,0.994064598050131
xover-m05-g2-L5p3-n2-beta0__N0040__Aplus_0p01,xover-m05-g2-L5p3-n2-beta0__N0040__Aminus_0p01,xover-m05-g2-L5p3-n2-beta0,40,0.01,26,3.4450000000000003,0.9940570021296831,0.9950507554342056
xover-m05-g2-L5p3-n2-beta0__N0040__Aplus_0p01,xover-m05-g2-L5p3-n2-beta0__N0040__Aminus_0p01,xover-m05-g2-L5p3-n2-beta0,40,0.01,27,3.5775,0.9953807756505525,0.9961580760829727
xover-m05-g2-L5p3-n2-beta0__N0040__Aplus_0p01,xover-m05-g2-L5p3-n2-beta0__N0040__Aminus_0p01,xover-m05-g2-L5p3-n2-beta0,40,0.01,28,3.71,0.9968192162948144,0.9973597648681343
xover-m05-g2-L5p3-n2-beta0__N0040__Aplus_0p01,xover-m05-g2-L5p3-n2-beta0__N0040__Aminus_0p01,xover-m05-g2-L5p3-n2-beta0,40,0.01,29,3.8425000000000002,0.9983377369462851,0.9986266086697706
xover-m05-g2-L5p3-n2-beta0__N0040__Aplus_0p01,xover-m05-g2-L5p3-n2-beta0__N0040__Aminus_0p01,xover-m05-g2-L5p3-n2-beta0,40,0.01,30,3.975,0.9998994910741118,0.9999276585713409
xover-m05-g2-L5p3-n2-beta0__N0040__Aplus_0p01,xover-m05-g2-L5p3-n2-beta0__N0040__Aminus_0p01,xover-m05-g2-L5p3-n2-beta0,40,0.01,31,4.1075,1.001466224937413,1.0012309673710107
xover-m05-g2-L5p3-n2-beta0__N0040__Aplus_0p01,xover-m05-g2-L5p3-n2-beta0__N0040__Aminus_0p01,xover-m05-g2-L5p3-n2-beta0,40,0.01,32,4.24,1.0029991974439023,1.0025043667757738
xover-m05-g2-L5p3-n2-beta0__N0040__Aplus_0p01,xover-m05-g2-L5p3-n2-beta0__N0040__Aminus_0p01,xover-m05-g2-L5p3-n2-beta0,40,0.01,33,4.3725000000000005,1.0044601476757464,1.003716266227773
xover-m05-g2-L5p3-n2-beta0__N0040__Aplus_0p01,xover-m05-g2-L5p3-n2-beta0__N0040__Aminus_0p01,xover-m05-g2-L5p3-n2-beta0,40,0.01,34,4.505,1.0058122854444667,1.0048364531984397
xover-m05-g2-L5p3-n2-beta0__N0040__Aplus_0p01,xover-m05-g2-L5p3-n2-beta0__N0040__Aminus_0p01,xover-m05-g2-L5p3-n2-beta0,40,0.01,35,4.6375,1.0070212761582167,1.0058368731810416
xover-m05-g2-L5p3-n2-beta0__N0040__Aplus_0p01,xover-m05-g2-L5p3-n2-beta0__N0040__Aminus_0p01,xover-m05-g2-L5p3-n2-beta0,40,0.01,36,4.7700000000000005,1.0080561882432852,1.006692366715712
xover-m05-g2-L5p3-n2-beta0__N0040__Aplus_0p01,xover-m05-g2-L5p3-n2-beta0__N0040__Aminus_0p01,xover-m05-g2-L5p3-n2-beta0,40,0.01,37,4.9025,1.0088903697848208,1.0073813407651382
xover-m05-g2-L5p3-n2-beta0__N0040__Aplus_0p01,xover-m05-g2-L5p3-n2-beta0__N0040__Aminus_0p01,xover-m05-g2-L5p3-n2-beta0,40,0.01,38,5.035,1.0095022212771365,1.0078863527465665
xover-m05-g2-L5p3-n2-beta0__N0040__Aplus_0p01,xover-m05-g2-L5p3-n2-beta0__N0040__Aminus_0p01,xover-m05-g2-L5p3-n2-beta0,40,0.01,39,5.1675,1.0098758335994533,1.0081945875712104
xover-m05-g2-L5p3-n2-beta0__N0040__Aplus_0p01,xover-m05-g2-L5p3-n2-beta0__N0040__Aminus_0p01,xover-m05-g2-L5p3-n2-beta0,40,0.01,40,5.3,1.0100014645793922,1.0082982111188983
xover-m05-g2-L5p3-n2-beta0__N0040__Aplus_0p02,xover-m05-g2-L5p3-n2-beta0__N0040__Aminus_0p02,xover-m05-g2-L5p3-n2-beta0,40,0.02,0,0.0,1.0200067226593927,1.0165432235318417
xover-m05-g2-L5p3-n2-beta0__N0040__Aplus_0p02,xover-m05-g2-L5p3-n2-beta0__N0040__Aminus_0p02,xover-m05-g2-L5p3-n2-beta0,40,0.02,1,0.1325,1.0197503325910575,1.0163336853803275
xover-m05-g2-L5p3-n2-beta0__N0040__Aplus_0p02,xover-m05-g2-L5p3-n2-beta0__N0040__Aminus_0p02,xover-m05-g2-L5p3-n2-beta0,40,0.02,2,0.265,1.0189882437274913,1.0157105736742587
xover-m05-g2-L5p3-n2-beta0__N0040__Aplus_0p02,xover-m05-g2-L5p3-n2-beta0__N0040__Aminus_0p02,xover-m05-g2-L5p3-n2-beta0,40,0.02,3,0.3975,1.0177414457480658,1.0146902260537507
xover-m05-g2-L5p3-n2-beta0__N0040__Aplus_0p02,xover-m05-g2-L5p3-n2-beta0__N0040__Aminus_0p02,xover-m05-g2-L5p3-n2-beta0,40,0.02,4,0.53,1.0160440888205289,1.0132993112146806
xover-m05-g2-L5p3-n2-beta0__N0040__Aplus_0p02,xover-m05-g2-L5p3-n2-beta0__N0040__Aminus_0p02,xover-m05-g2-L5p3-n2-beta0,40,0.02,5,0.6625000000000001,1.013942286296959,1.0115740151361867
xover-m05-g2-L5p3-n2-beta0__N0040__Aplus_0p02,xover-m05-g2-L5p3-n2-beta0__N0040__Aminus_0p02,xover-m05-g2-L5p3-n2-beta0,40,0.02,6,0.795,1.0114925365652667,1.0095589541204617
xover-m05-g2-L5p3-n2-beta0__N0040__Aplus_0p02,xover-m05-g2-L5p3-n2-beta0__N0040__Aminus_0p02,xover-m05-g2-L5p3-n2-beta0,40,0.02,7,0.9275,1.0087598507193145,1.007305862001514
xover-m05-g2-L5p3-n2-beta0__N0040__Aplus_0p02,xover-m05-g2-L5p3-n2-beta0__N0040__Aminus_0p02,xover-m05-g2-L5p3-n2-beta0,40,0.02,8,1.06,1.0058156829270817,1.0048721059853751
xover-m05-g2-L5p3-n2-beta0__N0040__Aplus_0p02,xover-m05-g2-L5p3-n2-beta0__N0040__Aminus_0p02,xover-m05-g2-L5p3-n2-beta0,40,0.02,9,1.1925000000000001,1.0027357624194888,1.0023190889227296
xover-m05-g2-L5p3-n2-beta0__N0040__Aplus_0p02,xover-m05-g2-L5p3-n2-beta0__N0040__Aminus_0p02,xover-m05-g2-L5p3-n2-beta0,40,0.02,10,1.3250000000000002,0.9995979205074182,0.9997105955091019
xover-m05-g2-L5p3-n2-beta0__N0040__Aplus_0p02,xover-m05-g2-L5p3-n2-beta0__N0040__Aminus_0p02,xover-m05-g2-L5p3-n2-beta0,40,0.02,11,1.4575,0.996479994346829,0.9971111364157819
xover-m05-g2-L5p3-n2-beta0__N0040__Aplus_0p02,xover-m05-g2-L5p3-n2-beta0__N0040__Aminus_0p02,xover-m05-g2-L5p3-n2-beta0,40,0.02,12,1.59,0.9934578731977826,0.9945843383799998
xover-m05-g2-L5p3-n2-beta0__N0040__Aplus_0p02,xover-m05-g2-L5p3-n2-beta0__N0040__Aminus_0p02,xover-m05-g2-L5p3-n2-beta0,40,0.02,13,1.7225000000000001,0.9906037347474914,0.992191420664873
xover-m05-g2-L5p3-n2-beta0__N0040__Aplus_0p02,xover-m05-g2-L5p3-n2-beta0__N0040__Aminus_0p02,xover-m05-g2-L5p3-n2-beta0,40,0.02,14,1.855,0.987984500695347,0.9899897899046591
xover-m05-g2-L5p3-n2-beta0__N0040__Aplus_0p02,xover-m05-g2-L5p3-n2-beta0__N0040__Aminus_0p02,xover-m05-g2-L5p3-n2-beta0,40,0.02,15,1.9875,0.9856605239389901,0.988031776977944
xover-m05-g2-L5p3-n2-beta0__N0040__Aplus_0p02,xover-m05-g2-L5p3-n2-beta0__N0040__Aminus_0p02,xover-m05-g2-L5p3-n2-beta0,40,0.02,16,2.12,0.9836845056354666,0.9863635318627932
xover-m05-g2-L5p3-n2-beta0__N0040__Aplus_0p02,xover-m05-g2-L5p3-n2-beta0__N0040__Aminus_0p02,xover-m05-g2-L5p3-n2-beta0,40,0.02,17,2.2525,0.9821006299407739,0.9850240859075585
xover-m05-g2-L5p3-n2-beta0__N0040__Aplus_0p02,xover-m05-g2-L5p3-n2-beta0__N0040__Aminus_0p02,xover-m05-g2-L5p3-n2-beta0,40,0.02,18,2.3850000000000002,0.9809438976919407,0.9840445858896001
xover-m05-g2-L5p3-n2-beta0__N0040__Aplus_0p02,xover-m05-g2-L5p3-n2-beta0__N0040__Aminus_0p02,xover-m05-g2-L5p3-n2-beta0,40,0.02,19,2.5175,0.980239637625958,0.9834477007354968
xover-m05-g2-L5p3-n2-beta0__N0040__Aplus_0p02,xover-m05-g2-L5p3-n2-beta0__N0040__Aminus_0p02,xover-m05-g2-L5p3-n2-beta0,40,0.02,20,2.6500000000000004,0.9800031745538157,0.9832471997786238
xover-m05-g2-L5p3-n2-beta0__N0040__Aplus_0p02,xover-m05-g2-L5p3-n2-beta0__N0040__Aminus_0p02,xover-m05-g2-L5p3-n2-beta0,40,0.02,21,2.7825,0.9802396376259584,0.9834477007354971
xover-m05-g2-L5p3-n2-beta0__N0040__Aplus_0p02,xover-m05-g2-L5p3-n2-beta0__N0040__Aminus_0p02,xover-m05-g2-L5p3-n2-beta0,40,0.02,22,2.915,0.9809438976919415,0.984044585889601
xover-m05-g2-L5p3-n2-beta0__N0040__Aplus_0p02,xover-m05-g2-L5p3-n2-beta0__N0040__Aminus_0p02,xover-m05-g2-L5p3-n2-beta0,40,0.02,23,3.0475000000000003,0.982100629940775,0.9850240859075597
xover-m05-g2-L5p3-n2-beta0__N0040__Aplus_0p02,xover-m05-g2-L5p3-n2-beta0__N0040__Aminus_0p02,xover-m05-g2-L5p3-n2-beta0,40,0.02,24,3.18,0.9836845056354682,0.9863635318627948
xover-m05-g2-L5p3-n2-beta0__N0040__Aplus_0p02,xover-m05-g2-L5p3-n2-beta0__N0040__Aminus_0p02,xover-m05-g2-L5p3-n2-beta0,40,0.02,25,3.3125,0.985660523938992,0.9880317769779458
xover-m05-g2-L5p3-n2-beta0__N0040__Aplus_0p02,xover-m05-g2-L5p3-n2-beta0__N0040__Aminus_0p02,xover-m05-g2-L5p3-n2-beta0,40,0.02,26,3.4450000000000003,0.9879845006953493,0.9899897899046611
xover-m05-g2-L5p3-n2-beta0__N0040__Aplus_0p02,xover-m05-g2-L5p3-n2-beta0__N0040__Aminus_0p02,xover-m05-g2-L5p3-n2-beta0,40,0.02,27,3.5775,0.9906037347474939,0.9921914206648753
xover-m05-g2-L5p3-n2-beta0__N0040__Aplus_0p02,xover-m05-g2-L5p3-n2-beta0__N0040__Aminus_0p02,xover-m05-g2-L5p3-n2-beta0,40,0.02,28,3.71,0.9934578731977852,0.9945843383800023
xover-m05-g2-L5p3-n2-beta0__N0040__Aplus_0p02,xover-m05-g2-L5p3-n2-beta0__N0040__Aminus_0p02,xover-m05-g2-L5p3-n2-beta0,40,0.02,29,3.8425000000000002,0.9964799943468319,0.9971111364157844
xover-m05-g2-L5p3-n2-beta0__N0040__Aplus_0p02,xover-m05-g2-L5p3-n2-beta0__N0040__Aminus_0p02,xover-m05-g2-L5p3-n2-beta0,40,0.02,30,3.975,0.9995979205074212,0.9997105955091047
xover-m05-g2-L5p3-n2-beta0__N0040__Aplus_0p02,xover-m05-g2-L5p3-n2-beta0__N0040__Aminus_0p02,xover-m05-g2-L5p3-n2-beta0,40,0.02,31,4.1075,1.002735762419492,1.0023190889227327
xover-m05-g2-L5p3-n2-beta0__N0040__Aplus_0p02,xover-m05-g2-L5p3-n2-beta0__N0040__Aminus_0p02,xover-m05-g2-L5p3-n2-beta0,40,0.02,32,4.24,1.0058156829270848,1.0048721059853787
xover-m05-g2-L5p3-n2-beta0__N0040__Aplus_0p02,xover-m05-g2-L5p3-n2-beta0__N0040__Aminus_0p02,xover-m05-g2-L5p3-n2-beta0,40,0.02,33,4.3725000000000005,1.0087598507193174,1.007305862001518
xover-m05-g2-L5p3-n2-beta0__N0040__Aplus_0p02,xover-m05-g2-L5p3-n2-beta0__N0040__Aminus_0p02,xover-m05-g2-L5p3-n2-beta0,40,0.02,34,4.505,1.0114925365652694,1.0095589541204657
xover-m05-g2-L5p3-n2-beta0__N0040__Aplus_0p02,xover-m05-g2-L5p3-n2-beta0__N0040__Aminus_0p02,xover-m05-g2-L5p3-n2-beta0,40,0.02,35,4.6375,1.0139422862969614,1.0115740151361907
xover-m05-g2-L5p3-n2-beta0__N0040__Aplus_0p02,xover-m05-g2-L5p3-n2-beta0__N0040__Aminus_0p02,xover-m05-g2-L5p3-n2-beta0,40,0.02,36,4.7700000000000005,1.016044088820531,1.0132993112146846
xover-m05-g2-L5p3-n2-beta0__N0040__Aplus_0p02,xover-m05-g2-L5p3-n2-beta0__N0040__Aminus_0p02,xover-m05-g2-L5p3-n2-beta0,40,0.02,37,4.9025,1.017741445748068,1.014690226053755
xover-m05-g2-L5p3-n2-beta0__N0040__Aplus_0p02,xover-m05-g2-L5p3-n2-beta0__N0040__Aminus_0p02,xover-m05-g2-L5p3-n2-beta0,40,0.02,38,5.035,1.0189882437274933,1.0157105736742629
xover-m05-g2-L5p3-n2-beta0__N0040__Aplus_0p02,xover-m05-g2-L5p3-n2-beta0__N0040__Aminus_0p02,xover-m05-g2-L5p3-n2-beta0,40,0.02,39,5.1675,1.0197503325910593,1.016333685380332
xover-m05-g2-L5p3-n2-beta0__N0040__Aplus_0p02,xover-m05-g2-L5p3-n2-beta0__N0040__Aminus_0p02,xover-m05-g2-L5p3-n2-beta0,40,0.02,40,5.3,1.0200067226593947,1.016543223531846
xover-m05-g2-L5p3-n2-beta0__N0080__Aminus_0p02,xover-m05-g2-L5p3-n2-beta0__N0080__Aplus_0p02,xover-m05-g2-L5p3-n2-beta0,80,-0.02,0,0.0,0.9800007413678795,0.9832591215505181
xover-m05-g2-L5p3-n2-beta0__N0080__Aminus_0p02,xover-m05-g2-L5p3-n2-beta0__N0080__Aplus_0p02,xover-m05-g2-L5p3-n2-beta0,80,-0.02,1,0.06625,0.9800599532498535,0.9833092834182754
xover-m05-g2-L5p3-n2-beta0__N0080__Aminus_0p02,xover-m05-g2-L5p3-n2-beta0__N0080__Aplus_0p02,xover-m05-g2-L5p3-n2-beta0,80,-0.02,2,0.1325,0.9802372674731533,0.9834594797954308
xover-m05-g2-L5p3-n2-beta0__N0080__Aminus_0p02,xover-m05-g2-L5p3-n2-beta0__N0080__Aplus_0p02,xover-m05-g2-L5p3-n2-beta0,80,-0.02,3,0.19875,0.9805317207449942,0.9837088443152728
xover-m05-g2-L5p3-n2-beta0__N0080__Aminus_0p02,xover-m05-g2-L5p3-n2-beta0__N0080__Aplus_0p02,xover-m05-g2-L5p3-n2-beta0,80,-0.02,4,0.265,0.9809417108428791,0.9840559374077698
xover-m05-g2-L5p3-n2-beta0__N0080__Aminus_0p02,xover-m05-g2-L5p3-n2-beta0__N0080__Aplus_0p02,xover-m05-g2-L5p3-n2-beta0,80,-0.02,5,0.33125000000000004,0.9814650015655974,0.9844987528693572
xover-m05-g2-L5p3-n2-beta0__N0080__Aminus_0p02,xover-m05-g2-L5p3-n2-beta0__N0080__Aplus_0p02,xover-m05-g2-L5p3-n2-beta0,80,-0.02,6,0.3975,0.9820987297686208,0.985034727075994
xover-m05-g2-L5p3-n2-beta0__N0080__Aminus_0p02,xover-m05-g2-L5p3-n2-beta0__N0080__Aplus_0p02,xover-m05-g2-L5p3-n2-beta0,80,-0.02,7,0.46375,0.9828394145842441,0.9856607508530756
xover-m05-g2-L5p3-n2-beta0__N0080__Aminus_0p02,xover-m05-g2-L5p3-n2-beta0__N0080__Aplus_0p02,xover-m05-g2-L5p3-n2-beta0,80,-0.02,8,0.53,0.9836829689503103,0.9863731840171942
xover-m05-g2-L5p3-n2-beta0__N0080__Aminus_0p02,xover-m05-g2-L5p3-n2-beta0__N0080__Aplus_0p02,xover-m05-g2-L5p3-n2-beta0,80,-0.02,9,0.5962500000000001,0.9846247135910058,0.9871678726043213
xover-m05-g2-L5p3-n2-beta0__N0080__Aminus_0p02,xover-m05-g2-L5p3-n2-beta0__N0080__Aplus_0p02,xover-m05-g2-L5p3-n2-beta0,80,-0.02,10,0.6625000000000001,0.9856593936082453,0.988040168796427
xover-m05-g2-L5p3-n2-beta0__N0080__Aminus_0p02,xover-m05-g2-L5p3-n2-beta0__N0080__Aplus_0p02,xover-m05-g2-L5p3-n2-beta0,80,-0.02,11,0.72875,0.9867811978518218,0.9889849535535395
xover-m05-g2-L5p3-n2-beta0__N0080__Aminus_0p02,xover-m05-g2-L5p3-n2-beta0__N0080__Aplus_0p02,xover-m05-g2-L5p3-n2-beta0,80,-0.02,12,0.795,0.9879837812401091,0.9899966619505355
xover-m05-g2-L5p3-n2-beta0__N0080__Aminus_0p02,xover-m05-g2-L5p3-n2-beta0__N0080__Aplus_0p02,xover-m05-g2-L5p3-n2-beta0,80,-0.02,13,0.8612500000000001,0.989260290200064,0.991069311207327
xover-m05-g2-L5p3-n2-beta0__N0080__Aminus_0p02,xover-m05-g2-L5p3-n2-beta0__N0080__Aplus_0p02,xover-m05-g2-L5p3-n2-beta0,80,-0.02,14,0.9275,0.9906033913850677,0.9921965313874606
xover-m05-g2-L5p3-n2-beta0__N0080__Aminus_0p02,xover-m05-g2-L5p3-n2-beta0__N0080__Aplus_0p02,xover-m05-g2-L5p3-n2-beta0,80,-0.02,15,0.99375,0.9920053038113983,0.9933715987233598
xover-m05-g2-L5p3-n2-beta0__N0080__Aminus_0p02,xover-m05-g2-L5p3-n2-beta0__N0080__Aplus_0p02,xover-m05-g2-L5p3-n2-beta0,80,-0.02,16,1.06,0.9934578345285787,0.9945874715065981
xover-m05-g2-L5p3-n2-beta0__N0080__Aminus_0p02,xover-m05-g2-L5p3-n2-beta0__N0080__Aplus_0p02,xover-m05-g2-L5p3-n2-beta0,80,-0.02,17,1.12625,0.9949524179054249,0.9958368284587112
xover-m05-g2-L5p3-n2-beta0__N0080__Aminus_0p02,xover-m05-g2-L5p3-n2-beta0__N0080__Aplus_0p02,xover-m05-g2-L5p3-n2-beta0,80,-0.02,18,1.1925000000000001,0.9964801585724292,0.9971121094723979
xover-m05-g2-L5p3-n2-beta0__N0080__Aminus_0p02,xover-m05-g2-L5p3-n2-beta0__N0080__Aplus_0p02,xover-m05-g2-L5p3-n2-beta0,80,-0.02,19,1.25875,0.9980318780124731,0.998405558584757
xover-m05-g2-L5p3-n2-beta0__N0080__Aminus_0p02,xover-m05-g2-L5p3-n2-beta0__N0080__Aplus_0p02,xover-m05-g2-L5p3-n2-beta0,80,-0.02,20,1.3250000000000002,0.9995981647363053,0.999709269013862
xover-m05-g2-L5p3-n2-beta0__N0080__Aminus_0p02,xover-m05-g2-L5p3-n2-beta0__N0080__Aplus_0p02,xover-m05-g2-L5p3-n2-beta0,80,-0.02,21,1.39125,1.0011694279175354,1.0010152300579636
xover-m05-g2-L5p3-n2-beta0__N0080__Aminus_0p02,xover-m05-g2-L5p3-n2-beta0__N0080__Aplus_0p02,xover-m05-g2-L5p3-n2-beta0,80,-0.02,22,1.4575,1.0027359542950836,1.002315375623489
xover-m05-g2-L5p3-n2-beta0__N0080__Aminus_0p02,xover-m05-g2-L5p3-n2-beta0__N0080__Aplus_0p02,xover-m05-g2-L5p3-n2-beta0,80,-0.02,23,1.5237500000000002,1.0042879680803785,1.0036016341144505
xover-m05-g2-L5p3-n2-beta0__N0080__Aminus_0p02,xover-m05-g2-L5p3-n2-beta0__N0080__Aplus_0p02,xover-m05-g2-L5p3-n2-beta0,80,-0.02,24,1.59,1.0058156935335856,1.004865979382592
xover-m05-g2-L5p3-n2-beta0__N0080__Aminus_0p02,xover-m05-g2-L5p3-n2-beta0__N0080__Aplus_0p02,xover-m05-g2-L5p3-n2-beta0,80,-0.02,25,1.65625,1.0073094197994843,1.0061004824054178
xover-m05-g2-L5p3-n2-beta0__N0080__Aminus_0p02,xover-m05-g2-L5p3-n2-beta0__N0080__Aplus_0p02,xover-m05-g2-L5p3-n2-beta0,80,-0.02,26,1.7225000000000001,1.0087595675211742,1.0072973633289701
xover-m05-g2-L5p3-n2-beta0__N0080__Aminus_0p02,xover-m05-g2-L5p3-n2-beta0__N0080__Aplus_0p02,xover-m05-g2-L5p3-n2-beta0,80,-0.02,27,1.78875,1.0101567566805891,1.0084490434847442
xover-m05-g2-L5p3-n2-beta0__N0080__Aminus_0p02,xover-m05-g2-L5p3-n2-beta0__N0080__Aplus_0p02,xover-m05-g2-L5p3-n2-beta0,80,-0.02,28,1.855,1.0114918750509168,1.0095481969663032
xover-m05-g2-L5p3-n2-beta0__N0080__Aminus_0p02,xover-m05-g2-L5p3-n2-beta0__N0080__Aplus_0p02,xover-m05-g2-L5p3-n2-beta0,80,-0.02,29,1.9212500000000001,1.0127561465895658,1.0105878013318237
xover-m05-g2-L5p3-n2-beta0__N0080__Aminus_0p02,xover-m05-g2-L5p3-n2-beta0__N0080__Aplus_0p02,xover-m05-g2-L5p3-n2-beta0,80,-0.02,30,1.9875,1.0139411990533498,1.011561186984774
xover-m05-g2-L5p3-n2-beta0__N0080__Aminus_0p02,xover-m05-g2-L5p3-n2-beta0__N0080__Aplus_0p02,xover-m05-g2-L5p3-n2-beta0,80,-0.02,31,2.05375,1.015039130081954,1.0124620847768782
xover-m05-g2-L5p3-n2-beta0__N0080__Aminus_0p02,xover-m05-g2-L5p3-n2-beta0__N0080__Aplus_0p02,xover-m05-g2-L5p3-n2-beta0,80,-0.02,32,2.12,1.0160425709732646,1.0132846713760835
xover-m05-g2-L5p3-n2-beta0__N0080__Aminus_0p02,xover-m05-g2-L5p3-n2-beta0__N0080__Aplus_0p02,xover-m05-g2-L5p3-n2-beta0,80,-0.02,33,2.1862500000000002,1.0169447473661437,1.014023611947878
xover-m05-g2-L5p3-n2-beta0__N0080__Aminus_0p02,xover-m05-g2-L5p3-n2-beta0__N0080__Aplus_0p02,xover-m05-g2-L5p3-n2-beta0,80,-0.02,34,2.2525,1.0177395360538206,1.0146740997112995
xover-m05-g2-L5p3-n2-beta0__N0080__Aminus_0p02,xover-m05-g2-L5p3-n2-beta0__N0080__Aplus_0p02,xover-m05-g2-L5p3-n2-beta0,80,-0.02,35,2.31875,1.0184215171748754,1.0152318919514838
xover-m05-g2-L5p3-n2-beta0__N0080__Aminus_0p02,xover-m05-g2-L5p3-n2-beta0__N0080__Aplus_0p02,xover-m05-g2-L5p3-n2-beta0,80,-0.02,36,2.3850000000000002,1.0189860210689845,1.0156933420985532
xover-m05-g2-L5p3-n2-beta0__N0080__Aminus_0p02,xover-m05-g2-L5p3-n2-beta0__N0080__Aplus_0p02,xover-m05-g2-L5p3-n2-beta0,80,-0.02,37,2.45125,1.0194291691408728,1.016055427517778
xover-m05-g2-L5p3-n2-beta0__N0080__Aminus_0p02,xover-m05-g2-L5p3-n2-beta0__N0080__Aplus_0p02,xover-m05-g2-L5p3-n2-beta0,80,-0.02,38,2.5175,1.0197479081474448,1.016315772697804
xover-m05-g2-L5p3-n2-beta0__N0080__Aminus_0p02,xover-m05-g2-L5p3-n2-beta0__N0080__Aplus_0p02,xover-m05-g2-L5p3-n2-beta0,80,-0.02,39,2.58375,1.0199400374085026,1.0164726675716795
xover-m05-g2-L5p3-n2-beta0__N0080__Aminus_0p02,xover-m05-g2-L5p3-n2-beta0__N0080__Aplus_0p02,xover-m05-g2-L5p3-n2-beta0,80,-0.02,40,2.6500000000000004,1.0200042285390318,1.0165250807585937
xover-m05-g2-L5p3-n2-beta0__N0080__Aminus_0p02,xover-m05-g2-L5p3-n2-beta0__N0080__Aplus_0p02,xover-m05-g2-L5p3-n2-beta0,80,-0.02,41,2.71625,1.0199400374085028,1.0164726675716795
xover-m05-g2-L5p3-n2-beta0__N0080__Aminus_0p02,xover-m05-g2-L5p3-n2-beta0__N0080__Aplus_0p02,xover-m05-g2-L5p3-n2-beta0,80,-0.02,42,2.7825,1.0197479081474454,1.016315772697804
xover-m05-g2-L5p3-n2-beta0__N0080__Aminus_0p02,xover-m05-g2-L5p3-n2-beta0__N0080__Aplus_0p02,xover-m05-g2-L5p3-n2-beta0,80,-0.02,43,2.8487500000000003,1.0194291691408734,1.0160554275177778
xover-m05-g2-L5p3-n2-beta0__N0080__Aminus_0p02,xover-m05-g2-L5p3-n2-beta0__N0080__Aplus_0p02,xover-m05-g2-L5p3-n2-beta0,80,-0.02,44,2.915,1.0189860210689854,1.0156933420985528
xover-m05-g2-L5p3-n2-beta0__N0080__Aminus_0p02,xover-m05-g2-L5p3-n2-beta0__N0080__Aplus_0p02,xover-m05-g2-L5p3-n2-beta0,80,-0.02,45,2.98125,1.0184215171748765,1.0152318919514831
xover-m05-g2-L5p3-n2-beta0__N0080__Aminus_0p02,xover-m05-g2-L5p3-n2-beta0__N0080__Aplus_0p02,xover-m05-g2-L5p3-n2-beta0,80,-0.02,46,3.0475000000000003,1.0177395360538217,1.0146740997112986
xover-m05-g2-L5p3-n2-beta0__N0080__Aminus_0p02,xover-m05-g2-L5p3-n2-beta0__N0080__Aplus_0p02,xover-m05-g2-L5p3-n2-beta0,80,-0.02,47,3.11375,1.016944747366145,1.0140236119478767
xover-m05-g2-L5p3-n2-beta0__N0080__Aminus_0p02,xover-m05-g2-L5p3-n2-beta0__N0080__Aplus_0p02,xover-m05-g2-L5p3-n2-beta0,80,-0.02,48,3.18,1.016042570973266,1.0132846713760817
xover-m05-g2-L5p3-n2-beta0__N0080__Aminus_0p02,xover-m05-g2-L5p3-n2-beta0__N0080__Aplus_0p02,xover-m05-g2-L5p3-n2-beta0,80,-0.02,49,3.2462500000000003,1.0150391300819555,1.012462084776876
xover-m05-g2-L5p3-n2-beta0__N0080__Aminus_0p02,xover-m05-g2-L5p3-n2-beta0__N0080__Aplus_0p02,xover-m05-g2-L5p3-n2-beta0,80,-0.02,50,3.3125,1.0139411990533513,1.0115611869847714
xover-m05-g2-L5p3-n2-beta0__N0080__Aminus_0p02,xover-m05-g2-L5p3-n2-beta0__N0080__Aplus_0p02,xover-m05-g2-L5p3-n2-beta0,80,-0.02,51,3.37875,1.0127561465895674,1.0105878013318206
xover-m05-g2-L5p3-n2-beta0__N0080__Aminus_0p02,xover-m05-g2-L5p3-n2-beta0__N0080__Aplus_0p02,xover-m05-g2-L5p3-n2-beta0,80,-0.02,52,3.4450000000000003,1.011491875050918,1.0095481969662998
xover-m05-g2-L5p3-n2-beta0__N0080__Aminus_0p02,xover-m05-g2-L5p3-n2-beta0__N0080__Aplus_0p02,xover-m05-g2-L5p3-n2-beta0,80,-0.02,53,3.51125,1.0101567566805902,1.0084490434847404
xover-m05-g2-L5p3-n2-beta0__N0080__Aminus_0p02,xover-m05-g2-L5p3-n2-beta0__N0080__Aplus_0p02,xover-m05-g2-L5p3-n2-beta0,80,-0.02,54,3.5775,1.0087595675211751,1.007297363328966
xover-m05-g2-L5p3-n2-beta0__N0080__Aminus_0p02,xover-m05-g2-L5p3-n2-beta0__N0080__Aplus_0p02,xover-m05-g2-L5p3-n2-beta0,80,-0.02,55,3.6437500000000003,1.007309419799485,1.0061004824054134
xover-m05-g2-L5p3-n2-beta0__N0080__Aminus_0p02,xover-m05-g2-L5p3-n2-beta0__N0080__Aplus_0p02,xover-m05-g2-L5p3-n2-beta0,80,-0.02,56,3.71,1.005815693533586,1.0048659793825874
xover-m05-g2-L5p3-n2-beta0__N0080__Aminus_0p02,xover-m05-g2-L5p3-n2-beta0__N0080__Aplus_0p02,xover-m05-g2-L5p3-n2-beta0,80,-0.02,57,3.77625,1.0042879680803785,1.0036016341144458
xover-m05-g2-L5p3-n2-beta0__N0080__Aminus_0p02,xover-m05-g2-L5p3-n2-beta0__N0080__Aplus_0p02,xover-m05-g2-L5p3-n2-beta0,80,-0.02,58,3.8425000000000002,1.0027359542950833,1.002315375623484
xover-m05-g2-L5p3-n2-beta0__N0080__Aminus_0p02,xover-m05-g2-L5p3-n2-beta0__N0080__Aplus_0p02,xover-m05-g2-L5p3-n2-beta0,80,-0.02,59,3.9087500000000004,1.0011694279175347,1.001015230057958
xover-m05-g2-L5p3-n2-beta0__N0080__Aminus_0p02,xover-m05-g2-L5p3-n2-beta0__N0080__Aplus_0p02,xover-m05-g2-L5p3-n2-beta0,80,-0.02,60,3.975,0.9995981647363039,0.9997092690138564
xover-m05-g2-L5p3-n2-beta0__N0080__Aminus_0p02,xover-m05-g2-L5p3-n2-beta0__N0080__Aplus_0p02,xover-m05-g2-L5p3-n2-beta0,80,-0.02,61,4.04125,0.9980318780124711,0.9984055585847512
xover-m05-g2-L5p3-n2-beta0__N0080__Aminus_0p02,xover-m05-g2-L5p3-n2-beta0__N0080__Aplus_0p02,xover-m05-g2-L5p3-n2-beta0,80,-0.02,62,4.1075,0.9964801585724267,0.997112109472392
xover-m05-g2-L5p3-n2-beta0__N0080__Aminus_0p02,xover-m05-g2-L5p3-n2-beta0__N0080__Aplus_0p02,xover-m05-g2-L5p3-n2-beta0,80,-0.02,63,4.17375,0.9949524179054217,0.9958368284587051
xover-m05-g2-L5p3-n2-beta0__N0080__Aminus_0p02,xover-m05-g2-L5p3-n2-beta0__N0080__Aplus_0p02,xover-m05-g2-L5p3-n2-beta0,80,-0.02,64,4.24,0.9934578345285748,0.994587471506592
xover-m05-g2-L5p3-n2-beta0__N0080__Aminus_0p02,xover-m05-g2-L5p3-n2-beta0__N0080__Aplus_0p02,xover-m05-g2-L5p3-n2-beta0,80,-0.02,65,4.30625,0.9920053038113938,0.9933715987233536
xover-m05-g2-L5p3-n2-beta0__N0080__Aminus_0p02,xover-m05-g2-L5p3-n2-beta0__N0080__Aplus_0p02,xover-m05-g2-L5p3-n2-beta0,80,-0.02,66,4.3725000000000005,0.9906033913850626,0.9921965313874541
xover-m05-g2-L5p3-n2-beta0__N0080__Aminus_0p02,xover-m05-g2-L5p3-n2-beta0__N0080__Aplus_0p02,xover-m05-g2-L5p3-n2-beta0,80,-0.02,67,4.438750000000001,0.9892602902000583,0.9910693112073204
xover-m05-g2-L5p3-n2-beta0__N0080__Aminus_0p02,xover-m05-g2-L5p3-n2-beta0__N0080__Aplus_0p02,xover-m05-g2-L5p3-n2-beta0,80,-0.02,68,4.505,0.9879837812401028,0.9899966619505286
xover-m05-g2-L5p3-n2-beta0__N0080__Aminus_0p02,xover-m05-g2-L5p3-n2-beta0__N0080__Aplus_0p02,xover-m05-g2-L5p3-n2-beta0,80,-0.02,69,4.57125,0.9867811978518148,0.9889849535535324
xover-m05-g2-L5p3-n2-beta0__N0080__Aminus_0p02,xover-m05-g2-L5p3-n2-beta0__N0080__Aplus_0p02,xover-m05-g2-L5p3-n2-beta0,80,-0.02,70,4.6375,0.9856593936082378,0.9880401687964195
xover-m05-g2-L5p3-n2-beta0__N0080__Aminus_0p02,xover-m05-g2-L5p3-n2-beta0__N0080__Aplus_0p02,xover-m05-g2-L5p3-n2-beta0,80,-0.02,71,4.70375,0.9846247135909977,0.9871678726043134
xover-m05-g2-L5p3-n2-beta0__N0080__Aminus_0p02,xover-m05-g2-L5p3-n2-beta0__N0080__Aplus_0p02,xover-m05-g2-L5p3-n2-beta0,80,-0.02,72,4.7700000000000005,0.9836829689503017,0.9863731840171859
xover-m05-g2-L5p3-n2-beta0__N0080__Aminus_0p02,xover-m05-g2-L5p3-n2-beta0__N0080__Aplus_0p02,xover-m05-g2-L5p3-n2-beta0,80,-0.02,73,4.836250000000001,0.9828394145842352,0.9856607508530674
xover-m05-g2-L5p3-n2-beta0__N0080__Aminus_0p02,xover-m05-g2-L5p3-n2-beta0__N0080__Aplus_0p02,xover-m05-g2-L5p3-n2-beta0,80,-0.02,74,4.9025,0.9820987297686115,0.9850347270759857
xover-m05-g2-L5p3-n2-beta0__N0080__Aminus_0p02,xover-m05-g2-L5p3-n2-beta0__N0080__Aplus_0p02,xover-m05-g2-L5p3-n2-beta0,80,-0.02,75,4.96875,0.9814650015655877,0.9844987528693488
xover-m05-g2-L5p3-n2-beta0__N0080__Aminus_0p02,xover-m05-g2-L5p3-n2-beta0__N0080__Aplus_0p02,xover-m05-g2-L5p3-n2-beta0,80,-0.02,76,5.035,0.9809417108428691,0.9840559374077612
xover-m05-g2-L5p3-n2-beta0__N0080__Aminus_0p02,xover-m05-g2-L5p3-n2-beta0__N0080__Aplus_0p02,xover-m05-g2-L5p3-n2-beta0,80,-0.02,77,5.10125,0.980531720744984,0.9837088443152643
xover-m05-g2-L5p3-n2-beta0__N0080__Aminus_0p02,xover-m05-g2-L5p3-n2-beta0__N0080__Aplus_0p02,xover-m05-g2-L5p3-n2-beta0,80,-0.02,78,5.1675,0.980237267473143,0.9834594797954223
xover-m05-g2-L5p3-n2-beta0__N0080__Aminus_0p02,xover-m05-g2-L5p3-n2-beta0__N0080__Aplus_0p02,xover-m05-g2-L5p3-n2-beta0,80,-0.02,79,5.233750000000001,0.9800599532498431,0.9833092834182667
xover-m05-g2-L5p3-n2-beta0__N0080__Aminus_0p02,xover-m05-g2-L5p3-n2-beta0__N0080__Aplus_0p02,xover-m05-g2-L5p3-n2-beta0,80,-0.02,80,5.3,0.9800007413678691,0.9832591215505095
xover-m05-g2-L5p3-n2-beta0__N0080__Aminus_0p01,xover-m05-g2-L5p3-n2-beta0__N0080__Aplus_0p01,xover-m05-g2-L5p3-n2-beta0,80,-0.01,0,0.0,0.9900004092820578,0.9916561391961496
xover-m05-g2-L5p3-n2-beta0__N0080__Aminus_0p01,xover-m05-g2-L5p3-n2-beta0__N0080__Aplus_0p01,xover-m05-g2-L5p3-n2-beta0,80,-0.01,1,0.06625,0.9900306197230532,0.9916814977263437
xover-m05-g2-L5p3-n2-beta0__N0080__Aminus_0p01,xover-m05-g2-L5p3-n2-beta0__N0080__Aplus_0p01,xover-m05-g2-L5p3-n2-beta0,80,-0.01,2,0.1325,0.990121075981536,0.9917574220738684
xover-m05-g2-L5p3-n2-beta0__N0080__Aminus_0p01,xover-m05-g2-L5p3-n2-beta0__N0080__Aplus_0p01,xover-m05-g2-L5p3-n2-beta0,80,-0.01,3,0.19875,0.9902712536764888,0.991883459319224
xover-m05-g2-L5p3-n2-beta0__N0080__Aminus_0p01,xover-m05-g2-L5p3-n2-beta0__N0080__Aplus_0p01,xover-m05-g2-L5p3-n2-beta0,80,-0.01,4,0.265,0.9904802815489454,0.9920588572933647
xover-m05-g2-L5p3-n2-beta0__N0080__Aminus_0p01,xover-m05-g2-L5p3-n2-beta0__N0080__Aplus_0p01,xover-m05-g2-L5p3-n2-beta0,80,-0.01,5,0.33125000000000004,0.9907469455297633,0.9922825686154109
xover-m05-g2-L5p3-n2-beta0__N0080__Aminus_0p01,xover-m05-g2-L5p3-n2-beta0__N0080__Aplus_0p01,xover-m05-g2-L5p3-n2-beta0,80,-0.01,6,0.3975,0.9910696944413898,0.9925532563303253
xover-m05-g2-L5p3-n2-beta0__N0080__Aminus_0p01,xover-m05-g2-L5p3-n2-beta0__N0080__Aplus_0p01,xover-m05-g2-L5p3-n2-beta0,80,-0.01,7,0.46375,0.9914466473394149,0.9928693011310309
xover-m05-g2-L5p3-n2-beta0__N0080__Aminus_0p01,xover-m05-g2-L5p3-n2-beta0__N0080__Aplus_0p01,xover-m05-g2-L5p3-n2-beta0,80,-0.01,8,0.53,0.9918756024998204,0.9932288101444379
xover-m05-g2-L5p3-n2-beta0__N0080__Aminus_0p01,xover-m05-g2-L5p3-n2-beta0__N0080__Aplus_0p01,xover-m05-g2-L5p3-n2-beta0,80,-0.01,9,0.5962500000000001,0.9923540480568507,0.9936296272554415
xover-m05-g2-L5p3-n2-beta0__N0080__Aminus_0p01,xover-m05-g2-L5p3-n2-beta0__N0080__Aplus_0p01,xover-m05-g2-L5p3-n2-beta0,80,-0.01,10,0.6625000000000001,0.99287917429413,0.9940693449370775
xover-m05-g2-L5p3-n2-beta0__N0080__Aminus_0p01,xover-m05-g2-L5p3-n2-beta0__N0080__Aplus_0p01,xover-m05-g2-L5p3-n2-beta0,80,-0.01,11,0.72875,0.993447887587882,0.9945453175486261
xover-m05-g2-L5p3-n2-beta0__N0080__Aminus_0p01,xover-m05-g2-L5p3-n2-beta0__N0080__Aplus_0p01,xover-m05-g2-L5p3-n2-beta0,80,-0.01,12,0.795,0.9940568259957221,0.9950546760565152
xover-m05-g2-L5p3-n2-beta0__N0080__Aminus_0p01,xover-m05-g2-L5p3-n2-beta0__N0080__Aplus_0p01,xover-m05-g2-L5p3-n2-beta0,80,-0.01,13,0.8612500000000001,0.9947023764773957,0.9955943441253712
xover-m05-g2-L5p3-n2-beta0__N0080__Aminus_0p01,xover-m05-g2-L5p3-n2-beta0__N0080__Aplus_0p01,xover-m05-g2-L5p3-n2-beta0,80,-0.01,14,0.9275,0.9953806937249806,0.9961610555184973
xover-m05-g2-L5p3-n2-beta0__N0080__Aminus_0p01,xover-m05-g2-L5p3-n2-beta0__N0080__Aplus_0p01,xover-m05-g2-L5p3-n2-beta0,80,-0.01,15,0.99375,0.9960877205694314,0.9967513727384819
xover-m05-g2-L5p3-n2-beta0__N0080__Aminus_0p01,xover-m05-g2-L5p3-n2-beta0__N0080__Aplus_0p01,xover-m05-g2-L5p3-n2-beta0,80,-0.01,16,1.06,0.9968192099179801,0.9973617068295679
xover-m05-g2-L5p3-n2-beta0__N0080__Aminus_0p01,xover-m05-g2-L5p3-n2-beta0__N0080__Aplus_0p01,xover-m05-g2-L5p3-n2-beta0,80,-0.01,17,1.12625,0.9975707481629009,0.9979883382539614
xover-m05-g2-L5p3-n2-beta0__N0080__Aminus_0p01,xover-m05-g2-L5p3-n2-beta0__N0080__Aplus_0p01,xover-m05-g2-L5p3-n2-beta0,80,-0.01,18,1.1925000000000001,0.9983377799866445,0.9986274387444867
xover-m05-g2-L5p3-n2-beta0__N0080__Aminus_0p01,xover-m05-g2-L5p3-n2-beta0__N0080__Aplus_0p01,xover-m05-g2-L5p3-n2-beta0,80,-0.01,19,1.25875,0.9991156344715618,0.9992750940260595
xover-m05-g2-L5p3-n2-beta0__N0080__Aminus_0p01,xover-m05-g2-L5p3-n2-beta0__N0080__Aplus_0p01,xover-m05-g2-L5p3-n2-beta0,80,-0.01,20,1.3250000000000002,0.9998995524046057,0.9999273272884643
xover-m05-g2-L5p3-n2-beta0__N0080__Aminus_0p01,xover-m05-g2-L5p3-n2-beta0__N0080__Aplus_0p01,xover-m05-g2-L5p3-n2-beta0,80,-0.01,21,1.39125,1.0006847146488402,1.0005801232830602
xover-m05-g2-L5p3-n2-beta0__N0080__Aminus_0p01,xover-m05-g2-L5p3-n2-beta0__N0080__Aplus_0p01,xover-m05-g2-L5p3-n2-beta0,80,-0.01,22,1.4575,1.0014662714346467,1.001229452906484
xover-m05-g2-L5p3-n2-beta0__N0080__Aminus_0p01,xover-m05-g2-L5p3-n2-beta0__N0080__Aplus_0p01,xover-m05-g2-L5p3-n2-beta0,80,-0.01,23,1.5237500000000002,1.002239372404584,1.0018712981253444
xover-m05-g2-L5p3-n2-beta0__N0080__Aminus_0p01,xover-m05-g2-L5p3-n2-beta0__N0080__Aplus_0p01,xover-m05-g2-L5p3-n2-beta0,80,-0.01,24,1.59,1.0029991972273589,1.0025016770875228
xover-m05-g2-L5p3-n2-beta0__N0080__Aminus_0p01,xover-m05-g2-L5p3-n2-beta0__N0080__Aplus_0p01,xover-m05-g2-L5p3-n2-beta0,80,-0.01,25,1.65625,1.0037409865787628,1.0031166692582072
xover-m05-g2-L5p3-n2-beta0__N0080__Aminus_0p01,xover-m05-g2-L5p3-n2-beta0__N0080__Aplus_0p01,xover-m05-g2-L5p3-n2-beta0,80,-0.01,26,1.7225000000000001,1.0044600732711535,1.0037124404124016
xover-m05-g2-L5p3-n2-beta0__N0080__Aminus_0p01,xover-m05-g2-L5p3-n2-beta0__N0080__Aplus_0p01,xover-m05-g2-L5p3-n2-beta0,80,-0.01,27,1.78875,1.0051519132986217,1.004285267310566
xover-m05-g2-L5p3-n2-beta0__N0080__Aminus_0p01,xover-m05-g2-L5p3-n2-beta0__N0080__Aplus_0p01,xover-m05-g2-L5p3-n2-beta0,80,-0.01,28,1.855,1.0058121165527927,1.0048315618804398
xover-m05-g2-L5p3-n2-beta0__N0080__Aminus_0p01,xover-m05-g2-L5p3-n2-beta0__N0080__Aplus_0p01,xover-m05-g2-L5p3-n2-beta0,80,-0.01,29,1.9212500000000001,1.0064364769547365,1.005347894726166
xover-m05-g2-L5p3-n2-beta0__N0080__Aminus_0p01,xover-m05-g2-L5p3-n2-beta0__N0080__Aplus_0p01,xover-m05-g2-L5p3-n2-beta0,80,-0.01,30,1.9875,1.0070210017420658,1.005831017785705
xover-m05-g2-L5p3-n2-beta0__N0080__Aminus_0p01,xover-m05-g2-L5p3-n2-beta0__N0080__Aplus_0p01,xover-m05-g2-L5p3-n2-beta0,80,-0.01,31,2.05375,1.0075619396473399,1.0062778859593373
xover-m05-g2-L5p3-n2-beta0__N0080__Aminus_0p01,xover-m05-g2-L5p3-n2-beta0__N0080__Aplus_0p01,xover-m05-g2-L5p3-n2-beta0,80,-0.01,32,2.12,1.0080558077046542,1.0066856775358872
xover-m05-g2-L5p3-n2-beta0__N0080__Aminus_0p01,xover-m05-g2-L5p3-n2-beta0__N0080__Aplus_0p01,xover-m05-g2-L5p3-n2-beta0,80,-0.01,33,2.1862500000000002,1.008499416425951,1.0070518132492237
xover-m05-g2-L5p3-n2-beta0__N0080__Aminus_0p01,xover-m05-g2-L5p3-n2-beta0__N0080__Aplus_0p01,xover-m05-g2-L5p3-n2-beta0,80,-0.01,34,2.2525,1.008889893097294,1.0073739738056111
xover-m05-g2-L5p3-n2-beta0__N0080__Aminus_0p01,xover-m05-g2-L5p3-n2-beta0__N0080__Aplus_0p01,xover-m05-g2-L5p3-n2-beta0,80,-0.01,35,2.31875,1.0092247029580914,1.0076501157325761
xover-m05-g2-L5p3-n2-beta0__N0080__Aminus_0p01,xover-m05-g2-L5p3-n2-beta0__N0080__Aplus_0p01,xover-m05-g2-L5p3-n2-beta0,80,-0.01,36,2.3850000000000002,1.009501668042995,1.007878485412061
xover-m05-g2-L5p3-n2-beta0__N0080__Aminus_0p01,xover-m05-g2-L5p3-n2-beta0__N0080__Aplus_0p01,xover-m05-g2-L5p3-n2-beta0,80,-0.01,37,2.45125,1.0097189834867402,1.0080576311746305
xover-m05-g2-L5p3-n2-beta0__N0080__Aminus_0p01,xover-m05-g2-L5p3-n2-beta0__N0080__Aplus_0p01,xover-m05-g2-L5p3-n2-beta0,80,-0.01,38,2.5175,1.0098752311162806,1.0081864133472331
xover-m05-g2-L5p3-n2-beta0__N0080__Aminus_0p01,xover-m05-g2-L5p3-n2-beta0__N0080__Aplus_0p01,xover-m05-g2-L5p3-n2-beta0,80,-0.01,39,2.58375,1.009969390181833,1.008264012164318
xover-m05-g2-L5p3-n2-beta0__N0080__Aminus_0p01,xover-m05-g2-L5p3-n2-beta0__N0080__Aplus_0p01,xover-m05-g2-L5p3-n2-beta0,80,-0.01,40,2.6500000000000004,1.0100008451084366,1.0082899334707085
xover-m05-g2-L5p3-n2-beta0__N0080__Aminus_0p01,xover-m05-g2-L5p3-n2-beta0__N0080__Aplus_0p01,xover-m05-g2-L5p3-n2-beta0,80,-0.01,41,2.71625,1.0099693901818327,1.0082640121643176
xover-m05-g2-L5p3-n2-beta0__N0080__Aminus_0p01,xover-m05-g2-L5p3-n2-beta0__N0080__Aplus_0p01,xover-m05-g2-L5p3-n2-beta0,80,-0.01,42,2.7825,1.0098752311162804,1.0081864133472322
xover-m05-g2-L5p3-n2-beta0__N0080__Aminus_0p01,xover-m05-g2-L5p3-n2-beta0__N0080__Aplus_0p01,xover-m05-g2-L5p3-n2-beta0,80,-0.01,43,2.8487500000000003,1.0097189834867397,1.008057631174629
xover-m05-g2-L5p3-n2-beta0__N0080__Aminus_0p01,xover-m05-g2-L5p3-n2-beta0__N0080__Aplus_0p01,xover-m05-g2-L5p3-n2-beta0,80,-0.01,44,2.915,1.0095016680429945,1.007878485412059
xover-m05-g2-L5p3-n2-beta0__N0080__Aminus_0p01,xover-m05-g2-L5p3-n2-beta0__N0080__Aplus_0p01,xover-m05-g2-L5p3-n2-beta0,80,-0.01,45,2.98125,1.0092247029580905,1.0076501157325735
xover-m05-g2-L5p3-n2-beta0__N0080__Aminus_0p01,xover-m05-g2-L5p3-n2-beta0__N0080__Aplus_0p01,xover-m05-g2-L5p3-n2-beta0,80,-0.01,46,3.0475000000000003,1.008889893097293,1.007373973805608
xover-m05-g2-L5p3-n2-beta0__N0080__Aminus_0p01,xover-m05-g2-L5p3-n2-beta0__N0080__Aplus_0p01,xover-m05-g2-L5p3-n2-beta0,80,-0.01,47,3.11375,1.0084994164259498,1.0070518132492199
xover-m05-g2-L5p3-n2-beta0__N0080__Aminus_0p01,xover-m05-g2-L5p3-n2-beta0__N0080__Aplus_0p01,xover-m05-g2-L5p3-n2-beta0,80,-0.01,48,3.18,1.0080558077046529,1.0066856775358828
xover-m05-g2-L5p3-n2-beta0__N0080__Aminus_0p01,xover-m05-g2-L5p3-n2-beta0__N0080__Aplus_0p01,xover-m05-g2-L5p3-n2-beta0,80,-0.01,49,3.2462500000000003,1.0075619396473383,1.0062778859593324
xover-m05-g2-L5p3-n2-beta0__N0080__Aminus_0p01,xover-m05-g2-L5p3-n2-beta0__N0080__Aplus_0p01,xover-m05-g2-L5p3-n2-beta0,80,-0.01,50,3.3125,1.0070210017420638,1.0058310177856993
xover-m05-g2-L5p3-n2-beta0__N0080__Aminus_0p01,xover-m05-g2-L5p3-n2-beta0__N0080__Aplus_0p01,xover-m05-g2-L5p3-n2-beta0,80,-0.01,51,3.37875,1.0064364769547343,1.0053478947261594
xover-m05-g2-L5p3-n2-beta0__N0080__Aminus_0p01,xover-m05-g2-L5p3-n2-beta0__N0080__Aplus_0p01,xover-m05-g2-L5p3-n2-beta0,80,-0.01,52,3.4450000000000003,1.00581211655279,1.0048315618804329
xover-m05-g2-L5p3-n2-beta0__N0080__Aminus_0p01,xover-m05-g2-L5p3-n2-beta0__N0080__Aplus_0p01,xover-m05-g2-L5p3-n2-beta0,80,-0.01,53,3.51125,1.0051519132986189,1.0042852673105587
xover-m05-g2-L5p3-n2-beta0__N0080__Aminus_0p01,xover-m05-g2-L5p3-n2-beta0__N0080__Aplus_0p01,xover-m05-g2-L5p3-n2-beta0,80,-0.01,54,3.5775,1.0044600732711502,1.003712440412394
xover-m05-g2-L5p3-n2-beta0__N0080__Aminus_0p01,xover-m05-g2-L5p3-n2-beta0__N0080__Aplus_0p01,xover-m05-g2-L5p3-n2-beta0,80,-0.01,55,3.6437500000000003,1.003740986578759,1.0031166692581994
xover-m05-g2-L5p3-n2-beta0__N0080__Aminus_0p01,xover-m05-g2-L5p3-n2-beta0__N0080__Aplus_0p01,xover-m05-g2-L5p3-n2-beta0,80,-0.01,56,3.71,1.0029991972273544,1.0025016770875148
xover-m05-g2-L5p3-n2-beta0__N0080__Aminus_0p01,xover-m05-g2-L5p3-n2-beta0__N0080__Aplus_0p01,xover-m05-g2-L5p3-n2-beta0,80,-0.01,57,3.77625,1.0022393724045793,1.001871298125336
xover-m05-g2-L5p3-n2-beta0__N0080__Aminus_0p01,xover-m05-g2-L5p3-n2-beta0__N0080__Aplus_0p01,xover-m05-g2-L5p3-n2-beta0,80,-0.01,58,3.8425000000000002,1.0014662714346416,1.0012294529064751
xover-m05-g2-L5p3-n2-beta0__N0080__Aminus_0p01,xover-m05-g2-L5p3-n2-beta0__N0080__Aplus_0p01,xover-m05-g2-L5p3-n2-beta0,80,-0.01,59,3.9087500000000004,1.0006847146488345,1.000580123283051
xover-m05-g2-L5p3-n2-beta0__N0080__Aminus_0p01,xover-m05-g2-L5p3-n2-beta0__N0080__Aplus_0p01,xover-m05-g2-L5p3-n2-beta0,80,-0.01,60,3.975,0.9998995524045996,0.9999273272884547
xover-m05-g2-L5p3-n2-beta0__N0080__Aminus_0p01,xover-m05-g2-L5p3-n2-beta0__N0080__Aplus_0p01,xover-m05-g2-L5p3-n2-beta0,80,-0.01,61,4.04125,0.9991156344715555,0.9992750940260496
xover-m05-g2-L5p3-n2-beta0__N0080__Aminus_0p01,xover-m05-g2-L5p3-n2-beta0__N0080__Aplus_0p01,xover-m05-g2-L5p3-n2-beta0,80,-0.01,62,4.1075,0.9983377799866378,0.9986274387444766
xover-m05-g2-L5p3-n2-beta0__N0080__Aminus_0p01,xover-m05-g2-L5p3-n2-beta0__N0080__Aplus_0p01,xover-m05-g2-L5p3-n2-beta0,80,-0.01,63,4.17375,0.9975707481628938,0.9979883382539512
xover-m05-g2-L5p3-n2-beta0__N0080__Aminus_0p01,xover-m05-g2-L5p3-n2-beta0__N0080__Aplus_0p01,xover-m05-g2-L5p3-n2-beta0,80,-0.01,64,4.24,0.9968192099179728,0.9973617068295576
xover-m05-g2-L5p3-n2-beta0__N0080__Aminus_0p01,xover-m05-g2-L5p3-n2-beta0__N0080__Aplus_0p01,xover-m05-g2-L5p3-n2-beta0,80,-0.01,65,4.30625,0.9960877205694236,0.9967513727384715
xover-m05-g2-L5p3-n2-beta0__N0080__Aminus_0p01,xover-m05-g2-L5p3-n2-beta0__N0080__Aplus_0p01,xover-m05-g2-L5p3-n2-beta0,80,-0.01,66,4.3725000000000005,0.9953806937249726,0.9961610555184871
xover-m05-g2-L5p3-n2-beta0__N0080__Aminus_0p01,xover-m05-g2-L5p3-n2-beta0__N0080__Aplus_0p01,xover-m05-g2-L5p3-n2-beta0,80,-0.01,67,4.438750000000001,0.9947023764773874,0.995594344125361
xover-m05-g2-L5p3-n2-beta0__N0080__Aminus_0p01,xover-m05-g2-L5p3-n2-beta0__N0080__Aplus_0p01,xover-m05-g2-L5p3-n2-beta0,80,-0.01,68,4.505,0.9940568259957134,0.9950546760565049
xover-m05-g2-L5p3-n2-beta0__N0080__Aminus_0p01,xover-m05-g2-L5p3-n2-beta0__N0080__Aplus_0p01,xover-m05-g2-L5p3-n2-beta0,80,-0.01,69,4.57125,0.9934478875878731,0.9945453175486154
xover-m05-g2-L5p3-n2-beta0__N0080__Aminus_0p01,xover-m05-g2-L5p3-n2-beta0__N0080__Aplus_0p01,xover-m05-g2-L5p3-n2-beta0,80,-0.01,70,4.6375,0.9928791742941206,0.9940693449370668
xover-m05-g2-L5p3-n2-beta0__N0080__Aminus_0p01,xover-m05-g2-L5p3-n2-beta0__N0080__Aplus_0p01,xover-m05-g2-L5p3-n2-beta0,80,-0.01,71,4.70375,0.9923540480568411,0.9936296272554305
xover-m05-g2-L5p3-n2-beta0__N0080__Aminus_0p01,xover-m05-g2-L5p3-n2-beta0__N0080__Aplus_0p01,xover-m05-g2-L5p3-n2-beta0,80,-0.01,72,4.7700000000000005,0.9918756024998105,0.9932288101444267
xover-m05-g2-L5p3-n2-beta0__N0080__Aminus_0p01,xover-m05-g2-L5p3-n2-beta0__N0080__Aplus_0p01,xover-m05-g2-L5p3-n2-beta0,80,-0.01,73,4.836250000000001,0.9914466473394048,0.9928693011310197
xover-m05-g2-L5p3-n2-beta0__N0080__Aminus_0p01,xover-m05-g2-L5p3-n2-beta0__N0080__Aplus_0p01,xover-m05-g2-L5p3-n2-beta0,80,-0.01,74,4.9025,0.9910696944413796,0.992553256330314
xover-m05-g2-L5p3-n2-beta0__N0080__Aminus_0p01,xover-m05-g2-L5p3-n2-beta0__N0080__Aplus_0p01,xover-m05-g2-L5p3-n2-beta0,80,-0.01,75,4.96875,0.9907469455297528,0.9922825686153997
xover-m05-g2-L5p3-n2-beta0__N0080__Aminus_0p01,xover-m05-g2-L5p3-n2-beta0__N0080__Aplus_0p01,xover-m05-g2-L5p3-n2-beta0,80,-0.01,76,5.035,0.9904802815489349,0.9920588572933534
xover-m05-g2-L5p3-n2-beta0__N0080__Aminus_0p01,xover-m05-g2-L5p3-n2-beta0__N0080__Aplus_0p01,xover-m05-g2-L5p3-n2-beta0,80,-0.01,77,5.10125,0.9902712536764781,0.9918834593192126
xover-m05-g2-L5p3-n2-beta0__N0080__Aminus_0p01,xover-m05-g2-L5p3-n2-beta0__N0080__Aplus_0p01,xover-m05-g2-L5p3-n2-beta0,80,-0.01,78,5.1675,0.9901210759815252,0.9917574220738571
xover-m05-g2-L5p3-n2-beta0__N0080__Aminus_0p01,xover-m05-g2-L5p3-n2-beta0__N0080__Aplus_0p01,xover-m05-g2-L5p3-n2-beta0,80,-0.01,79,5.233750000000001,0.9900306197230423,0.9916814977263323
xover-m05-g2-L5p3-n2-beta0__N0080__Aminus_0p01,xover-m05-g2-L5p3-n2-beta0__N0080__Aplus_0p01,xover-m05-g2-L5p3-n2-beta0,80,-0.01,80,5.3,0.9900004092820469,0.991656139196138
xover-m05-g2-L5p3-n2-beta0__N0080__Aminus_0p005,xover-m05-g2-L5p3-n2-beta0__N0080__Aplus_0p005,xover-m05-g2-L5p3-n2-beta0,80,-0.005,0,0.0,0.9950001299328821,0.9958347603178253
xover-m05-g2-L5p3-n2-beta0__N0080__Aminus_0p005,xover-m05-g2-L5p3-n2-beta0__N0080__Aplus_0p005,xover-m05-g2-L5p3-n2-beta0,80,-0.005,1,0.06625,0.9950153884663108,0.9958475094509657
xover-m05-g2-L5p3-n2-beta0__N0080__Aminus_0p005,xover-m05-g2-L5p3-n2-beta0__N0080__Aplus_0p005,xover-m05-g2-L5p3-n2-beta0,80,-0.005,2,0.1325,0.9950610728270638,0.9958856795344825
xover-m05-g2-L5p3-n2-beta0__N0080__Aminus_0p005,xover-m05-g2-L5p3-n2-beta0__N0080__Aplus_0p005,xover-m05-g2-L5p3-n2-beta0,80,-0.005,3,0.19875,0.9951369097903849,0.9959490390660123
xover-m05-g2-L5p3-n2-beta0__N0080__Aminus_0p005,xover-m05-g2-L5p3-n2-beta0__N0080__Aplus_0p005,xover-m05-g2-L5p3-n2-beta0,80,-0.005,4,0.265,0.9952424456264113,0.9960372036907882
xover-m05-g2-L5p3-n2-beta0__N0080__Aminus_0p005,xover-m05-g2-L5p3-n2-beta0__N0080__Aplus_0p005,xover-m05-g2-L5p3-n2-beta0,80,-0.005,5,0.33125000000000004,0.9953770485622911,0.9961496384184126
xover-m05-g2-L5p3-n2-beta0__N0080__Aminus_0p005,xover-m05-g2-L5p3-n2-beta0__N0080__Aplus_0p005,xover-m05-g2-L5p3-n2-beta0,80,-0.005,6,0.3975,0.9955399122190911,0.9962856607123581
xover-m05-g2-L5p3-n2-beta0__N0080__Aminus_0p005,xover-m05-g2-L5p3-n2-beta0__N0080__Aplus_0p005,xover-m05-g2-L5p3-n2-beta0,80,-0.005,7,0.46375,0.9957300600132043,0.9964444444381634
xover-m05-g2-L5p3-n2-beta0__N0080__Aminus_0p005,xover-m05-g2-L5p3-n2-beta0__N0080__Aplus_0p005,xover-m05-g2-L5p3-n2-beta0,80,-0.005,8,0.53,0.9959463505087108,0.996625024652244
xover-m05-g2-L5p3-n2-beta0__N0080__Aminus_0p005,xover-m05-g2-L5p3-n2-beta0__N0080__Aplus_0p005,xover-m05-g2-L5p3-n2-beta0,80,-0.005,9,0.5962500000000001,0.9961874837036525,0.9968263032091272
xover-m05-g2-L5p3-n2-beta0__N0080__Aminus_0p005,xover-m05-g2-L5p3-n2-beta0__N0080__Aplus_0p005,xover-m05-g2-L5p3-n2-beta0,80,-0.005,10,0.6625000000000001,0.9964520082294381,0.9970470551607984
xover-m05-g2-L5p3-n2-beta0__N0080__Aminus_0p005,xover-m05-g2-L5p3-n2-beta0__N0080__Aplus_0p005,xover-m05-g2-L5p3-n2-beta0,80,-0.005,11,0.72875,0.9967383294385583,0.9972859359176757
xover-m05-g2-L5p3-n2-beta0__N0080__Aminus_0p005,xover-m05-g2-L5p3-n2-beta0__N0080__Aplus_0p005,xover-m05-g2-L5p3-n2-beta0,80,-0.005,12,0.795,0.9970447183514574,0.9975414891365451
xover-m05-g2-L5p3-n2-beta0__N0080__Aminus_0p005,xover-m05-g2-L5p3-n2-beta0__N0080__Aplus_0p005,xover-m05-g2-L5p3-n2-beta0,80,-0.005,13,0.8612500000000001,0.9973693214287672,0.9978121552965892
xover-m05-g2-L5p3-n2-beta0__N0080__Aminus_0p005,xover-m05-g2-L5p3-n2-beta0__N0080__Aplus_0p005,xover-m05-g2-L5p3-n2-beta0,80,-0.005,14,0.9275,0.9977101711301778,0.9980962809204489
xover-m05-g2-L5p3-n2-beta0__N0080__Aminus_0p005,xover-m05-g2-L5p3-n2-beta0__N0080__Aplus_0p005,xover-m05-g2-L5p3-n2-beta0,80,-0.005,15,0.99375,0.9980651972160097,0.9983921283930912
xover-m05-g2-L5p3-n2-beta0__N0080__Aminus_0p005,xover-m05-g2-L5p3-n2-beta0__N0080__Aplus_0p005,xover-m05-g2-L5p3-n2-beta0,80,-0.005,16,1.06,0.9984322387421105,0.9986978863271592
xover-m05-g2-L5p3-n2-beta0__N0080__Aminus_0p005,xover-m05-g2-L5p3-n2-beta0__N0080__Aplus_0p005,xover-m05-g2-L5p3-n2-beta0,80,-0.005,17,1.12625,0.9988090566930652,0.9990116804194584
xover-m05-g2-L5p3-n2-beta0__N0080__Aminus_0p005,xover-m05-g2-L5p3-n2-beta0__N0080__Aplus_0p005,xover-m05-g2-L5p3-n2-beta0,80,-0.005,18,1.1925000000000001,0.9991933471929488,0.9993315847393559
xover-m05-g2-L5p3-n2-beta0__N0080__Aminus_0p005,xover-m05-g2-L5p3-n2-beta0__N0080__Aplus_0p005,xover-m05-g2-L5p3-n2-beta0,80,-0.005,19,1.25875,0.999582755227035,0.9996556333861568
xover-m05-g2-L5p3-n2-beta0__N0080__Aminus_0p005,xover-m05-g2-L5p3-n2-beta0__N0080__Aplus_0p005,xover-m05-g2-L5p3-n2-beta0,80,-0.005,20,1.3250000000000002,0.9999748888020942,0.9999818324490335
xover-m05-g2-L5p3-n2-beta0__N0080__Aminus_0p005,xover-m05-g2-L5p3-n2-beta0__N0080__Aplus_0p005,xover-m05-g2-L5p3-n2-beta0,80,-0.005,21,1.39125,1.0003673334672538,1.0003081721998601
xover-m05-g2-L5p3-n2-beta0__N0080__Aminus_0p005,xover-m05-g2-L5p3-n2-beta0__N0080__Aplus_0p005,xover-m05-g2-L5p3-n2-beta0,80,-0.005,22,1.4575,1.0007576671119705,1.0006326394464071
xover-m05-g2-L5p3-n2-beta0__N0080__Aminus_0p005,xover-m05-g2-L5p3-n2-beta0__N0080__Aplus_0p005,xover-m05-g2-L5p3-n2-beta0,80,-0.005,23,1.5237500000000002,1.0011434749525674,1.0009532299708244
xover-m05-g2-L5p3-n2-beta0__N0080__Aminus_0p005,xover-m05-g2-L5p3-n2-beta0__N0080__Aplus_0p005,xover-m05-g2-L5p3-n2-beta0,80,-0.005,24,1.59,1.001522364614159,1.0012679609762398
xover-m05-g2-L5p3-n2-beta0__N0080__Aminus_0p005,xover-m05-g2-L5p3-n2-beta0__N0080__Aplus_0p005,xover-m05-g2-L5p3-n2-beta0,80,-0.005,25,1.65625,1.0018919812107034,1.0015748834626839
xover-m05-g2-L5p3-n2-beta0__N0080__Aminus_0p005,xover-m05-g2-L5p3-n2-beta0__N0080__Aplus_0p005,xover-m05-g2-L5p3-n2-beta0,80,-0.005,26,1.7225000000000001,1.002250022322526,1.0018720944524537
xover-m05-g2-L5p3-n2-beta0__N0080__Aminus_0p005,xover-m05-g2-L5p3-n2-beta0__N0080__Aplus_0p005,xover-m05-g2-L5p3-n2-beta0,80,-0.005,27,1.78875,1.0025942527680494,1.0021577489845117
xover-m05-g2-L5p3-n2-beta0__N0080__Aminus_0p005,xover-m05-g2-L5p3-n2-beta0__N0080__Aplus_0p005,xover-m05-g2-L5p3-n2-beta0,80,-0.005,28,1.855,1.0029225190647284,1.002430071797605
xover-m05-g2-L5p3-n2-beta0__N0080__Aminus_0p005,xover-m05-g2-L5p3-n2-beta0__N0080__Aplus_0p005,xover-m05-g2-L5p3-n2-beta0,80,-0.005,29,1.9212500000000001,1.0032327634734395,1.0026873686225328
xover-m05-g2-L5p3-n2-beta0__N0080__Aminus_0p005,xover-m05-g2-L5p3-n2-beta0__N0080__Aplus_0p005,xover-m05-g2-L5p3-n2-beta0,80,-0.005,30,1.9875,1.003523037520871,1.0029280370054028
xover-m05-g2-L5p3-n2-beta0__N0080__Aminus_0p005,xover-m05-g2-L5p3-n2-beta0__N0080__Aplus_0p005,xover-m05-g2-L5p3-n2-beta0,80,-0.005,31,2.05375,1.0037915148958687,1.003150576585817
xover-m05-g2-L5p3-n2-beta0__N0080__Aminus_0p005,xover-m05-g2-L5p3-n2-beta0__N0080__Aplus_0p005,xover-m05-g2-L5p3-n2-beta0,80,-0.005,32,2.12,1.0040365036182575,1.0033535987567404
xover-m05-g2-L5p3-n2-beta0__N0080__Aminus_0p005,xover-m05-g2-L5p3-n2-beta0__N0080__Aplus_0p005,xover-m05-g2-L5p3-n2-beta0,80,-0.005,33,2.1862500000000002,1.0042564573824058,1.003535835636301
xover-m05-g2-L5p3-n2-beta0__N0080__Aminus_0p005,xover-m05-g2-L5p3-n2-beta0__N0080__Aplus_0p005,xover-m05-g2-L5p3-n2-beta0,80,-0.005,34,2.2525,1.0044499859827187,1.0036961482859692
xover-m05-g2-L5p3-n2-beta0__N0080__Aminus_0p005,xover-m05-g2-L5p3-n2-beta0__N0080__Aplus_0p005,xover-m05-g2-L5p3-n2-beta0,80,-0.005,35,2.31875,1.0046158647343335,1.0038335341144065
xover-m05-g2-L5p3-n2-beta0__N0080__Aminus_0p005,xover-m05-g2-L5p3-n2-beta0__N0080__Aplus_0p005,xover-m05-g2-L5p3-n2-beta0,80,-0.005,36,2.3850000000000002,1.004753042809481,1.0039471334117716
xover-m05-g2-L5p3-n2-beta0__N0080__Aminus_0p005,xover-m05-g2-L5p3-n2-beta0__N0080__Aplus_0p005,xover-m05-g2-L5p3-n2-beta0,80,-0.005,37,2.45125,1.0048606504182316,1.0040362349653282
xover-m05-g2-L5p3-n2-beta0__N0080__Aminus_0p005,xover-m05-g2-L5p3-n2-beta0__N0080__Aplus_0p005,xover-m05-g2-L5p3-n2-beta0,80,-0.005,38,2.5175,1.0049380047715386,1.0041002807138093
xover-m05-g2-L5p3-n2-beta0__N0080__Aminus_0p005,xover-m05-g2-L5p3-n2-beta0__N0080__Aplus_0p005,xover-m05-g2-L5p3-n2-beta0,80,-0.005,39,2.58375,1.004984614774557,1.004138869405054
xover-m05-g2-L5p3-n2-beta0__N0080__Aminus_0p005,xover-m05-g2-L5p3-n2-beta0__N0080__Aplus_0p005,xover-m05-g2-L5p3-n2-beta0,80,-0.005,40,2.6500000000000004,1.005000184408987,1.0041517592288942
xover-m05-g2-L5p3-n2-beta0__N0080__Aminus_0p005,xover-m05-g2-L5p3-n2-beta0__N0080__Aplus_0p005,xover-m05-g2-L5p3-n2-beta0,80,-0.005,41,2.71625,1.0049846147745571,1.0041388694050535
xover-m05-g2-L5p3-n2-beta0__N0080__Aminus_0p005,xover-m05-g2-L5p3-n2-beta0__N0080__Aplus_0p005,xover-m05-g2-L5p3-n2-beta0,80,-0.005,42,2.7825,1.0049380047715388,1.0041002807138086
xover-m05-g2-L5p3-n2-beta0__N0080__Aminus_0p005,xover-m05-g2-L5p3-n2-beta0__N0080__Aplus_0p005,xover-m05-g2-L5p3-n2-beta0,80,-0.005,43,2.8487500000000003,1.004860650418232,1.0040362349653271
xover-m05-g2-L5p3-n2-beta0__N0080__Aminus_0p005,xover-m05-g2-L5p3-n2-beta0__N0080__Aplus_0p005,xover-m05-g2-L5p3-n2-beta0,80,-0.005,44,2.915,1.0047530428094815,1.00394713341177
xover-m05-g2-L5p3-n2-beta0__N0080__Aminus_0p005,xover-m05-g2-L5p3-n2-beta0__N0080__Aplus_0p005,xover-m05-g2-L5p3-n2-beta0,80,-0.005,45,2.98125,1.0046158647343342,1.0038335341144045
xover-m05-g2-L5p3-n2-beta0__N0080__Aminus_0p005,xover-m05-g2-L5p3-n2-beta0__N0080__Aplus_0p005,xover-m05-g2-L5p3-n2-beta0,80,-0.005,46,3.0475000000000003,1.0044499859827194,1.0036961482859665
xover-m05-g2-L5p3-n2-beta0__N0080__Aminus_0p005,xover-m05-g2-L5p3-n2-beta0__N0080__Aplus_0p005,xover-m05-g2-L5p3-n2-beta0,80,-0.005,47,3.11375,1.0042564573824064,1.0035358356362978
xover-m05-g2-L5p3-n2-beta0__N0080__Aminus_0p005,xover-m05-g2-L5p3-n2-beta0__N0080__Aplus_0p005,xover-m05-g2-L5p3-n2-beta0,80,-0.005,48,3.18,1.0040365036182581,1.0033535987567368
xover-m05-g2-L5p3-n2-beta0__N0080__Aminus_0p005,xover-m05-g2-L5p3-n2-beta0__N0080__Aplus_0p005,xover-m05-g2-L5p3-n2-beta0,80,-0.005,49,3.2462500000000003,1.0037915148958694,1.0031505765858133
xover-m05-g2-L5p3-n2-beta0__N0080__Aminus_0p005,xover-m05-g2-L5p3-n2-beta0__N0080__Aplus_0p005,xover-m05-g2-L5p3-n2-beta0,80,-0.005,50,3.3125,1.0035230375208717,1.0029280370053983
xover-m05-g2-L5p3-n2-beta0__N0080__Aminus_0p005,xover-m05-g2-L5p3-n2-beta0__N0080__Aplus_0p005,xover-m05-g2-L5p3-n2-beta0,80,-0.005,51,3.37875,1.00323276347344,1.002687368622528
xover-m05-g2-L5p3-n2-beta0__N0080__Aminus_0p005,xover-m05-g2-L5p3-n2-beta0__N0080__Aplus_0p005,xover-m05-g2-L5p3-n2-beta0,80,-0.005,52,3.4450000000000003,1.0029225190647286,1.0024300717975998
xover-m05-g2-L5p3-n2-beta0__N0080__Aminus_0p005,xover-m05-g2-L5p3-n2-beta0__N0080__Aplus_0p005,xover-m05-g2-L5p3-n2-beta0,80,-0.005,53,3.51125,1.0025942527680494,1.0021577489845064
xover-m05-g2-L5p3-n2-beta0__N0080__Aminus_0p005,xover-m05-g2-L5p3-n2-beta0__N0080__Aplus_0p005,xover-m05-g2-L5p3-n2-beta0,80,-0.005,54,3.5775,1.0022500223225255,1.001872094452448
xover-m05-g2-L5p3-n2-beta0__N0080__Aminus_0p005,xover-m05-g2-L5p3-n2-beta0__N0080__Aplus_0p005,xover-m05-g2-L5p3-n2-beta0,80,-0.005,55,3.6437500000000003,1.0018919812107026,1.0015748834626776
xover-m05-g2-L5p3-n2-beta0__N0080__Aminus_0p005,xover-m05-g2-L5p3-n2-beta0__N0080__Aplus_0p005,xover-m05-g2-L5p3-n2-beta0,80,-0.005,56,3.71,1.001522364614158,1.0012679609762332
xover-m05-g2-L5p3-n2-beta0__N0080__Aminus_0p005,xover-m05-g2-L5p3-n2-beta0__N0080__Aplus_0p005,xover-m05-g2-L5p3-n2-beta0,80,-0.005,57,3.77625,1.0011434749525658,1.0009532299708175
xover-m05-g2-L5p3-n2-beta0__N0080__Aminus_0p005,xover-m05-g2-L5p3-n2-beta0__N0080__Aplus_0p005,xover-m05-g2-L5p3-n2-beta0,80,-0.005,58,3.8425000000000002,1.0007576671119685,1.0006326394463998
xover-m05-g2-L5p3-n2-beta0__N0080__Aminus_0p005,xover-m05-g2-L5p3-n2-beta0__N0080__Aplus_0p005,xover-m05-g2-L5p3-n2-beta0,80,-0.005,59,3.9087500000000004,1.0003673334672514,1.0003081721998524
xover-m05-g2-L5p3-n2-beta0__N0080__Aminus_0p005,xover-m05-g2-L5p3-n2-beta0__N0080__Aplus_0p005,xover-m05-g2-L5p3-n2-beta0,80,-0.005,60,3.975,0.999974888802091,0.9999818324490254
xover-m05-g2-L5p3-n2-beta0__N0080__Aminus_0p005,xover-m05-g2-L5p3-n2-beta0__N0080__Aplus_0p005,xover-m05-g2-L5p3-n2-beta0,80,-0.005,61,4.04125,0.9995827552270312,0.9996556333861485
xover-m05-g2-L5p3-n2-beta0__N0080__Aminus_0p005,xover-m05-g2-L5p3-n2-beta0__N0080__Aplus_0p005,xover-m05-g2-L5p3-n2-beta0,80,-0.005,62,4.1075,0.9991933471929444,0.9993315847393472
xover-m05-g2-L5p3-n2-beta0__N0080__Aminus_0p005,xover-m05-g2-L5p3-n2-beta0__N0080__Aplus_0p005,xover-m05-g2-L5p3-n2-beta0,80,-0.005,63,4.17375,0.9988090566930602,0.9990116804194497
xover-m05-g2-L5p3-n2-beta0__N0080__Aminus_0p005,xover-m05-g2-L5p3-n2-beta0__N0080__Aplus_0p005,xover-m05-g2-L5p3-n2-beta0,80,-0.005,64,4.24,0.9984322387421048,0.9986978863271503
xover-m05-g2-L5p3-n2-beta0__N0080__Aminus_0p005,xover-m05-g2-L5p3-n2-beta0__N0080__Aplus_0p005,xover-m05-g2-L5p3-n2-beta0,80,-0.005,65,4.30625,0.9980651972160034,0.9983921283930821
xover-m05-g2-L5p3-n2-beta0__N0080__Aminus_0p005,xover-m05-g2-L5p3-n2-beta0__N0080__Aplus_0p005,xover-m05-g2-L5p3-n2-beta0,80,-0.005,66,4.3725000000000005,0.9977101711301709,0.9980962809204397
xover-m05-g2-L5p3-n2-beta0__N0080__Aminus_0p005,xover-m05-g2-L5p3-n2-beta0__N0080__Aplus_0p005,xover-m05-g2-L5p3-n2-beta0,80,-0.005,67,4.438750000000001,0.9973693214287597,0.9978121552965797
xover-m05-g2-L5p3-n2-beta0__N0080__Aminus_0p005,xover-m05-g2-L5p3-n2-beta0__N0080__Aplus_0p005,xover-m05-g2-L5p3-n2-beta0,80,-0.005,68,4.505,0.9970447183514493,0.9975414891365353
xover-m05-g2-L5p3-n2-beta0__N0080__Aminus_0p005,xover-m05-g2-L5p3-n2-beta0__N0080__Aplus_0p005,xover-m05-g2-L5p3-n2-beta0,80,-0.005,69,4.57125,0.9967383294385496,0.9972859359176657
xover-m05-g2-L5p3-n2-beta0__N0080__Aminus_0p005,xover-m05-g2-L5p3-n2-beta0__N0080__Aplus_0p005,xover-m05-g2-L5p3-n2-beta0,80,-0.005,70,4.6375,0.9964520082294288,0.9970470551607882
xover-m05-g2-L5p3-n2-beta0__N0080__Aminus_0p005,xover-m05-g2-L5p3-n2-beta0__N0080__Aplus_0p005,xover-m05-g2-L5p3-n2-beta0,80,-0.005,71,4.70375,0.9961874837036426,0.9968263032091166
xover-m05-g2-L5p3-n2-beta0__N0080__Aminus_0p005,xover-m05-g2-L5p3-n2-beta0__N0080__Aplus_0p005,xover-m05-g2-L5p3-n2-beta0,80,-0.005,72,4.7700000000000005,0.9959463505087005,0.9966250246522331
xover-m05-g2-L5p3-n2-beta0__N0080__Aminus_0p005,xover-m05-g2-L5p3-n2-beta0__N0080__Aplus_0p005,xover-m05-g2-L5p3-n2-beta0,80,-0.005,73,4.836250000000001,0.9957300600131936,0.9964444444381526
xover-m05-g2-L5p3-n2-beta0__N0080__Aminus_0p005,xover-m05-g2-L5p3-n2-beta0__N0080__Aplus_0p005,xover-m05-g2-L5p3-n2-beta0,80,-0.005,74,4.9025,0.99553991221908,0.9962856607123474
xover-m05-g2-L5p3-n2-beta0__N0080__Aminus_0p005,xover-m05-g2-L5p3-n2-beta0__N0080__Aplus_0p005,xover-m05-g2-L5p3-n2-beta0,80,-0.005,75,4.96875,0.9953770485622797,0.9961496384184019
xover-m05-g2-L5p3-n2-beta0__N0080__Aminus_0p005,xover-m05-g2-L5p3-n2-beta0__N0080__Aplus_0p005,xover-m05-g2-L5p3-n2-beta0,80,-0.005,76,5.035,0.9952424456263995,0.9960372036907773
xover-m05-g2-L5p3-n2-beta0__N0080__Aminus_0p005,xover-m05-g2-L5p3-n2-beta0__N0080__Aplus_0p005,xover-m05-g2-L5p3-n2-beta0,80,-0.005,77,5.10125,0.995136909790373,0.9959490390660015
xover-m05-g2-L5p3-n2-beta0__N0080__Aminus_0p005,xover-m05-g2-L5p3-n2-beta0__N0080__Aplus_0p005,xover-m05-g2-L5p3-n2-beta0,80,-0.005,78,5.1675,0.9950610728270517,0.9958856795344715
xover-m05-g2-L5p3-n2-beta0__N0080__Aminus_0p005,xover-m05-g2-L5p3-n2-beta0__N0080__Aplus_0p005,xover-m05-g2-L5p3-n2-beta0,80,-0.005,79,5.233750000000001,0.9950153884662986,0.9958475094509547
xover-m05-g2-L5p3-n2-beta0__N0080__Aminus_0p005,xover-m05-g2-L5p3-n2-beta0__N0080__Aplus_0p005,xover-m05-g2-L5p3-n2-beta0,80,-0.005,80,5.3,0.9950001299328698,0.9958347603178144
xover-m05-g2-L5p3-n2-beta0__N0080__Aminus_0p0025,xover-m05-g2-L5p3-n2-beta0__N0080__Aplus_0p0025,xover-m05-g2-L5p3-n2-beta0,80,-0.0025,0,0.0,0.9975000359112797,0.9979190588987887
xover-m05-g2-L5p3-n2-beta0__N0080__Aminus_0p0025,xover-m05-g2-L5p3-n2-beta0__N0080__Aplus_0p0025,xover-m05-g2-L5p3-n2-beta0,80,-0.0025,1,0.06625,0.9975077037840321,0.9979254509917198
xover-m05-g2-L5p3-n2-beta0__N0080__Aminus_0p0025,xover-m05-g2-L5p3-n2-beta0__N0080__Aplus_0p0025,xover-m05-g2-L5p3-n2-beta0,80,-0.0025,2,0.1325,0.9975306608404735,0.9979445881842757
xover-m05-g2-L5p3-n2-beta0__N0080__Aminus_0p0025,xover-m05-g2-L5p3-n2-beta0__N0080__Aplus_0p0025,xover-m05-g2-L5p3-n2-beta0,80,-0.0025,3,0.19875,0.9975687676648051,0.997976353450814
xover-m05-g2-L5p3-n2-beta0__N0080__Aminus_0p0025,xover-m05-g2-L5p3-n2-beta0__N0080__Aplus_0p0025,xover-m05-g2-L5p3-n2-beta0,80,-0.0025,4,0.265,0.9976217927949501,0.9980205525242439
xover-m05-g2-L5p3-n2-beta0__N0080__Aminus_0p0025,xover-m05-g2-L5p3-n2-beta0__N0080__Aplus_0p0025,xover-m05-g2-L5p3-n2-beta0,80,-0.0025,5,0.33125000000000004,0.9976894140645901,0.9980769150551442
xover-m05-g2-L5p3-n2-beta0__N0080__Aminus_0p0025,xover-m05-g2-L5p3-n2-beta0__N0080__Aplus_0p0025,xover-m05-g2-L5p3-n2-beta0,80,-0.0025,6,0.3975,0.9977712204733131,0.9981450962258338
xover-m05-g2-L5p3-n2-beta0__N0080__Aminus_0p0025,xover-m05-g2-L5p3-n2-beta0__N0080__Aplus_0p0025,xover-m05-g2-L5p3-n2-beta0,80,-0.0025,7,0.46375,0.9978667145761564,0.9982246788107255
xover-m05-g2-L5p3-n2-beta0__N0080__Aminus_0p0025,xover-m05-g2-L5p3-n2-beta0__N0080__Aplus_0p0025,xover-m05-g2-L5p3-n2-beta0,80,-0.0025,8,0.53,0.9979753153813086,0.9983151756718571
xover-m05-g2-L5p3-n2-beta0__N0080__Aminus_0p0025,xover-m05-g2-L5p3-n2-beta0__N0080__Aplus_0p0025,xover-m05-g2-L5p3-n2-beta0,80,-0.0025,9,0.5962500000000001,0.9980963617422103,0.9984160326760858
xover-m05-g2-L5p3-n2-beta0__N0080__Aminus_0p0025,xover-m05-g2-L5p3-n2-beta0__N0080__Aplus_0p0025,xover-m05-g2-L5p3-n2-beta0,80,-0.0025,10,0.6625000000000001,0.9982291162277493,0.9985266320180592
xover-m05-g2-L5p3-n2-beta0__N0080__Aminus_0p0025,xover-m05-g2-L5p3-n2-beta0__N0080__Aplus_0p0025,xover-m05-g2-L5p3-n2-beta0,80,-0.0025,11,0.72875,0.998372769451697,0.998646295930759
xover-m05-g2-L5p3-n2-beta0__N0080__Aminus_0p0025,xover-m05-g2-L5p3-n2-beta0__N0080__Aplus_0p0025,xover-m05-g2-L5p3-n2-beta0,80,-0.0025,12,0.795,0.9985264448399783,0.9987742907631417
xover-m05-g2-L5p3-n2-beta0__N0080__Aminus_0p0025,xover-m05-g2-L5p3-n2-beta0__N0080__Aplus_0p0025,xover-m05-g2-L5p3-n2-beta0,80,-0.0025,13,0.8612500000000001,0.9986892038118204,0.9989098314022102
xover-m05-g2-L5p3-n2-beta0__N0080__Aminus_0p0025,xover-m05-g2-L5p3-n2-beta0__N0080__Aplus_0p0025,xover-m05-g2-L5p3-n2-beta0,80,-0.0025,14,0.9275,0.9988600513482884,0.9990520860147285
xover-m05-g2-L5p3-n2-beta0__N0080__Aminus_0p0025,xover-m05-g2-L5p3-n2-beta0__N0080__Aplus_0p0025,xover-m05-g2-L5p3-n2-beta0,80,-0.0025,15,0.99375,0.9990379419192237,0.9992001810817673
xover-m05-g2-L5p3-n2-beta0__N0080__Aminus_0p0025,xover-m05-g2-L5p3-n2-beta0__N0080__Aplus_0p0025,xover-m05-g2-L5p3-n2-beta0,80,-0.0025,16,1.06,0.9992217857371396,0.9993532066973537
xover-m05-g2-L5p3-n2-beta0__N0080__Aminus_0p0025,xover-m05-g2-L5p3-n2-beta0__N0080__Aplus_0p0025,xover-m05-g2-L5p3-n2-beta0,80,-0.0025,17,1.12625,0.9994104553042523,0.9995102221006936
xover-m05-g2-L5p3-n2-beta0__N0080__Aminus_0p0025,xover-m05-g2-L5p3-n2-beta0__N0080__Aplus_0p0025,xover-m05-g2-L5p3-n2-beta0,80,-0.0025,18,1.1925000000000001,0.9996027922165323,0.9996702614097792
xover-m05-g2-L5p3-n2-beta0__N0080__Aminus_0p0025,xover-m05-g2-L5p3-n2-beta0__N0080__Aplus_0p0025,xover-m05-g2-L5p3-n2-beta0,80,-0.0025,19,1.25875,0.9997976141864846,0.9998323395226781
xover-m05-g2-L5p3-n2-beta0__N0080__Aminus_0p0025,xover-m05-g2-L5p3-n2-beta0__N0080__Aplus_0p0025,xover-m05-g2-L5p3-n2-beta0,80,-0.0025,20,1.3250000000000002,0.9999937222443424,0.9999954581514565
xover-m05-g2-L5p3-n2-beta0__N0080__Aminus_0p0025,xover-m05-g2-L5p3-n2-beta0__N0080__Aplus_0p0025,xover-m05-g2-L5p3-n2-beta0,80,-0.0025,21,1.39125,1.0001899080754941,1.0001586119525288
xover-m05-g2-L5p3-n2-beta0__N0080__Aminus_0p0025,xover-m05-g2-L5p3-n2-beta0__N0080__Aplus_0p0025,xover-m05-g2-L5p3-n2-beta0,80,-0.0025,22,1.4575,1.0003849614503169,1.000320794716257
xover-m05-g2-L5p3-n2-beta0__N0080__Aminus_0p0025,xover-m05-g2-L5p3-n2-beta0__N0080__Aplus_0p0025,xover-m05-g2-L5p3-n2-beta0,80,-0.0025,23,1.5237500000000002,1.0005776777011601,1.0004810055778748
xover-m05-g2-L5p3-n2-beta0__N0080__Aminus_0p0025,xover-m05-g2-L5p3-n2-beta0__N0080__Aplus_0p0025,xover-m05-g2-L5p3-n2-beta0,80,-0.0025,24,1.59,1.0007668652000676,1.0006382552112856
xover-m05-g2-L5p3-n2-beta0__N0080__Aminus_0p0025,xover-m05-g2-L5p3-n2-beta0__N0080__Aplus_0p0025,xover-m05-g2-L5p3-n2-beta0,80,-0.0025,25,1.65625,1.000951352789952,1.0007915719669955
xover-m05-g2-L5p3-n2-beta0__N0080__Aminus_0p0025,xover-m05-g2-L5p3-n2-beta0__N0080__Aplus_0p0025,xover-m05-g2-L5p3-n2-beta0,80,-0.0025,26,1.7225000000000001,1.001129997121385,1.0009400079154145
xover-m05-g2-L5p3-n2-beta0__N0080__Aminus_0p0025,xover-m05-g2-L5p3-n2-beta0__N0080__Aplus_0p0025,xover-m05-g2-L5p3-n2-beta0,80,-0.0025,27,1.78875,1.001301689846952,1.0010826447569783
xover-m05-g2-L5p3-n2-beta0__N0080__Aminus_0p0025,xover-m05-g2-L5p3-n2-beta0__N0080__Aplus_0p0025,xover-m05-g2-L5p3-n2-beta0,80,-0.0025,28,1.855,1.001465364625276,1.0012185995610463
xover-m05-g2-L5p3-n2-beta0__N0080__Aminus_0p0025,xover-m05-g2-L5p3-n2-beta0__N0080__Aplus_0p0025,xover-m05-g2-L5p3-n2-beta0,80,-0.0025,29,1.9212500000000001,1.0016200038873404,1.0013470302962935
xover-m05-g2-L5p3-n2-beta0__N0080__Aminus_0p0025,xover-m05-g2-L5p3-n2-beta0__N0080__Aplus_0p0025,xover-m05-g2-L5p3-n2-beta0,80,-0.0025,30,1.9875,1.0017646453186726,1.001467141116366
xover-m05-g2-L5p3-n2-beta0__N0080__Aminus_0p0025,xover-m05-g2-L5p3-n2-beta0__N0080__Aplus_0p0025,xover-m05-g2-L5p3-n2-beta0,80,-0.0025,31,2.05375,1.0018983880122776,1.001578187365884
xover-m05-g2-L5p3-n2-beta0__N0080__Aminus_0p0025,xover-m05-g2-L5p3-n2-beta0__N0080__Aplus_0p0025,xover-m05-g2-L5p3-n2-beta0,80,-0.0025,32,2.12,1.0020203982489393,1.0016794802734759
xover-m05-g2-L5p3-n2-beta0__N0080__Aminus_0p0025,xover-m05-g2-L5p3-n2-beta0__N0080__Aplus_0p0025,xover-m05-g2-L5p3-n2-beta0,80,-0.0025,33,2.1862500000000002,1.002129914863653,1.0017703913003835
xover-m05-g2-L5p3-n2-beta0__N0080__Aminus_0p0025,xover-m05-g2-L5p3-n2-beta0__N0080__Aplus_0p0025,xover-m05-g2-L5p3-n2-beta0,80,-0.0025,34,2.2525,1.0022262541594757,1.0018503561152996
xover-m05-g2-L5p3-n2-beta0__N0080__Aminus_0p0025,xover-m05-g2-L5p3-n2-beta0__N0080__Aplus_0p0025,xover-m05-g2-L5p3-n2-beta0,80,-0.0025,35,2.31875,1.002308814332998,1.0019188781684545
xover-m05-g2-L5p3-n2-beta0__N0080__Aminus_0p0025,xover-m05-g2-L5p3-n2-beta0__N0080__Aplus_0p0025,xover-m05-g2-L5p3-n2-beta0,80,-0.0025,36,2.3850000000000002,1.0023770793789082,1.0019755318405634
xover-m05-g2-L5p3-n2-beta0__N0080__Aminus_0p0025,xover-m05-g2-L5p3-n2-beta0__N0080__Aplus_0p0025,xover-m05-g2-L5p3-n2-beta0,80,-0.0025,37,2.45125,1.0024306224447286,1.002019965145043
xover-m05-g2-L5p3-n2-beta0__N0080__Aminus_0p0025,xover-m05-g2-L5p3-n2-beta0__N0080__Aplus_0p0025,xover-m05-g2-L5p3-n2-beta0,80,-0.0025,38,2.5175,1.002469108610703,1.0020519019648904
xover-m05-g2-L5p3-n2-beta0__N0080__Aminus_0p0025,xover-m05-g2-L5p3-n2-beta0__N0080__Aplus_0p0025,xover-m05-g2-L5p3-n2-beta0,80,-0.0025,39,2.58375,1.0024922970739922,1.0020711438087744
xover-m05-g2-L5p3-n2-beta0__N0080__Aminus_0p0025,xover-m05-g2-L5p3-n2-beta0__N0080__Aplus_0p0025,xover-m05-g2-L5p3-n2-beta0,80,-0.0025,40,2.6500000000000004,1.00250004272072,1.0020775710741707
xover-m05-g2-L5p3-n2-beta0__N0080__Aminus_0p0025,xover-m05-g2-L5p3-n2-beta0__N0080__Aplus_0p0025,xover-m05-g2-L5p3-n2-beta0,80,-0.0025,41,2.71625,1.0024922970739925,1.0020711438087742
xover-m05-g2-L5p3-n2-beta0__N0080__Aminus_0p0025,xover-m05-g2-L5p3-n2-beta0__N0080__Aplus_0p0025,xover-m05-g2-L5p3-n2-beta0,80,-0.0025,42,2.7825,1.0024691086107034,1.00205190196489
xover-m05-g2-L5p3-n2-beta0__N0080__Aminus_0p0025,xover-m05-g2-L5p3-n2-beta0__N0080__Aplus_0p0025,xover-m05-g2-L5p3-n2-beta0,80,-0.0025,43,2.8487500000000003,1.002430622444729,1.0020199651450425
xover-m05-g2-L5p3-n2-beta0__N0080__Aminus_0p0025,xover-m05-g2-L5p3-n2-beta0__N0080__Aplus_0p0025,xover-m05-g2-L5p3-n2-beta0,80,-0.0025,44,2.915,1.0023770793789089,1.0019755318405628
xover-m05-g2-L5p3-n2-beta0__N0080__Aminus_0p0025,xover-m05-g2-L5p3-n2-beta0__N0080__Aplus_0p0025,xover-m05-g2-L5p3-n2-beta0,80,-0.0025,45,2.98125,1.0023088143329988,1.0019188781684532
xover-m05-g2-L5p3-n2-beta0__N0080__Aminus_0p0025,xover-m05-g2-L5p3-n2-beta0__N0080__Aplus_0p0025,xover-m05-g2-L5p3-n2-beta0,80,-0.0025,46,3.0475000000000003,1.0022262541594769,1.0018503561152978
xover-m05-g2-L5p3-n2-beta0__N0080__Aminus_0p0025,xover-m05-g2-L5p3-n2-beta0__N0080__Aplus_0p0025,xover-m05-g2-L5p3-n2-beta0,80,-0.0025,47,3.11375,1.0021299148636542,1.0017703913003813
xover-m05-g2-L5p3-n2-beta0__N0080__Aminus_0p0025,xover-m05-g2-L5p3-n2-beta0__N0080__Aplus_0p0025,xover-m05-g2-L5p3-n2-beta0,80,-0.0025,48,3.18,1.0020203982489406,1.0016794802734734
xover-m05-g2-L5p3-n2-beta0__N0080__Aminus_0p0025,xover-m05-g2-L5p3-n2-beta0__N0080__Aplus_0p0025,xover-m05-g2-L5p3-n2-beta0,80,-0.0025,49,3.2462500000000003,1.0018983880122787,1.0015781873658813
xover-m05-g2-L5p3-n2-beta0__N0080__Aminus_0p0025,xover-m05-g2-L5p3-n2-beta0__N0080__Aplus_0p0025,xover-m05-g2-L5p3-n2-beta0,80,-0.0025,50,3.3125,1.0017646453186737,1.001467141116363
xover-m05-g2-L5p3-n2-beta0__N0080__Aminus_0p0025,xover-m05-g2-L5p3-n2-beta0__N0080__Aplus_0p0025,xover-m05-g2-L5p3-n2-beta0,80,-0.0025,51,3.37875,1.0016200038873413,1.0013470302962901
xover-m05-g2-L5p3-n2-beta0__N0080__Aminus_0p0025,xover-m05-g2-L5p3-n2-beta0__N0080__Aplus_0p0025,xover-m05-g2-L5p3-n2-beta0,80,-0.0025,52,3.4450000000000003,1.001465364625277,1.0012185995610428
xover-m05-g2-L5p3-n2-beta0__N0080__Aminus_0p0025,xover-m05-g2-L5p3-n2-beta0__N0080__Aplus_0p0025,xover-m05-g2-L5p3-n2-beta0,80,-0.0025,53,3.51125,1.001301689846953,1.0010826447569745
xover-m05-g2-L5p3-n2-beta0__N0080__Aminus_0p0025,xover-m05-g2-L5p3-n2-beta0__N0080__Aplus_0p0025,xover-m05-g2-L5p3-n2-beta0,80,-0.0025,54,3.5775,1.0011299971213854,1.0009400079154105
xover-m05-g2-L5p3-n2-beta0__N0080__Aminus_0p0025,xover-m05-g2-L5p3-n2-beta0__N0080__Aplus_0p0025,xover-m05-g2-L5p3-n2-beta0,80,-0.0025,55,3.6437500000000003,1.0009513527899523,1.000791571966991
xover-m05-g2-L5p3-n2-beta0__N0080__Aminus_0p0025,xover-m05-g2-L5p3-n2-beta0__N0080__Aplus_0p0025,xover-m05-g2-L5p3-n2-beta0,80,-0.0025,56,3.71,1.0007668652000676,1.0006382552112807
xover-m05-g2-L5p3-n2-beta0__N0080__Aminus_0p0025,xover-m05-g2-L5p3-n2-beta0__N0080__Aplus_0p0025,xover-m05-g2-L5p3-n2-beta0,80,-0.0025,57,3.77625,1.0005776777011597,1.0004810055778697
xover-m05-g2-L5p3-n2-beta0__N0080__Aminus_0p0025,xover-m05-g2-L5p3-n2-beta0__N0080__Aplus_0p0025,xover-m05-g2-L5p3-n2-beta0,80,-0.0025,58,3.8425000000000002,1.000384961450316,1.0003207947162516
xover-m05-g2-L5p3-n2-beta0__N0080__Aminus_0p0025,xover-m05-g2-L5p3-n2-beta0__N0080__Aplus_0p0025,xover-m05-g2-L5p3-n2-beta0,80,-0.0025,59,3.9087500000000004,1.0001899080754928,1.0001586119525232
xover-m05-g2-L5p3-n2-beta0__N0080__Aminus_0p0025,xover-m05-g2-L5p3-n2-beta0__N0080__Aplus_0p0025,xover-m05-g2-L5p3-n2-beta0,80,-0.0025,60,3.975,0.9999937222443404,0.9999954581514506
xover-m05-g2-L5p3-n2-beta0__N0080__Aminus_0p0025,xover-m05-g2-L5p3-n2-beta0__N0080__Aplus_0p0025,xover-m05-g2-L5p3-n2-beta0,80,-0.0025,61,4.04125,0.999797614186482,0.9998323395226721
xover-m05-g2-L5p3-n2-beta0__N0080__Aminus_0p0025,xover-m05-g2-L5p3-n2-beta0__N0080__Aplus_0p0025,xover-m05-g2-L5p3-n2-beta0,80,-0.0025,62,4.1075,0.9996027922165293,0.999670261409773
xover-m05-g2-L5p3-n2-beta0__N0080__Aminus_0p0025,xover-m05-g2-L5p3-n2-beta0__N0080__Aplus_0p0025,xover-m05-g2-L5p3-n2-beta0,80,-0.0025,63,4.17375,0.9994104553042488,0.9995102221006871
xover-m05-g2-L5p3-n2-beta0__N0080__Aminus_0p0025,xover-m05-g2-L5p3-n2-beta0__N0080__Aplus_0p0025,xover-m05-g2-L5p3-n2-beta0,80,-0.0025,64,4.24,0.9992217857371354,0.9993532066973472
xover-m05-g2-L5p3-n2-beta0__N0080__Aminus_0p0025,xover-m05-g2-L5p3-n2-beta0__N0080__Aplus_0p0025,xover-m05-g2-L5p3-n2-beta0,80,-0.0025,65,4.30625,0.9990379419192189,0.9992001810817606
xover-m05-g2-L5p3-n2-beta0__N0080__Aminus_0p0025,xover-m05-g2-L5p3-n2-beta0__N0080__Aplus_0p0025,xover-m05-g2-L5p3-n2-beta0,80,-0.0025,66,4.3725000000000005,0.998860051348283,0.9990520860147217
xover-m05-g2-L5p3-n2-beta0__N0080__Aminus_0p0025,xover-m05-g2-L5p3-n2-beta0__N0080__Aplus_0p0025,xover-m05-g2-L5p3-n2-beta0,80,-0.0025,67,4.438750000000001,0.9986892038118144,0.9989098314022034
xover-m05-g2-L5p3-n2-beta0__N0080__Aminus_0p0025,xover-m05-g2-L5p3-n2-beta0__N0080__Aplus_0p0025,xover-m05-g2-L5p3-n2-beta0,80,-0.0025,68,4.505,0.9985264448399719,0.9987742907631346
xover-m05-g2-L5p3-n2-beta0__N0080__Aminus_0p0025,xover-m05-g2-L5p3-n2-beta0__N0080__Aplus_0p0025,xover-m05-g2-L5p3-n2-beta0,80,-0.0025,69,4.57125,0.99837276945169,0.9986462959307516
xover-m05-g2-L5p3-n2-beta0__N0080__Aminus_0p0025,xover-m05-g2-L5p3-n2-beta0__N0080__Aplus_0p0025,xover-m05-g2-L5p3-n2-beta0,80,-0.0025,70,4.6375,0.9982291162277418,0.9985266320180517
xover-m05-g2-L5p3-n2-beta0__N0080__Aminus_0p0025,xover-m05-g2-L5p3-n2-beta0__N0080__Aplus_0p0025,xover-m05-g2-L5p3-n2-beta0,80,-0.0025,71,4.70375,0.9980963617422023,0.998416032676078
xover-m05-g2-L5p3-n2-beta0__N0080__Aminus_0p0025,xover-m05-g2-L5p3-n2-beta0__N0080__Aplus_0p0025,xover-m05-g2-L5p3-n2-beta0,80,-0.0025,72,4.7700000000000005,0.9979753153813001,0.9983151756718491
xover-m05-g2-L5p3-n2-beta0__N0080__Aminus_0p0025,xover-m05-g2-L5p3-n2-beta0__N0080__Aplus_0p0025,xover-m05-g2-L5p3-n2-beta0,80,-0.0025,73,4.836250000000001,0.9978667145761476,0.9982246788107174
xover-m05-g2-L5p3-n2-beta0__N0080__Aminus_0p0025,xover-m05-g2-L5p3-n2-beta0__N0080__Aplus_0p0025,xover-m05-g2-L5p3-n2-beta0,80,-0.0025,74,4.9025,0.9977712204733039,0.9981450962258255
xover-m05-g2-L5p3-n2-beta0__N0080__Aminus_0p0025,xover-m05-g2-L5p3-n2-beta0__N0080__Aplus_0p0025,xover-m05-g2-L5p3-n2-beta0,80,-0.0025,75,4.96875,0.9976894140645806,0.9980769150551358
xover-m05-g2-L5p3-n2-beta0__N0080__Aminus_0p0025,xover-m05-g2-L5p3-n2-beta0__N0080__Aplus_0p0025,xover-m05-g2-L5p3-n2-beta0,80,-0.0025,76,5.035,0.9976217927949402,0.9980205525242355
xover-m05-g2-L5p3-n2-beta0__N0080__Aminus_0p0025,xover-m05-g2-L5p3-n2-beta0__N0080__Aplus_0p0025,xover-m05-g2-L5p3-n2-beta0,80,-0.0025,77,5.10125,0.997568767664795,0.9979763534508056
xover-m05-g2-L5p3-n2-beta0__N0080__Aminus_0p0025,xover-m05-g2-L5p3-n2-beta0__N0080__Aplus_0p0025,xover-m05-g2-L5p3-n2-beta0,80,-0.0025,78,5.1675,0.9975306608404634,0.9979445881842673
xover-m05-g2-L5p3-n2-beta0__N0080__Aminus_0p0025,xover-m05-g2-L5p3-n2-beta0__N0080__Aplus_0p0025,xover-m05-g2-L5p3-n2-beta0,80,-0.0025,79,5.233750000000001,0.9975077037840219,0.9979254509917114
xover-m05-g2-L5p3-n2-beta0__N0080__Aminus_0p0025,xover-m05-g2-L5p3-n2-beta0__N0080__Aplus_0p0025,xover-m05-g2-L5p3-n2-beta0,80,-0.0025,80,5.3,0.9975000359112693,0.9979190588987803
xover-m05-g2-L5p3-n2-beta0__N0080__Aplus_0p0025,xover-m05-g2-L5p3-n2-beta0__N0080__Aminus_0p0025,xover-m05-g2-L5p3-n2-beta0,80,0.0025,0,0.0,1.0025000427207298,1.0020775710741776
xover-m05-g2-L5p3-n2-beta0__N0080__Aplus_0p0025,xover-m05-g2-L5p3-n2-beta0__N0080__Aminus_0p0025,xover-m05-g2-L5p3-n2-beta0,80,0.0025,1,0.06625,1.0024922970740018,1.002071143808781
xover-m05-g2-L5p3-n2-beta0__N0080__Aplus_0p0025,xover-m05-g2-L5p3-n2-beta0__N0080__Aminus_0p0025,xover-m05-g2-L5p3-n2-beta0,80,0.0025,2,0.1325,1.0024691086107127,1.002051901964897
xover-m05-g2-L5p3-n2-beta0__N0080__Aplus_0p0025,xover-m05-g2-L5p3-n2-beta0__N0080__Aminus_0p0025,xover-m05-g2-L5p3-n2-beta0,80,0.0025,3,0.19875,1.002430622444738,1.0020199651450497
xover-m05-g2-L5p3-n2-beta0__N0080__Aplus_0p0025,xover-m05-g2-L5p3-n2-beta0__N0080__Aminus_0p0025,xover-m05-g2-L5p3-n2-beta0,80,0.0025,4,0.265,1.0023770793789173,1.0019755318405699
xover-m05-g2-L5p3-n2-beta0__N0080__Aplus_0p0025,xover-m05-g2-L5p3-n2-beta0__N0080__Aminus_0p0025,xover-m05-g2-L5p3-n2-beta0,80,0.0025,5,0.33125000000000004,1.0023088143330068,1.0019188781684605
xover-m05-g2-L5p3-n2-beta0__N0080__Aplus_0p0025,xover-m05-g2-L5p3-n2-beta0__N0080__Aminus_0p0025,xover-m05-g2-L5p3-n2-beta0,80,0.0025,6,0.3975,1.0022262541594842,1.0018503561153054
xover-m05-g2-L5p3-n2-beta0__N0080__Aplus_0p0025,xover-m05-g2-L5p3-n2-beta0__N0080__Aminus_0p0025,xover-m05-g2-L5p3-n2-beta0,80,0.0025,7,0.46375,1.0021299148636607,1.001770391300389
xover-m05-g2-L5p3-n2-beta0__N0080__Aplus_0p0025,xover-m05-g2-L5p3-n2-beta0__N0080__Aminus_0p0025,xover-m05-g2-L5p3-n2-beta0,80,0.0025,8,0.53,1.0020203982489464,1.0016794802734812
xover-m05-g2-L5p3-n2-beta0__N0080__Aplus_0p0025,xover-m05-g2-L5p3-n2-beta0__N0080__Aminus_0p0025,xover-m05-g2-L5p3-n2-beta0,80,0.0025,9,0.5962500000000001,1.0018983880122838,1.0015781873658889
xover-m05-g2-L5p3-n2-beta0__N0080__Aplus_0p0025,xover-m05-g2-L5p3-n2-beta0__N0080__Aminus_0p0025,xover-m05-g2-L5p3-n2-beta0,80,0.0025,10,0.6625000000000001,1.0017646453186781,1.0014671411163703
xover-m05-g2-L5p3-n2-beta0__N0080__Aplus_0p0025,xover-m05-g2-L5p3-n2-beta0__N0080__Aminus_0p0025,xover-m05-g2-L5p3-n2-beta0,80,0.0025,11,0.72875,1.0016200038873448,1.0013470302962972
xover-m05-g2-L5p3-n2-beta0__N0080__Aplus_0p0025,xover-m05-g2-L5p3-n2-beta0__N0080__Aminus_0p0025,xover-m05-g2-L5p3-n2-beta0,80,0.0025,12,0.795,1.0014653646252798,1.0012185995610496
xover-m05-g2-L5p3-n2-beta0__N0080__Aplus_0p0025,xover-m05-g2-L5p3-n2-beta0__N0080__Aminus_0p0025,xover-m05-g2-L5p3-n2-beta0,80,0.0025,13,0.8612500000000001,1.001301689846955,1.0010826447569814
xover-m05-g2-L5p3-n2-beta0__N0080__Aplus_0p0025,xover-m05-g2-L5p3-n2-beta0__N0080__Aminus_0p0025,xover-m05-g2-L5p3-n2-beta0,80,0.0025,14,0.9275,1.001129997121387,1.0009400079154174
xover-m05-g2-L5p3-n2-beta0__N0080__Aplus_0p0025,xover-m05-g2-L5p3-n2-beta0__N0080__Aminus_0p0025,xover-m05-g2-L5p3-n2-beta0,80,0.0025,15,0.99375,1.0009513527899534,1.000791571966998
xover-m05-g2-L5p3-n2-beta0__N0080__Aplus_0p0025,xover-m05-g2-L5p3-n2-beta0__N0080__Aminus_0p0025,xover-m05-g2-L5p3-n2-beta0,80,0.0025,16,1.06,1.000766865200068,1.0006382552112876
xover-m05-g2-L5p3-n2-beta0__N0080__Aplus_0p0025,xover-m05-g2-L5p3-n2-beta0__N0080__Aminus_0p0025,xover-m05-g2-L5p3-n2-beta0,80,0.0025,17,1.12625,1.00057767770116,1.0004810055778763
xover-m05-g2-L5p3-n2-beta0__N0080__Aplus_0p0025,xover-m05-g2-L5p3-n2-beta0__N0080__Aminus_0p0025,xover-m05-g2-L5p3-n2-beta0,80,0.0025,18,1.1925000000000001,1.000384961450316,1.0003207947162582
xover-m05-g2-L5p3-n2-beta0__N0080__Aplus_0p0025,xover-m05-g2-L5p3-n2-beta0__N0080__Aminus_0p0025,xover-m05-g2-L5p3-n2-beta0,80,0.0025,19,1.25875,1.0001899080754926,1.0001586119525299
xover-m05-g2-L5p3-n2-beta0__N0080__Aplus_0p0025,xover-m05-g2-L5p3-n2-beta0__N0080__Aminus_0p0025,xover-m05-g2-L5p3-n2-beta0,80,0.0025,20,1.3250000000000002,0.9999937222443401,0.9999954581514575
xover-m05-g2-L5p3-n2-beta0__N0080__Aplus_0p0025,xover-m05-g2-L5p3-n2-beta0__N0080__Aminus_0p0025,xover-m05-g2-L5p3-n2-beta0,80,0.0025,21,1.39125,0.9997976141864819,0.9998323395226792
xover-m05-g2-L5p3-n2-beta0__N0080__Aplus_0p0025,xover-m05-g2-L5p3-n2-beta0__N0080__Aminus_0p0025,xover-m05-g2-L5p3-n2-beta0,80,0.0025,22,1.4575,0.9996027922165293,0.9996702614097803
xover-m05-g2-L5p3-n2-beta0__N0080__Aplus_0p0025,xover-m05-g2-L5p3-n2-beta0__N0080__Aminus_0p0025,xover-m05-g2-L5p3-n2-beta0,80,0.0025,23,1.5237500000000002,0.9994104553042491,0.9995102221006944
xover-m05-g2-L5p3-n2-beta0__N0080__Aplus_0p0025,xover-m05-g2-L5p3-n2-beta0__N0080__Aminus_0p0025,xover-m05-g2-L5p3-n2-beta0,80,0.0025,24,1.59,0.999221785737136,0.9993532066973544
xover-m05-g2-L5p3-n2-beta0__N0080__Aplus_0p0025,xover-m05-g2-L5p3-n2-beta0__N0080__Aminus_0p0025,xover-m05-g2-L5p3-n2-beta0,80,0.0025,25,1.65625,0.9990379419192201,0.9992001810817678
xover-m05-g2-L5p3-n2-beta0__N0080__Aplus_0p0025,xover-m05-g2-L5p3-n2-beta0__N0080__Aminus_0p0025,xover-m05-g2-L5p3-n2-beta0,80,0.0025,26,1.7225000000000001,0.9988600513482847,0.9990520860147288
xover-m05-g2-L5p3-n2-beta0__N0080__Aplus_0p0025,xover-m05-g2-L5p3-n2-beta0__N0080__Aminus_0p0025,xover-m05-g2-L5p3-n2-beta0,80,0.0025,27,1.78875,0.9986892038118167,0.9989098314022105
xover-m05-g2-L5p3-n2-beta0__N0080__Aplus_0p0025,xover-m05-g2-L5p3-n2-beta0__N0080__Aminus_0p0025,xover-m05-g2-L5p3-n2-beta0,80,0.0025,28,1.855,0.9985264448399749,0.9987742907631418
xover-m05-g2-L5p3-n2-beta0__N0080__Aplus_0p0025,xover-m05-g2-L5p3-n2-beta0__N0080__Aminus_0p0025,xover-m05-g2-L5p3-n2-beta0,80,0.0025,29,1.9212500000000001,0.9983727694516936,0.9986462959307589
xover-m05-g2-L5p3-n2-beta0__N0080__Aplus_0p0025,xover-m05-g2-L5p3-n2-beta0__N0080__Aminus_0p0025,xover-m05-g2-L5p3-n2-beta0,80,0.0025,30,1.9875,0.9982291162277461,0.9985266320180588
xover-m05-g2-L5p3-n2-beta0__N0080__Aplus_0p0025,xover-m05-g2-L5p3-n2-beta0__N0080__Aminus_0p0025,xover-m05-g2-L5p3-n2-beta0,80,0.0025,31,2.05375,0.9980963617422074,0.9984160326760851
xover-m05-g2-L5p3-n2-beta0__N0080__Aplus_0p0025,xover-m05-g2-L5p3-n2-beta0__N0080__Aminus_0p0025,xover-m05-g2-L5p3-n2-beta0,80,0.0025,32,2.12,0.9979753153813059,0.9983151756718563
xover-m05-g2-L5p3-n2-beta0__N0080__Aplus_0p0025,xover-m05-g2-L5p3-n2-beta0__N0080__Aminus_0p0025,xover-m05-g2-L5p3-n2-beta0,80,0.0025,33,2.1862500000000002,0.9978667145761541,0.9982246788107245
xover-m05-g2-L5p3-n2-beta0__N0080__Aplus_0p0025,xover-m05-g2-L5p3-n2-beta0__N0080__Aminus_0p0025,xover-m05-g2-L5p3-n2-beta0,80,0.0025,34,2.2525,0.997771220473311,0.9981450962258327
xover-m05-g2-L5p3-n2-beta0__N0080__Aplus_0p0025,xover-m05-g2-L5p3-n2-beta0__N0080__Aminus_0p0025,xover-m05-g2-L5p3-n2-beta0,80,0.0025,35,2.31875,0.9976894140645882,0.998076915055143
xover-m05-g2-L5p3-n2-beta0__N0080__Aplus_0p0025,xover-m05-g2-L5p3-n2-beta0__N0080__Aminus_0p0025,xover-m05-g2-L5p3-n2-beta0,80,0.0025,36,2.3850000000000002,0.9976217927949483,0.9980205525242426
xover-m05-g2-L5p3-n2-beta0__N0080__Aplus_0p0025,xover-m05-g2-L5p3-n2-beta0__N0080__Aminus_0p0025,xover-m05-g2-L5p3-n2-beta0,80,0.0025,37,2.45125,0.9975687676648034,0.9979763534508126
xover-m05-g2-L5p3-n2-beta0__N0080__Aplus_0p0025,xover-m05-g2-L5p3-n2-beta0__N0080__Aminus_0p0025,xover-m05-g2-L5p3-n2-beta0,80,0.0025,38,2.5175,0.997530660840472,0.9979445881842743
xover-m05-g2-L5p3-n2-beta0__N0080__Aplus_0p0025,xover-m05-g2-L5p3-n2-beta0__N0080__Aminus_0p0025,xover-m05-g2-L5p3-n2-beta0,80,0.0025,39,2.58375,0.9975077037840308,0.9979254509917185
xover-m05-g2-L5p3-n2-beta0__N0080__Aplus_0p0025,xover-m05-g2-L5p3-n2-beta0__N0080__Aminus_0p0025,xover-m05-g2-L5p3-n2-beta0,80,0.0025,40,2.6500000000000004,0.9975000359112783,0.9979190588987874
xover-m05-g2-L5p3-n2-beta0__N0080__Aplus_0p0025,xover-m05-g2-L5p3-n2-beta0__N0080__Aminus_0p0025,xover-m05-g2-L5p3-n2-beta0,80,0.0025,41,2.71625,0.9975077037840308,0.9979254509917181
xover-m05-g2-L5p3-n2-beta0__N0080__Aplus_0p0025,xover-m05-g2-L5p3-n2-beta0__N0080__Aminus_0p0025,xover-m05-g2-L5p3-n2-beta0,80,0.0025,42,2.7825,0.997530660840472,0.9979445881842738
xover-m05-g2-L5p3-n2-beta0__N0080__Aplus_0p0025,xover-m05-g2-L5p3-n2-beta0__N0080__Aminus_0p0025,xover-m05-g2-L5p3-n2-beta0,80,0.0025,43,2.8487500000000003,0.9975687676648034,0.9979763534508116
xover-m05-g2-L5p3-n2-beta0__N0080__Aplus_0p0025,xover-m05-g2-L5p3-n2-beta0__N0080__Aminus_0p0025,xover-m05-g2-L5p3-n2-beta0,80,0.0025,44,2.915,0.9976217927949483,0.9980205525242412
xover-m05-g2-L5p3-n2-beta0__N0080__Aplus_0p0025,xover-m05-g2-L5p3-n2-beta0__N0080__Aminus_0p0025,xover-m05-g2-L5p3-n2-beta0,80,0.0025,45,2.98125,0.9976894140645881,0.9980769150551411
xover-m05-g2-L5p3-n2-beta0__N0080__Aplus_0p0025,xover-m05-g2-L5p3-n2-beta0__N0080__Aminus_0p0025,xover-m05-g2-L5p3-n2-beta0,80,0.0025,46,3.0475000000000003,0.9977712204733109,0.9981450962258303
xover-m05-g2-L5p3-n2-beta0__N0080__Aplus_0p0025,xover-m05-g2-L5p3-n2-beta0__N0080__Aminus_0p0025,xover-m05-g2-L5p3-n2-beta0,80,0.0025,47,3.11375,0.9978667145761538,0.9982246788107214
xover-m05-g2-L5p3-n2-beta0__N0080__Aplus_0p0025,xover-m05-g2-L5p3-n2-beta0__N0080__Aminus_0p0025,xover-m05-g2-L5p3-n2-beta0,80,0.0025,48,3.18,0.9979753153813057,0.9983151756718528
xover-m05-g2-L5p3-n2-beta0__N0080__Aplus_0p0025,xover-m05-g2-L5p3-n2-beta0__N0080__Aminus_0p0025,xover-m05-g2-L5p3-n2-beta0,80,0.0025,49,3.2462500000000003,0.998096361742207,0.998416032676081
xover-m05-g2-L5p3-n2-beta0__N0080__Aplus_0p0025,xover-m05-g2-L5p3-n2-beta0__N0080__Aminus_0p0025,xover-m05-g2-L5p3-n2-beta0,80,0.0025,50,3.3125,0.9982291162277457,0.998526632018054
xover-m05-g2-L5p3-n2-beta0__N0080__Aplus_0p0025,xover-m05-g2-L5p3-n2-beta0__N0080__Aminus_0p0025,xover-m05-g2-L5p3-n2-beta0,80,0.0025,51,3.37875,0.9983727694516928,0.9986462959307536
xover-m05-g2-L5p3-n2-beta0__N0080__Aplus_0p0025,xover-m05-g2-L5p3-n2-beta0__N0080__Aminus_0p0025,xover-m05-g2-L5p3-n2-beta0,80,0.0025,52,3.4450000000000003,0.9985264448399739,0.9987742907631361
xover-m05-g2-L5p3-n2-beta0__N0080__Aplus_0p0025,xover-m05-g2-L5p3-n2-beta0__N0080__Aminus_0p0025,xover-m05-g2-L5p3-n2-beta0,80,0.0025,53,3.51125,0.9986892038118156,0.9989098314022042
xover-m05-g2-L5p3-n2-beta0__N0080__Aplus_0p0025,xover-m05-g2-L5p3-n2-beta0__N0080__Aminus_0p0025,xover-m05-g2-L5p3-n2-beta0,80,0.0025,54,3.5775,0.9988600513482834,0.9990520860147222
xover-m05-g2-L5p3-n2-beta0__N0080__Aplus_0p0025,xover-m05-g2-L5p3-n2-beta0__N0080__Aminus_0p0025,xover-m05-g2-L5p3-n2-beta0,80,0.0025,55,3.6437500000000003,0.9990379419192184,0.9992001810817607
xover-m05-g2-L5p3-n2-beta0__N0080__Aplus_0p0025,xover-m05-g2-L5p3-n2-beta0__N0080__Aminus_0p0025,xover-m05-g2-L5p3-n2-beta0,80,0.0025,56,3.71,0.999221785737134,0.9993532066973468
xover-m05-g2-L5p3-n2-beta0__N0080__Aplus_0p0025,xover-m05-g2-L5p3-n2-beta0__N0080__Aminus_0p0025,xover-m05-g2-L5p3-n2-beta0,80,0.0025,57,3.77625,0.9994104553042467,0.9995102221006866
xover-m05-g2-L5p3-n2-beta0__N0080__Aplus_0p0025,xover-m05-g2-L5p3-n2-beta0__N0080__Aminus_0p0025,xover-m05-g2-L5p3-n2-beta0,80,0.0025,58,3.8425000000000002,0.9996027922165264,0.999670261409772
xover-m05-g2-L5p3-n2-beta0__N0080__Aplus_0p0025,xover-m05-g2-L5p3-n2-beta0__N0080__Aminus_0p0025,xover-m05-g2-L5p3-n2-beta0,80,0.0025,59,3.9087500000000004,0.9997976141864787,0.9998323395226705
xover-m05-g2-L5p3-n2-beta0__N0080__Aplus_0p0025,xover-m05-g2-L5p3-n2-beta0__N0080__Aminus_0p0025,xover-m05-g2-L5p3-n2-beta0,80,0.0025,60,3.975,0.9999937222443364,0.9999954581514486
xover-m05-g2-L5p3-n2-beta0__N0080__Aplus_0p0025,xover-m05-g2-L5p3-n2-beta0__N0080__Aminus_0p0025,xover-m05-g2-L5p3-n2-beta0,80,0.0025,61,4.04125,1.0001899080754881,1.0001586119525205
xover-m05-g2-L5p3-n2-beta0__N0080__Aplus_0p0025,xover-m05-g2-L5p3-n2-beta0__N0080__Aminus_0p0025,xover-m05-g2-L5p3-n2-beta0,80,0.0025,62,4.1075,1.000384961450311,1.0003207947162485
xover-m05-g2-L5p3-n2-beta0__N0080__Aplus_0p0025,xover-m05-g2-L5p3-n2-beta0__N0080__Aminus_0p0025,xover-m05-g2-L5p3-n2-beta0,80,0.0025,63,4.17375,1.0005776777011546,1.0004810055778663
xover-m05-g2-L5p3-n2-beta0__N0080__Aplus_0p0025,xover-m05-g2-L5p3-n2-beta0__N0080__Aminus_0p0025,xover-m05-g2-L5p3-n2-beta0,80,0.0025,64,4.24,1.0007668652000623,1.0006382552112771
xover-m05-g2-L5p3-n2-beta0__N0080__Aplus_0p0025,xover-m05-g2-L5p3-n2-beta0__N0080__Aminus_0p0025,xover-m05-g2-L5p3-n2-beta0,80,0.0025,65,4.30625,1.000951352789947,1.0007915719669873
xover-m05-g2-L5p3-n2-beta0__N0080__Aplus_0p0025,xover-m05-g2-L5p3-n2-beta0__N0080__Aminus_0p0025,xover-m05-g2-L5p3-n2-beta0,80,0.0025,66,4.3725000000000005,1.00112999712138,1.0009400079154067
xover-m05-g2-L5p3-n2-beta0__N0080__Aplus_0p0025,xover-m05-g2-L5p3-n2-beta0__N0080__Aminus_0p0025,xover-m05-g2-L5p3-n2-beta0,80,0.0025,67,4.438750000000001,1.0013016898469473,1.0010826447569707
xover-m05-g2-L5p3-n2-beta0__N0080__Aplus_0p0025,xover-m05-g2-L5p3-n2-beta0__N0080__Aminus_0p0025,xover-m05-g2-L5p3-n2-beta0,80,0.0025,68,4.505,1.0014653646252718,1.0012185995610388
xover-m05-g2-L5p3-n2-beta0__N0080__Aplus_0p0025,xover-m05-g2-L5p3-n2-beta0__N0080__Aminus_0p0025,xover-m05-g2-L5p3-n2-beta0,80,0.0025,69,4.57125,1.0016200038873364,1.0013470302962861
xover-m05-g2-L5p3-n2-beta0__N0080__Aplus_0p0025,xover-m05-g2-L5p3-n2-beta0__N0080__Aminus_0p0025,xover-m05-g2-L5p3-n2-beta0,80,0.0025,70,4.6375,1.001764645318669,1.001467141116359
xover-m05-g2-L5p3-n2-beta0__N0080__Aplus_0p0025,xover-m05-g2-L5p3-n2-beta0__N0080__Aminus_0p0025,xover-m05-g2-L5p3-n2-beta0,80,0.0025,71,4.70375,1.0018983880122743,1.0015781873658773
xover-m05-g2-L5p3-n2-beta0__N0080__Aplus_0p0025,xover-m05-g2-L5p3-n2-beta0__N0080__Aminus_0p0025,xover-m05-g2-L5p3-n2-beta0,80,0.0025,72,4.7700000000000005,1.0020203982489364,1.0016794802734694
xover-m05-g2-L5p3-n2-beta0__N0080__Aplus_0p0025,xover-m05-g2-L5p3-n2-beta0__N0080__Aminus_0p0025,xover-m05-g2-L5p3-n2-beta0,80,0.0025,73,4.836250000000001,1.0021299148636504,1.0017703913003773
xover-m05-g2-L5p3-n2-beta0__N0080__Aplus_0p0025,xover-m05-g2-L5p3-n2-beta0__N0080__Aminus_0p0025,xover-m05-g2-L5p3-n2-beta0,80,0.0025,74,4.9025,1.0022262541594733,1.0018503561152936
xover-m05-g2-L5p3-n2-beta0__N0080__Aplus_0p0025,xover-m05-g2-L5p3-n2-beta0__N0080__Aminus_0p0025,xover-m05-g2-L5p3-n2-beta0,80,0.0025,75,4.96875,1.0023088143329957,1.001918878168449
xover-m05-g2-L5p3-n2-beta0__N0080__Aplus_0p0025,xover-m05-g2-L5p3-n2-beta0__N0080__Aminus_0p0025,xover-m05-g2-L5p3-n2-beta0,80,0.0025,76,5.035,1.002377079378906,1.0019755318405583
xover-m05-g2-L5p3-n2-beta0__N0080__Aplus_0p0025,xover-m05-g2-L5p3-n2-beta0__N0080__Aminus_0p0025,xover-m05-g2-L5p3-n2-beta0,80,0.0025,77,5.10125,1.0024306224447266,1.002019965145038
xover-m05-g2-L5p3-n2-beta0__N0080__Aplus_0p0025,xover-m05-g2-L5p3-n2-beta0__N0080__Aminus_0p0025,xover-m05-g2-L5p3-n2-beta0,80,0.0025,78,5.1675,1.0024691086107012,1.0020519019648855
xover-m05-g2-L5p3-n2-beta0__N0080__Aplus_0p0025,xover-m05-g2-L5p3-n2-beta0__N0080__Aminus_0p0025,xover-m05-g2-L5p3-n2-beta0,80,0.0025,79,5.233750000000001,1.0024922970739902,1.0020711438087695
xover-m05-g2-L5p3-n2-beta0__N0080__Aplus_0p0025,xover-m05-g2-L5p3-n2-beta0__N0080__Aminus_0p0025,xover-m05-g2-L5p3-n2-beta0,80,0.0025,80,5.3,1.002500042720718,1.002077571074166
xover-m05-g2-L5p3-n2-beta0__N0080__Aplus_0p005,xover-m05-g2-L5p3-n2-beta0__N0080__Aminus_0p005,xover-m05-g2-L5p3-n2-beta0,80,0.005,0,0.0,1.0050001844089957,1.0041517592289038
xover-m05-g2-L5p3-n2-beta0__N0080__Aplus_0p005,xover-m05-g2-L5p3-n2-beta0__N0080__Aminus_0p005,xover-m05-g2-L5p3-n2-beta0,80,0.005,1,0.06625,1.0049846147745658,1.0041388694050633
xover-m05-g2-L5p3-n2-beta0__N0080__Aplus_0p005,xover-m05-g2-L5p3-n2-beta0__N0080__Aminus_0p005,xover-m05-g2-L5p3-n2-beta0,80,0.005,2,0.1325,1.0049380047715475,1.0041002807138186
xover-m05-g2-L5p3-n2-beta0__N0080__Aplus_0p005,xover-m05-g2-L5p3-n2-beta0__N0080__Aminus_0p005,xover-m05-g2-L5p3-n2-beta0,80,0.005,3,0.19875,1.0048606504182405,1.0040362349653373
xover-m05-g2-L5p3-n2-beta0__N0080__Aplus_0p005,xover-m05-g2-L5p3-n2-beta0__N0080__Aminus_0p005,xover-m05-g2-L5p3-n2-beta0,80,0.005,4,0.265,1.00475304280949,1.0039471334117807
xover-m05-g2-L5p3-n2-beta0__N0080__Aplus_0p005,xover-m05-g2-L5p3-n2-beta0__N0080__Aminus_0p005,xover-m05-g2-L5p3-n2-beta0,80,0.005,5,0.33125000000000004,1.0046158647343422,1.0038335341144151
xover-m05-g2-L5p3-n2-beta0__N0080__Aplus_0p005,xover-m05-g2-L5p3-n2-beta0__N0080__Aminus_0p005,xover-m05-g2-L5p3-n2-beta0,80,0.005,6,0.3975,1.0044499859827274,1.0036961482859776
xover-m05-g2-L5p3-n2-beta0__N0080__Aplus_0p005,xover-m05-g2-L5p3-n2-beta0__N0080__Aminus_0p005,xover-m05-g2-L5p3-n2-beta0,80,0.005,7,0.46375,1.0042564573824142,1.0035358356363095
xover-m05-g2-L5p3-n2-beta0__N0080__Aplus_0p005,xover-m05-g2-L5p3-n2-beta0__N0080__Aminus_0p005,xover-m05-g2-L5p3-n2-beta0,80,0.005,8,0.53,1.004036503618266,1.0033535987567488
xover-m05-g2-L5p3-n2-beta0__N0080__Aplus_0p005,xover-m05-g2-L5p3-n2-beta0__N0080__Aminus_0p005,xover-m05-g2-L5p3-n2-beta0,80,0.005,9,0.5962500000000001,1.003791514895877,1.003150576585825
xover-m05-g2-L5p3-n2-beta0__N0080__Aplus_0p005,xover-m05-g2-L5p3-n2-beta0__N0080__Aminus_0p005,xover-m05-g2-L5p3-n2-beta0,80,0.005,10,0.6625000000000001,1.003523037520879,1.0029280370054103
xover-m05-g2-L5p3-n2-beta0__N0080__Aplus_0p005,xover-m05-g2-L5p3-n2-beta0__N0080__Aminus_0p005,xover-m05-g2-L5p3-n2-beta0,80,0.005,11,0.72875,1.0032327634734473,1.0026873686225397
xover-m05-g2-L5p3-n2-beta0__N0080__Aplus_0p005,xover-m05-g2-L5p3-n2-beta0__N0080__Aminus_0p005,xover-m05-g2-L5p3-n2-beta0,80,0.005,12,0.795,1.0029225190647357,1.0024300717976113
xover-m05-g2-L5p3-n2-beta0__N0080__Aplus_0p005,xover-m05-g2-L5p3-n2-beta0__N0080__Aminus_0p005,xover-m05-g2-L5p3-n2-beta0,80,0.005,13,0.8612500000000001,1.0025942527680565,1.002157748984518
xover-m05-g2-L5p3-n2-beta0__N0080__Aplus_0p005,xover-m05-g2-L5p3-n2-beta0__N0080__Aminus_0p005,xover-m05-g2-L5p3-n2-beta0,80,0.005,14,0.9275,1.0022500223225326,1.0018720944524597
xover-m05-g2-L5p3-n2-beta0__N0080__Aplus_0p005,xover-m05-g2-L5p3-n2-beta0__N0080__Aminus_0p005,xover-m05-g2-L5p3-n2-beta0,80,0.005,15,0.99375,1.0018919812107097,1.0015748834626894
xover-m05-g2-L5p3-n2-beta0__N0080__Aplus_0p005,xover-m05-g2-L5p3-n2-beta0__N0080__Aminus_0p005,xover-m05-g2-L5p3-n2-beta0,80,0.005,16,1.06,1.0015223646141649,1.001267960976245
xover-m05-g2-L5p3-n2-beta0__N0080__Aplus_0p005,xover-m05-g2-L5p3-n2-beta0__N0080__Aminus_0p005,xover-m05-g2-L5p3-n2-beta0,80,0.005,17,1.12625,1.0011434749525727,1.000953229970829
xover-m05-g2-L5p3-n2-beta0__N0080__Aplus_0p005,xover-m05-g2-L5p3-n2-beta0__N0080__Aminus_0p005,xover-m05-g2-L5p3-n2-beta0,80,0.005,18,1.1925000000000001,1.0007576671119753,1.0006326394464116
xover-m05-g2-L5p3-n2-beta0__N0080__Aplus_0p005,xover-m05-g2-L5p3-n2-beta0__N0080__Aminus_0p005,xover-m05-g2-L5p3-n2-beta0,80,0.005,19,1.25875,1.0003673334672583,1.0003081721998643
xover-m05-g2-L5p3-n2-beta0__N0080__Aplus_0p005,xover-m05-g2-L5p3-n2-beta0__N0080__Aminus_0p005,xover-m05-g2-L5p3-n2-beta0,80,0.005,20,1.3250000000000002,0.9999748888020978,0.9999818324490375
xover-m05-g2-L5p3-n2-beta0__N0080__Aplus_0p005,xover-m05-g2-L5p3-n2-beta0__N0080__Aminus_0p005,xover-m05-g2-L5p3-n2-beta0,80,0.005,21,1.39125,0.999582755227038,0.9996556333861607
xover-m05-g2-L5p3-n2-beta0__N0080__Aplus_0p005,xover-m05-g2-L5p3-n2-beta0__N0080__Aminus_0p005,xover-m05-g2-L5p3-n2-beta0,80,0.005,22,1.4575,0.999193347192951,0.9993315847393596
xover-m05-g2-L5p3-n2-beta0__N0080__Aplus_0p005,xover-m05-g2-L5p3-n2-beta0__N0080__Aminus_0p005,xover-m05-g2-L5p3-n2-beta0,80,0.005,23,1.5237500000000002,0.9988090566930669,0.9990116804194616
xover-m05-g2-L5p3-n2-beta0__N0080__Aplus_0p005,xover-m05-g2-L5p3-n2-beta0__N0080__Aminus_0p005,xover-m05-g2-L5p3-n2-beta0,80,0.005,24,1.59,0.9984322387421114,0.998697886327162
xover-m05-g2-L5p3-n2-beta0__N0080__Aplus_0p005,xover-m05-g2-L5p3-n2-beta0__N0080__Aminus_0p005,xover-m05-g2-L5p3-n2-beta0,80,0.005,25,1.65625,0.99806519721601,0.9983921283930937
xover-m05-g2-L5p3-n2-beta0__N0080__Aplus_0p005,xover-m05-g2-L5p3-n2-beta0__N0080__Aminus_0p005,xover-m05-g2-L5p3-n2-beta0,80,0.005,26,1.7225000000000001,0.9977101711301775,0.9980962809204509
xover-m05-g2-L5p3-n2-beta0__N0080__Aplus_0p005,xover-m05-g2-L5p3-n2-beta0__N0080__Aminus_0p005,xover-m05-g2-L5p3-n2-beta0,80,0.005,27,1.78875,0.9973693214287662,0.9978121552965908
xover-m05-g2-L5p3-n2-beta0__N0080__Aplus_0p005,xover-m05-g2-L5p3-n2-beta0__N0080__Aminus_0p005,xover-m05-g2-L5p3-n2-beta0,80,0.005,28,1.855,0.9970447183514557,0.9975414891365461
xover-m05-g2-L5p3-n2-beta0__N0080__Aplus_0p005,xover-m05-g2-L5p3-n2-beta0__N0080__Aminus_0p005,xover-m05-g2-L5p3-n2-beta0,80,0.005,29,1.9212500000000001,0.9967383294385561,0.9972859359176762
xover-m05-g2-L5p3-n2-beta0__N0080__Aplus_0p005,xover-m05-g2-L5p3-n2-beta0__N0080__Aminus_0p005,xover-m05-g2-L5p3-n2-beta0,80,0.005,30,1.9875,0.9964520082294354,0.9970470551607984
xover-m05-g2-L5p3-n2-beta0__N0080__Aplus_0p005,xover-m05-g2-L5p3-n2-beta0__N0080__Aminus_0p005,xover-m05-g2-L5p3-n2-beta0,80,0.005,31,2.05375,0.9961874837036492,0.9968263032091266
xover-m05-g2-L5p3-n2-beta0__N0080__Aplus_0p005,xover-m05-g2-L5p3-n2-beta0__N0080__Aminus_0p005,xover-m05-g2-L5p3-n2-beta0,80,0.005,32,2.12,0.995946350508707,0.9966250246522427
xover-m05-g2-L5p3-n2-beta0__N0080__Aplus_0p005,xover-m05-g2-L5p3-n2-beta0__N0080__Aminus_0p005,xover-m05-g2-L5p3-n2-beta0,80,0.005,33,2.1862500000000002,0.9957300600132001,0.9964444444381617
xover-m05-g2-L5p3-n2-beta0__N0080__Aplus_0p005,xover-m05-g2-L5p3-n2-beta0__N0080__Aminus_0p005,xover-m05-g2-L5p3-n2-beta0,80,0.005,34,2.2525,0.9955399122190864,0.996285660712356
xover-m05-g2-L5p3-n2-beta0__N0080__Aplus_0p005,xover-m05-g2-L5p3-n2-beta0__N0080__Aminus_0p005,xover-m05-g2-L5p3-n2-beta0,80,0.005,35,2.31875,0.9953770485622861,0.9961496384184103
xover-m05-g2-L5p3-n2-beta0__N0080__Aplus_0p005,xover-m05-g2-L5p3-n2-beta0__N0080__Aminus_0p005,xover-m05-g2-L5p3-n2-beta0,80,0.005,36,2.3850000000000002,0.9952424456264058,0.9960372036907853
xover-m05-g2-L5p3-n2-beta0__N0080__Aplus_0p005,xover-m05-g2-L5p3-n2-beta0__N0080__Aminus_0p005,xover-m05-g2-L5p3-n2-beta0,80,0.005,37,2.45125,0.9951369097903792,0.9959490390660092
xover-m05-g2-L5p3-n2-beta0__N0080__Aplus_0p005,xover-m05-g2-L5p3-n2-beta0__N0080__Aminus_0p005,xover-m05-g2-L5p3-n2-beta0,80,0.005,38,2.5175,0.9950610728270578,0.9958856795344788
xover-m05-g2-L5p3-n2-beta0__N0080__Aplus_0p005,xover-m05-g2-L5p3-n2-beta0__N0080__Aminus_0p005,xover-m05-g2-L5p3-n2-beta0,80,0.005,39,2.58375,0.9950153884663047,0.9958475094509618
xover-m05-g2-L5p3-n2-beta0__N0080__Aplus_0p005,xover-m05-g2-L5p3-n2-beta0__N0080__Aminus_0p005,xover-m05-g2-L5p3-n2-beta0,80,0.005,40,2.6500000000000004,0.9950001299328757,0.9958347603178209
xover-m05-g2-L5p3-n2-beta0__N0080__Aplus_0p005,xover-m05-g2-L5p3-n2-beta0__N0080__Aminus_0p005,xover-m05-g2-L5p3-n2-beta0,80,0.005,41,2.71625,0.9950153884663043,0.9958475094509608
xover-m05-g2-L5p3-n2-beta0__N0080__Aplus_0p005,xover-m05-g2-L5p3-n2-beta0__N0080__Aminus_0p005,xover-m05-g2-L5p3-n2-beta0,80,0.005,42,2.7825,0.9950610728270572,0.9958856795344769
xover-m05-g2-L5p3-n2-beta0__N0080__Aplus_0p005,xover-m05-g2-L5p3-n2-beta0__N0080__Aminus_0p005,xover-m05-g2-L5p3-n2-beta0,80,0.005,43,2.8487500000000003,0.9951369097903783,0.9959490390660063
xover-m05-g2-L5p3-n2-beta0__N0080__Aplus_0p005,xover-m05-g2-L5p3-n2-beta0__N0080__Aminus_0p005,xover-m05-g2-L5p3-n2-beta0,80,0.005,44,2.915,0.9952424456264046,0.9960372036907816
xover-m05-g2-L5p3-n2-beta0__N0080__Aplus_0p005,xover-m05-g2-L5p3-n2-beta0__N0080__Aminus_0p005,xover-m05-g2-L5p3-n2-beta0,80,0.005,45,2.98125,0.9953770485622845,0.9961496384184056
xover-m05-g2-L5p3-n2-beta0__N0080__Aplus_0p005,xover-m05-g2-L5p3-n2-beta0__N0080__Aminus_0p005,xover-m05-g2-L5p3-n2-beta0,80,0.005,46,3.0475000000000003,0.9955399122190844,0.9962856607123505
xover-m05-g2-L5p3-n2-beta0__N0080__Aplus_0p005,xover-m05-g2-L5p3-n2-beta0__N0080__Aminus_0p005,xover-m05-g2-L5p3-n2-beta0,80,0.005,47,3.11375,0.9957300600131977,0.996444444438155
xover-m05-g2-L5p3-n2-beta0__N0080__Aplus_0p005,xover-m05-g2-L5p3-n2-beta0__N0080__Aminus_0p005,xover-m05-g2-L5p3-n2-beta0,80,0.005,48,3.18,0.9959463505087042,0.9966250246522352
xover-m05-g2-L5p3-n2-beta0__N0080__Aplus_0p005,xover-m05-g2-L5p3-n2-beta0__N0080__Aminus_0p005,xover-m05-g2-L5p3-n2-beta0,80,0.005,49,3.2462500000000003,0.996187483703646,0.9968263032091181
xover-m05-g2-L5p3-n2-beta0__N0080__Aplus_0p005,xover-m05-g2-L5p3-n2-beta0__N0080__Aminus_0p005,xover-m05-g2-L5p3-n2-beta0,80,0.005,50,3.3125,0.9964520082294317,0.9970470551607892
xover-m05-g2-L5p3-n2-beta0__N0080__Aplus_0p005,xover-m05-g2-L5p3-n2-beta0__N0080__Aminus_0p005,xover-m05-g2-L5p3-n2-beta0,80,0.005,51,3.37875,0.996738329438552,0.9972859359176661
xover-m05-g2-L5p3-n2-beta0__N0080__Aplus_0p005,xover-m05-g2-L5p3-n2-beta0__N0080__Aminus_0p005,xover-m05-g2-L5p3-n2-beta0,80,0.005,52,3.4450000000000003,0.9970447183514511,0.9975414891365353
xover-m05-g2-L5p3-n2-beta0__N0080__Aplus_0p005,xover-m05-g2-L5p3-n2-beta0__N0080__Aminus_0p005,xover-m05-g2-L5p3-n2-beta0,80,0.005,53,3.51125,0.997369321428761,0.9978121552965792
xover-m05-g2-L5p3-n2-beta0__N0080__Aplus_0p005,xover-m05-g2-L5p3-n2-beta0__N0080__Aminus_0p005,xover-m05-g2-L5p3-n2-beta0,80,0.005,54,3.5775,0.9977101711301717,0.9980962809204386
xover-m05-g2-L5p3-n2-beta0__N0080__Aplus_0p005,xover-m05-g2-L5p3-n2-beta0__N0080__Aminus_0p005,xover-m05-g2-L5p3-n2-beta0,80,0.005,55,3.6437500000000003,0.9980651972160036,0.9983921283930806
xover-m05-g2-L5p3-n2-beta0__N0080__Aplus_0p005,xover-m05-g2-L5p3-n2-beta0__N0080__Aminus_0p005,xover-m05-g2-L5p3-n2-beta0,80,0.005,56,3.71,0.9984322387421044,0.9986978863271483
xover-m05-g2-L5p3-n2-beta0__N0080__Aplus_0p005,xover-m05-g2-L5p3-n2-beta0__N0080__Aminus_0p005,xover-m05-g2-L5p3-n2-beta0,80,0.005,57,3.77625,0.9988090566930592,0.9990116804194473
xover-m05-g2-L5p3-n2-beta0__N0080__Aplus_0p005,xover-m05-g2-L5p3-n2-beta0__N0080__Aminus_0p005,xover-m05-g2-L5p3-n2-beta0,80,0.005,58,3.8425000000000002,0.9991933471929428,0.9993315847393444
xover-m05-g2-L5p3-n2-beta0__N0080__Aplus_0p005,xover-m05-g2-L5p3-n2-beta0__N0080__Aminus_0p005,xover-m05-g2-L5p3-n2-beta0,80,0.005,59,3.9087500000000004,0.999582755227029,0.9996556333861449
xover-m05-g2-L5p3-n2-beta0__N0080__Aplus_0p005,xover-m05-g2-L5p3-n2-beta0__N0080__Aminus_0p005,xover-m05-g2-L5p3-n2-beta0,80,0.005,60,3.975,0.9999748888020881,0.9999818324490212
xover-m05-g2-L5p3-n2-beta0__N0080__Aplus_0p005,xover-m05-g2-L5p3-n2-beta0__N0080__Aminus_0p005,xover-m05-g2-L5p3-n2-beta0,80,0.005,61,4.04125,1.0003673334672478,1.0003081721998475
xover-m05-g2-L5p3-n2-beta0__N0080__Aplus_0p005,xover-m05-g2-L5p3-n2-beta0__N0080__Aminus_0p005,xover-m05-g2-L5p3-n2-beta0,80,0.005,62,4.1075,1.0007576671119642,1.0006326394463942
xover-m05-g2-L5p3-n2-beta0__N0080__Aplus_0p005,xover-m05-g2-L5p3-n2-beta0__N0080__Aminus_0p005,xover-m05-g2-L5p3-n2-beta0,80,0.005,63,4.17375,1.001143474952561,1.0009532299708113
xover-m05-g2-L5p3-n2-beta0__N0080__Aplus_0p005,xover-m05-g2-L5p3-n2-beta0__N0080__Aminus_0p005,xover-m05-g2-L5p3-n2-beta0,80,0.005,64,4.24,1.0015223646141527,1.0012679609762267
xover-m05-g2-L5p3-n2-beta0__N0080__Aplus_0p005,xover-m05-g2-L5p3-n2-beta0__N0080__Aminus_0p005,xover-m05-g2-L5p3-n2-beta0,80,0.005,65,4.30625,1.0018919812106968,1.001574883462671
xover-m05-g2-L5p3-n2-beta0__N0080__Aplus_0p005,xover-m05-g2-L5p3-n2-beta0__N0080__Aminus_0p005,xover-m05-g2-L5p3-n2-beta0,80,0.005,66,4.3725000000000005,1.0022500223225193,1.0018720944524409
xover-m05-g2-L5p3-n2-beta0__N0080__Aplus_0p005,xover-m05-g2-L5p3-n2-beta0__N0080__Aminus_0p005,xover-m05-g2-L5p3-n2-beta0,80,0.005,67,4.438750000000001,1.0025942527680425,1.0021577489844986
xover-m05-g2-L5p3-n2-beta0__N0080__Aplus_0p005,xover-m05-g2-L5p3-n2-beta0__N0080__Aminus_0p005,xover-m05-g2-L5p3-n2-beta0,80,0.005,68,4.505,1.0029225190647213,1.0024300717975916
xover-m05-g2-L5p3-n2-beta0__N0080__Aplus_0p005,xover-m05-g2-L5p3-n2-beta0__N0080__Aminus_0p005,xover-m05-g2-L5p3-n2-beta0,80,0.005,69,4.57125,1.0032327634734324,1.0026873686225195
xover-m05-g2-L5p3-n2-beta0__N0080__Aplus_0p005,xover-m05-g2-L5p3-n2-beta0__N0080__Aminus_0p005,xover-m05-g2-L5p3-n2-beta0,80,0.005,70,4.6375,1.0035230375208637,1.0029280370053897
xover-m05-g2-L5p3-n2-beta0__N0080__Aplus_0p005,xover-m05-g2-L5p3-n2-beta0__N0080__Aminus_0p005,xover-m05-g2-L5p3-n2-beta0,80,0.005,71,4.70375,1.0037915148958612,1.003150576585804
xover-m05-g2-L5p3-n2-beta0__N0080__Aplus_0p005,xover-m05-g2-L5p3-n2-beta0__N0080__Aminus_0p005,xover-m05-g2-L5p3-n2-beta0,80,0.005,72,4.7700000000000005,1.0040365036182497,1.0033535987567272
xover-m05-g2-L5p3-n2-beta0__N0080__Aplus_0p005,xover-m05-g2-L5p3-n2-beta0__N0080__Aminus_0p005,xover-m05-g2-L5p3-n2-beta0,80,0.005,73,4.836250000000001,1.0042564573823978,1.0035358356362882
xover-m05-g2-L5p3-n2-beta0__N0080__Aplus_0p005,xover-m05-g2-L5p3-n2-beta0__N0080__Aminus_0p005,xover-m05-g2-L5p3-n2-beta0,80,0.005,74,4.9025,1.0044499859827105,1.0036961482859563
xover-m05-g2-L5p3-n2-beta0__N0080__Aplus_0p005,xover-m05-g2-L5p3-n2-beta0__N0080__Aminus_0p005,xover-m05-g2-L5p3-n2-beta0,80,0.005,75,4.96875,1.004615864734325,1.0038335341143938
xover-m05-g2-L5p3-n2-beta0__N0080__Aplus_0p005,xover-m05-g2-L5p3-n2-beta0__N0080__Aminus_0p005,xover-m05-g2-L5p3-n2-beta0,80,0.005,76,5.035,1.0047530428094724,1.003947133411759
xover-m05-g2-L5p3-n2-beta0__N0080__Aplus_0p005,xover-m05-g2-L5p3-n2-beta0__N0080__Aminus_0p005,xover-m05-g2-L5p3-n2-beta0,80,0.005,77,5.10125,1.004860650418223,1.0040362349653158
xover-m05-g2-L5p3-n2-beta0__N0080__Aplus_0p005,xover-m05-g2-L5p3-n2-beta0__N0080__Aminus_0p005,xover-m05-g2-L5p3-n2-beta0,80,0.005,78,5.1675,1.0049380047715297,1.004100280713797
xover-m05-g2-L5p3-n2-beta0__N0080__Aplus_0p005,xover-m05-g2-L5p3-n2-beta0__N0080__Aminus_0p005,xover-m05-g2-L5p3-n2-beta0,80,0.005,79,5.233750000000001,1.004984614774548,1.0041388694050415
xover-m05-g2-L5p3-n2-beta0__N0080__Aplus_0p005,xover-m05-g2-L5p3-n2-beta0__N0080__Aminus_0p005,xover-m05-g2-L5p3-n2-beta0,80,0.005,80,5.3,1.005000184408978,1.004151759228882
xover-m05-g2-L5p3-n2-beta0__N0080__Aplus_0p01,xover-m05-g2-L5p3-n2-beta0__N0080__Aminus_0p01,xover-m05-g2-L5p3-n2-beta0,80,0.01,0,0.0,1.0100008451084426,1.008289933470714
xover-m05-g2-L5p3-n2-beta0__N0080__Aplus_0p01,xover-m05-g2-L5p3-n2-beta0__N0080__Aminus_0p01,xover-m05-g2-L5p3-n2-beta0,80,0.01,1,0.06625,1.0099693901818387,1.0082640121643234
xover-m05-g2-L5p3-n2-beta0__N0080__Aplus_0p01,xover-m05-g2-L5p3-n2-beta0__N0080__Aminus_0p01,xover-m05-g2-L5p3-n2-beta0,80,0.01,2,0.1325,1.0098752311162864,1.0081864133472382
xover-m05-g2-L5p3-n2-beta0__N0080__Aplus_0p01,xover-m05-g2-L5p3-n2-beta0__N0080__Aminus_0p01,xover-m05-g2-L5p3-n2-beta0,80,0.01,3,0.19875,1.009718983486746,1.0080576311746352
xover-m05-g2-L5p3-n2-beta0__N0080__Aplus_0p01,xover-m05-g2-L5p3-n2-beta0__N0080__Aminus_0p01,xover-m05-g2-L5p3-n2-beta0,80,0.01,4,0.265,1.0095016680430005,1.0078784854120657
xover-m05-g2-L5p3-n2-beta0__N0080__Aplus_0p01,xover-m05-g2-L5p3-n2-beta0__N0080__Aminus_0p01,xover-m05-g2-L5p3-n2-beta0,80,0.01,5,0.33125000000000004,1.0092247029580965,1.0076501157325803
xover-m05-g2-L5p3-n2-beta0__N0080__Aplus_0p01,xover-m05-g2-L5p3-n2-beta0__N0080__Aminus_0p01,xover-m05-g2-L5p3-n2-beta0,80,0.01,6,0.3975,1.008889893097299,1.007373973805615
xover-m05-g2-L5p3-n2-beta0__N0080__Aplus_0p01,xover-m05-g2-L5p3-n2-beta0__N0080__Aminus_0p01,xover-m05-g2-L5p3-n2-beta0,80,0.01,7,0.46375,1.008499416425956,1.0070518132492274
xover-m05-g2-L5p3-n2-beta0__N0080__Aplus_0p01,xover-m05-g2-L5p3-n2-beta0__N0080__Aminus_0p01,xover-m05-g2-L5p3-n2-beta0,80,0.01,8,0.53,1.0080558077046589,1.0066856775358906
xover-m05-g2-L5p3-n2-beta0__N0080__Aplus_0p01,xover-m05-g2-L5p3-n2-beta0__N0080__Aminus_0p01,xover-m05-g2-L5p3-n2-beta0,80,0.01,9,0.5962500000000001,1.007561939647344,1.0062778859593402
xover-m05-g2-L5p3-n2-beta0__N0080__Aplus_0p01,xover-m05-g2-L5p3-n2-beta0__N0080__Aminus_0p01,xover-m05-g2-L5p3-n2-beta0,80,0.01,10,0.6625000000000001,1.0070210017420695,1.0058310177857075
xover-m05-g2-L5p3-n2-beta0__N0080__Aplus_0p01,xover-m05-g2-L5p3-n2-beta0__N0080__Aminus_0p01,xover-m05-g2-L5p3-n2-beta0,80,0.01,11,0.72875,1.00643647695474,1.005347894726168
xover-m05-g2-L5p3-n2-beta0__N0080__Aplus_0p01,xover-m05-g2-L5p3-n2-beta0__N0080__Aminus_0p01,xover-m05-g2-L5p3-n2-beta0,80,0.01,12,0.795,1.0058121165527958,1.0048315618804413
xover-m05-g2-L5p3-n2-beta0__N0080__Aplus_0p01,xover-m05-g2-L5p3-n2-beta0__N0080__Aminus_0p01,xover-m05-g2-L5p3-n2-beta0,80,0.01,13,0.8612500000000001,1.0051519132986246,1.004285267310567
xover-m05-g2-L5p3-n2-beta0__N0080__Aplus_0p01,xover-m05-g2-L5p3-n2-beta0__N0080__Aminus_0p01,xover-m05-g2-L5p3-n2-beta0,80,0.01,14,0.9275,1.004460073271156,1.0037124404124027
xover-m05-g2-L5p3-n2-beta0__N0080__Aplus_0p01,xover-m05-g2-L5p3-n2-beta0__N0080__Aminus_0p01,xover-m05-g2-L5p3-n2-beta0,80,0.01,15,0.99375,1.0037409865787648,1.003116669258208
xover-m05-g2-L5p3-n2-beta0__N0080__Aplus_0p01,xover-m05-g2-L5p3-n2-beta0__N0080__Aminus_0p01,xover-m05-g2-L5p3-n2-beta0,80,0.01,16,1.06,1.0029991972273604,1.0025016770875235
xover-m05-g2-L5p3-n2-beta0__N0080__Aplus_0p01,xover-m05-g2-L5p3-n2-beta0__N0080__Aminus_0p01,xover-m05-g2-L5p3-n2-beta0,80,0.01,17,1.12625,1.002239372404585,1.0018712981253446
xover-m05-g2-L5p3-n2-beta0__N0080__Aplus_0p01,xover-m05-g2-L5p3-n2-beta0__N0080__Aminus_0p01,xover-m05-g2-L5p3-n2-beta0,80,0.01,18,1.1925000000000001,1.0014662714346474,1.001229452906484
xover-m05-g2-L5p3-n2-beta0__N0080__Aplus_0p01,xover-m05-g2-L5p3-n2-beta0__N0080__Aminus_0p01,xover-m05-g2-L5p3-n2-beta0,80,0.01,19,1.25875,1.0006847146488402,1.0005801232830602
xover-m05-g2-L5p3-n2-beta0__N0080__Aplus_0p01,xover-m05-g2-L5p3-n2-beta0__N0080__Aminus_0p01,xover-m05-g2-L5p3-n2-beta0,80,0.01,20,1.3250000000000002,0.9998995524046055,0.9999273272884643
xover-m05-g2-L5p3-n2-beta0__N0080__Aplus_0p01,xover-m05-g2-L5p3-n2-beta0__N0080__Aminus_0p01,xover-m05-g2-L5p3-n2-beta0,80,0.01,21,1.39125,0.9991156344715612,0.9992750940260594
xover-m05-g2-L5p3-n2-beta0__N0080__Aplus_0p01,xover-m05-g2-L5p3-n2-beta0__N0080__Aminus_0p01,xover-m05-g2-L5p3-n2-beta0,80,0.01,22,1.4575,0.9983377799866433,0.9986274387444865
xover-m05-g2-L5p3-n2-beta0__N0080__Aplus_0p01,xover-m05-g2-L5p3-n2-beta0__N0080__Aminus_0p01,xover-m05-g2-L5p3-n2-beta0,80,0.01,23,1.5237500000000002,0.9975707481628993,0.9979883382539609
xover-m05-g2-L5p3-n2-beta0__N0080__Aplus_0p01,xover-m05-g2-L5p3-n2-beta0__N0080__Aminus_0p01,xover-m05-g2-L5p3-n2-beta0,80,0.01,24,1.59,0.996819209917978,0.9973617068295672
xover-m05-g2-L5p3-n2-beta0__N0080__Aplus_0p01,xover-m05-g2-L5p3-n2-beta0__N0080__Aminus_0p01,xover-m05-g2-L5p3-n2-beta0,80,0.01,25,1.65625,0.9960877205694288,0.9967513727384808
xover-m05-g2-L5p3-n2-beta0__N0080__Aplus_0p01,xover-m05-g2-L5p3-n2-beta0__N0080__Aminus_0p01,xover-m05-g2-L5p3-n2-beta0,80,0.01,26,1.7225000000000001,0.9953806937249777,0.9961610555184961
xover-m05-g2-L5p3-n2-beta0__N0080__Aplus_0p01,xover-m05-g2-L5p3-n2-beta0__N0080__Aminus_0p01,xover-m05-g2-L5p3-n2-beta0,80,0.01,27,1.78875,0.9947023764773925,0.9955943441253698
xover-m05-g2-L5p3-n2-beta0__N0080__Aplus_0p01,xover-m05-g2-L5p3-n2-beta0__N0080__Aminus_0p01,xover-m05-g2-L5p3-n2-beta0,80,0.01,28,1.855,0.9940568259957184,0.9950546760565138
xover-m05-g2-L5p3-n2-beta0__N0080__Aplus_0p01,xover-m05-g2-L5p3-n2-beta0__N0080__Aminus_0p01,xover-m05-g2-L5p3-n2-beta0,80,0.01,29,1.9212500000000001,0.993447887587878,0.9945453175486242
xover-m05-g2-L5p3-n2-beta0__N0080__Aplus_0p01,xover-m05-g2-L5p3-n2-beta0__N0080__Aminus_0p01,xover-m05-g2-L5p3-n2-beta0,80,0.01,30,1.9875,0.9928791742941256,0.9940693449370752
xover-m05-g2-L5p3-n2-beta0__N0080__Aplus_0p01,xover-m05-g2-L5p3-n2-beta0__N0080__Aminus_0p01,xover-m05-g2-L5p3-n2-beta0,80,0.01,31,2.05375,0.9923540480568461,0.9936296272554387
xover-m05-g2-L5p3-n2-beta0__N0080__Aplus_0p01,xover-m05-g2-L5p3-n2-beta0__N0080__Aminus_0p01,xover-m05-g2-L5p3-n2-beta0,80,0.01,32,2.12,0.9918756024998157,0.9932288101444348
xover-m05-g2-L5p3-n2-beta0__N0080__Aplus_0p01,xover-m05-g2-L5p3-n2-beta0__N0080__Aminus_0p01,xover-m05-g2-L5p3-n2-beta0,80,0.01,33,2.1862500000000002,0.9914466473394099,0.9928693011310277
xover-m05-g2-L5p3-n2-beta0__N0080__Aplus_0p01,xover-m05-g2-L5p3-n2-beta0__N0080__Aminus_0p01,xover-m05-g2-L5p3-n2-beta0,80,0.01,34,2.2525,0.9910696944413847,0.9925532563303218
xover-m05-g2-L5p3-n2-beta0__N0080__Aplus_0p01,xover-m05-g2-L5p3-n2-beta0__N0080__Aminus_0p01,xover-m05-g2-L5p3-n2-beta0,80,0.01,35,2.31875,0.990746945529758,0.992282568615407
xover-m05-g2-L5p3-n2-beta0__N0080__Aplus_0p01,xover-m05-g2-L5p3-n2-beta0__N0080__Aminus_0p01,xover-m05-g2-L5p3-n2-beta0,80,0.01,36,2.3850000000000002,0.99048028154894,0.9920588572933605
xover-m05-g2-L5p3-n2-beta0__N0080__Aplus_0p01,xover-m05-g2-L5p3-n2-beta0__N0080__Aminus_0p01,xover-m05-g2-L5p3-n2-beta0,80,0.01,37,2.45125,0.9902712536764833,0.9918834593192195
xover-m05-g2-L5p3-n2-beta0__N0080__Aplus_0p01,xover-m05-g2-L5p3-n2-beta0__N0080__Aminus_0p01,xover-m05-g2-L5p3-n2-beta0,80,0.01,38,2.5175,0.9901210759815303,0.9917574220738639
xover-m05-g2-L5p3-n2-beta0__N0080__Aplus_0p01,xover-m05-g2-L5p3-n2-beta0__N0080__Aminus_0p01,xover-m05-g2-L5p3-n2-beta0,80,0.01,39,2.58375,0.9900306197230475,0.991681497726339
xover-m05-g2-L5p3-n2-beta0__N0080__Aplus_0p01,xover-m05-g2-L5p3-n2-beta0__N0080__Aminus_0p01,xover-m05-g2-L5p3-n2-beta0,80,0.01,40,2.6500000000000004,0.9900004092820521,0.9916561391961448
xover-m05-g2-L5p3-n2-beta0__N0080__Aplus_0p01,xover-m05-g2-L5p3-n2-beta0__N0080__Aminus_0p01,xover-m05-g2-L5p3-n2-beta0,80,0.01,41,2.71625,0.9900306197230475,0.9916814977263387
xover-m05-g2-L5p3-n2-beta0__N0080__Aplus_0p01,xover-m05-g2-L5p3-n2-beta0__N0080__Aminus_0p01,xover-m05-g2-L5p3-n2-beta0,80,0.01,42,2.7825,0.9901210759815303,0.9917574220738631
xover-m05-g2-L5p3-n2-beta0__N0080__Aplus_0p01,xover-m05-g2-L5p3-n2-beta0__N0080__Aminus_0p01,xover-m05-g2-L5p3-n2-beta0,80,0.01,43,2.8487500000000003,0.9902712536764833,0.9918834593192184
xover-m05-g2-L5p3-n2-beta0__N0080__Aplus_0p01,xover-m05-g2-L5p3-n2-beta0__N0080__Aminus_0p01,xover-m05-g2-L5p3-n2-beta0,80,0.01,44,2.915,0.99048028154894,0.992058857293359
xover-m05-g2-L5p3-n2-beta0__N0080__Aplus_0p01,xover-m05-g2-L5p3-n2-beta0__N0080__Aminus_0p01,xover-m05-g2-L5p3-n2-beta0,80,0.01,45,2.98125,0.9907469455297578,0.9922825686154049
xover-m05-g2-L5p3-n2-beta0__N0080__Aplus_0p01,xover-m05-g2-L5p3-n2-beta0__N0080__Aminus_0p01,xover-m05-g2-L5p3-n2-beta0,80,0.01,46,3.0475000000000003,0.9910696944413845,0.992553256330319
xover-m05-g2-L5p3-n2-beta0__N0080__Aplus_0p01,xover-m05-g2-L5p3-n2-beta0__N0080__Aminus_0p01,xover-m05-g2-L5p3-n2-beta0,80,0.01,47,3.11375,0.9914466473394097,0.9928693011310243
xover-m05-g2-L5p3-n2-beta0__N0080__Aplus_0p01,xover-m05-g2-L5p3-n2-beta0__N0080__Aminus_0p01,xover-m05-g2-L5p3-n2-beta0,80,0.01,48,3.18,0.9918756024998153,0.9932288101444311
xover-m05-g2-L5p3-n2-beta0__N0080__Aplus_0p01,xover-m05-g2-L5p3-n2-beta0__N0080__Aminus_0p01,xover-m05-g2-L5p3-n2-beta0,80,0.01,49,3.2462500000000003,0.9923540480568457,0.9936296272554346
xover-m05-g2-L5p3-n2-beta0__N0080__Aplus_0p01,xover-m05-g2-L5p3-n2-beta0__N0080__Aminus_0p01,xover-m05-g2-L5p3-n2-beta0,80,0.01,50,3.3125,0.9928791742941251,0.9940693449370704
xover-m05-g2-L5p3-n2-beta0__N0080__Aplus_0p01,xover-m05-g2-L5p3-n2-beta0__N0080__Aminus_0p01,xover-m05-g2-L5p3-n2-beta0,80,0.01,51,3.37875,0.9934478875878773,0.9945453175486187
xover-m05-g2-L5p3-n2-beta0__N0080__Aplus_0p01,xover-m05-g2-L5p3-n2-beta0__N0080__Aminus_0p01,xover-m05-g2-L5p3-n2-beta0,80,0.01,52,3.4450000000000003,0.9940568259957174,0.9950546760565079
xover-m05-g2-L5p3-n2-beta0__N0080__Aplus_0p01,xover-m05-g2-L5p3-n2-beta0__N0080__Aminus_0p01,xover-m05-g2-L5p3-n2-beta0,80,0.01,53,3.51125,0.9947023764773911,0.9955943441253635
xover-m05-g2-L5p3-n2-beta0__N0080__Aplus_0p01,xover-m05-g2-L5p3-n2-beta0__N0080__Aminus_0p01,xover-m05-g2-L5p3-n2-beta0,80,0.01,54,3.5775,0.9953806937249761,0.9961610555184894
xover-m05-g2-L5p3-n2-beta0__N0080__Aplus_0p01,xover-m05-g2-L5p3-n2-beta0__N0080__Aminus_0p01,xover-m05-g2-L5p3-n2-beta0,80,0.01,55,3.6437500000000003,0.996087720569427,0.9967513727384737
xover-m05-g2-L5p3-n2-beta0__N0080__Aplus_0p01,xover-m05-g2-L5p3-n2-beta0__N0080__Aminus_0p01,xover-m05-g2-L5p3-n2-beta0,80,0.01,56,3.71,0.9968192099179757,0.9973617068295596
xover-m05-g2-L5p3-n2-beta0__N0080__Aplus_0p01,xover-m05-g2-L5p3-n2-beta0__N0080__Aminus_0p01,xover-m05-g2-L5p3-n2-beta0,80,0.01,57,3.77625,0.9975707481628965,0.997988338253953
xover-m05-g2-L5p3-n2-beta0__N0080__Aplus_0p01,xover-m05-g2-L5p3-n2-beta0__N0080__Aminus_0p01,xover-m05-g2-L5p3-n2-beta0,80,0.01,58,3.8425000000000002,0.9983377799866401,0.998627438744478
xover-m05-g2-L5p3-n2-beta0__N0080__Aplus_0p01,xover-m05-g2-L5p3-n2-beta0__N0080__Aminus_0p01,xover-m05-g2-L5p3-n2-beta0,80,0.01,59,3.9087500000000004,0.9991156344715575,0.9992750940260507
xover-m05-g2-L5p3-n2-beta0__N0080__Aplus_0p01,xover-m05-g2-L5p3-n2-beta0__N0080__Aminus_0p01,xover-m05-g2-L5p3-n2-beta0,80,0.01,60,3.975,0.9998995524046013,0.9999273272884553
xover-m05-g2-L5p3-n2-beta0__N0080__Aplus_0p01,xover-m05-g2-L5p3-n2-beta0__N0080__Aminus_0p01,xover-m05-g2-L5p3-n2-beta0,80,0.01,61,4.04125,1.0006847146488356,1.000580123283051
xover-m05-g2-L5p3-n2-beta0__N0080__Aplus_0p01,xover-m05-g2-L5p3-n2-beta0__N0080__Aminus_0p01,xover-m05-g2-L5p3-n2-beta0,80,0.01,62,4.1075,1.0014662714346423,1.0012294529064745
xover-m05-g2-L5p3-n2-beta0__N0080__Aplus_0p01,xover-m05-g2-L5p3-n2-beta0__N0080__Aminus_0p01,xover-m05-g2-L5p3-n2-beta0,80,0.01,63,4.17375,1.0022393724045793,1.001871298125335
xover-m05-g2-L5p3-n2-beta0__N0080__Aplus_0p01,xover-m05-g2-L5p3-n2-beta0__N0080__Aminus_0p01,xover-m05-g2-L5p3-n2-beta0,80,0.01,64,4.24,1.002999197227354,1.0025016770875135
xover-m05-g2-L5p3-n2-beta0__N0080__Aplus_0p01,xover-m05-g2-L5p3-n2-beta0__N0080__Aminus_0p01,xover-m05-g2-L5p3-n2-beta0,80,0.01,65,4.30625,1.0037409865787577,1.0031166692581979
xover-m05-g2-L5p3-n2-beta0__N0080__Aplus_0p01,xover-m05-g2-L5p3-n2-beta0__N0080__Aminus_0p01,xover-m05-g2-L5p3-n2-beta0,80,0.01,66,4.3725000000000005,1.0044600732711484,1.0037124404123923
xover-m05-g2-L5p3-n2-beta0__N0080__Aplus_0p01,xover-m05-g2-L5p3-n2-beta0__N0080__Aminus_0p01,xover-m05-g2-L5p3-n2-beta0,80,0.01,67,4.438750000000001,1.0051519132986164,1.0042852673105565
xover-m05-g2-L5p3-n2-beta0__N0080__Aplus_0p01,xover-m05-g2-L5p3-n2-beta0__N0080__Aminus_0p01,xover-m05-g2-L5p3-n2-beta0,80,0.01,68,4.505,1.0058121165527871,1.0048315618804304
xover-m05-g2-L5p3-n2-beta0__N0080__Aplus_0p01,xover-m05-g2-L5p3-n2-beta0__N0080__Aminus_0p01,xover-m05-g2-L5p3-n2-beta0,80,0.01,69,4.57125,1.006436476954731,1.0053478947261565
xover-m05-g2-L5p3-n2-beta0__N0080__Aplus_0p01,xover-m05-g2-L5p3-n2-beta0__N0080__Aminus_0p01,xover-m05-g2-L5p3-n2-beta0,80,0.01,70,4.6375,1.00702100174206,1.005831017785696
xover-m05-g2-L5p3-n2-beta0__N0080__Aplus_0p01,xover-m05-g2-L5p3-n2-beta0__N0080__Aminus_0p01,xover-m05-g2-L5p3-n2-beta0,80,0.01,71,4.70375,1.007561939647334,1.0062778859593287
xover-m05-g2-L5p3-n2-beta0__N0080__Aplus_0p01,xover-m05-g2-L5p3-n2-beta0__N0080__Aminus_0p01,xover-m05-g2-L5p3-n2-beta0,80,0.01,72,4.7700000000000005,1.0080558077046482,1.0066856775358786
xover-m05-g2-L5p3-n2-beta0__N0080__Aplus_0p01,xover-m05-g2-L5p3-n2-beta0__N0080__Aminus_0p01,xover-m05-g2-L5p3-n2-beta0,80,0.01,73,4.836250000000001,1.0084994164259449,1.0070518132492154
xover-m05-g2-L5p3-n2-beta0__N0080__Aplus_0p01,xover-m05-g2-L5p3-n2-beta0__N0080__Aminus_0p01,xover-m05-g2-L5p3-n2-beta0,80,0.01,74,4.9025,1.0088898930972876,1.007373973805603
xover-m05-g2-L5p3-n2-beta0__N0080__Aplus_0p01,xover-m05-g2-L5p3-n2-beta0__N0080__Aminus_0p01,xover-m05-g2-L5p3-n2-beta0,80,0.01,75,4.96875,1.009224702958085,1.0076501157325681
xover-m05-g2-L5p3-n2-beta0__N0080__Aplus_0p01,xover-m05-g2-L5p3-n2-beta0__N0080__Aminus_0p01,xover-m05-g2-L5p3-n2-beta0,80,0.01,76,5.035,1.0095016680429885,1.0078784854120535
xover-m05-g2-L5p3-n2-beta0__N0080__Aplus_0p01,xover-m05-g2-L5p3-n2-beta0__N0080__Aminus_0p01,xover-m05-g2-L5p3-n2-beta0,80,0.01,77,5.10125,1.0097189834867337,1.008057631174623
xover-m05-g2-L5p3-n2-beta0__N0080__Aplus_0p01,xover-m05-g2-L5p3-n2-beta0__N0080__Aminus_0p01,xover-m05-g2-L5p3-n2-beta0,80,0.01,78,5.1675,1.0098752311162742,1.0081864133472258
xover-m05-g2-L5p3-n2-beta0__N0080__Aplus_0p01,xover-m05-g2-L5p3-n2-beta0__N0080__Aminus_0p01,xover-m05-g2-L5p3-n2-beta0,80,0.01,79,5.233750000000001,1.0099693901818263,1.0082640121643107
xover-m05-g2-L5p3-n2-beta0__N0080__Aplus_0p01,xover-m05-g2-L5p3-n2-beta0__N0080__Aminus_0p01,xover-m05-g2-L5p3-n2-beta0,80,0.01,80,5.3,1.0100008451084301,1.0082899334707014
xover-m05-g2-L5p3-n2-beta0__N0080__Aplus_0p02,xover-m05-g2-L5p3-n2-beta0__N0080__Aminus_0p02,xover-m05-g2-L5p3-n2-beta0,80,0.02,0,0.0,1.0200042285390345,1.016525080758592
xover-m05-g2-L5p3-n2-beta0__N0080__Aplus_0p02,xover-m05-g2-L5p3-n2-beta0__N0080__Aminus_0p02,xover-m05-g2-L5p3-n2-beta0,80,0.02,1,0.06625,1.0199400374085053,1.0164726675716778
xover-m05-g2-L5p3-n2-beta0__N0080__Aplus_0p02,xover-m05-g2-L5p3-n2-beta0__N0080__Aminus_0p02,xover-m05-g2-L5p3-n2-beta0,80,0.02,2,0.1325,1.0197479081474476,1.0163157726978023
xover-m05-g2-L5p3-n2-beta0__N0080__Aplus_0p02,xover-m05-g2-L5p3-n2-beta0__N0080__Aminus_0p02,xover-m05-g2-L5p3-n2-beta0,80,0.02,3,0.19875,1.0194291691408757,1.0160554275177762
xover-m05-g2-L5p3-n2-beta0__N0080__Aplus_0p02,xover-m05-g2-L5p3-n2-beta0__N0080__Aminus_0p02,xover-m05-g2-L5p3-n2-beta0,80,0.02,4,0.265,1.0189860210689872,1.0156933420985512
xover-m05-g2-L5p3-n2-beta0__N0080__Aplus_0p02,xover-m05-g2-L5p3-n2-beta0__N0080__Aminus_0p02,xover-m05-g2-L5p3-n2-beta0,80,0.02,5,0.33125000000000004,1.018421517174878,1.0152318919514813
xover-m05-g2-L5p3-n2-beta0__N0080__Aplus_0p02,xover-m05-g2-L5p3-n2-beta0__N0080__Aminus_0p02,xover-m05-g2-L5p3-n2-beta0,80,0.02,6,0.3975,1.0177395360538228,1.014674099711297
xover-m05-g2-L5p3-n2-beta0__N0080__Aplus_0p02,xover-m05-g2-L5p3-n2-beta0__N0080__Aminus_0p02,xover-m05-g2-L5p3-n2-beta0,80,0.02,7,0.46375,1.0169447473661457,1.0140236119478754
xover-m05-g2-L5p3-n2-beta0__N0080__Aplus_0p02,xover-m05-g2-L5p3-n2-beta0__N0080__Aminus_0p02,xover-m05-g2-L5p3-n2-beta0,80,0.02,8,0.53,1.0160425709732663,1.0132846713760804
xover-m05-g2-L5p3-n2-beta0__N0080__Aplus_0p02,xover-m05-g2-L5p3-n2-beta0__N0080__Aminus_0p02,xover-m05-g2-L5p3-n2-beta0,80,0.02,9,0.5962500000000001,1.0150391300819552,1.0124620847768748
xover-m05-g2-L5p3-n2-beta0__N0080__Aplus_0p02,xover-m05-g2-L5p3-n2-beta0__N0080__Aminus_0p02,xover-m05-g2-L5p3-n2-beta0,80,0.02,10,0.6625000000000001,1.013941199053351,1.0115611869847705
xover-m05-g2-L5p3-n2-beta0__N0080__Aplus_0p02,xover-m05-g2-L5p3-n2-beta0__N0080__Aminus_0p02,xover-m05-g2-L5p3-n2-beta0,80,0.02,11,0.72875,1.0127561465895665,1.0105878013318197
xover-m05-g2-L5p3-n2-beta0__N0080__Aplus_0p02,xover-m05-g2-L5p3-n2-beta0__N0080__Aminus_0p02,xover-m05-g2-L5p3-n2-beta0,80,0.02,12,0.795,1.0114918750509168,1.0095481969662987
xover-m05-g2-L5p3-n2-beta0__N0080__Aplus_0p02,xover-m05-g2-L5p3-n2-beta0__N0080__Aminus_0p02,xover-m05-g2-L5p3-n2-beta0,80,0.02,13,0.8612500000000001,1.0101567566805887,1.0084490434847395
xover-m05-g2-L5p3-n2-beta0__N0080__Aplus_0p02,xover-m05-g2-L5p3-n2-beta0__N0080__Aminus_0p02,xover-m05-g2-L5p3-n2-beta0,80,0.02,14,0.9275,1.0087595675211731,1.007297363328965
xover-m05-g2-L5p3-n2-beta0__N0080__Aplus_0p02,xover-m05-g2-L5p3-n2-beta0__N0080__Aminus_0p02,xover-m05-g2-L5p3-n2-beta0,80,0.02,15,0.99375,1.0073094197994827,1.0061004824054127
xover-m05-g2-L5p3-n2-beta0__N0080__Aplus_0p02,xover-m05-g2-L5p3-n2-beta0__N0080__Aminus_0p02,xover-m05-g2-L5p3-n2-beta0,80,0.02,16,1.06,1.0058156935335834,1.004865979382587
xover-m05-g2-L5p3-n2-beta0__N0080__Aplus_0p02,xover-m05-g2-L5p3-n2-beta0__N0080__Aminus_0p02,xover-m05-g2-L5p3-n2-beta0,80,0.02,17,1.12625,1.0042879680803756,1.0036016341144454
xover-m05-g2-L5p3-n2-beta0__N0080__Aplus_0p02,xover-m05-g2-L5p3-n2-beta0__N0080__Aminus_0p02,xover-m05-g2-L5p3-n2-beta0,80,0.02,18,1.1925000000000001,1.0027359542950802,1.0023153756234837
xover-m05-g2-L5p3-n2-beta0__N0080__Aplus_0p02,xover-m05-g2-L5p3-n2-beta0__N0080__Aminus_0p02,xover-m05-g2-L5p3-n2-beta0,80,0.02,19,1.25875,1.0011694279175314,1.001015230057958
xover-m05-g2-L5p3-n2-beta0__N0080__Aplus_0p02,xover-m05-g2-L5p3-n2-beta0__N0080__Aminus_0p02,xover-m05-g2-L5p3-n2-beta0,80,0.02,20,1.3250000000000002,0.9995981647363007,0.9997092690138566
xover-m05-g2-L5p3-n2-beta0__N0080__Aplus_0p02,xover-m05-g2-L5p3-n2-beta0__N0080__Aminus_0p02,xover-m05-g2-L5p3-n2-beta0,80,0.02,21,1.39125,0.9980318780124681,0.9984055585847517
xover-m05-g2-L5p3-n2-beta0__N0080__Aplus_0p02,xover-m05-g2-L5p3-n2-beta0__N0080__Aminus_0p02,xover-m05-g2-L5p3-n2-beta0,80,0.02,22,1.4575,0.9964801585724239,0.9971121094723928
xover-m05-g2-L5p3-n2-beta0__N0080__Aplus_0p02,xover-m05-g2-L5p3-n2-beta0__N0080__Aminus_0p02,xover-m05-g2-L5p3-n2-beta0,80,0.02,23,1.5237500000000002,0.9949524179054193,0.9958368284587061
xover-m05-g2-L5p3-n2-beta0__N0080__Aplus_0p02,xover-m05-g2-L5p3-n2-beta0__N0080__Aminus_0p02,xover-m05-g2-L5p3-n2-beta0,80,0.02,24,1.59,0.9934578345285728,0.994587471506593
xover-m05-g2-L5p3-n2-beta0__N0080__Aplus_0p02,xover-m05-g2-L5p3-n2-beta0__N0080__Aminus_0p02,xover-m05-g2-L5p3-n2-beta0,80,0.02,25,1.65625,0.9920053038113922,0.9933715987233545
xover-m05-g2-L5p3-n2-beta0__N0080__Aplus_0p02,xover-m05-g2-L5p3-n2-beta0__N0080__Aminus_0p02,xover-m05-g2-L5p3-n2-beta0,80,0.02,26,1.7225000000000001,0.9906033913850614,0.9921965313874551
xover-m05-g2-L5p3-n2-beta0__N0080__Aplus_0p02,xover-m05-g2-L5p3-n2-beta0__N0080__Aminus_0p02,xover-m05-g2-L5p3-n2-beta0,80,0.02,27,1.78875,0.9892602902000576,0.9910693112073218
xover-m05-g2-L5p3-n2-beta0__N0080__Aplus_0p02,xover-m05-g2-L5p3-n2-beta0__N0080__Aminus_0p02,xover-m05-g2-L5p3-n2-beta0,80,0.02,28,1.855,0.9879837812401026,0.9899966619505303
xover-m05-g2-L5p3-n2-beta0__N0080__Aplus_0p02,xover-m05-g2-L5p3-n2-beta0__N0080__Aminus_0p02,xover-m05-g2-L5p3-n2-beta0,80,0.02,29,1.9212500000000001,0.9867811978518151,0.9889849535535346
xover-m05-g2-L5p3-n2-beta0__N0080__Aplus_0p02,xover-m05-g2-L5p3-n2-beta0__N0080__Aminus_0p02,xover-m05-g2-L5p3-n2-beta0,80,0.02,30,1.9875,0.9856593936082386,0.9880401687964216
xover-m05-g2-L5p3-n2-beta0__N0080__Aplus_0p02,xover-m05-g2-L5p3-n2-beta0__N0080__Aminus_0p02,xover-m05-g2-L5p3-n2-beta0,80,0.02,31,2.05375,0.984624713590999,0.9871678726043158
xover-m05-g2-L5p3-n2-beta0__N0080__Aplus_0p02,xover-m05-g2-L5p3-n2-beta0__N0080__Aminus_0p02,xover-m05-g2-L5p3-n2-beta0,80,0.02,32,2.12,0.9836829689503035,0.9863731840171884
xover-m05-g2-L5p3-n2-beta0__N0080__Aplus_0p02,xover-m05-g2-L5p3-n2-beta0__N0080__Aminus_0p02,xover-m05-g2-L5p3-n2-beta0,80,0.02,33,2.1862500000000002,0.9828394145842374,0.98566075085307
xover-m05-g2-L5p3-n2-beta0__N0080__Aplus_0p02,xover-m05-g2-L5p3-n2-beta0__N0080__Aminus_0p02,xover-m05-g2-L5p3-n2-beta0,80,0.02,34,2.2525,0.9820987297686141,0.9850347270759885
xover-m05-g2-L5p3-n2-beta0__N0080__Aplus_0p02,xover-m05-g2-L5p3-n2-beta0__N0080__Aminus_0p02,xover-m05-g2-L5p3-n2-beta0,80,0.02,35,2.31875,0.9814650015655909,0.9844987528693517
xover-m05-g2-L5p3-n2-beta0__N0080__Aplus_0p02,xover-m05-g2-L5p3-n2-beta0__N0080__Aminus_0p02,xover-m05-g2-L5p3-n2-beta0,80,0.02,36,2.3850000000000002,0.9809417108428727,0.9840559374077643
xover-m05-g2-L5p3-n2-beta0__N0080__Aplus_0p02,xover-m05-g2-L5p3-n2-beta0__N0080__Aminus_0p02,xover-m05-g2-L5p3-n2-beta0,80,0.02,37,2.45125,0.9805317207449881,0.9837088443152675
xover-m05-g2-L5p3-n2-beta0__N0080__Aplus_0p02,xover-m05-g2-L5p3-n2-beta0__N0080__Aminus_0p02,xover-m05-g2-L5p3-n2-beta0,80,0.02,38,2.5175,0.9802372674731474,0.9834594797954257
xover-m05-g2-L5p3-n2-beta0__N0080__Aplus_0p02,xover-m05-g2-L5p3-n2-beta0__N0080__Aminus_0p02,xover-m05-g2-L5p3-n2-beta0,80,0.02,39,2.58375,0.9800599532498478,0.9833092834182706
xover-m05-g2-L5p3-n2-beta0__N0080__Aplus_0p02,xover-m05-g2-L5p3-n2-beta0__N0080__Aminus_0p02,xover-m05-g2-L5p3-n2-beta0,80,0.02,40,2.6500000000000004,0.9800007413678742,0.9832591215505135
xover-m05-g2-L5p3-n2-beta0__N0080__Aplus_0p02,xover-m05-g2-L5p3-n2-beta0__N0080__Aminus_0p02,xover-m05-g2-L5p3-n2-beta0,80,0.02,41,2.71625,0.9800599532498484,0.983309283418271
xover-m05-g2-L5p3-n2-beta0__N0080__Aplus_0p02,xover-m05-g2-L5p3-n2-beta0__N0080__Aminus_0p02,xover-m05-g2-L5p3-n2-beta0,80,0.02,42,2.7825,0.9802372674731485,0.9834594797954264
xover-m05-g2-L5p3-n2-beta0__N0080__Aplus_0p02,xover-m05-g2-L5p3-n2-beta0__N0080__Aminus_0p02,xover-m05-g2-L5p3-n2-beta0,80,0.02,43,2.8487500000000003,0.9805317207449897,0.9837088443152684
xover-m05-g2-L5p3-n2-beta0__N0080__Aplus_0p02,xover-m05-g2-L5p3-n2-beta0__N0080__Aminus_0p02,xover-m05-g2-L5p3-n2-beta0,80,0.02,44,2.915,0.980941710842875,0.9840559374077653
xover-m05-g2-L5p3-n2-beta0__N0080__Aplus_0p02,xover-m05-g2-L5p3-n2-beta0__N0080__Aminus_0p02,xover-m05-g2-L5p3-n2-beta0,80,0.02,45,2.98125,0.9814650015655936,0.9844987528693528
xover-m05-g2-L5p3-n2-beta0__N0080__Aplus_0p02,xover-m05-g2-L5p3-n2-beta0__N0080__Aminus_0p02,xover-m05-g2-L5p3-n2-beta0,80,0.02,46,3.0475000000000003,0.9820987297686173,0.9850347270759896
xover-m05-g2-L5p3-n2-beta0__N0080__Aplus_0p02,xover-m05-g2-L5p3-n2-beta0__N0080__Aminus_0p02,xover-m05-g2-L5p3-n2-beta0,80,0.02,47,3.11375,0.982839414584241,0.985660750853071
xover-m05-g2-L5p3-n2-beta0__N0080__Aplus_0p02,xover-m05-g2-L5p3-n2-beta0__N0080__Aminus_0p02,xover-m05-g2-L5p3-n2-beta0,80,0.02,48,3.18,0.9836829689503075,0.9863731840171898
xover-m05-g2-L5p3-n2-beta0__N0080__Aplus_0p02,xover-m05-g2-L5p3-n2-beta0__N0080__Aminus_0p02,xover-m05-g2-L5p3-n2-beta0,80,0.02,49,3.2462500000000003,0.9846247135910033,0.987167872604317
xover-m05-g2-L5p3-n2-beta0__N0080__Aplus_0p02,xover-m05-g2-L5p3-n2-beta0__N0080__Aminus_0p02,xover-m05-g2-L5p3-n2-beta0,80,0.02,50,3.3125,0.9856593936082433,0.988040168796423
xover-m05-g2-L5p3-n2-beta0__N0080__Aplus_0p02,xover-m05-g2-L5p3-n2-beta0__N0080__Aminus_0p02,xover-m05-g2-L5p3-n2-beta0,80,0.02,51,3.37875,0.9867811978518201,0.9889849535535358
xover-m05-g2-L5p3-n2-beta0__N0080__Aplus_0p02,xover-m05-g2-L5p3-n2-beta0__N0080__Aminus_0p02,xover-m05-g2-L5p3-n2-beta0,80,0.02,52,3.4450000000000003,0.9879837812401077,0.9899966619505317
xover-m05-g2-L5p3-n2-beta0__N0080__Aplus_0p02,xover-m05-g2-L5p3-n2-beta0__N0080__Aminus_0p02,xover-m05-g2-L5p3-n2-beta0,80,0.02,53,3.51125,0.9892602902000629,0.9910693112073234
xover-m05-g2-L5p3-n2-beta0__N0080__Aplus_0p02,xover-m05-g2-L5p3-n2-beta0__N0080__Aminus_0p02,xover-m05-g2-L5p3-n2-beta0,80,0.02,54,3.5775,0.9906033913850668,0.9921965313874571
xover-m05-g2-L5p3-n2-beta0__N0080__Aplus_0p02,xover-m05-g2-L5p3-n2-beta0__N0080__Aminus_0p02,xover-m05-g2-L5p3-n2-beta0,80,0.02,55,3.6437500000000003,0.9920053038113976,0.9933715987233563
xover-m05-g2-L5p3-n2-beta0__N0080__Aplus_0p02,xover-m05-g2-L5p3-n2-beta0__N0080__Aminus_0p02,xover-m05-g2-L5p3-n2-beta0,80,0.02,56,3.71,0.9934578345285782,0.9945874715065948
xover-m05-g2-L5p3-n2-beta0__N0080__Aplus_0p02,xover-m05-g2-L5p3-n2-beta0__N0080__Aminus_0p02,xover-m05-g2-L5p3-n2-beta0,80,0.02,57,3.77625,0.9949524179054245,0.995836828458708
xover-m05-g2-L5p3-n2-beta0__N0080__Aplus_0p02,xover-m05-g2-L5p3-n2-beta0__N0080__Aminus_0p02,xover-m05-g2-L5p3-n2-beta0,80,0.02,58,3.8425000000000002,0.9964801585724291,0.9971121094723948
xover-m05-g2-L5p3-n2-beta0__N0080__Aplus_0p02,xover-m05-g2-L5p3-n2-beta0__N0080__Aminus_0p02,xover-m05-g2-L5p3-n2-beta0,80,0.02,59,3.9087500000000004,0.9980318780124731,0.9984055585847537
xover-m05-g2-L5p3-n2-beta0__N0080__Aplus_0p02,xover-m05-g2-L5p3-n2-beta0__N0080__Aminus_0p02,xover-m05-g2-L5p3-n2-beta0,80,0.02,60,3.975,0.9995981647363054,0.9997092690138585
xover-m05-g2-L5p3-n2-beta0__N0080__Aplus_0p02,xover-m05-g2-L5p3-n2-beta0__N0080__Aminus_0p02,xover-m05-g2-L5p3-n2-beta0,80,0.02,61,4.04125,1.0011694279175356,1.0010152300579598
xover-m05-g2-L5p3-n2-beta0__N0080__Aplus_0p02,xover-m05-g2-L5p3-n2-beta0__N0080__Aminus_0p02,xover-m05-g2-L5p3-n2-beta0,80,0.02,62,4.1075,1.0027359542950838,1.0023153756234853
xover-m05-g2-L5p3-n2-beta0__N0080__Aplus_0p02,xover-m05-g2-L5p3-n2-beta0__N0080__Aminus_0p02,xover-m05-g2-L5p3-n2-beta0,80,0.02,63,4.17375,1.0042879680803787,1.003601634114447
xover-m05-g2-L5p3-n2-beta0__N0080__Aplus_0p02,xover-m05-g2-L5p3-n2-beta0__N0080__Aminus_0p02,xover-m05-g2-L5p3-n2-beta0,80,0.02,64,4.24,1.0058156935335858,1.0048659793825887
xover-m05-g2-L5p3-n2-beta0__N0080__Aplus_0p02,xover-m05-g2-L5p3-n2-beta0__N0080__Aminus_0p02,xover-m05-g2-L5p3-n2-beta0,80,0.02,65,4.30625,1.0073094197994843,1.0061004824054145
xover-m05-g2-L5p3-n2-beta0__N0080__Aplus_0p02,xover-m05-g2-L5p3-n2-beta0__N0080__Aminus_0p02,xover-m05-g2-L5p3-n2-beta0,80,0.02,66,4.3725000000000005,1.008759567521174,1.007297363328967
xover-m05-g2-L5p3-n2-beta0__N0080__Aplus_0p02,xover-m05-g2-L5p3-n2-beta0__N0080__Aminus_0p02,xover-m05-g2-L5p3-n2-beta0,80,0.02,67,4.438750000000001,1.010156756680589,1.0084490434847413
xover-m05-g2-L5p3-n2-beta0__N0080__Aplus_0p02,xover-m05-g2-L5p3-n2-beta0__N0080__Aminus_0p02,xover-m05-g2-L5p3-n2-beta0,80,0.02,68,4.505,1.0114918750509163,1.0095481969663003
xover-m05-g2-L5p3-n2-beta0__N0080__Aplus_0p02,xover-m05-g2-L5p3-n2-beta0__N0080__Aminus_0p02,xover-m05-g2-L5p3-n2-beta0,80,0.02,69,4.57125,1.0127561465895651,1.0105878013318208
xover-m05-g2-L5p3-n2-beta0__N0080__Aplus_0p02,xover-m05-g2-L5p3-n2-beta0__N0080__Aminus_0p02,xover-m05-g2-L5p3-n2-beta0,80,0.02,70,4.6375,1.013941199053349,1.0115611869847714
xover-m05-g2-L5p3-n2-beta0__N0080__Aplus_0p02,xover-m05-g2-L5p3-n2-beta0__N0080__Aminus_0p02,xover-m05-g2-L5p3-n2-beta0,80,0.02,71,4.70375,1.0150391300819528,1.0124620847768755
xover-m05-g2-L5p3-n2-beta0__N0080__Aplus_0p02,xover-m05-g2-L5p3-n2-beta0__N0080__Aminus_0p02,xover-m05-g2-L5p3-n2-beta0,80,0.02,72,4.7700000000000005,1.0160425709732632,1.0132846713760808
xover-m05-g2-L5p3-n2-beta0__N0080__Aplus_0p02,xover-m05-g2-L5p3-n2-beta0__N0080__Aminus_0p02,xover-m05-g2-L5p3-n2-beta0,80,0.02,73,4.836250000000001,1.016944747366142,1.0140236119478756
xover-m05-g2-L5p3-n2-beta0__N0080__Aplus_0p02,xover-m05-g2-L5p3-n2-beta0__N0080__Aminus_0p02,xover-m05-g2-L5p3-n2-beta0,80,0.02,74,4.9025,1.0177395360538188,1.0146740997112973
xover-m05-g2-L5p3-n2-beta0__N0080__Aplus_0p02,xover-m05-g2-L5p3-n2-beta0__N0080__Aminus_0p02,xover-m05-g2-L5p3-n2-beta0,80,0.02,75,4.96875,1.0184215171748734,1.0152318919514816
xover-m05-g2-L5p3-n2-beta0__N0080__Aplus_0p02,xover-m05-g2-L5p3-n2-beta0__N0080__Aminus_0p02,xover-m05-g2-L5p3-n2-beta0,80,0.02,76,5.035,1.0189860210689823,1.0156933420985512
xover-m05-g2-L5p3-n2-beta0__N0080__Aplus_0p02,xover-m05-g2-L5p3-n2-beta0__N0080__Aminus_0p02,xover-m05-g2-L5p3-n2-beta0,80,0.02,77,5.10125,1.0194291691408703,1.0160554275177762
xover-m05-g2-L5p3-n2-beta0__N0080__Aplus_0p02,xover-m05-g2-L5p3-n2-beta0__N0080__Aminus_0p02,xover-m05-g2-L5p3-n2-beta0,80,0.02,78,5.1675,1.0197479081474423,1.0163157726978023
xover-m05-g2-L5p3-n2-beta0__N0080__Aplus_0p02,xover-m05-g2-L5p3-n2-beta0__N0080__Aminus_0p02,xover-m05-g2-L5p3-n2-beta0,80,0.02,79,5.233750000000001,1.0199400374084997,1.0164726675716778
xover-m05-g2-L5p3-n2-beta0__N0080__Aplus_0p02,xover-m05-g2-L5p3-n2-beta0__N0080__Aminus_0p02,xover-m05-g2-L5p3-n2-beta0,80,0.02,80,5.3,1.0200042285390287,1.016525080758592
xover-m05-g2-L5p3-n2-beta0__N0160__Aminus_0p02,xover-m05-g2-L5p3-n2-beta0__N0160__Aplus_0p02,xover-m05-g2-L5p3-n2-beta0,160,-0.02,0,0.0,0.9800001346074737,0.9832621007326192
xover-m05-g2-L5p3-n2-beta0__N0160__Aminus_0p02,xover-m05-g2-L5p3-n2-beta0__N0160__Aplus_0p02,xover-m05-g2-L5p3-n2-beta0,160,-0.02,1,0.033125,0.9800149435872172,0.9832746434864976
xover-m05-g2-L5p3-n2-beta0__N0160__Aminus_0p02,xover-m05-g2-L5p3-n2-beta0__N0160__Aplus_0p02,xover-m05-g2-L5p3-n2-beta0,160,-0.02,2,0.06625,0.9800593504242363,0.9833122536618271
xover-m05-g2-L5p3-n2-beta0__N0160__Aminus_0p02,xover-m05-g2-L5p3-n2-beta0__N0160__Aplus_0p02,xover-m05-g2-L5p3-n2-beta0,160,-0.02,3,0.099375,0.9801332948271181,0.9833748770201921
xover-m05-g2-L5p3-n2-beta0__N0160__Aminus_0p02,xover-m05-g2-L5p3-n2-beta0__N0160__Aplus_0p02,xover-m05-g2-L5p3-n2-beta0,160,-0.02,4,0.1325,0.9802366763609706,0.9834624232325841
xover-m05-g2-L5p3-n2-beta0__N0160__Aminus_0p02,xover-m05-g2-L5p3-n2-beta0__N0160__Aplus_0p02,xover-m05-g2-L5p3-n2-beta0,160,-0.02,5,0.16562500000000002,0.9803693545238265,0.9835747659819575
xover-m05-g2-L5p3-n2-beta0__N0160__Aminus_0p02,xover-m05-g2-L5p3-n2-beta0__N0160__Aplus_0p02,xover-m05-g2-L5p3-n2-beta0,160,-0.02,6,0.19875,0.9805311488540229,0.9837117431068741
xover-m05-g2-L5p3-n2-beta0__N0160__Aminus_0p02,xover-m05-g2-L5p3-n2-beta0__N0160__Aplus_0p02,xover-m05-g2-L5p3-n2-beta0,160,-0.02,7,0.231875,0.9807218390689708,0.9838731567862977
xover-m05-g2-L5p3-n2-beta0__N0160__Aminus_0p02,xover-m05-g2-L5p3-n2-beta0__N0160__Aplus_0p02,xover-m05-g2-L5p3-n2-beta0,160,-0.02,8,0.265,0.9809411652358363,0.9840587737656145
xover-m05-g2-L5p3-n2-beta0__N0160__Aminus_0p02,xover-m05-g2-L5p3-n2-beta0__N0160__Aplus_0p02,xover-m05-g2-L5p3-n2-beta0,160,-0.02,9,0.29812500000000003,0.9811888279747701,0.9842683256239736
xover-m05-g2-L5p3-n2-beta0__N0160__Aminus_0p02,xover-m05-g2-L5p3-n2-beta0__N0160__Aplus_0p02,xover-m05-g2-L5p3-n2-beta0,160,-0.02,10,0.33125000000000004,0.9814644886954199,0.9845015090830489
xover-m05-g2-L5p3-n2-beta0__N0160__Aminus_0p02,xover-m05-g2-L5p3-n2-beta0__N0160__Aplus_0p02,xover-m05-g2-L5p3-n2-beta0,160,-0.02,11,0.364375,0.9817677698675621,0.9847579863573329
xover-m05-g2-L5p3-n2-beta0__N0160__Aminus_0p02,xover-m05-g2-L5p3-n2-beta0__N0160__Aplus_0p02,xover-m05-g2-L5p3-n2-beta0,160,-0.02,12,0.3975,0.9820982553267834,0.9850373855460818
xover-m05-g2-L5p3-n2-beta0__N0160__Aminus_0p02,xover-m05-g2-L5p3-n2-beta0__N0160__Aplus_0p02,xover-m05-g2-L5p3-n2-beta0,160,-0.02,13,0.43062500000000004,0.9824554906162223,0.9853393010670285
xover-m05-g2-L5p3-n2-beta0__N0160__Aminus_0p02,xover-m05-g2-L5p3-n2-beta0__N0160__Aplus_0p02,xover-m05-g2-L5p3-n2-beta0,160,-0.02,14,0.46375,0.9828389833654643,0.9856632941319831
xover-m05-g2-L5p3-n2-beta0__N0160__Aminus_0p02,xover-m05-g2-L5p3-n2-beta0__N0160__Aplus_0p02,xover-m05-g2-L5p3-n2-beta0,160,-0.02,15,0.496875,0.9832482037077479,0.9860088932644328
xover-m05-g2-L5p3-n2-beta0__N0160__Aminus_0p02,xover-m05-g2-L5p3-n2-beta0__N0160__Aplus_0p02,xover-m05-g2-L5p3-n2-beta0,160,-0.02,16,0.53,0.9836825847367021,0.9863755948592434
xover-m05-g2-L5p3-n2-beta0__N0160__Aminus_0p02,xover-m05-g2-L5p3-n2-beta0__N0160__Aplus_0p02,xover-m05-g2-L5p3-n2-beta0,160,-0.02,17,0.563125,0.9841415230038817,0.9867628637845508
xover-m05-g2-L5p3-n2-beta0__N0160__Aminus_0p02,xover-m05-g2-L5p3-n2-beta0__N0160__Aplus_0p02,xover-m05-g2-L5p3-n2-beta0,160,-0.02,18,0.5962500000000001,0.984624379058406,0.9871701340259105
xover-m05-g2-L5p3-n2-beta0__N0160__Aminus_0p02,xover-m05-g2-L5p3-n2-beta0__N0160__Aplus_0p02,xover-m05-g2-L5p3-n2-beta0,160,-0.02,19,0.629375,0.9851304780300353,0.9875968093727493
xover-m05-g2-L5p3-n2-beta0__N0160__Aminus_0p02,xover-m05-g2-L5p3-n2-beta0__N0160__Aplus_0p02,xover-m05-g2-L5p3-n2-beta0,160,-0.02,20,0.6625000000000001,0.9856591102570292,0.9880422641471339
xover-m05-g2-L5p3-n2-beta0__N0160__Aminus_0p02,xover-m05-g2-L5p3-n2-beta0__N0160__Aplus_0p02,xover-m05-g2-L5p3-n2-beta0,160,-0.02,21,0.695625,0.9862095319601395,0.988505843974832
xover-m05-g2-L5p3-n2-beta0__N0160__Aminus_0p02,xover-m05-g2-L5p3-n2-beta0__N0160__Aplus_0p02,xover-m05-g2-L5p3-n2-beta0,160,-0.02,22,0.72875,0.9867809659640696,0.9889868665986067
xover-m05-g2-L5p3-n2-beta0__N0160__Aminus_0p02,xover-m05-g2-L5p3-n2-beta0__N0160__Aplus_0p02,xover-m05-g2-L5p3-n2-beta0,160,-0.02,23,0.7618750000000001,0.9873726024677181,0.9894846227336286
xover-m05-g2-L5p3-n2-beta0__N0160__Aminus_0p02,xover-m05-g2-L5p3-n2-beta0__N0160__Aplus_0p02,xover-m05-g2-L5p3-n2-beta0,160,-0.02,24,0.795,0.9879835998644734,0.9899983769648467
xover-m05-g2-L5p3-n2-beta0__N0160__Aminus_0p02,xover-m05-g2-L5p3-n2-beta0__N0160__Aplus_0p02,xover-m05-g2-L5p3-n2-beta0,160,-0.02,25,0.828125,0.9886130856137807,0.9905273686860916
xover-m05-g2-L5p3-n2-beta0__N0160__Aminus_0p02,xover-m05-g2-L5p3-n2-beta0__N0160__Aplus_0p02,xover-m05-g2-L5p3-n2-beta0,160,-0.02,26,0.8612500000000001,0.9892601571651294,0.991070813080622
xover-m05-g2-L5p3-n2-beta0__N0160__Aminus_0p02,xover-m05-g2-L5p3-n2-beta0__N0160__Aplus_0p02,xover-m05-g2-L5p3-n2-beta0,160,-0.02,27,0.894375,0.9899238829355231,0.9916279021427553
xover-m05-g2-L5p3-n2-beta0__N0160__Aminus_0p02,xover-m05-g2-L5p3-n2-beta0__N0160__Aplus_0p02,xover-m05-g2-L5p3-n2-beta0,160,-0.02,28,0.9275,0.9906033033414,0.9921978057401447
xover-m05-g2-L5p3-n2-beta0__N0160__Aminus_0p02,xover-m05-g2-L5p3-n2-beta0__N0160__Aplus_0p02,xover-m05-g2-L5p3-n2-beta0,160,-0.02,29,0.9606250000000001,0.9912974318858502,0.9927796727161778
xover-m05-g2-L5p3-n2-beta0__N0160__Aminus_0p02,xover-m05-g2-L5p3-n2-beta0__N0160__Aplus_0p02,xover-m05-g2-L5p3-n2-beta0,160,-0.02,30,0.99375,0.9920052563018494,0.9933726320318887
xover-m05-g2-L5p3-n2-beta0__N0160__Aminus_0p02,xover-m05-g2-L5p3-n2-beta0__N0160__Aplus_0p02,xover-m05-g2-L5p3-n2-beta0,160,-0.02,31,1.026875,0.992725739752083,0.9939757939466759
xover-m05-g2-L5p3-n2-beta0__N0160__Aminus_0p02,xover-m05-g2-L5p3-n2-beta0__N0160__Aplus_0p02,xover-m05-g2-L5p3-n2-beta0,160,-0.02,32,1.06,0.9934578220857684,0.9945882512370178
xover-m05-g2-L5p3-n2-beta0__N0160__Aminus_0p02,xover-m05-g2-L5p3-n2-beta0__N0160__Aplus_0p02,xover-m05-g2-L5p3-n2-beta0,160,-0.02,33,1.0931250000000001,0.9942004211527151,0.9952090804522771
xover-m05-g2-L5p3-n2-beta0__N0160__Aminus_0p02,xover-m05-g2-L5p3-n2-beta0__N0160__Aplus_0p02,xover-m05-g2-L5p3-n2-beta0,160,-0.02,34,1.12625,0.9949524341746642,0.9958373432065667
xover-m05-g2-L5p3-n2-beta0__N0160__Aminus_0p02,xover-m05-g2-L5p3-n2-beta0__N0160__Aplus_0p02,xover-m05-g2-L5p3-n2-beta0,160,-0.02,35,1.159375,0.9957127391737497,0.9964720875055415
xover-m05-g2-L5p3-n2-beta0__N0160__Aminus_0p02,xover-m05-g2-L5p3-n2-beta0__N0160__Aplus_0p02,xover-m05-g2-L5p3-n2-beta0,160,-0.02,36,1.1925000000000001,0.9964801964577036,0.9971123491068618
xover-m05-g2-L5p3-n2-beta0__N0160__Aminus_0p02,xover-m05-g2-L5p3-n2-beta0__N0160__Aplus_0p02,xover-m05-g2-L5p3-n2-beta0,160,-0.02,37,1.225625,0.9972536501611984,0.9977571529129448
xover-m05-g2-L5p3-n2-beta0__N0160__Aminus_0p02,xover-m05-g2-L5p3-n2-beta0__N0160__Aplus_0p02,xover-m05-g2-L5p3-n2-beta0,160,-0.02,38,1.25875,0.9980319298424773,0.9984055143945042
xover-m05-g2-L5p3-n2-beta0__N0160__Aminus_0p02,xover-m05-g2-L5p3-n2-beta0__N0160__Aplus_0p02,xover-m05-g2-L5p3-n2-beta0,160,-0.02,39,1.291875,0.9988138521341718,0.9990564410432428
xover-m05-g2-L5p3-n2-beta0__N0160__Aminus_0p02,xover-m05-g2-L5p3-n2-beta0__N0160__Aplus_0p02,xover-m05-g2-L5p3-n2-beta0,160,-0.02,40,1.3250000000000002,0.9995982224469416,0.9997089338519374
xover-m05-g2-L5p3-n2-beta0__N0160__Aminus_0p02,xover-m05-g2-L5p3-n2-beta0__N0160__Aplus_0p02,xover-m05-g2-L5p3-n2-beta0,160,-0.02,41,1.358125,1.000383836724307,1.0003619888200224
xover-m05-g2-L5p3-n2-beta0__N0160__Aminus_0p02,xover-m05-g2-L5p3-n2-beta0__N0160__Aplus_0p02,xover-m05-g2-L5p3-n2-beta0,160,-0.02,42,1.39125,1.0011694832467584,1.0010145984826488
xover-m05-g2-L5p3-n2-beta0__N0160__Aminus_0p02,xover-m05-g2-L5p3-n2-beta0__N0160__Aplus_0p02,xover-m05-g2-L5p3-n2-beta0,160,-0.02,43,1.4243750000000002,1.0019539444829555,1.0016657534610616
xover-m05-g2-L5p3-n2-beta0__N0160__Aminus_0p02,xover-m05-g2-L5p3-n2-beta0__N0160__Aplus_0p02,xover-m05-g2-L5p3-n2-beta0,160,-0.02,44,1.4575,1.0027359989855322,1.0023144440320089
xover-m05-g2-L5p3-n2-beta0__N0160__Aminus_0p02,xover-m05-g2-L5p3-n2-beta0__N0160__Aplus_0p02,xover-m05-g2-L5p3-n2-beta0,160,-0.02,45,1.490625,1.003514423328742,1.002959661713769
xover-m05-g2-L5p3-n2-beta0__N0160__Aminus_0p02,xover-m05-g2-L5p3-n2-beta0__N0160__Aplus_0p02,xover-m05-g2-L5p3-n2-beta0,160,-0.02,46,1.5237500000000002,1.004287994084886,1.003600400866253
xover-m05-g2-L5p3-n2-beta0__N0160__Aminus_0p02,xover-m05-g2-L5p3-n2-beta0__N0160__Aplus_0p02,xover-m05-g2-L5p3-n2-beta0,160,-0.02,47,1.556875,1.0050554898361774,1.0042356603025184
xover-m05-g2-L5p3-n2-beta0__N0160__Aminus_0p02,xover-m05-g2-L5p3-n2-beta0__N0160__Aplus_0p02,xover-m05-g2-L5p3-n2-beta0,160,-0.02,48,1.59,1.0058156932184175,1.0048644449089132
xover-m05-g2-L5p3-n2-beta0__N0160__Aminus_0p02,xover-m05-g2-L5p3-n2-beta0__N0160__Aplus_0p02,xover-m05-g2-L5p3-n2-beta0,160,-0.02,49,1.6231250000000002,1.0065673929925683,1.0054857672709494
xover-m05-g2-L5p3-n2-beta0__N0160__Aminus_0p02,xover-m05-g2-L5p3-n2-beta0__N0160__Aplus_0p02,xover-m05-g2-L5p3-n2-beta0,160,-0.02,50,1.65625,1.0073093861400493,1.0060986493019048
xover-m05-g2-L5p3-n2-beta0__N0160__Aminus_0p02,xover-m05-g2-L5p3-n2-beta0__N0160__Aplus_0p02,xover-m05-g2-L5p3-n2-beta0,160,-0.02,51,1.689375,1.0080404799773095,1.0067021238710467
xover-m05-g2-L5p3-n2-beta0__N0160__Aminus_0p02,xover-m05-g2-L5p3-n2-beta0__N0160__Aplus_0p02,xover-m05-g2-L5p3-n2-beta0,160,-0.02,52,1.7225000000000001,1.008759494284985,1.007295236428277
xover-m05-g2-L5p3-n2-beta0__N0160__Aminus_0p02,xover-m05-g2-L5p3-n2-beta0__N0160__Aplus_0p02,xover-m05-g2-L5p3-n2-beta0,160,-0.02,53,1.755625,1.0094652634467096,1.0078770466219147
xover-m05-g2-L5p3-n2-beta0__N0160__Aminus_0p02,xover-m05-g2-L5p3-n2-beta0__N0160__Aplus_0p02,xover-m05-g2-L5p3-n2-beta0,160,-0.02,54,1.78875,1.010156638592427,1.0084466299062562
xover-m05-g2-L5p3-n2-beta0__N0160__Aminus_0p02,xover-m05-g2-L5p3-n2-beta0__N0160__Aplus_0p02,xover-m05-g2-L5p3-n2-beta0,160,-0.02,55,1.8218750000000001,1.0108324897408447,1.0090030791354874
xover-m05-g2-L5p3-n2-beta0__N0160__Aminus_0p02,xover-m05-g2-L5p3-n2-beta0__N0160__Aplus_0p02,xover-m05-g2-L5p3-n2-beta0,160,-0.02,56,1.855,1.0114917079354908,1.0095455061404632
xover-m05-g2-L5p3-n2-beta0__N0160__Aminus_0p02,xover-m05-g2-L5p3-n2-beta0__N0160__Aplus_0p02,xover-m05-g2-L5p3-n2-beta0,160,-0.02,57,1.888125,1.0121332073686644,1.0100730432848335
xover-m05-g2-L5p3-n2-beta0__N0160__Aminus_0p02,xover-m05-g2-L5p3-n2-beta0__N0160__Aplus_0p02,xover-m05-g2-L5p3-n2-beta0,160,-0.02,58,1.9212500000000001,1.012755927487439,1.010584844996953
xover-m05-g2-L5p3-n2-beta0__N0160__Aminus_0p02,xover-m05-g2-L5p3-n2-beta0__N0160__Aplus_0p02,xover-m05-g2-L5p3-n2-beta0,160,-0.02,59,1.9543750000000002,1.0133588350757516,1.0110800892740053
xover-m05-g2-L5p3-n2-beta0__N0160__Aminus_0p02,xover-m05-g2-L5p3-n2-beta0__N0160__Aplus_0p02,xover-m05-g2-L5p3-n2-beta0,160,-0.02,60,1.9875,1.0139409263065335,1.0115579791547529
xover-m05-g2-L5p3-n2-beta0__N0160__Aminus_0p02,xover-m05-g2-L5p3-n2-beta0__N0160__Aplus_0p02,xover-m05-g2-L5p3-n2-beta0,160,-0.02,61,2.020625,1.014501228757768,1.0120177441573426
xover-m05-g2-L5p3-n2-beta0__N0160__Aminus_0p02,xover-m05-g2-L5p3-n2-beta0__N0160__Aplus_0p02,xover-m05-g2-L5p3-n2-beta0,160,-0.02,62,2.05375,1.0150388033863338,1.0124586416786148
xover-m05-g2-L5p3-n2-beta0__N0160__Aminus_0p02,xover-m05-g2-L5p3-n2-beta0__N0160__Aplus_0p02,xover-m05-g2-L5p3-n2-beta0,160,-0.02,63,2.086875,1.0155527464534906,1.0128799583513948
xover-m05-g2-L5p3-n2-beta0__N0160__Aminus_0p02,xover-m05-g2-L5p3-n2-beta0__N0160__Aplus_0p02,xover-m05-g2-L5p3-n2-beta0,160,-0.02,64,2.12,1.0160421913958892,1.0132810113563073
xover-m05-g2-L5p3-n2-beta0__N0160__Aminus_0p02,xover-m05-g2-L5p3-n2-beta0__N0160__Aplus_0p02,xover-m05-g2-L5p3-n2-beta0,160,-0.02,65,2.153125,1.0165063106360548,1.013661149684711
xover-m05-g2-L5p3-n2-beta0__N0160__Aminus_0p02,xover-m05-g2-L5p3-n2-beta0__N0160__Aplus_0p02,xover-m05-g2-L5p3-n2-beta0,160,-0.02,66,2.1862500000000002,1.0169443173263768,1.014019755349432
xover-m05-g2-L5p3-n2-beta0__N0160__Aminus_0p02,xover-m05-g2-L5p3-n2-beta0__N0160__Aplus_0p02,xover-m05-g2-L5p3-n2-beta0,160,-0.02,67,2.2193750000000003,1.0173554670207774,1.0143562445400731
xover-m05-g2-L5p3-n2-beta0__N0160__Aminus_0p02,xover-m05-g2-L5p3-n2-beta0__N0160__Aplus_0p02,xover-m05-g2-L5p3-n2-beta0,160,-0.02,68,2.2525,1.0177390592683702,1.014670068719785
xover-m05-g2-L5p3-n2-beta0__N0160__Aminus_0p02,xover-m05-g2-L5p3-n2-beta0__N0160__Aplus_0p02,xover-m05-g2-L5p3-n2-beta0,160,-0.02,69,2.285625,1.018094439123626,1.0149607156605005
xover-m05-g2-L5p3-n2-beta0__N0160__Aminus_0p02,xover-m05-g2-L5p3-n2-beta0__N0160__Aplus_0p02,xover-m05-g2-L5p3-n2-beta0,160,-0.02,70,2.31875,1.018420998567773,1.0152277104137857
xover-m05-g2-L5p3-n2-beta0__N0160__Aminus_0p02,xover-m05-g2-L5p3-n2-beta0__N0160__Aplus_0p02,xover-m05-g2-L5p3-n2-beta0,160,-0.02,71,2.351875,1.018718177836414,1.015470616214599
xover-m05-g2-L5p3-n2-beta0__N0160__Aminus_0p02,xover-m05-g2-L5p3-n2-beta0__N0160__Aplus_0p02,xover-m05-g2-L5p3-n2-beta0,160,-0.02,72,2.3850000000000002,1.0189854666486227,1.0156890353154209
xover-m05-g2-L5p3-n2-beta0__N0160__Aminus_0p02,xover-m05-g2-L5p3-n2-beta0__N0160__Aplus_0p02,xover-m05-g2-L5p3-n2-beta0,160,-0.02,73,2.4181250000000003,1.0192224053330876,1.0158826097483893
xover-m05-g2-L5p3-n2-beta0__N0160__Aminus_0p02,xover-m05-g2-L5p3-n2-beta0__N0160__Aplus_0p02,xover-m05-g2-L5p3-n2-beta0,160,-0.02,74,2.45125,1.0194285858472127,1.0160510220132664
xover-m05-g2-L5p3-n2-beta0__N0160__Aminus_0p02,xover-m05-g2-L5p3-n2-beta0__N0160__Aplus_0p02,xover-m05-g2-L5p3-n2-beta0,160,-0.02,75,2.484375,1.019603652685437,1.0161939956892612
xover-m05-g2-L5p3-n2-beta0__N0160__Aminus_0p02,xover-m05-g2-L5p3-n2-beta0__N0160__Aplus_0p02,xover-m05-g2-L5p3-n2-beta0,160,-0.02,76,2.5175,1.0197473036734217,1.0163112959689353
xover-m05-g2-L5p3-n2-beta0__N0160__Aminus_0p02,xover-m05-g2-L5p3-n2-beta0__N0160__Aplus_0p02,xover-m05-g2-L5p3-n2-beta0,160,-0.02,77,2.550625,1.019859290645157,1.0164027301126441
xover-m05-g2-L5p3-n2-beta0__N0160__Aminus_0p02,xover-m05-g2-L5p3-n2-beta0__N0160__Aplus_0p02,xover-m05-g2-L5p3-n2-beta0,160,-0.02,78,2.58375,1.019939420000463,1.0164681478221844
xover-m05-g2-L5p3-n2-beta0__N0160__Aminus_0p02,xover-m05-g2-L5p3-n2-beta0__N0160__Aplus_0p02,xover-m05-g2-L5p3-n2-beta0,160,-0.02,79,2.6168750000000003,1.0199875531407931,1.0165074415325566
xover-m05-g2-L5p3-n2-beta0__N0160__Aminus_0p02,xover-m05-g2-L5p3-n2-beta0__N0160__Aplus_0p02,xover-m05-g2-L5p3-n2-beta0,160,-0.02,80,2.6500000000000004,1.0200036067817007,1.0165205466209808
xover-m05-g2-L5p3-n2-beta0__N0160__Aminus_0p02,xover-m05-g2-L5p3-n2-beta0__N0160__Aplus_0p02,xover-m05-g2-L5p3-n2-beta0,160,-0.02,81,2.683125,1.019987553140793,1.0165074415325552
xover-m05-g2-L5p3-n2-beta0__N0160__Aminus_0p02,xover-m05-g2-L5p3-n2-beta0__N0160__Aplus_0p02,xover-m05-g2-L5p3-n2-beta0,160,-0.02,82,2.71625,1.0199394200004626,1.016468147822182
xover-m05-g2-L5p3-n2-beta0__N0160__Aminus_0p02,xover-m05-g2-L5p3-n2-beta0__N0160__Aplus_0p02,xover-m05-g2-L5p3-n2-beta0,160,-0.02,83,2.749375,1.0198592906451558,1.0164027301126406
xover-m05-g2-L5p3-n2-beta0__N0160__Aminus_0p02,xover-m05-g2-L5p3-n2-beta0__N0160__Aplus_0p02,xover-m05-g2-L5p3-n2-beta0,160,-0.02,84,2.7825,1.0197473036734204,1.0163112959689307
xover-m05-g2-L5p3-n2-beta0__N0160__Aminus_0p02,xover-m05-g2-L5p3-n2-beta0__N0160__Aplus_0p02,xover-m05-g2-L5p3-n2-beta0,160,-0.02,85,2.8156250000000003,1.0196036526854355,1.0161939956892554
xover-m05-g2-L5p3-n2-beta0__N0160__Aminus_0p02,xover-m05-g2-L5p3-n2-beta0__N0160__Aplus_0p02,xover-m05-g2-L5p3-n2-beta0,160,-0.02,86,2.8487500000000003,1.0194285858472107,1.0160510220132595
xover-m05-g2-L5p3-n2-beta0__N0160__Aminus_0p02,xover-m05-g2-L5p3-n2-beta0__N0160__Aplus_0p02,xover-m05-g2-L5p3-n2-beta0,160,-0.02,87,2.881875,1.0192224053330852,1.0158826097483813
xover-m05-g2-L5p3-n2-beta0__N0160__Aminus_0p02,xover-m05-g2-L5p3-n2-beta0__N0160__Aplus_0p02,xover-m05-g2-L5p3-n2-beta0,160,-0.02,88,2.915,1.01898546664862,1.015689035315412
xover-m05-g2-L5p3-n2-beta0__N0160__Aminus_0p02,xover-m05-g2-L5p3-n2-beta0__N0160__Aplus_0p02,xover-m05-g2-L5p3-n2-beta0,160,-0.02,89,2.948125,1.018718177836411,1.0154706162145892
xover-m05-g2-L5p3-n2-beta0__N0160__Aminus_0p02,xover-m05-g2-L5p3-n2-beta0__N0160__Aplus_0p02,xover-m05-g2-L5p3-n2-beta0,160,-0.02,90,2.98125,1.0184209985677695,1.0152277104137748
xover-m05-g2-L5p3-n2-beta0__N0160__Aminus_0p02,xover-m05-g2-L5p3-n2-beta0__N0160__Aplus_0p02,xover-m05-g2-L5p3-n2-beta0,160,-0.02,91,3.0143750000000002,1.018094439123622,1.0149607156604887
xover-m05-g2-L5p3-n2-beta0__N0160__Aminus_0p02,xover-m05-g2-L5p3-n2-beta0__N0160__Aplus_0p02,xover-m05-g2-L5p3-n2-beta0,160,-0.02,92,3.0475000000000003,1.0177390592683657,1.0146700687197723
xover-m05-g2-L5p3-n2-beta0__N0160__Aminus_0p02,xover-m05-g2-L5p3-n2-beta0__N0160__Aplus_0p02,xover-m05-g2-L5p3-n2-beta0,160,-0.02,93,3.080625,1.0173554670207725,1.0143562445400598
xover-m05-g2-L5p3-n2-beta0__N0160__Aminus_0p02,xover-m05-g2-L5p3-n2-beta0__N0160__Aplus_0p02,xover-m05-g2-L5p3-n2-beta0,160,-0.02,94,3.11375,1.0169443173263715,1.0140197553494177
xover-m05-g2-L5p3-n2-beta0__N0160__Aminus_0p02,xover-m05-g2-L5p3-n2-beta0__N0160__Aplus_0p02,xover-m05-g2-L5p3-n2-beta0,160,-0.02,95,3.146875,1.016506310636049,1.0136611496846961
xover-m05-g2-L5p3-n2-beta0__N0160__Aminus_0p02,xover-m05-g2-L5p3-n2-beta0__N0160__Aplus_0p02,xover-m05-g2-L5p3-n2-beta0,160,-0.02,96,3.18,1.0160421913958833,1.0132810113562916
xover-m05-g2-L5p3-n2-beta0__N0160__Aminus_0p02,xover-m05-g2-L5p3-n2-beta0__N0160__Aplus_0p02,xover-m05-g2-L5p3-n2-beta0,160,-0.02,97,3.2131250000000002,1.015552746453484,1.012879958351378
xover-m05-g2-L5p3-n2-beta0__N0160__Aminus_0p02,xover-m05-g2-L5p3-n2-beta0__N0160__Aplus_0p02,xover-m05-g2-L5p3-n2-beta0,160,-0.02,98,3.2462500000000003,1.0150388033863265,1.0124586416785966
xover-m05-g2-L5p3-n2-beta0__N0160__Aminus_0p02,xover-m05-g2-L5p3-n2-beta0__N0160__Aplus_0p02,xover-m05-g2-L5p3-n2-beta0,160,-0.02,99,3.2793750000000004,1.0145012287577602,1.0120177441573233
xover-m05-g2-L5p3-n2-beta0__N0160__Aminus_0p02,xover-m05-g2-L5p3-n2-beta0__N0160__Aplus_0p02,xover-m05-g2-L5p3-n2-beta0,160,-0.02,100,3.3125,1.0139409263065253,1.0115579791547322
xover-m05-g2-L5p3-n2-beta0__N0160__Aminus_0p02,xover-m05-g2-L5p3-n2-beta0__N0160__Aplus_0p02,xover-m05-g2-L5p3-n2-beta0,160,-0.02,101,3.345625,1.0133588350757428,1.0110800892739835
xover-m05-g2-L5p3-n2-beta0__N0160__Aminus_0p02,xover-m05-g2-L5p3-n2-beta0__N0160__Aplus_0p02,xover-m05-g2-L5p3-n2-beta0,160,-0.02,102,3.37875,1.0127559274874296,1.0105848449969301
xover-m05-g2-L5p3-n2-beta0__N0160__Aminus_0p02,xover-m05-g2-L5p3-n2-beta0__N0160__Aplus_0p02,xover-m05-g2-L5p3-n2-beta0,160,-0.02,103,3.411875,1.0121332073686544,1.0100730432848093
xover-m05-g2-L5p3-n2-beta0__N0160__Aminus_0p02,xover-m05-g2-L5p3-n2-beta0__N0160__Aplus_0p02,xover-m05-g2-L5p3-n2-beta0,160,-0.02,104,3.4450000000000003,1.0114917079354802,1.0095455061404377
xover-m05-g2-L5p3-n2-beta0__N0160__Aminus_0p02,xover-m05-g2-L5p3-n2-beta0__N0160__Aplus_0p02,xover-m05-g2-L5p3-n2-beta0,160,-0.02,105,3.4781250000000004,1.0108324897408336,1.0090030791354605
xover-m05-g2-L5p3-n2-beta0__N0160__Aminus_0p02,xover-m05-g2-L5p3-n2-beta0__N0160__Aplus_0p02,xover-m05-g2-L5p3-n2-beta0,160,-0.02,106,3.51125,1.0101566385924152,1.008446629906228
xover-m05-g2-L5p3-n2-beta0__N0160__Aminus_0p02,xover-m05-g2-L5p3-n2-beta0__N0160__Aplus_0p02,xover-m05-g2-L5p3-n2-beta0,160,-0.02,107,3.544375,1.009465263446697,1.0078770466218852
xover-m05-g2-L5p3-n2-beta0__N0160__Aminus_0p02,xover-m05-g2-L5p3-n2-beta0__N0160__Aplus_0p02,xover-m05-g2-L5p3-n2-beta0,160,-0.02,108,3.5775,1.0087594942849716,1.0072952364282464
xover-m05-g2-L5p3-n2-beta0__N0160__Aminus_0p02,xover-m05-g2-L5p3-n2-beta0__N0160__Aplus_0p02,xover-m05-g2-L5p3-n2-beta0,160,-0.02,109,3.610625,1.0080404799772955,1.006702123871015
xover-m05-g2-L5p3-n2-beta0__N0160__Aminus_0p02,xover-m05-g2-L5p3-n2-beta0__N0160__Aplus_0p02,xover-m05-g2-L5p3-n2-beta0,160,-0.02,110,3.6437500000000003,1.0073093861400344,1.0060986493018718
xover-m05-g2-L5p3-n2-beta0__N0160__Aminus_0p02,xover-m05-g2-L5p3-n2-beta0__N0160__Aplus_0p02,xover-m05-g2-L5p3-n2-beta0,160,-0.02,111,3.6768750000000003,1.0065673929925527,1.0054857672709154
xover-m05-g2-L5p3-n2-beta0__N0160__Aminus_0p02,xover-m05-g2-L5p3-n2-beta0__N0160__Aplus_0p02,xover-m05-g2-L5p3-n2-beta0,160,-0.02,112,3.71,1.005815693218401,1.0048644449088784
xover-m05-g2-L5p3-n2-beta0__N0160__Aminus_0p02,xover-m05-g2-L5p3-n2-beta0__N0160__Aplus_0p02,xover-m05-g2-L5p3-n2-beta0,160,-0.02,113,3.743125,1.00505548983616,1.0042356603024827
xover-m05-g2-L5p3-n2-beta0__N0160__Aminus_0p02,xover-m05-g2-L5p3-n2-beta0__N0160__Aplus_0p02,xover-m05-g2-L5p3-n2-beta0,160,-0.02,114,3.77625,1.004287994084868,1.0036004008662165
xover-m05-g2-L5p3-n2-beta0__N0160__Aminus_0p02,xover-m05-g2-L5p3-n2-beta0__N0160__Aplus_0p02,xover-m05-g2-L5p3-n2-beta0,160,-0.02,115,3.809375,1.0035144233287232,1.002959661713732
xover-m05-g2-L5p3-n2-beta0__N0160__Aminus_0p02,xover-m05-g2-L5p3-n2-beta0__N0160__Aplus_0p02,xover-m05-g2-L5p3-n2-beta0,160,-0.02,116,3.8425000000000002,1.0027359989855122,1.0023144440319711
xover-m05-g2-L5p3-n2-beta0__N0160__Aminus_0p02,xover-m05-g2-L5p3-n2-beta0__N0160__Aplus_0p02,xover-m05-g2-L5p3-n2-beta0,160,-0.02,117,3.8756250000000003,1.0019539444829346,1.001665753461023
xover-m05-g2-L5p3-n2-beta0__N0160__Aminus_0p02,xover-m05-g2-L5p3-n2-beta0__N0160__Aplus_0p02,xover-m05-g2-L5p3-n2-beta0,160,-0.02,118,3.9087500000000004,1.0011694832467368,1.001014598482609
xover-m05-g2-L5p3-n2-beta0__N0160__Aminus_0p02,xover-m05-g2-L5p3-n2-beta0__N0160__Aplus_0p02,xover-m05-g2-L5p3-n2-beta0,160,-0.02,119,3.941875,1.0003838367242843,1.0003619888199817
xover-m05-g2-L5p3-n2-beta0__N0160__Aminus_0p02,xover-m05-g2-L5p3-n2-beta0__N0160__Aplus_0p02,xover-m05-g2-L5p3-n2-beta0,160,-0.02,120,3.975,0.9995982224469181,0.9997089338518957
xover-m05-g2-L5p3-n2-beta0__N0160__Aminus_0p02,xover-m05-g2-L5p3-n2-beta0__N0160__Aplus_0p02,xover-m05-g2-L5p3-n2-beta0,160,-0.02,121,4.008125000000001,0.9988138521341473,0.9990564410432003
xover-m05-g2-L5p3-n2-beta0__N0160__Aminus_0p02,xover-m05-g2-L5p3-n2-beta0__N0160__Aplus_0p02,xover-m05-g2-L5p3-n2-beta0,160,-0.02,122,4.04125,0.9980319298424519,0.9984055143944608
xover-m05-g2-L5p3-n2-beta0__N0160__Aminus_0p02,xover-m05-g2-L5p3-n2-beta0__N0160__Aplus_0p02,xover-m05-g2-L5p3-n2-beta0,160,-0.02,123,4.074375,0.997253650161172,0.9977571529129003
xover-m05-g2-L5p3-n2-beta0__N0160__Aminus_0p02,xover-m05-g2-L5p3-n2-beta0__N0160__Aplus_0p02,xover-m05-g2-L5p3-n2-beta0,160,-0.02,124,4.1075,0.9964801964576763,0.9971123491068165
xover-m05-g2-L5p3-n2-beta0__N0160__Aminus_0p02,xover-m05-g2-L5p3-n2-beta0__N0160__Aplus_0p02,xover-m05-g2-L5p3-n2-beta0,160,-0.02,125,4.140625,0.9957127391737214,0.9964720875054954
xover-m05-g2-L5p3-n2-beta0__N0160__Aminus_0p02,xover-m05-g2-L5p3-n2-beta0__N0160__Aplus_0p02,xover-m05-g2-L5p3-n2-beta0,160,-0.02,126,4.17375,0.994952434174635,0.99583734320652
xover-m05-g2-L5p3-n2-beta0__N0160__Aminus_0p02,xover-m05-g2-L5p3-n2-beta0__N0160__Aplus_0p02,xover-m05-g2-L5p3-n2-beta0,160,-0.02,127,4.206875,0.9942004211526848,0.9952090804522296
xover-m05-g2-L5p3-n2-beta0__N0160__Aminus_0p02,xover-m05-g2-L5p3-n2-beta0__N0160__Aplus_0p02,xover-m05-g2-L5p3-n2-beta0,160,-0.02,128,4.24,0.9934578220857371,0.9945882512369695
xover-m05-g2-L5p3-n2-beta0__N0160__Aminus_0p02,xover-m05-g2-L5p3-n2-beta0__N0160__Aplus_0p02,xover-m05-g2-L5p3-n2-beta0,160,-0.02,129,4.273125,0.9927257397520507,0.9939757939466268
xover-m05-g2-L5p3-n2-beta0__N0160__Aminus_0p02,xover-m05-g2-L5p3-n2-beta0__N0160__Aplus_0p02,xover-m05-g2-L5p3-n2-beta0,160,-0.02,130,4.30625,0.9920052563018162,0.9933726320318391
xover-m05-g2-L5p3-n2-beta0__N0160__Aminus_0p02,xover-m05-g2-L5p3-n2-beta0__N0160__Aplus_0p02,xover-m05-g2-L5p3-n2-beta0,160,-0.02,131,4.339375,0.991297431885816,0.9927796727161274
xover-m05-g2-L5p3-n2-beta0__N0160__Aminus_0p02,xover-m05-g2-L5p3-n2-beta0__N0160__Aplus_0p02,xover-m05-g2-L5p3-n2-beta0,160,-0.02,132,4.3725000000000005,0.9906033033413649,0.992197805740094
xover-m05-g2-L5p3-n2-beta0__N0160__Aminus_0p02,xover-m05-g2-L5p3-n2-beta0__N0160__Aplus_0p02,xover-m05-g2-L5p3-n2-beta0,160,-0.02,133,4.405625000000001,0.989923882935487,0.9916279021427041
xover-m05-g2-L5p3-n2-beta0__N0160__Aminus_0p02,xover-m05-g2-L5p3-n2-beta0__N0160__Aplus_0p02,xover-m05-g2-L5p3-n2-beta0,160,-0.02,134,4.438750000000001,0.9892601571650924,0.9910708130805702
xover-m05-g2-L5p3-n2-beta0__N0160__Aminus_0p02,xover-m05-g2-L5p3-n2-beta0__N0160__Aplus_0p02,xover-m05-g2-L5p3-n2-beta0,160,-0.02,135,4.471875,0.9886130856137427,0.9905273686860397
xover-m05-g2-L5p3-n2-beta0__N0160__Aminus_0p02,xover-m05-g2-L5p3-n2-beta0__N0160__Aplus_0p02,xover-m05-g2-L5p3-n2-beta0,160,-0.02,136,4.505,0.9879835998644344,0.9899983769647945
xover-m05-g2-L5p3-n2-beta0__N0160__Aminus_0p02,xover-m05-g2-L5p3-n2-beta0__N0160__Aplus_0p02,xover-m05-g2-L5p3-n2-beta0,160,-0.02,137,4.538125,0.9873726024676782,0.9894846227335762
xover-m05-g2-L5p3-n2-beta0__N0160__Aminus_0p02,xover-m05-g2-L5p3-n2-beta0__N0160__Aplus_0p02,xover-m05-g2-L5p3-n2-beta0,160,-0.02,138,4.57125,0.9867809659640289,0.9889868665985544
xover-m05-g2-L5p3-n2-beta0__N0160__Aminus_0p02,xover-m05-g2-L5p3-n2-beta0__N0160__Aplus_0p02,xover-m05-g2-L5p3-n2-beta0,160,-0.02,139,4.604375,0.9862095319600979,0.9885058439747798
xover-m05-g2-L5p3-n2-beta0__N0160__Aminus_0p02,xover-m05-g2-L5p3-n2-beta0__N0160__Aplus_0p02,xover-m05-g2-L5p3-n2-beta0,160,-0.02,140,4.6375,0.9856591102569867,0.9880422641470816
xover-m05-g2-L5p3-n2-beta0__N0160__Aminus_0p02,xover-m05-g2-L5p3-n2-beta0__N0160__Aplus_0p02,xover-m05-g2-L5p3-n2-beta0,160,-0.02,141,4.670625,0.9851304780299919,0.9875968093726971
xover-m05-g2-L5p3-n2-beta0__N0160__Aminus_0p02,xover-m05-g2-L5p3-n2-beta0__N0160__Aplus_0p02,xover-m05-g2-L5p3-n2-beta0,160,-0.02,142,4.70375,0.984624379058362,0.9871701340258582
xover-m05-g2-L5p3-n2-beta0__N0160__Aminus_0p02,xover-m05-g2-L5p3-n2-beta0__N0160__Aplus_0p02,xover-m05-g2-L5p3-n2-beta0,160,-0.02,143,4.736875,0.9841415230038368,0.9867628637844987
xover-m05-g2-L5p3-n2-beta0__N0160__Aminus_0p02,xover-m05-g2-L5p3-n2-beta0__N0160__Aplus_0p02,xover-m05-g2-L5p3-n2-beta0,160,-0.02,144,4.7700000000000005,0.9836825847366565,0.9863755948591915
xover-m05-g2-L5p3-n2-beta0__N0160__Aminus_0p02,xover-m05-g2-L5p3-n2-beta0__N0160__Aplus_0p02,xover-m05-g2-L5p3-n2-beta0,160,-0.02,145,4.8031250000000005,0.9832482037077015,0.9860088932643808
xover-m05-g2-L5p3-n2-beta0__N0160__Aminus_0p02,xover-m05-g2-L5p3-n2-beta0__N0160__Aplus_0p02,xover-m05-g2-L5p3-n2-beta0,160,-0.02,146,4.836250000000001,0.9828389833654172,0.985663294131931
xover-m05-g2-L5p3-n2-beta0__N0160__Aminus_0p02,xover-m05-g2-L5p3-n2-beta0__N0160__Aplus_0p02,xover-m05-g2-L5p3-n2-beta0,160,-0.02,147,4.869375000000001,0.9824554906161745,0.9853393010669763
xover-m05-g2-L5p3-n2-beta0__N0160__Aminus_0p02,xover-m05-g2-L5p3-n2-beta0__N0160__Aplus_0p02,xover-m05-g2-L5p3-n2-beta0,160,-0.02,148,4.9025,0.982098255326735,0.9850373855460294
xover-m05-g2-L5p3-n2-beta0__N0160__Aminus_0p02,xover-m05-g2-L5p3-n2-beta0__N0160__Aplus_0p02,xover-m05-g2-L5p3-n2-beta0,160,-0.02,149,4.935625,0.9817677698675131,0.9847579863572803
xover-m05-g2-L5p3-n2-beta0__N0160__Aminus_0p02,xover-m05-g2-L5p3-n2-beta0__N0160__Aplus_0p02,xover-m05-g2-L5p3-n2-beta0,160,-0.02,150,4.96875,0.9814644886953704,0.9845015090829959
xover-m05-g2-L5p3-n2-beta0__N0160__Aminus_0p02,xover-m05-g2-L5p3-n2-beta0__N0160__Aplus_0p02,xover-m05-g2-L5p3-n2-beta0,160,-0.02,151,5.001875,0.9811888279747203,0.9842683256239206
xover-m05-g2-L5p3-n2-beta0__N0160__Aminus_0p02,xover-m05-g2-L5p3-n2-beta0__N0160__Aplus_0p02,xover-m05-g2-L5p3-n2-beta0,160,-0.02,152,5.035,0.980941165235786,0.9840587737655614
xover-m05-g2-L5p3-n2-beta0__N0160__Aminus_0p02,xover-m05-g2-L5p3-n2-beta0__N0160__Aplus_0p02,xover-m05-g2-L5p3-n2-beta0,160,-0.02,153,5.068125,0.9807218390689201,0.9838731567862444
xover-m05-g2-L5p3-n2-beta0__N0160__Aminus_0p02,xover-m05-g2-L5p3-n2-beta0__N0160__Aplus_0p02,xover-m05-g2-L5p3-n2-beta0,160,-0.02,154,5.10125,0.980531148853972,0.9837117431068206
xover-m05-g2-L5p3-n2-beta0__N0160__Aminus_0p02,xover-m05-g2-L5p3-n2-beta0__N0160__Aplus_0p02,xover-m05-g2-L5p3-n2-beta0,160,-0.02,155,5.134375,0.9803693545237752,0.9835747659819039
xover-m05-g2-L5p3-n2-beta0__N0160__Aminus_0p02,xover-m05-g2-L5p3-n2-beta0__N0160__Aplus_0p02,xover-m05-g2-L5p3-n2-beta0,160,-0.02,156,5.1675,0.980236676360919,0.9834624232325305
xover-m05-g2-L5p3-n2-beta0__N0160__Aminus_0p02,xover-m05-g2-L5p3-n2-beta0__N0160__Aplus_0p02,xover-m05-g2-L5p3-n2-beta0,160,-0.02,157,5.2006250000000005,0.9801332948270663,0.9833748770201386
xover-m05-g2-L5p3-n2-beta0__N0160__Aminus_0p02,xover-m05-g2-L5p3-n2-beta0__N0160__Aplus_0p02,xover-m05-g2-L5p3-n2-beta0,160,-0.02,158,5.233750000000001,0.9800593504241845,0.9833122536617735
xover-m05-g2-L5p3-n2-beta0__N0160__Aminus_0p02,xover-m05-g2-L5p3-n2-beta0__N0160__Aplus_0p02,xover-m05-g2-L5p3-n2-beta0,160,-0.02,159,5.266875000000001,0.9800149435871652,0.9832746434864441
xover-m05-g2-L5p3-n2-beta0__N0160__Aminus_0p02,xover-m05-g2-L5p3-n2-beta0__N0160__Aplus_0p02,xover-m05-g2-L5p3-n2-beta0,160,-0.02,160,5.3,0.9800001346074217,0.9832621007325656
xover-m05-g2-L5p3-n2-beta0__N0160__Aminus_0p01,xover-m05-g2-L5p3-n2-beta0__N0160__Aplus_0p01,xover-m05-g2-L5p3-n2-beta0,160,-0.01,0,0.0,0.9900002567163358,0.9916578193364154
xover-m05-g2-L5p3-n2-beta0__N0160__Aminus_0p01,xover-m05-g2-L5p3-n2-beta0__N0160__Aplus_0p01,xover-m05-g2-L5p3-n2-beta0,160,-0.01,1,0.033125,0.990007812316086,0.9916641600564751
xover-m05-g2-L5p3-n2-beta0__N0160__Aminus_0p01,xover-m05-g2-L5p3-n2-beta0__N0160__Aplus_0p01,xover-m05-g2-L5p3-n2-beta0,160,-0.01,2,0.06625,0.9900304681659501,0.9916831727588516
xover-m05-g2-L5p3-n2-beta0__N0160__Aminus_0p01,xover-m05-g2-L5p3-n2-beta0__N0160__Aplus_0p01,xover-m05-g2-L5p3-n2-beta0,160,-0.01,3,0.099375,0.9900681914304702,0.9917148290827973
xover-m05-g2-L5p3-n2-beta0__N0160__Aminus_0p01,xover-m05-g2-L5p3-n2-beta0__N0160__Aplus_0p01,xover-m05-g2-L5p3-n2-beta0,160,-0.01,4,0.1325,0.9901209274262225,0.9917590818025904
xover-m05-g2-L5p3-n2-beta0__N0160__Aminus_0p01,xover-m05-g2-L5p3-n2-beta0__N0160__Aplus_0p01,xover-m05-g2-L5p3-n2-beta0,160,-0.01,5,0.16562500000000002,0.9901885996853417,0.9918158648907931
xover-m05-g2-L5p3-n2-beta0__N0160__Aminus_0p01,xover-m05-g2-L5p3-n2-beta0__N0160__Aplus_0p01,xover-m05-g2-L5p3-n2-beta0,160,-0.01,6,0.19875,0.9902711100444853,0.9918850936067538
xover-m05-g2-L5p3-n2-beta0__N0160__Aminus_0p01,xover-m05-g2-L5p3-n2-beta0__N0160__Aplus_0p01,xover-m05-g2-L5p3-n2-beta0,160,-0.01,7,0.231875,0.990368338759265,0.9919666646102966
xover-m05-g2-L5p3-n2-beta0__N0160__Aminus_0p01,xover-m05-g2-L5p3-n2-beta0__N0160__Aplus_0p01,xover-m05-g2-L5p3-n2-beta0,160,-0.01,8,0.265,0.9904801446441814,0.9920604561005211
xover-m05-g2-L5p3-n2-beta0__N0160__Aminus_0p01,xover-m05-g2-L5p3-n2-beta0__N0160__Aplus_0p01,xover-m05-g2-L5p3-n2-beta0,160,-0.01,9,0.29812500000000003,0.9906063652381037,0.9921663279796197
xover-m05-g2-L5p3-n2-beta0__N0160__Aminus_0p01,xover-m05-g2-L5p3-n2-beta0__N0160__Aplus_0p01,xover-m05-g2-L5p3-n2-beta0,160,-0.01,10,0.33125000000000004,0.9907468169953358,0.9922841220415993
xover-m05-g2-L5p3-n2-beta0__N0160__Aminus_0p01,xover-m05-g2-L5p3-n2-beta0__N0160__Aplus_0p01,xover-m05-g2-L5p3-n2-beta0,160,-0.01,11,0.364375,0.9909012955023196,0.9924136621857801
xover-m05-g2-L5p3-n2-beta0__N0160__Aminus_0p01,xover-m05-g2-L5p3-n2-beta0__N0160__Aplus_0p01,xover-m05-g2-L5p3-n2-beta0,160,-0.01,12,0.3975,0.9910695757200216,0.9925547546549154
xover-m05-g2-L5p3-n2-beta0__N0160__Aminus_0p01,xover-m05-g2-L5p3-n2-beta0__N0160__Aplus_0p01,xover-m05-g2-L5p3-n2-beta0,160,-0.01,13,0.43062500000000004,0.9912514122520486,0.9927071882977696
xover-m05-g2-L5p3-n2-beta0__N0160__Aminus_0p01,xover-m05-g2-L5p3-n2-beta0__N0160__Aplus_0p01,xover-m05-g2-L5p3-n2-beta0,160,-0.01,14,0.46375,0.9914465396385366,0.9928707348559562
xover-m05-g2-L5p3-n2-beta0__N0160__Aminus_0p01,xover-m05-g2-L5p3-n2-beta0__N0160__Aplus_0p01,xover-m05-g2-L5p3-n2-beta0,160,-0.01,15,0.496875,0.9916546726758475,0.9930451492748266
xover-m05-g2-L5p3-n2-beta0__N0160__Aminus_0p01,xover-m05-g2-L5p3-n2-beta0__N0160__Aplus_0p01,xover-m05-g2-L5p3-n2-beta0,160,-0.01,16,0.53,0.9918755067621029,0.9932301700381705
xover-m05-g2-L5p3-n2-beta0__N0160__Aminus_0p01,xover-m05-g2-L5p3-n2-beta0__N0160__Aplus_0p01,xover-m05-g2-L5p3-n2-beta0,160,-0.01,17,0.563125,0.9921087182685695,0.9934255195264707
xover-m05-g2-L5p3-n2-beta0__N0160__Aminus_0p01,xover-m05-g2-L5p3-n2-beta0__N0160__Aplus_0p01,xover-m05-g2-L5p3-n2-beta0,160,-0.01,18,0.5962500000000001,0.9923539649368976,0.9936309043984229
xover-m05-g2-L5p3-n2-beta0__N0160__Aminus_0p01,xover-m05-g2-L5p3-n2-beta0__N0160__Aplus_0p01,xover-m05-g2-L5p3-n2-beta0,160,-0.01,19,0.629375,0.9926108863021967,0.9938460159954129
xover-m05-g2-L5p3-n2-beta0__N0160__Aminus_0p01,xover-m05-g2-L5p3-n2-beta0__N0160__Aplus_0p01,xover-m05-g2-L5p3-n2-beta0,160,-0.01,20,0.6625000000000001,0.9928791041419094,0.9940705307686103
xover-m05-g2-L5p3-n2-beta0__N0160__Aminus_0p01,xover-m05-g2-L5p3-n2-beta0__N0160__Aplus_0p01,xover-m05-g2-L5p3-n2-beta0,160,-0.01,21,0.695625,0.9931582229504224,0.9943041107283127
xover-m05-g2-L5p3-n2-beta0__N0160__Aminus_0p01,xover-m05-g2-L5p3-n2-beta0__N0160__Aplus_0p01,xover-m05-g2-L5p3-n2-beta0,160,-0.01,22,0.72875,0.9934478304393267,0.9945464039151456
xover-m05-g2-L5p3-n2-beta0__N0160__Aminus_0p01,xover-m05-g2-L5p3-n2-beta0__N0160__Aplus_0p01,xover-m05-g2-L5p3-n2-beta0,160,-0.01,23,0.7618750000000001,0.9937474980632016,0.9947970448926889
xover-m05-g2-L5p3-n2-beta0__N0160__Aminus_0p01,xover-m05-g2-L5p3-n2-beta0__N0160__Aplus_0p01,xover-m05-g2-L5p3-n2-beta0,160,-0.01,24,0.795,0.994056781570773,0.995055655261074
xover-m05-g2-L5p3-n2-beta0__N0160__Aminus_0p01,xover-m05-g2-L5p3-n2-beta0__N0160__Aplus_0p01,xover-m05-g2-L5p3-n2-beta0,160,-0.01,25,0.828125,0.994375221581248,0.9953218441910604
xover-m05-g2-L5p3-n2-beta0__N0160__Aminus_0p01,xover-m05-g2-L5p3-n2-beta0__N0160__Aplus_0p01,xover-m05-g2-L5p3-n2-beta0,160,-0.01,26,0.8612500000000001,0.994702344185593,0.9955952089780685
xover-m05-g2-L5p3-n2-beta0__N0160__Aminus_0p01,xover-m05-g2-L5p3-n2-beta0__N0160__Aplus_0p01,xover-m05-g2-L5p3-n2-beta0,160,-0.01,27,0.894375,0.9950376615724746,0.9958753356156071
xover-m05-g2-L5p3-n2-beta0__N0160__Aminus_0p01,xover-m05-g2-L5p3-n2-beta0__N0160__Aplus_0p01,xover-m05-g2-L5p3-n2-beta0,160,-0.01,28,0.9275,0.9953806726785347,0.9961617993875048
xover-m05-g2-L5p3-n2-beta0__N0160__Aminus_0p01,xover-m05-g2-L5p3-n2-beta0__N0160__Aplus_0p01,xover-m05-g2-L5p3-n2-beta0,160,-0.01,29,0.9606250000000001,0.9957308638626201,0.9964541654783124
xover-m05-g2-L5p3-n2-beta0__N0160__Aminus_0p01,xover-m05-g2-L5p3-n2-beta0__N0160__Aplus_0p01,xover-m05-g2-L5p3-n2-beta0,160,-0.01,30,0.99375,0.9960877096035313,0.9967519896012113
xover-m05-g2-L5p3-n2-beta0__N0160__Aminus_0p01,xover-m05-g2-L5p3-n2-beta0__N0160__Aplus_0p01,xover-m05-g2-L5p3-n2-beta0,160,-0.01,31,1.026875,0.9964506732207976,0.9970548186427184
xover-m05-g2-L5p3-n2-beta0__N0160__Aminus_0p01,xover-m05-g2-L5p3-n2-beta0__N0160__Aplus_0p01,xover-m05-g2-L5p3-n2-beta0,160,-0.01,32,1.06,0.9968192076179248,0.9973621913234499
xover-m05-g2-L5p3-n2-beta0__N0160__Aminus_0p01,xover-m05-g2-L5p3-n2-beta0__N0160__Aplus_0p01,xover-m05-g2-L5p3-n2-beta0,160,-0.01,33,1.0931250000000001,0.9971927560474999,0.9976736388741584
xover-m05-g2-L5p3-n2-beta0__N0160__Aminus_0p01,xover-m05-g2-L5p3-n2-beta0__N0160__Aplus_0p01,xover-m05-g2-L5p3-n2-beta0,160,-0.01,34,1.12625,0.9975707528974682,0.9979886857262203
xover-m05-g2-L5p3-n2-beta0__N0160__Aminus_0p01,xover-m05-g2-L5p3-n2-beta0__N0160__Aplus_0p01,xover-m05-g2-L5p3-n2-beta0,160,-0.01,35,1.159375,0.9979526244978333,0.9983068502157196
xover-m05-g2-L5p3-n2-beta0__N0160__Aminus_0p01,xover-m05-g2-L5p3-n2-beta0__N0160__Aplus_0p01,xover-m05-g2-L5p3-n2-beta0,160,-0.01,36,1.1925000000000001,0.9983377899469595,0.9986276453002233
xover-m05-g2-L5p3-n2-beta0__N0160__Aminus_0p01,xover-m05-g2-L5p3-n2-beta0__N0160__Aplus_0p01,xover-m05-g2-L5p3-n2-beta0,160,-0.01,37,1.225625,0.9987256619565849,0.9989505792873132
xover-m05-g2-L5p3-n2-beta0__N0160__Aminus_0p01,xover-m05-g2-L5p3-n2-beta0__N0160__Aplus_0p01,xover-m05-g2-L5p3-n2-beta0,160,-0.01,38,1.25875,0.9991156477145784,0.9992751565738975
xover-m05-g2-L5p3-n2-beta0__N0160__Aminus_0p01,xover-m05-g2-L5p3-n2-beta0__N0160__Aplus_0p01,xover-m05-g2-L5p3-n2-beta0,160,-0.01,39,1.291875,0.9995071497644059,0.9996008783952848
xover-m05-g2-L5p3-n2-beta0__N0160__Aminus_0p01,xover-m05-g2-L5p3-n2-beta0__N0160__Aplus_0p01,xover-m05-g2-L5p3-n2-beta0,160,-0.01,40,1.3250000000000002,0.9998995669001896,0.9999272435829711
xover-m05-g2-L5p3-n2-beta0__N0160__Aminus_0p01,xover-m05-g2-L5p3-n2-beta0__N0160__Aplus_0p01,xover-m05-g2-L5p3-n2-beta0,160,-0.01,41,1.358125,1.0002922950761741,1.00025374933005
xover-m05-g2-L5p3-n2-beta0__N0160__Aminus_0p01,xover-m05-g2-L5p3-n2-beta0__N0160__Aplus_0p01,xover-m05-g2-L5p3-n2-beta0,160,-0.01,42,1.39125,1.00068472832934,1.0005798919631208
xover-m05-g2-L5p3-n2-beta0__N0160__Aminus_0p01,xover-m05-g2-L5p3-n2-beta0__N0160__Aplus_0p01,xover-m05-g2-L5p3-n2-beta0,160,-0.01,43,1.4243750000000002,1.001076259713826,1.0009051677195362
xover-m05-g2-L5p3-n2-beta0__N0160__Aminus_0p01,xover-m05-g2-L5p3-n2-beta0__N0160__Aplus_0p01,xover-m05-g2-L5p3-n2-beta0,160,-0.01,44,1.4575,1.0014662822457563,1.0012290735287988
xover-m05-g2-L5p3-n2-beta0__N0160__Aminus_0p01,xover-m05-g2-L5p3-n2-beta0__N0160__Aplus_0p01,xover-m05-g2-L5p3-n2-beta0,160,-0.01,45,1.490625,1.0018541898569897,1.0015511077968824
xover-m05-g2-L5p3-n2-beta0__N0160__Aminus_0p01,xover-m05-g2-L5p3-n2-beta0__N0160__Aplus_0p01,xover-m05-g2-L5p3-n2-beta0,160,-0.01,46,1.5237500000000002,1.0022393783562475,1.0018707711922263
xover-m05-g2-L5p3-n2-beta0__N0160__Aminus_0p01,xover-m05-g2-L5p3-n2-beta0__N0160__Aplus_0p01,xover-m05-g2-L5p3-n2-beta0,160,-0.01,47,1.556875,1.002621246396003,1.0021875674321237
xover-m05-g2-L5p3-n2-beta0__N0160__Aminus_0p01,xover-m05-g2-L5p3-n2-beta0__N0160__Aplus_0p01,xover-m05-g2-L5p3-n2-beta0,160,-0.01,48,1.59,1.0029991964434524,1.0025010040681983
xover-m05-g2-L5p3-n2-beta0__N0160__Aminus_0p01,xover-m05-g2-L5p3-n2-beta0__N0160__Aplus_0p01,xover-m05-g2-L5p3-n2-beta0,160,-0.01,49,1.6231250000000002,1.0033726357538335,1.0028105932696438
xover-m05-g2-L5p3-n2-beta0__N0160__Aminus_0p01,xover-m05-g2-L5p3-n2-beta0__N0160__Aplus_0p01,xover-m05-g2-L5p3-n2-beta0,160,-0.01,50,1.65625,1.00374097734429,1.0031158526028767
xover-m05-g2-L5p3-n2-beta0__N0160__Aminus_0p01,xover-m05-g2-L5p3-n2-beta0__N0160__Aplus_0p01,xover-m05-g2-L5p3-n2-beta0,160,-0.01,51,1.689375,1.0041036409664392,1.0034163058062402
xover-m05-g2-L5p3-n2-beta0__N0160__Aminus_0p01,xover-m05-g2-L5p3-n2-beta0__N0160__Aplus_0p01,xover-m05-g2-L5p3-n2-beta0,160,-0.01,52,1.7225000000000001,1.004460054075742,1.00371148355838
xover-m05-g2-L5p3-n2-beta0__N0160__Aminus_0p01,xover-m05-g2-L5p3-n2-beta0__N0160__Aplus_0p01,xover-m05-g2-L5p3-n2-beta0,160,-0.01,53,1.755625,1.004809652795739,1.0040009242389019
xover-m05-g2-L5p3-n2-beta0__N0160__Aminus_0p01,xover-m05-g2-L5p3-n2-beta0__N0160__Aplus_0p01,xover-m05-g2-L5p3-n2-beta0,160,-0.01,54,1.78875,1.0051518828751773,1.004284174679915
xover-m05-g2-L5p3-n2-beta0__N0160__Aminus_0p01,xover-m05-g2-L5p3-n2-beta0__N0160__Aplus_0p01,xover-m05-g2-L5p3-n2-beta0,160,-0.01,55,1.8218750000000001,1.0054862006360161,1.0045607909070584
xover-m05-g2-L5p3-n2-beta0__N0160__Aminus_0p01,xover-m05-g2-L5p3-n2-beta0__N0160__Aplus_0p01,xover-m05-g2-L5p3-n2-beta0,160,-0.01,56,1.855,1.0058120739102827,1.0048303388686106
xover-m05-g2-L5p3-n2-beta0__N0160__Aminus_0p01,xover-m05-g2-L5p3-n2-beta0__N0160__Aplus_0p01,xover-m05-g2-L5p3-n2-beta0,160,-0.01,57,1.888125,1.0061289829637263,1.0050923951512813
xover-m05-g2-L5p3-n2-beta0__N0160__Aminus_0p01,xover-m05-g2-L5p3-n2-beta0__N0160__Aplus_0p01,xover-m05-g2-L5p3-n2-beta0,160,-0.01,58,1.9212500000000001,1.006436421404203,1.0053465476812957
xover-m05-g2-L5p3-n2-beta0__N0160__Aminus_0p01,xover-m05-g2-L5p3-n2-beta0__N0160__Aplus_0p01,xover-m05-g2-L5p3-n2-beta0,160,-0.01,59,1.9543750000000002,1.00673389707273,1.0055923964093891
xover-m05-g2-L5p3-n2-beta0__N0160__Aminus_0p01,xover-m05-g2-L5p3-n2-beta0__N0160__Aplus_0p01,xover-m05-g2-L5p3-n2-beta0,160,-0.01,60,1.9875,1.0070209329151387,1.005829553978348
xover-m05-g2-L5p3-n2-beta0__N0160__Aminus_0p01,xover-m05-g2-L5p3-n2-beta0__N0160__Aplus_0p01,xover-m05-g2-L5p3-n2-beta0,160,-0.01,61,2.020625,1.007297067832275,1.0060576463717477
xover-m05-g2-L5p3-n2-beta0__N0160__Aminus_0p01,xover-m05-g2-L5p3-n2-beta0__N0160__Aplus_0p01,xover-m05-g2-L5p3-n2-beta0,160,-0.01,62,2.05375,1.0075618575067096,1.0062763135425672
xover-m05-g2-L5p3-n2-beta0__N0160__Aminus_0p01,xover-m05-g2-L5p3-n2-beta0__N0160__Aplus_0p01,xover-m05-g2-L5p3-n2-beta0,160,-0.01,63,2.086875,1.0078148752039477,1.0064852100203805
xover-m05-g2-L5p3-n2-beta0__N0160__Aminus_0p01,xover-m05-g2-L5p3-n2-beta0__N0160__Aplus_0p01,xover-m05-g2-L5p3-n2-beta0,160,-0.01,64,2.12,1.0080557125461622,1.0066840054958626
xover-m05-g2-L5p3-n2-beta0__N0160__Aminus_0p01,xover-m05-g2-L5p3-n2-beta0__N0160__Aplus_0p01,xover-m05-g2-L5p3-n2-beta0,160,-0.01,65,2.153125,1.0082839802565151,1.0068723853813797
xover-m05-g2-L5p3-n2-beta0__N0160__Aminus_0p01,xover-m05-g2-L5p3-n2-beta0__N0160__Aplus_0p01,xover-m05-g2-L5p3-n2-beta0,160,-0.01,66,2.1862500000000002,1.0084993088721836,1.007050051346473
xover-m05-g2-L5p3-n2-beta0__N0160__Aminus_0p01,xover-m05-g2-L5p3-n2-beta0__N0160__Aplus_0p01,xover-m05-g2-L5p3-n2-beta0,160,-0.01,67,2.2193750000000003,1.008701349424263,1.0072167218270898
xover-m05-g2-L5p3-n2-beta0__N0160__Aminus_0p01,xover-m05-g2-L5p3-n2-beta0__N0160__Aplus_0p01,xover-m05-g2-L5p3-n2-beta0,160,-0.01,68,2.2525,1.008889774082784,1.007372132507463
xover-m05-g2-L5p3-n2-beta0__N0160__Aminus_0p01,xover-m05-g2-L5p3-n2-beta0__N0160__Aplus_0p01,xover-m05-g2-L5p3-n2-beta0,160,-0.01,69,2.285625,1.0090642767651623,1.00751603677359
xover-m05-g2-L5p3-n2-beta0__N0160__Aminus_0p01,xover-m05-g2-L5p3-n2-beta0__N0160__Aplus_0p01,xover-m05-g2-L5p3-n2-beta0,160,-0.01,70,2.31875,1.0092245737064618,1.0076482061373198
xover-m05-g2-L5p3-n2-beta0__N0160__Aminus_0p01,xover-m05-g2-L5p3-n2-beta0__N0160__Aplus_0p01,xover-m05-g2-L5p3-n2-beta0,160,-0.01,71,2.351875,1.0093704039899618,1.0077684306301093
xover-m05-g2-L5p3-n2-beta0__N0160__Aminus_0p01,xover-m05-g2-L5p3-n2-beta0__N0160__Aplus_0p01,xover-m05-g2-L5p3-n2-beta0,160,-0.01,72,2.3850000000000002,1.009501530036597,1.0078765191655805
xover-m05-g2-L5p3-n2-beta0__N0160__Aminus_0p01,xover-m05-g2-L5p3-n2-beta0__N0160__Aplus_0p01,xover-m05-g2-L5p3-n2-beta0,160,-0.01,73,2.4181250000000003,1.009617738051945,1.0079722998700653
xover-m05-g2-L5p3-n2-beta0__N0160__Aminus_0p01,xover-m05-g2-L5p3-n2-beta0__N0160__Aplus_0p01,xover-m05-g2-L5p3-n2-beta0,160,-0.01,74,2.45125,1.0097188384295464,1.0080556203803985
xover-m05-g2-L5p3-n2-beta0__N0160__Aminus_0p01,xover-m05-g2-L5p3-n2-beta0__N0160__Aplus_0p01,xover-m05-g2-L5p3-n2-beta0,160,-0.01,75,2.484375,1.0098046661094469,1.0081263481082907
xover-m05-g2-L5p3-n2-beta0__N0160__Aminus_0p01,xover-m05-g2-L5p3-n2-beta0__N0160__Aplus_0p01,xover-m05-g2-L5p3-n2-beta0,160,-0.01,76,2.5175,1.0098750808909789,1.0081843704706803
xover-m05-g2-L5p3-n2-beta0__N0160__Aminus_0p01,xover-m05-g2-L5p3-n2-beta0__N0160__Aplus_0p01,xover-m05-g2-L5p3-n2-beta0,160,-0.01,77,2.550625,1.009929967698912,1.0082295950855418
xover-m05-g2-L5p3-n2-beta0__N0160__Aminus_0p01,xover-m05-g2-L5p3-n2-beta0__N0160__Aplus_0p01,xover-m05-g2-L5p3-n2-beta0,160,-0.01,78,2.58375,1.0099692368022328,1.008261949932708
xover-m05-g2-L5p3-n2-beta0__N0160__Aminus_0p01,xover-m05-g2-L5p3-n2-beta0__N0160__Aplus_0p01,xover-m05-g2-L5p3-n2-beta0,160,-0.01,79,2.6168750000000003,1.0099928239849478,1.0082813834793365
xover-m05-g2-L5p3-n2-beta0__N0160__Aminus_0p01,xover-m05-g2-L5p3-n2-beta0__N0160__Aplus_0p01,xover-m05-g2-L5p3-n2-beta0,160,-0.01,80,2.6500000000000004,1.0100006906684271,1.0082878647697344
xover-m05-g2-L5p3-n2-beta0__N0160__Aminus_0p01,xover-m05-g2-L5p3-n2-beta0__N0160__Aplus_0p01,xover-m05-g2-L5p3-n2-beta0,160,-0.01,81,2.683125,1.0099928239849478,1.0082813834793354
xover-m05-g2-L5p3-n2-beta0__N0160__Aminus_0p01,xover-m05-g2-L5p3-n2-beta0__N0160__Aplus_0p01,xover-m05-g2-L5p3-n2-beta0,160,-0.01,82,2.71625,1.0099692368022326,1.008261949932706
xover-m05-g2-L5p3-n2-beta0__N0160__Aminus_0p01,xover-m05-g2-L5p3-n2-beta0__N0160__Aplus_0p01,xover-m05-g2-L5p3-n2-beta0,160,-0.01,83,2.749375,1.0099299676989115,1.0082295950855389
xover-m05-g2-L5p3-n2-beta0__N0160__Aminus_0p01,xover-m05-g2-L5p3-n2-beta0__N0160__Aplus_0p01,xover-m05-g2-L5p3-n2-beta0,160,-0.01,84,2.7825,1.0098750808909784,1.0081843704706765
xover-m05-g2-L5p3-n2-beta0__N0160__Aminus_0p01,xover-m05-g2-L5p3-n2-beta0__N0160__Aplus_0p01,xover-m05-g2-L5p3-n2-beta0,160,-0.01,85,2.8156250000000003,1.0098046661094462,1.008126348108286
xover-m05-g2-L5p3-n2-beta0__N0160__Aminus_0p01,xover-m05-g2-L5p3-n2-beta0__N0160__Aplus_0p01,xover-m05-g2-L5p3-n2-beta0,160,-0.01,86,2.8487500000000003,1.0097188384295457,1.0080556203803928
xover-m05-g2-L5p3-n2-beta0__N0160__Aminus_0p01,xover-m05-g2-L5p3-n2-beta0__N0160__Aplus_0p01,xover-m05-g2-L5p3-n2-beta0,160,-0.01,87,2.881875,1.0096177380519444,1.0079722998700587
xover-m05-g2-L5p3-n2-beta0__N0160__Aminus_0p01,xover-m05-g2-L5p3-n2-beta0__N0160__Aplus_0p01,xover-m05-g2-L5p3-n2-beta0,160,-0.01,88,2.915,1.0095015300365962,1.0078765191655732
xover-m05-g2-L5p3-n2-beta0__N0160__Aminus_0p01,xover-m05-g2-L5p3-n2-beta0__N0160__Aplus_0p01,xover-m05-g2-L5p3-n2-beta0,160,-0.01,89,2.948125,1.009370403989961,1.007768430630101
xover-m05-g2-L5p3-n2-beta0__N0160__Aminus_0p01,xover-m05-g2-L5p3-n2-beta0__N0160__Aplus_0p01,xover-m05-g2-L5p3-n2-beta0,160,-0.01,90,2.98125,1.0092245737064607,1.0076482061373104
xover-m05-g2-L5p3-n2-beta0__N0160__Aminus_0p01,xover-m05-g2-L5p3-n2-beta0__N0160__Aplus_0p01,xover-m05-g2-L5p3-n2-beta0,160,-0.01,91,3.0143750000000002,1.009064276765161,1.0075160367735798
xover-m05-g2-L5p3-n2-beta0__N0160__Aminus_0p01,xover-m05-g2-L5p3-n2-beta0__N0160__Aplus_0p01,xover-m05-g2-L5p3-n2-beta0,160,-0.01,92,3.0475000000000003,1.0088897740827825,1.0073721325074518
xover-m05-g2-L5p3-n2-beta0__N0160__Aminus_0p01,xover-m05-g2-L5p3-n2-beta0__N0160__Aplus_0p01,xover-m05-g2-L5p3-n2-beta0,160,-0.01,93,3.080625,1.008701349424261,1.007216721827078
xover-m05-g2-L5p3-n2-beta0__N0160__Aminus_0p01,xover-m05-g2-L5p3-n2-beta0__N0160__Aplus_0p01,xover-m05-g2-L5p3-n2-beta0,160,-0.01,94,3.11375,1.0084993088721816,1.0070500513464604
xover-m05-g2-L5p3-n2-beta0__N0160__Aminus_0p01,xover-m05-g2-L5p3-n2-beta0__N0160__Aplus_0p01,xover-m05-g2-L5p3-n2-beta0,160,-0.01,95,3.146875,1.008283980256513,1.0068723853813666
xover-m05-g2-L5p3-n2-beta0__N0160__Aminus_0p01,xover-m05-g2-L5p3-n2-beta0__N0160__Aplus_0p01,xover-m05-g2-L5p3-n2-beta0,160,-0.01,96,3.18,1.0080557125461596,1.0066840054958486
xover-m05-g2-L5p3-n2-beta0__N0160__Aminus_0p01,xover-m05-g2-L5p3-n2-beta0__N0160__Aplus_0p01,xover-m05-g2-L5p3-n2-beta0,160,-0.01,97,3.2131250000000002,1.0078148752039449,1.0064852100203656
xover-m05-g2-L5p3-n2-beta0__N0160__Aminus_0p01,xover-m05-g2-L5p3-n2-beta0__N0160__Aplus_0p01,xover-m05-g2-L5p3-n2-beta0,160,-0.01,98,3.2462500000000003,1.0075618575067062,1.0062763135425514
xover-m05-g2-L5p3-n2-beta0__N0160__Aminus_0p01,xover-m05-g2-L5p3-n2-beta0__N0160__Aplus_0p01,xover-m05-g2-L5p3-n2-beta0,160,-0.01,99,3.2793750000000004,1.0072970678322715,1.0060576463717308
xover-m05-g2-L5p3-n2-beta0__N0160__Aminus_0p01,xover-m05-g2-L5p3-n2-beta0__N0160__Aplus_0p01,xover-m05-g2-L5p3-n2-beta0,160,-0.01,100,3.3125,1.0070209329151347,1.00582955397833
xover-m05-g2-L5p3-n2-beta0__N0160__Aminus_0p01,xover-m05-g2-L5p3-n2-beta0__N0160__Aplus_0p01,xover-m05-g2-L5p3-n2-beta0,160,-0.01,101,3.345625,1.0067338970727255,1.0055923964093703
xover-m05-g2-L5p3-n2-beta0__N0160__Aminus_0p01,xover-m05-g2-L5p3-n2-beta0__N0160__Aplus_0p01,xover-m05-g2-L5p3-n2-beta0,160,-0.01,102,3.37875,1.006436421404198,1.005346547681276
xover-m05-g2-L5p3-n2-beta0__N0160__Aminus_0p01,xover-m05-g2-L5p3-n2-beta0__N0160__Aplus_0p01,xover-m05-g2-L5p3-n2-beta0,160,-0.01,103,3.411875,1.006128982963721,1.0050923951512607
xover-m05-g2-L5p3-n2-beta0__N0160__Aminus_0p01,xover-m05-g2-L5p3-n2-beta0__N0160__Aplus_0p01,xover-m05-g2-L5p3-n2-beta0,160,-0.01,104,3.4450000000000003,1.0058120739102772,1.004830338868589
xover-m05-g2-L5p3-n2-beta0__N0160__Aminus_0p01,xover-m05-g2-L5p3-n2-beta0__N0160__Aplus_0p01,xover-m05-g2-L5p3-n2-beta0,160,-0.01,105,3.4781250000000004,1.00548620063601,1.0045607909070358
xover-m05-g2-L5p3-n2-beta0__N0160__Aminus_0p01,xover-m05-g2-L5p3-n2-beta0__N0160__Aplus_0p01,xover-m05-g2-L5p3-n2-beta0,160,-0.01,106,3.51125,1.0051518828751707,1.0042841746798912
xover-m05-g2-L5p3-n2-beta0__N0160__Aminus_0p01,xover-m05-g2-L5p3-n2-beta0__N0160__Aplus_0p01,xover-m05-g2-L5p3-n2-beta0,160,-0.01,107,3.544375,1.0048096527957318,1.004000924238877
xover-m05-g2-L5p3-n2-beta0__N0160__Aminus_0p01,xover-m05-g2-L5p3-n2-beta0__N0160__Aplus_0p01,xover-m05-g2-L5p3-n2-beta0,160,-0.01,108,3.5775,1.004460054075734,1.003711483558354
xover-m05-g2-L5p3-n2-beta0__N0160__Aminus_0p01,xover-m05-g2-L5p3-n2-beta0__N0160__Aplus_0p01,xover-m05-g2-L5p3-n2-beta0,160,-0.01,109,3.610625,1.0041036409664308,1.0034163058062135
xover-m05-g2-L5p3-n2-beta0__N0160__Aminus_0p01,xover-m05-g2-L5p3-n2-beta0__N0160__Aplus_0p01,xover-m05-g2-L5p3-n2-beta0,160,-0.01,110,3.6437500000000003,1.003740977344281,1.0031158526028492
xover-m05-g2-L5p3-n2-beta0__N0160__Aminus_0p01,xover-m05-g2-L5p3-n2-beta0__N0160__Aplus_0p01,xover-m05-g2-L5p3-n2-beta0,160,-0.01,111,3.6768750000000003,1.0033726357538237,1.0028105932696156
xover-m05-g2-L5p3-n2-beta0__N0160__Aminus_0p01,xover-m05-g2-L5p3-n2-beta0__N0160__Aplus_0p01,xover-m05-g2-L5p3-n2-beta0,160,-0.01,112,3.71,1.002999196443442,1.0025010040681694
xover-m05-g2-L5p3-n2-beta0__N0160__Aminus_0p01,xover-m05-g2-L5p3-n2-beta0__N0160__Aplus_0p01,xover-m05-g2-L5p3-n2-beta0,160,-0.01,113,3.743125,1.0026212463959916,1.0021875674320941
xover-m05-g2-L5p3-n2-beta0__N0160__Aminus_0p01,xover-m05-g2-L5p3-n2-beta0__N0160__Aplus_0p01,xover-m05-g2-L5p3-n2-beta0,160,-0.01,114,3.77625,1.0022393783562356,1.0018707711921961
xover-m05-g2-L5p3-n2-beta0__N0160__Aminus_0p01,xover-m05-g2-L5p3-n2-beta0__N0160__Aplus_0p01,xover-m05-g2-L5p3-n2-beta0,160,-0.01,115,3.809375,1.0018541898569768,1.0015511077968517
xover-m05-g2-L5p3-n2-beta0__N0160__Aminus_0p01,xover-m05-g2-L5p3-n2-beta0__N0160__Aplus_0p01,xover-m05-g2-L5p3-n2-beta0,160,-0.01,116,3.8425000000000002,1.0014662822457427,1.0012290735287677
xover-m05-g2-L5p3-n2-beta0__N0160__Aminus_0p01,xover-m05-g2-L5p3-n2-beta0__N0160__Aplus_0p01,xover-m05-g2-L5p3-n2-beta0,160,-0.01,117,3.8756250000000003,1.0010762597138116,1.0009051677195044
xover-m05-g2-L5p3-n2-beta0__N0160__Aminus_0p01,xover-m05-g2-L5p3-n2-beta0__N0160__Aplus_0p01,xover-m05-g2-L5p3-n2-beta0,160,-0.01,118,3.9087500000000004,1.0006847283293245,1.0005798919630884
xover-m05-g2-L5p3-n2-beta0__N0160__Aminus_0p01,xover-m05-g2-L5p3-n2-beta0__N0160__Aplus_0p01,xover-m05-g2-L5p3-n2-beta0,160,-0.01,119,3.941875,1.0002922950761577,1.000253749330017
xover-m05-g2-L5p3-n2-beta0__N0160__Aminus_0p01,xover-m05-g2-L5p3-n2-beta0__N0160__Aplus_0p01,xover-m05-g2-L5p3-n2-beta0,160,-0.01,120,3.975,0.9998995669001722,0.9999272435829372
xover-m05-g2-L5p3-n2-beta0__N0160__Aminus_0p01,xover-m05-g2-L5p3-n2-beta0__N0160__Aplus_0p01,xover-m05-g2-L5p3-n2-beta0,160,-0.01,121,4.008125000000001,0.9995071497643876,0.9996008783952499
xover-m05-g2-L5p3-n2-beta0__N0160__Aminus_0p01,xover-m05-g2-L5p3-n2-beta0__N0160__Aplus_0p01,xover-m05-g2-L5p3-n2-beta0,160,-0.01,122,4.04125,0.999115647714559,0.9992751565738619
xover-m05-g2-L5p3-n2-beta0__N0160__Aminus_0p01,xover-m05-g2-L5p3-n2-beta0__N0160__Aplus_0p01,xover-m05-g2-L5p3-n2-beta0,160,-0.01,123,4.074375,0.9987256619565644,0.9989505792872767
xover-m05-g2-L5p3-n2-beta0__N0160__Aminus_0p01,xover-m05-g2-L5p3-n2-beta0__N0160__Aplus_0p01,xover-m05-g2-L5p3-n2-beta0,160,-0.01,124,4.1075,0.998337789946938,0.9986276453001858
xover-m05-g2-L5p3-n2-beta0__N0160__Aminus_0p01,xover-m05-g2-L5p3-n2-beta0__N0160__Aplus_0p01,xover-m05-g2-L5p3-n2-beta0,160,-0.01,125,4.140625,0.9979526244978105,0.9983068502156814
xover-m05-g2-L5p3-n2-beta0__N0160__Aminus_0p01,xover-m05-g2-L5p3-n2-beta0__N0160__Aplus_0p01,xover-m05-g2-L5p3-n2-beta0,160,-0.01,126,4.17375,0.9975707528974443,0.9979886857261814
xover-m05-g2-L5p3-n2-beta0__N0160__Aminus_0p01,xover-m05-g2-L5p3-n2-beta0__N0160__Aplus_0p01,xover-m05-g2-L5p3-n2-beta0,160,-0.01,127,4.206875,0.9971927560474749,0.9976736388741188
xover-m05-g2-L5p3-n2-beta0__N0160__Aminus_0p01,xover-m05-g2-L5p3-n2-beta0__N0160__Aplus_0p01,xover-m05-g2-L5p3-n2-beta0,160,-0.01,128,4.24,0.9968192076178987,0.9973621913234095
xover-m05-g2-L5p3-n2-beta0__N0160__Aminus_0p01,xover-m05-g2-L5p3-n2-beta0__N0160__Aplus_0p01,xover-m05-g2-L5p3-n2-beta0,160,-0.01,129,4.273125,0.9964506732207704,0.997054818642677
xover-m05-g2-L5p3-n2-beta0__N0160__Aminus_0p01,xover-m05-g2-L5p3-n2-beta0__N0160__Aplus_0p01,xover-m05-g2-L5p3-n2-beta0,160,-0.01,130,4.30625,0.996087709603503,0.9967519896011692
xover-m05-g2-L5p3-n2-beta0__N0160__Aminus_0p01,xover-m05-g2-L5p3-n2-beta0__N0160__Aplus_0p01,xover-m05-g2-L5p3-n2-beta0,160,-0.01,131,4.339375,0.9957308638625907,0.9964541654782697
xover-m05-g2-L5p3-n2-beta0__N0160__Aminus_0p01,xover-m05-g2-L5p3-n2-beta0__N0160__Aplus_0p01,xover-m05-g2-L5p3-n2-beta0,160,-0.01,132,4.3725000000000005,0.9953806726785042,0.9961617993874615
xover-m05-g2-L5p3-n2-beta0__N0160__Aminus_0p01,xover-m05-g2-L5p3-n2-beta0__N0160__Aplus_0p01,xover-m05-g2-L5p3-n2-beta0,160,-0.01,133,4.405625000000001,0.9950376615724429,0.9958753356155634
xover-m05-g2-L5p3-n2-beta0__N0160__Aminus_0p01,xover-m05-g2-L5p3-n2-beta0__N0160__Aplus_0p01,xover-m05-g2-L5p3-n2-beta0,160,-0.01,134,4.438750000000001,0.9947023441855602,0.9955952089780241
xover-m05-g2-L5p3-n2-beta0__N0160__Aminus_0p01,xover-m05-g2-L5p3-n2-beta0__N0160__Aplus_0p01,xover-m05-g2-L5p3-n2-beta0,160,-0.01,135,4.471875,0.994375221581214,0.9953218441910155
xover-m05-g2-L5p3-n2-beta0__N0160__Aminus_0p01,xover-m05-g2-L5p3-n2-beta0__N0160__Aplus_0p01,xover-m05-g2-L5p3-n2-beta0,160,-0.01,136,4.505,0.994056781570738,0.9950556552610288
xover-m05-g2-L5p3-n2-beta0__N0160__Aminus_0p01,xover-m05-g2-L5p3-n2-beta0__N0160__Aplus_0p01,xover-m05-g2-L5p3-n2-beta0,160,-0.01,137,4.538125,0.9937474980631654,0.9947970448926435
xover-m05-g2-L5p3-n2-beta0__N0160__Aminus_0p01,xover-m05-g2-L5p3-n2-beta0__N0160__Aplus_0p01,xover-m05-g2-L5p3-n2-beta0,160,-0.01,138,4.57125,0.9934478304392895,0.9945464039151002
xover-m05-g2-L5p3-n2-beta0__N0160__Aminus_0p01,xover-m05-g2-L5p3-n2-beta0__N0160__Aplus_0p01,xover-m05-g2-L5p3-n2-beta0,160,-0.01,139,4.604375,0.9931582229503843,0.994304110728267
xover-m05-g2-L5p3-n2-beta0__N0160__Aminus_0p01,xover-m05-g2-L5p3-n2-beta0__N0160__Aplus_0p01,xover-m05-g2-L5p3-n2-beta0,160,-0.01,140,4.6375,0.9928791041418701,0.9940705307685644
xover-m05-g2-L5p3-n2-beta0__N0160__Aminus_0p01,xover-m05-g2-L5p3-n2-beta0__N0160__Aplus_0p01,xover-m05-g2-L5p3-n2-beta0,160,-0.01,141,4.670625,0.9926108863021565,0.993846015995367
xover-m05-g2-L5p3-n2-beta0__N0160__Aminus_0p01,xover-m05-g2-L5p3-n2-beta0__N0160__Aplus_0p01,xover-m05-g2-L5p3-n2-beta0,160,-0.01,142,4.70375,0.9923539649368565,0.9936309043983771
xover-m05-g2-L5p3-n2-beta0__N0160__Aminus_0p01,xover-m05-g2-L5p3-n2-beta0__N0160__Aplus_0p01,xover-m05-g2-L5p3-n2-beta0,160,-0.01,143,4.736875,0.9921087182685274,0.993425519526425
xover-m05-g2-L5p3-n2-beta0__N0160__Aminus_0p01,xover-m05-g2-L5p3-n2-beta0__N0160__Aplus_0p01,xover-m05-g2-L5p3-n2-beta0,160,-0.01,144,4.7700000000000005,0.9918755067620599,0.993230170038125
xover-m05-g2-L5p3-n2-beta0__N0160__Aminus_0p01,xover-m05-g2-L5p3-n2-beta0__N0160__Aplus_0p01,xover-m05-g2-L5p3-n2-beta0,160,-0.01,145,4.8031250000000005,0.9916546726758037,0.993045149274781
xover-m05-g2-L5p3-n2-beta0__N0160__Aminus_0p01,xover-m05-g2-L5p3-n2-beta0__N0160__Aplus_0p01,xover-m05-g2-L5p3-n2-beta0,160,-0.01,146,4.836250000000001,0.9914465396384919,0.9928707348559108
xover-m05-g2-L5p3-n2-beta0__N0160__Aminus_0p01,xover-m05-g2-L5p3-n2-beta0__N0160__Aplus_0p01,xover-m05-g2-L5p3-n2-beta0,160,-0.01,147,4.869375000000001,0.9912514122520033,0.9927071882977242
xover-m05-g2-L5p3-n2-beta0__N0160__Aminus_0p01,xover-m05-g2-L5p3-n2-beta0__N0160__Aplus_0p01,xover-m05-g2-L5p3-n2-beta0,160,-0.01,148,4.9025,0.9910695757199756,0.9925547546548698
xover-m05-g2-L5p3-n2-beta0__N0160__Aminus_0p01,xover-m05-g2-L5p3-n2-beta0__N0160__Aplus_0p01,xover-m05-g2-L5p3-n2-beta0,160,-0.01,149,4.935625,0.9909012955022729,0.9924136621857341
xover-m05-g2-L5p3-n2-beta0__N0160__Aminus_0p01,xover-m05-g2-L5p3-n2-beta0__N0160__Aplus_0p01,xover-m05-g2-L5p3-n2-beta0,160,-0.01,150,4.96875,0.9907468169952885,0.9922841220415531
xover-m05-g2-L5p3-n2-beta0__N0160__Aminus_0p01,xover-m05-g2-L5p3-n2-beta0__N0160__Aplus_0p01,xover-m05-g2-L5p3-n2-beta0,160,-0.01,151,5.001875,0.9906063652380559,0.992166327979573
xover-m05-g2-L5p3-n2-beta0__N0160__Aminus_0p01,xover-m05-g2-L5p3-n2-beta0__N0160__Aplus_0p01,xover-m05-g2-L5p3-n2-beta0,160,-0.01,152,5.035,0.9904801446441331,0.9920604561004743
xover-m05-g2-L5p3-n2-beta0__N0160__Aminus_0p01,xover-m05-g2-L5p3-n2-beta0__N0160__Aplus_0p01,xover-m05-g2-L5p3-n2-beta0,160,-0.01,153,5.068125,0.9903683387592161,0.9919666646102497
xover-m05-g2-L5p3-n2-beta0__N0160__Aminus_0p01,xover-m05-g2-L5p3-n2-beta0__N0160__Aplus_0p01,xover-m05-g2-L5p3-n2-beta0,160,-0.01,154,5.10125,0.9902711100444361,0.9918850936067067
xover-m05-g2-L5p3-n2-beta0__N0160__Aminus_0p01,xover-m05-g2-L5p3-n2-beta0__N0160__Aplus_0p01,xover-m05-g2-L5p3-n2-beta0,160,-0.01,155,5.134375,0.9901885996852923,0.9918158648907458
xover-m05-g2-L5p3-n2-beta0__N0160__Aminus_0p01,xover-m05-g2-L5p3-n2-beta0__N0160__Aplus_0p01,xover-m05-g2-L5p3-n2-beta0,160,-0.01,156,5.1675,0.9901209274261727,0.991759081802543
xover-m05-g2-L5p3-n2-beta0__N0160__Aminus_0p01,xover-m05-g2-L5p3-n2-beta0__N0160__Aplus_0p01,xover-m05-g2-L5p3-n2-beta0,160,-0.01,157,5.2006250000000005,0.9900681914304202,0.9917148290827498
xover-m05-g2-L5p3-n2-beta0__N0160__Aminus_0p01,xover-m05-g2-L5p3-n2-beta0__N0160__Aplus_0p01,xover-m05-g2-L5p3-n2-beta0,160,-0.01,158,5.233750000000001,0.9900304681659,0.991683172758804
xover-m05-g2-L5p3-n2-beta0__N0160__Aminus_0p01,xover-m05-g2-L5p3-n2-beta0__N0160__Aplus_0p01,xover-m05-g2-L5p3-n2-beta0,160,-0.01,159,5.266875000000001,0.9900078123160359,0.9916641600564274
xover-m05-g2-L5p3-n2-beta0__N0160__Aminus_0p01,xover-m05-g2-L5p3-n2-beta0__N0160__Aplus_0p01,xover-m05-g2-L5p3-n2-beta0,160,-0.01,160,5.3,0.9900002567162857,0.9916578193363677
xover-m05-g2-L5p3-n2-beta0__N0160__Aminus_0p005,xover-m05-g2-L5p3-n2-beta0__N0160__Aplus_0p005,xover-m05-g2-L5p3-n2-beta0,160,-0.005,0,0.0,0.9950000916780467,0.9958356484749767
xover-m05-g2-L5p3-n2-beta0__N0160__Aminus_0p005,xover-m05-g2-L5p3-n2-beta0__N0160__Aplus_0p005,xover-m05-g2-L5p3-n2-beta0,160,-0.005,1,0.033125,0.9950039078019159,0.9958388362872997
xover-m05-g2-L5p3-n2-beta0__N0160__Aminus_0p005,xover-m05-g2-L5p3-n2-beta0__N0160__Aplus_0p005,xover-m05-g2-L5p3-n2-beta0,160,-0.005,2,0.06625,0.9950153504668051,0.9958483948893989
xover-m05-g2-L5p3-n2-beta0__N0160__Aminus_0p005,xover-m05-g2-L5p3-n2-beta0__N0160__Aplus_0p005,xover-m05-g2-L5p3-n2-beta0,160,-0.005,3,0.099375,0.9950344025602809,0.9958643097836286
xover-m05-g2-L5p3-n2-beta0__N0160__Aminus_0p005,xover-m05-g2-L5p3-n2-beta0__N0160__Aplus_0p005,xover-m05-g2-L5p3-n2-beta0,160,-0.005,4,0.1325,0.9950610355873577,0.9958865568304528
xover-m05-g2-L5p3-n2-beta0__N0160__Aminus_0p005,xover-m05-g2-L5p3-n2-beta0__N0160__Aplus_0p005,xover-m05-g2-L5p3-n2-beta0,160,-0.005,5,0.16562500000000002,0.9950952097090848,0.9959151022832271
xover-m05-g2-L5p3-n2-beta0__N0160__Aminus_0p005,xover-m05-g2-L5p3-n2-beta0__N0160__Aplus_0p005,xover-m05-g2-L5p3-n2-beta0,160,-0.005,6,0.19875,0.995136873796527,0.9959499028368392
xover-m05-g2-L5p3-n2-beta0__N0160__Aminus_0p005,xover-m05-g2-L5p3-n2-beta0__N0160__Aplus_0p005,xover-m05-g2-L5p3-n2-beta0,160,-0.005,7,0.231875,0.995185965500104,0.9959909056901542
xover-m05-g2-L5p3-n2-beta0__N0160__Aminus_0p005,xover-m05-g2-L5p3-n2-beta0__N0160__Aplus_0p005,xover-m05-g2-L5p3-n2-beta0,160,-0.005,8,0.265,0.9952424113342349,0.9960380486221923
xover-m05-g2-L5p3-n2-beta0__N0160__Aminus_0p005,xover-m05-g2-L5p3-n2-beta0__N0160__Aplus_0p005,xover-m05-g2-L5p3-n2-beta0,160,-0.005,9,0.29812500000000003,0.9953061267772279,0.9960912600819537
xover-m05-g2-L5p3-n2-beta0__N0160__Aminus_0p005,xover-m05-g2-L5p3-n2-beta0__N0160__Aplus_0p005,xover-m05-g2-L5p3-n2-beta0,160,-0.005,10,0.33125000000000004,0.995377016386339,0.9961504592917912
xover-m05-g2-L5p3-n2-beta0__N0160__Aminus_0p005,xover-m05-g2-L5p3-n2-beta0__N0160__Aplus_0p005,xover-m05-g2-L5p3-n2-beta0,160,-0.005,11,0.364375,0.9954549739279157,0.9962155563642097
xover-m05-g2-L5p3-n2-beta0__N0160__Aminus_0p005,xover-m05-g2-L5p3-n2-beta0__N0160__Aplus_0p005,xover-m05-g2-L5p3-n2-beta0,160,-0.005,12,0.3975,0.9955398825225238,0.9962864524319606
xover-m05-g2-L5p3-n2-beta0__N0160__Aminus_0p005,xover-m05-g2-L5p3-n2-beta0__N0160__Aplus_0p005,xover-m05-g2-L5p3-n2-beta0,160,-0.005,13,0.43062500000000004,0.995631614804947,0.9963630397912825
xover-m05-g2-L5p3-n2-beta0__N0160__Aminus_0p005,xover-m05-g2-L5p3-n2-beta0__N0160__Aplus_0p005,xover-m05-g2-L5p3-n2-beta0,160,-0.005,14,0.46375,0.9957300330989335,0.9964452020581218
xover-m05-g2-L5p3-n2-beta0__N0160__Aminus_0p005,xover-m05-g2-L5p3-n2-beta0__N0160__Aplus_0p005,xover-m05-g2-L5p3-n2-beta0,160,-0.005,15,0.496875,0.9958349896065475,0.9965328143371524
xover-m05-g2-L5p3-n2-beta0__N0160__Aminus_0p005,xover-m05-g2-L5p3-n2-beta0__N0160__Aplus_0p005,xover-m05-g2-L5p3-n2-beta0,160,-0.005,16,0.53,0.995946326611973,0.9966257434033956
xover-m05-g2-L5p3-n2-beta0__N0160__Aminus_0p005,xover-m05-g2-L5p3-n2-beta0__N0160__Aplus_0p005,xover-m05-g2-L5p3-n2-beta0,160,-0.005,17,0.563125,0.9960638766995994,0.9967238478962299
xover-m05-g2-L5p3-n2-beta0__N0160__Aminus_0p005,xover-m05-g2-L5p3-n2-beta0__N0160__Aplus_0p005,xover-m05-g2-L5p3-n2-beta0,160,-0.005,18,0.5962500000000001,0.9961874629862028,0.9968269785255557
xover-m05-g2-L5p3-n2-beta0__N0160__Aminus_0p005,xover-m05-g2-L5p3-n2-beta0__N0160__Aplus_0p005,xover-m05-g2-L5p3-n2-beta0,160,-0.005,19,0.629375,0.9963168993670218,0.9969349782898714
xover-m05-g2-L5p3-n2-beta0__N0160__Aminus_0p005,xover-m05-g2-L5p3-n2-beta0__N0160__Aplus_0p005,xover-m05-g2-L5p3-n2-beta0,160,-0.005,20,0.6625000000000001,0.9964519907755085,0.997047682706
xover-m05-g2-L5p3-n2-beta0__N0160__Aminus_0p005,xover-m05-g2-L5p3-n2-beta0__N0160__Aplus_0p005,xover-m05-g2-L5p3-n2-beta0,160,-0.005,21,0.695625,0.996592533456518,0.997164920050181
xover-m05-g2-L5p3-n2-beta0__N0160__Aminus_0p005,xover-m05-g2-L5p3-n2-beta0__N0160__Aplus_0p005,xover-m05-g2-L5p3-n2-beta0,160,-0.005,22,0.72875,0.996738315252683,0.9972865116102392
xover-m05-g2-L5p3-n2-beta0__N0160__Aminus_0p005,xover-m05-g2-L5p3-n2-beta0__N0160__Aplus_0p005,xover-m05-g2-L5p3-n2-beta0,160,-0.005,23,0.7618750000000001,0.996889115903698,0.9974122719485129
xover-m05-g2-L5p3-n2-beta0__N0160__Aminus_0p005,xover-m05-g2-L5p3-n2-beta0__N0160__Aplus_0p005,xover-m05-g2-L5p3-n2-beta0,160,-0.005,24,0.795,0.9970447073582238,0.9975420091752154
xover-m05-g2-L5p3-n2-beta0__N0160__Aminus_0p005,xover-m05-g2-L5p3-n2-beta0__N0160__Aplus_0p005,xover-m05-g2-L5p3-n2-beta0,160,-0.005,25,0.828125,0.9972048540980958,0.9976755252318859
xover-m05-g2-L5p3-n2-beta0__N0160__Aminus_0p005,xover-m05-g2-L5p3-n2-beta0__N0160__Aplus_0p005,xover-m05-g2-L5p3-n2-beta0,160,-0.005,26,0.8612500000000001,0.9973693134745072,0.9978126161845656
xover-m05-g2-L5p3-n2-beta0__N0160__Aminus_0p005,xover-m05-g2-L5p3-n2-beta0__N0160__Aplus_0p005,xover-m05-g2-L5p3-n2-beta0,160,-0.005,27,0.894375,0.9975378360558108,0.9979530725263255
xover-m05-g2-L5p3-n2-beta0__N0160__Aminus_0p005,xover-m05-g2-L5p3-n2-beta0__N0160__Aplus_0p005,xover-m05-g2-L5p3-n2-beta0,160,-0.005,28,0.9275,0.9977101659865653,0.9980966794887496
xover-m05-g2-L5p3-n2-beta0__N0160__Aminus_0p005,xover-m05-g2-L5p3-n2-beta0__N0160__Aplus_0p005,xover-m05-g2-L5p3-n2-beta0,160,-0.005,29,0.9606250000000001,0.9978860413574296,0.9982432173619664
xover-m05-g2-L5p3-n2-beta0__N0160__Aminus_0p005,xover-m05-g2-L5p3-n2-beta0__N0160__Aplus_0p005,xover-m05-g2-L5p3-n2-beta0,160,-0.005,30,0.99375,0.9980651945854867,0.9983924618228024
xover-m05-g2-L5p3-n2-beta0__N0160__Aminus_0p005,xover-m05-g2-L5p3-n2-beta0__N0160__Aplus_0p005,xover-m05-g2-L5p3-n2-beta0,160,-0.005,31,1.026875,0.9982473528045539,0.9985441842706171
xover-m05-g2-L5p3-n2-beta0__N0160__Aminus_0p005,xover-m05-g2-L5p3-n2-beta0__N0160__Aplus_0p005,xover-m05-g2-L5p3-n2-beta0,160,-0.005,32,1.06,0.9984322382650195,0.9986981521703661
xover-m05-g2-L5p3-n2-beta0__N0160__Aminus_0p005,xover-m05-g2-L5p3-n2-beta0__N0160__Aplus_0p005,xover-m05-g2-L5p3-n2-beta0,160,-0.005,33,1.0931250000000001,0.9986195687427157,0.9988541294024186
xover-m05-g2-L5p3-n2-beta0__N0160__Aminus_0p005,xover-m05-g2-L5p3-n2-beta0__N0160__Aplus_0p005,xover-m05-g2-L5p3-n2-beta0,160,-0.005,34,1.12625,0.9988090579563218,0.9990118766186473
xover-m05-g2-L5p3-n2-beta0__N0160__Aminus_0p005,xover-m05-g2-L5p3-n2-beta0__N0160__Aplus_0p005,xover-m05-g2-L5p3-n2-beta0,160,-0.005,35,1.159375,0.9990004159927627,0.9991711516042894
xover-m05-g2-L5p3-n2-beta0__N0160__Aminus_0p005,xover-m05-g2-L5p3-n2-beta0__N0160__Aplus_0p005,xover-m05-g2-L5p3-n2-beta0,160,-0.005,36,1.1925000000000001,0.9991933497400516,0.9993317096450663
xover-m05-g2-L5p3-n2-beta0__N0160__Aminus_0p005,xover-m05-g2-L5p3-n2-beta0__N0160__Aplus_0p005,xover-m05-g2-L5p3-n2-beta0,160,-0.005,37,1.225625,0.999387563326997,0.9994933038990385
xover-m05-g2-L5p3-n2-beta0__N0160__Aminus_0p005,xover-m05-g2-L5p3-n2-beta0__N0160__Aplus_0p005,xover-m05-g2-L5p3-n2-beta0,160,-0.005,38,1.25875,0.9995827585691759,0.9996556857726532
xover-m05-g2-L5p3-n2-beta0__N0160__Aminus_0p005,xover-m05-g2-L5p3-n2-beta0__N0160__Aplus_0p005,xover-m05-g2-L5p3-n2-beta0,160,-0.005,39,1.291875,0.9997786354205529,0.9998186053004373
xover-m05-g2-L5p3-n2-beta0__N0160__Aminus_0p005,xover-m05-g2-L5p3-n2-beta0__N0160__Aplus_0p005,xover-m05-g2-L5p3-n2-beta0,160,-0.005,40,1.3250000000000002,0.9999748924301016,0.9999818115277717
xover-m05-g2-L5p3-n2-beta0__N0160__Aminus_0p005,xover-m05-g2-L5p3-n2-beta0__N0160__Aplus_0p005,xover-m05-g2-L5p3-n2-beta0,160,-0.005,41,1.358125,1.0001712272027663,1.0001450528961755
xover-m05-g2-L5p3-n2-beta0__N0160__Aminus_0p005,xover-m05-g2-L5p3-n2-beta0__N0160__Aplus_0p005,xover-m05-g2-L5p3-n2-beta0,160,-0.005,42,1.39125,1.0003673368640813,1.0003080776305182
xover-m05-g2-L5p3-n2-beta0__N0160__Aminus_0p005,xover-m05-g2-L5p3-n2-beta0__N0160__Aplus_0p005,xover-m05-g2-L5p3-n2-beta0,160,-0.005,43,1.4243750000000002,1.000562918527744,1.0004706341275662
xover-m05-g2-L5p3-n2-beta0__N0160__Aminus_0p005,xover-m05-g2-L5p3-n2-beta0__N0160__Aplus_0p005,xover-m05-g2-L5p3-n2-beta0,160,-0.005,44,1.4575,1.0007576697654246,1.0006324713452655
xover-m05-g2-L5p3-n2-beta0__N0160__Aminus_0p005,xover-m05-g2-L5p3-n2-beta0__N0160__Aplus_0p005,xover-m05-g2-L5p3-n2-beta0,160,-0.005,45,1.490625,1.0009512890780714,1.000793339192153
xover-m05-g2-L5p3-n2-beta0__N0160__Aminus_0p005,xover-m05-g2-L5p3-n2-beta0__N0160__Aplus_0p005,xover-m05-g2-L5p3-n2-beta0,160,-0.005,46,1.5237500000000002,1.0011434763679627,1.000952988916284
xover-m05-g2-L5p3-n2-beta0__N0160__Aminus_0p005,xover-m05-g2-L5p3-n2-beta0__N0160__Aplus_0p005,xover-m05-g2-L5p3-n2-beta0,160,-0.005,47,1.556875,1.0013339334107316,1.001111173493054
xover-m05-g2-L5p3-n2-beta0__N0160__Aminus_0p005,xover-m05-g2-L5p3-n2-beta0__N0160__Aplus_0p005,xover-m05-g2-L5p3-n2-beta0,160,-0.005,48,1.59,1.0015223643265876,1.001267648011295
xover-m05-g2-L5p3-n2-beta0__N0160__Aminus_0p005,xover-m05-g2-L5p3-n2-beta0__N0160__Aplus_0p005,xover-m05-g2-L5p3-n2-beta0,160,-0.005,49,1.6231250000000002,1.0017084760499377,1.0014221700570196
xover-m05-g2-L5p3-n2-beta0__N0160__Aminus_0p005,xover-m05-g2-L5p3-n2-beta0__N0160__Aplus_0p005,xover-m05-g2-L5p3-n2-beta0,160,-0.005,50,1.65625,1.0018919787966074,1.0015745000941807
xover-m05-g2-L5p3-n2-beta0__N0160__Aminus_0p005,xover-m05-g2-L5p3-n2-beta0__N0160__Aplus_0p005,xover-m05-g2-L5p3-n2-beta0,160,-0.005,51,1.689375,1.0020725865278437,1.0017244018418239
xover-m05-g2-L5p3-n2-beta0__N0160__Aminus_0p005,xover-m05-g2-L5p3-n2-beta0__N0160__Aplus_0p005,xover-m05-g2-L5p3-n2-beta0,160,-0.005,52,1.7225000000000001,1.002250017410288,1.0018716426469974
xover-m05-g2-L5p3-n2-beta0__N0160__Aminus_0p005,xover-m05-g2-L5p3-n2-beta0__N0160__Aplus_0p005,xover-m05-g2-L5p3-n2-beta0,160,-0.005,53,1.755625,1.0024239942710873,1.0020159938527966
xover-m05-g2-L5p3-n2-beta0__N0160__Aminus_0p005,xover-m05-g2-L5p3-n2-beta0__N0160__Aplus_0p005,xover-m05-g2-L5p3-n2-beta0,160,-0.005,54,1.78875,1.0025942450473253,1.0021572311609164
xover-m05-g2-L5p3-n2-beta0__N0160__Aminus_0p005,xover-m05-g2-L5p3-n2-beta0__N0160__Aplus_0p005,xover-m05-g2-L5p3-n2-beta0,160,-0.005,55,1.8218750000000001,1.002760503228937,1.002295134988092
xover-m05-g2-L5p3-n2-beta0__N0160__Aminus_0p005,xover-m05-g2-L5p3-n2-beta0__N0160__Aplus_0p005,xover-m05-g2-L5p3-n2-beta0,160,-0.005,56,1.855,1.0029225082942865,1.0024294908158142
xover-m05-g2-L5p3-n2-beta0__N0160__Aminus_0p005,xover-m05-g2-L5p3-n2-beta0__N0160__Aplus_0p005,xover-m05-g2-L5p3-n2-beta0,160,-0.005,57,1.888125,1.00308000613758,1.002560089532709
xover-m05-g2-L5p3-n2-beta0__N0160__Aminus_0p005,xover-m05-g2-L5p3-n2-beta0__N0160__Aplus_0p005,xover-m05-g2-L5p3-n2-beta0,160,-0.005,58,1.9212500000000001,1.0032327494872995,1.0026867277689835
xover-m05-g2-L5p3-n2-beta0__N0160__Aminus_0p005,xover-m05-g2-L5p3-n2-beta0__N0160__Aplus_0p005,xover-m05-g2-L5p3-n2-beta0,160,-0.005,59,1.9543750000000002,1.0033804983148447,1.0028092082223492
xover-m05-g2-L5p3-n2-beta0__N0160__Aminus_0p005,xover-m05-g2-L5p3-n2-beta0__N0160__Aplus_0p005,xover-m05-g2-L5p3-n2-beta0,160,-0.005,60,1.9875,1.0035230202325822,1.0029273399748402
xover-m05-g2-L5p3-n2-beta0__N0160__Aminus_0p005,xover-m05-g2-L5p3-n2-beta0__N0160__Aplus_0p005,xover-m05-g2-L5p3-n2-beta0,160,-0.005,61,2.020625,1.0036600908805173,1.0030409387999626
xover-m05-g2-L5p3-n2-beta0__N0160__Aminus_0p005,xover-m05-g2-L5p3-n2-beta0__N0160__Aplus_0p005,xover-m05-g2-L5p3-n2-beta0,160,-0.005,62,2.05375,1.0037914943008108,1.0031498274596216
xover-m05-g2-L5p3-n2-beta0__N0160__Aminus_0p005,xover-m05-g2-L5p3-n2-beta0__N0160__Aplus_0p005,xover-m05-g2-L5p3-n2-beta0,160,-0.005,63,2.086875,1.0039170232993875,1.0032538359902852
xover-m05-g2-L5p3-n2-beta0__N0160__Aminus_0p005,xover-m05-g2-L5p3-n2-beta0__N0160__Aplus_0p005,xover-m05-g2-L5p3-n2-beta0,160,-0.005,64,2.12,1.004036479793898,1.0033528019778677
xover-m05-g2-L5p3-n2-beta0__N0160__Aminus_0p005,xover-m05-g2-L5p3-n2-beta0__N0160__Aplus_0p005,xover-m05-g2-L5p3-n2-beta0,160,-0.005,65,2.153125,1.0041496751473191,1.0034465708208258
xover-m05-g2-L5p3-n2-beta0__N0160__Aminus_0p005,xover-m05-g2-L5p3-n2-beta0__N0160__Aplus_0p005,xover-m05-g2-L5p3-n2-beta0,160,-0.005,66,2.1862500000000002,1.004256430486499,1.0035349959809827
xover-m05-g2-L5p3-n2-beta0__N0160__Aminus_0p005,xover-m05-g2-L5p3-n2-beta0__N0160__Aplus_0p005,xover-m05-g2-L5p3-n2-beta0,160,-0.005,67,2.2193750000000003,1.0043565770049836,1.0036179392216167
xover-m05-g2-L5p3-n2-beta0__N0160__Aminus_0p005,xover-m05-g2-L5p3-n2-beta0__N0160__Aplus_0p005,xover-m05-g2-L5p3-n2-beta0,160,-0.005,68,2.2525,1.0044499562494853,1.0036952708323694
xover-m05-g2-L5p3-n2-beta0__N0160__Aminus_0p005,xover-m05-g2-L5p3-n2-beta0__N0160__Aplus_0p005,xover-m05-g2-L5p3-n2-beta0,160,-0.005,69,2.285625,1.0045364203893878,1.0037668698405555
xover-m05-g2-L5p3-n2-beta0__N0160__Aminus_0p005,xover-m05-g2-L5p3-n2-beta0__N0160__Aplus_0p005,xover-m05-g2-L5p3-n2-beta0,160,-0.005,70,2.31875,1.0046158324687098,1.0038326242084736
xover-m05-g2-L5p3-n2-beta0__N0160__Aminus_0p005,xover-m05-g2-L5p3-n2-beta0__N0160__Aplus_0p005,xover-m05-g2-L5p3-n2-beta0,160,-0.005,71,2.351875,1.0046880666399896,1.0038924310163497
xover-m05-g2-L5p3-n2-beta0__N0160__Aminus_0p005,xover-m05-g2-L5p3-n2-beta0__N0160__Aplus_0p005,xover-m05-g2-L5p3-n2-beta0,160,-0.005,72,2.3850000000000002,1.004753008379582,1.0039461966305645
xover-m05-g2-L5p3-n2-beta0__N0160__Aminus_0p005,xover-m05-g2-L5p3-n2-beta0__N0160__Aplus_0p005,xover-m05-g2-L5p3-n2-beta0,160,-0.005,73,2.4181250000000003,1.004810554683906,1.003993836856846
xover-m05-g2-L5p3-n2-beta0__N0160__Aminus_0p005,xover-m05-g2-L5p3-n2-beta0__N0160__Aplus_0p005,xover-m05-g2-L5p3-n2-beta0,160,-0.005,74,2.45125,1.004860614246209,1.0040352770781358
xover-m05-g2-L5p3-n2-beta0__N0160__Aminus_0p005,xover-m05-g2-L5p3-n2-beta0__N0160__Aplus_0p005,xover-m05-g2-L5p3-n2-beta0,160,-0.005,75,2.484375,1.0049031076134671,1.0040704523768664
xover-m05-g2-L5p3-n2-beta0__N0160__Aminus_0p005,xover-m05-g2-L5p3-n2-beta0__N0160__Aplus_0p005,xover-m05-g2-L5p3-n2-beta0,160,-0.005,76,2.5175,1.0049379673230703,1.0040993076414133
xover-m05-g2-L5p3-n2-beta0__N0160__Aminus_0p005,xover-m05-g2-L5p3-n2-beta0__N0160__Aplus_0p005,xover-m05-g2-L5p3-n2-beta0,160,-0.005,77,2.550625,1.0049651380189986,1.0041217976565198
xover-m05-g2-L5p3-n2-beta0__N0160__Aminus_0p005,xover-m05-g2-L5p3-n2-beta0__N0160__Aplus_0p005,xover-m05-g2-L5p3-n2-beta0,160,-0.005,78,2.58375,1.0049845765472265,1.0041378871775186
xover-m05-g2-L5p3-n2-beta0__N0160__Aminus_0p005,xover-m05-g2-L5p3-n2-beta0__N0160__Aplus_0p005,xover-m05-g2-L5p3-n2-beta0,160,-0.005,79,2.6168750000000003,1.0049962520301476,1.0041475509882112
xover-m05-g2-L5p3-n2-beta0__N0160__Aminus_0p005,xover-m05-g2-L5p3-n2-beta0__N0160__Aplus_0p005,xover-m05-g2-L5p3-n2-beta0,160,-0.005,80,2.6500000000000004,1.0050001459198532,1.004150773942287
xover-m05-g2-L5p3-n2-beta0__N0160__Aminus_0p005,xover-m05-g2-L5p3-n2-beta0__N0160__Aplus_0p005,xover-m05-g2-L5p3-n2-beta0,160,-0.005,81,2.683125,1.004996252030147,1.0041475509882094
xover-m05-g2-L5p3-n2-beta0__N0160__Aminus_0p005,xover-m05-g2-L5p3-n2-beta0__N0160__Aplus_0p005,xover-m05-g2-L5p3-n2-beta0,160,-0.005,82,2.71625,1.0049845765472252,1.0041378871775153
xover-m05-g2-L5p3-n2-beta0__N0160__Aminus_0p005,xover-m05-g2-L5p3-n2-beta0__N0160__Aplus_0p005,xover-m05-g2-L5p3-n2-beta0,160,-0.005,83,2.749375,1.0049651380189966,1.0041217976565149
xover-m05-g2-L5p3-n2-beta0__N0160__Aminus_0p005,xover-m05-g2-L5p3-n2-beta0__N0160__Aplus_0p005,xover-m05-g2-L5p3-n2-beta0,160,-0.005,84,2.7825,1.0049379673230676,1.004099307641407
xover-m05-g2-L5p3-n2-beta0__N0160__Aminus_0p005,xover-m05-g2-L5p3-n2-beta0__N0160__Aplus_0p005,xover-m05-g2-L5p3-n2-beta0,160,-0.005,85,2.8156250000000003,1.0049031076134638,1.0040704523768584
xover-m05-g2-L5p3-n2-beta0__N0160__Aminus_0p005,xover-m05-g2-L5p3-n2-beta0__N0160__Aplus_0p005,xover-m05-g2-L5p3-n2-beta0,160,-0.005,86,2.8487500000000003,1.004860614246205,1.0040352770781262
xover-m05-g2-L5p3-n2-beta0__N0160__Aminus_0p005,xover-m05-g2-L5p3-n2-beta0__N0160__Aplus_0p005,xover-m05-g2-L5p3-n2-beta0,160,-0.005,87,2.881875,1.004810554683901,1.0039938368568346
xover-m05-g2-L5p3-n2-beta0__N0160__Aminus_0p005,xover-m05-g2-L5p3-n2-beta0__N0160__Aplus_0p005,xover-m05-g2-L5p3-n2-beta0,160,-0.005,88,2.915,1.0047530083795764,1.0039461966305516
xover-m05-g2-L5p3-n2-beta0__N0160__Aminus_0p005,xover-m05-g2-L5p3-n2-beta0__N0160__Aplus_0p005,xover-m05-g2-L5p3-n2-beta0,160,-0.005,89,2.948125,1.0046880666399833,1.0038924310163353
xover-m05-g2-L5p3-n2-beta0__N0160__Aminus_0p005,xover-m05-g2-L5p3-n2-beta0__N0160__Aplus_0p005,xover-m05-g2-L5p3-n2-beta0,160,-0.005,90,2.98125,1.004615832468703,1.0038326242084576
xover-m05-g2-L5p3-n2-beta0__N0160__Aminus_0p005,xover-m05-g2-L5p3-n2-beta0__N0160__Aplus_0p005,xover-m05-g2-L5p3-n2-beta0,160,-0.005,91,3.0143750000000002,1.00453642038938,1.003766869840538
xover-m05-g2-L5p3-n2-beta0__N0160__Aminus_0p005,xover-m05-g2-L5p3-n2-beta0__N0160__Aplus_0p005,xover-m05-g2-L5p3-n2-beta0,160,-0.005,92,3.0475000000000003,1.0044499562494766,1.0036952708323506
xover-m05-g2-L5p3-n2-beta0__N0160__Aminus_0p005,xover-m05-g2-L5p3-n2-beta0__N0160__Aplus_0p005,xover-m05-g2-L5p3-n2-beta0,160,-0.005,93,3.080625,1.004356577004974,1.0036179392215965
xover-m05-g2-L5p3-n2-beta0__N0160__Aminus_0p005,xover-m05-g2-L5p3-n2-beta0__N0160__Aplus_0p005,xover-m05-g2-L5p3-n2-beta0,160,-0.005,94,3.11375,1.0042564304864887,1.0035349959809614
xover-m05-g2-L5p3-n2-beta0__N0160__Aminus_0p005,xover-m05-g2-L5p3-n2-beta0__N0160__Aplus_0p005,xover-m05-g2-L5p3-n2-beta0,160,-0.005,95,3.146875,1.0041496751473082,1.0034465708208031
xover-m05-g2-L5p3-n2-beta0__N0160__Aminus_0p005,xover-m05-g2-L5p3-n2-beta0__N0160__Aplus_0p005,xover-m05-g2-L5p3-n2-beta0,160,-0.005,96,3.18,1.004036479793886,1.0033528019778435
xover-m05-g2-L5p3-n2-beta0__N0160__Aminus_0p005,xover-m05-g2-L5p3-n2-beta0__N0160__Aplus_0p005,xover-m05-g2-L5p3-n2-beta0,160,-0.005,97,3.2131250000000002,1.0039170232993746,1.0032538359902592
xover-m05-g2-L5p3-n2-beta0__N0160__Aminus_0p005,xover-m05-g2-L5p3-n2-beta0__N0160__Aplus_0p005,xover-m05-g2-L5p3-n2-beta0,160,-0.005,98,3.2462500000000003,1.003791494300797,1.0031498274595938
xover-m05-g2-L5p3-n2-beta0__N0160__Aminus_0p005,xover-m05-g2-L5p3-n2-beta0__N0160__Aplus_0p005,xover-m05-g2-L5p3-n2-beta0,160,-0.005,99,3.2793750000000004,1.0036600908805027,1.0030409387999333
xover-m05-g2-L5p3-n2-beta0__N0160__Aminus_0p005,xover-m05-g2-L5p3-n2-beta0__N0160__Aplus_0p005,xover-m05-g2-L5p3-n2-beta0,160,-0.005,100,3.3125,1.0035230202325667,1.0029273399748089
xover-m05-g2-L5p3-n2-beta0__N0160__Aminus_0p005,xover-m05-g2-L5p3-n2-beta0__N0160__Aplus_0p005,xover-m05-g2-L5p3-n2-beta0,160,-0.005,101,3.345625,1.003380498314828,1.0028092082223161
xover-m05-g2-L5p3-n2-beta0__N0160__Aminus_0p005,xover-m05-g2-L5p3-n2-beta0__N0160__Aplus_0p005,xover-m05-g2-L5p3-n2-beta0,160,-0.005,102,3.37875,1.003232749487282,1.0026867277689488
xover-m05-g2-L5p3-n2-beta0__N0160__Aminus_0p005,xover-m05-g2-L5p3-n2-beta0__N0160__Aplus_0p005,xover-m05-g2-L5p3-n2-beta0,160,-0.005,103,3.411875,1.0030800061375613,1.0025600895326727
xover-m05-g2-L5p3-n2-beta0__N0160__Aminus_0p005,xover-m05-g2-L5p3-n2-beta0__N0160__Aplus_0p005,xover-m05-g2-L5p3-n2-beta0,160,-0.005,104,3.4450000000000003,1.0029225082942668,1.0024294908157763
xover-m05-g2-L5p3-n2-beta0__N0160__Aminus_0p005,xover-m05-g2-L5p3-n2-beta0__N0160__Aplus_0p005,xover-m05-g2-L5p3-n2-beta0,160,-0.005,105,3.4781250000000004,1.0027605032289164,1.0022951349880522
xover-m05-g2-L5p3-n2-beta0__N0160__Aminus_0p005,xover-m05-g2-L5p3-n2-beta0__N0160__Aplus_0p005,xover-m05-g2-L5p3-n2-beta0,160,-0.005,106,3.51125,1.0025942450473035,1.002157231160875
xover-m05-g2-L5p3-n2-beta0__N0160__Aminus_0p005,xover-m05-g2-L5p3-n2-beta0__N0160__Aplus_0p005,xover-m05-g2-L5p3-n2-beta0,160,-0.005,107,3.544375,1.0024239942710642,1.0020159938527538
xover-m05-g2-L5p3-n2-beta0__N0160__Aminus_0p005,xover-m05-g2-L5p3-n2-beta0__N0160__Aplus_0p005,xover-m05-g2-L5p3-n2-beta0,160,-0.005,108,3.5775,1.0022500174102638,1.001871642646953
xover-m05-g2-L5p3-n2-beta0__N0160__Aminus_0p005,xover-m05-g2-L5p3-n2-beta0__N0160__Aplus_0p005,xover-m05-g2-L5p3-n2-beta0,160,-0.005,109,3.610625,1.0020725865278186,1.001724401841778
xover-m05-g2-L5p3-n2-beta0__N0160__Aminus_0p005,xover-m05-g2-L5p3-n2-beta0__N0160__Aplus_0p005,xover-m05-g2-L5p3-n2-beta0,160,-0.005,110,3.6437500000000003,1.001891978796581,1.0015745000941332
xover-m05-g2-L5p3-n2-beta0__N0160__Aminus_0p005,xover-m05-g2-L5p3-n2-beta0__N0160__Aplus_0p005,xover-m05-g2-L5p3-n2-beta0,160,-0.005,111,3.6768750000000003,1.0017084760499102,1.0014221700569705
xover-m05-g2-L5p3-n2-beta0__N0160__Aminus_0p005,xover-m05-g2-L5p3-n2-beta0__N0160__Aplus_0p005,xover-m05-g2-L5p3-n2-beta0,160,-0.005,112,3.71,1.0015223643265587,1.0012676480112448
xover-m05-g2-L5p3-n2-beta0__N0160__Aminus_0p005,xover-m05-g2-L5p3-n2-beta0__N0160__Aplus_0p005,xover-m05-g2-L5p3-n2-beta0,160,-0.005,113,3.743125,1.0013339334107016,1.0011111734930027
xover-m05-g2-L5p3-n2-beta0__N0160__Aminus_0p005,xover-m05-g2-L5p3-n2-beta0__N0160__Aplus_0p005,xover-m05-g2-L5p3-n2-beta0,160,-0.005,114,3.77625,1.0011434763679317,1.0009529889162319
xover-m05-g2-L5p3-n2-beta0__N0160__Aminus_0p005,xover-m05-g2-L5p3-n2-beta0__N0160__Aplus_0p005,xover-m05-g2-L5p3-n2-beta0,160,-0.005,115,3.809375,1.000951289078039,1.0007933391921
xover-m05-g2-L5p3-n2-beta0__N0160__Aminus_0p005,xover-m05-g2-L5p3-n2-beta0__N0160__Aplus_0p005,xover-m05-g2-L5p3-n2-beta0,160,-0.005,116,3.8425000000000002,1.0007576697653908,1.0006324713452113
xover-m05-g2-L5p3-n2-beta0__N0160__Aminus_0p005,xover-m05-g2-L5p3-n2-beta0__N0160__Aplus_0p005,xover-m05-g2-L5p3-n2-beta0,160,-0.005,117,3.8756250000000003,1.0005629185277092,1.0004706341275111
xover-m05-g2-L5p3-n2-beta0__N0160__Aminus_0p005,xover-m05-g2-L5p3-n2-beta0__N0160__Aplus_0p005,xover-m05-g2-L5p3-n2-beta0,160,-0.005,118,3.9087500000000004,1.0003673368640453,1.0003080776304618
xover-m05-g2-L5p3-n2-beta0__N0160__Aminus_0p005,xover-m05-g2-L5p3-n2-beta0__N0160__Aplus_0p005,xover-m05-g2-L5p3-n2-beta0,160,-0.005,119,3.941875,1.0001712272027292,1.000145052896118
xover-m05-g2-L5p3-n2-beta0__N0160__Aminus_0p005,xover-m05-g2-L5p3-n2-beta0__N0160__Aplus_0p005,xover-m05-g2-L5p3-n2-beta0,160,-0.005,120,3.975,0.9999748924300632,0.9999818115277127
xover-m05-g2-L5p3-n2-beta0__N0160__Aminus_0p005,xover-m05-g2-L5p3-n2-beta0__N0160__Aplus_0p005,xover-m05-g2-L5p3-n2-beta0,160,-0.005,121,4.008125000000001,0.9997786354205136,0.9998186053003771
xover-m05-g2-L5p3-n2-beta0__N0160__Aminus_0p005,xover-m05-g2-L5p3-n2-beta0__N0160__Aplus_0p005,xover-m05-g2-L5p3-n2-beta0,160,-0.005,122,4.04125,0.9995827585691356,0.9996556857725918
xover-m05-g2-L5p3-n2-beta0__N0160__Aminus_0p005,xover-m05-g2-L5p3-n2-beta0__N0160__Aplus_0p005,xover-m05-g2-L5p3-n2-beta0,160,-0.005,123,4.074375,0.9993875633269557,0.9994933038989758
xover-m05-g2-L5p3-n2-beta0__N0160__Aminus_0p005,xover-m05-g2-L5p3-n2-beta0__N0160__Aplus_0p005,xover-m05-g2-L5p3-n2-beta0,160,-0.005,124,4.1075,0.9991933497400094,0.9993317096450026
xover-m05-g2-L5p3-n2-beta0__N0160__Aminus_0p005,xover-m05-g2-L5p3-n2-beta0__N0160__Aplus_0p005,xover-m05-g2-L5p3-n2-beta0,160,-0.005,125,4.140625,0.9990004159927195,0.9991711516042246
xover-m05-g2-L5p3-n2-beta0__N0160__Aminus_0p005,xover-m05-g2-L5p3-n2-beta0__N0160__Aplus_0p005,xover-m05-g2-L5p3-n2-beta0,160,-0.005,126,4.17375,0.9988090579562777,0.9990118766185818
xover-m05-g2-L5p3-n2-beta0__N0160__Aminus_0p005,xover-m05-g2-L5p3-n2-beta0__N0160__Aplus_0p005,xover-m05-g2-L5p3-n2-beta0,160,-0.005,127,4.206875,0.9986195687426708,0.9988541294023521
xover-m05-g2-L5p3-n2-beta0__N0160__Aminus_0p005,xover-m05-g2-L5p3-n2-beta0__N0160__Aplus_0p005,xover-m05-g2-L5p3-n2-beta0,160,-0.005,128,4.24,0.9984322382649735,0.9986981521702987
xover-m05-g2-L5p3-n2-beta0__N0160__Aminus_0p005,xover-m05-g2-L5p3-n2-beta0__N0160__Aplus_0p005,xover-m05-g2-L5p3-n2-beta0,160,-0.005,129,4.273125,0.998247352804507,0.9985441842705489
xover-m05-g2-L5p3-n2-beta0__N0160__Aminus_0p005,xover-m05-g2-L5p3-n2-beta0__N0160__Aplus_0p005,xover-m05-g2-L5p3-n2-beta0,160,-0.005,130,4.30625,0.998065194585439,0.9983924618227333
xover-m05-g2-L5p3-n2-beta0__N0160__Aminus_0p005,xover-m05-g2-L5p3-n2-beta0__N0160__Aplus_0p005,xover-m05-g2-L5p3-n2-beta0,160,-0.005,131,4.339375,0.997886041357381,0.9982432173618966
xover-m05-g2-L5p3-n2-beta0__N0160__Aminus_0p005,xover-m05-g2-L5p3-n2-beta0__N0160__Aplus_0p005,xover-m05-g2-L5p3-n2-beta0,160,-0.005,132,4.3725000000000005,0.9977101659865157,0.9980966794886791
xover-m05-g2-L5p3-n2-beta0__N0160__Aminus_0p005,xover-m05-g2-L5p3-n2-beta0__N0160__Aplus_0p005,xover-m05-g2-L5p3-n2-beta0,160,-0.005,133,4.405625000000001,0.9975378360557604,0.9979530725262542
xover-m05-g2-L5p3-n2-beta0__N0160__Aminus_0p005,xover-m05-g2-L5p3-n2-beta0__N0160__Aplus_0p005,xover-m05-g2-L5p3-n2-beta0,160,-0.005,134,4.438750000000001,0.997369313474456,0.9978126161844937
xover-m05-g2-L5p3-n2-beta0__N0160__Aminus_0p005,xover-m05-g2-L5p3-n2-beta0__N0160__Aplus_0p005,xover-m05-g2-L5p3-n2-beta0,160,-0.005,135,4.471875,0.9972048540980438,0.9976755252318137
xover-m05-g2-L5p3-n2-beta0__N0160__Aminus_0p005,xover-m05-g2-L5p3-n2-beta0__N0160__Aplus_0p005,xover-m05-g2-L5p3-n2-beta0,160,-0.005,136,4.505,0.997044707358171,0.9975420091751429
xover-m05-g2-L5p3-n2-beta0__N0160__Aminus_0p005,xover-m05-g2-L5p3-n2-beta0__N0160__Aplus_0p005,xover-m05-g2-L5p3-n2-beta0,160,-0.005,137,4.538125,0.9968891159036444,0.9974122719484401
xover-m05-g2-L5p3-n2-beta0__N0160__Aminus_0p005,xover-m05-g2-L5p3-n2-beta0__N0160__Aplus_0p005,xover-m05-g2-L5p3-n2-beta0,160,-0.005,138,4.57125,0.9967383152526286,0.9972865116101663
xover-m05-g2-L5p3-n2-beta0__N0160__Aminus_0p005,xover-m05-g2-L5p3-n2-beta0__N0160__Aplus_0p005,xover-m05-g2-L5p3-n2-beta0,160,-0.005,139,4.604375,0.9965925334564629,0.9971649200501079
xover-m05-g2-L5p3-n2-beta0__N0160__Aminus_0p005,xover-m05-g2-L5p3-n2-beta0__N0160__Aplus_0p005,xover-m05-g2-L5p3-n2-beta0,160,-0.005,140,4.6375,0.9964519907754527,0.9970476827059269
xover-m05-g2-L5p3-n2-beta0__N0160__Aminus_0p005,xover-m05-g2-L5p3-n2-beta0__N0160__Aplus_0p005,xover-m05-g2-L5p3-n2-beta0,160,-0.005,141,4.670625,0.9963168993669652,0.9969349782897982
xover-m05-g2-L5p3-n2-beta0__N0160__Aminus_0p005,xover-m05-g2-L5p3-n2-beta0__N0160__Aplus_0p005,xover-m05-g2-L5p3-n2-beta0,160,-0.005,142,4.70375,0.9961874629861456,0.9968269785254821
xover-m05-g2-L5p3-n2-beta0__N0160__Aminus_0p005,xover-m05-g2-L5p3-n2-beta0__N0160__Aplus_0p005,xover-m05-g2-L5p3-n2-beta0,160,-0.005,143,4.736875,0.9960638766995414,0.9967238478961564
xover-m05-g2-L5p3-n2-beta0__N0160__Aminus_0p005,xover-m05-g2-L5p3-n2-beta0__N0160__Aplus_0p005,xover-m05-g2-L5p3-n2-beta0,160,-0.005,144,4.7700000000000005,0.9959463266119144,0.996625743403322
xover-m05-g2-L5p3-n2-beta0__N0160__Aminus_0p005,xover-m05-g2-L5p3-n2-beta0__N0160__Aplus_0p005,xover-m05-g2-L5p3-n2-beta0,160,-0.005,145,4.8031250000000005,0.9958349896064883,0.9965328143370787
xover-m05-g2-L5p3-n2-beta0__N0160__Aminus_0p005,xover-m05-g2-L5p3-n2-beta0__N0160__Aplus_0p005,xover-m05-g2-L5p3-n2-beta0,160,-0.005,146,4.836250000000001,0.9957300330988738,0.9964452020580482
xover-m05-g2-L5p3-n2-beta0__N0160__Aminus_0p005,xover-m05-g2-L5p3-n2-beta0__N0160__Aplus_0p005,xover-m05-g2-L5p3-n2-beta0,160,-0.005,147,4.869375000000001,0.9956316148048868,0.9963630397912088
xover-m05-g2-L5p3-n2-beta0__N0160__Aminus_0p005,xover-m05-g2-L5p3-n2-beta0__N0160__Aplus_0p005,xover-m05-g2-L5p3-n2-beta0,160,-0.005,148,4.9025,0.9955398825224631,0.9962864524318866
xover-m05-g2-L5p3-n2-beta0__N0160__Aminus_0p005,xover-m05-g2-L5p3-n2-beta0__N0160__Aplus_0p005,xover-m05-g2-L5p3-n2-beta0,160,-0.005,149,4.935625,0.9954549739278546,0.9962155563641355
xover-m05-g2-L5p3-n2-beta0__N0160__Aminus_0p005,xover-m05-g2-L5p3-n2-beta0__N0160__Aplus_0p005,xover-m05-g2-L5p3-n2-beta0,160,-0.005,150,4.96875,0.9953770163862775,0.9961504592917166
xover-m05-g2-L5p3-n2-beta0__N0160__Aminus_0p005,xover-m05-g2-L5p3-n2-beta0__N0160__Aplus_0p005,xover-m05-g2-L5p3-n2-beta0,160,-0.005,151,5.001875,0.9953061267771659,0.9960912600818788
xover-m05-g2-L5p3-n2-beta0__N0160__Aminus_0p005,xover-m05-g2-L5p3-n2-beta0__N0160__Aplus_0p005,xover-m05-g2-L5p3-n2-beta0,160,-0.005,152,5.035,0.9952424113341726,0.9960380486221172
xover-m05-g2-L5p3-n2-beta0__N0160__Aminus_0p005,xover-m05-g2-L5p3-n2-beta0__N0160__Aplus_0p005,xover-m05-g2-L5p3-n2-beta0,160,-0.005,153,5.068125,0.9951859655000413,0.995990905690079
xover-m05-g2-L5p3-n2-beta0__N0160__Aminus_0p005,xover-m05-g2-L5p3-n2-beta0__N0160__Aplus_0p005,xover-m05-g2-L5p3-n2-beta0,160,-0.005,154,5.10125,0.9951368737964642,0.9959499028367637
xover-m05-g2-L5p3-n2-beta0__N0160__Aminus_0p005,xover-m05-g2-L5p3-n2-beta0__N0160__Aplus_0p005,xover-m05-g2-L5p3-n2-beta0,160,-0.005,155,5.134375,0.9950952097090218,0.9959151022831512
xover-m05-g2-L5p3-n2-beta0__N0160__Aminus_0p005,xover-m05-g2-L5p3-n2-beta0__N0160__Aplus_0p005,xover-m05-g2-L5p3-n2-beta0,160,-0.005,156,5.1675,0.9950610355872945,0.995886556830377
xover-m05-g2-L5p3-n2-beta0__N0160__Aminus_0p005,xover-m05-g2-L5p3-n2-beta0__N0160__Aplus_0p005,xover-m05-g2-L5p3-n2-beta0,160,-0.005,157,5.2006250000000005,0.9950344025602175,0.9958643097835528
xover-m05-g2-L5p3-n2-beta0__N0160__Aminus_0p005,xover-m05-g2-L5p3-n2-beta0__N0160__Aplus_0p005,xover-m05-g2-L5p3-n2-beta0,160,-0.005,158,5.233750000000001,0.9950153504667416,0.995848394889323
xover-m05-g2-L5p3-n2-beta0__N0160__Aminus_0p005,xover-m05-g2-L5p3-n2-beta0__N0160__Aplus_0p005,xover-m05-g2-L5p3-n2-beta0,160,-0.005,159,5.266875000000001,0.9950039078018524,0.9958388362872237
xover-m05-g2-L5p3-n2-beta0__N0160__Aminus_0p005,xover-m05-g2-L5p3-n2-beta0__N0160__Aplus_0p005,xover-m05-g2-L5p3-n2-beta0,160,-0.005,160,5.3,0.9950000916779831,0.9958356484749007
xover-m05-g2-L5p3-n2-beta0__N0160__Aminus_0p0025,xover-m05-g2-L5p3-n2-beta0__N0160__Aplus_0p0025,xover-m05-g2-L5p3-n2-beta0,160,-0.0025,0,0.0,0.9975000263330333,0.9979195150576246
xover-m05-g2-L5p3-n2-beta0__N0160__Aminus_0p0025,xover-m05-g2-L5p3-n2-beta0__N0160__Aplus_0p0025,xover-m05-g2-L5p3-n2-beta0,160,-0.0025,1,0.033125,0.9975019440453596,0.9979211133416045
xover-m05-g2-L5p3-n2-beta0__N0160__Aminus_0p0025,xover-m05-g2-L5p3-n2-beta0__N0160__Aplus_0p0025,xover-m05-g2-L5p3-n2-beta0,160,-0.0025,2,0.06625,0.9975076942700188,0.9979259057493239
xover-m05-g2-L5p3-n2-beta0__N0160__Aminus_0p0025,xover-m05-g2-L5p3-n2-beta0__N0160__Aplus_0p0025,xover-m05-g2-L5p3-n2-beta0,160,-0.0025,3,0.099375,0.9975172682742681,0.997933884951766
xover-m05-g2-L5p3-n2-beta0__N0160__Aminus_0p0025,xover-m05-g2-L5p3-n2-beta0__N0160__Aplus_0p0025,xover-m05-g2-L5p3-n2-beta0,160,-0.0025,4,0.1325,0.9975306515175901,0.9979450387460481
xover-m05-g2-L5p3-n2-beta0__N0160__Aminus_0p0025,xover-m05-g2-L5p3-n2-beta0__N0160__Aplus_0p0025,xover-m05-g2-L5p3-n2-beta0,160,-0.0025,5,0.16562500000000002,0.9975478236727555,0.9979593500736205
xover-m05-g2-L5p3-n2-beta0__N0160__Aminus_0p0025,xover-m05-g2-L5p3-n2-beta0__N0160__Aplus_0p0025,xover-m05-g2-L5p3-n2-beta0,160,-0.0025,6,0.19875,0.9975687586552782,0.9979767970457131
xover-m05-g2-L5p3-n2-beta0__N0160__Aminus_0p0025,xover-m05-g2-L5p3-n2-beta0__N0160__Aplus_0p0025,xover-m05-g2-L5p3-n2-beta0,160,-0.0025,7,0.231875,0.9975934246612265,0.9979973529759936
xover-m05-g2-L5p3-n2-beta0__N0160__Aminus_0p0025,xover-m05-g2-L5p3-n2-beta0__N0160__Aplus_0p0025,xover-m05-g2-L5p3-n2-beta0,160,-0.0025,8,0.265,0.9976217842133489,0.9980209864203929
xover-m05-g2-L5p3-n2-beta0__N0160__Aminus_0p0025,xover-m05-g2-L5p3-n2-beta0__N0160__Aplus_0p0025,xover-m05-g2-L5p3-n2-beta0,160,-0.0025,9,0.29812500000000003,0.9976537942154602,0.9980476612240471
xover-m05-g2-L5p3-n2-beta0__N0160__Aminus_0p0025,xover-m05-g2-L5p3-n2-beta0__N0160__Aplus_0p0025,xover-m05-g2-L5p3-n2-beta0,160,-0.0025,10,0.33125000000000004,0.9976894060150235,0.9980773365752891
xover-m05-g2-L5p3-n2-beta0__N0160__Aminus_0p0025,xover-m05-g2-L5p3-n2-beta0__N0160__Aplus_0p0025,xover-m05-g2-L5p3-n2-beta0,160,-0.0025,11,0.364375,0.9977285654738569,0.998109967066622
xover-m05-g2-L5p3-n2-beta0__N0160__Aminus_0p0025,xover-m05-g2-L5p3-n2-beta0__N0160__Aplus_0p0025,xover-m05-g2-L5p3-n2-beta0,160,-0.0025,12,0.3975,0.997771213046881,0.9981455027625884
xover-m05-g2-L5p3-n2-beta0__N0160__Aminus_0p0025,xover-m05-g2-L5p3-n2-beta0__N0160__Aplus_0p0025,xover-m05-g2-L5p3-n2-beta0,160,-0.0025,13,0.43062500000000004,0.9978172838688145,0.9981838892744453
xover-m05-g2-L5p3-n2-beta0__N0160__Aminus_0p0025,xover-m05-g2-L5p3-n2-beta0__N0160__Aplus_0p0025,xover-m05-g2-L5p3-n2-beta0,160,-0.0025,14,0.46375,0.9978667078487158,0.9982250678415443
xover-m05-g2-L5p3-n2-beta0__N0160__Aminus_0p0025,xover-m05-g2-L5p3-n2-beta0__N0160__Aplus_0p0025,xover-m05-g2-L5p3-n2-beta0,160,-0.0025,15,0.496875,0.997919409772257,0.9982689754193055
xover-m05-g2-L5p3-n2-beta0__N0160__Aminus_0p0025,xover-m05-g2-L5p3-n2-beta0__N0160__Aplus_0p0025,xover-m05-g2-L5p3-n2-beta0,160,-0.0025,16,0.53,0.9979753094116098,0.9983155447736667
xover-m05-g2-L5p3-n2-beta0__N0160__Aminus_0p0025,xover-m05-g2-L5p3-n2-beta0__N0160__Aplus_0p0025,xover-m05-g2-L5p3-n2-beta0,160,-0.0025,17,0.563125,0.9980343216428083,0.998364704581879
xover-m05-g2-L5p3-n2-beta0__N0160__Aminus_0p0025,xover-m05-g2-L5p3-n2-beta0__N0160__Aplus_0p0025,xover-m05-g2-L5p3-n2-beta0,160,-0.0025,18,0.5962500000000001,0.9980963565704486,0.9984163795395091
xover-m05-g2-L5p3-n2-beta0__N0160__Aminus_0p0025,xover-m05-g2-L5p3-n2-beta0__N0160__Aplus_0p0025,xover-m05-g2-L5p3-n2-beta0,160,-0.0025,19,0.629375,0.9981613196595718,0.9984704904735047
xover-m05-g2-L5p3-n2-beta0__N0160__Aminus_0p0025,xover-m05-g2-L5p3-n2-beta0__N0160__Aplus_0p0025,xover-m05-g2-L5p3-n2-beta0,160,-0.0025,20,0.6625000000000001,0.9982291118745676,0.9985269544611638
xover-m05-g2-L5p3-n2-beta0__N0160__Aminus_0p0025,xover-m05-g2-L5p3-n2-beta0__N0160__Aplus_0p0025,xover-m05-g2-L5p3-n2-beta0,160,-0.0025,21,0.695625,0.9982996298249277,0.9985856849548463
xover-m05-g2-L5p3-n2-beta0__N0160__Aminus_0p0025,xover-m05-g2-L5p3-n2-beta0__N0160__Aplus_0p0025,xover-m05-g2-L5p3-n2-beta0,160,-0.0025,22,0.72875,0.9983727659176647,0.9986465919122538
xover-m05-g2-L5p3-n2-beta0__N0160__Aminus_0p0025,xover-m05-g2-L5p3-n2-beta0__N0160__Aplus_0p0025,xover-m05-g2-L5p3-n2-beta0,160,-0.0025,23,0.7618750000000001,0.9984484085162061,0.9987095819320954
xover-m05-g2-L5p3-n2-beta0__N0160__Aminus_0p0025,xover-m05-g2-L5p3-n2-beta0__N0160__Aplus_0p0025,xover-m05-g2-L5p3-n2-beta0,160,-0.0025,24,0.795,0.9985264421055601,0.9987745583949504
xover-m05-g2-L5p3-n2-beta0__N0160__Aminus_0p0025,xover-m05-g2-L5p3-n2-beta0__N0160__Aplus_0p0025,xover-m05-g2-L5p3-n2-beta0,160,-0.0025,25,0.828125,0.9986067474635414,0.9988414216091319
xover-m05-g2-L5p3-n2-beta0__N0160__Aminus_0p0025,xover-m05-g2-L5p3-n2-beta0__N0160__Aplus_0p0025,xover-m05-g2-L5p3-n2-beta0,160,-0.0025,26,0.8612500000000001,0.9986892018378358,0.9989100689613414
xover-m05-g2-L5p3-n2-beta0__N0160__Aminus_0p0025,xover-m05-g2-L5p3-n2-beta0__N0160__Aplus_0p0025,xover-m05-g2-L5p3-n2-beta0,160,-0.0025,27,0.894375,0.9987736791286712,0.9989803950719048
xover-m05-g2-L5p3-n2-beta0__N0160__Aminus_0p0025,xover-m05-g2-L5p3-n2-beta0__N0160__Aplus_0p0025,xover-m05-g2-L5p3-n2-beta0,160,-0.0025,28,0.9275,0.9988600500768543,0.9990522919543672
xover-m05-g2-L5p3-n2-beta0__N0160__Aminus_0p0025,xover-m05-g2-L5p3-n2-beta0__N0160__Aplus_0p0025,xover-m05-g2-L5p3-n2-beta0,160,-0.0025,29,0.9606250000000001,0.9989481824569229,0.999125649179217
xover-m05-g2-L5p3-n2-beta0__N0160__Aminus_0p0025,xover-m05-g2-L5p3-n2-beta0__N0160__Aplus_0p0025,xover-m05-g2-L5p3-n2-beta0,160,-0.0025,30,0.99375,0.9990379412751537,0.9992003540415074
xover-m05-g2-L5p3-n2-beta0__N0160__Aminus_0p0025,xover-m05-g2-L5p3-n2-beta0__N0160__Aplus_0p0025,xover-m05-g2-L5p3-n2-beta0,160,-0.0025,31,1.026875,0.9991291889721555,0.9992762917321292
xover-m05-g2-L5p3-n2-beta0__N0160__Aminus_0p0025,xover-m05-g2-L5p3-n2-beta0__N0160__Aplus_0p0025,xover-m05-g2-L5p3-n2-beta0,160,-0.0025,32,1.06,0.9992217856297716,0.9993533455124899
xover-m05-g2-L5p3-n2-beta0__N0160__Aminus_0p0025,xover-m05-g2-L5p3-n2-beta0__N0160__Aplus_0p0025,xover-m05-g2-L5p3-n2-beta0,160,-0.0025,33,1.0931250000000001,0.9993155891820029,0.9994313968923414
xover-m05-g2-L5p3-n2-beta0__N0160__Aminus_0p0025,xover-m05-g2-L5p3-n2-beta0__N0160__Aplus_0p0025,xover-m05-g2-L5p3-n2-beta0,160,-0.0025,34,1.12625,0.999410455629658,0.9995103258104974
xover-m05-g2-L5p3-n2-beta0__N0160__Aminus_0p0025,xover-m05-g2-L5p3-n2-beta0__N0160__Aplus_0p0025,xover-m05-g2-L5p3-n2-beta0,160,-0.0025,35,1.159375,0.9995062392584252,0.9995900108181733
xover-m05-g2-L5p3-n2-beta0__N0160__Aminus_0p0025,xover-m05-g2-L5p3-n2-beta0__N0160__Aplus_0p0025,xover-m05-g2-L5p3-n2-beta0,160,-0.0025,36,1.1925000000000001,0.9996027928600559,0.9996703292646777
xover-m05-g2-L5p3-n2-beta0__N0160__Aminus_0p0025,xover-m05-g2-L5p3-n2-beta0__N0160__Aplus_0p0025,xover-m05-g2-L5p3-n2-beta0,160,-0.0025,37,1.225625,0.9996999679563408,0.9997511574851784
xover-m05-g2-L5p3-n2-beta0__N0160__Aminus_0p0025,xover-m05-g2-L5p3-n2-beta0__N0160__Aplus_0p0025,xover-m05-g2-L5p3-n2-beta0,160,-0.0025,38,1.25875,0.9997976150255502,0.9998323709902622
xover-m05-g2-L5p3-n2-beta0__N0160__Aminus_0p0025,xover-m05-g2-L5p3-n2-beta0__N0160__Aplus_0p0025,xover-m05-g2-L5p3-n2-beta0,160,-0.0025,39,1.291875,0.9998955837310085,0.999913844657003
xover-m05-g2-L5p3-n2-beta0__N0160__Aminus_0p0025,xover-m05-g2-L5p3-n2-beta0__N0160__Aplus_0p0025,xover-m05-g2-L5p3-n2-beta0,160,-0.0025,40,1.3250000000000002,0.9999937231514602,0.9999954529212496
xover-m05-g2-L5p3-n2-beta0__N0160__Aminus_0p0025,xover-m05-g2-L5p3-n2-beta0__N0160__Aplus_0p0025,xover-m05-g2-L5p3-n2-beta0,160,-0.0025,41,1.358125,1.0000918820128823,1.00007706997084
xover-m05-g2-L5p3-n2-beta0__N0160__Aminus_0p0025,xover-m05-g2-L5p3-n2-beta0__N0160__Aplus_0p0025,xover-m05-g2-L5p3-n2-beta0,160,-0.0025,42,1.39125,1.0001899089213941,1.0001585699394477
xover-m05-g2-L5p3-n2-beta0__N0160__Aminus_0p0025,xover-m05-g2-L5p3-n2-beta0__N0160__Aplus_0p0025,xover-m05-g2-L5p3-n2-beta0,160,-0.0025,43,1.4243750000000002,1.0002876525969033,1.0002398271007633
xover-m05-g2-L5p3-n2-beta0__N0160__Aminus_0p0025,xover-m05-g2-L5p3-n2-beta0__N0160__Aplus_0p0025,xover-m05-g2-L5p3-n2-beta0,160,-0.0025,44,1.4575,1.000384962107132,1.000320716062707
xover-m05-g2-L5p3-n2-beta0__N0160__Aminus_0p0025,xover-m05-g2-L5p3-n2-beta0__N0160__Aplus_0p0025,xover-m05-g2-L5p3-n2-beta0,160,-0.0025,45,1.490625,1.0004816871016542,1.0004011119613776
xover-m05-g2-L5p3-n2-beta0__N0160__Aminus_0p0025,xover-m05-g2-L5p3-n2-beta0__N0160__Aplus_0p0025,xover-m05-g2-L5p3-n2-beta0,160,-0.0025,46,1.5237500000000002,1.0005776780455795,1.0004808906544276
xover-m05-g2-L5p3-n2-beta0__N0160__Aminus_0p0025,xover-m05-g2-L5p3-n2-beta0__N0160__Aplus_0p0025,xover-m05-g2-L5p3-n2-beta0,160,-0.0025,47,1.556875,1.0006727864525076,1.0005599289135678
xover-m05-g2-L5p3-n2-beta0__N0160__Aminus_0p0025,xover-m05-g2-L5p3-n2-beta0__N0160__Aplus_0p0025,xover-m05-g2-L5p3-n2-beta0,160,-0.0025,48,1.59,1.0007668651163846,1.0006381046158945
xover-m05-g2-L5p3-n2-beta0__N0160__Aminus_0p0025,xover-m05-g2-L5p3-n2-beta0__N0160__Aplus_0p0025,xover-m05-g2-L5p3-n2-beta0,160,-0.0025,49,1.6231250000000002,1.0008597683418825,1.0007152969337367
xover-m05-g2-L5p3-n2-beta0__N0160__Aminus_0p0025,xover-m05-g2-L5p3-n2-beta0__N0160__Aplus_0p0025,xover-m05-g2-L5p3-n2-beta0,160,-0.0025,50,1.65625,1.000951352172929,1.0007913865227211
xover-m05-g2-L5p3-n2-beta0__N0160__Aminus_0p0025,xover-m05-g2-L5p3-n2-beta0__N0160__Aplus_0p0025,xover-m05-g2-L5p3-n2-beta0,160,-0.0025,51,1.689375,1.001041474619009,1.0008662557077563
xover-m05-g2-L5p3-n2-beta0__N0160__Aminus_0p0025,xover-m05-g2-L5p3-n2-beta0__N0160__Aplus_0p0025,xover-m05-g2-L5p3-n2-beta0,160,-0.0025,52,1.7225000000000001,1.0011299958788649,1.0009397886666342
xover-m05-g2-L5p3-n2-beta0__N0160__Aminus_0p0025,xover-m05-g2-L5p3-n2-beta0__N0160__Aplus_0p0025,xover-m05-g2-L5p3-n2-beta0,160,-0.0025,53,1.755625,1.0012167785612192,1.0010118716109537
xover-m05-g2-L5p3-n2-beta0__N0160__Aminus_0p0025,xover-m05-g2-L5p3-n2-beta0__N0160__Aplus_0p0025,xover-m05-g2-L5p3-n2-beta0,160,-0.0025,54,1.78875,1.0013016879021504,1.0010823929640753
xover-m05-g2-L5p3-n2-beta0__N0160__Aminus_0p0025,xover-m05-g2-L5p3-n2-beta0__N0160__Aplus_0p0025,xover-m05-g2-L5p3-n2-beta0,160,-0.0025,55,1.8218750000000001,1.0013845919787498,1.0011512435358123
xover-m05-g2-L5p3-n2-beta0__N0160__Aminus_0p0025,xover-m05-g2-L5p3-n2-beta0__N0160__Aplus_0p0025,xover-m05-g2-L5p3-n2-beta0,160,-0.0025,56,1.855,1.0014653619186962,1.0012183166935786
xover-m05-g2-L5p3-n2-beta0__N0160__Aminus_0p0025,xover-m05-g2-L5p3-n2-beta0__N0160__Aplus_0p0025,xover-m05-g2-L5p3-n2-beta0,160,-0.0025,57,1.888125,1.0015438721053858,1.0012835085297078
xover-m05-g2-L5p3-n2-beta0__N0160__Aminus_0p0025,xover-m05-g2-L5p3-n2-beta0__N0160__Aplus_0p0025,xover-m05-g2-L5p3-n2-beta0,160,-0.0025,58,1.9212500000000001,1.001620000378263,1.001346718024667
xover-m05-g2-L5p3-n2-beta0__N0160__Aminus_0p0025,xover-m05-g2-L5p3-n2-beta0__N0160__Aplus_0p0025,xover-m05-g2-L5p3-n2-beta0,160,-0.0025,59,1.9543750000000002,1.0016936282279998,1.0014078472059005
xover-m05-g2-L5p3-n2-beta0__N0160__Aminus_0p0025,xover-m05-g2-L5p3-n2-beta0__N0160__Aplus_0p0025,xover-m05-g2-L5p3-n2-beta0,160,-0.0025,60,1.9875,1.0017646409861827,1.0014668013020351
xover-m05-g2-L5p3-n2-beta0__N0160__Aminus_0p0025,xover-m05-g2-L5p3-n2-beta0__N0160__Aplus_0p0025,xover-m05-g2-L5p3-n2-beta0,160,-0.0025,61,2.020625,1.0018329280091716,1.0015234888921887
xover-m05-g2-L5p3-n2-beta0__N0160__Aminus_0p0025,xover-m05-g2-L5p3-n2-beta0__N0160__Aplus_0p0025,xover-m05-g2-L5p3-n2-beta0,160,-0.0025,62,2.05375,1.0018983828558004,1.0015778220501375
xover-m05-g2-L5p3-n2-beta0__N0160__Aminus_0p0025,xover-m05-g2-L5p3-n2-beta0__N0160__Aplus_0p0025,xover-m05-g2-L5p3-n2-beta0,160,-0.0025,63,2.086875,1.0019609034586057,1.0016297164830938
xover-m05-g2-L5p3-n2-beta0__N0160__Aminus_0p0025,xover-m05-g2-L5p3-n2-beta0__N0160__Aplus_0p0025,xover-m05-g2-L5p3-n2-beta0,160,-0.0025,64,2.12,1.0020203922882722,1.0016790916648648
xover-m05-g2-L5p3-n2-beta0__N0160__Aminus_0p0025,xover-m05-g2-L5p3-n2-beta0__N0160__Aplus_0p0025,xover-m05-g2-L5p3-n2-beta0,160,-0.0025,65,2.153125,1.0020767565109971,1.0017258709631651
xover-m05-g2-L5p3-n2-beta0__N0160__Aminus_0p0025,xover-m05-g2-L5p3-n2-beta0__N0160__Aplus_0p0025,xover-m05-g2-L5p3-n2-beta0,160,-0.0025,66,2.1862500000000002,1.0021299081384911,1.001769981760868
xover-m05-g2-L5p3-n2-beta0__N0160__Aminus_0p0025,xover-m05-g2-L5p3-n2-beta0__N0160__Aplus_0p0025,xover-m05-g2-L5p3-n2-beta0,160,-0.0025,67,2.2193750000000003,1.0021797641703358,1.0018113555709895
xover-m05-g2-L5p3-n2-beta0__N0160__Aminus_0p0025,xover-m05-g2-L5p3-n2-beta0__N0160__Aplus_0p0025,xover-m05-g2-L5p3-n2-beta0,160,-0.0025,68,2.2525,1.0022262467284426,1.0018499281452071
xover-m05-g2-L5p3-n2-beta0__N0160__Aminus_0p0025,xover-m05-g2-L5p3-n2-beta0__N0160__Aplus_0p0025,xover-m05-g2-L5p3-n2-beta0,160,-0.0025,69,2.285625,1.002269283183361,1.0018856395757314
xover-m05-g2-L5p3-n2-beta0__N0160__Aminus_0p0025,xover-m05-g2-L5p3-n2-beta0__N0160__Aplus_0p0025,xover-m05-g2-L5p3-n2-beta0,160,-0.0025,70,2.31875,1.0023088062722039,1.0019184343903522
xover-m05-g2-L5p3-n2-beta0__N0160__Aminus_0p0025,xover-m05-g2-L5p3-n2-beta0__N0160__Aplus_0p0025,xover-m05-g2-L5p3-n2-beta0,160,-0.0025,71,2.351875,1.002344754207972,1.0019482616404993
xover-m05-g2-L5p3-n2-beta0__N0160__Aminus_0p0025,xover-m05-g2-L5p3-n2-beta0__N0160__Aplus_0p0025,xover-m05-g2-L5p3-n2-beta0,160,-0.0025,72,2.3850000000000002,1.0023770707800723,1.0019750749821639
xover-m05-g2-L5p3-n2-beta0__N0160__Aminus_0p0025,xover-m05-g2-L5p3-n2-beta0__N0160__Aplus_0p0025,xover-m05-g2-L5p3-n2-beta0,160,-0.0025,73,2.4181250000000003,1.0024057054458422,1.0019988327495413
xover-m05-g2-L5p3-n2-beta0__N0160__Aminus_0p0025,xover-m05-g2-L5p3-n2-beta0__N0160__Aplus_0p0025,xover-m05-g2-L5p3-n2-beta0,160,-0.0025,74,2.45125,1.002430613412911,1.0020194980212698
xover-m05-g2-L5p3-n2-beta0__N0160__Aminus_0p0025,xover-m05-g2-L5p3-n2-beta0__N0160__Aplus_0p0025,xover-m05-g2-L5p3-n2-beta0,160,-0.0025,75,2.484375,1.0024517557122394,1.00203703867915
xover-m05-g2-L5p3-n2-beta0__N0160__Aminus_0p0025,xover-m05-g2-L5p3-n2-beta0__N0160__Aplus_0p0025,xover-m05-g2-L5p3-n2-beta0,160,-0.0025,76,2.5175,1.0024690992617036,1.0020514274592418
xover-m05-g2-L5p3-n2-beta0__N0160__Aminus_0p0025,xover-m05-g2-L5p3-n2-beta0__N0160__Aplus_0p0025,xover-m05-g2-L5p3-n2-beta0,160,-0.0025,77,2.550625,1.0024826169201013,1.0020626419952512
xover-m05-g2-L5p3-n2-beta0__N0160__Aminus_0p0025,xover-m05-g2-L5p3-n2-beta0__N0160__Aplus_0p0025,xover-m05-g2-L5p3-n2-beta0,160,-0.0025,78,2.58375,1.0024922875314795,1.0020706648541329
xover-m05-g2-L5p3-n2-beta0__N0160__Aminus_0p0025,xover-m05-g2-L5p3-n2-beta0__N0160__Aplus_0p0025,xover-m05-g2-L5p3-n2-beta0,160,-0.0025,79,2.6168750000000003,1.0024980959596976,1.0020754835638457
xover-m05-g2-L5p3-n2-beta0__N0160__Aminus_0p0025,xover-m05-g2-L5p3-n2-beta0__N0160__Aplus_0p0025,xover-m05-g2-L5p3-n2-beta0,160,-0.0025,80,2.6500000000000004,1.0025000331131644,1.0020770906332113
xover-m05-g2-L5p3-n2-beta0__N0160__Aminus_0p0025,xover-m05-g2-L5p3-n2-beta0__N0160__Aplus_0p0025,xover-m05-g2-L5p3-n2-beta0,160,-0.0025,81,2.683125,1.002498095959697,1.002075483563844
xover-m05-g2-L5p3-n2-beta0__N0160__Aminus_0p0025,xover-m05-g2-L5p3-n2-beta0__N0160__Aplus_0p0025,xover-m05-g2-L5p3-n2-beta0,160,-0.0025,82,2.71625,1.0024922875314783,1.0020706648541293
xover-m05-g2-L5p3-n2-beta0__N0160__Aminus_0p0025,xover-m05-g2-L5p3-n2-beta0__N0160__Aplus_0p0025,xover-m05-g2-L5p3-n2-beta0,160,-0.0025,83,2.749375,1.0024826169200995,1.002062641995246
xover-m05-g2-L5p3-n2-beta0__N0160__Aminus_0p0025,xover-m05-g2-L5p3-n2-beta0__N0160__Aplus_0p0025,xover-m05-g2-L5p3-n2-beta0,160,-0.0025,84,2.7825,1.0024690992617014,1.0020514274592354
xover-m05-g2-L5p3-n2-beta0__N0160__Aminus_0p0025,xover-m05-g2-L5p3-n2-beta0__N0160__Aplus_0p0025,xover-m05-g2-L5p3-n2-beta0,160,-0.0025,85,2.8156250000000003,1.0024517557122365,1.0020370386791422
xover-m05-g2-L5p3-n2-beta0__N0160__Aminus_0p0025,xover-m05-g2-L5p3-n2-beta0__N0160__Aplus_0p0025,xover-m05-g2-L5p3-n2-beta0,160,-0.0025,86,2.8487500000000003,1.0024306134129075,1.0020194980212604
xover-m05-g2-L5p3-n2-beta0__N0160__Aminus_0p0025,xover-m05-g2-L5p3-n2-beta0__N0160__Aplus_0p0025,xover-m05-g2-L5p3-n2-beta0,160,-0.0025,87,2.881875,1.0024057054458382,1.0019988327495304
xover-m05-g2-L5p3-n2-beta0__N0160__Aminus_0p0025,xover-m05-g2-L5p3-n2-beta0__N0160__Aplus_0p0025,xover-m05-g2-L5p3-n2-beta0,160,-0.0025,88,2.915,1.0023770707800677,1.0019750749821517
xover-m05-g2-L5p3-n2-beta0__N0160__Aminus_0p0025,xover-m05-g2-L5p3-n2-beta0__N0160__Aplus_0p0025,xover-m05-g2-L5p3-n2-beta0,160,-0.0025,89,2.948125,1.0023447542079669,1.0019482616404858
xover-m05-g2-L5p3-n2-beta0__N0160__Aminus_0p0025,xover-m05-g2-L5p3-n2-beta0__N0160__Aplus_0p0025,xover-m05-g2-L5p3-n2-beta0,160,-0.0025,90,2.98125,1.002308806272198,1.0019184343903371
xover-m05-g2-L5p3-n2-beta0__N0160__Aminus_0p0025,xover-m05-g2-L5p3-n2-beta0__N0160__Aplus_0p0025,xover-m05-g2-L5p3-n2-beta0,160,-0.0025,91,3.0143750000000002,1.0022692831833544,1.001885639575715
xover-m05-g2-L5p3-n2-beta0__N0160__Aminus_0p0025,xover-m05-g2-L5p3-n2-beta0__N0160__Aplus_0p0025,xover-m05-g2-L5p3-n2-beta0,160,-0.0025,92,3.0475000000000003,1.0022262467284355,1.0018499281451896
xover-m05-g2-L5p3-n2-beta0__N0160__Aminus_0p0025,xover-m05-g2-L5p3-n2-beta0__N0160__Aplus_0p0025,xover-m05-g2-L5p3-n2-beta0,160,-0.0025,93,3.080625,1.002179764170328,1.001811355570971
xover-m05-g2-L5p3-n2-beta0__N0160__Aminus_0p0025,xover-m05-g2-L5p3-n2-beta0__N0160__Aplus_0p0025,xover-m05-g2-L5p3-n2-beta0,160,-0.0025,94,3.11375,1.0021299081384827,1.0017699817608483
xover-m05-g2-L5p3-n2-beta0__N0160__Aminus_0p0025,xover-m05-g2-L5p3-n2-beta0__N0160__Aplus_0p0025,xover-m05-g2-L5p3-n2-beta0,160,-0.0025,95,3.146875,1.002076756510988,1.0017258709631442
xover-m05-g2-L5p3-n2-beta0__N0160__Aminus_0p0025,xover-m05-g2-L5p3-n2-beta0__N0160__Aplus_0p0025,xover-m05-g2-L5p3-n2-beta0,160,-0.0025,96,3.18,1.0020203922882622,1.0016790916648428
xover-m05-g2-L5p3-n2-beta0__N0160__Aminus_0p0025,xover-m05-g2-L5p3-n2-beta0__N0160__Aplus_0p0025,xover-m05-g2-L5p3-n2-beta0,160,-0.0025,97,3.2131250000000002,1.0019609034585952,1.0016297164830703
xover-m05-g2-L5p3-n2-beta0__N0160__Aminus_0p0025,xover-m05-g2-L5p3-n2-beta0__N0160__Aplus_0p0025,xover-m05-g2-L5p3-n2-beta0,160,-0.0025,98,3.2462500000000003,1.001898382855789,1.0015778220501124
xover-m05-g2-L5p3-n2-beta0__N0160__Aminus_0p0025,xover-m05-g2-L5p3-n2-beta0__N0160__Aplus_0p0025,xover-m05-g2-L5p3-n2-beta0,160,-0.0025,99,3.2793750000000004,1.0018329280091594,1.0015234888921618
xover-m05-g2-L5p3-n2-beta0__N0160__Aminus_0p0025,xover-m05-g2-L5p3-n2-beta0__N0160__Aplus_0p0025,xover-m05-g2-L5p3-n2-beta0,160,-0.0025,100,3.3125,1.0017646409861698,1.0014668013020067
xover-m05-g2-L5p3-n2-beta0__N0160__Aminus_0p0025,xover-m05-g2-L5p3-n2-beta0__N0160__Aplus_0p0025,xover-m05-g2-L5p3-n2-beta0,160,-0.0025,101,3.345625,1.001693628227986,1.0014078472058707
xover-m05-g2-L5p3-n2-beta0__N0160__Aminus_0p0025,xover-m05-g2-L5p3-n2-beta0__N0160__Aplus_0p0025,xover-m05-g2-L5p3-n2-beta0,160,-0.0025,102,3.37875,1.0016200003782485,1.0013467180246358
xover-m05-g2-L5p3-n2-beta0__N0160__Aminus_0p0025,xover-m05-g2-L5p3-n2-beta0__N0160__Aplus_0p0025,xover-m05-g2-L5p3-n2-beta0,160,-0.0025,103,3.411875,1.0015438721053704,1.0012835085296752
xover-m05-g2-L5p3-n2-beta0__N0160__Aminus_0p0025,xover-m05-g2-L5p3-n2-beta0__N0160__Aplus_0p0025,xover-m05-g2-L5p3-n2-beta0,160,-0.0025,104,3.4450000000000003,1.00146536191868,1.0012183166935449
xover-m05-g2-L5p3-n2-beta0__N0160__Aminus_0p0025,xover-m05-g2-L5p3-n2-beta0__N0160__Aplus_0p0025,xover-m05-g2-L5p3-n2-beta0,160,-0.0025,105,3.4781250000000004,1.0013845919787328,1.0011512435357768
xover-m05-g2-L5p3-n2-beta0__N0160__Aminus_0p0025,xover-m05-g2-L5p3-n2-beta0__N0160__Aplus_0p0025,xover-m05-g2-L5p3-n2-beta0,160,-0.0025,106,3.51125,1.0013016879021324,1.0010823929640382
xover-m05-g2-L5p3-n2-beta0__N0160__Aminus_0p0025,xover-m05-g2-L5p3-n2-beta0__N0160__Aplus_0p0025,xover-m05-g2-L5p3-n2-beta0,160,-0.0025,107,3.544375,1.0012167785612003,1.0010118716109153
xover-m05-g2-L5p3-n2-beta0__N0160__Aminus_0p0025,xover-m05-g2-L5p3-n2-beta0__N0160__Aplus_0p0025,xover-m05-g2-L5p3-n2-beta0,160,-0.0025,108,3.5775,1.0011299958788449,1.0009397886665943
xover-m05-g2-L5p3-n2-beta0__N0160__Aminus_0p0025,xover-m05-g2-L5p3-n2-beta0__N0160__Aplus_0p0025,xover-m05-g2-L5p3-n2-beta0,160,-0.0025,109,3.610625,1.0010414746189882,1.0008662557077153
xover-m05-g2-L5p3-n2-beta0__N0160__Aminus_0p0025,xover-m05-g2-L5p3-n2-beta0__N0160__Aplus_0p0025,xover-m05-g2-L5p3-n2-beta0,160,-0.0025,110,3.6437500000000003,1.0009513521729072,1.0007913865226787
xover-m05-g2-L5p3-n2-beta0__N0160__Aminus_0p0025,xover-m05-g2-L5p3-n2-beta0__N0160__Aplus_0p0025,xover-m05-g2-L5p3-n2-beta0,160,-0.0025,111,3.6768750000000003,1.0008597683418596,1.0007152969336932
xover-m05-g2-L5p3-n2-beta0__N0160__Aminus_0p0025,xover-m05-g2-L5p3-n2-beta0__N0160__Aplus_0p0025,xover-m05-g2-L5p3-n2-beta0,160,-0.0025,112,3.71,1.0007668651163606,1.0006381046158501
xover-m05-g2-L5p3-n2-beta0__N0160__Aminus_0p0025,xover-m05-g2-L5p3-n2-beta0__N0160__Aplus_0p0025,xover-m05-g2-L5p3-n2-beta0,160,-0.0025,113,3.743125,1.0006727864524825,1.0005599289135225
xover-m05-g2-L5p3-n2-beta0__N0160__Aminus_0p0025,xover-m05-g2-L5p3-n2-beta0__N0160__Aplus_0p0025,xover-m05-g2-L5p3-n2-beta0,160,-0.0025,114,3.77625,1.0005776780455533,1.0004808906543814
xover-m05-g2-L5p3-n2-beta0__N0160__Aminus_0p0025,xover-m05-g2-L5p3-n2-beta0__N0160__Aplus_0p0025,xover-m05-g2-L5p3-n2-beta0,160,-0.0025,115,3.809375,1.000481687101627,1.0004011119613307
xover-m05-g2-L5p3-n2-beta0__N0160__Aminus_0p0025,xover-m05-g2-L5p3-n2-beta0__N0160__Aplus_0p0025,xover-m05-g2-L5p3-n2-beta0,160,-0.0025,116,3.8425000000000002,1.0003849621071037,1.0003207160626593
xover-m05-g2-L5p3-n2-beta0__N0160__Aminus_0p0025,xover-m05-g2-L5p3-n2-beta0__N0160__Aplus_0p0025,xover-m05-g2-L5p3-n2-beta0,160,-0.0025,117,3.8756250000000003,1.000287652596874,1.0002398271007142
xover-m05-g2-L5p3-n2-beta0__N0160__Aminus_0p0025,xover-m05-g2-L5p3-n2-beta0__N0160__Aplus_0p0025,xover-m05-g2-L5p3-n2-beta0,160,-0.0025,118,3.9087500000000004,1.0001899089213637,1.0001585699393978
xover-m05-g2-L5p3-n2-beta0__N0160__Aminus_0p0025,xover-m05-g2-L5p3-n2-beta0__N0160__Aplus_0p0025,xover-m05-g2-L5p3-n2-beta0,160,-0.0025,119,3.941875,1.0000918820128508,1.0000770699707888
xover-m05-g2-L5p3-n2-beta0__N0160__Aminus_0p0025,xover-m05-g2-L5p3-n2-beta0__N0160__Aplus_0p0025,xover-m05-g2-L5p3-n2-beta0,160,-0.0025,120,3.975,0.9999937231514274,0.9999954529211974
xover-m05-g2-L5p3-n2-beta0__N0160__Aminus_0p0025,xover-m05-g2-L5p3-n2-beta0__N0160__Aplus_0p0025,xover-m05-g2-L5p3-n2-beta0,160,-0.0025,121,4.008125000000001,0.9998955837309749,0.9999138446569498
xover-m05-g2-L5p3-n2-beta0__N0160__Aminus_0p0025,xover-m05-g2-L5p3-n2-beta0__N0160__Aplus_0p0025,xover-m05-g2-L5p3-n2-beta0,160,-0.0025,122,4.04125,0.9997976150255156,0.9998323709902079
xover-m05-g2-L5p3-n2-beta0__N0160__Aminus_0p0025,xover-m05-g2-L5p3-n2-beta0__N0160__Aplus_0p0025,xover-m05-g2-L5p3-n2-beta0,160,-0.0025,123,4.074375,0.9996999679563051,0.9997511574851231
xover-m05-g2-L5p3-n2-beta0__N0160__Aminus_0p0025,xover-m05-g2-L5p3-n2-beta0__N0160__Aplus_0p0025,xover-m05-g2-L5p3-n2-beta0,160,-0.0025,124,4.1075,0.9996027928600194,0.9996703292646213
xover-m05-g2-L5p3-n2-beta0__N0160__Aminus_0p0025,xover-m05-g2-L5p3-n2-beta0__N0160__Aplus_0p0025,xover-m05-g2-L5p3-n2-beta0,160,-0.0025,125,4.140625,0.9995062392583877,0.9995900108181159
xover-m05-g2-L5p3-n2-beta0__N0160__Aminus_0p0025,xover-m05-g2-L5p3-n2-beta0__N0160__Aplus_0p0025,xover-m05-g2-L5p3-n2-beta0,160,-0.0025,126,4.17375,0.9994104556296196,0.9995103258104392
xover-m05-g2-L5p3-n2-beta0__N0160__Aminus_0p0025,xover-m05-g2-L5p3-n2-beta0__N0160__Aplus_0p0025,xover-m05-g2-L5p3-n2-beta0,160,-0.0025,127,4.206875,0.9993155891819635,0.9994313968922822
xover-m05-g2-L5p3-n2-beta0__N0160__Aminus_0p0025,xover-m05-g2-L5p3-n2-beta0__N0160__Aplus_0p0025,xover-m05-g2-L5p3-n2-beta0,160,-0.0025,128,4.24,0.9992217856297312,0.9993533455124298
xover-m05-g2-L5p3-n2-beta0__N0160__Aminus_0p0025,xover-m05-g2-L5p3-n2-beta0__N0160__Aplus_0p0025,xover-m05-g2-L5p3-n2-beta0,160,-0.0025,129,4.273125,0.9991291889721141,0.9992762917320683
xover-m05-g2-L5p3-n2-beta0__N0160__Aminus_0p0025,xover-m05-g2-L5p3-n2-beta0__N0160__Aplus_0p0025,xover-m05-g2-L5p3-n2-beta0,160,-0.0025,130,4.30625,0.9990379412751113,0.9992003540414456
xover-m05-g2-L5p3-n2-beta0__N0160__Aminus_0p0025,xover-m05-g2-L5p3-n2-beta0__N0160__Aplus_0p0025,xover-m05-g2-L5p3-n2-beta0,160,-0.0025,131,4.339375,0.9989481824568796,0.9991256491791543
xover-m05-g2-L5p3-n2-beta0__N0160__Aminus_0p0025,xover-m05-g2-L5p3-n2-beta0__N0160__Aplus_0p0025,xover-m05-g2-L5p3-n2-beta0,160,-0.0025,132,4.3725000000000005,0.9988600500768099,0.9990522919543038
xover-m05-g2-L5p3-n2-beta0__N0160__Aminus_0p0025,xover-m05-g2-L5p3-n2-beta0__N0160__Aplus_0p0025,xover-m05-g2-L5p3-n2-beta0,160,-0.0025,133,4.405625000000001,0.9987736791286259,0.9989803950718408
xover-m05-g2-L5p3-n2-beta0__N0160__Aminus_0p0025,xover-m05-g2-L5p3-n2-beta0__N0160__Aplus_0p0025,xover-m05-g2-L5p3-n2-beta0,160,-0.0025,134,4.438750000000001,0.9986892018377896,0.9989100689612765
xover-m05-g2-L5p3-n2-beta0__N0160__Aminus_0p0025,xover-m05-g2-L5p3-n2-beta0__N0160__Aplus_0p0025,xover-m05-g2-L5p3-n2-beta0,160,-0.0025,135,4.471875,0.9986067474634942,0.9988414216090666
xover-m05-g2-L5p3-n2-beta0__N0160__Aminus_0p0025,xover-m05-g2-L5p3-n2-beta0__N0160__Aplus_0p0025,xover-m05-g2-L5p3-n2-beta0,160,-0.0025,136,4.505,0.9985264421055119,0.9987745583948848
xover-m05-g2-L5p3-n2-beta0__N0160__Aminus_0p0025,xover-m05-g2-L5p3-n2-beta0__N0160__Aplus_0p0025,xover-m05-g2-L5p3-n2-beta0,160,-0.0025,137,4.538125,0.998448408516157,0.9987095819320294
xover-m05-g2-L5p3-n2-beta0__N0160__Aminus_0p0025,xover-m05-g2-L5p3-n2-beta0__N0160__Aplus_0p0025,xover-m05-g2-L5p3-n2-beta0,160,-0.0025,138,4.57125,0.9983727659176147,0.9986465919121877
xover-m05-g2-L5p3-n2-beta0__N0160__Aminus_0p0025,xover-m05-g2-L5p3-n2-beta0__N0160__Aplus_0p0025,xover-m05-g2-L5p3-n2-beta0,160,-0.0025,139,4.604375,0.9982996298248769,0.99858568495478
xover-m05-g2-L5p3-n2-beta0__N0160__Aminus_0p0025,xover-m05-g2-L5p3-n2-beta0__N0160__Aplus_0p0025,xover-m05-g2-L5p3-n2-beta0,160,-0.0025,140,4.6375,0.9982291118745159,0.9985269544610973
xover-m05-g2-L5p3-n2-beta0__N0160__Aminus_0p0025,xover-m05-g2-L5p3-n2-beta0__N0160__Aplus_0p0025,xover-m05-g2-L5p3-n2-beta0,160,-0.0025,141,4.670625,0.9981613196595193,0.9984704904734379
xover-m05-g2-L5p3-n2-beta0__N0160__Aminus_0p0025,xover-m05-g2-L5p3-n2-beta0__N0160__Aplus_0p0025,xover-m05-g2-L5p3-n2-beta0,160,-0.0025,142,4.70375,0.9980963565703953,0.9984163795394423
xover-m05-g2-L5p3-n2-beta0__N0160__Aminus_0p0025,xover-m05-g2-L5p3-n2-beta0__N0160__Aplus_0p0025,xover-m05-g2-L5p3-n2-beta0,160,-0.0025,143,4.736875,0.9980343216427542,0.9983647045818121
xover-m05-g2-L5p3-n2-beta0__N0160__Aminus_0p0025,xover-m05-g2-L5p3-n2-beta0__N0160__Aplus_0p0025,xover-m05-g2-L5p3-n2-beta0,160,-0.0025,144,4.7700000000000005,0.997975309411555,0.9983155447736001
xover-m05-g2-L5p3-n2-beta0__N0160__Aminus_0p0025,xover-m05-g2-L5p3-n2-beta0__N0160__Aplus_0p0025,xover-m05-g2-L5p3-n2-beta0,160,-0.0025,145,4.8031250000000005,0.9979194097722014,0.9982689754192391
xover-m05-g2-L5p3-n2-beta0__N0160__Aminus_0p0025,xover-m05-g2-L5p3-n2-beta0__N0160__Aplus_0p0025,xover-m05-g2-L5p3-n2-beta0,160,-0.0025,146,4.836250000000001,0.9978667078486595,0.998225067841478
xover-m05-g2-L5p3-n2-beta0__N0160__Aminus_0p0025,xover-m05-g2-L5p3-n2-beta0__N0160__Aplus_0p0025,xover-m05-g2-L5p3-n2-beta0,160,-0.0025,147,4.869375000000001,0.9978172838687576,0.998183889274379
xover-m05-g2-L5p3-n2-beta0__N0160__Aminus_0p0025,xover-m05-g2-L5p3-n2-beta0__N0160__Aplus_0p0025,xover-m05-g2-L5p3-n2-beta0,160,-0.0025,148,4.9025,0.9977712130468235,0.9981455027625218
xover-m05-g2-L5p3-n2-beta0__N0160__Aminus_0p0025,xover-m05-g2-L5p3-n2-beta0__N0160__Aplus_0p0025,xover-m05-g2-L5p3-n2-beta0,160,-0.0025,149,4.935625,0.9977285654737988,0.9981099670665552
xover-m05-g2-L5p3-n2-beta0__N0160__Aminus_0p0025,xover-m05-g2-L5p3-n2-beta0__N0160__Aplus_0p0025,xover-m05-g2-L5p3-n2-beta0,160,-0.0025,150,4.96875,0.9976894060149649,0.9980773365752218
xover-m05-g2-L5p3-n2-beta0__N0160__Aminus_0p0025,xover-m05-g2-L5p3-n2-beta0__N0160__Aplus_0p0025,xover-m05-g2-L5p3-n2-beta0,160,-0.0025,151,5.001875,0.9976537942154012,0.9980476612239796
xover-m05-g2-L5p3-n2-beta0__N0160__Aminus_0p0025,xover-m05-g2-L5p3-n2-beta0__N0160__Aplus_0p0025,xover-m05-g2-L5p3-n2-beta0,160,-0.0025,152,5.035,0.9976217842132895,0.9980209864203253
xover-m05-g2-L5p3-n2-beta0__N0160__Aminus_0p0025,xover-m05-g2-L5p3-n2-beta0__N0160__Aplus_0p0025,xover-m05-g2-L5p3-n2-beta0,160,-0.0025,153,5.068125,0.9975934246611666,0.9979973529759257
xover-m05-g2-L5p3-n2-beta0__N0160__Aminus_0p0025,xover-m05-g2-L5p3-n2-beta0__N0160__Aplus_0p0025,xover-m05-g2-L5p3-n2-beta0,160,-0.0025,154,5.10125,0.9975687586552181,0.997976797045645
xover-m05-g2-L5p3-n2-beta0__N0160__Aminus_0p0025,xover-m05-g2-L5p3-n2-beta0__N0160__Aplus_0p0025,xover-m05-g2-L5p3-n2-beta0,160,-0.0025,155,5.134375,0.9975478236726952,0.997959350073552
xover-m05-g2-L5p3-n2-beta0__N0160__Aminus_0p0025,xover-m05-g2-L5p3-n2-beta0__N0160__Aplus_0p0025,xover-m05-g2-L5p3-n2-beta0,160,-0.0025,156,5.1675,0.9975306515175295,0.9979450387459795
xover-m05-g2-L5p3-n2-beta0__N0160__Aminus_0p0025,xover-m05-g2-L5p3-n2-beta0__N0160__Aplus_0p0025,xover-m05-g2-L5p3-n2-beta0,160,-0.0025,157,5.2006250000000005,0.9975172682742073,0.9979338849516975
xover-m05-g2-L5p3-n2-beta0__N0160__Aminus_0p0025,xover-m05-g2-L5p3-n2-beta0__N0160__Aplus_0p0025,xover-m05-g2-L5p3-n2-beta0,160,-0.0025,158,5.233750000000001,0.9975076942699579,0.9979259057492552
xover-m05-g2-L5p3-n2-beta0__N0160__Aminus_0p0025,xover-m05-g2-L5p3-n2-beta0__N0160__Aplus_0p0025,xover-m05-g2-L5p3-n2-beta0,160,-0.0025,159,5.266875000000001,0.9975019440452987,0.9979211133415358
xover-m05-g2-L5p3-n2-beta0__N0160__Aminus_0p0025,xover-m05-g2-L5p3-n2-beta0__N0160__Aplus_0p0025,xover-m05-g2-L5p3-n2-beta0,160,-0.0025,160,5.3,0.9975000263329723,0.9979195150575557
xover-m05-g2-L5p3-n2-beta0__N0160__Aplus_0p0025,xover-m05-g2-L5p3-n2-beta0__N0160__Aminus_0p0025,xover-m05-g2-L5p3-n2-beta0,160,0.0025,0,0.0,1.002500033113195,1.002077090633248
xover-m05-g2-L5p3-n2-beta0__N0160__Aplus_0p0025,xover-m05-g2-L5p3-n2-beta0__N0160__Aminus_0p0025,xover-m05-g2-L5p3-n2-beta0,160,0.0025,1,0.033125,1.002498095959728,1.0020754835638814
xover-m05-g2-L5p3-n2-beta0__N0160__Aplus_0p0025,xover-m05-g2-L5p3-n2-beta0__N0160__Aminus_0p0025,xover-m05-g2-L5p3-n2-beta0,160,0.0025,2,0.06625,1.0024922875315097,1.0020706648541677
xover-m05-g2-L5p3-n2-beta0__N0160__Aplus_0p0025,xover-m05-g2-L5p3-n2-beta0__N0160__Aminus_0p0025,xover-m05-g2-L5p3-n2-beta0,160,0.0025,3,0.099375,1.002482616920131,1.0020626419952852
xover-m05-g2-L5p3-n2-beta0__N0160__Aplus_0p0025,xover-m05-g2-L5p3-n2-beta0__N0160__Aminus_0p0025,xover-m05-g2-L5p3-n2-beta0,160,0.0025,4,0.1325,1.002469099261733,1.0020514274592751
xover-m05-g2-L5p3-n2-beta0__N0160__Aplus_0p0025,xover-m05-g2-L5p3-n2-beta0__N0160__Aminus_0p0025,xover-m05-g2-L5p3-n2-beta0,160,0.0025,5,0.16562500000000002,1.0024517557122685,1.0020370386791828
xover-m05-g2-L5p3-n2-beta0__N0160__Aplus_0p0025,xover-m05-g2-L5p3-n2-beta0__N0160__Aminus_0p0025,xover-m05-g2-L5p3-n2-beta0,160,0.0025,6,0.19875,1.0024306134129397,1.0020194980213017
xover-m05-g2-L5p3-n2-beta0__N0160__Aplus_0p0025,xover-m05-g2-L5p3-n2-beta0__N0160__Aminus_0p0025,xover-m05-g2-L5p3-n2-beta0,160,0.0025,7,0.231875,1.0024057054458706,1.0019988327495726
xover-m05-g2-L5p3-n2-beta0__N0160__Aplus_0p0025,xover-m05-g2-L5p3-n2-beta0__N0160__Aminus_0p0025,xover-m05-g2-L5p3-n2-beta0,160,0.0025,8,0.265,1.0023770707801003,1.0019750749821945
xover-m05-g2-L5p3-n2-beta0__N0160__Aplus_0p0025,xover-m05-g2-L5p3-n2-beta0__N0160__Aminus_0p0025,xover-m05-g2-L5p3-n2-beta0,160,0.0025,9,0.29812500000000003,1.0023447542079995,1.0019482616405293
xover-m05-g2-L5p3-n2-beta0__N0160__Aplus_0p0025,xover-m05-g2-L5p3-n2-beta0__N0160__Aminus_0p0025,xover-m05-g2-L5p3-n2-beta0,160,0.0025,10,0.33125000000000004,1.002308806272231,1.001918434390381
xover-m05-g2-L5p3-n2-beta0__N0160__Aplus_0p0025,xover-m05-g2-L5p3-n2-beta0__N0160__Aminus_0p0025,xover-m05-g2-L5p3-n2-beta0,160,0.0025,11,0.364375,1.0022692831833877,1.0018856395757594
xover-m05-g2-L5p3-n2-beta0__N0160__Aplus_0p0025,xover-m05-g2-L5p3-n2-beta0__N0160__Aminus_0p0025,xover-m05-g2-L5p3-n2-beta0,160,0.0025,12,0.3975,1.0022262467284688,1.0018499281452344
xover-m05-g2-L5p3-n2-beta0__N0160__Aplus_0p0025,xover-m05-g2-L5p3-n2-beta0__N0160__Aminus_0p0025,xover-m05-g2-L5p3-n2-beta0,160,0.0025,13,0.43062500000000004,1.0021797641703616,1.0018113555710164
xover-m05-g2-L5p3-n2-beta0__N0160__Aplus_0p0025,xover-m05-g2-L5p3-n2-beta0__N0160__Aminus_0p0025,xover-m05-g2-L5p3-n2-beta0,160,0.0025,14,0.46375,1.0021299081385164,1.0017699817608947
xover-m05-g2-L5p3-n2-beta0__N0160__Aplus_0p0025,xover-m05-g2-L5p3-n2-beta0__N0160__Aminus_0p0025,xover-m05-g2-L5p3-n2-beta0,160,0.0025,15,0.496875,1.0020767565110218,1.0017258709631913
xover-m05-g2-L5p3-n2-beta0__N0160__Aplus_0p0025,xover-m05-g2-L5p3-n2-beta0__N0160__Aminus_0p0025,xover-m05-g2-L5p3-n2-beta0,160,0.0025,16,0.53,1.0020203922882962,1.0016790916648906
xover-m05-g2-L5p3-n2-beta0__N0160__Aplus_0p0025,xover-m05-g2-L5p3-n2-beta0__N0160__Aminus_0p0025,xover-m05-g2-L5p3-n2-beta0,160,0.0025,17,0.563125,1.0019609034586292,1.001629716483119
xover-m05-g2-L5p3-n2-beta0__N0160__Aplus_0p0025,xover-m05-g2-L5p3-n2-beta0__N0160__Aminus_0p0025,xover-m05-g2-L5p3-n2-beta0,160,0.0025,18,0.5962500000000001,1.0018983828558232,1.001577822050162
xover-m05-g2-L5p3-n2-beta0__N0160__Aplus_0p0025,xover-m05-g2-L5p3-n2-beta0__N0160__Aminus_0p0025,xover-m05-g2-L5p3-n2-beta0,160,0.0025,19,0.629375,1.0018329280091938,1.0015234888922124
xover-m05-g2-L5p3-n2-beta0__N0160__Aplus_0p0025,xover-m05-g2-L5p3-n2-beta0__N0160__Aminus_0p0025,xover-m05-g2-L5p3-n2-beta0,160,0.0025,20,0.6625000000000001,1.0017646409862044,1.001466801302058
xover-m05-g2-L5p3-n2-beta0__N0160__Aplus_0p0025,xover-m05-g2-L5p3-n2-beta0__N0160__Aminus_0p0025,xover-m05-g2-L5p3-n2-beta0,160,0.0025,21,0.695625,1.0016936282280207,1.0014078472059227
xover-m05-g2-L5p3-n2-beta0__N0160__Aplus_0p0025,xover-m05-g2-L5p3-n2-beta0__N0160__Aminus_0p0025,xover-m05-g2-L5p3-n2-beta0,160,0.0025,22,0.72875,1.0016200003782834,1.0013467180246884
xover-m05-g2-L5p3-n2-beta0__N0160__Aplus_0p0025,xover-m05-g2-L5p3-n2-beta0__N0160__Aminus_0p0025,xover-m05-g2-L5p3-n2-beta0,160,0.0025,23,0.7618750000000001,1.0015438721054053,1.001283508529729
xover-m05-g2-L5p3-n2-beta0__N0160__Aplus_0p0025,xover-m05-g2-L5p3-n2-beta0__N0160__Aminus_0p0025,xover-m05-g2-L5p3-n2-beta0,160,0.0025,24,0.795,1.001465361918715,1.0012183166935993
xover-m05-g2-L5p3-n2-beta0__N0160__Aplus_0p0025,xover-m05-g2-L5p3-n2-beta0__N0160__Aminus_0p0025,xover-m05-g2-L5p3-n2-beta0,160,0.0025,25,0.828125,1.0013845919787678,1.0011512435358318
xover-m05-g2-L5p3-n2-beta0__N0160__Aplus_0p0025,xover-m05-g2-L5p3-n2-beta0__N0160__Aminus_0p0025,xover-m05-g2-L5p3-n2-beta0,160,0.0025,26,0.8612500000000001,1.0013016879021677,1.0010823929640942
xover-m05-g2-L5p3-n2-beta0__N0160__Aplus_0p0025,xover-m05-g2-L5p3-n2-beta0__N0160__Aminus_0p0025,xover-m05-g2-L5p3-n2-beta0,160,0.0025,27,0.894375,1.0012167785612358,1.001011871610972
xover-m05-g2-L5p3-n2-beta0__N0160__Aplus_0p0025,xover-m05-g2-L5p3-n2-beta0__N0160__Aminus_0p0025,xover-m05-g2-L5p3-n2-beta0,160,0.0025,28,0.9275,1.0011299958788806,1.0009397886666516
xover-m05-g2-L5p3-n2-beta0__N0160__Aplus_0p0025,xover-m05-g2-L5p3-n2-beta0__N0160__Aminus_0p0025,xover-m05-g2-L5p3-n2-beta0,160,0.0025,29,0.9606250000000001,1.0010414746190242,1.0008662557077728
xover-m05-g2-L5p3-n2-beta0__N0160__Aplus_0p0025,xover-m05-g2-L5p3-n2-beta0__N0160__Aminus_0p0025,xover-m05-g2-L5p3-n2-beta0,160,0.0025,30,0.99375,1.0009513521729432,1.0007913865227367
xover-m05-g2-L5p3-n2-beta0__N0160__Aplus_0p0025,xover-m05-g2-L5p3-n2-beta0__N0160__Aminus_0p0025,xover-m05-g2-L5p3-n2-beta0,160,0.0025,31,1.026875,1.0008597683418958,1.0007152969337512
xover-m05-g2-L5p3-n2-beta0__N0160__Aplus_0p0025,xover-m05-g2-L5p3-n2-beta0__N0160__Aminus_0p0025,xover-m05-g2-L5p3-n2-beta0,160,0.0025,32,1.06,1.000766865116397,1.000638104615908
xover-m05-g2-L5p3-n2-beta0__N0160__Aplus_0p0025,xover-m05-g2-L5p3-n2-beta0__N0160__Aminus_0p0025,xover-m05-g2-L5p3-n2-beta0,160,0.0025,33,1.0931250000000001,1.0006727864525191,1.0005599289135803
xover-m05-g2-L5p3-n2-beta0__N0160__Aplus_0p0025,xover-m05-g2-L5p3-n2-beta0__N0160__Aminus_0p0025,xover-m05-g2-L5p3-n2-beta0,160,0.0025,34,1.12625,1.0005776780455902,1.000480890654439
xover-m05-g2-L5p3-n2-beta0__N0160__Aplus_0p0025,xover-m05-g2-L5p3-n2-beta0__N0160__Aminus_0p0025,xover-m05-g2-L5p3-n2-beta0,160,0.0025,35,1.159375,1.000481687101664,1.000401111961388
xover-m05-g2-L5p3-n2-beta0__N0160__Aplus_0p0025,xover-m05-g2-L5p3-n2-beta0__N0160__Aminus_0p0025,xover-m05-g2-L5p3-n2-beta0,160,0.0025,36,1.1925000000000001,1.0003849621071408,1.0003207160627166
xover-m05-g2-L5p3-n2-beta0__N0160__Aplus_0p0025,xover-m05-g2-L5p3-n2-beta0__N0160__Aminus_0p0025,xover-m05-g2-L5p3-n2-beta0,160,0.0025,37,1.225625,1.0002876525969113,1.0002398271007713
xover-m05-g2-L5p3-n2-beta0__N0160__Aplus_0p0025,xover-m05-g2-L5p3-n2-beta0__N0160__Aminus_0p0025,xover-m05-g2-L5p3-n2-beta0,160,0.0025,38,1.25875,1.000189908921401,1.0001585699394546
xover-m05-g2-L5p3-n2-beta0__N0160__Aplus_0p0025,xover-m05-g2-L5p3-n2-beta0__N0160__Aminus_0p0025,xover-m05-g2-L5p3-n2-beta0,160,0.0025,39,1.291875,1.0000918820128883,1.0000770699708454
xover-m05-g2-L5p3-n2-beta0__N0160__Aplus_0p0025,xover-m05-g2-L5p3-n2-beta0__N0160__Aminus_0p0025,xover-m05-g2-L5p3-n2-beta0,160,0.0025,40,1.3250000000000002,0.999993723151465,0.999995452921254
xover-m05-g2-L5p3-n2-beta0__N0160__Aplus_0p0025,xover-m05-g2-L5p3-n2-beta0__N0160__Aminus_0p0025,xover-m05-g2-L5p3-n2-beta0,160,0.0025,41,1.358125,0.9998955837310122,0.9999138446570063
xover-m05-g2-L5p3-n2-beta0__N0160__Aplus_0p0025,xover-m05-g2-L5p3-n2-beta0__N0160__Aminus_0p0025,xover-m05-g2-L5p3-n2-beta0,160,0.0025,42,1.39125,0.9997976150255526,0.9998323709902641
xover-m05-g2-L5p3-n2-beta0__N0160__Aplus_0p0025,xover-m05-g2-L5p3-n2-beta0__N0160__Aminus_0p0025,xover-m05-g2-L5p3-n2-beta0,160,0.0025,43,1.4243750000000002,0.9996999679563421,0.9997511574851791
xover-m05-g2-L5p3-n2-beta0__N0160__Aplus_0p0025,xover-m05-g2-L5p3-n2-beta0__N0160__Aminus_0p0025,xover-m05-g2-L5p3-n2-beta0,160,0.0025,44,1.4575,0.9996027928600562,0.9996703292646771
xover-m05-g2-L5p3-n2-beta0__N0160__Aplus_0p0025,xover-m05-g2-L5p3-n2-beta0__N0160__Aminus_0p0025,xover-m05-g2-L5p3-n2-beta0,160,0.0025,45,1.490625,0.9995062392584242,0.9995900108181719
xover-m05-g2-L5p3-n2-beta0__N0160__Aplus_0p0025,xover-m05-g2-L5p3-n2-beta0__N0160__Aminus_0p0025,xover-m05-g2-L5p3-n2-beta0,160,0.0025,46,1.5237500000000002,0.9994104556296559,0.999510325810495
xover-m05-g2-L5p3-n2-beta0__N0160__Aplus_0p0025,xover-m05-g2-L5p3-n2-beta0__N0160__Aminus_0p0025,xover-m05-g2-L5p3-n2-beta0,160,0.0025,47,1.556875,0.9993155891819996,0.999431396892338
xover-m05-g2-L5p3-n2-beta0__N0160__Aplus_0p0025,xover-m05-g2-L5p3-n2-beta0__N0160__Aminus_0p0025,xover-m05-g2-L5p3-n2-beta0,160,0.0025,48,1.59,0.999221785629767,0.9993533455124852
xover-m05-g2-L5p3-n2-beta0__N0160__Aplus_0p0025,xover-m05-g2-L5p3-n2-beta0__N0160__Aminus_0p0025,xover-m05-g2-L5p3-n2-beta0,160,0.0025,49,1.6231250000000002,0.9991291889721498,0.9992762917321234
xover-m05-g2-L5p3-n2-beta0__N0160__Aplus_0p0025,xover-m05-g2-L5p3-n2-beta0__N0160__Aminus_0p0025,xover-m05-g2-L5p3-n2-beta0,160,0.0025,50,1.65625,0.9990379412751468,0.9992003540415004
xover-m05-g2-L5p3-n2-beta0__N0160__Aplus_0p0025,xover-m05-g2-L5p3-n2-beta0__N0160__Aminus_0p0025,xover-m05-g2-L5p3-n2-beta0,160,0.0025,51,1.689375,0.9989481824569147,0.9991256491792089
xover-m05-g2-L5p3-n2-beta0__N0160__Aplus_0p0025,xover-m05-g2-L5p3-n2-beta0__N0160__Aminus_0p0025,xover-m05-g2-L5p3-n2-beta0,160,0.0025,52,1.7225000000000001,0.998860050076845,0.9990522919543581
xover-m05-g2-L5p3-n2-beta0__N0160__Aplus_0p0025,xover-m05-g2-L5p3-n2-beta0__N0160__Aminus_0p0025,xover-m05-g2-L5p3-n2-beta0,160,0.0025,53,1.755625,0.9987736791286608,0.9989803950718946
xover-m05-g2-L5p3-n2-beta0__N0160__Aplus_0p0025,xover-m05-g2-L5p3-n2-beta0__N0160__Aminus_0p0025,xover-m05-g2-L5p3-n2-beta0,160,0.0025,54,1.78875,0.9986892018378243,0.9989100689613302
xover-m05-g2-L5p3-n2-beta0__N0160__Aplus_0p0025,xover-m05-g2-L5p3-n2-beta0__N0160__Aminus_0p0025,xover-m05-g2-L5p3-n2-beta0,160,0.0025,55,1.8218750000000001,0.9986067474635286,0.9988414216091197
xover-m05-g2-L5p3-n2-beta0__N0160__Aplus_0p0025,xover-m05-g2-L5p3-n2-beta0__N0160__Aminus_0p0025,xover-m05-g2-L5p3-n2-beta0,160,0.0025,56,1.855,0.9985264421055461,0.9987745583949373
xover-m05-g2-L5p3-n2-beta0__N0160__Aplus_0p0025,xover-m05-g2-L5p3-n2-beta0__N0160__Aminus_0p0025,xover-m05-g2-L5p3-n2-beta0,160,0.0025,57,1.888125,0.998448408516191,0.9987095819320815
xover-m05-g2-L5p3-n2-beta0__N0160__Aplus_0p0025,xover-m05-g2-L5p3-n2-beta0__N0160__Aminus_0p0025,xover-m05-g2-L5p3-n2-beta0,160,0.0025,58,1.9212500000000001,0.9983727659176485,0.9986465919122394
xover-m05-g2-L5p3-n2-beta0__N0160__Aplus_0p0025,xover-m05-g2-L5p3-n2-beta0__N0160__Aminus_0p0025,xover-m05-g2-L5p3-n2-beta0,160,0.0025,59,1.9543750000000002,0.9982996298249104,0.9985856849548311
xover-m05-g2-L5p3-n2-beta0__N0160__Aplus_0p0025,xover-m05-g2-L5p3-n2-beta0__N0160__Aminus_0p0025,xover-m05-g2-L5p3-n2-beta0,160,0.0025,60,1.9875,0.9982291118745493,0.9985269544611478
xover-m05-g2-L5p3-n2-beta0__N0160__Aplus_0p0025,xover-m05-g2-L5p3-n2-beta0__N0160__Aminus_0p0025,xover-m05-g2-L5p3-n2-beta0,160,0.0025,61,2.020625,0.9981613196595525,0.9984704904734879
xover-m05-g2-L5p3-n2-beta0__N0160__Aplus_0p0025,xover-m05-g2-L5p3-n2-beta0__N0160__Aminus_0p0025,xover-m05-g2-L5p3-n2-beta0,160,0.0025,62,2.05375,0.9980963565704283,0.9984163795394916
xover-m05-g2-L5p3-n2-beta0__N0160__Aplus_0p0025,xover-m05-g2-L5p3-n2-beta0__N0160__Aminus_0p0025,xover-m05-g2-L5p3-n2-beta0,160,0.0025,63,2.086875,0.9980343216427869,0.9983647045818608
xover-m05-g2-L5p3-n2-beta0__N0160__Aplus_0p0025,xover-m05-g2-L5p3-n2-beta0__N0160__Aminus_0p0025,xover-m05-g2-L5p3-n2-beta0,160,0.0025,64,2.12,0.9979753094115875,0.9983155447736478
xover-m05-g2-L5p3-n2-beta0__N0160__Aplus_0p0025,xover-m05-g2-L5p3-n2-beta0__N0160__Aminus_0p0025,xover-m05-g2-L5p3-n2-beta0,160,0.0025,65,2.153125,0.9979194097722338,0.9982689754192862
xover-m05-g2-L5p3-n2-beta0__N0160__Aplus_0p0025,xover-m05-g2-L5p3-n2-beta0__N0160__Aminus_0p0025,xover-m05-g2-L5p3-n2-beta0,160,0.0025,66,2.1862500000000002,0.9978667078486917,0.9982250678415246
xover-m05-g2-L5p3-n2-beta0__N0160__Aplus_0p0025,xover-m05-g2-L5p3-n2-beta0__N0160__Aminus_0p0025,xover-m05-g2-L5p3-n2-beta0,160,0.0025,67,2.2193750000000003,0.9978172838687897,0.998183889274425
xover-m05-g2-L5p3-n2-beta0__N0160__Aplus_0p0025,xover-m05-g2-L5p3-n2-beta0__N0160__Aminus_0p0025,xover-m05-g2-L5p3-n2-beta0,160,0.0025,68,2.2525,0.9977712130468553,0.9981455027625674
xover-m05-g2-L5p3-n2-beta0__N0160__Aplus_0p0025,xover-m05-g2-L5p3-n2-beta0__N0160__Aminus_0p0025,xover-m05-g2-L5p3-n2-beta0,160,0.0025,69,2.285625,0.9977285654738305,0.9981099670666004
xover-m05-g2-L5p3-n2-beta0__N0160__Aplus_0p0025,xover-m05-g2-L5p3-n2-beta0__N0160__Aminus_0p0025,xover-m05-g2-L5p3-n2-beta0,160,0.0025,70,2.31875,0.9976894060149963,0.9980773365752666
xover-m05-g2-L5p3-n2-beta0__N0160__Aplus_0p0025,xover-m05-g2-L5p3-n2-beta0__N0160__Aminus_0p0025,xover-m05-g2-L5p3-n2-beta0,160,0.0025,71,2.351875,0.9976537942154324,0.9980476612240238
xover-m05-g2-L5p3-n2-beta0__N0160__Aplus_0p0025,xover-m05-g2-L5p3-n2-beta0__N0160__Aminus_0p0025,xover-m05-g2-L5p3-n2-beta0,160,0.0025,72,2.3850000000000002,0.9976217842133206,0.998020986420369
xover-m05-g2-L5p3-n2-beta0__N0160__Aplus_0p0025,xover-m05-g2-L5p3-n2-beta0__N0160__Aminus_0p0025,xover-m05-g2-L5p3-n2-beta0,160,0.0025,73,2.4181250000000003,0.9975934246611975,0.9979973529759689
xover-m05-g2-L5p3-n2-beta0__N0160__Aplus_0p0025,xover-m05-g2-L5p3-n2-beta0__N0160__Aminus_0p0025,xover-m05-g2-L5p3-n2-beta0,160,0.0025,74,2.45125,0.9975687586552487,0.9979767970456876
xover-m05-g2-L5p3-n2-beta0__N0160__Aplus_0p0025,xover-m05-g2-L5p3-n2-beta0__N0160__Aminus_0p0025,xover-m05-g2-L5p3-n2-beta0,160,0.0025,75,2.484375,0.9975478236727257,0.9979593500735943
xover-m05-g2-L5p3-n2-beta0__N0160__Aplus_0p0025,xover-m05-g2-L5p3-n2-beta0__N0160__Aminus_0p0025,xover-m05-g2-L5p3-n2-beta0,160,0.0025,76,2.5175,0.9975306515175598,0.9979450387460214
xover-m05-g2-L5p3-n2-beta0__N0160__Aplus_0p0025,xover-m05-g2-L5p3-n2-beta0__N0160__Aminus_0p0025,xover-m05-g2-L5p3-n2-beta0,160,0.0025,77,2.550625,0.9975172682742375,0.9979338849517386
xover-m05-g2-L5p3-n2-beta0__N0160__Aplus_0p0025,xover-m05-g2-L5p3-n2-beta0__N0160__Aminus_0p0025,xover-m05-g2-L5p3-n2-beta0,160,0.0025,78,2.58375,0.9975076942699879,0.9979259057492955
xover-m05-g2-L5p3-n2-beta0__N0160__Aplus_0p0025,xover-m05-g2-L5p3-n2-beta0__N0160__Aminus_0p0025,xover-m05-g2-L5p3-n2-beta0,160,0.0025,79,2.6168750000000003,0.9975019440453284,0.9979211133415753
xover-m05-g2-L5p3-n2-beta0__N0160__Aplus_0p0025,xover-m05-g2-L5p3-n2-beta0__N0160__Aminus_0p0025,xover-m05-g2-L5p3-n2-beta0,160,0.0025,80,2.6500000000000004,0.9975000263330018,0.9979195150575945
xover-m05-g2-L5p3-n2-beta0__N0160__Aplus_0p0025,xover-m05-g2-L5p3-n2-beta0__N0160__Aminus_0p0025,xover-m05-g2-L5p3-n2-beta0,160,0.0025,81,2.683125,0.9975019440453281,0.9979211133415739
xover-m05-g2-L5p3-n2-beta0__N0160__Aplus_0p0025,xover-m05-g2-L5p3-n2-beta0__N0160__Aminus_0p0025,xover-m05-g2-L5p3-n2-beta0,160,0.0025,82,2.71625,0.9975076942699871,0.9979259057492927
xover-m05-g2-L5p3-n2-beta0__N0160__Aplus_0p0025,xover-m05-g2-L5p3-n2-beta0__N0160__Aminus_0p0025,xover-m05-g2-L5p3-n2-beta0,160,0.0025,83,2.749375,0.9975172682742363,0.9979338849517345
xover-m05-g2-L5p3-n2-beta0__N0160__Aplus_0p0025,xover-m05-g2-L5p3-n2-beta0__N0160__Aminus_0p0025,xover-m05-g2-L5p3-n2-beta0,160,0.0025,84,2.7825,0.9975306515175582,0.997945038746016
xover-m05-g2-L5p3-n2-beta0__N0160__Aplus_0p0025,xover-m05-g2-L5p3-n2-beta0__N0160__Aminus_0p0025,xover-m05-g2-L5p3-n2-beta0,160,0.0025,85,2.8156250000000003,0.9975478236727237,0.9979593500735876
xover-m05-g2-L5p3-n2-beta0__N0160__Aplus_0p0025,xover-m05-g2-L5p3-n2-beta0__N0160__Aminus_0p0025,xover-m05-g2-L5p3-n2-beta0,160,0.0025,86,2.8487500000000003,0.9975687586552464,0.9979767970456797
xover-m05-g2-L5p3-n2-beta0__N0160__Aplus_0p0025,xover-m05-g2-L5p3-n2-beta0__N0160__Aminus_0p0025,xover-m05-g2-L5p3-n2-beta0,160,0.0025,87,2.881875,0.9975934246611947,0.9979973529759595
xover-m05-g2-L5p3-n2-beta0__N0160__Aplus_0p0025,xover-m05-g2-L5p3-n2-beta0__N0160__Aminus_0p0025,xover-m05-g2-L5p3-n2-beta0,160,0.0025,88,2.915,0.9976217842133173,0.9980209864203582
xover-m05-g2-L5p3-n2-beta0__N0160__Aplus_0p0025,xover-m05-g2-L5p3-n2-beta0__N0160__Aminus_0p0025,xover-m05-g2-L5p3-n2-beta0,160,0.0025,89,2.948125,0.9976537942154287,0.9980476612240119
xover-m05-g2-L5p3-n2-beta0__N0160__Aplus_0p0025,xover-m05-g2-L5p3-n2-beta0__N0160__Aminus_0p0025,xover-m05-g2-L5p3-n2-beta0,160,0.0025,90,2.98125,0.9976894060149921,0.9980773365752535
xover-m05-g2-L5p3-n2-beta0__N0160__Aplus_0p0025,xover-m05-g2-L5p3-n2-beta0__N0160__Aminus_0p0025,xover-m05-g2-L5p3-n2-beta0,160,0.0025,91,3.0143750000000002,0.9977285654738257,0.9981099670665862
xover-m05-g2-L5p3-n2-beta0__N0160__Aplus_0p0025,xover-m05-g2-L5p3-n2-beta0__N0160__Aminus_0p0025,xover-m05-g2-L5p3-n2-beta0,160,0.0025,92,3.0475000000000003,0.9977712130468501,0.9981455027625521
xover-m05-g2-L5p3-n2-beta0__N0160__Aplus_0p0025,xover-m05-g2-L5p3-n2-beta0__N0160__Aminus_0p0025,xover-m05-g2-L5p3-n2-beta0,160,0.0025,93,3.080625,0.9978172838687839,0.9981838892744086
xover-m05-g2-L5p3-n2-beta0__N0160__Aplus_0p0025,xover-m05-g2-L5p3-n2-beta0__N0160__Aminus_0p0025,xover-m05-g2-L5p3-n2-beta0,160,0.0025,94,3.11375,0.9978667078486854,0.998225067841507
xover-m05-g2-L5p3-n2-beta0__N0160__Aplus_0p0025,xover-m05-g2-L5p3-n2-beta0__N0160__Aminus_0p0025,xover-m05-g2-L5p3-n2-beta0,160,0.0025,95,3.146875,0.9979194097722269,0.9982689754192674
xover-m05-g2-L5p3-n2-beta0__N0160__Aplus_0p0025,xover-m05-g2-L5p3-n2-beta0__N0160__Aminus_0p0025,xover-m05-g2-L5p3-n2-beta0,160,0.0025,96,3.18,0.9979753094115801,0.998315544773628
xover-m05-g2-L5p3-n2-beta0__N0160__Aplus_0p0025,xover-m05-g2-L5p3-n2-beta0__N0160__Aminus_0p0025,xover-m05-g2-L5p3-n2-beta0,160,0.0025,97,3.2131250000000002,0.9980343216427789,0.9983647045818395
xover-m05-g2-L5p3-n2-beta0__N0160__Aplus_0p0025,xover-m05-g2-L5p3-n2-beta0__N0160__Aminus_0p0025,xover-m05-g2-L5p3-n2-beta0,160,0.0025,98,3.2462500000000003,0.9980963565704196,0.9984163795394688
xover-m05-g2-L5p3-n2-beta0__N0160__Aplus_0p0025,xover-m05-g2-L5p3-n2-beta0__N0160__Aminus_0p0025,xover-m05-g2-L5p3-n2-beta0,160,0.0025,99,3.2793750000000004,0.9981613196595431,0.9984704904734636
xover-m05-g2-L5p3-n2-beta0__N0160__Aplus_0p0025,xover-m05-g2-L5p3-n2-beta0__N0160__Aminus_0p0025,xover-m05-g2-L5p3-n2-beta0,160,0.0025,100,3.3125,0.9982291118745393,0.9985269544611222
xover-m05-g2-L5p3-n2-beta0__N0160__Aplus_0p0025,xover-m05-g2-L5p3-n2-beta0__N0160__Aminus_0p0025,xover-m05-g2-L5p3-n2-beta0,160,0.0025,101,3.345625,0.9982996298248997,0.998585684954804
xover-m05-g2-L5p3-n2-beta0__N0160__Aplus_0p0025,xover-m05-g2-L5p3-n2-beta0__N0160__Aminus_0p0025,xover-m05-g2-L5p3-n2-beta0,160,0.0025,102,3.37875,0.998372765917637,0.9986465919122108
xover-m05-g2-L5p3-n2-beta0__N0160__Aplus_0p0025,xover-m05-g2-L5p3-n2-beta0__N0160__Aminus_0p0025,xover-m05-g2-L5p3-n2-beta0,160,0.0025,103,3.411875,0.9984484085161788,0.9987095819320514
xover-m05-g2-L5p3-n2-beta0__N0160__Aplus_0p0025,xover-m05-g2-L5p3-n2-beta0__N0160__Aminus_0p0025,xover-m05-g2-L5p3-n2-beta0,160,0.0025,104,3.4450000000000003,0.9985264421055331,0.9987745583949058
xover-m05-g2-L5p3-n2-beta0__N0160__Aplus_0p0025,xover-m05-g2-L5p3-n2-beta0__N0160__Aminus_0p0025,xover-m05-g2-L5p3-n2-beta0,160,0.0025,105,3.4781250000000004,0.9986067474635147,0.9988414216090866
xover-m05-g2-L5p3-n2-beta0__N0160__Aplus_0p0025,xover-m05-g2-L5p3-n2-beta0__N0160__Aminus_0p0025,xover-m05-g2-L5p3-n2-beta0,160,0.0025,106,3.51125,0.9986892018378096,0.9989100689612955
xover-m05-g2-L5p3-n2-beta0__N0160__Aplus_0p0025,xover-m05-g2-L5p3-n2-beta0__N0160__Aminus_0p0025,xover-m05-g2-L5p3-n2-beta0,160,0.0025,107,3.544375,0.9987736791286452,0.9989803950718587
xover-m05-g2-L5p3-n2-beta0__N0160__Aplus_0p0025,xover-m05-g2-L5p3-n2-beta0__N0160__Aminus_0p0025,xover-m05-g2-L5p3-n2-beta0,160,0.0025,108,3.5775,0.9988600500768285,0.9990522919543205
xover-m05-g2-L5p3-n2-beta0__N0160__Aplus_0p0025,xover-m05-g2-L5p3-n2-beta0__N0160__Aminus_0p0025,xover-m05-g2-L5p3-n2-beta0,160,0.0025,109,3.610625,0.9989481824568974,0.9991256491791701
xover-m05-g2-L5p3-n2-beta0__N0160__Aplus_0p0025,xover-m05-g2-L5p3-n2-beta0__N0160__Aminus_0p0025,xover-m05-g2-L5p3-n2-beta0,160,0.0025,110,3.6437500000000003,0.9990379412751283,0.9992003540414602
xover-m05-g2-L5p3-n2-beta0__N0160__Aplus_0p0025,xover-m05-g2-L5p3-n2-beta0__N0160__Aminus_0p0025,xover-m05-g2-L5p3-n2-beta0,160,0.0025,111,3.6768750000000003,0.9991291889721304,0.9992762917320822
xover-m05-g2-L5p3-n2-beta0__N0160__Aplus_0p0025,xover-m05-g2-L5p3-n2-beta0__N0160__Aminus_0p0025,xover-m05-g2-L5p3-n2-beta0,160,0.0025,112,3.71,0.9992217856297467,0.999353345512443
xover-m05-g2-L5p3-n2-beta0__N0160__Aplus_0p0025,xover-m05-g2-L5p3-n2-beta0__N0160__Aminus_0p0025,xover-m05-g2-L5p3-n2-beta0,160,0.0025,113,3.743125,0.9993155891819782,0.9994313968922948
xover-m05-g2-L5p3-n2-beta0__N0160__Aplus_0p0025,xover-m05-g2-L5p3-n2-beta0__N0160__Aminus_0p0025,xover-m05-g2-L5p3-n2-beta0,160,0.0025,114,3.77625,0.9994104556296334,0.9995103258104509
xover-m05-g2-L5p3-n2-beta0__N0160__Aplus_0p0025,xover-m05-g2-L5p3-n2-beta0__N0160__Aminus_0p0025,xover-m05-g2-L5p3-n2-beta0,160,0.0025,115,3.809375,0.9995062392584007,0.9995900108181269
xover-m05-g2-L5p3-n2-beta0__N0160__Aplus_0p0025,xover-m05-g2-L5p3-n2-beta0__N0160__Aminus_0p0025,xover-m05-g2-L5p3-n2-beta0,160,0.0025,116,3.8425000000000002,0.9996027928600314,0.9996703292646315
xover-m05-g2-L5p3-n2-beta0__N0160__Aplus_0p0025,xover-m05-g2-L5p3-n2-beta0__N0160__Aminus_0p0025,xover-m05-g2-L5p3-n2-beta0,160,0.0025,117,3.8756250000000003,0.9996999679563162,0.9997511574851322
xover-m05-g2-L5p3-n2-beta0__N0160__Aplus_0p0025,xover-m05-g2-L5p3-n2-beta0__N0160__Aminus_0p0025,xover-m05-g2-L5p3-n2-beta0,160,0.0025,118,3.9087500000000004,0.9997976150255257,0.9998323709902162
xover-m05-g2-L5p3-n2-beta0__N0160__Aplus_0p0025,xover-m05-g2-L5p3-n2-beta0__N0160__Aminus_0p0025,xover-m05-g2-L5p3-n2-beta0,160,0.0025,119,3.941875,0.999895583730984,0.9999138446569572
xover-m05-g2-L5p3-n2-beta0__N0160__Aplus_0p0025,xover-m05-g2-L5p3-n2-beta0__N0160__Aminus_0p0025,xover-m05-g2-L5p3-n2-beta0,160,0.0025,120,3.975,0.9999937231514355,0.9999954529212037
xover-m05-g2-L5p3-n2-beta0__N0160__Aplus_0p0025,xover-m05-g2-L5p3-n2-beta0__N0160__Aminus_0p0025,xover-m05-g2-L5p3-n2-beta0,160,0.0025,121,4.008125000000001,1.0000918820128577,1.0000770699707942
xover-m05-g2-L5p3-n2-beta0__N0160__Aplus_0p0025,xover-m05-g2-L5p3-n2-beta0__N0160__Aminus_0p0025,xover-m05-g2-L5p3-n2-beta0,160,0.0025,122,4.04125,1.0001899089213695,1.000158569939402
xover-m05-g2-L5p3-n2-beta0__N0160__Aplus_0p0025,xover-m05-g2-L5p3-n2-beta0__N0160__Aminus_0p0025,xover-m05-g2-L5p3-n2-beta0,160,0.0025,123,4.074375,1.0002876525968785,1.0002398271007176
xover-m05-g2-L5p3-n2-beta0__N0160__Aplus_0p0025,xover-m05-g2-L5p3-n2-beta0__N0160__Aminus_0p0025,xover-m05-g2-L5p3-n2-beta0,160,0.0025,124,4.1075,1.0003849621071068,1.0003207160626613
xover-m05-g2-L5p3-n2-beta0__N0160__Aplus_0p0025,xover-m05-g2-L5p3-n2-beta0__N0160__Aminus_0p0025,xover-m05-g2-L5p3-n2-beta0,160,0.0025,125,4.140625,1.0004816871016289,1.0004011119613319
xover-m05-g2-L5p3-n2-beta0__N0160__Aplus_0p0025,xover-m05-g2-L5p3-n2-beta0__N0160__Aminus_0p0025,xover-m05-g2-L5p3-n2-beta0,160,0.0025,126,4.17375,1.000577678045554,1.0004808906543818
xover-m05-g2-L5p3-n2-beta0__N0160__Aplus_0p0025,xover-m05-g2-L5p3-n2-beta0__N0160__Aminus_0p0025,xover-m05-g2-L5p3-n2-beta0,160,0.0025,127,4.206875,1.0006727864524818,1.000559928913522
xover-m05-g2-L5p3-n2-beta0__N0160__Aplus_0p0025,xover-m05-g2-L5p3-n2-beta0__N0160__Aminus_0p0025,xover-m05-g2-L5p3-n2-beta0,160,0.0025,128,4.24,1.0007668651163584,1.000638104615849
xover-m05-g2-L5p3-n2-beta0__N0160__Aplus_0p0025,xover-m05-g2-L5p3-n2-beta0__N0160__Aminus_0p0025,xover-m05-g2-L5p3-n2-beta0,160,0.0025,129,4.273125,1.000859768341856,1.0007152969336912
xover-m05-g2-L5p3-n2-beta0__N0160__Aplus_0p0025,xover-m05-g2-L5p3-n2-beta0__N0160__Aminus_0p0025,xover-m05-g2-L5p3-n2-beta0,160,0.0025,130,4.30625,1.0009513521729023,1.0007913865226756
xover-m05-g2-L5p3-n2-beta0__N0160__Aplus_0p0025,xover-m05-g2-L5p3-n2-beta0__N0160__Aminus_0p0025,xover-m05-g2-L5p3-n2-beta0,160,0.0025,131,4.339375,1.0010414746189822,1.0008662557077108
xover-m05-g2-L5p3-n2-beta0__N0160__Aplus_0p0025,xover-m05-g2-L5p3-n2-beta0__N0160__Aminus_0p0025,xover-m05-g2-L5p3-n2-beta0,160,0.0025,132,4.3725000000000005,1.0011299958788376,1.0009397886665887
xover-m05-g2-L5p3-n2-beta0__N0160__Aplus_0p0025,xover-m05-g2-L5p3-n2-beta0__N0160__Aminus_0p0025,xover-m05-g2-L5p3-n2-beta0,160,0.0025,133,4.405625000000001,1.0012167785611916,1.0010118716109084
xover-m05-g2-L5p3-n2-beta0__N0160__Aplus_0p0025,xover-m05-g2-L5p3-n2-beta0__N0160__Aminus_0p0025,xover-m05-g2-L5p3-n2-beta0,160,0.0025,134,4.438750000000001,1.0013016879021224,1.00108239296403
xover-m05-g2-L5p3-n2-beta0__N0160__Aplus_0p0025,xover-m05-g2-L5p3-n2-beta0__N0160__Aminus_0p0025,xover-m05-g2-L5p3-n2-beta0,160,0.0025,135,4.471875,1.0013845919787214,1.0011512435357675
xover-m05-g2-L5p3-n2-beta0__N0160__Aplus_0p0025,xover-m05-g2-L5p3-n2-beta0__N0160__Aminus_0p0025,xover-m05-g2-L5p3-n2-beta0,160,0.0025,136,4.505,1.0014653619186675,1.0012183166935342
xover-m05-g2-L5p3-n2-beta0__N0160__Aplus_0p0025,xover-m05-g2-L5p3-n2-beta0__N0160__Aminus_0p0025,xover-m05-g2-L5p3-n2-beta0,160,0.0025,137,4.538125,1.001543872105357,1.0012835085296634
xover-m05-g2-L5p3-n2-beta0__N0160__Aplus_0p0025,xover-m05-g2-L5p3-n2-beta0__N0160__Aminus_0p0025,xover-m05-g2-L5p3-n2-beta0,160,0.0025,138,4.57125,1.0016200003782336,1.0013467180246227
xover-m05-g2-L5p3-n2-beta0__N0160__Aplus_0p0025,xover-m05-g2-L5p3-n2-beta0__N0160__Aminus_0p0025,xover-m05-g2-L5p3-n2-beta0,160,0.0025,139,4.604375,1.00169362822797,1.0014078472058567
xover-m05-g2-L5p3-n2-beta0__N0160__Aplus_0p0025,xover-m05-g2-L5p3-n2-beta0__N0160__Aminus_0p0025,xover-m05-g2-L5p3-n2-beta0,160,0.0025,140,4.6375,1.0017646409861527,1.0014668013019916
xover-m05-g2-L5p3-n2-beta0__N0160__Aplus_0p0025,xover-m05-g2-L5p3-n2-beta0__N0160__Aminus_0p0025,xover-m05-g2-L5p3-n2-beta0,160,0.0025,141,4.670625,1.0018329280091411,1.0015234888921458
xover-m05-g2-L5p3-n2-beta0__N0160__Aplus_0p0025,xover-m05-g2-L5p3-n2-beta0__N0160__Aminus_0p0025,xover-m05-g2-L5p3-n2-beta0,160,0.0025,142,4.70375,1.0018983828557697,1.001577822050095
xover-m05-g2-L5p3-n2-beta0__N0160__Aplus_0p0025,xover-m05-g2-L5p3-n2-beta0__N0160__Aminus_0p0025,xover-m05-g2-L5p3-n2-beta0,160,0.0025,143,4.736875,1.0019609034585748,1.001629716483052
xover-m05-g2-L5p3-n2-beta0__N0160__Aplus_0p0025,xover-m05-g2-L5p3-n2-beta0__N0160__Aminus_0p0025,xover-m05-g2-L5p3-n2-beta0,160,0.0025,144,4.7700000000000005,1.002020392288241,1.0016790916648237
xover-m05-g2-L5p3-n2-beta0__N0160__Aplus_0p0025,xover-m05-g2-L5p3-n2-beta0__N0160__Aminus_0p0025,xover-m05-g2-L5p3-n2-beta0,160,0.0025,145,4.8031250000000005,1.0020767565109656,1.0017258709631245
xover-m05-g2-L5p3-n2-beta0__N0160__Aplus_0p0025,xover-m05-g2-L5p3-n2-beta0__N0160__Aminus_0p0025,xover-m05-g2-L5p3-n2-beta0,160,0.0025,146,4.836250000000001,1.0021299081384594,1.0017699817608279
xover-m05-g2-L5p3-n2-beta0__N0160__Aplus_0p0025,xover-m05-g2-L5p3-n2-beta0__N0160__Aminus_0p0025,xover-m05-g2-L5p3-n2-beta0,160,0.0025,147,4.869375000000001,1.0021797641703039,1.0018113555709496
xover-m05-g2-L5p3-n2-beta0__N0160__Aplus_0p0025,xover-m05-g2-L5p3-n2-beta0__N0160__Aminus_0p0025,xover-m05-g2-L5p3-n2-beta0,160,0.0025,148,4.9025,1.0022262467284104,1.0018499281451672
xover-m05-g2-L5p3-n2-beta0__N0160__Aplus_0p0025,xover-m05-g2-L5p3-n2-beta0__N0160__Aminus_0p0025,xover-m05-g2-L5p3-n2-beta0,160,0.0025,149,4.935625,1.0022692831833286,1.0018856395756917
xover-m05-g2-L5p3-n2-beta0__N0160__Aplus_0p0025,xover-m05-g2-L5p3-n2-beta0__N0160__Aminus_0p0025,xover-m05-g2-L5p3-n2-beta0,160,0.0025,150,4.96875,1.0023088062721712,1.001918434390313
xover-m05-g2-L5p3-n2-beta0__N0160__Aplus_0p0025,xover-m05-g2-L5p3-n2-beta0__N0160__Aminus_0p0025,xover-m05-g2-L5p3-n2-beta0,160,0.0025,151,5.001875,1.0023447542079393,1.0019482616404607
xover-m05-g2-L5p3-n2-beta0__N0160__Aplus_0p0025,xover-m05-g2-L5p3-n2-beta0__N0160__Aminus_0p0025,xover-m05-g2-L5p3-n2-beta0,160,0.0025,152,5.035,1.0023770707800395,1.001975074982126
xover-m05-g2-L5p3-n2-beta0__N0160__Aplus_0p0025,xover-m05-g2-L5p3-n2-beta0__N0160__Aminus_0p0025,xover-m05-g2-L5p3-n2-beta0,160,0.0025,153,5.068125,1.0024057054458095,1.0019988327495037
xover-m05-g2-L5p3-n2-beta0__N0160__Aplus_0p0025,xover-m05-g2-L5p3-n2-beta0__N0160__Aminus_0p0025,xover-m05-g2-L5p3-n2-beta0,160,0.0025,154,5.10125,1.0024306134128782,1.0020194980212327
xover-m05-g2-L5p3-n2-beta0__N0160__Aplus_0p0025,xover-m05-g2-L5p3-n2-beta0__N0160__Aminus_0p0025,xover-m05-g2-L5p3-n2-beta0,160,0.0025,155,5.134375,1.0024517557122066,1.0020370386791135
xover-m05-g2-L5p3-n2-beta0__N0160__Aplus_0p0025,xover-m05-g2-L5p3-n2-beta0__N0160__Aminus_0p0025,xover-m05-g2-L5p3-n2-beta0,160,0.0025,156,5.1675,1.002469099261671,1.0020514274592058
xover-m05-g2-L5p3-n2-beta0__N0160__Aplus_0p0025,xover-m05-g2-L5p3-n2-beta0__N0160__Aminus_0p0025,xover-m05-g2-L5p3-n2-beta0,160,0.0025,157,5.2006250000000005,1.002482616920069,1.0020626419952159
xover-m05-g2-L5p3-n2-beta0__N0160__Aplus_0p0025,xover-m05-g2-L5p3-n2-beta0__N0160__Aminus_0p0025,xover-m05-g2-L5p3-n2-beta0,160,0.0025,158,5.233750000000001,1.002492287531447,1.0020706648540985
xover-m05-g2-L5p3-n2-beta0__N0160__Aplus_0p0025,xover-m05-g2-L5p3-n2-beta0__N0160__Aminus_0p0025,xover-m05-g2-L5p3-n2-beta0,160,0.0025,159,5.266875000000001,1.0024980959596654,1.0020754835638122
xover-m05-g2-L5p3-n2-beta0__N0160__Aplus_0p0025,xover-m05-g2-L5p3-n2-beta0__N0160__Aminus_0p0025,xover-m05-g2-L5p3-n2-beta0,160,0.0025,160,5.3,1.0025000331131326,1.0020770906331786
xover-m05-g2-L5p3-n2-beta0__N0160__Aplus_0p005,xover-m05-g2-L5p3-n2-beta0__N0160__Aminus_0p005,xover-m05-g2-L5p3-n2-beta0,160,0.005,0,0.0,1.00500014591988,1.0041507739423174
xover-m05-g2-L5p3-n2-beta0__N0160__Aplus_0p005,xover-m05-g2-L5p3-n2-beta0__N0160__Aminus_0p005,xover-m05-g2-L5p3-n2-beta0,160,0.005,1,0.033125,1.0049962520301743,1.0041475509882405
xover-m05-g2-L5p3-n2-beta0__N0160__Aplus_0p005,xover-m05-g2-L5p3-n2-beta0__N0160__Aminus_0p005,xover-m05-g2-L5p3-n2-beta0,160,0.005,2,0.06625,1.004984576547253,1.004137887177547
xover-m05-g2-L5p3-n2-beta0__N0160__Aplus_0p005,xover-m05-g2-L5p3-n2-beta0__N0160__Aminus_0p005,xover-m05-g2-L5p3-n2-beta0,160,0.005,3,0.099375,1.0049651380190245,1.004121797656547
xover-m05-g2-L5p3-n2-beta0__N0160__Aplus_0p005,xover-m05-g2-L5p3-n2-beta0__N0160__Aminus_0p005,xover-m05-g2-L5p3-n2-beta0,160,0.005,4,0.1325,1.0049379673230958,1.0040993076414397
xover-m05-g2-L5p3-n2-beta0__N0160__Aplus_0p005,xover-m05-g2-L5p3-n2-beta0__N0160__Aminus_0p005,xover-m05-g2-L5p3-n2-beta0,160,0.005,5,0.16562500000000002,1.0049031076134922,1.004070452376892
xover-m05-g2-L5p3-n2-beta0__N0160__Aplus_0p005,xover-m05-g2-L5p3-n2-beta0__N0160__Aminus_0p005,xover-m05-g2-L5p3-n2-beta0,160,0.005,6,0.19875,1.0048606142462337,1.0040352770781604
xover-m05-g2-L5p3-n2-beta0__N0160__Aplus_0p005,xover-m05-g2-L5p3-n2-beta0__N0160__Aminus_0p005,xover-m05-g2-L5p3-n2-beta0,160,0.005,7,0.231875,1.00481055468393,1.00399383685687
xover-m05-g2-L5p3-n2-beta0__N0160__Aplus_0p005,xover-m05-g2-L5p3-n2-beta0__N0160__Aminus_0p005,xover-m05-g2-L5p3-n2-beta0,160,0.005,8,0.265,1.0047530083796057,1.0039461966305876
xover-m05-g2-L5p3-n2-beta0__N0160__Aplus_0p005,xover-m05-g2-L5p3-n2-beta0__N0160__Aminus_0p005,xover-m05-g2-L5p3-n2-beta0,160,0.005,9,0.29812500000000003,1.0046880666400129,1.003892431016372
xover-m05-g2-L5p3-n2-beta0__N0160__Aplus_0p005,xover-m05-g2-L5p3-n2-beta0__N0160__Aminus_0p005,xover-m05-g2-L5p3-n2-beta0,160,0.005,10,0.33125000000000004,1.0046158324687327,1.0038326242084947
xover-m05-g2-L5p3-n2-beta0__N0160__Aplus_0p005,xover-m05-g2-L5p3-n2-beta0__N0160__Aminus_0p005,xover-m05-g2-L5p3-n2-beta0,160,0.005,11,0.364375,1.00453642038941,1.0037668698405757
xover-m05-g2-L5p3-n2-beta0__N0160__Aplus_0p005,xover-m05-g2-L5p3-n2-beta0__N0160__Aminus_0p005,xover-m05-g2-L5p3-n2-beta0,160,0.005,12,0.3975,1.0044499562495068,1.003695270832389
xover-m05-g2-L5p3-n2-beta0__N0160__Aplus_0p005,xover-m05-g2-L5p3-n2-beta0__N0160__Aminus_0p005,xover-m05-g2-L5p3-n2-beta0,160,0.005,13,0.43062500000000004,1.0043565770050047,1.0036179392216356
xover-m05-g2-L5p3-n2-beta0__N0160__Aplus_0p005,xover-m05-g2-L5p3-n2-beta0__N0160__Aminus_0p005,xover-m05-g2-L5p3-n2-beta0,160,0.005,14,0.46375,1.0042564304865196,1.0035349959810012
xover-m05-g2-L5p3-n2-beta0__N0160__Aplus_0p005,xover-m05-g2-L5p3-n2-beta0__N0160__Aminus_0p005,xover-m05-g2-L5p3-n2-beta0,160,0.005,15,0.496875,1.004149675147339,1.0034465708208438
xover-m05-g2-L5p3-n2-beta0__N0160__Aplus_0p005,xover-m05-g2-L5p3-n2-beta0__N0160__Aminus_0p005,xover-m05-g2-L5p3-n2-beta0,160,0.005,16,0.53,1.0040364797939172,1.0033528019778852
xover-m05-g2-L5p3-n2-beta0__N0160__Aplus_0p005,xover-m05-g2-L5p3-n2-beta0__N0160__Aminus_0p005,xover-m05-g2-L5p3-n2-beta0,160,0.005,17,0.563125,1.003917023299406,1.003253835990302
xover-m05-g2-L5p3-n2-beta0__N0160__Aplus_0p005,xover-m05-g2-L5p3-n2-beta0__N0160__Aminus_0p005,xover-m05-g2-L5p3-n2-beta0,160,0.005,18,0.5962500000000001,1.0037914943008286,1.0031498274596378
xover-m05-g2-L5p3-n2-beta0__N0160__Aplus_0p005,xover-m05-g2-L5p3-n2-beta0__N0160__Aminus_0p005,xover-m05-g2-L5p3-n2-beta0,160,0.005,19,0.629375,1.0036600908805344,1.003040938799978
xover-m05-g2-L5p3-n2-beta0__N0160__Aplus_0p005,xover-m05-g2-L5p3-n2-beta0__N0160__Aminus_0p005,xover-m05-g2-L5p3-n2-beta0,160,0.005,20,0.6625000000000001,1.0035230202325984,1.0029273399748546
xover-m05-g2-L5p3-n2-beta0__N0160__Aplus_0p005,xover-m05-g2-L5p3-n2-beta0__N0160__Aminus_0p005,xover-m05-g2-L5p3-n2-beta0,160,0.005,21,0.695625,1.00338049831486,1.0028092082223627
xover-m05-g2-L5p3-n2-beta0__N0160__Aplus_0p005,xover-m05-g2-L5p3-n2-beta0__N0160__Aminus_0p005,xover-m05-g2-L5p3-n2-beta0,160,0.005,22,0.72875,1.003232749487314,1.0026867277689964
xover-m05-g2-L5p3-n2-beta0__N0160__Aplus_0p005,xover-m05-g2-L5p3-n2-beta0__N0160__Aminus_0p005,xover-m05-g2-L5p3-n2-beta0,160,0.005,23,0.7618750000000001,1.0030800061375935,1.0025600895327211
xover-m05-g2-L5p3-n2-beta0__N0160__Aplus_0p005,xover-m05-g2-L5p3-n2-beta0__N0160__Aminus_0p005,xover-m05-g2-L5p3-n2-beta0,160,0.005,24,0.795,1.0029225082942992,1.0024294908158256
xover-m05-g2-L5p3-n2-beta0__N0160__Aplus_0p005,xover-m05-g2-L5p3-n2-beta0__N0160__Aminus_0p005,xover-m05-g2-L5p3-n2-beta0,160,0.005,25,0.828125,1.0027605032289488,1.0022951349881026
xover-m05-g2-L5p3-n2-beta0__N0160__Aplus_0p005,xover-m05-g2-L5p3-n2-beta0__N0160__Aminus_0p005,xover-m05-g2-L5p3-n2-beta0,160,0.005,26,0.8612500000000001,1.0025942450473362,1.002157231160926
xover-m05-g2-L5p3-n2-beta0__N0160__Aplus_0p005,xover-m05-g2-L5p3-n2-beta0__N0160__Aminus_0p005,xover-m05-g2-L5p3-n2-beta0,160,0.005,27,0.894375,1.0024239942710973,1.0020159938528053
xover-m05-g2-L5p3-n2-beta0__N0160__Aplus_0p005,xover-m05-g2-L5p3-n2-beta0__N0160__Aminus_0p005,xover-m05-g2-L5p3-n2-beta0,160,0.005,28,0.9275,1.0022500174102968,1.0018716426470051
xover-m05-g2-L5p3-n2-beta0__N0160__Aplus_0p005,xover-m05-g2-L5p3-n2-beta0__N0160__Aminus_0p005,xover-m05-g2-L5p3-n2-beta0,160,0.005,29,0.9606250000000001,1.0020725865278517,1.0017244018418303
xover-m05-g2-L5p3-n2-beta0__N0160__Aplus_0p005,xover-m05-g2-L5p3-n2-beta0__N0160__Aminus_0p005,xover-m05-g2-L5p3-n2-beta0,160,0.005,30,0.99375,1.001891978796614,1.001574500094186
xover-m05-g2-L5p3-n2-beta0__N0160__Aplus_0p005,xover-m05-g2-L5p3-n2-beta0__N0160__Aminus_0p005,xover-m05-g2-L5p3-n2-beta0,160,0.005,31,1.026875,1.0017084760499435,1.0014221700570236
xover-m05-g2-L5p3-n2-beta0__N0160__Aplus_0p005,xover-m05-g2-L5p3-n2-beta0__N0160__Aminus_0p005,xover-m05-g2-L5p3-n2-beta0,160,0.005,32,1.06,1.0015223643265923,1.0012676480112979
xover-m05-g2-L5p3-n2-beta0__N0160__Aplus_0p005,xover-m05-g2-L5p3-n2-beta0__N0160__Aminus_0p005,xover-m05-g2-L5p3-n2-beta0,160,0.005,33,1.0931250000000001,1.0013339334107354,1.0011111734930556
xover-m05-g2-L5p3-n2-beta0__N0160__Aplus_0p005,xover-m05-g2-L5p3-n2-beta0__N0160__Aminus_0p005,xover-m05-g2-L5p3-n2-beta0,160,0.005,34,1.12625,1.0011434763679654,1.0009529889162847
xover-m05-g2-L5p3-n2-beta0__N0160__Aplus_0p005,xover-m05-g2-L5p3-n2-beta0__N0160__Aminus_0p005,xover-m05-g2-L5p3-n2-beta0,160,0.005,35,1.159375,1.000951289078073,1.0007933391921529
xover-m05-g2-L5p3-n2-beta0__N0160__Aplus_0p005,xover-m05-g2-L5p3-n2-beta0__N0160__Aminus_0p005,xover-m05-g2-L5p3-n2-beta0,160,0.005,36,1.1925000000000001,1.000757669765425,1.0006324713452641
xover-m05-g2-L5p3-n2-beta0__N0160__Aplus_0p005,xover-m05-g2-L5p3-n2-beta0__N0160__Aminus_0p005,xover-m05-g2-L5p3-n2-beta0,160,0.005,37,1.225625,1.0005629185277434,1.0004706341275638
xover-m05-g2-L5p3-n2-beta0__N0160__Aplus_0p005,xover-m05-g2-L5p3-n2-beta0__N0160__Aminus_0p005,xover-m05-g2-L5p3-n2-beta0,160,0.005,38,1.25875,1.0003673368640797,1.0003080776305144
xover-m05-g2-L5p3-n2-beta0__N0160__Aplus_0p005,xover-m05-g2-L5p3-n2-beta0__N0160__Aminus_0p005,xover-m05-g2-L5p3-n2-beta0,160,0.005,39,1.291875,1.0001712272027639,1.0001450528961704
xover-m05-g2-L5p3-n2-beta0__N0160__Aplus_0p005,xover-m05-g2-L5p3-n2-beta0__N0160__Aminus_0p005,xover-m05-g2-L5p3-n2-beta0,160,0.005,40,1.3250000000000002,0.999974892430098,0.9999818115277651
xover-m05-g2-L5p3-n2-beta0__N0160__Aplus_0p005,xover-m05-g2-L5p3-n2-beta0__N0160__Aminus_0p005,xover-m05-g2-L5p3-n2-beta0,160,0.005,41,1.358125,0.9997786354205481,0.9998186053004294
xover-m05-g2-L5p3-n2-beta0__N0160__Aplus_0p005,xover-m05-g2-L5p3-n2-beta0__N0160__Aminus_0p005,xover-m05-g2-L5p3-n2-beta0,160,0.005,42,1.39125,0.99958275856917,0.9996556857726441
xover-m05-g2-L5p3-n2-beta0__N0160__Aplus_0p005,xover-m05-g2-L5p3-n2-beta0__N0160__Aminus_0p005,xover-m05-g2-L5p3-n2-beta0,160,0.005,43,1.4243750000000002,0.99938756332699,0.9994933038990281
xover-m05-g2-L5p3-n2-beta0__N0160__Aplus_0p005,xover-m05-g2-L5p3-n2-beta0__N0160__Aminus_0p005,xover-m05-g2-L5p3-n2-beta0,160,0.005,44,1.4575,0.9991933497400436,0.9993317096450548
xover-m05-g2-L5p3-n2-beta0__N0160__Aplus_0p005,xover-m05-g2-L5p3-n2-beta0__N0160__Aminus_0p005,xover-m05-g2-L5p3-n2-beta0,160,0.005,45,1.490625,0.9990004159927536,0.9991711516042769
xover-m05-g2-L5p3-n2-beta0__N0160__Aplus_0p005,xover-m05-g2-L5p3-n2-beta0__N0160__Aminus_0p005,xover-m05-g2-L5p3-n2-beta0,160,0.005,46,1.5237500000000002,0.9988090579563116,0.999011876618634
xover-m05-g2-L5p3-n2-beta0__N0160__Aplus_0p005,xover-m05-g2-L5p3-n2-beta0__N0160__Aminus_0p005,xover-m05-g2-L5p3-n2-beta0,160,0.005,47,1.556875,0.9986195687427045,0.998854129402404
xover-m05-g2-L5p3-n2-beta0__N0160__Aplus_0p005,xover-m05-g2-L5p3-n2-beta0__N0160__Aminus_0p005,xover-m05-g2-L5p3-n2-beta0,160,0.005,48,1.59,0.9984322382650073,0.9986981521703503
xover-m05-g2-L5p3-n2-beta0__N0160__Aplus_0p005,xover-m05-g2-L5p3-n2-beta0__N0160__Aminus_0p005,xover-m05-g2-L5p3-n2-beta0,160,0.005,49,1.6231250000000002,0.9982473528045407,0.9985441842706002
xover-m05-g2-L5p3-n2-beta0__N0160__Aplus_0p005,xover-m05-g2-L5p3-n2-beta0__N0160__Aminus_0p005,xover-m05-g2-L5p3-n2-beta0,160,0.005,50,1.65625,0.9980651945854724,0.9983924618227845
xover-m05-g2-L5p3-n2-beta0__N0160__Aplus_0p005,xover-m05-g2-L5p3-n2-beta0__N0160__Aminus_0p005,xover-m05-g2-L5p3-n2-beta0,160,0.005,51,1.689375,0.9978860413574143,0.9982432173619475
xover-m05-g2-L5p3-n2-beta0__N0160__Aplus_0p005,xover-m05-g2-L5p3-n2-beta0__N0160__Aminus_0p005,xover-m05-g2-L5p3-n2-beta0,160,0.005,52,1.7225000000000001,0.9977101659865489,0.9980966794887296
xover-m05-g2-L5p3-n2-beta0__N0160__Aplus_0p005,xover-m05-g2-L5p3-n2-beta0__N0160__Aminus_0p005,xover-m05-g2-L5p3-n2-beta0,160,0.005,53,1.755625,0.9975378360557935,0.9979530725263045
xover-m05-g2-L5p3-n2-beta0__N0160__Aplus_0p005,xover-m05-g2-L5p3-n2-beta0__N0160__Aminus_0p005,xover-m05-g2-L5p3-n2-beta0,160,0.005,54,1.78875,0.9973693134744889,0.9978126161845438
xover-m05-g2-L5p3-n2-beta0__N0160__Aplus_0p005,xover-m05-g2-L5p3-n2-beta0__N0160__Aminus_0p005,xover-m05-g2-L5p3-n2-beta0,160,0.005,55,1.8218750000000001,0.9972048540980765,0.9976755252318631
xover-m05-g2-L5p3-n2-beta0__N0160__Aplus_0p005,xover-m05-g2-L5p3-n2-beta0__N0160__Aminus_0p005,xover-m05-g2-L5p3-n2-beta0,160,0.005,56,1.855,0.9970447073582035,0.9975420091751918
xover-m05-g2-L5p3-n2-beta0__N0160__Aplus_0p005,xover-m05-g2-L5p3-n2-beta0__N0160__Aminus_0p005,xover-m05-g2-L5p3-n2-beta0,160,0.005,57,1.888125,0.9968891159036767,0.9974122719484886
xover-m05-g2-L5p3-n2-beta0__N0160__Aplus_0p005,xover-m05-g2-L5p3-n2-beta0__N0160__Aminus_0p005,xover-m05-g2-L5p3-n2-beta0,160,0.005,58,1.9212500000000001,0.9967383152526607,0.9972865116102143
xover-m05-g2-L5p3-n2-beta0__N0160__Aplus_0p005,xover-m05-g2-L5p3-n2-beta0__N0160__Aminus_0p005,xover-m05-g2-L5p3-n2-beta0,160,0.005,59,1.9543750000000002,0.9965925334564948,0.9971649200501556
xover-m05-g2-L5p3-n2-beta0__N0160__Aplus_0p005,xover-m05-g2-L5p3-n2-beta0__N0160__Aminus_0p005,xover-m05-g2-L5p3-n2-beta0,160,0.005,60,1.9875,0.9964519907754844,0.9970476827059739
xover-m05-g2-L5p3-n2-beta0__N0160__Aplus_0p005,xover-m05-g2-L5p3-n2-beta0__N0160__Aminus_0p005,xover-m05-g2-L5p3-n2-beta0,160,0.005,61,2.020625,0.9963168993669967,0.9969349782898446
xover-m05-g2-L5p3-n2-beta0__N0160__Aplus_0p005,xover-m05-g2-L5p3-n2-beta0__N0160__Aminus_0p005,xover-m05-g2-L5p3-n2-beta0,160,0.005,62,2.05375,0.9961874629861769,0.9968269785255278
xover-m05-g2-L5p3-n2-beta0__N0160__Aplus_0p005,xover-m05-g2-L5p3-n2-beta0__N0160__Aminus_0p005,xover-m05-g2-L5p3-n2-beta0,160,0.005,63,2.086875,0.9960638766995726,0.9967238478962016
xover-m05-g2-L5p3-n2-beta0__N0160__Aplus_0p005,xover-m05-g2-L5p3-n2-beta0__N0160__Aminus_0p005,xover-m05-g2-L5p3-n2-beta0,160,0.005,64,2.12,0.9959463266119454,0.9966257434033666
xover-m05-g2-L5p3-n2-beta0__N0160__Aplus_0p005,xover-m05-g2-L5p3-n2-beta0__N0160__Aminus_0p005,xover-m05-g2-L5p3-n2-beta0,160,0.005,65,2.153125,0.995834989606519,0.9965328143371226
xover-m05-g2-L5p3-n2-beta0__N0160__Aplus_0p005,xover-m05-g2-L5p3-n2-beta0__N0160__Aminus_0p005,xover-m05-g2-L5p3-n2-beta0,160,0.005,66,2.1862500000000002,0.9957300330989043,0.9964452020580916
xover-m05-g2-L5p3-n2-beta0__N0160__Aplus_0p005,xover-m05-g2-L5p3-n2-beta0__N0160__Aminus_0p005,xover-m05-g2-L5p3-n2-beta0,160,0.005,67,2.2193750000000003,0.9956316148049169,0.9963630397912516
xover-m05-g2-L5p3-n2-beta0__N0160__Aplus_0p005,xover-m05-g2-L5p3-n2-beta0__N0160__Aminus_0p005,xover-m05-g2-L5p3-n2-beta0,160,0.005,68,2.2525,0.995539882522493,0.9962864524319291
xover-m05-g2-L5p3-n2-beta0__N0160__Aplus_0p005,xover-m05-g2-L5p3-n2-beta0__N0160__Aminus_0p005,xover-m05-g2-L5p3-n2-beta0,160,0.005,69,2.285625,0.9954549739278843,0.9962155563641775
xover-m05-g2-L5p3-n2-beta0__N0160__Aplus_0p005,xover-m05-g2-L5p3-n2-beta0__N0160__Aminus_0p005,xover-m05-g2-L5p3-n2-beta0,160,0.005,70,2.31875,0.9953770163863069,0.9961504592917582
xover-m05-g2-L5p3-n2-beta0__N0160__Aplus_0p005,xover-m05-g2-L5p3-n2-beta0__N0160__Aminus_0p005,xover-m05-g2-L5p3-n2-beta0,160,0.005,71,2.351875,0.9953061267771951,0.9960912600819196
xover-m05-g2-L5p3-n2-beta0__N0160__Aplus_0p005,xover-m05-g2-L5p3-n2-beta0__N0160__Aminus_0p005,xover-m05-g2-L5p3-n2-beta0,160,0.005,72,2.3850000000000002,0.9952424113342015,0.9960380486221575
xover-m05-g2-L5p3-n2-beta0__N0160__Aplus_0p005,xover-m05-g2-L5p3-n2-beta0__N0160__Aminus_0p005,xover-m05-g2-L5p3-n2-beta0,160,0.005,73,2.4181250000000003,0.9951859655000701,0.995990905690119
xover-m05-g2-L5p3-n2-beta0__N0160__Aplus_0p005,xover-m05-g2-L5p3-n2-beta0__N0160__Aminus_0p005,xover-m05-g2-L5p3-n2-beta0,160,0.005,74,2.45125,0.9951368737964927,0.9959499028368032
xover-m05-g2-L5p3-n2-beta0__N0160__Aplus_0p005,xover-m05-g2-L5p3-n2-beta0__N0160__Aminus_0p005,xover-m05-g2-L5p3-n2-beta0,160,0.005,75,2.484375,0.9950952097090501,0.9959151022831902
xover-m05-g2-L5p3-n2-beta0__N0160__Aplus_0p005,xover-m05-g2-L5p3-n2-beta0__N0160__Aminus_0p005,xover-m05-g2-L5p3-n2-beta0,160,0.005,76,2.5175,0.9950610355873226,0.9958865568304155
xover-m05-g2-L5p3-n2-beta0__N0160__Aplus_0p005,xover-m05-g2-L5p3-n2-beta0__N0160__Aminus_0p005,xover-m05-g2-L5p3-n2-beta0,160,0.005,77,2.550625,0.9950344025602453,0.9958643097835906
xover-m05-g2-L5p3-n2-beta0__N0160__Aplus_0p005,xover-m05-g2-L5p3-n2-beta0__N0160__Aminus_0p005,xover-m05-g2-L5p3-n2-beta0,160,0.005,78,2.58375,0.9950153504667694,0.9958483948893601
xover-m05-g2-L5p3-n2-beta0__N0160__Aplus_0p005,xover-m05-g2-L5p3-n2-beta0__N0160__Aminus_0p005,xover-m05-g2-L5p3-n2-beta0,160,0.005,79,2.6168750000000003,0.99500390780188,0.9958388362872601
xover-m05-g2-L5p3-n2-beta0__N0160__Aplus_0p005,xover-m05-g2-L5p3-n2-beta0__N0160__Aminus_0p005,xover-m05-g2-L5p3-n2-beta0,160,0.005,80,2.6500000000000004,0.9950000916780104,0.9958356484749362
xover-m05-g2-L5p3-n2-beta0__N0160__Aplus_0p005,xover-m05-g2-L5p3-n2-beta0__N0160__Aminus_0p005,xover-m05-g2-L5p3-n2-beta0,160,0.005,81,2.683125,0.9950039078018795,0.9958388362872586
xover-m05-g2-L5p3-n2-beta0__N0160__Aplus_0p005,xover-m05-g2-L5p3-n2-beta0__N0160__Aminus_0p005,xover-m05-g2-L5p3-n2-beta0,160,0.005,82,2.71625,0.9950153504667686,0.9958483948893571
xover-m05-g2-L5p3-n2-beta0__N0160__Aplus_0p005,xover-m05-g2-L5p3-n2-beta0__N0160__Aminus_0p005,xover-m05-g2-L5p3-n2-beta0,160,0.005,83,2.749375,0.9950344025602441,0.9958643097835863
xover-m05-g2-L5p3-n2-beta0__N0160__Aplus_0p005,xover-m05-g2-L5p3-n2-beta0__N0160__Aminus_0p005,xover-m05-g2-L5p3-n2-beta0,160,0.005,84,2.7825,0.9950610355873211,0.99588655683041
xover-m05-g2-L5p3-n2-beta0__N0160__Aplus_0p005,xover-m05-g2-L5p3-n2-beta0__N0160__Aminus_0p005,xover-m05-g2-L5p3-n2-beta0,160,0.005,85,2.8156250000000003,0.9950952097090482,0.9959151022831835
xover-m05-g2-L5p3-n2-beta0__N0160__Aplus_0p005,xover-m05-g2-L5p3-n2-beta0__N0160__Aminus_0p005,xover-m05-g2-L5p3-n2-beta0,160,0.005,86,2.8487500000000003,0.9951368737964904,0.9959499028367951
xover-m05-g2-L5p3-n2-beta0__N0160__Aplus_0p005,xover-m05-g2-L5p3-n2-beta0__N0160__Aminus_0p005,xover-m05-g2-L5p3-n2-beta0,160,0.005,87,2.881875,0.9951859655000673,0.9959909056901095
xover-m05-g2-L5p3-n2-beta0__N0160__Aplus_0p005,xover-m05-g2-L5p3-n2-beta0__N0160__Aminus_0p005,xover-m05-g2-L5p3-n2-beta0,160,0.005,88,2.915,0.9952424113341983,0.9960380486221467
xover-m05-g2-L5p3-n2-beta0__N0160__Aplus_0p005,xover-m05-g2-L5p3-n2-beta0__N0160__Aminus_0p005,xover-m05-g2-L5p3-n2-beta0,160,0.005,89,2.948125,0.9953061267771914,0.9960912600819077
xover-m05-g2-L5p3-n2-beta0__N0160__Aplus_0p005,xover-m05-g2-L5p3-n2-beta0__N0160__Aminus_0p005,xover-m05-g2-L5p3-n2-beta0,160,0.005,90,2.98125,0.9953770163863028,0.9961504592917451
xover-m05-g2-L5p3-n2-beta0__N0160__Aplus_0p005,xover-m05-g2-L5p3-n2-beta0__N0160__Aminus_0p005,xover-m05-g2-L5p3-n2-beta0,160,0.005,91,3.0143750000000002,0.9954549739278797,0.9962155563641631
xover-m05-g2-L5p3-n2-beta0__N0160__Aplus_0p005,xover-m05-g2-L5p3-n2-beta0__N0160__Aminus_0p005,xover-m05-g2-L5p3-n2-beta0,160,0.005,92,3.0475000000000003,0.9955398825224879,0.9962864524319136
xover-m05-g2-L5p3-n2-beta0__N0160__Aplus_0p005,xover-m05-g2-L5p3-n2-beta0__N0160__Aminus_0p005,xover-m05-g2-L5p3-n2-beta0,160,0.005,93,3.080625,0.9956316148049114,0.996363039791235
xover-m05-g2-L5p3-n2-beta0__N0160__Aplus_0p005,xover-m05-g2-L5p3-n2-beta0__N0160__Aminus_0p005,xover-m05-g2-L5p3-n2-beta0,160,0.005,94,3.11375,0.9957300330988982,0.9964452020580739
xover-m05-g2-L5p3-n2-beta0__N0160__Aplus_0p005,xover-m05-g2-L5p3-n2-beta0__N0160__Aminus_0p005,xover-m05-g2-L5p3-n2-beta0,160,0.005,95,3.146875,0.9958349896065123,0.9965328143371038
xover-m05-g2-L5p3-n2-beta0__N0160__Aplus_0p005,xover-m05-g2-L5p3-n2-beta0__N0160__Aminus_0p005,xover-m05-g2-L5p3-n2-beta0,160,0.005,96,3.18,0.9959463266119382,0.9966257434033465
xover-m05-g2-L5p3-n2-beta0__N0160__Aplus_0p005,xover-m05-g2-L5p3-n2-beta0__N0160__Aminus_0p005,xover-m05-g2-L5p3-n2-beta0,160,0.005,97,3.2131250000000002,0.9960638766995648,0.9967238478961803
xover-m05-g2-L5p3-n2-beta0__N0160__Aplus_0p005,xover-m05-g2-L5p3-n2-beta0__N0160__Aminus_0p005,xover-m05-g2-L5p3-n2-beta0,160,0.005,98,3.2462500000000003,0.9961874629861684,0.9968269785255054
xover-m05-g2-L5p3-n2-beta0__N0160__Aplus_0p005,xover-m05-g2-L5p3-n2-beta0__N0160__Aminus_0p005,xover-m05-g2-L5p3-n2-beta0,160,0.005,99,3.2793750000000004,0.9963168993669878,0.9969349782898205
xover-m05-g2-L5p3-n2-beta0__N0160__Aplus_0p005,xover-m05-g2-L5p3-n2-beta0__N0160__Aminus_0p005,xover-m05-g2-L5p3-n2-beta0,160,0.005,100,3.3125,0.9964519907754746,0.9970476827059482
xover-m05-g2-L5p3-n2-beta0__N0160__Aplus_0p005,xover-m05-g2-L5p3-n2-beta0__N0160__Aminus_0p005,xover-m05-g2-L5p3-n2-beta0,160,0.005,101,3.345625,0.9965925334564845,0.9971649200501286
xover-m05-g2-L5p3-n2-beta0__N0160__Aplus_0p005,xover-m05-g2-L5p3-n2-beta0__N0160__Aminus_0p005,xover-m05-g2-L5p3-n2-beta0,160,0.005,102,3.37875,0.9967383152526497,0.9972865116101859
xover-m05-g2-L5p3-n2-beta0__N0160__Aplus_0p005,xover-m05-g2-L5p3-n2-beta0__N0160__Aminus_0p005,xover-m05-g2-L5p3-n2-beta0,160,0.005,103,3.411875,0.9968891159036649,0.9974122719484586
xover-m05-g2-L5p3-n2-beta0__N0160__Aplus_0p005,xover-m05-g2-L5p3-n2-beta0__N0160__Aminus_0p005,xover-m05-g2-L5p3-n2-beta0,160,0.005,104,3.4450000000000003,0.9970447073581908,0.9975420091751603
xover-m05-g2-L5p3-n2-beta0__N0160__Aplus_0p005,xover-m05-g2-L5p3-n2-beta0__N0160__Aminus_0p005,xover-m05-g2-L5p3-n2-beta0,160,0.005,105,3.4781250000000004,0.9972048540980631,0.99767552523183
xover-m05-g2-L5p3-n2-beta0__N0160__Aplus_0p005,xover-m05-g2-L5p3-n2-beta0__N0160__Aminus_0p005,xover-m05-g2-L5p3-n2-beta0,160,0.005,106,3.51125,0.9973693134744747,0.9978126161845091
xover-m05-g2-L5p3-n2-beta0__N0160__Aplus_0p005,xover-m05-g2-L5p3-n2-beta0__N0160__Aminus_0p005,xover-m05-g2-L5p3-n2-beta0,160,0.005,107,3.544375,0.9975378360557784,0.9979530725262683
xover-m05-g2-L5p3-n2-beta0__N0160__Aplus_0p005,xover-m05-g2-L5p3-n2-beta0__N0160__Aminus_0p005,xover-m05-g2-L5p3-n2-beta0,160,0.005,108,3.5775,0.9977101659865331,0.998096679488692
xover-m05-g2-L5p3-n2-beta0__N0160__Aplus_0p005,xover-m05-g2-L5p3-n2-beta0__N0160__Aminus_0p005,xover-m05-g2-L5p3-n2-beta0,160,0.005,109,3.610625,0.9978860413573976,0.9982432173619087
xover-m05-g2-L5p3-n2-beta0__N0160__Aplus_0p005,xover-m05-g2-L5p3-n2-beta0__N0160__Aminus_0p005,xover-m05-g2-L5p3-n2-beta0,160,0.005,110,3.6437500000000003,0.9980651945854547,0.9983924618227444
xover-m05-g2-L5p3-n2-beta0__N0160__Aplus_0p005,xover-m05-g2-L5p3-n2-beta0__N0160__Aminus_0p005,xover-m05-g2-L5p3-n2-beta0,160,0.005,111,3.6768750000000003,0.998247352804522,0.9985441842705592
xover-m05-g2-L5p3-n2-beta0__N0160__Aplus_0p005,xover-m05-g2-L5p3-n2-beta0__N0160__Aminus_0p005,xover-m05-g2-L5p3-n2-beta0,160,0.005,112,3.71,0.9984322382649876,0.9986981521703083
xover-m05-g2-L5p3-n2-beta0__N0160__Aplus_0p005,xover-m05-g2-L5p3-n2-beta0__N0160__Aminus_0p005,xover-m05-g2-L5p3-n2-beta0,160,0.005,113,3.743125,0.998619568742684,0.9988541294023611
xover-m05-g2-L5p3-n2-beta0__N0160__Aplus_0p005,xover-m05-g2-L5p3-n2-beta0__N0160__Aminus_0p005,xover-m05-g2-L5p3-n2-beta0,160,0.005,114,3.77625,0.9988090579562899,0.99901187661859
xover-m05-g2-L5p3-n2-beta0__N0160__Aplus_0p005,xover-m05-g2-L5p3-n2-beta0__N0160__Aminus_0p005,xover-m05-g2-L5p3-n2-beta0,160,0.005,115,3.809375,0.9990004159927308,0.9991711516042321
xover-m05-g2-L5p3-n2-beta0__N0160__Aplus_0p005,xover-m05-g2-L5p3-n2-beta0__N0160__Aminus_0p005,xover-m05-g2-L5p3-n2-beta0,160,0.005,116,3.8425000000000002,0.9991933497400198,0.9993317096450092
xover-m05-g2-L5p3-n2-beta0__N0160__Aplus_0p005,xover-m05-g2-L5p3-n2-beta0__N0160__Aminus_0p005,xover-m05-g2-L5p3-n2-beta0,160,0.005,117,3.8756250000000003,0.9993875633269651,0.9994933038989815
xover-m05-g2-L5p3-n2-beta0__N0160__Aplus_0p005,xover-m05-g2-L5p3-n2-beta0__N0160__Aminus_0p005,xover-m05-g2-L5p3-n2-beta0,160,0.005,118,3.9087500000000004,0.999582758569144,0.9996556857725964
xover-m05-g2-L5p3-n2-beta0__N0160__Aplus_0p005,xover-m05-g2-L5p3-n2-beta0__N0160__Aminus_0p005,xover-m05-g2-L5p3-n2-beta0,160,0.005,119,3.941875,0.999778635420521,0.9998186053003808
xover-m05-g2-L5p3-n2-beta0__N0160__Aplus_0p005,xover-m05-g2-L5p3-n2-beta0__N0160__Aminus_0p005,xover-m05-g2-L5p3-n2-beta0,160,0.005,120,3.975,0.9999748924300698,0.9999818115277151
xover-m05-g2-L5p3-n2-beta0__N0160__Aplus_0p005,xover-m05-g2-L5p3-n2-beta0__N0160__Aminus_0p005,xover-m05-g2-L5p3-n2-beta0,160,0.005,121,4.008125000000001,1.0001712272027345,1.000145052896119
xover-m05-g2-L5p3-n2-beta0__N0160__Aplus_0p005,xover-m05-g2-L5p3-n2-beta0__N0160__Aminus_0p005,xover-m05-g2-L5p3-n2-beta0,160,0.005,122,4.04125,1.0003673368640493,1.000308077630462
xover-m05-g2-L5p3-n2-beta0__N0160__Aplus_0p005,xover-m05-g2-L5p3-n2-beta0__N0160__Aminus_0p005,xover-m05-g2-L5p3-n2-beta0,160,0.005,123,4.074375,1.000562918527712,1.0004706341275102
xover-m05-g2-L5p3-n2-beta0__N0160__Aplus_0p005,xover-m05-g2-L5p3-n2-beta0__N0160__Aminus_0p005,xover-m05-g2-L5p3-n2-beta0,160,0.005,124,4.1075,1.0007576697653924,1.0006324713452095
xover-m05-g2-L5p3-n2-beta0__N0160__Aplus_0p005,xover-m05-g2-L5p3-n2-beta0__N0160__Aminus_0p005,xover-m05-g2-L5p3-n2-beta0,160,0.005,125,4.140625,1.0009512890780392,1.0007933391920971
xover-m05-g2-L5p3-n2-beta0__N0160__Aplus_0p005,xover-m05-g2-L5p3-n2-beta0__N0160__Aminus_0p005,xover-m05-g2-L5p3-n2-beta0,160,0.005,126,4.17375,1.0011434763679306,1.000952988916228
xover-m05-g2-L5p3-n2-beta0__N0160__Aplus_0p005,xover-m05-g2-L5p3-n2-beta0__N0160__Aminus_0p005,xover-m05-g2-L5p3-n2-beta0,160,0.005,127,4.206875,1.0013339334106992,1.0011111734929978
xover-m05-g2-L5p3-n2-beta0__N0160__Aplus_0p005,xover-m05-g2-L5p3-n2-beta0__N0160__Aminus_0p005,xover-m05-g2-L5p3-n2-beta0,160,0.005,128,4.24,1.001522364326555,1.0012676480112392
xover-m05-g2-L5p3-n2-beta0__N0160__Aplus_0p005,xover-m05-g2-L5p3-n2-beta0__N0160__Aminus_0p005,xover-m05-g2-L5p3-n2-beta0,160,0.005,129,4.273125,1.001708476049905,1.001422170056964
xover-m05-g2-L5p3-n2-beta0__N0160__Aplus_0p005,xover-m05-g2-L5p3-n2-beta0__N0160__Aminus_0p005,xover-m05-g2-L5p3-n2-beta0,160,0.005,130,4.30625,1.0018919787965745,1.0015745000941254
xover-m05-g2-L5p3-n2-beta0__N0160__Aplus_0p005,xover-m05-g2-L5p3-n2-beta0__N0160__Aminus_0p005,xover-m05-g2-L5p3-n2-beta0,160,0.005,131,4.339375,1.0020725865278108,1.0017244018417688
xover-m05-g2-L5p3-n2-beta0__N0160__Aplus_0p005,xover-m05-g2-L5p3-n2-beta0__N0160__Aminus_0p005,xover-m05-g2-L5p3-n2-beta0,160,0.005,132,4.3725000000000005,1.0022500174102549,1.0018716426469427
xover-m05-g2-L5p3-n2-beta0__N0160__Aplus_0p005,xover-m05-g2-L5p3-n2-beta0__N0160__Aminus_0p005,xover-m05-g2-L5p3-n2-beta0,160,0.005,133,4.405625000000001,1.0024239942710542,1.0020159938527422
xover-m05-g2-L5p3-n2-beta0__N0160__Aplus_0p005,xover-m05-g2-L5p3-n2-beta0__N0160__Aminus_0p005,xover-m05-g2-L5p3-n2-beta0,160,0.005,134,4.438750000000001,1.002594245047292,1.0021572311608622
xover-m05-g2-L5p3-n2-beta0__N0160__Aplus_0p005,xover-m05-g2-L5p3-n2-beta0__N0160__Aminus_0p005,xover-m05-g2-L5p3-n2-beta0,160,0.005,135,4.471875,1.0027605032289035,1.0022951349880385
xover-m05-g2-L5p3-n2-beta0__N0160__Aplus_0p005,xover-m05-g2-L5p3-n2-beta0__N0160__Aminus_0p005,xover-m05-g2-L5p3-n2-beta0,160,0.005,136,4.505,1.0029225082942528,1.0024294908157612
xover-m05-g2-L5p3-n2-beta0__N0160__Aplus_0p005,xover-m05-g2-L5p3-n2-beta0__N0160__Aminus_0p005,xover-m05-g2-L5p3-n2-beta0,160,0.005,137,4.538125,1.003080006137546,1.002560089532656
xover-m05-g2-L5p3-n2-beta0__N0160__Aplus_0p005,xover-m05-g2-L5p3-n2-beta0__N0160__Aminus_0p005,xover-m05-g2-L5p3-n2-beta0,160,0.005,138,4.57125,1.0032327494872653,1.002686727768931
xover-m05-g2-L5p3-n2-beta0__N0160__Aplus_0p005,xover-m05-g2-L5p3-n2-beta0__N0160__Aminus_0p005,xover-m05-g2-L5p3-n2-beta0,160,0.005,139,4.604375,1.0033804983148102,1.002809208222297
xover-m05-g2-L5p3-n2-beta0__N0160__Aplus_0p005,xover-m05-g2-L5p3-n2-beta0__N0160__Aminus_0p005,xover-m05-g2-L5p3-n2-beta0,160,0.005,140,4.6375,1.0035230202325476,1.0029273399747884
xover-m05-g2-L5p3-n2-beta0__N0160__Aplus_0p005,xover-m05-g2-L5p3-n2-beta0__N0160__Aminus_0p005,xover-m05-g2-L5p3-n2-beta0,160,0.005,141,4.670625,1.0036600908804827,1.0030409387999115
xover-m05-g2-L5p3-n2-beta0__N0160__Aplus_0p005,xover-m05-g2-L5p3-n2-beta0__N0160__Aminus_0p005,xover-m05-g2-L5p3-n2-beta0,160,0.005,142,4.70375,1.003791494300776,1.0031498274595712
xover-m05-g2-L5p3-n2-beta0__N0160__Aplus_0p005,xover-m05-g2-L5p3-n2-beta0__N0160__Aminus_0p005,xover-m05-g2-L5p3-n2-beta0,160,0.005,143,4.736875,1.0039170232993524,1.0032538359902354
xover-m05-g2-L5p3-n2-beta0__N0160__Aplus_0p005,xover-m05-g2-L5p3-n2-beta0__N0160__Aminus_0p005,xover-m05-g2-L5p3-n2-beta0,160,0.005,144,4.7700000000000005,1.0040364797938628,1.0033528019778186
xover-m05-g2-L5p3-n2-beta0__N0160__Aplus_0p005,xover-m05-g2-L5p3-n2-beta0__N0160__Aminus_0p005,xover-m05-g2-L5p3-n2-beta0,160,0.005,145,4.8031250000000005,1.0041496751472838,1.0034465708207772
xover-m05-g2-L5p3-n2-beta0__N0160__Aplus_0p005,xover-m05-g2-L5p3-n2-beta0__N0160__Aminus_0p005,xover-m05-g2-L5p3-n2-beta0,160,0.005,146,4.836250000000001,1.0042564304864634,1.0035349959809345
xover-m05-g2-L5p3-n2-beta0__N0160__Aplus_0p005,xover-m05-g2-L5p3-n2-beta0__N0160__Aminus_0p005,xover-m05-g2-L5p3-n2-beta0,160,0.005,147,4.869375000000001,1.0043565770049476,1.003617939221569
xover-m05-g2-L5p3-n2-beta0__N0160__Aplus_0p005,xover-m05-g2-L5p3-n2-beta0__N0160__Aminus_0p005,xover-m05-g2-L5p3-n2-beta0,160,0.005,148,4.9025,1.0044499562494493,1.003695270832322
xover-m05-g2-L5p3-n2-beta0__N0160__Aplus_0p005,xover-m05-g2-L5p3-n2-beta0__N0160__Aminus_0p005,xover-m05-g2-L5p3-n2-beta0,160,0.005,149,4.935625,1.0045364203893516,1.0037668698405084
xover-m05-g2-L5p3-n2-beta0__N0160__Aplus_0p005,xover-m05-g2-L5p3-n2-beta0__N0160__Aminus_0p005,xover-m05-g2-L5p3-n2-beta0,160,0.005,150,4.96875,1.0046158324686736,1.003832624208427
xover-m05-g2-L5p3-n2-beta0__N0160__Aplus_0p005,xover-m05-g2-L5p3-n2-beta0__N0160__Aminus_0p005,xover-m05-g2-L5p3-n2-beta0,160,0.005,151,5.001875,1.0046880666399531,1.0038924310163038
xover-m05-g2-L5p3-n2-beta0__N0160__Aplus_0p005,xover-m05-g2-L5p3-n2-beta0__N0160__Aminus_0p005,xover-m05-g2-L5p3-n2-beta0,160,0.005,152,5.035,1.0047530083795455,1.0039461966305192
xover-m05-g2-L5p3-n2-beta0__N0160__Aplus_0p005,xover-m05-g2-L5p3-n2-beta0__N0160__Aminus_0p005,xover-m05-g2-L5p3-n2-beta0,160,0.005,153,5.068125,1.0048105546838697,1.003993836856801
xover-m05-g2-L5p3-n2-beta0__N0160__Aplus_0p005,xover-m05-g2-L5p3-n2-beta0__N0160__Aminus_0p005,xover-m05-g2-L5p3-n2-beta0,160,0.005,154,5.10125,1.004860614246173,1.0040352770780914
xover-m05-g2-L5p3-n2-beta0__N0160__Aplus_0p005,xover-m05-g2-L5p3-n2-beta0__N0160__Aminus_0p005,xover-m05-g2-L5p3-n2-beta0,160,0.005,155,5.134375,1.004903107613431,1.0040704523768225
xover-m05-g2-L5p3-n2-beta0__N0160__Aplus_0p005,xover-m05-g2-L5p3-n2-beta0__N0160__Aminus_0p005,xover-m05-g2-L5p3-n2-beta0,160,0.005,156,5.1675,1.0049379673230343,1.0040993076413702
xover-m05-g2-L5p3-n2-beta0__N0160__Aplus_0p005,xover-m05-g2-L5p3-n2-beta0__N0160__Aminus_0p005,xover-m05-g2-L5p3-n2-beta0,160,0.005,157,5.2006250000000005,1.0049651380189628,1.0041217976564776
xover-m05-g2-L5p3-n2-beta0__N0160__Aplus_0p005,xover-m05-g2-L5p3-n2-beta0__N0160__Aminus_0p005,xover-m05-g2-L5p3-n2-beta0,160,0.005,158,5.233750000000001,1.004984576547191,1.0041378871774775
xover-m05-g2-L5p3-n2-beta0__N0160__Aplus_0p005,xover-m05-g2-L5p3-n2-beta0__N0160__Aminus_0p005,xover-m05-g2-L5p3-n2-beta0,160,0.005,159,5.266875000000001,1.0049962520301123,1.0041475509881708
xover-m05-g2-L5p3-n2-beta0__N0160__Aplus_0p005,xover-m05-g2-L5p3-n2-beta0__N0160__Aminus_0p005,xover-m05-g2-L5p3-n2-beta0,160,0.005,160,5.3,1.0050001459198181,1.0041507739422477
xover-m05-g2-L5p3-n2-beta0__N0160__Aplus_0p01,xover-m05-g2-L5p3-n2-beta0__N0160__Aminus_0p01,xover-m05-g2-L5p3-n2-beta0,160,0.01,0,0.0,1.0100006906684564,1.0082878647697624
xover-m05-g2-L5p3-n2-beta0__N0160__Aplus_0p01,xover-m05-g2-L5p3-n2-beta0__N0160__Aminus_0p01,xover-m05-g2-L5p3-n2-beta0,160,0.01,1,0.033125,1.0099928239849771,1.0082813834793638
xover-m05-g2-L5p3-n2-beta0__N0160__Aplus_0p01,xover-m05-g2-L5p3-n2-beta0__N0160__Aminus_0p01,xover-m05-g2-L5p3-n2-beta0,160,0.01,2,0.06625,1.009969236802262,1.0082619499327348
xover-m05-g2-L5p3-n2-beta0__N0160__Aplus_0p01,xover-m05-g2-L5p3-n2-beta0__N0160__Aminus_0p01,xover-m05-g2-L5p3-n2-beta0,160,0.01,3,0.099375,1.009929967698941,1.008229595085568
xover-m05-g2-L5p3-n2-beta0__N0160__Aplus_0p01,xover-m05-g2-L5p3-n2-beta0__N0160__Aminus_0p01,xover-m05-g2-L5p3-n2-beta0,160,0.01,4,0.1325,1.009875080891008,1.008184370470706
xover-m05-g2-L5p3-n2-beta0__N0160__Aplus_0p01,xover-m05-g2-L5p3-n2-beta0__N0160__Aminus_0p01,xover-m05-g2-L5p3-n2-beta0,160,0.01,5,0.16562500000000002,1.0098046661094755,1.008126348108316
xover-m05-g2-L5p3-n2-beta0__N0160__Aplus_0p01,xover-m05-g2-L5p3-n2-beta0__N0160__Aminus_0p01,xover-m05-g2-L5p3-n2-beta0,160,0.01,6,0.19875,1.0097188384295748,1.0080556203804234
xover-m05-g2-L5p3-n2-beta0__N0160__Aplus_0p01,xover-m05-g2-L5p3-n2-beta0__N0160__Aminus_0p01,xover-m05-g2-L5p3-n2-beta0,160,0.01,7,0.231875,1.0096177380519733,1.0079722998700897
xover-m05-g2-L5p3-n2-beta0__N0160__Aplus_0p01,xover-m05-g2-L5p3-n2-beta0__N0160__Aminus_0p01,xover-m05-g2-L5p3-n2-beta0,160,0.01,8,0.265,1.0095015300366248,1.0078765191656047
xover-m05-g2-L5p3-n2-beta0__N0160__Aplus_0p01,xover-m05-g2-L5p3-n2-beta0__N0160__Aminus_0p01,xover-m05-g2-L5p3-n2-beta0,160,0.01,9,0.29812500000000003,1.0093704039899893,1.0077684306301329
xover-m05-g2-L5p3-n2-beta0__N0160__Aplus_0p01,xover-m05-g2-L5p3-n2-beta0__N0160__Aminus_0p01,xover-m05-g2-L5p3-n2-beta0,160,0.01,10,0.33125000000000004,1.0092245737064889,1.0076482061373426
xover-m05-g2-L5p3-n2-beta0__N0160__Aplus_0p01,xover-m05-g2-L5p3-n2-beta0__N0160__Aminus_0p01,xover-m05-g2-L5p3-n2-beta0,160,0.01,11,0.364375,1.009064276765189,1.0075160367736125
xover-m05-g2-L5p3-n2-beta0__N0160__Aplus_0p01,xover-m05-g2-L5p3-n2-beta0__N0160__Aminus_0p01,xover-m05-g2-L5p3-n2-beta0,160,0.01,12,0.3975,1.0088897740828102,1.0073721325074847
xover-m05-g2-L5p3-n2-beta0__N0160__Aplus_0p01,xover-m05-g2-L5p3-n2-beta0__N0160__Aminus_0p01,xover-m05-g2-L5p3-n2-beta0,160,0.01,13,0.43062500000000004,1.0087013494242885,1.0072167218271113
xover-m05-g2-L5p3-n2-beta0__N0160__Aplus_0p01,xover-m05-g2-L5p3-n2-beta0__N0160__Aminus_0p01,xover-m05-g2-L5p3-n2-beta0,160,0.01,14,0.46375,1.0084993088722087,1.0070500513464942
xover-m05-g2-L5p3-n2-beta0__N0160__Aplus_0p01,xover-m05-g2-L5p3-n2-beta0__N0160__Aminus_0p01,xover-m05-g2-L5p3-n2-beta0,160,0.01,15,0.496875,1.0082839802565395,1.0068723853814008
xover-m05-g2-L5p3-n2-beta0__N0160__Aplus_0p01,xover-m05-g2-L5p3-n2-beta0__N0160__Aminus_0p01,xover-m05-g2-L5p3-n2-beta0,160,0.01,16,0.53,1.008055712546186,1.0066840054958832
xover-m05-g2-L5p3-n2-beta0__N0160__Aplus_0p01,xover-m05-g2-L5p3-n2-beta0__N0160__Aminus_0p01,xover-m05-g2-L5p3-n2-beta0,160,0.01,17,0.563125,1.0078148752039708,1.0064852100204007
xover-m05-g2-L5p3-n2-beta0__N0160__Aplus_0p01,xover-m05-g2-L5p3-n2-beta0__N0160__Aminus_0p01,xover-m05-g2-L5p3-n2-beta0,160,0.01,18,0.5962500000000001,1.007561857506732,1.006276313542587
xover-m05-g2-L5p3-n2-beta0__N0160__Aplus_0p01,xover-m05-g2-L5p3-n2-beta0__N0160__Aminus_0p01,xover-m05-g2-L5p3-n2-beta0,160,0.01,19,0.629375,1.0072970678322968,1.006057646371767
xover-m05-g2-L5p3-n2-beta0__N0160__Aplus_0p01,xover-m05-g2-L5p3-n2-beta0__N0160__Aminus_0p01,xover-m05-g2-L5p3-n2-beta0,160,0.01,20,0.6625000000000001,1.0070209329151596,1.0058295539783668
xover-m05-g2-L5p3-n2-beta0__N0160__Aplus_0p01,xover-m05-g2-L5p3-n2-beta0__N0160__Aminus_0p01,xover-m05-g2-L5p3-n2-beta0,160,0.01,21,0.695625,1.0067338970727502,1.0055923964094076
xover-m05-g2-L5p3-n2-beta0__N0160__Aplus_0p01,xover-m05-g2-L5p3-n2-beta0__N0160__Aminus_0p01,xover-m05-g2-L5p3-n2-beta0,160,0.01,22,0.72875,1.0064364214042223,1.005346547681314
xover-m05-g2-L5p3-n2-beta0__N0160__Aplus_0p01,xover-m05-g2-L5p3-n2-beta0__N0160__Aminus_0p01,xover-m05-g2-L5p3-n2-beta0,160,0.01,23,0.7618750000000001,1.0061289829637448,1.0050923951512993
xover-m05-g2-L5p3-n2-beta0__N0160__Aplus_0p01,xover-m05-g2-L5p3-n2-beta0__N0160__Aminus_0p01,xover-m05-g2-L5p3-n2-beta0,160,0.01,24,0.795,1.0058120739103005,1.0048303388686282
xover-m05-g2-L5p3-n2-beta0__N0160__Aplus_0p01,xover-m05-g2-L5p3-n2-beta0__N0160__Aminus_0p01,xover-m05-g2-L5p3-n2-beta0,160,0.01,25,0.828125,1.0054862006360328,1.0045607909070753
xover-m05-g2-L5p3-n2-beta0__N0160__Aplus_0p01,xover-m05-g2-L5p3-n2-beta0__N0160__Aminus_0p01,xover-m05-g2-L5p3-n2-beta0,160,0.01,26,0.8612500000000001,1.0051518828751933,1.004284174679931
xover-m05-g2-L5p3-n2-beta0__N0160__Aplus_0p01,xover-m05-g2-L5p3-n2-beta0__N0160__Aminus_0p01,xover-m05-g2-L5p3-n2-beta0,160,0.01,27,0.894375,1.004809652795754,1.0040009242389172
xover-m05-g2-L5p3-n2-beta0__N0160__Aplus_0p01,xover-m05-g2-L5p3-n2-beta0__N0160__Aminus_0p01,xover-m05-g2-L5p3-n2-beta0,160,0.01,28,0.9275,1.004460054075756,1.0037114835583945
xover-m05-g2-L5p3-n2-beta0__N0160__Aplus_0p01,xover-m05-g2-L5p3-n2-beta0__N0160__Aminus_0p01,xover-m05-g2-L5p3-n2-beta0,160,0.01,29,0.9606250000000001,1.0041036409664523,1.0034163058062537
xover-m05-g2-L5p3-n2-beta0__N0160__Aplus_0p01,xover-m05-g2-L5p3-n2-beta0__N0160__Aminus_0p01,xover-m05-g2-L5p3-n2-beta0,160,0.01,30,0.99375,1.0037409773443022,1.0031158526028896
xover-m05-g2-L5p3-n2-beta0__N0160__Aplus_0p01,xover-m05-g2-L5p3-n2-beta0__N0160__Aminus_0p01,xover-m05-g2-L5p3-n2-beta0,160,0.01,31,1.026875,1.0033726357538446,1.0028105932696558
xover-m05-g2-L5p3-n2-beta0__N0160__Aplus_0p01,xover-m05-g2-L5p3-n2-beta0__N0160__Aminus_0p01,xover-m05-g2-L5p3-n2-beta0,160,0.01,32,1.06,1.0029991964434626,1.0025010040682094
xover-m05-g2-L5p3-n2-beta0__N0160__Aplus_0p01,xover-m05-g2-L5p3-n2-beta0__N0160__Aminus_0p01,xover-m05-g2-L5p3-n2-beta0,160,0.01,33,1.0931250000000001,1.002621246396012,1.0021875674321337
xover-m05-g2-L5p3-n2-beta0__N0160__Aplus_0p01,xover-m05-g2-L5p3-n2-beta0__N0160__Aminus_0p01,xover-m05-g2-L5p3-n2-beta0,160,0.01,34,1.12625,1.0022393783562558,1.0018707711922354
xover-m05-g2-L5p3-n2-beta0__N0160__Aplus_0p01,xover-m05-g2-L5p3-n2-beta0__N0160__Aminus_0p01,xover-m05-g2-L5p3-n2-beta0,160,0.01,35,1.159375,1.0018541898569968,1.0015511077968906
xover-m05-g2-L5p3-n2-beta0__N0160__Aplus_0p01,xover-m05-g2-L5p3-n2-beta0__N0160__Aminus_0p01,xover-m05-g2-L5p3-n2-beta0,160,0.01,36,1.1925000000000001,1.0014662822457625,1.001229073528806
xover-m05-g2-L5p3-n2-beta0__N0160__Aplus_0p01,xover-m05-g2-L5p3-n2-beta0__N0160__Aminus_0p01,xover-m05-g2-L5p3-n2-beta0,160,0.01,37,1.225625,1.0010762597138312,1.0009051677195424
xover-m05-g2-L5p3-n2-beta0__N0160__Aplus_0p01,xover-m05-g2-L5p3-n2-beta0__N0160__Aminus_0p01,xover-m05-g2-L5p3-n2-beta0,160,0.01,38,1.25875,1.000684728329344,1.000579891963126
xover-m05-g2-L5p3-n2-beta0__N0160__Aplus_0p01,xover-m05-g2-L5p3-n2-beta0__N0160__Aminus_0p01,xover-m05-g2-L5p3-n2-beta0,160,0.01,39,1.291875,1.0002922950761772,1.0002537493300538
xover-m05-g2-L5p3-n2-beta0__N0160__Aplus_0p01,xover-m05-g2-L5p3-n2-beta0__N0160__Aminus_0p01,xover-m05-g2-L5p3-n2-beta0,160,0.01,40,1.3250000000000002,0.9998995669001915,0.9999272435829738
xover-m05-g2-L5p3-n2-beta0__N0160__Aplus_0p01,xover-m05-g2-L5p3-n2-beta0__N0160__Aminus_0p01,xover-m05-g2-L5p3-n2-beta0,160,0.01,41,1.358125,0.9995071497644069,0.9996008783952862
xover-m05-g2-L5p3-n2-beta0__N0160__Aplus_0p01,xover-m05-g2-L5p3-n2-beta0__N0160__Aminus_0p01,xover-m05-g2-L5p3-n2-beta0,160,0.01,42,1.39125,0.9991156477145784,0.9992751565738979
xover-m05-g2-L5p3-n2-beta0__N0160__Aplus_0p01,xover-m05-g2-L5p3-n2-beta0__N0160__Aminus_0p01,xover-m05-g2-L5p3-n2-beta0,160,0.01,43,1.4243750000000002,0.9987256619565839,0.9989505792873125
xover-m05-g2-L5p3-n2-beta0__N0160__Aplus_0p01,xover-m05-g2-L5p3-n2-beta0__N0160__Aminus_0p01,xover-m05-g2-L5p3-n2-beta0,160,0.01,44,1.4575,0.9983377899469575,0.9986276453002214
xover-m05-g2-L5p3-n2-beta0__N0160__Aplus_0p01,xover-m05-g2-L5p3-n2-beta0__N0160__Aminus_0p01,xover-m05-g2-L5p3-n2-beta0,160,0.01,45,1.490625,0.9979526244978302,0.9983068502157169
xover-m05-g2-L5p3-n2-beta0__N0160__Aplus_0p01,xover-m05-g2-L5p3-n2-beta0__N0160__Aminus_0p01,xover-m05-g2-L5p3-n2-beta0,160,0.01,46,1.5237500000000002,0.9975707528974641,0.9979886857262168
xover-m05-g2-L5p3-n2-beta0__N0160__Aplus_0p01,xover-m05-g2-L5p3-n2-beta0__N0160__Aminus_0p01,xover-m05-g2-L5p3-n2-beta0,160,0.01,47,1.556875,0.9971927560474948,0.9976736388741541
xover-m05-g2-L5p3-n2-beta0__N0160__Aplus_0p01,xover-m05-g2-L5p3-n2-beta0__N0160__Aminus_0p01,xover-m05-g2-L5p3-n2-beta0,160,0.01,48,1.59,0.9968192076179186,0.9973621913234446
xover-m05-g2-L5p3-n2-beta0__N0160__Aplus_0p01,xover-m05-g2-L5p3-n2-beta0__N0160__Aminus_0p01,xover-m05-g2-L5p3-n2-beta0,160,0.01,49,1.6231250000000002,0.9964506732207905,0.9970548186427118
xover-m05-g2-L5p3-n2-beta0__N0160__Aplus_0p01,xover-m05-g2-L5p3-n2-beta0__N0160__Aminus_0p01,xover-m05-g2-L5p3-n2-beta0,160,0.01,50,1.65625,0.9960877096035233,0.9967519896012039
xover-m05-g2-L5p3-n2-beta0__N0160__Aplus_0p01,xover-m05-g2-L5p3-n2-beta0__N0160__Aminus_0p01,xover-m05-g2-L5p3-n2-beta0,160,0.01,51,1.689375,0.9957308638626111,0.9964541654783043
xover-m05-g2-L5p3-n2-beta0__N0160__Aplus_0p01,xover-m05-g2-L5p3-n2-beta0__N0160__Aminus_0p01,xover-m05-g2-L5p3-n2-beta0,160,0.01,52,1.7225000000000001,0.9953806726785247,0.9961617993874958
xover-m05-g2-L5p3-n2-beta0__N0160__Aplus_0p01,xover-m05-g2-L5p3-n2-beta0__N0160__Aminus_0p01,xover-m05-g2-L5p3-n2-beta0,160,0.01,53,1.755625,0.9950376615724636,0.9958753356155974
xover-m05-g2-L5p3-n2-beta0__N0160__Aplus_0p01,xover-m05-g2-L5p3-n2-beta0__N0160__Aminus_0p01,xover-m05-g2-L5p3-n2-beta0,160,0.01,54,1.78875,0.9947023441855811,0.9955952089780579
xover-m05-g2-L5p3-n2-beta0__N0160__Aplus_0p01,xover-m05-g2-L5p3-n2-beta0__N0160__Aminus_0p01,xover-m05-g2-L5p3-n2-beta0,160,0.01,55,1.8218750000000001,0.9943752215812353,0.9953218441910489
xover-m05-g2-L5p3-n2-beta0__N0160__Aplus_0p01,xover-m05-g2-L5p3-n2-beta0__N0160__Aminus_0p01,xover-m05-g2-L5p3-n2-beta0,160,0.01,56,1.855,0.9940567815707594,0.9950556552610617
xover-m05-g2-L5p3-n2-beta0__N0160__Aplus_0p01,xover-m05-g2-L5p3-n2-beta0__N0160__Aminus_0p01,xover-m05-g2-L5p3-n2-beta0,160,0.01,57,1.888125,0.9937474980631871,0.9947970448926761
xover-m05-g2-L5p3-n2-beta0__N0160__Aplus_0p01,xover-m05-g2-L5p3-n2-beta0__N0160__Aminus_0p01,xover-m05-g2-L5p3-n2-beta0,160,0.01,58,1.9212500000000001,0.9934478304393113,0.9945464039151324
xover-m05-g2-L5p3-n2-beta0__N0160__Aplus_0p01,xover-m05-g2-L5p3-n2-beta0__N0160__Aminus_0p01,xover-m05-g2-L5p3-n2-beta0,160,0.01,59,1.9543750000000002,0.9931582229504062,0.9943041107282988
xover-m05-g2-L5p3-n2-beta0__N0160__Aplus_0p01,xover-m05-g2-L5p3-n2-beta0__N0160__Aminus_0p01,xover-m05-g2-L5p3-n2-beta0,160,0.01,60,1.9875,0.9928791041418924,0.9940705307685959
xover-m05-g2-L5p3-n2-beta0__N0160__Aplus_0p01,xover-m05-g2-L5p3-n2-beta0__N0160__Aminus_0p01,xover-m05-g2-L5p3-n2-beta0,160,0.01,61,2.020625,0.992610886302179,0.9938460159953979
xover-m05-g2-L5p3-n2-beta0__N0160__Aplus_0p01,xover-m05-g2-L5p3-n2-beta0__N0160__Aminus_0p01,xover-m05-g2-L5p3-n2-beta0,160,0.01,62,2.05375,0.9923539649368791,0.9936309043984073
xover-m05-g2-L5p3-n2-beta0__N0160__Aplus_0p01,xover-m05-g2-L5p3-n2-beta0__N0160__Aminus_0p01,xover-m05-g2-L5p3-n2-beta0,160,0.01,63,2.086875,0.9921087182685502,0.9934255195264545
xover-m05-g2-L5p3-n2-beta0__N0160__Aplus_0p01,xover-m05-g2-L5p3-n2-beta0__N0160__Aminus_0p01,xover-m05-g2-L5p3-n2-beta0,160,0.01,64,2.12,0.9918755067620829,0.9932301700381537
xover-m05-g2-L5p3-n2-beta0__N0160__Aplus_0p01,xover-m05-g2-L5p3-n2-beta0__N0160__Aminus_0p01,xover-m05-g2-L5p3-n2-beta0,160,0.01,65,2.153125,0.9916546726758269,0.9930451492748094
xover-m05-g2-L5p3-n2-beta0__N0160__Aplus_0p01,xover-m05-g2-L5p3-n2-beta0__N0160__Aminus_0p01,xover-m05-g2-L5p3-n2-beta0,160,0.01,66,2.1862500000000002,0.9914465396385154,0.9928707348559387
xover-m05-g2-L5p3-n2-beta0__N0160__Aplus_0p01,xover-m05-g2-L5p3-n2-beta0__N0160__Aminus_0p01,xover-m05-g2-L5p3-n2-beta0,160,0.01,67,2.2193750000000003,0.9912514122520268,0.9927071882977516
xover-m05-g2-L5p3-n2-beta0__N0160__Aplus_0p01,xover-m05-g2-L5p3-n2-beta0__N0160__Aminus_0p01,xover-m05-g2-L5p3-n2-beta0,160,0.01,68,2.2525,0.9910695757199992,0.9925547546548971
xover-m05-g2-L5p3-n2-beta0__N0160__Aplus_0p01,xover-m05-g2-L5p3-n2-beta0__N0160__Aminus_0p01,xover-m05-g2-L5p3-n2-beta0,160,0.01,69,2.285625,0.9909012955022967,0.9924136621857611
xover-m05-g2-L5p3-n2-beta0__N0160__Aplus_0p01,xover-m05-g2-L5p3-n2-beta0__N0160__Aminus_0p01,xover-m05-g2-L5p3-n2-beta0,160,0.01,70,2.31875,0.9907468169953124,0.9922841220415797
xover-m05-g2-L5p3-n2-beta0__N0160__Aplus_0p01,xover-m05-g2-L5p3-n2-beta0__N0160__Aminus_0p01,xover-m05-g2-L5p3-n2-beta0,160,0.01,71,2.351875,0.9906063652380799,0.9921663279795991
xover-m05-g2-L5p3-n2-beta0__N0160__Aplus_0p01,xover-m05-g2-L5p3-n2-beta0__N0160__Aminus_0p01,xover-m05-g2-L5p3-n2-beta0,160,0.01,72,2.3850000000000002,0.9904801446441572,0.9920604561005
xover-m05-g2-L5p3-n2-beta0__N0160__Aplus_0p01,xover-m05-g2-L5p3-n2-beta0__N0160__Aminus_0p01,xover-m05-g2-L5p3-n2-beta0,160,0.01,73,2.4181250000000003,0.9903683387592402,0.9919666646102749
xover-m05-g2-L5p3-n2-beta0__N0160__Aplus_0p01,xover-m05-g2-L5p3-n2-beta0__N0160__Aminus_0p01,xover-m05-g2-L5p3-n2-beta0,160,0.01,74,2.45125,0.9902711100444603,0.9918850936067317
xover-m05-g2-L5p3-n2-beta0__N0160__Aplus_0p01,xover-m05-g2-L5p3-n2-beta0__N0160__Aminus_0p01,xover-m05-g2-L5p3-n2-beta0,160,0.01,75,2.484375,0.9901885996853164,0.9918158648907706
xover-m05-g2-L5p3-n2-beta0__N0160__Aplus_0p01,xover-m05-g2-L5p3-n2-beta0__N0160__Aminus_0p01,xover-m05-g2-L5p3-n2-beta0,160,0.01,76,2.5175,0.9901209274261968,0.9917590818025674
xover-m05-g2-L5p3-n2-beta0__N0160__Aplus_0p01,xover-m05-g2-L5p3-n2-beta0__N0160__Aminus_0p01,xover-m05-g2-L5p3-n2-beta0,160,0.01,77,2.550625,0.9900681914304443,0.9917148290827738
xover-m05-g2-L5p3-n2-beta0__N0160__Aplus_0p01,xover-m05-g2-L5p3-n2-beta0__N0160__Aminus_0p01,xover-m05-g2-L5p3-n2-beta0,160,0.01,78,2.58375,0.990030468165924,0.9916831727588273
xover-m05-g2-L5p3-n2-beta0__N0160__Aplus_0p01,xover-m05-g2-L5p3-n2-beta0__N0160__Aminus_0p01,xover-m05-g2-L5p3-n2-beta0,160,0.01,79,2.6168750000000003,0.9900078123160597,0.9916641600564501
xover-m05-g2-L5p3-n2-beta0__N0160__Aplus_0p01,xover-m05-g2-L5p3-n2-beta0__N0160__Aminus_0p01,xover-m05-g2-L5p3-n2-beta0,160,0.01,80,2.6500000000000004,0.9900002567163095,0.9916578193363896
xover-m05-g2-L5p3-n2-beta0__N0160__Aplus_0p01,xover-m05-g2-L5p3-n2-beta0__N0160__Aminus_0p01,xover-m05-g2-L5p3-n2-beta0,160,0.01,81,2.683125,0.9900078123160595,0.9916641600564488
xover-m05-g2-L5p3-n2-beta0__N0160__Aplus_0p01,xover-m05-g2-L5p3-n2-beta0__N0160__Aminus_0p01,xover-m05-g2-L5p3-n2-beta0,160,0.01,82,2.71625,0.9900304681659235,0.9916831727588247
xover-m05-g2-L5p3-n2-beta0__N0160__Aplus_0p01,xover-m05-g2-L5p3-n2-beta0__N0160__Aminus_0p01,xover-m05-g2-L5p3-n2-beta0,160,0.01,83,2.749375,0.9900681914304436,0.9917148290827699
xover-m05-g2-L5p3-n2-beta0__N0160__Aplus_0p01,xover-m05-g2-L5p3-n2-beta0__N0160__Aminus_0p01,xover-m05-g2-L5p3-n2-beta0,160,0.01,84,2.7825,0.9901209274261957,0.9917590818025626
xover-m05-g2-L5p3-n2-beta0__N0160__Aplus_0p01,xover-m05-g2-L5p3-n2-beta0__N0160__Aminus_0p01,xover-m05-g2-L5p3-n2-beta0,160,0.01,85,2.8156250000000003,0.990188599685315,0.9918158648907645
xover-m05-g2-L5p3-n2-beta0__N0160__Aplus_0p01,xover-m05-g2-L5p3-n2-beta0__N0160__Aminus_0p01,xover-m05-g2-L5p3-n2-beta0,160,0.01,86,2.8487500000000003,0.9902711100444587,0.9918850936067245
xover-m05-g2-L5p3-n2-beta0__N0160__Aplus_0p01,xover-m05-g2-L5p3-n2-beta0__N0160__Aminus_0p01,xover-m05-g2-L5p3-n2-beta0,160,0.01,87,2.881875,0.9903683387592382,0.9919666646102666
xover-m05-g2-L5p3-n2-beta0__N0160__Aplus_0p01,xover-m05-g2-L5p3-n2-beta0__N0160__Aminus_0p01,xover-m05-g2-L5p3-n2-beta0,160,0.01,88,2.915,0.9904801446441549,0.9920604561004904
xover-m05-g2-L5p3-n2-beta0__N0160__Aplus_0p01,xover-m05-g2-L5p3-n2-beta0__N0160__Aminus_0p01,xover-m05-g2-L5p3-n2-beta0,160,0.01,89,2.948125,0.9906063652380773,0.9921663279795886
xover-m05-g2-L5p3-n2-beta0__N0160__Aplus_0p01,xover-m05-g2-L5p3-n2-beta0__N0160__Aminus_0p01,xover-m05-g2-L5p3-n2-beta0,160,0.01,90,2.98125,0.9907468169953094,0.9922841220415681
xover-m05-g2-L5p3-n2-beta0__N0160__Aplus_0p01,xover-m05-g2-L5p3-n2-beta0__N0160__Aminus_0p01,xover-m05-g2-L5p3-n2-beta0,160,0.01,91,3.0143750000000002,0.9909012955022933,0.9924136621857483
xover-m05-g2-L5p3-n2-beta0__N0160__Aplus_0p01,xover-m05-g2-L5p3-n2-beta0__N0160__Aminus_0p01,xover-m05-g2-L5p3-n2-beta0,160,0.01,92,3.0475000000000003,0.9910695757199954,0.9925547546548832
xover-m05-g2-L5p3-n2-beta0__N0160__Aplus_0p01,xover-m05-g2-L5p3-n2-beta0__N0160__Aminus_0p01,xover-m05-g2-L5p3-n2-beta0,160,0.01,93,3.080625,0.9912514122520226,0.9927071882977369
xover-m05-g2-L5p3-n2-beta0__N0160__Aplus_0p01,xover-m05-g2-L5p3-n2-beta0__N0160__Aminus_0p01,xover-m05-g2-L5p3-n2-beta0,160,0.01,94,3.11375,0.9914465396385108,0.992870734855923
xover-m05-g2-L5p3-n2-beta0__N0160__Aplus_0p01,xover-m05-g2-L5p3-n2-beta0__N0160__Aminus_0p01,xover-m05-g2-L5p3-n2-beta0,160,0.01,95,3.146875,0.9916546726758219,0.9930451492747927
xover-m05-g2-L5p3-n2-beta0__N0160__Aplus_0p01,xover-m05-g2-L5p3-n2-beta0__N0160__Aminus_0p01,xover-m05-g2-L5p3-n2-beta0,160,0.01,96,3.18,0.9918755067620775,0.9932301700381361
xover-m05-g2-L5p3-n2-beta0__N0160__Aplus_0p01,xover-m05-g2-L5p3-n2-beta0__N0160__Aminus_0p01,xover-m05-g2-L5p3-n2-beta0,160,0.01,97,3.2131250000000002,0.9921087182685443,0.9934255195264353
xover-m05-g2-L5p3-n2-beta0__N0160__Aplus_0p01,xover-m05-g2-L5p3-n2-beta0__N0160__Aminus_0p01,xover-m05-g2-L5p3-n2-beta0,160,0.01,98,3.2462500000000003,0.9923539649368727,0.9936309043983867
xover-m05-g2-L5p3-n2-beta0__N0160__Aplus_0p01,xover-m05-g2-L5p3-n2-beta0__N0160__Aminus_0p01,xover-m05-g2-L5p3-n2-beta0,160,0.01,99,3.2793750000000004,0.992610886302172,0.9938460159953759
xover-m05-g2-L5p3-n2-beta0__N0160__Aplus_0p01,xover-m05-g2-L5p3-n2-beta0__N0160__Aminus_0p01,xover-m05-g2-L5p3-n2-beta0,160,0.01,100,3.3125,0.9928791041418847,0.9940705307685724
xover-m05-g2-L5p3-n2-beta0__N0160__Aplus_0p01,xover-m05-g2-L5p3-n2-beta0__N0160__Aminus_0p01,xover-m05-g2-L5p3-n2-beta0,160,0.01,101,3.345625,0.9931582229503981,0.9943041107282742
xover-m05-g2-L5p3-n2-beta0__N0160__Aplus_0p01,xover-m05-g2-L5p3-n2-beta0__N0160__Aminus_0p01,xover-m05-g2-L5p3-n2-beta0,160,0.01,102,3.37875,0.9934478304393025,0.9945464039151064
xover-m05-g2-L5p3-n2-beta0__N0160__Aplus_0p01,xover-m05-g2-L5p3-n2-beta0__N0160__Aminus_0p01,xover-m05-g2-L5p3-n2-beta0,160,0.01,103,3.411875,0.9937474980631776,0.9947970448926489
xover-m05-g2-L5p3-n2-beta0__N0160__Aplus_0p01,xover-m05-g2-L5p3-n2-beta0__N0160__Aminus_0p01,xover-m05-g2-L5p3-n2-beta0,160,0.01,104,3.4450000000000003,0.9940567815707492,0.9950556552610331
xover-m05-g2-L5p3-n2-beta0__N0160__Aplus_0p01,xover-m05-g2-L5p3-n2-beta0__N0160__Aminus_0p01,xover-m05-g2-L5p3-n2-beta0,160,0.01,105,3.4781250000000004,0.9943752215812244,0.9953218441910191
xover-m05-g2-L5p3-n2-beta0__N0160__Aplus_0p01,xover-m05-g2-L5p3-n2-beta0__N0160__Aminus_0p01,xover-m05-g2-L5p3-n2-beta0,160,0.01,106,3.51125,0.9947023441855696,0.9955952089780267
xover-m05-g2-L5p3-n2-beta0__N0160__Aplus_0p01,xover-m05-g2-L5p3-n2-beta0__N0160__Aminus_0p01,xover-m05-g2-L5p3-n2-beta0,160,0.01,107,3.544375,0.9950376615724513,0.9958753356155648
xover-m05-g2-L5p3-n2-beta0__N0160__Aplus_0p01,xover-m05-g2-L5p3-n2-beta0__N0160__Aminus_0p01,xover-m05-g2-L5p3-n2-beta0,160,0.01,108,3.5775,0.9953806726785116,0.9961617993874622
xover-m05-g2-L5p3-n2-beta0__N0160__Aplus_0p01,xover-m05-g2-L5p3-n2-beta0__N0160__Aminus_0p01,xover-m05-g2-L5p3-n2-beta0,160,0.01,109,3.610625,0.9957308638625971,0.9964541654782697
xover-m05-g2-L5p3-n2-beta0__N0160__Aplus_0p01,xover-m05-g2-L5p3-n2-beta0__N0160__Aminus_0p01,xover-m05-g2-L5p3-n2-beta0,160,0.01,110,3.6437500000000003,0.9960877096035085,0.9967519896011682
xover-m05-g2-L5p3-n2-beta0__N0160__Aplus_0p01,xover-m05-g2-L5p3-n2-beta0__N0160__Aminus_0p01,xover-m05-g2-L5p3-n2-beta0,160,0.01,111,3.6768750000000003,0.9964506732207747,0.9970548186426751
xover-m05-g2-L5p3-n2-beta0__N0160__Aplus_0p01,xover-m05-g2-L5p3-n2-beta0__N0160__Aminus_0p01,xover-m05-g2-L5p3-n2-beta0,160,0.01,112,3.71,0.996819207617902,0.9973621913234069
xover-m05-g2-L5p3-n2-beta0__N0160__Aplus_0p01,xover-m05-g2-L5p3-n2-beta0__N0160__Aminus_0p01,xover-m05-g2-L5p3-n2-beta0,160,0.01,113,3.743125,0.9971927560474771,0.9976736388741153
xover-m05-g2-L5p3-n2-beta0__N0160__Aplus_0p01,xover-m05-g2-L5p3-n2-beta0__N0160__Aminus_0p01,xover-m05-g2-L5p3-n2-beta0,160,0.01,114,3.77625,0.9975707528974455,0.9979886857261773
xover-m05-g2-L5p3-n2-beta0__N0160__Aplus_0p01,xover-m05-g2-L5p3-n2-beta0__N0160__Aminus_0p01,xover-m05-g2-L5p3-n2-beta0,160,0.01,115,3.809375,0.9979526244978105,0.9983068502156767
xover-m05-g2-L5p3-n2-beta0__N0160__Aplus_0p01,xover-m05-g2-L5p3-n2-beta0__N0160__Aminus_0p01,xover-m05-g2-L5p3-n2-beta0,160,0.01,116,3.8425000000000002,0.9983377899469368,0.9986276453001803
xover-m05-g2-L5p3-n2-beta0__N0160__Aplus_0p01,xover-m05-g2-L5p3-n2-beta0__N0160__Aminus_0p01,xover-m05-g2-L5p3-n2-beta0,160,0.01,117,3.8756250000000003,0.9987256619565621,0.9989505792872705
xover-m05-g2-L5p3-n2-beta0__N0160__Aplus_0p01,xover-m05-g2-L5p3-n2-beta0__N0160__Aminus_0p01,xover-m05-g2-L5p3-n2-beta0,160,0.01,118,3.9087500000000004,0.9991156477145555,0.9992751565738549
xover-m05-g2-L5p3-n2-beta0__N0160__Aplus_0p01,xover-m05-g2-L5p3-n2-beta0__N0160__Aminus_0p01,xover-m05-g2-L5p3-n2-beta0,160,0.01,119,3.941875,0.999507149764383,0.9996008783952423
xover-m05-g2-L5p3-n2-beta0__N0160__Aplus_0p01,xover-m05-g2-L5p3-n2-beta0__N0160__Aminus_0p01,xover-m05-g2-L5p3-n2-beta0,160,0.01,120,3.975,0.9998995669001665,0.9999272435829286
xover-m05-g2-L5p3-n2-beta0__N0160__Aplus_0p01,xover-m05-g2-L5p3-n2-beta0__N0160__Aminus_0p01,xover-m05-g2-L5p3-n2-beta0,160,0.01,121,4.008125000000001,1.000292295076151,1.0002537493300077
xover-m05-g2-L5p3-n2-beta0__N0160__Aplus_0p01,xover-m05-g2-L5p3-n2-beta0__N0160__Aminus_0p01,xover-m05-g2-L5p3-n2-beta0,160,0.01,122,4.04125,1.0006847283293168,1.0005798919630784
xover-m05-g2-L5p3-n2-beta0__N0160__Aplus_0p01,xover-m05-g2-L5p3-n2-beta0__N0160__Aminus_0p01,xover-m05-g2-L5p3-n2-beta0,160,0.01,123,4.074375,1.0010762597138028,1.0009051677194938
xover-m05-g2-L5p3-n2-beta0__N0160__Aplus_0p01,xover-m05-g2-L5p3-n2-beta0__N0160__Aminus_0p01,xover-m05-g2-L5p3-n2-beta0,160,0.01,124,4.1075,1.0014662822457328,1.0012290735287561
xover-m05-g2-L5p3-n2-beta0__N0160__Aplus_0p01,xover-m05-g2-L5p3-n2-beta0__N0160__Aminus_0p01,xover-m05-g2-L5p3-n2-beta0,160,0.01,125,4.140625,1.001854189856966,1.0015511077968398
xover-m05-g2-L5p3-n2-beta0__N0160__Aplus_0p01,xover-m05-g2-L5p3-n2-beta0__N0160__Aminus_0p01,xover-m05-g2-L5p3-n2-beta0,160,0.01,126,4.17375,1.0022393783562236,1.0018707711921835
xover-m05-g2-L5p3-n2-beta0__N0160__Aplus_0p01,xover-m05-g2-L5p3-n2-beta0__N0160__Aminus_0p01,xover-m05-g2-L5p3-n2-beta0,160,0.01,127,4.206875,1.0026212463959787,1.0021875674320808
xover-m05-g2-L5p3-n2-beta0__N0160__Aplus_0p01,xover-m05-g2-L5p3-n2-beta0__N0160__Aminus_0p01,xover-m05-g2-L5p3-n2-beta0,160,0.01,128,4.24,1.0029991964434282,1.0025010040681555
xover-m05-g2-L5p3-n2-beta0__N0160__Aplus_0p01,xover-m05-g2-L5p3-n2-beta0__N0160__Aminus_0p01,xover-m05-g2-L5p3-n2-beta0,160,0.01,129,4.273125,1.0033726357538089,1.0028105932696012
xover-m05-g2-L5p3-n2-beta0__N0160__Aplus_0p01,xover-m05-g2-L5p3-n2-beta0__N0160__Aminus_0p01,xover-m05-g2-L5p3-n2-beta0,160,0.01,130,4.30625,1.0037409773442652,1.0031158526028339
xover-m05-g2-L5p3-n2-beta0__N0160__Aplus_0p01,xover-m05-g2-L5p3-n2-beta0__N0160__Aminus_0p01,xover-m05-g2-L5p3-n2-beta0,160,0.01,131,4.339375,1.0041036409664141,1.0034163058061971
xover-m05-g2-L5p3-n2-beta0__N0160__Aplus_0p01,xover-m05-g2-L5p3-n2-beta0__N0160__Aminus_0p01,xover-m05-g2-L5p3-n2-beta0,160,0.01,132,4.3725000000000005,1.0044600540757165,1.003711483558337
xover-m05-g2-L5p3-n2-beta0__N0160__Aplus_0p01,xover-m05-g2-L5p3-n2-beta0__N0160__Aminus_0p01,xover-m05-g2-L5p3-n2-beta0,160,0.01,133,4.405625000000001,1.0048096527957133,1.004000924238859
xover-m05-g2-L5p3-n2-beta0__N0160__Aplus_0p01,xover-m05-g2-L5p3-n2-beta0__N0160__Aminus_0p01,xover-m05-g2-L5p3-n2-beta0,160,0.01,134,4.438750000000001,1.0051518828751513,1.0042841746798723
xover-m05-g2-L5p3-n2-beta0__N0160__Aplus_0p01,xover-m05-g2-L5p3-n2-beta0__N0160__Aminus_0p01,xover-m05-g2-L5p3-n2-beta0,160,0.01,135,4.471875,1.0054862006359897,1.004560790907016
xover-m05-g2-L5p3-n2-beta0__N0160__Aplus_0p01,xover-m05-g2-L5p3-n2-beta0__N0160__Aminus_0p01,xover-m05-g2-L5p3-n2-beta0,160,0.01,136,4.505,1.0058120739102563,1.0048303388685684
xover-m05-g2-L5p3-n2-beta0__N0160__Aplus_0p01,xover-m05-g2-L5p3-n2-beta0__N0160__Aminus_0p01,xover-m05-g2-L5p3-n2-beta0,160,0.01,137,4.538125,1.0061289829636992,1.0050923951512392
xover-m05-g2-L5p3-n2-beta0__N0160__Aplus_0p01,xover-m05-g2-L5p3-n2-beta0__N0160__Aminus_0p01,xover-m05-g2-L5p3-n2-beta0,160,0.01,138,4.57125,1.0064364214041757,1.0053465476812535
xover-m05-g2-L5p3-n2-beta0__N0160__Aplus_0p01,xover-m05-g2-L5p3-n2-beta0__N0160__Aminus_0p01,xover-m05-g2-L5p3-n2-beta0,160,0.01,139,4.604375,1.0067338970727024,1.0055923964093472
xover-m05-g2-L5p3-n2-beta0__N0160__Aplus_0p01,xover-m05-g2-L5p3-n2-beta0__N0160__Aminus_0p01,xover-m05-g2-L5p3-n2-beta0,160,0.01,140,4.6375,1.007020932915111,1.0058295539783062
xover-m05-g2-L5p3-n2-beta0__N0160__Aplus_0p01,xover-m05-g2-L5p3-n2-beta0__N0160__Aminus_0p01,xover-m05-g2-L5p3-n2-beta0,160,0.01,141,4.670625,1.0072970678322468,1.0060576463717064
xover-m05-g2-L5p3-n2-beta0__N0160__Aplus_0p01,xover-m05-g2-L5p3-n2-beta0__N0160__Aminus_0p01,xover-m05-g2-L5p3-n2-beta0,160,0.01,142,4.70375,1.0075618575066811,1.0062763135425261
xover-m05-g2-L5p3-n2-beta0__N0160__Aplus_0p01,xover-m05-g2-L5p3-n2-beta0__N0160__Aminus_0p01,xover-m05-g2-L5p3-n2-beta0,160,0.01,143,4.736875,1.0078148752039189,1.0064852100203396
xover-m05-g2-L5p3-n2-beta0__N0160__Aplus_0p01,xover-m05-g2-L5p3-n2-beta0__N0160__Aminus_0p01,xover-m05-g2-L5p3-n2-beta0,160,0.01,144,4.7700000000000005,1.0080557125461331,1.006684005495822
xover-m05-g2-L5p3-n2-beta0__N0160__Aplus_0p01,xover-m05-g2-L5p3-n2-beta0__N0160__Aminus_0p01,xover-m05-g2-L5p3-n2-beta0,160,0.01,145,4.8031250000000005,1.008283980256486,1.0068723853813393
xover-m05-g2-L5p3-n2-beta0__N0160__Aplus_0p01,xover-m05-g2-L5p3-n2-beta0__N0160__Aminus_0p01,xover-m05-g2-L5p3-n2-beta0,160,0.01,146,4.836250000000001,1.0084993088721543,1.0070500513464327
xover-m05-g2-L5p3-n2-beta0__N0160__Aplus_0p01,xover-m05-g2-L5p3-n2-beta0__N0160__Aminus_0p01,xover-m05-g2-L5p3-n2-beta0,160,0.01,147,4.869375000000001,1.0087013494242332,1.0072167218270498
xover-m05-g2-L5p3-n2-beta0__N0160__Aplus_0p01,xover-m05-g2-L5p3-n2-beta0__N0160__Aminus_0p01,xover-m05-g2-L5p3-n2-beta0,160,0.01,148,4.9025,1.008889774082754,1.007372132507423
xover-m05-g2-L5p3-n2-beta0__N0160__Aplus_0p01,xover-m05-g2-L5p3-n2-beta0__N0160__Aminus_0p01,xover-m05-g2-L5p3-n2-beta0,160,0.01,149,4.935625,1.009064276765132,1.00751603677355
xover-m05-g2-L5p3-n2-beta0__N0160__Aplus_0p01,xover-m05-g2-L5p3-n2-beta0__N0160__Aminus_0p01,xover-m05-g2-L5p3-n2-beta0,160,0.01,150,4.96875,1.0092245737064314,1.0076482061372798
xover-m05-g2-L5p3-n2-beta0__N0160__Aplus_0p01,xover-m05-g2-L5p3-n2-beta0__N0160__Aminus_0p01,xover-m05-g2-L5p3-n2-beta0,160,0.01,151,5.001875,1.0093704039899314,1.0077684306300698
xover-m05-g2-L5p3-n2-beta0__N0160__Aplus_0p01,xover-m05-g2-L5p3-n2-beta0__N0160__Aminus_0p01,xover-m05-g2-L5p3-n2-beta0,160,0.01,152,5.035,1.0095015300365664,1.0078765191655417
xover-m05-g2-L5p3-n2-beta0__N0160__Aplus_0p01,xover-m05-g2-L5p3-n2-beta0__N0160__Aminus_0p01,xover-m05-g2-L5p3-n2-beta0,160,0.01,153,5.068125,1.0096177380519142,1.0079722998700265
xover-m05-g2-L5p3-n2-beta0__N0160__Aplus_0p01,xover-m05-g2-L5p3-n2-beta0__N0160__Aminus_0p01,xover-m05-g2-L5p3-n2-beta0,160,0.01,154,5.10125,1.0097188384295153,1.00805562038036
xover-m05-g2-L5p3-n2-beta0__N0160__Aplus_0p01,xover-m05-g2-L5p3-n2-beta0__N0160__Aminus_0p01,xover-m05-g2-L5p3-n2-beta0,160,0.01,155,5.134375,1.0098046661094158,1.0081263481082523
xover-m05-g2-L5p3-n2-beta0__N0160__Aplus_0p01,xover-m05-g2-L5p3-n2-beta0__N0160__Aminus_0p01,xover-m05-g2-L5p3-n2-beta0,160,0.01,156,5.1675,1.0098750808909478,1.0081843704706421
xover-m05-g2-L5p3-n2-beta0__N0160__Aplus_0p01,xover-m05-g2-L5p3-n2-beta0__N0160__Aminus_0p01,xover-m05-g2-L5p3-n2-beta0,160,0.01,157,5.2006250000000005,1.0099299676988807,1.008229595085504
xover-m05-g2-L5p3-n2-beta0__N0160__Aplus_0p01,xover-m05-g2-L5p3-n2-beta0__N0160__Aminus_0p01,xover-m05-g2-L5p3-n2-beta0,160,0.01,158,5.233750000000001,1.0099692368022015,1.0082619499326708
xover-m05-g2-L5p3-n2-beta0__N0160__Aplus_0p01,xover-m05-g2-L5p3-n2-beta0__N0160__Aminus_0p01,xover-m05-g2-L5p3-n2-beta0,160,0.01,159,5.266875000000001,1.0099928239849165,1.0082813834792999
xover-m05-g2-L5p3-n2-beta0__N0160__Aplus_0p01,xover-m05-g2-L5p3-n2-beta0__N0160__Aminus_0p01,xover-m05-g2-L5p3-n2-beta0,160,0.01,160,5.3,1.0100006906683958,1.0082878647696984
xover-m05-g2-L5p3-n2-beta0__N0160__Aplus_0p02,xover-m05-g2-L5p3-n2-beta0__N0160__Aminus_0p02,xover-m05-g2-L5p3-n2-beta0,160,0.02,0,0.0,1.0200036067817264,1.0165205466210034
xover-m05-g2-L5p3-n2-beta0__N0160__Aplus_0p02,xover-m05-g2-L5p3-n2-beta0__N0160__Aminus_0p02,xover-m05-g2-L5p3-n2-beta0,160,0.02,1,0.033125,1.019987553140819,1.0165074415325783
xover-m05-g2-L5p3-n2-beta0__N0160__Aplus_0p02,xover-m05-g2-L5p3-n2-beta0__N0160__Aminus_0p02,xover-m05-g2-L5p3-n2-beta0,160,0.02,2,0.06625,1.0199394200004885,1.0164681478222053
xover-m05-g2-L5p3-n2-beta0__N0160__Aplus_0p02,xover-m05-g2-L5p3-n2-beta0__N0160__Aminus_0p02,xover-m05-g2-L5p3-n2-beta0,160,0.02,3,0.099375,1.019859290645182,1.0164027301126641
xover-m05-g2-L5p3-n2-beta0__N0160__Aplus_0p02,xover-m05-g2-L5p3-n2-beta0__N0160__Aminus_0p02,xover-m05-g2-L5p3-n2-beta0,160,0.02,4,0.1325,1.0197473036734463,1.0163112959689549
xover-m05-g2-L5p3-n2-beta0__N0160__Aplus_0p02,xover-m05-g2-L5p3-n2-beta0__N0160__Aminus_0p02,xover-m05-g2-L5p3-n2-beta0,160,0.02,5,0.16562500000000002,1.0196036526854615,1.0161939956892803
xover-m05-g2-L5p3-n2-beta0__N0160__Aplus_0p02,xover-m05-g2-L5p3-n2-beta0__N0160__Aminus_0p02,xover-m05-g2-L5p3-n2-beta0,160,0.02,6,0.19875,1.019428585847237,1.0160510220132848
xover-m05-g2-L5p3-n2-beta0__N0160__Aplus_0p02,xover-m05-g2-L5p3-n2-beta0__N0160__Aminus_0p02,xover-m05-g2-L5p3-n2-beta0,160,0.02,7,0.231875,1.0192224053331111,1.0158826097484073
xover-m05-g2-L5p3-n2-beta0__N0160__Aplus_0p02,xover-m05-g2-L5p3-n2-beta0__N0160__Aminus_0p02,xover-m05-g2-L5p3-n2-beta0,160,0.02,8,0.265,1.0189854666486458,1.0156890353154384
xover-m05-g2-L5p3-n2-beta0__N0160__Aplus_0p02,xover-m05-g2-L5p3-n2-beta0__N0160__Aminus_0p02,xover-m05-g2-L5p3-n2-beta0,160,0.02,9,0.29812500000000003,1.0187181778364367,1.0154706162146159
xover-m05-g2-L5p3-n2-beta0__N0160__Aplus_0p02,xover-m05-g2-L5p3-n2-beta0__N0160__Aminus_0p02,xover-m05-g2-L5p3-n2-beta0,160,0.02,10,0.33125000000000004,1.0184209985677952,1.0152277104138017
xover-m05-g2-L5p3-n2-beta0__N0160__Aplus_0p02,xover-m05-g2-L5p3-n2-beta0__N0160__Aminus_0p02,xover-m05-g2-L5p3-n2-beta0,160,0.02,11,0.364375,1.0180944391236475,1.0149607156605158
xover-m05-g2-L5p3-n2-beta0__N0160__Aplus_0p02,xover-m05-g2-L5p3-n2-beta0__N0160__Aminus_0p02,xover-m05-g2-L5p3-n2-beta0,160,0.02,12,0.3975,1.017739059268391,1.0146700687197998
xover-m05-g2-L5p3-n2-beta0__N0160__Aplus_0p02,xover-m05-g2-L5p3-n2-beta0__N0160__Aminus_0p02,xover-m05-g2-L5p3-n2-beta0,160,0.02,13,0.43062500000000004,1.0173554670207976,1.0143562445400875
xover-m05-g2-L5p3-n2-beta0__N0160__Aplus_0p02,xover-m05-g2-L5p3-n2-beta0__N0160__Aminus_0p02,xover-m05-g2-L5p3-n2-beta0,160,0.02,14,0.46375,1.0169443173263963,1.0140197553494459
xover-m05-g2-L5p3-n2-beta0__N0160__Aplus_0p02,xover-m05-g2-L5p3-n2-beta0__N0160__Aminus_0p02,xover-m05-g2-L5p3-n2-beta0,160,0.02,15,0.496875,1.0165063106360734,1.013661149684725
xover-m05-g2-L5p3-n2-beta0__N0160__Aplus_0p02,xover-m05-g2-L5p3-n2-beta0__N0160__Aminus_0p02,xover-m05-g2-L5p3-n2-beta0,160,0.02,16,0.53,1.0160421913959075,1.013281011356321
xover-m05-g2-L5p3-n2-beta0__N0160__Aplus_0p02,xover-m05-g2-L5p3-n2-beta0__N0160__Aminus_0p02,xover-m05-g2-L5p3-n2-beta0,160,0.02,17,0.563125,1.015552746453508,1.012879958351408
xover-m05-g2-L5p3-n2-beta0__N0160__Aplus_0p02,xover-m05-g2-L5p3-n2-beta0__N0160__Aminus_0p02,xover-m05-g2-L5p3-n2-beta0,160,0.02,18,0.5962500000000001,1.0150388033863502,1.0124586416786276
xover-m05-g2-L5p3-n2-beta0__N0160__Aplus_0p02,xover-m05-g2-L5p3-n2-beta0__N0160__Aminus_0p02,xover-m05-g2-L5p3-n2-beta0,160,0.02,19,0.629375,1.0145012287577835,1.0120177441573548
xover-m05-g2-L5p3-n2-beta0__N0160__Aplus_0p02,xover-m05-g2-L5p3-n2-beta0__N0160__Aminus_0p02,xover-m05-g2-L5p3-n2-beta0,160,0.02,20,0.6625000000000001,1.0139409263065482,1.0115579791547642
xover-m05-g2-L5p3-n2-beta0__N0160__Aplus_0p02,xover-m05-g2-L5p3-n2-beta0__N0160__Aminus_0p02,xover-m05-g2-L5p3-n2-beta0,160,0.02,21,0.695625,1.0133588350757654,1.0110800892740162
xover-m05-g2-L5p3-n2-beta0__N0160__Aplus_0p02,xover-m05-g2-L5p3-n2-beta0__N0160__Aminus_0p02,xover-m05-g2-L5p3-n2-beta0,160,0.02,22,0.72875,1.0127559274874518,1.0105848449969634
xover-m05-g2-L5p3-n2-beta0__N0160__Aplus_0p02,xover-m05-g2-L5p3-n2-beta0__N0160__Aminus_0p02,xover-m05-g2-L5p3-n2-beta0,160,0.02,23,0.7618750000000001,1.0121332073686764,1.0100730432848435
xover-m05-g2-L5p3-n2-beta0__N0160__Aplus_0p02,xover-m05-g2-L5p3-n2-beta0__N0160__Aminus_0p02,xover-m05-g2-L5p3-n2-beta0,160,0.02,24,0.795,1.0114917079355017,1.0095455061404726
xover-m05-g2-L5p3-n2-beta0__N0160__Aplus_0p02,xover-m05-g2-L5p3-n2-beta0__N0160__Aminus_0p02,xover-m05-g2-L5p3-n2-beta0,160,0.02,25,0.828125,1.0108324897408547,1.0090030791354958
xover-m05-g2-L5p3-n2-beta0__N0160__Aplus_0p02,xover-m05-g2-L5p3-n2-beta0__N0160__Aminus_0p02,xover-m05-g2-L5p3-n2-beta0,160,0.02,26,0.8612500000000001,1.010156638592436,1.008446629906264
xover-m05-g2-L5p3-n2-beta0__N0160__Aplus_0p02,xover-m05-g2-L5p3-n2-beta0__N0160__Aminus_0p02,xover-m05-g2-L5p3-n2-beta0,160,0.02,27,0.894375,1.0094652634467176,1.0078770466219216
xover-m05-g2-L5p3-n2-beta0__N0160__Aplus_0p02,xover-m05-g2-L5p3-n2-beta0__N0160__Aminus_0p02,xover-m05-g2-L5p3-n2-beta0,160,0.02,28,0.9275,1.0087594942849918,1.0072952364282832
xover-m05-g2-L5p3-n2-beta0__N0160__Aplus_0p02,xover-m05-g2-L5p3-n2-beta0__N0160__Aminus_0p02,xover-m05-g2-L5p3-n2-beta0,160,0.02,29,0.9606250000000001,1.0080404799773155,1.006702123871052
xover-m05-g2-L5p3-n2-beta0__N0160__Aplus_0p02,xover-m05-g2-L5p3-n2-beta0__N0160__Aminus_0p02,xover-m05-g2-L5p3-n2-beta0,160,0.02,30,0.99375,1.0073093861400542,1.006098649301909
xover-m05-g2-L5p3-n2-beta0__N0160__Aplus_0p02,xover-m05-g2-L5p3-n2-beta0__N0160__Aminus_0p02,xover-m05-g2-L5p3-n2-beta0,160,0.02,31,1.026875,1.006567392992572,1.0054857672709525
xover-m05-g2-L5p3-n2-beta0__N0160__Aplus_0p02,xover-m05-g2-L5p3-n2-beta0__N0160__Aminus_0p02,xover-m05-g2-L5p3-n2-beta0,160,0.02,32,1.06,1.0058156932184201,1.0048644449089155
xover-m05-g2-L5p3-n2-beta0__N0160__Aplus_0p02,xover-m05-g2-L5p3-n2-beta0__N0160__Aminus_0p02,xover-m05-g2-L5p3-n2-beta0,160,0.02,33,1.0931250000000001,1.0050554898361792,1.0042356603025195
xover-m05-g2-L5p3-n2-beta0__N0160__Aplus_0p02,xover-m05-g2-L5p3-n2-beta0__N0160__Aminus_0p02,xover-m05-g2-L5p3-n2-beta0,160,0.02,34,1.12625,1.0042879940848866,1.0036004008662531
xover-m05-g2-L5p3-n2-beta0__N0160__Aplus_0p02,xover-m05-g2-L5p3-n2-beta0__N0160__Aminus_0p02,xover-m05-g2-L5p3-n2-beta0,160,0.02,35,1.159375,1.0035144233287416,1.0029596617137684
xover-m05-g2-L5p3-n2-beta0__N0160__Aplus_0p02,xover-m05-g2-L5p3-n2-beta0__N0160__Aminus_0p02,xover-m05-g2-L5p3-n2-beta0,160,0.02,36,1.1925000000000001,1.0027359989855307,1.0023144440320073
xover-m05-g2-L5p3-n2-beta0__N0160__Aplus_0p02,xover-m05-g2-L5p3-n2-beta0__N0160__Aminus_0p02,xover-m05-g2-L5p3-n2-beta0,160,0.02,37,1.225625,1.001953944482953,1.001665753461059
xover-m05-g2-L5p3-n2-beta0__N0160__Aplus_0p02,xover-m05-g2-L5p3-n2-beta0__N0160__Aminus_0p02,xover-m05-g2-L5p3-n2-beta0,160,0.02,38,1.25875,1.0011694832467548,1.001014598482645
xover-m05-g2-L5p3-n2-beta0__N0160__Aplus_0p02,xover-m05-g2-L5p3-n2-beta0__N0160__Aminus_0p02,xover-m05-g2-L5p3-n2-beta0,160,0.02,39,1.291875,1.0003838367243023,1.0003619888200175
xover-m05-g2-L5p3-n2-beta0__N0160__Aplus_0p02,xover-m05-g2-L5p3-n2-beta0__N0160__Aminus_0p02,xover-m05-g2-L5p3-n2-beta0,160,0.02,40,1.3250000000000002,0.9995982224469362,0.9997089338519314
xover-m05-g2-L5p3-n2-beta0__N0160__Aplus_0p02,xover-m05-g2-L5p3-n2-beta0__N0160__Aminus_0p02,xover-m05-g2-L5p3-n2-beta0,160,0.02,41,1.358125,0.9988138521341654,0.9990564410432358
xover-m05-g2-L5p3-n2-beta0__N0160__Aplus_0p02,xover-m05-g2-L5p3-n2-beta0__N0160__Aminus_0p02,xover-m05-g2-L5p3-n2-beta0,160,0.02,42,1.39125,0.99803192984247,0.9984055143944959
xover-m05-g2-L5p3-n2-beta0__N0160__Aplus_0p02,xover-m05-g2-L5p3-n2-beta0__N0160__Aminus_0p02,xover-m05-g2-L5p3-n2-beta0,160,0.02,43,1.4243750000000002,0.9972536501611902,0.9977571529129352
xover-m05-g2-L5p3-n2-beta0__N0160__Aplus_0p02,xover-m05-g2-L5p3-n2-beta0__N0160__Aminus_0p02,xover-m05-g2-L5p3-n2-beta0,160,0.02,44,1.4575,0.9964801964576945,0.9971123491068513
xover-m05-g2-L5p3-n2-beta0__N0160__Aplus_0p02,xover-m05-g2-L5p3-n2-beta0__N0160__Aminus_0p02,xover-m05-g2-L5p3-n2-beta0,160,0.02,45,1.490625,0.9957127391737397,0.9964720875055303
xover-m05-g2-L5p3-n2-beta0__N0160__Aplus_0p02,xover-m05-g2-L5p3-n2-beta0__N0160__Aminus_0p02,xover-m05-g2-L5p3-n2-beta0,160,0.02,46,1.5237500000000002,0.9949524341746534,0.9958373432065546
xover-m05-g2-L5p3-n2-beta0__N0160__Aplus_0p02,xover-m05-g2-L5p3-n2-beta0__N0160__Aminus_0p02,xover-m05-g2-L5p3-n2-beta0,160,0.02,47,1.556875,0.9942004211527035,0.9952090804522644
xover-m05-g2-L5p3-n2-beta0__N0160__Aplus_0p02,xover-m05-g2-L5p3-n2-beta0__N0160__Aminus_0p02,xover-m05-g2-L5p3-n2-beta0,160,0.02,48,1.59,0.9934578220857558,0.9945882512370041
xover-m05-g2-L5p3-n2-beta0__N0160__Aplus_0p02,xover-m05-g2-L5p3-n2-beta0__N0160__Aminus_0p02,xover-m05-g2-L5p3-n2-beta0,160,0.02,49,1.6231250000000002,0.9927257397520697,0.9939757939466612
xover-m05-g2-L5p3-n2-beta0__N0160__Aplus_0p02,xover-m05-g2-L5p3-n2-beta0__N0160__Aminus_0p02,xover-m05-g2-L5p3-n2-beta0,160,0.02,50,1.65625,0.9920052563018353,0.9933726320318733
xover-m05-g2-L5p3-n2-beta0__N0160__Aplus_0p02,xover-m05-g2-L5p3-n2-beta0__N0160__Aminus_0p02,xover-m05-g2-L5p3-n2-beta0,160,0.02,51,1.689375,0.9912974318858352,0.9927796727161617
xover-m05-g2-L5p3-n2-beta0__N0160__Aplus_0p02,xover-m05-g2-L5p3-n2-beta0__N0160__Aminus_0p02,xover-m05-g2-L5p3-n2-beta0,160,0.02,52,1.7225000000000001,0.9906033033413844,0.9921978057401281
xover-m05-g2-L5p3-n2-beta0__N0160__Aplus_0p02,xover-m05-g2-L5p3-n2-beta0__N0160__Aminus_0p02,xover-m05-g2-L5p3-n2-beta0,160,0.02,53,1.755625,0.9899238829355067,0.9916279021427381
xover-m05-g2-L5p3-n2-beta0__N0160__Aplus_0p02,xover-m05-g2-L5p3-n2-beta0__N0160__Aminus_0p02,xover-m05-g2-L5p3-n2-beta0,160,0.02,54,1.78875,0.9892601571651123,0.9910708130806043
xover-m05-g2-L5p3-n2-beta0__N0160__Aplus_0p02,xover-m05-g2-L5p3-n2-beta0__N0160__Aminus_0p02,xover-m05-g2-L5p3-n2-beta0,160,0.02,55,1.8218750000000001,0.9886130856137628,0.9905273686860734
xover-m05-g2-L5p3-n2-beta0__N0160__Aplus_0p02,xover-m05-g2-L5p3-n2-beta0__N0160__Aminus_0p02,xover-m05-g2-L5p3-n2-beta0,160,0.02,56,1.855,0.9879835998644547,0.989998376964828
xover-m05-g2-L5p3-n2-beta0__N0160__Aplus_0p02,xover-m05-g2-L5p3-n2-beta0__N0160__Aminus_0p02,xover-m05-g2-L5p3-n2-beta0,160,0.02,57,1.888125,0.9873726024676988,0.9894846227336093
xover-m05-g2-L5p3-n2-beta0__N0160__Aplus_0p02,xover-m05-g2-L5p3-n2-beta0__N0160__Aminus_0p02,xover-m05-g2-L5p3-n2-beta0,160,0.02,58,1.9212500000000001,0.9867809659640496,0.988986866598587
xover-m05-g2-L5p3-n2-beta0__N0160__Aplus_0p02,xover-m05-g2-L5p3-n2-beta0__N0160__Aminus_0p02,xover-m05-g2-L5p3-n2-beta0,160,0.02,59,1.9543750000000002,0.9862095319601188,0.9885058439748122
xover-m05-g2-L5p3-n2-beta0__N0160__Aplus_0p02,xover-m05-g2-L5p3-n2-beta0__N0160__Aminus_0p02,xover-m05-g2-L5p3-n2-beta0,160,0.02,60,1.9875,0.985659110257008,0.9880422641471137
xover-m05-g2-L5p3-n2-beta0__N0160__Aplus_0p02,xover-m05-g2-L5p3-n2-beta0__N0160__Aminus_0p02,xover-m05-g2-L5p3-n2-beta0,160,0.02,61,2.020625,0.9851304780300134,0.9875968093727286
xover-m05-g2-L5p3-n2-beta0__N0160__Aplus_0p02,xover-m05-g2-L5p3-n2-beta0__N0160__Aminus_0p02,xover-m05-g2-L5p3-n2-beta0,160,0.02,62,2.05375,0.9846243790583837,0.9871701340258894
xover-m05-g2-L5p3-n2-beta0__N0160__Aplus_0p02,xover-m05-g2-L5p3-n2-beta0__N0160__Aminus_0p02,xover-m05-g2-L5p3-n2-beta0,160,0.02,63,2.086875,0.9841415230038588,0.9867628637845295
xover-m05-g2-L5p3-n2-beta0__N0160__Aplus_0p02,xover-m05-g2-L5p3-n2-beta0__N0160__Aminus_0p02,xover-m05-g2-L5p3-n2-beta0,160,0.02,64,2.12,0.9836825847366787,0.9863755948592217
xover-m05-g2-L5p3-n2-beta0__N0160__Aplus_0p02,xover-m05-g2-L5p3-n2-beta0__N0160__Aminus_0p02,xover-m05-g2-L5p3-n2-beta0,160,0.02,65,2.153125,0.9832482037077239,0.9860088932644108
xover-m05-g2-L5p3-n2-beta0__N0160__Aplus_0p02,xover-m05-g2-L5p3-n2-beta0__N0160__Aminus_0p02,xover-m05-g2-L5p3-n2-beta0,160,0.02,66,2.1862500000000002,0.9828389833654398,0.9856632941319609
xover-m05-g2-L5p3-n2-beta0__N0160__Aplus_0p02,xover-m05-g2-L5p3-n2-beta0__N0160__Aminus_0p02,xover-m05-g2-L5p3-n2-beta0,160,0.02,67,2.2193750000000003,0.9824554906161975,0.985339301067006
xover-m05-g2-L5p3-n2-beta0__N0160__Aplus_0p02,xover-m05-g2-L5p3-n2-beta0__N0160__Aminus_0p02,xover-m05-g2-L5p3-n2-beta0,160,0.02,68,2.2525,0.9820982553267581,0.9850373855460589
xover-m05-g2-L5p3-n2-beta0__N0160__Aplus_0p02,xover-m05-g2-L5p3-n2-beta0__N0160__Aminus_0p02,xover-m05-g2-L5p3-n2-beta0,160,0.02,69,2.285625,0.9817677698675364,0.9847579863573096
xover-m05-g2-L5p3-n2-beta0__N0160__Aplus_0p02,xover-m05-g2-L5p3-n2-beta0__N0160__Aminus_0p02,xover-m05-g2-L5p3-n2-beta0,160,0.02,70,2.31875,0.9814644886953939,0.9845015090830251
xover-m05-g2-L5p3-n2-beta0__N0160__Aplus_0p02,xover-m05-g2-L5p3-n2-beta0__N0160__Aminus_0p02,xover-m05-g2-L5p3-n2-beta0,160,0.02,71,2.351875,0.9811888279747439,0.9842683256239493
xover-m05-g2-L5p3-n2-beta0__N0160__Aplus_0p02,xover-m05-g2-L5p3-n2-beta0__N0160__Aminus_0p02,xover-m05-g2-L5p3-n2-beta0,160,0.02,72,2.3850000000000002,0.9809411652358098,0.9840587737655896
xover-m05-g2-L5p3-n2-beta0__N0160__Aplus_0p02,xover-m05-g2-L5p3-n2-beta0__N0160__Aminus_0p02,xover-m05-g2-L5p3-n2-beta0,160,0.02,73,2.4181250000000003,0.980721839068944,0.9838731567862725
xover-m05-g2-L5p3-n2-beta0__N0160__Aplus_0p02,xover-m05-g2-L5p3-n2-beta0__N0160__Aminus_0p02,xover-m05-g2-L5p3-n2-beta0,160,0.02,74,2.45125,0.980531148853996,0.9837117431068485
xover-m05-g2-L5p3-n2-beta0__N0160__Aplus_0p02,xover-m05-g2-L5p3-n2-beta0__N0160__Aminus_0p02,xover-m05-g2-L5p3-n2-beta0,160,0.02,75,2.484375,0.9803693545237993,0.9835747659819314
xover-m05-g2-L5p3-n2-beta0__N0160__Aplus_0p02,xover-m05-g2-L5p3-n2-beta0__N0160__Aminus_0p02,xover-m05-g2-L5p3-n2-beta0,160,0.02,76,2.5175,0.9802366763609432,0.9834624232325577
xover-m05-g2-L5p3-n2-beta0__N0160__Aplus_0p02,xover-m05-g2-L5p3-n2-beta0__N0160__Aminus_0p02,xover-m05-g2-L5p3-n2-beta0,160,0.02,77,2.550625,0.9801332948270907,0.9833748770201653
xover-m05-g2-L5p3-n2-beta0__N0160__Aplus_0p02,xover-m05-g2-L5p3-n2-beta0__N0160__Aminus_0p02,xover-m05-g2-L5p3-n2-beta0,160,0.02,78,2.58375,0.9800593504242088,0.9833122536617996
xover-m05-g2-L5p3-n2-beta0__N0160__Aplus_0p02,xover-m05-g2-L5p3-n2-beta0__N0160__Aminus_0p02,xover-m05-g2-L5p3-n2-beta0,160,0.02,79,2.6168750000000003,0.9800149435871897,0.9832746434864698
xover-m05-g2-L5p3-n2-beta0__N0160__Aplus_0p02,xover-m05-g2-L5p3-n2-beta0__N0160__Aminus_0p02,xover-m05-g2-L5p3-n2-beta0,160,0.02,80,2.6500000000000004,0.9800001346074461,0.9832621007325908
xover-m05-g2-L5p3-n2-beta0__N0160__Aplus_0p02,xover-m05-g2-L5p3-n2-beta0__N0160__Aminus_0p02,xover-m05-g2-L5p3-n2-beta0,160,0.02,81,2.683125,0.9800149435871895,0.9832746434864686
xover-m05-g2-L5p3-n2-beta0__N0160__Aplus_0p02,xover-m05-g2-L5p3-n2-beta0__N0160__Aminus_0p02,xover-m05-g2-L5p3-n2-beta0,160,0.02,82,2.71625,0.9800593504242088,0.9833122536617975
xover-m05-g2-L5p3-n2-beta0__N0160__Aplus_0p02,xover-m05-g2-L5p3-n2-beta0__N0160__Aminus_0p02,xover-m05-g2-L5p3-n2-beta0,160,0.02,83,2.749375,0.9801332948270906,0.9833748770201624
xover-m05-g2-L5p3-n2-beta0__N0160__Aplus_0p02,xover-m05-g2-L5p3-n2-beta0__N0160__Aminus_0p02,xover-m05-g2-L5p3-n2-beta0,160,0.02,84,2.7825,0.9802366763609431,0.983462423232554
xover-m05-g2-L5p3-n2-beta0__N0160__Aplus_0p02,xover-m05-g2-L5p3-n2-beta0__N0160__Aminus_0p02,xover-m05-g2-L5p3-n2-beta0,160,0.02,85,2.8156250000000003,0.9803693545237991,0.9835747659819266
xover-m05-g2-L5p3-n2-beta0__N0160__Aplus_0p02,xover-m05-g2-L5p3-n2-beta0__N0160__Aminus_0p02,xover-m05-g2-L5p3-n2-beta0,160,0.02,86,2.8487500000000003,0.9805311488539957,0.9837117431068428
xover-m05-g2-L5p3-n2-beta0__N0160__Aplus_0p02,xover-m05-g2-L5p3-n2-beta0__N0160__Aminus_0p02,xover-m05-g2-L5p3-n2-beta0,160,0.02,87,2.881875,0.9807218390689437,0.9838731567862659
xover-m05-g2-L5p3-n2-beta0__N0160__Aplus_0p02,xover-m05-g2-L5p3-n2-beta0__N0160__Aminus_0p02,xover-m05-g2-L5p3-n2-beta0,160,0.02,88,2.915,0.9809411652358094,0.9840587737655823
xover-m05-g2-L5p3-n2-beta0__N0160__Aplus_0p02,xover-m05-g2-L5p3-n2-beta0__N0160__Aminus_0p02,xover-m05-g2-L5p3-n2-beta0,160,0.02,89,2.948125,0.9811888279747435,0.9842683256239412
xover-m05-g2-L5p3-n2-beta0__N0160__Aplus_0p02,xover-m05-g2-L5p3-n2-beta0__N0160__Aminus_0p02,xover-m05-g2-L5p3-n2-beta0,160,0.02,90,2.98125,0.9814644886953934,0.9845015090830164
xover-m05-g2-L5p3-n2-beta0__N0160__Aplus_0p02,xover-m05-g2-L5p3-n2-beta0__N0160__Aminus_0p02,xover-m05-g2-L5p3-n2-beta0,160,0.02,91,3.0143750000000002,0.9817677698675358,0.9847579863573002
xover-m05-g2-L5p3-n2-beta0__N0160__Aplus_0p02,xover-m05-g2-L5p3-n2-beta0__N0160__Aminus_0p02,xover-m05-g2-L5p3-n2-beta0,160,0.02,92,3.0475000000000003,0.9820982553267573,0.9850373855460487
xover-m05-g2-L5p3-n2-beta0__N0160__Aplus_0p02,xover-m05-g2-L5p3-n2-beta0__N0160__Aminus_0p02,xover-m05-g2-L5p3-n2-beta0,160,0.02,93,3.080625,0.9824554906161965,0.9853393010669949
xover-m05-g2-L5p3-n2-beta0__N0160__Aplus_0p02,xover-m05-g2-L5p3-n2-beta0__N0160__Aminus_0p02,xover-m05-g2-L5p3-n2-beta0,160,0.02,94,3.11375,0.9828389833654387,0.9856632941319491
xover-m05-g2-L5p3-n2-beta0__N0160__Aplus_0p02,xover-m05-g2-L5p3-n2-beta0__N0160__Aminus_0p02,xover-m05-g2-L5p3-n2-beta0,160,0.02,95,3.146875,0.9832482037077226,0.9860088932643983
xover-m05-g2-L5p3-n2-beta0__N0160__Aplus_0p02,xover-m05-g2-L5p3-n2-beta0__N0160__Aminus_0p02,xover-m05-g2-L5p3-n2-beta0,160,0.02,96,3.18,0.9836825847366771,0.9863755948592084
xover-m05-g2-L5p3-n2-beta0__N0160__Aplus_0p02,xover-m05-g2-L5p3-n2-beta0__N0160__Aminus_0p02,xover-m05-g2-L5p3-n2-beta0,160,0.02,97,3.2131250000000002,0.9841415230038569,0.9867628637845153
xover-m05-g2-L5p3-n2-beta0__N0160__Aplus_0p02,xover-m05-g2-L5p3-n2-beta0__N0160__Aminus_0p02,xover-m05-g2-L5p3-n2-beta0,160,0.02,98,3.2462500000000003,0.9846243790583815,0.9871701340258743
xover-m05-g2-L5p3-n2-beta0__N0160__Aplus_0p02,xover-m05-g2-L5p3-n2-beta0__N0160__Aminus_0p02,xover-m05-g2-L5p3-n2-beta0,160,0.02,99,3.2793750000000004,0.985130478030011,0.9875968093727125
xover-m05-g2-L5p3-n2-beta0__N0160__Aplus_0p02,xover-m05-g2-L5p3-n2-beta0__N0160__Aminus_0p02,xover-m05-g2-L5p3-n2-beta0,160,0.02,100,3.3125,0.9856591102570053,0.9880422641470965
xover-m05-g2-L5p3-n2-beta0__N0160__Aplus_0p02,xover-m05-g2-L5p3-n2-beta0__N0160__Aminus_0p02,xover-m05-g2-L5p3-n2-beta0,160,0.02,101,3.345625,0.9862095319601157,0.988505843974794
xover-m05-g2-L5p3-n2-beta0__N0160__Aplus_0p02,xover-m05-g2-L5p3-n2-beta0__N0160__Aminus_0p02,xover-m05-g2-L5p3-n2-beta0,160,0.02,102,3.37875,0.9867809659640461,0.9889868665985679
xover-m05-g2-L5p3-n2-beta0__N0160__Aplus_0p02,xover-m05-g2-L5p3-n2-beta0__N0160__Aminus_0p02,xover-m05-g2-L5p3-n2-beta0,160,0.02,103,3.411875,0.9873726024676949,0.9894846227335891
xover-m05-g2-L5p3-n2-beta0__N0160__Aplus_0p02,xover-m05-g2-L5p3-n2-beta0__N0160__Aminus_0p02,xover-m05-g2-L5p3-n2-beta0,160,0.02,104,3.4450000000000003,0.9879835998644503,0.9899983769648065
xover-m05-g2-L5p3-n2-beta0__N0160__Aplus_0p02,xover-m05-g2-L5p3-n2-beta0__N0160__Aminus_0p02,xover-m05-g2-L5p3-n2-beta0,160,0.02,105,3.4781250000000004,0.9886130856137579,0.9905273686860508
xover-m05-g2-L5p3-n2-beta0__N0160__Aplus_0p02,xover-m05-g2-L5p3-n2-beta0__N0160__Aminus_0p02,xover-m05-g2-L5p3-n2-beta0,160,0.02,106,3.51125,0.9892601571651067,0.9910708130805805
xover-m05-g2-L5p3-n2-beta0__N0160__Aplus_0p02,xover-m05-g2-L5p3-n2-beta0__N0160__Aminus_0p02,xover-m05-g2-L5p3-n2-beta0,160,0.02,107,3.544375,0.9899238829355007,0.9916279021427132
xover-m05-g2-L5p3-n2-beta0__N0160__Aplus_0p02,xover-m05-g2-L5p3-n2-beta0__N0160__Aminus_0p02,xover-m05-g2-L5p3-n2-beta0,160,0.02,108,3.5775,0.9906033033413777,0.9921978057401022
xover-m05-g2-L5p3-n2-beta0__N0160__Aplus_0p02,xover-m05-g2-L5p3-n2-beta0__N0160__Aminus_0p02,xover-m05-g2-L5p3-n2-beta0,160,0.02,109,3.610625,0.991297431885828,0.992779672716135
xover-m05-g2-L5p3-n2-beta0__N0160__Aplus_0p02,xover-m05-g2-L5p3-n2-beta0__N0160__Aminus_0p02,xover-m05-g2-L5p3-n2-beta0,160,0.02,110,3.6437500000000003,0.9920052563018273,0.9933726320318458
xover-m05-g2-L5p3-n2-beta0__N0160__Aplus_0p02,xover-m05-g2-L5p3-n2-beta0__N0160__Aminus_0p02,xover-m05-g2-L5p3-n2-beta0,160,0.02,111,3.6768750000000003,0.992725739752061,0.9939757939466329
xover-m05-g2-L5p3-n2-beta0__N0160__Aplus_0p02,xover-m05-g2-L5p3-n2-beta0__N0160__Aminus_0p02,xover-m05-g2-L5p3-n2-beta0,160,0.02,112,3.71,0.9934578220857465,0.994588251236975
xover-m05-g2-L5p3-n2-beta0__N0160__Aplus_0p02,xover-m05-g2-L5p3-n2-beta0__N0160__Aminus_0p02,xover-m05-g2-L5p3-n2-beta0,160,0.02,113,3.743125,0.9942004211526932,0.9952090804522348
xover-m05-g2-L5p3-n2-beta0__N0160__Aplus_0p02,xover-m05-g2-L5p3-n2-beta0__N0160__Aminus_0p02,xover-m05-g2-L5p3-n2-beta0,160,0.02,114,3.77625,0.9949524341746424,0.9958373432065244
xover-m05-g2-L5p3-n2-beta0__N0160__Aplus_0p02,xover-m05-g2-L5p3-n2-beta0__N0160__Aminus_0p02,xover-m05-g2-L5p3-n2-beta0,160,0.02,115,3.809375,0.9957127391737279,0.9964720875054993
xover-m05-g2-L5p3-n2-beta0__N0160__Aplus_0p02,xover-m05-g2-L5p3-n2-beta0__N0160__Aminus_0p02,xover-m05-g2-L5p3-n2-beta0,160,0.02,116,3.8425000000000002,0.9964801964576818,0.9971123491068197
xover-m05-g2-L5p3-n2-beta0__N0160__Aplus_0p02,xover-m05-g2-L5p3-n2-beta0__N0160__Aminus_0p02,xover-m05-g2-L5p3-n2-beta0,160,0.02,117,3.8756250000000003,0.9972536501611766,0.9977571529129028
xover-m05-g2-L5p3-n2-beta0__N0160__Aplus_0p02,xover-m05-g2-L5p3-n2-beta0__N0160__Aminus_0p02,xover-m05-g2-L5p3-n2-beta0,160,0.02,118,3.9087500000000004,0.9980319298424556,0.9984055143944625
xover-m05-g2-L5p3-n2-beta0__N0160__Aplus_0p02,xover-m05-g2-L5p3-n2-beta0__N0160__Aminus_0p02,xover-m05-g2-L5p3-n2-beta0,160,0.02,119,3.941875,0.9988138521341499,0.9990564410432015
xover-m05-g2-L5p3-n2-beta0__N0160__Aplus_0p02,xover-m05-g2-L5p3-n2-beta0__N0160__Aminus_0p02,xover-m05-g2-L5p3-n2-beta0,160,0.02,120,3.975,0.9995982224469198,0.999708933851896
xover-m05-g2-L5p3-n2-beta0__N0160__Aplus_0p02,xover-m05-g2-L5p3-n2-beta0__N0160__Aminus_0p02,xover-m05-g2-L5p3-n2-beta0,160,0.02,121,4.008125000000001,1.0003838367242848,1.000361988819981
xover-m05-g2-L5p3-n2-beta0__N0160__Aplus_0p02,xover-m05-g2-L5p3-n2-beta0__N0160__Aminus_0p02,xover-m05-g2-L5p3-n2-beta0,160,0.02,122,4.04125,1.0011694832467362,1.0010145984826078
xover-m05-g2-L5p3-n2-beta0__N0160__Aplus_0p02,xover-m05-g2-L5p3-n2-beta0__N0160__Aminus_0p02,xover-m05-g2-L5p3-n2-beta0,160,0.02,123,4.074375,1.001953944482933,1.0016657534610207
xover-m05-g2-L5p3-n2-beta0__N0160__Aplus_0p02,xover-m05-g2-L5p3-n2-beta0__N0160__Aminus_0p02,xover-m05-g2-L5p3-n2-beta0,160,0.02,124,4.1075,1.0027359989855098,1.0023144440319682
xover-m05-g2-L5p3-n2-beta0__N0160__Aplus_0p02,xover-m05-g2-L5p3-n2-beta0__N0160__Aminus_0p02,xover-m05-g2-L5p3-n2-beta0,160,0.02,125,4.140625,1.0035144233287194,1.0029596617137282
xover-m05-g2-L5p3-n2-beta0__N0160__Aplus_0p02,xover-m05-g2-L5p3-n2-beta0__N0160__Aminus_0p02,xover-m05-g2-L5p3-n2-beta0,160,0.02,126,4.17375,1.004287994084863,1.003600400866212
xover-m05-g2-L5p3-n2-beta0__N0160__Aplus_0p02,xover-m05-g2-L5p3-n2-beta0__N0160__Aminus_0p02,xover-m05-g2-L5p3-n2-beta0,160,0.02,127,4.206875,1.0050554898361543,1.0042356603024776
xover-m05-g2-L5p3-n2-beta0__N0160__Aplus_0p02,xover-m05-g2-L5p3-n2-beta0__N0160__Aminus_0p02,xover-m05-g2-L5p3-n2-beta0,160,0.02,128,4.24,1.0058156932183941,1.0048644449088726
xover-m05-g2-L5p3-n2-beta0__N0160__Aplus_0p02,xover-m05-g2-L5p3-n2-beta0__N0160__Aminus_0p02,xover-m05-g2-L5p3-n2-beta0,160,0.02,129,4.273125,1.0065673929925447,1.005485767270909
xover-m05-g2-L5p3-n2-beta0__N0160__Aplus_0p02,xover-m05-g2-L5p3-n2-beta0__N0160__Aminus_0p02,xover-m05-g2-L5p3-n2-beta0,160,0.02,130,4.30625,1.0073093861400257,1.0060986493018644
xover-m05-g2-L5p3-n2-beta0__N0160__Aplus_0p02,xover-m05-g2-L5p3-n2-beta0__N0160__Aminus_0p02,xover-m05-g2-L5p3-n2-beta0,160,0.02,131,4.339375,1.0080404799772857,1.0067021238710065
xover-m05-g2-L5p3-n2-beta0__N0160__Aplus_0p02,xover-m05-g2-L5p3-n2-beta0__N0160__Aminus_0p02,xover-m05-g2-L5p3-n2-beta0,160,0.02,132,4.3725000000000005,1.008759494284961,1.0072952364282373
xover-m05-g2-L5p3-n2-beta0__N0160__Aplus_0p02,xover-m05-g2-L5p3-n2-beta0__N0160__Aminus_0p02,xover-m05-g2-L5p3-n2-beta0,160,0.02,133,4.405625000000001,1.0094652634466852,1.0078770466218752
xover-m05-g2-L5p3-n2-beta0__N0160__Aplus_0p02,xover-m05-g2-L5p3-n2-beta0__N0160__Aminus_0p02,xover-m05-g2-L5p3-n2-beta0,160,0.02,134,4.438750000000001,1.0101566385924023,1.008446629906217
xover-m05-g2-L5p3-n2-beta0__N0160__Aplus_0p02,xover-m05-g2-L5p3-n2-beta0__N0160__Aminus_0p02,xover-m05-g2-L5p3-n2-beta0,160,0.02,135,4.471875,1.0108324897408199,1.0090030791354485
xover-m05-g2-L5p3-n2-beta0__N0160__Aplus_0p02,xover-m05-g2-L5p3-n2-beta0__N0160__Aminus_0p02,xover-m05-g2-L5p3-n2-beta0,160,0.02,136,4.505,1.0114917079354655,1.0095455061404248
xover-m05-g2-L5p3-n2-beta0__N0160__Aplus_0p02,xover-m05-g2-L5p3-n2-beta0__N0160__Aminus_0p02,xover-m05-g2-L5p3-n2-beta0,160,0.02,137,4.538125,1.012133207368639,1.0100730432847953
xover-m05-g2-L5p3-n2-beta0__N0160__Aplus_0p02,xover-m05-g2-L5p3-n2-beta0__N0160__Aminus_0p02,xover-m05-g2-L5p3-n2-beta0,160,0.02,138,4.57125,1.0127559274874132,1.010584844996915
xover-m05-g2-L5p3-n2-beta0__N0160__Aplus_0p02,xover-m05-g2-L5p3-n2-beta0__N0160__Aminus_0p02,xover-m05-g2-L5p3-n2-beta0,160,0.02,139,4.604375,1.0133588350757257,1.0110800892739675
xover-m05-g2-L5p3-n2-beta0__N0160__Aplus_0p02,xover-m05-g2-L5p3-n2-beta0__N0160__Aminus_0p02,xover-m05-g2-L5p3-n2-beta0,160,0.02,140,4.6375,1.0139409263065073,1.0115579791547153
xover-m05-g2-L5p3-n2-beta0__N0160__Aplus_0p02,xover-m05-g2-L5p3-n2-beta0__N0160__Aminus_0p02,xover-m05-g2-L5p3-n2-beta0,160,0.02,141,4.670625,1.0145012287577415,1.0120177441573057
xover-m05-g2-L5p3-n2-beta0__N0160__Aplus_0p02,xover-m05-g2-L5p3-n2-beta0__N0160__Aminus_0p02,xover-m05-g2-L5p3-n2-beta0,160,0.02,142,4.70375,1.015038803386307,1.0124586416785781
xover-m05-g2-L5p3-n2-beta0__N0160__Aplus_0p02,xover-m05-g2-L5p3-n2-beta0__N0160__Aminus_0p02,xover-m05-g2-L5p3-n2-beta0,160,0.02,143,4.736875,1.0155527464534635,1.0128799583513586
xover-m05-g2-L5p3-n2-beta0__N0160__Aplus_0p02,xover-m05-g2-L5p3-n2-beta0__N0160__Aminus_0p02,xover-m05-g2-L5p3-n2-beta0,160,0.02,144,4.7700000000000005,1.0160421913958622,1.0132810113562716
xover-m05-g2-L5p3-n2-beta0__N0160__Aplus_0p02,xover-m05-g2-L5p3-n2-beta0__N0160__Aminus_0p02,xover-m05-g2-L5p3-n2-beta0,160,0.02,145,4.8031250000000005,1.0165063106360273,1.0136611496846757
xover-m05-g2-L5p3-n2-beta0__N0160__Aplus_0p02,xover-m05-g2-L5p3-n2-beta0__N0160__Aminus_0p02,xover-m05-g2-L5p3-n2-beta0,160,0.02,146,4.836250000000001,1.016944317326349,1.0140197553493966
xover-m05-g2-L5p3-n2-beta0__N0160__Aplus_0p02,xover-m05-g2-L5p3-n2-beta0__N0160__Aminus_0p02,xover-m05-g2-L5p3-n2-beta0,160,0.02,147,4.869375000000001,1.0173554670207494,1.014356244540038
xover-m05-g2-L5p3-n2-beta0__N0160__Aplus_0p02,xover-m05-g2-L5p3-n2-beta0__N0160__Aminus_0p02,xover-m05-g2-L5p3-n2-beta0,160,0.02,148,4.9025,1.0177390592683422,1.0146700687197499
xover-m05-g2-L5p3-n2-beta0__N0160__Aplus_0p02,xover-m05-g2-L5p3-n2-beta0__N0160__Aminus_0p02,xover-m05-g2-L5p3-n2-beta0,160,0.02,149,4.935625,1.0180944391235978,1.0149607156604654
xover-m05-g2-L5p3-n2-beta0__N0160__Aplus_0p02,xover-m05-g2-L5p3-n2-beta0__N0160__Aminus_0p02,xover-m05-g2-L5p3-n2-beta0,160,0.02,150,4.96875,1.0184209985677448,1.0152277104137508
xover-m05-g2-L5p3-n2-beta0__N0160__Aplus_0p02,xover-m05-g2-L5p3-n2-beta0__N0160__Aminus_0p02,xover-m05-g2-L5p3-n2-beta0,160,0.02,151,5.001875,1.0187181778363856,1.0154706162145648
xover-m05-g2-L5p3-n2-beta0__N0160__Aplus_0p02,xover-m05-g2-L5p3-n2-beta0__N0160__Aminus_0p02,xover-m05-g2-L5p3-n2-beta0,160,0.02,152,5.035,1.0189854666485942,1.0156890353153873
xover-m05-g2-L5p3-n2-beta0__N0160__Aplus_0p02,xover-m05-g2-L5p3-n2-beta0__N0160__Aminus_0p02,xover-m05-g2-L5p3-n2-beta0,160,0.02,153,5.068125,1.019222405333059,1.015882609748356
xover-m05-g2-L5p3-n2-beta0__N0160__Aplus_0p02,xover-m05-g2-L5p3-n2-beta0__N0160__Aminus_0p02,xover-m05-g2-L5p3-n2-beta0,160,0.02,154,5.10125,1.019428585847184,1.0160510220132333
xover-m05-g2-L5p3-n2-beta0__N0160__Aplus_0p02,xover-m05-g2-L5p3-n2-beta0__N0160__Aminus_0p02,xover-m05-g2-L5p3-n2-beta0,160,0.02,155,5.134375,1.0196036526854084,1.0161939956892283
xover-m05-g2-L5p3-n2-beta0__N0160__Aplus_0p02,xover-m05-g2-L5p3-n2-beta0__N0160__Aminus_0p02,xover-m05-g2-L5p3-n2-beta0,160,0.02,156,5.1675,1.019747303673393,1.016311295968903
xover-m05-g2-L5p3-n2-beta0__N0160__Aplus_0p02,xover-m05-g2-L5p3-n2-beta0__N0160__Aminus_0p02,xover-m05-g2-L5p3-n2-beta0,160,0.02,157,5.2006250000000005,1.0198592906451283,1.0164027301126122
xover-m05-g2-L5p3-n2-beta0__N0160__Aplus_0p02,xover-m05-g2-L5p3-n2-beta0__N0160__Aminus_0p02,xover-m05-g2-L5p3-n2-beta0,160,0.02,158,5.233750000000001,1.0199394200004346,1.0164681478221531
xover-m05-g2-L5p3-n2-beta0__N0160__Aplus_0p02,xover-m05-g2-L5p3-n2-beta0__N0160__Aminus_0p02,xover-m05-g2-L5p3-n2-beta0,160,0.02,159,5.266875000000001,1.019987553140765,1.016507441532526
xover-m05-g2-L5p3-n2-beta0__N0160__Aplus_0p02,xover-m05-g2-L5p3-n2-beta0__N0160__Aminus_0p02,xover-m05-g2-L5p3-n2-beta0,160,0.02,160,5.3,1.0200036067816725,1.0165205466209508
