{
  "alpha_n0": 7.631862607185552,
  "beta_n0": 0.21479611748229305,
  "chi_hi": 1.7325689216749245,
  "chi_lo": 1.7325653758850992,
  "chi_star": 1.7325689216749245,
  "chi_star_disc": 1.7325653758850992,
  "chi_star_mode_n0": 1.7325689216749243,
  "classification": "supercritical",
  "n0": 2
}
