{
  "alpha_n0": 0.5842732300691248,
  "beta_n0": 1.4785759637463614,
  "chi_hi": 4.116954057139263,
  "chi_lo": 4.1144307962611535,
  "chi_star": 4.116954057139263,
  "chi_star_disc": 4.1144307962611535,
  "chi_star_mode_n0": 4.116954057139262,
  "classification": "supercritical",
  "n0": 2
}
