state_id,reflection_partner_id,case,mesh,requested_amplitude,node,x,u,v
hm-m05-g2-L5p3-n2-beta2__N0040__Aminus_0p02,hm-m05-g2-L5p3-n2-beta2__N0040__Aplus_0p02,hm-m05-g2-L5p3-n2-beta2,40,-0.02,0,0.0,0.9797446632670888,0.9831666385354844
hm-m05-g2-L5p3-n2-beta2__N0040__Aminus_0p02,hm-m05-g2-L5p3-n2-beta2__N0040__Aplus_0p02,hm-m05-g2-L5p3-n2-beta2,40,-0.02,1,0.1325,0.9799935228708818,0.9833708794624795
hm-m05-g2-L5p3-n2-beta2__N0040__Aminus_0p02,hm-m05-g2-L5p3-n2-beta2__N0040__Aplus_0p02,hm-m05-g2-L5p3-n2-beta2,40,-0.02,2,0.265,0.9807337885302216,0.9839786257709335
hm-m05-g2-L5p3-n2-beta2__N0040__Aminus_0p02,hm-m05-g2-L5p3-n2-beta2__N0040__Aplus_0p02,hm-m05-g2-L5p3-n2-beta2,40,-0.02,3,0.3975,0.9819466930011806,0.984975065028221
hm-m05-g2-L5p3-n2-beta2__N0040__Aminus_0p02,hm-m05-g2-L5p3-n2-beta2__N0040__Aplus_0p02,hm-m05-g2-L5p3-n2-beta2,40,-0.02,4,0.53,0.9836015260164248,0.986335897546662
hm-m05-g2-L5p3-n2-beta2__N0040__Aminus_0p02,hm-m05-g2-L5p3-n2-beta2__N0040__Aplus_0p02,hm-m05-g2-L5p3-n2-beta2,40,-0.02,5,0.6625000000000001,0.9856564677004539,0.9880279100338629
hm-m05-g2-L5p3-n2-beta2__N0040__Aminus_0p02,hm-m05-g2-L5p3-n2-beta2__N0040__Aplus_0p02,hm-m05-g2-L5p3-n2-beta2,40,-0.02,6,0.795,0.9880597174717375,0.9900097628256826
hm-m05-g2-L5p3-n2-beta2__N0040__Aminus_0p02,hm-m05-g2-L5p3-n2-beta2__N0040__Aplus_0p02,hm-m05-g2-L5p3-n2-beta2,40,-0.02,7,0.9275,0.9907508822239733,0.9922329746857325
hm-m05-g2-L5p3-n2-beta2__N0040__Aminus_0p02,hm-m05-g2-L5p3-n2-beta2__N0040__Aplus_0p02,hm-m05-g2-L5p3-n2-beta2,40,-0.02,8,1.06,0.993662579652407,0.9946430844854035
hm-m05-g2-L5p3-n2-beta2__N0040__Aminus_0p02,hm-m05-g2-L5p3-n2-beta2__N0040__Aplus_0p02,hm-m05-g2-L5p3-n2-beta2,40,-0.02,9,1.1925000000000001,0.9967222064867924,0.9971809644991718
hm-m05-g2-L5p3-n2-beta2__N0040__Aminus_0p02,hm-m05-g2-L5p3-n2-beta2__N0040__Aplus_0p02,hm-m05-g2-L5p3-n2-beta2,40,-0.02,10,1.3250000000000002,0.9998538174473443,0.9997842557225347
hm-m05-g2-L5p3-n2-beta2__N0040__Aminus_0p02,hm-m05-g2-L5p3-n2-beta2__N0040__Aplus_0p02,hm-m05-g2-L5p3-n2-beta2,40,-0.02,11,1.4575,1.0029800591747384,1.0023888917451411
hm-m05-g2-L5p3-n2-beta2__N0040__Aminus_0p02,hm-m05-g2-L5p3-n2-beta2__N0040__Aplus_0p02,hm-m05-g2-L5p3-n2-beta2,40,-0.02,12,1.59,1.0060241042548073,1.004930674507961
hm-m05-g2-L5p3-n2-beta2__N0040__Aminus_0p02,hm-m05-g2-L5p3-n2-beta2__N0040__Aplus_0p02,hm-m05-g2-L5p3-n2-beta2,40,-0.02,13,1.7225000000000001,1.008911533619774,1.0073468629511
hm-m05-g2-L5p3-n2-beta2__N0040__Aminus_0p02,hm-m05-g2-L5p3-n2-beta2__N0040__Aplus_0p02,hm-m05-g2-L5p3-n2-beta2,40,-0.02,14,1.855,1.0115721207147377,1.0095777342955317
hm-m05-g2-L5p3-n2-beta2__N0040__Aminus_0p02,hm-m05-g2-L5p3-n2-beta2__N0040__Aplus_0p02,hm-m05-g2-L5p3-n2-beta2,40,-0.02,15,1.9875,1.0139414773502742,1.0115680776218199
hm-m05-g2-L5p3-n2-beta2__N0040__Aminus_0p02,hm-m05-g2-L5p3-n2-beta2__N0040__Aplus_0p02,hm-m05-g2-L5p3-n2-beta2,40,-0.02,16,2.12,1.0159625284833946,1.013268580570538
hm-m05-g2-L5p3-n2-beta2__N0040__Aminus_0p02,hm-m05-g2-L5p3-n2-beta2__N0040__Aplus_0p02,hm-m05-g2-L5p3-n2-beta2,40,-0.02,17,2.2525,1.0175867906085614,1.0146370723823717
hm-m05-g2-L5p3-n2-beta2__N0040__Aminus_0p02,hm-m05-g2-L5p3-n2-beta2__N0040__Aplus_0p02,hm-m05-g2-L5p3-n2-beta2,40,-0.02,18,2.3850000000000002,1.0187754353807663,1.0156395900470518
hm-m05-g2-L5p3-n2-beta2__N0040__Aminus_0p02,hm-m05-g2-L5p3-n2-beta2__N0040__Aplus_0p02,hm-m05-g2-L5p3-n2-beta2,40,-0.02,19,2.5175,1.0195001260529843,1.0162512389135687
hm-m05-g2-L5p3-n2-beta2__N0040__Aminus_0p02,hm-m05-g2-L5p3-n2-beta2__N0040__Aplus_0p02,hm-m05-g2-L5p3-n2-beta2,40,-0.02,20,2.6500000000000004,1.0197436190084581,1.016456824566856
hm-m05-g2-L5p3-n2-beta2__N0040__Aminus_0p02,hm-m05-g2-L5p3-n2-beta2__N0040__Aplus_0p02,hm-m05-g2-L5p3-n2-beta2,40,-0.02,21,2.7825,1.0195001260529841,1.0162512389135685
hm-m05-g2-L5p3-n2-beta2__N0040__Aminus_0p02,hm-m05-g2-L5p3-n2-beta2__N0040__Aplus_0p02,hm-m05-g2-L5p3-n2-beta2,40,-0.02,22,2.915,1.0187754353807659,1.0156395900470514
hm-m05-g2-L5p3-n2-beta2__N0040__Aminus_0p02,hm-m05-g2-L5p3-n2-beta2__N0040__Aplus_0p02,hm-m05-g2-L5p3-n2-beta2,40,-0.02,23,3.0475000000000003,1.0175867906085607,1.014637072382371
hm-m05-g2-L5p3-n2-beta2__N0040__Aminus_0p02,hm-m05-g2-L5p3-n2-beta2__N0040__Aplus_0p02,hm-m05-g2-L5p3-n2-beta2,40,-0.02,24,3.18,1.0159625284833937,1.0132685805705368
hm-m05-g2-L5p3-n2-beta2__N0040__Aminus_0p02,hm-m05-g2-L5p3-n2-beta2__N0040__Aplus_0p02,hm-m05-g2-L5p3-n2-beta2,40,-0.02,25,3.3125,1.013941477350273,1.0115680776218186
hm-m05-g2-L5p3-n2-beta2__N0040__Aminus_0p02,hm-m05-g2-L5p3-n2-beta2__N0040__Aplus_0p02,hm-m05-g2-L5p3-n2-beta2,40,-0.02,26,3.4450000000000003,1.0115721207147361,1.0095777342955299
hm-m05-g2-L5p3-n2-beta2__N0040__Aminus_0p02,hm-m05-g2-L5p3-n2-beta2__N0040__Aplus_0p02,hm-m05-g2-L5p3-n2-beta2,40,-0.02,27,3.5775,1.0089115336197725,1.0073468629510978
hm-m05-g2-L5p3-n2-beta2__N0040__Aminus_0p02,hm-m05-g2-L5p3-n2-beta2__N0040__Aplus_0p02,hm-m05-g2-L5p3-n2-beta2,40,-0.02,28,3.71,1.0060241042548055,1.004930674507958
hm-m05-g2-L5p3-n2-beta2__N0040__Aminus_0p02,hm-m05-g2-L5p3-n2-beta2__N0040__Aplus_0p02,hm-m05-g2-L5p3-n2-beta2,40,-0.02,29,3.8425000000000002,1.0029800591747364,1.0023888917451376
hm-m05-g2-L5p3-n2-beta2__N0040__Aminus_0p02,hm-m05-g2-L5p3-n2-beta2__N0040__Aplus_0p02,hm-m05-g2-L5p3-n2-beta2,40,-0.02,30,3.975,0.9998538174473421,0.9997842557225309
hm-m05-g2-L5p3-n2-beta2__N0040__Aminus_0p02,hm-m05-g2-L5p3-n2-beta2__N0040__Aplus_0p02,hm-m05-g2-L5p3-n2-beta2,40,-0.02,31,4.1075,0.9967222064867902,0.997180964499168
hm-m05-g2-L5p3-n2-beta2__N0040__Aminus_0p02,hm-m05-g2-L5p3-n2-beta2__N0040__Aplus_0p02,hm-m05-g2-L5p3-n2-beta2,40,-0.02,32,4.24,0.9936625796524048,0.9946430844853998
hm-m05-g2-L5p3-n2-beta2__N0040__Aminus_0p02,hm-m05-g2-L5p3-n2-beta2__N0040__Aplus_0p02,hm-m05-g2-L5p3-n2-beta2,40,-0.02,33,4.3725000000000005,0.9907508822239711,0.992232974685729
hm-m05-g2-L5p3-n2-beta2__N0040__Aminus_0p02,hm-m05-g2-L5p3-n2-beta2__N0040__Aplus_0p02,hm-m05-g2-L5p3-n2-beta2,40,-0.02,34,4.505,0.9880597174717352,0.990009762825679
hm-m05-g2-L5p3-n2-beta2__N0040__Aminus_0p02,hm-m05-g2-L5p3-n2-beta2__N0040__Aplus_0p02,hm-m05-g2-L5p3-n2-beta2,40,-0.02,35,4.6375,0.9856564677004515,0.9880279100338593
hm-m05-g2-L5p3-n2-beta2__N0040__Aminus_0p02,hm-m05-g2-L5p3-n2-beta2__N0040__Aplus_0p02,hm-m05-g2-L5p3-n2-beta2,40,-0.02,36,4.7700000000000005,0.9836015260164224,0.9863358975466584
hm-m05-g2-L5p3-n2-beta2__N0040__Aminus_0p02,hm-m05-g2-L5p3-n2-beta2__N0040__Aplus_0p02,hm-m05-g2-L5p3-n2-beta2,40,-0.02,37,4.9025,0.9819466930011781,0.9849750650282175
hm-m05-g2-L5p3-n2-beta2__N0040__Aminus_0p02,hm-m05-g2-L5p3-n2-beta2__N0040__Aplus_0p02,hm-m05-g2-L5p3-n2-beta2,40,-0.02,38,5.035,0.980733788530219,0.98397862577093
hm-m05-g2-L5p3-n2-beta2__N0040__Aminus_0p02,hm-m05-g2-L5p3-n2-beta2__N0040__Aplus_0p02,hm-m05-g2-L5p3-n2-beta2,40,-0.02,39,5.1675,0.9799935228708792,0.9833708794624759
hm-m05-g2-L5p3-n2-beta2__N0040__Aminus_0p02,hm-m05-g2-L5p3-n2-beta2__N0040__Aplus_0p02,hm-m05-g2-L5p3-n2-beta2,40,-0.02,40,5.3,0.9797446632670861,0.9831666385354807
hm-m05-g2-L5p3-n2-beta2__N0040__Aminus_0p01,hm-m05-g2-L5p3-n2-beta2__N0040__Aplus_0p01,hm-m05-g2-L5p3-n2-beta2,40,-0.01,0,0.0,0.9899360884040003,0.991628901600834
hm-m05-g2-L5p3-n2-beta2__N0040__Aminus_0p01,hm-m05-g2-L5p3-n2-beta2__N0040__Aplus_0p01,hm-m05-g2-L5p3-n2-beta2,40,-0.01,1,0.1325,0.990059869774898,0.9917312145318207
hm-m05-g2-L5p3-n2-beta2__N0040__Aminus_0p01,hm-m05-g2-L5p3-n2-beta2__N0040__Aplus_0p01,hm-m05-g2-L5p3-n2-beta2,40,-0.01,2,0.265,0.9904281181410383,0.9920356467543068
hm-m05-g2-L5p3-n2-beta2__N0040__Aminus_0p01,hm-m05-g2-L5p3-n2-beta2__N0040__Aplus_0p01,hm-m05-g2-L5p3-n2-beta2,40,-0.01,3,0.3975,0.9910316270038189,0.9925347389820788
hm-m05-g2-L5p3-n2-beta2__N0040__Aminus_0p01,hm-m05-g2-L5p3-n2-beta2__N0040__Aplus_0p01,hm-m05-g2-L5p3-n2-beta2,40,-0.01,4,0.53,0.9918553189433974,0.9932162591386509
hm-m05-g2-L5p3-n2-beta2__N0040__Aminus_0p01,hm-m05-g2-L5p3-n2-beta2__N0040__Aplus_0p01,hm-m05-g2-L5p3-n2-beta2,40,-0.01,5,0.6625000000000001,0.9928786374522103,0.9940634977499192
hm-m05-g2-L5p3-n2-beta2__N0040__Aminus_0p01,hm-m05-g2-L5p3-n2-beta2__N0040__Aplus_0p01,hm-m05-g2-L5p3-n2-beta2,40,-0.01,6,0.795,0.9940760792562451,0.9950556721417881
hm-m05-g2-L5p3-n2-beta2__N0040__Aminus_0p01,hm-m05-g2-L5p3-n2-beta2__N0040__Aplus_0p01,hm-m05-g2-L5p3-n2-beta2,40,-0.01,7,0.9275,0.9954178516144717,0.9961684302461923
hm-m05-g2-L5p3-n2-beta2__N0040__Aminus_0p01,hm-m05-g2-L5p3-n2-beta2__N0040__Aplus_0p01,hm-m05-g2-L5p3-n2-beta2,40,-0.01,8,1.06,0.9968706356741429,0.9973744424267963
hm-m05-g2-L5p3-n2-beta2__N0040__Aminus_0p01,hm-m05-g2-L5p3-n2-beta2__N0040__Aplus_0p01,hm-m05-g2-L5p3-n2-beta2,40,-0.01,9,1.1925000000000001,0.9983984342516062,0.9986440675401768
hm-m05-g2-L5p3-n2-beta2__N0040__Aminus_0p01,hm-m05-g2-L5p3-n2-beta2__N0040__Aplus_0p01,hm-m05-g2-L5p3-n2-beta2,40,-0.01,10,1.3250000000000002,0.999963480493256,0.9999460775096433
hm-m05-g2-L5p3-n2-beta2__N0040__Aminus_0p01,hm-m05-g2-L5p3-n2-beta2__N0040__Aplus_0p01,hm-m05-g2-L5p3-n2-beta2,40,-0.01,11,1.4575,1.0015271827963055,1.0012484230701548
hm-m05-g2-L5p3-n2-beta2__N0040__Aminus_0p01,hm-m05-g2-L5p3-n2-beta2__N0040__Aplus_0p01,hm-m05-g2-L5p3-n2-beta2,40,-0.01,12,1.59,1.0030510811350155,1.0025190221060378
hm-m05-g2-L5p3-n2-beta2__N0040__Aminus_0p01,hm-m05-g2-L5p3-n2-beta2__N0040__Aplus_0p01,hm-m05-g2-L5p3-n2-beta2,40,-0.01,13,1.7225000000000001,1.0044977904984702,1.0037265512045985
hm-m05-g2-L5p3-n2-beta2__N0040__Aminus_0p01,hm-m05-g2-L5p3-n2-beta2__N0040__Aplus_0p01,hm-m05-g2-L5p3-n2-beta2,40,-0.01,14,1.855,1.0058319084109508,1.0048412207338344
hm-m05-g2-L5p3-n2-beta2__N0040__Aminus_0p01,hm-m05-g2-L5p3-n2-beta2__N0040__Aplus_0p01,hm-m05-g2-L5p3-n2-beta2,40,-0.01,15,1.9875,1.0070208653503347,1.0058355139521467
hm-m05-g2-L5p3-n2-beta2__N0040__Aminus_0p01,hm-m05-g2-L5p3-n2-beta2__N0040__Aplus_0p01,hm-m05-g2-L5p3-n2-beta2,40,-0.01,16,2.12,1.0080356991562331,1.0066848713853322
hm-m05-g2-L5p3-n2-beta2__N0040__Aminus_0p01,hm-m05-g2-L5p3-n2-beta2__N0040__Aplus_0p01,hm-m05-g2-L5p3-n2-beta2,40,-0.01,17,2.2525,1.0088517370734962,1.0073683029548866
hm-m05-g2-L5p3-n2-beta2__N0040__Aminus_0p01,hm-m05-g2-L5p3-n2-beta2__N0040__Aplus_0p01,hm-m05-g2-L5p3-n2-beta2,40,-0.01,18,2.3850000000000002,1.0094491717634493,1.007868912085968
hm-m05-g2-L5p3-n2-beta2__N0040__Aminus_0p01,hm-m05-g2-L5p3-n2-beta2__N0040__Aplus_0p01,hm-m05-g2-L5p3-n2-beta2,40,-0.01,19,2.5175,1.009813520314267,1.0081743182191074
hm-m05-g2-L5p3-n2-beta2__N0040__Aminus_0p01,hm-m05-g2-L5p3-n2-beta2__N0040__Aplus_0p01,hm-m05-g2-L5p3-n2-beta2,40,-0.01,20,2.6500000000000004,1.0099359579083005,1.008276966736613
hm-m05-g2-L5p3-n2-beta2__N0040__Aminus_0p01,hm-m05-g2-L5p3-n2-beta2__N0040__Aplus_0p01,hm-m05-g2-L5p3-n2-beta2,40,-0.01,21,2.7825,1.009813520314267,1.0081743182191074
hm-m05-g2-L5p3-n2-beta2__N0040__Aminus_0p01,hm-m05-g2-L5p3-n2-beta2__N0040__Aplus_0p01,hm-m05-g2-L5p3-n2-beta2,40,-0.01,22,2.915,1.0094491717634493,1.0078689120859683
hm-m05-g2-L5p3-n2-beta2__N0040__Aminus_0p01,hm-m05-g2-L5p3-n2-beta2__N0040__Aplus_0p01,hm-m05-g2-L5p3-n2-beta2,40,-0.01,23,3.0475000000000003,1.0088517370734962,1.0073683029548868
hm-m05-g2-L5p3-n2-beta2__N0040__Aminus_0p01,hm-m05-g2-L5p3-n2-beta2__N0040__Aplus_0p01,hm-m05-g2-L5p3-n2-beta2,40,-0.01,24,3.18,1.008035699156233,1.0066848713853325
hm-m05-g2-L5p3-n2-beta2__N0040__Aminus_0p01,hm-m05-g2-L5p3-n2-beta2__N0040__Aplus_0p01,hm-m05-g2-L5p3-n2-beta2,40,-0.01,25,3.3125,1.0070208653503347,1.0058355139521467
hm-m05-g2-L5p3-n2-beta2__N0040__Aminus_0p01,hm-m05-g2-L5p3-n2-beta2__N0040__Aplus_0p01,hm-m05-g2-L5p3-n2-beta2,40,-0.01,26,3.4450000000000003,1.0058319084109506,1.0048412207338342
hm-m05-g2-L5p3-n2-beta2__N0040__Aminus_0p01,hm-m05-g2-L5p3-n2-beta2__N0040__Aplus_0p01,hm-m05-g2-L5p3-n2-beta2,40,-0.01,27,3.5775,1.00449779049847,1.0037265512045979
hm-m05-g2-L5p3-n2-beta2__N0040__Aminus_0p01,hm-m05-g2-L5p3-n2-beta2__N0040__Aplus_0p01,hm-m05-g2-L5p3-n2-beta2,40,-0.01,28,3.71,1.0030510811350155,1.0025190221060367
hm-m05-g2-L5p3-n2-beta2__N0040__Aminus_0p01,hm-m05-g2-L5p3-n2-beta2__N0040__Aplus_0p01,hm-m05-g2-L5p3-n2-beta2,40,-0.01,29,3.8425000000000002,1.0015271827963055,1.0012484230701535
hm-m05-g2-L5p3-n2-beta2__N0040__Aminus_0p01,hm-m05-g2-L5p3-n2-beta2__N0040__Aplus_0p01,hm-m05-g2-L5p3-n2-beta2,40,-0.01,30,3.975,0.999963480493256,0.9999460775096417
hm-m05-g2-L5p3-n2-beta2__N0040__Aminus_0p01,hm-m05-g2-L5p3-n2-beta2__N0040__Aplus_0p01,hm-m05-g2-L5p3-n2-beta2,40,-0.01,31,4.1075,0.9983984342516061,0.9986440675401752
hm-m05-g2-L5p3-n2-beta2__N0040__Aminus_0p01,hm-m05-g2-L5p3-n2-beta2__N0040__Aplus_0p01,hm-m05-g2-L5p3-n2-beta2,40,-0.01,32,4.24,0.9968706356741427,0.9973744424267948
hm-m05-g2-L5p3-n2-beta2__N0040__Aminus_0p01,hm-m05-g2-L5p3-n2-beta2__N0040__Aplus_0p01,hm-m05-g2-L5p3-n2-beta2,40,-0.01,33,4.3725000000000005,0.9954178516144714,0.9961684302461907
hm-m05-g2-L5p3-n2-beta2__N0040__Aminus_0p01,hm-m05-g2-L5p3-n2-beta2__N0040__Aplus_0p01,hm-m05-g2-L5p3-n2-beta2,40,-0.01,34,4.505,0.9940760792562446,0.9950556721417866
hm-m05-g2-L5p3-n2-beta2__N0040__Aminus_0p01,hm-m05-g2-L5p3-n2-beta2__N0040__Aplus_0p01,hm-m05-g2-L5p3-n2-beta2,40,-0.01,35,4.6375,0.9928786374522096,0.994063497749918
hm-m05-g2-L5p3-n2-beta2__N0040__Aminus_0p01,hm-m05-g2-L5p3-n2-beta2__N0040__Aplus_0p01,hm-m05-g2-L5p3-n2-beta2,40,-0.01,36,4.7700000000000005,0.9918553189433966,0.9932162591386497
hm-m05-g2-L5p3-n2-beta2__N0040__Aminus_0p01,hm-m05-g2-L5p3-n2-beta2__N0040__Aplus_0p01,hm-m05-g2-L5p3-n2-beta2,40,-0.01,37,4.9025,0.991031627003818,0.9925347389820778
hm-m05-g2-L5p3-n2-beta2__N0040__Aminus_0p01,hm-m05-g2-L5p3-n2-beta2__N0040__Aplus_0p01,hm-m05-g2-L5p3-n2-beta2,40,-0.01,38,5.035,0.9904281181410373,0.9920356467543059
hm-m05-g2-L5p3-n2-beta2__N0040__Aminus_0p01,hm-m05-g2-L5p3-n2-beta2__N0040__Aplus_0p01,hm-m05-g2-L5p3-n2-beta2,40,-0.01,39,5.1675,0.990059869774897,0.9917312145318196
hm-m05-g2-L5p3-n2-beta2__N0040__Aminus_0p01,hm-m05-g2-L5p3-n2-beta2__N0040__Aplus_0p01,hm-m05-g2-L5p3-n2-beta2,40,-0.01,40,5.3,0.9899360884039993,0.991628901600833
hm-m05-g2-L5p3-n2-beta2__N0040__Aminus_0p005,hm-m05-g2-L5p3-n2-beta2__N0040__Aplus_0p005,hm-m05-g2-L5p3-n2-beta2,40,-0.005,0,0.0,0.9949840131861739,0.9958260315660921
hm-m05-g2-L5p3-n2-beta2__N0040__Aminus_0p005,hm-m05-g2-L5p3-n2-beta2__N0040__Aplus_0p005,hm-m05-g2-L5p3-n2-beta2,40,-0.005,1,0.1325,0.9950457386325225,0.9958772330092225
hm-m05-g2-L5p3-n2-beta2__N0040__Aminus_0p005,hm-m05-g2-L5p3-n2-beta2__N0040__Aplus_0p005,hm-m05-g2-L5p3-n2-beta2,40,-0.005,2,0.265,0.9952293829477281,0.9960295797136475
hm-m05-g2-L5p3-n2-beta2__N0040__Aminus_0p005,hm-m05-g2-L5p3-n2-beta2__N0040__Aplus_0p005,hm-m05-g2-L5p3-n2-beta2,40,-0.005,3,0.3975,0.9955303889510825,0.9962793294592128
hm-m05-g2-L5p3-n2-beta2__N0040__Aminus_0p005,hm-m05-g2-L5p3-n2-beta2__N0040__Aplus_0p005,hm-m05-g2-L5p3-n2-beta2,40,-0.005,4,0.53,0.9959412899101624,0.9966203466719205
hm-m05-g2-L5p3-n2-beta2__N0040__Aminus_0p005,hm-m05-g2-L5p3-n2-beta2__N0040__Aplus_0p005,hm-m05-g2-L5p3-n2-beta2,40,-0.005,5,0.6625000000000001,0.9964518986944563,0.9970442520975702
hm-m05-g2-L5p3-n2-beta2__N0040__Aminus_0p005,hm-m05-g2-L5p3-n2-beta2__N0040__Aplus_0p005,hm-m05-g2-L5p3-n2-beta2,40,-0.005,6,0.795,0.9970495653194089,0.9975406273651661
hm-m05-g2-L5p3-n2-beta2__N0040__Aminus_0p005,hm-m05-g2-L5p3-n2-beta2__N0040__Aplus_0p005,hm-m05-g2-L5p3-n2-beta2,40,-0.005,7,0.9275,0.9977194959026207,0.9980972695813701
hm-m05-g2-L5p3-n2-beta2__N0040__Aminus_0p005,hm-m05-g2-L5p3-n2-beta2__N0040__Aplus_0p005,hm-m05-g2-L5p3-n2-beta2,40,-0.005,8,1.06,0.9984451244636037,0.9987004898820107
hm-m05-g2-L5p3-n2-beta2__N0040__Aminus_0p005,hm-m05-g2-L5p3-n2-beta2__N0040__Aplus_0p005,hm-m05-g2-L5p3-n2-beta2,40,-0.005,9,1.1925000000000001,0.9992085276854981,0.9993354487807582
hm-m05-g2-L5p3-n2-beta2__N0040__Aminus_0p005,hm-m05-g2-L5p3-n2-beta2__N0040__Aplus_0p005,hm-m05-g2-L5p3-n2-beta2,40,-0.005,10,1.3250000000000002,0.9999908717564443,0.9999865202260718
hm-m05-g2-L5p3-n2-beta2__N0040__Aminus_0p005,hm-m05-g2-L5p3-n2-beta2__N0040__Aplus_0p005,hm-m05-g2-L5p3-n2-beta2,40,-0.005,11,1.4575,1.0007728797408586,1.0006376755310935
hm-m05-g2-L5p3-n2-beta2__N0040__Aminus_0p005,hm-m05-g2-L5p3-n2-beta2__N0040__Aplus_0p005,hm-m05-g2-L5p3-n2-beta2,40,-0.005,12,1.59,1.0015353076030844,1.0012728778001525
hm-m05-g2-L5p3-n2-beta2__N0040__Aminus_0p005,hm-m05-g2-L5p3-n2-beta2__N0040__Aplus_0p005,hm-m05-g2-L5p3-n2-beta2,40,-0.005,13,1.7225000000000001,1.0022594170100225,1.0018764771588213
hm-m05-g2-L5p3-n2-beta2__N0040__Aminus_0p005,hm-m05-g2-L5p3-n2-beta2__N0040__Aplus_0p005,hm-m05-g2-L5p3-n2-beta2,40,-0.005,14,1.855,1.0029274333548432,1.0024335970157996
hm-m05-g2-L5p3-n2-beta2__N0040__Aminus_0p005,hm-m05-g2-L5p3-n2-beta2__N0040__Aplus_0p005,hm-m05-g2-L5p3-n2-beta2,40,-0.005,15,1.9875,1.0035229780398096,1.002930501752004
hm-m05-g2-L5p3-n2-beta2__N0040__Aminus_0p005,hm-m05-g2-L5p3-n2-beta2__N0040__Aplus_0p005,hm-m05-g2-L5p3-n2-beta2,40,-0.005,16,2.12,1.0040314648942288,1.00335493664598
hm-m05-g2-L5p3-n2-beta2__N0040__Aminus_0p005,hm-m05-g2-L5p3-n2-beta2__N0040__Aplus_0p005,hm-m05-g2-L5p3-n2-beta2,40,-0.005,17,2.2525,1.0044404516413894,1.0036964314987227
hm-m05-g2-L5p3-n2-beta2__N0040__Aminus_0p005,hm-m05-g2-L5p3-n2-beta2__N0040__Aplus_0p005,hm-m05-g2-L5p3-n2-beta2,40,-0.005,18,2.3850000000000002,1.0047399385234201,1.0039465603014026
hm-m05-g2-L5p3-n2-beta2__N0040__Aminus_0p005,hm-m05-g2-L5p3-n2-beta2__N0040__Aplus_0p005,hm-m05-g2-L5p3-n2-beta2,40,-0.005,19,2.5175,1.004922607505429,1.0040991503754
hm-m05-g2-L5p3-n2-beta2__N0040__Aminus_0p005,hm-m05-g2-L5p3-n2-beta2__N0040__Aplus_0p005,hm-m05-g2-L5p3-n2-beta2,40,-0.005,20,2.6500000000000004,1.0049839968753567,1.004150435677956
hm-m05-g2-L5p3-n2-beta2__N0040__Aminus_0p005,hm-m05-g2-L5p3-n2-beta2__N0040__Aplus_0p005,hm-m05-g2-L5p3-n2-beta2,40,-0.005,21,2.7825,1.0049226075054287,1.0040991503754
hm-m05-g2-L5p3-n2-beta2__N0040__Aminus_0p005,hm-m05-g2-L5p3-n2-beta2__N0040__Aplus_0p005,hm-m05-g2-L5p3-n2-beta2,40,-0.005,22,2.915,1.00473993852342,1.0039465603014026
hm-m05-g2-L5p3-n2-beta2__N0040__Aminus_0p005,hm-m05-g2-L5p3-n2-beta2__N0040__Aplus_0p005,hm-m05-g2-L5p3-n2-beta2,40,-0.005,23,3.0475000000000003,1.0044404516413892,1.0036964314987225
hm-m05-g2-L5p3-n2-beta2__N0040__Aminus_0p005,hm-m05-g2-L5p3-n2-beta2__N0040__Aplus_0p005,hm-m05-g2-L5p3-n2-beta2,40,-0.005,24,3.18,1.0040314648942283,1.0033549366459793
hm-m05-g2-L5p3-n2-beta2__N0040__Aminus_0p005,hm-m05-g2-L5p3-n2-beta2__N0040__Aplus_0p005,hm-m05-g2-L5p3-n2-beta2,40,-0.005,25,3.3125,1.0035229780398092,1.0029305017520032
hm-m05-g2-L5p3-n2-beta2__N0040__Aminus_0p005,hm-m05-g2-L5p3-n2-beta2__N0040__Aplus_0p005,hm-m05-g2-L5p3-n2-beta2,40,-0.005,26,3.4450000000000003,1.0029274333548426,1.0024335970157983
hm-m05-g2-L5p3-n2-beta2__N0040__Aminus_0p005,hm-m05-g2-L5p3-n2-beta2__N0040__Aplus_0p005,hm-m05-g2-L5p3-n2-beta2,40,-0.005,27,3.5775,1.0022594170100219,1.0018764771588196
hm-m05-g2-L5p3-n2-beta2__N0040__Aminus_0p005,hm-m05-g2-L5p3-n2-beta2__N0040__Aplus_0p005,hm-m05-g2-L5p3-n2-beta2,40,-0.005,28,3.71,1.0015353076030837,1.0012728778001503
hm-m05-g2-L5p3-n2-beta2__N0040__Aminus_0p005,hm-m05-g2-L5p3-n2-beta2__N0040__Aplus_0p005,hm-m05-g2-L5p3-n2-beta2,40,-0.005,29,3.8425000000000002,1.0007728797408577,1.0006376755310908
hm-m05-g2-L5p3-n2-beta2__N0040__Aminus_0p005,hm-m05-g2-L5p3-n2-beta2__N0040__Aplus_0p005,hm-m05-g2-L5p3-n2-beta2,40,-0.005,30,3.975,0.9999908717564434,0.9999865202260689
hm-m05-g2-L5p3-n2-beta2__N0040__Aminus_0p005,hm-m05-g2-L5p3-n2-beta2__N0040__Aplus_0p005,hm-m05-g2-L5p3-n2-beta2,40,-0.005,31,4.1075,0.9992085276854971,0.9993354487807552
hm-m05-g2-L5p3-n2-beta2__N0040__Aminus_0p005,hm-m05-g2-L5p3-n2-beta2__N0040__Aplus_0p005,hm-m05-g2-L5p3-n2-beta2,40,-0.005,32,4.24,0.9984451244636023,0.9987004898820078
hm-m05-g2-L5p3-n2-beta2__N0040__Aminus_0p005,hm-m05-g2-L5p3-n2-beta2__N0040__Aplus_0p005,hm-m05-g2-L5p3-n2-beta2,40,-0.005,33,4.3725000000000005,0.9977194959026192,0.9980972695813672
hm-m05-g2-L5p3-n2-beta2__N0040__Aminus_0p005,hm-m05-g2-L5p3-n2-beta2__N0040__Aplus_0p005,hm-m05-g2-L5p3-n2-beta2,40,-0.005,34,4.505,0.9970495653194072,0.9975406273651631
hm-m05-g2-L5p3-n2-beta2__N0040__Aminus_0p005,hm-m05-g2-L5p3-n2-beta2__N0040__Aplus_0p005,hm-m05-g2-L5p3-n2-beta2,40,-0.005,35,4.6375,0.9964518986944544,0.9970442520975672
hm-m05-g2-L5p3-n2-beta2__N0040__Aminus_0p005,hm-m05-g2-L5p3-n2-beta2__N0040__Aplus_0p005,hm-m05-g2-L5p3-n2-beta2,40,-0.005,36,4.7700000000000005,0.9959412899101604,0.9966203466719176
hm-m05-g2-L5p3-n2-beta2__N0040__Aminus_0p005,hm-m05-g2-L5p3-n2-beta2__N0040__Aplus_0p005,hm-m05-g2-L5p3-n2-beta2,40,-0.005,37,4.9025,0.9955303889510804,0.99627932945921
hm-m05-g2-L5p3-n2-beta2__N0040__Aminus_0p005,hm-m05-g2-L5p3-n2-beta2__N0040__Aplus_0p005,hm-m05-g2-L5p3-n2-beta2,40,-0.005,38,5.035,0.9952293829477258,0.9960295797136448
hm-m05-g2-L5p3-n2-beta2__N0040__Aminus_0p005,hm-m05-g2-L5p3-n2-beta2__N0040__Aplus_0p005,hm-m05-g2-L5p3-n2-beta2,40,-0.005,39,5.1675,0.9950457386325202,0.9958772330092198
hm-m05-g2-L5p3-n2-beta2__N0040__Aminus_0p005,hm-m05-g2-L5p3-n2-beta2__N0040__Aplus_0p005,hm-m05-g2-L5p3-n2-beta2,40,-0.005,40,5.3,0.9949840131861716,0.9958260315660894
hm-m05-g2-L5p3-n2-beta2__N0040__Aminus_0p0025,hm-m05-g2-L5p3-n2-beta2__N0040__Aplus_0p0025,hm-m05-g2-L5p3-n2-beta2,40,-0.0025,0,0.0,0.9974960022297145,0.9979159341605915
hm-m05-g2-L5p3-n2-beta2__N0040__Aminus_0p0025,hm-m05-g2-L5p3-n2-beta2__N0040__Aplus_0p0025,hm-m05-g2-L5p3-n2-beta2,40,-0.0025,1,0.1325,0.997526823280802,0.9979415457421134
hm-m05-g2-L5p3-n2-beta2__N0040__Aminus_0p0025,hm-m05-g2-L5p3-n2-beta2__N0040__Aplus_0p0025,hm-m05-g2-L5p3-n2-beta2,40,-0.0025,2,0.265,0.9976185244609511,0.9980177506190103
hm-m05-g2-L5p3-n2-beta2__N0040__Aminus_0p0025,hm-m05-g2-L5p3-n2-beta2__N0040__Aplus_0p0025,hm-m05-g2-L5p3-n2-beta2,40,-0.0025,3,0.3975,0.997768838909728,0.9981426746211091
hm-m05-g2-L5p3-n2-beta2__N0040__Aminus_0p0025,hm-m05-g2-L5p3-n2-beta2__N0040__Aplus_0p0025,hm-m05-g2-L5p3-n2-beta2,40,-0.0025,4,0.53,0.9979740515583403,0.9983132452018932
hm-m05-g2-L5p3-n2-beta2__N0040__Aminus_0p0025,hm-m05-g2-L5p3-n2-beta2__N0040__Aplus_0p0025,hm-m05-g2-L5p3-n2-beta2,40,-0.0025,5,0.6625000000000001,0.9982290919502972,0.9985252667493608
hm-m05-g2-L5p3-n2-beta2__N0040__Aminus_0p0025,hm-m05-g2-L5p3-n2-beta2__N0040__Aplus_0p0025,hm-m05-g2-L5p3-n2-beta2,40,-0.0025,6,0.795,0.9985276607889658,0.9987735234616675
hm-m05-g2-L5p3-n2-beta2__N0040__Aminus_0p0025,hm-m05-g2-L5p3-n2-beta2__N0040__Aplus_0p0025,hm-m05-g2-L5p3-n2-beta2,40,-0.0025,7,0.9275,0.9988623869323964,0.9990519072976596
hm-m05-g2-L5p3-n2-beta2__N0040__Aminus_0p0025,hm-m05-g2-L5p3-n2-beta2__N0040__Aplus_0p0025,hm-m05-g2-L5p3-n2-beta2,40,-0.0025,8,1.06,0.9992250107872018,0.9993535678993248
hm-m05-g2-L5p3-n2-beta2__N0040__Aminus_0p0025,hm-m05-g2-L5p3-n2-beta2__N0040__Aplus_0p0025,hm-m05-g2-L5p3-n2-beta2,40,-0.0025,9,1.1925000000000001,0.9996065894017883,0.9996710808417281
hm-m05-g2-L5p3-n2-beta2__N0040__Aminus_0p0025,hm-m05-g2-L5p3-n2-beta2__N0040__Aplus_0p0025,hm-m05-g2-L5p3-n2-beta2,40,-0.0025,10,1.3250000000000002,0.9999977180411906,0.9999966301095745
hm-m05-g2-L5p3-n2-beta2__N0040__Aminus_0p0025,hm-m05-g2-L5p3-n2-beta2__N0040__Aplus_0p0025,hm-m05-g2-L5p3-n2-beta2,40,-0.0025,11,1.4575,1.0003887626525927,1.0003222003399697
hm-m05-g2-L5p3-n2-beta2__N0040__Aminus_0p0025,hm-m05-g2-L5p3-n2-beta2__N0040__Aplus_0p0025,hm-m05-g2-L5p3-n2-beta2,40,-0.0025,12,1.59,1.0007700974085136,1.000639774118056
hm-m05-g2-L5p3-n2-beta2__N0040__Aminus_0p0025,hm-m05-g2-L5p3-n2-beta2__N0040__Aplus_0p0025,hm-m05-g2-L5p3-n2-beta2,40,-0.0025,13,1.7225000000000001,1.0011323414448092,1.0009415294735118
hm-m05-g2-L5p3-n2-beta2__N0040__Aminus_0p0025,hm-m05-g2-L5p3-n2-beta2__N0040__Aplus_0p0025,hm-m05-g2-L5p3-n2-beta2,40,-0.0025,14,1.855,1.0014665889894578,1.0012200327062324
hm-m05-g2-L5p3-n2-beta2__N0040__Aminus_0p0025,hm-m05-g2-L5p3-n2-beta2__N0040__Aplus_0p0025,hm-m05-g2-L5p3-n2-beta2,40,-0.0025,15,1.9875,1.0017646272978908,1.0014684217708152
hm-m05-g2-L5p3-n2-beta2__N0040__Aminus_0p0025,hm-m05-g2-L5p3-n2-beta2__N0040__Aplus_0p0025,hm-m05-g2-L5p3-n2-beta2,40,-0.0025,16,2.12,1.002019137160244,1.0016805756705414
hm-m05-g2-L5p3-n2-beta2__N0040__Aminus_0p0025,hm-m05-g2-L5p3-n2-beta2__N0040__Aplus_0p0025,hm-m05-g2-L5p3-n2-beta2,40,-0.0025,17,2.2525,1.002223871211729,1.0018512656480079
hm-m05-g2-L5p3-n2-beta2__N0040__Aminus_0p0025,hm-m05-g2-L5p3-n2-beta2__N0040__Aplus_0p0025,hm-m05-g2-L5p3-n2-beta2,40,-0.0025,18,2.3850000000000002,1.0023738058440412,1.0019762844038402
hm-m05-g2-L5p3-n2-beta2__N0040__Aminus_0p0025,hm-m05-g2-L5p3-n2-beta2__N0040__Aplus_0p0025,hm-m05-g2-L5p3-n2-beta2,40,-0.0025,19,2.5175,1.0024652631671798,1.0020525501163742
hm-m05-g2-L5p3-n2-beta2__N0040__Aminus_0p0025,hm-m05-g2-L5p3-n2-beta2__N0040__Aplus_0p0025,hm-m05-g2-L5p3-n2-beta2,40,-0.0025,20,2.6500000000000004,1.002496000190899,1.0020781826604273
hm-m05-g2-L5p3-n2-beta2__N0040__Aminus_0p0025,hm-m05-g2-L5p3-n2-beta2__N0040__Aplus_0p0025,hm-m05-g2-L5p3-n2-beta2,40,-0.0025,21,2.7825,1.00246526316718,1.0020525501163746
hm-m05-g2-L5p3-n2-beta2__N0040__Aminus_0p0025,hm-m05-g2-L5p3-n2-beta2__N0040__Aplus_0p0025,hm-m05-g2-L5p3-n2-beta2,40,-0.0025,22,2.915,1.002373805844042,1.001976284403841
hm-m05-g2-L5p3-n2-beta2__N0040__Aminus_0p0025,hm-m05-g2-L5p3-n2-beta2__N0040__Aplus_0p0025,hm-m05-g2-L5p3-n2-beta2,40,-0.0025,23,3.0475000000000003,1.00222387121173,1.0018512656480092
hm-m05-g2-L5p3-n2-beta2__N0040__Aminus_0p0025,hm-m05-g2-L5p3-n2-beta2__N0040__Aplus_0p0025,hm-m05-g2-L5p3-n2-beta2,40,-0.0025,24,3.18,1.0020191371602454,1.001680575670543
hm-m05-g2-L5p3-n2-beta2__N0040__Aminus_0p0025,hm-m05-g2-L5p3-n2-beta2__N0040__Aplus_0p0025,hm-m05-g2-L5p3-n2-beta2,40,-0.0025,25,3.3125,1.0017646272978924,1.0014684217708172
hm-m05-g2-L5p3-n2-beta2__N0040__Aminus_0p0025,hm-m05-g2-L5p3-n2-beta2__N0040__Aplus_0p0025,hm-m05-g2-L5p3-n2-beta2,40,-0.0025,26,3.4450000000000003,1.0014665889894596,1.0012200327062344
hm-m05-g2-L5p3-n2-beta2__N0040__Aminus_0p0025,hm-m05-g2-L5p3-n2-beta2__N0040__Aplus_0p0025,hm-m05-g2-L5p3-n2-beta2,40,-0.0025,27,3.5775,1.0011323414448112,1.000941529473514
hm-m05-g2-L5p3-n2-beta2__N0040__Aminus_0p0025,hm-m05-g2-L5p3-n2-beta2__N0040__Aplus_0p0025,hm-m05-g2-L5p3-n2-beta2,40,-0.0025,28,3.71,1.000770097408516,1.0006397741180584
hm-m05-g2-L5p3-n2-beta2__N0040__Aminus_0p0025,hm-m05-g2-L5p3-n2-beta2__N0040__Aplus_0p0025,hm-m05-g2-L5p3-n2-beta2,40,-0.0025,29,3.8425000000000002,1.0003887626525951,1.000322200339972
hm-m05-g2-L5p3-n2-beta2__N0040__Aminus_0p0025,hm-m05-g2-L5p3-n2-beta2__N0040__Aplus_0p0025,hm-m05-g2-L5p3-n2-beta2,40,-0.0025,30,3.975,0.9999977180411932,0.999996630109577
hm-m05-g2-L5p3-n2-beta2__N0040__Aminus_0p0025,hm-m05-g2-L5p3-n2-beta2__N0040__Aplus_0p0025,hm-m05-g2-L5p3-n2-beta2,40,-0.0025,31,4.1075,0.9996065894017907,0.9996710808417306
hm-m05-g2-L5p3-n2-beta2__N0040__Aminus_0p0025,hm-m05-g2-L5p3-n2-beta2__N0040__Aplus_0p0025,hm-m05-g2-L5p3-n2-beta2,40,-0.0025,32,4.24,0.9992250107872043,0.9993535678993276
hm-m05-g2-L5p3-n2-beta2__N0040__Aminus_0p0025,hm-m05-g2-L5p3-n2-beta2__N0040__Aplus_0p0025,hm-m05-g2-L5p3-n2-beta2,40,-0.0025,33,4.3725000000000005,0.9988623869323986,0.9990519072976624
hm-m05-g2-L5p3-n2-beta2__N0040__Aminus_0p0025,hm-m05-g2-L5p3-n2-beta2__N0040__Aplus_0p0025,hm-m05-g2-L5p3-n2-beta2,40,-0.0025,34,4.505,0.9985276607889679,0.9987735234616703
hm-m05-g2-L5p3-n2-beta2__N0040__Aminus_0p0025,hm-m05-g2-L5p3-n2-beta2__N0040__Aplus_0p0025,hm-m05-g2-L5p3-n2-beta2,40,-0.0025,35,4.6375,0.9982290919502991,0.9985252667493638
hm-m05-g2-L5p3-n2-beta2__N0040__Aminus_0p0025,hm-m05-g2-L5p3-n2-beta2__N0040__Aplus_0p0025,hm-m05-g2-L5p3-n2-beta2,40,-0.0025,36,4.7700000000000005,0.9979740515583421,0.9983132452018963
hm-m05-g2-L5p3-n2-beta2__N0040__Aminus_0p0025,hm-m05-g2-L5p3-n2-beta2__N0040__Aplus_0p0025,hm-m05-g2-L5p3-n2-beta2,40,-0.0025,37,4.9025,0.9977688389097296,0.9981426746211123
hm-m05-g2-L5p3-n2-beta2__N0040__Aminus_0p0025,hm-m05-g2-L5p3-n2-beta2__N0040__Aplus_0p0025,hm-m05-g2-L5p3-n2-beta2,40,-0.0025,38,5.035,0.9976185244609526,0.9980177506190137
hm-m05-g2-L5p3-n2-beta2__N0040__Aminus_0p0025,hm-m05-g2-L5p3-n2-beta2__N0040__Aplus_0p0025,hm-m05-g2-L5p3-n2-beta2,40,-0.0025,39,5.1675,0.9975268232808034,0.9979415457421167
hm-m05-g2-L5p3-n2-beta2__N0040__Aminus_0p0025,hm-m05-g2-L5p3-n2-beta2__N0040__Aplus_0p0025,hm-m05-g2-L5p3-n2-beta2,40,-0.0025,40,5.3,0.9974960022297159,0.9979159341605948
hm-m05-g2-L5p3-n2-beta2__N0040__Aplus_0p0025,hm-m05-g2-L5p3-n2-beta2__N0040__Aminus_0p0025,hm-m05-g2-L5p3-n2-beta2,40,0.0025,0,0.0,1.0024960001908976,1.0020781826604261
hm-m05-g2-L5p3-n2-beta2__N0040__Aplus_0p0025,hm-m05-g2-L5p3-n2-beta2__N0040__Aminus_0p0025,hm-m05-g2-L5p3-n2-beta2,40,0.0025,1,0.1325,1.0024652631671784,1.0020525501163733
hm-m05-g2-L5p3-n2-beta2__N0040__Aplus_0p0025,hm-m05-g2-L5p3-n2-beta2__N0040__Aminus_0p0025,hm-m05-g2-L5p3-n2-beta2,40,0.0025,2,0.265,1.0023738058440401,1.0019762844038396
hm-m05-g2-L5p3-n2-beta2__N0040__Aplus_0p0025,hm-m05-g2-L5p3-n2-beta2__N0040__Aminus_0p0025,hm-m05-g2-L5p3-n2-beta2,40,0.0025,3,0.3975,1.002223871211728,1.0018512656480074
hm-m05-g2-L5p3-n2-beta2__N0040__Aplus_0p0025,hm-m05-g2-L5p3-n2-beta2__N0040__Aminus_0p0025,hm-m05-g2-L5p3-n2-beta2,40,0.0025,4,0.53,1.0020191371602432,1.001680575670541
hm-m05-g2-L5p3-n2-beta2__N0040__Aplus_0p0025,hm-m05-g2-L5p3-n2-beta2__N0040__Aminus_0p0025,hm-m05-g2-L5p3-n2-beta2,40,0.0025,5,0.6625000000000001,1.00176462729789,1.0014684217708147
hm-m05-g2-L5p3-n2-beta2__N0040__Aplus_0p0025,hm-m05-g2-L5p3-n2-beta2__N0040__Aminus_0p0025,hm-m05-g2-L5p3-n2-beta2,40,0.0025,6,0.795,1.001466588989457,1.0012200327062317
hm-m05-g2-L5p3-n2-beta2__N0040__Aplus_0p0025,hm-m05-g2-L5p3-n2-beta2__N0040__Aminus_0p0025,hm-m05-g2-L5p3-n2-beta2,40,0.0025,7,0.9275,1.0011323414448086,1.0009415294735111
hm-m05-g2-L5p3-n2-beta2__N0040__Aplus_0p0025,hm-m05-g2-L5p3-n2-beta2__N0040__Aminus_0p0025,hm-m05-g2-L5p3-n2-beta2,40,0.0025,8,1.06,1.000770097408513,1.0006397741180553
hm-m05-g2-L5p3-n2-beta2__N0040__Aplus_0p0025,hm-m05-g2-L5p3-n2-beta2__N0040__Aminus_0p0025,hm-m05-g2-L5p3-n2-beta2,40,0.0025,9,1.1925000000000001,1.000388762652592,1.000322200339969
hm-m05-g2-L5p3-n2-beta2__N0040__Aplus_0p0025,hm-m05-g2-L5p3-n2-beta2__N0040__Aminus_0p0025,hm-m05-g2-L5p3-n2-beta2,40,0.0025,10,1.3250000000000002,0.9999977180411901,0.9999966301095736
hm-m05-g2-L5p3-n2-beta2__N0040__Aplus_0p0025,hm-m05-g2-L5p3-n2-beta2__N0040__Aminus_0p0025,hm-m05-g2-L5p3-n2-beta2,40,0.0025,11,1.4575,0.9996065894017878,0.9996710808417271
hm-m05-g2-L5p3-n2-beta2__N0040__Aplus_0p0025,hm-m05-g2-L5p3-n2-beta2__N0040__Aminus_0p0025,hm-m05-g2-L5p3-n2-beta2,40,0.0025,12,1.59,0.9992250107872016,0.999353567899324
hm-m05-g2-L5p3-n2-beta2__N0040__Aplus_0p0025,hm-m05-g2-L5p3-n2-beta2__N0040__Aminus_0p0025,hm-m05-g2-L5p3-n2-beta2,40,0.0025,13,1.7225000000000001,0.9988623869323963,0.9990519072976586
hm-m05-g2-L5p3-n2-beta2__N0040__Aplus_0p0025,hm-m05-g2-L5p3-n2-beta2__N0040__Aminus_0p0025,hm-m05-g2-L5p3-n2-beta2,40,0.0025,14,1.855,0.9985276607889658,0.9987735234616663
hm-m05-g2-L5p3-n2-beta2__N0040__Aplus_0p0025,hm-m05-g2-L5p3-n2-beta2__N0040__Aminus_0p0025,hm-m05-g2-L5p3-n2-beta2,40,0.0025,15,1.9875,0.9982290919502972,0.9985252667493596
hm-m05-g2-L5p3-n2-beta2__N0040__Aplus_0p0025,hm-m05-g2-L5p3-n2-beta2__N0040__Aminus_0p0025,hm-m05-g2-L5p3-n2-beta2,40,0.0025,16,2.12,0.9979740515583405,0.9983132452018921
hm-m05-g2-L5p3-n2-beta2__N0040__Aplus_0p0025,hm-m05-g2-L5p3-n2-beta2__N0040__Aminus_0p0025,hm-m05-g2-L5p3-n2-beta2,40,0.0025,17,2.2525,0.9977688389097283,0.998142674621108
hm-m05-g2-L5p3-n2-beta2__N0040__Aplus_0p0025,hm-m05-g2-L5p3-n2-beta2__N0040__Aminus_0p0025,hm-m05-g2-L5p3-n2-beta2,40,0.0025,18,2.3850000000000002,0.9976185244609516,0.9980177506190095
hm-m05-g2-L5p3-n2-beta2__N0040__Aplus_0p0025,hm-m05-g2-L5p3-n2-beta2__N0040__Aminus_0p0025,hm-m05-g2-L5p3-n2-beta2,40,0.0025,19,2.5175,0.9975268232808026,0.997941545742113
hm-m05-g2-L5p3-n2-beta2__N0040__Aplus_0p0025,hm-m05-g2-L5p3-n2-beta2__N0040__Aminus_0p0025,hm-m05-g2-L5p3-n2-beta2,40,0.0025,20,2.6500000000000004,0.9974960022297151,0.9979159341605914
hm-m05-g2-L5p3-n2-beta2__N0040__Aplus_0p0025,hm-m05-g2-L5p3-n2-beta2__N0040__Aminus_0p0025,hm-m05-g2-L5p3-n2-beta2,40,0.0025,21,2.7825,0.9975268232808029,0.9979415457421136
hm-m05-g2-L5p3-n2-beta2__N0040__Aplus_0p0025,hm-m05-g2-L5p3-n2-beta2__N0040__Aminus_0p0025,hm-m05-g2-L5p3-n2-beta2,40,0.0025,22,2.915,0.9976185244609522,0.9980177506190108
hm-m05-g2-L5p3-n2-beta2__N0040__Aplus_0p0025,hm-m05-g2-L5p3-n2-beta2__N0040__Aminus_0p0025,hm-m05-g2-L5p3-n2-beta2,40,0.0025,23,3.0475000000000003,0.9977688389097293,0.9981426746211098
hm-m05-g2-L5p3-n2-beta2__N0040__Aplus_0p0025,hm-m05-g2-L5p3-n2-beta2__N0040__Aminus_0p0025,hm-m05-g2-L5p3-n2-beta2,40,0.0025,24,3.18,0.9979740515583418,0.9983132452018944
hm-m05-g2-L5p3-n2-beta2__N0040__Aplus_0p0025,hm-m05-g2-L5p3-n2-beta2__N0040__Aminus_0p0025,hm-m05-g2-L5p3-n2-beta2,40,0.0025,25,3.3125,0.998229091950299,0.9985252667493622
hm-m05-g2-L5p3-n2-beta2__N0040__Aplus_0p0025,hm-m05-g2-L5p3-n2-beta2__N0040__Aminus_0p0025,hm-m05-g2-L5p3-n2-beta2,40,0.0025,26,3.4450000000000003,0.9985276607889678,0.9987735234616691
hm-m05-g2-L5p3-n2-beta2__N0040__Aplus_0p0025,hm-m05-g2-L5p3-n2-beta2__N0040__Aminus_0p0025,hm-m05-g2-L5p3-n2-beta2,40,0.0025,27,3.5775,0.9988623869323986,0.9990519072976617
hm-m05-g2-L5p3-n2-beta2__N0040__Aplus_0p0025,hm-m05-g2-L5p3-n2-beta2__N0040__Aminus_0p0025,hm-m05-g2-L5p3-n2-beta2,40,0.0025,28,3.71,0.9992250107872043,0.9993535678993272
hm-m05-g2-L5p3-n2-beta2__N0040__Aplus_0p0025,hm-m05-g2-L5p3-n2-beta2__N0040__Aminus_0p0025,hm-m05-g2-L5p3-n2-beta2,40,0.0025,29,3.8425000000000002,0.9996065894017908,0.9996710808417305
hm-m05-g2-L5p3-n2-beta2__N0040__Aplus_0p0025,hm-m05-g2-L5p3-n2-beta2__N0040__Aminus_0p0025,hm-m05-g2-L5p3-n2-beta2,40,0.0025,30,3.975,0.9999977180411933,0.9999966301095772
hm-m05-g2-L5p3-n2-beta2__N0040__Aplus_0p0025,hm-m05-g2-L5p3-n2-beta2__N0040__Aminus_0p0025,hm-m05-g2-L5p3-n2-beta2,40,0.0025,31,4.1075,1.0003887626525954,1.0003222003399728
hm-m05-g2-L5p3-n2-beta2__N0040__Aplus_0p0025,hm-m05-g2-L5p3-n2-beta2__N0040__Aminus_0p0025,hm-m05-g2-L5p3-n2-beta2,40,0.0025,32,4.24,1.0007700974085163,1.0006397741180595
hm-m05-g2-L5p3-n2-beta2__N0040__Aplus_0p0025,hm-m05-g2-L5p3-n2-beta2__N0040__Aminus_0p0025,hm-m05-g2-L5p3-n2-beta2,40,0.0025,33,4.3725000000000005,1.001132341444812,1.0009415294735156
hm-m05-g2-L5p3-n2-beta2__N0040__Aplus_0p0025,hm-m05-g2-L5p3-n2-beta2__N0040__Aminus_0p0025,hm-m05-g2-L5p3-n2-beta2,40,0.0025,34,4.505,1.0014665889894603,1.0012200327062364
hm-m05-g2-L5p3-n2-beta2__N0040__Aplus_0p0025,hm-m05-g2-L5p3-n2-beta2__N0040__Aminus_0p0025,hm-m05-g2-L5p3-n2-beta2,40,0.0025,35,4.6375,1.001764627297893,1.0014684217708196
hm-m05-g2-L5p3-n2-beta2__N0040__Aplus_0p0025,hm-m05-g2-L5p3-n2-beta2__N0040__Aminus_0p0025,hm-m05-g2-L5p3-n2-beta2,40,0.0025,36,4.7700000000000005,1.0020191371602463,1.001680575670546
hm-m05-g2-L5p3-n2-beta2__N0040__Aplus_0p0025,hm-m05-g2-L5p3-n2-beta2__N0040__Aminus_0p0025,hm-m05-g2-L5p3-n2-beta2,40,0.0025,37,4.9025,1.002223871211731,1.0018512656480127
hm-m05-g2-L5p3-n2-beta2__N0040__Aplus_0p0025,hm-m05-g2-L5p3-n2-beta2__N0040__Aminus_0p0025,hm-m05-g2-L5p3-n2-beta2,40,0.0025,38,5.035,1.002373805844043,1.001976284403845
hm-m05-g2-L5p3-n2-beta2__N0040__Aplus_0p0025,hm-m05-g2-L5p3-n2-beta2__N0040__Aminus_0p0025,hm-m05-g2-L5p3-n2-beta2,40,0.0025,39,5.1675,1.0024652631671813,1.0020525501163786
hm-m05-g2-L5p3-n2-beta2__N0040__Aplus_0p0025,hm-m05-g2-L5p3-n2-beta2__N0040__Aminus_0p0025,hm-m05-g2-L5p3-n2-beta2,40,0.0025,40,5.3,1.0024960001909005,1.0020781826604317
hm-m05-g2-L5p3-n2-beta2__N0040__Aplus_0p005,hm-m05-g2-L5p3-n2-beta2__N0040__Aminus_0p005,hm-m05-g2-L5p3-n2-beta2,40,0.005,0,0.0,1.0049839968753551,1.004150435677952
hm-m05-g2-L5p3-n2-beta2__N0040__Aplus_0p005,hm-m05-g2-L5p3-n2-beta2__N0040__Aminus_0p005,hm-m05-g2-L5p3-n2-beta2,40,0.005,1,0.1325,1.0049226075054272,1.0040991503753958
hm-m05-g2-L5p3-n2-beta2__N0040__Aplus_0p005,hm-m05-g2-L5p3-n2-beta2__N0040__Aminus_0p005,hm-m05-g2-L5p3-n2-beta2,40,0.005,2,0.265,1.0047399385234181,1.0039465603013986
hm-m05-g2-L5p3-n2-beta2__N0040__Aplus_0p005,hm-m05-g2-L5p3-n2-beta2__N0040__Aminus_0p005,hm-m05-g2-L5p3-n2-beta2,40,0.005,3,0.3975,1.0044404516413872,1.0036964314987185
hm-m05-g2-L5p3-n2-beta2__N0040__Aplus_0p005,hm-m05-g2-L5p3-n2-beta2__N0040__Aminus_0p005,hm-m05-g2-L5p3-n2-beta2,40,0.005,4,0.53,1.0040314648942261,1.0033549366459753
hm-m05-g2-L5p3-n2-beta2__N0040__Aplus_0p005,hm-m05-g2-L5p3-n2-beta2__N0040__Aminus_0p005,hm-m05-g2-L5p3-n2-beta2,40,0.005,5,0.6625000000000001,1.0035229780398067,1.002930501751999
hm-m05-g2-L5p3-n2-beta2__N0040__Aplus_0p005,hm-m05-g2-L5p3-n2-beta2__N0040__Aminus_0p005,hm-m05-g2-L5p3-n2-beta2,40,0.005,6,0.795,1.0029274333548397,1.0024335970157943
hm-m05-g2-L5p3-n2-beta2__N0040__Aplus_0p005,hm-m05-g2-L5p3-n2-beta2__N0040__Aminus_0p005,hm-m05-g2-L5p3-n2-beta2,40,0.005,7,0.9275,1.0022594170100185,1.0018764771588153
hm-m05-g2-L5p3-n2-beta2__N0040__Aplus_0p005,hm-m05-g2-L5p3-n2-beta2__N0040__Aminus_0p005,hm-m05-g2-L5p3-n2-beta2,40,0.005,8,1.06,1.0015353076030802,1.0012728778001463
hm-m05-g2-L5p3-n2-beta2__N0040__Aplus_0p005,hm-m05-g2-L5p3-n2-beta2__N0040__Aminus_0p005,hm-m05-g2-L5p3-n2-beta2,40,0.005,9,1.1925000000000001,1.000772879740854,1.000637675531087
hm-m05-g2-L5p3-n2-beta2__N0040__Aplus_0p005,hm-m05-g2-L5p3-n2-beta2__N0040__Aminus_0p005,hm-m05-g2-L5p3-n2-beta2,40,0.005,10,1.3250000000000002,0.9999908717564396,0.9999865202260649
hm-m05-g2-L5p3-n2-beta2__N0040__Aplus_0p005,hm-m05-g2-L5p3-n2-beta2__N0040__Aminus_0p005,hm-m05-g2-L5p3-n2-beta2,40,0.005,11,1.4575,0.9992085276854935,0.9993354487807511
hm-m05-g2-L5p3-n2-beta2__N0040__Aplus_0p005,hm-m05-g2-L5p3-n2-beta2__N0040__Aminus_0p005,hm-m05-g2-L5p3-n2-beta2,40,0.005,12,1.59,0.9984451244635991,0.9987004898820034
hm-m05-g2-L5p3-n2-beta2__N0040__Aplus_0p005,hm-m05-g2-L5p3-n2-beta2__N0040__Aminus_0p005,hm-m05-g2-L5p3-n2-beta2,40,0.005,13,1.7225000000000001,0.9977194959026164,0.9980972695813629
hm-m05-g2-L5p3-n2-beta2__N0040__Aplus_0p005,hm-m05-g2-L5p3-n2-beta2__N0040__Aminus_0p005,hm-m05-g2-L5p3-n2-beta2,40,0.005,14,1.855,0.9970495653194049,0.9975406273651588
hm-m05-g2-L5p3-n2-beta2__N0040__Aplus_0p005,hm-m05-g2-L5p3-n2-beta2__N0040__Aminus_0p005,hm-m05-g2-L5p3-n2-beta2,40,0.005,15,1.9875,0.9964518986944526,0.9970442520975629
hm-m05-g2-L5p3-n2-beta2__N0040__Aplus_0p005,hm-m05-g2-L5p3-n2-beta2__N0040__Aminus_0p005,hm-m05-g2-L5p3-n2-beta2,40,0.005,16,2.12,0.9959412899101592,0.9966203466719132
hm-m05-g2-L5p3-n2-beta2__N0040__Aplus_0p005,hm-m05-g2-L5p3-n2-beta2__N0040__Aminus_0p005,hm-m05-g2-L5p3-n2-beta2,40,0.005,17,2.2525,0.9955303889510796,0.9962793294592058
hm-m05-g2-L5p3-n2-beta2__N0040__Aplus_0p005,hm-m05-g2-L5p3-n2-beta2__N0040__Aminus_0p005,hm-m05-g2-L5p3-n2-beta2,40,0.005,18,2.3850000000000002,0.9952293829477256,0.9960295797136408
hm-m05-g2-L5p3-n2-beta2__N0040__Aplus_0p005,hm-m05-g2-L5p3-n2-beta2__N0040__Aminus_0p005,hm-m05-g2-L5p3-n2-beta2,40,0.005,19,2.5175,0.9950457386325203,0.9958772330092164
hm-m05-g2-L5p3-n2-beta2__N0040__Aplus_0p005,hm-m05-g2-L5p3-n2-beta2__N0040__Aminus_0p005,hm-m05-g2-L5p3-n2-beta2,40,0.005,20,2.6500000000000004,0.9949840131861719,0.9958260315660863
hm-m05-g2-L5p3-n2-beta2__N0040__Aplus_0p005,hm-m05-g2-L5p3-n2-beta2__N0040__Aminus_0p005,hm-m05-g2-L5p3-n2-beta2,40,0.005,21,2.7825,0.9950457386325207,0.9958772330092168
hm-m05-g2-L5p3-n2-beta2__N0040__Aplus_0p005,hm-m05-g2-L5p3-n2-beta2__N0040__Aminus_0p005,hm-m05-g2-L5p3-n2-beta2,40,0.005,22,2.915,0.9952293829477263,0.9960295797136418
hm-m05-g2-L5p3-n2-beta2__N0040__Aplus_0p005,hm-m05-g2-L5p3-n2-beta2__N0040__Aminus_0p005,hm-m05-g2-L5p3-n2-beta2,40,0.005,23,3.0475000000000003,0.9955303889510809,0.9962793294592075
hm-m05-g2-L5p3-n2-beta2__N0040__Aplus_0p005,hm-m05-g2-L5p3-n2-beta2__N0040__Aminus_0p005,hm-m05-g2-L5p3-n2-beta2,40,0.005,24,3.18,0.9959412899101607,0.9966203466719152
hm-m05-g2-L5p3-n2-beta2__N0040__Aplus_0p005,hm-m05-g2-L5p3-n2-beta2__N0040__Aminus_0p005,hm-m05-g2-L5p3-n2-beta2,40,0.005,25,3.3125,0.9964518986944546,0.9970442520975652
hm-m05-g2-L5p3-n2-beta2__N0040__Aplus_0p005,hm-m05-g2-L5p3-n2-beta2__N0040__Aminus_0p005,hm-m05-g2-L5p3-n2-beta2,40,0.005,26,3.4450000000000003,0.9970495653194072,0.9975406273651615
hm-m05-g2-L5p3-n2-beta2__N0040__Aplus_0p005,hm-m05-g2-L5p3-n2-beta2__N0040__Aminus_0p005,hm-m05-g2-L5p3-n2-beta2,40,0.005,27,3.5775,0.9977194959026191,0.9980972695813657
hm-m05-g2-L5p3-n2-beta2__N0040__Aplus_0p005,hm-m05-g2-L5p3-n2-beta2__N0040__Aminus_0p005,hm-m05-g2-L5p3-n2-beta2,40,0.005,28,3.71,0.998445124463602,0.9987004898820063
hm-m05-g2-L5p3-n2-beta2__N0040__Aplus_0p005,hm-m05-g2-L5p3-n2-beta2__N0040__Aminus_0p005,hm-m05-g2-L5p3-n2-beta2,40,0.005,29,3.8425000000000002,0.9992085276854966,0.999335448780754
hm-m05-g2-L5p3-n2-beta2__N0040__Aplus_0p005,hm-m05-g2-L5p3-n2-beta2__N0040__Aminus_0p005,hm-m05-g2-L5p3-n2-beta2,40,0.005,30,3.975,0.9999908717564429,0.9999865202260679
hm-m05-g2-L5p3-n2-beta2__N0040__Aplus_0p005,hm-m05-g2-L5p3-n2-beta2__N0040__Aminus_0p005,hm-m05-g2-L5p3-n2-beta2,40,0.005,31,4.1075,1.000772879740857,1.0006376755310902
hm-m05-g2-L5p3-n2-beta2__N0040__Aplus_0p005,hm-m05-g2-L5p3-n2-beta2__N0040__Aminus_0p005,hm-m05-g2-L5p3-n2-beta2,40,0.005,32,4.24,1.001535307603083,1.0012728778001498
hm-m05-g2-L5p3-n2-beta2__N0040__Aplus_0p005,hm-m05-g2-L5p3-n2-beta2__N0040__Aminus_0p005,hm-m05-g2-L5p3-n2-beta2,40,0.005,33,4.3725000000000005,1.0022594170100214,1.0018764771588191
hm-m05-g2-L5p3-n2-beta2__N0040__Aplus_0p005,hm-m05-g2-L5p3-n2-beta2__N0040__Aminus_0p005,hm-m05-g2-L5p3-n2-beta2,40,0.005,34,4.505,1.0029274333548421,1.0024335970157978
hm-m05-g2-L5p3-n2-beta2__N0040__Aplus_0p005,hm-m05-g2-L5p3-n2-beta2__N0040__Aminus_0p005,hm-m05-g2-L5p3-n2-beta2,40,0.005,35,4.6375,1.003522978039809,1.002930501752003
hm-m05-g2-L5p3-n2-beta2__N0040__Aplus_0p005,hm-m05-g2-L5p3-n2-beta2__N0040__Aminus_0p005,hm-m05-g2-L5p3-n2-beta2,40,0.005,36,4.7700000000000005,1.0040314648942281,1.0033549366459795
hm-m05-g2-L5p3-n2-beta2__N0040__Aplus_0p005,hm-m05-g2-L5p3-n2-beta2__N0040__Aminus_0p005,hm-m05-g2-L5p3-n2-beta2,40,0.005,37,4.9025,1.004440451641389,1.0036964314987227
hm-m05-g2-L5p3-n2-beta2__N0040__Aplus_0p005,hm-m05-g2-L5p3-n2-beta2__N0040__Aminus_0p005,hm-m05-g2-L5p3-n2-beta2,40,0.005,38,5.035,1.0047399385234197,1.0039465603014028
hm-m05-g2-L5p3-n2-beta2__N0040__Aplus_0p005,hm-m05-g2-L5p3-n2-beta2__N0040__Aminus_0p005,hm-m05-g2-L5p3-n2-beta2,40,0.005,39,5.1675,1.0049226075054287,1.0040991503754002
hm-m05-g2-L5p3-n2-beta2__N0040__Aplus_0p005,hm-m05-g2-L5p3-n2-beta2__N0040__Aminus_0p005,hm-m05-g2-L5p3-n2-beta2,40,0.005,40,5.3,1.0049839968753567,1.0041504356779563
hm-m05-g2-L5p3-n2-beta2__N0040__Aplus_0p01,hm-m05-g2-L5p3-n2-beta2__N0040__Aminus_0p01,hm-m05-g2-L5p3-n2-beta2,40,0.01,0,0.0,1.0099359579083,1.0082769667366143
hm-m05-g2-L5p3-n2-beta2__N0040__Aplus_0p01,hm-m05-g2-L5p3-n2-beta2__N0040__Aminus_0p01,hm-m05-g2-L5p3-n2-beta2,40,0.01,1,0.1325,1.0098135203142664,1.0081743182191087
hm-m05-g2-L5p3-n2-beta2__N0040__Aplus_0p01,hm-m05-g2-L5p3-n2-beta2__N0040__Aminus_0p01,hm-m05-g2-L5p3-n2-beta2,40,0.01,2,0.265,1.0094491717634488,1.0078689120859696
hm-m05-g2-L5p3-n2-beta2__N0040__Aplus_0p01,hm-m05-g2-L5p3-n2-beta2__N0040__Aminus_0p01,hm-m05-g2-L5p3-n2-beta2,40,0.01,3,0.3975,1.0088517370734957,1.007368302954888
hm-m05-g2-L5p3-n2-beta2__N0040__Aplus_0p01,hm-m05-g2-L5p3-n2-beta2__N0040__Aminus_0p01,hm-m05-g2-L5p3-n2-beta2,40,0.01,4,0.53,1.0080356991562327,1.0066848713853336
hm-m05-g2-L5p3-n2-beta2__N0040__Aplus_0p01,hm-m05-g2-L5p3-n2-beta2__N0040__Aminus_0p01,hm-m05-g2-L5p3-n2-beta2,40,0.01,5,0.6625000000000001,1.0070208653503345,1.0058355139521475
hm-m05-g2-L5p3-n2-beta2__N0040__Aplus_0p01,hm-m05-g2-L5p3-n2-beta2__N0040__Aminus_0p01,hm-m05-g2-L5p3-n2-beta2,40,0.01,6,0.795,1.0058319084109506,1.0048412207338349
hm-m05-g2-L5p3-n2-beta2__N0040__Aplus_0p01,hm-m05-g2-L5p3-n2-beta2__N0040__Aminus_0p01,hm-m05-g2-L5p3-n2-beta2,40,0.01,7,0.9275,1.0044977904984702,1.0037265512045987
hm-m05-g2-L5p3-n2-beta2__N0040__Aplus_0p01,hm-m05-g2-L5p3-n2-beta2__N0040__Aminus_0p01,hm-m05-g2-L5p3-n2-beta2,40,0.01,8,1.06,1.0030510811350157,1.0025190221060376
hm-m05-g2-L5p3-n2-beta2__N0040__Aplus_0p01,hm-m05-g2-L5p3-n2-beta2__N0040__Aminus_0p01,hm-m05-g2-L5p3-n2-beta2,40,0.01,9,1.1925000000000001,1.0015271827963057,1.0012484230701544
hm-m05-g2-L5p3-n2-beta2__N0040__Aplus_0p01,hm-m05-g2-L5p3-n2-beta2__N0040__Aminus_0p01,hm-m05-g2-L5p3-n2-beta2,40,0.01,10,1.3250000000000002,0.9999634804932563,0.9999460775096425
hm-m05-g2-L5p3-n2-beta2__N0040__Aplus_0p01,hm-m05-g2-L5p3-n2-beta2__N0040__Aminus_0p01,hm-m05-g2-L5p3-n2-beta2,40,0.01,11,1.4575,0.9983984342516063,0.9986440675401758
hm-m05-g2-L5p3-n2-beta2__N0040__Aplus_0p01,hm-m05-g2-L5p3-n2-beta2__N0040__Aminus_0p01,hm-m05-g2-L5p3-n2-beta2,40,0.01,12,1.59,0.9968706356741429,0.9973744424267951
hm-m05-g2-L5p3-n2-beta2__N0040__Aplus_0p01,hm-m05-g2-L5p3-n2-beta2__N0040__Aminus_0p01,hm-m05-g2-L5p3-n2-beta2,40,0.01,13,1.7225000000000001,0.9954178516144717,0.9961684302461907
hm-m05-g2-L5p3-n2-beta2__N0040__Aplus_0p01,hm-m05-g2-L5p3-n2-beta2__N0040__Aminus_0p01,hm-m05-g2-L5p3-n2-beta2,40,0.01,14,1.855,0.9940760792562449,0.9950556721417863
hm-m05-g2-L5p3-n2-beta2__N0040__Aplus_0p01,hm-m05-g2-L5p3-n2-beta2__N0040__Aminus_0p01,hm-m05-g2-L5p3-n2-beta2,40,0.01,15,1.9875,0.99287863745221,0.9940634977499172
hm-m05-g2-L5p3-n2-beta2__N0040__Aplus_0p01,hm-m05-g2-L5p3-n2-beta2__N0040__Aminus_0p01,hm-m05-g2-L5p3-n2-beta2,40,0.01,16,2.12,0.9918553189433971,0.9932162591386487
hm-m05-g2-L5p3-n2-beta2__N0040__Aplus_0p01,hm-m05-g2-L5p3-n2-beta2__N0040__Aminus_0p01,hm-m05-g2-L5p3-n2-beta2,40,0.01,17,2.2525,0.9910316270038184,0.9925347389820764
hm-m05-g2-L5p3-n2-beta2__N0040__Aplus_0p01,hm-m05-g2-L5p3-n2-beta2__N0040__Aminus_0p01,hm-m05-g2-L5p3-n2-beta2,40,0.01,18,2.3850000000000002,0.9904281181410377,0.9920356467543046
hm-m05-g2-L5p3-n2-beta2__N0040__Aplus_0p01,hm-m05-g2-L5p3-n2-beta2__N0040__Aminus_0p01,hm-m05-g2-L5p3-n2-beta2,40,0.01,19,2.5175,0.9900598697748975,0.9917312145318186
hm-m05-g2-L5p3-n2-beta2__N0040__Aplus_0p01,hm-m05-g2-L5p3-n2-beta2__N0040__Aminus_0p01,hm-m05-g2-L5p3-n2-beta2,40,0.01,20,2.6500000000000004,0.9899360884039997,0.991628901600832
hm-m05-g2-L5p3-n2-beta2__N0040__Aplus_0p01,hm-m05-g2-L5p3-n2-beta2__N0040__Aminus_0p01,hm-m05-g2-L5p3-n2-beta2,40,0.01,21,2.7825,0.9900598697748975,0.9917312145318186
hm-m05-g2-L5p3-n2-beta2__N0040__Aplus_0p01,hm-m05-g2-L5p3-n2-beta2__N0040__Aminus_0p01,hm-m05-g2-L5p3-n2-beta2,40,0.01,22,2.915,0.9904281181410378,0.9920356467543049
hm-m05-g2-L5p3-n2-beta2__N0040__Aplus_0p01,hm-m05-g2-L5p3-n2-beta2__N0040__Aminus_0p01,hm-m05-g2-L5p3-n2-beta2,40,0.01,23,3.0475000000000003,0.9910316270038185,0.9925347389820769
hm-m05-g2-L5p3-n2-beta2__N0040__Aplus_0p01,hm-m05-g2-L5p3-n2-beta2__N0040__Aminus_0p01,hm-m05-g2-L5p3-n2-beta2,40,0.01,24,3.18,0.9918553189433972,0.9932162591386492
hm-m05-g2-L5p3-n2-beta2__N0040__Aplus_0p01,hm-m05-g2-L5p3-n2-beta2__N0040__Aminus_0p01,hm-m05-g2-L5p3-n2-beta2,40,0.01,25,3.3125,0.9928786374522102,0.9940634977499179
hm-m05-g2-L5p3-n2-beta2__N0040__Aplus_0p01,hm-m05-g2-L5p3-n2-beta2__N0040__Aminus_0p01,hm-m05-g2-L5p3-n2-beta2,40,0.01,26,3.4450000000000003,0.9940760792562452,0.9950556721417869
hm-m05-g2-L5p3-n2-beta2__N0040__Aplus_0p01,hm-m05-g2-L5p3-n2-beta2__N0040__Aminus_0p01,hm-m05-g2-L5p3-n2-beta2,40,0.01,27,3.5775,0.995417851614472,0.9961684302461912
hm-m05-g2-L5p3-n2-beta2__N0040__Aplus_0p01,hm-m05-g2-L5p3-n2-beta2__N0040__Aminus_0p01,hm-m05-g2-L5p3-n2-beta2,40,0.01,28,3.71,0.9968706356741434,0.9973744424267954
hm-m05-g2-L5p3-n2-beta2__N0040__Aplus_0p01,hm-m05-g2-L5p3-n2-beta2__N0040__Aminus_0p01,hm-m05-g2-L5p3-n2-beta2,40,0.01,29,3.8425000000000002,0.9983984342516068,0.9986440675401761
hm-m05-g2-L5p3-n2-beta2__N0040__Aplus_0p01,hm-m05-g2-L5p3-n2-beta2__N0040__Aminus_0p01,hm-m05-g2-L5p3-n2-beta2,40,0.01,30,3.975,0.9999634804932567,0.9999460775096429
hm-m05-g2-L5p3-n2-beta2__N0040__Aplus_0p01,hm-m05-g2-L5p3-n2-beta2__N0040__Aminus_0p01,hm-m05-g2-L5p3-n2-beta2,40,0.01,31,4.1075,1.0015271827963061,1.0012484230701548
hm-m05-g2-L5p3-n2-beta2__N0040__Aplus_0p01,hm-m05-g2-L5p3-n2-beta2__N0040__Aminus_0p01,hm-m05-g2-L5p3-n2-beta2,40,0.01,32,4.24,1.0030510811350164,1.0025190221060383
hm-m05-g2-L5p3-n2-beta2__N0040__Aplus_0p01,hm-m05-g2-L5p3-n2-beta2__N0040__Aminus_0p01,hm-m05-g2-L5p3-n2-beta2,40,0.01,33,4.3725000000000005,1.0044977904984709,1.0037265512045994
hm-m05-g2-L5p3-n2-beta2__N0040__Aplus_0p01,hm-m05-g2-L5p3-n2-beta2__N0040__Aminus_0p01,hm-m05-g2-L5p3-n2-beta2,40,0.01,34,4.505,1.0058319084109513,1.0048412207338357
hm-m05-g2-L5p3-n2-beta2__N0040__Aplus_0p01,hm-m05-g2-L5p3-n2-beta2__N0040__Aminus_0p01,hm-m05-g2-L5p3-n2-beta2,40,0.01,35,4.6375,1.0070208653503354,1.0058355139521487
hm-m05-g2-L5p3-n2-beta2__N0040__Aplus_0p01,hm-m05-g2-L5p3-n2-beta2__N0040__Aminus_0p01,hm-m05-g2-L5p3-n2-beta2,40,0.01,36,4.7700000000000005,1.0080356991562336,1.0066848713853347
hm-m05-g2-L5p3-n2-beta2__N0040__Aplus_0p01,hm-m05-g2-L5p3-n2-beta2__N0040__Aminus_0p01,hm-m05-g2-L5p3-n2-beta2,40,0.01,37,4.9025,1.0088517370734966,1.0073683029548892
hm-m05-g2-L5p3-n2-beta2__N0040__Aplus_0p01,hm-m05-g2-L5p3-n2-beta2__N0040__Aminus_0p01,hm-m05-g2-L5p3-n2-beta2,40,0.01,38,5.035,1.0094491717634497,1.007868912085971
hm-m05-g2-L5p3-n2-beta2__N0040__Aplus_0p01,hm-m05-g2-L5p3-n2-beta2__N0040__Aminus_0p01,hm-m05-g2-L5p3-n2-beta2,40,0.01,39,5.1675,1.0098135203142673,1.00817431821911
hm-m05-g2-L5p3-n2-beta2__N0040__Aplus_0p01,hm-m05-g2-L5p3-n2-beta2__N0040__Aminus_0p01,hm-m05-g2-L5p3-n2-beta2,40,0.01,40,5.3,1.0099359579083007,1.0082769667366154
hm-m05-g2-L5p3-n2-beta2__N0040__Aplus_0p02,hm-m05-g2-L5p3-n2-beta2__N0040__Aminus_0p02,hm-m05-g2-L5p3-n2-beta2,40,0.02,0,0.0,1.0197436190084581,1.0164568245668564
hm-m05-g2-L5p3-n2-beta2__N0040__Aplus_0p02,hm-m05-g2-L5p3-n2-beta2__N0040__Aminus_0p02,hm-m05-g2-L5p3-n2-beta2,40,0.02,1,0.1325,1.0195001260529841,1.016251238913569
hm-m05-g2-L5p3-n2-beta2__N0040__Aplus_0p02,hm-m05-g2-L5p3-n2-beta2__N0040__Aminus_0p02,hm-m05-g2-L5p3-n2-beta2,40,0.02,2,0.265,1.0187754353807659,1.0156395900470523
hm-m05-g2-L5p3-n2-beta2__N0040__Aplus_0p02,hm-m05-g2-L5p3-n2-beta2__N0040__Aminus_0p02,hm-m05-g2-L5p3-n2-beta2,40,0.02,3,0.3975,1.0175867906085607,1.0146370723823719
hm-m05-g2-L5p3-n2-beta2__N0040__Aplus_0p02,hm-m05-g2-L5p3-n2-beta2__N0040__Aminus_0p02,hm-m05-g2-L5p3-n2-beta2,40,0.02,4,0.53,1.015962528483394,1.013268580570538
hm-m05-g2-L5p3-n2-beta2__N0040__Aplus_0p02,hm-m05-g2-L5p3-n2-beta2__N0040__Aminus_0p02,hm-m05-g2-L5p3-n2-beta2,40,0.02,5,0.6625000000000001,1.0139414773502733,1.0115680776218194
hm-m05-g2-L5p3-n2-beta2__N0040__Aplus_0p02,hm-m05-g2-L5p3-n2-beta2__N0040__Aminus_0p02,hm-m05-g2-L5p3-n2-beta2,40,0.02,6,0.795,1.0115721207147366,1.0095777342955308
hm-m05-g2-L5p3-n2-beta2__N0040__Aplus_0p02,hm-m05-g2-L5p3-n2-beta2__N0040__Aminus_0p02,hm-m05-g2-L5p3-n2-beta2,40,0.02,7,0.9275,1.0089115336197727,1.0073468629510987
hm-m05-g2-L5p3-n2-beta2__N0040__Aplus_0p02,hm-m05-g2-L5p3-n2-beta2__N0040__Aminus_0p02,hm-m05-g2-L5p3-n2-beta2,40,0.02,8,1.06,1.006024104254806,1.0049306745079591
hm-m05-g2-L5p3-n2-beta2__N0040__Aplus_0p02,hm-m05-g2-L5p3-n2-beta2__N0040__Aminus_0p02,hm-m05-g2-L5p3-n2-beta2,40,0.02,9,1.1925000000000001,1.0029800591747369,1.0023888917451391
hm-m05-g2-L5p3-n2-beta2__N0040__Aplus_0p02,hm-m05-g2-L5p3-n2-beta2__N0040__Aminus_0p02,hm-m05-g2-L5p3-n2-beta2,40,0.02,10,1.3250000000000002,0.9998538174473427,0.9997842557225324
hm-m05-g2-L5p3-n2-beta2__N0040__Aplus_0p02,hm-m05-g2-L5p3-n2-beta2__N0040__Aminus_0p02,hm-m05-g2-L5p3-n2-beta2,40,0.02,11,1.4575,0.9967222064867908,0.9971809644991692
hm-m05-g2-L5p3-n2-beta2__N0040__Aplus_0p02,hm-m05-g2-L5p3-n2-beta2__N0040__Aminus_0p02,hm-m05-g2-L5p3-n2-beta2,40,0.02,12,1.59,0.9936625796524053,0.9946430844854005
hm-m05-g2-L5p3-n2-beta2__N0040__Aplus_0p02,hm-m05-g2-L5p3-n2-beta2__N0040__Aminus_0p02,hm-m05-g2-L5p3-n2-beta2,40,0.02,13,1.7225000000000001,0.9907508822239717,0.9922329746857294
hm-m05-g2-L5p3-n2-beta2__N0040__Aplus_0p02,hm-m05-g2-L5p3-n2-beta2__N0040__Aminus_0p02,hm-m05-g2-L5p3-n2-beta2,40,0.02,14,1.855,0.9880597174717357,0.9900097628256791
hm-m05-g2-L5p3-n2-beta2__N0040__Aplus_0p02,hm-m05-g2-L5p3-n2-beta2__N0040__Aminus_0p02,hm-m05-g2-L5p3-n2-beta2,40,0.02,15,1.9875,0.9856564677004522,0.988027910033859
hm-m05-g2-L5p3-n2-beta2__N0040__Aplus_0p02,hm-m05-g2-L5p3-n2-beta2__N0040__Aminus_0p02,hm-m05-g2-L5p3-n2-beta2,40,0.02,16,2.12,0.983601526016423,0.9863358975466578
hm-m05-g2-L5p3-n2-beta2__N0040__Aplus_0p02,hm-m05-g2-L5p3-n2-beta2__N0040__Aminus_0p02,hm-m05-g2-L5p3-n2-beta2,40,0.02,17,2.2525,0.9819466930011789,0.9849750650282169
hm-m05-g2-L5p3-n2-beta2__N0040__Aplus_0p02,hm-m05-g2-L5p3-n2-beta2__N0040__Aminus_0p02,hm-m05-g2-L5p3-n2-beta2,40,0.02,18,2.3850000000000002,0.9807337885302199,0.9839786257709293
hm-m05-g2-L5p3-n2-beta2__N0040__Aplus_0p02,hm-m05-g2-L5p3-n2-beta2__N0040__Aminus_0p02,hm-m05-g2-L5p3-n2-beta2,40,0.02,19,2.5175,0.97999352287088,0.9833708794624754
hm-m05-g2-L5p3-n2-beta2__N0040__Aplus_0p02,hm-m05-g2-L5p3-n2-beta2__N0040__Aminus_0p02,hm-m05-g2-L5p3-n2-beta2,40,0.02,20,2.6500000000000004,0.979744663267087,0.9831666385354804
hm-m05-g2-L5p3-n2-beta2__N0040__Aplus_0p02,hm-m05-g2-L5p3-n2-beta2__N0040__Aminus_0p02,hm-m05-g2-L5p3-n2-beta2,40,0.02,21,2.7825,0.9799935228708802,0.9833708794624755
hm-m05-g2-L5p3-n2-beta2__N0040__Aplus_0p02,hm-m05-g2-L5p3-n2-beta2__N0040__Aminus_0p02,hm-m05-g2-L5p3-n2-beta2,40,0.02,22,2.915,0.98073378853022,0.9839786257709296
hm-m05-g2-L5p3-n2-beta2__N0040__Aplus_0p02,hm-m05-g2-L5p3-n2-beta2__N0040__Aminus_0p02,hm-m05-g2-L5p3-n2-beta2,40,0.02,23,3.0475000000000003,0.9819466930011791,0.9849750650282173
hm-m05-g2-L5p3-n2-beta2__N0040__Aplus_0p02,hm-m05-g2-L5p3-n2-beta2__N0040__Aminus_0p02,hm-m05-g2-L5p3-n2-beta2,40,0.02,24,3.18,0.9836015260164233,0.9863358975466584
hm-m05-g2-L5p3-n2-beta2__N0040__Aplus_0p02,hm-m05-g2-L5p3-n2-beta2__N0040__Aminus_0p02,hm-m05-g2-L5p3-n2-beta2,40,0.02,25,3.3125,0.9856564677004525,0.9880279100338596
hm-m05-g2-L5p3-n2-beta2__N0040__Aplus_0p02,hm-m05-g2-L5p3-n2-beta2__N0040__Aminus_0p02,hm-m05-g2-L5p3-n2-beta2,40,0.02,26,3.4450000000000003,0.9880597174717362,0.9900097628256794
hm-m05-g2-L5p3-n2-beta2__N0040__Aplus_0p02,hm-m05-g2-L5p3-n2-beta2__N0040__Aminus_0p02,hm-m05-g2-L5p3-n2-beta2,40,0.02,27,3.5775,0.9907508822239721,0.9922329746857295
hm-m05-g2-L5p3-n2-beta2__N0040__Aplus_0p02,hm-m05-g2-L5p3-n2-beta2__N0040__Aminus_0p02,hm-m05-g2-L5p3-n2-beta2,40,0.02,28,3.71,0.9936625796524059,0.9946430844854005
hm-m05-g2-L5p3-n2-beta2__N0040__Aplus_0p02,hm-m05-g2-L5p3-n2-beta2__N0040__Aminus_0p02,hm-m05-g2-L5p3-n2-beta2,40,0.02,29,3.8425000000000002,0.9967222064867914,0.9971809644991689
hm-m05-g2-L5p3-n2-beta2__N0040__Aplus_0p02,hm-m05-g2-L5p3-n2-beta2__N0040__Aminus_0p02,hm-m05-g2-L5p3-n2-beta2,40,0.02,30,3.975,0.9998538174473433,0.9997842557225322
hm-m05-g2-L5p3-n2-beta2__N0040__Aplus_0p02,hm-m05-g2-L5p3-n2-beta2__N0040__Aminus_0p02,hm-m05-g2-L5p3-n2-beta2,40,0.02,31,4.1075,1.0029800591747375,1.002388891745139
hm-m05-g2-L5p3-n2-beta2__N0040__Aplus_0p02,hm-m05-g2-L5p3-n2-beta2__N0040__Aminus_0p02,hm-m05-g2-L5p3-n2-beta2,40,0.02,32,4.24,1.0060241042548064,1.0049306745079594
hm-m05-g2-L5p3-n2-beta2__N0040__Aplus_0p02,hm-m05-g2-L5p3-n2-beta2__N0040__Aminus_0p02,hm-m05-g2-L5p3-n2-beta2,40,0.02,33,4.3725000000000005,1.0089115336197731,1.0073468629510989
hm-m05-g2-L5p3-n2-beta2__N0040__Aplus_0p02,hm-m05-g2-L5p3-n2-beta2__N0040__Aminus_0p02,hm-m05-g2-L5p3-n2-beta2,40,0.02,34,4.505,1.0115721207147366,1.009577734295531
hm-m05-g2-L5p3-n2-beta2__N0040__Aplus_0p02,hm-m05-g2-L5p3-n2-beta2__N0040__Aminus_0p02,hm-m05-g2-L5p3-n2-beta2,40,0.02,35,4.6375,1.013941477350273,1.0115680776218197
hm-m05-g2-L5p3-n2-beta2__N0040__Aplus_0p02,hm-m05-g2-L5p3-n2-beta2__N0040__Aminus_0p02,hm-m05-g2-L5p3-n2-beta2,40,0.02,36,4.7700000000000005,1.0159625284833937,1.0132685805705381
hm-m05-g2-L5p3-n2-beta2__N0040__Aplus_0p02,hm-m05-g2-L5p3-n2-beta2__N0040__Aminus_0p02,hm-m05-g2-L5p3-n2-beta2,40,0.02,37,4.9025,1.0175867906085603,1.0146370723823723
hm-m05-g2-L5p3-n2-beta2__N0040__Aplus_0p02,hm-m05-g2-L5p3-n2-beta2__N0040__Aminus_0p02,hm-m05-g2-L5p3-n2-beta2,40,0.02,38,5.035,1.0187754353807654,1.0156395900470527
hm-m05-g2-L5p3-n2-beta2__N0040__Aplus_0p02,hm-m05-g2-L5p3-n2-beta2__N0040__Aminus_0p02,hm-m05-g2-L5p3-n2-beta2,40,0.02,39,5.1675,1.0195001260529835,1.0162512389135694
hm-m05-g2-L5p3-n2-beta2__N0040__Aplus_0p02,hm-m05-g2-L5p3-n2-beta2__N0040__Aminus_0p02,hm-m05-g2-L5p3-n2-beta2,40,0.02,40,5.3,1.0197436190084574,1.0164568245668568
hm-m05-g2-L5p3-n2-beta2__N0080__Aminus_0p02,hm-m05-g2-L5p3-n2-beta2__N0080__Aplus_0p02,hm-m05-g2-L5p3-n2-beta2,80,-0.02,0,0.0,0.9797459645172711,0.9831831788957983
hm-m05-g2-L5p3-n2-beta2__N0080__Aminus_0p02,hm-m05-g2-L5p3-n2-beta2__N0080__Aplus_0p02,hm-m05-g2-L5p3-n2-beta2,80,-0.02,1,0.06625,0.9798082715469739,0.9832342698302964
hm-m05-g2-L5p3-n2-beta2__N0080__Aminus_0p02,hm-m05-g2-L5p3-n2-beta2__N0080__Aplus_0p02,hm-m05-g2-L5p3-n2-beta2,80,-0.02,2,0.1325,0.979994796875105,0.9833872309968805
hm-m05-g2-L5p3-n2-beta2__N0080__Aminus_0p02,hm-m05-g2-L5p3-n2-beta2__N0080__Aplus_0p02,hm-m05-g2-L5p3-n2-beta2,80,-0.02,3,0.19875,0.9803043559222648,0.9836411293171002
hm-m05-g2-L5p3-n2-beta2__N0080__Aminus_0p02,hm-m05-g2-L5p3-n2-beta2__N0080__Aplus_0p02,hm-m05-g2-L5p3-n2-beta2,80,-0.02,4,0.265,0.9807349833793617,0.98399441575905
hm-m05-g2-L5p3-n2-beta2__N0080__Aminus_0p02,hm-m05-g2-L5p3-n2-beta2__N0080__Aplus_0p02,hm-m05-g2-L5p3-n2-beta2,80,-0.02,5,0.33125000000000004,0.9812839466161264,0.9844449344549856
hm-m05-g2-L5p3-n2-beta2__N0080__Aminus_0p02,hm-m05-g2-L5p3-n2-beta2__N0080__Aplus_0p02,hm-m05-g2-L5p3-n2-beta2,80,-0.02,6,0.3975,0.9819477643010144,0.9849899354045882
hm-m05-g2-L5p3-n2-beta2__N0080__Aminus_0p02,hm-m05-g2-L5p3-n2-beta2__N0080__Aplus_0p02,hm-m05-g2-L5p3-n2-beta2,80,-0.02,7,0.46375,0.9827222300820606,0.985626090702255
hm-m05-g2-L5p3-n2-beta2__N0080__Aminus_0p02,hm-m05-g2-L5p3-n2-beta2__N0080__Aplus_0p02,hm-m05-g2-L5p3-n2-beta2,80,-0.02,8,0.53,0.9836024411375536,0.986349514208916
hm-m05-g2-L5p3-n2-beta2__N0080__Aminus_0p02,hm-m05-g2-L5p3-n2-beta2__N0080__Aplus_0p02,hm-m05-g2-L5p3-n2-beta2,80,-0.02,9,0.5962500000000001,0.9845828313664318,0.9871557845708271
hm-m05-g2-L5p3-n2-beta2__N0080__Aminus_0p02,hm-m05-g2-L5p3-n2-beta2__N0080__Aplus_0p02,hm-m05-g2-L5p3-n2-beta2,80,-0.02,10,0.6625000000000001,0.9856572089514937,0.9880399714696018
hm-m05-g2-L5p3-n2-beta2__N0080__Aminus_0p02,hm-m05-g2-L5p3-n2-beta2__N0080__Aplus_0p02,hm-m05-g2-L5p3-n2-beta2,80,-0.02,11,0.72875,0.9868187979942641,0.98899666496946
hm-m05-g2-L5p3-n2-beta2__N0080__Aminus_0p02,hm-m05-g2-L5p3-n2-beta2__N0080__Aplus_0p02,hm-m05-g2-L5p3-n2-beta2,80,-0.02,12,0.795,0.9880602838890853,0.9900200078093636
hm-m05-g2-L5p3-n2-beta2__N0080__Aminus_0p02,hm-m05-g2-L5p3-n2-beta2__N0080__Aplus_0p02,hm-m05-g2-L5p3-n2-beta2,80,-0.02,13,0.8612500000000001,0.9893738620761086,0.9911037304694829
hm-m05-g2-L5p3-n2-beta2__N0080__Aminus_0p02,hm-m05-g2-L5p3-n2-beta2__N0080__Aplus_0p02,hm-m05-g2-L5p3-n2-beta2,80,-0.02,14,0.9275,0.9907512897887242,0.9922411888234334
hm-m05-g2-L5p3-n2-beta2__N0080__Aminus_0p02,hm-m05-g2-L5p3-n2-beta2__N0080__Aplus_0p02,hm-m05-g2-L5p3-n2-beta2,80,-0.02,15,0.99375,0.9921839403909312,0.9934254041700878
hm-m05-g2-L5p3-n2-beta2__N0080__Aminus_0p02,hm-m05-g2-L5p3-n2-beta2__N0080__Aplus_0p02,hm-m05-g2-L5p3-n2-beta2,80,-0.02,16,1.06,0.993662859884509,0.9946491054217026
hm-m05-g2-L5p3-n2-beta2__N0080__Aminus_0p02,hm-m05-g2-L5p3-n2-beta2__N0080__Aplus_0p02,hm-m05-g2-L5p3-n2-beta2,80,-0.02,17,1.12625,0.9951788251548319,0.9959047732087842
hm-m05-g2-L5p3-n2-beta2__N0080__Aminus_0p02,hm-m05-g2-L5p3-n2-beta2__N0080__Aplus_0p02,hm-m05-g2-L5p3-n2-beta2,80,-0.02,18,1.1925000000000001,0.9967224035179307,0.9971846856467954
hm-m05-g2-L5p3-n2-beta2__N0080__Aminus_0p02,hm-m05-g2-L5p3-n2-beta2__N0080__Aplus_0p02,hm-m05-g2-L5p3-n2-beta2,80,-0.02,19,1.25875,0.9982840131300037,0.9984809654956597
hm-m05-g2-L5p3-n2-beta2__N0080__Aminus_0p02,hm-m05-g2-L5p3-n2-beta2__N0080__Aplus_0p02,hm-m05-g2-L5p3-n2-beta2,80,-0.02,20,1.3250000000000002,0.9998539838239864,0.9997856284303067
hm-m05-g2-L5p3-n2-beta2__N0080__Aminus_0p02,hm-m05-g2-L5p3-n2-beta2__N0080__Aplus_0p02,hm-m05-g2-L5p3-n2-beta2,80,-0.02,21,1.39125,1.0014226179458718,1.0010906321294033
hm-m05-g2-L5p3-n2-beta2__N0080__Aminus_0p02,hm-m05-g2-L5p3-n2-beta2__N0080__Aplus_0p02,hm-m05-g2-L5p3-n2-beta2,80,-0.02,22,1.4575,1.00298025077598,1.002387925880156
hm-m05-g2-L5p3-n2-beta2__N0080__Aminus_0p02,hm-m05-g2-L5p3-n2-beta2__N0080__Aplus_0p02,hm-m05-g2-L5p3-n2-beta2,80,-0.02,23,1.5237500000000002,1.0045173101369758,1.0036695003898082
hm-m05-g2-L5p3-n2-beta2__N0080__Aminus_0p02,hm-m05-g2-L5p3-n2-beta2__N0080__Aplus_0p02,hm-m05-g2-L5p3-n2-beta2,80,-0.02,24,1.59,1.006024374810683,1.0049274374893609
hm-m05-g2-L5p3-n2-beta2__N0080__Aminus_0p02,hm-m05-g2-L5p3-n2-beta2__N0080__Aplus_0p02,hm-m05-g2-L5p3-n2-beta2,80,-0.02,25,1.65625,1.0074922314091257,1.0061539594122355
hm-m05-g2-L5p3-n2-beta2__N0080__Aminus_0p02,hm-m05-g2-L5p3-n2-beta2__N0080__Aplus_0p02,hm-m05-g2-L5p3-n2-beta2,80,-0.02,26,1.7225000000000001,1.0089119293711477,1.0073414773301768
hm-m05-g2-L5p3-n2-beta2__N0080__Aminus_0p02,hm-m05-g2-L5p3-n2-beta2__N0080__Aplus_0p02,hm-m05-g2-L5p3-n2-beta2,80,-0.02,27,1.78875,1.0102748337837875,1.0084826388307004
hm-m05-g2-L5p3-n2-beta2__N0080__Aminus_0p02,hm-m05-g2-L5p3-n2-beta2__N0080__Aplus_0p02,hm-m05-g2-L5p3-n2-beta2,80,-0.02,28,1.855,1.0115726757566401,1.0095703740248838
hm-m05-g2-L5p3-n2-beta2__N0080__Aminus_0p02,hm-m05-g2-L5p3-n2-beta2__N0080__Aplus_0p02,hm-m05-g2-L5p3-n2-beta2,80,-0.02,29,1.9212500000000001,1.012797600107052,1.010597939981233
hm-m05-g2-L5p3-n2-beta2__N0080__Aminus_0p02,hm-m05-g2-L5p3-n2-beta2__N0080__Aplus_0p02,hm-m05-g2-L5p3-n2-beta2,80,-0.02,30,1.9875,1.0139422101434992,1.0115589631907178
hm-m05-g2-L5p3-n2-beta2__N0080__Aminus_0p02,hm-m05-g2-L5p3-n2-beta2__N0080__Aplus_0p02,hm-m05-g2-L5p3-n2-beta2,80,-0.02,31,2.05375,1.014999609363276,1.01244747977977
hm-m05-g2-L5p3-n2-beta2__N0080__Aminus_0p02,hm-m05-g2-L5p3-n2-beta2__N0080__Aplus_0p02,hm-m05-g2-L5p3-n2-beta2,80,-0.02,32,2.12,1.0159634399081114,1.013257973201974
hm-m05-g2-L5p3-n2-beta2__N0080__Aminus_0p02,hm-m05-g2-L5p3-n2-beta2__N0080__Aplus_0p02,hm-m05-g2-L5p3-n2-beta2,80,-0.02,33,2.1862500000000002,1.0168279176470223,1.0139854091552398
hm-m05-g2-L5p3-n2-beta2__N0080__Aminus_0p02,hm-m05-g2-L5p3-n2-beta2__N0080__Aplus_0p02,hm-m05-g2-L5p3-n2-beta2,80,-0.02,34,2.2525,1.0175878637792675,1.0146252674892746
hm-m05-g2-L5p3-n2-beta2__N0080__Aminus_0p02,hm-m05-g2-L5p3-n2-beta2__N0080__Aplus_0p02,hm-m05-g2-L5p3-n2-beta2,80,-0.02,35,2.31875,1.0182387328713285,1.0151735708880005
hm-m05-g2-L5p3-n2-beta2__N0080__Aminus_0p02,hm-m05-g2-L5p3-n2-beta2__N0080__Aplus_0p02,hm-m05-g2-L5p3-n2-beta2,80,-0.02,36,2.3850000000000002,1.0187766372603164,1.0156269101330329
hm-m05-g2-L5p3-n2-beta2__N0080__Aminus_0p02,hm-m05-g2-L5p3-n2-beta2__N0080__Aplus_0p02,hm-m05-g2-L5p3-n2-beta2,80,-0.02,37,2.45125,1.019198367771972,1.0159824657772485
hm-m05-g2-L5p3-n2-beta2__N0080__Aminus_0p02,hm-m05-g2-L5p3-n2-beta2__N0080__Aplus_0p02,hm-m05-g2-L5p3-n2-beta2,80,-0.02,38,2.5175,1.0195014107146174,1.0162380260816501
hm-m05-g2-L5p3-n2-beta2__N0080__Aminus_0p02,hm-m05-g2-L5p3-n2-beta2__N0080__Aplus_0p02,hm-m05-g2-L5p3-n2-beta2,80,-0.02,39,2.58375,1.0196839611211503,1.0163920010939704
hm-m05-g2-L5p3-n2-beta2__N0080__Aminus_0p02,hm-m05-g2-L5p3-n2-beta2__N0080__Aplus_0p02,hm-m05-g2-L5p3-n2-beta2,80,-0.02,40,2.6500000000000004,1.0197449322197945,1.0164434327735692
hm-m05-g2-L5p3-n2-beta2__N0080__Aminus_0p02,hm-m05-g2-L5p3-n2-beta2__N0080__Aplus_0p02,hm-m05-g2-L5p3-n2-beta2,80,-0.02,41,2.71625,1.0196839611211506,1.0163920010939704
hm-m05-g2-L5p3-n2-beta2__N0080__Aminus_0p02,hm-m05-g2-L5p3-n2-beta2__N0080__Aplus_0p02,hm-m05-g2-L5p3-n2-beta2,80,-0.02,42,2.7825,1.0195014107146179,1.0162380260816501
hm-m05-g2-L5p3-n2-beta2__N0080__Aminus_0p02,hm-m05-g2-L5p3-n2-beta2__N0080__Aplus_0p02,hm-m05-g2-L5p3-n2-beta2,80,-0.02,43,2.8487500000000003,1.0191983677719727,1.0159824657772483
hm-m05-g2-L5p3-n2-beta2__N0080__Aminus_0p02,hm-m05-g2-L5p3-n2-beta2__N0080__Aplus_0p02,hm-m05-g2-L5p3-n2-beta2,80,-0.02,44,2.915,1.018776637260317,1.0156269101330326
hm-m05-g2-L5p3-n2-beta2__N0080__Aminus_0p02,hm-m05-g2-L5p3-n2-beta2__N0080__Aplus_0p02,hm-m05-g2-L5p3-n2-beta2,80,-0.02,45,2.98125,1.0182387328713294,1.015173570888
hm-m05-g2-L5p3-n2-beta2__N0080__Aminus_0p02,hm-m05-g2-L5p3-n2-beta2__N0080__Aplus_0p02,hm-m05-g2-L5p3-n2-beta2,80,-0.02,46,3.0475000000000003,1.0175878637792684,1.0146252674892737
hm-m05-g2-L5p3-n2-beta2__N0080__Aminus_0p02,hm-m05-g2-L5p3-n2-beta2__N0080__Aplus_0p02,hm-m05-g2-L5p3-n2-beta2,80,-0.02,47,3.11375,1.0168279176470236,1.0139854091552387
hm-m05-g2-L5p3-n2-beta2__N0080__Aminus_0p02,hm-m05-g2-L5p3-n2-beta2__N0080__Aplus_0p02,hm-m05-g2-L5p3-n2-beta2,80,-0.02,48,3.18,1.0159634399081128,1.013257973201973
hm-m05-g2-L5p3-n2-beta2__N0080__Aminus_0p02,hm-m05-g2-L5p3-n2-beta2__N0080__Aplus_0p02,hm-m05-g2-L5p3-n2-beta2,80,-0.02,49,3.2462500000000003,1.0149996093632776,1.0124474797797691
hm-m05-g2-L5p3-n2-beta2__N0080__Aminus_0p02,hm-m05-g2-L5p3-n2-beta2__N0080__Aplus_0p02,hm-m05-g2-L5p3-n2-beta2,80,-0.02,50,3.3125,1.0139422101435005,1.0115589631907165
hm-m05-g2-L5p3-n2-beta2__N0080__Aminus_0p02,hm-m05-g2-L5p3-n2-beta2__N0080__Aplus_0p02,hm-m05-g2-L5p3-n2-beta2,80,-0.02,51,3.37875,1.0127976001070536,1.0105979399812315
hm-m05-g2-L5p3-n2-beta2__N0080__Aminus_0p02,hm-m05-g2-L5p3-n2-beta2__N0080__Aplus_0p02,hm-m05-g2-L5p3-n2-beta2,80,-0.02,52,3.4450000000000003,1.0115726757566414,1.0095703740248825
hm-m05-g2-L5p3-n2-beta2__N0080__Aminus_0p02,hm-m05-g2-L5p3-n2-beta2__N0080__Aplus_0p02,hm-m05-g2-L5p3-n2-beta2,80,-0.02,53,3.51125,1.0102748337837888,1.008482638830699
hm-m05-g2-L5p3-n2-beta2__N0080__Aminus_0p02,hm-m05-g2-L5p3-n2-beta2__N0080__Aplus_0p02,hm-m05-g2-L5p3-n2-beta2,80,-0.02,54,3.5775,1.008911929371149,1.0073414773301754
hm-m05-g2-L5p3-n2-beta2__N0080__Aminus_0p02,hm-m05-g2-L5p3-n2-beta2__N0080__Aplus_0p02,hm-m05-g2-L5p3-n2-beta2,80,-0.02,55,3.6437500000000003,1.0074922314091268,1.006153959412234
hm-m05-g2-L5p3-n2-beta2__N0080__Aminus_0p02,hm-m05-g2-L5p3-n2-beta2__N0080__Aplus_0p02,hm-m05-g2-L5p3-n2-beta2,80,-0.02,56,3.71,1.0060243748106839,1.004927437489359
hm-m05-g2-L5p3-n2-beta2__N0080__Aminus_0p02,hm-m05-g2-L5p3-n2-beta2__N0080__Aplus_0p02,hm-m05-g2-L5p3-n2-beta2,80,-0.02,57,3.77625,1.0045173101369766,1.0036695003898066
hm-m05-g2-L5p3-n2-beta2__N0080__Aminus_0p02,hm-m05-g2-L5p3-n2-beta2__N0080__Aplus_0p02,hm-m05-g2-L5p3-n2-beta2,80,-0.02,58,3.8425000000000002,1.0029802507759804,1.0023879258801545
hm-m05-g2-L5p3-n2-beta2__N0080__Aminus_0p02,hm-m05-g2-L5p3-n2-beta2__N0080__Aplus_0p02,hm-m05-g2-L5p3-n2-beta2,80,-0.02,59,3.9087500000000004,1.001422617945872,1.001090632129402
hm-m05-g2-L5p3-n2-beta2__N0080__Aminus_0p02,hm-m05-g2-L5p3-n2-beta2__N0080__Aplus_0p02,hm-m05-g2-L5p3-n2-beta2,80,-0.02,60,3.975,0.9998539838239863,0.9997856284303053
hm-m05-g2-L5p3-n2-beta2__N0080__Aminus_0p02,hm-m05-g2-L5p3-n2-beta2__N0080__Aplus_0p02,hm-m05-g2-L5p3-n2-beta2,80,-0.02,61,4.04125,0.9982840131300035,0.9984809654956583
hm-m05-g2-L5p3-n2-beta2__N0080__Aminus_0p02,hm-m05-g2-L5p3-n2-beta2__N0080__Aplus_0p02,hm-m05-g2-L5p3-n2-beta2,80,-0.02,62,4.1075,0.9967224035179303,0.997184685646794
hm-m05-g2-L5p3-n2-beta2__N0080__Aminus_0p02,hm-m05-g2-L5p3-n2-beta2__N0080__Aplus_0p02,hm-m05-g2-L5p3-n2-beta2,80,-0.02,63,4.17375,0.9951788251548311,0.9959047732087829
hm-m05-g2-L5p3-n2-beta2__N0080__Aminus_0p02,hm-m05-g2-L5p3-n2-beta2__N0080__Aplus_0p02,hm-m05-g2-L5p3-n2-beta2,80,-0.02,64,4.24,0.9936628598845081,0.9946491054217014
hm-m05-g2-L5p3-n2-beta2__N0080__Aminus_0p02,hm-m05-g2-L5p3-n2-beta2__N0080__Aplus_0p02,hm-m05-g2-L5p3-n2-beta2,80,-0.02,65,4.30625,0.9921839403909299,0.9934254041700867
hm-m05-g2-L5p3-n2-beta2__N0080__Aminus_0p02,hm-m05-g2-L5p3-n2-beta2__N0080__Aplus_0p02,hm-m05-g2-L5p3-n2-beta2,80,-0.02,66,4.3725000000000005,0.9907512897887227,0.9922411888234325
hm-m05-g2-L5p3-n2-beta2__N0080__Aminus_0p02,hm-m05-g2-L5p3-n2-beta2__N0080__Aplus_0p02,hm-m05-g2-L5p3-n2-beta2,80,-0.02,67,4.438750000000001,0.9893738620761069,0.9911037304694821
hm-m05-g2-L5p3-n2-beta2__N0080__Aminus_0p02,hm-m05-g2-L5p3-n2-beta2__N0080__Aplus_0p02,hm-m05-g2-L5p3-n2-beta2,80,-0.02,68,4.505,0.9880602838890833,0.9900200078093628
hm-m05-g2-L5p3-n2-beta2__N0080__Aminus_0p02,hm-m05-g2-L5p3-n2-beta2__N0080__Aplus_0p02,hm-m05-g2-L5p3-n2-beta2,80,-0.02,69,4.57125,0.9868187979942619,0.9889966649694591
hm-m05-g2-L5p3-n2-beta2__N0080__Aminus_0p02,hm-m05-g2-L5p3-n2-beta2__N0080__Aplus_0p02,hm-m05-g2-L5p3-n2-beta2,80,-0.02,70,4.6375,0.9856572089514912,0.9880399714696009
hm-m05-g2-L5p3-n2-beta2__N0080__Aminus_0p02,hm-m05-g2-L5p3-n2-beta2__N0080__Aplus_0p02,hm-m05-g2-L5p3-n2-beta2,80,-0.02,71,4.70375,0.9845828313664291,0.9871557845708262
hm-m05-g2-L5p3-n2-beta2__N0080__Aminus_0p02,hm-m05-g2-L5p3-n2-beta2__N0080__Aplus_0p02,hm-m05-g2-L5p3-n2-beta2,80,-0.02,72,4.7700000000000005,0.9836024411375508,0.9863495142089151
hm-m05-g2-L5p3-n2-beta2__N0080__Aminus_0p02,hm-m05-g2-L5p3-n2-beta2__N0080__Aplus_0p02,hm-m05-g2-L5p3-n2-beta2,80,-0.02,73,4.836250000000001,0.9827222300820576,0.9856260907022543
hm-m05-g2-L5p3-n2-beta2__N0080__Aminus_0p02,hm-m05-g2-L5p3-n2-beta2__N0080__Aplus_0p02,hm-m05-g2-L5p3-n2-beta2,80,-0.02,74,4.9025,0.9819477643010112,0.9849899354045875
hm-m05-g2-L5p3-n2-beta2__N0080__Aminus_0p02,hm-m05-g2-L5p3-n2-beta2__N0080__Aplus_0p02,hm-m05-g2-L5p3-n2-beta2,80,-0.02,75,4.96875,0.9812839466161231,0.984444934454985
hm-m05-g2-L5p3-n2-beta2__N0080__Aminus_0p02,hm-m05-g2-L5p3-n2-beta2__N0080__Aplus_0p02,hm-m05-g2-L5p3-n2-beta2,80,-0.02,76,5.035,0.9807349833793582,0.9839944157590493
hm-m05-g2-L5p3-n2-beta2__N0080__Aminus_0p02,hm-m05-g2-L5p3-n2-beta2__N0080__Aplus_0p02,hm-m05-g2-L5p3-n2-beta2,80,-0.02,77,5.10125,0.9803043559222613,0.9836411293170998
hm-m05-g2-L5p3-n2-beta2__N0080__Aminus_0p02,hm-m05-g2-L5p3-n2-beta2__N0080__Aplus_0p02,hm-m05-g2-L5p3-n2-beta2,80,-0.02,78,5.1675,0.9799947968751014,0.9833872309968801
hm-m05-g2-L5p3-n2-beta2__N0080__Aminus_0p02,hm-m05-g2-L5p3-n2-beta2__N0080__Aplus_0p02,hm-m05-g2-L5p3-n2-beta2,80,-0.02,79,5.233750000000001,0.9798082715469703,0.9832342698302958
hm-m05-g2-L5p3-n2-beta2__N0080__Aminus_0p02,hm-m05-g2-L5p3-n2-beta2__N0080__Aplus_0p02,hm-m05-g2-L5p3-n2-beta2,80,-0.02,80,5.3,0.9797459645172674,0.9831831788957979
hm-m05-g2-L5p3-n2-beta2__N0080__Aminus_0p01,hm-m05-g2-L5p3-n2-beta2__N0080__Aplus_0p01,hm-m05-g2-L5p3-n2-beta2,80,-0.01,0,0.0,0.9899364147956252,0.9916367876526774
hm-m05-g2-L5p3-n2-beta2__N0080__Aminus_0p01,hm-m05-g2-L5p3-n2-beta2__N0080__Aplus_0p01,hm-m05-g2-L5p3-n2-beta2,80,-0.01,1,0.06625,0.9899674069305615,0.9916623817734749
hm-m05-g2-L5p3-n2-beta2__N0080__Aminus_0p01,hm-m05-g2-L5p3-n2-beta2__N0080__Aplus_0p01,hm-m05-g2-L5p3-n2-beta2,80,-0.01,2,0.1325,0.9900601892596017,0.9917390071508398
hm-m05-g2-L5p3-n2-beta2__N0080__Aminus_0p01,hm-m05-g2-L5p3-n2-beta2__N0080__Aplus_0p01,hm-m05-g2-L5p3-n2-beta2,80,-0.01,3,0.19875,0.9902141808230781,0.9918661937767713
hm-m05-g2-L5p3-n2-beta2__N0080__Aminus_0p01,hm-m05-g2-L5p3-n2-beta2__N0080__Aplus_0p01,hm-m05-g2-L5p3-n2-beta2,80,-0.01,4,0.265,0.9904284175709259,0.9920431614562577
hm-m05-g2-L5p3-n2-beta2__N0080__Aminus_0p01,hm-m05-g2-L5p3-n2-beta2__N0080__Aplus_0p01,hm-m05-g2-L5p3-n2-beta2,80,-0.01,5,0.33125000000000004,0.9907015586539046,0.9922688245162876
hm-m05-g2-L5p3-n2-beta2__N0080__Aminus_0p01,hm-m05-g2-L5p3-n2-beta2__N0080__Aplus_0p01,hm-m05-g2-L5p3-n2-beta2,80,-0.01,6,0.3975,0.9910318951659237,0.9925417983615793
hm-m05-g2-L5p3-n2-beta2__N0080__Aminus_0p01,hm-m05-g2-L5p3-n2-beta2__N0080__Aplus_0p01,hm-m05-g2-L5p3-n2-beta2,80,-0.01,7,0.46375,0.9914173612728258,0.9928604078402794
hm-m05-g2-L5p3-n2-beta2__N0080__Aminus_0p01,hm-m05-g2-L5p3-n2-beta2__N0080__Aplus_0p01,hm-m05-g2-L5p3-n2-beta2,80,-0.01,8,0.53,0.9918555476455599,0.9932226973725925
hm-m05-g2-L5p3-n2-beta2__N0080__Aminus_0p01,hm-m05-g2-L5p3-n2-beta2__N0080__Aplus_0p01,hm-m05-g2-L5p3-n2-beta2,80,-0.01,9,0.5962500000000001,0.9923437170990266,0.9936264427851653
hm-m05-g2-L5p3-n2-beta2__N0080__Aminus_0p01,hm-m05-g2-L5p3-n2-beta2__N0080__Aplus_0p01,hm-m05-g2-L5p3-n2-beta2,80,-0.01,10,0.6625000000000001,0.9928788223221539,0.9940691647841181
hm-m05-g2-L5p3-n2-beta2__N0080__Aminus_0p01,hm-m05-g2-L5p3-n2-beta2__N0080__Aplus_0p01,hm-m05-g2-L5p3-n2-beta2,80,-0.01,11,0.72875,0.9934575255701208,0.9945481439899333
hm-m05-g2-L5p3-n2-beta2__N0080__Aminus_0p01,hm-m05-g2-L5p3-n2-beta2__N0080__Aplus_0p01,hm-m05-g2-L5p3-n2-beta2,80,-0.01,12,0.795,0.99407622017621,0.9950604374480273
hm-m05-g2-L5p3-n2-beta2__N0080__Aminus_0p01,hm-m05-g2-L5p3-n2-beta2__N0080__Aplus_0p01,hm-m05-g2-L5p3-n2-beta2,80,-0.01,13,0.8612500000000001,0.994731053728671,0.9956028965197968
hm-m05-g2-L5p3-n2-beta2__N0080__Aminus_0p01,hm-m05-g2-L5p3-n2-beta2__N0080__Aplus_0p01,hm-m05-g2-L5p3-n2-beta2,80,-0.01,14,0.9275,0.995417952747314,0.9961721860503083
hm-m05-g2-L5p3-n2-beta2__N0080__Aminus_0p01,hm-m05-g2-L5p3-n2-beta2__N0080__Aplus_0p01,hm-m05-g2-L5p3-n2-beta2,80,-0.01,15,0.99375,0.9961326486854241,0.9967648047006399
hm-m05-g2-L5p3-n2-beta2__N0080__Aminus_0p01,hm-m05-g2-L5p3-n2-beta2__N0080__Aplus_0p01,hm-m05-g2-L5p3-n2-beta2,80,-0.01,16,1.06,0.9968707050750447,0.9973771063252597
hm-m05-g2-L5p3-n2-beta2__N0080__Aminus_0p01,hm-m05-g2-L5p3-n2-beta2__N0080__Aplus_0p01,hm-m05-g2-L5p3-n2-beta2,80,-0.01,17,1.12625,0.9976275456277909,0.9980053222677872
hm-m05-g2-L5p3-n2-beta2__N0080__Aminus_0p01,hm-m05-g2-L5p3-n2-beta2__N0080__Aplus_0p01,hm-m05-g2-L5p3-n2-beta2,80,-0.01,18,1.1925000000000001,0.998398483099124,0.9986455844421039
hm-m05-g2-L5p3-n2-beta2__N0080__Aminus_0p01,hm-m05-g2-L5p3-n2-beta2__N0080__Aplus_0p01,hm-m05-g2-L5p3-n2-beta2,80,-0.01,19,1.25875,0.9991787487214737,0.9992939490601167
hm-m05-g2-L5p3-n2-beta2__N0080__Aminus_0p01,hm-m05-g2-L5p3-n2-beta2__N0080__Aplus_0p01,hm-m05-g2-L5p3-n2-beta2,80,-0.01,20,1.3250000000000002,0.999963522010677,0.9999464208625863
hm-m05-g2-L5p3-n2-beta2__N0080__Aminus_0p01,hm-m05-g2-L5p3-n2-beta2__N0080__Aplus_0p01,hm-m05-g2-L5p3-n2-beta2,80,-0.01,21,1.39125,1.0007479607509135,1.000598977705383
hm-m05-g2-L5p3-n2-beta2__N0080__Aminus_0p01,hm-m05-g2-L5p3-n2-beta2__N0080__Aplus_0p01,hm-m05-g2-L5p3-n2-beta2,80,-0.01,22,1.4575,1.001527230965538,1.001247595350358
hm-m05-g2-L5p3-n2-beta2__N0080__Aminus_0p01,hm-m05-g2-L5p3-n2-beta2__N0080__Aplus_0p01,hm-m05-g2-L5p3-n2-beta2,80,-0.01,23,1.5237500000000002,1.0022965366848942,1.0018882723077804
hm-m05-g2-L5p3-n2-beta2__N0080__Aminus_0p01,hm-m05-g2-L5p3-n2-beta2__N0080__Aplus_0p01,hm-m05-g2-L5p3-n2-beta2,80,-0.01,24,1.59,1.0030511493272016,1.0025170545760218
hm-m05-g2-L5p3-n2-beta2__N0080__Aminus_0p01,hm-m05-g2-L5p3-n2-beta2__N0080__Aplus_0p01,hm-m05-g2-L5p3-n2-beta2,80,-0.01,25,1.65625,1.0037864365148406,1.0031300601238942
hm-m05-g2-L5p3-n2-beta2__N0080__Aminus_0p01,hm-m05-g2-L5p3-n2-beta2__N0080__Aplus_0p01,hm-m05-g2-L5p3-n2-beta2,80,-0.01,26,1.7225000000000001,1.0044978901556463,1.003723502961813
hm-m05-g2-L5p3-n2-beta2__N0080__Aminus_0p01,hm-m05-g2-L5p3-n2-beta2__N0080__Aplus_0p01,hm-m05-g2-L5p3-n2-beta2,80,-0.01,27,1.78875,1.0051811536270594,1.0042937166497345
hm-m05-g2-L5p3-n2-beta2__N0080__Aminus_0p01,hm-m05-g2-L5p3-n2-beta2__N0080__Aplus_0p01,hm-m05-g2-L5p3-n2-beta2,80,-0.01,28,1.855,1.0058320479099723,1.004837177092664
hm-m05-g2-L5p3-n2-beta2__N0080__Aminus_0p01,hm-m05-g2-L5p3-n2-beta2__N0080__Aplus_0p01,hm-m05-g2-L5p3-n2-beta2,80,-0.01,29,1.9212500000000001,1.0064465965287268,1.0053505244783874
hm-m05-g2-L5p3-n2-beta2__N0080__Aminus_0p01,hm-m05-g2-L5p3-n2-beta2__N0080__Aplus_0p01,hm-m05-g2-L5p3-n2-beta2,80,-0.01,30,1.9875,1.007021049163804,1.0058305842169777
hm-m05-g2-L5p3-n2-beta2__N0080__Aminus_0p01,hm-m05-g2-L5p3-n2-beta2__N0080__Aplus_0p01,hm-m05-g2-L5p3-n2-beta2,80,-0.01,31,2.05375,1.0075519038141523,1.0062743867475044
hm-m05-g2-L5p3-n2-beta2__N0080__Aminus_0p01,hm-m05-g2-L5p3-n2-beta2__N0080__Aplus_0p01,hm-m05-g2-L5p3-n2-beta2,80,-0.01,32,2.12,1.0080359273966897,1.0066791860842204
hm-m05-g2-L5p3-n2-beta2__N0080__Aminus_0p01,hm-m05-g2-L5p3-n2-beta2__N0080__Aplus_0p01,hm-m05-g2-L5p3-n2-beta2,80,-0.01,33,2.1862500000000002,1.0084701746811815,1.0070424769822635
hm-m05-g2-L5p3-n2-beta2__N0080__Aminus_0p01,hm-m05-g2-L5p3-n2-beta2__N0080__Aplus_0p01,hm-m05-g2-L5p3-n2-beta2,80,-0.01,34,2.2525,1.0088520054693122,1.0073620106115313
hm-m05-g2-L5p3-n2-beta2__N0080__Aminus_0p01,hm-m05-g2-L5p3-n2-beta2__N0080__Aplus_0p01,hm-m05-g2-L5p3-n2-beta2,80,-0.01,35,2.31875,1.009179099937275,1.0076358086368258
hm-m05-g2-L5p3-n2-beta2__N0080__Aminus_0p01,hm-m05-g2-L5p3-n2-beta2__N0080__Aplus_0p01,hm-m05-g2-L5p3-n2-beta2,80,-0.01,36,2.3850000000000002,1.0094494720715204,1.0078621756125241
hm-m05-g2-L5p3-n2-beta2__N0080__Aminus_0p01,hm-m05-g2-L5p3-n2-beta2__N0080__Aplus_0p01,hm-m05-g2-L5p3-n2-beta2,80,-0.01,37,2.45125,1.009661481137388,1.0080397096108824
hm-m05-g2-L5p3-n2-beta2__N0080__Aminus_0p01,hm-m05-g2-L5p3-n2-beta2__N0080__Aplus_0p01,hm-m05-g2-L5p3-n2-beta2,80,-0.01,38,2.5175,1.009813841130193,1.0081673110144898
hm-m05-g2-L5p3-n2-beta2__N0080__Aminus_0p01,hm-m05-g2-L5p3-n2-beta2__N0080__Aplus_0p01,hm-m05-g2-L5p3-n2-beta2,80,-0.01,39,2.58375,1.0099056281679135,1.0082441894153304
hm-m05-g2-L5p3-n2-beta2__N0080__Aminus_0p01,hm-m05-g2-L5p3-n2-beta2__N0080__Aplus_0p01,hm-m05-g2-L5p3-n2-beta2,80,-0.01,40,2.6500000000000004,1.0099362857939935,1.0082698685752536
hm-m05-g2-L5p3-n2-beta2__N0080__Aminus_0p01,hm-m05-g2-L5p3-n2-beta2__N0080__Aplus_0p01,hm-m05-g2-L5p3-n2-beta2,80,-0.01,41,2.71625,1.0099056281679135,1.0082441894153302
hm-m05-g2-L5p3-n2-beta2__N0080__Aminus_0p01,hm-m05-g2-L5p3-n2-beta2__N0080__Aplus_0p01,hm-m05-g2-L5p3-n2-beta2,80,-0.01,42,2.7825,1.009813841130193,1.0081673110144893
hm-m05-g2-L5p3-n2-beta2__N0080__Aminus_0p01,hm-m05-g2-L5p3-n2-beta2__N0080__Aplus_0p01,hm-m05-g2-L5p3-n2-beta2,80,-0.01,43,2.8487500000000003,1.0096614811373883,1.0080397096108815
hm-m05-g2-L5p3-n2-beta2__N0080__Aminus_0p01,hm-m05-g2-L5p3-n2-beta2__N0080__Aplus_0p01,hm-m05-g2-L5p3-n2-beta2,80,-0.01,44,2.915,1.0094494720715206,1.007862175612523
hm-m05-g2-L5p3-n2-beta2__N0080__Aminus_0p01,hm-m05-g2-L5p3-n2-beta2__N0080__Aplus_0p01,hm-m05-g2-L5p3-n2-beta2,80,-0.01,45,2.98125,1.0091790999372752,1.007635808636824
hm-m05-g2-L5p3-n2-beta2__N0080__Aminus_0p01,hm-m05-g2-L5p3-n2-beta2__N0080__Aplus_0p01,hm-m05-g2-L5p3-n2-beta2,80,-0.01,46,3.0475000000000003,1.0088520054693124,1.007362010611529
hm-m05-g2-L5p3-n2-beta2__N0080__Aminus_0p01,hm-m05-g2-L5p3-n2-beta2__N0080__Aplus_0p01,hm-m05-g2-L5p3-n2-beta2,80,-0.01,47,3.11375,1.0084701746811817,1.0070424769822606
hm-m05-g2-L5p3-n2-beta2__N0080__Aminus_0p01,hm-m05-g2-L5p3-n2-beta2__N0080__Aplus_0p01,hm-m05-g2-L5p3-n2-beta2,80,-0.01,48,3.18,1.00803592739669,1.0066791860842172
hm-m05-g2-L5p3-n2-beta2__N0080__Aminus_0p01,hm-m05-g2-L5p3-n2-beta2__N0080__Aplus_0p01,hm-m05-g2-L5p3-n2-beta2,80,-0.01,49,3.2462500000000003,1.0075519038141525,1.0062743867475008
hm-m05-g2-L5p3-n2-beta2__N0080__Aminus_0p01,hm-m05-g2-L5p3-n2-beta2__N0080__Aplus_0p01,hm-m05-g2-L5p3-n2-beta2,80,-0.01,50,3.3125,1.0070210491638043,1.0058305842169735
hm-m05-g2-L5p3-n2-beta2__N0080__Aminus_0p01,hm-m05-g2-L5p3-n2-beta2__N0080__Aplus_0p01,hm-m05-g2-L5p3-n2-beta2,80,-0.01,51,3.37875,1.0064465965287268,1.0053505244783827
hm-m05-g2-L5p3-n2-beta2__N0080__Aminus_0p01,hm-m05-g2-L5p3-n2-beta2__N0080__Aplus_0p01,hm-m05-g2-L5p3-n2-beta2,80,-0.01,52,3.4450000000000003,1.005832047909972,1.004837177092659
hm-m05-g2-L5p3-n2-beta2__N0080__Aminus_0p01,hm-m05-g2-L5p3-n2-beta2__N0080__Aplus_0p01,hm-m05-g2-L5p3-n2-beta2,80,-0.01,53,3.51125,1.005181153627059,1.004293716649729
hm-m05-g2-L5p3-n2-beta2__N0080__Aminus_0p01,hm-m05-g2-L5p3-n2-beta2__N0080__Aplus_0p01,hm-m05-g2-L5p3-n2-beta2,80,-0.01,54,3.5775,1.0044978901556456,1.003723502961807
hm-m05-g2-L5p3-n2-beta2__N0080__Aminus_0p01,hm-m05-g2-L5p3-n2-beta2__N0080__Aplus_0p01,hm-m05-g2-L5p3-n2-beta2,80,-0.01,55,3.6437500000000003,1.0037864365148397,1.0031300601238877
hm-m05-g2-L5p3-n2-beta2__N0080__Aminus_0p01,hm-m05-g2-L5p3-n2-beta2__N0080__Aplus_0p01,hm-m05-g2-L5p3-n2-beta2,80,-0.01,56,3.71,1.0030511493272003,1.002517054576015
hm-m05-g2-L5p3-n2-beta2__N0080__Aminus_0p01,hm-m05-g2-L5p3-n2-beta2__N0080__Aplus_0p01,hm-m05-g2-L5p3-n2-beta2,80,-0.01,57,3.77625,1.0022965366848924,1.0018882723077733
hm-m05-g2-L5p3-n2-beta2__N0080__Aminus_0p01,hm-m05-g2-L5p3-n2-beta2__N0080__Aplus_0p01,hm-m05-g2-L5p3-n2-beta2,80,-0.01,58,3.8425000000000002,1.0015272309655359,1.0012475953503506
hm-m05-g2-L5p3-n2-beta2__N0080__Aminus_0p01,hm-m05-g2-L5p3-n2-beta2__N0080__Aplus_0p01,hm-m05-g2-L5p3-n2-beta2,80,-0.01,59,3.9087500000000004,1.0007479607509109,1.0005989777053754
hm-m05-g2-L5p3-n2-beta2__N0080__Aminus_0p01,hm-m05-g2-L5p3-n2-beta2__N0080__Aplus_0p01,hm-m05-g2-L5p3-n2-beta2,80,-0.01,60,3.975,0.9999635220106738,0.9999464208625785
hm-m05-g2-L5p3-n2-beta2__N0080__Aminus_0p01,hm-m05-g2-L5p3-n2-beta2__N0080__Aplus_0p01,hm-m05-g2-L5p3-n2-beta2,80,-0.01,61,4.04125,0.9991787487214701,0.9992939490601085
hm-m05-g2-L5p3-n2-beta2__N0080__Aminus_0p01,hm-m05-g2-L5p3-n2-beta2__N0080__Aplus_0p01,hm-m05-g2-L5p3-n2-beta2,80,-0.01,62,4.1075,0.9983984830991197,0.9986455844420954
hm-m05-g2-L5p3-n2-beta2__N0080__Aminus_0p01,hm-m05-g2-L5p3-n2-beta2__N0080__Aplus_0p01,hm-m05-g2-L5p3-n2-beta2,80,-0.01,63,4.17375,0.9976275456277859,0.9980053222677783
hm-m05-g2-L5p3-n2-beta2__N0080__Aminus_0p01,hm-m05-g2-L5p3-n2-beta2__N0080__Aplus_0p01,hm-m05-g2-L5p3-n2-beta2,80,-0.01,64,4.24,0.9968707050750392,0.9973771063252507
hm-m05-g2-L5p3-n2-beta2__N0080__Aminus_0p01,hm-m05-g2-L5p3-n2-beta2__N0080__Aplus_0p01,hm-m05-g2-L5p3-n2-beta2,80,-0.01,65,4.30625,0.9961326486854177,0.9967648047006306
hm-m05-g2-L5p3-n2-beta2__N0080__Aminus_0p01,hm-m05-g2-L5p3-n2-beta2__N0080__Aplus_0p01,hm-m05-g2-L5p3-n2-beta2,80,-0.01,66,4.3725000000000005,0.995417952747307,0.9961721860502988
hm-m05-g2-L5p3-n2-beta2__N0080__Aminus_0p01,hm-m05-g2-L5p3-n2-beta2__N0080__Aplus_0p01,hm-m05-g2-L5p3-n2-beta2,80,-0.01,67,4.438750000000001,0.9947310537286634,0.995602896519787
hm-m05-g2-L5p3-n2-beta2__N0080__Aminus_0p01,hm-m05-g2-L5p3-n2-beta2__N0080__Aplus_0p01,hm-m05-g2-L5p3-n2-beta2,80,-0.01,68,4.505,0.9940762201762018,0.9950604374480173
hm-m05-g2-L5p3-n2-beta2__N0080__Aminus_0p01,hm-m05-g2-L5p3-n2-beta2__N0080__Aplus_0p01,hm-m05-g2-L5p3-n2-beta2,80,-0.01,69,4.57125,0.9934575255701119,0.994548143989923
hm-m05-g2-L5p3-n2-beta2__N0080__Aminus_0p01,hm-m05-g2-L5p3-n2-beta2__N0080__Aplus_0p01,hm-m05-g2-L5p3-n2-beta2,80,-0.01,70,4.6375,0.9928788223221444,0.9940691647841077
hm-m05-g2-L5p3-n2-beta2__N0080__Aminus_0p01,hm-m05-g2-L5p3-n2-beta2__N0080__Aplus_0p01,hm-m05-g2-L5p3-n2-beta2,80,-0.01,71,4.70375,0.9923437170990167,0.9936264427851547
hm-m05-g2-L5p3-n2-beta2__N0080__Aminus_0p01,hm-m05-g2-L5p3-n2-beta2__N0080__Aplus_0p01,hm-m05-g2-L5p3-n2-beta2,80,-0.01,72,4.7700000000000005,0.9918555476455495,0.9932226973725816
hm-m05-g2-L5p3-n2-beta2__N0080__Aminus_0p01,hm-m05-g2-L5p3-n2-beta2__N0080__Aplus_0p01,hm-m05-g2-L5p3-n2-beta2,80,-0.01,73,4.836250000000001,0.9914173612728149,0.9928604078402684
hm-m05-g2-L5p3-n2-beta2__N0080__Aminus_0p01,hm-m05-g2-L5p3-n2-beta2__N0080__Aplus_0p01,hm-m05-g2-L5p3-n2-beta2,80,-0.01,74,4.9025,0.9910318951659125,0.9925417983615683
hm-m05-g2-L5p3-n2-beta2__N0080__Aminus_0p01,hm-m05-g2-L5p3-n2-beta2__N0080__Aplus_0p01,hm-m05-g2-L5p3-n2-beta2,80,-0.01,75,4.96875,0.990701558653893,0.9922688245162766
hm-m05-g2-L5p3-n2-beta2__N0080__Aminus_0p01,hm-m05-g2-L5p3-n2-beta2__N0080__Aplus_0p01,hm-m05-g2-L5p3-n2-beta2,80,-0.01,76,5.035,0.9904284175709139,0.9920431614562465
hm-m05-g2-L5p3-n2-beta2__N0080__Aminus_0p01,hm-m05-g2-L5p3-n2-beta2__N0080__Aplus_0p01,hm-m05-g2-L5p3-n2-beta2,80,-0.01,77,5.10125,0.9902141808230659,0.99186619377676
hm-m05-g2-L5p3-n2-beta2__N0080__Aminus_0p01,hm-m05-g2-L5p3-n2-beta2__N0080__Aplus_0p01,hm-m05-g2-L5p3-n2-beta2,80,-0.01,78,5.1675,0.9900601892595894,0.9917390071508285
hm-m05-g2-L5p3-n2-beta2__N0080__Aminus_0p01,hm-m05-g2-L5p3-n2-beta2__N0080__Aplus_0p01,hm-m05-g2-L5p3-n2-beta2,80,-0.01,79,5.233750000000001,0.9899674069305491,0.9916623817734634
hm-m05-g2-L5p3-n2-beta2__N0080__Aminus_0p01,hm-m05-g2-L5p3-n2-beta2__N0080__Aplus_0p01,hm-m05-g2-L5p3-n2-beta2,80,-0.01,80,5.3,0.9899364147956128,0.9916367876526659
hm-m05-g2-L5p3-n2-beta2__N0080__Aminus_0p005,hm-m05-g2-L5p3-n2-beta2__N0080__Aplus_0p005,hm-m05-g2-L5p3-n2-beta2,80,-0.005,0,0.0,0.9949840948981691,0.9958298772636047
hm-m05-g2-L5p3-n2-beta2__N0080__Aminus_0p005,hm-m05-g2-L5p3-n2-beta2__N0080__Aplus_0p005,hm-m05-g2-L5p3-n2-beta2,80,-0.005,1,0.06625,0.9949995498367997,0.9958426857070506
hm-m05-g2-L5p3-n2-beta2__N0080__Aminus_0p005,hm-m05-g2-L5p3-n2-beta2__N0080__Aplus_0p005,hm-m05-g2-L5p3-n2-beta2,80,-0.005,2,0.1325,0.9950458186067391,0.9958810322685001
hm-m05-g2-L5p3-n2-beta2__N0080__Aminus_0p005,hm-m05-g2-L5p3-n2-beta2__N0080__Aplus_0p005,hm-m05-g2-L5p3-n2-beta2,80,-0.005,3,0.19875,0.9951226136806873,0.9959446811219139
hm-m05-g2-L5p3-n2-beta2__N0080__Aminus_0p005,hm-m05-g2-L5p3-n2-beta2__N0080__Aplus_0p005,hm-m05-g2-L5p3-n2-beta2,80,-0.005,4,0.265,0.9952294578774695,0.9960332408231417
hm-m05-g2-L5p3-n2-beta2__N0080__Aminus_0p005,hm-m05-g2-L5p3-n2-beta2__N0080__Aplus_0p005,hm-m05-g2-L5p3-n2-beta2,80,-0.005,5,0.33125000000000004,0.9953656873938658,0.9961461666988879
hm-m05-g2-L5p3-n2-beta2__N0080__Aminus_0p005,hm-m05-g2-L5p3-n2-beta2__N0080__Aplus_0p005,hm-m05-g2-L5p3-n2-beta2,80,-0.005,6,0.3975,0.99553045601998,0.9962827641715054
hm-m05-g2-L5p3-n2-beta2__N0080__Aminus_0p005,hm-m05-g2-L5p3-n2-beta2__N0080__Aplus_0p005,hm-m05-g2-L5p3-n2-beta2,80,-0.005,7,0.46375,0.9957227405092566,0.9964421929999675
hm-m05-g2-L5p3-n2-beta2__N0080__Aminus_0p005,hm-m05-g2-L5p3-n2-beta2__N0080__Aplus_0p005,hm-m05-g2-L5p3-n2-beta2,80,-0.005,8,0.53,0.9959413470664095,0.9966234724119373
hm-m05-g2-L5p3-n2-beta2__N0080__Aminus_0p005,hm-m05-g2-L5p3-n2-beta2__N0080__Aplus_0p005,hm-m05-g2-L5p3-n2-beta2,80,-0.005,9,0.5962500000000001,0.9961849189090063,0.9968254870965224
hm-m05-g2-L5p3-n2-beta2__N0080__Aminus_0p005,hm-m05-g2-L5p3-n2-beta2__N0080__Aplus_0p005,hm-m05-g2-L5p3-n2-beta2,80,-0.005,10,0.6625000000000001,0.996451944851286,0.9970469940221502
hm-m05-g2-L5p3-n2-beta2__N0080__Aminus_0p005,hm-m05-g2-L5p3-n2-beta2__N0080__Aplus_0p005,hm-m05-g2-L5p3-n2-beta2,80,-0.005,11,0.72875,0.9967407688520569,0.99728663003901
hm-m05-g2-L5p3-n2-beta2__N0080__Aminus_0p005,hm-m05-g2-L5p3-n2-beta2__N0080__Aplus_0p005,hm-m05-g2-L5p3-n2-beta2,80,-0.005,12,0.795,0.9970496004622671,0.9975429202207449
hm-m05-g2-L5p3-n2-beta2__N0080__Aminus_0p005,hm-m05-g2-L5p3-n2-beta2__N0080__Aplus_0p005,hm-m05-g2-L5p3-n2-beta2,80,-0.005,13,0.8612500000000001,0.99737652610211,0.9978142868955399
hm-m05-g2-L5p3-n2-beta2__N0080__Aminus_0p005,hm-m05-g2-L5p3-n2-beta2__N0080__Aplus_0p005,hm-m05-g2-L5p3-n2-beta2,80,-0.005,14,0.9275,0.9977195210923653,0.9980990593124938
hm-m05-g2-L5p3-n2-beta2__N0080__Aminus_0p005,hm-m05-g2-L5p3-n2-beta2__N0080__Aplus_0p005,hm-m05-g2-L5p3-n2-beta2,80,-0.005,15,0.99375,0.9980764623601119,0.9983954838851841
hm-m05-g2-L5p3-n2-beta2__N0080__Aminus_0p005,hm-m05-g2-L5p3-n2-beta2__N0080__Aplus_0p005,hm-m05-g2-L5p3-n2-beta2,80,-0.005,16,1.06,0.9984451417350226,0.9987017349506911
hm-m05-g2-L5p3-n2-beta2__N0080__Aminus_0p005,hm-m05-g2-L5p3-n2-beta2__N0080__Aplus_0p005,hm-m05-g2-L5p3-n2-beta2,80,-0.005,17,1.12625,0.9988232797491567,0.9990159259790343
hm-m05-g2-L5p3-n2-beta2__N0080__Aminus_0p005,hm-m05-g2-L5p3-n2-beta2__N0080__Aplus_0p005,hm-m05-g2-L5p3-n2-beta2,80,-0.005,18,1.1925000000000001,0.9992085398505588,0.9993361211650413
hm-m05-g2-L5p3-n2-beta2__N0080__Aminus_0p005,hm-m05-g2-L5p3-n2-beta2__N0080__Aplus_0p005,hm-m05-g2-L5p3-n2-beta2,80,-0.005,19,1.25875,0.9995985429390095,0.9996603473321247
hm-m05-g2-L5p3-n2-beta2__N0080__Aminus_0p005,hm-m05-g2-L5p3-n2-beta2__N0080__Aplus_0p005,hm-m05-g2-L5p3-n2-beta2,80,-0.005,20,1.3250000000000002,0.9999908821310014,0.9999866060753086
hm-m05-g2-L5p3-n2-beta2__N0080__Aminus_0p005,hm-m05-g2-L5p3-n2-beta2__N0080__Aplus_0p005,hm-m05-g2-L5p3-n2-beta2,80,-0.005,21,1.39125,1.0003831376603833,1.0003128860691488
hm-m05-g2-L5p3-n2-beta2__N0080__Aminus_0p005,hm-m05-g2-L5p3-n2-beta2__N0080__Aplus_0p005,hm-m05-g2-L5p3-n2-beta2,80,-0.005,22,1.4575,1.0007728918211474,1.000637175464937
hm-m05-g2-L5p3-n2-beta2__N0080__Aminus_0p005,hm-m05-g2-L5p3-n2-beta2__N0080__Aplus_0p005,hm-m05-g2-L5p3-n2-beta2,80,-0.005,23,1.5237500000000002,1.001157743859478,1.0009574743007883
hm-m05-g2-L5p3-n2-beta2__N0080__Aminus_0p005,hm-m05-g2-L5p3-n2-beta2__N0080__Aplus_0p005,hm-m05-g2-L5p3-n2-beta2,80,-0.005,24,1.59,1.0015353247234386,1.0012718068479003
hm-m05-g2-L5p3-n2-beta2__N0080__Aminus_0p005,hm-m05-g2-L5p3-n2-beta2__N0080__Aplus_0p005,hm-m05-g2-L5p3-n2-beta2,80,-0.005,25,1.65625,1.0019033115804832,1.001578233816423
hm-m05-g2-L5p3-n2-beta2__N0080__Aminus_0p005,hm-m05-g2-L5p3-n2-beta2__N0080__Aplus_0p005,hm-m05-g2-L5p3-n2-beta2,80,-0.005,26,1.7225000000000001,1.0022594420153395,1.0018748643450426
hm-m05-g2-L5p3-n2-beta2__N0080__Aminus_0p005,hm-m05-g2-L5p3-n2-beta2__N0080__Aplus_0p005,hm-m05-g2-L5p3-n2-beta2,80,-0.005,27,1.78875,1.0026015278236564,1.0021598676995032
hm-m05-g2-L5p3-n2-beta2__N0080__Aminus_0p005,hm-m05-g2-L5p3-n2-beta2__N0080__Aplus_0p005,hm-m05-g2-L5p3-n2-beta2,80,-0.005,28,1.855,1.0029274683201133,1.0024314846069193
hm-m05-g2-L5p3-n2-beta2__N0080__Aminus_0p005,hm-m05-g2-L5p3-n2-beta2__N0080__Aplus_0p005,hm-m05-g2-L5p3-n2-beta2,80,-0.005,29,1.9212500000000001,1.0032352630834045,1.0026880381548193
hm-m05-g2-L5p3-n2-beta2__N0080__Aminus_0p005,hm-m05-g2-L5p3-n2-beta2__N0080__Aplus_0p005,hm-m05-g2-L5p3-n2-beta2,80,-0.005,30,1.9875,1.0035230240646025,1.0029279441864312
hm-m05-g2-L5p3-n2-beta2__N0080__Aminus_0p005,hm-m05-g2-L5p3-n2-beta2__N0080__Aplus_0p005,hm-m05-g2-L5p3-n2-beta2,80,-0.005,31,2.05375,1.003788986989817,1.0031497211267362
hm-m05-g2-L5p3-n2-beta2__N0080__Aminus_0p005,hm-m05-g2-L5p3-n2-beta2__N0080__Aplus_0p005,hm-m05-g2-L5p3-n2-beta2,80,-0.005,32,2.12,1.0040315219927722,1.0033519991772688
hm-m05-g2-L5p3-n2-beta2__N0080__Aminus_0p005,hm-m05-g2-L5p3-n2-beta2__N0080__Aplus_0p005,hm-m05-g2-L5p3-n2-beta2,80,-0.005,33,2.1862500000000002,1.004249143417874,1.0035335288215206
hm-m05-g2-L5p3-n2-beta2__N0080__Aminus_0p005,hm-m05-g2-L5p3-n2-beta2__N0080__Aplus_0p005,hm-m05-g2-L5p3-n2-beta2,80,-0.005,34,2.2525,1.004440518739495,1.0036931885870624
hm-m05-g2-L5p3-n2-beta2__N0080__Aminus_0p005,hm-m05-g2-L5p3-n2-beta2__N0080__Aplus_0p005,hm-m05-g2-L5p3-n2-beta2,80,-0.005,35,2.31875,1.0046044765485513,1.0038299920151355
hm-m05-g2-L5p3-n2-beta2__N0080__Aminus_0p005,hm-m05-g2-L5p3-n2-beta2__N0080__Aplus_0p005,hm-m05-g2-L5p3-n2-beta2,80,-0.005,36,2.3850000000000002,1.0047400135629139,1.003943093793424
hm-m05-g2-L5p3-n2-beta2__N0080__Aminus_0p005,hm-m05-g2-L5p3-n2-beta2__N0080__Aplus_0p005,hm-m05-g2-L5p3-n2-beta2,80,-0.005,37,2.45125,1.0048463006238055,1.0040317950129933
hm-m05-g2-L5p3-n2-beta2__N0080__Aminus_0p005,hm-m05-g2-L5p3-n2-beta2__N0080__Aplus_0p005,hm-m05-g2-L5p3-n2-beta2,80,-0.005,38,2.5175,1.0049226876460173,1.0040955475159128
hm-m05-g2-L5p3-n2-beta2__N0080__Aminus_0p005,hm-m05-g2-L5p3-n2-beta2__N0080__Aplus_0p005,hm-m05-g2-L5p3-n2-beta2,80,-0.005,39,2.58375,1.0049687074955473,1.0041339573058494
hm-m05-g2-L5p3-n2-beta2__N0080__Aminus_0p005,hm-m05-g2-L5p3-n2-beta2__N0080__Aplus_0p005,hm-m05-g2-L5p3-n2-beta2,80,-0.005,40,2.6500000000000004,1.0049840787740758,1.0041467869998766
hm-m05-g2-L5p3-n2-beta2__N0080__Aminus_0p005,hm-m05-g2-L5p3-n2-beta2__N0080__Aplus_0p005,hm-m05-g2-L5p3-n2-beta2,80,-0.005,41,2.71625,1.0049687074955476,1.0041339573058492
hm-m05-g2-L5p3-n2-beta2__N0080__Aminus_0p005,hm-m05-g2-L5p3-n2-beta2__N0080__Aplus_0p005,hm-m05-g2-L5p3-n2-beta2,80,-0.005,42,2.7825,1.0049226876460176,1.0040955475159126
hm-m05-g2-L5p3-n2-beta2__N0080__Aminus_0p005,hm-m05-g2-L5p3-n2-beta2__N0080__Aplus_0p005,hm-m05-g2-L5p3-n2-beta2,80,-0.005,43,2.8487500000000003,1.004846300623806,1.004031795012993
hm-m05-g2-L5p3-n2-beta2__N0080__Aminus_0p005,hm-m05-g2-L5p3-n2-beta2__N0080__Aplus_0p005,hm-m05-g2-L5p3-n2-beta2,80,-0.005,44,2.915,1.0047400135629145,1.0039430937934233
hm-m05-g2-L5p3-n2-beta2__N0080__Aminus_0p005,hm-m05-g2-L5p3-n2-beta2__N0080__Aplus_0p005,hm-m05-g2-L5p3-n2-beta2,80,-0.005,45,2.98125,1.004604476548552,1.0038299920151343
hm-m05-g2-L5p3-n2-beta2__N0080__Aminus_0p005,hm-m05-g2-L5p3-n2-beta2__N0080__Aplus_0p005,hm-m05-g2-L5p3-n2-beta2,80,-0.005,46,3.0475000000000003,1.0044405187394958,1.003693188587061
hm-m05-g2-L5p3-n2-beta2__N0080__Aminus_0p005,hm-m05-g2-L5p3-n2-beta2__N0080__Aplus_0p005,hm-m05-g2-L5p3-n2-beta2,80,-0.005,47,3.11375,1.0042491434178749,1.003533528821519
hm-m05-g2-L5p3-n2-beta2__N0080__Aminus_0p005,hm-m05-g2-L5p3-n2-beta2__N0080__Aplus_0p005,hm-m05-g2-L5p3-n2-beta2,80,-0.005,48,3.18,1.0040315219927731,1.0033519991772673
hm-m05-g2-L5p3-n2-beta2__N0080__Aminus_0p005,hm-m05-g2-L5p3-n2-beta2__N0080__Aplus_0p005,hm-m05-g2-L5p3-n2-beta2,80,-0.005,49,3.2462500000000003,1.0037889869898178,1.0031497211267346
hm-m05-g2-L5p3-n2-beta2__N0080__Aminus_0p005,hm-m05-g2-L5p3-n2-beta2__N0080__Aplus_0p005,hm-m05-g2-L5p3-n2-beta2,80,-0.005,50,3.3125,1.0035230240646034,1.0029279441864292
hm-m05-g2-L5p3-n2-beta2__N0080__Aminus_0p005,hm-m05-g2-L5p3-n2-beta2__N0080__Aplus_0p005,hm-m05-g2-L5p3-n2-beta2,80,-0.005,51,3.37875,1.0032352630834054,1.0026880381548169
hm-m05-g2-L5p3-n2-beta2__N0080__Aminus_0p005,hm-m05-g2-L5p3-n2-beta2__N0080__Aplus_0p005,hm-m05-g2-L5p3-n2-beta2,80,-0.005,52,3.4450000000000003,1.002927468320114,1.002431484606917
hm-m05-g2-L5p3-n2-beta2__N0080__Aminus_0p005,hm-m05-g2-L5p3-n2-beta2__N0080__Aplus_0p005,hm-m05-g2-L5p3-n2-beta2,80,-0.005,53,3.51125,1.0026015278236569,1.0021598676995007
hm-m05-g2-L5p3-n2-beta2__N0080__Aminus_0p005,hm-m05-g2-L5p3-n2-beta2__N0080__Aplus_0p005,hm-m05-g2-L5p3-n2-beta2,80,-0.005,54,3.5775,1.0022594420153397,1.00187486434504
hm-m05-g2-L5p3-n2-beta2__N0080__Aminus_0p005,hm-m05-g2-L5p3-n2-beta2__N0080__Aplus_0p005,hm-m05-g2-L5p3-n2-beta2,80,-0.005,55,3.6437500000000003,1.0019033115804832,1.0015782338164203
hm-m05-g2-L5p3-n2-beta2__N0080__Aminus_0p005,hm-m05-g2-L5p3-n2-beta2__N0080__Aplus_0p005,hm-m05-g2-L5p3-n2-beta2,80,-0.005,56,3.71,1.0015353247234384,1.0012718068478976
hm-m05-g2-L5p3-n2-beta2__N0080__Aminus_0p005,hm-m05-g2-L5p3-n2-beta2__N0080__Aplus_0p005,hm-m05-g2-L5p3-n2-beta2,80,-0.005,57,3.77625,1.0011577438594774,1.0009574743007856
hm-m05-g2-L5p3-n2-beta2__N0080__Aminus_0p005,hm-m05-g2-L5p3-n2-beta2__N0080__Aplus_0p005,hm-m05-g2-L5p3-n2-beta2,80,-0.005,58,3.8425000000000002,1.0007728918211463,1.000637175464934
hm-m05-g2-L5p3-n2-beta2__N0080__Aminus_0p005,hm-m05-g2-L5p3-n2-beta2__N0080__Aplus_0p005,hm-m05-g2-L5p3-n2-beta2,80,-0.005,59,3.9087500000000004,1.000383137660382,1.0003128860691457
hm-m05-g2-L5p3-n2-beta2__N0080__Aminus_0p005,hm-m05-g2-L5p3-n2-beta2__N0080__Aplus_0p005,hm-m05-g2-L5p3-n2-beta2,80,-0.005,60,3.975,0.9999908821309997,0.9999866060753052
hm-m05-g2-L5p3-n2-beta2__N0080__Aminus_0p005,hm-m05-g2-L5p3-n2-beta2__N0080__Aplus_0p005,hm-m05-g2-L5p3-n2-beta2,80,-0.005,61,4.04125,0.9995985429390076,0.9996603473321213
hm-m05-g2-L5p3-n2-beta2__N0080__Aminus_0p005,hm-m05-g2-L5p3-n2-beta2__N0080__Aplus_0p005,hm-m05-g2-L5p3-n2-beta2,80,-0.005,62,4.1075,0.9992085398505566,0.999336121165038
hm-m05-g2-L5p3-n2-beta2__N0080__Aminus_0p005,hm-m05-g2-L5p3-n2-beta2__N0080__Aplus_0p005,hm-m05-g2-L5p3-n2-beta2,80,-0.005,63,4.17375,0.9988232797491544,0.999015925979031
hm-m05-g2-L5p3-n2-beta2__N0080__Aminus_0p005,hm-m05-g2-L5p3-n2-beta2__N0080__Aplus_0p005,hm-m05-g2-L5p3-n2-beta2,80,-0.005,64,4.24,0.99844514173502,0.9987017349506878
hm-m05-g2-L5p3-n2-beta2__N0080__Aminus_0p005,hm-m05-g2-L5p3-n2-beta2__N0080__Aplus_0p005,hm-m05-g2-L5p3-n2-beta2,80,-0.005,65,4.30625,0.998076462360109,0.9983954838851808
hm-m05-g2-L5p3-n2-beta2__N0080__Aminus_0p005,hm-m05-g2-L5p3-n2-beta2__N0080__Aplus_0p005,hm-m05-g2-L5p3-n2-beta2,80,-0.005,66,4.3725000000000005,0.9977195210923621,0.9980990593124908
hm-m05-g2-L5p3-n2-beta2__N0080__Aminus_0p005,hm-m05-g2-L5p3-n2-beta2__N0080__Aplus_0p005,hm-m05-g2-L5p3-n2-beta2,80,-0.005,67,4.438750000000001,0.9973765261021066,0.9978142868955369
hm-m05-g2-L5p3-n2-beta2__N0080__Aminus_0p005,hm-m05-g2-L5p3-n2-beta2__N0080__Aplus_0p005,hm-m05-g2-L5p3-n2-beta2,80,-0.005,68,4.505,0.9970496004622633,0.9975429202207418
hm-m05-g2-L5p3-n2-beta2__N0080__Aminus_0p005,hm-m05-g2-L5p3-n2-beta2__N0080__Aplus_0p005,hm-m05-g2-L5p3-n2-beta2,80,-0.005,69,4.57125,0.9967407688520529,0.9972866300390067
hm-m05-g2-L5p3-n2-beta2__N0080__Aminus_0p005,hm-m05-g2-L5p3-n2-beta2__N0080__Aplus_0p005,hm-m05-g2-L5p3-n2-beta2,80,-0.005,70,4.6375,0.9964519448512816,0.9970469940221469
hm-m05-g2-L5p3-n2-beta2__N0080__Aminus_0p005,hm-m05-g2-L5p3-n2-beta2__N0080__Aplus_0p005,hm-m05-g2-L5p3-n2-beta2,80,-0.005,71,4.70375,0.9961849189090017,0.996825487096519
hm-m05-g2-L5p3-n2-beta2__N0080__Aminus_0p005,hm-m05-g2-L5p3-n2-beta2__N0080__Aplus_0p005,hm-m05-g2-L5p3-n2-beta2,80,-0.005,72,4.7700000000000005,0.9959413470664047,0.9966234724119336
hm-m05-g2-L5p3-n2-beta2__N0080__Aminus_0p005,hm-m05-g2-L5p3-n2-beta2__N0080__Aplus_0p005,hm-m05-g2-L5p3-n2-beta2,80,-0.005,73,4.836250000000001,0.9957227405092516,0.9964421929999638
hm-m05-g2-L5p3-n2-beta2__N0080__Aminus_0p005,hm-m05-g2-L5p3-n2-beta2__N0080__Aplus_0p005,hm-m05-g2-L5p3-n2-beta2,80,-0.005,74,4.9025,0.9955304560199748,0.9962827641715017
hm-m05-g2-L5p3-n2-beta2__N0080__Aminus_0p005,hm-m05-g2-L5p3-n2-beta2__N0080__Aplus_0p005,hm-m05-g2-L5p3-n2-beta2,80,-0.005,75,4.96875,0.9953656873938603,0.9961461666988843
hm-m05-g2-L5p3-n2-beta2__N0080__Aminus_0p005,hm-m05-g2-L5p3-n2-beta2__N0080__Aplus_0p005,hm-m05-g2-L5p3-n2-beta2,80,-0.005,76,5.035,0.995229457877464,0.9960332408231382
hm-m05-g2-L5p3-n2-beta2__N0080__Aminus_0p005,hm-m05-g2-L5p3-n2-beta2__N0080__Aplus_0p005,hm-m05-g2-L5p3-n2-beta2,80,-0.005,77,5.10125,0.9951226136806817,0.9959446811219105
hm-m05-g2-L5p3-n2-beta2__N0080__Aminus_0p005,hm-m05-g2-L5p3-n2-beta2__N0080__Aplus_0p005,hm-m05-g2-L5p3-n2-beta2,80,-0.005,78,5.1675,0.9950458186067334,0.9958810322684967
hm-m05-g2-L5p3-n2-beta2__N0080__Aminus_0p005,hm-m05-g2-L5p3-n2-beta2__N0080__Aplus_0p005,hm-m05-g2-L5p3-n2-beta2,80,-0.005,79,5.233750000000001,0.994999549836794,0.995842685707047
hm-m05-g2-L5p3-n2-beta2__N0080__Aminus_0p005,hm-m05-g2-L5p3-n2-beta2__N0080__Aplus_0p005,hm-m05-g2-L5p3-n2-beta2,80,-0.005,80,5.3,0.9949840948981633,0.9958298772636012
hm-m05-g2-L5p3-n2-beta2__N0080__Aminus_0p0025,hm-m05-g2-L5p3-n2-beta2__N0080__Aplus_0p0025,hm-m05-g2-L5p3-n2-beta2,80,-0.0025,0,0.0,0.997496022670686,0.9979178325252351
hm-m05-g2-L5p3-n2-beta2__N0080__Aminus_0p0025,hm-m05-g2-L5p3-n2-beta2__N0080__Aplus_0p0025,hm-m05-g2-L5p3-n2-beta2,80,-0.0025,1,0.06625,0.9975037397670499,0.997924239497144
hm-m05-g2-L5p3-n2-beta2__N0080__Aminus_0p0025,hm-m05-g2-L5p3-n2-beta2__N0080__Aplus_0p0025,hm-m05-g2-L5p3-n2-beta2,80,-0.0025,2,0.1325,0.9975268432860025,0.9979434209611967
hm-m05-g2-L5p3-n2-beta2__N0080__Aminus_0p0025,hm-m05-g2-L5p3-n2-beta2__N0080__Aplus_0p0025,hm-m05-g2-L5p3-n2-beta2,80,-0.0025,3,0.19875,0.9975651902163231,0.997975258804373
hm-m05-g2-L5p3-n2-beta2__N0080__Aminus_0p0025,hm-m05-g2-L5p3-n2-beta2__N0080__Aplus_0p0025,hm-m05-g2-L5p3-n2-beta2,80,-0.0025,4,0.265,0.9976185432013406,0.9980195569768544
hm-m05-g2-L5p3-n2-beta2__N0080__Aminus_0p0025,hm-m05-g2-L5p3-n2-beta2__N0080__Aplus_0p0025,hm-m05-g2-L5p3-n2-beta2,80,-0.0025,5,0.33125000000000004,0.9976865720251422,0.9980760426947399
hm-m05-g2-L5p3-n2-beta2__N0080__Aminus_0p0025,hm-m05-g2-L5p3-n2-beta2__N0080__Aplus_0p0025,hm-m05-g2-L5p3-n2-beta2,80,-0.0025,6,0.3975,0.9977688556796461,0.9981443681136685
hm-m05-g2-L5p3-n2-beta2__N0080__Aminus_0p0025,hm-m05-g2-L5p3-n2-beta2__N0080__Aplus_0p0025,hm-m05-g2-L5p3-n2-beta2,80,-0.0025,7,0.46375,0.997864884999039,0.9982241124632332
hm-m05-g2-L5p3-n2-beta2__N0080__Aminus_0p0025,hm-m05-g2-L5p3-n2-beta2__N0080__Aplus_0p0025,hm-m05-g2-L5p3-n2-beta2,80,-0.0025,8,0.53,0.9979740658444011,0.9983147846292842
hm-m05-g2-L5p3-n2-beta2__N0080__Aminus_0p0025,hm-m05-g2-L5p3-n2-beta2__N0080__Aplus_0p0025,hm-m05-g2-L5p3-n2-beta2,80,-0.0025,9,0.5962500000000001,0.9980957228177821,0.9984158261684982
hm-m05-g2-L5p3-n2-beta2__N0080__Aminus_0p0025,hm-m05-g2-L5p3-n2-beta2__N0080__Aplus_0p0025,hm-m05-g2-L5p3-n2-beta2,80,-0.0025,10,0.6625000000000001,0.9982291034815955,0.9985266147369624
hm-m05-g2-L5p3-n2-beta2__N0080__Aminus_0p0025,hm-m05-g2-L5p3-n2-beta2__N0080__Aplus_0p0025,hm-m05-g2-L5p3-n2-beta2,80,-0.0025,11,0.72875,0.9983733830559718,0.9986464679119943
hm-m05-g2-L5p3-n2-beta2__N0080__Aminus_0p0025,hm-m05-g2-L5p3-n2-beta2__N0080__Aplus_0p0025,hm-m05-g2-L5p3-n2-beta2,80,-0.0025,12,0.795,0.9985276695636929,0.9987746473840134
hm-m05-g2-L5p3-n2-beta2__N0080__Aminus_0p0025,hm-m05-g2-L5p3-n2-beta2__N0080__Aplus_0p0025,hm-m05-g2-L5p3-n2-beta2,80,-0.0025,13,0.8612500000000001,0.9986910093895288,0.9989103634930072
hm-m05-g2-L5p3-n2-beta2__N0080__Aminus_0p0025,hm-m05-g2-L5p3-n2-beta2__N0080__Aplus_0p0025,hm-m05-g2-L5p3-n2-beta2,80,-0.0025,14,0.9275,0.9988623932182349,0.9990527800820049
hm-m05-g2-L5p3-n2-beta2__N0080__Aminus_0p0025,hm-m05-g2-L5p3-n2-beta2__N0080__Aplus_0p0025,hm-m05-g2-L5p3-n2-beta2,80,-0.0025,15,0.99375,0.9990407623131646,0.999201019638011
hm-m05-g2-L5p3-n2-beta2__N0080__Aminus_0p0025,hm-m05-g2-L5p3-n2-beta2__N0080__Aplus_0p0025,hm-m05-g2-L5p3-n2-beta2,80,-0.0025,16,1.06,0.999225015095417,0.9993541686890532
hm-m05-g2-L5p3-n2-beta2__N0080__Aminus_0p0025,hm-m05-g2-L5p3-n2-beta2__N0080__Aplus_0p0025,hm-m05-g2-L5p3-n2-beta2,80,-0.0025,17,1.12625,0.9994140139816822,0.9995112834243948
hm-m05-g2-L5p3-n2-beta2__N0080__Aminus_0p0025,hm-m05-g2-L5p3-n2-beta2__N0080__Aplus_0p0025,hm-m05-g2-L5p3-n2-beta2,80,-0.0025,18,1.1925000000000001,0.9996065924374835,0.9996713955035438
hm-m05-g2-L5p3-n2-beta2__N0080__Aminus_0p0025,hm-m05-g2-L5p3-n2-beta2__N0080__Aplus_0p0025,hm-m05-g2-L5p3-n2-beta2,80,-0.0025,19,1.25875,0.9998015622013441,0.9998335180184867
hm-m05-g2-L5p3-n2-beta2__N0080__Aminus_0p0025,hm-m05-g2-L5p3-n2-beta2__N0080__Aplus_0p0025,hm-m05-g2-L5p3-n2-beta2,80,-0.0025,20,1.3250000000000002,0.9999977206345343,0.9999966515725787
hm-m05-g2-L5p3-n2-beta2__N0080__Aminus_0p0025,hm-m05-g2-L5p3-n2-beta2__N0080__Aplus_0p0025,hm-m05-g2-L5p3-n2-beta2,80,-0.0025,21,1.39125,1.0001938581504866,1.0001597904387456
hm-m05-g2-L5p3-n2-beta2__N0080__Aminus_0p0025,hm-m05-g2-L5p3-n2-beta2__N0080__Aplus_0p0025,hm-m05-g2-L5p3-n2-beta2,80,-0.0025,22,1.4575,1.0003887656776909,1.0003219287591127
hm-m05-g2-L5p3-n2-beta2__N0080__Aminus_0p0025,hm-m05-g2-L5p3-n2-beta2__N0080__Aplus_0p0025,hm-m05-g2-L5p3-n2-beta2,80,-0.0025,23,1.5237500000000002,1.0005812421099074,1.0004820667478522
hm-m05-g2-L5p3-n2-beta2__N0080__Aminus_0p0025,hm-m05-g2-L5p3-n2-beta2__N0080__Aplus_0p0025,hm-m05-g2-L5p3-n2-beta2,80,-0.0025,24,1.59,1.0007701016978443,1.0006392168589697
hm-m05-g2-L5p3-n2-beta2__N0080__Aminus_0p0025,hm-m05-g2-L5p3-n2-beta2__N0080__Aplus_0p0025,hm-m05-g2-L5p3-n2-beta2,80,-0.0025,25,1.65625,1.000954181337045,1.0007924098809036
hm-m05-g2-L5p3-n2-beta2__N0080__Aminus_0p0025,hm-m05-g2-L5p3-n2-beta2__N0080__Aplus_0p0025,hm-m05-g2-L5p3-n2-beta2,80,-0.0025,26,1.7225000000000001,1.0011323477075922,1.0009407009202063
hm-m05-g2-L5p3-n2-beta2__N0080__Aminus_0p0025,hm-m05-g2-L5p3-n2-beta2__N0080__Aplus_0p0025,hm-m05-g2-L5p3-n2-beta2,80,-0.0025,27,1.78875,1.0013035042223684,1.0010831752372154
hm-m05-g2-L5p3-n2-beta2__N0080__Aminus_0p0025,hm-m05-g2-L5p3-n2-beta2__N0080__Aplus_0p0025,hm-m05-g2-L5p3-n2-beta2,80,-0.0025,28,1.855,1.0014665977419832,1.001218953897479
hm-m05-g2-L5p3-n2-beta2__N0080__Aminus_0p0025,hm-m05-g2-L5p3-n2-beta2__N0080__Aplus_0p0025,hm-m05-g2-L5p3-n2-beta2,80,-0.0025,29,1.9212500000000001,1.0016206250160944,1.0013471992038057
hm-m05-g2-L5p3-n2-beta2__N0080__Aminus_0p0025,hm-m05-g2-L5p3-n2-beta2__N0080__Aplus_0p0025,hm-m05-g2-L5p3-n2-beta2,80,-0.0025,30,1.9875,1.0017646388126804,1.0014671198751228
hm-m05-g2-L5p3-n2-beta2__N0080__Aminus_0p0025,hm-m05-g2-L5p3-n2-beta2__N0080__Aplus_0p0025,hm-m05-g2-L5p3-n2-beta2,80,-0.0025,31,2.05375,1.0018977536988605,1.0015779759398675
hm-m05-g2-L5p3-n2-beta2__N0080__Aminus_0p0025,hm-m05-g2-L5p3-n2-beta2__N0080__Aplus_0p0025,hm-m05-g2-L5p3-n2-beta2,80,-0.0025,32,2.12,1.0020191514390866,1.001679083313375
hm-m05-g2-L5p3-n2-beta2__N0080__Aminus_0p0025,hm-m05-g2-L5p3-n2-beta2__N0080__Aplus_0p0025,hm-m05-g2-L5p3-n2-beta2,80,-0.0025,33,2.1862500000000002,1.0021280859789359,1.0017698180306742
hm-m05-g2-L5p3-n2-beta2__N0080__Aminus_0p0025,hm-m05-g2-L5p3-n2-beta2__N0080__Aplus_0p0025,hm-m05-g2-L5p3-n2-beta2,80,-0.0025,34,2.2525,1.0022238879852918,1.001849620108223
hm-m05-g2-L5p3-n2-beta2__N0080__Aminus_0p0025,hm-m05-g2-L5p3-n2-beta2__N0080__Aplus_0p0025,hm-m05-g2-L5p3-n2-beta2,80,-0.0025,35,2.31875,1.002305968916403,1.0019179970104184
hm-m05-g2-L5p3-n2-beta2__N0080__Aminus_0p0025,hm-m05-g2-L5p3-n2-beta2__N0080__Aplus_0p0025,hm-m05-g2-L5p3-n2-beta2,80,-0.0025,36,2.3850000000000002,1.0023738245981424,1.0019745266991655
hm-m05-g2-L5p3-n2-beta2__N0080__Aminus_0p0025,hm-m05-g2-L5p3-n2-beta2__N0080__Aplus_0p0025,hm-m05-g2-L5p3-n2-beta2,80,-0.0025,37,2.45125,1.0024270382857243,1.002018860247396
hm-m05-g2-L5p3-n2-beta2__N0080__Aminus_0p0025,hm-m05-g2-L5p3-n2-beta2__N0080__Aplus_0p0025,hm-m05-g2-L5p3-n2-beta2,80,-0.0025,38,2.5175,1.0024652831931686,1.0020507240001413
hm-m05-g2-L5p3-n2-beta2__N0080__Aminus_0p0025,hm-m05-g2-L5p3-n2-beta2__N0080__Aplus_0p0025,hm-m05-g2-L5p3-n2-beta2,80,-0.0025,39,2.58375,1.00248832447592,1.002069921269604
hm-m05-g2-L5p3-n2-beta2__N0080__Aminus_0p0025,hm-m05-g2-L5p3-n2-beta2__N0080__Aplus_0p0025,hm-m05-g2-L5p3-n2-beta2,80,-0.0025,40,2.6500000000000004,1.0024960206552027,1.0020763335535832
hm-m05-g2-L5p3-n2-beta2__N0080__Aminus_0p0025,hm-m05-g2-L5p3-n2-beta2__N0080__Aplus_0p0025,hm-m05-g2-L5p3-n2-beta2,80,-0.0025,41,2.71625,1.00248832447592,1.0020699212696036
hm-m05-g2-L5p3-n2-beta2__N0080__Aminus_0p0025,hm-m05-g2-L5p3-n2-beta2__N0080__Aplus_0p0025,hm-m05-g2-L5p3-n2-beta2,80,-0.0025,42,2.7825,1.0024652831931686,1.0020507240001404
hm-m05-g2-L5p3-n2-beta2__N0080__Aminus_0p0025,hm-m05-g2-L5p3-n2-beta2__N0080__Aplus_0p0025,hm-m05-g2-L5p3-n2-beta2,80,-0.0025,43,2.8487500000000003,1.0024270382857243,1.0020188602473945
hm-m05-g2-L5p3-n2-beta2__N0080__Aminus_0p0025,hm-m05-g2-L5p3-n2-beta2__N0080__Aplus_0p0025,hm-m05-g2-L5p3-n2-beta2,80,-0.0025,44,2.915,1.0023738245981422,1.0019745266991638
hm-m05-g2-L5p3-n2-beta2__N0080__Aminus_0p0025,hm-m05-g2-L5p3-n2-beta2__N0080__Aplus_0p0025,hm-m05-g2-L5p3-n2-beta2,80,-0.0025,45,2.98125,1.0023059689164027,1.0019179970104157
hm-m05-g2-L5p3-n2-beta2__N0080__Aminus_0p0025,hm-m05-g2-L5p3-n2-beta2__N0080__Aplus_0p0025,hm-m05-g2-L5p3-n2-beta2,80,-0.0025,46,3.0475000000000003,1.0022238879852916,1.0018496201082197
hm-m05-g2-L5p3-n2-beta2__N0080__Aminus_0p0025,hm-m05-g2-L5p3-n2-beta2__N0080__Aplus_0p0025,hm-m05-g2-L5p3-n2-beta2,80,-0.0025,47,3.11375,1.0021280859789357,1.00176981803067
hm-m05-g2-L5p3-n2-beta2__N0080__Aminus_0p0025,hm-m05-g2-L5p3-n2-beta2__N0080__Aplus_0p0025,hm-m05-g2-L5p3-n2-beta2,80,-0.0025,48,3.18,1.0020191514390862,1.0016790833133704
hm-m05-g2-L5p3-n2-beta2__N0080__Aminus_0p0025,hm-m05-g2-L5p3-n2-beta2__N0080__Aplus_0p0025,hm-m05-g2-L5p3-n2-beta2,80,-0.0025,49,3.2462500000000003,1.00189775369886,1.0015779759398624
hm-m05-g2-L5p3-n2-beta2__N0080__Aminus_0p0025,hm-m05-g2-L5p3-n2-beta2__N0080__Aplus_0p0025,hm-m05-g2-L5p3-n2-beta2,80,-0.0025,50,3.3125,1.0017646388126797,1.001467119875117
hm-m05-g2-L5p3-n2-beta2__N0080__Aminus_0p0025,hm-m05-g2-L5p3-n2-beta2__N0080__Aplus_0p0025,hm-m05-g2-L5p3-n2-beta2,80,-0.0025,51,3.37875,1.0016206250160935,1.0013471992037994
hm-m05-g2-L5p3-n2-beta2__N0080__Aminus_0p0025,hm-m05-g2-L5p3-n2-beta2__N0080__Aplus_0p0025,hm-m05-g2-L5p3-n2-beta2,80,-0.0025,52,3.4450000000000003,1.001466597741982,1.0012189538974727
hm-m05-g2-L5p3-n2-beta2__N0080__Aminus_0p0025,hm-m05-g2-L5p3-n2-beta2__N0080__Aplus_0p0025,hm-m05-g2-L5p3-n2-beta2,80,-0.0025,53,3.51125,1.001303504222367,1.001083175237209
hm-m05-g2-L5p3-n2-beta2__N0080__Aminus_0p0025,hm-m05-g2-L5p3-n2-beta2__N0080__Aplus_0p0025,hm-m05-g2-L5p3-n2-beta2,80,-0.0025,54,3.5775,1.0011323477075904,1.0009407009201994
hm-m05-g2-L5p3-n2-beta2__N0080__Aminus_0p0025,hm-m05-g2-L5p3-n2-beta2__N0080__Aplus_0p0025,hm-m05-g2-L5p3-n2-beta2,80,-0.0025,55,3.6437500000000003,1.0009541813370428,1.000792409880896
hm-m05-g2-L5p3-n2-beta2__N0080__Aminus_0p0025,hm-m05-g2-L5p3-n2-beta2__N0080__Aplus_0p0025,hm-m05-g2-L5p3-n2-beta2,80,-0.0025,56,3.71,1.0007701016978416,1.0006392168589617
hm-m05-g2-L5p3-n2-beta2__N0080__Aminus_0p0025,hm-m05-g2-L5p3-n2-beta2__N0080__Aplus_0p0025,hm-m05-g2-L5p3-n2-beta2,80,-0.0025,57,3.77625,1.0005812421099043,1.0004820667478438
hm-m05-g2-L5p3-n2-beta2__N0080__Aminus_0p0025,hm-m05-g2-L5p3-n2-beta2__N0080__Aplus_0p0025,hm-m05-g2-L5p3-n2-beta2,80,-0.0025,58,3.8425000000000002,1.0003887656776873,1.0003219287591039
hm-m05-g2-L5p3-n2-beta2__N0080__Aminus_0p0025,hm-m05-g2-L5p3-n2-beta2__N0080__Aplus_0p0025,hm-m05-g2-L5p3-n2-beta2,80,-0.0025,59,3.9087500000000004,1.0001938581504823,1.0001597904387365
hm-m05-g2-L5p3-n2-beta2__N0080__Aminus_0p0025,hm-m05-g2-L5p3-n2-beta2__N0080__Aplus_0p0025,hm-m05-g2-L5p3-n2-beta2,80,-0.0025,60,3.975,0.9999977206345295,0.999996651572569
hm-m05-g2-L5p3-n2-beta2__N0080__Aminus_0p0025,hm-m05-g2-L5p3-n2-beta2__N0080__Aplus_0p0025,hm-m05-g2-L5p3-n2-beta2,80,-0.0025,61,4.04125,0.9998015622013389,0.9998335180184769
hm-m05-g2-L5p3-n2-beta2__N0080__Aminus_0p0025,hm-m05-g2-L5p3-n2-beta2__N0080__Aplus_0p0025,hm-m05-g2-L5p3-n2-beta2,80,-0.0025,62,4.1075,0.9996065924374776,0.9996713955035336
hm-m05-g2-L5p3-n2-beta2__N0080__Aminus_0p0025,hm-m05-g2-L5p3-n2-beta2__N0080__Aplus_0p0025,hm-m05-g2-L5p3-n2-beta2,80,-0.0025,63,4.17375,0.9994140139816756,0.9995112834243841
hm-m05-g2-L5p3-n2-beta2__N0080__Aminus_0p0025,hm-m05-g2-L5p3-n2-beta2__N0080__Aplus_0p0025,hm-m05-g2-L5p3-n2-beta2,80,-0.0025,64,4.24,0.9992250150954098,0.9993541686890423
hm-m05-g2-L5p3-n2-beta2__N0080__Aminus_0p0025,hm-m05-g2-L5p3-n2-beta2__N0080__Aplus_0p0025,hm-m05-g2-L5p3-n2-beta2,80,-0.0025,65,4.30625,0.9990407623131569,0.9992010196379999
hm-m05-g2-L5p3-n2-beta2__N0080__Aminus_0p0025,hm-m05-g2-L5p3-n2-beta2__N0080__Aplus_0p0025,hm-m05-g2-L5p3-n2-beta2,80,-0.0025,66,4.3725000000000005,0.9988623932182266,0.9990527800819937
hm-m05-g2-L5p3-n2-beta2__N0080__Aminus_0p0025,hm-m05-g2-L5p3-n2-beta2__N0080__Aplus_0p0025,hm-m05-g2-L5p3-n2-beta2,80,-0.0025,67,4.438750000000001,0.9986910093895198,0.9989103634929957
hm-m05-g2-L5p3-n2-beta2__N0080__Aminus_0p0025,hm-m05-g2-L5p3-n2-beta2__N0080__Aplus_0p0025,hm-m05-g2-L5p3-n2-beta2,80,-0.0025,68,4.505,0.9985276695636833,0.9987746473840017
hm-m05-g2-L5p3-n2-beta2__N0080__Aminus_0p0025,hm-m05-g2-L5p3-n2-beta2__N0080__Aplus_0p0025,hm-m05-g2-L5p3-n2-beta2,80,-0.0025,69,4.57125,0.9983733830559617,0.998646467911982
hm-m05-g2-L5p3-n2-beta2__N0080__Aminus_0p0025,hm-m05-g2-L5p3-n2-beta2__N0080__Aplus_0p0025,hm-m05-g2-L5p3-n2-beta2,80,-0.0025,70,4.6375,0.9982291034815849,0.9985266147369498
hm-m05-g2-L5p3-n2-beta2__N0080__Aminus_0p0025,hm-m05-g2-L5p3-n2-beta2__N0080__Aplus_0p0025,hm-m05-g2-L5p3-n2-beta2,80,-0.0025,71,4.70375,0.9980957228177709,0.9984158261684855
hm-m05-g2-L5p3-n2-beta2__N0080__Aminus_0p0025,hm-m05-g2-L5p3-n2-beta2__N0080__Aplus_0p0025,hm-m05-g2-L5p3-n2-beta2,80,-0.0025,72,4.7700000000000005,0.9979740658443894,0.998314784629271
hm-m05-g2-L5p3-n2-beta2__N0080__Aminus_0p0025,hm-m05-g2-L5p3-n2-beta2__N0080__Aplus_0p0025,hm-m05-g2-L5p3-n2-beta2,80,-0.0025,73,4.836250000000001,0.9978648849990269,0.9982241124632198
hm-m05-g2-L5p3-n2-beta2__N0080__Aminus_0p0025,hm-m05-g2-L5p3-n2-beta2__N0080__Aplus_0p0025,hm-m05-g2-L5p3-n2-beta2,80,-0.0025,74,4.9025,0.9977688556796336,0.9981443681136548
hm-m05-g2-L5p3-n2-beta2__N0080__Aminus_0p0025,hm-m05-g2-L5p3-n2-beta2__N0080__Aplus_0p0025,hm-m05-g2-L5p3-n2-beta2,80,-0.0025,75,4.96875,0.9976865720251294,0.998076042694726
hm-m05-g2-L5p3-n2-beta2__N0080__Aminus_0p0025,hm-m05-g2-L5p3-n2-beta2__N0080__Aplus_0p0025,hm-m05-g2-L5p3-n2-beta2,80,-0.0025,76,5.035,0.9976185432013275,0.9980195569768404
hm-m05-g2-L5p3-n2-beta2__N0080__Aminus_0p0025,hm-m05-g2-L5p3-n2-beta2__N0080__Aplus_0p0025,hm-m05-g2-L5p3-n2-beta2,80,-0.0025,77,5.10125,0.9975651902163097,0.997975258804359
hm-m05-g2-L5p3-n2-beta2__N0080__Aminus_0p0025,hm-m05-g2-L5p3-n2-beta2__N0080__Aplus_0p0025,hm-m05-g2-L5p3-n2-beta2,80,-0.0025,78,5.1675,0.997526843285989,0.9979434209611826
hm-m05-g2-L5p3-n2-beta2__N0080__Aminus_0p0025,hm-m05-g2-L5p3-n2-beta2__N0080__Aplus_0p0025,hm-m05-g2-L5p3-n2-beta2,80,-0.0025,79,5.233750000000001,0.9975037397670363,0.9979242394971299
hm-m05-g2-L5p3-n2-beta2__N0080__Aminus_0p0025,hm-m05-g2-L5p3-n2-beta2__N0080__Aplus_0p0025,hm-m05-g2-L5p3-n2-beta2,80,-0.0025,80,5.3,0.9974960226706724,0.9979178325252208
hm-m05-g2-L5p3-n2-beta2__N0080__Aplus_0p0025,hm-m05-g2-L5p3-n2-beta2__N0080__Aminus_0p0025,hm-m05-g2-L5p3-n2-beta2,80,0.0025,0,0.0,1.0024960206552103,1.0020763335535903
hm-m05-g2-L5p3-n2-beta2__N0080__Aplus_0p0025,hm-m05-g2-L5p3-n2-beta2__N0080__Aminus_0p0025,hm-m05-g2-L5p3-n2-beta2,80,0.0025,1,0.06625,1.0024883244759275,1.0020699212696111
hm-m05-g2-L5p3-n2-beta2__N0080__Aplus_0p0025,hm-m05-g2-L5p3-n2-beta2__N0080__Aminus_0p0025,hm-m05-g2-L5p3-n2-beta2,80,0.0025,2,0.1325,1.0024652831931762,1.0020507240001482
hm-m05-g2-L5p3-n2-beta2__N0080__Aplus_0p0025,hm-m05-g2-L5p3-n2-beta2__N0080__Aminus_0p0025,hm-m05-g2-L5p3-n2-beta2,80,0.0025,3,0.19875,1.0024270382857319,1.0020188602474027
hm-m05-g2-L5p3-n2-beta2__N0080__Aplus_0p0025,hm-m05-g2-L5p3-n2-beta2__N0080__Aminus_0p0025,hm-m05-g2-L5p3-n2-beta2,80,0.0025,4,0.265,1.0023738245981497,1.0019745266991722
hm-m05-g2-L5p3-n2-beta2__N0080__Aplus_0p0025,hm-m05-g2-L5p3-n2-beta2__N0080__Aminus_0p0025,hm-m05-g2-L5p3-n2-beta2,80,0.0025,5,0.33125000000000004,1.00230596891641,1.0019179970104246
hm-m05-g2-L5p3-n2-beta2__N0080__Aplus_0p0025,hm-m05-g2-L5p3-n2-beta2__N0080__Aminus_0p0025,hm-m05-g2-L5p3-n2-beta2,80,0.0025,6,0.3975,1.002223887985299,1.001849620108229
hm-m05-g2-L5p3-n2-beta2__N0080__Aplus_0p0025,hm-m05-g2-L5p3-n2-beta2__N0080__Aminus_0p0025,hm-m05-g2-L5p3-n2-beta2,80,0.0025,7,0.46375,1.002128085978943,1.0017698180306798
hm-m05-g2-L5p3-n2-beta2__N0080__Aplus_0p0025,hm-m05-g2-L5p3-n2-beta2__N0080__Aminus_0p0025,hm-m05-g2-L5p3-n2-beta2,80,0.0025,8,0.53,1.0020191514390933,1.0016790833133804
hm-m05-g2-L5p3-n2-beta2__N0080__Aplus_0p0025,hm-m05-g2-L5p3-n2-beta2__N0080__Aminus_0p0025,hm-m05-g2-L5p3-n2-beta2,80,0.0025,9,0.5962500000000001,1.0018977536988671,1.0015779759398726
hm-m05-g2-L5p3-n2-beta2__N0080__Aplus_0p0025,hm-m05-g2-L5p3-n2-beta2__N0080__Aminus_0p0025,hm-m05-g2-L5p3-n2-beta2,80,0.0025,10,0.6625000000000001,1.0017646388126868,1.0014671198751275
hm-m05-g2-L5p3-n2-beta2__N0080__Aplus_0p0025,hm-m05-g2-L5p3-n2-beta2__N0080__Aminus_0p0025,hm-m05-g2-L5p3-n2-beta2,80,0.0025,11,0.72875,1.0016206250161004,1.0013471992038099
hm-m05-g2-L5p3-n2-beta2__N0080__Aplus_0p0025,hm-m05-g2-L5p3-n2-beta2__N0080__Aminus_0p0025,hm-m05-g2-L5p3-n2-beta2,80,0.0025,12,0.795,1.001466597741989,1.001218953897483
hm-m05-g2-L5p3-n2-beta2__N0080__Aplus_0p0025,hm-m05-g2-L5p3-n2-beta2__N0080__Aminus_0p0025,hm-m05-g2-L5p3-n2-beta2,80,0.0025,13,0.8612500000000001,1.001303504222374,1.0010831752372191
hm-m05-g2-L5p3-n2-beta2__N0080__Aplus_0p0025,hm-m05-g2-L5p3-n2-beta2__N0080__Aminus_0p0025,hm-m05-g2-L5p3-n2-beta2,80,0.0025,14,0.9275,1.0011323477075973,1.0009407009202098
hm-m05-g2-L5p3-n2-beta2__N0080__Aplus_0p0025,hm-m05-g2-L5p3-n2-beta2__N0080__Aminus_0p0025,hm-m05-g2-L5p3-n2-beta2,80,0.0025,15,0.99375,1.0009541813370497,1.0007924098809067
hm-m05-g2-L5p3-n2-beta2__N0080__Aplus_0p0025,hm-m05-g2-L5p3-n2-beta2__N0080__Aminus_0p0025,hm-m05-g2-L5p3-n2-beta2,80,0.0025,16,1.06,1.0007701016978485,1.0006392168589726
hm-m05-g2-L5p3-n2-beta2__N0080__Aplus_0p0025,hm-m05-g2-L5p3-n2-beta2__N0080__Aminus_0p0025,hm-m05-g2-L5p3-n2-beta2,80,0.0025,17,1.12625,1.0005812421099112,1.0004820667478547
hm-m05-g2-L5p3-n2-beta2__N0080__Aplus_0p0025,hm-m05-g2-L5p3-n2-beta2__N0080__Aminus_0p0025,hm-m05-g2-L5p3-n2-beta2,80,0.0025,18,1.1925000000000001,1.0003887656776942,1.0003219287591147
hm-m05-g2-L5p3-n2-beta2__N0080__Aplus_0p0025,hm-m05-g2-L5p3-n2-beta2__N0080__Aminus_0p0025,hm-m05-g2-L5p3-n2-beta2,80,0.0025,19,1.25875,1.0001938581504892,1.0001597904387474
hm-m05-g2-L5p3-n2-beta2__N0080__Aplus_0p0025,hm-m05-g2-L5p3-n2-beta2__N0080__Aminus_0p0025,hm-m05-g2-L5p3-n2-beta2,80,0.0025,20,1.3250000000000002,0.9999977206345363,0.9999966515725801
hm-m05-g2-L5p3-n2-beta2__N0080__Aplus_0p0025,hm-m05-g2-L5p3-n2-beta2__N0080__Aminus_0p0025,hm-m05-g2-L5p3-n2-beta2,80,0.0025,21,1.39125,0.9998015622013455,0.999833518018488
hm-m05-g2-L5p3-n2-beta2__N0080__Aplus_0p0025,hm-m05-g2-L5p3-n2-beta2__N0080__Aminus_0p0025,hm-m05-g2-L5p3-n2-beta2,80,0.0025,22,1.4575,0.9996065924374843,0.9996713955035446
hm-m05-g2-L5p3-n2-beta2__N0080__Aplus_0p0025,hm-m05-g2-L5p3-n2-beta2__N0080__Aminus_0p0025,hm-m05-g2-L5p3-n2-beta2,80,0.0025,23,1.5237500000000002,0.9994140139816822,0.9995112834243951
hm-m05-g2-L5p3-n2-beta2__N0080__Aplus_0p0025,hm-m05-g2-L5p3-n2-beta2__N0080__Aminus_0p0025,hm-m05-g2-L5p3-n2-beta2,80,0.0025,24,1.59,0.9992250150954163,0.999354168689053
hm-m05-g2-L5p3-n2-beta2__N0080__Aplus_0p0025,hm-m05-g2-L5p3-n2-beta2__N0080__Aminus_0p0025,hm-m05-g2-L5p3-n2-beta2,80,0.0025,25,1.65625,0.9990407623131632,0.9992010196380102
hm-m05-g2-L5p3-n2-beta2__N0080__Aplus_0p0025,hm-m05-g2-L5p3-n2-beta2__N0080__Aminus_0p0025,hm-m05-g2-L5p3-n2-beta2,80,0.0025,26,1.7225000000000001,0.9988623932182329,0.9990527800820037
hm-m05-g2-L5p3-n2-beta2__N0080__Aplus_0p0025,hm-m05-g2-L5p3-n2-beta2__N0080__Aminus_0p0025,hm-m05-g2-L5p3-n2-beta2,80,0.0025,27,1.78875,0.998691009389526,0.9989103634930054
hm-m05-g2-L5p3-n2-beta2__N0080__Aplus_0p0025,hm-m05-g2-L5p3-n2-beta2__N0080__Aminus_0p0025,hm-m05-g2-L5p3-n2-beta2,80,0.0025,28,1.855,0.9985276695636894,0.9987746473840112
hm-m05-g2-L5p3-n2-beta2__N0080__Aplus_0p0025,hm-m05-g2-L5p3-n2-beta2__N0080__Aminus_0p0025,hm-m05-g2-L5p3-n2-beta2,80,0.0025,29,1.9212500000000001,0.9983733830559678,0.9986464679119914
hm-m05-g2-L5p3-n2-beta2__N0080__Aplus_0p0025,hm-m05-g2-L5p3-n2-beta2__N0080__Aminus_0p0025,hm-m05-g2-L5p3-n2-beta2,80,0.0025,30,1.9875,0.998229103481591,0.9985266147369589
hm-m05-g2-L5p3-n2-beta2__N0080__Aplus_0p0025,hm-m05-g2-L5p3-n2-beta2__N0080__Aminus_0p0025,hm-m05-g2-L5p3-n2-beta2,80,0.0025,31,2.05375,0.9980957228177769,0.998415826168494
hm-m05-g2-L5p3-n2-beta2__N0080__Aplus_0p0025,hm-m05-g2-L5p3-n2-beta2__N0080__Aminus_0p0025,hm-m05-g2-L5p3-n2-beta2,80,0.0025,32,2.12,0.9979740658443953,0.9983147846292794
hm-m05-g2-L5p3-n2-beta2__N0080__Aplus_0p0025,hm-m05-g2-L5p3-n2-beta2__N0080__Aminus_0p0025,hm-m05-g2-L5p3-n2-beta2,80,0.0025,33,2.1862500000000002,0.9978648849990328,0.9982241124632278
hm-m05-g2-L5p3-n2-beta2__N0080__Aplus_0p0025,hm-m05-g2-L5p3-n2-beta2__N0080__Aminus_0p0025,hm-m05-g2-L5p3-n2-beta2,80,0.0025,34,2.2525,0.9977688556796395,0.9981443681136626
hm-m05-g2-L5p3-n2-beta2__N0080__Aplus_0p0025,hm-m05-g2-L5p3-n2-beta2__N0080__Aminus_0p0025,hm-m05-g2-L5p3-n2-beta2,80,0.0025,35,2.31875,0.9976865720251352,0.9980760426947334
hm-m05-g2-L5p3-n2-beta2__N0080__Aplus_0p0025,hm-m05-g2-L5p3-n2-beta2__N0080__Aminus_0p0025,hm-m05-g2-L5p3-n2-beta2,80,0.0025,36,2.3850000000000002,0.9976185432013333,0.9980195569768473
hm-m05-g2-L5p3-n2-beta2__N0080__Aplus_0p0025,hm-m05-g2-L5p3-n2-beta2__N0080__Aminus_0p0025,hm-m05-g2-L5p3-n2-beta2,80,0.0025,37,2.45125,0.9975651902163154,0.9979752588043656
hm-m05-g2-L5p3-n2-beta2__N0080__Aplus_0p0025,hm-m05-g2-L5p3-n2-beta2__N0080__Aminus_0p0025,hm-m05-g2-L5p3-n2-beta2,80,0.0025,38,2.5175,0.9975268432859946,0.9979434209611889
hm-m05-g2-L5p3-n2-beta2__N0080__Aplus_0p0025,hm-m05-g2-L5p3-n2-beta2__N0080__Aminus_0p0025,hm-m05-g2-L5p3-n2-beta2,80,0.0025,39,2.58375,0.9975037397670418,0.997924239497136
hm-m05-g2-L5p3-n2-beta2__N0080__Aplus_0p0025,hm-m05-g2-L5p3-n2-beta2__N0080__Aminus_0p0025,hm-m05-g2-L5p3-n2-beta2,80,0.0025,40,2.6500000000000004,0.9974960226706777,0.9979178325252267
hm-m05-g2-L5p3-n2-beta2__N0080__Aplus_0p0025,hm-m05-g2-L5p3-n2-beta2__N0080__Aminus_0p0025,hm-m05-g2-L5p3-n2-beta2,80,0.0025,41,2.71625,0.9975037397670415,0.9979242394971354
hm-m05-g2-L5p3-n2-beta2__N0080__Aplus_0p0025,hm-m05-g2-L5p3-n2-beta2__N0080__Aminus_0p0025,hm-m05-g2-L5p3-n2-beta2,80,0.0025,42,2.7825,0.9975268432859941,0.9979434209611876
hm-m05-g2-L5p3-n2-beta2__N0080__Aplus_0p0025,hm-m05-g2-L5p3-n2-beta2__N0080__Aminus_0p0025,hm-m05-g2-L5p3-n2-beta2,80,0.0025,43,2.8487500000000003,0.9975651902163146,0.9979752588043634
hm-m05-g2-L5p3-n2-beta2__N0080__Aplus_0p0025,hm-m05-g2-L5p3-n2-beta2__N0080__Aminus_0p0025,hm-m05-g2-L5p3-n2-beta2,80,0.0025,44,2.915,0.9976185432013321,0.9980195569768443
hm-m05-g2-L5p3-n2-beta2__N0080__Aplus_0p0025,hm-m05-g2-L5p3-n2-beta2__N0080__Aminus_0p0025,hm-m05-g2-L5p3-n2-beta2,80,0.0025,45,2.98125,0.9976865720251339,0.9980760426947294
hm-m05-g2-L5p3-n2-beta2__N0080__Aplus_0p0025,hm-m05-g2-L5p3-n2-beta2__N0080__Aminus_0p0025,hm-m05-g2-L5p3-n2-beta2,80,0.0025,46,3.0475000000000003,0.9977688556796378,0.9981443681136576
hm-m05-g2-L5p3-n2-beta2__N0080__Aplus_0p0025,hm-m05-g2-L5p3-n2-beta2__N0080__Aminus_0p0025,hm-m05-g2-L5p3-n2-beta2,80,0.0025,47,3.11375,0.9978648849990308,0.9982241124632218
hm-m05-g2-L5p3-n2-beta2__N0080__Aplus_0p0025,hm-m05-g2-L5p3-n2-beta2__N0080__Aminus_0p0025,hm-m05-g2-L5p3-n2-beta2,80,0.0025,48,3.18,0.997974065844393,0.9983147846292727
hm-m05-g2-L5p3-n2-beta2__N0080__Aplus_0p0025,hm-m05-g2-L5p3-n2-beta2__N0080__Aminus_0p0025,hm-m05-g2-L5p3-n2-beta2,80,0.0025,49,3.2462500000000003,0.9980957228177743,0.9984158261684865
hm-m05-g2-L5p3-n2-beta2__N0080__Aplus_0p0025,hm-m05-g2-L5p3-n2-beta2__N0080__Aminus_0p0025,hm-m05-g2-L5p3-n2-beta2,80,0.0025,50,3.3125,0.9982291034815878,0.9985266147369503
hm-m05-g2-L5p3-n2-beta2__N0080__Aplus_0p0025,hm-m05-g2-L5p3-n2-beta2__N0080__Aminus_0p0025,hm-m05-g2-L5p3-n2-beta2,80,0.0025,51,3.37875,0.9983733830559642,0.998646467911982
hm-m05-g2-L5p3-n2-beta2__N0080__Aplus_0p0025,hm-m05-g2-L5p3-n2-beta2__N0080__Aminus_0p0025,hm-m05-g2-L5p3-n2-beta2,80,0.0025,52,3.4450000000000003,0.9985276695636854,0.9987746473840011
hm-m05-g2-L5p3-n2-beta2__N0080__Aplus_0p0025,hm-m05-g2-L5p3-n2-beta2__N0080__Aminus_0p0025,hm-m05-g2-L5p3-n2-beta2,80,0.0025,53,3.51125,0.9986910093895215,0.9989103634929947
hm-m05-g2-L5p3-n2-beta2__N0080__Aplus_0p0025,hm-m05-g2-L5p3-n2-beta2__N0080__Aminus_0p0025,hm-m05-g2-L5p3-n2-beta2,80,0.0025,54,3.5775,0.9988623932182277,0.9990527800819922
hm-m05-g2-L5p3-n2-beta2__N0080__Aplus_0p0025,hm-m05-g2-L5p3-n2-beta2__N0080__Aminus_0p0025,hm-m05-g2-L5p3-n2-beta2,80,0.0025,55,3.6437500000000003,0.9990407623131574,0.9992010196379978
hm-m05-g2-L5p3-n2-beta2__N0080__Aplus_0p0025,hm-m05-g2-L5p3-n2-beta2__N0080__Aminus_0p0025,hm-m05-g2-L5p3-n2-beta2,80,0.0025,56,3.71,0.9992250150954098,0.9993541686890397
hm-m05-g2-L5p3-n2-beta2__N0080__Aplus_0p0025,hm-m05-g2-L5p3-n2-beta2__N0080__Aminus_0p0025,hm-m05-g2-L5p3-n2-beta2,80,0.0025,57,3.77625,0.9994140139816751,0.9995112834243812
hm-m05-g2-L5p3-n2-beta2__N0080__Aplus_0p0025,hm-m05-g2-L5p3-n2-beta2__N0080__Aminus_0p0025,hm-m05-g2-L5p3-n2-beta2,80,0.0025,58,3.8425000000000002,0.9996065924374765,0.99967139550353
hm-m05-g2-L5p3-n2-beta2__N0080__Aplus_0p0025,hm-m05-g2-L5p3-n2-beta2__N0080__Aminus_0p0025,hm-m05-g2-L5p3-n2-beta2,80,0.0025,59,3.9087500000000004,0.9998015622013371,0.9998335180184728
hm-m05-g2-L5p3-n2-beta2__N0080__Aplus_0p0025,hm-m05-g2-L5p3-n2-beta2__N0080__Aminus_0p0025,hm-m05-g2-L5p3-n2-beta2,80,0.0025,60,3.975,0.9999977206345272,0.9999966515725645
hm-m05-g2-L5p3-n2-beta2__N0080__Aplus_0p0025,hm-m05-g2-L5p3-n2-beta2__N0080__Aminus_0p0025,hm-m05-g2-L5p3-n2-beta2,80,0.0025,61,4.04125,1.0001938581504795,1.0001597904387312
hm-m05-g2-L5p3-n2-beta2__N0080__Aplus_0p0025,hm-m05-g2-L5p3-n2-beta2__N0080__Aminus_0p0025,hm-m05-g2-L5p3-n2-beta2,80,0.0025,62,4.1075,1.0003887656776835,1.000321928759098
hm-m05-g2-L5p3-n2-beta2__N0080__Aplus_0p0025,hm-m05-g2-L5p3-n2-beta2__N0080__Aminus_0p0025,hm-m05-g2-L5p3-n2-beta2,80,0.0025,63,4.17375,1.0005812421099,1.0004820667478374
hm-m05-g2-L5p3-n2-beta2__N0080__Aplus_0p0025,hm-m05-g2-L5p3-n2-beta2__N0080__Aminus_0p0025,hm-m05-g2-L5p3-n2-beta2,80,0.0025,64,4.24,1.000770101697837,1.0006392168589548
hm-m05-g2-L5p3-n2-beta2__N0080__Aplus_0p0025,hm-m05-g2-L5p3-n2-beta2__N0080__Aminus_0p0025,hm-m05-g2-L5p3-n2-beta2,80,0.0025,65,4.30625,1.0009541813370373,1.0007924098808887
hm-m05-g2-L5p3-n2-beta2__N0080__Aplus_0p0025,hm-m05-g2-L5p3-n2-beta2__N0080__Aminus_0p0025,hm-m05-g2-L5p3-n2-beta2,80,0.0025,66,4.3725000000000005,1.0011323477075844,1.0009407009201916
hm-m05-g2-L5p3-n2-beta2__N0080__Aplus_0p0025,hm-m05-g2-L5p3-n2-beta2__N0080__Aminus_0p0025,hm-m05-g2-L5p3-n2-beta2,80,0.0025,67,4.438750000000001,1.0013035042223604,1.0010831752372005
hm-m05-g2-L5p3-n2-beta2__N0080__Aplus_0p0025,hm-m05-g2-L5p3-n2-beta2__N0080__Aminus_0p0025,hm-m05-g2-L5p3-n2-beta2,80,0.0025,68,4.505,1.001466597741975,1.001218953897464
hm-m05-g2-L5p3-n2-beta2__N0080__Aplus_0p0025,hm-m05-g2-L5p3-n2-beta2__N0080__Aminus_0p0025,hm-m05-g2-L5p3-n2-beta2,80,0.0025,69,4.57125,1.0016206250160857,1.0013471992037906
hm-m05-g2-L5p3-n2-beta2__N0080__Aplus_0p0025,hm-m05-g2-L5p3-n2-beta2__N0080__Aminus_0p0025,hm-m05-g2-L5p3-n2-beta2,80,0.0025,70,4.6375,1.0017646388126717,1.001467119875108
hm-m05-g2-L5p3-n2-beta2__N0080__Aplus_0p0025,hm-m05-g2-L5p3-n2-beta2__N0080__Aminus_0p0025,hm-m05-g2-L5p3-n2-beta2,80,0.0025,71,4.70375,1.0018977536988514,1.0015779759398526
hm-m05-g2-L5p3-n2-beta2__N0080__Aplus_0p0025,hm-m05-g2-L5p3-n2-beta2__N0080__Aminus_0p0025,hm-m05-g2-L5p3-n2-beta2,80,0.0025,72,4.7700000000000005,1.0020191514390773,1.00167908331336
hm-m05-g2-L5p3-n2-beta2__N0080__Aplus_0p0025,hm-m05-g2-L5p3-n2-beta2__N0080__Aminus_0p0025,hm-m05-g2-L5p3-n2-beta2,80,0.0025,73,4.836250000000001,1.0021280859789263,1.0017698180306591
hm-m05-g2-L5p3-n2-beta2__N0080__Aplus_0p0025,hm-m05-g2-L5p3-n2-beta2__N0080__Aminus_0p0025,hm-m05-g2-L5p3-n2-beta2,80,0.0025,74,4.9025,1.002223887985282,1.001849620108208
hm-m05-g2-L5p3-n2-beta2__N0080__Aplus_0p0025,hm-m05-g2-L5p3-n2-beta2__N0080__Aminus_0p0025,hm-m05-g2-L5p3-n2-beta2,80,0.0025,75,4.96875,1.002305968916393,1.001917997010404
hm-m05-g2-L5p3-n2-beta2__N0080__Aplus_0p0025,hm-m05-g2-L5p3-n2-beta2__N0080__Aminus_0p0025,hm-m05-g2-L5p3-n2-beta2,80,0.0025,76,5.035,1.0023738245981324,1.0019745266991513
hm-m05-g2-L5p3-n2-beta2__N0080__Aplus_0p0025,hm-m05-g2-L5p3-n2-beta2__N0080__Aminus_0p0025,hm-m05-g2-L5p3-n2-beta2,80,0.0025,77,5.10125,1.0024270382857143,1.0020188602473818
hm-m05-g2-L5p3-n2-beta2__N0080__Aplus_0p0025,hm-m05-g2-L5p3-n2-beta2__N0080__Aminus_0p0025,hm-m05-g2-L5p3-n2-beta2,80,0.0025,78,5.1675,1.0024652831931584,1.0020507240001273
hm-m05-g2-L5p3-n2-beta2__N0080__Aplus_0p0025,hm-m05-g2-L5p3-n2-beta2__N0080__Aminus_0p0025,hm-m05-g2-L5p3-n2-beta2,80,0.0025,79,5.233750000000001,1.0024883244759097,1.00206992126959
hm-m05-g2-L5p3-n2-beta2__N0080__Aplus_0p0025,hm-m05-g2-L5p3-n2-beta2__N0080__Aminus_0p0025,hm-m05-g2-L5p3-n2-beta2,80,0.0025,80,5.3,1.0024960206551923,1.0020763335535694
hm-m05-g2-L5p3-n2-beta2__N0080__Aplus_0p005,hm-m05-g2-L5p3-n2-beta2__N0080__Aminus_0p005,hm-m05-g2-L5p3-n2-beta2,80,0.005,0,0.0,1.004984078774079,1.0041467869998744
hm-m05-g2-L5p3-n2-beta2__N0080__Aplus_0p005,hm-m05-g2-L5p3-n2-beta2__N0080__Aminus_0p005,hm-m05-g2-L5p3-n2-beta2,80,0.005,1,0.06625,1.0049687074955507,1.0041339573058472
hm-m05-g2-L5p3-n2-beta2__N0080__Aplus_0p005,hm-m05-g2-L5p3-n2-beta2__N0080__Aminus_0p005,hm-m05-g2-L5p3-n2-beta2,80,0.005,2,0.1325,1.0049226876460204,1.0040955475159106
hm-m05-g2-L5p3-n2-beta2__N0080__Aplus_0p005,hm-m05-g2-L5p3-n2-beta2__N0080__Aminus_0p005,hm-m05-g2-L5p3-n2-beta2,80,0.005,3,0.19875,1.0048463006238084,1.0040317950129911
hm-m05-g2-L5p3-n2-beta2__N0080__Aplus_0p005,hm-m05-g2-L5p3-n2-beta2__N0080__Aminus_0p005,hm-m05-g2-L5p3-n2-beta2,80,0.005,4,0.265,1.0047400135629168,1.0039430937934217
hm-m05-g2-L5p3-n2-beta2__N0080__Aplus_0p005,hm-m05-g2-L5p3-n2-beta2__N0080__Aminus_0p005,hm-m05-g2-L5p3-n2-beta2,80,0.005,5,0.33125000000000004,1.0046044765485538,1.0038299920151328
hm-m05-g2-L5p3-n2-beta2__N0080__Aplus_0p005,hm-m05-g2-L5p3-n2-beta2__N0080__Aminus_0p005,hm-m05-g2-L5p3-n2-beta2,80,0.005,6,0.3975,1.004440518739497,1.0036931885870597
hm-m05-g2-L5p3-n2-beta2__N0080__Aplus_0p005,hm-m05-g2-L5p3-n2-beta2__N0080__Aminus_0p005,hm-m05-g2-L5p3-n2-beta2,80,0.005,7,0.46375,1.0042491434178755,1.003533528821518
hm-m05-g2-L5p3-n2-beta2__N0080__Aplus_0p005,hm-m05-g2-L5p3-n2-beta2__N0080__Aminus_0p005,hm-m05-g2-L5p3-n2-beta2,80,0.005,8,0.53,1.0040315219927733,1.0033519991772661
hm-m05-g2-L5p3-n2-beta2__N0080__Aplus_0p005,hm-m05-g2-L5p3-n2-beta2__N0080__Aminus_0p005,hm-m05-g2-L5p3-n2-beta2,80,0.005,9,0.5962500000000001,1.0037889869898173,1.0031497211267333
hm-m05-g2-L5p3-n2-beta2__N0080__Aplus_0p005,hm-m05-g2-L5p3-n2-beta2__N0080__Aminus_0p005,hm-m05-g2-L5p3-n2-beta2,80,0.005,10,0.6625000000000001,1.0035230240646025,1.002927944186428
hm-m05-g2-L5p3-n2-beta2__N0080__Aplus_0p005,hm-m05-g2-L5p3-n2-beta2__N0080__Aminus_0p005,hm-m05-g2-L5p3-n2-beta2,80,0.005,11,0.72875,1.0032352630834038,1.0026880381548158
hm-m05-g2-L5p3-n2-beta2__N0080__Aplus_0p005,hm-m05-g2-L5p3-n2-beta2__N0080__Aminus_0p005,hm-m05-g2-L5p3-n2-beta2,80,0.005,12,0.795,1.002927468320112,1.0024314846069156
hm-m05-g2-L5p3-n2-beta2__N0080__Aplus_0p005,hm-m05-g2-L5p3-n2-beta2__N0080__Aminus_0p005,hm-m05-g2-L5p3-n2-beta2,80,0.005,13,0.8612500000000001,1.0026015278236544,1.0021598676994992
hm-m05-g2-L5p3-n2-beta2__N0080__Aplus_0p005,hm-m05-g2-L5p3-n2-beta2__N0080__Aminus_0p005,hm-m05-g2-L5p3-n2-beta2,80,0.005,14,0.9275,1.0022594420153368,1.0018748643450386
hm-m05-g2-L5p3-n2-beta2__N0080__Aplus_0p005,hm-m05-g2-L5p3-n2-beta2__N0080__Aminus_0p005,hm-m05-g2-L5p3-n2-beta2,80,0.005,15,0.99375,1.00190331158048,1.0015782338164192
hm-m05-g2-L5p3-n2-beta2__N0080__Aplus_0p005,hm-m05-g2-L5p3-n2-beta2__N0080__Aminus_0p005,hm-m05-g2-L5p3-n2-beta2,80,0.005,16,1.06,1.0015353247234349,1.0012718068478963
hm-m05-g2-L5p3-n2-beta2__N0080__Aplus_0p005,hm-m05-g2-L5p3-n2-beta2__N0080__Aminus_0p005,hm-m05-g2-L5p3-n2-beta2,80,0.005,17,1.12625,1.0011577438594736,1.0009574743007843
hm-m05-g2-L5p3-n2-beta2__N0080__Aplus_0p005,hm-m05-g2-L5p3-n2-beta2__N0080__Aminus_0p005,hm-m05-g2-L5p3-n2-beta2,80,0.005,18,1.1925000000000001,1.0007728918211425,1.0006371754649328
hm-m05-g2-L5p3-n2-beta2__N0080__Aplus_0p005,hm-m05-g2-L5p3-n2-beta2__N0080__Aminus_0p005,hm-m05-g2-L5p3-n2-beta2,80,0.005,19,1.25875,1.000383137660378,1.0003128860691448
hm-m05-g2-L5p3-n2-beta2__N0080__Aplus_0p005,hm-m05-g2-L5p3-n2-beta2__N0080__Aminus_0p005,hm-m05-g2-L5p3-n2-beta2,80,0.005,20,1.3250000000000002,0.9999908821309957,0.9999866060753047
hm-m05-g2-L5p3-n2-beta2__N0080__Aplus_0p005,hm-m05-g2-L5p3-n2-beta2__N0080__Aminus_0p005,hm-m05-g2-L5p3-n2-beta2,80,0.005,21,1.39125,0.9995985429390036,0.9996603473321211
hm-m05-g2-L5p3-n2-beta2__N0080__Aplus_0p005,hm-m05-g2-L5p3-n2-beta2__N0080__Aminus_0p005,hm-m05-g2-L5p3-n2-beta2,80,0.005,22,1.4575,0.9992085398505528,0.9993361211650381
hm-m05-g2-L5p3-n2-beta2__N0080__Aplus_0p005,hm-m05-g2-L5p3-n2-beta2__N0080__Aminus_0p005,hm-m05-g2-L5p3-n2-beta2,80,0.005,23,1.5237500000000002,0.9988232797491509,0.9990159259790313
hm-m05-g2-L5p3-n2-beta2__N0080__Aplus_0p005,hm-m05-g2-L5p3-n2-beta2__N0080__Aminus_0p005,hm-m05-g2-L5p3-n2-beta2,80,0.005,24,1.59,0.9984451417350168,0.9987017349506883
hm-m05-g2-L5p3-n2-beta2__N0080__Aplus_0p005,hm-m05-g2-L5p3-n2-beta2__N0080__Aminus_0p005,hm-m05-g2-L5p3-n2-beta2,80,0.005,25,1.65625,0.9980764623601063,0.9983954838851813
hm-m05-g2-L5p3-n2-beta2__N0080__Aplus_0p005,hm-m05-g2-L5p3-n2-beta2__N0080__Aminus_0p005,hm-m05-g2-L5p3-n2-beta2,80,0.005,26,1.7225000000000001,0.9977195210923598,0.9980990593124913
hm-m05-g2-L5p3-n2-beta2__N0080__Aplus_0p005,hm-m05-g2-L5p3-n2-beta2__N0080__Aminus_0p005,hm-m05-g2-L5p3-n2-beta2,80,0.005,27,1.78875,0.9973765261021049,0.9978142868955377
hm-m05-g2-L5p3-n2-beta2__N0080__Aplus_0p005,hm-m05-g2-L5p3-n2-beta2__N0080__Aminus_0p005,hm-m05-g2-L5p3-n2-beta2,80,0.005,28,1.855,0.9970496004622623,0.9975429202207431
hm-m05-g2-L5p3-n2-beta2__N0080__Aplus_0p005,hm-m05-g2-L5p3-n2-beta2__N0080__Aminus_0p005,hm-m05-g2-L5p3-n2-beta2,80,0.005,29,1.9212500000000001,0.9967407688520525,0.9972866300390085
hm-m05-g2-L5p3-n2-beta2__N0080__Aplus_0p005,hm-m05-g2-L5p3-n2-beta2__N0080__Aminus_0p005,hm-m05-g2-L5p3-n2-beta2,80,0.005,30,1.9875,0.9964519448512821,0.9970469940221488
hm-m05-g2-L5p3-n2-beta2__N0080__Aplus_0p005,hm-m05-g2-L5p3-n2-beta2__N0080__Aminus_0p005,hm-m05-g2-L5p3-n2-beta2,80,0.005,31,2.05375,0.9961849189090028,0.9968254870965211
hm-m05-g2-L5p3-n2-beta2__N0080__Aplus_0p005,hm-m05-g2-L5p3-n2-beta2__N0080__Aminus_0p005,hm-m05-g2-L5p3-n2-beta2,80,0.005,32,2.12,0.9959413470664065,0.996623472411936
hm-m05-g2-L5p3-n2-beta2__N0080__Aplus_0p005,hm-m05-g2-L5p3-n2-beta2__N0080__Aminus_0p005,hm-m05-g2-L5p3-n2-beta2,80,0.005,33,2.1862500000000002,0.9957227405092541,0.9964421929999667
hm-m05-g2-L5p3-n2-beta2__N0080__Aplus_0p005,hm-m05-g2-L5p3-n2-beta2__N0080__Aminus_0p005,hm-m05-g2-L5p3-n2-beta2,80,0.005,34,2.2525,0.9955304560199781,0.9962827641715047
hm-m05-g2-L5p3-n2-beta2__N0080__Aplus_0p005,hm-m05-g2-L5p3-n2-beta2__N0080__Aminus_0p005,hm-m05-g2-L5p3-n2-beta2,80,0.005,35,2.31875,0.9953656873938643,0.9961461666988877
hm-m05-g2-L5p3-n2-beta2__N0080__Aplus_0p005,hm-m05-g2-L5p3-n2-beta2__N0080__Aminus_0p005,hm-m05-g2-L5p3-n2-beta2,80,0.005,36,2.3850000000000002,0.9952294578774686,0.9960332408231416
hm-m05-g2-L5p3-n2-beta2__N0080__Aplus_0p005,hm-m05-g2-L5p3-n2-beta2__N0080__Aminus_0p005,hm-m05-g2-L5p3-n2-beta2,80,0.005,37,2.45125,0.9951226136806868,0.9959446811219141
hm-m05-g2-L5p3-n2-beta2__N0080__Aplus_0p005,hm-m05-g2-L5p3-n2-beta2__N0080__Aminus_0p005,hm-m05-g2-L5p3-n2-beta2,80,0.005,38,2.5175,0.995045818606739,0.9958810322685006
hm-m05-g2-L5p3-n2-beta2__N0080__Aplus_0p005,hm-m05-g2-L5p3-n2-beta2__N0080__Aminus_0p005,hm-m05-g2-L5p3-n2-beta2,80,0.005,39,2.58375,0.9949995498368,0.9958426857070514
hm-m05-g2-L5p3-n2-beta2__N0080__Aplus_0p005,hm-m05-g2-L5p3-n2-beta2__N0080__Aminus_0p005,hm-m05-g2-L5p3-n2-beta2,80,0.005,40,2.6500000000000004,0.9949840948981696,0.9958298772636058
hm-m05-g2-L5p3-n2-beta2__N0080__Aplus_0p005,hm-m05-g2-L5p3-n2-beta2__N0080__Aminus_0p005,hm-m05-g2-L5p3-n2-beta2,80,0.005,41,2.71625,0.9949995498368005,0.9958426857070518
hm-m05-g2-L5p3-n2-beta2__N0080__Aplus_0p005,hm-m05-g2-L5p3-n2-beta2__N0080__Aminus_0p005,hm-m05-g2-L5p3-n2-beta2,80,0.005,42,2.7825,0.9950458186067402,0.9958810322685016
hm-m05-g2-L5p3-n2-beta2__N0080__Aplus_0p005,hm-m05-g2-L5p3-n2-beta2__N0080__Aminus_0p005,hm-m05-g2-L5p3-n2-beta2,80,0.005,43,2.8487500000000003,0.9951226136806886,0.9959446811219156
hm-m05-g2-L5p3-n2-beta2__N0080__Aplus_0p005,hm-m05-g2-L5p3-n2-beta2__N0080__Aminus_0p005,hm-m05-g2-L5p3-n2-beta2,80,0.005,44,2.915,0.9952294578774709,0.9960332408231433
hm-m05-g2-L5p3-n2-beta2__N0080__Aplus_0p005,hm-m05-g2-L5p3-n2-beta2__N0080__Aminus_0p005,hm-m05-g2-L5p3-n2-beta2,80,0.005,45,2.98125,0.9953656873938671,0.9961461666988896
hm-m05-g2-L5p3-n2-beta2__N0080__Aplus_0p005,hm-m05-g2-L5p3-n2-beta2__N0080__Aminus_0p005,hm-m05-g2-L5p3-n2-beta2,80,0.005,46,3.0475000000000003,0.9955304560199815,0.9962827641715071
hm-m05-g2-L5p3-n2-beta2__N0080__Aplus_0p005,hm-m05-g2-L5p3-n2-beta2__N0080__Aminus_0p005,hm-m05-g2-L5p3-n2-beta2,80,0.005,47,3.11375,0.995722740509258,0.9964421929999691
hm-m05-g2-L5p3-n2-beta2__N0080__Aplus_0p005,hm-m05-g2-L5p3-n2-beta2__N0080__Aminus_0p005,hm-m05-g2-L5p3-n2-beta2,80,0.005,48,3.18,0.9959413470664108,0.9966234724119389
hm-m05-g2-L5p3-n2-beta2__N0080__Aplus_0p005,hm-m05-g2-L5p3-n2-beta2__N0080__Aminus_0p005,hm-m05-g2-L5p3-n2-beta2,80,0.005,49,3.2462500000000003,0.9961849189090075,0.9968254870965243
hm-m05-g2-L5p3-n2-beta2__N0080__Aplus_0p005,hm-m05-g2-L5p3-n2-beta2__N0080__Aminus_0p005,hm-m05-g2-L5p3-n2-beta2,80,0.005,50,3.3125,0.9964519448512872,0.997046994022152
hm-m05-g2-L5p3-n2-beta2__N0080__Aplus_0p005,hm-m05-g2-L5p3-n2-beta2__N0080__Aminus_0p005,hm-m05-g2-L5p3-n2-beta2,80,0.005,51,3.37875,0.996740768852058,0.9972866300390121
hm-m05-g2-L5p3-n2-beta2__N0080__Aplus_0p005,hm-m05-g2-L5p3-n2-beta2__N0080__Aminus_0p005,hm-m05-g2-L5p3-n2-beta2,80,0.005,52,3.4450000000000003,0.9970496004622681,0.997542920220747
hm-m05-g2-L5p3-n2-beta2__N0080__Aplus_0p005,hm-m05-g2-L5p3-n2-beta2__N0080__Aminus_0p005,hm-m05-g2-L5p3-n2-beta2,80,0.005,53,3.51125,0.9973765261021109,0.9978142868955421
hm-m05-g2-L5p3-n2-beta2__N0080__Aplus_0p005,hm-m05-g2-L5p3-n2-beta2__N0080__Aminus_0p005,hm-m05-g2-L5p3-n2-beta2,80,0.005,54,3.5775,0.997719521092366,0.9980990593124961
hm-m05-g2-L5p3-n2-beta2__N0080__Aplus_0p005,hm-m05-g2-L5p3-n2-beta2__N0080__Aminus_0p005,hm-m05-g2-L5p3-n2-beta2,80,0.005,55,3.6437500000000003,0.9980764623601126,0.9983954838851863
hm-m05-g2-L5p3-n2-beta2__N0080__Aplus_0p005,hm-m05-g2-L5p3-n2-beta2__N0080__Aminus_0p005,hm-m05-g2-L5p3-n2-beta2,80,0.005,56,3.71,0.9984451417350231,0.9987017349506933
hm-m05-g2-L5p3-n2-beta2__N0080__Aplus_0p005,hm-m05-g2-L5p3-n2-beta2__N0080__Aminus_0p005,hm-m05-g2-L5p3-n2-beta2,80,0.005,57,3.77625,0.9988232797491572,0.9990159259790365
hm-m05-g2-L5p3-n2-beta2__N0080__Aplus_0p005,hm-m05-g2-L5p3-n2-beta2__N0080__Aminus_0p005,hm-m05-g2-L5p3-n2-beta2,80,0.005,58,3.8425000000000002,0.9992085398505592,0.9993361211650436
hm-m05-g2-L5p3-n2-beta2__N0080__Aplus_0p005,hm-m05-g2-L5p3-n2-beta2__N0080__Aminus_0p005,hm-m05-g2-L5p3-n2-beta2,80,0.005,59,3.9087500000000004,0.99959854293901,0.9996603473321267
hm-m05-g2-L5p3-n2-beta2__N0080__Aplus_0p005,hm-m05-g2-L5p3-n2-beta2__N0080__Aminus_0p005,hm-m05-g2-L5p3-n2-beta2,80,0.005,60,3.975,0.999990882131002,0.9999866060753104
hm-m05-g2-L5p3-n2-beta2__N0080__Aplus_0p005,hm-m05-g2-L5p3-n2-beta2__N0080__Aminus_0p005,hm-m05-g2-L5p3-n2-beta2,80,0.005,61,4.04125,1.000383137660384,1.0003128860691506
hm-m05-g2-L5p3-n2-beta2__N0080__Aplus_0p005,hm-m05-g2-L5p3-n2-beta2__N0080__Aminus_0p005,hm-m05-g2-L5p3-n2-beta2,80,0.005,62,4.1075,1.000772891821148,1.0006371754649388
hm-m05-g2-L5p3-n2-beta2__N0080__Aplus_0p005,hm-m05-g2-L5p3-n2-beta2__N0080__Aminus_0p005,hm-m05-g2-L5p3-n2-beta2,80,0.005,63,4.17375,1.001157743859479,1.0009574743007903
hm-m05-g2-L5p3-n2-beta2__N0080__Aplus_0p005,hm-m05-g2-L5p3-n2-beta2__N0080__Aminus_0p005,hm-m05-g2-L5p3-n2-beta2,80,0.005,64,4.24,1.0015353247234398,1.0012718068479025
hm-m05-g2-L5p3-n2-beta2__N0080__Aplus_0p005,hm-m05-g2-L5p3-n2-beta2__N0080__Aminus_0p005,hm-m05-g2-L5p3-n2-beta2,80,0.005,65,4.30625,1.0019033115804845,1.0015782338164256
hm-m05-g2-L5p3-n2-beta2__N0080__Aplus_0p005,hm-m05-g2-L5p3-n2-beta2__N0080__Aminus_0p005,hm-m05-g2-L5p3-n2-beta2,80,0.005,66,4.3725000000000005,1.002259442015341,1.0018748643450455
hm-m05-g2-L5p3-n2-beta2__N0080__Aplus_0p005,hm-m05-g2-L5p3-n2-beta2__N0080__Aminus_0p005,hm-m05-g2-L5p3-n2-beta2,80,0.005,67,4.438750000000001,1.0026015278236582,1.0021598676995065
hm-m05-g2-L5p3-n2-beta2__N0080__Aplus_0p005,hm-m05-g2-L5p3-n2-beta2__N0080__Aminus_0p005,hm-m05-g2-L5p3-n2-beta2,80,0.005,68,4.505,1.0029274683201153,1.0024314846069229
hm-m05-g2-L5p3-n2-beta2__N0080__Aplus_0p005,hm-m05-g2-L5p3-n2-beta2__N0080__Aminus_0p005,hm-m05-g2-L5p3-n2-beta2,80,0.005,69,4.57125,1.003235263083407,1.0026880381548229
hm-m05-g2-L5p3-n2-beta2__N0080__Aplus_0p005,hm-m05-g2-L5p3-n2-beta2__N0080__Aminus_0p005,hm-m05-g2-L5p3-n2-beta2,80,0.005,70,4.6375,1.0035230240646051,1.0029279441864354
hm-m05-g2-L5p3-n2-beta2__N0080__Aplus_0p005,hm-m05-g2-L5p3-n2-beta2__N0080__Aminus_0p005,hm-m05-g2-L5p3-n2-beta2,80,0.005,71,4.70375,1.0037889869898198,1.0031497211267408
hm-m05-g2-L5p3-n2-beta2__N0080__Aplus_0p005,hm-m05-g2-L5p3-n2-beta2__N0080__Aminus_0p005,hm-m05-g2-L5p3-n2-beta2,80,0.005,72,4.7700000000000005,1.0040315219927753,1.0033519991772735
hm-m05-g2-L5p3-n2-beta2__N0080__Aplus_0p005,hm-m05-g2-L5p3-n2-beta2__N0080__Aminus_0p005,hm-m05-g2-L5p3-n2-beta2,80,0.005,73,4.836250000000001,1.004249143417877,1.0035335288215255
hm-m05-g2-L5p3-n2-beta2__N0080__Aplus_0p005,hm-m05-g2-L5p3-n2-beta2__N0080__Aminus_0p005,hm-m05-g2-L5p3-n2-beta2,80,0.005,74,4.9025,1.0044405187394985,1.0036931885870675
hm-m05-g2-L5p3-n2-beta2__N0080__Aplus_0p005,hm-m05-g2-L5p3-n2-beta2__N0080__Aminus_0p005,hm-m05-g2-L5p3-n2-beta2,80,0.005,75,4.96875,1.004604476548555,1.0038299920151408
hm-m05-g2-L5p3-n2-beta2__N0080__Aplus_0p005,hm-m05-g2-L5p3-n2-beta2__N0080__Aminus_0p005,hm-m05-g2-L5p3-n2-beta2,80,0.005,76,5.035,1.0047400135629176,1.0039430937934295
hm-m05-g2-L5p3-n2-beta2__N0080__Aplus_0p005,hm-m05-g2-L5p3-n2-beta2__N0080__Aminus_0p005,hm-m05-g2-L5p3-n2-beta2,80,0.005,77,5.10125,1.0048463006238093,1.004031795012999
hm-m05-g2-L5p3-n2-beta2__N0080__Aplus_0p005,hm-m05-g2-L5p3-n2-beta2__N0080__Aminus_0p005,hm-m05-g2-L5p3-n2-beta2,80,0.005,78,5.1675,1.004922687646021,1.0040955475159186
hm-m05-g2-L5p3-n2-beta2__N0080__Aplus_0p005,hm-m05-g2-L5p3-n2-beta2__N0080__Aminus_0p005,hm-m05-g2-L5p3-n2-beta2,80,0.005,79,5.233750000000001,1.0049687074955513,1.004133957305855
hm-m05-g2-L5p3-n2-beta2__N0080__Aplus_0p005,hm-m05-g2-L5p3-n2-beta2__N0080__Aminus_0p005,hm-m05-g2-L5p3-n2-beta2,80,0.005,80,5.3,1.0049840787740796,1.0041467869998824
hm-m05-g2-L5p3-n2-beta2__N0080__Aplus_0p01,hm-m05-g2-L5p3-n2-beta2__N0080__Aminus_0p01,hm-m05-g2-L5p3-n2-beta2,80,0.01,0,0.0,1.009936285794001,1.0082698685752616
hm-m05-g2-L5p3-n2-beta2__N0080__Aplus_0p01,hm-m05-g2-L5p3-n2-beta2__N0080__Aminus_0p01,hm-m05-g2-L5p3-n2-beta2,80,0.01,1,0.06625,1.009905628167921,1.0082441894153384
hm-m05-g2-L5p3-n2-beta2__N0080__Aplus_0p01,hm-m05-g2-L5p3-n2-beta2__N0080__Aminus_0p01,hm-m05-g2-L5p3-n2-beta2,80,0.01,2,0.1325,1.0098138411302005,1.0081673110144977
hm-m05-g2-L5p3-n2-beta2__N0080__Aplus_0p01,hm-m05-g2-L5p3-n2-beta2__N0080__Aminus_0p01,hm-m05-g2-L5p3-n2-beta2,80,0.01,3,0.19875,1.0096614811373956,1.0080397096108902
hm-m05-g2-L5p3-n2-beta2__N0080__Aplus_0p01,hm-m05-g2-L5p3-n2-beta2__N0080__Aminus_0p01,hm-m05-g2-L5p3-n2-beta2,80,0.01,4,0.265,1.0094494720715277,1.0078621756125319
hm-m05-g2-L5p3-n2-beta2__N0080__Aplus_0p01,hm-m05-g2-L5p3-n2-beta2__N0080__Aminus_0p01,hm-m05-g2-L5p3-n2-beta2,80,0.01,5,0.33125000000000004,1.0091790999372823,1.0076358086368333
hm-m05-g2-L5p3-n2-beta2__N0080__Aplus_0p01,hm-m05-g2-L5p3-n2-beta2__N0080__Aminus_0p01,hm-m05-g2-L5p3-n2-beta2,80,0.01,6,0.3975,1.0088520054693193,1.0073620106115388
hm-m05-g2-L5p3-n2-beta2__N0080__Aplus_0p01,hm-m05-g2-L5p3-n2-beta2__N0080__Aminus_0p01,hm-m05-g2-L5p3-n2-beta2,80,0.01,7,0.46375,1.0084701746811886,1.0070424769822706
hm-m05-g2-L5p3-n2-beta2__N0080__Aplus_0p01,hm-m05-g2-L5p3-n2-beta2__N0080__Aminus_0p01,hm-m05-g2-L5p3-n2-beta2,80,0.01,8,0.53,1.0080359273966968,1.0066791860842275
hm-m05-g2-L5p3-n2-beta2__N0080__Aplus_0p01,hm-m05-g2-L5p3-n2-beta2__N0080__Aminus_0p01,hm-m05-g2-L5p3-n2-beta2,80,0.01,9,0.5962500000000001,1.0075519038141592,1.006274386747511
hm-m05-g2-L5p3-n2-beta2__N0080__Aplus_0p01,hm-m05-g2-L5p3-n2-beta2__N0080__Aminus_0p01,hm-m05-g2-L5p3-n2-beta2,80,0.01,10,0.6625000000000001,1.0070210491638107,1.005830584216984
hm-m05-g2-L5p3-n2-beta2__N0080__Aplus_0p01,hm-m05-g2-L5p3-n2-beta2__N0080__Aminus_0p01,hm-m05-g2-L5p3-n2-beta2,80,0.01,11,0.72875,1.006446596528733,1.0053505244783931
hm-m05-g2-L5p3-n2-beta2__N0080__Aplus_0p01,hm-m05-g2-L5p3-n2-beta2__N0080__Aminus_0p01,hm-m05-g2-L5p3-n2-beta2,80,0.01,12,0.795,1.0058320479099783,1.0048371770926694
hm-m05-g2-L5p3-n2-beta2__N0080__Aplus_0p01,hm-m05-g2-L5p3-n2-beta2__N0080__Aminus_0p01,hm-m05-g2-L5p3-n2-beta2,80,0.01,13,0.8612500000000001,1.005181153627065,1.0042937166497394
hm-m05-g2-L5p3-n2-beta2__N0080__Aplus_0p01,hm-m05-g2-L5p3-n2-beta2__N0080__Aminus_0p01,hm-m05-g2-L5p3-n2-beta2,80,0.01,14,0.9275,1.0044978901556516,1.0037235029618177
hm-m05-g2-L5p3-n2-beta2__N0080__Aplus_0p01,hm-m05-g2-L5p3-n2-beta2__N0080__Aminus_0p01,hm-m05-g2-L5p3-n2-beta2,80,0.01,15,0.99375,1.0037864365148454,1.0031300601238986
hm-m05-g2-L5p3-n2-beta2__N0080__Aplus_0p01,hm-m05-g2-L5p3-n2-beta2__N0080__Aminus_0p01,hm-m05-g2-L5p3-n2-beta2,80,0.01,16,1.06,1.003051149327206,1.0025170545760258
hm-m05-g2-L5p3-n2-beta2__N0080__Aplus_0p01,hm-m05-g2-L5p3-n2-beta2__N0080__Aminus_0p01,hm-m05-g2-L5p3-n2-beta2,80,0.01,17,1.12625,1.0022965366848982,1.0018882723077842
hm-m05-g2-L5p3-n2-beta2__N0080__Aplus_0p01,hm-m05-g2-L5p3-n2-beta2__N0080__Aminus_0p01,hm-m05-g2-L5p3-n2-beta2,80,0.01,18,1.1925000000000001,1.0015272309655416,1.0012475953503615
hm-m05-g2-L5p3-n2-beta2__N0080__Aplus_0p01,hm-m05-g2-L5p3-n2-beta2__N0080__Aminus_0p01,hm-m05-g2-L5p3-n2-beta2,80,0.01,19,1.25875,1.0007479607509164,1.0005989777053863
hm-m05-g2-L5p3-n2-beta2__N0080__Aplus_0p01,hm-m05-g2-L5p3-n2-beta2__N0080__Aminus_0p01,hm-m05-g2-L5p3-n2-beta2,80,0.01,20,1.3250000000000002,0.9999635220106795,0.9999464208625896
hm-m05-g2-L5p3-n2-beta2__N0080__Aplus_0p01,hm-m05-g2-L5p3-n2-beta2__N0080__Aminus_0p01,hm-m05-g2-L5p3-n2-beta2,80,0.01,21,1.39125,0.9991787487214756,0.9992939490601197
hm-m05-g2-L5p3-n2-beta2__N0080__Aplus_0p01,hm-m05-g2-L5p3-n2-beta2__N0080__Aminus_0p01,hm-m05-g2-L5p3-n2-beta2,80,0.01,22,1.4575,0.9983984830991254,0.9986455844421068
hm-m05-g2-L5p3-n2-beta2__N0080__Aplus_0p01,hm-m05-g2-L5p3-n2-beta2__N0080__Aminus_0p01,hm-m05-g2-L5p3-n2-beta2,80,0.01,23,1.5237500000000002,0.9976275456277915,0.9980053222677898
hm-m05-g2-L5p3-n2-beta2__N0080__Aplus_0p01,hm-m05-g2-L5p3-n2-beta2__N0080__Aminus_0p01,hm-m05-g2-L5p3-n2-beta2,80,0.01,24,1.59,0.9968707050750449,0.9973771063252621
hm-m05-g2-L5p3-n2-beta2__N0080__Aplus_0p01,hm-m05-g2-L5p3-n2-beta2__N0080__Aminus_0p01,hm-m05-g2-L5p3-n2-beta2,80,0.01,25,1.65625,0.9961326486854236,0.9967648047006418
hm-m05-g2-L5p3-n2-beta2__N0080__Aplus_0p01,hm-m05-g2-L5p3-n2-beta2__N0080__Aminus_0p01,hm-m05-g2-L5p3-n2-beta2,80,0.01,26,1.7225000000000001,0.995417952747313,0.9961721860503098
hm-m05-g2-L5p3-n2-beta2__N0080__Aplus_0p01,hm-m05-g2-L5p3-n2-beta2__N0080__Aminus_0p01,hm-m05-g2-L5p3-n2-beta2,80,0.01,27,1.78875,0.9947310537286694,0.9956028965197979
hm-m05-g2-L5p3-n2-beta2__N0080__Aplus_0p01,hm-m05-g2-L5p3-n2-beta2__N0080__Aminus_0p01,hm-m05-g2-L5p3-n2-beta2,80,0.01,28,1.855,0.994076220176208,0.995060437448028
hm-m05-g2-L5p3-n2-beta2__N0080__Aplus_0p01,hm-m05-g2-L5p3-n2-beta2__N0080__Aminus_0p01,hm-m05-g2-L5p3-n2-beta2,80,0.01,29,1.9212500000000001,0.9934575255701182,0.9945481439899336
hm-m05-g2-L5p3-n2-beta2__N0080__Aplus_0p01,hm-m05-g2-L5p3-n2-beta2__N0080__Aminus_0p01,hm-m05-g2-L5p3-n2-beta2,80,0.01,30,1.9875,0.9928788223221509,0.994069164784118
hm-m05-g2-L5p3-n2-beta2__N0080__Aplus_0p01,hm-m05-g2-L5p3-n2-beta2__N0080__Aminus_0p01,hm-m05-g2-L5p3-n2-beta2,80,0.01,31,2.05375,0.9923437170990232,0.9936264427851645
hm-m05-g2-L5p3-n2-beta2__N0080__Aplus_0p01,hm-m05-g2-L5p3-n2-beta2__N0080__Aminus_0p01,hm-m05-g2-L5p3-n2-beta2,80,0.01,32,2.12,0.9918555476455562,0.9932226973725913
hm-m05-g2-L5p3-n2-beta2__N0080__Aplus_0p01,hm-m05-g2-L5p3-n2-beta2__N0080__Aminus_0p01,hm-m05-g2-L5p3-n2-beta2,80,0.01,33,2.1862500000000002,0.9914173612728217,0.9928604078402778
hm-m05-g2-L5p3-n2-beta2__N0080__Aplus_0p01,hm-m05-g2-L5p3-n2-beta2__N0080__Aminus_0p01,hm-m05-g2-L5p3-n2-beta2,80,0.01,34,2.2525,0.9910318951659194,0.9925417983615776
hm-m05-g2-L5p3-n2-beta2__N0080__Aplus_0p01,hm-m05-g2-L5p3-n2-beta2__N0080__Aminus_0p01,hm-m05-g2-L5p3-n2-beta2,80,0.01,35,2.31875,0.9907015586539,0.9922688245162857
hm-m05-g2-L5p3-n2-beta2__N0080__Aplus_0p01,hm-m05-g2-L5p3-n2-beta2__N0080__Aminus_0p01,hm-m05-g2-L5p3-n2-beta2,80,0.01,36,2.3850000000000002,0.9904284175709209,0.9920431614562555
hm-m05-g2-L5p3-n2-beta2__N0080__Aplus_0p01,hm-m05-g2-L5p3-n2-beta2__N0080__Aminus_0p01,hm-m05-g2-L5p3-n2-beta2,80,0.01,37,2.45125,0.990214180823073,0.991866193776769
hm-m05-g2-L5p3-n2-beta2__N0080__Aplus_0p01,hm-m05-g2-L5p3-n2-beta2__N0080__Aminus_0p01,hm-m05-g2-L5p3-n2-beta2,80,0.01,38,2.5175,0.9900601892595965,0.9917390071508372
hm-m05-g2-L5p3-n2-beta2__N0080__Aplus_0p01,hm-m05-g2-L5p3-n2-beta2__N0080__Aminus_0p01,hm-m05-g2-L5p3-n2-beta2,80,0.01,39,2.58375,0.9899674069305562,0.991662381773472
hm-m05-g2-L5p3-n2-beta2__N0080__Aplus_0p01,hm-m05-g2-L5p3-n2-beta2__N0080__Aminus_0p01,hm-m05-g2-L5p3-n2-beta2,80,0.01,40,2.6500000000000004,0.9899364147956198,0.9916367876526743
hm-m05-g2-L5p3-n2-beta2__N0080__Aplus_0p01,hm-m05-g2-L5p3-n2-beta2__N0080__Aminus_0p01,hm-m05-g2-L5p3-n2-beta2,80,0.01,41,2.71625,0.989967406930556,0.9916623817734714
hm-m05-g2-L5p3-n2-beta2__N0080__Aplus_0p01,hm-m05-g2-L5p3-n2-beta2__N0080__Aminus_0p01,hm-m05-g2-L5p3-n2-beta2,80,0.01,42,2.7825,0.9900601892595963,0.9917390071508362
hm-m05-g2-L5p3-n2-beta2__N0080__Aplus_0p01,hm-m05-g2-L5p3-n2-beta2__N0080__Aminus_0p01,hm-m05-g2-L5p3-n2-beta2,80,0.01,43,2.8487500000000003,0.9902141808230727,0.9918661937767673
hm-m05-g2-L5p3-n2-beta2__N0080__Aplus_0p01,hm-m05-g2-L5p3-n2-beta2__N0080__Aminus_0p01,hm-m05-g2-L5p3-n2-beta2,80,0.01,44,2.915,0.9904284175709205,0.9920431614562534
hm-m05-g2-L5p3-n2-beta2__N0080__Aplus_0p01,hm-m05-g2-L5p3-n2-beta2__N0080__Aminus_0p01,hm-m05-g2-L5p3-n2-beta2,80,0.01,45,2.98125,0.9907015586538993,0.992268824516283
hm-m05-g2-L5p3-n2-beta2__N0080__Aplus_0p01,hm-m05-g2-L5p3-n2-beta2__N0080__Aminus_0p01,hm-m05-g2-L5p3-n2-beta2,80,0.01,46,3.0475000000000003,0.9910318951659185,0.9925417983615743
hm-m05-g2-L5p3-n2-beta2__N0080__Aplus_0p01,hm-m05-g2-L5p3-n2-beta2__N0080__Aminus_0p01,hm-m05-g2-L5p3-n2-beta2,80,0.01,47,3.11375,0.9914173612728207,0.9928604078402739
hm-m05-g2-L5p3-n2-beta2__N0080__Aplus_0p01,hm-m05-g2-L5p3-n2-beta2__N0080__Aminus_0p01,hm-m05-g2-L5p3-n2-beta2,80,0.01,48,3.18,0.991855547645555,0.9932226973725866
hm-m05-g2-L5p3-n2-beta2__N0080__Aplus_0p01,hm-m05-g2-L5p3-n2-beta2__N0080__Aminus_0p01,hm-m05-g2-L5p3-n2-beta2,80,0.01,49,3.2462500000000003,0.9923437170990217,0.9936264427851593
hm-m05-g2-L5p3-n2-beta2__N0080__Aplus_0p01,hm-m05-g2-L5p3-n2-beta2__N0080__Aminus_0p01,hm-m05-g2-L5p3-n2-beta2,80,0.01,50,3.3125,0.9928788223221491,0.9940691647841119
hm-m05-g2-L5p3-n2-beta2__N0080__Aplus_0p01,hm-m05-g2-L5p3-n2-beta2__N0080__Aminus_0p01,hm-m05-g2-L5p3-n2-beta2,80,0.01,51,3.37875,0.9934575255701161,0.9945481439899269
hm-m05-g2-L5p3-n2-beta2__N0080__Aplus_0p01,hm-m05-g2-L5p3-n2-beta2__N0080__Aminus_0p01,hm-m05-g2-L5p3-n2-beta2,80,0.01,52,3.4450000000000003,0.9940762201762056,0.9950604374480209
hm-m05-g2-L5p3-n2-beta2__N0080__Aplus_0p01,hm-m05-g2-L5p3-n2-beta2__N0080__Aminus_0p01,hm-m05-g2-L5p3-n2-beta2,80,0.01,53,3.51125,0.9947310537286665,0.9956028965197902
hm-m05-g2-L5p3-n2-beta2__N0080__Aplus_0p01,hm-m05-g2-L5p3-n2-beta2__N0080__Aminus_0p01,hm-m05-g2-L5p3-n2-beta2,80,0.01,54,3.5775,0.9954179527473097,0.9961721860503016
hm-m05-g2-L5p3-n2-beta2__N0080__Aplus_0p01,hm-m05-g2-L5p3-n2-beta2__N0080__Aminus_0p01,hm-m05-g2-L5p3-n2-beta2,80,0.01,55,3.6437500000000003,0.9961326486854198,0.996764804700633
hm-m05-g2-L5p3-n2-beta2__N0080__Aplus_0p01,hm-m05-g2-L5p3-n2-beta2__N0080__Aminus_0p01,hm-m05-g2-L5p3-n2-beta2,80,0.01,56,3.71,0.9968707050750407,0.9973771063252527
hm-m05-g2-L5p3-n2-beta2__N0080__Aplus_0p01,hm-m05-g2-L5p3-n2-beta2__N0080__Aminus_0p01,hm-m05-g2-L5p3-n2-beta2,80,0.01,57,3.77625,0.9976275456277868,0.99800532226778
hm-m05-g2-L5p3-n2-beta2__N0080__Aplus_0p01,hm-m05-g2-L5p3-n2-beta2__N0080__Aminus_0p01,hm-m05-g2-L5p3-n2-beta2,80,0.01,58,3.8425000000000002,0.9983984830991202,0.9986455844420967
hm-m05-g2-L5p3-n2-beta2__N0080__Aplus_0p01,hm-m05-g2-L5p3-n2-beta2__N0080__Aminus_0p01,hm-m05-g2-L5p3-n2-beta2,80,0.01,59,3.9087500000000004,0.9991787487214698,0.9992939490601093
hm-m05-g2-L5p3-n2-beta2__N0080__Aplus_0p01,hm-m05-g2-L5p3-n2-beta2__N0080__Aminus_0p01,hm-m05-g2-L5p3-n2-beta2,80,0.01,60,3.975,0.9999635220106731,0.9999464208625787
hm-m05-g2-L5p3-n2-beta2__N0080__Aplus_0p01,hm-m05-g2-L5p3-n2-beta2__N0080__Aminus_0p01,hm-m05-g2-L5p3-n2-beta2,80,0.01,61,4.04125,1.0007479607509095,1.000598977705375
hm-m05-g2-L5p3-n2-beta2__N0080__Aplus_0p01,hm-m05-g2-L5p3-n2-beta2__N0080__Aminus_0p01,hm-m05-g2-L5p3-n2-beta2,80,0.01,62,4.1075,1.001527230965534,1.0012475953503497
hm-m05-g2-L5p3-n2-beta2__N0080__Aplus_0p01,hm-m05-g2-L5p3-n2-beta2__N0080__Aminus_0p01,hm-m05-g2-L5p3-n2-beta2,80,0.01,63,4.17375,1.0022965366848902,1.0018882723077722
hm-m05-g2-L5p3-n2-beta2__N0080__Aplus_0p01,hm-m05-g2-L5p3-n2-beta2__N0080__Aminus_0p01,hm-m05-g2-L5p3-n2-beta2,80,0.01,64,4.24,1.0030511493271976,1.0025170545760134
hm-m05-g2-L5p3-n2-beta2__N0080__Aplus_0p01,hm-m05-g2-L5p3-n2-beta2__N0080__Aminus_0p01,hm-m05-g2-L5p3-n2-beta2,80,0.01,65,4.30625,1.0037864365148366,1.003130060123886
hm-m05-g2-L5p3-n2-beta2__N0080__Aplus_0p01,hm-m05-g2-L5p3-n2-beta2__N0080__Aminus_0p01,hm-m05-g2-L5p3-n2-beta2,80,0.01,66,4.3725000000000005,1.004497890155642,1.003723502961805
hm-m05-g2-L5p3-n2-beta2__N0080__Aplus_0p01,hm-m05-g2-L5p3-n2-beta2__N0080__Aminus_0p01,hm-m05-g2-L5p3-n2-beta2,80,0.01,67,4.438750000000001,1.005181153627055,1.0042937166497266
hm-m05-g2-L5p3-n2-beta2__N0080__Aplus_0p01,hm-m05-g2-L5p3-n2-beta2__N0080__Aminus_0p01,hm-m05-g2-L5p3-n2-beta2,80,0.01,68,4.505,1.0058320479099678,1.004837177092656
hm-m05-g2-L5p3-n2-beta2__N0080__Aplus_0p01,hm-m05-g2-L5p3-n2-beta2__N0080__Aminus_0p01,hm-m05-g2-L5p3-n2-beta2,80,0.01,69,4.57125,1.0064465965287221,1.0053505244783794
hm-m05-g2-L5p3-n2-beta2__N0080__Aplus_0p01,hm-m05-g2-L5p3-n2-beta2__N0080__Aminus_0p01,hm-m05-g2-L5p3-n2-beta2,80,0.01,70,4.6375,1.0070210491637994,1.00583058421697
hm-m05-g2-L5p3-n2-beta2__N0080__Aplus_0p01,hm-m05-g2-L5p3-n2-beta2__N0080__Aminus_0p01,hm-m05-g2-L5p3-n2-beta2,80,0.01,71,4.70375,1.0075519038141474,1.0062743867474968
hm-m05-g2-L5p3-n2-beta2__N0080__Aplus_0p01,hm-m05-g2-L5p3-n2-beta2__N0080__Aminus_0p01,hm-m05-g2-L5p3-n2-beta2,80,0.01,72,4.7700000000000005,1.0080359273966846,1.0066791860842128
hm-m05-g2-L5p3-n2-beta2__N0080__Aplus_0p01,hm-m05-g2-L5p3-n2-beta2__N0080__Aminus_0p01,hm-m05-g2-L5p3-n2-beta2,80,0.01,73,4.836250000000001,1.0084701746811762,1.007042476982256
hm-m05-g2-L5p3-n2-beta2__N0080__Aplus_0p01,hm-m05-g2-L5p3-n2-beta2__N0080__Aminus_0p01,hm-m05-g2-L5p3-n2-beta2,80,0.01,74,4.9025,1.0088520054693066,1.007362010611524
hm-m05-g2-L5p3-n2-beta2__N0080__Aplus_0p01,hm-m05-g2-L5p3-n2-beta2__N0080__Aminus_0p01,hm-m05-g2-L5p3-n2-beta2,80,0.01,75,4.96875,1.0091790999372694,1.0076358086368185
hm-m05-g2-L5p3-n2-beta2__N0080__Aplus_0p01,hm-m05-g2-L5p3-n2-beta2__N0080__Aminus_0p01,hm-m05-g2-L5p3-n2-beta2,80,0.01,76,5.035,1.0094494720715146,1.007862175612517
hm-m05-g2-L5p3-n2-beta2__N0080__Aplus_0p01,hm-m05-g2-L5p3-n2-beta2__N0080__Aminus_0p01,hm-m05-g2-L5p3-n2-beta2,80,0.01,77,5.10125,1.0096614811373823,1.0080397096108753
hm-m05-g2-L5p3-n2-beta2__N0080__Aplus_0p01,hm-m05-g2-L5p3-n2-beta2__N0080__Aminus_0p01,hm-m05-g2-L5p3-n2-beta2,80,0.01,78,5.1675,1.009813841130187,1.0081673110144826
hm-m05-g2-L5p3-n2-beta2__N0080__Aplus_0p01,hm-m05-g2-L5p3-n2-beta2__N0080__Aminus_0p01,hm-m05-g2-L5p3-n2-beta2,80,0.01,79,5.233750000000001,1.0099056281679075,1.0082441894153233
hm-m05-g2-L5p3-n2-beta2__N0080__Aplus_0p01,hm-m05-g2-L5p3-n2-beta2__N0080__Aminus_0p01,hm-m05-g2-L5p3-n2-beta2,80,0.01,80,5.3,1.0099362857939875,1.0082698685752467
hm-m05-g2-L5p3-n2-beta2__N0080__Aplus_0p02,hm-m05-g2-L5p3-n2-beta2__N0080__Aminus_0p02,hm-m05-g2-L5p3-n2-beta2,80,0.02,0,0.0,1.0197449322198044,1.0164434327735805
hm-m05-g2-L5p3-n2-beta2__N0080__Aplus_0p02,hm-m05-g2-L5p3-n2-beta2__N0080__Aminus_0p02,hm-m05-g2-L5p3-n2-beta2,80,0.02,1,0.06625,1.0196839611211603,1.0163920010939818
hm-m05-g2-L5p3-n2-beta2__N0080__Aplus_0p02,hm-m05-g2-L5p3-n2-beta2__N0080__Aminus_0p02,hm-m05-g2-L5p3-n2-beta2,80,0.02,2,0.1325,1.0195014107146276,1.0162380260816617
hm-m05-g2-L5p3-n2-beta2__N0080__Aplus_0p02,hm-m05-g2-L5p3-n2-beta2__N0080__Aminus_0p02,hm-m05-g2-L5p3-n2-beta2,80,0.02,3,0.19875,1.0191983677719822,1.01598246577726
hm-m05-g2-L5p3-n2-beta2__N0080__Aplus_0p02,hm-m05-g2-L5p3-n2-beta2__N0080__Aminus_0p02,hm-m05-g2-L5p3-n2-beta2,80,0.02,4,0.265,1.0187766372603266,1.0156269101330446
hm-m05-g2-L5p3-n2-beta2__N0080__Aplus_0p02,hm-m05-g2-L5p3-n2-beta2__N0080__Aminus_0p02,hm-m05-g2-L5p3-n2-beta2,80,0.02,5,0.33125000000000004,1.0182387328713387,1.015173570888012
hm-m05-g2-L5p3-n2-beta2__N0080__Aplus_0p02,hm-m05-g2-L5p3-n2-beta2__N0080__Aminus_0p02,hm-m05-g2-L5p3-n2-beta2,80,0.02,6,0.3975,1.0175878637792777,1.014625267489286
hm-m05-g2-L5p3-n2-beta2__N0080__Aplus_0p02,hm-m05-g2-L5p3-n2-beta2__N0080__Aminus_0p02,hm-m05-g2-L5p3-n2-beta2,80,0.02,7,0.46375,1.0168279176470325,1.0139854091552511
hm-m05-g2-L5p3-n2-beta2__N0080__Aplus_0p02,hm-m05-g2-L5p3-n2-beta2__N0080__Aminus_0p02,hm-m05-g2-L5p3-n2-beta2,80,0.02,8,0.53,1.0159634399081214,1.0132579732019855
hm-m05-g2-L5p3-n2-beta2__N0080__Aplus_0p02,hm-m05-g2-L5p3-n2-beta2__N0080__Aminus_0p02,hm-m05-g2-L5p3-n2-beta2,80,0.02,9,0.5962500000000001,1.014999609363286,1.0124474797797811
hm-m05-g2-L5p3-n2-beta2__N0080__Aplus_0p02,hm-m05-g2-L5p3-n2-beta2__N0080__Aminus_0p02,hm-m05-g2-L5p3-n2-beta2,80,0.02,10,0.6625000000000001,1.013942210143509,1.0115589631907285
hm-m05-g2-L5p3-n2-beta2__N0080__Aplus_0p02,hm-m05-g2-L5p3-n2-beta2__N0080__Aminus_0p02,hm-m05-g2-L5p3-n2-beta2,80,0.02,11,0.72875,1.0127976001070618,1.0105979399812433
hm-m05-g2-L5p3-n2-beta2__N0080__Aplus_0p02,hm-m05-g2-L5p3-n2-beta2__N0080__Aminus_0p02,hm-m05-g2-L5p3-n2-beta2,80,0.02,12,0.795,1.0115726757566497,1.009570374024894
hm-m05-g2-L5p3-n2-beta2__N0080__Aplus_0p02,hm-m05-g2-L5p3-n2-beta2__N0080__Aminus_0p02,hm-m05-g2-L5p3-n2-beta2,80,0.02,13,0.8612500000000001,1.0102748337837968,1.0084826388307104
hm-m05-g2-L5p3-n2-beta2__N0080__Aplus_0p02,hm-m05-g2-L5p3-n2-beta2__N0080__Aminus_0p02,hm-m05-g2-L5p3-n2-beta2,80,0.02,14,0.9275,1.0089119293711568,1.0073414773301868
hm-m05-g2-L5p3-n2-beta2__N0080__Aplus_0p02,hm-m05-g2-L5p3-n2-beta2__N0080__Aminus_0p02,hm-m05-g2-L5p3-n2-beta2,80,0.02,15,0.99375,1.0074922314091344,1.0061539594122453
hm-m05-g2-L5p3-n2-beta2__N0080__Aplus_0p02,hm-m05-g2-L5p3-n2-beta2__N0080__Aminus_0p02,hm-m05-g2-L5p3-n2-beta2,80,0.02,16,1.06,1.0060243748106914,1.0049274374893704
hm-m05-g2-L5p3-n2-beta2__N0080__Aplus_0p02,hm-m05-g2-L5p3-n2-beta2__N0080__Aminus_0p02,hm-m05-g2-L5p3-n2-beta2,80,0.02,17,1.12625,1.004517310136984,1.0036695003898177
hm-m05-g2-L5p3-n2-beta2__N0080__Aplus_0p02,hm-m05-g2-L5p3-n2-beta2__N0080__Aminus_0p02,hm-m05-g2-L5p3-n2-beta2,80,0.02,18,1.1925000000000001,1.0029802507759877,1.0023879258801653
hm-m05-g2-L5p3-n2-beta2__N0080__Aplus_0p02,hm-m05-g2-L5p3-n2-beta2__N0080__Aminus_0p02,hm-m05-g2-L5p3-n2-beta2,80,0.02,19,1.25875,1.0014226179458792,1.0010906321294126
hm-m05-g2-L5p3-n2-beta2__N0080__Aplus_0p02,hm-m05-g2-L5p3-n2-beta2__N0080__Aminus_0p02,hm-m05-g2-L5p3-n2-beta2,80,0.02,20,1.3250000000000002,0.9998539838239933,0.9997856284303162
hm-m05-g2-L5p3-n2-beta2__N0080__Aplus_0p02,hm-m05-g2-L5p3-n2-beta2__N0080__Aminus_0p02,hm-m05-g2-L5p3-n2-beta2,80,0.02,21,1.39125,0.9982840131300101,0.9984809654956691
hm-m05-g2-L5p3-n2-beta2__N0080__Aplus_0p02,hm-m05-g2-L5p3-n2-beta2__N0080__Aminus_0p02,hm-m05-g2-L5p3-n2-beta2,80,0.02,22,1.4575,0.9967224035179366,0.9971846856468045
hm-m05-g2-L5p3-n2-beta2__N0080__Aplus_0p02,hm-m05-g2-L5p3-n2-beta2__N0080__Aminus_0p02,hm-m05-g2-L5p3-n2-beta2,80,0.02,23,1.5237500000000002,0.9951788251548372,0.9959047732087932
hm-m05-g2-L5p3-n2-beta2__N0080__Aplus_0p02,hm-m05-g2-L5p3-n2-beta2__N0080__Aminus_0p02,hm-m05-g2-L5p3-n2-beta2,80,0.02,24,1.59,0.9936628598845137,0.9946491054217111
hm-m05-g2-L5p3-n2-beta2__N0080__Aplus_0p02,hm-m05-g2-L5p3-n2-beta2__N0080__Aminus_0p02,hm-m05-g2-L5p3-n2-beta2,80,0.02,25,1.65625,0.9921839403909355,0.9934254041700958
hm-m05-g2-L5p3-n2-beta2__N0080__Aplus_0p02,hm-m05-g2-L5p3-n2-beta2__N0080__Aminus_0p02,hm-m05-g2-L5p3-n2-beta2,80,0.02,26,1.7225000000000001,0.990751289788728,0.992241188823441
hm-m05-g2-L5p3-n2-beta2__N0080__Aplus_0p02,hm-m05-g2-L5p3-n2-beta2__N0080__Aminus_0p02,hm-m05-g2-L5p3-n2-beta2,80,0.02,27,1.78875,0.9893738620761119,0.9911037304694902
hm-m05-g2-L5p3-n2-beta2__N0080__Aplus_0p02,hm-m05-g2-L5p3-n2-beta2__N0080__Aminus_0p02,hm-m05-g2-L5p3-n2-beta2,80,0.02,28,1.855,0.9880602838890881,0.9900200078093705
hm-m05-g2-L5p3-n2-beta2__N0080__Aplus_0p02,hm-m05-g2-L5p3-n2-beta2__N0080__Aminus_0p02,hm-m05-g2-L5p3-n2-beta2,80,0.02,29,1.9212500000000001,0.9868187979942665,0.9889966649694665
hm-m05-g2-L5p3-n2-beta2__N0080__Aplus_0p02,hm-m05-g2-L5p3-n2-beta2__N0080__Aminus_0p02,hm-m05-g2-L5p3-n2-beta2,80,0.02,30,1.9875,0.9856572089514957,0.9880399714696076
hm-m05-g2-L5p3-n2-beta2__N0080__Aplus_0p02,hm-m05-g2-L5p3-n2-beta2__N0080__Aminus_0p02,hm-m05-g2-L5p3-n2-beta2,80,0.02,31,2.05375,0.9845828313664333,0.9871557845708325
hm-m05-g2-L5p3-n2-beta2__N0080__Aplus_0p02,hm-m05-g2-L5p3-n2-beta2__N0080__Aminus_0p02,hm-m05-g2-L5p3-n2-beta2,80,0.02,32,2.12,0.9836024411375548,0.9863495142089209
hm-m05-g2-L5p3-n2-beta2__N0080__Aplus_0p02,hm-m05-g2-L5p3-n2-beta2__N0080__Aminus_0p02,hm-m05-g2-L5p3-n2-beta2,80,0.02,33,2.1862500000000002,0.9827222300820614,0.9856260907022595
hm-m05-g2-L5p3-n2-beta2__N0080__Aplus_0p02,hm-m05-g2-L5p3-n2-beta2__N0080__Aminus_0p02,hm-m05-g2-L5p3-n2-beta2,80,0.02,34,2.2525,0.9819477643010147,0.9849899354045923
hm-m05-g2-L5p3-n2-beta2__N0080__Aplus_0p02,hm-m05-g2-L5p3-n2-beta2__N0080__Aminus_0p02,hm-m05-g2-L5p3-n2-beta2,80,0.02,35,2.31875,0.9812839466161264,0.9844449344549894
hm-m05-g2-L5p3-n2-beta2__N0080__Aplus_0p02,hm-m05-g2-L5p3-n2-beta2__N0080__Aminus_0p02,hm-m05-g2-L5p3-n2-beta2,80,0.02,36,2.3850000000000002,0.9807349833793614,0.9839944157590531
hm-m05-g2-L5p3-n2-beta2__N0080__Aplus_0p02,hm-m05-g2-L5p3-n2-beta2__N0080__Aminus_0p02,hm-m05-g2-L5p3-n2-beta2,80,0.02,37,2.45125,0.9803043559222642,0.9836411293171029
hm-m05-g2-L5p3-n2-beta2__N0080__Aplus_0p02,hm-m05-g2-L5p3-n2-beta2__N0080__Aminus_0p02,hm-m05-g2-L5p3-n2-beta2,80,0.02,38,2.5175,0.979994796875104,0.9833872309968827
hm-m05-g2-L5p3-n2-beta2__N0080__Aplus_0p02,hm-m05-g2-L5p3-n2-beta2__N0080__Aminus_0p02,hm-m05-g2-L5p3-n2-beta2,80,0.02,39,2.58375,0.9798082715469727,0.9832342698302982
hm-m05-g2-L5p3-n2-beta2__N0080__Aplus_0p02,hm-m05-g2-L5p3-n2-beta2__N0080__Aminus_0p02,hm-m05-g2-L5p3-n2-beta2,80,0.02,40,2.6500000000000004,0.9797459645172696,0.9831831788957998
hm-m05-g2-L5p3-n2-beta2__N0080__Aplus_0p02,hm-m05-g2-L5p3-n2-beta2__N0080__Aminus_0p02,hm-m05-g2-L5p3-n2-beta2,80,0.02,41,2.71625,0.9798082715469721,0.9832342698302973
hm-m05-g2-L5p3-n2-beta2__N0080__Aplus_0p02,hm-m05-g2-L5p3-n2-beta2__N0080__Aminus_0p02,hm-m05-g2-L5p3-n2-beta2,80,0.02,42,2.7825,0.979994796875103,0.9833872309968809
hm-m05-g2-L5p3-n2-beta2__N0080__Aplus_0p02,hm-m05-g2-L5p3-n2-beta2__N0080__Aminus_0p02,hm-m05-g2-L5p3-n2-beta2,80,0.02,43,2.8487500000000003,0.9803043559222626,0.9836411293171001
hm-m05-g2-L5p3-n2-beta2__N0080__Aplus_0p02,hm-m05-g2-L5p3-n2-beta2__N0080__Aminus_0p02,hm-m05-g2-L5p3-n2-beta2,80,0.02,44,2.915,0.9807349833793593,0.9839944157590492
hm-m05-g2-L5p3-n2-beta2__N0080__Aplus_0p02,hm-m05-g2-L5p3-n2-beta2__N0080__Aminus_0p02,hm-m05-g2-L5p3-n2-beta2,80,0.02,45,2.98125,0.9812839466161237,0.9844449344549842
hm-m05-g2-L5p3-n2-beta2__N0080__Aplus_0p02,hm-m05-g2-L5p3-n2-beta2__N0080__Aminus_0p02,hm-m05-g2-L5p3-n2-beta2,80,0.02,46,3.0475000000000003,0.9819477643010115,0.9849899354045862
hm-m05-g2-L5p3-n2-beta2__N0080__Aplus_0p02,hm-m05-g2-L5p3-n2-beta2__N0080__Aminus_0p02,hm-m05-g2-L5p3-n2-beta2,80,0.02,47,3.11375,0.9827222300820576,0.9856260907022524
hm-m05-g2-L5p3-n2-beta2__N0080__Aplus_0p02,hm-m05-g2-L5p3-n2-beta2__N0080__Aminus_0p02,hm-m05-g2-L5p3-n2-beta2,80,0.02,48,3.18,0.9836024411375505,0.9863495142089128
hm-m05-g2-L5p3-n2-beta2__N0080__Aplus_0p02,hm-m05-g2-L5p3-n2-beta2__N0080__Aminus_0p02,hm-m05-g2-L5p3-n2-beta2,80,0.02,49,3.2462500000000003,0.9845828313664284,0.9871557845708232
hm-m05-g2-L5p3-n2-beta2__N0080__Aplus_0p02,hm-m05-g2-L5p3-n2-beta2__N0080__Aminus_0p02,hm-m05-g2-L5p3-n2-beta2,80,0.02,50,3.3125,0.9856572089514902,0.9880399714695973
hm-m05-g2-L5p3-n2-beta2__N0080__Aplus_0p02,hm-m05-g2-L5p3-n2-beta2__N0080__Aminus_0p02,hm-m05-g2-L5p3-n2-beta2,80,0.02,51,3.37875,0.9868187979942604,0.988996664969455
hm-m05-g2-L5p3-n2-beta2__N0080__Aplus_0p02,hm-m05-g2-L5p3-n2-beta2__N0080__Aminus_0p02,hm-m05-g2-L5p3-n2-beta2,80,0.02,52,3.4450000000000003,0.9880602838890815,0.9900200078093582
hm-m05-g2-L5p3-n2-beta2__N0080__Aplus_0p02,hm-m05-g2-L5p3-n2-beta2__N0080__Aminus_0p02,hm-m05-g2-L5p3-n2-beta2,80,0.02,53,3.51125,0.9893738620761046,0.991103730469477
hm-m05-g2-L5p3-n2-beta2__N0080__Aplus_0p02,hm-m05-g2-L5p3-n2-beta2__N0080__Aminus_0p02,hm-m05-g2-L5p3-n2-beta2,80,0.02,54,3.5775,0.9907512897887201,0.9922411888234268
hm-m05-g2-L5p3-n2-beta2__N0080__Aplus_0p02,hm-m05-g2-L5p3-n2-beta2__N0080__Aminus_0p02,hm-m05-g2-L5p3-n2-beta2,80,0.02,55,3.6437500000000003,0.9921839403909269,0.9934254041700807
hm-m05-g2-L5p3-n2-beta2__N0080__Aplus_0p02,hm-m05-g2-L5p3-n2-beta2__N0080__Aminus_0p02,hm-m05-g2-L5p3-n2-beta2,80,0.02,56,3.71,0.9936628598845045,0.9946491054216952
hm-m05-g2-L5p3-n2-beta2__N0080__Aplus_0p02,hm-m05-g2-L5p3-n2-beta2__N0080__Aminus_0p02,hm-m05-g2-L5p3-n2-beta2,80,0.02,57,3.77625,0.9951788251548273,0.9959047732087764
hm-m05-g2-L5p3-n2-beta2__N0080__Aplus_0p02,hm-m05-g2-L5p3-n2-beta2__N0080__Aminus_0p02,hm-m05-g2-L5p3-n2-beta2,80,0.02,58,3.8425000000000002,0.9967224035179261,0.9971846856467869
hm-m05-g2-L5p3-n2-beta2__N0080__Aplus_0p02,hm-m05-g2-L5p3-n2-beta2__N0080__Aminus_0p02,hm-m05-g2-L5p3-n2-beta2,80,0.02,59,3.9087500000000004,0.9982840131299988,0.9984809654956507
hm-m05-g2-L5p3-n2-beta2__N0080__Aplus_0p02,hm-m05-g2-L5p3-n2-beta2__N0080__Aminus_0p02,hm-m05-g2-L5p3-n2-beta2,80,0.02,60,3.975,0.9998539838239813,0.9997856284302972
hm-m05-g2-L5p3-n2-beta2__N0080__Aplus_0p02,hm-m05-g2-L5p3-n2-beta2__N0080__Aminus_0p02,hm-m05-g2-L5p3-n2-beta2,80,0.02,61,4.04125,1.0014226179458665,1.001090632129393
hm-m05-g2-L5p3-n2-beta2__N0080__Aplus_0p02,hm-m05-g2-L5p3-n2-beta2__N0080__Aminus_0p02,hm-m05-g2-L5p3-n2-beta2,80,0.02,62,4.1075,1.0029802507759744,1.0023879258801454
hm-m05-g2-L5p3-n2-beta2__N0080__Aplus_0p02,hm-m05-g2-L5p3-n2-beta2__N0080__Aminus_0p02,hm-m05-g2-L5p3-n2-beta2,80,0.02,63,4.17375,1.0045173101369702,1.0036695003897973
hm-m05-g2-L5p3-n2-beta2__N0080__Aplus_0p02,hm-m05-g2-L5p3-n2-beta2__N0080__Aminus_0p02,hm-m05-g2-L5p3-n2-beta2,80,0.02,64,4.24,1.0060243748106772,1.0049274374893498
hm-m05-g2-L5p3-n2-beta2__N0080__Aplus_0p02,hm-m05-g2-L5p3-n2-beta2__N0080__Aminus_0p02,hm-m05-g2-L5p3-n2-beta2,80,0.02,65,4.30625,1.0074922314091195,1.0061539594122242
hm-m05-g2-L5p3-n2-beta2__N0080__Aplus_0p02,hm-m05-g2-L5p3-n2-beta2__N0080__Aminus_0p02,hm-m05-g2-L5p3-n2-beta2,80,0.02,66,4.3725000000000005,1.0089119293711413,1.0073414773301654
hm-m05-g2-L5p3-n2-beta2__N0080__Aplus_0p02,hm-m05-g2-L5p3-n2-beta2__N0080__Aminus_0p02,hm-m05-g2-L5p3-n2-beta2,80,0.02,67,4.438750000000001,1.0102748337837808,1.008482638830689
hm-m05-g2-L5p3-n2-beta2__N0080__Aplus_0p02,hm-m05-g2-L5p3-n2-beta2__N0080__Aminus_0p02,hm-m05-g2-L5p3-n2-beta2,80,0.02,68,4.505,1.0115726757566332,1.0095703740248723
hm-m05-g2-L5p3-n2-beta2__N0080__Aplus_0p02,hm-m05-g2-L5p3-n2-beta2__N0080__Aminus_0p02,hm-m05-g2-L5p3-n2-beta2,80,0.02,69,4.57125,1.012797600107045,1.010597939981221
hm-m05-g2-L5p3-n2-beta2__N0080__Aplus_0p02,hm-m05-g2-L5p3-n2-beta2__N0080__Aminus_0p02,hm-m05-g2-L5p3-n2-beta2,80,0.02,70,4.6375,1.0139422101434916,1.0115589631907058
hm-m05-g2-L5p3-n2-beta2__N0080__Aplus_0p02,hm-m05-g2-L5p3-n2-beta2__N0080__Aminus_0p02,hm-m05-g2-L5p3-n2-beta2,80,0.02,71,4.70375,1.0149996093632685,1.012447479779758
hm-m05-g2-L5p3-n2-beta2__N0080__Aplus_0p02,hm-m05-g2-L5p3-n2-beta2__N0080__Aminus_0p02,hm-m05-g2-L5p3-n2-beta2,80,0.02,72,4.7700000000000005,1.0159634399081034,1.0132579732019618
hm-m05-g2-L5p3-n2-beta2__N0080__Aplus_0p02,hm-m05-g2-L5p3-n2-beta2__N0080__Aminus_0p02,hm-m05-g2-L5p3-n2-beta2,80,0.02,73,4.836250000000001,1.016827917647014,1.0139854091552274
hm-m05-g2-L5p3-n2-beta2__N0080__Aplus_0p02,hm-m05-g2-L5p3-n2-beta2__N0080__Aminus_0p02,hm-m05-g2-L5p3-n2-beta2,80,0.02,74,4.9025,1.0175878637792588,1.0146252674892622
hm-m05-g2-L5p3-n2-beta2__N0080__Aplus_0p02,hm-m05-g2-L5p3-n2-beta2__N0080__Aminus_0p02,hm-m05-g2-L5p3-n2-beta2,80,0.02,75,4.96875,1.0182387328713198,1.015173570887988
hm-m05-g2-L5p3-n2-beta2__N0080__Aplus_0p02,hm-m05-g2-L5p3-n2-beta2__N0080__Aminus_0p02,hm-m05-g2-L5p3-n2-beta2,80,0.02,76,5.035,1.0187766372603075,1.0156269101330204
hm-m05-g2-L5p3-n2-beta2__N0080__Aplus_0p02,hm-m05-g2-L5p3-n2-beta2__N0080__Aminus_0p02,hm-m05-g2-L5p3-n2-beta2,80,0.02,77,5.10125,1.019198367771963,1.0159824657772358
hm-m05-g2-L5p3-n2-beta2__N0080__Aplus_0p02,hm-m05-g2-L5p3-n2-beta2__N0080__Aminus_0p02,hm-m05-g2-L5p3-n2-beta2,80,0.02,78,5.1675,1.019501410714608,1.0162380260816375
hm-m05-g2-L5p3-n2-beta2__N0080__Aplus_0p02,hm-m05-g2-L5p3-n2-beta2__N0080__Aminus_0p02,hm-m05-g2-L5p3-n2-beta2,80,0.02,79,5.233750000000001,1.0196839611211408,1.0163920010939576
hm-m05-g2-L5p3-n2-beta2__N0080__Aplus_0p02,hm-m05-g2-L5p3-n2-beta2__N0080__Aminus_0p02,hm-m05-g2-L5p3-n2-beta2,80,0.02,80,5.3,1.019744932219785,1.0164434327735563
