{
  "alpha_n0": 0.5812242949361085,
  "beta_n0": 1.4926938914174637,
  "chi_hi": 4.108419313693148,
  "chi_lo": 4.108333561221174,
  "chi_star": 4.108419313693148,
  "chi_star_disc": 4.108333561221174,
  "chi_star_mode_n0": 4.108419313693148,
  "classification": "supercritical",
  "n0": 3
}
