{
  "alpha_n0": 1.362000497474437,
  "beta_n0": -6.500791283414762,
  "chi_hi": 7.980617056487796,
  "chi_lo": 7.974668109423064,
  "chi_star": 7.980617056487796,
  "chi_star_disc": 7.974668109423064,
  "chi_star_mode_n0": 7.980617056487797,
  "classification": "subcritical",
  "n0": 1
}
