state_id,reflection_partner_id,case,mesh,requested_amplitude,node,x,u,v
hm-a10-g1-L3p5-n2-beta2__N0040__Aminus_0p02,hm-a10-g1-L3p5-n2-beta2__N0040__Aplus_0p02,hm-a10-g1-L3p5-n2-beta2,40,-0.02,0,0.0,9.979994934446193,9.995237456784269
hm-a10-g1-L3p5-n2-beta2__N0040__Aminus_0p02,hm-a10-g1-L3p5-n2-beta2__N0040__Aplus_0p02,hm-a10-g1-L3p5-n2-beta2,40,-0.02,1,0.0875,9.980240441714818,9.995295807065094
hm-a10-g1-L3p5-n2-beta2__N0040__Aminus_0p02,hm-a10-g1-L3p5-n2-beta2__N0040__Aplus_0p02,hm-a10-g1-L3p5-n2-beta2,40,-0.02,2,0.175,9.980970971392093,9.995469424986885
hm-a10-g1-L3p5-n2-beta2__N0040__Aminus_0p02,hm-a10-g1-L3p5-n2-beta2__N0040__Aplus_0p02,hm-a10-g1-L3p5-n2-beta2,40,-0.02,3,0.26249999999999996,9.982168689463876,9.995754046694012
hm-a10-g1-L3p5-n2-beta2__N0040__Aminus_0p02,hm-a10-g1-L3p5-n2-beta2__N0040__Aplus_0p02,hm-a10-g1-L3p5-n2-beta2,40,-0.02,4,0.35,9.983804344141735,9.996142681292437
hm-a10-g1-L3p5-n2-beta2__N0040__Aminus_0p02,hm-a10-g1-L3p5-n2-beta2__N0040__Aplus_0p02,hm-a10-g1-L3p5-n2-beta2,40,-0.02,5,0.4375,9.985837962728523,9.99662578128467
hm-a10-g1-L3p5-n2-beta2__N0040__Aminus_0p02,hm-a10-g1-L3p5-n2-beta2__N0040__Aplus_0p02,hm-a10-g1-L3p5-n2-beta2,40,-0.02,6,0.5249999999999999,9.988219806352651,9.997191475512727
hm-a10-g1-L3p5-n2-beta2__N0040__Aminus_0p02,hm-a10-g1-L3p5-n2-beta2__N0040__Aplus_0p02,hm-a10-g1-L3p5-n2-beta2,40,-0.02,7,0.6124999999999999,9.990891561933118,9.99782585908279
hm-a10-g1-L3p5-n2-beta2__N0040__Aminus_0p02,hm-a10-g1-L3p5-n2-beta2__N0040__Aplus_0p02,hm-a10-g1-L3p5-n2-beta2,40,-0.02,8,0.7,9.993787745216311,9.998513333365405
hm-a10-g1-L3p5-n2-beta2__N0040__Aminus_0p02,hm-a10-g1-L3p5-n2-beta2__N0040__Aplus_0p02,hm-a10-g1-L3p5-n2-beta2,40,-0.02,9,0.7875,9.996837283540023,9.99923698793229
hm-a10-g1-L3p5-n2-beta2__N0040__Aminus_0p02,hm-a10-g1-L3p5-n2-beta2__N0040__Aplus_0p02,hm-a10-g1-L3p5-n2-beta2,40,-0.02,10,0.875,9.999965242255056,9.999979015235928
hm-a10-g1-L3p5-n2-beta2__N0040__Aminus_0p02,hm-a10-g1-L3p5-n2-beta2__N0040__Aplus_0p02,hm-a10-g1-L3p5-n2-beta2,40,-0.02,11,0.9624999999999999,10.003094654614005,10.000721147988953
hm-a10-g1-L3p5-n2-beta2__N0040__Aminus_0p02,hm-a10-g1-L3p5-n2-beta2__N0040__Aplus_0p02,hm-a10-g1-L3p5-n2-beta2,40,-0.02,12,1.0499999999999998,10.006148411576982,10.001445108581882
hm-a10-g1-L3p5-n2-beta2__N0040__Aminus_0p02,hm-a10-g1-L3p5-n2-beta2__N0040__Aplus_0p02,hm-a10-g1-L3p5-n2-beta2,40,-0.02,13,1.1375,10.009051165545827,10.002133059511255
hm-a10-g1-L3p5-n2-beta2__N0040__Aminus_0p02,hm-a10-g1-L3p5-n2-beta2__N0040__Aplus_0p02,hm-a10-g1-L3p5-n2-beta2,40,-0.02,14,1.2249999999999999,10.011731200674884,10.002768043691304
hm-a10-g1-L3p5-n2-beta2__N0040__Aminus_0p02,hm-a10-g1-L3p5-n2-beta2__N0040__Aplus_0p02,hm-a10-g1-L3p5-n2-beta2,40,-0.02,15,1.3125,10.014122222251471,10.0033344037007
hm-a10-g1-L3p5-n2-beta2__N0040__Aminus_0p02,hm-a10-g1-L3p5-n2-beta2__N0040__Aplus_0p02,hm-a10-g1-L3p5-n2-beta2,40,-0.02,16,1.4,10.016165018792975,10.003818169474318
hm-a10-g1-L3p5-n2-beta2__N0040__Aminus_0p02,hm-a10-g1-L3p5-n2-beta2__N0040__Aplus_0p02,hm-a10-g1-L3p5-n2-beta2,40,-0.02,17,1.4874999999999998,10.017808953025332,10.004207404682841
hm-a10-g1-L3p5-n2-beta2__N0040__Aminus_0p02,hm-a10-g1-L3p5-n2-beta2__N0040__Aplus_0p02,hm-a10-g1-L3p5-n2-beta2,40,-0.02,18,1.575,10.019013241790073,10.00449250303687
hm-a10-g1-L3p5-n2-beta2__N0040__Aminus_0p02,hm-a10-g1-L3p5-n2-beta2__N0040__Aplus_0p02,hm-a10-g1-L3p5-n2-beta2,40,-0.02,19,1.6624999999999999,10.01974799011252,10.004666426984823
hm-a10-g1-L3p5-n2-beta2__N0040__Aminus_0p02,hm-a10-g1-L3p5-n2-beta2__N0040__Aplus_0p02,hm-a10-g1-L3p5-n2-beta2,40,-0.02,20,1.75,10.019994951027309,10.00472488271508
hm-a10-g1-L3p5-n2-beta2__N0040__Aminus_0p02,hm-a10-g1-L3p5-n2-beta2__N0040__Aplus_0p02,hm-a10-g1-L3p5-n2-beta2,40,-0.02,21,1.8375,10.019747990112503,10.004666426984825
hm-a10-g1-L3p5-n2-beta2__N0040__Aminus_0p02,hm-a10-g1-L3p5-n2-beta2__N0040__Aplus_0p02,hm-a10-g1-L3p5-n2-beta2,40,-0.02,22,1.9249999999999998,10.019013241790038,10.004492503036875
hm-a10-g1-L3p5-n2-beta2__N0040__Aminus_0p02,hm-a10-g1-L3p5-n2-beta2__N0040__Aplus_0p02,hm-a10-g1-L3p5-n2-beta2,40,-0.02,23,2.0124999999999997,10.017808953025282,10.004207404682848
hm-a10-g1-L3p5-n2-beta2__N0040__Aminus_0p02,hm-a10-g1-L3p5-n2-beta2__N0040__Aplus_0p02,hm-a10-g1-L3p5-n2-beta2,40,-0.02,24,2.0999999999999996,10.016165018792913,10.003818169474323
hm-a10-g1-L3p5-n2-beta2__N0040__Aminus_0p02,hm-a10-g1-L3p5-n2-beta2__N0040__Aplus_0p02,hm-a10-g1-L3p5-n2-beta2,40,-0.02,25,2.1875,10.014122222251402,10.003334403700705
hm-a10-g1-L3p5-n2-beta2__N0040__Aminus_0p02,hm-a10-g1-L3p5-n2-beta2__N0040__Aplus_0p02,hm-a10-g1-L3p5-n2-beta2,40,-0.02,26,2.275,10.011731200674813,10.00276804369131
hm-a10-g1-L3p5-n2-beta2__N0040__Aminus_0p02,hm-a10-g1-L3p5-n2-beta2__N0040__Aplus_0p02,hm-a10-g1-L3p5-n2-beta2,40,-0.02,27,2.3625,10.00905116554576,10.00213305951126
hm-a10-g1-L3p5-n2-beta2__N0040__Aminus_0p02,hm-a10-g1-L3p5-n2-beta2__N0040__Aplus_0p02,hm-a10-g1-L3p5-n2-beta2,40,-0.02,28,2.4499999999999997,10.006148411576921,10.001445108581887
hm-a10-g1-L3p5-n2-beta2__N0040__Aminus_0p02,hm-a10-g1-L3p5-n2-beta2__N0040__Aplus_0p02,hm-a10-g1-L3p5-n2-beta2,40,-0.02,29,2.5374999999999996,10.003094654613955,10.000721147988958
hm-a10-g1-L3p5-n2-beta2__N0040__Aminus_0p02,hm-a10-g1-L3p5-n2-beta2__N0040__Aplus_0p02,hm-a10-g1-L3p5-n2-beta2,40,-0.02,30,2.625,9.999965242255023,9.999979015235933
hm-a10-g1-L3p5-n2-beta2__N0040__Aminus_0p02,hm-a10-g1-L3p5-n2-beta2__N0040__Aplus_0p02,hm-a10-g1-L3p5-n2-beta2,40,-0.02,31,2.7125,9.996837283540007,9.999236987932294
hm-a10-g1-L3p5-n2-beta2__N0040__Aminus_0p02,hm-a10-g1-L3p5-n2-beta2__N0040__Aplus_0p02,hm-a10-g1-L3p5-n2-beta2,40,-0.02,32,2.8,9.993787745216315,9.99851333336541
hm-a10-g1-L3p5-n2-beta2__N0040__Aminus_0p02,hm-a10-g1-L3p5-n2-beta2__N0040__Aplus_0p02,hm-a10-g1-L3p5-n2-beta2,40,-0.02,33,2.8874999999999997,9.990891561933145,9.997825859082795
hm-a10-g1-L3p5-n2-beta2__N0040__Aminus_0p02,hm-a10-g1-L3p5-n2-beta2__N0040__Aplus_0p02,hm-a10-g1-L3p5-n2-beta2,40,-0.02,34,2.9749999999999996,9.988219806352697,9.997191475512732
hm-a10-g1-L3p5-n2-beta2__N0040__Aminus_0p02,hm-a10-g1-L3p5-n2-beta2__N0040__Aplus_0p02,hm-a10-g1-L3p5-n2-beta2,40,-0.02,35,3.0625,9.985837962728588,9.996625781284678
hm-a10-g1-L3p5-n2-beta2__N0040__Aminus_0p02,hm-a10-g1-L3p5-n2-beta2__N0040__Aplus_0p02,hm-a10-g1-L3p5-n2-beta2,40,-0.02,36,3.15,9.983804344141817,9.996142681292445
hm-a10-g1-L3p5-n2-beta2__N0040__Aminus_0p02,hm-a10-g1-L3p5-n2-beta2__N0040__Aplus_0p02,hm-a10-g1-L3p5-n2-beta2,40,-0.02,37,3.2375,9.982168689463972,9.995754046694024
hm-a10-g1-L3p5-n2-beta2__N0040__Aminus_0p02,hm-a10-g1-L3p5-n2-beta2__N0040__Aplus_0p02,hm-a10-g1-L3p5-n2-beta2,40,-0.02,38,3.3249999999999997,9.9809709713922,9.995469424986899
hm-a10-g1-L3p5-n2-beta2__N0040__Aminus_0p02,hm-a10-g1-L3p5-n2-beta2__N0040__Aplus_0p02,hm-a10-g1-L3p5-n2-beta2,40,-0.02,39,3.4124999999999996,9.98024044171493,9.995295807065109
hm-a10-g1-L3p5-n2-beta2__N0040__Aminus_0p02,hm-a10-g1-L3p5-n2-beta2__N0040__Aplus_0p02,hm-a10-g1-L3p5-n2-beta2,40,-0.02,40,3.5,9.979994934446305,9.995237456784283
hm-a10-g1-L3p5-n2-beta2__N0040__Aminus_0p01,hm-a10-g1-L3p5-n2-beta2__N0040__Aplus_0p01,hm-a10-g1-L3p5-n2-beta2,40,-0.01,0,0.0,9.989998734650756,9.997623436069313
hm-a10-g1-L3p5-n2-beta2__N0040__Aminus_0p01,hm-a10-g1-L3p5-n2-beta2__N0040__Aplus_0p01,hm-a10-g1-L3p5-n2-beta2,40,-0.01,1,0.0875,9.990121669652398,9.997652624379432
hm-a10-g1-L3p5-n2-beta2__N0040__Aminus_0p01,hm-a10-g1-L3p5-n2-beta2__N0040__Aplus_0p01,hm-a10-g1-L3p5-n2-beta2,40,-0.01,2,0.175,9.990487460880148,9.997739471561681
hm-a10-g1-L3p5-n2-beta2__N0040__Aminus_0p01,hm-a10-g1-L3p5-n2-beta2__N0040__Aplus_0p01,hm-a10-g1-L3p5-n2-beta2,40,-0.01,3,0.26249999999999996,9.99108713991334,9.997881841950713
hm-a10-g1-L3p5-n2-beta2__N0040__Aminus_0p01,hm-a10-g1-L3p5-n2-beta2__N0040__Aplus_0p01,hm-a10-g1-L3p5-n2-beta2,40,-0.01,4,0.35,9.991906000751538,9.998076234277221
hm-a10-g1-L3p5-n2-beta2__N0040__Aminus_0p01,hm-a10-g1-L3p5-n2-beta2__N0040__Aplus_0p01,hm-a10-g1-L3p5-n2-beta2,40,-0.01,5,0.4375,9.992923956053671,9.99831786745416
hm-a10-g1-L3p5-n2-beta2__N0040__Aminus_0p01,hm-a10-g1-L3p5-n2-beta2__N0040__Aplus_0p01,hm-a10-g1-L3p5-n2-beta2,40,-0.01,6,0.5249999999999999,9.994116024353195,9.998600797765262
hm-a10-g1-L3p5-n2-beta2__N0040__Aminus_0p01,hm-a10-g1-L3p5-n2-beta2__N0040__Aplus_0p01,hm-a10-g1-L3p5-n2-beta2,40,-0.01,7,0.6124999999999999,9.995452936974587,9.9989180646228
hm-a10-g1-L3p5-n2-beta2__N0040__Aminus_0p01,hm-a10-g1-L3p5-n2-beta2__N0040__Aplus_0p01,hm-a10-g1-L3p5-n2-beta2,40,-0.01,8,0.7,9.996901850508415,9.999261861363893
hm-a10-g1-L3p5-n2-beta2__N0040__Aminus_0p01,hm-a10-g1-L3p5-n2-beta2__N0040__Aplus_0p01,hm-a10-g1-L3p5-n2-beta2,40,-0.01,9,0.7875,9.998427148104557,9.999623726938102
hm-a10-g1-L3p5-n2-beta2__N0040__Aminus_0p01,hm-a10-g1-L3p5-n2-beta2__N0040__Aplus_0p01,hm-a10-g1-L3p5-n2-beta2,40,-0.01,10,0.875,9.999991310579203,9.999994753819006
hm-a10-g1-L3p5-n2-beta2__N0040__Aminus_0p01,hm-a10-g1-L3p5-n2-beta2__N0040__Aplus_0p01,hm-a10-g1-L3p5-n2-beta2,40,-0.01,11,0.9624999999999999,10.001555836464428,10.000365807062217
hm-a10-g1-L3p5-n2-beta2__N0040__Aminus_0p01,hm-a10-g1-L3p5-n2-beta2__N0040__Aplus_0p01,hm-a10-g1-L3p5-n2-beta2,40,-0.01,12,1.0499999999999998,10.003082188719162,10.000727749142818
hm-a10-g1-L3p5-n2-beta2__N0040__Aminus_0p01,hm-a10-g1-L3p5-n2-beta2__N0040__Aplus_0p01,hm-a10-g1-L3p5-n2-beta2,40,-0.01,13,1.1375,10.00453274492232,10.001071665045414
hm-a10-g1-L3p5-n2-beta2__N0040__Aminus_0p01,hm-a10-g1-L3p5-n2-beta2__N0040__Aplus_0p01,hm-a10-g1-L3p5-n2-beta2,40,-0.01,14,1.2249999999999999,10.005871727427923,10.001389082055205
hm-a10-g1-L3p5-n2-beta2__N0040__Aminus_0p01,hm-a10-g1-L3p5-n2-beta2__N0040__Aplus_0p01,hm-a10-g1-L3p5-n2-beta2,40,-0.01,15,1.3125,10.007066090211906,10.001672178811363
hm-a10-g1-L3p5-n2-beta2__N0040__Aminus_0p01,hm-a10-g1-L3p5-n2-beta2__N0040__Aplus_0p01,hm-a10-g1-L3p5-n2-beta2,40,-0.01,16,1.4,10.008086339998636,10.001913978433363
hm-a10-g1-L3p5-n2-beta2__N0040__Aminus_0p01,hm-a10-g1-L3p5-n2-beta2__N0040__Aplus_0p01,hm-a10-g1-L3p5-n2-beta2,40,-0.01,17,1.4874999999999998,10.008907270721414,10.00210852091213
hm-a10-g1-L3p5-n2-beta2__N0040__Aminus_0p01,hm-a10-g1-L3p5-n2-beta2__N0040__Aplus_0p01,hm-a10-g1-L3p5-n2-beta2,40,-0.01,18,1.575,10.009508592424385,10.002251010462672
hm-a10-g1-L3p5-n2-beta2__N0040__Aminus_0p01,hm-a10-g1-L3p5-n2-beta2__N0040__Aplus_0p01,hm-a10-g1-L3p5-n2-beta2,40,-0.01,19,1.6624999999999999,10.009875438311092,10.00233793415132
hm-a10-g1-L3p5-n2-beta2__N0040__Aminus_0p01,hm-a10-g1-L3p5-n2-beta2__N0040__Aplus_0p01,hm-a10-g1-L3p5-n2-beta2,40,-0.01,20,1.75,10.009998736723443,10.00236714882375
hm-a10-g1-L3p5-n2-beta2__N0040__Aminus_0p01,hm-a10-g1-L3p5-n2-beta2__N0040__Aplus_0p01,hm-a10-g1-L3p5-n2-beta2,40,-0.01,21,1.8375,10.009875438311076,10.002337934151324
hm-a10-g1-L3p5-n2-beta2__N0040__Aminus_0p01,hm-a10-g1-L3p5-n2-beta2__N0040__Aplus_0p01,hm-a10-g1-L3p5-n2-beta2,40,-0.01,22,1.9249999999999998,10.009508592424352,10.002251010462675
hm-a10-g1-L3p5-n2-beta2__N0040__Aminus_0p01,hm-a10-g1-L3p5-n2-beta2__N0040__Aplus_0p01,hm-a10-g1-L3p5-n2-beta2,40,-0.01,23,2.0124999999999997,10.008907270721366,10.002108520912135
hm-a10-g1-L3p5-n2-beta2__N0040__Aminus_0p01,hm-a10-g1-L3p5-n2-beta2__N0040__Aplus_0p01,hm-a10-g1-L3p5-n2-beta2,40,-0.01,24,2.0999999999999996,10.008086339998579,10.001913978433368
hm-a10-g1-L3p5-n2-beta2__N0040__Aminus_0p01,hm-a10-g1-L3p5-n2-beta2__N0040__Aplus_0p01,hm-a10-g1-L3p5-n2-beta2,40,-0.01,25,2.1875,10.007066090211843,10.001672178811368
hm-a10-g1-L3p5-n2-beta2__N0040__Aminus_0p01,hm-a10-g1-L3p5-n2-beta2__N0040__Aplus_0p01,hm-a10-g1-L3p5-n2-beta2,40,-0.01,26,2.275,10.00587172742786,10.00138908205521
hm-a10-g1-L3p5-n2-beta2__N0040__Aminus_0p01,hm-a10-g1-L3p5-n2-beta2__N0040__Aplus_0p01,hm-a10-g1-L3p5-n2-beta2,40,-0.01,27,2.3625,10.00453274492226,10.001071665045421
hm-a10-g1-L3p5-n2-beta2__N0040__Aminus_0p01,hm-a10-g1-L3p5-n2-beta2__N0040__Aplus_0p01,hm-a10-g1-L3p5-n2-beta2,40,-0.01,28,2.4499999999999997,10.00308218871911,10.000727749142825
hm-a10-g1-L3p5-n2-beta2__N0040__Aminus_0p01,hm-a10-g1-L3p5-n2-beta2__N0040__Aplus_0p01,hm-a10-g1-L3p5-n2-beta2,40,-0.01,29,2.5374999999999996,10.001555836464389,10.000365807062225
hm-a10-g1-L3p5-n2-beta2__N0040__Aminus_0p01,hm-a10-g1-L3p5-n2-beta2__N0040__Aplus_0p01,hm-a10-g1-L3p5-n2-beta2,40,-0.01,30,2.625,9.999991310579182,9.999994753819015
hm-a10-g1-L3p5-n2-beta2__N0040__Aminus_0p01,hm-a10-g1-L3p5-n2-beta2__N0040__Aplus_0p01,hm-a10-g1-L3p5-n2-beta2,40,-0.01,31,2.7125,9.998427148104554,9.999623726938111
hm-a10-g1-L3p5-n2-beta2__N0040__Aminus_0p01,hm-a10-g1-L3p5-n2-beta2__N0040__Aplus_0p01,hm-a10-g1-L3p5-n2-beta2,40,-0.01,32,2.8,9.996901850508433,9.999261861363903
hm-a10-g1-L3p5-n2-beta2__N0040__Aminus_0p01,hm-a10-g1-L3p5-n2-beta2__N0040__Aplus_0p01,hm-a10-g1-L3p5-n2-beta2,40,-0.01,33,2.8874999999999997,9.995452936974624,9.99891806462281
hm-a10-g1-L3p5-n2-beta2__N0040__Aminus_0p01,hm-a10-g1-L3p5-n2-beta2__N0040__Aplus_0p01,hm-a10-g1-L3p5-n2-beta2,40,-0.01,34,2.9749999999999996,9.994116024353254,9.998600797765274
hm-a10-g1-L3p5-n2-beta2__N0040__Aminus_0p01,hm-a10-g1-L3p5-n2-beta2__N0040__Aplus_0p01,hm-a10-g1-L3p5-n2-beta2,40,-0.01,35,3.0625,9.99292395605375,9.998317867454174
hm-a10-g1-L3p5-n2-beta2__N0040__Aminus_0p01,hm-a10-g1-L3p5-n2-beta2__N0040__Aplus_0p01,hm-a10-g1-L3p5-n2-beta2,40,-0.01,36,3.15,9.991906000751632,9.998076234277237
hm-a10-g1-L3p5-n2-beta2__N0040__Aminus_0p01,hm-a10-g1-L3p5-n2-beta2__N0040__Aplus_0p01,hm-a10-g1-L3p5-n2-beta2,40,-0.01,37,3.2375,9.991087139913446,9.997881841950734
hm-a10-g1-L3p5-n2-beta2__N0040__Aminus_0p01,hm-a10-g1-L3p5-n2-beta2__N0040__Aplus_0p01,hm-a10-g1-L3p5-n2-beta2,40,-0.01,38,3.3249999999999997,9.990487460880267,9.997739471561706
hm-a10-g1-L3p5-n2-beta2__N0040__Aminus_0p01,hm-a10-g1-L3p5-n2-beta2__N0040__Aplus_0p01,hm-a10-g1-L3p5-n2-beta2,40,-0.01,39,3.4124999999999996,9.99012166965252,9.997652624379459
hm-a10-g1-L3p5-n2-beta2__N0040__Aminus_0p01,hm-a10-g1-L3p5-n2-beta2__N0040__Aplus_0p01,hm-a10-g1-L3p5-n2-beta2,40,-0.01,40,3.5,9.989998734650882,9.99762343606934
hm-a10-g1-L3p5-n2-beta2__N0040__Aminus_0p005,hm-a10-g1-L3p5-n2-beta2__N0040__Aplus_0p005,hm-a10-g1-L3p5-n2-beta2,40,-0.005,0,0.0,9.99499968379263,9.998812894936885
hm-a10-g1-L3p5-n2-beta2__N0040__Aminus_0p005,hm-a10-g1-L3p5-n2-beta2__N0040__Aplus_0p005,hm-a10-g1-L3p5-n2-beta2,40,-0.005,1,0.0875,9.99506119667746,9.998827492385796
hm-a10-g1-L3p5-n2-beta2__N0040__Aminus_0p005,hm-a10-g1-L3p5-n2-beta2__N0040__Aplus_0p005,hm-a10-g1-L3p5-n2-beta2,40,-0.005,2,0.175,9.995244224005942,9.998870925536227
hm-a10-g1-L3p5-n2-beta2__N0040__Aminus_0p005,hm-a10-g1-L3p5-n2-beta2__N0040__Aplus_0p005,hm-a10-g1-L3p5-n2-beta2,40,-0.005,3,0.26249999999999996,9.99554426868874,9.998942125620252
hm-a10-g1-L3p5-n2-beta2__N0040__Aminus_0p005,hm-a10-g1-L3p5-n2-beta2__N0040__Aplus_0p005,hm-a10-g1-L3p5-n2-beta2,40,-0.005,4,0.35,9.995953957662659,9.99903934054641
hm-a10-g1-L3p5-n2-beta2__N0040__Aminus_0p005,hm-a10-g1-L3p5-n2-beta2__N0040__Aplus_0p005,hm-a10-g1-L3p5-n2-beta2,40,-0.005,5,0.4375,9.996463221969725,9.999160177935273
hm-a10-g1-L3p5-n2-beta2__N0040__Aminus_0p005,hm-a10-g1-L3p5-n2-beta2__N0040__Aplus_0p005,hm-a10-g1-L3p5-n2-beta2,40,-0.005,6,0.5249999999999999,9.997059542835359,9.999301663893249
hm-a10-g1-L3p5-n2-beta2__N0040__Aminus_0p005,hm-a10-g1-L3p5-n2-beta2__N0040__Aplus_0p005,hm-a10-g1-L3p5-n2-beta2,40,-0.005,7,0.6124999999999999,9.99772825786744,9.999460316090573
hm-a10-g1-L3p5-n2-beta2__N0040__Aminus_0p005,hm-a10-g1-L3p5-n2-beta2__N0040__Aplus_0p005,hm-a10-g1-L3p5-n2-beta2,40,-0.005,8,0.7,9.998452920037524,9.999632229358669
hm-a10-g1-L3p5-n2-beta2__N0040__Aminus_0p005,hm-a10-g1-L3p5-n2-beta2__N0040__Aplus_0p005,hm-a10-g1-L3p5-n2-beta2,40,-0.005,9,0.7875,9.999215700805928,9.999813171713757
hm-a10-g1-L3p5-n2-beta2__N0040__Aminus_0p005,hm-a10-g1-L3p5-n2-beta2__N0040__Aplus_0p005,hm-a10-g1-L3p5-n2-beta2,40,-0.005,10,0.875,9.999997827646018,9.999998688455484
hm-a10-g1-L3p5-n2-beta2__N0040__Aminus_0p005,hm-a10-g1-L3p5-n2-beta2__N0040__Aplus_0p005,hm-a10-g1-L3p5-n2-beta2,40,-0.005,11,0.9624999999999999,10.000780045338725,10.000184211787786
hm-a10-g1-L3p5-n2-beta2__N0040__Aminus_0p005,hm-a10-g1-L3p5-n2-beta2__N0040__Aplus_0p005,hm-a10-g1-L3p5-n2-beta2,40,-0.005,12,1.0499999999999998,10.001543089771701,10.000365173269465
hm-a10-g1-L3p5-n2-beta2__N0040__Aminus_0p005,hm-a10-g1-L3p5-n2-beta2__N0040__Aplus_0p005,hm-a10-g1-L3p5-n2-beta2,40,-0.005,13,1.1375,10.002268162608985,10.000537116327925
hm-a10-g1-L3p5-n2-beta2__N0040__Aminus_0p005,hm-a10-g1-L3p5-n2-beta2__N0040__Aplus_0p005,hm-a10-g1-L3p5-n2-beta2,40,-0.005,14,1.2249999999999999,10.002937395111934,10.000695806063298
hm-a10-g1-L3p5-n2-beta2__N0040__Aminus_0p005,hm-a10-g1-L3p5-n2-beta2__N0040__Aplus_0p005,hm-a10-g1-L3p5-n2-beta2,40,-0.005,15,1.3125,10.00353428959845,10.00083733363252
hm-a10-g1-L3p5-n2-beta2__N0040__Aminus_0p005,hm-a10-g1-L3p5-n2-beta2__N0040__Aplus_0p005,hm-a10-g1-L3p5-n2-beta2,40,-0.005,16,1.4,10.004044127526408,10.000958212632629
hm-a10-g1-L3p5-n2-beta2__N0040__Aminus_0p005,hm-a10-g1-L3p5-n2-beta2__N0040__Aplus_0p005,hm-a10-g1-L3p5-n2-beta2,40,-0.005,17,1.4874999999999998,10.004454333971214,10.001055465096835
hm-a10-g1-L3p5-n2-beta2__N0040__Aminus_0p005,hm-a10-g1-L3p5-n2-beta2__N0040__Aplus_0p005,hm-a10-g1-L3p5-n2-beta2,40,-0.005,18,1.575,10.004754789321236,10.001126694971223
hm-a10-g1-L3p5-n2-beta2__N0040__Aminus_0p005,hm-a10-g1-L3p5-n2-beta2__N0040__Aplus_0p005,hm-a10-g1-L3p5-n2-beta2,40,-0.005,19,1.6624999999999999,10.004938080314309,10.001170147248246
hm-a10-g1-L3p5-n2-beta2__N0040__Aminus_0p005,hm-a10-g1-L3p5-n2-beta2__N0040__Aplus_0p005,hm-a10-g1-L3p5-n2-beta2,40,-0.005,20,1.75,10.00499968405176,10.001184751287733
hm-a10-g1-L3p5-n2-beta2__N0040__Aminus_0p005,hm-a10-g1-L3p5-n2-beta2__N0040__Aplus_0p005,hm-a10-g1-L3p5-n2-beta2,40,-0.005,21,1.8375,10.004938080314297,10.00117014724825
hm-a10-g1-L3p5-n2-beta2__N0040__Aminus_0p005,hm-a10-g1-L3p5-n2-beta2__N0040__Aplus_0p005,hm-a10-g1-L3p5-n2-beta2,40,-0.005,22,1.9249999999999998,10.004754789321213,10.001126694971228
hm-a10-g1-L3p5-n2-beta2__N0040__Aminus_0p005,hm-a10-g1-L3p5-n2-beta2__N0040__Aplus_0p005,hm-a10-g1-L3p5-n2-beta2,40,-0.005,23,2.0124999999999997,10.004454333971182,10.001055465096842
hm-a10-g1-L3p5-n2-beta2__N0040__Aminus_0p005,hm-a10-g1-L3p5-n2-beta2__N0040__Aplus_0p005,hm-a10-g1-L3p5-n2-beta2,40,-0.005,24,2.0999999999999996,10.004044127526369,10.000958212632638
hm-a10-g1-L3p5-n2-beta2__N0040__Aminus_0p005,hm-a10-g1-L3p5-n2-beta2__N0040__Aplus_0p005,hm-a10-g1-L3p5-n2-beta2,40,-0.005,25,2.1875,10.003534289598408,10.000837333632528
hm-a10-g1-L3p5-n2-beta2__N0040__Aminus_0p005,hm-a10-g1-L3p5-n2-beta2__N0040__Aplus_0p005,hm-a10-g1-L3p5-n2-beta2,40,-0.005,26,2.275,10.002937395111893,10.000695806063307
hm-a10-g1-L3p5-n2-beta2__N0040__Aminus_0p005,hm-a10-g1-L3p5-n2-beta2__N0040__Aplus_0p005,hm-a10-g1-L3p5-n2-beta2,40,-0.005,27,2.3625,10.002268162608948,10.000537116327934
hm-a10-g1-L3p5-n2-beta2__N0040__Aminus_0p005,hm-a10-g1-L3p5-n2-beta2__N0040__Aplus_0p005,hm-a10-g1-L3p5-n2-beta2,40,-0.005,28,2.4499999999999997,10.00154308977167,10.000365173269474
hm-a10-g1-L3p5-n2-beta2__N0040__Aminus_0p005,hm-a10-g1-L3p5-n2-beta2__N0040__Aplus_0p005,hm-a10-g1-L3p5-n2-beta2,40,-0.005,29,2.5374999999999996,10.000780045338704,10.000184211787795
hm-a10-g1-L3p5-n2-beta2__N0040__Aminus_0p005,hm-a10-g1-L3p5-n2-beta2__N0040__Aplus_0p005,hm-a10-g1-L3p5-n2-beta2,40,-0.005,30,2.625,9.999997827646009,9.999998688455493
hm-a10-g1-L3p5-n2-beta2__N0040__Aminus_0p005,hm-a10-g1-L3p5-n2-beta2__N0040__Aplus_0p005,hm-a10-g1-L3p5-n2-beta2,40,-0.005,31,2.7125,9.999215700805934,9.999813171713766
hm-a10-g1-L3p5-n2-beta2__N0040__Aminus_0p005,hm-a10-g1-L3p5-n2-beta2__N0040__Aplus_0p005,hm-a10-g1-L3p5-n2-beta2,40,-0.005,32,2.8,9.998452920037545,9.999632229358678
hm-a10-g1-L3p5-n2-beta2__N0040__Aminus_0p005,hm-a10-g1-L3p5-n2-beta2__N0040__Aplus_0p005,hm-a10-g1-L3p5-n2-beta2,40,-0.005,33,2.8874999999999997,9.997728257867477,9.999460316090582
hm-a10-g1-L3p5-n2-beta2__N0040__Aminus_0p005,hm-a10-g1-L3p5-n2-beta2__N0040__Aplus_0p005,hm-a10-g1-L3p5-n2-beta2,40,-0.005,34,2.9749999999999996,9.997059542835412,9.999301663893258
hm-a10-g1-L3p5-n2-beta2__N0040__Aminus_0p005,hm-a10-g1-L3p5-n2-beta2__N0040__Aplus_0p005,hm-a10-g1-L3p5-n2-beta2,40,-0.005,35,3.0625,9.996463221969794,9.999160177935284
hm-a10-g1-L3p5-n2-beta2__N0040__Aminus_0p005,hm-a10-g1-L3p5-n2-beta2__N0040__Aplus_0p005,hm-a10-g1-L3p5-n2-beta2,40,-0.005,36,3.15,9.995953957662739,9.999039340546423
hm-a10-g1-L3p5-n2-beta2__N0040__Aminus_0p005,hm-a10-g1-L3p5-n2-beta2__N0040__Aplus_0p005,hm-a10-g1-L3p5-n2-beta2,40,-0.005,37,3.2375,9.995544268688832,9.998942125620268
hm-a10-g1-L3p5-n2-beta2__N0040__Aminus_0p005,hm-a10-g1-L3p5-n2-beta2__N0040__Aplus_0p005,hm-a10-g1-L3p5-n2-beta2,40,-0.005,38,3.3249999999999997,9.99524422400604,9.998870925536245
hm-a10-g1-L3p5-n2-beta2__N0040__Aminus_0p005,hm-a10-g1-L3p5-n2-beta2__N0040__Aplus_0p005,hm-a10-g1-L3p5-n2-beta2,40,-0.005,39,3.4124999999999996,9.995061196677563,9.998827492385816
hm-a10-g1-L3p5-n2-beta2__N0040__Aminus_0p005,hm-a10-g1-L3p5-n2-beta2__N0040__Aplus_0p005,hm-a10-g1-L3p5-n2-beta2,40,-0.005,40,3.5,9.994999683792734,9.998812894936902
hm-a10-g1-L3p5-n2-beta2__N0040__Aminus_0p0025,hm-a10-g1-L3p5-n2-beta2__N0040__Aplus_0p0025,hm-a10-g1-L3p5-n2-beta2,40,-0.0025,0,0.0,9.997499920964588,9.999406741692152
hm-a10-g1-L3p5-n2-beta2__N0040__Aminus_0p0025,hm-a10-g1-L3p5-n2-beta2__N0040__Aplus_0p0025,hm-a10-g1-L3p5-n2-beta2,40,-0.0025,1,0.0875,9.997530688758289,9.99941404124025
hm-a10-g1-L3p5-n2-beta2__N0040__Aminus_0p0025,hm-a10-g1-L3p5-n2-beta2__N0040__Aplus_0p0025,hm-a10-g1-L3p5-n2-beta2,40,-0.0025,2,0.175,9.997622235365881,9.999435760205792
hm-a10-g1-L3p5-n2-beta2__N0040__Aminus_0p0025,hm-a10-g1-L3p5-n2-beta2__N0040__Aplus_0p0025,hm-a10-g1-L3p5-n2-beta2,40,-0.0025,3,0.26249999999999996,9.997772309019739,9.999471363970889
hm-a10-g1-L3p5-n2-beta2__N0040__Aminus_0p0025,hm-a10-g1-L3p5-n2-beta2__N0040__Aplus_0p0025,hm-a10-g1-L3p5-n2-beta2,40,-0.0025,4,0.35,9.99797721816796,9.999519976125459
hm-a10-g1-L3p5-n2-beta2__N0040__Aminus_0p0025,hm-a10-g1-L3p5-n2-beta2__N0040__Aplus_0p0025,hm-a10-g1-L3p5-n2-beta2,40,-0.0025,5,0.4375,9.99823192200478,9.99958040002064
hm-a10-g1-L3p5-n2-beta2__N0040__Aminus_0p0025,hm-a10-g1-L3p5-n2-beta2__N0040__Aplus_0p0025,hm-a10-g1-L3p5-n2-beta2,40,-0.0025,6,0.5249999999999999,9.998530154128371,9.999651148200634
hm-a10-g1-L3p5-n2-beta2__N0040__Aminus_0p0025,hm-a10-g1-L3p5-n2-beta2__N0040__Aplus_0p0025,hm-a10-g1-L3p5-n2-beta2,40,-0.0025,7,0.6124999999999999,9.998864576326502,9.999730478991493
hm-a10-g1-L3p5-n2-beta2__N0040__Aminus_0p0025,hm-a10-g1-L3p5-n2-beta2__N0040__Aplus_0p0025,hm-a10-g1-L3p5-n2-beta2,40,-0.0025,8,0.7,9.999226958753633,9.999816439349631
hm-a10-g1-L3p5-n2-beta2__N0040__Aminus_0p0025,hm-a10-g1-L3p5-n2-beta2__N0040__Aplus_0p0025,hm-a10-g1-L3p5-n2-beta2,40,-0.0025,9,0.7875,9.999608382113163,9.999906912918586
hm-a10-g1-L3p5-n2-beta2__N0040__Aminus_0p0025,hm-a10-g1-L3p5-n2-beta2__N0040__Aplus_0p0025,hm-a10-g1-L3p5-n2-beta2,40,-0.0025,10,0.875,9.999999456911844,9.99999967211402
hm-a10-g1-L3p5-n2-beta2__N0040__Aminus_0p0025,hm-a10-g1-L3p5-n2-beta2__N0040__Aplus_0p0025,hm-a10-g1-L3p5-n2-beta2,40,-0.0025,11,0.9624999999999999,10.000390554423678,10.000092432957098
hm-a10-g1-L3p5-n2-beta2__N0040__Aminus_0p0025,hm-a10-g1-L3p5-n2-beta2__N0040__Aplus_0p0025,hm-a10-g1-L3p5-n2-beta2,40,-0.0025,12,1.0499999999999998,10.000772043699342,10.000182911307698
hm-a10-g1-L3p5-n2-beta2__N0040__Aminus_0p0025,hm-a10-g1-L3p5-n2-beta2__N0040__Aplus_0p0025,hm-a10-g1-L3p5-n2-beta2,40,-0.0025,13,1.1375,10.001134528793262,10.000268879113426
hm-a10-g1-L3p5-n2-beta2__N0040__Aminus_0p0025,hm-a10-g1-L3p5-n2-beta2__N0040__Aplus_0p0025,hm-a10-g1-L3p5-n2-beta2,40,-0.0025,14,1.2249999999999999,10.001469080359092,10.000348219288796
hm-a10-g1-L3p5-n2-beta2__N0040__Aminus_0p0025,hm-a10-g1-L3p5-n2-beta2__N0040__Aplus_0p0025,hm-a10-g1-L3p5-n2-beta2,40,-0.0025,15,1.3125,10.001767455887881,10.000418977871599
hm-a10-g1-L3p5-n2-beta2__N0040__Aminus_0p0025,hm-a10-g1-L3p5-n2-beta2__N0040__Aplus_0p0025,hm-a10-g1-L3p5-n2-beta2,40,-0.0025,16,1.4,10.0020223031299,10.00047941216959
hm-a10-g1-L3p5-n2-beta2__N0040__Aminus_0p0025,hm-a10-g1-L3p5-n2-beta2__N0040__Aplus_0p0025,hm-a10-g1-L3p5-n2-beta2,40,-0.0025,17,1.4874999999999998,10.002227341645819,10.000528033708669
hm-a10-g1-L3p5-n2-beta2__N0040__Aminus_0p0025,hm-a10-g1-L3p5-n2-beta2__N0040__Aplus_0p0025,hm-a10-g1-L3p5-n2-beta2,40,-0.0025,18,1.575,10.002377517966462,10.000563644921355
hm-a10-g1-L3p5-n2-beta2__N0040__Aminus_0p0025,hm-a10-g1-L3p5-n2-beta2__N0040__Aplus_0p0025,hm-a10-g1-L3p5-n2-beta2,40,-0.0025,19,1.6624999999999999,10.002469130490184,10.000585368668542
hm-a10-g1-L3p5-n2-beta2__N0040__Aminus_0p0025,hm-a10-g1-L3p5-n2-beta2__N0040__Aplus_0p0025,hm-a10-g1-L3p5-n2-beta2,40,-0.0025,20,1.75,10.002499920997028,10.000592669864284
hm-a10-g1-L3p5-n2-beta2__N0040__Aminus_0p0025,hm-a10-g1-L3p5-n2-beta2__N0040__Aplus_0p0025,hm-a10-g1-L3p5-n2-beta2,40,-0.0025,21,1.8375,10.002469130490166,10.000585368668544
hm-a10-g1-L3p5-n2-beta2__N0040__Aminus_0p0025,hm-a10-g1-L3p5-n2-beta2__N0040__Aplus_0p0025,hm-a10-g1-L3p5-n2-beta2,40,-0.0025,22,1.9249999999999998,10.002377517966426,10.000563644921359
hm-a10-g1-L3p5-n2-beta2__N0040__Aminus_0p0025,hm-a10-g1-L3p5-n2-beta2__N0040__Aplus_0p0025,hm-a10-g1-L3p5-n2-beta2,40,-0.0025,23,2.0124999999999997,10.00222734164577,10.000528033708672
hm-a10-g1-L3p5-n2-beta2__N0040__Aminus_0p0025,hm-a10-g1-L3p5-n2-beta2__N0040__Aplus_0p0025,hm-a10-g1-L3p5-n2-beta2,40,-0.0025,24,2.0999999999999996,10.00202230312984,10.000479412169593
hm-a10-g1-L3p5-n2-beta2__N0040__Aminus_0p0025,hm-a10-g1-L3p5-n2-beta2__N0040__Aplus_0p0025,hm-a10-g1-L3p5-n2-beta2,40,-0.0025,25,2.1875,10.001767455887814,10.000418977871602
hm-a10-g1-L3p5-n2-beta2__N0040__Aminus_0p0025,hm-a10-g1-L3p5-n2-beta2__N0040__Aplus_0p0025,hm-a10-g1-L3p5-n2-beta2,40,-0.0025,26,2.275,10.001469080359023,10.000348219288801
hm-a10-g1-L3p5-n2-beta2__N0040__Aminus_0p0025,hm-a10-g1-L3p5-n2-beta2__N0040__Aplus_0p0025,hm-a10-g1-L3p5-n2-beta2,40,-0.0025,27,2.3625,10.001134528793195,10.000268879113433
hm-a10-g1-L3p5-n2-beta2__N0040__Aminus_0p0025,hm-a10-g1-L3p5-n2-beta2__N0040__Aplus_0p0025,hm-a10-g1-L3p5-n2-beta2,40,-0.0025,28,2.4499999999999997,10.000772043699282,10.000182911307705
hm-a10-g1-L3p5-n2-beta2__N0040__Aminus_0p0025,hm-a10-g1-L3p5-n2-beta2__N0040__Aplus_0p0025,hm-a10-g1-L3p5-n2-beta2,40,-0.0025,29,2.5374999999999996,10.00039055442363,10.000092432957107
hm-a10-g1-L3p5-n2-beta2__N0040__Aminus_0p0025,hm-a10-g1-L3p5-n2-beta2__N0040__Aplus_0p0025,hm-a10-g1-L3p5-n2-beta2,40,-0.0025,30,2.625,9.99999945691181,9.99999967211403
hm-a10-g1-L3p5-n2-beta2__N0040__Aminus_0p0025,hm-a10-g1-L3p5-n2-beta2__N0040__Aplus_0p0025,hm-a10-g1-L3p5-n2-beta2,40,-0.0025,31,2.7125,9.999608382113147,9.999906912918595
hm-a10-g1-L3p5-n2-beta2__N0040__Aminus_0p0025,hm-a10-g1-L3p5-n2-beta2__N0040__Aplus_0p0025,hm-a10-g1-L3p5-n2-beta2,40,-0.0025,32,2.8,9.999226958753638,9.999816439349642
hm-a10-g1-L3p5-n2-beta2__N0040__Aminus_0p0025,hm-a10-g1-L3p5-n2-beta2__N0040__Aplus_0p0025,hm-a10-g1-L3p5-n2-beta2,40,-0.0025,33,2.8874999999999997,9.998864576326527,9.999730478991504
hm-a10-g1-L3p5-n2-beta2__N0040__Aminus_0p0025,hm-a10-g1-L3p5-n2-beta2__N0040__Aplus_0p0025,hm-a10-g1-L3p5-n2-beta2,40,-0.0025,34,2.9749999999999996,9.998530154128417,9.999651148200645
hm-a10-g1-L3p5-n2-beta2__N0040__Aminus_0p0025,hm-a10-g1-L3p5-n2-beta2__N0040__Aplus_0p0025,hm-a10-g1-L3p5-n2-beta2,40,-0.0025,35,3.0625,9.998231922004846,9.999580400020653
hm-a10-g1-L3p5-n2-beta2__N0040__Aminus_0p0025,hm-a10-g1-L3p5-n2-beta2__N0040__Aplus_0p0025,hm-a10-g1-L3p5-n2-beta2,40,-0.0025,36,3.15,9.997977218168044,9.999519976125473
hm-a10-g1-L3p5-n2-beta2__N0040__Aminus_0p0025,hm-a10-g1-L3p5-n2-beta2__N0040__Aplus_0p0025,hm-a10-g1-L3p5-n2-beta2,40,-0.0025,37,3.2375,9.997772309019835,9.999471363970907
hm-a10-g1-L3p5-n2-beta2__N0040__Aminus_0p0025,hm-a10-g1-L3p5-n2-beta2__N0040__Aplus_0p0025,hm-a10-g1-L3p5-n2-beta2,40,-0.0025,38,3.3249999999999997,9.997622235365986,9.999435760205811
hm-a10-g1-L3p5-n2-beta2__N0040__Aminus_0p0025,hm-a10-g1-L3p5-n2-beta2__N0040__Aplus_0p0025,hm-a10-g1-L3p5-n2-beta2,40,-0.0025,39,3.4124999999999996,9.9975306887584,9.999414041240273
hm-a10-g1-L3p5-n2-beta2__N0040__Aminus_0p0025,hm-a10-g1-L3p5-n2-beta2__N0040__Aplus_0p0025,hm-a10-g1-L3p5-n2-beta2,40,-0.0025,40,3.5,9.997499920964701,9.999406741692175
hm-a10-g1-L3p5-n2-beta2__N0040__Aplus_0p0025,hm-a10-g1-L3p5-n2-beta2__N0040__Aminus_0p0025,hm-a10-g1-L3p5-n2-beta2,40,0.0025,0,0.0,10.002499920996959,10.00059266986428
hm-a10-g1-L3p5-n2-beta2__N0040__Aplus_0p0025,hm-a10-g1-L3p5-n2-beta2__N0040__Aminus_0p0025,hm-a10-g1-L3p5-n2-beta2,40,0.0025,1,0.0875,10.002469130490107,10.000585368668538
hm-a10-g1-L3p5-n2-beta2__N0040__Aplus_0p0025,hm-a10-g1-L3p5-n2-beta2__N0040__Aminus_0p0025,hm-a10-g1-L3p5-n2-beta2,40,0.0025,2,0.175,10.002377517966382,10.000563644921353
hm-a10-g1-L3p5-n2-beta2__N0040__Aplus_0p0025,hm-a10-g1-L3p5-n2-beta2__N0040__Aminus_0p0025,hm-a10-g1-L3p5-n2-beta2,40,0.0025,3,0.26249999999999996,10.002227341645739,10.000528033708667
hm-a10-g1-L3p5-n2-beta2__N0040__Aplus_0p0025,hm-a10-g1-L3p5-n2-beta2__N0040__Aminus_0p0025,hm-a10-g1-L3p5-n2-beta2,40,0.0025,4,0.35,10.002022303129822,10.000479412169591
hm-a10-g1-L3p5-n2-beta2__N0040__Aplus_0p0025,hm-a10-g1-L3p5-n2-beta2__N0040__Aminus_0p0025,hm-a10-g1-L3p5-n2-beta2,40,0.0025,5,0.4375,10.00176745588781,10.000418977871602
hm-a10-g1-L3p5-n2-beta2__N0040__Aplus_0p0025,hm-a10-g1-L3p5-n2-beta2__N0040__Aminus_0p0025,hm-a10-g1-L3p5-n2-beta2,40,0.0025,6,0.5249999999999999,10.001469080359032,10.000348219288801
hm-a10-g1-L3p5-n2-beta2__N0040__Aplus_0p0025,hm-a10-g1-L3p5-n2-beta2__N0040__Aminus_0p0025,hm-a10-g1-L3p5-n2-beta2,40,0.0025,7,0.6124999999999999,10.001134528793216,10.000268879113433
hm-a10-g1-L3p5-n2-beta2__N0040__Aplus_0p0025,hm-a10-g1-L3p5-n2-beta2__N0040__Aminus_0p0025,hm-a10-g1-L3p5-n2-beta2,40,0.0025,8,0.7,10.000772043699312,10.000182911307704
hm-a10-g1-L3p5-n2-beta2__N0040__Aplus_0p0025,hm-a10-g1-L3p5-n2-beta2__N0040__Aminus_0p0025,hm-a10-g1-L3p5-n2-beta2,40,0.0025,9,0.7875,10.000390554423667,10.000092432957103
hm-a10-g1-L3p5-n2-beta2__N0040__Aplus_0p0025,hm-a10-g1-L3p5-n2-beta2__N0040__Aminus_0p0025,hm-a10-g1-L3p5-n2-beta2,40,0.0025,10,0.875,9.999999456911851,9.999999672114026
hm-a10-g1-L3p5-n2-beta2__N0040__Aplus_0p0025,hm-a10-g1-L3p5-n2-beta2__N0040__Aminus_0p0025,hm-a10-g1-L3p5-n2-beta2,40,0.0025,11,0.9624999999999999,9.999608382113188,9.999906912918592
hm-a10-g1-L3p5-n2-beta2__N0040__Aplus_0p0025,hm-a10-g1-L3p5-n2-beta2__N0040__Aminus_0p0025,hm-a10-g1-L3p5-n2-beta2,40,0.0025,12,1.0499999999999998,9.999226958753674,9.999816439349638
hm-a10-g1-L3p5-n2-beta2__N0040__Aplus_0p0025,hm-a10-g1-L3p5-n2-beta2__N0040__Aminus_0p0025,hm-a10-g1-L3p5-n2-beta2,40,0.0025,13,1.1375,9.998864576326557,9.999730478991498
hm-a10-g1-L3p5-n2-beta2__N0040__Aplus_0p0025,hm-a10-g1-L3p5-n2-beta2__N0040__Aminus_0p0025,hm-a10-g1-L3p5-n2-beta2,40,0.0025,14,1.2249999999999999,9.998530154128437,9.99965114820064
hm-a10-g1-L3p5-n2-beta2__N0040__Aplus_0p0025,hm-a10-g1-L3p5-n2-beta2__N0040__Aminus_0p0025,hm-a10-g1-L3p5-n2-beta2,40,0.0025,15,1.3125,9.998231922004853,9.999580400020648
hm-a10-g1-L3p5-n2-beta2__N0040__Aplus_0p0025,hm-a10-g1-L3p5-n2-beta2__N0040__Aminus_0p0025,hm-a10-g1-L3p5-n2-beta2,40,0.0025,16,1.4,9.997977218168037,9.999519976125466
hm-a10-g1-L3p5-n2-beta2__N0040__Aplus_0p0025,hm-a10-g1-L3p5-n2-beta2__N0040__Aminus_0p0025,hm-a10-g1-L3p5-n2-beta2,40,0.0025,17,1.4874999999999998,9.997772309019814,9.999471363970898
hm-a10-g1-L3p5-n2-beta2__N0040__Aplus_0p0025,hm-a10-g1-L3p5-n2-beta2__N0040__Aminus_0p0025,hm-a10-g1-L3p5-n2-beta2,40,0.0025,18,1.575,9.997622235365952,9.9994357602058
hm-a10-g1-L3p5-n2-beta2__N0040__Aplus_0p0025,hm-a10-g1-L3p5-n2-beta2__N0040__Aminus_0p0025,hm-a10-g1-L3p5-n2-beta2,40,0.0025,19,1.6624999999999999,9.997530688758351,9.99941404124026
hm-a10-g1-L3p5-n2-beta2__N0040__Aplus_0p0025,hm-a10-g1-L3p5-n2-beta2__N0040__Aminus_0p0025,hm-a10-g1-L3p5-n2-beta2,40,0.0025,20,1.75,9.997499920964641,9.999406741692162
hm-a10-g1-L3p5-n2-beta2__N0040__Aplus_0p0025,hm-a10-g1-L3p5-n2-beta2__N0040__Aminus_0p0025,hm-a10-g1-L3p5-n2-beta2,40,0.0025,21,1.8375,9.99753068875833,9.999414041240263
hm-a10-g1-L3p5-n2-beta2__N0040__Aplus_0p0025,hm-a10-g1-L3p5-n2-beta2__N0040__Aminus_0p0025,hm-a10-g1-L3p5-n2-beta2,40,0.0025,22,1.9249999999999998,9.99762223536591,9.999435760205802
hm-a10-g1-L3p5-n2-beta2__N0040__Aplus_0p0025,hm-a10-g1-L3p5-n2-beta2__N0040__Aminus_0p0025,hm-a10-g1-L3p5-n2-beta2,40,0.0025,23,2.0124999999999997,9.997772309019755,9.999471363970901
hm-a10-g1-L3p5-n2-beta2__N0040__Aplus_0p0025,hm-a10-g1-L3p5-n2-beta2__N0040__Aminus_0p0025,hm-a10-g1-L3p5-n2-beta2,40,0.0025,24,2.0999999999999996,9.997977218167962,9.99951997612547
hm-a10-g1-L3p5-n2-beta2__N0040__Aplus_0p0025,hm-a10-g1-L3p5-n2-beta2__N0040__Aminus_0p0025,hm-a10-g1-L3p5-n2-beta2,40,0.0025,25,2.1875,9.998231922004772,9.999580400020651
hm-a10-g1-L3p5-n2-beta2__N0040__Aplus_0p0025,hm-a10-g1-L3p5-n2-beta2__N0040__Aminus_0p0025,hm-a10-g1-L3p5-n2-beta2,40,0.0025,26,2.275,9.99853015412835,9.999651148200643
hm-a10-g1-L3p5-n2-beta2__N0040__Aplus_0p0025,hm-a10-g1-L3p5-n2-beta2__N0040__Aminus_0p0025,hm-a10-g1-L3p5-n2-beta2,40,0.0025,27,2.3625,9.998864576326472,9.999730478991502
hm-a10-g1-L3p5-n2-beta2__N0040__Aplus_0p0025,hm-a10-g1-L3p5-n2-beta2__N0040__Aminus_0p0025,hm-a10-g1-L3p5-n2-beta2,40,0.0025,28,2.4499999999999997,9.999226958753598,9.999816439349642
hm-a10-g1-L3p5-n2-beta2__N0040__Aplus_0p0025,hm-a10-g1-L3p5-n2-beta2__N0040__Aminus_0p0025,hm-a10-g1-L3p5-n2-beta2,40,0.0025,29,2.5374999999999996,9.999608382113124,9.999906912918597
hm-a10-g1-L3p5-n2-beta2__N0040__Aplus_0p0025,hm-a10-g1-L3p5-n2-beta2__N0040__Aminus_0p0025,hm-a10-g1-L3p5-n2-beta2,40,0.0025,30,2.625,9.999999456911805,9.999999672114031
hm-a10-g1-L3p5-n2-beta2__N0040__Aplus_0p0025,hm-a10-g1-L3p5-n2-beta2__N0040__Aminus_0p0025,hm-a10-g1-L3p5-n2-beta2,40,0.0025,31,2.7125,10.000390554423642,10.000092432957109
hm-a10-g1-L3p5-n2-beta2__N0040__Aplus_0p0025,hm-a10-g1-L3p5-n2-beta2__N0040__Aminus_0p0025,hm-a10-g1-L3p5-n2-beta2,40,0.0025,32,2.8,10.00077204369931,10.00018291130771
hm-a10-g1-L3p5-n2-beta2__N0040__Aplus_0p0025,hm-a10-g1-L3p5-n2-beta2__N0040__Aminus_0p0025,hm-a10-g1-L3p5-n2-beta2,40,0.0025,33,2.8874999999999997,10.001134528793239,10.00026887911344
hm-a10-g1-L3p5-n2-beta2__N0040__Aplus_0p0025,hm-a10-g1-L3p5-n2-beta2__N0040__Aminus_0p0025,hm-a10-g1-L3p5-n2-beta2,40,0.0025,34,2.9749999999999996,10.00146908035908,10.000348219288808
hm-a10-g1-L3p5-n2-beta2__N0040__Aplus_0p0025,hm-a10-g1-L3p5-n2-beta2__N0040__Aminus_0p0025,hm-a10-g1-L3p5-n2-beta2,40,0.0025,35,3.0625,10.001767455887881,10.00041897787161
hm-a10-g1-L3p5-n2-beta2__N0040__Aplus_0p0025,hm-a10-g1-L3p5-n2-beta2__N0040__Aminus_0p0025,hm-a10-g1-L3p5-n2-beta2,40,0.0025,36,3.15,10.002022303129912,10.000479412169602
hm-a10-g1-L3p5-n2-beta2__N0040__Aplus_0p0025,hm-a10-g1-L3p5-n2-beta2__N0040__Aminus_0p0025,hm-a10-g1-L3p5-n2-beta2,40,0.0025,37,3.2375,10.002227341645845,10.000528033708681
hm-a10-g1-L3p5-n2-beta2__N0040__Aplus_0p0025,hm-a10-g1-L3p5-n2-beta2__N0040__Aminus_0p0025,hm-a10-g1-L3p5-n2-beta2,40,0.0025,38,3.3249999999999997,10.0023775179665,10.00056364492137
hm-a10-g1-L3p5-n2-beta2__N0040__Aplus_0p0025,hm-a10-g1-L3p5-n2-beta2__N0040__Aminus_0p0025,hm-a10-g1-L3p5-n2-beta2,40,0.0025,39,3.4124999999999996,10.002469130490235,10.000585368668556
hm-a10-g1-L3p5-n2-beta2__N0040__Aplus_0p0025,hm-a10-g1-L3p5-n2-beta2__N0040__Aminus_0p0025,hm-a10-g1-L3p5-n2-beta2,40,0.0025,40,3.5,10.00249992099709,10.000592669864298
hm-a10-g1-L3p5-n2-beta2__N0040__Aplus_0p005,hm-a10-g1-L3p5-n2-beta2__N0040__Aminus_0p005,hm-a10-g1-L3p5-n2-beta2,40,0.005,0,0.0,10.004999684051711,10.00118475128773
hm-a10-g1-L3p5-n2-beta2__N0040__Aplus_0p005,hm-a10-g1-L3p5-n2-beta2__N0040__Aminus_0p005,hm-a10-g1-L3p5-n2-beta2,40,0.005,1,0.0875,10.004938080314254,10.001170147248242
hm-a10-g1-L3p5-n2-beta2__N0040__Aplus_0p005,hm-a10-g1-L3p5-n2-beta2__N0040__Aminus_0p005,hm-a10-g1-L3p5-n2-beta2,40,0.005,2,0.175,10.00475478932118,10.001126694971221
hm-a10-g1-L3p5-n2-beta2__N0040__Aplus_0p005,hm-a10-g1-L3p5-n2-beta2__N0040__Aminus_0p005,hm-a10-g1-L3p5-n2-beta2,40,0.005,3,0.26249999999999996,10.004454333971156,10.001055465096835
hm-a10-g1-L3p5-n2-beta2__N0040__Aplus_0p005,hm-a10-g1-L3p5-n2-beta2__N0040__Aminus_0p005,hm-a10-g1-L3p5-n2-beta2,40,0.005,4,0.35,10.00404412752635,10.000958212632632
hm-a10-g1-L3p5-n2-beta2__N0040__Aplus_0p005,hm-a10-g1-L3p5-n2-beta2__N0040__Aminus_0p005,hm-a10-g1-L3p5-n2-beta2,40,0.005,5,0.4375,10.003534289598399,10.000837333632523
hm-a10-g1-L3p5-n2-beta2__N0040__Aplus_0p005,hm-a10-g1-L3p5-n2-beta2__N0040__Aminus_0p005,hm-a10-g1-L3p5-n2-beta2,40,0.005,6,0.5249999999999999,10.00293739511189,10.000695806063302
hm-a10-g1-L3p5-n2-beta2__N0040__Aplus_0p005,hm-a10-g1-L3p5-n2-beta2__N0040__Aminus_0p005,hm-a10-g1-L3p5-n2-beta2,40,0.005,7,0.6124999999999999,10.002268162608953,10.00053711632793
hm-a10-g1-L3p5-n2-beta2__N0040__Aplus_0p005,hm-a10-g1-L3p5-n2-beta2__N0040__Aminus_0p005,hm-a10-g1-L3p5-n2-beta2,40,0.005,8,0.7,10.001543089771681,10.000365173269468
hm-a10-g1-L3p5-n2-beta2__N0040__Aplus_0p005,hm-a10-g1-L3p5-n2-beta2__N0040__Aminus_0p005,hm-a10-g1-L3p5-n2-beta2,40,0.005,9,0.7875,10.000780045338718,10.00018421178779
hm-a10-g1-L3p5-n2-beta2__N0040__Aplus_0p005,hm-a10-g1-L3p5-n2-beta2__N0040__Aminus_0p005,hm-a10-g1-L3p5-n2-beta2,40,0.005,10,0.875,9.999997827646027,9.999998688455488
hm-a10-g1-L3p5-n2-beta2__N0040__Aplus_0p005,hm-a10-g1-L3p5-n2-beta2__N0040__Aminus_0p005,hm-a10-g1-L3p5-n2-beta2,40,0.005,11,0.9624999999999999,9.999215700805953,9.99981317171376
hm-a10-g1-L3p5-n2-beta2__N0040__Aplus_0p005,hm-a10-g1-L3p5-n2-beta2__N0040__Aminus_0p005,hm-a10-g1-L3p5-n2-beta2,40,0.005,12,1.0499999999999998,9.998452920037561,9.99963222935867
hm-a10-g1-L3p5-n2-beta2__N0040__Aplus_0p005,hm-a10-g1-L3p5-n2-beta2__N0040__Aminus_0p005,hm-a10-g1-L3p5-n2-beta2,40,0.005,13,1.1375,9.997728257867491,9.999460316090572
hm-a10-g1-L3p5-n2-beta2__N0040__Aplus_0p005,hm-a10-g1-L3p5-n2-beta2__N0040__Aminus_0p005,hm-a10-g1-L3p5-n2-beta2,40,0.005,14,1.2249999999999999,9.99705954283542,9.999301663893245
hm-a10-g1-L3p5-n2-beta2__N0040__Aplus_0p005,hm-a10-g1-L3p5-n2-beta2__N0040__Aminus_0p005,hm-a10-g1-L3p5-n2-beta2,40,0.005,15,1.3125,9.996463221969794,9.999160177935272
hm-a10-g1-L3p5-n2-beta2__N0040__Aplus_0p005,hm-a10-g1-L3p5-n2-beta2__N0040__Aminus_0p005,hm-a10-g1-L3p5-n2-beta2,40,0.005,16,1.4,9.99595395766273,9.99903934054641
hm-a10-g1-L3p5-n2-beta2__N0040__Aplus_0p005,hm-a10-g1-L3p5-n2-beta2__N0040__Aminus_0p005,hm-a10-g1-L3p5-n2-beta2,40,0.005,17,1.4874999999999998,9.995544268688812,9.998942125620255
hm-a10-g1-L3p5-n2-beta2__N0040__Aplus_0p005,hm-a10-g1-L3p5-n2-beta2__N0040__Aminus_0p005,hm-a10-g1-L3p5-n2-beta2,40,0.005,18,1.575,9.995244224006013,9.998870925536233
hm-a10-g1-L3p5-n2-beta2__N0040__Aplus_0p005,hm-a10-g1-L3p5-n2-beta2__N0040__Aminus_0p005,hm-a10-g1-L3p5-n2-beta2,40,0.005,19,1.6624999999999999,9.995061196677526,9.998827492385804
hm-a10-g1-L3p5-n2-beta2__N0040__Aplus_0p005,hm-a10-g1-L3p5-n2-beta2__N0040__Aminus_0p005,hm-a10-g1-L3p5-n2-beta2,40,0.005,20,1.75,9.994999683792688,9.998812894936894
hm-a10-g1-L3p5-n2-beta2__N0040__Aplus_0p005,hm-a10-g1-L3p5-n2-beta2__N0040__Aminus_0p005,hm-a10-g1-L3p5-n2-beta2,40,0.005,21,1.8375,9.995061196677508,9.998827492385807
hm-a10-g1-L3p5-n2-beta2__N0040__Aplus_0p005,hm-a10-g1-L3p5-n2-beta2__N0040__Aminus_0p005,hm-a10-g1-L3p5-n2-beta2,40,0.005,22,1.9249999999999998,9.995244224005981,9.99887092553624
hm-a10-g1-L3p5-n2-beta2__N0040__Aplus_0p005,hm-a10-g1-L3p5-n2-beta2__N0040__Aminus_0p005,hm-a10-g1-L3p5-n2-beta2,40,0.005,23,2.0124999999999997,9.995544268688768,9.998942125620266
hm-a10-g1-L3p5-n2-beta2__N0040__Aplus_0p005,hm-a10-g1-L3p5-n2-beta2__N0040__Aminus_0p005,hm-a10-g1-L3p5-n2-beta2,40,0.005,24,2.0999999999999996,9.995953957662676,9.999039340546421
hm-a10-g1-L3p5-n2-beta2__N0040__Aplus_0p005,hm-a10-g1-L3p5-n2-beta2__N0040__Aminus_0p005,hm-a10-g1-L3p5-n2-beta2,40,0.005,25,2.1875,9.996463221969734,9.999160177935282
hm-a10-g1-L3p5-n2-beta2__N0040__Aplus_0p005,hm-a10-g1-L3p5-n2-beta2__N0040__Aminus_0p005,hm-a10-g1-L3p5-n2-beta2,40,0.005,26,2.275,9.997059542835359,9.999301663893256
hm-a10-g1-L3p5-n2-beta2__N0040__Aplus_0p005,hm-a10-g1-L3p5-n2-beta2__N0040__Aminus_0p005,hm-a10-g1-L3p5-n2-beta2,40,0.005,27,2.3625,9.997728257867434,9.999460316090582
hm-a10-g1-L3p5-n2-beta2__N0040__Aplus_0p005,hm-a10-g1-L3p5-n2-beta2__N0040__Aminus_0p005,hm-a10-g1-L3p5-n2-beta2,40,0.005,28,2.4499999999999997,9.998452920037513,9.99963222935868
hm-a10-g1-L3p5-n2-beta2__N0040__Aplus_0p005,hm-a10-g1-L3p5-n2-beta2__N0040__Aminus_0p005,hm-a10-g1-L3p5-n2-beta2,40,0.005,29,2.5374999999999996,9.999215700805916,9.99981317171377
hm-a10-g1-L3p5-n2-beta2__N0040__Aplus_0p005,hm-a10-g1-L3p5-n2-beta2__N0040__Aminus_0p005,hm-a10-g1-L3p5-n2-beta2,40,0.005,30,2.625,9.999997827646004,9.999998688455499
hm-a10-g1-L3p5-n2-beta2__N0040__Aplus_0p005,hm-a10-g1-L3p5-n2-beta2__N0040__Aminus_0p005,hm-a10-g1-L3p5-n2-beta2,40,0.005,31,2.7125,10.000780045338715,10.0001842117878
hm-a10-g1-L3p5-n2-beta2__N0040__Aplus_0p005,hm-a10-g1-L3p5-n2-beta2__N0040__Aminus_0p005,hm-a10-g1-L3p5-n2-beta2,40,0.005,32,2.8,10.001543089771696,10.00036517326948
hm-a10-g1-L3p5-n2-beta2__N0040__Aplus_0p005,hm-a10-g1-L3p5-n2-beta2__N0040__Aminus_0p005,hm-a10-g1-L3p5-n2-beta2,40,0.005,33,2.8874999999999997,10.002268162608985,10.00053711632794
hm-a10-g1-L3p5-n2-beta2__N0040__Aplus_0p005,hm-a10-g1-L3p5-n2-beta2__N0040__Aminus_0p005,hm-a10-g1-L3p5-n2-beta2,40,0.005,34,2.9749999999999996,10.002937395111942,10.000695806063314
hm-a10-g1-L3p5-n2-beta2__N0040__Aplus_0p005,hm-a10-g1-L3p5-n2-beta2__N0040__Aminus_0p005,hm-a10-g1-L3p5-n2-beta2,40,0.005,35,3.0625,10.003534289598468,10.000837333632536
hm-a10-g1-L3p5-n2-beta2__N0040__Aplus_0p005,hm-a10-g1-L3p5-n2-beta2__N0040__Aminus_0p005,hm-a10-g1-L3p5-n2-beta2,40,0.005,36,3.15,10.004044127526436,10.000958212632645
hm-a10-g1-L3p5-n2-beta2__N0040__Aplus_0p005,hm-a10-g1-L3p5-n2-beta2__N0040__Aminus_0p005,hm-a10-g1-L3p5-n2-beta2,40,0.005,37,3.2375,10.004454333971252,10.00105546509685
hm-a10-g1-L3p5-n2-beta2__N0040__Aplus_0p005,hm-a10-g1-L3p5-n2-beta2__N0040__Aminus_0p005,hm-a10-g1-L3p5-n2-beta2,40,0.005,38,3.3249999999999997,10.004754789321282,10.001126694971239
hm-a10-g1-L3p5-n2-beta2__N0040__Aplus_0p005,hm-a10-g1-L3p5-n2-beta2__N0040__Aminus_0p005,hm-a10-g1-L3p5-n2-beta2,40,0.005,39,3.4124999999999996,10.004938080314362,10.001170147248262
hm-a10-g1-L3p5-n2-beta2__N0040__Aplus_0p005,hm-a10-g1-L3p5-n2-beta2__N0040__Aminus_0p005,hm-a10-g1-L3p5-n2-beta2,40,0.005,40,3.5,10.004999684051821,10.001184751287747
hm-a10-g1-L3p5-n2-beta2__N0040__Aplus_0p01,hm-a10-g1-L3p5-n2-beta2__N0040__Aminus_0p01,hm-a10-g1-L3p5-n2-beta2,40,0.01,0,0.0,10.009998736723395,10.00236714882376
hm-a10-g1-L3p5-n2-beta2__N0040__Aplus_0p01,hm-a10-g1-L3p5-n2-beta2__N0040__Aminus_0p01,hm-a10-g1-L3p5-n2-beta2,40,0.01,1,0.0875,10.009875438311036,10.002337934151331
hm-a10-g1-L3p5-n2-beta2__N0040__Aplus_0p01,hm-a10-g1-L3p5-n2-beta2__N0040__Aminus_0p01,hm-a10-g1-L3p5-n2-beta2,40,0.01,2,0.175,10.009508592424325,10.002251010462683
hm-a10-g1-L3p5-n2-beta2__N0040__Aplus_0p01,hm-a10-g1-L3p5-n2-beta2__N0040__Aminus_0p01,hm-a10-g1-L3p5-n2-beta2,40,0.01,3,0.26249999999999996,10.008907270721352,10.002108520912142
hm-a10-g1-L3p5-n2-beta2__N0040__Aplus_0p01,hm-a10-g1-L3p5-n2-beta2__N0040__Aminus_0p01,hm-a10-g1-L3p5-n2-beta2,40,0.01,4,0.35,10.008086339998576,10.001913978433375
hm-a10-g1-L3p5-n2-beta2__N0040__Aplus_0p01,hm-a10-g1-L3p5-n2-beta2__N0040__Aminus_0p01,hm-a10-g1-L3p5-n2-beta2,40,0.01,5,0.4375,10.007066090211852,10.001672178811377
hm-a10-g1-L3p5-n2-beta2__N0040__Aplus_0p01,hm-a10-g1-L3p5-n2-beta2__N0040__Aminus_0p01,hm-a10-g1-L3p5-n2-beta2,40,0.01,6,0.5249999999999999,10.005871727427879,10.00138908205522
hm-a10-g1-L3p5-n2-beta2__N0040__Aplus_0p01,hm-a10-g1-L3p5-n2-beta2__N0040__Aminus_0p01,hm-a10-g1-L3p5-n2-beta2,40,0.01,7,0.6124999999999999,10.00453274492229,10.001071665045428
hm-a10-g1-L3p5-n2-beta2__N0040__Aplus_0p01,hm-a10-g1-L3p5-n2-beta2__N0040__Aminus_0p01,hm-a10-g1-L3p5-n2-beta2,40,0.01,8,0.7,10.003082188719148,10.00072774914283
hm-a10-g1-L3p5-n2-beta2__N0040__Aplus_0p01,hm-a10-g1-L3p5-n2-beta2__N0040__Aminus_0p01,hm-a10-g1-L3p5-n2-beta2,40,0.01,9,0.7875,10.00155583646443,10.000365807062229
hm-a10-g1-L3p5-n2-beta2__N0040__Aplus_0p01,hm-a10-g1-L3p5-n2-beta2__N0040__Aminus_0p01,hm-a10-g1-L3p5-n2-beta2,40,0.01,10,0.875,9.999991310579224,9.999994753819017
hm-a10-g1-L3p5-n2-beta2__N0040__Aplus_0p01,hm-a10-g1-L3p5-n2-beta2__N0040__Aminus_0p01,hm-a10-g1-L3p5-n2-beta2,40,0.01,11,0.9624999999999999,9.998427148104597,9.999623726938113
hm-a10-g1-L3p5-n2-beta2__N0040__Aplus_0p01,hm-a10-g1-L3p5-n2-beta2__N0040__Aminus_0p01,hm-a10-g1-L3p5-n2-beta2,40,0.01,12,1.0499999999999998,9.996901850508472,9.999261861363903
hm-a10-g1-L3p5-n2-beta2__N0040__Aplus_0p01,hm-a10-g1-L3p5-n2-beta2__N0040__Aminus_0p01,hm-a10-g1-L3p5-n2-beta2,40,0.01,13,1.1375,9.995452936974656,9.998918064622808
hm-a10-g1-L3p5-n2-beta2__N0040__Aplus_0p01,hm-a10-g1-L3p5-n2-beta2__N0040__Aminus_0p01,hm-a10-g1-L3p5-n2-beta2,40,0.01,14,1.2249999999999999,9.994116024353275,9.998600797765272
hm-a10-g1-L3p5-n2-beta2__N0040__Aplus_0p01,hm-a10-g1-L3p5-n2-beta2__N0040__Aminus_0p01,hm-a10-g1-L3p5-n2-beta2,40,0.01,15,1.3125,9.992923956053756,9.998317867454173
hm-a10-g1-L3p5-n2-beta2__N0040__Aplus_0p01,hm-a10-g1-L3p5-n2-beta2__N0040__Aminus_0p01,hm-a10-g1-L3p5-n2-beta2,40,0.01,16,1.4,9.991906000751626,9.998076234277233
hm-a10-g1-L3p5-n2-beta2__N0040__Aplus_0p01,hm-a10-g1-L3p5-n2-beta2__N0040__Aminus_0p01,hm-a10-g1-L3p5-n2-beta2,40,0.01,17,1.4874999999999998,9.991087139913427,9.997881841950727
hm-a10-g1-L3p5-n2-beta2__N0040__Aplus_0p01,hm-a10-g1-L3p5-n2-beta2__N0040__Aminus_0p01,hm-a10-g1-L3p5-n2-beta2,40,0.01,18,1.575,9.990487460880232,9.997739471561696
hm-a10-g1-L3p5-n2-beta2__N0040__Aplus_0p01,hm-a10-g1-L3p5-n2-beta2__N0040__Aminus_0p01,hm-a10-g1-L3p5-n2-beta2,40,0.01,19,1.6624999999999999,9.99012166965247,9.997652624379448
hm-a10-g1-L3p5-n2-beta2__N0040__Aplus_0p01,hm-a10-g1-L3p5-n2-beta2__N0040__Aminus_0p01,hm-a10-g1-L3p5-n2-beta2,40,0.01,20,1.75,9.98999873465082,9.997623436069329
hm-a10-g1-L3p5-n2-beta2__N0040__Aplus_0p01,hm-a10-g1-L3p5-n2-beta2__N0040__Aminus_0p01,hm-a10-g1-L3p5-n2-beta2,40,0.01,21,1.8375,9.990121669652448,9.997652624379448
hm-a10-g1-L3p5-n2-beta2__N0040__Aplus_0p01,hm-a10-g1-L3p5-n2-beta2__N0040__Aminus_0p01,hm-a10-g1-L3p5-n2-beta2,40,0.01,22,1.9249999999999998,9.990487460880185,9.997739471561697
hm-a10-g1-L3p5-n2-beta2__N0040__Aplus_0p01,hm-a10-g1-L3p5-n2-beta2__N0040__Aminus_0p01,hm-a10-g1-L3p5-n2-beta2,40,0.01,23,2.0124999999999997,9.991087139913363,9.997881841950727
hm-a10-g1-L3p5-n2-beta2__N0040__Aplus_0p01,hm-a10-g1-L3p5-n2-beta2__N0040__Aminus_0p01,hm-a10-g1-L3p5-n2-beta2,40,0.01,24,2.0999999999999996,9.991906000751548,9.998076234277232
hm-a10-g1-L3p5-n2-beta2__N0040__Aplus_0p01,hm-a10-g1-L3p5-n2-beta2__N0040__Aminus_0p01,hm-a10-g1-L3p5-n2-beta2,40,0.01,25,2.1875,9.992923956053671,9.998317867454169
hm-a10-g1-L3p5-n2-beta2__N0040__Aplus_0p01,hm-a10-g1-L3p5-n2-beta2__N0040__Aminus_0p01,hm-a10-g1-L3p5-n2-beta2,40,0.01,26,2.275,9.994116024353184,9.998600797765267
hm-a10-g1-L3p5-n2-beta2__N0040__Aplus_0p01,hm-a10-g1-L3p5-n2-beta2__N0040__Aminus_0p01,hm-a10-g1-L3p5-n2-beta2,40,0.01,27,2.3625,9.995452936974567,9.998918064622803
hm-a10-g1-L3p5-n2-beta2__N0040__Aplus_0p01,hm-a10-g1-L3p5-n2-beta2__N0040__Aminus_0p01,hm-a10-g1-L3p5-n2-beta2,40,0.01,28,2.4499999999999997,9.99690185050839,9.999261861363898
hm-a10-g1-L3p5-n2-beta2__N0040__Aplus_0p01,hm-a10-g1-L3p5-n2-beta2__N0040__Aminus_0p01,hm-a10-g1-L3p5-n2-beta2,40,0.01,29,2.5374999999999996,9.998427148104525,9.999623726938108
hm-a10-g1-L3p5-n2-beta2__N0040__Aplus_0p01,hm-a10-g1-L3p5-n2-beta2__N0040__Aminus_0p01,hm-a10-g1-L3p5-n2-beta2,40,0.01,30,2.625,9.999991310579171,9.999994753819013
hm-a10-g1-L3p5-n2-beta2__N0040__Aplus_0p01,hm-a10-g1-L3p5-n2-beta2__N0040__Aminus_0p01,hm-a10-g1-L3p5-n2-beta2,40,0.01,31,2.7125,10.001555836464396,10.000365807062224
hm-a10-g1-L3p5-n2-beta2__N0040__Aplus_0p01,hm-a10-g1-L3p5-n2-beta2__N0040__Aminus_0p01,hm-a10-g1-L3p5-n2-beta2,40,0.01,32,2.8,10.003082188719134,10.000727749142825
hm-a10-g1-L3p5-n2-beta2__N0040__Aplus_0p01,hm-a10-g1-L3p5-n2-beta2__N0040__Aminus_0p01,hm-a10-g1-L3p5-n2-beta2,40,0.01,33,2.8874999999999997,10.0045327449223,10.001071665045423
hm-a10-g1-L3p5-n2-beta2__N0040__Aplus_0p01,hm-a10-g1-L3p5-n2-beta2__N0040__Aminus_0p01,hm-a10-g1-L3p5-n2-beta2,40,0.01,34,2.9749999999999996,10.00587172742791,10.001389082055214
hm-a10-g1-L3p5-n2-beta2__N0040__Aplus_0p01,hm-a10-g1-L3p5-n2-beta2__N0040__Aminus_0p01,hm-a10-g1-L3p5-n2-beta2,40,0.01,35,3.0625,10.007066090211902,10.001672178811372
hm-a10-g1-L3p5-n2-beta2__N0040__Aplus_0p01,hm-a10-g1-L3p5-n2-beta2__N0040__Aminus_0p01,hm-a10-g1-L3p5-n2-beta2,40,0.01,36,3.15,10.008086339998645,10.001913978433372
hm-a10-g1-L3p5-n2-beta2__N0040__Aplus_0p01,hm-a10-g1-L3p5-n2-beta2__N0040__Aminus_0p01,hm-a10-g1-L3p5-n2-beta2,40,0.01,37,3.2375,10.008907270721433,10.00210852091214
hm-a10-g1-L3p5-n2-beta2__N0040__Aplus_0p01,hm-a10-g1-L3p5-n2-beta2__N0040__Aminus_0p01,hm-a10-g1-L3p5-n2-beta2,40,0.01,38,3.3249999999999997,10.009508592424417,10.002251010462683
hm-a10-g1-L3p5-n2-beta2__N0040__Aplus_0p01,hm-a10-g1-L3p5-n2-beta2__N0040__Aminus_0p01,hm-a10-g1-L3p5-n2-beta2,40,0.01,39,3.4124999999999996,10.009875438311134,10.002337934151333
hm-a10-g1-L3p5-n2-beta2__N0040__Aplus_0p01,hm-a10-g1-L3p5-n2-beta2__N0040__Aminus_0p01,hm-a10-g1-L3p5-n2-beta2,40,0.01,40,3.5,10.009998736723496,10.00236714882376
hm-a10-g1-L3p5-n2-beta2__N0040__Aplus_0p02,hm-a10-g1-L3p5-n2-beta2__N0040__Aminus_0p02,hm-a10-g1-L3p5-n2-beta2,40,0.02,0,0.0,10.019994951027234,10.004724882715061
hm-a10-g1-L3p5-n2-beta2__N0040__Aplus_0p02,hm-a10-g1-L3p5-n2-beta2__N0040__Aminus_0p02,hm-a10-g1-L3p5-n2-beta2,40,0.02,1,0.0875,10.019747990112437,10.004666426984805
hm-a10-g1-L3p5-n2-beta2__N0040__Aplus_0p02,hm-a10-g1-L3p5-n2-beta2__N0040__Aminus_0p02,hm-a10-g1-L3p5-n2-beta2,40,0.02,2,0.175,10.019013241789983,10.004492503036856
hm-a10-g1-L3p5-n2-beta2__N0040__Aplus_0p02,hm-a10-g1-L3p5-n2-beta2__N0040__Aminus_0p02,hm-a10-g1-L3p5-n2-beta2,40,0.02,3,0.26249999999999996,10.01780895302524,10.004207404682829
hm-a10-g1-L3p5-n2-beta2__N0040__Aplus_0p02,hm-a10-g1-L3p5-n2-beta2__N0040__Aminus_0p02,hm-a10-g1-L3p5-n2-beta2,40,0.02,4,0.35,10.016165018792881,10.003818169474306
hm-a10-g1-L3p5-n2-beta2__N0040__Aplus_0p02,hm-a10-g1-L3p5-n2-beta2__N0040__Aminus_0p02,hm-a10-g1-L3p5-n2-beta2,40,0.02,5,0.4375,10.014122222251382,10.003334403700688
hm-a10-g1-L3p5-n2-beta2__N0040__Aplus_0p02,hm-a10-g1-L3p5-n2-beta2__N0040__Aminus_0p02,hm-a10-g1-L3p5-n2-beta2,40,0.02,6,0.5249999999999999,10.011731200674802,10.002768043691294
hm-a10-g1-L3p5-n2-beta2__N0040__Aplus_0p02,hm-a10-g1-L3p5-n2-beta2__N0040__Aminus_0p02,hm-a10-g1-L3p5-n2-beta2,40,0.02,7,0.6124999999999999,10.009051165545758,10.002133059511245
hm-a10-g1-L3p5-n2-beta2__N0040__Aplus_0p02,hm-a10-g1-L3p5-n2-beta2__N0040__Aminus_0p02,hm-a10-g1-L3p5-n2-beta2,40,0.02,8,0.7,10.006148411576925,10.00144510858187
hm-a10-g1-L3p5-n2-beta2__N0040__Aplus_0p02,hm-a10-g1-L3p5-n2-beta2__N0040__Aminus_0p02,hm-a10-g1-L3p5-n2-beta2,40,0.02,9,0.7875,10.003094654613964,10.00072114798894
hm-a10-g1-L3p5-n2-beta2__N0040__Aplus_0p02,hm-a10-g1-L3p5-n2-beta2__N0040__Aminus_0p02,hm-a10-g1-L3p5-n2-beta2,40,0.02,10,0.875,9.999965242255033,9.999979015235915
hm-a10-g1-L3p5-n2-beta2__N0040__Aplus_0p02,hm-a10-g1-L3p5-n2-beta2__N0040__Aminus_0p02,hm-a10-g1-L3p5-n2-beta2,40,0.02,11,0.9624999999999999,9.996837283540016,9.999236987932276
hm-a10-g1-L3p5-n2-beta2__N0040__Aplus_0p02,hm-a10-g1-L3p5-n2-beta2__N0040__Aminus_0p02,hm-a10-g1-L3p5-n2-beta2,40,0.02,12,1.0499999999999998,9.99378774521632,9.998513333365391
hm-a10-g1-L3p5-n2-beta2__N0040__Aplus_0p02,hm-a10-g1-L3p5-n2-beta2__N0040__Aminus_0p02,hm-a10-g1-L3p5-n2-beta2,40,0.02,13,1.1375,9.990891561933141,9.997825859082775
hm-a10-g1-L3p5-n2-beta2__N0040__Aplus_0p02,hm-a10-g1-L3p5-n2-beta2__N0040__Aminus_0p02,hm-a10-g1-L3p5-n2-beta2,40,0.02,14,1.2249999999999999,9.988219806352687,9.997191475512713
hm-a10-g1-L3p5-n2-beta2__N0040__Aplus_0p02,hm-a10-g1-L3p5-n2-beta2__N0040__Aminus_0p02,hm-a10-g1-L3p5-n2-beta2,40,0.02,15,1.3125,9.985837962728565,9.996625781284658
hm-a10-g1-L3p5-n2-beta2__N0040__Aplus_0p02,hm-a10-g1-L3p5-n2-beta2__N0040__Aminus_0p02,hm-a10-g1-L3p5-n2-beta2,40,0.02,16,1.4,9.983804344141785,9.996142681292426
hm-a10-g1-L3p5-n2-beta2__N0040__Aplus_0p02,hm-a10-g1-L3p5-n2-beta2__N0040__Aminus_0p02,hm-a10-g1-L3p5-n2-beta2,40,0.02,17,1.4874999999999998,9.982168689463927,9.995754046694007
hm-a10-g1-L3p5-n2-beta2__N0040__Aplus_0p02,hm-a10-g1-L3p5-n2-beta2__N0040__Aminus_0p02,hm-a10-g1-L3p5-n2-beta2,40,0.02,18,1.575,9.980970971392145,9.99546942498688
hm-a10-g1-L3p5-n2-beta2__N0040__Aplus_0p02,hm-a10-g1-L3p5-n2-beta2__N0040__Aminus_0p02,hm-a10-g1-L3p5-n2-beta2,40,0.02,19,1.6624999999999999,9.980240441714868,9.99529580706509
hm-a10-g1-L3p5-n2-beta2__N0040__Aplus_0p02,hm-a10-g1-L3p5-n2-beta2__N0040__Aminus_0p02,hm-a10-g1-L3p5-n2-beta2,40,0.02,20,1.75,9.979994934446237,9.995237456784267
hm-a10-g1-L3p5-n2-beta2__N0040__Aplus_0p02,hm-a10-g1-L3p5-n2-beta2__N0040__Aminus_0p02,hm-a10-g1-L3p5-n2-beta2,40,0.02,21,1.8375,9.980240441714855,9.995295807065096
hm-a10-g1-L3p5-n2-beta2__N0040__Aplus_0p02,hm-a10-g1-L3p5-n2-beta2__N0040__Aminus_0p02,hm-a10-g1-L3p5-n2-beta2,40,0.02,22,1.9249999999999998,9.980970971392125,9.995469424986888
hm-a10-g1-L3p5-n2-beta2__N0040__Aplus_0p02,hm-a10-g1-L3p5-n2-beta2__N0040__Aminus_0p02,hm-a10-g1-L3p5-n2-beta2,40,0.02,23,2.0124999999999997,9.982168689463899,9.995754046694017
hm-a10-g1-L3p5-n2-beta2__N0040__Aplus_0p02,hm-a10-g1-L3p5-n2-beta2__N0040__Aminus_0p02,hm-a10-g1-L3p5-n2-beta2,40,0.02,24,2.0999999999999996,9.98380434414175,9.996142681292438
hm-a10-g1-L3p5-n2-beta2__N0040__Aplus_0p02,hm-a10-g1-L3p5-n2-beta2__N0040__Aminus_0p02,hm-a10-g1-L3p5-n2-beta2,40,0.02,25,2.1875,9.98583796272853,9.996625781284672
hm-a10-g1-L3p5-n2-beta2__N0040__Aplus_0p02,hm-a10-g1-L3p5-n2-beta2__N0040__Aminus_0p02,hm-a10-g1-L3p5-n2-beta2,40,0.02,26,2.275,9.988219806352651,9.997191475512729
hm-a10-g1-L3p5-n2-beta2__N0040__Aplus_0p02,hm-a10-g1-L3p5-n2-beta2__N0040__Aminus_0p02,hm-a10-g1-L3p5-n2-beta2,40,0.02,27,2.3625,9.990891561933113,9.997825859082793
hm-a10-g1-L3p5-n2-beta2__N0040__Aplus_0p02,hm-a10-g1-L3p5-n2-beta2__N0040__Aminus_0p02,hm-a10-g1-L3p5-n2-beta2,40,0.02,28,2.4499999999999997,9.9937877452163,9.99851333336541
hm-a10-g1-L3p5-n2-beta2__N0040__Aplus_0p02,hm-a10-g1-L3p5-n2-beta2__N0040__Aminus_0p02,hm-a10-g1-L3p5-n2-beta2,40,0.02,29,2.5374999999999996,9.996837283540009,9.999236987932298
hm-a10-g1-L3p5-n2-beta2__N0040__Aplus_0p02,hm-a10-g1-L3p5-n2-beta2__N0040__Aminus_0p02,hm-a10-g1-L3p5-n2-beta2,40,0.02,30,2.625,9.99996524225504,9.999979015235937
hm-a10-g1-L3p5-n2-beta2__N0040__Aplus_0p02,hm-a10-g1-L3p5-n2-beta2__N0040__Aminus_0p02,hm-a10-g1-L3p5-n2-beta2,40,0.02,31,2.7125,10.003094654613989,10.000721147988962
hm-a10-g1-L3p5-n2-beta2__N0040__Aplus_0p02,hm-a10-g1-L3p5-n2-beta2__N0040__Aminus_0p02,hm-a10-g1-L3p5-n2-beta2,40,0.02,32,2.8,10.006148411576968,10.00144510858189
hm-a10-g1-L3p5-n2-beta2__N0040__Aplus_0p02,hm-a10-g1-L3p5-n2-beta2__N0040__Aminus_0p02,hm-a10-g1-L3p5-n2-beta2,40,0.02,33,2.8874999999999997,10.009051165545817,10.002133059511268
hm-a10-g1-L3p5-n2-beta2__N0040__Aplus_0p02,hm-a10-g1-L3p5-n2-beta2__N0040__Aminus_0p02,hm-a10-g1-L3p5-n2-beta2,40,0.02,34,2.9749999999999996,10.011731200674879,10.002768043691317
hm-a10-g1-L3p5-n2-beta2__N0040__Aplus_0p02,hm-a10-g1-L3p5-n2-beta2__N0040__Aminus_0p02,hm-a10-g1-L3p5-n2-beta2,40,0.02,35,3.0625,10.014122222251475,10.003334403700713
hm-a10-g1-L3p5-n2-beta2__N0040__Aplus_0p02,hm-a10-g1-L3p5-n2-beta2__N0040__Aminus_0p02,hm-a10-g1-L3p5-n2-beta2,40,0.02,36,3.15,10.016165018792988,10.00381816947433
hm-a10-g1-L3p5-n2-beta2__N0040__Aplus_0p02,hm-a10-g1-L3p5-n2-beta2__N0040__Aminus_0p02,hm-a10-g1-L3p5-n2-beta2,40,0.02,37,3.2375,10.017808953025355,10.004207404682857
hm-a10-g1-L3p5-n2-beta2__N0040__Aplus_0p02,hm-a10-g1-L3p5-n2-beta2__N0040__Aminus_0p02,hm-a10-g1-L3p5-n2-beta2,40,0.02,38,3.3249999999999997,10.019013241790107,10.004492503036886
hm-a10-g1-L3p5-n2-beta2__N0040__Aplus_0p02,hm-a10-g1-L3p5-n2-beta2__N0040__Aminus_0p02,hm-a10-g1-L3p5-n2-beta2,40,0.02,39,3.4124999999999996,10.019747990112567,10.004666426984837
hm-a10-g1-L3p5-n2-beta2__N0040__Aplus_0p02,hm-a10-g1-L3p5-n2-beta2__N0040__Aminus_0p02,hm-a10-g1-L3p5-n2-beta2,40,0.02,40,3.5,10.019994951027366,10.004724882715093
hm-a10-g1-L3p5-n2-beta2__N0080__Aminus_0p02,hm-a10-g1-L3p5-n2-beta2__N0080__Aplus_0p02,hm-a10-g1-L3p5-n2-beta2,80,-0.02,0,0.0,9.979994866113547,9.995242960834222
hm-a10-g1-L3p5-n2-beta2__N0080__Aminus_0p02,hm-a10-g1-L3p5-n2-beta2__N0080__Aplus_0p02,hm-a10-g1-L3p5-n2-beta2,80,-0.02,1,0.04375,9.980056336825893,9.995257553737373
hm-a10-g1-L3p5-n2-beta2__N0080__Aminus_0p02,hm-a10-g1-L3p5-n2-beta2__N0080__Aplus_0p02,hm-a10-g1-L3p5-n2-beta2,80,-0.02,2,0.0875,9.980240373339118,9.99530124271977
hm-a10-g1-L3p5-n2-beta2__N0080__Aminus_0p02,hm-a10-g1-L3p5-n2-beta2__N0080__Aplus_0p02,hm-a10-g1-L3p5-n2-beta2,80,-0.02,3,0.13124999999999998,9.980545851015162,9.995373759147466
hm-a10-g1-L3p5-n2-beta2__N0080__Aminus_0p02,hm-a10-g1-L3p5-n2-beta2__N0080__Aplus_0p02,hm-a10-g1-L3p5-n2-beta2,80,-0.02,4,0.175,9.980970902890064,9.995474657118072
hm-a10-g1-L3p5-n2-beta2__N0080__Aminus_0p02,hm-a10-g1-L3p5-n2-beta2__N0080__Aplus_0p02,hm-a10-g1-L3p5-n2-beta2,80,-0.02,5,0.21875,9.981512930782063,9.995603316180754
hm-a10-g1-L3p5-n2-beta2__N0080__Aminus_0p02,hm-a10-g1-L3p5-n2-beta2__N0080__Aplus_0p02,hm-a10-g1-L3p5-n2-beta2,80,-0.02,6,0.26249999999999996,9.982168620760753,9.99575894512174
hm-a10-g1-L3p5-n2-beta2__N0080__Aminus_0p02,hm-a10-g1-L3p5-n2-beta2__N0080__Aplus_0p02,hm-a10-g1-L3p5-n2-beta2,80,-0.02,7,0.30624999999999997,9.982933962895341,9.995940586792946
hm-a10-g1-L3p5-n2-beta2__N0080__Aminus_0p02,hm-a10-g1-L3p5-n2-beta2__N0080__Aplus_0p02,hm-a10-g1-L3p5-n2-beta2,80,-0.02,8,0.35,9.983804275176952,9.996147123955208
hm-a10-g1-L3p5-n2-beta2__N0080__Aminus_0p02,hm-a10-g1-L3p5-n2-beta2__N0080__Aplus_0p02,hm-a10-g1-L3p5-n2-beta2,80,-0.02,9,0.39375,9.984774231487004,9.99637728610146
hm-a10-g1-L3p5-n2-beta2__N0080__Aminus_0p02,hm-a10-g1-L3p5-n2-beta2__N0080__Aplus_0p02,hm-a10-g1-L3p5-n2-beta2,80,-0.02,10,0.4375,9.985837893461193,9.996629657219437
hm-a10-g1-L3p5-n2-beta2__N0080__Aminus_0p02,hm-a10-g1-L3p5-n2-beta2__N0080__Aplus_0p02,hm-a10-g1-L3p5-n2-beta2,80,-0.02,11,0.48124999999999996,9.986988746076433,9.996902684447731
hm-a10-g1-L3p5-n2-beta2__N0080__Aminus_0p02,hm-a10-g1-L3p5-n2-beta2__N0080__Aplus_0p02,hm-a10-g1-L3p5-n2-beta2,80,-0.02,12,0.5249999999999999,9.988219736766414,9.99719468757369
hm-a10-g1-L3p5-n2-beta2__N0080__Aminus_0p02,hm-a10-g1-L3p5-n2-beta2__N0080__Aplus_0p02,hm-a10-g1-L3p5-n2-beta2,80,-0.02,13,0.56875,9.989523317850436,9.997503869316429
hm-a10-g1-L3p5-n2-beta2__N0080__Aminus_0p02,hm-a10-g1-L3p5-n2-beta2__N0080__Aplus_0p02,hm-a10-g1-L3p5-n2-beta2,80,-0.02,14,0.6124999999999999,9.990891492039687,9.997828326333456
hm-a10-g1-L3p5-n2-beta2__N0080__Aminus_0p02,hm-a10-g1-L3p5-n2-beta2__N0080__Aplus_0p02,hm-a10-g1-L3p5-n2-beta2,80,-0.02,15,0.65625,9.99231586076569,9.998166060884877
hm-a10-g1-L3p5-n2-beta2__N0080__Aminus_0p02,hm-a10-g1-L3p5-n2-beta2__N0080__Aplus_0p02,hm-a10-g1-L3p5-n2-beta2,80,-0.02,16,0.7,9.993787675056963,9.998514993084962
hm-a10-g1-L3p5-n2-beta2__N0080__Aminus_0p02,hm-a10-g1-L3p5-n2-beta2__N0080__Aplus_0p02,hm-a10-g1-L3p5-n2-beta2,80,-0.02,17,0.7437499999999999,9.99529788867249,9.998872973667211
hm-a10-g1-L3p5-n2-beta2__N0080__Aminus_0p02,hm-a10-g1-L3p5-n2-beta2__N0080__Aplus_0p02,hm-a10-g1-L3p5-n2-beta2,80,-0.02,18,0.7875,9.996837213184312,9.999237797185584
hm-a10-g1-L3p5-n2-beta2__N0080__Aminus_0p02,hm-a10-g1-L3p5-n2-beta2__N0080__Aplus_0p02,hm-a10-g1-L3p5-n2-beta2,80,-0.02,19,0.8312499999999999,9.998396174686723,9.999607215571773
hm-a10-g1-L3p5-n2-beta2__N0080__Aminus_0p02,hm-a10-g1-L3p5-n2-beta2__N0080__Aplus_0p02,hm-a10-g1-L3p5-n2-beta2,80,-0.02,20,0.875,9.999965171796276,9.999978951965906
hm-a10-g1-L3p5-n2-beta2__N0080__Aminus_0p02,hm-a10-g1-L3p5-n2-beta2__N0080__Aplus_0p02,hm-a10-g1-L3p5-n2-beta2,80,-0.02,21,0.91875,10.001534534595221,10.000350714736145
hm-a10-g1-L3p5-n2-beta2__N0080__Aminus_0p02,hm-a10-g1-L3p5-n2-beta2__N0080__Aplus_0p02,hm-a10-g1-L3p5-n2-beta2,80,-0.02,22,0.9624999999999999,10.003094584161342,10.000720211601186
hm-a10-g1-L3p5-n2-beta2__N0080__Aminus_0p02,hm-a10-g1-L3p5-n2-beta2__N0080__Aplus_0p02,hm-a10-g1-L3p5-n2-beta2,80,-0.02,23,1.0062499999999999,10.004635692319521,10.001085163768748
hm-a10-g1-L3p5-n2-beta2__N0080__Aminus_0p02,hm-a10-g1-L3p5-n2-beta2__N0080__Aplus_0p02,hm-a10-g1-L3p5-n2-beta2,80,-0.02,24,1.0499999999999998,10.006148341244863,10.001443320002757
hm-a10-g1-L3p5-n2-beta2__N0080__Aminus_0p02,hm-a10-g1-L3p5-n2-beta2__N0080__Aplus_0p02,hm-a10-g1-L3p5-n2-beta2,80,-0.02,25,1.09375,10.007623182544128,10.001792470532044
hm-a10-g1-L3p5-n2-beta2__N0080__Aminus_0p02,hm-a10-g1-L3p5-n2-beta2__N0080__Aplus_0p02,hm-a10-g1-L3p5-n2-beta2,80,-0.02,26,1.1375,10.009051095441462,10.002130460714122
hm-a10-g1-L3p5-n2-beta2__N0080__Aminus_0p02,hm-a10-g1-L3p5-n2-beta2__N0080__Aplus_0p02,hm-a10-g1-L3p5-n2-beta2,80,-0.02,27,1.18125,10.01042324369627,10.00245520436879
hm-a10-g1-L3p5-n2-beta2__N0080__Aminus_0p02,hm-a10-g1-L3p5-n2-beta2__N0080__Aplus_0p02,hm-a10-g1-L3p5-n2-beta2,80,-0.02,28,1.2249999999999999,10.011731130885522,10.002764696698184
hm-a10-g1-L3p5-n2-beta2__N0080__Aminus_0p02,hm-a10-g1-L3p5-n2-beta2__N0080__Aplus_0p02,hm-a10-g1-L3p5-n2-beta2,80,-0.02,29,1.2687499999999998,10.01296665368991,10.003057026712144
hm-a10-g1-L3p5-n2-beta2__N0080__Aminus_0p02,hm-a10-g1-L3p5-n2-beta2__N0080__Aplus_0p02,hm-a10-g1-L3p5-n2-beta2,80,-0.02,30,1.3125,10.014122152833098,10.003330389080716
hm-a10-g1-L3p5-n2-beta2__N0080__Aminus_0p02,hm-a10-g1-L3p5-n2-beta2__N0080__Aplus_0p02,hm-a10-g1-L3p5-n2-beta2,80,-0.02,31,1.35625,10.015190461335864,10.00358309533898
hm-a10-g1-L3p5-n2-beta2__N0080__Aminus_0p02,hm-a10-g1-L3p5-n2-beta2__N0080__Aplus_0p02,hm-a10-g1-L3p5-n2-beta2,80,-0.02,32,1.4,10.016164949762143,10.003813584373269
hm-a10-g1-L3p5-n2-beta2__N0080__Aminus_0p02,hm-a10-g1-L3p5-n2-beta2__N0080__Aplus_0p02,hm-a10-g1-L3p5-n2-beta2,80,-0.02,33,1.4437499999999999,10.017039568151821,10.004020432122243
hm-a10-g1-L3p5-n2-beta2__N0080__Aminus_0p02,hm-a10-g1-L3p5-n2-beta2__N0080__Aplus_0p02,hm-a10-g1-L3p5-n2-beta2,80,-0.02,34,1.4874999999999998,10.017808884355542,10.004202360431162
hm-a10-g1-L3p5-n2-beta2__N0080__Aminus_0p02,hm-a10-g1-L3p5-n2-beta2__N0080__Aplus_0p02,hm-a10-g1-L3p5-n2-beta2,80,-0.02,35,1.53125,10.018468118509526,10.004358245002882
hm-a10-g1-L3p5-n2-beta2__N0080__Aminus_0p02,hm-a10-g1-L3p5-n2-beta2__N0080__Aplus_0p02,hm-a10-g1-L3p5-n2-beta2,80,-0.02,36,1.575,10.01901317341348,10.004487122394844
hm-a10-g1-L3p5-n2-beta2__N0080__Aminus_0p02,hm-a10-g1-L3p5-n2-beta2__N0080__Aplus_0p02,hm-a10-g1-L3p5-n2-beta2,80,-0.02,37,1.61875,10.019440660601772,10.004588196017279
hm-a10-g1-L3p5-n2-beta2__N0080__Aminus_0p02,hm-a10-g1-L3p5-n2-beta2__N0080__Aplus_0p02,hm-a10-g1-L3p5-n2-beta2,80,-0.02,38,1.6624999999999999,10.01974792192701,10.00466084109422
hm-a10-g1-L3p5-n2-beta2__N0080__Aminus_0p02,hm-a10-g1-L3p5-n2-beta2__N0080__Aplus_0p02,hm-a10-g1-L3p5-n2-beta2,80,-0.02,39,1.7062499999999998,10.01993304650577,10.004704608555501
hm-a10-g1-L3p5-n2-beta2__N0080__Aminus_0p02,hm-a10-g1-L3p5-n2-beta2__N0080__Aplus_0p02,hm-a10-g1-L3p5-n2-beta2,80,-0.02,40,1.75,10.019994882908136,10.004719227834771
hm-a10-g1-L3p5-n2-beta2__N0080__Aminus_0p02,hm-a10-g1-L3p5-n2-beta2__N0080__Aplus_0p02,hm-a10-g1-L3p5-n2-beta2,80,-0.02,41,1.79375,10.019933046505775,10.004704608555503
hm-a10-g1-L3p5-n2-beta2__N0080__Aminus_0p02,hm-a10-g1-L3p5-n2-beta2__N0080__Aplus_0p02,hm-a10-g1-L3p5-n2-beta2,80,-0.02,42,1.8375,10.019747921927019,10.004660841094223
hm-a10-g1-L3p5-n2-beta2__N0080__Aminus_0p02,hm-a10-g1-L3p5-n2-beta2__N0080__Aplus_0p02,hm-a10-g1-L3p5-n2-beta2,80,-0.02,43,1.8812499999999999,10.019440660601786,10.004588196017288
hm-a10-g1-L3p5-n2-beta2__N0080__Aminus_0p02,hm-a10-g1-L3p5-n2-beta2__N0080__Aplus_0p02,hm-a10-g1-L3p5-n2-beta2,80,-0.02,44,1.9249999999999998,10.019013173413498,10.00448712239486
hm-a10-g1-L3p5-n2-beta2__N0080__Aminus_0p02,hm-a10-g1-L3p5-n2-beta2__N0080__Aplus_0p02,hm-a10-g1-L3p5-n2-beta2,80,-0.02,45,1.9687499999999998,10.01846811850955,10.004358245002901
hm-a10-g1-L3p5-n2-beta2__N0080__Aminus_0p02,hm-a10-g1-L3p5-n2-beta2__N0080__Aplus_0p02,hm-a10-g1-L3p5-n2-beta2,80,-0.02,46,2.0124999999999997,10.017808884355569,10.004202360431183
hm-a10-g1-L3p5-n2-beta2__N0080__Aminus_0p02,hm-a10-g1-L3p5-n2-beta2__N0080__Aplus_0p02,hm-a10-g1-L3p5-n2-beta2,80,-0.02,47,2.05625,10.017039568151853,10.004020432122267
hm-a10-g1-L3p5-n2-beta2__N0080__Aminus_0p02,hm-a10-g1-L3p5-n2-beta2__N0080__Aplus_0p02,hm-a10-g1-L3p5-n2-beta2,80,-0.02,48,2.0999999999999996,10.016164949762182,10.003813584373294
hm-a10-g1-L3p5-n2-beta2__N0080__Aminus_0p02,hm-a10-g1-L3p5-n2-beta2__N0080__Aplus_0p02,hm-a10-g1-L3p5-n2-beta2,80,-0.02,49,2.14375,10.015190461335909,10.003583095339007
hm-a10-g1-L3p5-n2-beta2__N0080__Aminus_0p02,hm-a10-g1-L3p5-n2-beta2__N0080__Aplus_0p02,hm-a10-g1-L3p5-n2-beta2,80,-0.02,50,2.1875,10.014122152833147,10.003330389080743
hm-a10-g1-L3p5-n2-beta2__N0080__Aminus_0p02,hm-a10-g1-L3p5-n2-beta2__N0080__Aplus_0p02,hm-a10-g1-L3p5-n2-beta2,80,-0.02,51,2.2312499999999997,10.012966653689967,10.00305702671217
hm-a10-g1-L3p5-n2-beta2__N0080__Aminus_0p02,hm-a10-g1-L3p5-n2-beta2__N0080__Aplus_0p02,hm-a10-g1-L3p5-n2-beta2,80,-0.02,52,2.275,10.011731130885584,10.002764696698211
hm-a10-g1-L3p5-n2-beta2__N0080__Aminus_0p02,hm-a10-g1-L3p5-n2-beta2__N0080__Aplus_0p02,hm-a10-g1-L3p5-n2-beta2,80,-0.02,53,2.3187499999999996,10.010423243696339,10.002455204368815
hm-a10-g1-L3p5-n2-beta2__N0080__Aminus_0p02,hm-a10-g1-L3p5-n2-beta2__N0080__Aplus_0p02,hm-a10-g1-L3p5-n2-beta2,80,-0.02,54,2.3625,10.009051095441537,10.002130460714143
hm-a10-g1-L3p5-n2-beta2__N0080__Aminus_0p02,hm-a10-g1-L3p5-n2-beta2__N0080__Aplus_0p02,hm-a10-g1-L3p5-n2-beta2,80,-0.02,55,2.40625,10.007623182544208,10.001792470532063
hm-a10-g1-L3p5-n2-beta2__N0080__Aminus_0p02,hm-a10-g1-L3p5-n2-beta2__N0080__Aplus_0p02,hm-a10-g1-L3p5-n2-beta2,80,-0.02,56,2.4499999999999997,10.006148341244947,10.001443320002773
hm-a10-g1-L3p5-n2-beta2__N0080__Aminus_0p02,hm-a10-g1-L3p5-n2-beta2__N0080__Aplus_0p02,hm-a10-g1-L3p5-n2-beta2,80,-0.02,57,2.49375,10.00463569231961,10.001085163768762
hm-a10-g1-L3p5-n2-beta2__N0080__Aminus_0p02,hm-a10-g1-L3p5-n2-beta2__N0080__Aplus_0p02,hm-a10-g1-L3p5-n2-beta2,80,-0.02,58,2.5374999999999996,10.003094584161435,10.000720211601196
hm-a10-g1-L3p5-n2-beta2__N0080__Aminus_0p02,hm-a10-g1-L3p5-n2-beta2__N0080__Aplus_0p02,hm-a10-g1-L3p5-n2-beta2,80,-0.02,59,2.58125,10.001534534595315,10.000350714736154
hm-a10-g1-L3p5-n2-beta2__N0080__Aminus_0p02,hm-a10-g1-L3p5-n2-beta2__N0080__Aplus_0p02,hm-a10-g1-L3p5-n2-beta2,80,-0.02,60,2.625,9.999965171796372,9.999978951965915
hm-a10-g1-L3p5-n2-beta2__N0080__Aminus_0p02,hm-a10-g1-L3p5-n2-beta2__N0080__Aplus_0p02,hm-a10-g1-L3p5-n2-beta2,80,-0.02,61,2.6687499999999997,9.99839617468682,9.999607215571782
hm-a10-g1-L3p5-n2-beta2__N0080__Aminus_0p02,hm-a10-g1-L3p5-n2-beta2__N0080__Aplus_0p02,hm-a10-g1-L3p5-n2-beta2,80,-0.02,62,2.7125,9.996837213184408,9.999237797185591
hm-a10-g1-L3p5-n2-beta2__N0080__Aminus_0p02,hm-a10-g1-L3p5-n2-beta2__N0080__Aplus_0p02,hm-a10-g1-L3p5-n2-beta2,80,-0.02,63,2.7562499999999996,9.995297888672583,9.998872973667218
hm-a10-g1-L3p5-n2-beta2__N0080__Aminus_0p02,hm-a10-g1-L3p5-n2-beta2__N0080__Aplus_0p02,hm-a10-g1-L3p5-n2-beta2,80,-0.02,64,2.8,9.993787675057053,9.99851499308497
hm-a10-g1-L3p5-n2-beta2__N0080__Aminus_0p02,hm-a10-g1-L3p5-n2-beta2__N0080__Aplus_0p02,hm-a10-g1-L3p5-n2-beta2,80,-0.02,65,2.84375,9.992315860765776,9.998166060884886
hm-a10-g1-L3p5-n2-beta2__N0080__Aminus_0p02,hm-a10-g1-L3p5-n2-beta2__N0080__Aplus_0p02,hm-a10-g1-L3p5-n2-beta2,80,-0.02,66,2.8874999999999997,9.99089149203977,9.997828326333469
hm-a10-g1-L3p5-n2-beta2__N0080__Aminus_0p02,hm-a10-g1-L3p5-n2-beta2__N0080__Aplus_0p02,hm-a10-g1-L3p5-n2-beta2,80,-0.02,67,2.93125,9.989523317850514,9.997503869316441
hm-a10-g1-L3p5-n2-beta2__N0080__Aminus_0p02,hm-a10-g1-L3p5-n2-beta2__N0080__Aplus_0p02,hm-a10-g1-L3p5-n2-beta2,80,-0.02,68,2.9749999999999996,9.988219736766487,9.997194687573703
hm-a10-g1-L3p5-n2-beta2__N0080__Aminus_0p02,hm-a10-g1-L3p5-n2-beta2__N0080__Aplus_0p02,hm-a10-g1-L3p5-n2-beta2,80,-0.02,69,3.01875,9.986988746076499,9.996902684447747
hm-a10-g1-L3p5-n2-beta2__N0080__Aminus_0p02,hm-a10-g1-L3p5-n2-beta2__N0080__Aplus_0p02,hm-a10-g1-L3p5-n2-beta2,80,-0.02,70,3.0625,9.985837893461254,9.996629657219454
hm-a10-g1-L3p5-n2-beta2__N0080__Aminus_0p02,hm-a10-g1-L3p5-n2-beta2__N0080__Aplus_0p02,hm-a10-g1-L3p5-n2-beta2,80,-0.02,71,3.1062499999999997,9.984774231487057,9.996377286101481
hm-a10-g1-L3p5-n2-beta2__N0080__Aminus_0p02,hm-a10-g1-L3p5-n2-beta2__N0080__Aplus_0p02,hm-a10-g1-L3p5-n2-beta2,80,-0.02,72,3.15,9.983804275176999,9.99614712395523
hm-a10-g1-L3p5-n2-beta2__N0080__Aminus_0p02,hm-a10-g1-L3p5-n2-beta2__N0080__Aplus_0p02,hm-a10-g1-L3p5-n2-beta2,80,-0.02,73,3.1937499999999996,9.982933962895382,9.995940586792972
hm-a10-g1-L3p5-n2-beta2__N0080__Aminus_0p02,hm-a10-g1-L3p5-n2-beta2__N0080__Aplus_0p02,hm-a10-g1-L3p5-n2-beta2,80,-0.02,74,3.2375,9.982168620760786,9.995758945121768
hm-a10-g1-L3p5-n2-beta2__N0080__Aminus_0p02,hm-a10-g1-L3p5-n2-beta2__N0080__Aplus_0p02,hm-a10-g1-L3p5-n2-beta2,80,-0.02,75,3.28125,9.981512930782092,9.995603316180786
hm-a10-g1-L3p5-n2-beta2__N0080__Aminus_0p02,hm-a10-g1-L3p5-n2-beta2__N0080__Aplus_0p02,hm-a10-g1-L3p5-n2-beta2,80,-0.02,76,3.3249999999999997,9.980970902890089,9.995474657118104
hm-a10-g1-L3p5-n2-beta2__N0080__Aminus_0p02,hm-a10-g1-L3p5-n2-beta2__N0080__Aplus_0p02,hm-a10-g1-L3p5-n2-beta2,80,-0.02,77,3.36875,9.980545851015183,9.995373759147498
hm-a10-g1-L3p5-n2-beta2__N0080__Aminus_0p02,hm-a10-g1-L3p5-n2-beta2__N0080__Aplus_0p02,hm-a10-g1-L3p5-n2-beta2,80,-0.02,78,3.4124999999999996,9.980240373339138,9.995301242719803
hm-a10-g1-L3p5-n2-beta2__N0080__Aminus_0p02,hm-a10-g1-L3p5-n2-beta2__N0080__Aplus_0p02,hm-a10-g1-L3p5-n2-beta2,80,-0.02,79,3.45625,9.980056336825909,9.995257553737407
hm-a10-g1-L3p5-n2-beta2__N0080__Aminus_0p02,hm-a10-g1-L3p5-n2-beta2__N0080__Aplus_0p02,hm-a10-g1-L3p5-n2-beta2,80,-0.02,80,3.5,9.979994866113563,9.995242960834256
hm-a10-g1-L3p5-n2-beta2__N0080__Aminus_0p01,hm-a10-g1-L3p5-n2-beta2__N0080__Aplus_0p01,hm-a10-g1-L3p5-n2-beta2,80,-0.01,0,0.0,9.989998717581186,9.997626206948114
hm-a10-g1-L3p5-n2-beta2__N0080__Aminus_0p01,hm-a10-g1-L3p5-n2-beta2__N0080__Aplus_0p01,hm-a10-g1-L3p5-n2-beta2,80,-0.01,1,0.04375,9.990029498561709,9.997633506693798
hm-a10-g1-L3p5-n2-beta2__N0080__Aminus_0p01,hm-a10-g1-L3p5-n2-beta2__N0080__Aplus_0p01,hm-a10-g1-L3p5-n2-beta2,80,-0.01,2,0.0875,9.99012165257061,9.997655360986299
hm-a10-g1-L3p5-n2-beta2__N0080__Aminus_0p01,hm-a10-g1-L3p5-n2-beta2__N0080__Aplus_0p01,hm-a10-g1-L3p5-n2-beta2,80,-0.01,3,0.13124999999999998,9.99027461395402,9.997691635267564
hm-a10-g1-L3p5-n2-beta2__N0080__Aminus_0p01,hm-a10-g1-L3p5-n2-beta2__N0080__Aplus_0p01,hm-a10-g1-L3p5-n2-beta2,80,-0.01,4,0.175,9.99048744376273,9.997742106191188
hm-a10-g1-L3p5-n2-beta2__N0080__Aminus_0p01,hm-a10-g1-L3p5-n2-beta2__N0080__Aplus_0p01,hm-a10-g1-L3p5-n2-beta2,80,-0.01,5,0.21875,9.990758835440166,9.997806462992115
hm-a10-g1-L3p5-n2-beta2__N0080__Aminus_0p01,hm-a10-g1-L3p5-n2-beta2__N0080__Aplus_0p01,hm-a10-g1-L3p5-n2-beta2,80,-0.01,6,0.26249999999999996,9.99108712273988,9.997884309392655
hm-a10-g1-L3p5-n2-beta2__N0080__Aminus_0p01,hm-a10-g1-L3p5-n2-beta2__N0080__Aplus_0p01,hm-a10-g1-L3p5-n2-beta2,80,-0.01,7,0.30624999999999997,9.991470289827122,9.997975166033271
hm-a10-g1-L3p5-n2-beta2__N0080__Aminus_0p01,hm-a10-g1-L3p5-n2-beta2__N0080__Aplus_0p01,hm-a10-g1-L3p5-n2-beta2,80,-0.01,8,0.35,9.991905983506427,9.998078473413502
hm-a10-g1-L3p5-n2-beta2__N0080__Aminus_0p01,hm-a10-g1-L3p5-n2-beta2__N0080__Aplus_0p01,hm-a10-g1-L3p5-n2-beta2,80,-0.01,9,0.39375,9.992391527504743,9.998193595325196
hm-a10-g1-L3p5-n2-beta2__N0080__Aminus_0p01,hm-a10-g1-L3p5-n2-beta2__N0080__Aplus_0p01,hm-a10-g1-L3p5-n2-beta2,80,-0.01,10,0.4375,9.992923938727564,9.99831982275733
hm-a10-g1-L3p5-n2-beta2__N0080__Aminus_0p01,hm-a10-g1-L3p5-n2-beta2__N0080__Aplus_0p01,hm-a10-g1-L3p5-n2-beta2,80,-0.01,11,0.48124999999999996,9.993499945393816,9.998456378248738
hm-a10-g1-L3p5-n2-beta2__N0080__Aminus_0p01,hm-a10-g1-L3p5-n2-beta2__N0080__Aplus_0p01,hm-a10-g1-L3p5-n2-beta2,80,-0.01,12,0.5249999999999999,9.99411600694404,9.998602420662408
hm-a10-g1-L3p5-n2-beta2__N0080__Aminus_0p01,hm-a10-g1-L3p5-n2-beta2__N0080__Aplus_0p01,hm-a10-g1-L3p5-n2-beta2,80,-0.01,13,0.56875,9.99476833560554,9.998757050352337
hm-a10-g1-L3p5-n2-beta2__N0080__Aminus_0p01,hm-a10-g1-L3p5-n2-beta2__N0080__Aplus_0p01,hm-a10-g1-L3p5-n2-beta2,80,-0.01,14,0.6124999999999999,9.995452919488068,9.998919314691584
hm-a10-g1-L3p5-n2-beta2__N0080__Aminus_0p01,hm-a10-g1-L3p5-n2-beta2__N0080__Aplus_0p01,hm-a10-g1-L3p5-n2-beta2,80,-0.01,15,0.65625,9.99616554707396,9.999088213927902
hm-a10-g1-L3p5-n2-beta2__N0080__Aminus_0p01,hm-a10-g1-L3p5-n2-beta2__N0080__Aplus_0p01,hm-a10-g1-L3p5-n2-beta2,80,-0.01,16,0.7,9.99690183295773,9.999262707331244
hm-a10-g1-L3p5-n2-beta2__N0080__Aminus_0p01,hm-a10-g1-L3p5-n2-beta2__N0080__Aplus_0p01,hm-a10-g1-L3p5-n2-beta2,80,-0.01,17,0.7437499999999999,9.997657244682033,9.999441719595692
hm-a10-g1-L3p5-n2-beta2__N0080__Aminus_0p01,hm-a10-g1-L3p5-n2-beta2__N0080__Aplus_0p01,hm-a10-g1-L3p5-n2-beta2,80,-0.01,18,0.7875,9.998427130509466,9.999624147456657
hm-a10-g1-L3p5-n2-beta2__N0080__Aminus_0p01,hm-a10-g1-L3p5-n2-beta2__N0080__Aplus_0p01,hm-a10-g1-L3p5-n2-beta2,80,-0.01,19,0.8312499999999999,9.999206747963266,9.999808866482875
hm-a10-g1-L3p5-n2-beta2__N0080__Aminus_0p01,hm-a10-g1-L3p5-n2-beta2__N0080__Aplus_0p01,hm-a10-g1-L3p5-n2-beta2,80,-0.01,20,0.875,9.99999129296438,9.99999473800157
hm-a10-g1-L3p5-n2-beta2__N0080__Aminus_0p01,hm-a10-g1-L3p5-n2-beta2__N0080__Aplus_0p01,hm-a10-g1-L3p5-n2-beta2,80,-0.01,21,0.91875,10.000775929387748,10.000180616114282
hm-a10-g1-L3p5-n2-beta2__N0080__Aminus_0p01,hm-a10-g1-L3p5-n2-beta2__N0080__Aplus_0p01,hm-a10-g1-L3p5-n2-beta2,80,-0.01,22,0.9624999999999999,10.001555818857202,10.00036535476018
hm-a10-g1-L3p5-n2-beta2__N0080__Aminus_0p01,hm-a10-g1-L3p5-n2-beta2__N0080__Aplus_0p01,hm-a10-g1-L3p5-n2-beta2,80,-0.01,23,1.0062499999999999,10.002326150595758,10.000547814783395
hm-a10-g1-L3p5-n2-beta2__N0080__Aminus_0p01,hm-a10-g1-L3p5-n2-beta2__N0080__Aplus_0p01,hm-a10-g1-L3p5-n2-beta2,80,-0.01,24,1.0499999999999998,10.003082171146852,10.000726870960719
hm-a10-g1-L3p5-n2-beta2__N0080__Aminus_0p01,hm-a10-g1-L3p5-n2-beta2__N0080__Aplus_0p01,hm-a10-g1-L3p5-n2-beta2,80,-0.01,25,1.09375,10.003819213781753,10.00090141894628
hm-a10-g1-L3p5-n2-beta2__N0080__Aminus_0p01,hm-a10-g1-L3p5-n2-beta2__N0080__Aplus_0p01,hm-a10-g1-L3p5-n2-beta2,80,-0.01,26,1.1375,10.004532727409398,10.001070382090164
hm-a10-g1-L3p5-n2-beta2__N0080__Aminus_0p01,hm-a10-g1-L3p5-n2-beta2__N0080__Aplus_0p01,hm-a10-g1-L3p5-n2-beta2,80,-0.01,27,1.18125,10.005218304807023,10.001232718088712
hm-a10-g1-L3p5-n2-beta2__N0080__Aminus_0p01,hm-a10-g1-L3p5-n2-beta2__N0080__Aplus_0p01,hm-a10-g1-L3p5-n2-beta2,80,-0.01,28,1.2249999999999999,10.00587170999333,10.00138742542518
hm-a10-g1-L3p5-n2-beta2__N0080__Aminus_0p01,hm-a10-g1-L3p5-n2-beta2__N0080__Aplus_0p01,hm-a10-g1-L3p5-n2-beta2,80,-0.01,29,1.2687499999999998,10.006488904570471,10.001533549560719
hm-a10-g1-L3p5-n2-beta2__N0080__Aminus_0p01,hm-a10-g1-L3p5-n2-beta2__N0080__Aplus_0p01,hm-a10-g1-L3p5-n2-beta2,80,-0.01,30,1.3125,10.007066072866866,10.00167018883706
hm-a10-g1-L3p5-n2-beta2__N0080__Aminus_0p01,hm-a10-g1-L3p5-n2-beta2__N0080__Aplus_0p01,hm-a10-g1-L3p5-n2-beta2,80,-0.01,31,1.35625,10.007599645719868,10.001796500054127
hm-a10-g1-L3p5-n2-beta2__N0080__Aminus_0p01,hm-a10-g1-L3p5-n2-beta2__N0080__Aplus_0p01,hm-a10-g1-L3p5-n2-beta2,80,-0.01,32,1.4,10.008086322745214,10.001911703687691
hm-a10-g1-L3p5-n2-beta2__N0080__Aminus_0p01,hm-a10-g1-L3p5-n2-beta2__N0080__Aplus_0p01,hm-a10-g1-L3p5-n2-beta2,80,-0.01,33,1.4437499999999999,10.008523092949506,10.002015088714469
hm-a10-g1-L3p5-n2-beta2__N0080__Aminus_0p01,hm-a10-g1-L3p5-n2-beta2__N0080__Aplus_0p01,hm-a10-g1-L3p5-n2-beta2,80,-0.01,34,1.4874999999999998,10.008907253552067,10.002106017014391
hm-a10-g1-L3p5-n2-beta2__N0080__Aminus_0p01,hm-a10-g1-L3p5-n2-beta2__N0080__Aplus_0p01,hm-a10-g1-L3p5-n2-beta2,80,-0.01,35,1.53125,10.00923642689378,10.002183927322504
hm-a10-g1-L3p5-n2-beta2__N0080__Aminus_0p01,hm-a10-g1-L3p5-n2-beta2__N0080__Aplus_0p01,hm-a10-g1-L3p5-n2-beta2,80,-0.01,36,1.575,10.009508575322595,10.002248338705655
hm-a10-g1-L3p5-n2-beta2__N0080__Aminus_0p01,hm-a10-g1-L3p5-n2-beta2__N0080__Aplus_0p01,hm-a10-g1-L3p5-n2-beta2,80,-0.01,37,1.61875,10.00972201395832,10.002298853542158
hm-a10-g1-L3p5-n2-beta2__N0080__Aminus_0p01,hm-a10-g1-L3p5-n2-beta2__N0080__Aplus_0p01,hm-a10-g1-L3p5-n2-beta2,80,-0.01,38,1.6624999999999999,10.009875421253032,10.002335159985677
hm-a10-g1-L3p5-n2-beta2__N0080__Aminus_0p01,hm-a10-g1-L3p5-n2-beta2__N0080__Aplus_0p01,hm-a10-g1-L3p5-n2-beta2,80,-0.01,39,1.7062499999999998,10.0099678472777,10.00235703389786
hm-a10-g1-L3p5-n2-beta2__N0080__Aminus_0p01,hm-a10-g1-L3p5-n2-beta2__N0080__Aplus_0p01,hm-a10-g1-L3p5-n2-beta2,80,-0.01,40,1.75,10.00999871968052,10.00236434023756
hm-a10-g1-L3p5-n2-beta2__N0080__Aminus_0p01,hm-a10-g1-L3p5-n2-beta2__N0080__Aplus_0p01,hm-a10-g1-L3p5-n2-beta2,80,-0.01,41,1.79375,10.009967847277702,10.002357033897862
hm-a10-g1-L3p5-n2-beta2__N0080__Aminus_0p01,hm-a10-g1-L3p5-n2-beta2__N0080__Aplus_0p01,hm-a10-g1-L3p5-n2-beta2,80,-0.01,42,1.8375,10.009875421253037,10.00233515998568
hm-a10-g1-L3p5-n2-beta2__N0080__Aminus_0p01,hm-a10-g1-L3p5-n2-beta2__N0080__Aplus_0p01,hm-a10-g1-L3p5-n2-beta2,80,-0.01,43,1.8812499999999999,10.009722013958328,10.002298853542166
hm-a10-g1-L3p5-n2-beta2__N0080__Aminus_0p01,hm-a10-g1-L3p5-n2-beta2__N0080__Aplus_0p01,hm-a10-g1-L3p5-n2-beta2,80,-0.01,44,1.9249999999999998,10.009508575322606,10.002248338705668
hm-a10-g1-L3p5-n2-beta2__N0080__Aminus_0p01,hm-a10-g1-L3p5-n2-beta2__N0080__Aplus_0p01,hm-a10-g1-L3p5-n2-beta2,80,-0.01,45,1.9687499999999998,10.009236426893795,10.00218392732252
hm-a10-g1-L3p5-n2-beta2__N0080__Aminus_0p01,hm-a10-g1-L3p5-n2-beta2__N0080__Aplus_0p01,hm-a10-g1-L3p5-n2-beta2,80,-0.01,46,2.0124999999999997,10.008907253552085,10.00210601701441
hm-a10-g1-L3p5-n2-beta2__N0080__Aminus_0p01,hm-a10-g1-L3p5-n2-beta2__N0080__Aplus_0p01,hm-a10-g1-L3p5-n2-beta2,80,-0.01,47,2.05625,10.00852309294953,10.00201508871449
hm-a10-g1-L3p5-n2-beta2__N0080__Aminus_0p01,hm-a10-g1-L3p5-n2-beta2__N0080__Aplus_0p01,hm-a10-g1-L3p5-n2-beta2,80,-0.01,48,2.0999999999999996,10.008086322745243,10.001911703687712
hm-a10-g1-L3p5-n2-beta2__N0080__Aminus_0p01,hm-a10-g1-L3p5-n2-beta2__N0080__Aplus_0p01,hm-a10-g1-L3p5-n2-beta2,80,-0.01,49,2.14375,10.0075996457199,10.001796500054148
hm-a10-g1-L3p5-n2-beta2__N0080__Aminus_0p01,hm-a10-g1-L3p5-n2-beta2__N0080__Aplus_0p01,hm-a10-g1-L3p5-n2-beta2,80,-0.01,50,2.1875,10.007066072866905,10.001670188837084
hm-a10-g1-L3p5-n2-beta2__N0080__Aminus_0p01,hm-a10-g1-L3p5-n2-beta2__N0080__Aplus_0p01,hm-a10-g1-L3p5-n2-beta2,80,-0.01,51,2.2312499999999997,10.006488904570515,10.00153354956074
hm-a10-g1-L3p5-n2-beta2__N0080__Aminus_0p01,hm-a10-g1-L3p5-n2-beta2__N0080__Aplus_0p01,hm-a10-g1-L3p5-n2-beta2,80,-0.01,52,2.275,10.005871709993382,10.001387425425202
hm-a10-g1-L3p5-n2-beta2__N0080__Aminus_0p01,hm-a10-g1-L3p5-n2-beta2__N0080__Aplus_0p01,hm-a10-g1-L3p5-n2-beta2,80,-0.01,53,2.3187499999999996,10.00521830480708,10.001232718088731
hm-a10-g1-L3p5-n2-beta2__N0080__Aminus_0p01,hm-a10-g1-L3p5-n2-beta2__N0080__Aplus_0p01,hm-a10-g1-L3p5-n2-beta2,80,-0.01,54,2.3625,10.00453272740946,10.001070382090182
hm-a10-g1-L3p5-n2-beta2__N0080__Aminus_0p01,hm-a10-g1-L3p5-n2-beta2__N0080__Aplus_0p01,hm-a10-g1-L3p5-n2-beta2,80,-0.01,55,2.40625,10.003819213781822,10.000901418946295
hm-a10-g1-L3p5-n2-beta2__N0080__Aminus_0p01,hm-a10-g1-L3p5-n2-beta2__N0080__Aplus_0p01,hm-a10-g1-L3p5-n2-beta2,80,-0.01,56,2.4499999999999997,10.003082171146927,10.000726870960733
hm-a10-g1-L3p5-n2-beta2__N0080__Aminus_0p01,hm-a10-g1-L3p5-n2-beta2__N0080__Aplus_0p01,hm-a10-g1-L3p5-n2-beta2,80,-0.01,57,2.49375,10.002326150595838,10.000547814783408
hm-a10-g1-L3p5-n2-beta2__N0080__Aminus_0p01,hm-a10-g1-L3p5-n2-beta2__N0080__Aplus_0p01,hm-a10-g1-L3p5-n2-beta2,80,-0.01,58,2.5374999999999996,10.001555818857286,10.000365354760191
hm-a10-g1-L3p5-n2-beta2__N0080__Aminus_0p01,hm-a10-g1-L3p5-n2-beta2__N0080__Aplus_0p01,hm-a10-g1-L3p5-n2-beta2,80,-0.01,59,2.58125,10.000775929387835,10.000180616114292
hm-a10-g1-L3p5-n2-beta2__N0080__Aminus_0p01,hm-a10-g1-L3p5-n2-beta2__N0080__Aplus_0p01,hm-a10-g1-L3p5-n2-beta2,80,-0.01,60,2.625,9.999991292964468,9.999994738001579
hm-a10-g1-L3p5-n2-beta2__N0080__Aminus_0p01,hm-a10-g1-L3p5-n2-beta2__N0080__Aplus_0p01,hm-a10-g1-L3p5-n2-beta2,80,-0.01,61,2.6687499999999997,9.999206747963358,9.999808866482883
hm-a10-g1-L3p5-n2-beta2__N0080__Aminus_0p01,hm-a10-g1-L3p5-n2-beta2__N0080__Aplus_0p01,hm-a10-g1-L3p5-n2-beta2,80,-0.01,62,2.7125,9.998427130509556,9.999624147456668
hm-a10-g1-L3p5-n2-beta2__N0080__Aminus_0p01,hm-a10-g1-L3p5-n2-beta2__N0080__Aplus_0p01,hm-a10-g1-L3p5-n2-beta2,80,-0.01,63,2.7562499999999996,9.997657244682124,9.999441719595705
hm-a10-g1-L3p5-n2-beta2__N0080__Aminus_0p01,hm-a10-g1-L3p5-n2-beta2__N0080__Aplus_0p01,hm-a10-g1-L3p5-n2-beta2,80,-0.01,64,2.8,9.99690183295782,9.999262707331257
hm-a10-g1-L3p5-n2-beta2__N0080__Aminus_0p01,hm-a10-g1-L3p5-n2-beta2__N0080__Aplus_0p01,hm-a10-g1-L3p5-n2-beta2,80,-0.01,65,2.84375,9.996165547074046,9.999088213927914
hm-a10-g1-L3p5-n2-beta2__N0080__Aminus_0p01,hm-a10-g1-L3p5-n2-beta2__N0080__Aplus_0p01,hm-a10-g1-L3p5-n2-beta2,80,-0.01,66,2.8874999999999997,9.995452919488152,9.998919314691598
hm-a10-g1-L3p5-n2-beta2__N0080__Aminus_0p01,hm-a10-g1-L3p5-n2-beta2__N0080__Aplus_0p01,hm-a10-g1-L3p5-n2-beta2,80,-0.01,67,2.93125,9.99476833560562,9.99875705035235
hm-a10-g1-L3p5-n2-beta2__N0080__Aminus_0p01,hm-a10-g1-L3p5-n2-beta2__N0080__Aplus_0p01,hm-a10-g1-L3p5-n2-beta2,80,-0.01,68,2.9749999999999996,9.994116006944116,9.998602420662422
hm-a10-g1-L3p5-n2-beta2__N0080__Aminus_0p01,hm-a10-g1-L3p5-n2-beta2__N0080__Aplus_0p01,hm-a10-g1-L3p5-n2-beta2,80,-0.01,69,3.01875,9.993499945393888,9.998456378248754
hm-a10-g1-L3p5-n2-beta2__N0080__Aminus_0p01,hm-a10-g1-L3p5-n2-beta2__N0080__Aplus_0p01,hm-a10-g1-L3p5-n2-beta2,80,-0.01,70,3.0625,9.99292393872763,9.998319822757349
hm-a10-g1-L3p5-n2-beta2__N0080__Aminus_0p01,hm-a10-g1-L3p5-n2-beta2__N0080__Aplus_0p01,hm-a10-g1-L3p5-n2-beta2,80,-0.01,71,3.1062499999999997,9.992391527504804,9.99819359532522
hm-a10-g1-L3p5-n2-beta2__N0080__Aminus_0p01,hm-a10-g1-L3p5-n2-beta2__N0080__Aplus_0p01,hm-a10-g1-L3p5-n2-beta2,80,-0.01,72,3.15,9.99190598350648,9.99807847341353
hm-a10-g1-L3p5-n2-beta2__N0080__Aminus_0p01,hm-a10-g1-L3p5-n2-beta2__N0080__Aplus_0p01,hm-a10-g1-L3p5-n2-beta2,80,-0.01,73,3.1937499999999996,9.99147028982717,9.997975166033303
hm-a10-g1-L3p5-n2-beta2__N0080__Aminus_0p01,hm-a10-g1-L3p5-n2-beta2__N0080__Aplus_0p01,hm-a10-g1-L3p5-n2-beta2,80,-0.01,74,3.2375,9.991087122739925,9.997884309392688
hm-a10-g1-L3p5-n2-beta2__N0080__Aminus_0p01,hm-a10-g1-L3p5-n2-beta2__N0080__Aplus_0p01,hm-a10-g1-L3p5-n2-beta2,80,-0.01,75,3.28125,9.990758835440207,9.997806462992152
hm-a10-g1-L3p5-n2-beta2__N0080__Aminus_0p01,hm-a10-g1-L3p5-n2-beta2__N0080__Aplus_0p01,hm-a10-g1-L3p5-n2-beta2,80,-0.01,76,3.3249999999999997,9.990487443762767,9.997742106191225
hm-a10-g1-L3p5-n2-beta2__N0080__Aminus_0p01,hm-a10-g1-L3p5-n2-beta2__N0080__Aplus_0p01,hm-a10-g1-L3p5-n2-beta2,80,-0.01,77,3.36875,9.990274613954053,9.997691635267604
hm-a10-g1-L3p5-n2-beta2__N0080__Aminus_0p01,hm-a10-g1-L3p5-n2-beta2__N0080__Aplus_0p01,hm-a10-g1-L3p5-n2-beta2,80,-0.01,78,3.4124999999999996,9.990121652570641,9.99765536098634
hm-a10-g1-L3p5-n2-beta2__N0080__Aminus_0p01,hm-a10-g1-L3p5-n2-beta2__N0080__Aplus_0p01,hm-a10-g1-L3p5-n2-beta2,80,-0.01,79,3.45625,9.99002949856174,9.997633506693841
hm-a10-g1-L3p5-n2-beta2__N0080__Aminus_0p01,hm-a10-g1-L3p5-n2-beta2__N0080__Aplus_0p01,hm-a10-g1-L3p5-n2-beta2,80,-0.01,80,3.5,9.989998717581216,9.997626206948157
hm-a10-g1-L3p5-n2-beta2__N0080__Aminus_0p005,hm-a10-g1-L3p5-n2-beta2__N0080__Aplus_0p005,hm-a10-g1-L3p5-n2-beta2,80,-0.005,0,0.0,9.994999679526963,9.998814285089718
hm-a10-g1-L3p5-n2-beta2__N0080__Aminus_0p005,hm-a10-g1-L3p5-n2-beta2__N0080__Aplus_0p005,hm-a10-g1-L3p5-n2-beta2,80,-0.005,1,0.04375,9.995015081434142,9.998817935786448
hm-a10-g1-L3p5-n2-beta2__N0080__Aminus_0p005,hm-a10-g1-L3p5-n2-beta2__N0080__Aplus_0p005,hm-a10-g1-L3p5-n2-beta2,80,-0.005,2,0.0875,9.995061192408555,9.998828865384088
hm-a10-g1-L3p5-n2-beta2__N0080__Aminus_0p005,hm-a10-g1-L3p5-n2-beta2__N0080__Aplus_0p005,hm-a10-g1-L3p5-n2-beta2,80,-0.005,3,0.13124999999999998,9.995137728787796,9.998847006543283
hm-a10-g1-L3p5-n2-beta2__N0080__Aminus_0p005,hm-a10-g1-L3p5-n2-beta2__N0080__Aplus_0p005,hm-a10-g1-L3p5-n2-beta2,80,-0.005,4,0.175,9.995244219727624,9.998872247491931
hm-a10-g1-L3p5-n2-beta2__N0080__Aminus_0p005,hm-a10-g1-L3p5-n2-beta2__N0080__Aplus_0p005,hm-a10-g1-L3p5-n2-beta2,80,-0.005,5,0.21875,9.995380010079582,9.998904432712473
hm-a10-g1-L3p5-n2-beta2__N0080__Aminus_0p005,hm-a10-g1-L3p5-n2-beta2__N0080__Aplus_0p005,hm-a10-g1-L3p5-n2-beta2,80,-0.005,6,0.26249999999999996,9.99554426439569,9.998943363898212
hm-a10-g1-L3p5-n2-beta2__N0080__Aminus_0p005,hm-a10-g1-L3p5-n2-beta2__N0080__Aplus_0p005,hm-a10-g1-L3p5-n2-beta2,80,-0.005,7,0.30624999999999997,9.995735972036327,9.99898880117284
hm-a10-g1-L3p5-n2-beta2__N0080__Aminus_0p005,hm-a10-g1-L3p5-n2-beta2__N0080__Aplus_0p005,hm-a10-g1-L3p5-n2-beta2,80,-0.005,8,0.35,9.995953953350915,9.999040464565741
hm-a10-g1-L3p5-n2-beta2__N0080__Aminus_0p005,hm-a10-g1-L3p5-n2-beta2__N0080__Aplus_0p005,hm-a10-g1-L3p5-n2-beta2,80,-0.005,9,0.39375,9.996196866894485,9.999098035734015
hm-a10-g1-L3p5-n2-beta2__N0080__Aminus_0p005,hm-a10-g1-L3p5-n2-beta2__N0080__Aplus_0p005,hm-a10-g1-L3p5-n2-beta2,80,-0.005,10,0.4375,9.996463217637062,9.99916115992077
hm-a10-g1-L3p5-n2-beta2__N0080__Aminus_0p005,hm-a10-g1-L3p5-n2-beta2__N0080__Aplus_0p005,hm-a10-g1-L3p5-n2-beta2,80,-0.005,11,0.48124999999999996,9.996751366116731,9.99922944813768
hm-a10-g1-L3p5-n2-beta2__N0080__Aminus_0p005,hm-a10-g1-L3p5-n2-beta2__N0080__Aplus_0p005,hm-a10-g1-L3p5-n2-beta2,80,-0.005,12,0.5249999999999999,9.99705953848152,9.999302479558455
hm-a10-g1-L3p5-n2-beta2__N0080__Aminus_0p005,hm-a10-g1-L3p5-n2-beta2__N0080__Aplus_0p005,hm-a10-g1-L3p5-n2-beta2,80,-0.005,13,0.56875,9.997385837359868,9.999379804108637
hm-a10-g1-L3p5-n2-beta2__N0080__Aminus_0p005,hm-a10-g1-L3p5-n2-beta2__N0080__Aplus_0p005,hm-a10-g1-L3p5-n2-beta2,80,-0.005,14,0.6124999999999999,9.997728253494193,9.999460945235798
hm-a10-g1-L3p5-n2-beta2__N0080__Aminus_0p005,hm-a10-g1-L3p5-n2-beta2__N0080__Aplus_0p005,hm-a10-g1-L3p5-n2-beta2,80,-0.005,15,0.65625,9.99808467806751,9.999545402843246
hm-a10-g1-L3p5-n2-beta2__N0080__Aminus_0p005,hm-a10-g1-L3p5-n2-beta2__N0080__Aplus_0p005,hm-a10-g1-L3p5-n2-beta2,80,-0.005,16,0.7,9.998452915648526,9.99963265636921
hm-a10-g1-L3p5-n2-beta2__N0080__Aminus_0p005,hm-a10-g1-L3p5-n2-beta2__N0080__Aplus_0p005,hm-a10-g1-L3p5-n2-beta2,80,-0.005,17,0.7437499999999999,9.998830697676858,9.99972216799265
hm-a10-g1-L3p5-n2-beta2__N0080__Aminus_0p005,hm-a10-g1-L3p5-n2-beta2__N0080__Aplus_0p005,hm-a10-g1-L3p5-n2-beta2,80,-0.005,18,0.7875,9.999215696406416,9.99981338594599
hm-a10-g1-L3p5-n2-beta2__N0080__Aminus_0p005,hm-a10-g1-L3p5-n2-beta2__N0080__Aplus_0p005,hm-a10-g1-L3p5-n2-beta2,80,-0.005,19,0.8312499999999999,9.999605539222095,9.999905747914466
hm-a10-g1-L3p5-n2-beta2__N0080__Aminus_0p005,hm-a10-g1-L3p5-n2-beta2__N0080__Aplus_0p005,hm-a10-g1-L3p5-n2-beta2,80,-0.005,20,0.875,9.999997823242328,9.999998684501143
hm-a10-g1-L3p5-n2-beta2__N0080__Aminus_0p005,hm-a10-g1-L3p5-n2-beta2__N0080__Aplus_0p005,hm-a10-g1-L3p5-n2-beta2,80,-0.005,21,0.91875,10.000390130118118,10.000091622736322
hm-a10-g1-L3p5-n2-beta2__N0080__Aminus_0p005,hm-a10-g1-L3p5-n2-beta2__N0080__Aplus_0p005,hm-a10-g1-L3p5-n2-beta2,80,-0.005,22,0.9624999999999999,10.000780040937691,10.000183989609717
hm-a10-g1-L3p5-n2-beta2__N0080__Aminus_0p005,hm-a10-g1-L3p5-n2-beta2__N0080__Aplus_0p005,hm-a10-g1-L3p5-n2-beta2,80,-0.005,23,1.0062499999999999,10.001165151145003,10.000275215603617
hm-a10-g1-L3p5-n2-beta2__N0080__Aminus_0p005,hm-a10-g1-L3p5-n2-beta2__N0080__Aplus_0p005,hm-a10-g1-L3p5-n2-beta2,80,-0.005,24,1.0499999999999998,10.001543085379991,10.000364738205269
hm-a10-g1-L3p5-n2-beta2__N0080__Aminus_0p005,hm-a10-g1-L3p5-n2-beta2__N0080__Aplus_0p005,hm-a10-g1-L3p5-n2-beta2,80,-0.005,25,1.09375,10.001911512148736,10.000452005376781
hm-a10-g1-L3p5-n2-beta2__N0080__Aminus_0p005,hm-a10-g1-L3p5-n2-beta2__N0080__Aplus_0p005,hm-a10-g1-L3p5-n2-beta2,80,-0.005,26,1.1375,10.002268158232422,10.000536478961115
hm-a10-g1-L3p5-n2-beta2__N0080__Aminus_0p005,hm-a10-g1-L3p5-n2-beta2__N0080__Aplus_0p005,hm-a10-g1-L3p5-n2-beta2,80,-0.005,27,1.18125,10.00261082274544,10.000617638003092
hm-a10-g1-L3p5-n2-beta2__N0080__Aminus_0p005,hm-a10-g1-L3p5-n2-beta2__N0080__Aplus_0p005,hm-a10-g1-L3p5-n2-beta2,80,-0.005,28,1.2249999999999999,10.002937390754896,10.000694981964902
hm-a10-g1-L3p5-n2-beta2__N0080__Aminus_0p005,hm-a10-g1-L3p5-n2-beta2__N0080__Aplus_0p005,hm-a10-g1-L3p5-n2-beta2,80,-0.005,29,1.2687499999999998,10.00324584637631,10.000768033816138
hm-a10-g1-L3p5-n2-beta2__N0080__Aminus_0p005,hm-a10-g1-L3p5-n2-beta2__N0080__Aplus_0p005,hm-a10-g1-L3p5-n2-beta2,80,-0.005,30,1.3125,10.003534285263397,10.000836342979271
hm-a10-g1-L3p5-n2-beta2__N0080__Aminus_0p005,hm-a10-g1-L3p5-n2-beta2__N0080__Aplus_0p005,hm-a10-g1-L3p5-n2-beta2,80,-0.005,31,1.35625,10.003800926413398,10.00089948811225
hm-a10-g1-L3p5-n2-beta2__N0080__Aminus_0p005,hm-a10-g1-L3p5-n2-beta2__N0080__Aplus_0p005,hm-a10-g1-L3p5-n2-beta2,80,-0.005,32,1.4,10.004044123213598,10.000957079710982
hm-a10-g1-L3p5-n2-beta2__N0080__Aminus_0p005,hm-a10-g1-L3p5-n2-beta2__N0080__Aplus_0p005,hm-a10-g1-L3p5-n2-beta2,80,-0.005,33,1.4437499999999999,10.004262373659303,10.00100876251551
hm-a10-g1-L3p5-n2-beta2__N0080__Aminus_0p005,hm-a10-g1-L3p5-n2-beta2__N0080__Aplus_0p005,hm-a10-g1-L3p5-n2-beta2,80,-0.005,34,1.4874999999999998,10.004454329678648,10.00105421770496
hm-a10-g1-L3p5-n2-beta2__N0080__Aminus_0p005,hm-a10-g1-L3p5-n2-beta2__N0080__Aplus_0p005,hm-a10-g1-L3p5-n2-beta2,80,-0.005,35,1.53125,10.00461880550514,10.001093164867585
hm-a10-g1-L3p5-n2-beta2__N0080__Aminus_0p005,hm-a10-g1-L3p5-n2-beta2__N0080__Aplus_0p005,hm-a10-g1-L3p5-n2-beta2,80,-0.005,36,1.575,10.004754785044842,10.001125363733678
hm-a10-g1-L3p5-n2-beta2__N0080__Aminus_0p005,hm-a10-g1-L3p5-n2-beta2__N0080__Aplus_0p005,hm-a10-g1-L3p5-n2-beta2,80,-0.005,37,1.61875,10.004861428191337,10.001150615660542
hm-a10-g1-L3p5-n2-beta2__N0080__Aminus_0p005,hm-a10-g1-L3p5-n2-beta2__N0080__Aplus_0p005,hm-a10-g1-L3p5-n2-beta2,80,-0.005,38,1.6624999999999999,10.004938076048342,10.001168764860296
hm-a10-g1-L3p5-n2-beta2__N0080__Aminus_0p005,hm-a10-g1-L3p5-n2-beta2__N0080__Aplus_0p005,hm-a10-g1-L3p5-n2-beta2,80,-0.005,39,1.7062499999999998,10.004984255026658,10.001179699362854
hm-a10-g1-L3p5-n2-beta2__N0080__Aminus_0p005,hm-a10-g1-L3p5-n2-beta2__N0080__Aplus_0p005,hm-a10-g1-L3p5-n2-beta2,80,-0.005,40,1.75,10.004999679789398,10.001183351708088
hm-a10-g1-L3p5-n2-beta2__N0080__Aminus_0p005,hm-a10-g1-L3p5-n2-beta2__N0080__Aplus_0p005,hm-a10-g1-L3p5-n2-beta2,80,-0.005,41,1.79375,10.004984255026658,10.001179699362856
hm-a10-g1-L3p5-n2-beta2__N0080__Aminus_0p005,hm-a10-g1-L3p5-n2-beta2__N0080__Aplus_0p005,hm-a10-g1-L3p5-n2-beta2,80,-0.005,42,1.8375,10.004938076048342,10.001168764860301
hm-a10-g1-L3p5-n2-beta2__N0080__Aminus_0p005,hm-a10-g1-L3p5-n2-beta2__N0080__Aplus_0p005,hm-a10-g1-L3p5-n2-beta2,80,-0.005,43,1.8812499999999999,10.004861428191337,10.001150615660551
hm-a10-g1-L3p5-n2-beta2__N0080__Aminus_0p005,hm-a10-g1-L3p5-n2-beta2__N0080__Aplus_0p005,hm-a10-g1-L3p5-n2-beta2,80,-0.005,44,1.9249999999999998,10.004754785044842,10.001125363733692
hm-a10-g1-L3p5-n2-beta2__N0080__Aminus_0p005,hm-a10-g1-L3p5-n2-beta2__N0080__Aplus_0p005,hm-a10-g1-L3p5-n2-beta2,80,-0.005,45,1.9687499999999998,10.00461880550514,10.001093164867603
hm-a10-g1-L3p5-n2-beta2__N0080__Aminus_0p005,hm-a10-g1-L3p5-n2-beta2__N0080__Aplus_0p005,hm-a10-g1-L3p5-n2-beta2,80,-0.005,46,2.0124999999999997,10.00445432967865,10.00105421770498
hm-a10-g1-L3p5-n2-beta2__N0080__Aminus_0p005,hm-a10-g1-L3p5-n2-beta2__N0080__Aplus_0p005,hm-a10-g1-L3p5-n2-beta2,80,-0.005,47,2.05625,10.004262373659307,10.00100876251553
hm-a10-g1-L3p5-n2-beta2__N0080__Aminus_0p005,hm-a10-g1-L3p5-n2-beta2__N0080__Aplus_0p005,hm-a10-g1-L3p5-n2-beta2,80,-0.005,48,2.0999999999999996,10.004044123213603,10.000957079711002
hm-a10-g1-L3p5-n2-beta2__N0080__Aminus_0p005,hm-a10-g1-L3p5-n2-beta2__N0080__Aplus_0p005,hm-a10-g1-L3p5-n2-beta2,80,-0.005,49,2.14375,10.003800926413406,10.000899488112271
hm-a10-g1-L3p5-n2-beta2__N0080__Aminus_0p005,hm-a10-g1-L3p5-n2-beta2__N0080__Aplus_0p005,hm-a10-g1-L3p5-n2-beta2,80,-0.005,50,2.1875,10.00353428526341,10.00083634297929
hm-a10-g1-L3p5-n2-beta2__N0080__Aminus_0p005,hm-a10-g1-L3p5-n2-beta2__N0080__Aplus_0p005,hm-a10-g1-L3p5-n2-beta2,80,-0.005,51,2.2312499999999997,10.003245846376327,10.000768033816158
hm-a10-g1-L3p5-n2-beta2__N0080__Aminus_0p005,hm-a10-g1-L3p5-n2-beta2__N0080__Aplus_0p005,hm-a10-g1-L3p5-n2-beta2,80,-0.005,52,2.275,10.00293739075492,10.000694981964923
hm-a10-g1-L3p5-n2-beta2__N0080__Aminus_0p005,hm-a10-g1-L3p5-n2-beta2__N0080__Aplus_0p005,hm-a10-g1-L3p5-n2-beta2,80,-0.005,53,2.3187499999999996,10.002610822745469,10.000617638003114
hm-a10-g1-L3p5-n2-beta2__N0080__Aminus_0p005,hm-a10-g1-L3p5-n2-beta2__N0080__Aplus_0p005,hm-a10-g1-L3p5-n2-beta2,80,-0.005,54,2.3625,10.002268158232456,10.000536478961134
hm-a10-g1-L3p5-n2-beta2__N0080__Aminus_0p005,hm-a10-g1-L3p5-n2-beta2__N0080__Aplus_0p005,hm-a10-g1-L3p5-n2-beta2,80,-0.005,55,2.40625,10.001911512148775,10.000452005376797
hm-a10-g1-L3p5-n2-beta2__N0080__Aminus_0p005,hm-a10-g1-L3p5-n2-beta2__N0080__Aplus_0p005,hm-a10-g1-L3p5-n2-beta2,80,-0.005,56,2.4499999999999997,10.001543085380035,10.000364738205281
hm-a10-g1-L3p5-n2-beta2__N0080__Aminus_0p005,hm-a10-g1-L3p5-n2-beta2__N0080__Aplus_0p005,hm-a10-g1-L3p5-n2-beta2,80,-0.005,57,2.49375,10.001165151145052,10.000275215603626
hm-a10-g1-L3p5-n2-beta2__N0080__Aminus_0p005,hm-a10-g1-L3p5-n2-beta2__N0080__Aplus_0p005,hm-a10-g1-L3p5-n2-beta2,80,-0.005,58,2.5374999999999996,10.000780040937748,10.000183989609724
hm-a10-g1-L3p5-n2-beta2__N0080__Aminus_0p005,hm-a10-g1-L3p5-n2-beta2__N0080__Aplus_0p005,hm-a10-g1-L3p5-n2-beta2,80,-0.005,59,2.58125,10.000390130118177,10.000091622736328
hm-a10-g1-L3p5-n2-beta2__N0080__Aminus_0p005,hm-a10-g1-L3p5-n2-beta2__N0080__Aplus_0p005,hm-a10-g1-L3p5-n2-beta2,80,-0.005,60,2.625,9.999997823242392,9.999998684501147
hm-a10-g1-L3p5-n2-beta2__N0080__Aminus_0p005,hm-a10-g1-L3p5-n2-beta2__N0080__Aplus_0p005,hm-a10-g1-L3p5-n2-beta2,80,-0.005,61,2.6687499999999997,9.999605539222163,9.99990574791447
hm-a10-g1-L3p5-n2-beta2__N0080__Aminus_0p005,hm-a10-g1-L3p5-n2-beta2__N0080__Aplus_0p005,hm-a10-g1-L3p5-n2-beta2,80,-0.005,62,2.7125,9.999215696406488,9.999813385945995
hm-a10-g1-L3p5-n2-beta2__N0080__Aminus_0p005,hm-a10-g1-L3p5-n2-beta2__N0080__Aplus_0p005,hm-a10-g1-L3p5-n2-beta2,80,-0.005,63,2.7562499999999996,9.998830697676931,9.999722167992655
hm-a10-g1-L3p5-n2-beta2__N0080__Aminus_0p005,hm-a10-g1-L3p5-n2-beta2__N0080__Aplus_0p005,hm-a10-g1-L3p5-n2-beta2,80,-0.005,64,2.8,9.9984529156486,9.999632656369217
hm-a10-g1-L3p5-n2-beta2__N0080__Aminus_0p005,hm-a10-g1-L3p5-n2-beta2__N0080__Aplus_0p005,hm-a10-g1-L3p5-n2-beta2,80,-0.005,65,2.84375,9.998084678067583,9.999545402843253
hm-a10-g1-L3p5-n2-beta2__N0080__Aminus_0p005,hm-a10-g1-L3p5-n2-beta2__N0080__Aplus_0p005,hm-a10-g1-L3p5-n2-beta2,80,-0.005,66,2.8874999999999997,9.997728253494266,9.999460945235807
hm-a10-g1-L3p5-n2-beta2__N0080__Aminus_0p005,hm-a10-g1-L3p5-n2-beta2__N0080__Aplus_0p005,hm-a10-g1-L3p5-n2-beta2,80,-0.005,67,2.93125,9.99738583735994,9.999379804108646
hm-a10-g1-L3p5-n2-beta2__N0080__Aminus_0p005,hm-a10-g1-L3p5-n2-beta2__N0080__Aplus_0p005,hm-a10-g1-L3p5-n2-beta2,80,-0.005,68,2.9749999999999996,9.99705953848159,9.999302479558466
hm-a10-g1-L3p5-n2-beta2__N0080__Aminus_0p005,hm-a10-g1-L3p5-n2-beta2__N0080__Aplus_0p005,hm-a10-g1-L3p5-n2-beta2,80,-0.005,69,3.01875,9.996751366116797,9.999229448137692
hm-a10-g1-L3p5-n2-beta2__N0080__Aminus_0p005,hm-a10-g1-L3p5-n2-beta2__N0080__Aplus_0p005,hm-a10-g1-L3p5-n2-beta2,80,-0.005,70,3.0625,9.996463217637126,9.999161159920787
hm-a10-g1-L3p5-n2-beta2__N0080__Aminus_0p005,hm-a10-g1-L3p5-n2-beta2__N0080__Aplus_0p005,hm-a10-g1-L3p5-n2-beta2,80,-0.005,71,3.1062499999999997,9.996196866894545,9.999098035734034
hm-a10-g1-L3p5-n2-beta2__N0080__Aminus_0p005,hm-a10-g1-L3p5-n2-beta2__N0080__Aplus_0p005,hm-a10-g1-L3p5-n2-beta2,80,-0.005,72,3.15,9.995953953350972,9.999040464565766
hm-a10-g1-L3p5-n2-beta2__N0080__Aminus_0p005,hm-a10-g1-L3p5-n2-beta2__N0080__Aplus_0p005,hm-a10-g1-L3p5-n2-beta2,80,-0.005,73,3.1937499999999996,9.99573597203638,9.998988801172871
hm-a10-g1-L3p5-n2-beta2__N0080__Aminus_0p005,hm-a10-g1-L3p5-n2-beta2__N0080__Aplus_0p005,hm-a10-g1-L3p5-n2-beta2,80,-0.005,74,3.2375,9.995544264395738,9.998943363898245
hm-a10-g1-L3p5-n2-beta2__N0080__Aminus_0p005,hm-a10-g1-L3p5-n2-beta2__N0080__Aplus_0p005,hm-a10-g1-L3p5-n2-beta2,80,-0.005,75,3.28125,9.995380010079629,9.99890443271251
hm-a10-g1-L3p5-n2-beta2__N0080__Aminus_0p005,hm-a10-g1-L3p5-n2-beta2__N0080__Aplus_0p005,hm-a10-g1-L3p5-n2-beta2,80,-0.005,76,3.3249999999999997,9.995244219727667,9.998872247491969
hm-a10-g1-L3p5-n2-beta2__N0080__Aminus_0p005,hm-a10-g1-L3p5-n2-beta2__N0080__Aplus_0p005,hm-a10-g1-L3p5-n2-beta2,80,-0.005,77,3.36875,9.995137728787837,9.998847006543318
hm-a10-g1-L3p5-n2-beta2__N0080__Aminus_0p005,hm-a10-g1-L3p5-n2-beta2__N0080__Aplus_0p005,hm-a10-g1-L3p5-n2-beta2,80,-0.005,78,3.4124999999999996,9.995061192408594,9.998828865384123
hm-a10-g1-L3p5-n2-beta2__N0080__Aminus_0p005,hm-a10-g1-L3p5-n2-beta2__N0080__Aplus_0p005,hm-a10-g1-L3p5-n2-beta2,80,-0.005,79,3.45625,9.995015081434179,9.998817935786484
hm-a10-g1-L3p5-n2-beta2__N0080__Aminus_0p005,hm-a10-g1-L3p5-n2-beta2__N0080__Aplus_0p005,hm-a10-g1-L3p5-n2-beta2,80,-0.005,80,3.5,9.994999679527,9.998814285089754
hm-a10-g1-L3p5-n2-beta2__N0080__Aminus_0p0025,hm-a10-g1-L3p5-n2-beta2__N0080__Aplus_0p0025,hm-a10-g1-L3p5-n2-beta2,80,-0.0025,0,0.0,9.997499919898416,9.999407437946925
hm-a10-g1-L3p5-n2-beta2__N0080__Aminus_0p0025,hm-a10-g1-L3p5-n2-beta2__N0080__Aplus_0p0025,hm-a10-g1-L3p5-n2-beta2,80,-0.0025,1,0.04375,9.997507623707593,9.999409263501308
hm-a10-g1-L3p5-n2-beta2__N0080__Aminus_0p0025,hm-a10-g1-L3p5-n2-beta2__N0080__Aplus_0p0025,hm-a10-g1-L3p5-n2-beta2,80,-0.0025,2,0.0875,9.997530687691286,9.99941472891311
hm-a10-g1-L3p5-n2-beta2__N0080__Aminus_0p0025,hm-a10-g1-L3p5-n2-beta2__N0080__Aplus_0p0025,hm-a10-g1-L3p5-n2-beta2,80,-0.0025,3,0.13124999999999998,9.997568969809203,9.999423800497562
hm-a10-g1-L3p5-n2-beta2__N0080__Aminus_0p0025,hm-a10-g1-L3p5-n2-beta2__N0080__Aplus_0p0025,hm-a10-g1-L3p5-n2-beta2,80,-0.0025,4,0.175,9.99762223429646,9.99943642234388
hm-a10-g1-L3p5-n2-beta2__N0080__Aminus_0p0025,hm-a10-g1-L3p5-n2-beta2__N0080__Aplus_0p0025,hm-a10-g1-L3p5-n2-beta2,80,-0.0025,5,0.21875,9.997690153110819,9.999452516659506
hm-a10-g1-L3p5-n2-beta2__N0080__Aminus_0p0025,hm-a10-g1-L3p5-n2-beta2__N0080__Aplus_0p0025,hm-a10-g1-L3p5-n2-beta2,80,-0.0025,6,0.26249999999999996,9.99777230794654,9.999471984249114
hm-a10-g1-L3p5-n2-beta2__N0080__Aminus_0p0025,hm-a10-g1-L3p5-n2-beta2__N0080__Aplus_0p0025,hm-a10-g1-L3p5-n2-beta2,80,-0.0025,7,0.30624999999999997,9.997868192802645,9.999494705125395
hm-a10-g1-L3p5-n2-beta2__N0080__Aminus_0p0025,hm-a10-g1-L3p5-n2-beta2__N0080__Aplus_0p0025,hm-a10-g1-L3p5-n2-beta2,80,-0.0025,8,0.35,9.99797721708999,9.99952053924792
hm-a10-g1-L3p5-n2-beta2__N0080__Aminus_0p0025,hm-a10-g1-L3p5-n2-beta2__N0080__Aplus_0p0025,hm-a10-g1-L3p5-n2-beta2,80,-0.0025,9,0.39375,9.998098709258352,9.999549327385512
hm-a10-g1-L3p5-n2-beta2__N0080__Aminus_0p0025,hm-a10-g1-L3p5-n2-beta2__N0080__Aplus_0p0025,hm-a10-g1-L3p5-n2-beta2,80,-0.0025,10,0.4375,9.99823192092149,9.999580892096866
hm-a10-g1-L3p5-n2-beta2__N0080__Aminus_0p0025,hm-a10-g1-L3p5-n2-beta2__N0080__Aplus_0p0025,hm-a10-g1-L3p5-n2-beta2,80,-0.0025,11,0.48124999999999996,9.998376031455095,9.99961503882336
hm-a10-g1-L3p5-n2-beta2__N0080__Aminus_0p0025,hm-a10-g1-L3p5-n2-beta2__N0080__Aplus_0p0025,hm-a10-g1-L3p5-n2-beta2,80,-0.0025,12,0.5249999999999999,9.998530153039729,9.999651557087391
hm-a10-g1-L3p5-n2-beta2__N0080__Aminus_0p0025,hm-a10-g1-L3p5-n2-beta2__N0080__Aplus_0p0025,hm-a10-g1-L3p5-n2-beta2,80,-0.0025,13,0.56875,9.998693336118038,9.99969022178886
hm-a10-g1-L3p5-n2-beta2__N0080__Aminus_0p0025,hm-a10-g1-L3p5-n2-beta2__N0080__Aplus_0p0025,hm-a10-g1-L3p5-n2-beta2,80,-0.0025,14,0.6124999999999999,9.998864575232993,9.999730794591807
hm-a10-g1-L3p5-n2-beta2__N0080__Aminus_0p0025,hm-a10-g1-L3p5-n2-beta2__N0080__Aplus_0p0025,hm-a10-g1-L3p5-n2-beta2,80,-0.0025,15,0.65625,9.99904281521159,9.999773025392747
hm-a10-g1-L3p5-n2-beta2__N0080__Aminus_0p0025,hm-a10-g1-L3p5-n2-beta2__N0080__Aplus_0p0025,hm-a10-g1-L3p5-n2-beta2,80,-0.0025,16,0.7,9.999226957656218,9.999816653861611
hm-a10-g1-L3p5-n2-beta2__N0080__Aminus_0p0025,hm-a10-g1-L3p5-n2-beta2__N0080__Aplus_0p0025,hm-a10-g1-L3p5-n2-beta2,80,-0.0025,17,0.7437499999999999,9.999415867704068,9.99986141104587
hm-a10-g1-L3p5-n2-beta2__N0080__Aminus_0p0025,hm-a10-g1-L3p5-n2-beta2__N0080__Aplus_0p0025,hm-a10-g1-L3p5-n2-beta2,80,-0.0025,18,0.7875,9.999608381013184,9.999907021027932
hm-a10-g1-L3p5-n2-beta2__N0080__Aminus_0p0025,hm-a10-g1-L3p5-n2-beta2__N0080__Aplus_0p0025,hm-a10-g1-L3p5-n2-beta2,80,-0.0025,19,0.8312499999999999,9.999803310932363,9.99995320262565
hm-a10-g1-L3p5-n2-beta2__N0080__Aminus_0p0025,hm-a10-g1-L3p5-n2-beta2__N0080__Aplus_0p0025,hm-a10-g1-L3p5-n2-beta2,80,-0.0025,20,0.875,9.99999945581091,9.999999671125437
hm-a10-g1-L3p5-n2-beta2__N0080__Aminus_0p0025,hm-a10-g1-L3p5-n2-beta2__N0080__Aplus_0p0025,hm-a10-g1-L3p5-n2-beta2,80,-0.0025,21,0.91875,10.000195606403347,10.000046140037348
hm-a10-g1-L3p5-n2-beta2__N0080__Aminus_0p0025,hm-a10-g1-L3p5-n2-beta2__N0080__Aplus_0p0025,hm-a10-g1-L3p5-n2-beta2,80,-0.0025,22,0.9624999999999999,10.000390553323498,10.000092322861294
hm-a10-g1-L3p5-n2-beta2__N0080__Aminus_0p0025,hm-a10-g1-L3p5-n2-beta2__N0080__Aplus_0p0025,hm-a10-g1-L3p5-n2-beta2,80,-0.0025,23,1.0062499999999999,10.000583094502051,10.000137934853495
hm-a10-g1-L3p5-n2-beta2__N0080__Aminus_0p0025,hm-a10-g1-L3p5-n2-beta2__N0080__Aplus_0p0025,hm-a10-g1-L3p5-n2-beta2,80,-0.0025,24,1.0499999999999998,10.000772042601564,10.000182694782307
hm-a10-g1-L3p5-n2-beta2__N0080__Aminus_0p0025,hm-a10-g1-L3p5-n2-beta2__N0080__Aplus_0p0025,hm-a10-g1-L3p5-n2-beta2,80,-0.0025,25,1.09375,10.000956232343121,10.000226326662558
hm-a10-g1-L3p5-n2-beta2__N0080__Aminus_0p0025,hm-a10-g1-L3p5-n2-beta2__N0080__Aplus_0p0025,hm-a10-g1-L3p5-n2-beta2,80,-0.0025,26,1.1375,10.001134527699307,10.00026856145772
hm-a10-g1-L3p5-n2-beta2__N0080__Aminus_0p0025,hm-a10-g1-L3p5-n2-beta2__N0080__Aplus_0p0025,hm-a10-g1-L3p5-n2-beta2,80,-0.0025,27,1.18125,10.001305828908933,10.00030913873937
hm-a10-g1-L3p5-n2-beta2__N0080__Aminus_0p0025,hm-a10-g1-L3p5-n2-beta2__N0080__Aplus_0p0025,hm-a10-g1-L3p5-n2-beta2,80,-0.0025,28,1.2249999999999999,10.001469079270013,10.000347808293744
hm-a10-g1-L3p5-n2-beta2__N0080__Aminus_0p0025,hm-a10-g1-L3p5-n2-beta2__N0080__Aplus_0p0025,hm-a10-g1-L3p5-n2-beta2,80,-0.0025,29,1.2687499999999998,10.001623271668798,10.000384331665394
hm-a10-g1-L3p5-n2-beta2__N0080__Aminus_0p0025,hm-a10-g1-L3p5-n2-beta2__N0080__Aplus_0p0025,hm-a10-g1-L3p5-n2-beta2,80,-0.0025,30,1.3125,10.00176745480425,10.000418483628442
hm-a10-g1-L3p5-n2-beta2__N0080__Aminus_0p0025,hm-a10-g1-L3p5-n2-beta2__N0080__Aplus_0p0025,hm-a10-g1-L3p5-n2-beta2,80,-0.0025,31,1.35625,10.001900739069237,10.00045005357635
hm-a10-g1-L3p5-n2-beta2__N0080__Aminus_0p0025,hm-a10-g1-L3p5-n2-beta2__N0080__Aplus_0p0025,hm-a10-g1-L3p5-n2-beta2,80,-0.0025,32,1.4,10.002022302051751,10.000478846821556
hm-a10-g1-L3p5-n2-beta2__N0080__Aminus_0p0025,hm-a10-g1-L3p5-n2-beta2__N0080__Aplus_0p0025,hm-a10-g1-L3p5-n2-beta2,80,-0.0025,33,1.4437499999999999,10.002131393621868,10.000504685796987
hm-a10-g1-L3p5-n2-beta2__N0080__Aminus_0p0025,hm-a10-g1-L3p5-n2-beta2__N0080__Aplus_0p0025,hm-a10-g1-L3p5-n2-beta2,80,-0.0025,34,1.4874999999999998,10.002227340572642,10.000527411151973
hm-a10-g1-L3p5-n2-beta2__N0080__Aminus_0p0025,hm-a10-g1-L3p5-n2-beta2__N0080__Aplus_0p0025,hm-a10-g1-L3p5-n2-beta2,80,-0.0025,35,1.53125,10.002309550785954,10.000546882735803
hm-a10-g1-L3p5-n2-beta2__N0080__Aminus_0p0025,hm-a10-g1-L3p5-n2-beta2__N0080__Aplus_0p0025,hm-a10-g1-L3p5-n2-beta2,80,-0.0025,36,1.575,10.002377516897244,10.000562980462819
hm-a10-g1-L3p5-n2-beta2__N0080__Aminus_0p0025,hm-a10-g1-L3p5-n2-beta2__N0080__Aplus_0p0025,hm-a10-g1-L3p5-n2-beta2,80,-0.0025,37,1.61875,10.002430819436164,10.00057560505369
hm-a10-g1-L3p5-n2-beta2__N0080__Aminus_0p0025,hm-a10-g1-L3p5-n2-beta2__N0080__Aplus_0p0025,hm-a10-g1-L3p5-n2-beta2,80,-0.0025,38,1.6624999999999999,10.002469129423519,10.000584678648284
hm-a10-g1-L3p5-n2-beta2__N0080__Aminus_0p0025,hm-a10-g1-L3p5-n2-beta2__N0080__Aplus_0p0025,hm-a10-g1-L3p5-n2-beta2,80,-0.0025,39,1.7062499999999998,10.002492210408187,10.000590145286315
hm-a10-g1-L3p5-n2-beta2__N0080__Aminus_0p0025,hm-a10-g1-L3p5-n2-beta2__N0080__Aplus_0p0025,hm-a10-g1-L3p5-n2-beta2,80,-0.0025,40,1.75,10.002499919931253,10.000591971252824
hm-a10-g1-L3p5-n2-beta2__N0080__Aminus_0p0025,hm-a10-g1-L3p5-n2-beta2__N0080__Aplus_0p0025,hm-a10-g1-L3p5-n2-beta2,80,-0.0025,41,1.79375,10.00249221040819,10.000590145286317
hm-a10-g1-L3p5-n2-beta2__N0080__Aminus_0p0025,hm-a10-g1-L3p5-n2-beta2__N0080__Aplus_0p0025,hm-a10-g1-L3p5-n2-beta2,80,-0.0025,42,1.8375,10.002469129423526,10.00058467864829
hm-a10-g1-L3p5-n2-beta2__N0080__Aminus_0p0025,hm-a10-g1-L3p5-n2-beta2__N0080__Aplus_0p0025,hm-a10-g1-L3p5-n2-beta2,80,-0.0025,43,1.8812499999999999,10.002430819436173,10.000575605053703
hm-a10-g1-L3p5-n2-beta2__N0080__Aminus_0p0025,hm-a10-g1-L3p5-n2-beta2__N0080__Aplus_0p0025,hm-a10-g1-L3p5-n2-beta2,80,-0.0025,44,1.9249999999999998,10.002377516897257,10.000562980462837
hm-a10-g1-L3p5-n2-beta2__N0080__Aminus_0p0025,hm-a10-g1-L3p5-n2-beta2__N0080__Aplus_0p0025,hm-a10-g1-L3p5-n2-beta2,80,-0.0025,45,1.9687499999999998,10.00230955078597,10.000546882735826
hm-a10-g1-L3p5-n2-beta2__N0080__Aminus_0p0025,hm-a10-g1-L3p5-n2-beta2__N0080__Aplus_0p0025,hm-a10-g1-L3p5-n2-beta2,80,-0.0025,46,2.0124999999999997,10.002227340572661,10.000527411151998
hm-a10-g1-L3p5-n2-beta2__N0080__Aminus_0p0025,hm-a10-g1-L3p5-n2-beta2__N0080__Aplus_0p0025,hm-a10-g1-L3p5-n2-beta2,80,-0.0025,47,2.05625,10.002131393621893,10.000504685797013
hm-a10-g1-L3p5-n2-beta2__N0080__Aminus_0p0025,hm-a10-g1-L3p5-n2-beta2__N0080__Aplus_0p0025,hm-a10-g1-L3p5-n2-beta2,80,-0.0025,48,2.0999999999999996,10.002022302051781,10.000478846821583
hm-a10-g1-L3p5-n2-beta2__N0080__Aminus_0p0025,hm-a10-g1-L3p5-n2-beta2__N0080__Aplus_0p0025,hm-a10-g1-L3p5-n2-beta2,80,-0.0025,49,2.14375,10.00190073906927,10.000450053576376
hm-a10-g1-L3p5-n2-beta2__N0080__Aminus_0p0025,hm-a10-g1-L3p5-n2-beta2__N0080__Aplus_0p0025,hm-a10-g1-L3p5-n2-beta2,80,-0.0025,50,2.1875,10.001767454804291,10.000418483628469
hm-a10-g1-L3p5-n2-beta2__N0080__Aminus_0p0025,hm-a10-g1-L3p5-n2-beta2__N0080__Aplus_0p0025,hm-a10-g1-L3p5-n2-beta2,80,-0.0025,51,2.2312499999999997,10.001623271668844,10.000384331665419
hm-a10-g1-L3p5-n2-beta2__N0080__Aminus_0p0025,hm-a10-g1-L3p5-n2-beta2__N0080__Aplus_0p0025,hm-a10-g1-L3p5-n2-beta2,80,-0.0025,52,2.275,10.001469079270066,10.000347808293771
hm-a10-g1-L3p5-n2-beta2__N0080__Aminus_0p0025,hm-a10-g1-L3p5-n2-beta2__N0080__Aplus_0p0025,hm-a10-g1-L3p5-n2-beta2,80,-0.0025,53,2.3187499999999996,10.001305828908992,10.000309138739397
hm-a10-g1-L3p5-n2-beta2__N0080__Aminus_0p0025,hm-a10-g1-L3p5-n2-beta2__N0080__Aplus_0p0025,hm-a10-g1-L3p5-n2-beta2,80,-0.0025,54,2.3625,10.001134527699373,10.000268561457743
hm-a10-g1-L3p5-n2-beta2__N0080__Aminus_0p0025,hm-a10-g1-L3p5-n2-beta2__N0080__Aplus_0p0025,hm-a10-g1-L3p5-n2-beta2,80,-0.0025,55,2.40625,10.000956232343194,10.00022632666258
hm-a10-g1-L3p5-n2-beta2__N0080__Aminus_0p0025,hm-a10-g1-L3p5-n2-beta2__N0080__Aplus_0p0025,hm-a10-g1-L3p5-n2-beta2,80,-0.0025,56,2.4499999999999997,10.00077204260164,10.000182694782326
hm-a10-g1-L3p5-n2-beta2__N0080__Aminus_0p0025,hm-a10-g1-L3p5-n2-beta2__N0080__Aplus_0p0025,hm-a10-g1-L3p5-n2-beta2,80,-0.0025,57,2.49375,10.000583094502135,10.000137934853512
hm-a10-g1-L3p5-n2-beta2__N0080__Aminus_0p0025,hm-a10-g1-L3p5-n2-beta2__N0080__Aplus_0p0025,hm-a10-g1-L3p5-n2-beta2,80,-0.0025,58,2.5374999999999996,10.000390553323587,10.00009232286131
hm-a10-g1-L3p5-n2-beta2__N0080__Aminus_0p0025,hm-a10-g1-L3p5-n2-beta2__N0080__Aplus_0p0025,hm-a10-g1-L3p5-n2-beta2,80,-0.0025,59,2.58125,10.00019560640344,10.000046140037364
hm-a10-g1-L3p5-n2-beta2__N0080__Aminus_0p0025,hm-a10-g1-L3p5-n2-beta2__N0080__Aplus_0p0025,hm-a10-g1-L3p5-n2-beta2,80,-0.0025,60,2.625,9.999999455811006,9.999999671125451
hm-a10-g1-L3p5-n2-beta2__N0080__Aminus_0p0025,hm-a10-g1-L3p5-n2-beta2__N0080__Aplus_0p0025,hm-a10-g1-L3p5-n2-beta2,80,-0.0025,61,2.6687499999999997,9.999803310932462,9.999953202625665
hm-a10-g1-L3p5-n2-beta2__N0080__Aminus_0p0025,hm-a10-g1-L3p5-n2-beta2__N0080__Aplus_0p0025,hm-a10-g1-L3p5-n2-beta2,80,-0.0025,62,2.7125,9.999608381013285,9.99990702102795
hm-a10-g1-L3p5-n2-beta2__N0080__Aminus_0p0025,hm-a10-g1-L3p5-n2-beta2__N0080__Aplus_0p0025,hm-a10-g1-L3p5-n2-beta2,80,-0.0025,63,2.7562499999999996,9.999415867704169,9.999861411045888
hm-a10-g1-L3p5-n2-beta2__N0080__Aminus_0p0025,hm-a10-g1-L3p5-n2-beta2__N0080__Aplus_0p0025,hm-a10-g1-L3p5-n2-beta2,80,-0.0025,64,2.8,9.999226957656319,9.99981665386163
hm-a10-g1-L3p5-n2-beta2__N0080__Aminus_0p0025,hm-a10-g1-L3p5-n2-beta2__N0080__Aplus_0p0025,hm-a10-g1-L3p5-n2-beta2,80,-0.0025,65,2.84375,9.99904281521169,9.999773025392766
hm-a10-g1-L3p5-n2-beta2__N0080__Aminus_0p0025,hm-a10-g1-L3p5-n2-beta2__N0080__Aplus_0p0025,hm-a10-g1-L3p5-n2-beta2,80,-0.0025,66,2.8874999999999997,9.998864575233092,9.999730794591828
hm-a10-g1-L3p5-n2-beta2__N0080__Aminus_0p0025,hm-a10-g1-L3p5-n2-beta2__N0080__Aplus_0p0025,hm-a10-g1-L3p5-n2-beta2,80,-0.0025,67,2.93125,9.998693336118135,9.999690221788882
hm-a10-g1-L3p5-n2-beta2__N0080__Aminus_0p0025,hm-a10-g1-L3p5-n2-beta2__N0080__Aplus_0p0025,hm-a10-g1-L3p5-n2-beta2,80,-0.0025,68,2.9749999999999996,9.998530153039823,9.999651557087414
hm-a10-g1-L3p5-n2-beta2__N0080__Aminus_0p0025,hm-a10-g1-L3p5-n2-beta2__N0080__Aplus_0p0025,hm-a10-g1-L3p5-n2-beta2,80,-0.0025,69,3.01875,9.998376031455185,9.999615038823384
hm-a10-g1-L3p5-n2-beta2__N0080__Aminus_0p0025,hm-a10-g1-L3p5-n2-beta2__N0080__Aplus_0p0025,hm-a10-g1-L3p5-n2-beta2,80,-0.0025,70,3.0625,9.998231920921578,9.999580892096894
hm-a10-g1-L3p5-n2-beta2__N0080__Aminus_0p0025,hm-a10-g1-L3p5-n2-beta2__N0080__Aplus_0p0025,hm-a10-g1-L3p5-n2-beta2,80,-0.0025,71,3.1062499999999997,9.998098709258437,9.999549327385544
hm-a10-g1-L3p5-n2-beta2__N0080__Aminus_0p0025,hm-a10-g1-L3p5-n2-beta2__N0080__Aplus_0p0025,hm-a10-g1-L3p5-n2-beta2,80,-0.0025,72,3.15,9.99797721709007,9.999520539247955
hm-a10-g1-L3p5-n2-beta2__N0080__Aminus_0p0025,hm-a10-g1-L3p5-n2-beta2__N0080__Aplus_0p0025,hm-a10-g1-L3p5-n2-beta2,80,-0.0025,73,3.1937499999999996,9.997868192802722,9.999494705125434
hm-a10-g1-L3p5-n2-beta2__N0080__Aminus_0p0025,hm-a10-g1-L3p5-n2-beta2__N0080__Aplus_0p0025,hm-a10-g1-L3p5-n2-beta2,80,-0.0025,74,3.2375,9.997772307946613,9.999471984249157
hm-a10-g1-L3p5-n2-beta2__N0080__Aminus_0p0025,hm-a10-g1-L3p5-n2-beta2__N0080__Aplus_0p0025,hm-a10-g1-L3p5-n2-beta2,80,-0.0025,75,3.28125,9.997690153110888,9.999452516659552
hm-a10-g1-L3p5-n2-beta2__N0080__Aminus_0p0025,hm-a10-g1-L3p5-n2-beta2__N0080__Aplus_0p0025,hm-a10-g1-L3p5-n2-beta2,80,-0.0025,76,3.3249999999999997,9.997622234296525,9.999436422343926
hm-a10-g1-L3p5-n2-beta2__N0080__Aminus_0p0025,hm-a10-g1-L3p5-n2-beta2__N0080__Aplus_0p0025,hm-a10-g1-L3p5-n2-beta2,80,-0.0025,77,3.36875,9.997568969809267,9.99942380049761
hm-a10-g1-L3p5-n2-beta2__N0080__Aminus_0p0025,hm-a10-g1-L3p5-n2-beta2__N0080__Aplus_0p0025,hm-a10-g1-L3p5-n2-beta2,80,-0.0025,78,3.4124999999999996,9.997530687691349,9.999414728913159
hm-a10-g1-L3p5-n2-beta2__N0080__Aminus_0p0025,hm-a10-g1-L3p5-n2-beta2__N0080__Aplus_0p0025,hm-a10-g1-L3p5-n2-beta2,80,-0.0025,79,3.45625,9.997507623707655,9.999409263501358
hm-a10-g1-L3p5-n2-beta2__N0080__Aminus_0p0025,hm-a10-g1-L3p5-n2-beta2__N0080__Aplus_0p0025,hm-a10-g1-L3p5-n2-beta2,80,-0.0025,80,3.5,9.997499919898479,9.999407437946974
hm-a10-g1-L3p5-n2-beta2__N0080__Aplus_0p0025,hm-a10-g1-L3p5-n2-beta2__N0080__Aminus_0p0025,hm-a10-g1-L3p5-n2-beta2,80,0.0025,0,0.0,10.00249991993123,10.000591971252817
hm-a10-g1-L3p5-n2-beta2__N0080__Aplus_0p0025,hm-a10-g1-L3p5-n2-beta2__N0080__Aminus_0p0025,hm-a10-g1-L3p5-n2-beta2,80,0.0025,1,0.04375,10.002492210408164,10.000590145286308
hm-a10-g1-L3p5-n2-beta2__N0080__Aplus_0p0025,hm-a10-g1-L3p5-n2-beta2__N0080__Aminus_0p0025,hm-a10-g1-L3p5-n2-beta2,80,0.0025,2,0.0875,10.002469129423499,10.000584678648279
hm-a10-g1-L3p5-n2-beta2__N0080__Aplus_0p0025,hm-a10-g1-L3p5-n2-beta2__N0080__Aminus_0p0025,hm-a10-g1-L3p5-n2-beta2,80,0.0025,3,0.13124999999999998,10.002430819436144,10.000575605053688
hm-a10-g1-L3p5-n2-beta2__N0080__Aplus_0p0025,hm-a10-g1-L3p5-n2-beta2__N0080__Aminus_0p0025,hm-a10-g1-L3p5-n2-beta2,80,0.0025,4,0.175,10.002377516897226,10.000562980462819
hm-a10-g1-L3p5-n2-beta2__N0080__Aplus_0p0025,hm-a10-g1-L3p5-n2-beta2__N0080__Aminus_0p0025,hm-a10-g1-L3p5-n2-beta2,80,0.0025,5,0.21875,10.002309550785938,10.000546882735804
hm-a10-g1-L3p5-n2-beta2__N0080__Aplus_0p0025,hm-a10-g1-L3p5-n2-beta2__N0080__Aminus_0p0025,hm-a10-g1-L3p5-n2-beta2,80,0.0025,6,0.26249999999999996,10.002227340572624,10.000527411151976
hm-a10-g1-L3p5-n2-beta2__N0080__Aplus_0p0025,hm-a10-g1-L3p5-n2-beta2__N0080__Aminus_0p0025,hm-a10-g1-L3p5-n2-beta2,80,0.0025,7,0.30624999999999997,10.002131393621852,10.000504685796992
hm-a10-g1-L3p5-n2-beta2__N0080__Aplus_0p0025,hm-a10-g1-L3p5-n2-beta2__N0080__Aminus_0p0025,hm-a10-g1-L3p5-n2-beta2,80,0.0025,8,0.35,10.002022302051737,10.000478846821562
hm-a10-g1-L3p5-n2-beta2__N0080__Aplus_0p0025,hm-a10-g1-L3p5-n2-beta2__N0080__Aminus_0p0025,hm-a10-g1-L3p5-n2-beta2,80,0.0025,9,0.39375,10.001900739069223,10.000450053576357
hm-a10-g1-L3p5-n2-beta2__N0080__Aplus_0p0025,hm-a10-g1-L3p5-n2-beta2__N0080__Aminus_0p0025,hm-a10-g1-L3p5-n2-beta2,80,0.0025,10,0.4375,10.001767454804238,10.00041848362845
hm-a10-g1-L3p5-n2-beta2__N0080__Aplus_0p0025,hm-a10-g1-L3p5-n2-beta2__N0080__Aminus_0p0025,hm-a10-g1-L3p5-n2-beta2,80,0.0025,11,0.48124999999999996,10.001623271668787,10.000384331665405
hm-a10-g1-L3p5-n2-beta2__N0080__Aplus_0p0025,hm-a10-g1-L3p5-n2-beta2__N0080__Aminus_0p0025,hm-a10-g1-L3p5-n2-beta2,80,0.0025,12,0.5249999999999999,10.001469079270004,10.000347808293757
hm-a10-g1-L3p5-n2-beta2__N0080__Aplus_0p0025,hm-a10-g1-L3p5-n2-beta2__N0080__Aminus_0p0025,hm-a10-g1-L3p5-n2-beta2,80,0.0025,13,0.56875,10.001305828908926,10.000309138739382
hm-a10-g1-L3p5-n2-beta2__N0080__Aplus_0p0025,hm-a10-g1-L3p5-n2-beta2__N0080__Aminus_0p0025,hm-a10-g1-L3p5-n2-beta2,80,0.0025,14,0.6124999999999999,10.001134527699303,10.000268561457728
hm-a10-g1-L3p5-n2-beta2__N0080__Aplus_0p0025,hm-a10-g1-L3p5-n2-beta2__N0080__Aminus_0p0025,hm-a10-g1-L3p5-n2-beta2,80,0.0025,15,0.65625,10.00095623234312,10.000226326662567
hm-a10-g1-L3p5-n2-beta2__N0080__Aplus_0p0025,hm-a10-g1-L3p5-n2-beta2__N0080__Aminus_0p0025,hm-a10-g1-L3p5-n2-beta2,80,0.0025,16,0.7,10.000772042601564,10.000182694782312
hm-a10-g1-L3p5-n2-beta2__N0080__Aplus_0p0025,hm-a10-g1-L3p5-n2-beta2__N0080__Aminus_0p0025,hm-a10-g1-L3p5-n2-beta2,80,0.0025,17,0.7437499999999999,10.000583094502055,10.0001379348535
hm-a10-g1-L3p5-n2-beta2__N0080__Aplus_0p0025,hm-a10-g1-L3p5-n2-beta2__N0080__Aminus_0p0025,hm-a10-g1-L3p5-n2-beta2,80,0.0025,18,0.7875,10.000390553323504,10.000092322861299
hm-a10-g1-L3p5-n2-beta2__N0080__Aplus_0p0025,hm-a10-g1-L3p5-n2-beta2__N0080__Aminus_0p0025,hm-a10-g1-L3p5-n2-beta2,80,0.0025,19,0.8312499999999999,10.000195606403354,10.000046140037355
hm-a10-g1-L3p5-n2-beta2__N0080__Aplus_0p0025,hm-a10-g1-L3p5-n2-beta2__N0080__Aminus_0p0025,hm-a10-g1-L3p5-n2-beta2,80,0.0025,20,0.875,9.99999945581092,9.999999671125446
hm-a10-g1-L3p5-n2-beta2__N0080__Aplus_0p0025,hm-a10-g1-L3p5-n2-beta2__N0080__Aminus_0p0025,hm-a10-g1-L3p5-n2-beta2,80,0.0025,21,0.91875,9.999803310932375,9.99995320262566
hm-a10-g1-L3p5-n2-beta2__N0080__Aplus_0p0025,hm-a10-g1-L3p5-n2-beta2__N0080__Aminus_0p0025,hm-a10-g1-L3p5-n2-beta2,80,0.0025,22,0.9624999999999999,9.999608381013198,9.999907021027944
hm-a10-g1-L3p5-n2-beta2__N0080__Aplus_0p0025,hm-a10-g1-L3p5-n2-beta2__N0080__Aminus_0p0025,hm-a10-g1-L3p5-n2-beta2,80,0.0025,23,1.0062499999999999,9.999415867704085,9.999861411045883
hm-a10-g1-L3p5-n2-beta2__N0080__Aplus_0p0025,hm-a10-g1-L3p5-n2-beta2__N0080__Aminus_0p0025,hm-a10-g1-L3p5-n2-beta2,80,0.0025,24,1.0499999999999998,9.999226957656237,9.999816653861624
hm-a10-g1-L3p5-n2-beta2__N0080__Aplus_0p0025,hm-a10-g1-L3p5-n2-beta2__N0080__Aminus_0p0025,hm-a10-g1-L3p5-n2-beta2,80,0.0025,25,1.09375,9.999042815211611,9.999773025392756
hm-a10-g1-L3p5-n2-beta2__N0080__Aplus_0p0025,hm-a10-g1-L3p5-n2-beta2__N0080__Aminus_0p0025,hm-a10-g1-L3p5-n2-beta2,80,0.0025,26,1.1375,9.998864575233016,9.999730794591816
hm-a10-g1-L3p5-n2-beta2__N0080__Aplus_0p0025,hm-a10-g1-L3p5-n2-beta2__N0080__Aminus_0p0025,hm-a10-g1-L3p5-n2-beta2,80,0.0025,27,1.18125,9.998693336118063,9.999690221788867
hm-a10-g1-L3p5-n2-beta2__N0080__Aplus_0p0025,hm-a10-g1-L3p5-n2-beta2__N0080__Aminus_0p0025,hm-a10-g1-L3p5-n2-beta2,80,0.0025,28,1.2249999999999999,9.998530153039757,9.999651557087399
hm-a10-g1-L3p5-n2-beta2__N0080__Aplus_0p0025,hm-a10-g1-L3p5-n2-beta2__N0080__Aminus_0p0025,hm-a10-g1-L3p5-n2-beta2,80,0.0025,29,1.2687499999999998,9.998376031455123,9.999615038823366
hm-a10-g1-L3p5-n2-beta2__N0080__Aplus_0p0025,hm-a10-g1-L3p5-n2-beta2__N0080__Aminus_0p0025,hm-a10-g1-L3p5-n2-beta2,80,0.0025,30,1.3125,9.998231920921521,9.999580892096875
hm-a10-g1-L3p5-n2-beta2__N0080__Aplus_0p0025,hm-a10-g1-L3p5-n2-beta2__N0080__Aminus_0p0025,hm-a10-g1-L3p5-n2-beta2,80,0.0025,31,1.35625,9.998098709258386,9.999549327385523
hm-a10-g1-L3p5-n2-beta2__N0080__Aplus_0p0025,hm-a10-g1-L3p5-n2-beta2__N0080__Aminus_0p0025,hm-a10-g1-L3p5-n2-beta2,80,0.0025,32,1.4,9.997977217090023,9.999520539247932
hm-a10-g1-L3p5-n2-beta2__N0080__Aplus_0p0025,hm-a10-g1-L3p5-n2-beta2__N0080__Aminus_0p0025,hm-a10-g1-L3p5-n2-beta2,80,0.0025,33,1.4437499999999999,9.99786819280268,9.99949470512541
hm-a10-g1-L3p5-n2-beta2__N0080__Aplus_0p0025,hm-a10-g1-L3p5-n2-beta2__N0080__Aminus_0p0025,hm-a10-g1-L3p5-n2-beta2,80,0.0025,34,1.4874999999999998,9.997772307946578,9.999471984249132
hm-a10-g1-L3p5-n2-beta2__N0080__Aplus_0p0025,hm-a10-g1-L3p5-n2-beta2__N0080__Aminus_0p0025,hm-a10-g1-L3p5-n2-beta2,80,0.0025,35,1.53125,9.997690153110854,9.999452516659527
hm-a10-g1-L3p5-n2-beta2__N0080__Aplus_0p0025,hm-a10-g1-L3p5-n2-beta2__N0080__Aminus_0p0025,hm-a10-g1-L3p5-n2-beta2,80,0.0025,36,1.575,9.997622234296497,9.999436422343901
hm-a10-g1-L3p5-n2-beta2__N0080__Aplus_0p0025,hm-a10-g1-L3p5-n2-beta2__N0080__Aminus_0p0025,hm-a10-g1-L3p5-n2-beta2,80,0.0025,37,1.61875,9.99756896980924,9.999423800497587
hm-a10-g1-L3p5-n2-beta2__N0080__Aplus_0p0025,hm-a10-g1-L3p5-n2-beta2__N0080__Aminus_0p0025,hm-a10-g1-L3p5-n2-beta2,80,0.0025,38,1.6624999999999999,9.997530687691324,9.999414728913134
hm-a10-g1-L3p5-n2-beta2__N0080__Aplus_0p0025,hm-a10-g1-L3p5-n2-beta2__N0080__Aminus_0p0025,hm-a10-g1-L3p5-n2-beta2,80,0.0025,39,1.7062499999999998,9.997507623707632,9.999409263501333
hm-a10-g1-L3p5-n2-beta2__N0080__Aplus_0p0025,hm-a10-g1-L3p5-n2-beta2__N0080__Aminus_0p0025,hm-a10-g1-L3p5-n2-beta2,80,0.0025,40,1.75,9.997499919898457,9.99940743794695
hm-a10-g1-L3p5-n2-beta2__N0080__Aplus_0p0025,hm-a10-g1-L3p5-n2-beta2__N0080__Aminus_0p0025,hm-a10-g1-L3p5-n2-beta2,80,0.0025,41,1.79375,9.997507623707635,9.999409263501335
hm-a10-g1-L3p5-n2-beta2__N0080__Aplus_0p0025,hm-a10-g1-L3p5-n2-beta2__N0080__Aminus_0p0025,hm-a10-g1-L3p5-n2-beta2,80,0.0025,42,1.8375,9.997530687691329,9.999414728913138
hm-a10-g1-L3p5-n2-beta2__N0080__Aplus_0p0025,hm-a10-g1-L3p5-n2-beta2__N0080__Aminus_0p0025,hm-a10-g1-L3p5-n2-beta2,80,0.0025,43,1.8812499999999999,9.997568969809247,9.999423800497595
hm-a10-g1-L3p5-n2-beta2__N0080__Aplus_0p0025,hm-a10-g1-L3p5-n2-beta2__N0080__Aminus_0p0025,hm-a10-g1-L3p5-n2-beta2,80,0.0025,44,1.9249999999999998,9.997622234296506,9.999436422343917
hm-a10-g1-L3p5-n2-beta2__N0080__Aplus_0p0025,hm-a10-g1-L3p5-n2-beta2__N0080__Aminus_0p0025,hm-a10-g1-L3p5-n2-beta2,80,0.0025,45,1.9687499999999998,9.997690153110867,9.999452516659547
hm-a10-g1-L3p5-n2-beta2__N0080__Aplus_0p0025,hm-a10-g1-L3p5-n2-beta2__N0080__Aminus_0p0025,hm-a10-g1-L3p5-n2-beta2,80,0.0025,46,2.0124999999999997,9.997772307946594,9.999471984249155
hm-a10-g1-L3p5-n2-beta2__N0080__Aplus_0p0025,hm-a10-g1-L3p5-n2-beta2__N0080__Aminus_0p0025,hm-a10-g1-L3p5-n2-beta2,80,0.0025,47,2.05625,9.9978681928027,9.999494705125436
hm-a10-g1-L3p5-n2-beta2__N0080__Aplus_0p0025,hm-a10-g1-L3p5-n2-beta2__N0080__Aminus_0p0025,hm-a10-g1-L3p5-n2-beta2,80,0.0025,48,2.0999999999999996,9.997977217090046,9.999520539247959
hm-a10-g1-L3p5-n2-beta2__N0080__Aplus_0p0025,hm-a10-g1-L3p5-n2-beta2__N0080__Aminus_0p0025,hm-a10-g1-L3p5-n2-beta2,80,0.0025,49,2.14375,9.998098709258414,9.999549327385552
hm-a10-g1-L3p5-n2-beta2__N0080__Aplus_0p0025,hm-a10-g1-L3p5-n2-beta2__N0080__Aminus_0p0025,hm-a10-g1-L3p5-n2-beta2,80,0.0025,50,2.1875,9.998231920921556,9.999580892096903
hm-a10-g1-L3p5-n2-beta2__N0080__Aplus_0p0025,hm-a10-g1-L3p5-n2-beta2__N0080__Aminus_0p0025,hm-a10-g1-L3p5-n2-beta2,80,0.0025,51,2.2312499999999997,9.998376031455164,9.999615038823395
hm-a10-g1-L3p5-n2-beta2__N0080__Aplus_0p0025,hm-a10-g1-L3p5-n2-beta2__N0080__Aminus_0p0025,hm-a10-g1-L3p5-n2-beta2,80,0.0025,52,2.275,9.998530153039802,9.999651557087429
hm-a10-g1-L3p5-n2-beta2__N0080__Aplus_0p0025,hm-a10-g1-L3p5-n2-beta2__N0080__Aminus_0p0025,hm-a10-g1-L3p5-n2-beta2,80,0.0025,53,2.3187499999999996,9.998693336118114,9.999690221788896
hm-a10-g1-L3p5-n2-beta2__N0080__Aplus_0p0025,hm-a10-g1-L3p5-n2-beta2__N0080__Aminus_0p0025,hm-a10-g1-L3p5-n2-beta2,80,0.0025,54,2.3625,9.998864575233075,9.999730794591844
hm-a10-g1-L3p5-n2-beta2__N0080__Aplus_0p0025,hm-a10-g1-L3p5-n2-beta2__N0080__Aminus_0p0025,hm-a10-g1-L3p5-n2-beta2,80,0.0025,55,2.40625,9.999042815211675,9.999773025392782
hm-a10-g1-L3p5-n2-beta2__N0080__Aplus_0p0025,hm-a10-g1-L3p5-n2-beta2__N0080__Aminus_0p0025,hm-a10-g1-L3p5-n2-beta2,80,0.0025,56,2.4499999999999997,9.999226957656306,9.999816653861647
hm-a10-g1-L3p5-n2-beta2__N0080__Aplus_0p0025,hm-a10-g1-L3p5-n2-beta2__N0080__Aminus_0p0025,hm-a10-g1-L3p5-n2-beta2,80,0.0025,57,2.49375,9.99941586770416,9.999861411045904
hm-a10-g1-L3p5-n2-beta2__N0080__Aplus_0p0025,hm-a10-g1-L3p5-n2-beta2__N0080__Aminus_0p0025,hm-a10-g1-L3p5-n2-beta2,80,0.0025,58,2.5374999999999996,9.999608381013278,9.999907021027964
hm-a10-g1-L3p5-n2-beta2__N0080__Aplus_0p0025,hm-a10-g1-L3p5-n2-beta2__N0080__Aminus_0p0025,hm-a10-g1-L3p5-n2-beta2,80,0.0025,59,2.58125,9.999803310932458,9.999953202625678
hm-a10-g1-L3p5-n2-beta2__N0080__Aplus_0p0025,hm-a10-g1-L3p5-n2-beta2__N0080__Aminus_0p0025,hm-a10-g1-L3p5-n2-beta2,80,0.0025,60,2.625,9.999999455811007,9.999999671125462
hm-a10-g1-L3p5-n2-beta2__N0080__Aplus_0p0025,hm-a10-g1-L3p5-n2-beta2__N0080__Aminus_0p0025,hm-a10-g1-L3p5-n2-beta2,80,0.0025,61,2.6687499999999997,10.000195606403445,10.000046140037371
hm-a10-g1-L3p5-n2-beta2__N0080__Aplus_0p0025,hm-a10-g1-L3p5-n2-beta2__N0080__Aminus_0p0025,hm-a10-g1-L3p5-n2-beta2,80,0.0025,62,2.7125,10.000390553323596,10.000092322861317
hm-a10-g1-L3p5-n2-beta2__N0080__Aplus_0p0025,hm-a10-g1-L3p5-n2-beta2__N0080__Aminus_0p0025,hm-a10-g1-L3p5-n2-beta2,80,0.0025,63,2.7562499999999996,10.000583094502147,10.00013793485352
hm-a10-g1-L3p5-n2-beta2__N0080__Aplus_0p0025,hm-a10-g1-L3p5-n2-beta2__N0080__Aminus_0p0025,hm-a10-g1-L3p5-n2-beta2,80,0.0025,64,2.8,10.000772042601659,10.000182694782334
hm-a10-g1-L3p5-n2-beta2__N0080__Aplus_0p0025,hm-a10-g1-L3p5-n2-beta2__N0080__Aminus_0p0025,hm-a10-g1-L3p5-n2-beta2,80,0.0025,65,2.84375,10.000956232343214,10.000226326662586
hm-a10-g1-L3p5-n2-beta2__N0080__Aplus_0p0025,hm-a10-g1-L3p5-n2-beta2__N0080__Aminus_0p0025,hm-a10-g1-L3p5-n2-beta2,80,0.0025,66,2.8874999999999997,10.001134527699396,10.00026856145775
hm-a10-g1-L3p5-n2-beta2__N0080__Aplus_0p0025,hm-a10-g1-L3p5-n2-beta2__N0080__Aminus_0p0025,hm-a10-g1-L3p5-n2-beta2,80,0.0025,67,2.93125,10.001305828909016,10.000309138739402
hm-a10-g1-L3p5-n2-beta2__N0080__Aplus_0p0025,hm-a10-g1-L3p5-n2-beta2__N0080__Aminus_0p0025,hm-a10-g1-L3p5-n2-beta2,80,0.0025,68,2.9749999999999996,10.001469079270093,10.000347808293778
hm-a10-g1-L3p5-n2-beta2__N0080__Aplus_0p0025,hm-a10-g1-L3p5-n2-beta2__N0080__Aminus_0p0025,hm-a10-g1-L3p5-n2-beta2,80,0.0025,69,3.01875,10.001623271668873,10.000384331665428
hm-a10-g1-L3p5-n2-beta2__N0080__Aplus_0p0025,hm-a10-g1-L3p5-n2-beta2__N0080__Aminus_0p0025,hm-a10-g1-L3p5-n2-beta2,80,0.0025,70,3.0625,10.00176745480432,10.00041848362848
hm-a10-g1-L3p5-n2-beta2__N0080__Aplus_0p0025,hm-a10-g1-L3p5-n2-beta2__N0080__Aminus_0p0025,hm-a10-g1-L3p5-n2-beta2,80,0.0025,71,3.1062499999999997,10.0019007390693,10.00045005357639
hm-a10-g1-L3p5-n2-beta2__N0080__Aplus_0p0025,hm-a10-g1-L3p5-n2-beta2__N0080__Aminus_0p0025,hm-a10-g1-L3p5-n2-beta2,80,0.0025,72,3.15,10.002022302051811,10.000478846821599
hm-a10-g1-L3p5-n2-beta2__N0080__Aplus_0p0025,hm-a10-g1-L3p5-n2-beta2__N0080__Aminus_0p0025,hm-a10-g1-L3p5-n2-beta2,80,0.0025,73,3.1937499999999996,10.002131393621923,10.000504685797031
hm-a10-g1-L3p5-n2-beta2__N0080__Aplus_0p0025,hm-a10-g1-L3p5-n2-beta2__N0080__Aminus_0p0025,hm-a10-g1-L3p5-n2-beta2,80,0.0025,74,3.2375,10.002227340572691,10.000527411152019
hm-a10-g1-L3p5-n2-beta2__N0080__Aplus_0p0025,hm-a10-g1-L3p5-n2-beta2__N0080__Aminus_0p0025,hm-a10-g1-L3p5-n2-beta2,80,0.0025,75,3.28125,10.002309550786,10.000546882735849
hm-a10-g1-L3p5-n2-beta2__N0080__Aplus_0p0025,hm-a10-g1-L3p5-n2-beta2__N0080__Aminus_0p0025,hm-a10-g1-L3p5-n2-beta2,80,0.0025,76,3.3249999999999997,10.002377516897285,10.000562980462863
hm-a10-g1-L3p5-n2-beta2__N0080__Aplus_0p0025,hm-a10-g1-L3p5-n2-beta2__N0080__Aminus_0p0025,hm-a10-g1-L3p5-n2-beta2,80,0.0025,77,3.36875,10.002430819436203,10.000575605053733
hm-a10-g1-L3p5-n2-beta2__N0080__Aplus_0p0025,hm-a10-g1-L3p5-n2-beta2__N0080__Aminus_0p0025,hm-a10-g1-L3p5-n2-beta2,80,0.0025,78,3.4124999999999996,10.002469129423554,10.000584678648325
hm-a10-g1-L3p5-n2-beta2__N0080__Aplus_0p0025,hm-a10-g1-L3p5-n2-beta2__N0080__Aminus_0p0025,hm-a10-g1-L3p5-n2-beta2,80,0.0025,79,3.45625,10.002492210408219,10.000590145286354
hm-a10-g1-L3p5-n2-beta2__N0080__Aplus_0p0025,hm-a10-g1-L3p5-n2-beta2__N0080__Aminus_0p0025,hm-a10-g1-L3p5-n2-beta2,80,0.0025,80,3.5,10.002499919931285,10.000591971252865
hm-a10-g1-L3p5-n2-beta2__N0080__Aplus_0p005,hm-a10-g1-L3p5-n2-beta2__N0080__Aminus_0p005,hm-a10-g1-L3p5-n2-beta2,80,0.005,0,0.0,10.004999679789362,10.001183351708065
hm-a10-g1-L3p5-n2-beta2__N0080__Aplus_0p005,hm-a10-g1-L3p5-n2-beta2__N0080__Aminus_0p005,hm-a10-g1-L3p5-n2-beta2,80,0.005,1,0.04375,10.004984255026622,10.00117969936283
hm-a10-g1-L3p5-n2-beta2__N0080__Aplus_0p005,hm-a10-g1-L3p5-n2-beta2__N0080__Aminus_0p005,hm-a10-g1-L3p5-n2-beta2,80,0.005,2,0.0875,10.004938076048305,10.001168764860273
hm-a10-g1-L3p5-n2-beta2__N0080__Aplus_0p005,hm-a10-g1-L3p5-n2-beta2__N0080__Aminus_0p005,hm-a10-g1-L3p5-n2-beta2,80,0.005,3,0.13124999999999998,10.004861428191301,10.001150615660519
hm-a10-g1-L3p5-n2-beta2__N0080__Aplus_0p005,hm-a10-g1-L3p5-n2-beta2__N0080__Aminus_0p005,hm-a10-g1-L3p5-n2-beta2,80,0.005,4,0.175,10.004754785044804,10.001125363733655
hm-a10-g1-L3p5-n2-beta2__N0080__Aplus_0p005,hm-a10-g1-L3p5-n2-beta2__N0080__Aminus_0p005,hm-a10-g1-L3p5-n2-beta2,80,0.005,5,0.21875,10.004618805505103,10.001093164867564
hm-a10-g1-L3p5-n2-beta2__N0080__Aplus_0p005,hm-a10-g1-L3p5-n2-beta2__N0080__Aminus_0p005,hm-a10-g1-L3p5-n2-beta2,80,0.005,6,0.26249999999999996,10.00445432967861,10.00105421770494
hm-a10-g1-L3p5-n2-beta2__N0080__Aplus_0p005,hm-a10-g1-L3p5-n2-beta2__N0080__Aminus_0p005,hm-a10-g1-L3p5-n2-beta2,80,0.005,7,0.30624999999999997,10.004262373659266,10.001008762515491
hm-a10-g1-L3p5-n2-beta2__N0080__Aplus_0p005,hm-a10-g1-L3p5-n2-beta2__N0080__Aminus_0p005,hm-a10-g1-L3p5-n2-beta2,80,0.005,8,0.35,10.00404412321356,10.000957079710965
hm-a10-g1-L3p5-n2-beta2__N0080__Aplus_0p005,hm-a10-g1-L3p5-n2-beta2__N0080__Aminus_0p005,hm-a10-g1-L3p5-n2-beta2,80,0.005,9,0.39375,10.00380092641336,10.000899488112236
hm-a10-g1-L3p5-n2-beta2__N0080__Aplus_0p005,hm-a10-g1-L3p5-n2-beta2__N0080__Aminus_0p005,hm-a10-g1-L3p5-n2-beta2,80,0.005,10,0.4375,10.003534285263362,10.000836342979259
hm-a10-g1-L3p5-n2-beta2__N0080__Aplus_0p005,hm-a10-g1-L3p5-n2-beta2__N0080__Aminus_0p005,hm-a10-g1-L3p5-n2-beta2,80,0.005,11,0.48124999999999996,10.003245846376275,10.00076803381613
hm-a10-g1-L3p5-n2-beta2__N0080__Aplus_0p005,hm-a10-g1-L3p5-n2-beta2__N0080__Aminus_0p005,hm-a10-g1-L3p5-n2-beta2,80,0.005,12,0.5249999999999999,10.002937390754862,10.000694981964894
hm-a10-g1-L3p5-n2-beta2__N0080__Aplus_0p005,hm-a10-g1-L3p5-n2-beta2__N0080__Aminus_0p005,hm-a10-g1-L3p5-n2-beta2,80,0.005,13,0.56875,10.002610822745408,10.000617638003087
hm-a10-g1-L3p5-n2-beta2__N0080__Aplus_0p005,hm-a10-g1-L3p5-n2-beta2__N0080__Aminus_0p005,hm-a10-g1-L3p5-n2-beta2,80,0.005,14,0.6124999999999999,10.002268158232392,10.000536478961108
hm-a10-g1-L3p5-n2-beta2__N0080__Aplus_0p005,hm-a10-g1-L3p5-n2-beta2__N0080__Aminus_0p005,hm-a10-g1-L3p5-n2-beta2,80,0.005,15,0.65625,10.001911512148709,10.000452005376772
hm-a10-g1-L3p5-n2-beta2__N0080__Aplus_0p005,hm-a10-g1-L3p5-n2-beta2__N0080__Aminus_0p005,hm-a10-g1-L3p5-n2-beta2,80,0.005,16,0.7,10.001543085379966,10.000364738205256
hm-a10-g1-L3p5-n2-beta2__N0080__Aplus_0p005,hm-a10-g1-L3p5-n2-beta2__N0080__Aminus_0p005,hm-a10-g1-L3p5-n2-beta2,80,0.005,17,0.7437499999999999,10.00116515114498,10.000275215603603
hm-a10-g1-L3p5-n2-beta2__N0080__Aplus_0p005,hm-a10-g1-L3p5-n2-beta2__N0080__Aminus_0p005,hm-a10-g1-L3p5-n2-beta2,80,0.005,18,0.7875,10.000780040937672,10.000183989609704
hm-a10-g1-L3p5-n2-beta2__N0080__Aplus_0p005,hm-a10-g1-L3p5-n2-beta2__N0080__Aminus_0p005,hm-a10-g1-L3p5-n2-beta2,80,0.005,19,0.8312499999999999,10.0003901301181,10.000091622736312
hm-a10-g1-L3p5-n2-beta2__N0080__Aplus_0p005,hm-a10-g1-L3p5-n2-beta2__N0080__Aminus_0p005,hm-a10-g1-L3p5-n2-beta2,80,0.005,20,0.875,9.999997823242314,9.999998684501133
hm-a10-g1-L3p5-n2-beta2__N0080__Aplus_0p005,hm-a10-g1-L3p5-n2-beta2__N0080__Aminus_0p005,hm-a10-g1-L3p5-n2-beta2,80,0.005,21,0.91875,9.999605539222085,9.999905747914458
hm-a10-g1-L3p5-n2-beta2__N0080__Aplus_0p005,hm-a10-g1-L3p5-n2-beta2__N0080__Aminus_0p005,hm-a10-g1-L3p5-n2-beta2,80,0.005,22,0.9624999999999999,9.99921569640641,9.999813385945982
hm-a10-g1-L3p5-n2-beta2__N0080__Aplus_0p005,hm-a10-g1-L3p5-n2-beta2__N0080__Aminus_0p005,hm-a10-g1-L3p5-n2-beta2,80,0.005,23,1.0062499999999999,9.998830697676853,9.999722167992642
hm-a10-g1-L3p5-n2-beta2__N0080__Aplus_0p005,hm-a10-g1-L3p5-n2-beta2__N0080__Aminus_0p005,hm-a10-g1-L3p5-n2-beta2,80,0.005,24,1.0499999999999998,9.998452915648524,9.999632656369204
hm-a10-g1-L3p5-n2-beta2__N0080__Aplus_0p005,hm-a10-g1-L3p5-n2-beta2__N0080__Aminus_0p005,hm-a10-g1-L3p5-n2-beta2,80,0.005,25,1.09375,9.99808467806751,9.999545402843237
hm-a10-g1-L3p5-n2-beta2__N0080__Aplus_0p005,hm-a10-g1-L3p5-n2-beta2__N0080__Aminus_0p005,hm-a10-g1-L3p5-n2-beta2,80,0.005,26,1.1375,9.997728253494197,9.999460945235787
hm-a10-g1-L3p5-n2-beta2__N0080__Aplus_0p005,hm-a10-g1-L3p5-n2-beta2__N0080__Aminus_0p005,hm-a10-g1-L3p5-n2-beta2,80,0.005,27,1.18125,9.997385837359873,9.999379804108624
hm-a10-g1-L3p5-n2-beta2__N0080__Aplus_0p005,hm-a10-g1-L3p5-n2-beta2__N0080__Aminus_0p005,hm-a10-g1-L3p5-n2-beta2,80,0.005,28,1.2249999999999999,9.99705953848153,9.999302479558443
hm-a10-g1-L3p5-n2-beta2__N0080__Aplus_0p005,hm-a10-g1-L3p5-n2-beta2__N0080__Aminus_0p005,hm-a10-g1-L3p5-n2-beta2,80,0.005,29,1.2687499999999998,9.996751366116742,9.999229448137667
hm-a10-g1-L3p5-n2-beta2__N0080__Aplus_0p005,hm-a10-g1-L3p5-n2-beta2__N0080__Aminus_0p005,hm-a10-g1-L3p5-n2-beta2,80,0.005,30,1.3125,9.996463217637075,9.99916115992076
hm-a10-g1-L3p5-n2-beta2__N0080__Aplus_0p005,hm-a10-g1-L3p5-n2-beta2__N0080__Aminus_0p005,hm-a10-g1-L3p5-n2-beta2,80,0.005,31,1.35625,9.996196866894499,9.999098035734006
hm-a10-g1-L3p5-n2-beta2__N0080__Aplus_0p005,hm-a10-g1-L3p5-n2-beta2__N0080__Aminus_0p005,hm-a10-g1-L3p5-n2-beta2,80,0.005,32,1.4,9.995953953350929,9.999040464565736
hm-a10-g1-L3p5-n2-beta2__N0080__Aplus_0p005,hm-a10-g1-L3p5-n2-beta2__N0080__Aminus_0p005,hm-a10-g1-L3p5-n2-beta2,80,0.005,33,1.4437499999999999,9.995735972036343,9.998988801172837
hm-a10-g1-L3p5-n2-beta2__N0080__Aplus_0p005,hm-a10-g1-L3p5-n2-beta2__N0080__Aminus_0p005,hm-a10-g1-L3p5-n2-beta2,80,0.005,34,1.4874999999999998,9.995544264395706,9.99894336389821
hm-a10-g1-L3p5-n2-beta2__N0080__Aplus_0p005,hm-a10-g1-L3p5-n2-beta2__N0080__Aminus_0p005,hm-a10-g1-L3p5-n2-beta2,80,0.005,35,1.53125,9.995380010079598,9.998904432712475
hm-a10-g1-L3p5-n2-beta2__N0080__Aplus_0p005,hm-a10-g1-L3p5-n2-beta2__N0080__Aminus_0p005,hm-a10-g1-L3p5-n2-beta2,80,0.005,36,1.575,9.99524421972764,9.998872247491935
hm-a10-g1-L3p5-n2-beta2__N0080__Aplus_0p005,hm-a10-g1-L3p5-n2-beta2__N0080__Aminus_0p005,hm-a10-g1-L3p5-n2-beta2,80,0.005,37,1.61875,9.995137728787814,9.998847006543288
hm-a10-g1-L3p5-n2-beta2__N0080__Aplus_0p005,hm-a10-g1-L3p5-n2-beta2__N0080__Aminus_0p005,hm-a10-g1-L3p5-n2-beta2,80,0.005,38,1.6624999999999999,9.995061192408572,9.998828865384095
hm-a10-g1-L3p5-n2-beta2__N0080__Aplus_0p005,hm-a10-g1-L3p5-n2-beta2__N0080__Aminus_0p005,hm-a10-g1-L3p5-n2-beta2,80,0.005,39,1.7062499999999998,9.99501508143416,9.998817935786454
hm-a10-g1-L3p5-n2-beta2__N0080__Aplus_0p005,hm-a10-g1-L3p5-n2-beta2__N0080__Aminus_0p005,hm-a10-g1-L3p5-n2-beta2,80,0.005,40,1.75,9.99499967952698,9.998814285089724
hm-a10-g1-L3p5-n2-beta2__N0080__Aplus_0p005,hm-a10-g1-L3p5-n2-beta2__N0080__Aminus_0p005,hm-a10-g1-L3p5-n2-beta2,80,0.005,41,1.79375,9.99501508143416,9.998817935786455
hm-a10-g1-L3p5-n2-beta2__N0080__Aplus_0p005,hm-a10-g1-L3p5-n2-beta2__N0080__Aminus_0p005,hm-a10-g1-L3p5-n2-beta2,80,0.005,42,1.8375,9.995061192408574,9.998828865384096
hm-a10-g1-L3p5-n2-beta2__N0080__Aplus_0p005,hm-a10-g1-L3p5-n2-beta2__N0080__Aminus_0p005,hm-a10-g1-L3p5-n2-beta2,80,0.005,43,1.8812499999999999,9.995137728787816,9.998847006543295
hm-a10-g1-L3p5-n2-beta2__N0080__Aplus_0p005,hm-a10-g1-L3p5-n2-beta2__N0080__Aminus_0p005,hm-a10-g1-L3p5-n2-beta2,80,0.005,44,1.9249999999999998,9.995244219727644,9.998872247491947
hm-a10-g1-L3p5-n2-beta2__N0080__Aplus_0p005,hm-a10-g1-L3p5-n2-beta2__N0080__Aminus_0p005,hm-a10-g1-L3p5-n2-beta2,80,0.005,45,1.9687499999999998,9.995380010079604,9.998904432712491
hm-a10-g1-L3p5-n2-beta2__N0080__Aplus_0p005,hm-a10-g1-L3p5-n2-beta2__N0080__Aminus_0p005,hm-a10-g1-L3p5-n2-beta2,80,0.005,46,2.0124999999999997,9.995544264395713,9.99894336389823
hm-a10-g1-L3p5-n2-beta2__N0080__Aplus_0p005,hm-a10-g1-L3p5-n2-beta2__N0080__Aminus_0p005,hm-a10-g1-L3p5-n2-beta2,80,0.005,47,2.05625,9.995735972036353,9.998988801172858
hm-a10-g1-L3p5-n2-beta2__N0080__Aplus_0p005,hm-a10-g1-L3p5-n2-beta2__N0080__Aminus_0p005,hm-a10-g1-L3p5-n2-beta2,80,0.005,48,2.0999999999999996,9.995953953350943,9.999040464565757
hm-a10-g1-L3p5-n2-beta2__N0080__Aplus_0p005,hm-a10-g1-L3p5-n2-beta2__N0080__Aminus_0p005,hm-a10-g1-L3p5-n2-beta2,80,0.005,49,2.14375,9.996196866894516,9.999098035734029
hm-a10-g1-L3p5-n2-beta2__N0080__Aplus_0p005,hm-a10-g1-L3p5-n2-beta2__N0080__Aminus_0p005,hm-a10-g1-L3p5-n2-beta2,80,0.005,50,2.1875,9.996463217637098,9.999161159920783
hm-a10-g1-L3p5-n2-beta2__N0080__Aplus_0p005,hm-a10-g1-L3p5-n2-beta2__N0080__Aminus_0p005,hm-a10-g1-L3p5-n2-beta2,80,0.005,51,2.2312499999999997,9.99675136611677,9.999229448137688
hm-a10-g1-L3p5-n2-beta2__N0080__Aplus_0p005,hm-a10-g1-L3p5-n2-beta2__N0080__Aminus_0p005,hm-a10-g1-L3p5-n2-beta2,80,0.005,52,2.275,9.997059538481563,9.999302479558464
hm-a10-g1-L3p5-n2-beta2__N0080__Aplus_0p005,hm-a10-g1-L3p5-n2-beta2__N0080__Aminus_0p005,hm-a10-g1-L3p5-n2-beta2,80,0.005,53,2.3187499999999996,9.997385837359914,9.999379804108646
hm-a10-g1-L3p5-n2-beta2__N0080__Aplus_0p005,hm-a10-g1-L3p5-n2-beta2__N0080__Aminus_0p005,hm-a10-g1-L3p5-n2-beta2,80,0.005,54,2.3625,9.997728253494245,9.999460945235805
hm-a10-g1-L3p5-n2-beta2__N0080__Aplus_0p005,hm-a10-g1-L3p5-n2-beta2__N0080__Aminus_0p005,hm-a10-g1-L3p5-n2-beta2,80,0.005,55,2.40625,9.998084678067563,9.999545402843252
hm-a10-g1-L3p5-n2-beta2__N0080__Aplus_0p005,hm-a10-g1-L3p5-n2-beta2__N0080__Aminus_0p005,hm-a10-g1-L3p5-n2-beta2,80,0.005,56,2.4499999999999997,9.998452915648585,9.999632656369215
hm-a10-g1-L3p5-n2-beta2__N0080__Aplus_0p005,hm-a10-g1-L3p5-n2-beta2__N0080__Aminus_0p005,hm-a10-g1-L3p5-n2-beta2,80,0.005,57,2.49375,9.998830697676919,9.999722167992653
hm-a10-g1-L3p5-n2-beta2__N0080__Aplus_0p005,hm-a10-g1-L3p5-n2-beta2__N0080__Aminus_0p005,hm-a10-g1-L3p5-n2-beta2,80,0.005,58,2.5374999999999996,9.99921569640648,9.99981338594599
hm-a10-g1-L3p5-n2-beta2__N0080__Aplus_0p005,hm-a10-g1-L3p5-n2-beta2__N0080__Aminus_0p005,hm-a10-g1-L3p5-n2-beta2,80,0.005,59,2.58125,9.999605539222161,9.999905747914465
hm-a10-g1-L3p5-n2-beta2__N0080__Aplus_0p005,hm-a10-g1-L3p5-n2-beta2__N0080__Aminus_0p005,hm-a10-g1-L3p5-n2-beta2,80,0.005,60,2.625,9.999997823242394,9.999998684501138
hm-a10-g1-L3p5-n2-beta2__N0080__Aplus_0p005,hm-a10-g1-L3p5-n2-beta2__N0080__Aminus_0p005,hm-a10-g1-L3p5-n2-beta2,80,0.005,61,2.6687499999999997,10.000390130118186,10.000091622736317
hm-a10-g1-L3p5-n2-beta2__N0080__Aplus_0p005,hm-a10-g1-L3p5-n2-beta2__N0080__Aminus_0p005,hm-a10-g1-L3p5-n2-beta2,80,0.005,62,2.7125,10.000780040937759,10.000183989609711
hm-a10-g1-L3p5-n2-beta2__N0080__Aplus_0p005,hm-a10-g1-L3p5-n2-beta2__N0080__Aminus_0p005,hm-a10-g1-L3p5-n2-beta2,80,0.005,63,2.7562499999999996,10.001165151145068,10.000275215603612
hm-a10-g1-L3p5-n2-beta2__N0080__Aplus_0p005,hm-a10-g1-L3p5-n2-beta2__N0080__Aminus_0p005,hm-a10-g1-L3p5-n2-beta2,80,0.005,64,2.8,10.001543085380055,10.000364738205265
hm-a10-g1-L3p5-n2-beta2__N0080__Aplus_0p005,hm-a10-g1-L3p5-n2-beta2__N0080__Aminus_0p005,hm-a10-g1-L3p5-n2-beta2,80,0.005,65,2.84375,10.001911512148798,10.000452005376781
hm-a10-g1-L3p5-n2-beta2__N0080__Aplus_0p005,hm-a10-g1-L3p5-n2-beta2__N0080__Aminus_0p005,hm-a10-g1-L3p5-n2-beta2,80,0.005,66,2.8874999999999997,10.00226815823248,10.000536478961118
hm-a10-g1-L3p5-n2-beta2__N0080__Aplus_0p005,hm-a10-g1-L3p5-n2-beta2__N0080__Aminus_0p005,hm-a10-g1-L3p5-n2-beta2,80,0.005,67,2.93125,10.002610822745496,10.0006176380031
hm-a10-g1-L3p5-n2-beta2__N0080__Aplus_0p005,hm-a10-g1-L3p5-n2-beta2__N0080__Aminus_0p005,hm-a10-g1-L3p5-n2-beta2,80,0.005,68,2.9749999999999996,10.002937390754948,10.00069498196491
hm-a10-g1-L3p5-n2-beta2__N0080__Aplus_0p005,hm-a10-g1-L3p5-n2-beta2__N0080__Aminus_0p005,hm-a10-g1-L3p5-n2-beta2,80,0.005,69,3.01875,10.003245846376357,10.000768033816147
hm-a10-g1-L3p5-n2-beta2__N0080__Aplus_0p005,hm-a10-g1-L3p5-n2-beta2__N0080__Aminus_0p005,hm-a10-g1-L3p5-n2-beta2,80,0.005,70,3.0625,10.00353428526344,10.000836342979282
hm-a10-g1-L3p5-n2-beta2__N0080__Aplus_0p005,hm-a10-g1-L3p5-n2-beta2__N0080__Aminus_0p005,hm-a10-g1-L3p5-n2-beta2,80,0.005,71,3.1062499999999997,10.003800926413437,10.000899488112264
hm-a10-g1-L3p5-n2-beta2__N0080__Aplus_0p005,hm-a10-g1-L3p5-n2-beta2__N0080__Aminus_0p005,hm-a10-g1-L3p5-n2-beta2,80,0.005,72,3.15,10.004044123213632,10.000957079710998
hm-a10-g1-L3p5-n2-beta2__N0080__Aplus_0p005,hm-a10-g1-L3p5-n2-beta2__N0080__Aminus_0p005,hm-a10-g1-L3p5-n2-beta2,80,0.005,73,3.1937499999999996,10.004262373659335,10.00100876251553
hm-a10-g1-L3p5-n2-beta2__N0080__Aplus_0p005,hm-a10-g1-L3p5-n2-beta2__N0080__Aminus_0p005,hm-a10-g1-L3p5-n2-beta2,80,0.005,74,3.2375,10.004454329678676,10.001054217704981
hm-a10-g1-L3p5-n2-beta2__N0080__Aplus_0p005,hm-a10-g1-L3p5-n2-beta2__N0080__Aminus_0p005,hm-a10-g1-L3p5-n2-beta2,80,0.005,75,3.28125,10.004618805505165,10.001093164867608
hm-a10-g1-L3p5-n2-beta2__N0080__Aplus_0p005,hm-a10-g1-L3p5-n2-beta2__N0080__Aminus_0p005,hm-a10-g1-L3p5-n2-beta2,80,0.005,76,3.3249999999999997,10.004754785044865,10.001125363733701
hm-a10-g1-L3p5-n2-beta2__N0080__Aplus_0p005,hm-a10-g1-L3p5-n2-beta2__N0080__Aminus_0p005,hm-a10-g1-L3p5-n2-beta2,80,0.005,77,3.36875,10.00486142819136,10.001150615660563
hm-a10-g1-L3p5-n2-beta2__N0080__Aplus_0p005,hm-a10-g1-L3p5-n2-beta2__N0080__Aminus_0p005,hm-a10-g1-L3p5-n2-beta2,80,0.005,78,3.4124999999999996,10.004938076048361,10.001168764860319
hm-a10-g1-L3p5-n2-beta2__N0080__Aplus_0p005,hm-a10-g1-L3p5-n2-beta2__N0080__Aminus_0p005,hm-a10-g1-L3p5-n2-beta2,80,0.005,79,3.45625,10.004984255026677,10.00117969936288
hm-a10-g1-L3p5-n2-beta2__N0080__Aplus_0p005,hm-a10-g1-L3p5-n2-beta2__N0080__Aminus_0p005,hm-a10-g1-L3p5-n2-beta2,80,0.005,80,3.5,10.004999679789417,10.001183351708113
hm-a10-g1-L3p5-n2-beta2__N0080__Aplus_0p01,hm-a10-g1-L3p5-n2-beta2__N0080__Aminus_0p01,hm-a10-g1-L3p5-n2-beta2,80,0.01,0,0.0,10.009998719680478,10.002364340237534
hm-a10-g1-L3p5-n2-beta2__N0080__Aplus_0p01,hm-a10-g1-L3p5-n2-beta2__N0080__Aminus_0p01,hm-a10-g1-L3p5-n2-beta2,80,0.01,1,0.04375,10.009967847277661,10.002357033897832
hm-a10-g1-L3p5-n2-beta2__N0080__Aplus_0p01,hm-a10-g1-L3p5-n2-beta2__N0080__Aminus_0p01,hm-a10-g1-L3p5-n2-beta2,80,0.01,2,0.0875,10.009875421252993,10.002335159985648
hm-a10-g1-L3p5-n2-beta2__N0080__Aplus_0p01,hm-a10-g1-L3p5-n2-beta2__N0080__Aminus_0p01,hm-a10-g1-L3p5-n2-beta2,80,0.01,3,0.13124999999999998,10.009722013958282,10.00229885354213
hm-a10-g1-L3p5-n2-beta2__N0080__Aplus_0p01,hm-a10-g1-L3p5-n2-beta2__N0080__Aminus_0p01,hm-a10-g1-L3p5-n2-beta2,80,0.01,4,0.175,10.009508575322558,10.00224833870563
hm-a10-g1-L3p5-n2-beta2__N0080__Aplus_0p01,hm-a10-g1-L3p5-n2-beta2__N0080__Aminus_0p01,hm-a10-g1-L3p5-n2-beta2,80,0.01,5,0.21875,10.009236426893743,10.00218392732248
hm-a10-g1-L3p5-n2-beta2__N0080__Aplus_0p01,hm-a10-g1-L3p5-n2-beta2__N0080__Aminus_0p01,hm-a10-g1-L3p5-n2-beta2,80,0.01,6,0.26249999999999996,10.008907253552032,10.00210601701437
hm-a10-g1-L3p5-n2-beta2__N0080__Aplus_0p01,hm-a10-g1-L3p5-n2-beta2__N0080__Aminus_0p01,hm-a10-g1-L3p5-n2-beta2,80,0.01,7,0.30624999999999997,10.00852309294947,10.002015088714451
hm-a10-g1-L3p5-n2-beta2__N0080__Aplus_0p01,hm-a10-g1-L3p5-n2-beta2__N0080__Aminus_0p01,hm-a10-g1-L3p5-n2-beta2,80,0.01,8,0.35,10.00808632274518,10.001911703687675
hm-a10-g1-L3p5-n2-beta2__N0080__Aplus_0p01,hm-a10-g1-L3p5-n2-beta2__N0080__Aminus_0p01,hm-a10-g1-L3p5-n2-beta2,80,0.01,9,0.39375,10.007599645719834,10.00179650005411
hm-a10-g1-L3p5-n2-beta2__N0080__Aplus_0p01,hm-a10-g1-L3p5-n2-beta2__N0080__Aminus_0p01,hm-a10-g1-L3p5-n2-beta2,80,0.01,10,0.4375,10.007066072866834,10.001670188837046
hm-a10-g1-L3p5-n2-beta2__N0080__Aplus_0p01,hm-a10-g1-L3p5-n2-beta2__N0080__Aminus_0p01,hm-a10-g1-L3p5-n2-beta2,80,0.01,11,0.48124999999999996,10.00648890457044,10.001533549560707
hm-a10-g1-L3p5-n2-beta2__N0080__Aplus_0p01,hm-a10-g1-L3p5-n2-beta2__N0080__Aminus_0p01,hm-a10-g1-L3p5-n2-beta2,80,0.01,12,0.5249999999999999,10.005871709993302,10.001387425425168
hm-a10-g1-L3p5-n2-beta2__N0080__Aplus_0p01,hm-a10-g1-L3p5-n2-beta2__N0080__Aminus_0p01,hm-a10-g1-L3p5-n2-beta2,80,0.01,13,0.56875,10.005218304806997,10.0012327180887
hm-a10-g1-L3p5-n2-beta2__N0080__Aplus_0p01,hm-a10-g1-L3p5-n2-beta2__N0080__Aminus_0p01,hm-a10-g1-L3p5-n2-beta2,80,0.01,14,0.6124999999999999,10.004532727409373,10.001070382090152
hm-a10-g1-L3p5-n2-beta2__N0080__Aplus_0p01,hm-a10-g1-L3p5-n2-beta2__N0080__Aminus_0p01,hm-a10-g1-L3p5-n2-beta2,80,0.01,15,0.65625,10.00381921378173,10.000901418946269
hm-a10-g1-L3p5-n2-beta2__N0080__Aplus_0p01,hm-a10-g1-L3p5-n2-beta2__N0080__Aminus_0p01,hm-a10-g1-L3p5-n2-beta2,80,0.01,16,0.7,10.003082171146833,10.000726870960706
hm-a10-g1-L3p5-n2-beta2__N0080__Aplus_0p01,hm-a10-g1-L3p5-n2-beta2__N0080__Aminus_0p01,hm-a10-g1-L3p5-n2-beta2,80,0.01,17,0.7437499999999999,10.00232615059574,10.000547814783383
hm-a10-g1-L3p5-n2-beta2__N0080__Aplus_0p01,hm-a10-g1-L3p5-n2-beta2__N0080__Aminus_0p01,hm-a10-g1-L3p5-n2-beta2,80,0.01,18,0.7875,10.001555818857186,10.00036535476017
hm-a10-g1-L3p5-n2-beta2__N0080__Aplus_0p01,hm-a10-g1-L3p5-n2-beta2__N0080__Aminus_0p01,hm-a10-g1-L3p5-n2-beta2,80,0.01,19,0.8312499999999999,10.000775929387736,10.000180616114273
hm-a10-g1-L3p5-n2-beta2__N0080__Aplus_0p01,hm-a10-g1-L3p5-n2-beta2__N0080__Aminus_0p01,hm-a10-g1-L3p5-n2-beta2,80,0.01,20,0.875,9.999991292964367,9.999994738001563
hm-a10-g1-L3p5-n2-beta2__N0080__Aplus_0p01,hm-a10-g1-L3p5-n2-beta2__N0080__Aminus_0p01,hm-a10-g1-L3p5-n2-beta2,80,0.01,21,0.91875,9.999206747963257,9.99980886648287
hm-a10-g1-L3p5-n2-beta2__N0080__Aplus_0p01,hm-a10-g1-L3p5-n2-beta2__N0080__Aminus_0p01,hm-a10-g1-L3p5-n2-beta2,80,0.01,22,0.9624999999999999,9.998427130509457,9.999624147456656
hm-a10-g1-L3p5-n2-beta2__N0080__Aplus_0p01,hm-a10-g1-L3p5-n2-beta2__N0080__Aminus_0p01,hm-a10-g1-L3p5-n2-beta2,80,0.01,23,1.0062499999999999,9.997657244682028,9.999441719595692
hm-a10-g1-L3p5-n2-beta2__N0080__Aplus_0p01,hm-a10-g1-L3p5-n2-beta2__N0080__Aminus_0p01,hm-a10-g1-L3p5-n2-beta2,80,0.01,24,1.0499999999999998,9.996901832957729,9.999262707331242
hm-a10-g1-L3p5-n2-beta2__N0080__Aplus_0p01,hm-a10-g1-L3p5-n2-beta2__N0080__Aminus_0p01,hm-a10-g1-L3p5-n2-beta2,80,0.01,25,1.09375,9.996165547073959,9.999088213927898
hm-a10-g1-L3p5-n2-beta2__N0080__Aplus_0p01,hm-a10-g1-L3p5-n2-beta2__N0080__Aminus_0p01,hm-a10-g1-L3p5-n2-beta2,80,0.01,26,1.1375,9.99545291948807,9.99891931469158
hm-a10-g1-L3p5-n2-beta2__N0080__Aplus_0p01,hm-a10-g1-L3p5-n2-beta2__N0080__Aminus_0p01,hm-a10-g1-L3p5-n2-beta2,80,0.01,27,1.18125,9.994768335605544,9.99875705035233
hm-a10-g1-L3p5-n2-beta2__N0080__Aplus_0p01,hm-a10-g1-L3p5-n2-beta2__N0080__Aminus_0p01,hm-a10-g1-L3p5-n2-beta2,80,0.01,28,1.2249999999999999,9.994116006944047,9.998602420662401
hm-a10-g1-L3p5-n2-beta2__N0080__Aplus_0p01,hm-a10-g1-L3p5-n2-beta2__N0080__Aminus_0p01,hm-a10-g1-L3p5-n2-beta2,80,0.01,29,1.2687499999999998,9.993499945393825,9.998456378248731
hm-a10-g1-L3p5-n2-beta2__N0080__Aplus_0p01,hm-a10-g1-L3p5-n2-beta2__N0080__Aminus_0p01,hm-a10-g1-L3p5-n2-beta2,80,0.01,30,1.3125,9.992923938727573,9.998319822757324
hm-a10-g1-L3p5-n2-beta2__N0080__Aplus_0p01,hm-a10-g1-L3p5-n2-beta2__N0080__Aminus_0p01,hm-a10-g1-L3p5-n2-beta2,80,0.01,31,1.35625,9.992391527504756,9.998193595325192
hm-a10-g1-L3p5-n2-beta2__N0080__Aplus_0p01,hm-a10-g1-L3p5-n2-beta2__N0080__Aminus_0p01,hm-a10-g1-L3p5-n2-beta2,80,0.01,32,1.4,9.99190598350644,9.998078473413498
hm-a10-g1-L3p5-n2-beta2__N0080__Aplus_0p01,hm-a10-g1-L3p5-n2-beta2__N0080__Aminus_0p01,hm-a10-g1-L3p5-n2-beta2,80,0.01,33,1.4437499999999999,9.991470289827134,9.99797516603327
hm-a10-g1-L3p5-n2-beta2__N0080__Aplus_0p01,hm-a10-g1-L3p5-n2-beta2__N0080__Aminus_0p01,hm-a10-g1-L3p5-n2-beta2,80,0.01,34,1.4874999999999998,9.991087122739895,9.997884309392655
hm-a10-g1-L3p5-n2-beta2__N0080__Aplus_0p01,hm-a10-g1-L3p5-n2-beta2__N0080__Aminus_0p01,hm-a10-g1-L3p5-n2-beta2,80,0.01,35,1.53125,9.990758835440182,9.997806462992118
hm-a10-g1-L3p5-n2-beta2__N0080__Aplus_0p01,hm-a10-g1-L3p5-n2-beta2__N0080__Aminus_0p01,hm-a10-g1-L3p5-n2-beta2,80,0.01,36,1.575,9.990487443762746,9.997742106191193
hm-a10-g1-L3p5-n2-beta2__N0080__Aplus_0p01,hm-a10-g1-L3p5-n2-beta2__N0080__Aminus_0p01,hm-a10-g1-L3p5-n2-beta2,80,0.01,37,1.61875,9.990274613954037,9.997691635267572
hm-a10-g1-L3p5-n2-beta2__N0080__Aplus_0p01,hm-a10-g1-L3p5-n2-beta2__N0080__Aminus_0p01,hm-a10-g1-L3p5-n2-beta2,80,0.01,38,1.6624999999999999,9.990121652570627,9.99765536098631
hm-a10-g1-L3p5-n2-beta2__N0080__Aplus_0p01,hm-a10-g1-L3p5-n2-beta2__N0080__Aminus_0p01,hm-a10-g1-L3p5-n2-beta2,80,0.01,39,1.7062499999999998,9.990029498561729,9.997633506693811
hm-a10-g1-L3p5-n2-beta2__N0080__Aplus_0p01,hm-a10-g1-L3p5-n2-beta2__N0080__Aminus_0p01,hm-a10-g1-L3p5-n2-beta2,80,0.01,40,1.75,9.989998717581207,9.997626206948128
hm-a10-g1-L3p5-n2-beta2__N0080__Aplus_0p01,hm-a10-g1-L3p5-n2-beta2__N0080__Aminus_0p01,hm-a10-g1-L3p5-n2-beta2,80,0.01,41,1.79375,9.99002949856173,9.997633506693813
hm-a10-g1-L3p5-n2-beta2__N0080__Aplus_0p01,hm-a10-g1-L3p5-n2-beta2__N0080__Aminus_0p01,hm-a10-g1-L3p5-n2-beta2,80,0.01,42,1.8375,9.990121652570632,9.997655360986315
hm-a10-g1-L3p5-n2-beta2__N0080__Aplus_0p01,hm-a10-g1-L3p5-n2-beta2__N0080__Aminus_0p01,hm-a10-g1-L3p5-n2-beta2,80,0.01,43,1.8812499999999999,9.990274613954043,9.997691635267582
hm-a10-g1-L3p5-n2-beta2__N0080__Aplus_0p01,hm-a10-g1-L3p5-n2-beta2__N0080__Aminus_0p01,hm-a10-g1-L3p5-n2-beta2,80,0.01,44,1.9249999999999998,9.990487443762756,9.99774210619121
hm-a10-g1-L3p5-n2-beta2__N0080__Aplus_0p01,hm-a10-g1-L3p5-n2-beta2__N0080__Aminus_0p01,hm-a10-g1-L3p5-n2-beta2,80,0.01,45,1.9687499999999998,9.990758835440195,9.99780646299214
hm-a10-g1-L3p5-n2-beta2__N0080__Aplus_0p01,hm-a10-g1-L3p5-n2-beta2__N0080__Aminus_0p01,hm-a10-g1-L3p5-n2-beta2,80,0.01,46,2.0124999999999997,9.99108712273991,9.99788430939268
hm-a10-g1-L3p5-n2-beta2__N0080__Aplus_0p01,hm-a10-g1-L3p5-n2-beta2__N0080__Aminus_0p01,hm-a10-g1-L3p5-n2-beta2,80,0.01,47,2.05625,9.991470289827154,9.997975166033298
hm-a10-g1-L3p5-n2-beta2__N0080__Aplus_0p01,hm-a10-g1-L3p5-n2-beta2__N0080__Aminus_0p01,hm-a10-g1-L3p5-n2-beta2,80,0.01,48,2.0999999999999996,9.991905983506461,9.998078473413527
hm-a10-g1-L3p5-n2-beta2__N0080__Aplus_0p01,hm-a10-g1-L3p5-n2-beta2__N0080__Aminus_0p01,hm-a10-g1-L3p5-n2-beta2,80,0.01,49,2.14375,9.992391527504783,9.99819359532522
hm-a10-g1-L3p5-n2-beta2__N0080__Aplus_0p01,hm-a10-g1-L3p5-n2-beta2__N0080__Aminus_0p01,hm-a10-g1-L3p5-n2-beta2,80,0.01,50,2.1875,9.992923938727605,9.998319822757352
hm-a10-g1-L3p5-n2-beta2__N0080__Aplus_0p01,hm-a10-g1-L3p5-n2-beta2__N0080__Aminus_0p01,hm-a10-g1-L3p5-n2-beta2,80,0.01,51,2.2312499999999997,9.993499945393863,9.99845637824876
hm-a10-g1-L3p5-n2-beta2__N0080__Aplus_0p01,hm-a10-g1-L3p5-n2-beta2__N0080__Aminus_0p01,hm-a10-g1-L3p5-n2-beta2,80,0.01,52,2.275,9.99411600694409,9.99860242066243
hm-a10-g1-L3p5-n2-beta2__N0080__Aplus_0p01,hm-a10-g1-L3p5-n2-beta2__N0080__Aminus_0p01,hm-a10-g1-L3p5-n2-beta2,80,0.01,53,2.3187499999999996,9.994768335605594,9.998757050352356
hm-a10-g1-L3p5-n2-beta2__N0080__Aplus_0p01,hm-a10-g1-L3p5-n2-beta2__N0080__Aminus_0p01,hm-a10-g1-L3p5-n2-beta2,80,0.01,54,2.3625,9.995452919488129,9.998919314691603
hm-a10-g1-L3p5-n2-beta2__N0080__Aplus_0p01,hm-a10-g1-L3p5-n2-beta2__N0080__Aminus_0p01,hm-a10-g1-L3p5-n2-beta2,80,0.01,55,2.40625,9.996165547074023,9.99908821392792
hm-a10-g1-L3p5-n2-beta2__N0080__Aplus_0p01,hm-a10-g1-L3p5-n2-beta2__N0080__Aminus_0p01,hm-a10-g1-L3p5-n2-beta2,80,0.01,56,2.4499999999999997,9.996901832957798,9.999262707331262
hm-a10-g1-L3p5-n2-beta2__N0080__Aplus_0p01,hm-a10-g1-L3p5-n2-beta2__N0080__Aminus_0p01,hm-a10-g1-L3p5-n2-beta2,80,0.01,57,2.49375,9.997657244682106,9.99944171959571
hm-a10-g1-L3p5-n2-beta2__N0080__Aplus_0p01,hm-a10-g1-L3p5-n2-beta2__N0080__Aminus_0p01,hm-a10-g1-L3p5-n2-beta2,80,0.01,58,2.5374999999999996,9.99842713050954,9.999624147456673
hm-a10-g1-L3p5-n2-beta2__N0080__Aplus_0p01,hm-a10-g1-L3p5-n2-beta2__N0080__Aminus_0p01,hm-a10-g1-L3p5-n2-beta2,80,0.01,59,2.58125,9.999206747963344,9.999808866482889
hm-a10-g1-L3p5-n2-beta2__N0080__Aplus_0p01,hm-a10-g1-L3p5-n2-beta2__N0080__Aminus_0p01,hm-a10-g1-L3p5-n2-beta2,80,0.01,60,2.625,9.99999129296446,9.999994738001583
hm-a10-g1-L3p5-n2-beta2__N0080__Aplus_0p01,hm-a10-g1-L3p5-n2-beta2__N0080__Aminus_0p01,hm-a10-g1-L3p5-n2-beta2,80,0.01,61,2.6687499999999997,10.000775929387832,10.000180616114292
hm-a10-g1-L3p5-n2-beta2__N0080__Aplus_0p01,hm-a10-g1-L3p5-n2-beta2__N0080__Aminus_0p01,hm-a10-g1-L3p5-n2-beta2,80,0.01,62,2.7125,10.001555818857286,10.000365354760191
hm-a10-g1-L3p5-n2-beta2__N0080__Aplus_0p01,hm-a10-g1-L3p5-n2-beta2__N0080__Aminus_0p01,hm-a10-g1-L3p5-n2-beta2,80,0.01,63,2.7562499999999996,10.002326150595842,10.000547814783406
hm-a10-g1-L3p5-n2-beta2__N0080__Aplus_0p01,hm-a10-g1-L3p5-n2-beta2__N0080__Aminus_0p01,hm-a10-g1-L3p5-n2-beta2,80,0.01,64,2.8,10.003082171146936,10.000726870960731
hm-a10-g1-L3p5-n2-beta2__N0080__Aplus_0p01,hm-a10-g1-L3p5-n2-beta2__N0080__Aminus_0p01,hm-a10-g1-L3p5-n2-beta2,80,0.01,65,2.84375,10.003819213781835,10.000901418946293
hm-a10-g1-L3p5-n2-beta2__N0080__Aplus_0p01,hm-a10-g1-L3p5-n2-beta2__N0080__Aminus_0p01,hm-a10-g1-L3p5-n2-beta2,80,0.01,66,2.8874999999999997,10.004532727409476,10.00107038209018
hm-a10-g1-L3p5-n2-beta2__N0080__Aplus_0p01,hm-a10-g1-L3p5-n2-beta2__N0080__Aminus_0p01,hm-a10-g1-L3p5-n2-beta2,80,0.01,67,2.93125,10.0052183048071,10.001232718088728
hm-a10-g1-L3p5-n2-beta2__N0080__Aplus_0p01,hm-a10-g1-L3p5-n2-beta2__N0080__Aminus_0p01,hm-a10-g1-L3p5-n2-beta2,80,0.01,68,2.9749999999999996,10.005871709993405,10.001387425425198
hm-a10-g1-L3p5-n2-beta2__N0080__Aplus_0p01,hm-a10-g1-L3p5-n2-beta2__N0080__Aminus_0p01,hm-a10-g1-L3p5-n2-beta2,80,0.01,69,3.01875,10.00648890457054,10.00153354956074
hm-a10-g1-L3p5-n2-beta2__N0080__Aplus_0p01,hm-a10-g1-L3p5-n2-beta2__N0080__Aminus_0p01,hm-a10-g1-L3p5-n2-beta2,80,0.01,70,3.0625,10.007066072866932,10.001670188837085
hm-a10-g1-L3p5-n2-beta2__N0080__Aplus_0p01,hm-a10-g1-L3p5-n2-beta2__N0080__Aminus_0p01,hm-a10-g1-L3p5-n2-beta2,80,0.01,71,3.1062499999999997,10.00759964571993,10.001796500054153
hm-a10-g1-L3p5-n2-beta2__N0080__Aplus_0p01,hm-a10-g1-L3p5-n2-beta2__N0080__Aminus_0p01,hm-a10-g1-L3p5-n2-beta2,80,0.01,72,3.15,10.008086322745273,10.001911703687723
hm-a10-g1-L3p5-n2-beta2__N0080__Aplus_0p01,hm-a10-g1-L3p5-n2-beta2__N0080__Aminus_0p01,hm-a10-g1-L3p5-n2-beta2,80,0.01,73,3.1937499999999996,10.008523092949561,10.0020150887145
hm-a10-g1-L3p5-n2-beta2__N0080__Aplus_0p01,hm-a10-g1-L3p5-n2-beta2__N0080__Aminus_0p01,hm-a10-g1-L3p5-n2-beta2,80,0.01,74,3.2375,10.008907253552119,10.002106017014423
hm-a10-g1-L3p5-n2-beta2__N0080__Aplus_0p01,hm-a10-g1-L3p5-n2-beta2__N0080__Aminus_0p01,hm-a10-g1-L3p5-n2-beta2,80,0.01,75,3.28125,10.009236426893828,10.002183927322536
hm-a10-g1-L3p5-n2-beta2__N0080__Aplus_0p01,hm-a10-g1-L3p5-n2-beta2__N0080__Aminus_0p01,hm-a10-g1-L3p5-n2-beta2,80,0.01,76,3.3249999999999997,10.00950857532264,10.002248338705687
hm-a10-g1-L3p5-n2-beta2__N0080__Aplus_0p01,hm-a10-g1-L3p5-n2-beta2__N0080__Aminus_0p01,hm-a10-g1-L3p5-n2-beta2,80,0.01,77,3.36875,10.009722013958362,10.002298853542188
hm-a10-g1-L3p5-n2-beta2__N0080__Aplus_0p01,hm-a10-g1-L3p5-n2-beta2__N0080__Aminus_0p01,hm-a10-g1-L3p5-n2-beta2,80,0.01,78,3.4124999999999996,10.009875421253073,10.002335159985705
hm-a10-g1-L3p5-n2-beta2__N0080__Aplus_0p01,hm-a10-g1-L3p5-n2-beta2__N0080__Aminus_0p01,hm-a10-g1-L3p5-n2-beta2,80,0.01,79,3.45625,10.009967847277737,10.00235703389789
hm-a10-g1-L3p5-n2-beta2__N0080__Aplus_0p01,hm-a10-g1-L3p5-n2-beta2__N0080__Aminus_0p01,hm-a10-g1-L3p5-n2-beta2,80,0.01,80,3.5,10.009998719680556,10.002364340237591
hm-a10-g1-L3p5-n2-beta2__N0080__Aplus_0p02,hm-a10-g1-L3p5-n2-beta2__N0080__Aminus_0p02,hm-a10-g1-L3p5-n2-beta2,80,0.02,0,0.0,10.01999488290813,10.004719227834753
hm-a10-g1-L3p5-n2-beta2__N0080__Aplus_0p02,hm-a10-g1-L3p5-n2-beta2__N0080__Aminus_0p02,hm-a10-g1-L3p5-n2-beta2,80,0.02,1,0.04375,10.019933046505765,10.004704608555484
hm-a10-g1-L3p5-n2-beta2__N0080__Aplus_0p02,hm-a10-g1-L3p5-n2-beta2__N0080__Aminus_0p02,hm-a10-g1-L3p5-n2-beta2,80,0.02,2,0.0875,10.019747921927006,10.004660841094202
hm-a10-g1-L3p5-n2-beta2__N0080__Aplus_0p02,hm-a10-g1-L3p5-n2-beta2__N0080__Aminus_0p02,hm-a10-g1-L3p5-n2-beta2,80,0.02,3,0.13124999999999998,10.01944066060177,10.004588196017263
hm-a10-g1-L3p5-n2-beta2__N0080__Aplus_0p02,hm-a10-g1-L3p5-n2-beta2__N0080__Aminus_0p02,hm-a10-g1-L3p5-n2-beta2,80,0.02,4,0.175,10.019013173413478,10.004487122394831
hm-a10-g1-L3p5-n2-beta2__N0080__Aplus_0p02,hm-a10-g1-L3p5-n2-beta2__N0080__Aminus_0p02,hm-a10-g1-L3p5-n2-beta2,80,0.02,5,0.21875,10.018468118509524,10.004358245002871
hm-a10-g1-L3p5-n2-beta2__N0080__Aplus_0p02,hm-a10-g1-L3p5-n2-beta2__N0080__Aminus_0p02,hm-a10-g1-L3p5-n2-beta2,80,0.02,6,0.26249999999999996,10.01780888435554,10.004202360431155
hm-a10-g1-L3p5-n2-beta2__N0080__Aplus_0p02,hm-a10-g1-L3p5-n2-beta2__N0080__Aminus_0p02,hm-a10-g1-L3p5-n2-beta2,80,0.02,7,0.30624999999999997,10.017039568151818,10.004020432122237
hm-a10-g1-L3p5-n2-beta2__N0080__Aplus_0p02,hm-a10-g1-L3p5-n2-beta2__N0080__Aminus_0p02,hm-a10-g1-L3p5-n2-beta2,80,0.02,8,0.35,10.016164949762139,10.003813584373264
hm-a10-g1-L3p5-n2-beta2__N0080__Aplus_0p02,hm-a10-g1-L3p5-n2-beta2__N0080__Aminus_0p02,hm-a10-g1-L3p5-n2-beta2,80,0.02,9,0.39375,10.01519046133586,10.003583095338978
hm-a10-g1-L3p5-n2-beta2__N0080__Aplus_0p02,hm-a10-g1-L3p5-n2-beta2__N0080__Aminus_0p02,hm-a10-g1-L3p5-n2-beta2,80,0.02,10,0.4375,10.014122152833094,10.003330389080714
hm-a10-g1-L3p5-n2-beta2__N0080__Aplus_0p02,hm-a10-g1-L3p5-n2-beta2__N0080__Aminus_0p02,hm-a10-g1-L3p5-n2-beta2,80,0.02,11,0.48124999999999996,10.012966653689906,10.003057026712142
hm-a10-g1-L3p5-n2-beta2__N0080__Aplus_0p02,hm-a10-g1-L3p5-n2-beta2__N0080__Aminus_0p02,hm-a10-g1-L3p5-n2-beta2,80,0.02,12,0.5249999999999999,10.011731130885519,10.002764696698183
hm-a10-g1-L3p5-n2-beta2__N0080__Aplus_0p02,hm-a10-g1-L3p5-n2-beta2__N0080__Aminus_0p02,hm-a10-g1-L3p5-n2-beta2,80,0.02,13,0.56875,10.010423243696266,10.002455204368788
hm-a10-g1-L3p5-n2-beta2__N0080__Aplus_0p02,hm-a10-g1-L3p5-n2-beta2__N0080__Aminus_0p02,hm-a10-g1-L3p5-n2-beta2,80,0.02,14,0.6124999999999999,10.009051095441457,10.002130460714117
hm-a10-g1-L3p5-n2-beta2__N0080__Aplus_0p02,hm-a10-g1-L3p5-n2-beta2__N0080__Aminus_0p02,hm-a10-g1-L3p5-n2-beta2,80,0.02,15,0.65625,10.007623182544123,10.00179247053204
hm-a10-g1-L3p5-n2-beta2__N0080__Aplus_0p02,hm-a10-g1-L3p5-n2-beta2__N0080__Aminus_0p02,hm-a10-g1-L3p5-n2-beta2,80,0.02,16,0.7,10.006148341244858,10.001443320002751
hm-a10-g1-L3p5-n2-beta2__N0080__Aplus_0p02,hm-a10-g1-L3p5-n2-beta2__N0080__Aminus_0p02,hm-a10-g1-L3p5-n2-beta2,80,0.02,17,0.7437499999999999,10.004635692319516,10.001085163768742
hm-a10-g1-L3p5-n2-beta2__N0080__Aplus_0p02,hm-a10-g1-L3p5-n2-beta2__N0080__Aminus_0p02,hm-a10-g1-L3p5-n2-beta2,80,0.02,18,0.7875,10.003094584161337,10.00072021160118
hm-a10-g1-L3p5-n2-beta2__N0080__Aplus_0p02,hm-a10-g1-L3p5-n2-beta2__N0080__Aminus_0p02,hm-a10-g1-L3p5-n2-beta2,80,0.02,19,0.8312499999999999,10.001534534595216,10.000350714736141
hm-a10-g1-L3p5-n2-beta2__N0080__Aplus_0p02,hm-a10-g1-L3p5-n2-beta2__N0080__Aminus_0p02,hm-a10-g1-L3p5-n2-beta2,80,0.02,20,0.875,9.999965171796271,9.999978951965904
hm-a10-g1-L3p5-n2-beta2__N0080__Aplus_0p02,hm-a10-g1-L3p5-n2-beta2__N0080__Aminus_0p02,hm-a10-g1-L3p5-n2-beta2,80,0.02,21,0.91875,9.998396174686716,9.999607215571771
hm-a10-g1-L3p5-n2-beta2__N0080__Aplus_0p02,hm-a10-g1-L3p5-n2-beta2__N0080__Aminus_0p02,hm-a10-g1-L3p5-n2-beta2,80,0.02,22,0.9624999999999999,9.996837213184305,9.999237797185584
hm-a10-g1-L3p5-n2-beta2__N0080__Aplus_0p02,hm-a10-g1-L3p5-n2-beta2__N0080__Aminus_0p02,hm-a10-g1-L3p5-n2-beta2,80,0.02,23,1.0062499999999999,9.995297888672484,9.998872973667211
hm-a10-g1-L3p5-n2-beta2__N0080__Aplus_0p02,hm-a10-g1-L3p5-n2-beta2__N0080__Aminus_0p02,hm-a10-g1-L3p5-n2-beta2,80,0.02,24,1.0499999999999998,9.993787675056957,9.99851499308496
hm-a10-g1-L3p5-n2-beta2__N0080__Aplus_0p02,hm-a10-g1-L3p5-n2-beta2__N0080__Aminus_0p02,hm-a10-g1-L3p5-n2-beta2,80,0.02,25,1.09375,9.992315860765684,9.998166060884872
hm-a10-g1-L3p5-n2-beta2__N0080__Aplus_0p02,hm-a10-g1-L3p5-n2-beta2__N0080__Aminus_0p02,hm-a10-g1-L3p5-n2-beta2,80,0.02,26,1.1375,9.990891492039683,9.997828326333451
hm-a10-g1-L3p5-n2-beta2__N0080__Aplus_0p02,hm-a10-g1-L3p5-n2-beta2__N0080__Aminus_0p02,hm-a10-g1-L3p5-n2-beta2,80,0.02,27,1.18125,9.989523317850434,9.99750386931642
hm-a10-g1-L3p5-n2-beta2__N0080__Aplus_0p02,hm-a10-g1-L3p5-n2-beta2__N0080__Aminus_0p02,hm-a10-g1-L3p5-n2-beta2,80,0.02,28,1.2249999999999999,9.988219736766412,9.99719468757368
hm-a10-g1-L3p5-n2-beta2__N0080__Aplus_0p02,hm-a10-g1-L3p5-n2-beta2__N0080__Aminus_0p02,hm-a10-g1-L3p5-n2-beta2,80,0.02,29,1.2687499999999998,9.986988746076431,9.996902684447722
hm-a10-g1-L3p5-n2-beta2__N0080__Aplus_0p02,hm-a10-g1-L3p5-n2-beta2__N0080__Aminus_0p02,hm-a10-g1-L3p5-n2-beta2,80,0.02,30,1.3125,9.985837893461193,9.996629657219428
hm-a10-g1-L3p5-n2-beta2__N0080__Aplus_0p02,hm-a10-g1-L3p5-n2-beta2__N0080__Aminus_0p02,hm-a10-g1-L3p5-n2-beta2,80,0.02,31,1.35625,9.984774231487004,9.99637728610145
hm-a10-g1-L3p5-n2-beta2__N0080__Aplus_0p02,hm-a10-g1-L3p5-n2-beta2__N0080__Aminus_0p02,hm-a10-g1-L3p5-n2-beta2,80,0.02,32,1.4,9.983804275176954,9.9961471239552
hm-a10-g1-L3p5-n2-beta2__N0080__Aplus_0p02,hm-a10-g1-L3p5-n2-beta2__N0080__Aminus_0p02,hm-a10-g1-L3p5-n2-beta2,80,0.02,33,1.4437499999999999,9.982933962895345,9.995940586792939
hm-a10-g1-L3p5-n2-beta2__N0080__Aplus_0p02,hm-a10-g1-L3p5-n2-beta2__N0080__Aminus_0p02,hm-a10-g1-L3p5-n2-beta2,80,0.02,34,1.4874999999999998,9.982168620760756,9.995758945121734
hm-a10-g1-L3p5-n2-beta2__N0080__Aplus_0p02,hm-a10-g1-L3p5-n2-beta2__N0080__Aminus_0p02,hm-a10-g1-L3p5-n2-beta2,80,0.02,35,1.53125,9.981512930782069,9.99560331618075
hm-a10-g1-L3p5-n2-beta2__N0080__Aplus_0p02,hm-a10-g1-L3p5-n2-beta2__N0080__Aminus_0p02,hm-a10-g1-L3p5-n2-beta2,80,0.02,36,1.575,9.980970902890071,9.99547465711807
hm-a10-g1-L3p5-n2-beta2__N0080__Aplus_0p02,hm-a10-g1-L3p5-n2-beta2__N0080__Aminus_0p02,hm-a10-g1-L3p5-n2-beta2,80,0.02,37,1.61875,9.98054585101517,9.995373759147467
hm-a10-g1-L3p5-n2-beta2__N0080__Aplus_0p02,hm-a10-g1-L3p5-n2-beta2__N0080__Aminus_0p02,hm-a10-g1-L3p5-n2-beta2,80,0.02,38,1.6624999999999999,9.980240373339129,9.995301242719774
hm-a10-g1-L3p5-n2-beta2__N0080__Aplus_0p02,hm-a10-g1-L3p5-n2-beta2__N0080__Aminus_0p02,hm-a10-g1-L3p5-n2-beta2,80,0.02,39,1.7062499999999998,9.980056336825905,9.995257553737378
hm-a10-g1-L3p5-n2-beta2__N0080__Aplus_0p02,hm-a10-g1-L3p5-n2-beta2__N0080__Aminus_0p02,hm-a10-g1-L3p5-n2-beta2,80,0.02,40,1.75,9.979994866113563,9.995242960834227
hm-a10-g1-L3p5-n2-beta2__N0080__Aplus_0p02,hm-a10-g1-L3p5-n2-beta2__N0080__Aminus_0p02,hm-a10-g1-L3p5-n2-beta2,80,0.02,41,1.79375,9.98005633682591,9.99525755373738
hm-a10-g1-L3p5-n2-beta2__N0080__Aplus_0p02,hm-a10-g1-L3p5-n2-beta2__N0080__Aminus_0p02,hm-a10-g1-L3p5-n2-beta2,80,0.02,42,1.8375,9.98024037333914,9.99530124271978
hm-a10-g1-L3p5-n2-beta2__N0080__Aplus_0p02,hm-a10-g1-L3p5-n2-beta2__N0080__Aminus_0p02,hm-a10-g1-L3p5-n2-beta2,80,0.02,43,1.8812499999999999,9.980545851015185,9.995373759147478
hm-a10-g1-L3p5-n2-beta2__N0080__Aplus_0p02,hm-a10-g1-L3p5-n2-beta2__N0080__Aminus_0p02,hm-a10-g1-L3p5-n2-beta2,80,0.02,44,1.9249999999999998,9.98097090289009,9.995474657118088
hm-a10-g1-L3p5-n2-beta2__N0080__Aplus_0p02,hm-a10-g1-L3p5-n2-beta2__N0080__Aminus_0p02,hm-a10-g1-L3p5-n2-beta2,80,0.02,45,1.9687499999999998,9.981512930782094,9.995603316180773
hm-a10-g1-L3p5-n2-beta2__N0080__Aplus_0p02,hm-a10-g1-L3p5-n2-beta2__N0080__Aminus_0p02,hm-a10-g1-L3p5-n2-beta2,80,0.02,46,2.0124999999999997,9.982168620760786,9.995758945121759
hm-a10-g1-L3p5-n2-beta2__N0080__Aplus_0p02,hm-a10-g1-L3p5-n2-beta2__N0080__Aminus_0p02,hm-a10-g1-L3p5-n2-beta2,80,0.02,47,2.05625,9.98293396289538,9.995940586792967
hm-a10-g1-L3p5-n2-beta2__N0080__Aplus_0p02,hm-a10-g1-L3p5-n2-beta2__N0080__Aminus_0p02,hm-a10-g1-L3p5-n2-beta2,80,0.02,48,2.0999999999999996,9.983804275176995,9.996147123955229
hm-a10-g1-L3p5-n2-beta2__N0080__Aplus_0p02,hm-a10-g1-L3p5-n2-beta2__N0080__Aminus_0p02,hm-a10-g1-L3p5-n2-beta2,80,0.02,49,2.14375,9.984774231487052,9.996377286101481
hm-a10-g1-L3p5-n2-beta2__N0080__Aplus_0p02,hm-a10-g1-L3p5-n2-beta2__N0080__Aminus_0p02,hm-a10-g1-L3p5-n2-beta2,80,0.02,50,2.1875,9.985837893461248,9.996629657219456
hm-a10-g1-L3p5-n2-beta2__N0080__Aplus_0p02,hm-a10-g1-L3p5-n2-beta2__N0080__Aminus_0p02,hm-a10-g1-L3p5-n2-beta2,80,0.02,51,2.2312499999999997,9.986988746076491,9.996902684447749
hm-a10-g1-L3p5-n2-beta2__N0080__Aplus_0p02,hm-a10-g1-L3p5-n2-beta2__N0080__Aminus_0p02,hm-a10-g1-L3p5-n2-beta2,80,0.02,52,2.275,9.98821973676648,9.997194687573709
hm-a10-g1-L3p5-n2-beta2__N0080__Aplus_0p02,hm-a10-g1-L3p5-n2-beta2__N0080__Aminus_0p02,hm-a10-g1-L3p5-n2-beta2,80,0.02,53,2.3187499999999996,9.989523317850507,9.997503869316446
hm-a10-g1-L3p5-n2-beta2__N0080__Aplus_0p02,hm-a10-g1-L3p5-n2-beta2__N0080__Aminus_0p02,hm-a10-g1-L3p5-n2-beta2,80,0.02,54,2.3625,9.990891492039761,9.997828326333474
hm-a10-g1-L3p5-n2-beta2__N0080__Aplus_0p02,hm-a10-g1-L3p5-n2-beta2__N0080__Aminus_0p02,hm-a10-g1-L3p5-n2-beta2,80,0.02,55,2.40625,9.99231586076577,9.998166060884891
hm-a10-g1-L3p5-n2-beta2__N0080__Aplus_0p02,hm-a10-g1-L3p5-n2-beta2__N0080__Aminus_0p02,hm-a10-g1-L3p5-n2-beta2,80,0.02,56,2.4499999999999997,9.993787675057046,9.998514993084976
hm-a10-g1-L3p5-n2-beta2__N0080__Aplus_0p02,hm-a10-g1-L3p5-n2-beta2__N0080__Aminus_0p02,hm-a10-g1-L3p5-n2-beta2,80,0.02,57,2.49375,9.995297888672578,9.998872973667224
hm-a10-g1-L3p5-n2-beta2__N0080__Aplus_0p02,hm-a10-g1-L3p5-n2-beta2__N0080__Aminus_0p02,hm-a10-g1-L3p5-n2-beta2,80,0.02,58,2.5374999999999996,9.996837213184403,9.999237797185595
hm-a10-g1-L3p5-n2-beta2__N0080__Aplus_0p02,hm-a10-g1-L3p5-n2-beta2__N0080__Aminus_0p02,hm-a10-g1-L3p5-n2-beta2,80,0.02,59,2.58125,9.998396174686816,9.999607215571782
hm-a10-g1-L3p5-n2-beta2__N0080__Aplus_0p02,hm-a10-g1-L3p5-n2-beta2__N0080__Aminus_0p02,hm-a10-g1-L3p5-n2-beta2,80,0.02,60,2.625,9.99996517179637,9.999978951965913
hm-a10-g1-L3p5-n2-beta2__N0080__Aplus_0p02,hm-a10-g1-L3p5-n2-beta2__N0080__Aminus_0p02,hm-a10-g1-L3p5-n2-beta2,80,0.02,61,2.6687499999999997,10.001534534595317,10.00035071473615
hm-a10-g1-L3p5-n2-beta2__N0080__Aplus_0p02,hm-a10-g1-L3p5-n2-beta2__N0080__Aminus_0p02,hm-a10-g1-L3p5-n2-beta2,80,0.02,62,2.7125,10.003094584161436,10.00072021160119
hm-a10-g1-L3p5-n2-beta2__N0080__Aplus_0p02,hm-a10-g1-L3p5-n2-beta2__N0080__Aminus_0p02,hm-a10-g1-L3p5-n2-beta2,80,0.02,63,2.7562499999999996,10.004635692319614,10.001085163768751
hm-a10-g1-L3p5-n2-beta2__N0080__Aplus_0p02,hm-a10-g1-L3p5-n2-beta2__N0080__Aminus_0p02,hm-a10-g1-L3p5-n2-beta2,80,0.02,64,2.8,10.006148341244952,10.001443320002762
hm-a10-g1-L3p5-n2-beta2__N0080__Aplus_0p02,hm-a10-g1-L3p5-n2-beta2__N0080__Aminus_0p02,hm-a10-g1-L3p5-n2-beta2,80,0.02,65,2.84375,10.007623182544213,10.00179247053205
hm-a10-g1-L3p5-n2-beta2__N0080__Aplus_0p02,hm-a10-g1-L3p5-n2-beta2__N0080__Aminus_0p02,hm-a10-g1-L3p5-n2-beta2,80,0.02,66,2.8874999999999997,10.009051095441544,10.002130460714131
hm-a10-g1-L3p5-n2-beta2__N0080__Aplus_0p02,hm-a10-g1-L3p5-n2-beta2__N0080__Aminus_0p02,hm-a10-g1-L3p5-n2-beta2,80,0.02,67,2.93125,10.010423243696346,10.002455204368802
hm-a10-g1-L3p5-n2-beta2__N0080__Aplus_0p02,hm-a10-g1-L3p5-n2-beta2__N0080__Aminus_0p02,hm-a10-g1-L3p5-n2-beta2,80,0.02,68,2.9749999999999996,10.011731130885593,10.002764696698199
hm-a10-g1-L3p5-n2-beta2__N0080__Aplus_0p02,hm-a10-g1-L3p5-n2-beta2__N0080__Aminus_0p02,hm-a10-g1-L3p5-n2-beta2,80,0.02,69,3.01875,10.012966653689974,10.00305702671216
hm-a10-g1-L3p5-n2-beta2__N0080__Aplus_0p02,hm-a10-g1-L3p5-n2-beta2__N0080__Aminus_0p02,hm-a10-g1-L3p5-n2-beta2,80,0.02,70,3.0625,10.014122152833155,10.003330389080734
hm-a10-g1-L3p5-n2-beta2__N0080__Aplus_0p02,hm-a10-g1-L3p5-n2-beta2__N0080__Aminus_0p02,hm-a10-g1-L3p5-n2-beta2,80,0.02,71,3.1062499999999997,10.015190461335916,10.003583095339001
hm-a10-g1-L3p5-n2-beta2__N0080__Aplus_0p02,hm-a10-g1-L3p5-n2-beta2__N0080__Aminus_0p02,hm-a10-g1-L3p5-n2-beta2,80,0.02,72,3.15,10.016164949762187,10.00381358437329
hm-a10-g1-L3p5-n2-beta2__N0080__Aplus_0p02,hm-a10-g1-L3p5-n2-beta2__N0080__Aminus_0p02,hm-a10-g1-L3p5-n2-beta2,80,0.02,73,3.1937499999999996,10.017039568151858,10.004020432122266
hm-a10-g1-L3p5-n2-beta2__N0080__Aplus_0p02,hm-a10-g1-L3p5-n2-beta2__N0080__Aminus_0p02,hm-a10-g1-L3p5-n2-beta2,80,0.02,74,3.2375,10.017808884355572,10.004202360431186
hm-a10-g1-L3p5-n2-beta2__N0080__Aplus_0p02,hm-a10-g1-L3p5-n2-beta2__N0080__Aminus_0p02,hm-a10-g1-L3p5-n2-beta2,80,0.02,75,3.28125,10.018468118509551,10.004358245002908
hm-a10-g1-L3p5-n2-beta2__N0080__Aplus_0p02,hm-a10-g1-L3p5-n2-beta2__N0080__Aminus_0p02,hm-a10-g1-L3p5-n2-beta2,80,0.02,76,3.3249999999999997,10.019013173413502,10.004487122394869
hm-a10-g1-L3p5-n2-beta2__N0080__Aplus_0p02,hm-a10-g1-L3p5-n2-beta2__N0080__Aminus_0p02,hm-a10-g1-L3p5-n2-beta2,80,0.02,77,3.36875,10.019440660601788,10.0045881960173
hm-a10-g1-L3p5-n2-beta2__N0080__Aplus_0p02,hm-a10-g1-L3p5-n2-beta2__N0080__Aminus_0p02,hm-a10-g1-L3p5-n2-beta2,80,0.02,78,3.4124999999999996,10.019747921927022,10.004660841094239
hm-a10-g1-L3p5-n2-beta2__N0080__Aplus_0p02,hm-a10-g1-L3p5-n2-beta2__N0080__Aminus_0p02,hm-a10-g1-L3p5-n2-beta2,80,0.02,79,3.45625,10.019933046505779,10.004704608555523
hm-a10-g1-L3p5-n2-beta2__N0080__Aplus_0p02,hm-a10-g1-L3p5-n2-beta2__N0080__Aminus_0p02,hm-a10-g1-L3p5-n2-beta2,80,0.02,80,3.5,10.019994882908144,10.004719227834793
