{
  "alpha_n0": 0.4540001658248124,
  "beta_n0": -0.5358284942394957,
  "chi_hi": 23.94185116946339,
  "chi_lo": 23.92400432826919,
  "chi_star": 23.94185116946339,
  "chi_star_disc": 23.92400432826919,
  "chi_star_mode_n0": 23.941851169463394,
  "classification": "subcritical",
  "n0": 1
}
