{
  "alpha_n0": 0.07504134972310948,
  "beta_n0": -0.014690641729191276,
  "chi_hi": 264.7820764739041,
  "chi_lo": 264.6841919492255,
  "chi_star": 264.7820764739041,
  "chi_star_disc": 264.6841919492255,
  "chi_star_mode_n0": 264.7820764739041,
  "classification": "subcritical",
  "n0": 1
}
