{
  "alpha_n0": 0.1135000414562031,
  "beta_n0": -1.047765363208696,
  "chi_hi": 95.76740467785356,
  "chi_lo": 95.69601731307677,
  "chi_star": 95.76740467785356,
  "chi_star_disc": 95.69601731307677,
  "chi_star_mode_n0": 95.76740467785358,
  "classification": "subcritical",
  "n0": 1
}
