{
  "alpha_n0": 9.080003316496247,
  "beta_n0": 0.023467993232577884,
  "chi_hi": 2.1882816237512737,
  "chi_lo": 2.1874726607374013,
  "chi_star": 2.1882816237512737,
  "chi_star_disc": 2.1874726607374013,
  "chi_star_mode_n0": 2.1882816237512737,
  "classification": "supercritical",
  "n0": 1
}
