state_id,reflection_partner_id,case,mesh,requested_amplitude,node,x,u,v
hm-m05-g2-L5p3-n2-beta1__N0040__Aminus_0p02,hm-m05-g2-L5p3-n2-beta1__N0040__Aplus_0p02,hm-m05-g2-L5p3-n2-beta1,40,-0.02,0,0.0,0.9798744660220536,0.9832070015426513
hm-m05-g2-L5p3-n2-beta1__N0040__Aminus_0p02,hm-m05-g2-L5p3-n2-beta1__N0040__Aplus_0p02,hm-m05-g2-L5p3-n2-beta1,40,-0.02,1,0.1325,0.980117068250091,0.9834093639425177
hm-m05-g2-L5p3-n2-beta1__N0040__Aminus_0p02,hm-m05-g2-L5p3-n2-beta1__N0040__Aplus_0p02,hm-m05-g2-L5p3-n2-beta1,40,-0.02,2,0.265,0.9808391664817698,0.9840116558997394
hm-m05-g2-L5p3-n2-beta1__N0040__Aminus_0p02,hm-m05-g2-L5p3-n2-beta1__N0040__Aplus_0p02,hm-m05-g2-L5p3-n2-beta1,40,-0.02,3,0.3975,0.9820237501171871,0.9849995916993036
hm-m05-g2-L5p3-n2-beta1__N0040__Aminus_0p02,hm-m05-g2-L5p3-n2-beta1__N0040__Aplus_0p02,hm-m05-g2-L5p3-n2-beta1,40,-0.02,4,0.53,0.9836428503455941,0.9863496944304142
hm-m05-g2-L5p3-n2-beta1__N0040__Aminus_0p02,hm-m05-g2-L5p3-n2-beta1__N0040__Aplus_0p02,hm-m05-g2-L5p3-n2-beta1,40,-0.02,5,0.6625000000000001,0.9856581120273279,0.9880297921155303
hm-m05-g2-L5p3-n2-beta1__N0040__Aminus_0p02,hm-m05-g2-L5p3-n2-beta1__N0040__Aplus_0p02,hm-m05-g2-L5p3-n2-beta1,40,-0.02,6,0.795,0.9880215907337517,0.9899997062392312
hm-m05-g2-L5p3-n2-beta1__N0040__Aminus_0p02,hm-m05-g2-L5p3-n2-beta1__N0040__Aplus_0p02,hm-m05-g2-L5p3-n2-beta1,40,-0.02,7,0.9275,0.9906767695995001,0.9922121255900272
hm-m05-g2-L5p3-n2-beta1__N0040__Aminus_0p02,hm-m05-g2-L5p3-n2-beta1__N0040__Aplus_0p02,hm-m05-g2-L5p3-n2-beta1,40,-0.02,8,1.06,0.9935597868501875,0.9946136549628141
hm-m05-g2-L5p3-n2-beta1__N0040__Aminus_0p02,hm-m05-g2-L5p3-n2-beta1__N0040__Aplus_0p02,hm-m05-g2-L5p3-n2-beta1,40,-0.02,9,1.1925000000000001,0.996600859773276,0.9971460241306757
hm-m05-g2-L5p3-n2-beta1__N0040__Aminus_0p02,hm-m05-g2-L5p3-n2-beta1__N0040__Aplus_0p02,hm-m05-g2-L5p3-n2-beta1,40,-0.02,10,1.3250000000000002,0.9997258846040996,0.9997474376482712
hm-m05-g2-L5p3-n2-beta1__N0040__Aminus_0p02,hm-m05-g2-L5p3-n2-beta1__N0040__Aplus_0p02,hm-m05-g2-L5p3-n2-beta1,40,-0.02,11,1.4575,1.0028581845854512,1.0023540406757545
hm-m05-g2-L5p3-n2-beta1__N0040__Aminus_0p02,hm-m05-g2-L5p3-n2-beta1__N0040__Aplus_0p02,hm-m05-g2-L5p3-n2-beta1,40,-0.02,12,1.59,1.005920370772514,1.0049014704027415
hm-m05-g2-L5p3-n2-beta1__N0040__Aminus_0p02,hm-m05-g2-L5p3-n2-beta1__N0040__Aplus_0p02,hm-m05-g2-L5p3-n2-beta1,40,-0.02,13,1.7225000000000001,1.0088362725689388,1.0073264571903036
hm-m05-g2-L5p3-n2-beta1__N0040__Aminus_0p02,hm-m05-g2-L5p3-n2-beta1__N0040__Aplus_0p02,hm-m05-g2-L5p3-n2-beta1,40,-0.02,14,1.855,1.011532888147502,1.0095684346843763
hm-m05-g2-L5p3-n2-beta1__N0040__Aminus_0p02,hm-m05-g2-L5p3-n2-beta1__N0040__Aplus_0p02,hm-m05-g2-L5p3-n2-beta1,40,-0.02,15,1.9875,1.0139422995013583,1.0115711143617174
hm-m05-g2-L5p3-n2-beta1__N0040__Aminus_0p02,hm-m05-g2-L5p3-n2-beta1__N0040__Aplus_0p02,hm-m05-g2-L5p3-n2-beta1,40,-0.02,16,2.12,1.0160034935123907,1.013283977705002
hm-m05-g2-L5p3-n2-beta1__N0040__Aminus_0p02,hm-m05-g2-L5p3-n2-beta1__N0040__Aplus_0p02,hm-m05-g2-L5p3-n2-beta1,40,-0.02,17,2.2525,1.0176640296207269,1.0146636388530468
hm-m05-g2-L5p3-n2-beta1__N0040__Aminus_0p02,hm-m05-g2-L5p3-n2-beta1__N0040__Aplus_0p02,hm-m05-g2-L5p3-n2-beta1,40,-0.02,18,2.3850000000000002,1.0188814967723785,1.0156750324056458
hm-m05-g2-L5p3-n2-beta1__N0040__Aminus_0p02,hm-m05-g2-L5p3-n2-beta1__N0040__Aplus_0p02,hm-m05-g2-L5p3-n2-beta1,40,-0.02,19,2.5175,1.019624707435146,1.0162923851956511
hm-m05-g2-L5p3-n2-beta1__N0040__Aminus_0p02,hm-m05-g2-L5p3-n2-beta1__N0040__Aplus_0p02,hm-m05-g2-L5p3-n2-beta1,40,-0.02,20,2.6500000000000004,1.0198745844955774,1.0164999372099333
hm-m05-g2-L5p3-n2-beta1__N0040__Aminus_0p02,hm-m05-g2-L5p3-n2-beta1__N0040__Aplus_0p02,hm-m05-g2-L5p3-n2-beta1,40,-0.02,21,2.7825,1.0196247074351463,1.0162923851956513
hm-m05-g2-L5p3-n2-beta1__N0040__Aminus_0p02,hm-m05-g2-L5p3-n2-beta1__N0040__Aplus_0p02,hm-m05-g2-L5p3-n2-beta1,40,-0.02,22,2.915,1.0188814967723787,1.0156750324056463
hm-m05-g2-L5p3-n2-beta1__N0040__Aminus_0p02,hm-m05-g2-L5p3-n2-beta1__N0040__Aplus_0p02,hm-m05-g2-L5p3-n2-beta1,40,-0.02,23,3.0475000000000003,1.017664029620727,1.0146636388530474
hm-m05-g2-L5p3-n2-beta1__N0040__Aminus_0p02,hm-m05-g2-L5p3-n2-beta1__N0040__Aplus_0p02,hm-m05-g2-L5p3-n2-beta1,40,-0.02,24,3.18,1.0160034935123912,1.0132839777050027
hm-m05-g2-L5p3-n2-beta1__N0040__Aminus_0p02,hm-m05-g2-L5p3-n2-beta1__N0040__Aplus_0p02,hm-m05-g2-L5p3-n2-beta1,40,-0.02,25,3.3125,1.013942299501359,1.0115711143617183
hm-m05-g2-L5p3-n2-beta1__N0040__Aminus_0p02,hm-m05-g2-L5p3-n2-beta1__N0040__Aplus_0p02,hm-m05-g2-L5p3-n2-beta1,40,-0.02,26,3.4450000000000003,1.0115328881475028,1.0095684346843774
hm-m05-g2-L5p3-n2-beta1__N0040__Aminus_0p02,hm-m05-g2-L5p3-n2-beta1__N0040__Aplus_0p02,hm-m05-g2-L5p3-n2-beta1,40,-0.02,27,3.5775,1.0088362725689397,1.0073264571903044
hm-m05-g2-L5p3-n2-beta1__N0040__Aminus_0p02,hm-m05-g2-L5p3-n2-beta1__N0040__Aplus_0p02,hm-m05-g2-L5p3-n2-beta1,40,-0.02,28,3.71,1.005920370772515,1.0049014704027424
hm-m05-g2-L5p3-n2-beta1__N0040__Aminus_0p02,hm-m05-g2-L5p3-n2-beta1__N0040__Aplus_0p02,hm-m05-g2-L5p3-n2-beta1,40,-0.02,29,3.8425000000000002,1.0028581845854523,1.0023540406757552
hm-m05-g2-L5p3-n2-beta1__N0040__Aminus_0p02,hm-m05-g2-L5p3-n2-beta1__N0040__Aplus_0p02,hm-m05-g2-L5p3-n2-beta1,40,-0.02,30,3.975,0.999725884604101,0.999747437648272
hm-m05-g2-L5p3-n2-beta1__N0040__Aminus_0p02,hm-m05-g2-L5p3-n2-beta1__N0040__Aplus_0p02,hm-m05-g2-L5p3-n2-beta1,40,-0.02,31,4.1075,0.9966008597732774,0.9971460241306765
hm-m05-g2-L5p3-n2-beta1__N0040__Aminus_0p02,hm-m05-g2-L5p3-n2-beta1__N0040__Aplus_0p02,hm-m05-g2-L5p3-n2-beta1,40,-0.02,32,4.24,0.9935597868501889,0.9946136549628153
hm-m05-g2-L5p3-n2-beta1__N0040__Aminus_0p02,hm-m05-g2-L5p3-n2-beta1__N0040__Aplus_0p02,hm-m05-g2-L5p3-n2-beta1,40,-0.02,33,4.3725000000000005,0.9906767695995014,0.9922121255900285
hm-m05-g2-L5p3-n2-beta1__N0040__Aminus_0p02,hm-m05-g2-L5p3-n2-beta1__N0040__Aplus_0p02,hm-m05-g2-L5p3-n2-beta1,40,-0.02,34,4.505,0.988021590733753,0.9899997062392323
hm-m05-g2-L5p3-n2-beta1__N0040__Aminus_0p02,hm-m05-g2-L5p3-n2-beta1__N0040__Aplus_0p02,hm-m05-g2-L5p3-n2-beta1,40,-0.02,35,4.6375,0.985658112027329,0.9880297921155317
hm-m05-g2-L5p3-n2-beta1__N0040__Aminus_0p02,hm-m05-g2-L5p3-n2-beta1__N0040__Aplus_0p02,hm-m05-g2-L5p3-n2-beta1,40,-0.02,36,4.7700000000000005,0.983642850345595,0.9863496944304155
hm-m05-g2-L5p3-n2-beta1__N0040__Aminus_0p02,hm-m05-g2-L5p3-n2-beta1__N0040__Aplus_0p02,hm-m05-g2-L5p3-n2-beta1,40,-0.02,37,4.9025,0.9820237501171879,0.9849995916993052
hm-m05-g2-L5p3-n2-beta1__N0040__Aminus_0p02,hm-m05-g2-L5p3-n2-beta1__N0040__Aplus_0p02,hm-m05-g2-L5p3-n2-beta1,40,-0.02,38,5.035,0.9808391664817706,0.9840116558997409
hm-m05-g2-L5p3-n2-beta1__N0040__Aminus_0p02,hm-m05-g2-L5p3-n2-beta1__N0040__Aplus_0p02,hm-m05-g2-L5p3-n2-beta1,40,-0.02,39,5.1675,0.9801170682500917,0.9834093639425193
hm-m05-g2-L5p3-n2-beta1__N0040__Aminus_0p02,hm-m05-g2-L5p3-n2-beta1__N0040__Aplus_0p02,hm-m05-g2-L5p3-n2-beta1,40,-0.02,40,5.3,0.9798744660220544,0.9832070015426528
hm-m05-g2-L5p3-n2-beta1__N0040__Aminus_0p01,hm-m05-g2-L5p3-n2-beta1__N0040__Aplus_0p01,hm-m05-g2-L5p3-n2-beta1,40,-0.01,0,0.0,0.9899686243993956,0.9916391692683658
hm-m05-g2-L5p3-n2-beta1__N0040__Aminus_0p01,hm-m05-g2-L5p3-n2-beta1__N0040__Aplus_0p01,hm-m05-g2-L5p3-n2-beta1,40,-0.01,1,0.1325,0.9900908327996124,0.9917410068594676
hm-m05-g2-L5p3-n2-beta1__N0040__Aminus_0p01,hm-m05-g2-L5p3-n2-beta1__N0040__Aplus_0p01,hm-m05-g2-L5p3-n2-beta1,40,-0.01,2,0.265,0.9904545152634233,0.9920440592593868
hm-m05-g2-L5p3-n2-beta1__N0040__Aminus_0p01,hm-m05-g2-L5p3-n2-beta1__N0040__Aplus_0p01,hm-m05-g2-L5p3-n2-beta1,40,-0.01,3,0.3975,0.9910509095558758,0.992541001347321
hm-m05-g2-L5p3-n2-beta1__N0040__Aminus_0p01,hm-m05-g2-L5p3-n2-beta1__N0040__Aplus_0p01,hm-m05-g2-L5p3-n2-beta1,40,-0.01,4,0.53,0.9918656308765365,0.9932198103146826
hm-m05-g2-L5p3-n2-beta1__N0040__Aminus_0p01,hm-m05-g2-L5p3-n2-beta1__N0040__Aplus_0p01,hm-m05-g2-L5p3-n2-beta1,40,-0.01,5,0.6625000000000001,0.9928789967307188,0.9940640409514632
hm-m05-g2-L5p3-n2-beta1__N0040__Aminus_0p01,hm-m05-g2-L5p3-n2-beta1__N0040__Aplus_0p01,hm-m05-g2-L5p3-n2-beta1,40,-0.01,6,0.795,0.9940664745942154,0.9950532043800946
hm-m05-g2-L5p3-n2-beta1__N0040__Aminus_0p01,hm-m05-g2-L5p3-n2-beta1__N0040__Aplus_0p01,hm-m05-g2-L5p3-n2-beta1,40,-0.01,7,0.9275,0.9953992449508606,0.9961632434408912
hm-m05-g2-L5p3-n2-beta1__N0040__Aminus_0p01,hm-m05-g2-L5p3-n2-beta1__N0040__Aplus_0p01,hm-m05-g2-L5p3-n2-beta1,40,-0.01,8,1.06,0.9968448698407519,0.9973670958437965
hm-m05-g2-L5p3-n2-beta1__N0040__Aminus_0p01,hm-m05-g2-L5p3-n2-beta1__N0040__Aplus_0p01,hm-m05-g2-L5p3-n2-beta1,40,-0.01,9,1.1925000000000001,0.9983680544699046,0.9986353340610552
hm-m05-g2-L5p3-n2-beta1__N0040__Aminus_0p01,hm-m05-g2-L5p3-n2-beta1__N0040__Aplus_0p01,hm-m05-g2-L5p3-n2-beta1,40,-0.01,10,1.3250000000000002,0.9999314867607345,0.9999368687927327
hm-m05-g2-L5p3-n2-beta1__N0040__Aminus_0p01,hm-m05-g2-L5p3-n2-beta1__N0040__Aplus_0p01,hm-m05-g2-L5p3-n2-beta1,40,-0.01,11,1.4575,1.0014967370682089,1.0012397007658562
hm-m05-g2-L5p3-n2-beta1__N0040__Aminus_0p01,hm-m05-g2-L5p3-n2-beta1__N0040__Aplus_0p01,hm-m05-g2-L5p3-n2-beta1,40,-0.01,12,1.59,1.0030251977843325,1.0025117037253481
hm-m05-g2-L5p3-n2-beta1__N0040__Aminus_0p01,hm-m05-g2-L5p3-n2-beta1__N0040__Aplus_0p01,hm-m05-g2-L5p3-n2-beta1,40,-0.01,13,1.7225000000000001,1.0044790403639692,1.0037214198544975
hm-m05-g2-L5p3-n2-beta1__N0040__Aminus_0p01,hm-m05-g2-L5p3-n2-beta1__N0040__Aplus_0p01,hm-m05-g2-L5p3-n2-beta1,40,-0.01,14,1.855,1.00582216559926,1.0048388476461658
hm-m05-g2-L5p3-n2-beta1__N0040__Aminus_0p01,hm-m05-g2-L5p3-n2-beta1__N0040__Aplus_0p01,hm-m05-g2-L5p3-n2-beta1,40,-0.01,15,1.9875,1.0070211219152347,1.005836201552263
hm-m05-g2-L5p3-n2-beta1__N0040__Aminus_0p01,hm-m05-g2-L5p3-n2-beta1__N0040__Aplus_0p01,hm-m05-g2-L5p3-n2-beta1,40,-0.01,16,2.12,1.0080459662019978,1.0066886226730287
hm-m05-g2-L5p3-n2-beta1__N0040__Aminus_0p01,hm-m05-g2-L5p3-n2-beta1__N0040__Aplus_0p01,hm-m05-g2-L5p3-n2-beta1,40,-0.01,17,2.2525,1.0088710423492124,1.0073748203883295
hm-m05-g2-L5p3-n2-beta1__N0040__Aminus_0p01,hm-m05-g2-L5p3-n2-beta1__N0040__Aplus_0p01,hm-m05-g2-L5p3-n2-beta1,40,-0.01,18,2.3850000000000002,1.0094756542670216,1.0078776262236042
hm-m05-g2-L5p3-n2-beta1__N0040__Aminus_0p01,hm-m05-g2-L5p3-n2-beta1__N0040__Aplus_0p01,hm-m05-g2-L5p3-n2-beta1,40,-0.01,19,2.5175,1.0098446127657121,1.0081844433828242
hm-m05-g2-L5p3-n2-beta1__N0040__Aminus_0p01,hm-m05-g2-L5p3-n2-beta1__N0040__Aplus_0p01,hm-m05-g2-L5p3-n2-beta1,40,-0.01,20,2.6500000000000004,1.009968639162676,1.0082875782218914
hm-m05-g2-L5p3-n2-beta1__N0040__Aminus_0p01,hm-m05-g2-L5p3-n2-beta1__N0040__Aplus_0p01,hm-m05-g2-L5p3-n2-beta1,40,-0.01,21,2.7825,1.0098446127657124,1.0081844433828246
hm-m05-g2-L5p3-n2-beta1__N0040__Aminus_0p01,hm-m05-g2-L5p3-n2-beta1__N0040__Aplus_0p01,hm-m05-g2-L5p3-n2-beta1,40,-0.01,22,2.915,1.0094756542670225,1.0078776262236053
hm-m05-g2-L5p3-n2-beta1__N0040__Aminus_0p01,hm-m05-g2-L5p3-n2-beta1__N0040__Aplus_0p01,hm-m05-g2-L5p3-n2-beta1,40,-0.01,23,3.0475000000000003,1.0088710423492138,1.007374820388331
hm-m05-g2-L5p3-n2-beta1__N0040__Aminus_0p01,hm-m05-g2-L5p3-n2-beta1__N0040__Aplus_0p01,hm-m05-g2-L5p3-n2-beta1,40,-0.01,24,3.18,1.0080459662019994,1.0066886226730305
hm-m05-g2-L5p3-n2-beta1__N0040__Aminus_0p01,hm-m05-g2-L5p3-n2-beta1__N0040__Aplus_0p01,hm-m05-g2-L5p3-n2-beta1,40,-0.01,25,3.3125,1.0070211219152367,1.0058362015522655
hm-m05-g2-L5p3-n2-beta1__N0040__Aminus_0p01,hm-m05-g2-L5p3-n2-beta1__N0040__Aplus_0p01,hm-m05-g2-L5p3-n2-beta1,40,-0.01,26,3.4450000000000003,1.0058221655992623,1.0048388476461687
hm-m05-g2-L5p3-n2-beta1__N0040__Aminus_0p01,hm-m05-g2-L5p3-n2-beta1__N0040__Aplus_0p01,hm-m05-g2-L5p3-n2-beta1,40,-0.01,27,3.5775,1.0044790403639718,1.0037214198545004
hm-m05-g2-L5p3-n2-beta1__N0040__Aminus_0p01,hm-m05-g2-L5p3-n2-beta1__N0040__Aplus_0p01,hm-m05-g2-L5p3-n2-beta1,40,-0.01,28,3.71,1.0030251977843354,1.0025117037253513
hm-m05-g2-L5p3-n2-beta1__N0040__Aminus_0p01,hm-m05-g2-L5p3-n2-beta1__N0040__Aplus_0p01,hm-m05-g2-L5p3-n2-beta1,40,-0.01,29,3.8425000000000002,1.0014967370682117,1.0012397007658593
hm-m05-g2-L5p3-n2-beta1__N0040__Aminus_0p01,hm-m05-g2-L5p3-n2-beta1__N0040__Aplus_0p01,hm-m05-g2-L5p3-n2-beta1,40,-0.01,30,3.975,0.9999314867607375,0.9999368687927359
hm-m05-g2-L5p3-n2-beta1__N0040__Aminus_0p01,hm-m05-g2-L5p3-n2-beta1__N0040__Aplus_0p01,hm-m05-g2-L5p3-n2-beta1,40,-0.01,31,4.1075,0.9983680544699076,0.9986353340610586
hm-m05-g2-L5p3-n2-beta1__N0040__Aminus_0p01,hm-m05-g2-L5p3-n2-beta1__N0040__Aplus_0p01,hm-m05-g2-L5p3-n2-beta1,40,-0.01,32,4.24,0.9968448698407548,0.9973670958438001
hm-m05-g2-L5p3-n2-beta1__N0040__Aminus_0p01,hm-m05-g2-L5p3-n2-beta1__N0040__Aplus_0p01,hm-m05-g2-L5p3-n2-beta1,40,-0.01,33,4.3725000000000005,0.9953992449508634,0.9961632434408951
hm-m05-g2-L5p3-n2-beta1__N0040__Aminus_0p01,hm-m05-g2-L5p3-n2-beta1__N0040__Aplus_0p01,hm-m05-g2-L5p3-n2-beta1,40,-0.01,34,4.505,0.9940664745942179,0.9950532043800985
hm-m05-g2-L5p3-n2-beta1__N0040__Aminus_0p01,hm-m05-g2-L5p3-n2-beta1__N0040__Aplus_0p01,hm-m05-g2-L5p3-n2-beta1,40,-0.01,35,4.6375,0.9928789967307211,0.9940640409514672
hm-m05-g2-L5p3-n2-beta1__N0040__Aminus_0p01,hm-m05-g2-L5p3-n2-beta1__N0040__Aplus_0p01,hm-m05-g2-L5p3-n2-beta1,40,-0.01,36,4.7700000000000005,0.9918656308765387,0.9932198103146866
hm-m05-g2-L5p3-n2-beta1__N0040__Aminus_0p01,hm-m05-g2-L5p3-n2-beta1__N0040__Aplus_0p01,hm-m05-g2-L5p3-n2-beta1,40,-0.01,37,4.9025,0.9910509095558778,0.992541001347325
hm-m05-g2-L5p3-n2-beta1__N0040__Aminus_0p01,hm-m05-g2-L5p3-n2-beta1__N0040__Aplus_0p01,hm-m05-g2-L5p3-n2-beta1,40,-0.01,38,5.035,0.9904545152634251,0.9920440592593907
hm-m05-g2-L5p3-n2-beta1__N0040__Aminus_0p01,hm-m05-g2-L5p3-n2-beta1__N0040__Aplus_0p01,hm-m05-g2-L5p3-n2-beta1,40,-0.01,39,5.1675,0.9900908327996141,0.9917410068594713
hm-m05-g2-L5p3-n2-beta1__N0040__Aminus_0p01,hm-m05-g2-L5p3-n2-beta1__N0040__Aplus_0p01,hm-m05-g2-L5p3-n2-beta1,40,-0.01,40,5.3,0.9899686243993973,0.9916391692683697
hm-m05-g2-L5p3-n2-beta1__N0040__Aminus_0p005,hm-m05-g2-L5p3-n2-beta1__N0040__Aplus_0p005,hm-m05-g2-L5p3-n2-beta1,40,-0.005,0,0.0,0.9949921570523086,0.9958286202898405
hm-m05-g2-L5p3-n2-beta1__N0040__Aminus_0p005,hm-m05-g2-L5p3-n2-beta1__N0040__Aplus_0p005,hm-m05-g2-L5p3-n2-beta1,40,-0.005,1,0.1325,0.9950534882224542,0.995879702197944
hm-m05-g2-L5p3-n2-beta1__N0040__Aminus_0p005,hm-m05-g2-L5p3-n2-beta1__N0040__Aplus_0p005,hm-m05-g2-L5p3-n2-beta1,40,-0.005,2,0.265,0.9952359881839223,0.9960317019565972
hm-m05-g2-L5p3-n2-beta1__N0040__Aminus_0p005,hm-m05-g2-L5p3-n2-beta1__N0040__Aplus_0p005,hm-m05-g2-L5p3-n2-beta1,40,-0.005,3,0.3975,0.9955352114406412,0.9962809111943285
hm-m05-g2-L5p3-n2-beta1__N0040__Aminus_0p005,hm-m05-g2-L5p3-n2-beta1__N0040__Aplus_0p005,hm-m05-g2-L5p3-n2-beta1,40,-0.005,4,0.53,0.9959438652949837,0.9966212470953041
hm-m05-g2-L5p3-n2-beta1__N0040__Aminus_0p005,hm-m05-g2-L5p3-n2-beta1__N0040__Aplus_0p005,hm-m05-g2-L5p3-n2-beta1,40,-0.005,5,0.6625000000000001,0.9964519820691626,0.9970443969559856
hm-m05-g2-L5p3-n2-beta1__N0040__Aminus_0p005,hm-m05-g2-L5p3-n2-beta1__N0040__Aplus_0p005,hm-m05-g2-L5p3-n2-beta1,40,-0.005,6,0.795,0.9970471552791332,0.9975400162846765
hm-m05-g2-L5p3-n2-beta1__N0040__Aminus_0p005,hm-m05-g2-L5p3-n2-beta1__N0040__Aplus_0p005,hm-m05-g2-L5p3-n2-beta1,40,-0.005,7,0.9275,0.9977148348501794,0.9980959762064575
hm-m05-g2-L5p3-n2-beta1__N0040__Aminus_0p005,hm-m05-g2-L5p3-n2-beta1__N0040__Aplus_0p005,hm-m05-g2-L5p3-n2-beta1,40,-0.005,8,1.06,0.9984386751087424,0.9986986547934543
hm-m05-g2-L5p3-n2-beta1__N0040__Aminus_0p005,hm-m05-g2-L5p3-n2-beta1__N0040__Aplus_0p005,hm-m05-g2-L5p3-n2-beta1,40,-0.005,9,1.1925000000000001,0.9992009279868592,0.9993332658614207
hm-m05-g2-L5p3-n2-beta1__N0040__Aminus_0p005,hm-m05-g2-L5p3-n2-beta1__N0040__Aplus_0p005,hm-m05-g2-L5p3-n2-beta1,40,-0.005,10,1.3250000000000002,0.9999828726654939,0.99998421778428
hm-m05-g2-L5p3-n2-beta1__N0040__Aminus_0p005,hm-m05-g2-L5p3-n2-beta1__N0040__Aplus_0p005,hm-m05-g2-L5p3-n2-beta1,40,-0.005,11,1.4575,1.0007652718001105,1.0006354940089977
hm-m05-g2-L5p3-n2-beta1__N0040__Aminus_0p005,hm-m05-g2-L5p3-n2-beta1__N0040__Aplus_0p005,hm-m05-g2-L5p3-n2-beta1,40,-0.005,12,1.59,1.0015288435606786,1.001271046237671
hm-m05-g2-L5p3-n2-beta1__N0040__Aminus_0p005,hm-m05-g2-L5p3-n2-beta1__N0040__Aplus_0p005,hm-m05-g2-L5p3-n2-beta1,40,-0.005,13,1.7225000000000001,1.0022547380262965,1.0018751907170076
hm-m05-g2-L5p3-n2-beta1__N0040__Aminus_0p005,hm-m05-g2-L5p3-n2-beta1__N0040__Aplus_0p005,hm-m05-g2-L5p3-n2-beta1,40,-0.005,14,1.855,1.00292500604833,1.0024329977711925
hm-m05-g2-L5p3-n2-beta1__N0040__Aminus_0p005,hm-m05-g2-L5p3-n2-beta1__N0040__Aplus_0p005,hm-m05-g2-L5p3-n2-beta1,40,-0.005,15,1.9875,1.0035230485771405,1.0029306646623137
hm-m05-g2-L5p3-n2-beta1__N0040__Aminus_0p005,hm-m05-g2-L5p3-n2-beta1__N0040__Aplus_0p005,hm-m05-g2-L5p3-n2-beta1,40,-0.005,16,2.12,1.0040340346689156,1.003355862085833
hm-m05-g2-L5p3-n2-beta1__N0040__Aminus_0p005,hm-m05-g2-L5p3-n2-beta1__N0040__Aplus_0p005,hm-m05-g2-L5p3-n2-beta1,40,-0.005,17,2.2525,1.0044452769709893,1.0036980451202788
hm-m05-g2-L5p3-n2-beta1__N0040__Aminus_0p005,hm-m05-g2-L5p3-n2-beta1__N0040__Aplus_0p005,hm-m05-g2-L5p3-n2-beta1,40,-0.005,18,2.3850000000000002,1.004746554430738,1.0039487202516681
hm-m05-g2-L5p3-n2-beta1__N0040__Aminus_0p005,hm-m05-g2-L5p3-n2-beta1__N0040__Aplus_0p005,hm-m05-g2-L5p3-n2-beta1,40,-0.005,19,2.5175,1.0049303732714012,1.0041016611720948
hm-m05-g2-L5p3-n2-beta1__N0040__Aminus_0p005,hm-m05-g2-L5p3-n2-beta1__N0040__Aplus_0p005,hm-m05-g2-L5p3-n2-beta1,40,-0.005,20,2.6500000000000004,1.004992158896285,1.004153067382464
hm-m05-g2-L5p3-n2-beta1__N0040__Aminus_0p005,hm-m05-g2-L5p3-n2-beta1__N0040__Aplus_0p005,hm-m05-g2-L5p3-n2-beta1,40,-0.005,21,2.7825,1.0049303732714012,1.0041016611720952
hm-m05-g2-L5p3-n2-beta1__N0040__Aminus_0p005,hm-m05-g2-L5p3-n2-beta1__N0040__Aplus_0p005,hm-m05-g2-L5p3-n2-beta1,40,-0.005,22,2.915,1.0047465544307381,1.0039487202516688
hm-m05-g2-L5p3-n2-beta1__N0040__Aminus_0p005,hm-m05-g2-L5p3-n2-beta1__N0040__Aplus_0p005,hm-m05-g2-L5p3-n2-beta1,40,-0.005,23,3.0475000000000003,1.0044452769709897,1.00369804512028
hm-m05-g2-L5p3-n2-beta1__N0040__Aminus_0p005,hm-m05-g2-L5p3-n2-beta1__N0040__Aplus_0p005,hm-m05-g2-L5p3-n2-beta1,40,-0.005,24,3.18,1.0040340346689163,1.0033558620858343
hm-m05-g2-L5p3-n2-beta1__N0040__Aminus_0p005,hm-m05-g2-L5p3-n2-beta1__N0040__Aplus_0p005,hm-m05-g2-L5p3-n2-beta1,40,-0.005,25,3.3125,1.0035230485771411,1.002930664662315
hm-m05-g2-L5p3-n2-beta1__N0040__Aminus_0p005,hm-m05-g2-L5p3-n2-beta1__N0040__Aplus_0p005,hm-m05-g2-L5p3-n2-beta1,40,-0.005,26,3.4450000000000003,1.0029250060483308,1.0024329977711939
hm-m05-g2-L5p3-n2-beta1__N0040__Aminus_0p005,hm-m05-g2-L5p3-n2-beta1__N0040__Aplus_0p005,hm-m05-g2-L5p3-n2-beta1,40,-0.005,27,3.5775,1.0022547380262972,1.0018751907170087
hm-m05-g2-L5p3-n2-beta1__N0040__Aminus_0p005,hm-m05-g2-L5p3-n2-beta1__N0040__Aplus_0p005,hm-m05-g2-L5p3-n2-beta1,40,-0.005,28,3.71,1.0015288435606795,1.001271046237672
hm-m05-g2-L5p3-n2-beta1__N0040__Aminus_0p005,hm-m05-g2-L5p3-n2-beta1__N0040__Aplus_0p005,hm-m05-g2-L5p3-n2-beta1,40,-0.005,29,3.8425000000000002,1.0007652718001114,1.0006354940089985
hm-m05-g2-L5p3-n2-beta1__N0040__Aminus_0p005,hm-m05-g2-L5p3-n2-beta1__N0040__Aplus_0p005,hm-m05-g2-L5p3-n2-beta1,40,-0.005,30,3.975,0.9999828726654949,0.9999842177842808
hm-m05-g2-L5p3-n2-beta1__N0040__Aminus_0p005,hm-m05-g2-L5p3-n2-beta1__N0040__Aplus_0p005,hm-m05-g2-L5p3-n2-beta1,40,-0.005,31,4.1075,0.9992009279868603,0.9993332658614216
hm-m05-g2-L5p3-n2-beta1__N0040__Aminus_0p005,hm-m05-g2-L5p3-n2-beta1__N0040__Aplus_0p005,hm-m05-g2-L5p3-n2-beta1,40,-0.005,32,4.24,0.9984386751087435,0.9986986547934554
hm-m05-g2-L5p3-n2-beta1__N0040__Aminus_0p005,hm-m05-g2-L5p3-n2-beta1__N0040__Aplus_0p005,hm-m05-g2-L5p3-n2-beta1,40,-0.005,33,4.3725000000000005,0.9977148348501805,0.998095976206459
hm-m05-g2-L5p3-n2-beta1__N0040__Aminus_0p005,hm-m05-g2-L5p3-n2-beta1__N0040__Aplus_0p005,hm-m05-g2-L5p3-n2-beta1,40,-0.005,34,4.505,0.9970471552791343,0.9975400162846779
hm-m05-g2-L5p3-n2-beta1__N0040__Aminus_0p005,hm-m05-g2-L5p3-n2-beta1__N0040__Aplus_0p005,hm-m05-g2-L5p3-n2-beta1,40,-0.005,35,4.6375,0.9964519820691637,0.9970443969559872
hm-m05-g2-L5p3-n2-beta1__N0040__Aminus_0p005,hm-m05-g2-L5p3-n2-beta1__N0040__Aplus_0p005,hm-m05-g2-L5p3-n2-beta1,40,-0.005,36,4.7700000000000005,0.9959438652949848,0.9966212470953059
hm-m05-g2-L5p3-n2-beta1__N0040__Aminus_0p005,hm-m05-g2-L5p3-n2-beta1__N0040__Aplus_0p005,hm-m05-g2-L5p3-n2-beta1,40,-0.005,37,4.9025,0.9955352114406423,0.9962809111943304
hm-m05-g2-L5p3-n2-beta1__N0040__Aminus_0p005,hm-m05-g2-L5p3-n2-beta1__N0040__Aplus_0p005,hm-m05-g2-L5p3-n2-beta1,40,-0.005,38,5.035,0.9952359881839234,0.996031701956599
hm-m05-g2-L5p3-n2-beta1__N0040__Aminus_0p005,hm-m05-g2-L5p3-n2-beta1__N0040__Aplus_0p005,hm-m05-g2-L5p3-n2-beta1,40,-0.005,39,5.1675,0.9950534882224553,0.9958797021979457
hm-m05-g2-L5p3-n2-beta1__N0040__Aminus_0p005,hm-m05-g2-L5p3-n2-beta1__N0040__Aplus_0p005,hm-m05-g2-L5p3-n2-beta1,40,-0.005,40,5.3,0.9949921570523097,0.9958286202898422
hm-m05-g2-L5p3-n2-beta1__N0040__Aminus_0p0025,hm-m05-g2-L5p3-n2-beta1__N0040__Aplus_0p0025,hm-m05-g2-L5p3-n2-beta1,40,-0.0025,0,0.0,0.9974980393801746,0.997916584047777
hm-m05-g2-L5p3-n2-beta1__N0040__Aminus_0p0025,hm-m05-g2-L5p3-n2-beta1__N0040__Aplus_0p0025,hm-m05-g2-L5p3-n2-beta1,40,-0.0025,1,0.1325,0.9975287617357923,0.9979421656588854
hm-m05-g2-L5p3-n2-beta1__N0040__Aminus_0p0025,hm-m05-g2-L5p3-n2-beta1__N0040__Aplus_0p0025,hm-m05-g2-L5p3-n2-beta1,40,-0.0025,2,0.265,0.9976201764756293,0.9980182835530503
hm-m05-g2-L5p3-n2-beta1__N0040__Aminus_0p0025,hm-m05-g2-L5p3-n2-beta1__N0040__Aplus_0p0025,hm-m05-g2-L5p3-n2-beta1,40,-0.0025,3,0.3975,0.9977700447365734,0.9981430720604677
hm-m05-g2-L5p3-n2-beta1__N0040__Aminus_0p0025,hm-m05-g2-L5p3-n2-beta1__N0040__Aplus_0p0025,hm-m05-g2-L5p3-n2-beta1,40,-0.0025,4,0.53,0.9979746950668631,0.998313471878961
hm-m05-g2-L5p3-n2-beta1__N0040__Aminus_0p0025,hm-m05-g2-L5p3-n2-beta1__N0040__Aplus_0p0025,hm-m05-g2-L5p3-n2-beta1,40,-0.0025,5,0.6625000000000001,0.9982291119900841,0.9985253040943132
hm-m05-g2-L5p3-n2-beta1__N0040__Aminus_0p0025,hm-m05-g2-L5p3-n2-beta1__N0040__Aplus_0p0025,hm-m05-g2-L5p3-n2-beta1,40,-0.0025,6,0.795,0.9985270571847695,0.9987733714277411
hm-m05-g2-L5p3-n2-beta1__N0040__Aminus_0p0025,hm-m05-g2-L5p3-n2-beta1__N0040__Aplus_0p0025,hm-m05-g2-L5p3-n2-beta1,40,-0.0025,7,0.9275,0.998861220522395,0.99905158437855
hm-m05-g2-L5p3-n2-beta1__N0040__Aminus_0p0025,hm-m05-g2-L5p3-n2-beta1__N0040__Aplus_0p0025,hm-m05-g2-L5p3-n2-beta1,40,-0.0025,8,1.06,0.9992233974960675,0.999353109334739
hm-m05-g2-L5p3-n2-beta1__N0040__Aminus_0p0025,hm-m05-g2-L5p3-n2-beta1__N0040__Aplus_0p0025,hm-m05-g2-L5p3-n2-beta1,40,-0.0025,9,1.1925000000000001,0.9996046889225421,0.9996705351837302
hm-m05-g2-L5p3-n2-beta1__N0040__Aminus_0p0025,hm-m05-g2-L5p3-n2-beta1__N0040__Aplus_0p0025,hm-m05-g2-L5p3-n2-beta1,40,-0.0025,10,1.3250000000000002,0.9999957182273388,0.9999960544827179
hm-m05-g2-L5p3-n2-beta1__N0040__Aminus_0p0025,hm-m05-g2-L5p3-n2-beta1__N0040__Aplus_0p0025,hm-m05-g2-L5p3-n2-beta1,40,-0.0025,11,1.4575,1.00038686114312,1.0003216548566387
hm-m05-g2-L5p3-n2-beta1__N0040__Aminus_0p0025,hm-m05-g2-L5p3-n2-beta1__N0040__Aplus_0p0025,hm-m05-g2-L5p3-n2-beta1,40,-0.0025,12,1.59,1.000768482281502,1.0006393159942533
hm-m05-g2-L5p3-n2-beta1__N0040__Aminus_0p0025,hm-m05-g2-L5p3-n2-beta1__N0040__Aplus_0p0025,hm-m05-g2-L5p3-n2-beta1,40,-0.0025,13,1.7225000000000001,1.0011311727934773,1.0009412074210757
hm-m05-g2-L5p3-n2-beta1__N0040__Aminus_0p0025,hm-m05-g2-L5p3-n2-beta1__N0040__Aplus_0p0025,hm-m05-g2-L5p3-n2-beta1,40,-0.0025,14,1.855,1.0014659832270583,1.0012198821518405
hm-m05-g2-L5p3-n2-beta1__N0040__Aminus_0p0025,hm-m05-g2-L5p3-n2-beta1__N0040__Aplus_0p0025,hm-m05-g2-L5p3-n2-beta1,40,-0.0025,15,1.9875,1.001764645733062,1.0014684613723173
hm-m05-g2-L5p3-n2-beta1__N0040__Aminus_0p0025,hm-m05-g2-L5p3-n2-beta1__N0040__Aplus_0p0025,hm-m05-g2-L5p3-n2-beta1,40,-0.0025,16,2.12,1.0020197799675234,1.001680805474744
hm-m05-g2-L5p3-n2-beta1__N0040__Aminus_0p0025,hm-m05-g2-L5p3-n2-beta1__N0040__Aplus_0p0025,hm-m05-g2-L5p3-n2-beta1,40,-0.0025,17,2.2525,1.002225077393565,1.00185166707326
hm-m05-g2-L5p3-n2-beta1__N0040__Aminus_0p0025,hm-m05-g2-L5p3-n2-beta1__N0040__Aplus_0p0025,hm-m05-g2-L5p3-n2-beta1,40,-0.0025,18,2.3850000000000002,1.0023754591925604,1.0019768220513932
hm-m05-g2-L5p3-n2-beta1__N0040__Aminus_0p0025,hm-m05-g2-L5p3-n2-beta1__N0040__Aplus_0p0025,hm-m05-g2-L5p3-n2-beta1,40,-0.0025,19,2.5175,1.0024672036441011,1.002053175234248
hm-m05-g2-L5p3-n2-beta1__N0040__Aminus_0p0025,hm-m05-g2-L5p3-n2-beta1__N0040__Aplus_0p0025,hm-m05-g2-L5p3-n2-beta1,40,-0.0025,20,2.6500000000000004,1.0024980396106253,1.002078837920315
hm-m05-g2-L5p3-n2-beta1__N0040__Aminus_0p0025,hm-m05-g2-L5p3-n2-beta1__N0040__Aplus_0p0025,hm-m05-g2-L5p3-n2-beta1,40,-0.0025,21,2.7825,1.002467203644101,1.0020531752342479
hm-m05-g2-L5p3-n2-beta1__N0040__Aminus_0p0025,hm-m05-g2-L5p3-n2-beta1__N0040__Aplus_0p0025,hm-m05-g2-L5p3-n2-beta1,40,-0.0025,22,2.915,1.0023754591925598,1.0019768220513927
hm-m05-g2-L5p3-n2-beta1__N0040__Aminus_0p0025,hm-m05-g2-L5p3-n2-beta1__N0040__Aplus_0p0025,hm-m05-g2-L5p3-n2-beta1,40,-0.0025,23,3.0475000000000003,1.0022250773935641,1.0018516670732593
hm-m05-g2-L5p3-n2-beta1__N0040__Aminus_0p0025,hm-m05-g2-L5p3-n2-beta1__N0040__Aplus_0p0025,hm-m05-g2-L5p3-n2-beta1,40,-0.0025,24,3.18,1.0020197799675223,1.0016808054747428
hm-m05-g2-L5p3-n2-beta1__N0040__Aminus_0p0025,hm-m05-g2-L5p3-n2-beta1__N0040__Aplus_0p0025,hm-m05-g2-L5p3-n2-beta1,40,-0.0025,25,3.3125,1.0017646457330607,1.001468461372316
hm-m05-g2-L5p3-n2-beta1__N0040__Aminus_0p0025,hm-m05-g2-L5p3-n2-beta1__N0040__Aplus_0p0025,hm-m05-g2-L5p3-n2-beta1,40,-0.0025,26,3.4450000000000003,1.0014659832270567,1.0012198821518388
hm-m05-g2-L5p3-n2-beta1__N0040__Aminus_0p0025,hm-m05-g2-L5p3-n2-beta1__N0040__Aplus_0p0025,hm-m05-g2-L5p3-n2-beta1,40,-0.0025,27,3.5775,1.0011311727934757,1.0009412074210733
hm-m05-g2-L5p3-n2-beta1__N0040__Aminus_0p0025,hm-m05-g2-L5p3-n2-beta1__N0040__Aplus_0p0025,hm-m05-g2-L5p3-n2-beta1,40,-0.0025,28,3.71,1.0007684822815002,1.0006393159942502
hm-m05-g2-L5p3-n2-beta1__N0040__Aminus_0p0025,hm-m05-g2-L5p3-n2-beta1__N0040__Aplus_0p0025,hm-m05-g2-L5p3-n2-beta1,40,-0.0025,29,3.8425000000000002,1.000386861143118,1.0003216548566352
hm-m05-g2-L5p3-n2-beta1__N0040__Aminus_0p0025,hm-m05-g2-L5p3-n2-beta1__N0040__Aplus_0p0025,hm-m05-g2-L5p3-n2-beta1,40,-0.0025,30,3.975,0.9999957182273367,0.999996054482714
hm-m05-g2-L5p3-n2-beta1__N0040__Aminus_0p0025,hm-m05-g2-L5p3-n2-beta1__N0040__Aplus_0p0025,hm-m05-g2-L5p3-n2-beta1,40,-0.0025,31,4.1075,0.9996046889225398,0.9996705351837262
hm-m05-g2-L5p3-n2-beta1__N0040__Aminus_0p0025,hm-m05-g2-L5p3-n2-beta1__N0040__Aplus_0p0025,hm-m05-g2-L5p3-n2-beta1,40,-0.0025,32,4.24,0.9992233974960651,0.9993531093347349
hm-m05-g2-L5p3-n2-beta1__N0040__Aminus_0p0025,hm-m05-g2-L5p3-n2-beta1__N0040__Aplus_0p0025,hm-m05-g2-L5p3-n2-beta1,40,-0.0025,33,4.3725000000000005,0.9988612205223927,0.9990515843785457
hm-m05-g2-L5p3-n2-beta1__N0040__Aminus_0p0025,hm-m05-g2-L5p3-n2-beta1__N0040__Aplus_0p0025,hm-m05-g2-L5p3-n2-beta1,40,-0.0025,34,4.505,0.998527057184767,0.9987733714277367
hm-m05-g2-L5p3-n2-beta1__N0040__Aminus_0p0025,hm-m05-g2-L5p3-n2-beta1__N0040__Aplus_0p0025,hm-m05-g2-L5p3-n2-beta1,40,-0.0025,35,4.6375,0.9982291119900816,0.9985253040943088
hm-m05-g2-L5p3-n2-beta1__N0040__Aminus_0p0025,hm-m05-g2-L5p3-n2-beta1__N0040__Aplus_0p0025,hm-m05-g2-L5p3-n2-beta1,40,-0.0025,36,4.7700000000000005,0.9979746950668604,0.9983134718789566
hm-m05-g2-L5p3-n2-beta1__N0040__Aminus_0p0025,hm-m05-g2-L5p3-n2-beta1__N0040__Aplus_0p0025,hm-m05-g2-L5p3-n2-beta1,40,-0.0025,37,4.9025,0.9977700447365707,0.9981430720604634
hm-m05-g2-L5p3-n2-beta1__N0040__Aminus_0p0025,hm-m05-g2-L5p3-n2-beta1__N0040__Aplus_0p0025,hm-m05-g2-L5p3-n2-beta1,40,-0.0025,38,5.035,0.9976201764756265,0.9980182835530461
hm-m05-g2-L5p3-n2-beta1__N0040__Aminus_0p0025,hm-m05-g2-L5p3-n2-beta1__N0040__Aplus_0p0025,hm-m05-g2-L5p3-n2-beta1,40,-0.0025,39,5.1675,0.9975287617357895,0.9979421656588814
hm-m05-g2-L5p3-n2-beta1__N0040__Aminus_0p0025,hm-m05-g2-L5p3-n2-beta1__N0040__Aplus_0p0025,hm-m05-g2-L5p3-n2-beta1,40,-0.0025,40,5.3,0.9974980393801718,0.9979165840477728
hm-m05-g2-L5p3-n2-beta1__N0040__Aplus_0p0025,hm-m05-g2-L5p3-n2-beta1__N0040__Aminus_0p0025,hm-m05-g2-L5p3-n2-beta1,40,0.0025,0,0.0,1.0024980396106267,1.0020788379203178
hm-m05-g2-L5p3-n2-beta1__N0040__Aplus_0p0025,hm-m05-g2-L5p3-n2-beta1__N0040__Aminus_0p0025,hm-m05-g2-L5p3-n2-beta1,40,0.0025,1,0.1325,1.0024672036441022,1.002053175234251
hm-m05-g2-L5p3-n2-beta1__N0040__Aplus_0p0025,hm-m05-g2-L5p3-n2-beta1__N0040__Aminus_0p0025,hm-m05-g2-L5p3-n2-beta1,40,0.0025,2,0.265,1.0023754591925613,1.001976822051396
hm-m05-g2-L5p3-n2-beta1__N0040__Aplus_0p0025,hm-m05-g2-L5p3-n2-beta1__N0040__Aminus_0p0025,hm-m05-g2-L5p3-n2-beta1,40,0.0025,3,0.3975,1.0022250773935657,1.001851667073263
hm-m05-g2-L5p3-n2-beta1__N0040__Aplus_0p0025,hm-m05-g2-L5p3-n2-beta1__N0040__Aminus_0p0025,hm-m05-g2-L5p3-n2-beta1,40,0.0025,4,0.53,1.002019779967524,1.0016808054747466
hm-m05-g2-L5p3-n2-beta1__N0040__Aplus_0p0025,hm-m05-g2-L5p3-n2-beta1__N0040__Aminus_0p0025,hm-m05-g2-L5p3-n2-beta1,40,0.0025,5,0.6625000000000001,1.001764645733062,1.0014684613723195
hm-m05-g2-L5p3-n2-beta1__N0040__Aplus_0p0025,hm-m05-g2-L5p3-n2-beta1__N0040__Aminus_0p0025,hm-m05-g2-L5p3-n2-beta1,40,0.0025,6,0.795,1.0014659832270583,1.0012198821518423
hm-m05-g2-L5p3-n2-beta1__N0040__Aplus_0p0025,hm-m05-g2-L5p3-n2-beta1__N0040__Aminus_0p0025,hm-m05-g2-L5p3-n2-beta1,40,0.0025,7,0.9275,1.001131172793477,1.0009412074210768
hm-m05-g2-L5p3-n2-beta1__N0040__Aplus_0p0025,hm-m05-g2-L5p3-n2-beta1__N0040__Aminus_0p0025,hm-m05-g2-L5p3-n2-beta1,40,0.0025,8,1.06,1.0007684822815017,1.000639315994254
hm-m05-g2-L5p3-n2-beta1__N0040__Aplus_0p0025,hm-m05-g2-L5p3-n2-beta1__N0040__Aminus_0p0025,hm-m05-g2-L5p3-n2-beta1,40,0.0025,9,1.1925000000000001,1.0003868611431195,1.000321654856639
hm-m05-g2-L5p3-n2-beta1__N0040__Aplus_0p0025,hm-m05-g2-L5p3-n2-beta1__N0040__Aminus_0p0025,hm-m05-g2-L5p3-n2-beta1,40,0.0025,10,1.3250000000000002,0.9999957182273382,0.9999960544827177
hm-m05-g2-L5p3-n2-beta1__N0040__Aplus_0p0025,hm-m05-g2-L5p3-n2-beta1__N0040__Aminus_0p0025,hm-m05-g2-L5p3-n2-beta1,40,0.0025,11,1.4575,0.9996046889225415,0.9996705351837295
hm-m05-g2-L5p3-n2-beta1__N0040__Aplus_0p0025,hm-m05-g2-L5p3-n2-beta1__N0040__Aminus_0p0025,hm-m05-g2-L5p3-n2-beta1,40,0.0025,12,1.59,0.9992233974960667,0.9993531093347381
hm-m05-g2-L5p3-n2-beta1__N0040__Aplus_0p0025,hm-m05-g2-L5p3-n2-beta1__N0040__Aminus_0p0025,hm-m05-g2-L5p3-n2-beta1,40,0.0025,13,1.7225000000000001,0.9988612205223943,0.9990515843785488
hm-m05-g2-L5p3-n2-beta1__N0040__Aplus_0p0025,hm-m05-g2-L5p3-n2-beta1__N0040__Aminus_0p0025,hm-m05-g2-L5p3-n2-beta1,40,0.0025,14,1.855,0.9985270571847689,0.9987733714277395
hm-m05-g2-L5p3-n2-beta1__N0040__Aplus_0p0025,hm-m05-g2-L5p3-n2-beta1__N0040__Aminus_0p0025,hm-m05-g2-L5p3-n2-beta1,40,0.0025,15,1.9875,0.9982291119900836,0.9985253040943112
hm-m05-g2-L5p3-n2-beta1__N0040__Aplus_0p0025,hm-m05-g2-L5p3-n2-beta1__N0040__Aminus_0p0025,hm-m05-g2-L5p3-n2-beta1,40,0.0025,16,2.12,0.9979746950668626,0.9983134718789587
hm-m05-g2-L5p3-n2-beta1__N0040__Aplus_0p0025,hm-m05-g2-L5p3-n2-beta1__N0040__Aminus_0p0025,hm-m05-g2-L5p3-n2-beta1,40,0.0025,17,2.2525,0.997770044736573,0.9981430720604652
hm-m05-g2-L5p3-n2-beta1__N0040__Aplus_0p0025,hm-m05-g2-L5p3-n2-beta1__N0040__Aminus_0p0025,hm-m05-g2-L5p3-n2-beta1,40,0.0025,18,2.3850000000000002,0.997620176475629,0.9980182835530479
hm-m05-g2-L5p3-n2-beta1__N0040__Aplus_0p0025,hm-m05-g2-L5p3-n2-beta1__N0040__Aminus_0p0025,hm-m05-g2-L5p3-n2-beta1,40,0.0025,19,2.5175,0.9975287617357921,0.9979421656588832
hm-m05-g2-L5p3-n2-beta1__N0040__Aplus_0p0025,hm-m05-g2-L5p3-n2-beta1__N0040__Aminus_0p0025,hm-m05-g2-L5p3-n2-beta1,40,0.0025,20,2.6500000000000004,0.9974980393801743,0.9979165840477747
hm-m05-g2-L5p3-n2-beta1__N0040__Aplus_0p0025,hm-m05-g2-L5p3-n2-beta1__N0040__Aminus_0p0025,hm-m05-g2-L5p3-n2-beta1,40,0.0025,21,2.7825,0.997528761735792,0.9979421656588832
hm-m05-g2-L5p3-n2-beta1__N0040__Aplus_0p0025,hm-m05-g2-L5p3-n2-beta1__N0040__Aminus_0p0025,hm-m05-g2-L5p3-n2-beta1,40,0.0025,22,2.915,0.997620176475629,0.998018283553048
hm-m05-g2-L5p3-n2-beta1__N0040__Aplus_0p0025,hm-m05-g2-L5p3-n2-beta1__N0040__Aminus_0p0025,hm-m05-g2-L5p3-n2-beta1,40,0.0025,23,3.0475000000000003,0.997770044736573,0.9981430720604654
hm-m05-g2-L5p3-n2-beta1__N0040__Aplus_0p0025,hm-m05-g2-L5p3-n2-beta1__N0040__Aminus_0p0025,hm-m05-g2-L5p3-n2-beta1,40,0.0025,24,3.18,0.9979746950668626,0.9983134718789588
hm-m05-g2-L5p3-n2-beta1__N0040__Aplus_0p0025,hm-m05-g2-L5p3-n2-beta1__N0040__Aminus_0p0025,hm-m05-g2-L5p3-n2-beta1,40,0.0025,25,3.3125,0.9982291119900836,0.9985253040943112
hm-m05-g2-L5p3-n2-beta1__N0040__Aplus_0p0025,hm-m05-g2-L5p3-n2-beta1__N0040__Aminus_0p0025,hm-m05-g2-L5p3-n2-beta1,40,0.0025,26,3.4450000000000003,0.998527057184769,0.9987733714277393
hm-m05-g2-L5p3-n2-beta1__N0040__Aplus_0p0025,hm-m05-g2-L5p3-n2-beta1__N0040__Aminus_0p0025,hm-m05-g2-L5p3-n2-beta1,40,0.0025,27,3.5775,0.9988612205223945,0.9990515843785482
hm-m05-g2-L5p3-n2-beta1__N0040__Aplus_0p0025,hm-m05-g2-L5p3-n2-beta1__N0040__Aminus_0p0025,hm-m05-g2-L5p3-n2-beta1,40,0.0025,28,3.71,0.9992233974960668,0.9993531093347372
hm-m05-g2-L5p3-n2-beta1__N0040__Aplus_0p0025,hm-m05-g2-L5p3-n2-beta1__N0040__Aminus_0p0025,hm-m05-g2-L5p3-n2-beta1,40,0.0025,29,3.8425000000000002,0.9996046889225415,0.9996705351837285
hm-m05-g2-L5p3-n2-beta1__N0040__Aplus_0p0025,hm-m05-g2-L5p3-n2-beta1__N0040__Aminus_0p0025,hm-m05-g2-L5p3-n2-beta1,40,0.0025,30,3.975,0.9999957182273382,0.9999960544827166
hm-m05-g2-L5p3-n2-beta1__N0040__Aplus_0p0025,hm-m05-g2-L5p3-n2-beta1__N0040__Aminus_0p0025,hm-m05-g2-L5p3-n2-beta1,40,0.0025,31,4.1075,1.0003868611431195,1.0003216548566378
hm-m05-g2-L5p3-n2-beta1__N0040__Aplus_0p0025,hm-m05-g2-L5p3-n2-beta1__N0040__Aminus_0p0025,hm-m05-g2-L5p3-n2-beta1,40,0.0025,32,4.24,1.0007684822815017,1.000639315994253
hm-m05-g2-L5p3-n2-beta1__N0040__Aplus_0p0025,hm-m05-g2-L5p3-n2-beta1__N0040__Aminus_0p0025,hm-m05-g2-L5p3-n2-beta1,40,0.0025,33,4.3725000000000005,1.001131172793477,1.0009412074210762
hm-m05-g2-L5p3-n2-beta1__N0040__Aplus_0p0025,hm-m05-g2-L5p3-n2-beta1__N0040__Aminus_0p0025,hm-m05-g2-L5p3-n2-beta1,40,0.0025,34,4.505,1.001465983227058,1.0012198821518417
hm-m05-g2-L5p3-n2-beta1__N0040__Aplus_0p0025,hm-m05-g2-L5p3-n2-beta1__N0040__Aminus_0p0025,hm-m05-g2-L5p3-n2-beta1,40,0.0025,35,4.6375,1.001764645733062,1.0014684613723188
hm-m05-g2-L5p3-n2-beta1__N0040__Aplus_0p0025,hm-m05-g2-L5p3-n2-beta1__N0040__Aminus_0p0025,hm-m05-g2-L5p3-n2-beta1,40,0.0025,36,4.7700000000000005,1.0020197799675237,1.001680805474746
hm-m05-g2-L5p3-n2-beta1__N0040__Aplus_0p0025,hm-m05-g2-L5p3-n2-beta1__N0040__Aminus_0p0025,hm-m05-g2-L5p3-n2-beta1,40,0.0025,37,4.9025,1.0022250773935655,1.0018516670732625
hm-m05-g2-L5p3-n2-beta1__N0040__Aplus_0p0025,hm-m05-g2-L5p3-n2-beta1__N0040__Aminus_0p0025,hm-m05-g2-L5p3-n2-beta1,40,0.0025,38,5.035,1.0023754591925609,1.0019768220513958
hm-m05-g2-L5p3-n2-beta1__N0040__Aplus_0p0025,hm-m05-g2-L5p3-n2-beta1__N0040__Aminus_0p0025,hm-m05-g2-L5p3-n2-beta1,40,0.0025,39,5.1675,1.0024672036441018,1.0020531752342507
hm-m05-g2-L5p3-n2-beta1__N0040__Aplus_0p0025,hm-m05-g2-L5p3-n2-beta1__N0040__Aminus_0p0025,hm-m05-g2-L5p3-n2-beta1,40,0.0025,40,5.3,1.0024980396106262,1.0020788379203176
hm-m05-g2-L5p3-n2-beta1__N0040__Aplus_0p005,hm-m05-g2-L5p3-n2-beta1__N0040__Aminus_0p005,hm-m05-g2-L5p3-n2-beta1,40,0.005,0,0.0,1.0049921588962851,1.0041530673824632
hm-m05-g2-L5p3-n2-beta1__N0040__Aplus_0p005,hm-m05-g2-L5p3-n2-beta1__N0040__Aminus_0p005,hm-m05-g2-L5p3-n2-beta1,40,0.005,1,0.1325,1.0049303732714012,1.0041016611720943
hm-m05-g2-L5p3-n2-beta1__N0040__Aplus_0p005,hm-m05-g2-L5p3-n2-beta1__N0040__Aminus_0p005,hm-m05-g2-L5p3-n2-beta1,40,0.005,2,0.265,1.0047465544307377,1.003948720251668
hm-m05-g2-L5p3-n2-beta1__N0040__Aplus_0p005,hm-m05-g2-L5p3-n2-beta1__N0040__Aminus_0p005,hm-m05-g2-L5p3-n2-beta1,40,0.005,3,0.3975,1.0044452769709888,1.0036980451202788
hm-m05-g2-L5p3-n2-beta1__N0040__Aplus_0p005,hm-m05-g2-L5p3-n2-beta1__N0040__Aminus_0p005,hm-m05-g2-L5p3-n2-beta1,40,0.005,4,0.53,1.004034034668915,1.003355862085833
hm-m05-g2-L5p3-n2-beta1__N0040__Aplus_0p005,hm-m05-g2-L5p3-n2-beta1__N0040__Aminus_0p005,hm-m05-g2-L5p3-n2-beta1,40,0.005,5,0.6625000000000001,1.0035230485771394,1.0029306646623135
hm-m05-g2-L5p3-n2-beta1__N0040__Aplus_0p005,hm-m05-g2-L5p3-n2-beta1__N0040__Aminus_0p005,hm-m05-g2-L5p3-n2-beta1,40,0.005,6,0.795,1.0029250060483286,1.002432997771192
hm-m05-g2-L5p3-n2-beta1__N0040__Aplus_0p005,hm-m05-g2-L5p3-n2-beta1__N0040__Aminus_0p005,hm-m05-g2-L5p3-n2-beta1,40,0.005,7,0.9275,1.0022547380262947,1.0018751907170067
hm-m05-g2-L5p3-n2-beta1__N0040__Aplus_0p005,hm-m05-g2-L5p3-n2-beta1__N0040__Aminus_0p005,hm-m05-g2-L5p3-n2-beta1,40,0.005,8,1.06,1.0015288435606768,1.0012710462376702
hm-m05-g2-L5p3-n2-beta1__N0040__Aplus_0p005,hm-m05-g2-L5p3-n2-beta1__N0040__Aminus_0p005,hm-m05-g2-L5p3-n2-beta1,40,0.005,9,1.1925000000000001,1.0007652718001085,1.0006354940089968
hm-m05-g2-L5p3-n2-beta1__N0040__Aplus_0p005,hm-m05-g2-L5p3-n2-beta1__N0040__Aminus_0p005,hm-m05-g2-L5p3-n2-beta1,40,0.005,10,1.3250000000000002,0.9999828726654919,0.9999842177842792
hm-m05-g2-L5p3-n2-beta1__N0040__Aplus_0p005,hm-m05-g2-L5p3-n2-beta1__N0040__Aminus_0p005,hm-m05-g2-L5p3-n2-beta1,40,0.005,11,1.4575,0.9992009279868574,0.9993332658614197
hm-m05-g2-L5p3-n2-beta1__N0040__Aplus_0p005,hm-m05-g2-L5p3-n2-beta1__N0040__Aminus_0p005,hm-m05-g2-L5p3-n2-beta1,40,0.005,12,1.59,0.998438675108741,0.9986986547934534
hm-m05-g2-L5p3-n2-beta1__N0040__Aplus_0p005,hm-m05-g2-L5p3-n2-beta1__N0040__Aminus_0p005,hm-m05-g2-L5p3-n2-beta1,40,0.005,13,1.7225000000000001,0.9977148348501783,0.9980959762064567
hm-m05-g2-L5p3-n2-beta1__N0040__Aplus_0p005,hm-m05-g2-L5p3-n2-beta1__N0040__Aminus_0p005,hm-m05-g2-L5p3-n2-beta1,40,0.005,14,1.855,0.9970471552791327,0.9975400162846757
hm-m05-g2-L5p3-n2-beta1__N0040__Aplus_0p005,hm-m05-g2-L5p3-n2-beta1__N0040__Aminus_0p005,hm-m05-g2-L5p3-n2-beta1,40,0.005,15,1.9875,0.9964519820691629,0.9970443969559848
hm-m05-g2-L5p3-n2-beta1__N0040__Aplus_0p005,hm-m05-g2-L5p3-n2-beta1__N0040__Aminus_0p005,hm-m05-g2-L5p3-n2-beta1,40,0.005,16,2.12,0.9959438652949845,0.9966212470953034
hm-m05-g2-L5p3-n2-beta1__N0040__Aplus_0p005,hm-m05-g2-L5p3-n2-beta1__N0040__Aminus_0p005,hm-m05-g2-L5p3-n2-beta1,40,0.005,17,2.2525,0.9955352114406426,0.996280911194328
hm-m05-g2-L5p3-n2-beta1__N0040__Aplus_0p005,hm-m05-g2-L5p3-n2-beta1__N0040__Aminus_0p005,hm-m05-g2-L5p3-n2-beta1,40,0.005,18,2.3850000000000002,0.9952359881839242,0.9960317019565971
hm-m05-g2-L5p3-n2-beta1__N0040__Aplus_0p005,hm-m05-g2-L5p3-n2-beta1__N0040__Aminus_0p005,hm-m05-g2-L5p3-n2-beta1,40,0.005,19,2.5175,0.9950534882224565,0.9958797021979444
hm-m05-g2-L5p3-n2-beta1__N0040__Aplus_0p005,hm-m05-g2-L5p3-n2-beta1__N0040__Aminus_0p005,hm-m05-g2-L5p3-n2-beta1,40,0.005,20,2.6500000000000004,0.9949921570523111,0.9958286202898412
hm-m05-g2-L5p3-n2-beta1__N0040__Aplus_0p005,hm-m05-g2-L5p3-n2-beta1__N0040__Aminus_0p005,hm-m05-g2-L5p3-n2-beta1,40,0.005,21,2.7825,0.9950534882224569,0.9958797021979449
hm-m05-g2-L5p3-n2-beta1__N0040__Aplus_0p005,hm-m05-g2-L5p3-n2-beta1__N0040__Aminus_0p005,hm-m05-g2-L5p3-n2-beta1,40,0.005,22,2.915,0.9952359881839249,0.9960317019565982
hm-m05-g2-L5p3-n2-beta1__N0040__Aplus_0p005,hm-m05-g2-L5p3-n2-beta1__N0040__Aminus_0p005,hm-m05-g2-L5p3-n2-beta1,40,0.005,23,3.0475000000000003,0.9955352114406436,0.9962809111943298
hm-m05-g2-L5p3-n2-beta1__N0040__Aplus_0p005,hm-m05-g2-L5p3-n2-beta1__N0040__Aminus_0p005,hm-m05-g2-L5p3-n2-beta1,40,0.005,24,3.18,0.9959438652949859,0.9966212470953055
hm-m05-g2-L5p3-n2-beta1__N0040__Aplus_0p005,hm-m05-g2-L5p3-n2-beta1__N0040__Aminus_0p005,hm-m05-g2-L5p3-n2-beta1,40,0.005,25,3.3125,0.9964519820691645,0.9970443969559873
hm-m05-g2-L5p3-n2-beta1__N0040__Aplus_0p005,hm-m05-g2-L5p3-n2-beta1__N0040__Aminus_0p005,hm-m05-g2-L5p3-n2-beta1,40,0.005,26,3.4450000000000003,0.9970471552791347,0.9975400162846785
hm-m05-g2-L5p3-n2-beta1__N0040__Aplus_0p005,hm-m05-g2-L5p3-n2-beta1__N0040__Aminus_0p005,hm-m05-g2-L5p3-n2-beta1,40,0.005,27,3.5775,0.9977148348501806,0.9980959762064598
hm-m05-g2-L5p3-n2-beta1__N0040__Aplus_0p005,hm-m05-g2-L5p3-n2-beta1__N0040__Aminus_0p005,hm-m05-g2-L5p3-n2-beta1,40,0.005,28,3.71,0.9984386751087434,0.9986986547934567
hm-m05-g2-L5p3-n2-beta1__N0040__Aplus_0p005,hm-m05-g2-L5p3-n2-beta1__N0040__Aminus_0p005,hm-m05-g2-L5p3-n2-beta1,40,0.005,29,3.8425000000000002,0.9992009279868601,0.9993332658614231
hm-m05-g2-L5p3-n2-beta1__N0040__Aplus_0p005,hm-m05-g2-L5p3-n2-beta1__N0040__Aminus_0p005,hm-m05-g2-L5p3-n2-beta1,40,0.005,30,3.975,0.9999828726654948,0.9999842177842828
hm-m05-g2-L5p3-n2-beta1__N0040__Aplus_0p005,hm-m05-g2-L5p3-n2-beta1__N0040__Aminus_0p005,hm-m05-g2-L5p3-n2-beta1,40,0.005,31,4.1075,1.0007652718001117,1.0006354940090008
hm-m05-g2-L5p3-n2-beta1__N0040__Aplus_0p005,hm-m05-g2-L5p3-n2-beta1__N0040__Aminus_0p005,hm-m05-g2-L5p3-n2-beta1,40,0.005,32,4.24,1.0015288435606802,1.0012710462376746
hm-m05-g2-L5p3-n2-beta1__N0040__Aplus_0p005,hm-m05-g2-L5p3-n2-beta1__N0040__Aminus_0p005,hm-m05-g2-L5p3-n2-beta1,40,0.005,33,4.3725000000000005,1.002254738026298,1.0018751907170116
hm-m05-g2-L5p3-n2-beta1__N0040__Aplus_0p005,hm-m05-g2-L5p3-n2-beta1__N0040__Aminus_0p005,hm-m05-g2-L5p3-n2-beta1,40,0.005,34,4.505,1.0029250060483321,1.0024329977711972
hm-m05-g2-L5p3-n2-beta1__N0040__Aplus_0p005,hm-m05-g2-L5p3-n2-beta1__N0040__Aminus_0p005,hm-m05-g2-L5p3-n2-beta1,40,0.005,35,4.6375,1.0035230485771431,1.002930664662319
hm-m05-g2-L5p3-n2-beta1__N0040__Aplus_0p005,hm-m05-g2-L5p3-n2-beta1__N0040__Aminus_0p005,hm-m05-g2-L5p3-n2-beta1,40,0.005,36,4.7700000000000005,1.0040340346689187,1.0033558620858387
hm-m05-g2-L5p3-n2-beta1__N0040__Aplus_0p005,hm-m05-g2-L5p3-n2-beta1__N0040__Aminus_0p005,hm-m05-g2-L5p3-n2-beta1,40,0.005,37,4.9025,1.0044452769709926,1.003698045120285
hm-m05-g2-L5p3-n2-beta1__N0040__Aplus_0p005,hm-m05-g2-L5p3-n2-beta1__N0040__Aminus_0p005,hm-m05-g2-L5p3-n2-beta1,40,0.005,38,5.035,1.0047465544307417,1.0039487202516744
hm-m05-g2-L5p3-n2-beta1__N0040__Aplus_0p005,hm-m05-g2-L5p3-n2-beta1__N0040__Aminus_0p005,hm-m05-g2-L5p3-n2-beta1,40,0.005,39,5.1675,1.004930373271405,1.0041016611721008
hm-m05-g2-L5p3-n2-beta1__N0040__Aplus_0p005,hm-m05-g2-L5p3-n2-beta1__N0040__Aminus_0p005,hm-m05-g2-L5p3-n2-beta1,40,0.005,40,5.3,1.004992158896289,1.0041530673824697
hm-m05-g2-L5p3-n2-beta1__N0040__Aplus_0p01,hm-m05-g2-L5p3-n2-beta1__N0040__Aminus_0p01,hm-m05-g2-L5p3-n2-beta1,40,0.01,0,0.0,1.0099686391626765,1.0082875782218927
hm-m05-g2-L5p3-n2-beta1__N0040__Aplus_0p01,hm-m05-g2-L5p3-n2-beta1__N0040__Aminus_0p01,hm-m05-g2-L5p3-n2-beta1,40,0.01,1,0.1325,1.0098446127657126,1.0081844433828258
hm-m05-g2-L5p3-n2-beta1__N0040__Aplus_0p01,hm-m05-g2-L5p3-n2-beta1__N0040__Aminus_0p01,hm-m05-g2-L5p3-n2-beta1,40,0.01,2,0.265,1.0094756542670222,1.0078776262236064
hm-m05-g2-L5p3-n2-beta1__N0040__Aplus_0p01,hm-m05-g2-L5p3-n2-beta1__N0040__Aminus_0p01,hm-m05-g2-L5p3-n2-beta1,40,0.01,3,0.3975,1.0088710423492133,1.0073748203883317
hm-m05-g2-L5p3-n2-beta1__N0040__Aplus_0p01,hm-m05-g2-L5p3-n2-beta1__N0040__Aminus_0p01,hm-m05-g2-L5p3-n2-beta1,40,0.01,4,0.53,1.008045966201999,1.006688622673031
hm-m05-g2-L5p3-n2-beta1__N0040__Aplus_0p01,hm-m05-g2-L5p3-n2-beta1__N0040__Aminus_0p01,hm-m05-g2-L5p3-n2-beta1,40,0.01,5,0.6625000000000001,1.0070211219152356,1.0058362015522653
hm-m05-g2-L5p3-n2-beta1__N0040__Aplus_0p01,hm-m05-g2-L5p3-n2-beta1__N0040__Aminus_0p01,hm-m05-g2-L5p3-n2-beta1,40,0.01,6,0.795,1.005822165599261,1.0048388476461678
hm-m05-g2-L5p3-n2-beta1__N0040__Aplus_0p01,hm-m05-g2-L5p3-n2-beta1__N0040__Aminus_0p01,hm-m05-g2-L5p3-n2-beta1,40,0.01,7,0.9275,1.0044790403639703,1.0037214198544993
hm-m05-g2-L5p3-n2-beta1__N0040__Aplus_0p01,hm-m05-g2-L5p3-n2-beta1__N0040__Aminus_0p01,hm-m05-g2-L5p3-n2-beta1,40,0.01,8,1.06,1.0030251977843336,1.00251170372535
hm-m05-g2-L5p3-n2-beta1__N0040__Aplus_0p01,hm-m05-g2-L5p3-n2-beta1__N0040__Aminus_0p01,hm-m05-g2-L5p3-n2-beta1,40,0.01,9,1.1925000000000001,1.0014967370682097,1.001239700765858
hm-m05-g2-L5p3-n2-beta1__N0040__Aplus_0p01,hm-m05-g2-L5p3-n2-beta1__N0040__Aminus_0p01,hm-m05-g2-L5p3-n2-beta1,40,0.01,10,1.3250000000000002,0.9999314867607355,0.9999368687927341
hm-m05-g2-L5p3-n2-beta1__N0040__Aplus_0p01,hm-m05-g2-L5p3-n2-beta1__N0040__Aminus_0p01,hm-m05-g2-L5p3-n2-beta1,40,0.01,11,1.4575,0.9983680544699056,0.9986353340610565
hm-m05-g2-L5p3-n2-beta1__N0040__Aplus_0p01,hm-m05-g2-L5p3-n2-beta1__N0040__Aminus_0p01,hm-m05-g2-L5p3-n2-beta1,40,0.01,12,1.59,0.9968448698407528,0.9973670958437977
hm-m05-g2-L5p3-n2-beta1__N0040__Aplus_0p01,hm-m05-g2-L5p3-n2-beta1__N0040__Aminus_0p01,hm-m05-g2-L5p3-n2-beta1,40,0.01,13,1.7225000000000001,0.9953992449508615,0.9961632434408924
hm-m05-g2-L5p3-n2-beta1__N0040__Aplus_0p01,hm-m05-g2-L5p3-n2-beta1__N0040__Aminus_0p01,hm-m05-g2-L5p3-n2-beta1,40,0.01,14,1.855,0.9940664745942163,0.9950532043800955
hm-m05-g2-L5p3-n2-beta1__N0040__Aplus_0p01,hm-m05-g2-L5p3-n2-beta1__N0040__Aminus_0p01,hm-m05-g2-L5p3-n2-beta1,40,0.01,15,1.9875,0.9928789967307197,0.9940640409514636
hm-m05-g2-L5p3-n2-beta1__N0040__Aplus_0p01,hm-m05-g2-L5p3-n2-beta1__N0040__Aminus_0p01,hm-m05-g2-L5p3-n2-beta1,40,0.01,16,2.12,0.9918656308765373,0.9932198103146828
hm-m05-g2-L5p3-n2-beta1__N0040__Aplus_0p01,hm-m05-g2-L5p3-n2-beta1__N0040__Aminus_0p01,hm-m05-g2-L5p3-n2-beta1,40,0.01,17,2.2525,0.9910509095558767,0.992541001347321
hm-m05-g2-L5p3-n2-beta1__N0040__Aplus_0p01,hm-m05-g2-L5p3-n2-beta1__N0040__Aminus_0p01,hm-m05-g2-L5p3-n2-beta1,40,0.01,18,2.3850000000000002,0.9904545152634242,0.9920440592593869
hm-m05-g2-L5p3-n2-beta1__N0040__Aplus_0p01,hm-m05-g2-L5p3-n2-beta1__N0040__Aminus_0p01,hm-m05-g2-L5p3-n2-beta1,40,0.01,19,2.5175,0.9900908327996133,0.991741006859468
hm-m05-g2-L5p3-n2-beta1__N0040__Aplus_0p01,hm-m05-g2-L5p3-n2-beta1__N0040__Aminus_0p01,hm-m05-g2-L5p3-n2-beta1,40,0.01,20,2.6500000000000004,0.9899686243993966,0.9916391692683663
hm-m05-g2-L5p3-n2-beta1__N0040__Aplus_0p01,hm-m05-g2-L5p3-n2-beta1__N0040__Aminus_0p01,hm-m05-g2-L5p3-n2-beta1,40,0.01,21,2.7825,0.9900908327996135,0.9917410068594681
hm-m05-g2-L5p3-n2-beta1__N0040__Aplus_0p01,hm-m05-g2-L5p3-n2-beta1__N0040__Aminus_0p01,hm-m05-g2-L5p3-n2-beta1,40,0.01,22,2.915,0.9904545152634245,0.9920440592593873
hm-m05-g2-L5p3-n2-beta1__N0040__Aplus_0p01,hm-m05-g2-L5p3-n2-beta1__N0040__Aminus_0p01,hm-m05-g2-L5p3-n2-beta1,40,0.01,23,3.0475000000000003,0.9910509095558772,0.9925410013473218
hm-m05-g2-L5p3-n2-beta1__N0040__Aplus_0p01,hm-m05-g2-L5p3-n2-beta1__N0040__Aminus_0p01,hm-m05-g2-L5p3-n2-beta1,40,0.01,24,3.18,0.9918656308765379,0.9932198103146836
hm-m05-g2-L5p3-n2-beta1__N0040__Aplus_0p01,hm-m05-g2-L5p3-n2-beta1__N0040__Aminus_0p01,hm-m05-g2-L5p3-n2-beta1,40,0.01,25,3.3125,0.9928789967307203,0.9940640409514646
hm-m05-g2-L5p3-n2-beta1__N0040__Aplus_0p01,hm-m05-g2-L5p3-n2-beta1__N0040__Aminus_0p01,hm-m05-g2-L5p3-n2-beta1,40,0.01,26,3.4450000000000003,0.994066474594217,0.9950532043800964
hm-m05-g2-L5p3-n2-beta1__N0040__Aplus_0p01,hm-m05-g2-L5p3-n2-beta1__N0040__Aminus_0p01,hm-m05-g2-L5p3-n2-beta1,40,0.01,27,3.5775,0.9953992449508624,0.996163243440893
hm-m05-g2-L5p3-n2-beta1__N0040__Aplus_0p01,hm-m05-g2-L5p3-n2-beta1__N0040__Aminus_0p01,hm-m05-g2-L5p3-n2-beta1,40,0.01,28,3.71,0.9968448698407538,0.9973670958437981
hm-m05-g2-L5p3-n2-beta1__N0040__Aplus_0p01,hm-m05-g2-L5p3-n2-beta1__N0040__Aminus_0p01,hm-m05-g2-L5p3-n2-beta1,40,0.01,29,3.8425000000000002,0.9983680544699065,0.998635334061057
hm-m05-g2-L5p3-n2-beta1__N0040__Aplus_0p01,hm-m05-g2-L5p3-n2-beta1__N0040__Aminus_0p01,hm-m05-g2-L5p3-n2-beta1,40,0.01,30,3.975,0.9999314867607364,0.9999368687927346
hm-m05-g2-L5p3-n2-beta1__N0040__Aplus_0p01,hm-m05-g2-L5p3-n2-beta1__N0040__Aminus_0p01,hm-m05-g2-L5p3-n2-beta1,40,0.01,31,4.1075,1.0014967370682106,1.0012397007658584
hm-m05-g2-L5p3-n2-beta1__N0040__Aplus_0p01,hm-m05-g2-L5p3-n2-beta1__N0040__Aminus_0p01,hm-m05-g2-L5p3-n2-beta1,40,0.01,32,4.24,1.0030251977843343,1.0025117037253506
hm-m05-g2-L5p3-n2-beta1__N0040__Aplus_0p01,hm-m05-g2-L5p3-n2-beta1__N0040__Aminus_0p01,hm-m05-g2-L5p3-n2-beta1,40,0.01,33,4.3725000000000005,1.0044790403639707,1.0037214198545
hm-m05-g2-L5p3-n2-beta1__N0040__Aplus_0p01,hm-m05-g2-L5p3-n2-beta1__N0040__Aminus_0p01,hm-m05-g2-L5p3-n2-beta1,40,0.01,34,4.505,1.0058221655992612,1.0048388476461685
hm-m05-g2-L5p3-n2-beta1__N0040__Aplus_0p01,hm-m05-g2-L5p3-n2-beta1__N0040__Aminus_0p01,hm-m05-g2-L5p3-n2-beta1,40,0.01,35,4.6375,1.0070211219152359,1.005836201552266
hm-m05-g2-L5p3-n2-beta1__N0040__Aplus_0p01,hm-m05-g2-L5p3-n2-beta1__N0040__Aminus_0p01,hm-m05-g2-L5p3-n2-beta1,40,0.01,36,4.7700000000000005,1.0080459662019987,1.0066886226730316
hm-m05-g2-L5p3-n2-beta1__N0040__Aplus_0p01,hm-m05-g2-L5p3-n2-beta1__N0040__Aminus_0p01,hm-m05-g2-L5p3-n2-beta1,40,0.01,37,4.9025,1.008871042349213,1.0073748203883324
hm-m05-g2-L5p3-n2-beta1__N0040__Aplus_0p01,hm-m05-g2-L5p3-n2-beta1__N0040__Aminus_0p01,hm-m05-g2-L5p3-n2-beta1,40,0.01,38,5.035,1.009475654267022,1.007877626223607
hm-m05-g2-L5p3-n2-beta1__N0040__Aplus_0p01,hm-m05-g2-L5p3-n2-beta1__N0040__Aminus_0p01,hm-m05-g2-L5p3-n2-beta1,40,0.01,39,5.1675,1.0098446127657121,1.0081844433828264
hm-m05-g2-L5p3-n2-beta1__N0040__Aplus_0p01,hm-m05-g2-L5p3-n2-beta1__N0040__Aminus_0p01,hm-m05-g2-L5p3-n2-beta1,40,0.01,40,5.3,1.009968639162676,1.0082875782218934
hm-m05-g2-L5p3-n2-beta1__N0040__Aplus_0p02,hm-m05-g2-L5p3-n2-beta1__N0040__Aminus_0p02,hm-m05-g2-L5p3-n2-beta1,40,0.02,0,0.0,1.0198745844955763,1.016499937209933
hm-m05-g2-L5p3-n2-beta1__N0040__Aplus_0p02,hm-m05-g2-L5p3-n2-beta1__N0040__Aminus_0p02,hm-m05-g2-L5p3-n2-beta1,40,0.02,1,0.1325,1.019624707435145,1.0162923851956511
hm-m05-g2-L5p3-n2-beta1__N0040__Aplus_0p02,hm-m05-g2-L5p3-n2-beta1__N0040__Aminus_0p02,hm-m05-g2-L5p3-n2-beta1,40,0.02,2,0.265,1.0188814967723774,1.015675032405646
hm-m05-g2-L5p3-n2-beta1__N0040__Aplus_0p02,hm-m05-g2-L5p3-n2-beta1__N0040__Aminus_0p02,hm-m05-g2-L5p3-n2-beta1,40,0.02,3,0.3975,1.017664029620726,1.014663638853047
hm-m05-g2-L5p3-n2-beta1__N0040__Aplus_0p02,hm-m05-g2-L5p3-n2-beta1__N0040__Aminus_0p02,hm-m05-g2-L5p3-n2-beta1,40,0.02,4,0.53,1.0160034935123898,1.013283977705002
hm-m05-g2-L5p3-n2-beta1__N0040__Aplus_0p02,hm-m05-g2-L5p3-n2-beta1__N0040__Aminus_0p02,hm-m05-g2-L5p3-n2-beta1,40,0.02,5,0.6625000000000001,1.0139422995013574,1.0115711143617172
hm-m05-g2-L5p3-n2-beta1__N0040__Aplus_0p02,hm-m05-g2-L5p3-n2-beta1__N0040__Aminus_0p02,hm-m05-g2-L5p3-n2-beta1,40,0.02,6,0.795,1.0115328881475012,1.009568434684376
hm-m05-g2-L5p3-n2-beta1__N0040__Aplus_0p02,hm-m05-g2-L5p3-n2-beta1__N0040__Aminus_0p02,hm-m05-g2-L5p3-n2-beta1,40,0.02,7,0.9275,1.0088362725689382,1.0073264571903031
hm-m05-g2-L5p3-n2-beta1__N0040__Aplus_0p02,hm-m05-g2-L5p3-n2-beta1__N0040__Aminus_0p02,hm-m05-g2-L5p3-n2-beta1,40,0.02,8,1.06,1.0059203707725133,1.004901470402741
hm-m05-g2-L5p3-n2-beta1__N0040__Aplus_0p02,hm-m05-g2-L5p3-n2-beta1__N0040__Aminus_0p02,hm-m05-g2-L5p3-n2-beta1,40,0.02,9,1.1925000000000001,1.0028581845854507,1.0023540406757538
hm-m05-g2-L5p3-n2-beta1__N0040__Aplus_0p02,hm-m05-g2-L5p3-n2-beta1__N0040__Aminus_0p02,hm-m05-g2-L5p3-n2-beta1,40,0.02,10,1.3250000000000002,0.9997258846040993,0.9997474376482705
hm-m05-g2-L5p3-n2-beta1__N0040__Aplus_0p02,hm-m05-g2-L5p3-n2-beta1__N0040__Aminus_0p02,hm-m05-g2-L5p3-n2-beta1,40,0.02,11,1.4575,0.9966008597732757,0.9971460241306748
hm-m05-g2-L5p3-n2-beta1__N0040__Aplus_0p02,hm-m05-g2-L5p3-n2-beta1__N0040__Aminus_0p02,hm-m05-g2-L5p3-n2-beta1,40,0.02,12,1.59,0.9935597868501874,0.9946136549628133
hm-m05-g2-L5p3-n2-beta1__N0040__Aplus_0p02,hm-m05-g2-L5p3-n2-beta1__N0040__Aminus_0p02,hm-m05-g2-L5p3-n2-beta1,40,0.02,13,1.7225000000000001,0.9906767695995,0.9922121255900263
hm-m05-g2-L5p3-n2-beta1__N0040__Aplus_0p02,hm-m05-g2-L5p3-n2-beta1__N0040__Aminus_0p02,hm-m05-g2-L5p3-n2-beta1,40,0.02,14,1.855,0.9880215907337517,0.9899997062392298
hm-m05-g2-L5p3-n2-beta1__N0040__Aplus_0p02,hm-m05-g2-L5p3-n2-beta1__N0040__Aminus_0p02,hm-m05-g2-L5p3-n2-beta1,40,0.02,15,1.9875,0.985658112027328,0.988029792115529
hm-m05-g2-L5p3-n2-beta1__N0040__Aplus_0p02,hm-m05-g2-L5p3-n2-beta1__N0040__Aminus_0p02,hm-m05-g2-L5p3-n2-beta1,40,0.02,16,2.12,0.9836428503455942,0.9863496944304126
hm-m05-g2-L5p3-n2-beta1__N0040__Aplus_0p02,hm-m05-g2-L5p3-n2-beta1__N0040__Aminus_0p02,hm-m05-g2-L5p3-n2-beta1,40,0.02,17,2.2525,0.9820237501171872,0.9849995916993021
hm-m05-g2-L5p3-n2-beta1__N0040__Aplus_0p02,hm-m05-g2-L5p3-n2-beta1__N0040__Aminus_0p02,hm-m05-g2-L5p3-n2-beta1,40,0.02,18,2.3850000000000002,0.98083916648177,0.9840116558997379
hm-m05-g2-L5p3-n2-beta1__N0040__Aplus_0p02,hm-m05-g2-L5p3-n2-beta1__N0040__Aminus_0p02,hm-m05-g2-L5p3-n2-beta1,40,0.02,19,2.5175,0.9801170682500913,0.9834093639425167
hm-m05-g2-L5p3-n2-beta1__N0040__Aplus_0p02,hm-m05-g2-L5p3-n2-beta1__N0040__Aminus_0p02,hm-m05-g2-L5p3-n2-beta1,40,0.02,20,2.6500000000000004,0.979874466022054,0.9832070015426503
hm-m05-g2-L5p3-n2-beta1__N0040__Aplus_0p02,hm-m05-g2-L5p3-n2-beta1__N0040__Aminus_0p02,hm-m05-g2-L5p3-n2-beta1,40,0.02,21,2.7825,0.9801170682500914,0.9834093639425169
hm-m05-g2-L5p3-n2-beta1__N0040__Aplus_0p02,hm-m05-g2-L5p3-n2-beta1__N0040__Aminus_0p02,hm-m05-g2-L5p3-n2-beta1,40,0.02,22,2.915,0.9808391664817703,0.9840116558997387
hm-m05-g2-L5p3-n2-beta1__N0040__Aplus_0p02,hm-m05-g2-L5p3-n2-beta1__N0040__Aminus_0p02,hm-m05-g2-L5p3-n2-beta1,40,0.02,23,3.0475000000000003,0.9820237501171877,0.9849995916993032
hm-m05-g2-L5p3-n2-beta1__N0040__Aplus_0p02,hm-m05-g2-L5p3-n2-beta1__N0040__Aminus_0p02,hm-m05-g2-L5p3-n2-beta1,40,0.02,24,3.18,0.9836428503455947,0.986349694430414
hm-m05-g2-L5p3-n2-beta1__N0040__Aplus_0p02,hm-m05-g2-L5p3-n2-beta1__N0040__Aminus_0p02,hm-m05-g2-L5p3-n2-beta1,40,0.02,25,3.3125,0.9856581120273288,0.9880297921155305
hm-m05-g2-L5p3-n2-beta1__N0040__Aplus_0p02,hm-m05-g2-L5p3-n2-beta1__N0040__Aminus_0p02,hm-m05-g2-L5p3-n2-beta1,40,0.02,26,3.4450000000000003,0.9880215907337527,0.9899997062392316
hm-m05-g2-L5p3-n2-beta1__N0040__Aplus_0p02,hm-m05-g2-L5p3-n2-beta1__N0040__Aminus_0p02,hm-m05-g2-L5p3-n2-beta1,40,0.02,27,3.5775,0.9906767695995012,0.9922121255900279
hm-m05-g2-L5p3-n2-beta1__N0040__Aplus_0p02,hm-m05-g2-L5p3-n2-beta1__N0040__Aminus_0p02,hm-m05-g2-L5p3-n2-beta1,40,0.02,28,3.71,0.9935597868501888,0.9946136549628148
hm-m05-g2-L5p3-n2-beta1__N0040__Aplus_0p02,hm-m05-g2-L5p3-n2-beta1__N0040__Aminus_0p02,hm-m05-g2-L5p3-n2-beta1,40,0.02,29,3.8425000000000002,0.9966008597732773,0.9971460241306764
hm-m05-g2-L5p3-n2-beta1__N0040__Aplus_0p02,hm-m05-g2-L5p3-n2-beta1__N0040__Aminus_0p02,hm-m05-g2-L5p3-n2-beta1,40,0.02,30,3.975,0.999725884604101,0.9997474376482721
hm-m05-g2-L5p3-n2-beta1__N0040__Aplus_0p02,hm-m05-g2-L5p3-n2-beta1__N0040__Aminus_0p02,hm-m05-g2-L5p3-n2-beta1,40,0.02,31,4.1075,1.0028581845854525,1.0023540406757556
hm-m05-g2-L5p3-n2-beta1__N0040__Aplus_0p02,hm-m05-g2-L5p3-n2-beta1__N0040__Aminus_0p02,hm-m05-g2-L5p3-n2-beta1,40,0.02,32,4.24,1.0059203707725153,1.0049014704027432
hm-m05-g2-L5p3-n2-beta1__N0040__Aplus_0p02,hm-m05-g2-L5p3-n2-beta1__N0040__Aminus_0p02,hm-m05-g2-L5p3-n2-beta1,40,0.02,33,4.3725000000000005,1.0088362725689402,1.0073264571903058
hm-m05-g2-L5p3-n2-beta1__N0040__Aplus_0p02,hm-m05-g2-L5p3-n2-beta1__N0040__Aminus_0p02,hm-m05-g2-L5p3-n2-beta1,40,0.02,34,4.505,1.0115328881475032,1.009568434684379
hm-m05-g2-L5p3-n2-beta1__N0040__Aplus_0p02,hm-m05-g2-L5p3-n2-beta1__N0040__Aminus_0p02,hm-m05-g2-L5p3-n2-beta1,40,0.02,35,4.6375,1.0139422995013596,1.0115711143617205
hm-m05-g2-L5p3-n2-beta1__N0040__Aplus_0p02,hm-m05-g2-L5p3-n2-beta1__N0040__Aminus_0p02,hm-m05-g2-L5p3-n2-beta1,40,0.02,36,4.7700000000000005,1.0160034935123918,1.0132839777050053
hm-m05-g2-L5p3-n2-beta1__N0040__Aplus_0p02,hm-m05-g2-L5p3-n2-beta1__N0040__Aminus_0p02,hm-m05-g2-L5p3-n2-beta1,40,0.02,37,4.9025,1.017664029620728,1.0146636388530503
hm-m05-g2-L5p3-n2-beta1__N0040__Aplus_0p02,hm-m05-g2-L5p3-n2-beta1__N0040__Aminus_0p02,hm-m05-g2-L5p3-n2-beta1,40,0.02,38,5.035,1.0188814967723796,1.0156750324056494
hm-m05-g2-L5p3-n2-beta1__N0040__Aplus_0p02,hm-m05-g2-L5p3-n2-beta1__N0040__Aminus_0p02,hm-m05-g2-L5p3-n2-beta1,40,0.02,39,5.1675,1.0196247074351472,1.0162923851956545
hm-m05-g2-L5p3-n2-beta1__N0040__Aplus_0p02,hm-m05-g2-L5p3-n2-beta1__N0040__Aminus_0p02,hm-m05-g2-L5p3-n2-beta1,40,0.02,40,5.3,1.0198745844955783,1.0164999372099364
hm-m05-g2-L5p3-n2-beta1__N0080__Aminus_0p02,hm-m05-g2-L5p3-n2-beta1__N0080__Aplus_0p02,hm-m05-g2-L5p3-n2-beta1,80,-0.02,0,0.0,0.9798738901596077,0.9832212313635555
hm-m05-g2-L5p3-n2-beta1__N0080__Aminus_0p02,hm-m05-g2-L5p3-n2-beta1__N0080__Aplus_0p02,hm-m05-g2-L5p3-n2-beta1,80,-0.02,1,0.06625,0.9799346349213385,0.9832718556679372
hm-m05-g2-L5p3-n2-beta1__N0080__Aminus_0p02,hm-m05-g2-L5p3-n2-beta1__N0080__Aplus_0p02,hm-m05-g2-L5p3-n2-beta1,80,-0.02,2,0.1325,0.980116511414535,0.9834234282647581
hm-m05-g2-L5p3-n2-beta1__N0080__Aminus_0p02,hm-m05-g2-L5p3-n2-beta1__N0080__Aplus_0p02,hm-m05-g2-L5p3-n2-beta1,80,-0.02,3,0.19875,0.9804184480599675,0.9836750497708909
hm-m05-g2-L5p3-n2-beta1__N0080__Aminus_0p02,hm-m05-g2-L5p3-n2-beta1__N0080__Aplus_0p02,hm-m05-g2-L5p3-n2-beta1,80,-0.02,4,0.265,0.9808386648802976,0.9840252264310504
hm-m05-g2-L5p3-n2-beta1__N0080__Aminus_0p02,hm-m05-g2-L5p3-n2-beta1__N0080__Aplus_0p02,hm-m05-g2-L5p3-n2-beta1,80,-0.02,5,0.33125000000000004,0.9813746824778947,0.9844718779324575
hm-m05-g2-L5p3-n2-beta1__N0080__Aminus_0p02,hm-m05-g2-L5p3-n2-beta1__N0080__Aplus_0p02,hm-m05-g2-L5p3-n2-beta1,80,-0.02,6,0.3975,0.9820233345944593,0.9850123483244295
hm-m05-g2-L5p3-n2-beta1__N0080__Aminus_0p02,hm-m05-g2-L5p3-n2-beta1__N0080__Aplus_0p02,hm-m05-g2-L5p3-n2-beta1,80,-0.02,7,0.46375,0.9827807842412544,0.9856434200208543
hm-m05-g2-L5p3-n2-beta1__N0080__Aminus_0p02,hm-m05-g2-L5p3-n2-beta1__N0080__Aplus_0p02,hm-m05-g2-L5p3-n2-beta1,80,-0.02,8,0.53,0.9836425433829166,0.9863613308556586
hm-m05-g2-L5p3-n2-beta1__N0080__Aminus_0p02,hm-m05-g2-L5p3-n2-beta1__N0080__Aplus_0p02,hm-m05-g2-L5p3-n2-beta1,80,-0.02,9,0.5962500000000001,0.9846034961501341,0.9871617941524429
hm-m05-g2-L5p3-n2-beta1__N0080__Aminus_0p02,hm-m05-g2-L5p3-n2-beta1__N0080__Aplus_0p02,hm-m05-g2-L5p3-n2-beta1,80,-0.02,10,0.6625000000000001,0.9856579255466286,0.9880400217592359
hm-m05-g2-L5p3-n2-beta1__N0080__Aminus_0p02,hm-m05-g2-L5p3-n2-beta1__N0080__Aplus_0p02,hm-m05-g2-L5p3-n2-beta1,80,-0.02,11,0.72875,0.9867995436036426,0.9889907499876944
hm-m05-g2-L5p3-n2-beta1__N0080__Aminus_0p02,hm-m05-g2-L5p3-n2-beta1__N0080__Aplus_0p02,hm-m05-g2-L5p3-n2-beta1,80,-0.02,12,0.795,0.9880215249203521,0.9900082683829411
hm-m05-g2-L5p3-n2-beta1__N0080__Aminus_0p02,hm-m05-g2-L5p3-n2-beta1__N0080__Aplus_0p02,hm-m05-g2-L5p3-n2-beta1,80,-0.02,13,0.8612500000000001,0.9893165435112138,0.9910864512355435
hm-m05-g2-L5p3-n2-beta1__N0080__Aminus_0p02,hm-m05-g2-L5p3-n2-beta1__N0080__Aplus_0p02,hm-m05-g2-L5p3-n2-beta1,80,-0.02,14,0.9275,0.9906768128612521,0.9922187917309105
hm-m05-g2-L5p3-n2-beta1__N0080__Aminus_0p02,hm-m05-g2-L5p3-n2-beta1__N0080__Aplus_0p02,hm-m05-g2-L5p3-n2-beta1,80,-0.02,15,0.99375,0.9920941290677603,0.9933984386136678
hm-m05-g2-L5p3-n2-beta1__N0080__Aminus_0p02,hm-m05-g2-L5p3-n2-beta1__N0080__Aplus_0p02,hm-m05-g2-L5p3-n2-beta1,80,-0.02,16,1.06,0.9935599169220576,0.9946182352255054
hm-m05-g2-L5p3-n2-beta1__N0080__Aminus_0p02,hm-m05-g2-L5p3-n2-beta1__N0080__Aplus_0p02,hm-m05-g2-L5p3-n2-beta1,80,-0.02,17,1.12625,0.9950652787580667,0.995870760754737
hm-m05-g2-L5p3-n2-beta1__N0080__Aminus_0p02,hm-m05-g2-L5p3-n2-beta1__N0080__Aplus_0p02,hm-m05-g2-L5p3-n2-beta1,80,-0.02,18,1.1925000000000001,0.9966010458659315,0.9971483735146056
hm-m05-g2-L5p3-n2-beta1__N0080__Aminus_0p02,hm-m05-g2-L5p3-n2-beta1__N0080__Aplus_0p02,hm-m05-g2-L5p3-n2-beta1,80,-0.02,19,1.25875,0.9981578322391176,0.9984432560455085
hm-m05-g2-L5p3-n2-beta1__N0080__Aminus_0p02,hm-m05-g2-L5p3-n2-beta1__N0080__Aplus_0p02,hm-m05-g2-L5p3-n2-beta1,80,-0.02,20,1.3250000000000002,0.9997260903929527,0.9997474618141311
hm-m05-g2-L5p3-n2-beta1__N0080__Aminus_0p02,hm-m05-g2-L5p3-n2-beta1__N0080__Aplus_0p02,hm-m05-g2-L5p3-n2-beta1,80,-0.02,21,1.39125,1.00129616896193,1.0010529632603458
hm-m05-g2-L5p3-n2-beta1__N0080__Aminus_0p02,hm-m05-g2-L5p3-n2-beta1__N0080__Aplus_0p02,hm-m05-g2-L5p3-n2-beta1,80,-0.02,22,1.4575,1.0028583717529476,1.0023517009210894
hm-m05-g2-L5p3-n2-beta1__N0080__Aminus_0p02,hm-m05-g2-L5p3-n2-beta1__N0080__Aplus_0p02,hm-m05-g2-L5p3-n2-beta1,80,-0.02,23,1.5237500000000002,1.00440301790264,1.0036356333397038
hm-m05-g2-L5p3-n2-beta1__N0080__Aminus_0p02,hm-m05-g2-L5p3-n2-beta1__N0080__Aplus_0p02,hm-m05-g2-L5p3-n2-beta1,80,-0.02,24,1.59,1.005920502759741,1.004896787449894
hm-m05-g2-L5p3-n2-beta1__N0080__Aminus_0p02,hm-m05-g2-L5p3-n2-beta1__N0080__Aplus_0p02,hm-m05-g2-L5p3-n2-beta1,80,-0.02,25,1.65625,1.0074013590886792,1.0061273091059955
hm-m05-g2-L5p3-n2-beta1__N0080__Aminus_0p02,hm-m05-g2-L5p3-n2-beta1__N0080__Aplus_0p02,hm-m05-g2-L5p3-n2-beta1,80,-0.02,26,1.7225000000000001,1.008836318169008,1.007319513416115
hm-m05-g2-L5p3-n2-beta1__N0080__Aminus_0p02,hm-m05-g2-L5p3-n2-beta1__N0080__Aplus_0p02,hm-m05-g2-L5p3-n2-beta1,80,-0.02,27,1.78875,1.0102163703474258,1.0084659345223834
hm-m05-g2-L5p3-n2-beta1__N0080__Aminus_0p02,hm-m05-g2-L5p3-n2-beta1__N0080__Aplus_0p02,hm-m05-g2-L5p3-n2-beta1,80,-0.02,28,1.855,1.0115328245856336,1.0095593744634472
hm-m05-g2-L5p3-n2-beta1__N0080__Aminus_0p02,hm-m05-g2-L5p3-n2-beta1__N0080__Aplus_0p02,hm-m05-g2-L5p3-n2-beta1,80,-0.02,29,1.9212500000000001,1.0127773665386224,1.0105929507488407
hm-m05-g2-L5p3-n2-beta1__N0080__Aminus_0p02,hm-m05-g2-L5p3-n2-beta1__N0080__Aplus_0p02,hm-m05-g2-L5p3-n2-beta1,80,-0.02,30,1.9875,1.0139421146945988,1.0115601422733307
hm-m05-g2-L5p3-n2-beta1__N0080__Aminus_0p02,hm-m05-g2-L5p3-n2-beta1__N0080__Aplus_0p02,hm-m05-g2-L5p3-n2-beta1,80,-0.02,31,2.05375,1.0150196741100055,1.0124548332019994
hm-m05-g2-L5p3-n2-beta1__N0080__Aminus_0p02,hm-m05-g2-L5p3-n2-beta1__N0080__Aplus_0p02,hm-m05-g2-L5p3-n2-beta1,80,-0.02,32,2.12,1.0160031872811872,1.0132713544639338
hm-m05-g2-L5p3-n2-beta1__N0080__Aminus_0p02,hm-m05-g2-L5p3-n2-beta1__N0080__Aplus_0p02,hm-m05-g2-L5p3-n2-beta1,80,-0.02,33,2.1862500000000002,1.0168863817083564,1.0140045225040188
hm-m05-g2-L5p3-n2-beta1__N0080__Aminus_0p02,hm-m05-g2-L5p3-n2-beta1__N0080__Aplus_0p02,hm-m05-g2-L5p3-n2-beta1,80,-0.02,34,2.2525,1.0176636137275872,1.0146496749585465
hm-m05-g2-L5p3-n2-beta1__N0080__Aminus_0p02,hm-m05-g2-L5p3-n2-beta1__N0080__Aplus_0p02,hm-m05-g2-L5p3-n2-beta1,80,-0.02,35,2.31875,1.018329908212555,1.0152027029410555
hm-m05-g2-L5p3-n2-beta1__N0080__Aminus_0p02,hm-m05-g2-L5p3-n2-beta1__N0080__Aplus_0p02,hm-m05-g2-L5p3-n2-beta1,80,-0.02,36,2.3850000000000002,1.0188809937793755,1.0156600796499007
hm-m05-g2-L5p3-n2-beta1__N0080__Aminus_0p02,hm-m05-g2-L5p3-n2-beta1__N0080__Aplus_0p02,hm-m05-g2-L5p3-n2-beta1,80,-0.02,37,2.45125,1.0193133331648536,1.0160188850382204
hm-m05-g2-L5p3-n2-beta1__N0080__Aminus_0p02,hm-m05-g2-L5p3-n2-beta1__N0080__Aplus_0p02,hm-m05-g2-L5p3-n2-beta1,80,-0.02,38,2.5175,1.0196241484902748,1.016276826319919
hm-m05-g2-L5p3-n2-beta1__N0080__Aminus_0p02,hm-m05-g2-L5p3-n2-beta1__N0080__Aplus_0p02,hm-m05-g2-L5p3-n2-beta1,80,-0.02,39,2.58375,1.0198114411689878,1.0164322541215836
hm-m05-g2-L5p3-n2-beta1__N0080__Aminus_0p02,hm-m05-g2-L5p3-n2-beta1__N0080__Aplus_0p02,hm-m05-g2-L5p3-n2-beta1,80,-0.02,40,2.6500000000000004,1.0198740062658105,1.0164841741294013
hm-m05-g2-L5p3-n2-beta1__N0080__Aminus_0p02,hm-m05-g2-L5p3-n2-beta1__N0080__Aplus_0p02,hm-m05-g2-L5p3-n2-beta1,80,-0.02,41,2.71625,1.0198114411689878,1.0164322541215831
hm-m05-g2-L5p3-n2-beta1__N0080__Aminus_0p02,hm-m05-g2-L5p3-n2-beta1__N0080__Aplus_0p02,hm-m05-g2-L5p3-n2-beta1,80,-0.02,42,2.7825,1.0196241484902748,1.016276826319918
hm-m05-g2-L5p3-n2-beta1__N0080__Aminus_0p02,hm-m05-g2-L5p3-n2-beta1__N0080__Aplus_0p02,hm-m05-g2-L5p3-n2-beta1,80,-0.02,43,2.8487500000000003,1.0193133331648534,1.016018885038219
hm-m05-g2-L5p3-n2-beta1__N0080__Aminus_0p02,hm-m05-g2-L5p3-n2-beta1__N0080__Aplus_0p02,hm-m05-g2-L5p3-n2-beta1,80,-0.02,44,2.915,1.018880993779375,1.015660079649899
hm-m05-g2-L5p3-n2-beta1__N0080__Aminus_0p02,hm-m05-g2-L5p3-n2-beta1__N0080__Aplus_0p02,hm-m05-g2-L5p3-n2-beta1,80,-0.02,45,2.98125,1.0183299082125545,1.015202702941053
hm-m05-g2-L5p3-n2-beta1__N0080__Aminus_0p02,hm-m05-g2-L5p3-n2-beta1__N0080__Aplus_0p02,hm-m05-g2-L5p3-n2-beta1,80,-0.02,46,3.0475000000000003,1.0176636137275867,1.0146496749585436
hm-m05-g2-L5p3-n2-beta1__N0080__Aminus_0p02,hm-m05-g2-L5p3-n2-beta1__N0080__Aplus_0p02,hm-m05-g2-L5p3-n2-beta1,80,-0.02,47,3.11375,1.0168863817083558,1.0140045225040155
hm-m05-g2-L5p3-n2-beta1__N0080__Aminus_0p02,hm-m05-g2-L5p3-n2-beta1__N0080__Aplus_0p02,hm-m05-g2-L5p3-n2-beta1,80,-0.02,48,3.18,1.0160031872811863,1.0132713544639298
hm-m05-g2-L5p3-n2-beta1__N0080__Aminus_0p02,hm-m05-g2-L5p3-n2-beta1__N0080__Aplus_0p02,hm-m05-g2-L5p3-n2-beta1,80,-0.02,49,3.2462500000000003,1.0150196741100044,1.012454833201995
hm-m05-g2-L5p3-n2-beta1__N0080__Aminus_0p02,hm-m05-g2-L5p3-n2-beta1__N0080__Aplus_0p02,hm-m05-g2-L5p3-n2-beta1,80,-0.02,50,3.3125,1.0139421146945977,1.0115601422733254
hm-m05-g2-L5p3-n2-beta1__N0080__Aminus_0p02,hm-m05-g2-L5p3-n2-beta1__N0080__Aplus_0p02,hm-m05-g2-L5p3-n2-beta1,80,-0.02,51,3.37875,1.0127773665386208,1.010592950748835
hm-m05-g2-L5p3-n2-beta1__N0080__Aminus_0p02,hm-m05-g2-L5p3-n2-beta1__N0080__Aplus_0p02,hm-m05-g2-L5p3-n2-beta1,80,-0.02,52,3.4450000000000003,1.011532824585632,1.009559374463441
hm-m05-g2-L5p3-n2-beta1__N0080__Aminus_0p02,hm-m05-g2-L5p3-n2-beta1__N0080__Aplus_0p02,hm-m05-g2-L5p3-n2-beta1,80,-0.02,53,3.51125,1.010216370347424,1.008465934522377
hm-m05-g2-L5p3-n2-beta1__N0080__Aminus_0p02,hm-m05-g2-L5p3-n2-beta1__N0080__Aplus_0p02,hm-m05-g2-L5p3-n2-beta1,80,-0.02,54,3.5775,1.0088363181690059,1.0073195134161084
hm-m05-g2-L5p3-n2-beta1__N0080__Aminus_0p02,hm-m05-g2-L5p3-n2-beta1__N0080__Aplus_0p02,hm-m05-g2-L5p3-n2-beta1,80,-0.02,55,3.6437500000000003,1.0074013590886768,1.0061273091059881
hm-m05-g2-L5p3-n2-beta1__N0080__Aminus_0p02,hm-m05-g2-L5p3-n2-beta1__N0080__Aplus_0p02,hm-m05-g2-L5p3-n2-beta1,80,-0.02,56,3.71,1.0059205027597382,1.0048967874498862
hm-m05-g2-L5p3-n2-beta1__N0080__Aminus_0p02,hm-m05-g2-L5p3-n2-beta1__N0080__Aplus_0p02,hm-m05-g2-L5p3-n2-beta1,80,-0.02,57,3.77625,1.0044030179026366,1.0036356333396959
hm-m05-g2-L5p3-n2-beta1__N0080__Aminus_0p02,hm-m05-g2-L5p3-n2-beta1__N0080__Aplus_0p02,hm-m05-g2-L5p3-n2-beta1,80,-0.02,58,3.8425000000000002,1.0028583717529438,1.0023517009210812
hm-m05-g2-L5p3-n2-beta1__N0080__Aminus_0p02,hm-m05-g2-L5p3-n2-beta1__N0080__Aplus_0p02,hm-m05-g2-L5p3-n2-beta1,80,-0.02,59,3.9087500000000004,1.0012961689619257,1.001052963260337
hm-m05-g2-L5p3-n2-beta1__N0080__Aminus_0p02,hm-m05-g2-L5p3-n2-beta1__N0080__Aplus_0p02,hm-m05-g2-L5p3-n2-beta1,80,-0.02,60,3.975,0.999726090392948,0.9997474618141221
hm-m05-g2-L5p3-n2-beta1__N0080__Aminus_0p02,hm-m05-g2-L5p3-n2-beta1__N0080__Aplus_0p02,hm-m05-g2-L5p3-n2-beta1,80,-0.02,61,4.04125,0.9981578322391124,0.9984432560454992
hm-m05-g2-L5p3-n2-beta1__N0080__Aminus_0p02,hm-m05-g2-L5p3-n2-beta1__N0080__Aplus_0p02,hm-m05-g2-L5p3-n2-beta1,80,-0.02,62,4.1075,0.9966010458659258,0.997148373514596
hm-m05-g2-L5p3-n2-beta1__N0080__Aminus_0p02,hm-m05-g2-L5p3-n2-beta1__N0080__Aplus_0p02,hm-m05-g2-L5p3-n2-beta1,80,-0.02,63,4.17375,0.9950652787580605,0.9958707607547272
hm-m05-g2-L5p3-n2-beta1__N0080__Aminus_0p02,hm-m05-g2-L5p3-n2-beta1__N0080__Aplus_0p02,hm-m05-g2-L5p3-n2-beta1,80,-0.02,64,4.24,0.9935599169220508,0.9946182352254954
hm-m05-g2-L5p3-n2-beta1__N0080__Aminus_0p02,hm-m05-g2-L5p3-n2-beta1__N0080__Aplus_0p02,hm-m05-g2-L5p3-n2-beta1,80,-0.02,65,4.30625,0.9920941290677531,0.9933984386136577
hm-m05-g2-L5p3-n2-beta1__N0080__Aminus_0p02,hm-m05-g2-L5p3-n2-beta1__N0080__Aplus_0p02,hm-m05-g2-L5p3-n2-beta1,80,-0.02,66,4.3725000000000005,0.9906768128612444,0.9922187917309004
hm-m05-g2-L5p3-n2-beta1__N0080__Aminus_0p02,hm-m05-g2-L5p3-n2-beta1__N0080__Aplus_0p02,hm-m05-g2-L5p3-n2-beta1,80,-0.02,67,4.438750000000001,0.9893165435112057,0.9910864512355332
hm-m05-g2-L5p3-n2-beta1__N0080__Aminus_0p02,hm-m05-g2-L5p3-n2-beta1__N0080__Aplus_0p02,hm-m05-g2-L5p3-n2-beta1,80,-0.02,68,4.505,0.9880215249203436,0.9900082683829307
hm-m05-g2-L5p3-n2-beta1__N0080__Aminus_0p02,hm-m05-g2-L5p3-n2-beta1__N0080__Aplus_0p02,hm-m05-g2-L5p3-n2-beta1,80,-0.02,69,4.57125,0.9867995436036336,0.9889907499876839
hm-m05-g2-L5p3-n2-beta1__N0080__Aminus_0p02,hm-m05-g2-L5p3-n2-beta1__N0080__Aplus_0p02,hm-m05-g2-L5p3-n2-beta1,80,-0.02,70,4.6375,0.9856579255466191,0.9880400217592251
hm-m05-g2-L5p3-n2-beta1__N0080__Aminus_0p02,hm-m05-g2-L5p3-n2-beta1__N0080__Aplus_0p02,hm-m05-g2-L5p3-n2-beta1,80,-0.02,71,4.70375,0.9846034961501243,0.987161794152432
hm-m05-g2-L5p3-n2-beta1__N0080__Aminus_0p02,hm-m05-g2-L5p3-n2-beta1__N0080__Aplus_0p02,hm-m05-g2-L5p3-n2-beta1,80,-0.02,72,4.7700000000000005,0.9836425433829065,0.9863613308556473
hm-m05-g2-L5p3-n2-beta1__N0080__Aminus_0p02,hm-m05-g2-L5p3-n2-beta1__N0080__Aplus_0p02,hm-m05-g2-L5p3-n2-beta1,80,-0.02,73,4.836250000000001,0.982780784241244,0.9856434200208428
hm-m05-g2-L5p3-n2-beta1__N0080__Aminus_0p02,hm-m05-g2-L5p3-n2-beta1__N0080__Aplus_0p02,hm-m05-g2-L5p3-n2-beta1,80,-0.02,74,4.9025,0.9820233345944487,0.9850123483244181
hm-m05-g2-L5p3-n2-beta1__N0080__Aminus_0p02,hm-m05-g2-L5p3-n2-beta1__N0080__Aplus_0p02,hm-m05-g2-L5p3-n2-beta1,80,-0.02,75,4.96875,0.9813746824778838,0.984471877932446
hm-m05-g2-L5p3-n2-beta1__N0080__Aminus_0p02,hm-m05-g2-L5p3-n2-beta1__N0080__Aplus_0p02,hm-m05-g2-L5p3-n2-beta1,80,-0.02,76,5.035,0.9808386648802865,0.9840252264310388
hm-m05-g2-L5p3-n2-beta1__N0080__Aminus_0p02,hm-m05-g2-L5p3-n2-beta1__N0080__Aplus_0p02,hm-m05-g2-L5p3-n2-beta1,80,-0.02,77,5.10125,0.9804184480599563,0.9836750497708795
hm-m05-g2-L5p3-n2-beta1__N0080__Aminus_0p02,hm-m05-g2-L5p3-n2-beta1__N0080__Aplus_0p02,hm-m05-g2-L5p3-n2-beta1,80,-0.02,78,5.1675,0.9801165114145237,0.9834234282647467
hm-m05-g2-L5p3-n2-beta1__N0080__Aminus_0p02,hm-m05-g2-L5p3-n2-beta1__N0080__Aplus_0p02,hm-m05-g2-L5p3-n2-beta1,80,-0.02,79,5.233750000000001,0.979934634921327,0.9832718556679256
hm-m05-g2-L5p3-n2-beta1__N0080__Aminus_0p02,hm-m05-g2-L5p3-n2-beta1__N0080__Aplus_0p02,hm-m05-g2-L5p3-n2-beta1,80,-0.02,80,5.3,0.9798738901595963,0.983221231363544
hm-m05-g2-L5p3-n2-beta1__N0080__Aminus_0p01,hm-m05-g2-L5p3-n2-beta1__N0080__Aplus_0p01,hm-m05-g2-L5p3-n2-beta1,80,-0.01,0,0.0,0.9899684803575788,0.991646473604732
hm-m05-g2-L5p3-n2-beta1__N0080__Aminus_0p01,hm-m05-g2-L5p3-n2-beta1__N0080__Aplus_0p01,hm-m05-g2-L5p3-n2-beta1,80,-0.01,1,0.06625,0.9899990797673031,0.9916719496579686
hm-m05-g2-L5p3-n2-beta1__N0080__Aminus_0p01,hm-m05-g2-L5p3-n2-beta1__N0080__Aplus_0p01,hm-m05-g2-L5p3-n2-beta1,80,-0.01,2,0.1325,0.9900906935293564,0.9917482237186355
hm-m05-g2-L5p3-n2-beta1__N0080__Aminus_0p01,hm-m05-g2-L5p3-n2-beta1__N0080__Aplus_0p01,hm-m05-g2-L5p3-n2-beta1,80,-0.01,3,0.19875,0.990242769276858,0.9918748343671702
hm-m05-g2-L5p3-n2-beta1__N0080__Aminus_0p01,hm-m05-g2-L5p3-n2-beta1__N0080__Aplus_0p01,hm-m05-g2-L5p3-n2-beta1,80,-0.01,4,0.265,0.9904543898427344,0.9920510154925237
hm-m05-g2-L5p3-n2-beta1__N0080__Aminus_0p01,hm-m05-g2-L5p3-n2-beta1__N0080__Aplus_0p01,hm-m05-g2-L5p3-n2-beta1,80,-0.01,5,0.33125000000000004,0.9907242784127519,0.9922757006616721
hm-m05-g2-L5p3-n2-beta1__N0080__Aminus_0p01,hm-m05-g2-L5p3-n2-beta1__N0080__Aplus_0p01,hm-m05-g2-L5p3-n2-beta1,80,-0.01,6,0.3975,0.9910508057125119,0.9925475292112177
hm-m05-g2-L5p3-n2-beta1__N0080__Aminus_0p01,hm-m05-g2-L5p3-n2-beta1__N0080__Aplus_0p01,hm-m05-g2-L5p3-n2-beta1,80,-0.01,7,0.46375,0.9914319992008572,0.9928648540352152
hm-m05-g2-L5p3-n2-beta1__N0080__Aminus_0p01,hm-m05-g2-L5p3-n2-beta1__N0080__Aplus_0p01,hm-m05-g2-L5p3-n2-beta1,80,-0.01,8,0.53,0.9918655542338487,0.9932257510357646
hm-m05-g2-L5p3-n2-beta1__N0080__Aminus_0p01,hm-m05-g2-L5p3-n2-beta1__N0080__Aplus_0p01,hm-m05-g2-L5p3-n2-beta1,80,-0.01,9,0.5962500000000001,0.9923488471549035,0.9936280301951713
hm-m05-g2-L5p3-n2-beta1__N0080__Aminus_0p01,hm-m05-g2-L5p3-n2-beta1__N0080__Aplus_0p01,hm-m05-g2-L5p3-n2-beta1,80,-0.01,10,0.6625000000000001,0.9928789502577876,0.9940692482205923
hm-m05-g2-L5p3-n2-beta1__N0080__Aminus_0p01,hm-m05-g2-L5p3-n2-beta1__N0080__Aplus_0p01,hm-m05-g2-L5p3-n2-beta1,80,-0.01,11,0.72875,0.9934526485599338,0.9945467227040456
hm-m05-g2-L5p3-n2-beta1__N0080__Aminus_0p01,hm-m05-g2-L5p3-n2-beta1__N0080__Aplus_0p01,hm-m05-g2-L5p3-n2-beta1,80,-0.01,12,0.795,0.9940664583139807,0.995057547732476
hm-m05-g2-L5p3-n2-beta1__N0080__Aminus_0p01,hm-m05-g2-L5p3-n2-beta1__N0080__Aplus_0p01,hm-m05-g2-L5p3-n2-beta1,80,-0.01,13,0.8612500000000001,0.9947166471755479,0.9955986108742548
hm-m05-g2-L5p3-n2-beta1__N0080__Aminus_0p01,hm-m05-g2-L5p3-n2-beta1__N0080__Aplus_0p01,hm-m05-g2-L5p3-n2-beta1,80,-0.01,14,0.9275,0.9953992559350917,0.9961666114600985
hm-m05-g2-L5p3-n2-beta1__N0080__Aminus_0p01,hm-m05-g2-L5p3-n2-beta1__N0080__Aplus_0p01,hm-m05-g2-L5p3-n2-beta1,80,-0.01,15,0.99375,0.9961101217113006,0.9967580800679386
hm-m05-g2-L5p3-n2-beta1__N0080__Aminus_0p01,hm-m05-g2-L5p3-n2-beta1__N0080__Aplus_0p01,hm-m05-g2-L5p3-n2-beta1,80,-0.01,16,1.06,0.9968449024929653,0.9973693991128535
hm-m05-g2-L5p3-n2-beta1__N0080__Aminus_0p01,hm-m05-g2-L5p3-n2-beta1__N0080__Aplus_0p01,hm-m05-g2-L5p3-n2-beta1,80,-0.01,17,1.12625,0.997599102905693,0.9979968244348278
hm-m05-g2-L5p3-n2-beta1__N0080__Aminus_0p01,hm-m05-g2-L5p3-n2-beta1__N0080__Aplus_0p01,hm-m05-g2-L5p3-n2-beta1,80,-0.01,18,1.1925000000000001,0.9983681010693523,0.9986365077689511
hm-m05-g2-L5p3-n2-beta1__N0080__Aminus_0p01,hm-m05-g2-L5p3-n2-beta1__N0080__Aplus_0p01,hm-m05-g2-L5p3-n2-beta1,80,-0.01,19,1.25875,0.9991471764018641,0.9992845199747681
hm-m05-g2-L5p3-n2-beta1__N0080__Aminus_0p01,hm-m05-g2-L5p3-n2-beta1__N0080__Aplus_0p01,hm-m05-g2-L5p3-n2-beta1,80,-0.01,20,1.3250000000000002,0.9999315382150527,0.9999368748939838
hm-m05-g2-L5p3-n2-beta1__N0080__Aminus_0p01,hm-m05-g2-L5p3-n2-beta1__N0080__Aplus_0p01,hm-m05-g2-L5p3-n2-beta1,80,-0.01,21,1.39125,1.0007163549388831,1.0005895536986982
hm-m05-g2-L5p3-n2-beta1__N0080__Aminus_0p01,hm-m05-g2-L5p3-n2-beta1__N0080__Aplus_0p01,hm-m05-g2-L5p3-n2-beta1,80,-0.01,22,1.4575,1.001496783801728,1.0012385295859347
hm-m05-g2-L5p3-n2-beta1__N0080__Aminus_0p01,hm-m05-g2-L5p3-n2-beta1__N0080__Aplus_0p01,hm-m05-g2-L5p3-n2-beta1,80,-0.01,23,1.5237500000000002,1.00226800078647,1.0018797926685348
hm-m05-g2-L5p3-n2-beta1__N0080__Aminus_0p01,hm-m05-g2-L5p3-n2-beta1__N0080__Aplus_0p01,hm-m05-g2-L5p3-n2-beta1,80,-0.01,24,1.59,1.0030252306754623,1.0025093749076597
hm-m05-g2-L5p3-n2-beta1__N0080__Aminus_0p01,hm-m05-g2-L5p3-n2-beta1__N0080__Aplus_0p01,hm-m05-g2-L5p3-n2-beta1,80,-0.01,25,1.65625,1.0037637769917689,1.0031233749282766
hm-m05-g2-L5p3-n2-beta1__N0080__Aminus_0p01,hm-m05-g2-L5p3-n2-beta1__N0080__Aplus_0p01,hm-m05-g2-L5p3-n2-beta1,80,-0.01,26,1.7225000000000001,1.0044790516398792,1.003717982556224
hm-m05-g2-L5p3-n2-beta1__N0080__Aminus_0p01,hm-m05-g2-L5p3-n2-beta1__N0080__Aplus_0p01,hm-m05-g2-L5p3-n2-beta1,80,-0.01,27,1.78875,1.0051666040463676,1.0042895029138594
hm-m05-g2-L5p3-n2-beta1__N0080__Aminus_0p01,hm-m05-g2-L5p3-n2-beta1__N0080__Aplus_0p01,hm-m05-g2-L5p3-n2-beta1,80,-0.01,28,1.855,1.0058221495998831,1.0048343799109885
hm-m05-g2-L5p3-n2-beta1__N0080__Aminus_0p01,hm-m05-g2-L5p3-n2-beta1__N0080__Aplus_0p01,hm-m05-g2-L5p3-n2-beta1,80,-0.01,29,1.9212500000000001,1.0064415971905194,1.0053492189688178
hm-m05-g2-L5p3-n2-beta1__N0080__Aminus_0p01,hm-m05-g2-L5p3-n2-beta1__N0080__Aplus_0p01,hm-m05-g2-L5p3-n2-beta1,80,-0.01,30,1.9875,1.007021075651116,1.0058308088171646
hm-m05-g2-L5p3-n2-beta1__N0080__Aminus_0p01,hm-m05-g2-L5p3-n2-beta1__N0080__Aplus_0p01,hm-m05-g2-L5p3-n2-beta1,80,-0.01,31,2.05375,1.007556958907444,1.0062761422090907
hm-m05-g2-L5p3-n2-beta1__N0080__Aminus_0p01,hm-m05-g2-L5p3-n2-beta1__N0080__Aplus_0p01,hm-m05-g2-L5p3-n2-beta1,80,-0.01,32,2.12,1.0080458896505584,1.0066824354025736
hm-m05-g2-L5p3-n2-beta1__N0080__Aminus_0p01,hm-m05-g2-L5p3-n2-beta1__N0080__Aplus_0p01,hm-m05-g2-L5p3-n2-beta1,80,-0.01,33,2.1862500000000002,1.0084848013528676,1.0070471462657586
hm-m05-g2-L5p3-n2-beta1__N0080__Aminus_0p01,hm-m05-g2-L5p3-n2-beta1__N0080__Aplus_0p01,hm-m05-g2-L5p3-n2-beta1,80,-0.01,34,2.2525,1.0088709384596413,1.0073679908707283
hm-m05-g2-L5p3-n2-beta1__N0080__Aminus_0p01,hm-m05-g2-L5p3-n2-beta1__N0080__Aplus_0p01,hm-m05-g2-L5p3-n2-beta1,80,-0.01,35,2.31875,1.0092018745996925,1.0076429584505573
hm-m05-g2-L5p3-n2-beta1__N0080__Aminus_0p01,hm-m05-g2-L5p3-n2-beta1__N0080__Aplus_0p01,hm-m05-g2-L5p3-n2-beta1,80,-0.01,36,2.3850000000000002,1.0094755286727417,1.0078703246055847
hm-m05-g2-L5p3-n2-beta1__N0080__Aminus_0p01,hm-m05-g2-L5p3-n2-beta1__N0080__Aplus_0p01,hm-m05-g2-L5p3-n2-beta1,80,-0.01,37,2.45125,1.0096901786863666,1.0080486626572696
hm-m05-g2-L5p3-n2-beta1__N0080__Aminus_0p01,hm-m05-g2-L5p3-n2-beta1__N0080__Aplus_0p01,hm-m05-g2-L5p3-n2-beta1,80,-0.01,38,2.5175,1.0098444732323204,1.0081768530615667
hm-m05-g2-L5p3-n2-beta1__N0080__Aminus_0p01,hm-m05-g2-L5p3-n2-beta1__N0080__Aplus_0p01,hm-m05-g2-L5p3-n2-beta1,80,-0.01,39,2.58375,1.009937440510177,1.0082540908083308
hm-m05-g2-L5p3-n2-beta1__N0080__Aminus_0p01,hm-m05-g2-L5p3-n2-beta1__N0080__Aplus_0p01,hm-m05-g2-L5p3-n2-beta1,80,-0.01,40,2.6500000000000004,1.0099684948255367,1.0082798907486779
hm-m05-g2-L5p3-n2-beta1__N0080__Aminus_0p01,hm-m05-g2-L5p3-n2-beta1__N0080__Aplus_0p01,hm-m05-g2-L5p3-n2-beta1,80,-0.01,41,2.71625,1.009937440510177,1.0082540908083306
hm-m05-g2-L5p3-n2-beta1__N0080__Aminus_0p01,hm-m05-g2-L5p3-n2-beta1__N0080__Aplus_0p01,hm-m05-g2-L5p3-n2-beta1,80,-0.01,42,2.7825,1.0098444732323204,1.0081768530615662
hm-m05-g2-L5p3-n2-beta1__N0080__Aminus_0p01,hm-m05-g2-L5p3-n2-beta1__N0080__Aplus_0p01,hm-m05-g2-L5p3-n2-beta1,80,-0.01,43,2.8487500000000003,1.0096901786863666,1.0080486626572687
hm-m05-g2-L5p3-n2-beta1__N0080__Aminus_0p01,hm-m05-g2-L5p3-n2-beta1__N0080__Aplus_0p01,hm-m05-g2-L5p3-n2-beta1,80,-0.01,44,2.915,1.0094755286727417,1.0078703246055836
hm-m05-g2-L5p3-n2-beta1__N0080__Aminus_0p01,hm-m05-g2-L5p3-n2-beta1__N0080__Aplus_0p01,hm-m05-g2-L5p3-n2-beta1,80,-0.01,45,2.98125,1.0092018745996927,1.0076429584505555
hm-m05-g2-L5p3-n2-beta1__N0080__Aminus_0p01,hm-m05-g2-L5p3-n2-beta1__N0080__Aplus_0p01,hm-m05-g2-L5p3-n2-beta1,80,-0.01,46,3.0475000000000003,1.0088709384596415,1.0073679908707258
hm-m05-g2-L5p3-n2-beta1__N0080__Aminus_0p01,hm-m05-g2-L5p3-n2-beta1__N0080__Aplus_0p01,hm-m05-g2-L5p3-n2-beta1,80,-0.01,47,3.11375,1.0084848013528676,1.0070471462657555
hm-m05-g2-L5p3-n2-beta1__N0080__Aminus_0p01,hm-m05-g2-L5p3-n2-beta1__N0080__Aplus_0p01,hm-m05-g2-L5p3-n2-beta1,80,-0.01,48,3.18,1.0080458896505582,1.00668243540257
hm-m05-g2-L5p3-n2-beta1__N0080__Aminus_0p01,hm-m05-g2-L5p3-n2-beta1__N0080__Aplus_0p01,hm-m05-g2-L5p3-n2-beta1,80,-0.01,49,3.2462500000000003,1.0075569589074438,1.0062761422090865
hm-m05-g2-L5p3-n2-beta1__N0080__Aminus_0p01,hm-m05-g2-L5p3-n2-beta1__N0080__Aplus_0p01,hm-m05-g2-L5p3-n2-beta1,80,-0.01,50,3.3125,1.0070210756511155,1.0058308088171597
hm-m05-g2-L5p3-n2-beta1__N0080__Aminus_0p01,hm-m05-g2-L5p3-n2-beta1__N0080__Aplus_0p01,hm-m05-g2-L5p3-n2-beta1,80,-0.01,51,3.37875,1.0064415971905187,1.0053492189688122
hm-m05-g2-L5p3-n2-beta1__N0080__Aminus_0p01,hm-m05-g2-L5p3-n2-beta1__N0080__Aplus_0p01,hm-m05-g2-L5p3-n2-beta1,80,-0.01,52,3.4450000000000003,1.0058221495998823,1.0048343799109825
hm-m05-g2-L5p3-n2-beta1__N0080__Aminus_0p01,hm-m05-g2-L5p3-n2-beta1__N0080__Aplus_0p01,hm-m05-g2-L5p3-n2-beta1,80,-0.01,53,3.51125,1.0051666040463665,1.004289502913853
hm-m05-g2-L5p3-n2-beta1__N0080__Aminus_0p01,hm-m05-g2-L5p3-n2-beta1__N0080__Aplus_0p01,hm-m05-g2-L5p3-n2-beta1,80,-0.01,54,3.5775,1.0044790516398776,1.003717982556217
hm-m05-g2-L5p3-n2-beta1__N0080__Aminus_0p01,hm-m05-g2-L5p3-n2-beta1__N0080__Aplus_0p01,hm-m05-g2-L5p3-n2-beta1,80,-0.01,55,3.6437500000000003,1.003763776991767,1.003123374928269
hm-m05-g2-L5p3-n2-beta1__N0080__Aminus_0p01,hm-m05-g2-L5p3-n2-beta1__N0080__Aplus_0p01,hm-m05-g2-L5p3-n2-beta1,80,-0.01,56,3.71,1.00302523067546,1.0025093749076515
hm-m05-g2-L5p3-n2-beta1__N0080__Aminus_0p01,hm-m05-g2-L5p3-n2-beta1__N0080__Aplus_0p01,hm-m05-g2-L5p3-n2-beta1,80,-0.01,57,3.77625,1.002268000786467,1.0018797926685261
hm-m05-g2-L5p3-n2-beta1__N0080__Aminus_0p01,hm-m05-g2-L5p3-n2-beta1__N0080__Aplus_0p01,hm-m05-g2-L5p3-n2-beta1,80,-0.01,58,3.8425000000000002,1.0014967838017246,1.0012385295859256
hm-m05-g2-L5p3-n2-beta1__N0080__Aminus_0p01,hm-m05-g2-L5p3-n2-beta1__N0080__Aplus_0p01,hm-m05-g2-L5p3-n2-beta1,80,-0.01,59,3.9087500000000004,1.0007163549388793,1.0005895536986884
hm-m05-g2-L5p3-n2-beta1__N0080__Aminus_0p01,hm-m05-g2-L5p3-n2-beta1__N0080__Aplus_0p01,hm-m05-g2-L5p3-n2-beta1,80,-0.01,60,3.975,0.999931538215048,0.9999368748939735
hm-m05-g2-L5p3-n2-beta1__N0080__Aminus_0p01,hm-m05-g2-L5p3-n2-beta1__N0080__Aplus_0p01,hm-m05-g2-L5p3-n2-beta1,80,-0.01,61,4.04125,0.9991471764018587,0.9992845199747575
hm-m05-g2-L5p3-n2-beta1__N0080__Aminus_0p01,hm-m05-g2-L5p3-n2-beta1__N0080__Aplus_0p01,hm-m05-g2-L5p3-n2-beta1,80,-0.01,62,4.1075,0.9983681010693461,0.9986365077689402
hm-m05-g2-L5p3-n2-beta1__N0080__Aminus_0p01,hm-m05-g2-L5p3-n2-beta1__N0080__Aplus_0p01,hm-m05-g2-L5p3-n2-beta1,80,-0.01,63,4.17375,0.9975991029056861,0.9979968244348166
hm-m05-g2-L5p3-n2-beta1__N0080__Aminus_0p01,hm-m05-g2-L5p3-n2-beta1__N0080__Aplus_0p01,hm-m05-g2-L5p3-n2-beta1,80,-0.01,64,4.24,0.9968449024929575,0.9973693991128421
hm-m05-g2-L5p3-n2-beta1__N0080__Aminus_0p01,hm-m05-g2-L5p3-n2-beta1__N0080__Aplus_0p01,hm-m05-g2-L5p3-n2-beta1,80,-0.01,65,4.30625,0.9961101217112921,0.9967580800679269
hm-m05-g2-L5p3-n2-beta1__N0080__Aminus_0p01,hm-m05-g2-L5p3-n2-beta1__N0080__Aplus_0p01,hm-m05-g2-L5p3-n2-beta1,80,-0.01,66,4.3725000000000005,0.9953992559350825,0.9961666114600863
hm-m05-g2-L5p3-n2-beta1__N0080__Aminus_0p01,hm-m05-g2-L5p3-n2-beta1__N0080__Aplus_0p01,hm-m05-g2-L5p3-n2-beta1,80,-0.01,67,4.438750000000001,0.9947166471755379,0.9955986108742423
hm-m05-g2-L5p3-n2-beta1__N0080__Aminus_0p01,hm-m05-g2-L5p3-n2-beta1__N0080__Aplus_0p01,hm-m05-g2-L5p3-n2-beta1,80,-0.01,68,4.505,0.9940664583139699,0.9950575477324632
hm-m05-g2-L5p3-n2-beta1__N0080__Aminus_0p01,hm-m05-g2-L5p3-n2-beta1__N0080__Aplus_0p01,hm-m05-g2-L5p3-n2-beta1,80,-0.01,69,4.57125,0.9934526485599223,0.9945467227040323
hm-m05-g2-L5p3-n2-beta1__N0080__Aminus_0p01,hm-m05-g2-L5p3-n2-beta1__N0080__Aplus_0p01,hm-m05-g2-L5p3-n2-beta1,80,-0.01,70,4.6375,0.9928789502577755,0.9940692482205786
hm-m05-g2-L5p3-n2-beta1__N0080__Aminus_0p01,hm-m05-g2-L5p3-n2-beta1__N0080__Aplus_0p01,hm-m05-g2-L5p3-n2-beta1,80,-0.01,71,4.70375,0.9923488471548907,0.9936280301951573
hm-m05-g2-L5p3-n2-beta1__N0080__Aminus_0p01,hm-m05-g2-L5p3-n2-beta1__N0080__Aplus_0p01,hm-m05-g2-L5p3-n2-beta1,80,-0.01,72,4.7700000000000005,0.9918655542338355,0.9932257510357503
hm-m05-g2-L5p3-n2-beta1__N0080__Aminus_0p01,hm-m05-g2-L5p3-n2-beta1__N0080__Aplus_0p01,hm-m05-g2-L5p3-n2-beta1,80,-0.01,73,4.836250000000001,0.9914319992008434,0.9928648540352006
hm-m05-g2-L5p3-n2-beta1__N0080__Aminus_0p01,hm-m05-g2-L5p3-n2-beta1__N0080__Aplus_0p01,hm-m05-g2-L5p3-n2-beta1,80,-0.01,74,4.9025,0.9910508057124977,0.9925475292112029
hm-m05-g2-L5p3-n2-beta1__N0080__Aminus_0p01,hm-m05-g2-L5p3-n2-beta1__N0080__Aplus_0p01,hm-m05-g2-L5p3-n2-beta1,80,-0.01,75,4.96875,0.9907242784127371,0.9922757006616572
hm-m05-g2-L5p3-n2-beta1__N0080__Aminus_0p01,hm-m05-g2-L5p3-n2-beta1__N0080__Aplus_0p01,hm-m05-g2-L5p3-n2-beta1,80,-0.01,76,5.035,0.9904543898427193,0.9920510154925085
hm-m05-g2-L5p3-n2-beta1__N0080__Aminus_0p01,hm-m05-g2-L5p3-n2-beta1__N0080__Aplus_0p01,hm-m05-g2-L5p3-n2-beta1,80,-0.01,77,5.10125,0.9902427692768426,0.9918748343671547
hm-m05-g2-L5p3-n2-beta1__N0080__Aminus_0p01,hm-m05-g2-L5p3-n2-beta1__N0080__Aplus_0p01,hm-m05-g2-L5p3-n2-beta1,80,-0.01,78,5.1675,0.9900906935293409,0.9917482237186201
hm-m05-g2-L5p3-n2-beta1__N0080__Aminus_0p01,hm-m05-g2-L5p3-n2-beta1__N0080__Aplus_0p01,hm-m05-g2-L5p3-n2-beta1,80,-0.01,79,5.233750000000001,0.9899990797672874,0.991671949657953
hm-m05-g2-L5p3-n2-beta1__N0080__Aminus_0p01,hm-m05-g2-L5p3-n2-beta1__N0080__Aplus_0p01,hm-m05-g2-L5p3-n2-beta1,80,-0.01,80,5.3,0.9899684803575631,0.9916464736047166
hm-m05-g2-L5p3-n2-beta1__N0080__Aminus_0p005,hm-m05-g2-L5p3-n2-beta1__N0080__Aplus_0p005,hm-m05-g2-L5p3-n2-beta1,80,-0.005,0,0.0,0.9949921210278951,0.9958323200659179
hm-m05-g2-L5p3-n2-beta1__N0080__Aminus_0p005,hm-m05-g2-L5p3-n2-beta1__N0080__Aplus_0p005,hm-m05-g2-L5p3-n2-beta1,80,-0.005,1,0.06625,0.9950074775265553,0.9958450988195396
hm-m05-g2-L5p3-n2-beta1__N0080__Aminus_0p005,hm-m05-g2-L5p3-n2-beta1__N0080__Aplus_0p005,hm-m05-g2-L5p3-n2-beta1,80,-0.005,2,0.1325,0.9950534533928611,0.9958833570399216
hm-m05-g2-L5p3-n2-beta1__N0080__Aminus_0p005,hm-m05-g2-L5p3-n2-beta1__N0080__Aplus_0p005,hm-m05-g2-L5p3-n2-beta1,80,-0.005,3,0.19875,0.9951297682892736,0.9959468610684971
hm-m05-g2-L5p3-n2-beta1__N0080__Aminus_0p005,hm-m05-g2-L5p3-n2-beta1__N0080__Aplus_0p005,hm-m05-g2-L5p3-n2-beta1,80,-0.005,4,0.265,0.9952359568220761,0.9960352230148547
hm-m05-g2-L5p3-n2-beta1__N0080__Aminus_0p005,hm-m05-g2-L5p3-n2-beta1__N0080__Aplus_0p005,hm-m05-g2-L5p3-n2-beta1,80,-0.005,5,0.33125000000000004,0.9953713712849627,0.996147903059113
hm-m05-g2-L5p3-n2-beta1__N0080__Aminus_0p005,hm-m05-g2-L5p3-n2-beta1__N0080__Aplus_0p005,hm-m05-g2-L5p3-n2-beta1,80,-0.005,6,0.3975,0.995535185480697,0.9962842126584119
hm-m05-g2-L5p3-n2-beta1__N0080__Aminus_0p005,hm-m05-g2-L5p3-n2-beta1__N0080__Aplus_0p005,hm-m05-g2-L5p3-n2-beta1,80,-0.005,7,0.46375,0.9957263996014953,0.9964433186407162
hm-m05-g2-L5p3-n2-beta1__N0080__Aminus_0p005,hm-m05-g2-L5p3-n2-beta1__N0080__Aplus_0p005,hm-m05-g2-L5p3-n2-beta1,80,-0.005,8,0.53,0.9959438461432818,0.9966242481643934
hm-m05-g2-L5p3-n2-beta1__N0080__Aminus_0p005,hm-m05-g2-L5p3-n2-beta1__N0080__Aplus_0p005,hm-m05-g2-L5p3-n2-beta1,80,-0.005,9,0.5962500000000001,0.9961861968234897,0.9968258945173107
hm-m05-g2-L5p3-n2-beta1__N0080__Aminus_0p005,hm-m05-g2-L5p3-n2-beta1__N0080__Aplus_0p005,hm-m05-g2-L5p3-n2-beta1,80,-0.005,10,0.6625000000000001,0.9964519704666405,0.9970470237245622
hm-m05-g2-L5p3-n2-beta1__N0080__Aminus_0p005,hm-m05-g2-L5p3-n2-beta1__N0080__Aplus_0p005,hm-m05-g2-L5p3-n2-beta1,80,-0.005,11,0.72875,0.9967395418165436,0.9972862819293546
hm-m05-g2-L5p3-n2-beta1__N0080__Aminus_0p005,hm-m05-g2-L5p3-n2-beta1__N0080__Aplus_0p005,hm-m05-g2-L5p3-n2-beta1,80,-0.005,12,0.795,0.9970471512286456,0.9975422035071061
hm-m05-g2-L5p3-n2-beta1__N0080__Aminus_0p005,hm-m05-g2-L5p3-n2-beta1__N0080__Aplus_0p005,hm-m05-g2-L5p3-n2-beta1,80,-0.005,13,0.8612500000000001,0.9973729151908307,0.9978132198684365
hm-m05-g2-L5p3-n2-beta1__N0080__Aminus_0p005,hm-m05-g2-L5p3-n2-beta1__N0080__Aplus_0p005,hm-m05-g2-L5p3-n2-beta1,80,-0.005,14,0.9275,0.9977148376158742,0.9980976689024942
hm-m05-g2-L5p3-n2-beta1__N0080__Aminus_0p005,hm-m05-g2-L5p3-n2-beta1__N0080__Aplus_0p005,hm-m05-g2-L5p3-n2-beta1,80,-0.005,15,0.99375,0.9980708218437996,0.9983938050079825
hm-m05-g2-L5p3-n2-beta1__N0080__Aminus_0p005,hm-m05-g2-L5p3-n2-beta1__N0080__Aplus_0p005,hm-m05-g2-L5p3-n2-beta1,80,-0.005,16,1.06,0.998438683287629,0.9986998096553676
hm-m05-g2-L5p3-n2-beta1__N0080__Aminus_0p005,hm-m05-g2-L5p3-n2-beta1__N0080__Aplus_0p005,hm-m05-g2-L5p3-n2-beta1,80,-0.005,17,1.12625,0.9988161626514759,0.9990138024200731
hm-m05-g2-L5p3-n2-beta1__N0080__Aminus_0p005,hm-m05-g2-L5p3-n2-beta1__N0080__Aplus_0p005,hm-m05-g2-L5p3-n2-beta1,80,-0.005,18,1.1925000000000001,0.9992009396456649,0.9993338524230448
hm-m05-g2-L5p3-n2-beta1__N0080__Aminus_0p005,hm-m05-g2-L5p3-n2-beta1__N0080__Aplus_0p005,hm-m05-g2-L5p3-n2-beta1,80,-0.005,19,1.25875,0.9995906471196012,0.9996579901119348
hm-m05-g2-L5p3-n2-beta1__N0080__Aminus_0p005,hm-m05-g2-L5p3-n2-beta1__N0080__Aplus_0p005,hm-m05-g2-L5p3-n2-beta1,80,-0.005,20,1.3250000000000002,0.9999828855295165,0.9999842193133296
hm-m05-g2-L5p3-n2-beta1__N0080__Aminus_0p005,hm-m05-g2-L5p3-n2-beta1__N0080__Aplus_0p005,hm-m05-g2-L5p3-n2-beta1,80,-0.005,21,1.39125,1.0003752376550228,1.00031052948398
hm-m05-g2-L5p3-n2-beta1__N0080__Aminus_0p005,hm-m05-g2-L5p3-n2-beta1__N0080__Aplus_0p005,hm-m05-g2-L5p3-n2-beta1,80,-0.005,22,1.4575,1.0007652834756653,1.0006349080869088
hm-m05-g2-L5p3-n2-beta1__N0080__Aminus_0p005,hm-m05-g2-L5p3-n2-beta1__N0080__Aplus_0p005,hm-m05-g2-L5p3-n2-beta1,80,-0.005,23,1.5237500000000002,1.0011506151164238,1.00095535301661
hm-m05-g2-L5p3-n2-beta1__N0080__Aminus_0p005,hm-m05-g2-L5p3-n2-beta1__N0080__Aplus_0p005,hm-m05-g2-L5p3-n2-beta1,80,-0.005,24,1.59,1.0015288517694123,1.0012698849963453
hm-m05-g2-L5p3-n2-beta1__N0080__Aminus_0p005,hm-m05-g2-L5p3-n2-beta1__N0080__Aplus_0p005,hm-m05-g2-L5p3-n2-beta1,80,-0.005,25,1.65625,1.001897654497918,1.0015765598698183
hm-m05-g2-L5p3-n2-beta1__N0080__Aminus_0p005,hm-m05-g2-L5p3-n2-beta1__N0080__Aplus_0p005,hm-m05-g2-L5p3-n2-beta1,80,-0.005,26,1.7225000000000001,1.0022547408284292,1.001873480709285
hm-m05-g2-L5p3-n2-beta1__N0080__Aminus_0p005,hm-m05-g2-L5p3-n2-beta1__N0080__Aplus_0p005,hm-m05-g2-L5p3-n2-beta1,80,-0.005,27,1.78875,1.0025978990364728,1.00215880966248
hm-m05-g2-L5p3-n2-beta1__N0080__Aminus_0p005,hm-m05-g2-L5p3-n2-beta1__N0080__Aplus_0p005,hm-m05-g2-L5p3-n2-beta1,80,-0.005,28,1.855,1.002925002032928,1.0024307794615988
hm-m05-g2-L5p3-n2-beta1__N0080__Aminus_0p005,hm-m05-g2-L5p3-n2-beta1__N0080__Aplus_0p005,hm-m05-g2-L5p3-n2-beta1,80,-0.005,29,1.9212500000000001,1.0032340207590502,1.0026877045190028
hm-m05-g2-L5p3-n2-beta1__N0080__Aminus_0p005,hm-m05-g2-L5p3-n2-beta1__N0080__Aplus_0p005,hm-m05-g2-L5p3-n2-beta1,80,-0.005,30,1.9875,1.0035230370007022,1.0029279915363234
hm-m05-g2-L5p3-n2-beta1__N0080__Aminus_0p005,hm-m05-g2-L5p3-n2-beta1__N0080__Aplus_0p005,hm-m05-g2-L5p3-n2-beta1,80,-0.005,31,2.05375,1.003790255535289,1.0031501495562039
hm-m05-g2-L5p3-n2-beta1__N0080__Aminus_0p005,hm-m05-g2-L5p3-n2-beta1__N0080__Aplus_0p005,hm-m05-g2-L5p3-n2-beta1,80,-0.005,32,2.12,1.0040340155286092,1.0033527993890656
hm-m05-g2-L5p3-n2-beta1__N0080__Aminus_0p005,hm-m05-g2-L5p3-n2-beta1__N0080__Aplus_0p005,hm-m05-g2-L5p3-n2-beta1,80,-0.005,33,2.1862500000000002,1.004252801103251,1.0035346823509854
hm-m05-g2-L5p3-n2-beta1__N0080__Aminus_0p005,hm-m05-g2-L5p3-n2-beta1__N0080__Aplus_0p005,hm-m05-g2-L5p3-n2-beta1,80,-0.005,34,2.2525,1.0044452510052668,1.0036946682530001
hm-m05-g2-L5p3-n2-beta1__N0080__Aminus_0p005,hm-m05-g2-L5p3-n2-beta1__N0080__Aplus_0p005,hm-m05-g2-L5p3-n2-beta1,80,-0.005,35,2.31875,1.0046101673016112,1.0038317625869126
hm-m05-g2-L5p3-n2-beta1__N0080__Aminus_0p005,hm-m05-g2-L5p3-n2-beta1__N0080__Aplus_0p005,hm-m05-g2-L5p3-n2-beta1,80,-0.005,36,2.3850000000000002,1.0047465230471981,1.0039451128578945
hm-m05-g2-L5p3-n2-beta1__N0080__Aminus_0p005,hm-m05-g2-L5p3-n2-beta1__N0080__Aplus_0p005,hm-m05-g2-L5p3-n2-beta1,80,-0.005,37,2.45125,1.0048534688673596,1.0040340140198551
hm-m05-g2-L5p3-n2-beta1__N0080__Aminus_0p005,hm-m05-g2-L5p3-n2-beta1__N0080__Aplus_0p005,hm-m05-g2-L5p3-n2-beta1,80,-0.005,38,2.5175,1.0049303384089268,1.004097912975615
hm-m05-g2-L5p3-n2-beta1__N0080__Aminus_0p005,hm-m05-g2-L5p3-n2-beta1__N0080__Aplus_0p005,hm-m05-g2-L5p3-n2-beta1,80,-0.005,39,2.58375,1.0049766526210306,1.0041364121103276
hm-m05-g2-L5p3-n2-beta1__N0080__Aminus_0p005,hm-m05-g2-L5p3-n2-beta1__N0080__Aplus_0p005,hm-m05-g2-L5p3-n2-beta1,80,-0.005,40,2.6500000000000004,1.004992122834969,1.0041492718333054
hm-m05-g2-L5p3-n2-beta1__N0080__Aminus_0p005,hm-m05-g2-L5p3-n2-beta1__N0080__Aplus_0p005,hm-m05-g2-L5p3-n2-beta1,80,-0.005,41,2.71625,1.0049766526210306,1.0041364121103273
hm-m05-g2-L5p3-n2-beta1__N0080__Aminus_0p005,hm-m05-g2-L5p3-n2-beta1__N0080__Aplus_0p005,hm-m05-g2-L5p3-n2-beta1,80,-0.005,42,2.7825,1.004930338408927,1.0040979129756142
hm-m05-g2-L5p3-n2-beta1__N0080__Aminus_0p005,hm-m05-g2-L5p3-n2-beta1__N0080__Aplus_0p005,hm-m05-g2-L5p3-n2-beta1,80,-0.005,43,2.8487500000000003,1.0048534688673596,1.004034014019854
hm-m05-g2-L5p3-n2-beta1__N0080__Aminus_0p005,hm-m05-g2-L5p3-n2-beta1__N0080__Aplus_0p005,hm-m05-g2-L5p3-n2-beta1,80,-0.005,44,2.915,1.0047465230471981,1.003945112857893
hm-m05-g2-L5p3-n2-beta1__N0080__Aminus_0p005,hm-m05-g2-L5p3-n2-beta1__N0080__Aplus_0p005,hm-m05-g2-L5p3-n2-beta1,80,-0.005,45,2.98125,1.0046101673016112,1.0038317625869104
hm-m05-g2-L5p3-n2-beta1__N0080__Aminus_0p005,hm-m05-g2-L5p3-n2-beta1__N0080__Aplus_0p005,hm-m05-g2-L5p3-n2-beta1,80,-0.005,46,3.0475000000000003,1.0044452510052668,1.0036946682529975
hm-m05-g2-L5p3-n2-beta1__N0080__Aminus_0p005,hm-m05-g2-L5p3-n2-beta1__N0080__Aplus_0p005,hm-m05-g2-L5p3-n2-beta1,80,-0.005,47,3.11375,1.004252801103251,1.003534682350982
hm-m05-g2-L5p3-n2-beta1__N0080__Aminus_0p005,hm-m05-g2-L5p3-n2-beta1__N0080__Aplus_0p005,hm-m05-g2-L5p3-n2-beta1,80,-0.005,48,3.18,1.0040340155286092,1.0033527993890619
hm-m05-g2-L5p3-n2-beta1__N0080__Aminus_0p005,hm-m05-g2-L5p3-n2-beta1__N0080__Aplus_0p005,hm-m05-g2-L5p3-n2-beta1,80,-0.005,49,3.2462500000000003,1.0037902555352889,1.0031501495561994
hm-m05-g2-L5p3-n2-beta1__N0080__Aminus_0p005,hm-m05-g2-L5p3-n2-beta1__N0080__Aplus_0p005,hm-m05-g2-L5p3-n2-beta1,80,-0.005,50,3.3125,1.003523037000702,1.0029279915363183
hm-m05-g2-L5p3-n2-beta1__N0080__Aminus_0p005,hm-m05-g2-L5p3-n2-beta1__N0080__Aplus_0p005,hm-m05-g2-L5p3-n2-beta1,80,-0.005,51,3.37875,1.0032340207590498,1.002687704518997
hm-m05-g2-L5p3-n2-beta1__N0080__Aminus_0p005,hm-m05-g2-L5p3-n2-beta1__N0080__Aplus_0p005,hm-m05-g2-L5p3-n2-beta1,80,-0.005,52,3.4450000000000003,1.002925002032927,1.0024307794615928
hm-m05-g2-L5p3-n2-beta1__N0080__Aminus_0p005,hm-m05-g2-L5p3-n2-beta1__N0080__Aplus_0p005,hm-m05-g2-L5p3-n2-beta1,80,-0.005,53,3.51125,1.0025978990364717,1.0021588096624736
hm-m05-g2-L5p3-n2-beta1__N0080__Aminus_0p005,hm-m05-g2-L5p3-n2-beta1__N0080__Aplus_0p005,hm-m05-g2-L5p3-n2-beta1,80,-0.005,54,3.5775,1.002254740828428,1.001873480709278
hm-m05-g2-L5p3-n2-beta1__N0080__Aminus_0p005,hm-m05-g2-L5p3-n2-beta1__N0080__Aplus_0p005,hm-m05-g2-L5p3-n2-beta1,80,-0.005,55,3.6437500000000003,1.0018976544979161,1.0015765598698108
hm-m05-g2-L5p3-n2-beta1__N0080__Aminus_0p005,hm-m05-g2-L5p3-n2-beta1__N0080__Aplus_0p005,hm-m05-g2-L5p3-n2-beta1,80,-0.005,56,3.71,1.00152885176941,1.0012698849963373
hm-m05-g2-L5p3-n2-beta1__N0080__Aminus_0p005,hm-m05-g2-L5p3-n2-beta1__N0080__Aplus_0p005,hm-m05-g2-L5p3-n2-beta1,80,-0.005,57,3.77625,1.0011506151164211,1.0009553530166015
hm-m05-g2-L5p3-n2-beta1__N0080__Aminus_0p005,hm-m05-g2-L5p3-n2-beta1__N0080__Aplus_0p005,hm-m05-g2-L5p3-n2-beta1,80,-0.005,58,3.8425000000000002,1.0007652834756622,1.0006349080869001
hm-m05-g2-L5p3-n2-beta1__N0080__Aminus_0p005,hm-m05-g2-L5p3-n2-beta1__N0080__Aplus_0p005,hm-m05-g2-L5p3-n2-beta1,80,-0.005,59,3.9087500000000004,1.0003752376550192,1.000310529483971
hm-m05-g2-L5p3-n2-beta1__N0080__Aminus_0p005,hm-m05-g2-L5p3-n2-beta1__N0080__Aplus_0p005,hm-m05-g2-L5p3-n2-beta1,80,-0.005,60,3.975,0.9999828855295124,0.9999842193133202
hm-m05-g2-L5p3-n2-beta1__N0080__Aminus_0p005,hm-m05-g2-L5p3-n2-beta1__N0080__Aplus_0p005,hm-m05-g2-L5p3-n2-beta1,80,-0.005,61,4.04125,0.9995906471195966,0.999657990111925
hm-m05-g2-L5p3-n2-beta1__N0080__Aminus_0p005,hm-m05-g2-L5p3-n2-beta1__N0080__Aplus_0p005,hm-m05-g2-L5p3-n2-beta1,80,-0.005,62,4.1075,0.9992009396456596,0.9993338524230347
hm-m05-g2-L5p3-n2-beta1__N0080__Aminus_0p005,hm-m05-g2-L5p3-n2-beta1__N0080__Aplus_0p005,hm-m05-g2-L5p3-n2-beta1,80,-0.005,63,4.17375,0.99881616265147,0.9990138024200629
hm-m05-g2-L5p3-n2-beta1__N0080__Aminus_0p005,hm-m05-g2-L5p3-n2-beta1__N0080__Aplus_0p005,hm-m05-g2-L5p3-n2-beta1,80,-0.005,64,4.24,0.9984386832876224,0.9986998096553571
hm-m05-g2-L5p3-n2-beta1__N0080__Aminus_0p005,hm-m05-g2-L5p3-n2-beta1__N0080__Aplus_0p005,hm-m05-g2-L5p3-n2-beta1,80,-0.005,65,4.30625,0.9980708218437925,0.9983938050079717
hm-m05-g2-L5p3-n2-beta1__N0080__Aminus_0p005,hm-m05-g2-L5p3-n2-beta1__N0080__Aplus_0p005,hm-m05-g2-L5p3-n2-beta1,80,-0.005,66,4.3725000000000005,0.9977148376158664,0.9980976689024833
hm-m05-g2-L5p3-n2-beta1__N0080__Aminus_0p005,hm-m05-g2-L5p3-n2-beta1__N0080__Aplus_0p005,hm-m05-g2-L5p3-n2-beta1,80,-0.005,67,4.438750000000001,0.9973729151908224,0.9978132198684254
hm-m05-g2-L5p3-n2-beta1__N0080__Aminus_0p005,hm-m05-g2-L5p3-n2-beta1__N0080__Aplus_0p005,hm-m05-g2-L5p3-n2-beta1,80,-0.005,68,4.505,0.9970471512286366,0.9975422035070947
hm-m05-g2-L5p3-n2-beta1__N0080__Aminus_0p005,hm-m05-g2-L5p3-n2-beta1__N0080__Aplus_0p005,hm-m05-g2-L5p3-n2-beta1,80,-0.005,69,4.57125,0.996739541816534,0.997286281929343
hm-m05-g2-L5p3-n2-beta1__N0080__Aminus_0p005,hm-m05-g2-L5p3-n2-beta1__N0080__Aplus_0p005,hm-m05-g2-L5p3-n2-beta1,80,-0.005,70,4.6375,0.9964519704666304,0.9970470237245505
hm-m05-g2-L5p3-n2-beta1__N0080__Aminus_0p005,hm-m05-g2-L5p3-n2-beta1__N0080__Aplus_0p005,hm-m05-g2-L5p3-n2-beta1,80,-0.005,71,4.70375,0.9961861968234791,0.9968258945172986
hm-m05-g2-L5p3-n2-beta1__N0080__Aminus_0p005,hm-m05-g2-L5p3-n2-beta1__N0080__Aplus_0p005,hm-m05-g2-L5p3-n2-beta1,80,-0.005,72,4.7700000000000005,0.9959438461432706,0.9966242481643808
hm-m05-g2-L5p3-n2-beta1__N0080__Aminus_0p005,hm-m05-g2-L5p3-n2-beta1__N0080__Aplus_0p005,hm-m05-g2-L5p3-n2-beta1,80,-0.005,73,4.836250000000001,0.9957263996014837,0.9964433186407035
hm-m05-g2-L5p3-n2-beta1__N0080__Aminus_0p005,hm-m05-g2-L5p3-n2-beta1__N0080__Aplus_0p005,hm-m05-g2-L5p3-n2-beta1,80,-0.005,74,4.9025,0.995535185480685,0.9962842126583991
hm-m05-g2-L5p3-n2-beta1__N0080__Aminus_0p005,hm-m05-g2-L5p3-n2-beta1__N0080__Aplus_0p005,hm-m05-g2-L5p3-n2-beta1,80,-0.005,75,4.96875,0.9953713712849502,0.9961479030591002
hm-m05-g2-L5p3-n2-beta1__N0080__Aminus_0p005,hm-m05-g2-L5p3-n2-beta1__N0080__Aplus_0p005,hm-m05-g2-L5p3-n2-beta1,80,-0.005,76,5.035,0.9952359568220633,0.9960352230148415
hm-m05-g2-L5p3-n2-beta1__N0080__Aminus_0p005,hm-m05-g2-L5p3-n2-beta1__N0080__Aplus_0p005,hm-m05-g2-L5p3-n2-beta1,80,-0.005,77,5.10125,0.9951297682892606,0.995946861068484
hm-m05-g2-L5p3-n2-beta1__N0080__Aminus_0p005,hm-m05-g2-L5p3-n2-beta1__N0080__Aplus_0p005,hm-m05-g2-L5p3-n2-beta1,80,-0.005,78,5.1675,0.995053453392848,0.9958833570399084
hm-m05-g2-L5p3-n2-beta1__N0080__Aminus_0p005,hm-m05-g2-L5p3-n2-beta1__N0080__Aplus_0p005,hm-m05-g2-L5p3-n2-beta1,80,-0.005,79,5.233750000000001,0.9950074775265422,0.9958450988195263
hm-m05-g2-L5p3-n2-beta1__N0080__Aminus_0p005,hm-m05-g2-L5p3-n2-beta1__N0080__Aplus_0p005,hm-m05-g2-L5p3-n2-beta1,80,-0.005,80,5.3,0.9949921210278819,0.9958323200659046
hm-m05-g2-L5p3-n2-beta1__N0080__Aminus_0p0025,hm-m05-g2-L5p3-n2-beta1__N0080__Aplus_0p0025,hm-m05-g2-L5p3-n2-beta1,80,-0.0025,0,0.0,0.9974980303720479,0.9979184458715862
hm-m05-g2-L5p3-n2-beta1__N0080__Aminus_0p0025,hm-m05-g2-L5p3-n2-beta1__N0080__Aplus_0p0025,hm-m05-g2-L5p3-n2-beta1,80,-0.0025,1,0.06625,0.9975057228267731,0.9979248453996321
hm-m05-g2-L5p3-n2-beta1__N0080__Aminus_0p0025,hm-m05-g2-L5p3-n2-beta1__N0080__Aplus_0p0025,hm-m05-g2-L5p3-n2-beta1,80,-0.0025,2,0.1325,0.9975287530266168,0.9979440047150562
hm-m05-g2-L5p3-n2-beta1__N0080__Aminus_0p0025,hm-m05-g2-L5p3-n2-beta1__N0080__Aplus_0p0025,hm-m05-g2-L5p3-n2-beta1,80,-0.0025,3,0.19875,0.9975669797629153,0.997975806249238
hm-m05-g2-L5p3-n2-beta1__N0080__Aminus_0p0025,hm-m05-g2-L5p3-n2-beta1__N0080__Aplus_0p0025,hm-m05-g2-L5p3-n2-beta1,80,-0.0025,4,0.265,0.9976201686340747,0.9980200548448649
hm-m05-g2-L5p3-n2-beta1__N0080__Aminus_0p0025,hm-m05-g2-L5p3-n2-beta1__N0080__Aplus_0p0025,hm-m05-g2-L5p3-n2-beta1,80,-0.0025,5,0.33125000000000004,0.9976879934592648,0.9980764789367857
hm-m05-g2-L5p3-n2-beta1__N0080__Aminus_0p0025,hm-m05-g2-L5p3-n2-beta1__N0080__Aplus_0p0025,hm-m05-g2-L5p3-n2-beta1,80,-0.0025,6,0.3975,0.9977700382464645,0.9981447321957738
hm-m05-g2-L5p3-n2-beta1__N0080__Aminus_0p0025,hm-m05-g2-L5p3-n2-beta1__N0080__Aplus_0p0025,hm-m05-g2-L5p3-n2-beta1,80,-0.0025,7,0.46375,0.997865799703778,0.9982243956258124
hm-m05-g2-L5p3-n2-beta1__N0080__Aminus_0p0025,hm-m05-g2-L5p3-n2-beta1__N0080__Aplus_0p0025,hm-m05-g2-L5p3-n2-beta1,80,-0.0025,8,0.53,0.9979746902798557,0.9983149801029031
hm-m05-g2-L5p3-n2-beta1__N0080__Aminus_0p0025,hm-m05-g2-L5p3-n2-beta1__N0080__Aplus_0p0025,hm-m05-g2-L5p3-n2-beta1,80,-0.0025,9,0.5962500000000001,0.9980960417162104,0.9984159293408333
hm-m05-g2-L5p3-n2-beta1__N0080__Aminus_0p0025,hm-m05-g2-L5p3-n2-beta1__N0080__Aplus_0p0025,hm-m05-g2-L5p3-n2-beta1,80,-0.0025,10,0.6625000000000001,0.9982291090912517,0.9985266232668437
hm-m05-g2-L5p3-n2-beta1__N0080__Aminus_0p0025,hm-m05-g2-L5p3-n2-beta1__N0080__Aplus_0p0025,hm-m05-g2-L5p3-n2-beta1,80,-0.0025,11,0.72875,0.9983730753329783,0.9986463817877049
hm-m05-g2-L5p3-n2-beta1__N0080__Aminus_0p0025,hm-m05-g2-L5p3-n2-beta1__N0080__Aplus_0p0025,hm-m05-g2-L5p3-n2-beta1,80,-0.0025,12,0.795,0.9985270561744681,0.9987744689243853
hm-m05-g2-L5p3-n2-beta1__N0080__Aminus_0p0025,hm-m05-g2-L5p3-n2-beta1__N0080__Aplus_0p0025,hm-m05-g2-L5p3-n2-beta1,80,-0.0025,13,0.8612500000000001,0.998690105523639,0.9989100972912476
hm-m05-g2-L5p3-n2-beta1__N0080__Aminus_0p0025,hm-m05-g2-L5p3-n2-beta1__N0080__Aplus_0p0025,hm-m05-g2-L5p3-n2-beta1,80,-0.0025,14,0.9275,0.9988612212161857,0.9990524328935961
hm-m05-g2-L5p3-n2-beta1__N0080__Aminus_0p0025,hm-m05-g2-L5p3-n2-beta1__N0080__Aplus_0p0025,hm-m05-g2-L5p3-n2-beta1,80,-0.0025,15,0.99375,0.9990393511181989,0.999200600215392
hm-m05-g2-L5p3-n2-beta1__N0080__Aminus_0p0025,hm-m05-g2-L5p3-n2-beta1__N0080__Aplus_0p0025,hm-m05-g2-L5p3-n2-beta1,80,-0.0025,16,1.06,0.9992233995427123,0.9993536875671063
hm-m05-g2-L5p3-n2-beta1__N0080__Aminus_0p0025,hm-m05-g2-L5p3-n2-beta1__N0080__Aplus_0p0025,hm-m05-g2-L5p3-n2-beta1,80,-0.0025,17,1.12625,0.999412233942346,0.9995107526619673
hm-m05-g2-L5p3-n2-beta1__N0080__Aminus_0p0025,hm-m05-g2-L5p3-n2-beta1__N0080__Aplus_0p0025,hm-m05-g2-L5p3-n2-beta1,80,-0.0025,18,1.1925000000000001,0.999604691838327,0.999670828387324
hm-m05-g2-L5p3-n2-beta1__N0080__Aminus_0p0025,hm-m05-g2-L5p3-n2-beta1__N0080__Aplus_0p0025,hm-m05-g2-L5p3-n2-beta1,80,-0.0025,19,1.25875,0.9997995879444865,0.9998329287364838
hm-m05-g2-L5p3-n2-beta1__N0080__Aminus_0p0025,hm-m05-g2-L5p3-n2-beta1__N0080__Aplus_0p0025,hm-m05-g2-L5p3-n2-beta1,80,-0.0025,20,1.3250000000000002,0.9999957214433735,0.9999960548652144
hm-m05-g2-L5p3-n2-beta1__N0080__Aminus_0p0025,hm-m05-g2-L5p3-n2-beta1__N0080__Aplus_0p0025,hm-m05-g2-L5p3-n2-beta1,80,-0.0025,21,1.39125,1.0001918833704038,1.0001592012361264
hm-m05-g2-L5p3-n2-beta1__N0080__Aminus_0p0025,hm-m05-g2-L5p3-n2-beta1__N0080__Aplus_0p0025,hm-m05-g2-L5p3-n2-beta1,80,-0.0025,22,1.4575,1.0003868640609974,1.0003213618134015
hm-m05-g2-L5p3-n2-beta1__N0080__Aminus_0p0025,hm-m05-g2-L5p3-n2-beta1__N0080__Aplus_0p0025,hm-m05-g2-L5p3-n2-beta1,80,-0.0025,23,1.5237500000000002,1.000579460614952,1.0004815362697912
hm-m05-g2-L5p3-n2-beta1__N0080__Aminus_0p0025,hm-m05-g2-L5p3-n2-beta1__N0080__Aplus_0p0025,hm-m05-g2-L5p3-n2-beta1,80,-0.0025,24,1.59,1.0007684843318758,1.0006387361675186
hm-m05-g2-L5p3-n2-beta1__N0080__Aminus_0p0025,hm-m05-g2-L5p3-n2-beta1__N0080__Aplus_0p0025,hm-m05-g2-L5p3-n2-beta1,80,-0.0025,25,1.65625,1.000952768071372,1.0007919910746401
hm-m05-g2-L5p3-n2-beta1__N0080__Aminus_0p0025,hm-m05-g2-L5p3-n2-beta1__N0080__Aplus_0p0025,hm-m05-g2-L5p3-n2-beta1,80,-0.0025,26,1.7225000000000001,1.00113117349182,1.000940354578615
hm-m05-g2-L5p3-n2-beta1__N0080__Aminus_0p0025,hm-m05-g2-L5p3-n2-beta1__N0080__Aplus_0p0025,hm-m05-g2-L5p3-n2-beta1,80,-0.0025,27,1.78875,1.0013025981220707,1.0010829101592598
hm-m05-g2-L5p3-n2-beta1__N0080__Aminus_0p0025,hm-m05-g2-L5p3-n2-beta1__N0080__Aplus_0p0025,hm-m05-g2-L5p3-n2-beta1,80,-0.0025,28,1.855,1.0014659822211394,1.0012187768839413
hm-m05-g2-L5p3-n2-beta1__N0080__Aminus_0p0025,hm-m05-g2-L5p3-n2-beta1__N0080__Aplus_0p0025,hm-m05-g2-L5p3-n2-beta1,80,-0.0025,29,1.9212500000000001,1.0016203153820642,1.0013471148888038
hm-m05-g2-L5p3-n2-beta1__N0080__Aminus_0p0025,hm-m05-g2-L5p3-n2-beta1__N0080__Aplus_0p0025,hm-m05-g2-L5p3-n2-beta1,80,-0.0025,30,1.9875,1.0017646428374867,1.0014671306110035
hm-m05-g2-L5p3-n2-beta1__N0080__Aminus_0p0025,hm-m05-g2-L5p3-n2-beta1__N0080__Aplus_0p0025,hm-m05-g2-L5p3-n2-beta1,80,-0.0025,31,2.05375,1.0018980714262045,1.0015780817383586
hm-m05-g2-L5p3-n2-beta1__N0080__Aminus_0p0025,hm-m05-g2-L5p3-n2-beta1__N0080__Aplus_0p0025,hm-m05-g2-L5p3-n2-beta1,80,-0.0025,32,2.12,1.002019775181937,1.0016792818444893
hm-m05-g2-L5p3-n2-beta1__N0080__Aminus_0p0025,hm-m05-g2-L5p3-n2-beta1__N0080__Aplus_0p0025,hm-m05-g2-L5p3-n2-beta1,80,-0.0025,33,2.1862500000000002,1.0021290005078243,1.0017701046794272
hm-m05-g2-L5p3-n2-beta1__N0080__Aminus_0p0025,hm-m05-g2-L5p3-n2-beta1__N0080__Aplus_0p0025,hm-m05-g2-L5p3-n2-beta1,80,-0.0025,34,2.2525,1.0022250709027307,1.0018499880877976
hm-m05-g2-L5p3-n2-beta1__N0080__Aminus_0p0025,hm-m05-g2-L5p3-n2-beta1__N0080__Aplus_0p0025,hm-m05-g2-L5p3-n2-beta1,80,-0.0025,35,2.31875,1.0023073912082416,1.0019184375290042
hm-m05-g2-L5p3-n2-beta1__N0080__Aminus_0p0025,hm-m05-g2-L5p3-n2-beta1__N0080__Aplus_0p0025,hm-m05-g2-L5p3-n2-beta1,80,-0.0025,36,2.3850000000000002,1.002375451348291,1.0019750291763716
hm-m05-g2-L5p3-n2-beta1__N0080__Aminus_0p0025,hm-m05-g2-L5p3-n2-beta1__N0080__Aplus_0p0025,hm-m05-g2-L5p3-n2-beta1,80,-0.0025,37,2.45125,1.002428829536629,1.0020194125749005
hm-m05-g2-L5p3-n2-beta1__N0080__Aminus_0p0025,hm-m05-g2-L5p3-n2-beta1__N0080__Aplus_0p0025,hm-m05-g2-L5p3-n2-beta1,80,-0.0025,38,2.5175,1.0024671949308128,1.0020513128401434
hm-m05-g2-L5p3-n2-beta1__N0080__Aminus_0p0025,hm-m05-g2-L5p3-n2-beta1__N0080__Aplus_0p0025,hm-m05-g2-L5p3-n2-beta1,80,-0.0025,39,2.58375,1.0024903097150342,1.0020705323837005
hm-m05-g2-L5p3-n2-beta1__N0080__Aminus_0p0025,hm-m05-g2-L5p3-n2-beta1__N0080__Aplus_0p0025,hm-m05-g2-L5p3-n2-beta1,80,-0.0025,40,2.6500000000000004,1.0024980305978832,1.002076952153934
hm-m05-g2-L5p3-n2-beta1__N0080__Aminus_0p0025,hm-m05-g2-L5p3-n2-beta1__N0080__Aplus_0p0025,hm-m05-g2-L5p3-n2-beta1,80,-0.0025,41,2.71625,1.0024903097150342,1.0020705323837003
hm-m05-g2-L5p3-n2-beta1__N0080__Aminus_0p0025,hm-m05-g2-L5p3-n2-beta1__N0080__Aplus_0p0025,hm-m05-g2-L5p3-n2-beta1,80,-0.0025,42,2.7825,1.002467194930813,1.002051312840143
hm-m05-g2-L5p3-n2-beta1__N0080__Aminus_0p0025,hm-m05-g2-L5p3-n2-beta1__N0080__Aplus_0p0025,hm-m05-g2-L5p3-n2-beta1,80,-0.0025,43,2.8487500000000003,1.0024288295366293,1.0020194125748993
hm-m05-g2-L5p3-n2-beta1__N0080__Aminus_0p0025,hm-m05-g2-L5p3-n2-beta1__N0080__Aplus_0p0025,hm-m05-g2-L5p3-n2-beta1,80,-0.0025,44,2.915,1.0023754513482912,1.00197502917637
hm-m05-g2-L5p3-n2-beta1__N0080__Aminus_0p0025,hm-m05-g2-L5p3-n2-beta1__N0080__Aplus_0p0025,hm-m05-g2-L5p3-n2-beta1,80,-0.0025,45,2.98125,1.0023073912082419,1.0019184375290022
hm-m05-g2-L5p3-n2-beta1__N0080__Aminus_0p0025,hm-m05-g2-L5p3-n2-beta1__N0080__Aplus_0p0025,hm-m05-g2-L5p3-n2-beta1,80,-0.0025,46,3.0475000000000003,1.002225070902731,1.0018499880877951
hm-m05-g2-L5p3-n2-beta1__N0080__Aminus_0p0025,hm-m05-g2-L5p3-n2-beta1__N0080__Aplus_0p0025,hm-m05-g2-L5p3-n2-beta1,80,-0.0025,47,3.11375,1.0021290005078247,1.001770104679424
hm-m05-g2-L5p3-n2-beta1__N0080__Aminus_0p0025,hm-m05-g2-L5p3-n2-beta1__N0080__Aplus_0p0025,hm-m05-g2-L5p3-n2-beta1,80,-0.0025,48,3.18,1.0020197751819373,1.001679281844486
hm-m05-g2-L5p3-n2-beta1__N0080__Aminus_0p0025,hm-m05-g2-L5p3-n2-beta1__N0080__Aplus_0p0025,hm-m05-g2-L5p3-n2-beta1,80,-0.0025,49,3.2462500000000003,1.0018980714262047,1.001578081738355
hm-m05-g2-L5p3-n2-beta1__N0080__Aminus_0p0025,hm-m05-g2-L5p3-n2-beta1__N0080__Aplus_0p0025,hm-m05-g2-L5p3-n2-beta1,80,-0.0025,50,3.3125,1.0017646428374867,1.0014671306109992
hm-m05-g2-L5p3-n2-beta1__N0080__Aminus_0p0025,hm-m05-g2-L5p3-n2-beta1__N0080__Aplus_0p0025,hm-m05-g2-L5p3-n2-beta1,80,-0.0025,51,3.37875,1.001620315382064,1.001347114888799
hm-m05-g2-L5p3-n2-beta1__N0080__Aminus_0p0025,hm-m05-g2-L5p3-n2-beta1__N0080__Aplus_0p0025,hm-m05-g2-L5p3-n2-beta1,80,-0.0025,52,3.4450000000000003,1.0014659822211391,1.0012187768839362
hm-m05-g2-L5p3-n2-beta1__N0080__Aminus_0p0025,hm-m05-g2-L5p3-n2-beta1__N0080__Aplus_0p0025,hm-m05-g2-L5p3-n2-beta1,80,-0.0025,53,3.51125,1.0013025981220702,1.0010829101592544
hm-m05-g2-L5p3-n2-beta1__N0080__Aminus_0p0025,hm-m05-g2-L5p3-n2-beta1__N0080__Aplus_0p0025,hm-m05-g2-L5p3-n2-beta1,80,-0.0025,54,3.5775,1.0011311734918191,1.0009403545786095
hm-m05-g2-L5p3-n2-beta1__N0080__Aminus_0p0025,hm-m05-g2-L5p3-n2-beta1__N0080__Aplus_0p0025,hm-m05-g2-L5p3-n2-beta1,80,-0.0025,55,3.6437500000000003,1.0009527680713708,1.0007919910746341
hm-m05-g2-L5p3-n2-beta1__N0080__Aminus_0p0025,hm-m05-g2-L5p3-n2-beta1__N0080__Aplus_0p0025,hm-m05-g2-L5p3-n2-beta1,80,-0.0025,56,3.71,1.0007684843318743,1.0006387361675122
hm-m05-g2-L5p3-n2-beta1__N0080__Aminus_0p0025,hm-m05-g2-L5p3-n2-beta1__N0080__Aplus_0p0025,hm-m05-g2-L5p3-n2-beta1,80,-0.0025,57,3.77625,1.00057946061495,1.0004815362697845
hm-m05-g2-L5p3-n2-beta1__N0080__Aminus_0p0025,hm-m05-g2-L5p3-n2-beta1__N0080__Aplus_0p0025,hm-m05-g2-L5p3-n2-beta1,80,-0.0025,58,3.8425000000000002,1.0003868640609952,1.0003213618133944
hm-m05-g2-L5p3-n2-beta1__N0080__Aminus_0p0025,hm-m05-g2-L5p3-n2-beta1__N0080__Aplus_0p0025,hm-m05-g2-L5p3-n2-beta1,80,-0.0025,59,3.9087500000000004,1.0001918833704009,1.0001592012361193
hm-m05-g2-L5p3-n2-beta1__N0080__Aminus_0p0025,hm-m05-g2-L5p3-n2-beta1__N0080__Aplus_0p0025,hm-m05-g2-L5p3-n2-beta1,80,-0.0025,60,3.975,0.9999957214433701,0.999996054865207
hm-m05-g2-L5p3-n2-beta1__N0080__Aminus_0p0025,hm-m05-g2-L5p3-n2-beta1__N0080__Aplus_0p0025,hm-m05-g2-L5p3-n2-beta1,80,-0.0025,61,4.04125,0.9997995879444828,0.9998329287364762
hm-m05-g2-L5p3-n2-beta1__N0080__Aminus_0p0025,hm-m05-g2-L5p3-n2-beta1__N0080__Aplus_0p0025,hm-m05-g2-L5p3-n2-beta1,80,-0.0025,62,4.1075,0.9996046918383227,0.9996708283873161
hm-m05-g2-L5p3-n2-beta1__N0080__Aminus_0p0025,hm-m05-g2-L5p3-n2-beta1__N0080__Aplus_0p0025,hm-m05-g2-L5p3-n2-beta1,80,-0.0025,63,4.17375,0.9994122339423412,0.9995107526619593
hm-m05-g2-L5p3-n2-beta1__N0080__Aminus_0p0025,hm-m05-g2-L5p3-n2-beta1__N0080__Aplus_0p0025,hm-m05-g2-L5p3-n2-beta1,80,-0.0025,64,4.24,0.999223399542707,0.999353687567098
hm-m05-g2-L5p3-n2-beta1__N0080__Aminus_0p0025,hm-m05-g2-L5p3-n2-beta1__N0080__Aplus_0p0025,hm-m05-g2-L5p3-n2-beta1,80,-0.0025,65,4.30625,0.999039351118193,0.9992006002153835
hm-m05-g2-L5p3-n2-beta1__N0080__Aminus_0p0025,hm-m05-g2-L5p3-n2-beta1__N0080__Aplus_0p0025,hm-m05-g2-L5p3-n2-beta1,80,-0.0025,66,4.3725000000000005,0.9988612212161792,0.9990524328935876
hm-m05-g2-L5p3-n2-beta1__N0080__Aminus_0p0025,hm-m05-g2-L5p3-n2-beta1__N0080__Aplus_0p0025,hm-m05-g2-L5p3-n2-beta1,80,-0.0025,67,4.438750000000001,0.998690105523632,0.9989100972912389
hm-m05-g2-L5p3-n2-beta1__N0080__Aminus_0p0025,hm-m05-g2-L5p3-n2-beta1__N0080__Aplus_0p0025,hm-m05-g2-L5p3-n2-beta1,80,-0.0025,68,4.505,0.9985270561744607,0.9987744689243763
hm-m05-g2-L5p3-n2-beta1__N0080__Aminus_0p0025,hm-m05-g2-L5p3-n2-beta1__N0080__Aplus_0p0025,hm-m05-g2-L5p3-n2-beta1,80,-0.0025,69,4.57125,0.9983730753329703,0.9986463817876956
hm-m05-g2-L5p3-n2-beta1__N0080__Aminus_0p0025,hm-m05-g2-L5p3-n2-beta1__N0080__Aplus_0p0025,hm-m05-g2-L5p3-n2-beta1,80,-0.0025,70,4.6375,0.9982291090912433,0.9985266232668342
hm-m05-g2-L5p3-n2-beta1__N0080__Aminus_0p0025,hm-m05-g2-L5p3-n2-beta1__N0080__Aplus_0p0025,hm-m05-g2-L5p3-n2-beta1,80,-0.0025,71,4.70375,0.9980960417162015,0.9984159293408236
hm-m05-g2-L5p3-n2-beta1__N0080__Aminus_0p0025,hm-m05-g2-L5p3-n2-beta1__N0080__Aplus_0p0025,hm-m05-g2-L5p3-n2-beta1,80,-0.0025,72,4.7700000000000005,0.9979746902798465,0.998314980102893
hm-m05-g2-L5p3-n2-beta1__N0080__Aminus_0p0025,hm-m05-g2-L5p3-n2-beta1__N0080__Aplus_0p0025,hm-m05-g2-L5p3-n2-beta1,80,-0.0025,73,4.836250000000001,0.9978657997037684,0.9982243956258022
hm-m05-g2-L5p3-n2-beta1__N0080__Aminus_0p0025,hm-m05-g2-L5p3-n2-beta1__N0080__Aplus_0p0025,hm-m05-g2-L5p3-n2-beta1,80,-0.0025,74,4.9025,0.9977700382464546,0.9981447321957635
hm-m05-g2-L5p3-n2-beta1__N0080__Aminus_0p0025,hm-m05-g2-L5p3-n2-beta1__N0080__Aplus_0p0025,hm-m05-g2-L5p3-n2-beta1,80,-0.0025,75,4.96875,0.9976879934592546,0.9980764789367753
hm-m05-g2-L5p3-n2-beta1__N0080__Aminus_0p0025,hm-m05-g2-L5p3-n2-beta1__N0080__Aplus_0p0025,hm-m05-g2-L5p3-n2-beta1,80,-0.0025,76,5.035,0.9976201686340641,0.9980200548448546
hm-m05-g2-L5p3-n2-beta1__N0080__Aminus_0p0025,hm-m05-g2-L5p3-n2-beta1__N0080__Aplus_0p0025,hm-m05-g2-L5p3-n2-beta1,80,-0.0025,77,5.10125,0.9975669797629046,0.9979758062492277
hm-m05-g2-L5p3-n2-beta1__N0080__Aminus_0p0025,hm-m05-g2-L5p3-n2-beta1__N0080__Aplus_0p0025,hm-m05-g2-L5p3-n2-beta1,80,-0.0025,78,5.1675,0.997528753026606,0.9979440047150457
hm-m05-g2-L5p3-n2-beta1__N0080__Aminus_0p0025,hm-m05-g2-L5p3-n2-beta1__N0080__Aplus_0p0025,hm-m05-g2-L5p3-n2-beta1,80,-0.0025,79,5.233750000000001,0.9975057228267622,0.9979248453996216
hm-m05-g2-L5p3-n2-beta1__N0080__Aminus_0p0025,hm-m05-g2-L5p3-n2-beta1__N0080__Aplus_0p0025,hm-m05-g2-L5p3-n2-beta1,80,-0.0025,80,5.3,0.997498030372037,0.9979184458715756
hm-m05-g2-L5p3-n2-beta1__N0080__Aplus_0p0025,hm-m05-g2-L5p3-n2-beta1__N0080__Aminus_0p0025,hm-m05-g2-L5p3-n2-beta1,80,0.0025,0,0.0,1.0024980305978932,1.0020769521539463
hm-m05-g2-L5p3-n2-beta1__N0080__Aplus_0p0025,hm-m05-g2-L5p3-n2-beta1__N0080__Aminus_0p0025,hm-m05-g2-L5p3-n2-beta1,80,0.0025,1,0.06625,1.0024903097150442,1.0020705323837127
hm-m05-g2-L5p3-n2-beta1__N0080__Aplus_0p0025,hm-m05-g2-L5p3-n2-beta1__N0080__Aminus_0p0025,hm-m05-g2-L5p3-n2-beta1,80,0.0025,2,0.1325,1.0024671949308228,1.0020513128401556
hm-m05-g2-L5p3-n2-beta1__N0080__Aplus_0p0025,hm-m05-g2-L5p3-n2-beta1__N0080__Aminus_0p0025,hm-m05-g2-L5p3-n2-beta1,80,0.0025,3,0.19875,1.002428829536639,1.0020194125749124
hm-m05-g2-L5p3-n2-beta1__N0080__Aplus_0p0025,hm-m05-g2-L5p3-n2-beta1__N0080__Aminus_0p0025,hm-m05-g2-L5p3-n2-beta1,80,0.0025,4,0.265,1.002375451348301,1.0019750291763834
hm-m05-g2-L5p3-n2-beta1__N0080__Aplus_0p0025,hm-m05-g2-L5p3-n2-beta1__N0080__Aminus_0p0025,hm-m05-g2-L5p3-n2-beta1,80,0.0025,5,0.33125000000000004,1.0023073912082514,1.0019184375290155
hm-m05-g2-L5p3-n2-beta1__N0080__Aplus_0p0025,hm-m05-g2-L5p3-n2-beta1__N0080__Aminus_0p0025,hm-m05-g2-L5p3-n2-beta1,80,0.0025,6,0.3975,1.0022250709027403,1.0018499880878087
hm-m05-g2-L5p3-n2-beta1__N0080__Aplus_0p0025,hm-m05-g2-L5p3-n2-beta1__N0080__Aminus_0p0025,hm-m05-g2-L5p3-n2-beta1,80,0.0025,7,0.46375,1.0021290005078338,1.0017701046794378
hm-m05-g2-L5p3-n2-beta1__N0080__Aplus_0p0025,hm-m05-g2-L5p3-n2-beta1__N0080__Aminus_0p0025,hm-m05-g2-L5p3-n2-beta1,80,0.0025,8,0.53,1.0020197751819464,1.0016792818445
hm-m05-g2-L5p3-n2-beta1__N0080__Aplus_0p0025,hm-m05-g2-L5p3-n2-beta1__N0080__Aminus_0p0025,hm-m05-g2-L5p3-n2-beta1,80,0.0025,9,0.5962500000000001,1.0018980714262136,1.0015780817383688
hm-m05-g2-L5p3-n2-beta1__N0080__Aplus_0p0025,hm-m05-g2-L5p3-n2-beta1__N0080__Aminus_0p0025,hm-m05-g2-L5p3-n2-beta1,80,0.0025,10,0.6625000000000001,1.0017646428374953,1.001467130611013
hm-m05-g2-L5p3-n2-beta1__N0080__Aplus_0p0025,hm-m05-g2-L5p3-n2-beta1__N0080__Aminus_0p0025,hm-m05-g2-L5p3-n2-beta1,80,0.0025,11,0.72875,1.0016203153820726,1.0013471148888127
hm-m05-g2-L5p3-n2-beta1__N0080__Aplus_0p0025,hm-m05-g2-L5p3-n2-beta1__N0080__Aminus_0p0025,hm-m05-g2-L5p3-n2-beta1,80,0.0025,12,0.795,1.0014659822211474,1.00121877688395
hm-m05-g2-L5p3-n2-beta1__N0080__Aplus_0p0025,hm-m05-g2-L5p3-n2-beta1__N0080__Aminus_0p0025,hm-m05-g2-L5p3-n2-beta1,80,0.0025,13,0.8612500000000001,1.0013025981220784,1.0010829101592682
hm-m05-g2-L5p3-n2-beta1__N0080__Aplus_0p0025,hm-m05-g2-L5p3-n2-beta1__N0080__Aminus_0p0025,hm-m05-g2-L5p3-n2-beta1,80,0.0025,14,0.9275,1.0011311734918273,1.000940354578623
hm-m05-g2-L5p3-n2-beta1__N0080__Aplus_0p0025,hm-m05-g2-L5p3-n2-beta1__N0080__Aminus_0p0025,hm-m05-g2-L5p3-n2-beta1,80,0.0025,15,0.99375,1.0009527680713788,1.0007919910746477
hm-m05-g2-L5p3-n2-beta1__N0080__Aplus_0p0025,hm-m05-g2-L5p3-n2-beta1__N0080__Aminus_0p0025,hm-m05-g2-L5p3-n2-beta1,80,0.0025,16,1.06,1.0007684843318823,1.000638736167526
hm-m05-g2-L5p3-n2-beta1__N0080__Aplus_0p0025,hm-m05-g2-L5p3-n2-beta1__N0080__Aminus_0p0025,hm-m05-g2-L5p3-n2-beta1,80,0.0025,17,1.12625,1.000579460614958,1.000481536269798
hm-m05-g2-L5p3-n2-beta1__N0080__Aplus_0p0025,hm-m05-g2-L5p3-n2-beta1__N0080__Aminus_0p0025,hm-m05-g2-L5p3-n2-beta1,80,0.0025,18,1.1925000000000001,1.000386864061003,1.000321361813408
hm-m05-g2-L5p3-n2-beta1__N0080__Aplus_0p0025,hm-m05-g2-L5p3-n2-beta1__N0080__Aminus_0p0025,hm-m05-g2-L5p3-n2-beta1,80,0.0025,19,1.25875,1.0001918833704087,1.0001592012361329
hm-m05-g2-L5p3-n2-beta1__N0080__Aplus_0p0025,hm-m05-g2-L5p3-n2-beta1__N0080__Aminus_0p0025,hm-m05-g2-L5p3-n2-beta1,80,0.0025,20,1.3250000000000002,0.9999957214433778,0.9999960548652207
hm-m05-g2-L5p3-n2-beta1__N0080__Aplus_0p0025,hm-m05-g2-L5p3-n2-beta1__N0080__Aminus_0p0025,hm-m05-g2-L5p3-n2-beta1,80,0.0025,21,1.39125,0.9997995879444902,0.9998329287364899
hm-m05-g2-L5p3-n2-beta1__N0080__Aplus_0p0025,hm-m05-g2-L5p3-n2-beta1__N0080__Aminus_0p0025,hm-m05-g2-L5p3-n2-beta1,80,0.0025,22,1.4575,0.9996046918383301,0.9996708283873297
hm-m05-g2-L5p3-n2-beta1__N0080__Aplus_0p0025,hm-m05-g2-L5p3-n2-beta1__N0080__Aminus_0p0025,hm-m05-g2-L5p3-n2-beta1,80,0.0025,23,1.5237500000000002,0.9994122339423485,0.9995107526619725
hm-m05-g2-L5p3-n2-beta1__N0080__Aplus_0p0025,hm-m05-g2-L5p3-n2-beta1__N0080__Aminus_0p0025,hm-m05-g2-L5p3-n2-beta1,80,0.0025,24,1.59,0.9992233995427141,0.999353687567111
hm-m05-g2-L5p3-n2-beta1__N0080__Aplus_0p0025,hm-m05-g2-L5p3-n2-beta1__N0080__Aminus_0p0025,hm-m05-g2-L5p3-n2-beta1,80,0.0025,25,1.65625,0.9990393511182,0.9992006002153961
hm-m05-g2-L5p3-n2-beta1__N0080__Aplus_0p0025,hm-m05-g2-L5p3-n2-beta1__N0080__Aminus_0p0025,hm-m05-g2-L5p3-n2-beta1,80,0.0025,26,1.7225000000000001,0.9988612212161863,0.9990524328936
hm-m05-g2-L5p3-n2-beta1__N0080__Aplus_0p0025,hm-m05-g2-L5p3-n2-beta1__N0080__Aminus_0p0025,hm-m05-g2-L5p3-n2-beta1,80,0.0025,27,1.78875,0.998690105523639,0.9989100972912512
hm-m05-g2-L5p3-n2-beta1__N0080__Aplus_0p0025,hm-m05-g2-L5p3-n2-beta1__N0080__Aminus_0p0025,hm-m05-g2-L5p3-n2-beta1,80,0.0025,28,1.855,0.9985270561744677,0.9987744689243885
hm-m05-g2-L5p3-n2-beta1__N0080__Aplus_0p0025,hm-m05-g2-L5p3-n2-beta1__N0080__Aminus_0p0025,hm-m05-g2-L5p3-n2-beta1,80,0.0025,29,1.9212500000000001,0.9983730753329773,0.9986463817877077
hm-m05-g2-L5p3-n2-beta1__N0080__Aplus_0p0025,hm-m05-g2-L5p3-n2-beta1__N0080__Aminus_0p0025,hm-m05-g2-L5p3-n2-beta1,80,0.0025,30,1.9875,0.9982291090912504,0.9985266232668459
hm-m05-g2-L5p3-n2-beta1__N0080__Aplus_0p0025,hm-m05-g2-L5p3-n2-beta1__N0080__Aminus_0p0025,hm-m05-g2-L5p3-n2-beta1,80,0.0025,31,2.05375,0.9980960417162086,0.998415929340835
hm-m05-g2-L5p3-n2-beta1__N0080__Aplus_0p0025,hm-m05-g2-L5p3-n2-beta1__N0080__Aminus_0p0025,hm-m05-g2-L5p3-n2-beta1,80,0.0025,32,2.12,0.9979746902798536,0.9983149801029042
hm-m05-g2-L5p3-n2-beta1__N0080__Aplus_0p0025,hm-m05-g2-L5p3-n2-beta1__N0080__Aminus_0p0025,hm-m05-g2-L5p3-n2-beta1,80,0.0025,33,2.1862500000000002,0.9978657997037755,0.9982243956258131
hm-m05-g2-L5p3-n2-beta1__N0080__Aplus_0p0025,hm-m05-g2-L5p3-n2-beta1__N0080__Aminus_0p0025,hm-m05-g2-L5p3-n2-beta1,80,0.0025,34,2.2525,0.9977700382464617,0.9981447321957739
hm-m05-g2-L5p3-n2-beta1__N0080__Aplus_0p0025,hm-m05-g2-L5p3-n2-beta1__N0080__Aminus_0p0025,hm-m05-g2-L5p3-n2-beta1,80,0.0025,35,2.31875,0.9976879934592617,0.9980764789367853
hm-m05-g2-L5p3-n2-beta1__N0080__Aplus_0p0025,hm-m05-g2-L5p3-n2-beta1__N0080__Aminus_0p0025,hm-m05-g2-L5p3-n2-beta1,80,0.0025,36,2.3850000000000002,0.9976201686340713,0.998020054844864
hm-m05-g2-L5p3-n2-beta1__N0080__Aplus_0p0025,hm-m05-g2-L5p3-n2-beta1__N0080__Aminus_0p0025,hm-m05-g2-L5p3-n2-beta1,80,0.0025,37,2.45125,0.9975669797629118,0.9979758062492367
hm-m05-g2-L5p3-n2-beta1__N0080__Aplus_0p0025,hm-m05-g2-L5p3-n2-beta1__N0080__Aminus_0p0025,hm-m05-g2-L5p3-n2-beta1,80,0.0025,38,2.5175,0.997528753026613,0.9979440047150545
hm-m05-g2-L5p3-n2-beta1__N0080__Aplus_0p0025,hm-m05-g2-L5p3-n2-beta1__N0080__Aminus_0p0025,hm-m05-g2-L5p3-n2-beta1,80,0.0025,39,2.58375,0.9975057228267691,0.9979248453996301
hm-m05-g2-L5p3-n2-beta1__N0080__Aplus_0p0025,hm-m05-g2-L5p3-n2-beta1__N0080__Aminus_0p0025,hm-m05-g2-L5p3-n2-beta1,80,0.0025,40,2.6500000000000004,0.9974980303720437,0.9979184458715837
hm-m05-g2-L5p3-n2-beta1__N0080__Aplus_0p0025,hm-m05-g2-L5p3-n2-beta1__N0080__Aminus_0p0025,hm-m05-g2-L5p3-n2-beta1,80,0.0025,41,2.71625,0.9975057228267687,0.9979248453996292
hm-m05-g2-L5p3-n2-beta1__N0080__Aplus_0p0025,hm-m05-g2-L5p3-n2-beta1__N0080__Aminus_0p0025,hm-m05-g2-L5p3-n2-beta1,80,0.0025,42,2.7825,0.9975287530266124,0.9979440047150526
hm-m05-g2-L5p3-n2-beta1__N0080__Aplus_0p0025,hm-m05-g2-L5p3-n2-beta1__N0080__Aminus_0p0025,hm-m05-g2-L5p3-n2-beta1,80,0.0025,43,2.8487500000000003,0.9975669797629106,0.9979758062492339
hm-m05-g2-L5p3-n2-beta1__N0080__Aplus_0p0025,hm-m05-g2-L5p3-n2-beta1__N0080__Aminus_0p0025,hm-m05-g2-L5p3-n2-beta1,80,0.0025,44,2.915,0.9976201686340699,0.9980200548448602
hm-m05-g2-L5p3-n2-beta1__N0080__Aplus_0p0025,hm-m05-g2-L5p3-n2-beta1__N0080__Aminus_0p0025,hm-m05-g2-L5p3-n2-beta1,80,0.0025,45,2.98125,0.9976879934592598,0.9980764789367805
hm-m05-g2-L5p3-n2-beta1__N0080__Aplus_0p0025,hm-m05-g2-L5p3-n2-beta1__N0080__Aminus_0p0025,hm-m05-g2-L5p3-n2-beta1,80,0.0025,46,3.0475000000000003,0.9977700382464595,0.998144732195768
hm-m05-g2-L5p3-n2-beta1__N0080__Aplus_0p0025,hm-m05-g2-L5p3-n2-beta1__N0080__Aminus_0p0025,hm-m05-g2-L5p3-n2-beta1,80,0.0025,47,3.11375,0.9978657997037729,0.9982243956258062
hm-m05-g2-L5p3-n2-beta1__N0080__Aplus_0p0025,hm-m05-g2-L5p3-n2-beta1__N0080__Aminus_0p0025,hm-m05-g2-L5p3-n2-beta1,80,0.0025,48,3.18,0.9979746902798505,0.9983149801028964
hm-m05-g2-L5p3-n2-beta1__N0080__Aplus_0p0025,hm-m05-g2-L5p3-n2-beta1__N0080__Aminus_0p0025,hm-m05-g2-L5p3-n2-beta1,80,0.0025,49,3.2462500000000003,0.9980960417162049,0.9984159293408263
hm-m05-g2-L5p3-n2-beta1__N0080__Aplus_0p0025,hm-m05-g2-L5p3-n2-beta1__N0080__Aminus_0p0025,hm-m05-g2-L5p3-n2-beta1,80,0.0025,50,3.3125,0.9982291090912463,0.9985266232668363
hm-m05-g2-L5p3-n2-beta1__N0080__Aplus_0p0025,hm-m05-g2-L5p3-n2-beta1__N0080__Aminus_0p0025,hm-m05-g2-L5p3-n2-beta1,80,0.0025,51,3.37875,0.9983730753329726,0.9986463817876972
hm-m05-g2-L5p3-n2-beta1__N0080__Aplus_0p0025,hm-m05-g2-L5p3-n2-beta1__N0080__Aminus_0p0025,hm-m05-g2-L5p3-n2-beta1,80,0.0025,52,3.4450000000000003,0.9985270561744625,0.998774468924377
hm-m05-g2-L5p3-n2-beta1__N0080__Aplus_0p0025,hm-m05-g2-L5p3-n2-beta1__N0080__Aminus_0p0025,hm-m05-g2-L5p3-n2-beta1,80,0.0025,53,3.51125,0.9986901055236332,0.998910097291239
hm-m05-g2-L5p3-n2-beta1__N0080__Aplus_0p0025,hm-m05-g2-L5p3-n2-beta1__N0080__Aminus_0p0025,hm-m05-g2-L5p3-n2-beta1,80,0.0025,54,3.5775,0.9988612212161797,0.9990524328935871
hm-m05-g2-L5p3-n2-beta1__N0080__Aplus_0p0025,hm-m05-g2-L5p3-n2-beta1__N0080__Aminus_0p0025,hm-m05-g2-L5p3-n2-beta1,80,0.0025,55,3.6437500000000003,0.9990393511181929,0.9992006002153826
hm-m05-g2-L5p3-n2-beta1__N0080__Aplus_0p0025,hm-m05-g2-L5p3-n2-beta1__N0080__Aminus_0p0025,hm-m05-g2-L5p3-n2-beta1,80,0.0025,56,3.71,0.9992233995427063,0.9993536875670966
hm-m05-g2-L5p3-n2-beta1__N0080__Aplus_0p0025,hm-m05-g2-L5p3-n2-beta1__N0080__Aminus_0p0025,hm-m05-g2-L5p3-n2-beta1,80,0.0025,57,3.77625,0.9994122339423399,0.9995107526619577
hm-m05-g2-L5p3-n2-beta1__N0080__Aplus_0p0025,hm-m05-g2-L5p3-n2-beta1__N0080__Aminus_0p0025,hm-m05-g2-L5p3-n2-beta1,80,0.0025,58,3.8425000000000002,0.9996046918383209,0.9996708283873141
hm-m05-g2-L5p3-n2-beta1__N0080__Aplus_0p0025,hm-m05-g2-L5p3-n2-beta1__N0080__Aminus_0p0025,hm-m05-g2-L5p3-n2-beta1,80,0.0025,59,3.9087500000000004,0.9997995879444803,0.9998329287364737
hm-m05-g2-L5p3-n2-beta1__N0080__Aplus_0p0025,hm-m05-g2-L5p3-n2-beta1__N0080__Aminus_0p0025,hm-m05-g2-L5p3-n2-beta1,80,0.0025,60,3.975,0.9999957214433671,0.9999960548652037
hm-m05-g2-L5p3-n2-beta1__N0080__Aplus_0p0025,hm-m05-g2-L5p3-n2-beta1__N0080__Aminus_0p0025,hm-m05-g2-L5p3-n2-beta1,80,0.0025,61,4.04125,1.0001918833703973,1.0001592012361153
hm-m05-g2-L5p3-n2-beta1__N0080__Aplus_0p0025,hm-m05-g2-L5p3-n2-beta1__N0080__Aminus_0p0025,hm-m05-g2-L5p3-n2-beta1,80,0.0025,62,4.1075,1.0003868640609912,1.00032136181339
hm-m05-g2-L5p3-n2-beta1__N0080__Aplus_0p0025,hm-m05-g2-L5p3-n2-beta1__N0080__Aminus_0p0025,hm-m05-g2-L5p3-n2-beta1,80,0.0025,63,4.17375,1.0005794606149456,1.0004815362697794
hm-m05-g2-L5p3-n2-beta1__N0080__Aplus_0p0025,hm-m05-g2-L5p3-n2-beta1__N0080__Aminus_0p0025,hm-m05-g2-L5p3-n2-beta1,80,0.0025,64,4.24,1.0007684843318694,1.0006387361675069
hm-m05-g2-L5p3-n2-beta1__N0080__Aplus_0p0025,hm-m05-g2-L5p3-n2-beta1__N0080__Aminus_0p0025,hm-m05-g2-L5p3-n2-beta1,80,0.0025,65,4.30625,1.0009527680713655,1.0007919910746284
hm-m05-g2-L5p3-n2-beta1__N0080__Aplus_0p0025,hm-m05-g2-L5p3-n2-beta1__N0080__Aminus_0p0025,hm-m05-g2-L5p3-n2-beta1,80,0.0025,66,4.3725000000000005,1.0011311734918134,1.0009403545786033
hm-m05-g2-L5p3-n2-beta1__N0080__Aplus_0p0025,hm-m05-g2-L5p3-n2-beta1__N0080__Aminus_0p0025,hm-m05-g2-L5p3-n2-beta1,80,0.0025,67,4.438750000000001,1.001302598122064,1.001082910159248
hm-m05-g2-L5p3-n2-beta1__N0080__Aplus_0p0025,hm-m05-g2-L5p3-n2-beta1__N0080__Aminus_0p0025,hm-m05-g2-L5p3-n2-beta1,80,0.0025,68,4.505,1.0014659822211327,1.0012187768839296
hm-m05-g2-L5p3-n2-beta1__N0080__Aplus_0p0025,hm-m05-g2-L5p3-n2-beta1__N0080__Aminus_0p0025,hm-m05-g2-L5p3-n2-beta1,80,0.0025,69,4.57125,1.0016203153820573,1.001347114888792
hm-m05-g2-L5p3-n2-beta1__N0080__Aplus_0p0025,hm-m05-g2-L5p3-n2-beta1__N0080__Aminus_0p0025,hm-m05-g2-L5p3-n2-beta1,80,0.0025,70,4.6375,1.0017646428374798,1.0014671306109921
hm-m05-g2-L5p3-n2-beta1__N0080__Aplus_0p0025,hm-m05-g2-L5p3-n2-beta1__N0080__Aminus_0p0025,hm-m05-g2-L5p3-n2-beta1,80,0.0025,71,4.70375,1.0018980714261974,1.0015780817383475
hm-m05-g2-L5p3-n2-beta1__N0080__Aplus_0p0025,hm-m05-g2-L5p3-n2-beta1__N0080__Aminus_0p0025,hm-m05-g2-L5p3-n2-beta1,80,0.0025,72,4.7700000000000005,1.00201977518193,1.0016792818444782
hm-m05-g2-L5p3-n2-beta1__N0080__Aplus_0p0025,hm-m05-g2-L5p3-n2-beta1__N0080__Aminus_0p0025,hm-m05-g2-L5p3-n2-beta1,80,0.0025,73,4.836250000000001,1.0021290005078172,1.0017701046794163
hm-m05-g2-L5p3-n2-beta1__N0080__Aplus_0p0025,hm-m05-g2-L5p3-n2-beta1__N0080__Aminus_0p0025,hm-m05-g2-L5p3-n2-beta1,80,0.0025,74,4.9025,1.0022250709027234,1.0018499880877867
hm-m05-g2-L5p3-n2-beta1__N0080__Aplus_0p0025,hm-m05-g2-L5p3-n2-beta1__N0080__Aminus_0p0025,hm-m05-g2-L5p3-n2-beta1,80,0.0025,75,4.96875,1.0023073912082343,1.0019184375289936
hm-m05-g2-L5p3-n2-beta1__N0080__Aplus_0p0025,hm-m05-g2-L5p3-n2-beta1__N0080__Aminus_0p0025,hm-m05-g2-L5p3-n2-beta1,80,0.0025,76,5.035,1.0023754513482834,1.0019750291763612
hm-m05-g2-L5p3-n2-beta1__N0080__Aplus_0p0025,hm-m05-g2-L5p3-n2-beta1__N0080__Aminus_0p0025,hm-m05-g2-L5p3-n2-beta1,80,0.0025,77,5.10125,1.0024288295366215,1.00201941257489
hm-m05-g2-L5p3-n2-beta1__N0080__Aplus_0p0025,hm-m05-g2-L5p3-n2-beta1__N0080__Aminus_0p0025,hm-m05-g2-L5p3-n2-beta1,80,0.0025,78,5.1675,1.0024671949308053,1.0020513128401332
hm-m05-g2-L5p3-n2-beta1__N0080__Aplus_0p0025,hm-m05-g2-L5p3-n2-beta1__N0080__Aminus_0p0025,hm-m05-g2-L5p3-n2-beta1,80,0.0025,79,5.233750000000001,1.0024903097150264,1.0020705323836898
hm-m05-g2-L5p3-n2-beta1__N0080__Aplus_0p0025,hm-m05-g2-L5p3-n2-beta1__N0080__Aminus_0p0025,hm-m05-g2-L5p3-n2-beta1,80,0.0025,80,5.3,1.0024980305978755,1.0020769521539237
hm-m05-g2-L5p3-n2-beta1__N0080__Aplus_0p005,hm-m05-g2-L5p3-n2-beta1__N0080__Aminus_0p005,hm-m05-g2-L5p3-n2-beta1,80,0.005,0,0.0,1.0049921228349772,1.0041492718333125
hm-m05-g2-L5p3-n2-beta1__N0080__Aplus_0p005,hm-m05-g2-L5p3-n2-beta1__N0080__Aminus_0p005,hm-m05-g2-L5p3-n2-beta1,80,0.005,1,0.06625,1.004976652621039,1.0041364121103347
hm-m05-g2-L5p3-n2-beta1__N0080__Aplus_0p005,hm-m05-g2-L5p3-n2-beta1__N0080__Aminus_0p005,hm-m05-g2-L5p3-n2-beta1,80,0.005,2,0.1325,1.0049303384089352,1.0040979129756218
hm-m05-g2-L5p3-n2-beta1__N0080__Aplus_0p005,hm-m05-g2-L5p3-n2-beta1__N0080__Aminus_0p005,hm-m05-g2-L5p3-n2-beta1,80,0.005,3,0.19875,1.0048534688673678,1.0040340140198618
hm-m05-g2-L5p3-n2-beta1__N0080__Aplus_0p005,hm-m05-g2-L5p3-n2-beta1__N0080__Aminus_0p005,hm-m05-g2-L5p3-n2-beta1,80,0.005,4,0.265,1.0047465230472061,1.003945112857901
hm-m05-g2-L5p3-n2-beta1__N0080__Aplus_0p005,hm-m05-g2-L5p3-n2-beta1__N0080__Aminus_0p005,hm-m05-g2-L5p3-n2-beta1,80,0.005,5,0.33125000000000004,1.004610167301619,1.0038317625869186
hm-m05-g2-L5p3-n2-beta1__N0080__Aplus_0p005,hm-m05-g2-L5p3-n2-beta1__N0080__Aminus_0p005,hm-m05-g2-L5p3-n2-beta1,80,0.005,6,0.3975,1.0044452510052742,1.0036946682530057
hm-m05-g2-L5p3-n2-beta1__N0080__Aplus_0p005,hm-m05-g2-L5p3-n2-beta1__N0080__Aminus_0p005,hm-m05-g2-L5p3-n2-beta1,80,0.005,7,0.46375,1.004252801103258,1.0035346823509905
hm-m05-g2-L5p3-n2-beta1__N0080__Aplus_0p005,hm-m05-g2-L5p3-n2-beta1__N0080__Aminus_0p005,hm-m05-g2-L5p3-n2-beta1,80,0.005,8,0.53,1.0040340155286158,1.0033527993890705
hm-m05-g2-L5p3-n2-beta1__N0080__Aplus_0p005,hm-m05-g2-L5p3-n2-beta1__N0080__Aminus_0p005,hm-m05-g2-L5p3-n2-beta1,80,0.005,9,0.5962500000000001,1.0037902555352953,1.003150149556208
hm-m05-g2-L5p3-n2-beta1__N0080__Aplus_0p005,hm-m05-g2-L5p3-n2-beta1__N0080__Aminus_0p005,hm-m05-g2-L5p3-n2-beta1,80,0.005,10,0.6625000000000001,1.003523037000708,1.002927991536327
hm-m05-g2-L5p3-n2-beta1__N0080__Aplus_0p005,hm-m05-g2-L5p3-n2-beta1__N0080__Aminus_0p005,hm-m05-g2-L5p3-n2-beta1,80,0.005,11,0.72875,1.0032340207590555,1.0026877045190057
hm-m05-g2-L5p3-n2-beta1__N0080__Aplus_0p005,hm-m05-g2-L5p3-n2-beta1__N0080__Aminus_0p005,hm-m05-g2-L5p3-n2-beta1,80,0.005,12,0.795,1.0029250020329326,1.0024307794616014
hm-m05-g2-L5p3-n2-beta1__N0080__Aplus_0p005,hm-m05-g2-L5p3-n2-beta1__N0080__Aminus_0p005,hm-m05-g2-L5p3-n2-beta1,80,0.005,13,0.8612500000000001,1.0025978990364768,1.0021588096624825
hm-m05-g2-L5p3-n2-beta1__N0080__Aplus_0p005,hm-m05-g2-L5p3-n2-beta1__N0080__Aminus_0p005,hm-m05-g2-L5p3-n2-beta1,80,0.005,14,0.9275,1.0022547408284328,1.001873480709287
hm-m05-g2-L5p3-n2-beta1__N0080__Aplus_0p005,hm-m05-g2-L5p3-n2-beta1__N0080__Aminus_0p005,hm-m05-g2-L5p3-n2-beta1,80,0.005,15,0.99375,1.0018976544979208,1.00157655986982
hm-m05-g2-L5p3-n2-beta1__N0080__Aplus_0p005,hm-m05-g2-L5p3-n2-beta1__N0080__Aminus_0p005,hm-m05-g2-L5p3-n2-beta1,80,0.005,16,1.06,1.0015288517694145,1.0012698849963468
hm-m05-g2-L5p3-n2-beta1__N0080__Aplus_0p005,hm-m05-g2-L5p3-n2-beta1__N0080__Aminus_0p005,hm-m05-g2-L5p3-n2-beta1,80,0.005,17,1.12625,1.0011506151164256,1.000955353016611
hm-m05-g2-L5p3-n2-beta1__N0080__Aplus_0p005,hm-m05-g2-L5p3-n2-beta1__N0080__Aminus_0p005,hm-m05-g2-L5p3-n2-beta1,80,0.005,18,1.1925000000000001,1.0007652834756664,1.00063490808691
hm-m05-g2-L5p3-n2-beta1__N0080__Aplus_0p005,hm-m05-g2-L5p3-n2-beta1__N0080__Aminus_0p005,hm-m05-g2-L5p3-n2-beta1,80,0.005,19,1.25875,1.0003752376550232,1.000310529483981
hm-m05-g2-L5p3-n2-beta1__N0080__Aplus_0p005,hm-m05-g2-L5p3-n2-beta1__N0080__Aminus_0p005,hm-m05-g2-L5p3-n2-beta1,80,0.005,20,1.3250000000000002,0.9999828855295163,0.9999842193133305
hm-m05-g2-L5p3-n2-beta1__N0080__Aplus_0p005,hm-m05-g2-L5p3-n2-beta1__N0080__Aminus_0p005,hm-m05-g2-L5p3-n2-beta1,80,0.005,21,1.39125,0.9995906471196004,0.9996579901119356
hm-m05-g2-L5p3-n2-beta1__N0080__Aplus_0p005,hm-m05-g2-L5p3-n2-beta1__N0080__Aminus_0p005,hm-m05-g2-L5p3-n2-beta1,80,0.005,22,1.4575,0.9992009396456636,0.9993338524230455
hm-m05-g2-L5p3-n2-beta1__N0080__Aplus_0p005,hm-m05-g2-L5p3-n2-beta1__N0080__Aminus_0p005,hm-m05-g2-L5p3-n2-beta1,80,0.005,23,1.5237500000000002,0.998816162651474,0.9990138024200734
hm-m05-g2-L5p3-n2-beta1__N0080__Aplus_0p005,hm-m05-g2-L5p3-n2-beta1__N0080__Aminus_0p005,hm-m05-g2-L5p3-n2-beta1,80,0.005,24,1.59,0.9984386832876266,0.9986998096553676
hm-m05-g2-L5p3-n2-beta1__N0080__Aplus_0p005,hm-m05-g2-L5p3-n2-beta1__N0080__Aminus_0p005,hm-m05-g2-L5p3-n2-beta1,80,0.005,25,1.65625,0.9980708218437968,0.9983938050079821
hm-m05-g2-L5p3-n2-beta1__N0080__Aplus_0p005,hm-m05-g2-L5p3-n2-beta1__N0080__Aminus_0p005,hm-m05-g2-L5p3-n2-beta1,80,0.005,26,1.7225000000000001,0.997714837615871,0.9980976689024937
hm-m05-g2-L5p3-n2-beta1__N0080__Aplus_0p005,hm-m05-g2-L5p3-n2-beta1__N0080__Aminus_0p005,hm-m05-g2-L5p3-n2-beta1,80,0.005,27,1.78875,0.9973729151908272,0.9978132198684359
hm-m05-g2-L5p3-n2-beta1__N0080__Aplus_0p005,hm-m05-g2-L5p3-n2-beta1__N0080__Aminus_0p005,hm-m05-g2-L5p3-n2-beta1,80,0.005,28,1.855,0.9970471512286416,0.9975422035071049
hm-m05-g2-L5p3-n2-beta1__N0080__Aplus_0p005,hm-m05-g2-L5p3-n2-beta1__N0080__Aminus_0p005,hm-m05-g2-L5p3-n2-beta1,80,0.005,29,1.9212500000000001,0.9967395418165393,0.9972862819293532
hm-m05-g2-L5p3-n2-beta1__N0080__Aplus_0p005,hm-m05-g2-L5p3-n2-beta1__N0080__Aminus_0p005,hm-m05-g2-L5p3-n2-beta1,80,0.005,30,1.9875,0.996451970466636,0.9970470237245603
hm-m05-g2-L5p3-n2-beta1__N0080__Aplus_0p005,hm-m05-g2-L5p3-n2-beta1__N0080__Aminus_0p005,hm-m05-g2-L5p3-n2-beta1,80,0.005,31,2.05375,0.9961861968234851,0.9968258945173083
hm-m05-g2-L5p3-n2-beta1__N0080__Aplus_0p005,hm-m05-g2-L5p3-n2-beta1__N0080__Aminus_0p005,hm-m05-g2-L5p3-n2-beta1,80,0.005,32,2.12,0.9959438461432769,0.9966242481643904
hm-m05-g2-L5p3-n2-beta1__N0080__Aplus_0p005,hm-m05-g2-L5p3-n2-beta1__N0080__Aminus_0p005,hm-m05-g2-L5p3-n2-beta1,80,0.005,33,2.1862500000000002,0.9957263996014903,0.9964433186407131
hm-m05-g2-L5p3-n2-beta1__N0080__Aplus_0p005,hm-m05-g2-L5p3-n2-beta1__N0080__Aminus_0p005,hm-m05-g2-L5p3-n2-beta1,80,0.005,34,2.2525,0.995535185480692,0.9962842126584086
hm-m05-g2-L5p3-n2-beta1__N0080__Aplus_0p005,hm-m05-g2-L5p3-n2-beta1__N0080__Aminus_0p005,hm-m05-g2-L5p3-n2-beta1,80,0.005,35,2.31875,0.9953713712849575,0.9961479030591096
hm-m05-g2-L5p3-n2-beta1__N0080__Aplus_0p005,hm-m05-g2-L5p3-n2-beta1__N0080__Aminus_0p005,hm-m05-g2-L5p3-n2-beta1,80,0.005,36,2.3850000000000002,0.9952359568220709,0.9960352230148508
hm-m05-g2-L5p3-n2-beta1__N0080__Aplus_0p005,hm-m05-g2-L5p3-n2-beta1__N0080__Aminus_0p005,hm-m05-g2-L5p3-n2-beta1,80,0.005,37,2.45125,0.9951297682892684,0.995946861068493
hm-m05-g2-L5p3-n2-beta1__N0080__Aplus_0p005,hm-m05-g2-L5p3-n2-beta1__N0080__Aminus_0p005,hm-m05-g2-L5p3-n2-beta1,80,0.005,38,2.5175,0.9950534533928559,0.9958833570399174
hm-m05-g2-L5p3-n2-beta1__N0080__Aplus_0p005,hm-m05-g2-L5p3-n2-beta1__N0080__Aminus_0p005,hm-m05-g2-L5p3-n2-beta1,80,0.005,39,2.58375,0.99500747752655,0.9958450988195352
hm-m05-g2-L5p3-n2-beta1__N0080__Aplus_0p005,hm-m05-g2-L5p3-n2-beta1__N0080__Aminus_0p005,hm-m05-g2-L5p3-n2-beta1,80,0.005,40,2.6500000000000004,0.9949921210278899,0.9958323200659134
hm-m05-g2-L5p3-n2-beta1__N0080__Aplus_0p005,hm-m05-g2-L5p3-n2-beta1__N0080__Aminus_0p005,hm-m05-g2-L5p3-n2-beta1,80,0.005,41,2.71625,0.99500747752655,0.9958450988195349
hm-m05-g2-L5p3-n2-beta1__N0080__Aplus_0p005,hm-m05-g2-L5p3-n2-beta1__N0080__Aminus_0p005,hm-m05-g2-L5p3-n2-beta1,80,0.005,42,2.7825,0.995053453392856,0.9958833570399166
hm-m05-g2-L5p3-n2-beta1__N0080__Aplus_0p005,hm-m05-g2-L5p3-n2-beta1__N0080__Aminus_0p005,hm-m05-g2-L5p3-n2-beta1,80,0.005,43,2.8487500000000003,0.9951297682892685,0.9959468610684917
hm-m05-g2-L5p3-n2-beta1__N0080__Aplus_0p005,hm-m05-g2-L5p3-n2-beta1__N0080__Aminus_0p005,hm-m05-g2-L5p3-n2-beta1,80,0.005,44,2.915,0.995235956822071,0.9960352230148491
hm-m05-g2-L5p3-n2-beta1__N0080__Aplus_0p005,hm-m05-g2-L5p3-n2-beta1__N0080__Aminus_0p005,hm-m05-g2-L5p3-n2-beta1,80,0.005,45,2.98125,0.9953713712849577,0.9961479030591074
hm-m05-g2-L5p3-n2-beta1__N0080__Aplus_0p005,hm-m05-g2-L5p3-n2-beta1__N0080__Aminus_0p005,hm-m05-g2-L5p3-n2-beta1,80,0.005,46,3.0475000000000003,0.9955351854806921,0.9962842126584059
hm-m05-g2-L5p3-n2-beta1__N0080__Aplus_0p005,hm-m05-g2-L5p3-n2-beta1__N0080__Aminus_0p005,hm-m05-g2-L5p3-n2-beta1,80,0.005,47,3.11375,0.9957263996014905,0.9964433186407099
hm-m05-g2-L5p3-n2-beta1__N0080__Aplus_0p005,hm-m05-g2-L5p3-n2-beta1__N0080__Aminus_0p005,hm-m05-g2-L5p3-n2-beta1,80,0.005,48,3.18,0.9959438461432769,0.9966242481643869
hm-m05-g2-L5p3-n2-beta1__N0080__Aplus_0p005,hm-m05-g2-L5p3-n2-beta1__N0080__Aminus_0p005,hm-m05-g2-L5p3-n2-beta1,80,0.005,49,3.2462500000000003,0.996186196823485,0.9968258945173042
hm-m05-g2-L5p3-n2-beta1__N0080__Aplus_0p005,hm-m05-g2-L5p3-n2-beta1__N0080__Aminus_0p005,hm-m05-g2-L5p3-n2-beta1,80,0.005,50,3.3125,0.9964519704666357,0.9970470237245554
hm-m05-g2-L5p3-n2-beta1__N0080__Aplus_0p005,hm-m05-g2-L5p3-n2-beta1__N0080__Aminus_0p005,hm-m05-g2-L5p3-n2-beta1,80,0.005,51,3.37875,0.9967395418165388,0.9972862819293477
hm-m05-g2-L5p3-n2-beta1__N0080__Aplus_0p005,hm-m05-g2-L5p3-n2-beta1__N0080__Aminus_0p005,hm-m05-g2-L5p3-n2-beta1,80,0.005,52,3.4450000000000003,0.9970471512286408,0.9975422035070989
hm-m05-g2-L5p3-n2-beta1__N0080__Aplus_0p005,hm-m05-g2-L5p3-n2-beta1__N0080__Aminus_0p005,hm-m05-g2-L5p3-n2-beta1,80,0.005,53,3.51125,0.997372915190826,0.9978132198684293
hm-m05-g2-L5p3-n2-beta1__N0080__Aplus_0p005,hm-m05-g2-L5p3-n2-beta1__N0080__Aminus_0p005,hm-m05-g2-L5p3-n2-beta1,80,0.005,54,3.5775,0.9977148376158695,0.9980976689024869
hm-m05-g2-L5p3-n2-beta1__N0080__Aplus_0p005,hm-m05-g2-L5p3-n2-beta1__N0080__Aminus_0p005,hm-m05-g2-L5p3-n2-beta1,80,0.005,55,3.6437500000000003,0.9980708218437949,0.9983938050079748
hm-m05-g2-L5p3-n2-beta1__N0080__Aplus_0p005,hm-m05-g2-L5p3-n2-beta1__N0080__Aminus_0p005,hm-m05-g2-L5p3-n2-beta1,80,0.005,56,3.71,0.9984386832876243,0.9986998096553598
hm-m05-g2-L5p3-n2-beta1__N0080__Aplus_0p005,hm-m05-g2-L5p3-n2-beta1__N0080__Aminus_0p005,hm-m05-g2-L5p3-n2-beta1,80,0.005,57,3.77625,0.9988161626514712,0.9990138024200653
hm-m05-g2-L5p3-n2-beta1__N0080__Aplus_0p005,hm-m05-g2-L5p3-n2-beta1__N0080__Aminus_0p005,hm-m05-g2-L5p3-n2-beta1,80,0.005,58,3.8425000000000002,0.9992009396456603,0.999333852423037
hm-m05-g2-L5p3-n2-beta1__N0080__Aplus_0p005,hm-m05-g2-L5p3-n2-beta1__N0080__Aminus_0p005,hm-m05-g2-L5p3-n2-beta1,80,0.005,59,3.9087500000000004,0.9995906471195966,0.9996579901119267
hm-m05-g2-L5p3-n2-beta1__N0080__Aplus_0p005,hm-m05-g2-L5p3-n2-beta1__N0080__Aminus_0p005,hm-m05-g2-L5p3-n2-beta1,80,0.005,60,3.975,0.9999828855295119,0.9999842193133213
hm-m05-g2-L5p3-n2-beta1__N0080__Aplus_0p005,hm-m05-g2-L5p3-n2-beta1__N0080__Aminus_0p005,hm-m05-g2-L5p3-n2-beta1,80,0.005,61,4.04125,1.0003752376550181,1.0003105294839714
hm-m05-g2-L5p3-n2-beta1__N0080__Aplus_0p005,hm-m05-g2-L5p3-n2-beta1__N0080__Aminus_0p005,hm-m05-g2-L5p3-n2-beta1,80,0.005,62,4.1075,1.0007652834756606,1.0006349080869
hm-m05-g2-L5p3-n2-beta1__N0080__Aplus_0p005,hm-m05-g2-L5p3-n2-beta1__N0080__Aminus_0p005,hm-m05-g2-L5p3-n2-beta1,80,0.005,63,4.17375,1.0011506151164191,1.0009553530166009
hm-m05-g2-L5p3-n2-beta1__N0080__Aplus_0p005,hm-m05-g2-L5p3-n2-beta1__N0080__Aminus_0p005,hm-m05-g2-L5p3-n2-beta1,80,0.005,64,4.24,1.0015288517694074,1.0012698849963364
hm-m05-g2-L5p3-n2-beta1__N0080__Aplus_0p005,hm-m05-g2-L5p3-n2-beta1__N0080__Aminus_0p005,hm-m05-g2-L5p3-n2-beta1,80,0.005,65,4.30625,1.001897654497913,1.0015765598698094
hm-m05-g2-L5p3-n2-beta1__N0080__Aplus_0p005,hm-m05-g2-L5p3-n2-beta1__N0080__Aminus_0p005,hm-m05-g2-L5p3-n2-beta1,80,0.005,66,4.3725000000000005,1.0022547408284244,1.0018734807092762
hm-m05-g2-L5p3-n2-beta1__N0080__Aplus_0p005,hm-m05-g2-L5p3-n2-beta1__N0080__Aminus_0p005,hm-m05-g2-L5p3-n2-beta1,80,0.005,67,4.438750000000001,1.0025978990364677,1.0021588096624712
hm-m05-g2-L5p3-n2-beta1__N0080__Aplus_0p005,hm-m05-g2-L5p3-n2-beta1__N0080__Aminus_0p005,hm-m05-g2-L5p3-n2-beta1,80,0.005,68,4.505,1.0029250020329228,1.0024307794615899
hm-m05-g2-L5p3-n2-beta1__N0080__Aplus_0p005,hm-m05-g2-L5p3-n2-beta1__N0080__Aminus_0p005,hm-m05-g2-L5p3-n2-beta1,80,0.005,69,4.57125,1.003234020759045,1.0026877045189937
hm-m05-g2-L5p3-n2-beta1__N0080__Aplus_0p005,hm-m05-g2-L5p3-n2-beta1__N0080__Aminus_0p005,hm-m05-g2-L5p3-n2-beta1,80,0.005,70,4.6375,1.0035230370006971,1.0029279915363147
hm-m05-g2-L5p3-n2-beta1__N0080__Aplus_0p005,hm-m05-g2-L5p3-n2-beta1__N0080__Aminus_0p005,hm-m05-g2-L5p3-n2-beta1,80,0.005,71,4.70375,1.0037902555352838,1.0031501495561954
hm-m05-g2-L5p3-n2-beta1__N0080__Aplus_0p005,hm-m05-g2-L5p3-n2-beta1__N0080__Aminus_0p005,hm-m05-g2-L5p3-n2-beta1,80,0.005,72,4.7700000000000005,1.0040340155286038,1.0033527993890576
hm-m05-g2-L5p3-n2-beta1__N0080__Aplus_0p005,hm-m05-g2-L5p3-n2-beta1__N0080__Aminus_0p005,hm-m05-g2-L5p3-n2-beta1,80,0.005,73,4.836250000000001,1.0042528011032457,1.0035346823509776
hm-m05-g2-L5p3-n2-beta1__N0080__Aplus_0p005,hm-m05-g2-L5p3-n2-beta1__N0080__Aminus_0p005,hm-m05-g2-L5p3-n2-beta1,80,0.005,74,4.9025,1.0044452510052615,1.0036946682529926
hm-m05-g2-L5p3-n2-beta1__N0080__Aplus_0p005,hm-m05-g2-L5p3-n2-beta1__N0080__Aminus_0p005,hm-m05-g2-L5p3-n2-beta1,80,0.005,75,4.96875,1.0046101673016057,1.0038317625869055
hm-m05-g2-L5p3-n2-beta1__N0080__Aplus_0p005,hm-m05-g2-L5p3-n2-beta1__N0080__Aminus_0p005,hm-m05-g2-L5p3-n2-beta1,80,0.005,76,5.035,1.0047465230471926,1.0039451128578878
hm-m05-g2-L5p3-n2-beta1__N0080__Aplus_0p005,hm-m05-g2-L5p3-n2-beta1__N0080__Aminus_0p005,hm-m05-g2-L5p3-n2-beta1,80,0.005,77,5.10125,1.004853468867354,1.0040340140198485
hm-m05-g2-L5p3-n2-beta1__N0080__Aplus_0p005,hm-m05-g2-L5p3-n2-beta1__N0080__Aminus_0p005,hm-m05-g2-L5p3-n2-beta1,80,0.005,78,5.1675,1.0049303384089212,1.0040979129756082
hm-m05-g2-L5p3-n2-beta1__N0080__Aplus_0p005,hm-m05-g2-L5p3-n2-beta1__N0080__Aminus_0p005,hm-m05-g2-L5p3-n2-beta1,80,0.005,79,5.233750000000001,1.004976652621025,1.004136412110321
hm-m05-g2-L5p3-n2-beta1__N0080__Aplus_0p005,hm-m05-g2-L5p3-n2-beta1__N0080__Aminus_0p005,hm-m05-g2-L5p3-n2-beta1,80,0.005,80,5.3,1.0049921228349632,1.004149271833299
hm-m05-g2-L5p3-n2-beta1__N0080__Aplus_0p01,hm-m05-g2-L5p3-n2-beta1__N0080__Aminus_0p01,hm-m05-g2-L5p3-n2-beta1,80,0.01,0,0.0,1.009968494825543,1.0082798907486827
hm-m05-g2-L5p3-n2-beta1__N0080__Aplus_0p01,hm-m05-g2-L5p3-n2-beta1__N0080__Aminus_0p01,hm-m05-g2-L5p3-n2-beta1,80,0.01,1,0.06625,1.0099374405101833,1.0082540908083357
hm-m05-g2-L5p3-n2-beta1__N0080__Aplus_0p01,hm-m05-g2-L5p3-n2-beta1__N0080__Aminus_0p01,hm-m05-g2-L5p3-n2-beta1,80,0.01,2,0.1325,1.0098444732323266,1.0081768530615716
hm-m05-g2-L5p3-n2-beta1__N0080__Aplus_0p01,hm-m05-g2-L5p3-n2-beta1__N0080__Aminus_0p01,hm-m05-g2-L5p3-n2-beta1,80,0.01,3,0.19875,1.0096901786863728,1.0080486626572744
hm-m05-g2-L5p3-n2-beta1__N0080__Aplus_0p01,hm-m05-g2-L5p3-n2-beta1__N0080__Aminus_0p01,hm-m05-g2-L5p3-n2-beta1,80,0.01,4,0.265,1.0094755286727477,1.0078703246055896
hm-m05-g2-L5p3-n2-beta1__N0080__Aplus_0p01,hm-m05-g2-L5p3-n2-beta1__N0080__Aminus_0p01,hm-m05-g2-L5p3-n2-beta1,80,0.01,5,0.33125000000000004,1.0092018745996985,1.0076429584505617
hm-m05-g2-L5p3-n2-beta1__N0080__Aplus_0p01,hm-m05-g2-L5p3-n2-beta1__N0080__Aminus_0p01,hm-m05-g2-L5p3-n2-beta1,80,0.01,6,0.3975,1.008870938459647,1.0073679908707325
hm-m05-g2-L5p3-n2-beta1__N0080__Aplus_0p01,hm-m05-g2-L5p3-n2-beta1__N0080__Aminus_0p01,hm-m05-g2-L5p3-n2-beta1,80,0.01,7,0.46375,1.008484801352873,1.0070471462657624
hm-m05-g2-L5p3-n2-beta1__N0080__Aplus_0p01,hm-m05-g2-L5p3-n2-beta1__N0080__Aminus_0p01,hm-m05-g2-L5p3-n2-beta1,80,0.01,8,0.53,1.0080458896505637,1.0066824354025772
hm-m05-g2-L5p3-n2-beta1__N0080__Aplus_0p01,hm-m05-g2-L5p3-n2-beta1__N0080__Aminus_0p01,hm-m05-g2-L5p3-n2-beta1,80,0.01,9,0.5962500000000001,1.007556958907449,1.0062761422090936
hm-m05-g2-L5p3-n2-beta1__N0080__Aplus_0p01,hm-m05-g2-L5p3-n2-beta1__N0080__Aminus_0p01,hm-m05-g2-L5p3-n2-beta1,80,0.01,10,0.6625000000000001,1.0070210756511206,1.005830808817167
hm-m05-g2-L5p3-n2-beta1__N0080__Aplus_0p01,hm-m05-g2-L5p3-n2-beta1__N0080__Aminus_0p01,hm-m05-g2-L5p3-n2-beta1,80,0.01,11,0.72875,1.0064415971905236,1.0053492189688198
hm-m05-g2-L5p3-n2-beta1__N0080__Aplus_0p01,hm-m05-g2-L5p3-n2-beta1__N0080__Aminus_0p01,hm-m05-g2-L5p3-n2-beta1,80,0.01,12,0.795,1.005822149599887,1.00483437991099
hm-m05-g2-L5p3-n2-beta1__N0080__Aplus_0p01,hm-m05-g2-L5p3-n2-beta1__N0080__Aminus_0p01,hm-m05-g2-L5p3-n2-beta1,80,0.01,13,0.8612500000000001,1.005166604046371,1.0042895029138608
hm-m05-g2-L5p3-n2-beta1__N0080__Aplus_0p01,hm-m05-g2-L5p3-n2-beta1__N0080__Aminus_0p01,hm-m05-g2-L5p3-n2-beta1,80,0.01,14,0.9275,1.004479051639882,1.0037179825562248
hm-m05-g2-L5p3-n2-beta1__N0080__Aplus_0p01,hm-m05-g2-L5p3-n2-beta1__N0080__Aminus_0p01,hm-m05-g2-L5p3-n2-beta1,80,0.01,15,0.99375,1.0037637769917713,1.003123374928277
hm-m05-g2-L5p3-n2-beta1__N0080__Aplus_0p01,hm-m05-g2-L5p3-n2-beta1__N0080__Aminus_0p01,hm-m05-g2-L5p3-n2-beta1,80,0.01,16,1.06,1.0030252306754641,1.0025093749076597
hm-m05-g2-L5p3-n2-beta1__N0080__Aplus_0p01,hm-m05-g2-L5p3-n2-beta1__N0080__Aminus_0p01,hm-m05-g2-L5p3-n2-beta1,80,0.01,17,1.12625,1.002268000786471,1.0018797926685343
hm-m05-g2-L5p3-n2-beta1__N0080__Aplus_0p01,hm-m05-g2-L5p3-n2-beta1__N0080__Aminus_0p01,hm-m05-g2-L5p3-n2-beta1,80,0.01,18,1.1925000000000001,1.0014967838017286,1.0012385295859338
hm-m05-g2-L5p3-n2-beta1__N0080__Aplus_0p01,hm-m05-g2-L5p3-n2-beta1__N0080__Aminus_0p01,hm-m05-g2-L5p3-n2-beta1,80,0.01,19,1.25875,1.0007163549388831,1.000589553698697
hm-m05-g2-L5p3-n2-beta1__N0080__Aplus_0p01,hm-m05-g2-L5p3-n2-beta1__N0080__Aminus_0p01,hm-m05-g2-L5p3-n2-beta1,80,0.01,20,1.3250000000000002,0.999931538215052,0.9999368748939825
hm-m05-g2-L5p3-n2-beta1__N0080__Aplus_0p01,hm-m05-g2-L5p3-n2-beta1__N0080__Aminus_0p01,hm-m05-g2-L5p3-n2-beta1,80,0.01,21,1.39125,0.9991471764018629,0.9992845199747667
hm-m05-g2-L5p3-n2-beta1__N0080__Aplus_0p01,hm-m05-g2-L5p3-n2-beta1__N0080__Aminus_0p01,hm-m05-g2-L5p3-n2-beta1,80,0.01,22,1.4575,0.9983681010693504,0.9986365077689496
hm-m05-g2-L5p3-n2-beta1__N0080__Aplus_0p01,hm-m05-g2-L5p3-n2-beta1__N0080__Aminus_0p01,hm-m05-g2-L5p3-n2-beta1,80,0.01,23,1.5237500000000002,0.9975991029056905,0.9979968244348261
hm-m05-g2-L5p3-n2-beta1__N0080__Aplus_0p01,hm-m05-g2-L5p3-n2-beta1__N0080__Aminus_0p01,hm-m05-g2-L5p3-n2-beta1,80,0.01,24,1.59,0.9968449024929622,0.9973693991128514
hm-m05-g2-L5p3-n2-beta1__N0080__Aplus_0p01,hm-m05-g2-L5p3-n2-beta1__N0080__Aminus_0p01,hm-m05-g2-L5p3-n2-beta1,80,0.01,25,1.65625,0.996110121711297,0.9967580800679363
hm-m05-g2-L5p3-n2-beta1__N0080__Aplus_0p01,hm-m05-g2-L5p3-n2-beta1__N0080__Aminus_0p01,hm-m05-g2-L5p3-n2-beta1,80,0.01,26,1.7225000000000001,0.9953992559350875,0.9961666114600958
hm-m05-g2-L5p3-n2-beta1__N0080__Aplus_0p01,hm-m05-g2-L5p3-n2-beta1__N0080__Aminus_0p01,hm-m05-g2-L5p3-n2-beta1,80,0.01,27,1.78875,0.9947166471755432,0.9955986108742518
hm-m05-g2-L5p3-n2-beta1__N0080__Aplus_0p01,hm-m05-g2-L5p3-n2-beta1__N0080__Aminus_0p01,hm-m05-g2-L5p3-n2-beta1,80,0.01,28,1.855,0.9940664583139754,0.9950575477324726
hm-m05-g2-L5p3-n2-beta1__N0080__Aplus_0p01,hm-m05-g2-L5p3-n2-beta1__N0080__Aminus_0p01,hm-m05-g2-L5p3-n2-beta1,80,0.01,29,1.9212500000000001,0.993452648559928,0.9945467227040417
hm-m05-g2-L5p3-n2-beta1__N0080__Aplus_0p01,hm-m05-g2-L5p3-n2-beta1__N0080__Aminus_0p01,hm-m05-g2-L5p3-n2-beta1,80,0.01,30,1.9875,0.9928789502577815,0.9940692482205877
hm-m05-g2-L5p3-n2-beta1__N0080__Aplus_0p01,hm-m05-g2-L5p3-n2-beta1__N0080__Aminus_0p01,hm-m05-g2-L5p3-n2-beta1,80,0.01,31,2.05375,0.9923488471548969,0.9936280301951663
hm-m05-g2-L5p3-n2-beta1__N0080__Aplus_0p01,hm-m05-g2-L5p3-n2-beta1__N0080__Aminus_0p01,hm-m05-g2-L5p3-n2-beta1,80,0.01,32,2.12,0.9918655542338418,0.9932257510357593
hm-m05-g2-L5p3-n2-beta1__N0080__Aplus_0p01,hm-m05-g2-L5p3-n2-beta1__N0080__Aminus_0p01,hm-m05-g2-L5p3-n2-beta1,80,0.01,33,2.1862500000000002,0.99143199920085,0.9928648540352094
hm-m05-g2-L5p3-n2-beta1__N0080__Aplus_0p01,hm-m05-g2-L5p3-n2-beta1__N0080__Aminus_0p01,hm-m05-g2-L5p3-n2-beta1,80,0.01,34,2.2525,0.9910508057125045,0.9925475292112116
hm-m05-g2-L5p3-n2-beta1__N0080__Aplus_0p01,hm-m05-g2-L5p3-n2-beta1__N0080__Aminus_0p01,hm-m05-g2-L5p3-n2-beta1,80,0.01,35,2.31875,0.9907242784127442,0.9922757006616657
hm-m05-g2-L5p3-n2-beta1__N0080__Aplus_0p01,hm-m05-g2-L5p3-n2-beta1__N0080__Aminus_0p01,hm-m05-g2-L5p3-n2-beta1,80,0.01,36,2.3850000000000002,0.9904543898427265,0.9920510154925167
hm-m05-g2-L5p3-n2-beta1__N0080__Aplus_0p01,hm-m05-g2-L5p3-n2-beta1__N0080__Aminus_0p01,hm-m05-g2-L5p3-n2-beta1,80,0.01,37,2.45125,0.99024276927685,0.991874834367163
hm-m05-g2-L5p3-n2-beta1__N0080__Aplus_0p01,hm-m05-g2-L5p3-n2-beta1__N0080__Aminus_0p01,hm-m05-g2-L5p3-n2-beta1,80,0.01,38,2.5175,0.9900906935293483,0.9917482237186283
hm-m05-g2-L5p3-n2-beta1__N0080__Aplus_0p01,hm-m05-g2-L5p3-n2-beta1__N0080__Aminus_0p01,hm-m05-g2-L5p3-n2-beta1,80,0.01,39,2.58375,0.9899990797672948,0.9916719496579611
hm-m05-g2-L5p3-n2-beta1__N0080__Aplus_0p01,hm-m05-g2-L5p3-n2-beta1__N0080__Aminus_0p01,hm-m05-g2-L5p3-n2-beta1,80,0.01,40,2.6500000000000004,0.9899684803575707,0.9916464736047245
hm-m05-g2-L5p3-n2-beta1__N0080__Aplus_0p01,hm-m05-g2-L5p3-n2-beta1__N0080__Aminus_0p01,hm-m05-g2-L5p3-n2-beta1,80,0.01,41,2.71625,0.9899990797672948,0.9916719496579607
hm-m05-g2-L5p3-n2-beta1__N0080__Aplus_0p01,hm-m05-g2-L5p3-n2-beta1__N0080__Aminus_0p01,hm-m05-g2-L5p3-n2-beta1,80,0.01,42,2.7825,0.9900906935293482,0.9917482237186273
hm-m05-g2-L5p3-n2-beta1__N0080__Aplus_0p01,hm-m05-g2-L5p3-n2-beta1__N0080__Aminus_0p01,hm-m05-g2-L5p3-n2-beta1,80,0.01,43,2.8487500000000003,0.99024276927685,0.9918748343671615
hm-m05-g2-L5p3-n2-beta1__N0080__Aplus_0p01,hm-m05-g2-L5p3-n2-beta1__N0080__Aminus_0p01,hm-m05-g2-L5p3-n2-beta1,80,0.01,44,2.915,0.9904543898427264,0.992051015492515
hm-m05-g2-L5p3-n2-beta1__N0080__Aplus_0p01,hm-m05-g2-L5p3-n2-beta1__N0080__Aminus_0p01,hm-m05-g2-L5p3-n2-beta1,80,0.01,45,2.98125,0.9907242784127441,0.9922757006616633
hm-m05-g2-L5p3-n2-beta1__N0080__Aplus_0p01,hm-m05-g2-L5p3-n2-beta1__N0080__Aminus_0p01,hm-m05-g2-L5p3-n2-beta1,80,0.01,46,3.0475000000000003,0.9910508057125044,0.9925475292112086
hm-m05-g2-L5p3-n2-beta1__N0080__Aplus_0p01,hm-m05-g2-L5p3-n2-beta1__N0080__Aminus_0p01,hm-m05-g2-L5p3-n2-beta1,80,0.01,47,3.11375,0.9914319992008498,0.9928648540352057
hm-m05-g2-L5p3-n2-beta1__N0080__Aplus_0p01,hm-m05-g2-L5p3-n2-beta1__N0080__Aminus_0p01,hm-m05-g2-L5p3-n2-beta1,80,0.01,48,3.18,0.9918655542338415,0.993225751035755
hm-m05-g2-L5p3-n2-beta1__N0080__Aplus_0p01,hm-m05-g2-L5p3-n2-beta1__N0080__Aminus_0p01,hm-m05-g2-L5p3-n2-beta1,80,0.01,49,3.2462500000000003,0.9923488471548964,0.9936280301951614
hm-m05-g2-L5p3-n2-beta1__N0080__Aplus_0p01,hm-m05-g2-L5p3-n2-beta1__N0080__Aminus_0p01,hm-m05-g2-L5p3-n2-beta1,80,0.01,50,3.3125,0.9928789502577807,0.9940692482205823
hm-m05-g2-L5p3-n2-beta1__N0080__Aplus_0p01,hm-m05-g2-L5p3-n2-beta1__N0080__Aminus_0p01,hm-m05-g2-L5p3-n2-beta1,80,0.01,51,3.37875,0.9934526485599271,0.9945467227040357
hm-m05-g2-L5p3-n2-beta1__N0080__Aplus_0p01,hm-m05-g2-L5p3-n2-beta1__N0080__Aminus_0p01,hm-m05-g2-L5p3-n2-beta1,80,0.01,52,3.4450000000000003,0.9940664583139741,0.9950575477324661
hm-m05-g2-L5p3-n2-beta1__N0080__Aplus_0p01,hm-m05-g2-L5p3-n2-beta1__N0080__Aminus_0p01,hm-m05-g2-L5p3-n2-beta1,80,0.01,53,3.51125,0.9947166471755416,0.9955986108742448
hm-m05-g2-L5p3-n2-beta1__N0080__Aplus_0p01,hm-m05-g2-L5p3-n2-beta1__N0080__Aminus_0p01,hm-m05-g2-L5p3-n2-beta1,80,0.01,54,3.5775,0.9953992559350856,0.9961666114600884
hm-m05-g2-L5p3-n2-beta1__N0080__Aplus_0p01,hm-m05-g2-L5p3-n2-beta1__N0080__Aminus_0p01,hm-m05-g2-L5p3-n2-beta1,80,0.01,55,3.6437500000000003,0.9961101217112946,0.9967580800679283
hm-m05-g2-L5p3-n2-beta1__N0080__Aplus_0p01,hm-m05-g2-L5p3-n2-beta1__N0080__Aminus_0p01,hm-m05-g2-L5p3-n2-beta1,80,0.01,56,3.71,0.9968449024929595,0.9973693991128431
hm-m05-g2-L5p3-n2-beta1__N0080__Aplus_0p01,hm-m05-g2-L5p3-n2-beta1__N0080__Aminus_0p01,hm-m05-g2-L5p3-n2-beta1,80,0.01,57,3.77625,0.9975991029056874,0.9979968244348174
hm-m05-g2-L5p3-n2-beta1__N0080__Aplus_0p01,hm-m05-g2-L5p3-n2-beta1__N0080__Aminus_0p01,hm-m05-g2-L5p3-n2-beta1,80,0.01,58,3.8425000000000002,0.9983681010693467,0.9986365077689404
hm-m05-g2-L5p3-n2-beta1__N0080__Aplus_0p01,hm-m05-g2-L5p3-n2-beta1__N0080__Aminus_0p01,hm-m05-g2-L5p3-n2-beta1,80,0.01,59,3.9087500000000004,0.9991471764018587,0.9992845199747571
hm-m05-g2-L5p3-n2-beta1__N0080__Aplus_0p01,hm-m05-g2-L5p3-n2-beta1__N0080__Aminus_0p01,hm-m05-g2-L5p3-n2-beta1,80,0.01,60,3.975,0.9999315382150473,0.9999368748939724
hm-m05-g2-L5p3-n2-beta1__N0080__Aplus_0p01,hm-m05-g2-L5p3-n2-beta1__N0080__Aminus_0p01,hm-m05-g2-L5p3-n2-beta1,80,0.01,61,4.04125,1.000716354938878,1.0005895536986866
hm-m05-g2-L5p3-n2-beta1__N0080__Aplus_0p01,hm-m05-g2-L5p3-n2-beta1__N0080__Aminus_0p01,hm-m05-g2-L5p3-n2-beta1,80,0.01,62,4.1075,1.0014967838017228,1.0012385295859232
hm-m05-g2-L5p3-n2-beta1__N0080__Aplus_0p01,hm-m05-g2-L5p3-n2-beta1__N0080__Aminus_0p01,hm-m05-g2-L5p3-n2-beta1,80,0.01,63,4.17375,1.0022680007864646,1.0018797926685232
hm-m05-g2-L5p3-n2-beta1__N0080__Aplus_0p01,hm-m05-g2-L5p3-n2-beta1__N0080__Aminus_0p01,hm-m05-g2-L5p3-n2-beta1,80,0.01,64,4.24,1.003025230675457,1.0025093749076484
hm-m05-g2-L5p3-n2-beta1__N0080__Aplus_0p01,hm-m05-g2-L5p3-n2-beta1__N0080__Aminus_0p01,hm-m05-g2-L5p3-n2-beta1,80,0.01,65,4.30625,1.0037637769917636,1.0031233749282655
hm-m05-g2-L5p3-n2-beta1__N0080__Aplus_0p01,hm-m05-g2-L5p3-n2-beta1__N0080__Aminus_0p01,hm-m05-g2-L5p3-n2-beta1,80,0.01,66,4.3725000000000005,1.0044790516398738,1.0037179825562133
hm-m05-g2-L5p3-n2-beta1__N0080__Aplus_0p01,hm-m05-g2-L5p3-n2-beta1__N0080__Aminus_0p01,hm-m05-g2-L5p3-n2-beta1,80,0.01,67,4.438750000000001,1.005166604046362,1.0042895029138488
hm-m05-g2-L5p3-n2-beta1__N0080__Aplus_0p01,hm-m05-g2-L5p3-n2-beta1__N0080__Aminus_0p01,hm-m05-g2-L5p3-n2-beta1,80,0.01,68,4.505,1.0058221495998776,1.0048343799109778
hm-m05-g2-L5p3-n2-beta1__N0080__Aplus_0p01,hm-m05-g2-L5p3-n2-beta1__N0080__Aminus_0p01,hm-m05-g2-L5p3-n2-beta1,80,0.01,69,4.57125,1.0064415971905136,1.0053492189688071
hm-m05-g2-L5p3-n2-beta1__N0080__Aplus_0p01,hm-m05-g2-L5p3-n2-beta1__N0080__Aminus_0p01,hm-m05-g2-L5p3-n2-beta1,80,0.01,70,4.6375,1.00702107565111,1.0058308088171541
hm-m05-g2-L5p3-n2-beta1__N0080__Aplus_0p01,hm-m05-g2-L5p3-n2-beta1__N0080__Aminus_0p01,hm-m05-g2-L5p3-n2-beta1,80,0.01,71,4.70375,1.007556958907438,1.0062761422090805
hm-m05-g2-L5p3-n2-beta1__N0080__Aplus_0p01,hm-m05-g2-L5p3-n2-beta1__N0080__Aminus_0p01,hm-m05-g2-L5p3-n2-beta1,80,0.01,72,4.7700000000000005,1.0080458896505522,1.0066824354025636
hm-m05-g2-L5p3-n2-beta1__N0080__Aplus_0p01,hm-m05-g2-L5p3-n2-beta1__N0080__Aminus_0p01,hm-m05-g2-L5p3-n2-beta1,80,0.01,73,4.836250000000001,1.0084848013528613,1.0070471462657489
hm-m05-g2-L5p3-n2-beta1__N0080__Aplus_0p01,hm-m05-g2-L5p3-n2-beta1__N0080__Aminus_0p01,hm-m05-g2-L5p3-n2-beta1,80,0.01,74,4.9025,1.0088709384596348,1.0073679908707185
hm-m05-g2-L5p3-n2-beta1__N0080__Aplus_0p01,hm-m05-g2-L5p3-n2-beta1__N0080__Aminus_0p01,hm-m05-g2-L5p3-n2-beta1,80,0.01,75,4.96875,1.009201874599686,1.0076429584505477
hm-m05-g2-L5p3-n2-beta1__N0080__Aplus_0p01,hm-m05-g2-L5p3-n2-beta1__N0080__Aminus_0p01,hm-m05-g2-L5p3-n2-beta1,80,0.01,76,5.035,1.009475528672735,1.0078703246055754
hm-m05-g2-L5p3-n2-beta1__N0080__Aplus_0p01,hm-m05-g2-L5p3-n2-beta1__N0080__Aminus_0p01,hm-m05-g2-L5p3-n2-beta1,80,0.01,77,5.10125,1.0096901786863597,1.0080486626572602
hm-m05-g2-L5p3-n2-beta1__N0080__Aplus_0p01,hm-m05-g2-L5p3-n2-beta1__N0080__Aminus_0p01,hm-m05-g2-L5p3-n2-beta1,80,0.01,78,5.1675,1.0098444732323135,1.0081768530615576
hm-m05-g2-L5p3-n2-beta1__N0080__Aplus_0p01,hm-m05-g2-L5p3-n2-beta1__N0080__Aminus_0p01,hm-m05-g2-L5p3-n2-beta1,80,0.01,79,5.233750000000001,1.00993744051017,1.0082540908083217
hm-m05-g2-L5p3-n2-beta1__N0080__Aplus_0p01,hm-m05-g2-L5p3-n2-beta1__N0080__Aminus_0p01,hm-m05-g2-L5p3-n2-beta1,80,0.01,80,5.3,1.0099684948255296,1.008279890748669
hm-m05-g2-L5p3-n2-beta1__N0080__Aplus_0p02,hm-m05-g2-L5p3-n2-beta1__N0080__Aminus_0p02,hm-m05-g2-L5p3-n2-beta1,80,0.02,0,0.0,1.019874006265819,1.016484174129411
hm-m05-g2-L5p3-n2-beta1__N0080__Aplus_0p02,hm-m05-g2-L5p3-n2-beta1__N0080__Aminus_0p02,hm-m05-g2-L5p3-n2-beta1,80,0.02,1,0.06625,1.0198114411689962,1.016432254121593
hm-m05-g2-L5p3-n2-beta1__N0080__Aplus_0p02,hm-m05-g2-L5p3-n2-beta1__N0080__Aminus_0p02,hm-m05-g2-L5p3-n2-beta1,80,0.02,2,0.1325,1.0196241484902833,1.0162768263199282
hm-m05-g2-L5p3-n2-beta1__N0080__Aplus_0p02,hm-m05-g2-L5p3-n2-beta1__N0080__Aminus_0p02,hm-m05-g2-L5p3-n2-beta1,80,0.02,3,0.19875,1.0193133331648618,1.0160188850382297
hm-m05-g2-L5p3-n2-beta1__N0080__Aplus_0p02,hm-m05-g2-L5p3-n2-beta1__N0080__Aminus_0p02,hm-m05-g2-L5p3-n2-beta1,80,0.02,4,0.265,1.0188809937793835,1.0156600796499098
hm-m05-g2-L5p3-n2-beta1__N0080__Aplus_0p02,hm-m05-g2-L5p3-n2-beta1__N0080__Aminus_0p02,hm-m05-g2-L5p3-n2-beta1,80,0.02,5,0.33125000000000004,1.018329908212563,1.0152027029410642
hm-m05-g2-L5p3-n2-beta1__N0080__Aplus_0p02,hm-m05-g2-L5p3-n2-beta1__N0080__Aminus_0p02,hm-m05-g2-L5p3-n2-beta1,80,0.02,6,0.3975,1.017663613727595,1.0146496749585552
hm-m05-g2-L5p3-n2-beta1__N0080__Aplus_0p02,hm-m05-g2-L5p3-n2-beta1__N0080__Aminus_0p02,hm-m05-g2-L5p3-n2-beta1,80,0.02,7,0.46375,1.016886381708364,1.0140045225040273
hm-m05-g2-L5p3-n2-beta1__N0080__Aplus_0p02,hm-m05-g2-L5p3-n2-beta1__N0080__Aminus_0p02,hm-m05-g2-L5p3-n2-beta1,80,0.02,8,0.53,1.0160031872811945,1.0132713544639418
hm-m05-g2-L5p3-n2-beta1__N0080__Aplus_0p02,hm-m05-g2-L5p3-n2-beta1__N0080__Aminus_0p02,hm-m05-g2-L5p3-n2-beta1,80,0.02,9,0.5962500000000001,1.0150196741100126,1.0124548332020071
hm-m05-g2-L5p3-n2-beta1__N0080__Aplus_0p02,hm-m05-g2-L5p3-n2-beta1__N0080__Aminus_0p02,hm-m05-g2-L5p3-n2-beta1,80,0.02,10,0.6625000000000001,1.0139421146946057,1.0115601422733378
hm-m05-g2-L5p3-n2-beta1__N0080__Aplus_0p02,hm-m05-g2-L5p3-n2-beta1__N0080__Aminus_0p02,hm-m05-g2-L5p3-n2-beta1,80,0.02,11,0.72875,1.0127773665386288,1.0105929507488471
hm-m05-g2-L5p3-n2-beta1__N0080__Aplus_0p02,hm-m05-g2-L5p3-n2-beta1__N0080__Aminus_0p02,hm-m05-g2-L5p3-n2-beta1,80,0.02,12,0.795,1.0115328245856396,1.0095593744634532
hm-m05-g2-L5p3-n2-beta1__N0080__Aplus_0p02,hm-m05-g2-L5p3-n2-beta1__N0080__Aminus_0p02,hm-m05-g2-L5p3-n2-beta1,80,0.02,13,0.8612500000000001,1.0102163703474316,1.0084659345223892
hm-m05-g2-L5p3-n2-beta1__N0080__Aplus_0p02,hm-m05-g2-L5p3-n2-beta1__N0080__Aminus_0p02,hm-m05-g2-L5p3-n2-beta1,80,0.02,14,0.9275,1.0088363181690134,1.0073195134161206
hm-m05-g2-L5p3-n2-beta1__N0080__Aplus_0p02,hm-m05-g2-L5p3-n2-beta1__N0080__Aminus_0p02,hm-m05-g2-L5p3-n2-beta1,80,0.02,15,0.99375,1.0074013590886841,1.0061273091060006
hm-m05-g2-L5p3-n2-beta1__N0080__Aplus_0p02,hm-m05-g2-L5p3-n2-beta1__N0080__Aminus_0p02,hm-m05-g2-L5p3-n2-beta1,80,0.02,16,1.06,1.0059205027597455,1.0048967874498989
hm-m05-g2-L5p3-n2-beta1__N0080__Aplus_0p02,hm-m05-g2-L5p3-n2-beta1__N0080__Aminus_0p02,hm-m05-g2-L5p3-n2-beta1,80,0.02,17,1.12625,1.004403017902644,1.0036356333397083
hm-m05-g2-L5p3-n2-beta1__N0080__Aplus_0p02,hm-m05-g2-L5p3-n2-beta1__N0080__Aminus_0p02,hm-m05-g2-L5p3-n2-beta1,80,0.02,18,1.1925000000000001,1.002858371752951,1.0023517009210936
hm-m05-g2-L5p3-n2-beta1__N0080__Aplus_0p02,hm-m05-g2-L5p3-n2-beta1__N0080__Aminus_0p02,hm-m05-g2-L5p3-n2-beta1,80,0.02,19,1.25875,1.001296168961933,1.0010529632603495
hm-m05-g2-L5p3-n2-beta1__N0080__Aplus_0p02,hm-m05-g2-L5p3-n2-beta1__N0080__Aminus_0p02,hm-m05-g2-L5p3-n2-beta1,80,0.02,20,1.3250000000000002,0.9997260903929552,0.9997474618141348
hm-m05-g2-L5p3-n2-beta1__N0080__Aplus_0p02,hm-m05-g2-L5p3-n2-beta1__N0080__Aminus_0p02,hm-m05-g2-L5p3-n2-beta1,80,0.02,21,1.39125,0.9981578322391196,0.9984432560455121
hm-m05-g2-L5p3-n2-beta1__N0080__Aplus_0p02,hm-m05-g2-L5p3-n2-beta1__N0080__Aminus_0p02,hm-m05-g2-L5p3-n2-beta1,80,0.02,22,1.4575,0.9966010458659328,0.997148373514609
hm-m05-g2-L5p3-n2-beta1__N0080__Aplus_0p02,hm-m05-g2-L5p3-n2-beta1__N0080__Aminus_0p02,hm-m05-g2-L5p3-n2-beta1,80,0.02,23,1.5237500000000002,0.9950652787580675,0.9958707607547402
hm-m05-g2-L5p3-n2-beta1__N0080__Aplus_0p02,hm-m05-g2-L5p3-n2-beta1__N0080__Aminus_0p02,hm-m05-g2-L5p3-n2-beta1,80,0.02,24,1.59,0.9935599169220578,0.9946182352255081
hm-m05-g2-L5p3-n2-beta1__N0080__Aplus_0p02,hm-m05-g2-L5p3-n2-beta1__N0080__Aminus_0p02,hm-m05-g2-L5p3-n2-beta1,80,0.02,25,1.65625,0.99209412906776,0.9933984386136699
hm-m05-g2-L5p3-n2-beta1__N0080__Aplus_0p02,hm-m05-g2-L5p3-n2-beta1__N0080__Aminus_0p02,hm-m05-g2-L5p3-n2-beta1,80,0.02,26,1.7225000000000001,0.9906768128612512,0.9922187917309123
hm-m05-g2-L5p3-n2-beta1__N0080__Aplus_0p02,hm-m05-g2-L5p3-n2-beta1__N0080__Aminus_0p02,hm-m05-g2-L5p3-n2-beta1,80,0.02,27,1.78875,0.9893165435112125,0.9910864512355448
hm-m05-g2-L5p3-n2-beta1__N0080__Aplus_0p02,hm-m05-g2-L5p3-n2-beta1__N0080__Aminus_0p02,hm-m05-g2-L5p3-n2-beta1,80,0.02,28,1.855,0.9880215249203502,0.9900082683829421
hm-m05-g2-L5p3-n2-beta1__N0080__Aplus_0p02,hm-m05-g2-L5p3-n2-beta1__N0080__Aminus_0p02,hm-m05-g2-L5p3-n2-beta1,80,0.02,29,1.9212500000000001,0.9867995436036404,0.9889907499876951
hm-m05-g2-L5p3-n2-beta1__N0080__Aplus_0p02,hm-m05-g2-L5p3-n2-beta1__N0080__Aminus_0p02,hm-m05-g2-L5p3-n2-beta1,80,0.02,30,1.9875,0.9856579255466258,0.988040021759236
hm-m05-g2-L5p3-n2-beta1__N0080__Aplus_0p02,hm-m05-g2-L5p3-n2-beta1__N0080__Aminus_0p02,hm-m05-g2-L5p3-n2-beta1,80,0.02,31,2.05375,0.984603496150131,0.9871617941524424
hm-m05-g2-L5p3-n2-beta1__N0080__Aplus_0p02,hm-m05-g2-L5p3-n2-beta1__N0080__Aminus_0p02,hm-m05-g2-L5p3-n2-beta1,80,0.02,32,2.12,0.9836425433829131,0.9863613308556576
hm-m05-g2-L5p3-n2-beta1__N0080__Aplus_0p02,hm-m05-g2-L5p3-n2-beta1__N0080__Aminus_0p02,hm-m05-g2-L5p3-n2-beta1,80,0.02,33,2.1862500000000002,0.9827807842412507,0.9856434200208529
hm-m05-g2-L5p3-n2-beta1__N0080__Aplus_0p02,hm-m05-g2-L5p3-n2-beta1__N0080__Aminus_0p02,hm-m05-g2-L5p3-n2-beta1,80,0.02,34,2.2525,0.9820233345944553,0.9850123483244279
hm-m05-g2-L5p3-n2-beta1__N0080__Aplus_0p02,hm-m05-g2-L5p3-n2-beta1__N0080__Aminus_0p02,hm-m05-g2-L5p3-n2-beta1,80,0.02,35,2.31875,0.9813746824778904,0.9844718779324554
hm-m05-g2-L5p3-n2-beta1__N0080__Aplus_0p02,hm-m05-g2-L5p3-n2-beta1__N0080__Aminus_0p02,hm-m05-g2-L5p3-n2-beta1,80,0.02,36,2.3850000000000002,0.9808386648802931,0.984025226431048
hm-m05-g2-L5p3-n2-beta1__N0080__Aplus_0p02,hm-m05-g2-L5p3-n2-beta1__N0080__Aminus_0p02,hm-m05-g2-L5p3-n2-beta1,80,0.02,37,2.45125,0.9804184480599628,0.9836750497708883
hm-m05-g2-L5p3-n2-beta1__N0080__Aplus_0p02,hm-m05-g2-L5p3-n2-beta1__N0080__Aminus_0p02,hm-m05-g2-L5p3-n2-beta1,80,0.02,38,2.5175,0.9801165114145302,0.9834234282647552
hm-m05-g2-L5p3-n2-beta1__N0080__Aplus_0p02,hm-m05-g2-L5p3-n2-beta1__N0080__Aminus_0p02,hm-m05-g2-L5p3-n2-beta1,80,0.02,39,2.58375,0.9799346349213335,0.9832718556679337
hm-m05-g2-L5p3-n2-beta1__N0080__Aplus_0p02,hm-m05-g2-L5p3-n2-beta1__N0080__Aminus_0p02,hm-m05-g2-L5p3-n2-beta1,80,0.02,40,2.6500000000000004,0.9798738901596025,0.9832212313635519
hm-m05-g2-L5p3-n2-beta1__N0080__Aplus_0p02,hm-m05-g2-L5p3-n2-beta1__N0080__Aminus_0p02,hm-m05-g2-L5p3-n2-beta1,80,0.02,41,2.71625,0.9799346349213333,0.9832718556679332
hm-m05-g2-L5p3-n2-beta1__N0080__Aplus_0p02,hm-m05-g2-L5p3-n2-beta1__N0080__Aminus_0p02,hm-m05-g2-L5p3-n2-beta1,80,0.02,42,2.7825,0.9801165114145297,0.9834234282647538
hm-m05-g2-L5p3-n2-beta1__N0080__Aplus_0p02,hm-m05-g2-L5p3-n2-beta1__N0080__Aminus_0p02,hm-m05-g2-L5p3-n2-beta1,80,0.02,43,2.8487500000000003,0.9804184480599621,0.9836750497708862
hm-m05-g2-L5p3-n2-beta1__N0080__Aplus_0p02,hm-m05-g2-L5p3-n2-beta1__N0080__Aminus_0p02,hm-m05-g2-L5p3-n2-beta1,80,0.02,44,2.915,0.9808386648802923,0.9840252264310453
hm-m05-g2-L5p3-n2-beta1__N0080__Aplus_0p02,hm-m05-g2-L5p3-n2-beta1__N0080__Aminus_0p02,hm-m05-g2-L5p3-n2-beta1,80,0.02,45,2.98125,0.9813746824778893,0.9844718779324518
hm-m05-g2-L5p3-n2-beta1__N0080__Aplus_0p02,hm-m05-g2-L5p3-n2-beta1__N0080__Aminus_0p02,hm-m05-g2-L5p3-n2-beta1,80,0.02,46,3.0475000000000003,0.9820233345944539,0.9850123483244235
hm-m05-g2-L5p3-n2-beta1__N0080__Aplus_0p02,hm-m05-g2-L5p3-n2-beta1__N0080__Aminus_0p02,hm-m05-g2-L5p3-n2-beta1,80,0.02,47,3.11375,0.982780784241249,0.9856434200208478
hm-m05-g2-L5p3-n2-beta1__N0080__Aplus_0p02,hm-m05-g2-L5p3-n2-beta1__N0080__Aminus_0p02,hm-m05-g2-L5p3-n2-beta1,80,0.02,48,3.18,0.9836425433829112,0.9863613308556519
hm-m05-g2-L5p3-n2-beta1__N0080__Aplus_0p02,hm-m05-g2-L5p3-n2-beta1__N0080__Aminus_0p02,hm-m05-g2-L5p3-n2-beta1,80,0.02,49,3.2462500000000003,0.9846034961501288,0.987161794152436
hm-m05-g2-L5p3-n2-beta1__N0080__Aplus_0p02,hm-m05-g2-L5p3-n2-beta1__N0080__Aminus_0p02,hm-m05-g2-L5p3-n2-beta1,80,0.02,50,3.3125,0.9856579255466232,0.9880400217592288
hm-m05-g2-L5p3-n2-beta1__N0080__Aplus_0p02,hm-m05-g2-L5p3-n2-beta1__N0080__Aminus_0p02,hm-m05-g2-L5p3-n2-beta1,80,0.02,51,3.37875,0.9867995436036374,0.988990749987687
hm-m05-g2-L5p3-n2-beta1__N0080__Aplus_0p02,hm-m05-g2-L5p3-n2-beta1__N0080__Aminus_0p02,hm-m05-g2-L5p3-n2-beta1,80,0.02,52,3.4450000000000003,0.9880215249203469,0.9900082683829334
hm-m05-g2-L5p3-n2-beta1__N0080__Aplus_0p02,hm-m05-g2-L5p3-n2-beta1__N0080__Aminus_0p02,hm-m05-g2-L5p3-n2-beta1,80,0.02,53,3.51125,0.9893165435112086,0.9910864512355357
hm-m05-g2-L5p3-n2-beta1__N0080__Aplus_0p02,hm-m05-g2-L5p3-n2-beta1__N0080__Aminus_0p02,hm-m05-g2-L5p3-n2-beta1,80,0.02,54,3.5775,0.990676812861247,0.9922187917309025
hm-m05-g2-L5p3-n2-beta1__N0080__Aplus_0p02,hm-m05-g2-L5p3-n2-beta1__N0080__Aminus_0p02,hm-m05-g2-L5p3-n2-beta1,80,0.02,55,3.6437500000000003,0.9920941290677552,0.9933984386136594
hm-m05-g2-L5p3-n2-beta1__N0080__Aplus_0p02,hm-m05-g2-L5p3-n2-beta1__N0080__Aminus_0p02,hm-m05-g2-L5p3-n2-beta1,80,0.02,56,3.71,0.9935599169220525,0.9946182352254967
hm-m05-g2-L5p3-n2-beta1__N0080__Aplus_0p02,hm-m05-g2-L5p3-n2-beta1__N0080__Aminus_0p02,hm-m05-g2-L5p3-n2-beta1,80,0.02,57,3.77625,0.9950652787580616,0.9958707607547285
hm-m05-g2-L5p3-n2-beta1__N0080__Aplus_0p02,hm-m05-g2-L5p3-n2-beta1__N0080__Aminus_0p02,hm-m05-g2-L5p3-n2-beta1,80,0.02,58,3.8425000000000002,0.9966010458659263,0.9971483735145968
hm-m05-g2-L5p3-n2-beta1__N0080__Aplus_0p02,hm-m05-g2-L5p3-n2-beta1__N0080__Aminus_0p02,hm-m05-g2-L5p3-n2-beta1,80,0.02,59,3.9087500000000004,0.9981578322391124,0.9984432560454993
hm-m05-g2-L5p3-n2-beta1__N0080__Aplus_0p02,hm-m05-g2-L5p3-n2-beta1__N0080__Aminus_0p02,hm-m05-g2-L5p3-n2-beta1,80,0.02,60,3.975,0.9997260903929476,0.9997474618141214
hm-m05-g2-L5p3-n2-beta1__N0080__Aplus_0p02,hm-m05-g2-L5p3-n2-beta1__N0080__Aminus_0p02,hm-m05-g2-L5p3-n2-beta1,80,0.02,61,4.04125,1.0012961689619246,1.0010529632603358
hm-m05-g2-L5p3-n2-beta1__N0080__Aplus_0p02,hm-m05-g2-L5p3-n2-beta1__N0080__Aminus_0p02,hm-m05-g2-L5p3-n2-beta1,80,0.02,62,4.1075,1.0028583717529422,1.0023517009210794
hm-m05-g2-L5p3-n2-beta1__N0080__Aplus_0p02,hm-m05-g2-L5p3-n2-beta1__N0080__Aminus_0p02,hm-m05-g2-L5p3-n2-beta1,80,0.02,63,4.17375,1.0044030179026346,1.0036356333396936
hm-m05-g2-L5p3-n2-beta1__N0080__Aplus_0p02,hm-m05-g2-L5p3-n2-beta1__N0080__Aminus_0p02,hm-m05-g2-L5p3-n2-beta1,80,0.02,64,4.24,1.0059205027597355,1.004896787449884
hm-m05-g2-L5p3-n2-beta1__N0080__Aplus_0p02,hm-m05-g2-L5p3-n2-beta1__N0080__Aminus_0p02,hm-m05-g2-L5p3-n2-beta1,80,0.02,65,4.30625,1.0074013590886737,1.0061273091059852
hm-m05-g2-L5p3-n2-beta1__N0080__Aplus_0p02,hm-m05-g2-L5p3-n2-beta1__N0080__Aminus_0p02,hm-m05-g2-L5p3-n2-beta1,80,0.02,66,4.3725000000000005,1.0088363181690023,1.007319513416105
hm-m05-g2-L5p3-n2-beta1__N0080__Aplus_0p02,hm-m05-g2-L5p3-n2-beta1__N0080__Aminus_0p02,hm-m05-g2-L5p3-n2-beta1,80,0.02,67,4.438750000000001,1.0102163703474198,1.0084659345223734
hm-m05-g2-L5p3-n2-beta1__N0080__Aplus_0p02,hm-m05-g2-L5p3-n2-beta1__N0080__Aminus_0p02,hm-m05-g2-L5p3-n2-beta1,80,0.02,68,4.505,1.0115328245856274,1.009559374463437
hm-m05-g2-L5p3-n2-beta1__N0080__Aplus_0p02,hm-m05-g2-L5p3-n2-beta1__N0080__Aminus_0p02,hm-m05-g2-L5p3-n2-beta1,80,0.02,69,4.57125,1.012777366538616,1.0105929507488305
hm-m05-g2-L5p3-n2-beta1__N0080__Aplus_0p02,hm-m05-g2-L5p3-n2-beta1__N0080__Aminus_0p02,hm-m05-g2-L5p3-n2-beta1,80,0.02,70,4.6375,1.0139421146945924,1.0115601422733207
hm-m05-g2-L5p3-n2-beta1__N0080__Aplus_0p02,hm-m05-g2-L5p3-n2-beta1__N0080__Aminus_0p02,hm-m05-g2-L5p3-n2-beta1,80,0.02,71,4.70375,1.0150196741099988,1.0124548332019898
hm-m05-g2-L5p3-n2-beta1__N0080__Aplus_0p02,hm-m05-g2-L5p3-n2-beta1__N0080__Aminus_0p02,hm-m05-g2-L5p3-n2-beta1,80,0.02,72,4.7700000000000005,1.0160031872811803,1.0132713544639242
hm-m05-g2-L5p3-n2-beta1__N0080__Aplus_0p02,hm-m05-g2-L5p3-n2-beta1__N0080__Aminus_0p02,hm-m05-g2-L5p3-n2-beta1,80,0.02,73,4.836250000000001,1.0168863817083496,1.0140045225040097
hm-m05-g2-L5p3-n2-beta1__N0080__Aplus_0p02,hm-m05-g2-L5p3-n2-beta1__N0080__Aminus_0p02,hm-m05-g2-L5p3-n2-beta1,80,0.02,74,4.9025,1.01766361372758,1.0146496749585374
hm-m05-g2-L5p3-n2-beta1__N0080__Aplus_0p02,hm-m05-g2-L5p3-n2-beta1__N0080__Aminus_0p02,hm-m05-g2-L5p3-n2-beta1,80,0.02,75,4.96875,1.0183299082125479,1.0152027029410464
hm-m05-g2-L5p3-n2-beta1__N0080__Aplus_0p02,hm-m05-g2-L5p3-n2-beta1__N0080__Aminus_0p02,hm-m05-g2-L5p3-n2-beta1,80,0.02,76,5.035,1.0188809937793681,1.0156600796498918
hm-m05-g2-L5p3-n2-beta1__N0080__Aplus_0p02,hm-m05-g2-L5p3-n2-beta1__N0080__Aminus_0p02,hm-m05-g2-L5p3-n2-beta1,80,0.02,77,5.10125,1.0193133331648463,1.0160188850382117
hm-m05-g2-L5p3-n2-beta1__N0080__Aplus_0p02,hm-m05-g2-L5p3-n2-beta1__N0080__Aminus_0p02,hm-m05-g2-L5p3-n2-beta1,80,0.02,78,5.1675,1.0196241484902675,1.0162768263199105
hm-m05-g2-L5p3-n2-beta1__N0080__Aplus_0p02,hm-m05-g2-L5p3-n2-beta1__N0080__Aminus_0p02,hm-m05-g2-L5p3-n2-beta1,80,0.02,79,5.233750000000001,1.0198114411689805,1.0164322541215751
hm-m05-g2-L5p3-n2-beta1__N0080__Aplus_0p02,hm-m05-g2-L5p3-n2-beta1__N0080__Aminus_0p02,hm-m05-g2-L5p3-n2-beta1,80,0.02,80,5.3,1.0198740062658032,1.016484174129393
