state_id,reflection_partner_id,case,mesh,requested_amplitude,node,x,u,v
xover-m05-g2-L5p3-n2-beta3__N0040__Aminus_0p02,xover-m05-g2-L5p3-n2-beta3__N0040__Aplus_0p02,xover-m05-g2-L5p3-n2-beta3,40,-0.02,0,0.0,0.9796137563456154,0.9831261086097245
xover-m05-g2-L5p3-n2-beta3__N0040__Aminus_0p02,xover-m05-g2-L5p3-n2-beta3__N0040__Aplus_0p02,xover-m05-g2-L5p3-n2-beta3,40,-0.02,1,0.1325,0.9798689937813455,0.9833322452926612
xover-m05-g2-L5p3-n2-beta3__N0040__Aminus_0p02,xover-m05-g2-L5p3-n2-beta3__N0040__Aplus_0p02,xover-m05-g2-L5p3-n2-beta3,40,-0.02,2,0.265,0.9806277619342847,0.9839454938624413
xover-m05-g2-L5p3-n2-beta3__N0040__Aminus_0p02,xover-m05-g2-L5p3-n2-beta3__N0040__Aplus_0p02,xover-m05-g2-L5p3-n2-beta3,40,-0.02,3,0.3975,0.9818694636912924,0.9849505046450894
xover-m05-g2-L5p3-n2-beta3__N0040__Aminus_0p02,xover-m05-g2-L5p3-n2-beta3__N0040__Aplus_0p02,xover-m05-g2-L5p3-n2-beta3,40,-0.02,4,0.53,0.9835605430174624,0.9863221401546882
xover-m05-g2-L5p3-n2-beta3__N0040__Aminus_0p02,xover-m05-g2-L5p3-n2-beta3__N0040__Aplus_0p02,xover-m05-g2-L5p3-n2-beta3,40,-0.02,5,0.6625000000000001,0.9856556025140978,0.9880261294932386
xover-m05-g2-L5p3-n2-beta3__N0040__Aminus_0p02,xover-m05-g2-L5p3-n2-beta3__N0040__Aplus_0p02,xover-m05-g2-L5p3-n2-beta3,40,-0.02,6,0.795,0.9880988887188937,0.9900199578198942
xover-m05-g2-L5p3-n2-beta3__N0040__Aminus_0p02,xover-m05-g2-L5p3-n2-beta3__N0040__Aplus_0p02,xover-m05-g2-L5p3-n2-beta3,40,-0.02,7,0.9275,0.9908260727871967,0.9922539651959625
xover-m05-g2-L5p3-n2-beta3__N0040__Aminus_0p02,xover-m05-g2-L5p3-n2-beta3__N0040__Aplus_0p02,xover-m05-g2-L5p3-n2-beta3,40,-0.02,8,1.06,0.9937662428137036,0.9946726232172506
xover-m05-g2-L5p3-n2-beta3__N0040__Aminus_0p02,xover-m05-g2-L5p3-n2-beta3__N0040__Aplus_0p02,xover-m05-g2-L5p3-n2-beta3,40,-0.02,9,1.1925000000000001,0.9968440186224757,0.9972159530479892
xover-m05-g2-L5p3-n2-beta3__N0040__Aminus_0p02,xover-m05-g2-L5p3-n2-beta3__N0040__Aplus_0p02,xover-m05-g2-L5p3-n2-beta3,40,-0.02,10,1.3250000000000002,0.999981700596352,0.9998210449864596
xover-m05-g2-L5p3-n2-beta3__N0040__Aminus_0p02,xover-m05-g2-L5p3-n2-beta3__N0040__Aplus_0p02,xover-m05-g2-L5p3-n2-beta3,40,-0.02,11,1.4575,1.0031013706994378,1.0024236376779052
xover-m05-g2-L5p3-n2-beta3__N0040__Aminus_0p02,xover-m05-g2-L5p3-n2-beta3__N0040__Aplus_0p02,xover-m05-g2-L5p3-n2-beta3,40,-0.02,12,1.59,1.0061268753896662,1.0049597146148554
xover-m05-g2-L5p3-n2-beta3__N0040__Aminus_0p02,xover-m05-g2-L5p3-n2-beta3__N0040__Aplus_0p02,xover-m05-g2-L5p3-n2-beta3,40,-0.02,13,1.7225000000000001,1.0089856352886204,1.007367076592311
xover-m05-g2-L5p3-n2-beta3__N0040__Aminus_0p02,xover-m05-g2-L5p3-n2-beta3__N0040__Aplus_0p02,xover-m05-g2-L5p3-n2-beta3,40,-0.02,14,1.855,1.0116102436332062,1.0095868511686745
xover-m05-g2-L5p3-n2-beta3__N0040__Aminus_0p02,xover-m05-g2-L5p3-n2-beta3__N0040__Aplus_0p02,xover-m05-g2-L5p3-n2-beta3,40,-0.02,15,1.9875,1.0139398329228897,1.0115649036781722
xover-m05-g2-L5p3-n2-beta3__N0040__Aminus_0p02,xover-m05-g2-L5p3-n2-beta3__N0040__Aplus_0p02,xover-m05-g2-L5p3-n2-beta3,40,-0.02,16,2.12,1.0159212051265731,1.013253118632441
xover-m05-g2-L5p3-n2-beta3__N0040__Aminus_0p02,xover-m05-g2-L5p3-n2-beta3__N0040__Aplus_0p02,xover-m05-g2-L5p3-n2-beta3,40,-0.02,17,2.2525,1.0175097339201702,1.0146105250936532
xover-m05-g2-L5p3-n2-beta3__N0040__Aminus_0p02,xover-m05-g2-L5p3-n2-beta3__N0040__Aplus_0p02,xover-m05-g2-L5p3-n2-beta3,40,-0.02,18,2.3850000000000002,1.0186700566875913,1.0156042444693538
xover-m05-g2-L5p3-n2-beta3__N0040__Aminus_0p02,xover-m05-g2-L5p3-n2-beta3__N0040__Aplus_0p02,xover-m05-g2-L5p3-n2-beta3,40,-0.02,19,2.5175,1.01937657891313,1.0162102438966645
xover-m05-g2-L5p3-n2-beta3__N0040__Aminus_0p02,xover-m05-g2-L5p3-n2-beta3__N0040__Aplus_0p02,xover-m05-g2-L5p3-n2-beta3,40,-0.02,20,2.6500000000000004,1.01961381410023,1.0164138827654527
xover-m05-g2-L5p3-n2-beta3__N0040__Aminus_0p02,xover-m05-g2-L5p3-n2-beta3__N0040__Aplus_0p02,xover-m05-g2-L5p3-n2-beta3,40,-0.02,21,2.7825,1.0193765789131302,1.0162102438966647
xover-m05-g2-L5p3-n2-beta3__N0040__Aminus_0p02,xover-m05-g2-L5p3-n2-beta3__N0040__Aplus_0p02,xover-m05-g2-L5p3-n2-beta3,40,-0.02,22,2.915,1.0186700566875915,1.0156042444693543
xover-m05-g2-L5p3-n2-beta3__N0040__Aminus_0p02,xover-m05-g2-L5p3-n2-beta3__N0040__Aplus_0p02,xover-m05-g2-L5p3-n2-beta3,40,-0.02,23,3.0475000000000003,1.0175097339201706,1.014610525093654
xover-m05-g2-L5p3-n2-beta3__N0040__Aminus_0p02,xover-m05-g2-L5p3-n2-beta3__N0040__Aplus_0p02,xover-m05-g2-L5p3-n2-beta3,40,-0.02,24,3.18,1.0159212051265738,1.0132531186324414
xover-m05-g2-L5p3-n2-beta3__N0040__Aminus_0p02,xover-m05-g2-L5p3-n2-beta3__N0040__Aplus_0p02,xover-m05-g2-L5p3-n2-beta3,40,-0.02,25,3.3125,1.0139398329228904,1.0115649036781729
xover-m05-g2-L5p3-n2-beta3__N0040__Aminus_0p02,xover-m05-g2-L5p3-n2-beta3__N0040__Aplus_0p02,xover-m05-g2-L5p3-n2-beta3,40,-0.02,26,3.4450000000000003,1.011610243633207,1.0095868511686754
xover-m05-g2-L5p3-n2-beta3__N0040__Aminus_0p02,xover-m05-g2-L5p3-n2-beta3__N0040__Aplus_0p02,xover-m05-g2-L5p3-n2-beta3,40,-0.02,27,3.5775,1.0089856352886215,1.007367076592312
xover-m05-g2-L5p3-n2-beta3__N0040__Aminus_0p02,xover-m05-g2-L5p3-n2-beta3__N0040__Aplus_0p02,xover-m05-g2-L5p3-n2-beta3,40,-0.02,28,3.71,1.0061268753896673,1.0049597146148561
xover-m05-g2-L5p3-n2-beta3__N0040__Aminus_0p02,xover-m05-g2-L5p3-n2-beta3__N0040__Aplus_0p02,xover-m05-g2-L5p3-n2-beta3,40,-0.02,29,3.8425000000000002,1.0031013706994392,1.0024236376779057
xover-m05-g2-L5p3-n2-beta3__N0040__Aminus_0p02,xover-m05-g2-L5p3-n2-beta3__N0040__Aplus_0p02,xover-m05-g2-L5p3-n2-beta3,40,-0.02,30,3.975,0.9999817005963535,0.9998210449864601
xover-m05-g2-L5p3-n2-beta3__N0040__Aminus_0p02,xover-m05-g2-L5p3-n2-beta3__N0040__Aplus_0p02,xover-m05-g2-L5p3-n2-beta3,40,-0.02,31,4.1075,0.9968440186224771,0.9972159530479896
xover-m05-g2-L5p3-n2-beta3__N0040__Aminus_0p02,xover-m05-g2-L5p3-n2-beta3__N0040__Aplus_0p02,xover-m05-g2-L5p3-n2-beta3,40,-0.02,32,4.24,0.9937662428137048,0.9946726232172513
xover-m05-g2-L5p3-n2-beta3__N0040__Aminus_0p02,xover-m05-g2-L5p3-n2-beta3__N0040__Aplus_0p02,xover-m05-g2-L5p3-n2-beta3,40,-0.02,33,4.3725000000000005,0.9908260727871978,0.9922539651959634
xover-m05-g2-L5p3-n2-beta3__N0040__Aminus_0p02,xover-m05-g2-L5p3-n2-beta3__N0040__Aplus_0p02,xover-m05-g2-L5p3-n2-beta3,40,-0.02,34,4.505,0.9880988887188947,0.9900199578198949
xover-m05-g2-L5p3-n2-beta3__N0040__Aminus_0p02,xover-m05-g2-L5p3-n2-beta3__N0040__Aplus_0p02,xover-m05-g2-L5p3-n2-beta3,40,-0.02,35,4.6375,0.9856556025140986,0.9880261294932398
xover-m05-g2-L5p3-n2-beta3__N0040__Aminus_0p02,xover-m05-g2-L5p3-n2-beta3__N0040__Aplus_0p02,xover-m05-g2-L5p3-n2-beta3,40,-0.02,36,4.7700000000000005,0.9835605430174632,0.9863221401546896
xover-m05-g2-L5p3-n2-beta3__N0040__Aminus_0p02,xover-m05-g2-L5p3-n2-beta3__N0040__Aplus_0p02,xover-m05-g2-L5p3-n2-beta3,40,-0.02,37,4.9025,0.9818694636912929,0.984950504645091
xover-m05-g2-L5p3-n2-beta3__N0040__Aminus_0p02,xover-m05-g2-L5p3-n2-beta3__N0040__Aplus_0p02,xover-m05-g2-L5p3-n2-beta3,40,-0.02,38,5.035,0.9806277619342852,0.9839454938624431
xover-m05-g2-L5p3-n2-beta3__N0040__Aminus_0p02,xover-m05-g2-L5p3-n2-beta3__N0040__Aplus_0p02,xover-m05-g2-L5p3-n2-beta3,40,-0.02,39,5.1675,0.979868993781346,0.9833322452926628
xover-m05-g2-L5p3-n2-beta3__N0040__Aminus_0p02,xover-m05-g2-L5p3-n2-beta3__N0040__Aplus_0p02,xover-m05-g2-L5p3-n2-beta3,40,-0.02,40,5.3,0.9796137563456159,0.983126108609726
xover-m05-g2-L5p3-n2-beta3__N0040__Aminus_0p01,xover-m05-g2-L5p3-n2-beta3__N0040__Aplus_0p01,xover-m05-g2-L5p3-n2-beta3,40,-0.01,0,0.0,0.98990341249591,0.9916186129337802
xover-m05-g2-L5p3-n2-beta3__N0040__Aminus_0p01,xover-m05-g2-L5p3-n2-beta3__N0040__Aplus_0p01,xover-m05-g2-L5p3-n2-beta3,40,-0.01,1,0.1325,0.9900287820946984,0.9917214034332721
xover-m05-g2-L5p3-n2-beta3__N0040__Aminus_0p01,xover-m05-g2-L5p3-n2-beta3__N0040__Aplus_0p01,xover-m05-g2-L5p3-n2-beta3,40,-0.01,2,0.265,0.9904016388056495,0.9920272216770588
xover-m05-g2-L5p3-n2-beta3__N0040__Aminus_0p01,xover-m05-g2-L5p3-n2-beta3__N0040__Aplus_0p01,xover-m05-g2-L5p3-n2-beta3,40,-0.01,3,0.3975,0.9910123226018672,0.9925284728572116
xover-m05-g2-L5p3-n2-beta3__N0040__Aminus_0p01,xover-m05-g2-L5p3-n2-beta3__N0040__Aplus_0p01,xover-m05-g2-L5p3-n2-beta3,40,-0.01,4,0.53,0.9918450502563653,0.9932127136967862
xover-m05-g2-L5p3-n2-beta3__N0040__Aminus_0p01,xover-m05-g2-L5p3-n2-beta3__N0040__Aplus_0p01,xover-m05-g2-L5p3-n2-beta3,40,-0.01,5,0.6625000000000001,0.9928783770052352,0.9940629683671751
xover-m05-g2-L5p3-n2-beta3__N0040__Aminus_0p01,xover-m05-g2-L5p3-n2-beta3__N0040__Aplus_0p01,xover-m05-g2-L5p3-n2-beta3,40,-0.01,6,0.795,0.9940858166274813,0.9950581586040076
xover-m05-g2-L5p3-n2-beta3__N0040__Aminus_0p01,xover-m05-g2-L5p3-n2-beta3__N0040__Aplus_0p01,xover-m05-g2-L5p3-n2-beta3,40,-0.01,7,0.9275,0.9954365956702236,0.9961736363266244
xover-m05-g2-L5p3-n2-beta3__N0040__Aminus_0p01,xover-m05-g2-L5p3-n2-beta3__N0040__Aplus_0p01,xover-m05-g2-L5p3-n2-beta3,40,-0.01,8,1.06,0.9968965132566835,0.9973818043836089
xover-m05-g2-L5p3-n2-beta3__N0040__Aminus_0p01,xover-m05-g2-L5p3-n2-beta3__N0040__Aplus_0p01,xover-m05-g2-L5p3-n2-beta3,40,-0.01,9,1.1925000000000001,0.9984288753039512,0.9986528088267744
xover-m05-g2-L5p3-n2-beta3__N0040__Aminus_0p01,xover-m05-g2-L5p3-n2-beta3__N0040__Aplus_0p01,xover-m05-g2-L5p3-n2-beta3,40,-0.01,10,1.3250000000000002,0.9999954711172503,0.9999552844243715
xover-m05-g2-L5p3-n2-beta3__N0040__Aminus_0p01,xover-m05-g2-L5p3-n2-beta3__N0040__Aplus_0p01,xover-m05-g2-L5p3-n2-beta3,40,-0.01,11,1.4575,1.0015575611460579,1.0012571340041796
xover-m05-g2-L5p3-n2-beta3__N0040__Aminus_0p01,xover-m05-g2-L5p3-n2-beta3__N0040__Aplus_0p01,xover-m05-g2-L5p3-n2-beta3,40,-0.01,12,1.59,1.0030768469828732,1.002526321685703
xover-m05-g2-L5p3-n2-beta3__N0040__Aminus_0p01,xover-m05-g2-L5p3-n2-beta3__N0040__Aplus_0p01,xover-m05-g2-L5p3-n2-beta3,40,-0.01,13,1.7225000000000001,1.0045163981471994,1.003731660107838
xover-m05-g2-L5p3-n2-beta3__N0040__Aminus_0p01,xover-m05-g2-L5p3-n2-beta3__N0040__Aplus_0p01,xover-m05-g2-L5p3-n2-beta3,40,-0.01,14,1.855,1.0058415144399309,1.0048435723480047
xover-m05-g2-L5p3-n2-beta3__N0040__Aminus_0p01,xover-m05-g2-L5p3-n2-beta3__N0040__Aplus_0p01,xover-m05-g2-L5p3-n2-beta3,40,-0.01,15,1.9875,1.0070205072567682,1.0058348103024073
xover-m05-g2-L5p3-n2-beta3__N0040__Aminus_0p01,xover-m05-g2-L5p3-n2-beta3__N0040__Aplus_0p01,xover-m05-g2-L5p3-n2-beta3,40,-0.01,16,2.12,1.0080253878018017,1.0066811127800679
xover-m05-g2-L5p3-n2-beta3__N0040__Aminus_0p01,xover-m05-g2-L5p3-n2-beta3__N0040__Aplus_0p01,xover-m05-g2-L5p3-n2-beta3,40,-0.01,17,2.2525,1.0088324542812264,1.0073617883720338
xover-m05-g2-L5p3-n2-beta3__N0040__Aminus_0p01,xover-m05-g2-L5p3-n2-beta3__N0040__Aplus_0p01,xover-m05-g2-L5p3-n2-beta3,40,-0.01,18,2.3850000000000002,1.0094227736020398,1.007860210207617
xover-m05-g2-L5p3-n2-beta3__N0040__Aminus_0p01,xover-m05-g2-L5p3-n2-beta3__N0040__Aplus_0p01,xover-m05-g2-L5p3-n2-beta3,40,-0.01,19,2.5175,1.009782555677476,1.008164211924603
xover-m05-g2-L5p3-n2-beta3__N0040__Aminus_0p01,xover-m05-g2-L5p3-n2-beta3__N0040__Aplus_0p01,xover-m05-g2-L5p3-n2-beta3,40,-0.01,20,2.6500000000000004,1.0099034200933457,1.0082663764960074
xover-m05-g2-L5p3-n2-beta3__N0040__Aminus_0p01,xover-m05-g2-L5p3-n2-beta3__N0040__Aplus_0p01,xover-m05-g2-L5p3-n2-beta3,40,-0.01,21,2.7825,1.009782555677476,1.008164211924603
xover-m05-g2-L5p3-n2-beta3__N0040__Aminus_0p01,xover-m05-g2-L5p3-n2-beta3__N0040__Aplus_0p01,xover-m05-g2-L5p3-n2-beta3,40,-0.01,22,2.915,1.0094227736020398,1.0078602102076173
xover-m05-g2-L5p3-n2-beta3__N0040__Aminus_0p01,xover-m05-g2-L5p3-n2-beta3__N0040__Aplus_0p01,xover-m05-g2-L5p3-n2-beta3,40,-0.01,23,3.0475000000000003,1.0088324542812264,1.007361788372034
xover-m05-g2-L5p3-n2-beta3__N0040__Aminus_0p01,xover-m05-g2-L5p3-n2-beta3__N0040__Aplus_0p01,xover-m05-g2-L5p3-n2-beta3,40,-0.01,24,3.18,1.0080253878018017,1.006681112780068
xover-m05-g2-L5p3-n2-beta3__N0040__Aminus_0p01,xover-m05-g2-L5p3-n2-beta3__N0040__Aplus_0p01,xover-m05-g2-L5p3-n2-beta3,40,-0.01,25,3.3125,1.0070205072567682,1.0058348103024075
xover-m05-g2-L5p3-n2-beta3__N0040__Aminus_0p01,xover-m05-g2-L5p3-n2-beta3__N0040__Aplus_0p01,xover-m05-g2-L5p3-n2-beta3,40,-0.01,26,3.4450000000000003,1.0058415144399309,1.0048435723480047
xover-m05-g2-L5p3-n2-beta3__N0040__Aminus_0p01,xover-m05-g2-L5p3-n2-beta3__N0040__Aplus_0p01,xover-m05-g2-L5p3-n2-beta3,40,-0.01,27,3.5775,1.0045163981471994,1.0037316601078379
xover-m05-g2-L5p3-n2-beta3__N0040__Aminus_0p01,xover-m05-g2-L5p3-n2-beta3__N0040__Aplus_0p01,xover-m05-g2-L5p3-n2-beta3,40,-0.01,28,3.71,1.0030768469828732,1.0025263216857025
xover-m05-g2-L5p3-n2-beta3__N0040__Aminus_0p01,xover-m05-g2-L5p3-n2-beta3__N0040__Aplus_0p01,xover-m05-g2-L5p3-n2-beta3,40,-0.01,29,3.8425000000000002,1.0015575611460579,1.0012571340041792
xover-m05-g2-L5p3-n2-beta3__N0040__Aminus_0p01,xover-m05-g2-L5p3-n2-beta3__N0040__Aplus_0p01,xover-m05-g2-L5p3-n2-beta3,40,-0.01,30,3.975,0.9999954711172503,0.9999552844243709
xover-m05-g2-L5p3-n2-beta3__N0040__Aminus_0p01,xover-m05-g2-L5p3-n2-beta3__N0040__Aplus_0p01,xover-m05-g2-L5p3-n2-beta3,40,-0.01,31,4.1075,0.9984288753039514,0.9986528088267738
xover-m05-g2-L5p3-n2-beta3__N0040__Aminus_0p01,xover-m05-g2-L5p3-n2-beta3__N0040__Aplus_0p01,xover-m05-g2-L5p3-n2-beta3,40,-0.01,32,4.24,0.9968965132566837,0.9973818043836084
xover-m05-g2-L5p3-n2-beta3__N0040__Aminus_0p01,xover-m05-g2-L5p3-n2-beta3__N0040__Aplus_0p01,xover-m05-g2-L5p3-n2-beta3,40,-0.01,33,4.3725000000000005,0.9954365956702239,0.996173636326624
xover-m05-g2-L5p3-n2-beta3__N0040__Aminus_0p01,xover-m05-g2-L5p3-n2-beta3__N0040__Aplus_0p01,xover-m05-g2-L5p3-n2-beta3,40,-0.01,34,4.505,0.9940858166274816,0.9950581586040073
xover-m05-g2-L5p3-n2-beta3__N0040__Aminus_0p01,xover-m05-g2-L5p3-n2-beta3__N0040__Aplus_0p01,xover-m05-g2-L5p3-n2-beta3,40,-0.01,35,4.6375,0.9928783770052355,0.9940629683671751
xover-m05-g2-L5p3-n2-beta3__N0040__Aminus_0p01,xover-m05-g2-L5p3-n2-beta3__N0040__Aplus_0p01,xover-m05-g2-L5p3-n2-beta3,40,-0.01,36,4.7700000000000005,0.9918450502563656,0.9932127136967864
xover-m05-g2-L5p3-n2-beta3__N0040__Aminus_0p01,xover-m05-g2-L5p3-n2-beta3__N0040__Aplus_0p01,xover-m05-g2-L5p3-n2-beta3,40,-0.01,37,4.9025,0.9910123226018674,0.992528472857212
xover-m05-g2-L5p3-n2-beta3__N0040__Aminus_0p01,xover-m05-g2-L5p3-n2-beta3__N0040__Aplus_0p01,xover-m05-g2-L5p3-n2-beta3,40,-0.01,38,5.035,0.9904016388056498,0.9920272216770595
xover-m05-g2-L5p3-n2-beta3__N0040__Aminus_0p01,xover-m05-g2-L5p3-n2-beta3__N0040__Aplus_0p01,xover-m05-g2-L5p3-n2-beta3,40,-0.01,39,5.1675,0.9900287820946987,0.9917214034332728
xover-m05-g2-L5p3-n2-beta3__N0040__Aminus_0p01,xover-m05-g2-L5p3-n2-beta3__N0040__Aplus_0p01,xover-m05-g2-L5p3-n2-beta3,40,-0.01,40,5.3,0.9899034124959103,0.9916186129337808
xover-m05-g2-L5p3-n2-beta3__N0040__Aminus_0p005,xover-m05-g2-L5p3-n2-beta3__N0040__Aplus_0p005,xover-m05-g2-L5p3-n2-beta3,40,-0.005,0,0.0,0.9949758517166962,0.9958234402093573
xover-m05-g2-L5p3-n2-beta3__N0040__Aminus_0p005,xover-m05-g2-L5p3-n2-beta3__N0040__Aplus_0p005,xover-m05-g2-L5p3-n2-beta3,40,-0.005,1,0.1325,0.9950379733583992,0.9958747614707335
xover-m05-g2-L5p3-n2-beta3__N0040__Aminus_0p005,xover-m05-g2-L5p3-n2-beta3__N0040__Aplus_0p005,xover-m05-g2-L5p3-n2-beta3,40,-0.005,2,0.265,0.9952227673662268,0.9960274559087656
xover-m05-g2-L5p3-n2-beta3__N0040__Aminus_0p005,xover-m05-g2-L5p3-n2-beta3__N0040__Aplus_0p005,xover-m05-g2-L5p3-n2-beta3,40,-0.005,3,0.3975,0.9955255637101965,0.996277747282561
xover-m05-g2-L5p3-n2-beta3__N0040__Aminus_0p005,xover-m05-g2-L5p3-n2-beta3__N0040__Aplus_0p005,xover-m05-g2-L5p3-n2-beta3,40,-0.005,4,0.53,0.9959387199658287,0.9966194470150023
xover-m05-g2-L5p3-n2-beta3__N0040__Aminus_0p005,xover-m05-g2-L5p3-n2-beta3__N0040__Aplus_0p005,xover-m05-g2-L5p3-n2-beta3,40,-0.005,5,0.6625000000000001,0.9964518277608271,0.9970441090365917
xover-m05-g2-L5p3-n2-beta3__N0040__Aminus_0p005,xover-m05-g2-L5p3-n2-beta3__N0040__Aplus_0p005,xover-m05-g2-L5p3-n2-beta3,40,-0.005,6,0.795,0.9970519920790846,0.9975412408703329
xover-m05-g2-L5p3-n2-beta3__N0040__Aminus_0p005,xover-m05-g2-L5p3-n2-beta3__N0040__Aplus_0p005,xover-m05-g2-L5p3-n2-beta3,40,-0.005,7,0.9275,0.9977241742915522,0.9980985654652351
xover-m05-g2-L5p3-n2-beta3__N0040__Aminus_0p005,xover-m05-g2-L5p3-n2-beta3__N0040__Aplus_0p005,xover-m05-g2-L5p3-n2-beta3,40,-0.005,8,1.06,0.9984515879694315,0.9987023269997377
xover-m05-g2-L5p3-n2-beta3__N0040__Aminus_0p005,xover-m05-g2-L5p3-n2-beta3__N0040__Aplus_0p005,xover-m05-g2-L5p3-n2-beta3,40,-0.005,9,1.1925000000000001,0.999216135235168,0.9993376327875422
xover-m05-g2-L5p3-n2-beta3__N0040__Aminus_0p005,xover-m05-g2-L5p3-n2-beta3__N0040__Aplus_0p005,xover-m05-g2-L5p3-n2-beta3,40,-0.005,10,1.3250000000000002,0.999998870653067,0.9999888225551962
xover-m05-g2-L5p3-n2-beta3__N0040__Aminus_0p005,xover-m05-g2-L5p3-n2-beta3__N0040__Aplus_0p005,xover-m05-g2-L5p3-n2-beta3,40,-0.005,11,1.4575,1.0007804794487583,1.000639855743007
xover-m05-g2-L5p3-n2-beta3__N0040__Aminus_0p005,xover-m05-g2-L5p3-n2-beta3__N0040__Aplus_0p005,xover-m05-g2-L5p3-n2-beta3,40,-0.005,12,1.59,1.0015417571348428,1.0012747071192039
xover-m05-g2-L5p3-n2-beta3__N0040__Aminus_0p005,xover-m05-g2-L5p3-n2-beta3__N0040__Aplus_0p005,xover-m05-g2-L5p3-n2-beta3,40,-0.005,13,1.7225000000000001,1.0022640783388455,1.0018777608933946
xover-m05-g2-L5p3-n2-beta3__N0040__Aminus_0p005,xover-m05-g2-L5p3-n2-beta3__N0040__Aplus_0p005,xover-m05-g2-L5p3-n2-beta3,40,-0.005,14,1.855,1.0029298436873197,1.0024341936623693
xover-m05-g2-L5p3-n2-beta3__N0040__Aminus_0p005,xover-m05-g2-L5p3-n2-beta3__N0040__Aplus_0p005,xover-m05-g2-L5p3-n2-beta3,40,-0.005,15,1.9875,1.0035228948928059,1.0029303369047886
xover-m05-g2-L5p3-n2-beta3__N0040__Aminus_0p005,xover-m05-g2-L5p3-n2-beta3__N0040__Aplus_0p005,xover-m05-g2-L5p3-n2-beta3,40,-0.005,16,2.12,1.0040288896126341,1.0033540103406648
xover-m05-g2-L5p3-n2-beta3__N0040__Aminus_0p005,xover-m05-g2-L5p3-n2-beta3__N0040__Aplus_0p005,xover-m05-g2-L5p3-n2-beta3,40,-0.005,17,2.2525,1.0044356291027143,1.0036948182618624
xover-m05-g2-L5p3-n2-beta3__N0040__Aminus_0p005,xover-m05-g2-L5p3-n2-beta3__N0040__Aplus_0p005,xover-m05-g2-L5p3-n2-beta3,40,-0.005,18,2.3850000000000002,1.0047333330944874,1.0039444018934962
xover-m05-g2-L5p3-n2-beta3__N0040__Aminus_0p005,xover-m05-g2-L5p3-n2-beta3__N0040__Aplus_0p005,xover-m05-g2-L5p3-n2-beta3,40,-0.005,19,2.5175,1.0049148576211047,1.0040966419346047
xover-m05-g2-L5p3-n2-beta3__N0040__Aminus_0p005,xover-m05-g2-L5p3-n2-beta3__N0040__Aplus_0p005,xover-m05-g2-L5p3-n2-beta3,40,-0.005,20,2.6500000000000004,1.0049758526782009,1.0041478066217464
xover-m05-g2-L5p3-n2-beta3__N0040__Aminus_0p005,xover-m05-g2-L5p3-n2-beta3__N0040__Aplus_0p005,xover-m05-g2-L5p3-n2-beta3,40,-0.005,21,2.7825,1.0049148576211049,1.0040966419346051
xover-m05-g2-L5p3-n2-beta3__N0040__Aminus_0p005,xover-m05-g2-L5p3-n2-beta3__N0040__Aplus_0p005,xover-m05-g2-L5p3-n2-beta3,40,-0.005,22,2.915,1.0047333330944879,1.0039444018934969
xover-m05-g2-L5p3-n2-beta3__N0040__Aminus_0p005,xover-m05-g2-L5p3-n2-beta3__N0040__Aplus_0p005,xover-m05-g2-L5p3-n2-beta3,40,-0.005,23,3.0475000000000003,1.0044356291027148,1.0036948182618635
xover-m05-g2-L5p3-n2-beta3__N0040__Aminus_0p005,xover-m05-g2-L5p3-n2-beta3__N0040__Aplus_0p005,xover-m05-g2-L5p3-n2-beta3,40,-0.005,24,3.18,1.0040288896126348,1.0033540103406662
xover-m05-g2-L5p3-n2-beta3__N0040__Aminus_0p005,xover-m05-g2-L5p3-n2-beta3__N0040__Aplus_0p005,xover-m05-g2-L5p3-n2-beta3,40,-0.005,25,3.3125,1.0035228948928068,1.0029303369047902
xover-m05-g2-L5p3-n2-beta3__N0040__Aminus_0p005,xover-m05-g2-L5p3-n2-beta3__N0040__Aplus_0p005,xover-m05-g2-L5p3-n2-beta3,40,-0.005,26,3.4450000000000003,1.0029298436873206,1.0024341936623709
xover-m05-g2-L5p3-n2-beta3__N0040__Aminus_0p005,xover-m05-g2-L5p3-n2-beta3__N0040__Aplus_0p005,xover-m05-g2-L5p3-n2-beta3,40,-0.005,27,3.5775,1.0022640783388466,1.001877760893396
xover-m05-g2-L5p3-n2-beta3__N0040__Aminus_0p005,xover-m05-g2-L5p3-n2-beta3__N0040__Aplus_0p005,xover-m05-g2-L5p3-n2-beta3,40,-0.005,28,3.71,1.0015417571348437,1.001274707119205
xover-m05-g2-L5p3-n2-beta3__N0040__Aminus_0p005,xover-m05-g2-L5p3-n2-beta3__N0040__Aplus_0p005,xover-m05-g2-L5p3-n2-beta3,40,-0.005,29,3.8425000000000002,1.0007804794487591,1.0006398557430078
xover-m05-g2-L5p3-n2-beta3__N0040__Aminus_0p005,xover-m05-g2-L5p3-n2-beta3__N0040__Aplus_0p005,xover-m05-g2-L5p3-n2-beta3,40,-0.005,30,3.975,0.999998870653068,0.999988822555197
xover-m05-g2-L5p3-n2-beta3__N0040__Aminus_0p005,xover-m05-g2-L5p3-n2-beta3__N0040__Aplus_0p005,xover-m05-g2-L5p3-n2-beta3,40,-0.005,31,4.1075,0.999216135235169,0.9993376327875428
xover-m05-g2-L5p3-n2-beta3__N0040__Aminus_0p005,xover-m05-g2-L5p3-n2-beta3__N0040__Aplus_0p005,xover-m05-g2-L5p3-n2-beta3,40,-0.005,32,4.24,0.9984515879694323,0.9987023269997385
xover-m05-g2-L5p3-n2-beta3__N0040__Aminus_0p005,xover-m05-g2-L5p3-n2-beta3__N0040__Aplus_0p005,xover-m05-g2-L5p3-n2-beta3,40,-0.005,33,4.3725000000000005,0.997724174291553,0.998098565465236
xover-m05-g2-L5p3-n2-beta3__N0040__Aminus_0p005,xover-m05-g2-L5p3-n2-beta3__N0040__Aplus_0p005,xover-m05-g2-L5p3-n2-beta3,40,-0.005,34,4.505,0.9970519920790852,0.9975412408703337
xover-m05-g2-L5p3-n2-beta3__N0040__Aminus_0p005,xover-m05-g2-L5p3-n2-beta3__N0040__Aplus_0p005,xover-m05-g2-L5p3-n2-beta3,40,-0.005,35,4.6375,0.9964518277608276,0.9970441090365926
xover-m05-g2-L5p3-n2-beta3__N0040__Aminus_0p005,xover-m05-g2-L5p3-n2-beta3__N0040__Aplus_0p005,xover-m05-g2-L5p3-n2-beta3,40,-0.005,36,4.7700000000000005,0.9959387199658292,0.9966194470150033
xover-m05-g2-L5p3-n2-beta3__N0040__Aminus_0p005,xover-m05-g2-L5p3-n2-beta3__N0040__Aplus_0p005,xover-m05-g2-L5p3-n2-beta3,40,-0.005,37,4.9025,0.9955255637101967,0.9962777472825621
xover-m05-g2-L5p3-n2-beta3__N0040__Aminus_0p005,xover-m05-g2-L5p3-n2-beta3__N0040__Aplus_0p005,xover-m05-g2-L5p3-n2-beta3,40,-0.005,38,5.035,0.9952227673662271,0.9960274559087667
xover-m05-g2-L5p3-n2-beta3__N0040__Aminus_0p005,xover-m05-g2-L5p3-n2-beta3__N0040__Aplus_0p005,xover-m05-g2-L5p3-n2-beta3,40,-0.005,39,5.1675,0.9950379733583993,0.9958747614707346
xover-m05-g2-L5p3-n2-beta3__N0040__Aminus_0p005,xover-m05-g2-L5p3-n2-beta3__N0040__Aplus_0p005,xover-m05-g2-L5p3-n2-beta3,40,-0.005,40,5.3,0.9949758517166963,0.9958234402093582
xover-m05-g2-L5p3-n2-beta3__N0040__Aminus_0p0025,xover-m05-g2-L5p3-n2-beta3__N0040__Aplus_0p0025,xover-m05-g2-L5p3-n2-beta3,40,-0.0025,0,0.0,0.9974939628718236,0.9979152839437966
xover-m05-g2-L5p3-n2-beta3__N0040__Aminus_0p0025,xover-m05-g2-L5p3-n2-beta3__N0040__Aplus_0p0025,xover-m05-g2-L5p3-n2-beta3,40,-0.0025,1,0.1325,0.9975248828590089,0.9979409255314229
xover-m05-g2-L5p3-n2-beta3__N0040__Aminus_0p0025,xover-m05-g2-L5p3-n2-beta3__N0040__Aplus_0p0025,xover-m05-g2-L5p3-n2-beta3,40,-0.0025,2,0.265,0.9976168711488861,0.9980172174903392
xover-m05-g2-L5p3-n2-beta3__N0040__Aminus_0p0025,xover-m05-g2-L5p3-n2-beta3__N0040__Aplus_0p0025,xover-m05-g2-L5p3-n2-beta3,40,-0.0025,3,0.3975,0.9977676327377225,0.9981422771283398
xover-m05-g2-L5p3-n2-beta3__N0040__Aminus_0p0025,xover-m05-g2-L5p3-n2-beta3__N0040__Aplus_0p0025,xover-m05-g2-L5p3-n2-beta3,40,-0.0025,4,0.53,0.9979734087320042,0.9983130186237389
xover-m05-g2-L5p3-n2-beta3__N0040__Aminus_0p0025,xover-m05-g2-L5p3-n2-beta3__N0040__Aplus_0p0025,xover-m05-g2-L5p3-n2-beta3,40,-0.0025,5,0.6625000000000001,0.9982290734710056,0.9985252296334628
xover-m05-g2-L5p3-n2-beta3__N0040__Aminus_0p0025,xover-m05-g2-L5p3-n2-beta3__N0040__Aplus_0p0025,xover-m05-g2-L5p3-n2-beta3,40,-0.0025,6,0.795,0.9985282664911559,0.9987736758041152
xover-m05-g2-L5p3-n2-beta3__N0040__Aminus_0p0025,xover-m05-g2-L5p3-n2-beta3__N0040__Aplus_0p0025,xover-m05-g2-L5p3-n2-beta3,40,-0.0025,7,0.9275,0.9988635555195162,0.9990522305366039
xover-m05-g2-L5p3-n2-beta3__N0040__Aminus_0p0025,xover-m05-g2-L5p3-n2-beta3__N0040__Aplus_0p0025,xover-m05-g2-L5p3-n2-beta3,40,-0.0025,8,1.06,0.99922662585853,0.9993540267242685
xover-m05-g2-L5p3-n2-beta3__N0040__Aminus_0p0025,xover-m05-g2-L5p3-n2-beta3__N0040__Aplus_0p0025,xover-m05-g2-L5p3-n2-beta3,40,-0.0025,9,1.1925000000000001,0.999608490874391,0.999671626642628
xover-m05-g2-L5p3-n2-beta3__N0040__Aminus_0p0025,xover-m05-g2-L5p3-n2-beta3__N0040__Aplus_0p0025,xover-m05-g2-L5p3-n2-beta3,40,-0.0025,10,1.3250000000000002,0.9999997178428999,0.9999972057293937
xover-m05-g2-L5p3-n2-beta3__N0040__Aminus_0p0025,xover-m05-g2-L5p3-n2-beta3__N0040__Aplus_0p0025,xover-m05-g2-L5p3-n2-beta3,40,-0.0025,11,1.4575,1.000390663144851,1.0003227456664858
xover-m05-g2-L5p3-n2-beta3__N0040__Aminus_0p0025,xover-m05-g2-L5p3-n2-beta3__N0040__Aplus_0p0025,xover-m05-g2-L5p3-n2-beta3,40,-0.0025,12,1.59,1.0007717107328573,1.0006402319681174
xover-m05-g2-L5p3-n2-beta3__N0040__Aminus_0p0025,xover-m05-g2-L5p3-n2-beta3__N0040__Aplus_0p0025,xover-m05-g2-L5p3-n2-beta3,40,-0.0025,13,1.7225000000000001,1.0011335078991273,1.0009418511937276
xover-m05-g2-L5p3-n2-beta3__N0040__Aminus_0p0025,xover-m05-g2-L5p3-n2-beta3__N0040__Aplus_0p0025,xover-m05-g2-L5p3-n2-beta3,40,-0.0025,14,1.855,1.001467192637954,1.0012201829412746
xover-m05-g2-L5p3-n2-beta3__N0040__Aminus_0p0025,xover-m05-g2-L5p3-n2-beta3__N0040__Aplus_0p0025,xover-m05-g2-L5p3-n2-beta3,40,-0.0025,15,1.9875,1.0017646072916917,1.0014683819315484
xover-m05-g2-L5p3-n2-beta3__N0040__Aminus_0p0025,xover-m05-g2-L5p3-n2-beta3__N0040__Aplus_0p0025,xover-m05-g2-L5p3-n2-beta3,40,-0.0025,16,2.12,1.0020184936666308,1.0016803457612447
xover-m05-g2-L5p3-n2-beta3__N0040__Aminus_0p0025,xover-m05-g2-L5p3-n2-beta3__N0040__Aplus_0p0025,xover-m05-g2-L5p3-n2-beta3,40,-0.0025,17,2.2525,1.0022226653775315,1.00185086427262
xover-m05-g2-L5p3-n2-beta3__N0040__Aminus_0p0025,xover-m05-g2-L5p3-n2-beta3__N0040__Aplus_0p0025,xover-m05-g2-L5p3-n2-beta3,40,-0.0025,18,2.3850000000000002,1.0023721538012296,1.0019757469497006
xover-m05-g2-L5p3-n2-beta3__N0040__Aminus_0p0025,xover-m05-g2-L5p3-n2-beta3__N0040__Aplus_0p0025,xover-m05-g2-L5p3-n2-beta3,40,-0.0025,19,2.5175,1.0024633246694048,1.0020519252928075
xover-m05-g2-L5p3-n2-beta3__N0040__Aminus_0p0025,xover-m05-g2-L5p3-n2-beta3__N0040__Aplus_0p0025,xover-m05-g2-L5p3-n2-beta3,40,-0.0025,20,2.6500000000000004,1.0024939629923824,1.0020775277311111
xover-m05-g2-L5p3-n2-beta3__N0040__Aminus_0p0025,xover-m05-g2-L5p3-n2-beta3__N0040__Aplus_0p0025,xover-m05-g2-L5p3-n2-beta3,40,-0.0025,21,2.7825,1.0024633246694048,1.0020519252928077
xover-m05-g2-L5p3-n2-beta3__N0040__Aminus_0p0025,xover-m05-g2-L5p3-n2-beta3__N0040__Aplus_0p0025,xover-m05-g2-L5p3-n2-beta3,40,-0.0025,22,2.915,1.0023721538012296,1.0019757469497013
xover-m05-g2-L5p3-n2-beta3__N0040__Aminus_0p0025,xover-m05-g2-L5p3-n2-beta3__N0040__Aplus_0p0025,xover-m05-g2-L5p3-n2-beta3,40,-0.0025,23,3.0475000000000003,1.0022226653775317,1.001850864272621
xover-m05-g2-L5p3-n2-beta3__N0040__Aminus_0p0025,xover-m05-g2-L5p3-n2-beta3__N0040__Aplus_0p0025,xover-m05-g2-L5p3-n2-beta3,40,-0.0025,24,3.18,1.002018493666631,1.0016803457612458
xover-m05-g2-L5p3-n2-beta3__N0040__Aminus_0p0025,xover-m05-g2-L5p3-n2-beta3__N0040__Aplus_0p0025,xover-m05-g2-L5p3-n2-beta3,40,-0.0025,25,3.3125,1.0017646072916921,1.0014683819315497
xover-m05-g2-L5p3-n2-beta3__N0040__Aminus_0p0025,xover-m05-g2-L5p3-n2-beta3__N0040__Aplus_0p0025,xover-m05-g2-L5p3-n2-beta3,40,-0.0025,26,3.4450000000000003,1.0014671926379544,1.001220182941276
xover-m05-g2-L5p3-n2-beta3__N0040__Aminus_0p0025,xover-m05-g2-L5p3-n2-beta3__N0040__Aplus_0p0025,xover-m05-g2-L5p3-n2-beta3,40,-0.0025,27,3.5775,1.001133507899128,1.0009418511937287
xover-m05-g2-L5p3-n2-beta3__N0040__Aminus_0p0025,xover-m05-g2-L5p3-n2-beta3__N0040__Aplus_0p0025,xover-m05-g2-L5p3-n2-beta3,40,-0.0025,28,3.71,1.000771710732858,1.0006402319681185
xover-m05-g2-L5p3-n2-beta3__N0040__Aminus_0p0025,xover-m05-g2-L5p3-n2-beta3__N0040__Aplus_0p0025,xover-m05-g2-L5p3-n2-beta3,40,-0.0025,29,3.8425000000000002,1.0003906631448516,1.0003227456664867
xover-m05-g2-L5p3-n2-beta3__N0040__Aminus_0p0025,xover-m05-g2-L5p3-n2-beta3__N0040__Aplus_0p0025,xover-m05-g2-L5p3-n2-beta3,40,-0.0025,30,3.975,0.9999997178429009,0.9999972057293945
xover-m05-g2-L5p3-n2-beta3__N0040__Aminus_0p0025,xover-m05-g2-L5p3-n2-beta3__N0040__Aplus_0p0025,xover-m05-g2-L5p3-n2-beta3,40,-0.0025,31,4.1075,0.9996084908743921,0.9996716266426291
xover-m05-g2-L5p3-n2-beta3__N0040__Aminus_0p0025,xover-m05-g2-L5p3-n2-beta3__N0040__Aplus_0p0025,xover-m05-g2-L5p3-n2-beta3,40,-0.0025,32,4.24,0.9992266258585313,0.9993540267242701
xover-m05-g2-L5p3-n2-beta3__N0040__Aminus_0p0025,xover-m05-g2-L5p3-n2-beta3__N0040__Aplus_0p0025,xover-m05-g2-L5p3-n2-beta3,40,-0.0025,33,4.3725000000000005,0.9988635555195177,0.9990522305366055
xover-m05-g2-L5p3-n2-beta3__N0040__Aminus_0p0025,xover-m05-g2-L5p3-n2-beta3__N0040__Aplus_0p0025,xover-m05-g2-L5p3-n2-beta3,40,-0.0025,34,4.505,0.9985282664911574,0.998773675804117
xover-m05-g2-L5p3-n2-beta3__N0040__Aminus_0p0025,xover-m05-g2-L5p3-n2-beta3__N0040__Aplus_0p0025,xover-m05-g2-L5p3-n2-beta3,40,-0.0025,35,4.6375,0.9982290734710072,0.998525229633465
xover-m05-g2-L5p3-n2-beta3__N0040__Aminus_0p0025,xover-m05-g2-L5p3-n2-beta3__N0040__Aplus_0p0025,xover-m05-g2-L5p3-n2-beta3,40,-0.0025,36,4.7700000000000005,0.9979734087320059,0.9983130186237412
xover-m05-g2-L5p3-n2-beta3__N0040__Aminus_0p0025,xover-m05-g2-L5p3-n2-beta3__N0040__Aplus_0p0025,xover-m05-g2-L5p3-n2-beta3,40,-0.0025,37,4.9025,0.9977676327377243,0.9981422771283424
xover-m05-g2-L5p3-n2-beta3__N0040__Aminus_0p0025,xover-m05-g2-L5p3-n2-beta3__N0040__Aplus_0p0025,xover-m05-g2-L5p3-n2-beta3,40,-0.0025,38,5.035,0.9976168711488879,0.998017217490342
xover-m05-g2-L5p3-n2-beta3__N0040__Aminus_0p0025,xover-m05-g2-L5p3-n2-beta3__N0040__Aplus_0p0025,xover-m05-g2-L5p3-n2-beta3,40,-0.0025,39,5.1675,0.9975248828590108,0.9979409255314257
xover-m05-g2-L5p3-n2-beta3__N0040__Aminus_0p0025,xover-m05-g2-L5p3-n2-beta3__N0040__Aplus_0p0025,xover-m05-g2-L5p3-n2-beta3,40,-0.0025,40,5.3,0.9974939628718255,0.9979152839437995
xover-m05-g2-L5p3-n2-beta3__N0040__Aplus_0p0025,xover-m05-g2-L5p3-n2-beta3__N0040__Aminus_0p0025,xover-m05-g2-L5p3-n2-beta3,40,0.0025,0,0.0,1.0024939629923817,1.0020775277311116
xover-m05-g2-L5p3-n2-beta3__N0040__Aplus_0p0025,xover-m05-g2-L5p3-n2-beta3__N0040__Aminus_0p0025,xover-m05-g2-L5p3-n2-beta3,40,0.0025,1,0.1325,1.0024633246694041,1.0020519252928082
xover-m05-g2-L5p3-n2-beta3__N0040__Aplus_0p0025,xover-m05-g2-L5p3-n2-beta3__N0040__Aminus_0p0025,xover-m05-g2-L5p3-n2-beta3,40,0.0025,2,0.265,1.002372153801229,1.0019757469497017
xover-m05-g2-L5p3-n2-beta3__N0040__Aplus_0p0025,xover-m05-g2-L5p3-n2-beta3__N0040__Aminus_0p0025,xover-m05-g2-L5p3-n2-beta3,40,0.0025,3,0.3975,1.002222665377531,1.0018508642726212
xover-m05-g2-L5p3-n2-beta3__N0040__Aplus_0p0025,xover-m05-g2-L5p3-n2-beta3__N0040__Aminus_0p0025,xover-m05-g2-L5p3-n2-beta3,40,0.0025,4,0.53,1.0020184936666303,1.0016803457612455
xover-m05-g2-L5p3-n2-beta3__N0040__Aplus_0p0025,xover-m05-g2-L5p3-n2-beta3__N0040__Aminus_0p0025,xover-m05-g2-L5p3-n2-beta3,40,0.0025,5,0.6625000000000001,1.0017646072916913,1.0014683819315493
xover-m05-g2-L5p3-n2-beta3__N0040__Aplus_0p0025,xover-m05-g2-L5p3-n2-beta3__N0040__Aminus_0p0025,xover-m05-g2-L5p3-n2-beta3,40,0.0025,6,0.795,1.0014671926379535,1.0012201829412752
xover-m05-g2-L5p3-n2-beta3__N0040__Aplus_0p0025,xover-m05-g2-L5p3-n2-beta3__N0040__Aminus_0p0025,xover-m05-g2-L5p3-n2-beta3,40,0.0025,7,0.9275,1.0011335078991268,1.000941851193728
xover-m05-g2-L5p3-n2-beta3__N0040__Aplus_0p0025,xover-m05-g2-L5p3-n2-beta3__N0040__Aminus_0p0025,xover-m05-g2-L5p3-n2-beta3,40,0.0025,8,1.06,1.0007717107328569,1.0006402319681178
xover-m05-g2-L5p3-n2-beta3__N0040__Aplus_0p0025,xover-m05-g2-L5p3-n2-beta3__N0040__Aminus_0p0025,xover-m05-g2-L5p3-n2-beta3,40,0.0025,9,1.1925000000000001,1.0003906631448505,1.000322745666486
xover-m05-g2-L5p3-n2-beta3__N0040__Aplus_0p0025,xover-m05-g2-L5p3-n2-beta3__N0040__Aminus_0p0025,xover-m05-g2-L5p3-n2-beta3,40,0.0025,10,1.3250000000000002,0.9999997178428996,0.9999972057293937
xover-m05-g2-L5p3-n2-beta3__N0040__Aplus_0p0025,xover-m05-g2-L5p3-n2-beta3__N0040__Aminus_0p0025,xover-m05-g2-L5p3-n2-beta3,40,0.0025,11,1.4575,0.9996084908743907,0.9996716266426279
xover-m05-g2-L5p3-n2-beta3__N0040__Aplus_0p0025,xover-m05-g2-L5p3-n2-beta3__N0040__Aminus_0p0025,xover-m05-g2-L5p3-n2-beta3,40,0.0025,12,1.59,0.99922662585853,0.9993540267242684
xover-m05-g2-L5p3-n2-beta3__N0040__Aplus_0p0025,xover-m05-g2-L5p3-n2-beta3__N0040__Aminus_0p0025,xover-m05-g2-L5p3-n2-beta3,40,0.0025,13,1.7225000000000001,0.9988635555195162,0.9990522305366035
xover-m05-g2-L5p3-n2-beta3__N0040__Aplus_0p0025,xover-m05-g2-L5p3-n2-beta3__N0040__Aminus_0p0025,xover-m05-g2-L5p3-n2-beta3,40,0.0025,14,1.855,0.998528266491156,0.9987736758041147
xover-m05-g2-L5p3-n2-beta3__N0040__Aplus_0p0025,xover-m05-g2-L5p3-n2-beta3__N0040__Aminus_0p0025,xover-m05-g2-L5p3-n2-beta3,40,0.0025,15,1.9875,0.9982290734710059,0.9985252296334624
xover-m05-g2-L5p3-n2-beta3__N0040__Aplus_0p0025,xover-m05-g2-L5p3-n2-beta3__N0040__Aminus_0p0025,xover-m05-g2-L5p3-n2-beta3,40,0.0025,16,2.12,0.9979734087320046,0.9983130186237382
xover-m05-g2-L5p3-n2-beta3__N0040__Aplus_0p0025,xover-m05-g2-L5p3-n2-beta3__N0040__Aminus_0p0025,xover-m05-g2-L5p3-n2-beta3,40,0.0025,17,2.2525,0.997767632737723,0.998142277128339
xover-m05-g2-L5p3-n2-beta3__N0040__Aplus_0p0025,xover-m05-g2-L5p3-n2-beta3__N0040__Aminus_0p0025,xover-m05-g2-L5p3-n2-beta3,40,0.0025,18,2.3850000000000002,0.9976168711488865,0.9980172174903387
xover-m05-g2-L5p3-n2-beta3__N0040__Aplus_0p0025,xover-m05-g2-L5p3-n2-beta3__N0040__Aminus_0p0025,xover-m05-g2-L5p3-n2-beta3,40,0.0025,19,2.5175,0.9975248828590095,0.9979409255314226
xover-m05-g2-L5p3-n2-beta3__N0040__Aplus_0p0025,xover-m05-g2-L5p3-n2-beta3__N0040__Aminus_0p0025,xover-m05-g2-L5p3-n2-beta3,40,0.0025,20,2.6500000000000004,0.9974939628718242,0.9979152839437964
xover-m05-g2-L5p3-n2-beta3__N0040__Aplus_0p0025,xover-m05-g2-L5p3-n2-beta3__N0040__Aminus_0p0025,xover-m05-g2-L5p3-n2-beta3,40,0.0025,21,2.7825,0.9975248828590096,0.9979409255314227
xover-m05-g2-L5p3-n2-beta3__N0040__Aplus_0p0025,xover-m05-g2-L5p3-n2-beta3__N0040__Aminus_0p0025,xover-m05-g2-L5p3-n2-beta3,40,0.0025,22,2.915,0.9976168711488869,0.9980172174903391
xover-m05-g2-L5p3-n2-beta3__N0040__Aplus_0p0025,xover-m05-g2-L5p3-n2-beta3__N0040__Aminus_0p0025,xover-m05-g2-L5p3-n2-beta3,40,0.0025,23,3.0475000000000003,0.9977676327377234,0.9981422771283398
xover-m05-g2-L5p3-n2-beta3__N0040__Aplus_0p0025,xover-m05-g2-L5p3-n2-beta3__N0040__Aminus_0p0025,xover-m05-g2-L5p3-n2-beta3,40,0.0025,24,3.18,0.9979734087320051,0.998313018623739
xover-m05-g2-L5p3-n2-beta3__N0040__Aplus_0p0025,xover-m05-g2-L5p3-n2-beta3__N0040__Aminus_0p0025,xover-m05-g2-L5p3-n2-beta3,40,0.0025,25,3.3125,0.9982290734710065,0.9985252296334632
xover-m05-g2-L5p3-n2-beta3__N0040__Aplus_0p0025,xover-m05-g2-L5p3-n2-beta3__N0040__Aminus_0p0025,xover-m05-g2-L5p3-n2-beta3,40,0.0025,26,3.4450000000000003,0.9985282664911569,0.9987736758041158
xover-m05-g2-L5p3-n2-beta3__N0040__Aplus_0p0025,xover-m05-g2-L5p3-n2-beta3__N0040__Aminus_0p0025,xover-m05-g2-L5p3-n2-beta3,40,0.0025,27,3.5775,0.9988635555195172,0.9990522305366045
xover-m05-g2-L5p3-n2-beta3__N0040__Aplus_0p0025,xover-m05-g2-L5p3-n2-beta3__N0040__Aminus_0p0025,xover-m05-g2-L5p3-n2-beta3,40,0.0025,28,3.71,0.9992266258585311,0.9993540267242693
xover-m05-g2-L5p3-n2-beta3__N0040__Aplus_0p0025,xover-m05-g2-L5p3-n2-beta3__N0040__Aminus_0p0025,xover-m05-g2-L5p3-n2-beta3,40,0.0025,29,3.8425000000000002,0.9996084908743921,0.9996716266426287
xover-m05-g2-L5p3-n2-beta3__N0040__Aplus_0p0025,xover-m05-g2-L5p3-n2-beta3__N0040__Aminus_0p0025,xover-m05-g2-L5p3-n2-beta3,40,0.0025,30,3.975,0.9999997178429009,0.9999972057293945
xover-m05-g2-L5p3-n2-beta3__N0040__Aplus_0p0025,xover-m05-g2-L5p3-n2-beta3__N0040__Aminus_0p0025,xover-m05-g2-L5p3-n2-beta3,40,0.0025,31,4.1075,1.0003906631448518,1.000322745666487
xover-m05-g2-L5p3-n2-beta3__N0040__Aplus_0p0025,xover-m05-g2-L5p3-n2-beta3__N0040__Aminus_0p0025,xover-m05-g2-L5p3-n2-beta3,40,0.0025,32,4.24,1.0007717107328582,1.000640231968119
xover-m05-g2-L5p3-n2-beta3__N0040__Aplus_0p0025,xover-m05-g2-L5p3-n2-beta3__N0040__Aminus_0p0025,xover-m05-g2-L5p3-n2-beta3,40,0.0025,33,4.3725000000000005,1.0011335078991281,1.0009418511937294
xover-m05-g2-L5p3-n2-beta3__N0040__Aplus_0p0025,xover-m05-g2-L5p3-n2-beta3__N0040__Aminus_0p0025,xover-m05-g2-L5p3-n2-beta3,40,0.0025,34,4.505,1.0014671926379546,1.0012201829412766
xover-m05-g2-L5p3-n2-beta3__N0040__Aplus_0p0025,xover-m05-g2-L5p3-n2-beta3__N0040__Aminus_0p0025,xover-m05-g2-L5p3-n2-beta3,40,0.0025,35,4.6375,1.0017646072916924,1.0014683819315506
xover-m05-g2-L5p3-n2-beta3__N0040__Aplus_0p0025,xover-m05-g2-L5p3-n2-beta3__N0040__Aminus_0p0025,xover-m05-g2-L5p3-n2-beta3,40,0.0025,36,4.7700000000000005,1.0020184936666312,1.001680345761247
xover-m05-g2-L5p3-n2-beta3__N0040__Aplus_0p0025,xover-m05-g2-L5p3-n2-beta3__N0040__Aminus_0p0025,xover-m05-g2-L5p3-n2-beta3,40,0.0025,37,4.9025,1.0022226653775317,1.0018508642726227
xover-m05-g2-L5p3-n2-beta3__N0040__Aplus_0p0025,xover-m05-g2-L5p3-n2-beta3__N0040__Aminus_0p0025,xover-m05-g2-L5p3-n2-beta3,40,0.0025,38,5.035,1.0023721538012296,1.0019757469497033
xover-m05-g2-L5p3-n2-beta3__N0040__Aplus_0p0025,xover-m05-g2-L5p3-n2-beta3__N0040__Aminus_0p0025,xover-m05-g2-L5p3-n2-beta3,40,0.0025,39,5.1675,1.0024633246694048,1.00205192529281
xover-m05-g2-L5p3-n2-beta3__N0040__Aplus_0p0025,xover-m05-g2-L5p3-n2-beta3__N0040__Aminus_0p0025,xover-m05-g2-L5p3-n2-beta3,40,0.0025,40,5.3,1.0024939629923824,1.0020775277311131
xover-m05-g2-L5p3-n2-beta3__N0040__Aplus_0p005,xover-m05-g2-L5p3-n2-beta3__N0040__Aminus_0p005,xover-m05-g2-L5p3-n2-beta3,40,0.005,0,0.0,1.0049758526782007,1.0041478066217473
xover-m05-g2-L5p3-n2-beta3__N0040__Aplus_0p005,xover-m05-g2-L5p3-n2-beta3__N0040__Aminus_0p005,xover-m05-g2-L5p3-n2-beta3,40,0.005,1,0.1325,1.0049148576211044,1.0040966419346058
xover-m05-g2-L5p3-n2-beta3__N0040__Aplus_0p005,xover-m05-g2-L5p3-n2-beta3__N0040__Aminus_0p005,xover-m05-g2-L5p3-n2-beta3,40,0.005,2,0.265,1.0047333330944874,1.0039444018934978
xover-m05-g2-L5p3-n2-beta3__N0040__Aplus_0p005,xover-m05-g2-L5p3-n2-beta3__N0040__Aminus_0p005,xover-m05-g2-L5p3-n2-beta3,40,0.005,3,0.3975,1.0044356291027143,1.0036948182618644
xover-m05-g2-L5p3-n2-beta3__N0040__Aplus_0p005,xover-m05-g2-L5p3-n2-beta3__N0040__Aminus_0p005,xover-m05-g2-L5p3-n2-beta3,40,0.005,4,0.53,1.0040288896126344,1.0033540103406668
xover-m05-g2-L5p3-n2-beta3__N0040__Aplus_0p005,xover-m05-g2-L5p3-n2-beta3__N0040__Aminus_0p005,xover-m05-g2-L5p3-n2-beta3,40,0.005,5,0.6625000000000001,1.0035228948928063,1.0029303369047906
xover-m05-g2-L5p3-n2-beta3__N0040__Aplus_0p005,xover-m05-g2-L5p3-n2-beta3__N0040__Aminus_0p005,xover-m05-g2-L5p3-n2-beta3,40,0.005,6,0.795,1.0029298436873204,1.0024341936623713
xover-m05-g2-L5p3-n2-beta3__N0040__Aplus_0p005,xover-m05-g2-L5p3-n2-beta3__N0040__Aminus_0p005,xover-m05-g2-L5p3-n2-beta3,40,0.005,7,0.9275,1.0022640783388463,1.0018777608933962
xover-m05-g2-L5p3-n2-beta3__N0040__Aplus_0p005,xover-m05-g2-L5p3-n2-beta3__N0040__Aminus_0p005,xover-m05-g2-L5p3-n2-beta3,40,0.005,8,1.06,1.0015417571348437,1.0012747071192052
xover-m05-g2-L5p3-n2-beta3__N0040__Aplus_0p005,xover-m05-g2-L5p3-n2-beta3__N0040__Aminus_0p005,xover-m05-g2-L5p3-n2-beta3,40,0.005,9,1.1925000000000001,1.0007804794487594,1.000639855743008
xover-m05-g2-L5p3-n2-beta3__N0040__Aplus_0p005,xover-m05-g2-L5p3-n2-beta3__N0040__Aminus_0p005,xover-m05-g2-L5p3-n2-beta3,40,0.005,10,1.3250000000000002,0.9999988706530683,0.9999888225551972
xover-m05-g2-L5p3-n2-beta3__N0040__Aplus_0p005,xover-m05-g2-L5p3-n2-beta3__N0040__Aminus_0p005,xover-m05-g2-L5p3-n2-beta3,40,0.005,11,1.4575,0.9992161352351691,0.9993376327875428
xover-m05-g2-L5p3-n2-beta3__N0040__Aplus_0p005,xover-m05-g2-L5p3-n2-beta3__N0040__Aminus_0p005,xover-m05-g2-L5p3-n2-beta3,40,0.005,12,1.59,0.9984515879694325,0.9987023269997382
xover-m05-g2-L5p3-n2-beta3__N0040__Aplus_0p005,xover-m05-g2-L5p3-n2-beta3__N0040__Aminus_0p005,xover-m05-g2-L5p3-n2-beta3,40,0.005,13,1.7225000000000001,0.9977241742915531,0.9980985654652353
xover-m05-g2-L5p3-n2-beta3__N0040__Aplus_0p005,xover-m05-g2-L5p3-n2-beta3__N0040__Aminus_0p005,xover-m05-g2-L5p3-n2-beta3,40,0.005,14,1.855,0.9970519920790853,0.9975412408703327
xover-m05-g2-L5p3-n2-beta3__N0040__Aplus_0p005,xover-m05-g2-L5p3-n2-beta3__N0040__Aminus_0p005,xover-m05-g2-L5p3-n2-beta3,40,0.005,15,1.9875,0.9964518277608277,0.9970441090365912
xover-m05-g2-L5p3-n2-beta3__N0040__Aplus_0p005,xover-m05-g2-L5p3-n2-beta3__N0040__Aminus_0p005,xover-m05-g2-L5p3-n2-beta3,40,0.005,16,2.12,0.9959387199658293,0.9966194470150015
xover-m05-g2-L5p3-n2-beta3__N0040__Aplus_0p005,xover-m05-g2-L5p3-n2-beta3__N0040__Aminus_0p005,xover-m05-g2-L5p3-n2-beta3,40,0.005,17,2.2525,0.9955255637101968,0.99627774728256
xover-m05-g2-L5p3-n2-beta3__N0040__Aplus_0p005,xover-m05-g2-L5p3-n2-beta3__N0040__Aminus_0p005,xover-m05-g2-L5p3-n2-beta3,40,0.005,18,2.3850000000000002,0.9952227673662271,0.9960274559087645
xover-m05-g2-L5p3-n2-beta3__N0040__Aplus_0p005,xover-m05-g2-L5p3-n2-beta3__N0040__Aminus_0p005,xover-m05-g2-L5p3-n2-beta3,40,0.005,19,2.5175,0.9950379733583993,0.9958747614707326
xover-m05-g2-L5p3-n2-beta3__N0040__Aplus_0p005,xover-m05-g2-L5p3-n2-beta3__N0040__Aminus_0p005,xover-m05-g2-L5p3-n2-beta3,40,0.005,20,2.6500000000000004,0.9949758517166962,0.9958234402093565
xover-m05-g2-L5p3-n2-beta3__N0040__Aplus_0p005,xover-m05-g2-L5p3-n2-beta3__N0040__Aminus_0p005,xover-m05-g2-L5p3-n2-beta3,40,0.005,21,2.7825,0.9950379733583993,0.9958747614707327
xover-m05-g2-L5p3-n2-beta3__N0040__Aplus_0p005,xover-m05-g2-L5p3-n2-beta3__N0040__Aminus_0p005,xover-m05-g2-L5p3-n2-beta3,40,0.005,22,2.915,0.995222767366227,0.9960274559087648
xover-m05-g2-L5p3-n2-beta3__N0040__Aplus_0p005,xover-m05-g2-L5p3-n2-beta3__N0040__Aminus_0p005,xover-m05-g2-L5p3-n2-beta3,40,0.005,23,3.0475000000000003,0.9955255637101967,0.9962777472825605
xover-m05-g2-L5p3-n2-beta3__N0040__Aplus_0p005,xover-m05-g2-L5p3-n2-beta3__N0040__Aminus_0p005,xover-m05-g2-L5p3-n2-beta3,40,0.005,24,3.18,0.9959387199658291,0.9966194470150018
xover-m05-g2-L5p3-n2-beta3__N0040__Aplus_0p005,xover-m05-g2-L5p3-n2-beta3__N0040__Aminus_0p005,xover-m05-g2-L5p3-n2-beta3,40,0.005,25,3.3125,0.9964518277608275,0.9970441090365915
xover-m05-g2-L5p3-n2-beta3__N0040__Aplus_0p005,xover-m05-g2-L5p3-n2-beta3__N0040__Aminus_0p005,xover-m05-g2-L5p3-n2-beta3,40,0.005,26,3.4450000000000003,0.9970519920790851,0.9975412408703329
xover-m05-g2-L5p3-n2-beta3__N0040__Aplus_0p005,xover-m05-g2-L5p3-n2-beta3__N0040__Aminus_0p005,xover-m05-g2-L5p3-n2-beta3,40,0.005,27,3.5775,0.9977241742915529,0.9980985654652353
xover-m05-g2-L5p3-n2-beta3__N0040__Aplus_0p005,xover-m05-g2-L5p3-n2-beta3__N0040__Aminus_0p005,xover-m05-g2-L5p3-n2-beta3,40,0.005,28,3.71,0.9984515879694322,0.998702326999738
xover-m05-g2-L5p3-n2-beta3__N0040__Aplus_0p005,xover-m05-g2-L5p3-n2-beta3__N0040__Aminus_0p005,xover-m05-g2-L5p3-n2-beta3,40,0.005,29,3.8425000000000002,0.9992161352351688,0.9993376327875426
xover-m05-g2-L5p3-n2-beta3__N0040__Aplus_0p005,xover-m05-g2-L5p3-n2-beta3__N0040__Aminus_0p005,xover-m05-g2-L5p3-n2-beta3,40,0.005,30,3.975,0.999998870653068,0.999988822555197
xover-m05-g2-L5p3-n2-beta3__N0040__Aplus_0p005,xover-m05-g2-L5p3-n2-beta3__N0040__Aminus_0p005,xover-m05-g2-L5p3-n2-beta3,40,0.005,31,4.1075,1.0007804794487591,1.000639855743008
xover-m05-g2-L5p3-n2-beta3__N0040__Aplus_0p005,xover-m05-g2-L5p3-n2-beta3__N0040__Aminus_0p005,xover-m05-g2-L5p3-n2-beta3,40,0.005,32,4.24,1.001541757134844,1.0012747071192054
xover-m05-g2-L5p3-n2-beta3__N0040__Aplus_0p005,xover-m05-g2-L5p3-n2-beta3__N0040__Aminus_0p005,xover-m05-g2-L5p3-n2-beta3,40,0.005,33,4.3725000000000005,1.0022640783388466,1.0018777608933964
xover-m05-g2-L5p3-n2-beta3__N0040__Aplus_0p005,xover-m05-g2-L5p3-n2-beta3__N0040__Aminus_0p005,xover-m05-g2-L5p3-n2-beta3,40,0.005,34,4.505,1.0029298436873206,1.0024341936623713
xover-m05-g2-L5p3-n2-beta3__N0040__Aplus_0p005,xover-m05-g2-L5p3-n2-beta3__N0040__Aminus_0p005,xover-m05-g2-L5p3-n2-beta3,40,0.005,35,4.6375,1.0035228948928068,1.0029303369047908
xover-m05-g2-L5p3-n2-beta3__N0040__Aplus_0p005,xover-m05-g2-L5p3-n2-beta3__N0040__Aminus_0p005,xover-m05-g2-L5p3-n2-beta3,40,0.005,36,4.7700000000000005,1.004028889612635,1.0033540103406673
xover-m05-g2-L5p3-n2-beta3__N0040__Aplus_0p005,xover-m05-g2-L5p3-n2-beta3__N0040__Aminus_0p005,xover-m05-g2-L5p3-n2-beta3,40,0.005,37,4.9025,1.004435629102715,1.003694818261865
xover-m05-g2-L5p3-n2-beta3__N0040__Aplus_0p005,xover-m05-g2-L5p3-n2-beta3__N0040__Aminus_0p005,xover-m05-g2-L5p3-n2-beta3,40,0.005,38,5.035,1.004733333094488,1.0039444018934987
xover-m05-g2-L5p3-n2-beta3__N0040__Aplus_0p005,xover-m05-g2-L5p3-n2-beta3__N0040__Aminus_0p005,xover-m05-g2-L5p3-n2-beta3,40,0.005,39,5.1675,1.004914857621105,1.004096641934607
xover-m05-g2-L5p3-n2-beta3__N0040__Aplus_0p005,xover-m05-g2-L5p3-n2-beta3__N0040__Aminus_0p005,xover-m05-g2-L5p3-n2-beta3,40,0.005,40,5.3,1.0049758526782013,1.0041478066217484
xover-m05-g2-L5p3-n2-beta3__N0040__Aplus_0p01,xover-m05-g2-L5p3-n2-beta3__N0040__Aminus_0p01,xover-m05-g2-L5p3-n2-beta3,40,0.01,0,0.0,1.0099034200933446,1.008266376496006
xover-m05-g2-L5p3-n2-beta3__N0040__Aplus_0p01,xover-m05-g2-L5p3-n2-beta3__N0040__Aminus_0p01,xover-m05-g2-L5p3-n2-beta3,40,0.01,1,0.1325,1.0097825556774749,1.0081642119246015
xover-m05-g2-L5p3-n2-beta3__N0040__Aplus_0p01,xover-m05-g2-L5p3-n2-beta3__N0040__Aminus_0p01,xover-m05-g2-L5p3-n2-beta3,40,0.01,2,0.265,1.0094227736020387,1.007860210207616
xover-m05-g2-L5p3-n2-beta3__N0040__Aplus_0p01,xover-m05-g2-L5p3-n2-beta3__N0040__Aminus_0p01,xover-m05-g2-L5p3-n2-beta3,40,0.01,3,0.3975,1.0088324542812253,1.007361788372033
xover-m05-g2-L5p3-n2-beta3__N0040__Aplus_0p01,xover-m05-g2-L5p3-n2-beta3__N0040__Aminus_0p01,xover-m05-g2-L5p3-n2-beta3,40,0.01,4,0.53,1.0080253878018004,1.006681112780067
xover-m05-g2-L5p3-n2-beta3__N0040__Aplus_0p01,xover-m05-g2-L5p3-n2-beta3__N0040__Aminus_0p01,xover-m05-g2-L5p3-n2-beta3,40,0.01,5,0.6625000000000001,1.0070205072567668,1.0058348103024062
xover-m05-g2-L5p3-n2-beta3__N0040__Aplus_0p01,xover-m05-g2-L5p3-n2-beta3__N0040__Aminus_0p01,xover-m05-g2-L5p3-n2-beta3,40,0.01,6,0.795,1.0058415144399293,1.0048435723480031
xover-m05-g2-L5p3-n2-beta3__N0040__Aplus_0p01,xover-m05-g2-L5p3-n2-beta3__N0040__Aminus_0p01,xover-m05-g2-L5p3-n2-beta3,40,0.01,7,0.9275,1.0045163981471978,1.003731660107836
xover-m05-g2-L5p3-n2-beta3__N0040__Aplus_0p01,xover-m05-g2-L5p3-n2-beta3__N0040__Aminus_0p01,xover-m05-g2-L5p3-n2-beta3,40,0.01,8,1.06,1.0030768469828717,1.002526321685701
xover-m05-g2-L5p3-n2-beta3__N0040__Aplus_0p01,xover-m05-g2-L5p3-n2-beta3__N0040__Aminus_0p01,xover-m05-g2-L5p3-n2-beta3,40,0.01,9,1.1925000000000001,1.0015575611460563,1.0012571340041778
xover-m05-g2-L5p3-n2-beta3__N0040__Aplus_0p01,xover-m05-g2-L5p3-n2-beta3__N0040__Aminus_0p01,xover-m05-g2-L5p3-n2-beta3,40,0.01,10,1.3250000000000002,0.9999954711172486,0.9999552844243695
xover-m05-g2-L5p3-n2-beta3__N0040__Aplus_0p01,xover-m05-g2-L5p3-n2-beta3__N0040__Aminus_0p01,xover-m05-g2-L5p3-n2-beta3,40,0.01,11,1.4575,0.9984288753039496,0.9986528088267723
xover-m05-g2-L5p3-n2-beta3__N0040__Aplus_0p01,xover-m05-g2-L5p3-n2-beta3__N0040__Aminus_0p01,xover-m05-g2-L5p3-n2-beta3,40,0.01,12,1.59,0.9968965132566822,0.9973818043836067
xover-m05-g2-L5p3-n2-beta3__N0040__Aplus_0p01,xover-m05-g2-L5p3-n2-beta3__N0040__Aminus_0p01,xover-m05-g2-L5p3-n2-beta3,40,0.01,13,1.7225000000000001,0.9954365956702224,0.996173636326622
xover-m05-g2-L5p3-n2-beta3__N0040__Aplus_0p01,xover-m05-g2-L5p3-n2-beta3__N0040__Aminus_0p01,xover-m05-g2-L5p3-n2-beta3,40,0.01,14,1.855,0.9940858166274803,0.9950581586040051
xover-m05-g2-L5p3-n2-beta3__N0040__Aplus_0p01,xover-m05-g2-L5p3-n2-beta3__N0040__Aminus_0p01,xover-m05-g2-L5p3-n2-beta3,40,0.01,15,1.9875,0.9928783770052343,0.9940629683671728
xover-m05-g2-L5p3-n2-beta3__N0040__Aplus_0p01,xover-m05-g2-L5p3-n2-beta3__N0040__Aminus_0p01,xover-m05-g2-L5p3-n2-beta3,40,0.01,16,2.12,0.9918450502563646,0.993212713696784
xover-m05-g2-L5p3-n2-beta3__N0040__Aplus_0p01,xover-m05-g2-L5p3-n2-beta3__N0040__Aminus_0p01,xover-m05-g2-L5p3-n2-beta3,40,0.01,17,2.2525,0.9910123226018668,0.9925284728572096
xover-m05-g2-L5p3-n2-beta3__N0040__Aplus_0p01,xover-m05-g2-L5p3-n2-beta3__N0040__Aminus_0p01,xover-m05-g2-L5p3-n2-beta3,40,0.01,18,2.3850000000000002,0.9904016388056492,0.9920272216770571
xover-m05-g2-L5p3-n2-beta3__N0040__Aplus_0p01,xover-m05-g2-L5p3-n2-beta3__N0040__Aminus_0p01,xover-m05-g2-L5p3-n2-beta3,40,0.01,19,2.5175,0.9900287820946985,0.9917214034332709
xover-m05-g2-L5p3-n2-beta3__N0040__Aplus_0p01,xover-m05-g2-L5p3-n2-beta3__N0040__Aminus_0p01,xover-m05-g2-L5p3-n2-beta3,40,0.01,20,2.6500000000000004,0.9899034124959102,0.9916186129337791
xover-m05-g2-L5p3-n2-beta3__N0040__Aplus_0p01,xover-m05-g2-L5p3-n2-beta3__N0040__Aminus_0p01,xover-m05-g2-L5p3-n2-beta3,40,0.01,21,2.7825,0.9900287820946989,0.9917214034332714
xover-m05-g2-L5p3-n2-beta3__N0040__Aplus_0p01,xover-m05-g2-L5p3-n2-beta3__N0040__Aminus_0p01,xover-m05-g2-L5p3-n2-beta3,40,0.01,22,2.915,0.9904016388056502,0.9920272216770583
xover-m05-g2-L5p3-n2-beta3__N0040__Aplus_0p01,xover-m05-g2-L5p3-n2-beta3__N0040__Aminus_0p01,xover-m05-g2-L5p3-n2-beta3,40,0.01,23,3.0475000000000003,0.9910123226018682,0.9925284728572112
xover-m05-g2-L5p3-n2-beta3__N0040__Aplus_0p01,xover-m05-g2-L5p3-n2-beta3__N0040__Aminus_0p01,xover-m05-g2-L5p3-n2-beta3,40,0.01,24,3.18,0.9918450502563665,0.9932127136967862
xover-m05-g2-L5p3-n2-beta3__N0040__Aplus_0p01,xover-m05-g2-L5p3-n2-beta3__N0040__Aminus_0p01,xover-m05-g2-L5p3-n2-beta3,40,0.01,25,3.3125,0.9928783770052366,0.9940629683671754
xover-m05-g2-L5p3-n2-beta3__N0040__Aplus_0p01,xover-m05-g2-L5p3-n2-beta3__N0040__Aminus_0p01,xover-m05-g2-L5p3-n2-beta3,40,0.01,26,3.4450000000000003,0.994085816627483,0.9950581586040083
xover-m05-g2-L5p3-n2-beta3__N0040__Aplus_0p01,xover-m05-g2-L5p3-n2-beta3__N0040__Aminus_0p01,xover-m05-g2-L5p3-n2-beta3,40,0.01,27,3.5775,0.9954365956702255,0.9961736363266253
xover-m05-g2-L5p3-n2-beta3__N0040__Aplus_0p01,xover-m05-g2-L5p3-n2-beta3__N0040__Aminus_0p01,xover-m05-g2-L5p3-n2-beta3,40,0.01,28,3.71,0.9968965132566855,0.99738180438361
xover-m05-g2-L5p3-n2-beta3__N0040__Aplus_0p01,xover-m05-g2-L5p3-n2-beta3__N0040__Aminus_0p01,xover-m05-g2-L5p3-n2-beta3,40,0.01,29,3.8425000000000002,0.9984288753039533,0.9986528088267758
xover-m05-g2-L5p3-n2-beta3__N0040__Aplus_0p01,xover-m05-g2-L5p3-n2-beta3__N0040__Aminus_0p01,xover-m05-g2-L5p3-n2-beta3,40,0.01,30,3.975,0.9999954711172524,0.9999552844243732
xover-m05-g2-L5p3-n2-beta3__N0040__Aplus_0p01,xover-m05-g2-L5p3-n2-beta3__N0040__Aminus_0p01,xover-m05-g2-L5p3-n2-beta3,40,0.01,31,4.1075,1.00155756114606,1.0012571340041818
xover-m05-g2-L5p3-n2-beta3__N0040__Aplus_0p01,xover-m05-g2-L5p3-n2-beta3__N0040__Aminus_0p01,xover-m05-g2-L5p3-n2-beta3,40,0.01,32,4.24,1.0030768469828755,1.0025263216857054
xover-m05-g2-L5p3-n2-beta3__N0040__Aplus_0p01,xover-m05-g2-L5p3-n2-beta3__N0040__Aminus_0p01,xover-m05-g2-L5p3-n2-beta3,40,0.01,33,4.3725000000000005,1.0045163981472014,1.003731660107841
xover-m05-g2-L5p3-n2-beta3__N0040__Aplus_0p01,xover-m05-g2-L5p3-n2-beta3__N0040__Aminus_0p01,xover-m05-g2-L5p3-n2-beta3,40,0.01,34,4.505,1.0058415144399326,1.004843572348008
xover-m05-g2-L5p3-n2-beta3__N0040__Aplus_0p01,xover-m05-g2-L5p3-n2-beta3__N0040__Aminus_0p01,xover-m05-g2-L5p3-n2-beta3,40,0.01,35,4.6375,1.0070205072567697,1.0058348103024113
xover-m05-g2-L5p3-n2-beta3__N0040__Aplus_0p01,xover-m05-g2-L5p3-n2-beta3__N0040__Aminus_0p01,xover-m05-g2-L5p3-n2-beta3,40,0.01,36,4.7700000000000005,1.0080253878018033,1.0066811127800723
xover-m05-g2-L5p3-n2-beta3__N0040__Aplus_0p01,xover-m05-g2-L5p3-n2-beta3__N0040__Aminus_0p01,xover-m05-g2-L5p3-n2-beta3,40,0.01,37,4.9025,1.0088324542812277,1.0073617883720385
xover-m05-g2-L5p3-n2-beta3__N0040__Aplus_0p01,xover-m05-g2-L5p3-n2-beta3__N0040__Aminus_0p01,xover-m05-g2-L5p3-n2-beta3,40,0.01,38,5.035,1.0094227736020411,1.0078602102076217
xover-m05-g2-L5p3-n2-beta3__N0040__Aplus_0p01,xover-m05-g2-L5p3-n2-beta3__N0040__Aminus_0p01,xover-m05-g2-L5p3-n2-beta3,40,0.01,39,5.1675,1.0097825556774773,1.0081642119246075
xover-m05-g2-L5p3-n2-beta3__N0040__Aplus_0p01,xover-m05-g2-L5p3-n2-beta3__N0040__Aminus_0p01,xover-m05-g2-L5p3-n2-beta3,40,0.01,40,5.3,1.0099034200933468,1.0082663764960118
xover-m05-g2-L5p3-n2-beta3__N0040__Aplus_0p02,xover-m05-g2-L5p3-n2-beta3__N0040__Aminus_0p02,xover-m05-g2-L5p3-n2-beta3,40,0.02,0,0.0,1.0196138141002307,1.016413882765455
xover-m05-g2-L5p3-n2-beta3__N0040__Aplus_0p02,xover-m05-g2-L5p3-n2-beta3__N0040__Aminus_0p02,xover-m05-g2-L5p3-n2-beta3,40,0.02,1,0.1325,1.0193765789131308,1.0162102438966667
xover-m05-g2-L5p3-n2-beta3__N0040__Aplus_0p02,xover-m05-g2-L5p3-n2-beta3__N0040__Aminus_0p02,xover-m05-g2-L5p3-n2-beta3,40,0.02,2,0.265,1.0186700566875921,1.0156042444693563
xover-m05-g2-L5p3-n2-beta3__N0040__Aplus_0p02,xover-m05-g2-L5p3-n2-beta3__N0040__Aminus_0p02,xover-m05-g2-L5p3-n2-beta3,40,0.02,3,0.3975,1.017509733920171,1.0146105250936557
xover-m05-g2-L5p3-n2-beta3__N0040__Aplus_0p02,xover-m05-g2-L5p3-n2-beta3__N0040__Aminus_0p02,xover-m05-g2-L5p3-n2-beta3,40,0.02,4,0.53,1.015921205126574,1.0132531186324432
xover-m05-g2-L5p3-n2-beta3__N0040__Aplus_0p02,xover-m05-g2-L5p3-n2-beta3__N0040__Aminus_0p02,xover-m05-g2-L5p3-n2-beta3,40,0.02,5,0.6625000000000001,1.0139398329228906,1.0115649036781744
xover-m05-g2-L5p3-n2-beta3__N0040__Aplus_0p02,xover-m05-g2-L5p3-n2-beta3__N0040__Aminus_0p02,xover-m05-g2-L5p3-n2-beta3,40,0.02,6,0.795,1.0116102436332073,1.0095868511686767
xover-m05-g2-L5p3-n2-beta3__N0040__Aplus_0p02,xover-m05-g2-L5p3-n2-beta3__N0040__Aminus_0p02,xover-m05-g2-L5p3-n2-beta3,40,0.02,7,0.9275,1.0089856352886215,1.007367076592313
xover-m05-g2-L5p3-n2-beta3__N0040__Aplus_0p02,xover-m05-g2-L5p3-n2-beta3__N0040__Aminus_0p02,xover-m05-g2-L5p3-n2-beta3,40,0.02,8,1.06,1.0061268753896673,1.0049597146148572
xover-m05-g2-L5p3-n2-beta3__N0040__Aplus_0p02,xover-m05-g2-L5p3-n2-beta3__N0040__Aminus_0p02,xover-m05-g2-L5p3-n2-beta3,40,0.02,9,1.1925000000000001,1.003101370699439,1.0024236376779068
xover-m05-g2-L5p3-n2-beta3__N0040__Aplus_0p02,xover-m05-g2-L5p3-n2-beta3__N0040__Aminus_0p02,xover-m05-g2-L5p3-n2-beta3,40,0.02,10,1.3250000000000002,0.9999817005963533,0.9998210449864607
xover-m05-g2-L5p3-n2-beta3__N0040__Aplus_0p02,xover-m05-g2-L5p3-n2-beta3__N0040__Aminus_0p02,xover-m05-g2-L5p3-n2-beta3,40,0.02,11,1.4575,0.9968440186224768,0.99721595304799
xover-m05-g2-L5p3-n2-beta3__N0040__Aplus_0p02,xover-m05-g2-L5p3-n2-beta3__N0040__Aminus_0p02,xover-m05-g2-L5p3-n2-beta3,40,0.02,12,1.59,0.9937662428137046,0.9946726232172513
xover-m05-g2-L5p3-n2-beta3__N0040__Aplus_0p02,xover-m05-g2-L5p3-n2-beta3__N0040__Aminus_0p02,xover-m05-g2-L5p3-n2-beta3,40,0.02,13,1.7225000000000001,0.9908260727871975,0.992253965195963
xover-m05-g2-L5p3-n2-beta3__N0040__Aplus_0p02,xover-m05-g2-L5p3-n2-beta3__N0040__Aminus_0p02,xover-m05-g2-L5p3-n2-beta3,40,0.02,14,1.855,0.9880988887188945,0.9900199578198942
xover-m05-g2-L5p3-n2-beta3__N0040__Aplus_0p02,xover-m05-g2-L5p3-n2-beta3__N0040__Aminus_0p02,xover-m05-g2-L5p3-n2-beta3,40,0.02,15,1.9875,0.9856556025140985,0.9880261294932383
xover-m05-g2-L5p3-n2-beta3__N0040__Aplus_0p02,xover-m05-g2-L5p3-n2-beta3__N0040__Aminus_0p02,xover-m05-g2-L5p3-n2-beta3,40,0.02,16,2.12,0.983560543017463,0.9863221401546877
xover-m05-g2-L5p3-n2-beta3__N0040__Aplus_0p02,xover-m05-g2-L5p3-n2-beta3__N0040__Aminus_0p02,xover-m05-g2-L5p3-n2-beta3,40,0.02,17,2.2525,0.9818694636912928,0.9849505046450887
xover-m05-g2-L5p3-n2-beta3__N0040__Aplus_0p02,xover-m05-g2-L5p3-n2-beta3__N0040__Aminus_0p02,xover-m05-g2-L5p3-n2-beta3,40,0.02,18,2.3850000000000002,0.980627761934285,0.9839454938624406
xover-m05-g2-L5p3-n2-beta3__N0040__Aplus_0p02,xover-m05-g2-L5p3-n2-beta3__N0040__Aminus_0p02,xover-m05-g2-L5p3-n2-beta3,40,0.02,19,2.5175,0.9798689937813457,0.9833322452926604
xover-m05-g2-L5p3-n2-beta3__N0040__Aplus_0p02,xover-m05-g2-L5p3-n2-beta3__N0040__Aminus_0p02,xover-m05-g2-L5p3-n2-beta3,40,0.02,20,2.6500000000000004,0.9796137563456156,0.9831261086097235
xover-m05-g2-L5p3-n2-beta3__N0040__Aplus_0p02,xover-m05-g2-L5p3-n2-beta3__N0040__Aminus_0p02,xover-m05-g2-L5p3-n2-beta3,40,0.02,21,2.7825,0.9798689937813456,0.9833322452926602
xover-m05-g2-L5p3-n2-beta3__N0040__Aplus_0p02,xover-m05-g2-L5p3-n2-beta3__N0040__Aminus_0p02,xover-m05-g2-L5p3-n2-beta3,40,0.02,22,2.915,0.9806277619342848,0.9839454938624403
xover-m05-g2-L5p3-n2-beta3__N0040__Aplus_0p02,xover-m05-g2-L5p3-n2-beta3__N0040__Aminus_0p02,xover-m05-g2-L5p3-n2-beta3,40,0.02,23,3.0475000000000003,0.9818694636912925,0.9849505046450883
xover-m05-g2-L5p3-n2-beta3__N0040__Aplus_0p02,xover-m05-g2-L5p3-n2-beta3__N0040__Aminus_0p02,xover-m05-g2-L5p3-n2-beta3,40,0.02,24,3.18,0.9835605430174627,0.9863221401546871
xover-m05-g2-L5p3-n2-beta3__N0040__Aplus_0p02,xover-m05-g2-L5p3-n2-beta3__N0040__Aminus_0p02,xover-m05-g2-L5p3-n2-beta3,40,0.02,25,3.3125,0.985655602514098,0.9880261294932376
xover-m05-g2-L5p3-n2-beta3__N0040__Aplus_0p02,xover-m05-g2-L5p3-n2-beta3__N0040__Aminus_0p02,xover-m05-g2-L5p3-n2-beta3,40,0.02,26,3.4450000000000003,0.9880988887188941,0.9900199578198932
xover-m05-g2-L5p3-n2-beta3__N0040__Aplus_0p02,xover-m05-g2-L5p3-n2-beta3__N0040__Aminus_0p02,xover-m05-g2-L5p3-n2-beta3,40,0.02,27,3.5775,0.9908260727871969,0.9922539651959618
xover-m05-g2-L5p3-n2-beta3__N0040__Aplus_0p02,xover-m05-g2-L5p3-n2-beta3__N0040__Aminus_0p02,xover-m05-g2-L5p3-n2-beta3,40,0.02,28,3.71,0.993766242813704,0.9946726232172497
xover-m05-g2-L5p3-n2-beta3__N0040__Aplus_0p02,xover-m05-g2-L5p3-n2-beta3__N0040__Aminus_0p02,xover-m05-g2-L5p3-n2-beta3,40,0.02,29,3.8425000000000002,0.9968440186224762,0.9972159530479883
xover-m05-g2-L5p3-n2-beta3__N0040__Aplus_0p02,xover-m05-g2-L5p3-n2-beta3__N0040__Aminus_0p02,xover-m05-g2-L5p3-n2-beta3,40,0.02,30,3.975,0.9999817005963524,0.9998210449864589
xover-m05-g2-L5p3-n2-beta3__N0040__Aplus_0p02,xover-m05-g2-L5p3-n2-beta3__N0040__Aminus_0p02,xover-m05-g2-L5p3-n2-beta3,40,0.02,31,4.1075,1.003101370699438,1.0024236376779048
xover-m05-g2-L5p3-n2-beta3__N0040__Aplus_0p02,xover-m05-g2-L5p3-n2-beta3__N0040__Aminus_0p02,xover-m05-g2-L5p3-n2-beta3,40,0.02,32,4.24,1.0061268753896662,1.0049597146148552
xover-m05-g2-L5p3-n2-beta3__N0040__Aplus_0p02,xover-m05-g2-L5p3-n2-beta3__N0040__Aminus_0p02,xover-m05-g2-L5p3-n2-beta3,40,0.02,33,4.3725000000000005,1.0089856352886206,1.007367076592311
xover-m05-g2-L5p3-n2-beta3__N0040__Aplus_0p02,xover-m05-g2-L5p3-n2-beta3__N0040__Aminus_0p02,xover-m05-g2-L5p3-n2-beta3,40,0.02,34,4.505,1.0116102436332062,1.009586851168675
xover-m05-g2-L5p3-n2-beta3__N0040__Aplus_0p02,xover-m05-g2-L5p3-n2-beta3__N0040__Aminus_0p02,xover-m05-g2-L5p3-n2-beta3,40,0.02,35,4.6375,1.0139398329228895,1.0115649036781729
xover-m05-g2-L5p3-n2-beta3__N0040__Aplus_0p02,xover-m05-g2-L5p3-n2-beta3__N0040__Aminus_0p02,xover-m05-g2-L5p3-n2-beta3,40,0.02,36,4.7700000000000005,1.0159212051265727,1.0132531186324416
xover-m05-g2-L5p3-n2-beta3__N0040__Aplus_0p02,xover-m05-g2-L5p3-n2-beta3__N0040__Aminus_0p02,xover-m05-g2-L5p3-n2-beta3,40,0.02,37,4.9025,1.0175097339201697,1.0146105250936543
xover-m05-g2-L5p3-n2-beta3__N0040__Aplus_0p02,xover-m05-g2-L5p3-n2-beta3__N0040__Aminus_0p02,xover-m05-g2-L5p3-n2-beta3,40,0.02,38,5.035,1.0186700566875906,1.0156042444693547
xover-m05-g2-L5p3-n2-beta3__N0040__Aplus_0p02,xover-m05-g2-L5p3-n2-beta3__N0040__Aminus_0p02,xover-m05-g2-L5p3-n2-beta3,40,0.02,39,5.1675,1.0193765789131293,1.016210243896665
xover-m05-g2-L5p3-n2-beta3__N0040__Aplus_0p02,xover-m05-g2-L5p3-n2-beta3__N0040__Aminus_0p02,xover-m05-g2-L5p3-n2-beta3,40,0.02,40,5.3,1.019613814100229,1.0164138827654532
xover-m05-g2-L5p3-n2-beta3__N0080__Aminus_0p02,xover-m05-g2-L5p3-n2-beta3__N0080__Aplus_0p02,xover-m05-g2-L5p3-n2-beta3,80,-0.02,0,0.0,0.9796169553439711,0.9831449637193557
xover-m05-g2-L5p3-n2-beta3__N0080__Aminus_0p02,xover-m05-g2-L5p3-n2-beta3__N0080__Aplus_0p02,xover-m05-g2-L5p3-n2-beta3,80,-0.02,1,0.06625,0.9796808545879936,0.9831965255138262
xover-m05-g2-L5p3-n2-beta3__N0080__Aminus_0p02,xover-m05-g2-L5p3-n2-beta3__N0080__Aplus_0p02,xover-m05-g2-L5p3-n2-beta3,80,-0.02,2,0.1325,0.9798721169330715,0.9833508877048706
xover-m05-g2-L5p3-n2-beta3__N0080__Aminus_0p02,xover-m05-g2-L5p3-n2-beta3__N0080__Aplus_0p02,xover-m05-g2-L5p3-n2-beta3,80,-0.02,3,0.19875,0.980189439919229,0.983607082826779
xover-m05-g2-L5p3-n2-beta3__N0080__Aminus_0p02,xover-m05-g2-L5p3-n2-beta3__N0080__Aplus_0p02,xover-m05-g2-L5p3-n2-beta3,80,-0.02,4,0.265,0.9806306650690058,0.9839635054593993
xover-m05-g2-L5p3-n2-beta3__N0080__Aminus_0p02,xover-m05-g2-L5p3-n2-beta3__N0080__Aplus_0p02,xover-m05-g2-L5p3-n2-beta3,80,-0.02,5,0.33125000000000004,0.9811927961559018,0.9844179227088283
xover-m05-g2-L5p3-n2-beta3__N0080__Aminus_0p02,xover-m05-g2-L5p3-n2-beta3__N0080__Aplus_0p02,xover-m05-g2-L5p3-n2-beta3,80,-0.02,6,0.3975,0.9818720244526673,0.9849674887740715
xover-m05-g2-L5p3-n2-beta3__N0080__Aminus_0p02,xover-m05-g2-L5p3-n2-beta3__N0080__Aplus_0p02,xover-m05-g2-L5p3-n2-beta3,80,-0.02,7,0.46375,0.9826637606390377,0.9856087634942943
xover-m05-g2-L5p3-n2-beta3__N0080__Aminus_0p02,xover-m05-g2-L5p3-n2-beta3__N0080__Aplus_0p02,xover-m05-g2-L5p3-n2-beta3,80,-0.02,8,0.53,0.983562672967012,0.986337734742536
xover-m05-g2-L5p3-n2-beta3__N0080__Aminus_0p02,xover-m05-g2-L5p3-n2-beta3__N0080__Aplus_0p02,xover-m05-g2-L5p3-n2-beta3,80,-0.02,9,0.5962500000000001,0.98456273120756,0.987149844504021
xover-m05-g2-L5p3-n2-beta3__N0080__Aminus_0p02,xover-m05-g2-L5p3-n2-beta3__N0080__Aplus_0p02,xover-m05-g2-L5p3-n2-beta3,80,-0.02,10,0.6625000000000001,0.9856572558370497,0.9880400184507475
xover-m05-g2-L5p3-n2-beta3__N0080__Aminus_0p02,xover-m05-g2-L5p3-n2-beta3__N0080__Aplus_0p02,xover-m05-g2-L5p3-n2-beta3,80,-0.02,11,0.72875,0.9868389718658961,0.9890026987990966
xover-m05-g2-L5p3-n2-beta3__N0080__Aminus_0p02,xover-m05-g2-L5p3-n2-beta3__N0080__Aplus_0p02,xover-m05-g2-L5p3-n2-beta3,80,-0.02,12,0.795,0.9881000666669033,0.990031880214036
xover-m05-g2-L5p3-n2-beta3__N0080__Aminus_0p02,xover-m05-g2-L5p3-n2-beta3__N0080__Aplus_0p02,xover-m05-g2-L5p3-n2-beta3,80,-0.02,13,0.8612500000000001,0.9894322511272785,0.9911211485023402
xover-m05-g2-L5p3-n2-beta3__N0080__Aminus_0p02,xover-m05-g2-L5p3-n2-beta3__N0080__Aplus_0p02,xover-m05-g2-L5p3-n2-beta3,80,-0.02,14,0.9275,0.9908268234268156,0.9922637218183458
xover-m05-g2-L5p3-n2-beta3__N0080__Aminus_0p02,xover-m05-g2-L5p3-n2-beta3__N0080__Aplus_0p02,xover-m05-g2-L5p3-n2-beta3,80,-0.02,15,0.99375,0.9922747347355357,0.9934524940893198
xover-m05-g2-L5p3-n2-beta3__N0080__Aminus_0p02,xover-m05-g2-L5p3-n2-beta3__N0080__Aplus_0p02,xover-m05-g2-L5p3-n2-beta3,80,-0.02,16,1.06,0.9937666561270772,0.9946800803537463
xover-m05-g2-L5p3-n2-beta3__N0080__Aminus_0p02,xover-m05-g2-L5p3-n2-beta3__N0080__Aplus_0p02,xover-m05-g2-L5p3-n2-beta3,80,-0.02,17,1.12625,0.995293046019022,0.9959388636948733
xover-m05-g2-L5p3-n2-beta3__N0080__Aminus_0p02,xover-m05-g2-L5p3-n2-beta3__N0080__Aplus_0p02,xover-m05-g2-L5p3-n2-beta3,80,-0.02,18,1.1925000000000001,0.9968442174775343,0.9972210434438459
xover-m05-g2-L5p3-n2-beta3__N0080__Aminus_0p02,xover-m05-g2-L5p3-n2-beta3__N0080__Aplus_0p02,xover-m05-g2-L5p3-n2-beta3,80,-0.02,19,1.25875,0.9984104047602769,0.9985186843217512
xover-m05-g2-L5p3-n2-beta3__N0080__Aminus_0p02,xover-m05-g2-L5p3-n2-beta3__N0080__Aplus_0p02,xover-m05-g2-L5p3-n2-beta3,80,-0.02,20,1.3250000000000002,0.9999818285174713,0.999823766187936
xover-m05-g2-L5p3-n2-beta3__N0080__Aminus_0p02,xover-m05-g2-L5p3-n2-beta3__N0080__Aplus_0p02,xover-m05-g2-L5p3-n2-beta3,80,-0.02,21,1.39125,1.0015487591248085,1.001128234063001
xover-m05-g2-L5p3-n2-beta3__N0080__Aminus_0p02,xover-m05-g2-L5p3-n2-beta3__N0080__Aplus_0p02,xover-m05-g2-L5p3-n2-beta3,80,-0.02,22,1.4575,1.0031015776822283,1.0024240480988449
xover-m05-g2-L5p3-n2-beta3__N0080__Aminus_0p02,xover-m05-g2-L5p3-n2-beta3__N0080__Aplus_0p02,xover-m05-g2-L5p3-n2-beta3,80,-0.02,23,1.5237500000000002,1.0046308342776908,1.0037032331748719
xover-m05-g2-L5p3-n2-beta3__N0080__Aminus_0p02,xover-m05-g2-L5p3-n2-beta3__N0080__Aplus_0p02,xover-m05-g2-L5p3-n2-beta3,80,-0.02,24,1.59,1.006127303183248,1.0049579278088074
xover-m05-g2-L5p3-n2-beta3__N0080__Aminus_0p02,xover-m05-g2-L5p3-n2-beta3__N0080__Aplus_0p02,xover-m05-g2-L5p3-n2-beta3,80,-0.02,25,1.65625,1.0075820347202318,1.0061804320822316
xover-m05-g2-L5p3-n2-beta3__N0080__Aminus_0p02,xover-m05-g2-L5p3-n2-beta3__N0080__Aplus_0p02,xover-m05-g2-L5p3-n2-beta3,80,-0.02,26,1.7225000000000001,1.0089864035994551,1.007363254294678
xover-m05-g2-L5p3-n2-beta3__N0080__Aminus_0p02,xover-m05-g2-L5p3-n2-beta3__N0080__Aplus_0p02,xover-m05-g2-L5p3-n2-beta3,80,-0.02,27,1.78875,1.0103321536092924,1.008499156075615
xover-m05-g2-L5p3-n2-beta3__N0080__Aminus_0p02,xover-m05-g2-L5p3-n2-beta3__N0080__Aplus_0p02,xover-m05-g2-L5p3-n2-beta3,80,-0.02,28,1.855,1.011611438587828,1.0095811957005267
xover-m05-g2-L5p3-n2-beta3__N0080__Aminus_0p02,xover-m05-g2-L5p3-n2-beta3__N0080__Aplus_0p02,xover-m05-g2-L5p3-n2-beta3,80,-0.02,29,1.9212500000000001,1.0128168596735005,1.0106027693752664
xover-m05-g2-L5p3-n2-beta3__N0080__Aminus_0p02,xover-m05-g2-L5p3-n2-beta3__N0080__Aplus_0p02,xover-m05-g2-L5p3-n2-beta3,80,-0.02,30,1.9875,1.0139414988806301,1.011557650271545
xover-m05-g2-L5p3-n2-beta3__N0080__Aminus_0p02,xover-m05-g2-L5p3-n2-beta3__N0080__Aplus_0p02,xover-m05-g2-L5p3-n2-beta3,80,-0.02,31,2.05375,1.0149789490908876,1.012440025115508
xover-m05-g2-L5p3-n2-beta3__N0080__Aminus_0p02,xover-m05-g2-L5p3-n2-beta3__N0080__Aplus_0p02,xover-m05-g2-L5p3-n2-beta3,80,-0.02,32,2.12,1.015923340588383,1.0132445281505211
xover-m05-g2-L5p3-n2-beta3__N0080__Aminus_0p02,xover-m05-g2-L5p3-n2-beta3__N0080__Aplus_0p02,xover-m05-g2-L5p3-n2-beta3,80,-0.02,33,2.1862500000000002,1.0167693642941016,1.0139662723142888
xover-m05-g2-L5p3-n2-beta3__N0080__Aminus_0p02,xover-m05-g2-L5p3-n2-beta3__N0080__Aplus_0p02,xover-m05-g2-L5p3-n2-beta3,80,-0.02,34,2.2525,1.0175122918746462,1.0146008774889967
xover-m05-g2-L5p3-n2-beta3__N0080__Aminus_0p02,xover-m05-g2-L5p3-n2-beta3__N0080__Aplus_0p02,xover-m05-g2-L5p3-n2-beta3,80,-0.02,35,2.31875,1.018147992910606,1.0151444957011495
xover-m05-g2-L5p3-n2-beta3__N0080__Aminus_0p02,xover-m05-g2-L5p3-n2-beta3__N0080__Aplus_0p02,xover-m05-g2-L5p3-n2-beta3,80,-0.02,36,2.3850000000000002,1.0186729493116353,1.0155938331650136
xover-m05-g2-L5p3-n2-beta3__N0080__Aminus_0p02,xover-m05-g2-L5p3-n2-beta3__N0080__Aplus_0p02,xover-m05-g2-L5p3-n2-beta3,80,-0.02,37,2.45125,1.019084267158898,1.015946169079996
xover-m05-g2-L5p3-n2-beta3__N0080__Aminus_0p02,xover-m05-g2-L5p3-n2-beta3__N0080__Aplus_0p02,xover-m05-g2-L5p3-n2-beta3,80,-0.02,38,2.5175,1.0193796861415896,1.0161993711078774
xover-m05-g2-L5p3-n2-beta3__N0080__Aminus_0p02,xover-m05-g2-L5p3-n2-beta3__N0080__Aplus_0p02,xover-m05-g2-L5p3-n2-beta3,80,-0.02,39,2.58375,1.0195575867336266,1.016351907470588
xover-m05-g2-L5p3-n2-beta3__N0080__Aminus_0p02,xover-m05-g2-L5p3-n2-beta3__N0080__Aplus_0p02,xover-m05-g2-L5p3-n2-beta3,80,-0.02,40,2.6500000000000004,1.0196169952302763,1.016402855623245
xover-m05-g2-L5p3-n2-beta3__N0080__Aminus_0p02,xover-m05-g2-L5p3-n2-beta3__N0080__Aplus_0p02,xover-m05-g2-L5p3-n2-beta3,80,-0.02,41,2.71625,1.0195575867336262,1.016351907470587
xover-m05-g2-L5p3-n2-beta3__N0080__Aminus_0p02,xover-m05-g2-L5p3-n2-beta3__N0080__Aplus_0p02,xover-m05-g2-L5p3-n2-beta3,80,-0.02,42,2.7825,1.019379686141589,1.0161993711078754
xover-m05-g2-L5p3-n2-beta3__N0080__Aminus_0p02,xover-m05-g2-L5p3-n2-beta3__N0080__Aplus_0p02,xover-m05-g2-L5p3-n2-beta3,80,-0.02,43,2.8487500000000003,1.019084267158897,1.015946169079993
xover-m05-g2-L5p3-n2-beta3__N0080__Aminus_0p02,xover-m05-g2-L5p3-n2-beta3__N0080__Aplus_0p02,xover-m05-g2-L5p3-n2-beta3,80,-0.02,44,2.915,1.0186729493116342,1.0155938331650096
xover-m05-g2-L5p3-n2-beta3__N0080__Aminus_0p02,xover-m05-g2-L5p3-n2-beta3__N0080__Aplus_0p02,xover-m05-g2-L5p3-n2-beta3,80,-0.02,45,2.98125,1.0181479929106045,1.0151444957011444
xover-m05-g2-L5p3-n2-beta3__N0080__Aminus_0p02,xover-m05-g2-L5p3-n2-beta3__N0080__Aplus_0p02,xover-m05-g2-L5p3-n2-beta3,80,-0.02,46,3.0475000000000003,1.0175122918746444,1.0146008774889905
xover-m05-g2-L5p3-n2-beta3__N0080__Aminus_0p02,xover-m05-g2-L5p3-n2-beta3__N0080__Aplus_0p02,xover-m05-g2-L5p3-n2-beta3,80,-0.02,47,3.11375,1.0167693642940991,1.0139662723142815
xover-m05-g2-L5p3-n2-beta3__N0080__Aminus_0p02,xover-m05-g2-L5p3-n2-beta3__N0080__Aplus_0p02,xover-m05-g2-L5p3-n2-beta3,80,-0.02,48,3.18,1.01592334058838,1.0132445281505127
xover-m05-g2-L5p3-n2-beta3__N0080__Aminus_0p02,xover-m05-g2-L5p3-n2-beta3__N0080__Aplus_0p02,xover-m05-g2-L5p3-n2-beta3,80,-0.02,49,3.2462500000000003,1.0149789490908845,1.0124400251154986
xover-m05-g2-L5p3-n2-beta3__N0080__Aminus_0p02,xover-m05-g2-L5p3-n2-beta3__N0080__Aplus_0p02,xover-m05-g2-L5p3-n2-beta3,80,-0.02,50,3.3125,1.0139414988806263,1.0115576502715347
xover-m05-g2-L5p3-n2-beta3__N0080__Aminus_0p02,xover-m05-g2-L5p3-n2-beta3__N0080__Aplus_0p02,xover-m05-g2-L5p3-n2-beta3,80,-0.02,51,3.37875,1.0128168596734963,1.010602769375255
xover-m05-g2-L5p3-n2-beta3__N0080__Aminus_0p02,xover-m05-g2-L5p3-n2-beta3__N0080__Aplus_0p02,xover-m05-g2-L5p3-n2-beta3,80,-0.02,52,3.4450000000000003,1.0116114385878232,1.0095811957005147
xover-m05-g2-L5p3-n2-beta3__N0080__Aminus_0p02,xover-m05-g2-L5p3-n2-beta3__N0080__Aplus_0p02,xover-m05-g2-L5p3-n2-beta3,80,-0.02,53,3.51125,1.010332153609287,1.008499156075602
xover-m05-g2-L5p3-n2-beta3__N0080__Aminus_0p02,xover-m05-g2-L5p3-n2-beta3__N0080__Aplus_0p02,xover-m05-g2-L5p3-n2-beta3,80,-0.02,54,3.5775,1.008986403599449,1.0073632542946644
xover-m05-g2-L5p3-n2-beta3__N0080__Aminus_0p02,xover-m05-g2-L5p3-n2-beta3__N0080__Aplus_0p02,xover-m05-g2-L5p3-n2-beta3,80,-0.02,55,3.6437500000000003,1.007582034720225,1.0061804320822172
xover-m05-g2-L5p3-n2-beta3__N0080__Aminus_0p02,xover-m05-g2-L5p3-n2-beta3__N0080__Aplus_0p02,xover-m05-g2-L5p3-n2-beta3,80,-0.02,56,3.71,1.0061273031832403,1.0049579278087921
xover-m05-g2-L5p3-n2-beta3__N0080__Aminus_0p02,xover-m05-g2-L5p3-n2-beta3__N0080__Aplus_0p02,xover-m05-g2-L5p3-n2-beta3,80,-0.02,57,3.77625,1.0046308342776826,1.0037032331748559
xover-m05-g2-L5p3-n2-beta3__N0080__Aminus_0p02,xover-m05-g2-L5p3-n2-beta3__N0080__Aplus_0p02,xover-m05-g2-L5p3-n2-beta3,80,-0.02,58,3.8425000000000002,1.0031015776822192,1.0024240480988282
xover-m05-g2-L5p3-n2-beta3__N0080__Aminus_0p02,xover-m05-g2-L5p3-n2-beta3__N0080__Aplus_0p02,xover-m05-g2-L5p3-n2-beta3,80,-0.02,59,3.9087500000000004,1.0015487591247985,1.001128234062984
xover-m05-g2-L5p3-n2-beta3__N0080__Aminus_0p02,xover-m05-g2-L5p3-n2-beta3__N0080__Aplus_0p02,xover-m05-g2-L5p3-n2-beta3,80,-0.02,60,3.975,0.9999818285174606,0.9998237661879182
xover-m05-g2-L5p3-n2-beta3__N0080__Aminus_0p02,xover-m05-g2-L5p3-n2-beta3__N0080__Aplus_0p02,xover-m05-g2-L5p3-n2-beta3,80,-0.02,61,4.04125,0.9984104047602655,0.9985186843217329
xover-m05-g2-L5p3-n2-beta3__N0080__Aminus_0p02,xover-m05-g2-L5p3-n2-beta3__N0080__Aplus_0p02,xover-m05-g2-L5p3-n2-beta3,80,-0.02,62,4.1075,0.9968442174775223,0.997221043443827
xover-m05-g2-L5p3-n2-beta3__N0080__Aminus_0p02,xover-m05-g2-L5p3-n2-beta3__N0080__Aplus_0p02,xover-m05-g2-L5p3-n2-beta3,80,-0.02,63,4.17375,0.9952930460190095,0.9959388636948541
xover-m05-g2-L5p3-n2-beta3__N0080__Aminus_0p02,xover-m05-g2-L5p3-n2-beta3__N0080__Aplus_0p02,xover-m05-g2-L5p3-n2-beta3,80,-0.02,64,4.24,0.9937666561270639,0.9946800803537266
xover-m05-g2-L5p3-n2-beta3__N0080__Aminus_0p02,xover-m05-g2-L5p3-n2-beta3__N0080__Aplus_0p02,xover-m05-g2-L5p3-n2-beta3,80,-0.02,65,4.30625,0.9922747347355219,0.9934524940892997
xover-m05-g2-L5p3-n2-beta3__N0080__Aminus_0p02,xover-m05-g2-L5p3-n2-beta3__N0080__Aplus_0p02,xover-m05-g2-L5p3-n2-beta3,80,-0.02,66,4.3725000000000005,0.9908268234268011,0.9922637218183255
xover-m05-g2-L5p3-n2-beta3__N0080__Aminus_0p02,xover-m05-g2-L5p3-n2-beta3__N0080__Aplus_0p02,xover-m05-g2-L5p3-n2-beta3,80,-0.02,67,4.438750000000001,0.9894322511272634,0.9911211485023195
xover-m05-g2-L5p3-n2-beta3__N0080__Aminus_0p02,xover-m05-g2-L5p3-n2-beta3__N0080__Aplus_0p02,xover-m05-g2-L5p3-n2-beta3,80,-0.02,68,4.505,0.9881000666668875,0.9900318802140147
xover-m05-g2-L5p3-n2-beta3__N0080__Aminus_0p02,xover-m05-g2-L5p3-n2-beta3__N0080__Aplus_0p02,xover-m05-g2-L5p3-n2-beta3,80,-0.02,69,4.57125,0.9868389718658798,0.9890026987990748
xover-m05-g2-L5p3-n2-beta3__N0080__Aminus_0p02,xover-m05-g2-L5p3-n2-beta3__N0080__Aplus_0p02,xover-m05-g2-L5p3-n2-beta3,80,-0.02,70,4.6375,0.9856572558370329,0.9880400184507253
xover-m05-g2-L5p3-n2-beta3__N0080__Aminus_0p02,xover-m05-g2-L5p3-n2-beta3__N0080__Aplus_0p02,xover-m05-g2-L5p3-n2-beta3,80,-0.02,71,4.70375,0.9845627312075427,0.9871498445039986
xover-m05-g2-L5p3-n2-beta3__N0080__Aminus_0p02,xover-m05-g2-L5p3-n2-beta3__N0080__Aplus_0p02,xover-m05-g2-L5p3-n2-beta3,80,-0.02,72,4.7700000000000005,0.9835626729669943,0.9863377347425132
xover-m05-g2-L5p3-n2-beta3__N0080__Aminus_0p02,xover-m05-g2-L5p3-n2-beta3__N0080__Aplus_0p02,xover-m05-g2-L5p3-n2-beta3,80,-0.02,73,4.836250000000001,0.9826637606390196,0.9856087634942711
xover-m05-g2-L5p3-n2-beta3__N0080__Aminus_0p02,xover-m05-g2-L5p3-n2-beta3__N0080__Aplus_0p02,xover-m05-g2-L5p3-n2-beta3,80,-0.02,74,4.9025,0.9818720244526488,0.9849674887740479
xover-m05-g2-L5p3-n2-beta3__N0080__Aminus_0p02,xover-m05-g2-L5p3-n2-beta3__N0080__Aplus_0p02,xover-m05-g2-L5p3-n2-beta3,80,-0.02,75,4.96875,0.981192796155883,0.9844179227088047
xover-m05-g2-L5p3-n2-beta3__N0080__Aminus_0p02,xover-m05-g2-L5p3-n2-beta3__N0080__Aplus_0p02,xover-m05-g2-L5p3-n2-beta3,80,-0.02,76,5.035,0.9806306650689867,0.9839635054593754
xover-m05-g2-L5p3-n2-beta3__N0080__Aminus_0p02,xover-m05-g2-L5p3-n2-beta3__N0080__Aplus_0p02,xover-m05-g2-L5p3-n2-beta3,80,-0.02,77,5.10125,0.9801894399192097,0.9836070828267551
xover-m05-g2-L5p3-n2-beta3__N0080__Aminus_0p02,xover-m05-g2-L5p3-n2-beta3__N0080__Aplus_0p02,xover-m05-g2-L5p3-n2-beta3,80,-0.02,78,5.1675,0.9798721169330521,0.9833508877048468
xover-m05-g2-L5p3-n2-beta3__N0080__Aminus_0p02,xover-m05-g2-L5p3-n2-beta3__N0080__Aplus_0p02,xover-m05-g2-L5p3-n2-beta3,80,-0.02,79,5.233750000000001,0.9796808545879739,0.9831965255138023
xover-m05-g2-L5p3-n2-beta3__N0080__Aminus_0p02,xover-m05-g2-L5p3-n2-beta3__N0080__Aplus_0p02,xover-m05-g2-L5p3-n2-beta3,80,-0.02,80,5.3,0.9796169553439514,0.9831449637193318
xover-m05-g2-L5p3-n2-beta3__N0080__Aminus_0p01,xover-m05-g2-L5p3-n2-beta3__N0080__Aplus_0p01,xover-m05-g2-L5p3-n2-beta3,80,-0.01,0,0.0,0.9899042119948058,0.9916270813028107
xover-m05-g2-L5p3-n2-beta3__N0080__Aminus_0p01,xover-m05-g2-L5p3-n2-beta3__N0080__Aplus_0p01,xover-m05-g2-L5p3-n2-beta3,80,-0.01,1,0.06625,0.9899356006475977,0.9916527940381618
xover-m05-g2-L5p3-n2-beta3__N0080__Aminus_0p01,xover-m05-g2-L5p3-n2-beta3__N0080__Aplus_0p01,xover-m05-g2-L5p3-n2-beta3,80,-0.01,2,0.1325,0.9900295627118053,0.9917297723429028
xover-m05-g2-L5p3-n2-beta3__N0080__Aminus_0p01,xover-m05-g2-L5p3-n2-beta3__N0080__Aplus_0p01,xover-m05-g2-L5p3-n2-beta3,80,-0.01,3,0.19875,0.9901854880172635,0.9918575375313542
xover-m05-g2-L5p3-n2-beta3__N0080__Aminus_0p01,xover-m05-g2-L5p3-n2-beta3__N0080__Aplus_0p01,xover-m05-g2-L5p3-n2-beta3,80,-0.01,4,0.265,0.990402364639236,0.992035295181236
xover-m05-g2-L5p3-n2-beta3__N0080__Aminus_0p01,xover-m05-g2-L5p3-n2-beta3__N0080__Aplus_0p01,xover-m05-g2-L5p3-n2-beta3,80,-0.01,5,0.33125000000000004,0.9906787863824075,0.9922619401900188
xover-m05-g2-L5p3-n2-beta3__N0080__Aminus_0p01,xover-m05-g2-L5p3-n2-beta3__N0080__Aplus_0p01,xover-m05-g2-L5p3-n2-beta3,80,-0.01,6,0.3975,0.9910129631507254,0.9925360638051566
xover-m05-g2-L5p3-n2-beta3__N0080__Aminus_0p01,xover-m05-g2-L5p3-n2-beta3__N0080__Aplus_0p01,xover-m05-g2-L5p3-n2-beta3,80,-0.01,7,0.46375,0.9914027340974022,0.9928559625800111
xover-m05-g2-L5p3-n2-beta3__N0080__Aminus_0p01,xover-m05-g2-L5p3-n2-beta3__N0080__Aplus_0p01,xover-m05-g2-L5p3-n2-beta3,80,-0.01,8,0.53,0.9918455834220768,0.9932196491941849
xover-m05-g2-L5p3-n2-beta3__N0080__Aminus_0p01,xover-m05-g2-L5p3-n2-beta3__N0080__Aplus_0p01,xover-m05-g2-L5p3-n2-beta3,80,-0.01,9,0.5962500000000001,0.9923386586569118,0.993624865064364
xover-m05-g2-L5p3-n2-beta3__N0080__Aminus_0p01,xover-m05-g2-L5p3-n2-beta3__N0080__Aplus_0p01,xover-m05-g2-L5p3-n2-beta3,80,-0.01,10,0.6625000000000001,0.992878791260638,0.994069094659766
xover-m05-g2-L5p3-n2-beta3__N0080__Aminus_0p01,xover-m05-g2-L5p3-n2-beta3__N0080__Aplus_0p01,xover-m05-g2-L5p3-n2-beta3,80,-0.01,11,0.72875,0.9934625193195822,0.9945495814249705
xover-m05-g2-L5p3-n2-beta3__N0080__Aminus_0p01,xover-m05-g2-L5p3-n2-beta3__N0080__Aplus_0p01,xover-m05-g2-L5p3-n2-beta3,80,-0.01,12,0.795,0.9940861121377849,0.9950633452023738
xover-m05-g2-L5p3-n2-beta3__N0080__Aminus_0p01,xover-m05-g2-L5p3-n2-beta3__N0080__Aplus_0p01,xover-m05-g2-L5p3-n2-beta3,80,-0.01,13,0.8612500000000001,0.9947455964846499,0.9956072010368423
xover-m05-g2-L5p3-n2-beta3__N0080__Aminus_0p01,xover-m05-g2-L5p3-n2-beta3__N0080__Aplus_0p01,xover-m05-g2-L5p3-n2-beta3,80,-0.01,14,0.9275,0.9954367842582955,0.9961777792364132
xover-m05-g2-L5p3-n2-beta3__N0080__Aminus_0p01,xover-m05-g2-L5p3-n2-beta3__N0080__Aplus_0p01,xover-m05-g2-L5p3-n2-beta3,80,-0.01,15,0.99375,0.9961553013159724,0.9967715465551705
xover-m05-g2-L5p3-n2-beta3__N0080__Aminus_0p01,xover-m05-g2-L5p3-n2-beta3__N0080__Aplus_0p01,xover-m05-g2-L5p3-n2-beta3,80,-0.01,16,1.06,0.9968966172195715,0.9973848283577758
xover-m05-g2-L5p3-n2-beta3__N0080__Aminus_0p01,xover-m05-g2-L5p3-n2-beta3__N0080__Aplus_0p01,xover-m05-g2-L5p3-n2-beta3,80,-0.01,17,1.12625,0.9976560756442989,0.9980138316195708
xover-m05-g2-L5p3-n2-beta3__N0080__Aminus_0p01,xover-m05-g2-L5p3-n2-beta3__N0080__Aplus_0p01,xover-m05-g2-L5p3-n2-beta3,80,-0.01,18,1.1925000000000001,0.9984289252019015,0.998654668611766
xover-m05-g2-L5p3-n2-beta3__N0080__Aminus_0p01,xover-m05-g2-L5p3-n2-beta3__N0080__Aplus_0p01,xover-m05-g2-L5p3-n2-beta3,80,-0.01,19,1.25875,0.9992103504361881,0.9993033811179594
xover-m05-g2-L5p3-n2-beta3__N0080__Aminus_0p01,xover-m05-g2-L5p3-n2-beta3__N0080__Aplus_0p01,xover-m05-g2-L5p3-n2-beta3,80,-0.01,20,1.3250000000000002,0.9999955027577427,0.999955965026134
xover-m05-g2-L5p3-n2-beta3__N0080__Aminus_0p01,xover-m05-g2-L5p3-n2-beta3__N0080__Aplus_0p01,xover-m05-g2-L5p3-n2-beta3,80,-0.01,21,1.39125,1.000779531096368,1.0006083951393223
xover-m05-g2-L5p3-n2-beta3__N0080__Aminus_0p01,xover-m05-g2-L5p3-n2-beta3__N0080__Aplus_0p01,xover-m05-g2-L5p3-n2-beta3,80,-0.01,22,1.4575,1.0015576120635585,1.0012566500483002
xover-m05-g2-L5p3-n2-beta3__N0080__Aminus_0p01,xover-m05-g2-L5p3-n2-beta3__N0080__Aplus_0p01,xover-m05-g2-L5p3-n2-beta3,80,-0.01,23,1.5237500000000002,1.0023249794328204,1.001896736910938
xover-m05-g2-L5p3-n2-beta3__N0080__Aminus_0p01,xover-m05-g2-L5p3-n2-beta3__N0080__Aplus_0p01,xover-m05-g2-L5p3-n2-beta3,80,-0.01,24,1.59,1.0030769527625027,1.002524715985134
xover-m05-g2-L5p3-n2-beta3__N0080__Aminus_0p01,xover-m05-g2-L5p3-n2-beta3__N0080__Aplus_0p01,xover-m05-g2-L5p3-n2-beta3,80,-0.01,25,1.65625,1.0038089650035724,1.0031367247655592
xover-m05-g2-L5p3-n2-beta3__N0080__Aminus_0p01,xover-m05-g2-L5p3-n2-beta3__N0080__Aplus_0p01,xover-m05-g2-L5p3-n2-beta3,80,-0.01,26,1.7225000000000001,1.004516588953022,1.003729001578644
xover-m05-g2-L5p3-n2-beta3__N0080__Aminus_0p01,xover-m05-g2-L5p3-n2-beta3__N0080__Aplus_0p01,xover-m05-g2-L5p3-n2-beta3,80,-0.01,27,1.78875,1.0051955624319582,1.0042979084953036
xover-m05-g2-L5p3-n2-beta3__N0080__Aminus_0p01,xover-m05-g2-L5p3-n2-beta3__N0080__Aplus_0p01,xover-m05-g2-L5p3-n2-beta3,80,-0.01,28,1.855,1.0058418120854429,1.0048399534267176
xover-m05-g2-L5p3-n2-beta3__N0080__Aminus_0p01,xover-m05-g2-L5p3-n2-beta3__N0080__Aplus_0p01,xover-m05-g2-L5p3-n2-beta3,80,-0.01,29,1.9212500000000001,1.0064514757185403,1.0053518112749862
xover-m05-g2-L5p3-n2-beta3__N0080__Aminus_0p01,xover-m05-g2-L5p3-n2-beta3__N0080__Aplus_0p01,xover-m05-g2-L5p3-n2-beta3,80,-0.01,30,1.9875,1.0070209230993887,1.0058303440176013
xover-m05-g2-L5p3-n2-beta3__N0080__Aminus_0p01,xover-m05-g2-L5p3-n2-beta3__N0080__Aplus_0p01,xover-m05-g2-L5p3-n2-beta3,80,-0.01,31,2.05375,1.0075467751752218,1.0062726196122813
xover-m05-g2-L5p3-n2-beta3__N0080__Aminus_0p01,xover-m05-g2-L5p3-n2-beta3__N0080__Aplus_0p01,xover-m05-g2-L5p3-n2-beta3,80,-0.01,32,2.12,1.0080259216608565,1.0066759296167875
xover-m05-g2-L5p3-n2-beta3__N0080__Aminus_0p01,xover-m05-g2-L5p3-n2-beta3__N0080__Aplus_0p01,xover-m05-g2-L5p3-n2-beta3,80,-0.01,33,2.1862500000000002,1.0084555369710888,1.0070378054267504
xover-m05-g2-L5p3-n2-beta3__N0080__Aminus_0p01,xover-m05-g2-L5p3-n2-beta3__N0080__Aplus_0p01,xover-m05-g2-L5p3-n2-beta3,80,-0.01,34,2.2525,1.008833094478568,1.0073560330432443
xover-m05-g2-L5p3-n2-beta3__N0080__Aminus_0p01,xover-m05-g2-L5p3-n2-beta3__N0080__Aplus_0p01,xover-m05-g2-L5p3-n2-beta3,80,-0.01,35,2.31875,1.0091563790870004,1.0076286662907745
xover-m05-g2-L5p3-n2-beta3__N0080__Aminus_0p01,xover-m05-g2-L5p3-n2-beta3__N0080__Aplus_0p01,xover-m05-g2-L5p3-n2-beta3,80,-0.01,36,2.3850000000000002,1.0094234981159844,1.0078540384154426
xover-m05-g2-L5p3-n2-beta3__N0080__Aminus_0p01,xover-m05-g2-L5p3-n2-beta3__N0080__Aplus_0p01,xover-m05-g2-L5p3-n2-beta3,80,-0.01,37,2.45125,1.0096328904984238,1.0080307720022756
xover-m05-g2-L5p3-n2-beta3__N0080__Aminus_0p01,xover-m05-g2-L5p3-n2-beta3__N0080__Aplus_0p01,xover-m05-g2-L5p3-n2-beta3,80,-0.01,38,2.5175,1.0097833342944789,1.0081577871600134
xover-m05-g2-L5p3-n2-beta3__N0080__Aminus_0p01,xover-m05-g2-L5p3-n2-beta3__N0080__Aplus_0p01,xover-m05-g2-L5p3-n2-beta3,80,-0.01,39,2.58375,1.0098739525274953,1.0082343079310006
xover-m05-g2-L5p3-n2-beta3__N0080__Aminus_0p01,xover-m05-g2-L5p3-n2-beta3__N0080__Aplus_0p01,xover-m05-g2-L5p3-n2-beta3,80,-0.01,40,2.6500000000000004,1.0099042173475603,1.008259866893232
xover-m05-g2-L5p3-n2-beta3__N0080__Aminus_0p01,xover-m05-g2-L5p3-n2-beta3__N0080__Aplus_0p01,xover-m05-g2-L5p3-n2-beta3,80,-0.01,41,2.71625,1.0098739525274951,1.008234307931
xover-m05-g2-L5p3-n2-beta3__N0080__Aminus_0p01,xover-m05-g2-L5p3-n2-beta3__N0080__Aplus_0p01,xover-m05-g2-L5p3-n2-beta3,80,-0.01,42,2.7825,1.0097833342944786,1.0081577871600123
xover-m05-g2-L5p3-n2-beta3__N0080__Aminus_0p01,xover-m05-g2-L5p3-n2-beta3__N0080__Aplus_0p01,xover-m05-g2-L5p3-n2-beta3,80,-0.01,43,2.8487500000000003,1.0096328904984233,1.0080307720022739
xover-m05-g2-L5p3-n2-beta3__N0080__Aminus_0p01,xover-m05-g2-L5p3-n2-beta3__N0080__Aplus_0p01,xover-m05-g2-L5p3-n2-beta3,80,-0.01,44,2.915,1.0094234981159838,1.00785403841544
xover-m05-g2-L5p3-n2-beta3__N0080__Aminus_0p01,xover-m05-g2-L5p3-n2-beta3__N0080__Aplus_0p01,xover-m05-g2-L5p3-n2-beta3,80,-0.01,45,2.98125,1.0091563790869997,1.0076286662907712
xover-m05-g2-L5p3-n2-beta3__N0080__Aminus_0p01,xover-m05-g2-L5p3-n2-beta3__N0080__Aplus_0p01,xover-m05-g2-L5p3-n2-beta3,80,-0.01,46,3.0475000000000003,1.0088330944785668,1.00735603304324
xover-m05-g2-L5p3-n2-beta3__N0080__Aminus_0p01,xover-m05-g2-L5p3-n2-beta3__N0080__Aplus_0p01,xover-m05-g2-L5p3-n2-beta3,80,-0.01,47,3.11375,1.0084555369710877,1.0070378054267453
xover-m05-g2-L5p3-n2-beta3__N0080__Aminus_0p01,xover-m05-g2-L5p3-n2-beta3__N0080__Aplus_0p01,xover-m05-g2-L5p3-n2-beta3,80,-0.01,48,3.18,1.0080259216608551,1.0066759296167818
xover-m05-g2-L5p3-n2-beta3__N0080__Aminus_0p01,xover-m05-g2-L5p3-n2-beta3__N0080__Aplus_0p01,xover-m05-g2-L5p3-n2-beta3,80,-0.01,49,3.2462500000000003,1.0075467751752203,1.0062726196122749
xover-m05-g2-L5p3-n2-beta3__N0080__Aminus_0p01,xover-m05-g2-L5p3-n2-beta3__N0080__Aplus_0p01,xover-m05-g2-L5p3-n2-beta3,80,-0.01,50,3.3125,1.0070209230993867,1.005830344017594
xover-m05-g2-L5p3-n2-beta3__N0080__Aminus_0p01,xover-m05-g2-L5p3-n2-beta3__N0080__Aplus_0p01,xover-m05-g2-L5p3-n2-beta3,80,-0.01,51,3.37875,1.0064514757185379,1.0053518112749782
xover-m05-g2-L5p3-n2-beta3__N0080__Aminus_0p01,xover-m05-g2-L5p3-n2-beta3__N0080__Aplus_0p01,xover-m05-g2-L5p3-n2-beta3,80,-0.01,52,3.4450000000000003,1.0058418120854402,1.0048399534267092
xover-m05-g2-L5p3-n2-beta3__N0080__Aminus_0p01,xover-m05-g2-L5p3-n2-beta3__N0080__Aplus_0p01,xover-m05-g2-L5p3-n2-beta3,80,-0.01,53,3.51125,1.005195562431955,1.0042979084952945
xover-m05-g2-L5p3-n2-beta3__N0080__Aminus_0p01,xover-m05-g2-L5p3-n2-beta3__N0080__Aplus_0p01,xover-m05-g2-L5p3-n2-beta3,80,-0.01,54,3.5775,1.0045165889530183,1.0037290015786342
xover-m05-g2-L5p3-n2-beta3__N0080__Aminus_0p01,xover-m05-g2-L5p3-n2-beta3__N0080__Aplus_0p01,xover-m05-g2-L5p3-n2-beta3,80,-0.01,55,3.6437500000000003,1.0038089650035682,1.003136724765549
xover-m05-g2-L5p3-n2-beta3__N0080__Aminus_0p01,xover-m05-g2-L5p3-n2-beta3__N0080__Aplus_0p01,xover-m05-g2-L5p3-n2-beta3,80,-0.01,56,3.71,1.003076952762498,1.0025247159851234
xover-m05-g2-L5p3-n2-beta3__N0080__Aminus_0p01,xover-m05-g2-L5p3-n2-beta3__N0080__Aplus_0p01,xover-m05-g2-L5p3-n2-beta3,80,-0.01,57,3.77625,1.0023249794328148,1.0018967369109268
xover-m05-g2-L5p3-n2-beta3__N0080__Aminus_0p01,xover-m05-g2-L5p3-n2-beta3__N0080__Aplus_0p01,xover-m05-g2-L5p3-n2-beta3,80,-0.01,58,3.8425000000000002,1.0015576120635525,1.0012566500482885
xover-m05-g2-L5p3-n2-beta3__N0080__Aminus_0p01,xover-m05-g2-L5p3-n2-beta3__N0080__Aplus_0p01,xover-m05-g2-L5p3-n2-beta3,80,-0.01,59,3.9087500000000004,1.0007795310963614,1.0006083951393099
xover-m05-g2-L5p3-n2-beta3__N0080__Aminus_0p01,xover-m05-g2-L5p3-n2-beta3__N0080__Aplus_0p01,xover-m05-g2-L5p3-n2-beta3,80,-0.01,60,3.975,0.9999955027577354,0.9999559650261212
xover-m05-g2-L5p3-n2-beta3__N0080__Aminus_0p01,xover-m05-g2-L5p3-n2-beta3__N0080__Aplus_0p01,xover-m05-g2-L5p3-n2-beta3,80,-0.01,61,4.04125,0.9992103504361802,0.9993033811179459
xover-m05-g2-L5p3-n2-beta3__N0080__Aminus_0p01,xover-m05-g2-L5p3-n2-beta3__N0080__Aplus_0p01,xover-m05-g2-L5p3-n2-beta3,80,-0.01,62,4.1075,0.9984289252018931,0.998654668611752
xover-m05-g2-L5p3-n2-beta3__N0080__Aminus_0p01,xover-m05-g2-L5p3-n2-beta3__N0080__Aplus_0p01,xover-m05-g2-L5p3-n2-beta3,80,-0.01,63,4.17375,0.9976560756442898,0.9980138316195566
xover-m05-g2-L5p3-n2-beta3__N0080__Aminus_0p01,xover-m05-g2-L5p3-n2-beta3__N0080__Aplus_0p01,xover-m05-g2-L5p3-n2-beta3,80,-0.01,64,4.24,0.9968966172195618,0.9973848283577612
xover-m05-g2-L5p3-n2-beta3__N0080__Aminus_0p01,xover-m05-g2-L5p3-n2-beta3__N0080__Aplus_0p01,xover-m05-g2-L5p3-n2-beta3,80,-0.01,65,4.30625,0.9961553013159621,0.9967715465551557
xover-m05-g2-L5p3-n2-beta3__N0080__Aminus_0p01,xover-m05-g2-L5p3-n2-beta3__N0080__Aplus_0p01,xover-m05-g2-L5p3-n2-beta3,80,-0.01,66,4.3725000000000005,0.9954367842582845,0.996177779236398
xover-m05-g2-L5p3-n2-beta3__N0080__Aminus_0p01,xover-m05-g2-L5p3-n2-beta3__N0080__Aplus_0p01,xover-m05-g2-L5p3-n2-beta3,80,-0.01,67,4.438750000000001,0.9947455964846383,0.9956072010368271
xover-m05-g2-L5p3-n2-beta3__N0080__Aminus_0p01,xover-m05-g2-L5p3-n2-beta3__N0080__Aplus_0p01,xover-m05-g2-L5p3-n2-beta3,80,-0.01,68,4.505,0.9940861121377728,0.9950633452023583
xover-m05-g2-L5p3-n2-beta3__N0080__Aminus_0p01,xover-m05-g2-L5p3-n2-beta3__N0080__Aplus_0p01,xover-m05-g2-L5p3-n2-beta3,80,-0.01,69,4.57125,0.9934625193195695,0.9945495814249545
xover-m05-g2-L5p3-n2-beta3__N0080__Aminus_0p01,xover-m05-g2-L5p3-n2-beta3__N0080__Aplus_0p01,xover-m05-g2-L5p3-n2-beta3,80,-0.01,70,4.6375,0.9928787912606248,0.9940690946597498
xover-m05-g2-L5p3-n2-beta3__N0080__Aminus_0p01,xover-m05-g2-L5p3-n2-beta3__N0080__Aplus_0p01,xover-m05-g2-L5p3-n2-beta3,80,-0.01,71,4.70375,0.9923386586568982,0.9936248650643476
xover-m05-g2-L5p3-n2-beta3__N0080__Aminus_0p01,xover-m05-g2-L5p3-n2-beta3__N0080__Aplus_0p01,xover-m05-g2-L5p3-n2-beta3,80,-0.01,72,4.7700000000000005,0.9918455834220629,0.993219649194168
xover-m05-g2-L5p3-n2-beta3__N0080__Aminus_0p01,xover-m05-g2-L5p3-n2-beta3__N0080__Aplus_0p01,xover-m05-g2-L5p3-n2-beta3,80,-0.01,73,4.836250000000001,0.9914027340973878,0.992855962579994
xover-m05-g2-L5p3-n2-beta3__N0080__Aminus_0p01,xover-m05-g2-L5p3-n2-beta3__N0080__Aplus_0p01,xover-m05-g2-L5p3-n2-beta3,80,-0.01,74,4.9025,0.9910129631507106,0.9925360638051395
xover-m05-g2-L5p3-n2-beta3__N0080__Aminus_0p01,xover-m05-g2-L5p3-n2-beta3__N0080__Aplus_0p01,xover-m05-g2-L5p3-n2-beta3,80,-0.01,75,4.96875,0.9906787863823924,0.9922619401900017
xover-m05-g2-L5p3-n2-beta3__N0080__Aminus_0p01,xover-m05-g2-L5p3-n2-beta3__N0080__Aplus_0p01,xover-m05-g2-L5p3-n2-beta3,80,-0.01,76,5.035,0.9904023646392207,0.9920352951812187
xover-m05-g2-L5p3-n2-beta3__N0080__Aminus_0p01,xover-m05-g2-L5p3-n2-beta3__N0080__Aplus_0p01,xover-m05-g2-L5p3-n2-beta3,80,-0.01,77,5.10125,0.9901854880172479,0.9918575375313369
xover-m05-g2-L5p3-n2-beta3__N0080__Aminus_0p01,xover-m05-g2-L5p3-n2-beta3__N0080__Aplus_0p01,xover-m05-g2-L5p3-n2-beta3,80,-0.01,78,5.1675,0.9900295627117895,0.9917297723428856
xover-m05-g2-L5p3-n2-beta3__N0080__Aminus_0p01,xover-m05-g2-L5p3-n2-beta3__N0080__Aplus_0p01,xover-m05-g2-L5p3-n2-beta3,80,-0.01,79,5.233750000000001,0.9899356006475819,0.9916527940381443
xover-m05-g2-L5p3-n2-beta3__N0080__Aminus_0p01,xover-m05-g2-L5p3-n2-beta3__N0080__Aplus_0p01,xover-m05-g2-L5p3-n2-beta3,80,-0.01,80,5.3,0.98990421199479,0.9916270813027934
xover-m05-g2-L5p3-n2-beta3__N0080__Aminus_0p005,xover-m05-g2-L5p3-n2-beta3__N0080__Aplus_0p005,xover-m05-g2-L5p3-n2-beta3,80,-0.005,0,0.0,0.994976051505128,0.9958274319082799
xover-m05-g2-L5p3-n2-beta3__N0080__Aminus_0p005,xover-m05-g2-L5p3-n2-beta3__N0080__Aplus_0p005,xover-m05-g2-L5p3-n2-beta3,80,-0.005,1,0.06625,0.9949916053607678,0.9958402701110537
xover-m05-g2-L5p3-n2-beta3__N0080__Aminus_0p005,xover-m05-g2-L5p3-n2-beta3__N0080__Aplus_0p005,xover-m05-g2-L5p3-n2-beta3,80,-0.005,2,0.1325,0.9950381684390845,0.9958787052182365
xover-m05-g2-L5p3-n2-beta3__N0080__Aminus_0p005,xover-m05-g2-L5p3-n2-beta3__N0080__Aplus_0p005,xover-m05-g2-L5p3-n2-beta3,80,-0.005,3,0.19875,0.9951154459453532,0.995942499224992
xover-m05-g2-L5p3-n2-beta3__N0080__Aminus_0p005,xover-m05-g2-L5p3-n2-beta3__N0080__Aplus_0p005,xover-m05-g2-L5p3-n2-beta3,80,-0.005,4,0.265,0.9952229487862693,0.9960312571152491
xover-m05-g2-L5p3-n2-beta3__N0080__Aminus_0p005,xover-m05-g2-L5p3-n2-beta3__N0080__Aplus_0p005,xover-m05-g2-L5p3-n2-beta3,80,-0.005,5,0.33125000000000004,0.9953599968968951,0.9961444293382595
xover-m05-g2-L5p3-n2-beta3__N0080__Aminus_0p005,xover-m05-g2-L5p3-n2-beta3__N0080__Aplus_0p005,xover-m05-g2-L5p3-n2-beta3,80,-0.005,6,0.3975,0.9955257238588318,0.9962813152530156
xover-m05-g2-L5p3-n2-beta3__N0080__Aminus_0p005,xover-m05-g2-L5p3-n2-beta3__N0080__Aplus_0p005,xover-m05-g2-L5p3-n2-beta3,80,-0.005,7,0.46375,0.9957190827706736,0.9964410675179637
xover-m05-g2-L5p3-n2-beta3__N0080__Aminus_0p005,xover-m05-g2-L5p3-n2-beta3__N0080__Aplus_0p005,xover-m05-g2-L5p3-n2-beta3,80,-0.005,8,0.53,0.995938853321539,0.9966226973973018
xover-m05-g2-L5p3-n2-beta3__N0080__Aminus_0p005,xover-m05-g2-L5p3-n2-beta3__N0080__Aplus_0p005,xover-m05-g2-L5p3-n2-beta3,80,-0.005,9,0.5962500000000001,0.996183650008827,0.996825080949199
xover-m05-g2-L5p3-n2-beta3__N0080__Aminus_0p005,xover-m05-g2-L5p3-n2-beta3__N0080__Aplus_0p005,xover-m05-g2-L5p3-n2-beta3,80,-0.005,10,0.6625000000000001,0.9964519314324445,0.9970469660555955
xover-m05-g2-L5p3-n2-beta3__N0080__Aminus_0p005,xover-m05-g2-L5p3-n2-beta3__N0080__Aplus_0p005,xover-m05-g2-L5p3-n2-beta3,80,-0.005,11,0.72875,0.9967420105896821,0.9972869802478516
xover-m05-g2-L5p3-n2-beta3__N0080__Aminus_0p005,xover-m05-g2-L5p3-n2-beta3__N0080__Aplus_0p005,xover-m05-g2-L5p3-n2-beta3,80,-0.005,12,0.795,0.9970520660877753,0.9975436392774621
xover-m05-g2-L5p3-n2-beta3__N0080__Aminus_0p005,xover-m05-g2-L5p3-n2-beta3__N0080__Aplus_0p005,xover-m05-g2-L5p3-n2-beta3,80,-0.005,13,0.8612500000000001,0.9973801541850295,0.9978153563763794
xover-m05-g2-L5p3-n2-beta3__N0080__Aminus_0p005,xover-m05-g2-L5p3-n2-beta3__N0080__Aplus_0p005,xover-m05-g2-L5p3-n2-beta3,80,-0.005,14,0.9275,0.9977242215662832,0.9981004521472024
xover-m05-g2-L5p3-n2-beta3__N0080__Aminus_0p005,xover-m05-g2-L5p3-n2-beta3__N0080__Aplus_0p005,xover-m05-g2-L5p3-n2-beta3,80,-0.005,15,0.99375,0.9980821187544431,0.9983971650196515
xover-m05-g2-L5p3-n2-beta3__N0080__Aminus_0p005,xover-m05-g2-L5p3-n2-beta3__N0080__Aplus_0p005,xover-m05-g2-L5p3-n2-beta3,80,-0.005,16,1.06,0.9984516140568754,0.9987036622063533
xover-m05-g2-L5p3-n2-beta3__N0080__Aminus_0p005,xover-m05-g2-L5p3-n2-beta3__N0080__Aplus_0p005,xover-m05-g2-L5p3-n2-beta3,80,-0.005,17,1.12625,0.9988304079435678,0.9990180510880415
xover-m05-g2-L5p3-n2-beta3__N0080__Aminus_0p005,xover-m05-g2-L5p3-n2-beta3__N0080__Aplus_0p005,xover-m05-g2-L5p3-n2-beta3,80,-0.005,18,1.1925000000000001,0.9992161477531658,0.9993383909558553
xover-m05-g2-L5p3-n2-beta3__N0080__Aminus_0p005,xover-m05-g2-L5p3-n2-beta3__N0080__Aplus_0p005,xover-m05-g2-L5p3-n2-beta3,80,-0.005,19,1.25875,0.9996064426231919,0.999662705036481
xover-m05-g2-L5p3-n2-beta3__N0080__Aminus_0p005,xover-m05-g2-L5p3-n2-beta3__N0080__Aplus_0p005,xover-m05-g2-L5p3-n2-beta3,80,-0.005,20,1.3250000000000002,0.9999988785419207,0.9999889927244688
xover-m05-g2-L5p3-n2-beta3__N0080__Aminus_0p005,xover-m05-g2-L5p3-n2-beta3__N0080__Aplus_0p005,xover-m05-g2-L5p3-n2-beta3,80,-0.005,21,1.39125,1.0003910334214425,1.0003152419451302
xover-m05-g2-L5p3-n2-beta3__N0080__Aminus_0p005,xover-m05-g2-L5p3-n2-beta3__N0080__Aplus_0p005,xover-m05-g2-L5p3-n2-beta3,80,-0.005,22,1.4575,1.0007804920943095,1.00063944157102
xover-m05-g2-L5p3-n2-beta3__N0080__Aminus_0p005,xover-m05-g2-L5p3-n2-beta3__N0080__Aplus_0p005,xover-m05-g2-L5p3-n2-beta3,80,-0.005,23,1.5237500000000002,1.0011648611397435,1.0009595938150886
xover-m05-g2-L5p3-n2-beta3__N0080__Aminus_0p005,xover-m05-g2-L5p3-n2-beta3__N0080__Aplus_0p005,xover-m05-g2-L5p3-n2-beta3,80,-0.005,24,1.59,1.0015417834495848,1.0012737265241685
xover-m05-g2-L5p3-n2-beta3__N0080__Aminus_0p005,xover-m05-g2-L5p3-n2-beta3__N0080__Aplus_0p005,xover-m05-g2-L5p3-n2-beta3,80,-0.005,25,1.65625,1.001908952448871,1.0015799052975038
xover-m05-g2-L5p3-n2-beta3__N0080__Aminus_0p005,xover-m05-g2-L5p3-n2-beta3__N0080__Aplus_0p005,xover-m05-g2-L5p3-n2-beta3,80,-0.005,26,1.7225000000000001,1.002264125891065,1.0018762453565386
xover-m05-g2-L5p3-n2-beta3__N0080__Aminus_0p005,xover-m05-g2-L5p3-n2-beta3__N0080__Aplus_0p005,xover-m05-g2-L5p3-n2-beta3,80,-0.005,27,1.78875,1.00260513915337,1.0021609230941189
xover-m05-g2-L5p3-n2-beta3__N0080__Aminus_0p005,xover-m05-g2-L5p3-n2-beta3__N0080__Aplus_0p005,xover-m05-g2-L5p3-n2-beta3,80,-0.005,28,1.855,1.0029299179631959,1.0024321872336162
xover-m05-g2-L5p3-n2-beta3__N0080__Aminus_0p005,xover-m05-g2-L5p3-n2-beta3__N0080__Aplus_0p005,xover-m05-g2-L5p3-n2-beta3,80,-0.005,29,1.9212500000000001,1.0032364904925752,1.0026883695312203
xover-m05-g2-L5p3-n2-beta3__N0080__Aminus_0p005,xover-m05-g2-L5p3-n2-beta3__N0080__Aplus_0p005,xover-m05-g2-L5p3-n2-beta3,80,-0.005,30,1.9875,1.0035229987630605,1.0029278949577527
xover-m05-g2-L5p3-n2-beta3__N0080__Aminus_0p005,xover-m05-g2-L5p3-n2-beta3__N0080__Aplus_0p005,xover-m05-g2-L5p3-n2-beta3,80,-0.005,31,2.05375,1.003787709309314,1.0031492912997928
xover-m05-g2-L5p3-n2-beta3__N0080__Aminus_0p005,xover-m05-g2-L5p3-n2-beta3__N0080__Aplus_0p005,xover-m05-g2-L5p3-n2-beta3,80,-0.005,32,2.12,1.004029023055134,1.003351198123651
xover-m05-g2-L5p3-n2-beta3__N0080__Aminus_0p005,xover-m05-g2-L5p3-n2-beta3__N0080__Aplus_0p005,xover-m05-g2-L5p3-n2-beta3,80,-0.005,33,2.1862500000000002,1.0042454843610082,1.003532375049749
xover-m05-g2-L5p3-n2-beta3__N0080__Aminus_0p005,xover-m05-g2-L5p3-n2-beta3__N0080__Aplus_0p005,xover-m05-g2-L5p3-n2-beta3,80,-0.005,34,2.2525,1.0044357892073748,1.0036917092892412
xover-m05-g2-L5p3-n2-beta3__N0080__Aminus_0p005,xover-m05-g2-L5p3-n2-beta3__N0080__Aplus_0p005,xover-m05-g2-L5p3-n2-beta3,80,-0.005,35,2.31875,1.0045987924826214,1.003828222399215
xover-m05-g2-L5p3-n2-beta3__N0080__Aminus_0p005,xover-m05-g2-L5p3-n2-beta3__N0080__Aplus_0p005,xover-m05-g2-L5p3-n2-beta3,80,-0.005,36,2.3850000000000002,1.004733514349377,1.0039410762174912
xover-m05-g2-L5p3-n2-beta3__N0080__Aminus_0p005,xover-m05-g2-L5p3-n2-beta3__N0080__Aplus_0p005,xover-m05-g2-L5p3-n2-beta3,80,-0.005,37,2.45125,1.0048391456669152,1.0040295779429267
xover-m05-g2-L5p3-n2-beta3__N0080__Aminus_0p005,xover-m05-g2-L5p3-n2-beta3__N0080__Aplus_0p005,xover-m05-g2-L5p3-n2-beta3,80,-0.005,38,2.5175,1.0049150524514565,1.0040931843321166
xover-m05-g2-L5p3-n2-beta3__N0080__Aminus_0p005,xover-m05-g2-L5p3-n2-beta3__N0080__Aplus_0p005,xover-m05-g2-L5p3-n2-beta3,80,-0.005,39,2.58375,1.00496077935986,1.0041315049885307
xover-m05-g2-L5p3-n2-beta3__N0080__Aminus_0p005,xover-m05-g2-L5p3-n2-beta3__N0080__Aplus_0p005,xover-m05-g2-L5p3-n2-beta3,80,-0.005,40,2.6500000000000004,1.004976052185681,1.0041443047253444
xover-m05-g2-L5p3-n2-beta3__N0080__Aminus_0p005,xover-m05-g2-L5p3-n2-beta3__N0080__Aplus_0p005,xover-m05-g2-L5p3-n2-beta3,80,-0.005,41,2.71625,1.0049607793598596,1.0041315049885293
xover-m05-g2-L5p3-n2-beta3__N0080__Aminus_0p005,xover-m05-g2-L5p3-n2-beta3__N0080__Aplus_0p005,xover-m05-g2-L5p3-n2-beta3,80,-0.005,42,2.7825,1.0049150524514554,1.004093184332114
xover-m05-g2-L5p3-n2-beta3__N0080__Aminus_0p005,xover-m05-g2-L5p3-n2-beta3__N0080__Aplus_0p005,xover-m05-g2-L5p3-n2-beta3,80,-0.005,43,2.8487500000000003,1.0048391456669135,1.0040295779429225
xover-m05-g2-L5p3-n2-beta3__N0080__Aminus_0p005,xover-m05-g2-L5p3-n2-beta3__N0080__Aplus_0p005,xover-m05-g2-L5p3-n2-beta3,80,-0.005,44,2.915,1.0047335143493747,1.0039410762174854
xover-m05-g2-L5p3-n2-beta3__N0080__Aminus_0p005,xover-m05-g2-L5p3-n2-beta3__N0080__Aplus_0p005,xover-m05-g2-L5p3-n2-beta3,80,-0.005,45,2.98125,1.0045987924826185,1.0038282223992077
xover-m05-g2-L5p3-n2-beta3__N0080__Aminus_0p005,xover-m05-g2-L5p3-n2-beta3__N0080__Aplus_0p005,xover-m05-g2-L5p3-n2-beta3,80,-0.005,46,3.0475000000000003,1.0044357892073712,1.0036917092892323
xover-m05-g2-L5p3-n2-beta3__N0080__Aminus_0p005,xover-m05-g2-L5p3-n2-beta3__N0080__Aplus_0p005,xover-m05-g2-L5p3-n2-beta3,80,-0.005,47,3.11375,1.004245484361004,1.0035323750497382
xover-m05-g2-L5p3-n2-beta3__N0080__Aminus_0p005,xover-m05-g2-L5p3-n2-beta3__N0080__Aplus_0p005,xover-m05-g2-L5p3-n2-beta3,80,-0.005,48,3.18,1.0040290230551294,1.0033511981236387
xover-m05-g2-L5p3-n2-beta3__N0080__Aminus_0p005,xover-m05-g2-L5p3-n2-beta3__N0080__Aplus_0p005,xover-m05-g2-L5p3-n2-beta3,80,-0.005,49,3.2462500000000003,1.0037877093093084,1.0031492912997788
xover-m05-g2-L5p3-n2-beta3__N0080__Aminus_0p005,xover-m05-g2-L5p3-n2-beta3__N0080__Aplus_0p005,xover-m05-g2-L5p3-n2-beta3,80,-0.005,50,3.3125,1.0035229987630543,1.002927894957737
xover-m05-g2-L5p3-n2-beta3__N0080__Aminus_0p005,xover-m05-g2-L5p3-n2-beta3__N0080__Aplus_0p005,xover-m05-g2-L5p3-n2-beta3,80,-0.005,51,3.37875,1.0032364904925684,1.002688369531203
xover-m05-g2-L5p3-n2-beta3__N0080__Aminus_0p005,xover-m05-g2-L5p3-n2-beta3__N0080__Aplus_0p005,xover-m05-g2-L5p3-n2-beta3,80,-0.005,52,3.4450000000000003,1.002929917963188,1.0024321872335973
xover-m05-g2-L5p3-n2-beta3__N0080__Aminus_0p005,xover-m05-g2-L5p3-n2-beta3__N0080__Aplus_0p005,xover-m05-g2-L5p3-n2-beta3,80,-0.005,53,3.51125,1.0026051391533615,1.0021609230940982
xover-m05-g2-L5p3-n2-beta3__N0080__Aminus_0p005,xover-m05-g2-L5p3-n2-beta3__N0080__Aplus_0p005,xover-m05-g2-L5p3-n2-beta3,80,-0.005,54,3.5775,1.0022641258910556,1.0018762453565166
xover-m05-g2-L5p3-n2-beta3__N0080__Aminus_0p005,xover-m05-g2-L5p3-n2-beta3__N0080__Aplus_0p005,xover-m05-g2-L5p3-n2-beta3,80,-0.005,55,3.6437500000000003,1.0019089524488605,1.0015799052974805
xover-m05-g2-L5p3-n2-beta3__N0080__Aminus_0p005,xover-m05-g2-L5p3-n2-beta3__N0080__Aplus_0p005,xover-m05-g2-L5p3-n2-beta3,80,-0.005,56,3.71,1.0015417834495732,1.0012737265241438
xover-m05-g2-L5p3-n2-beta3__N0080__Aminus_0p005,xover-m05-g2-L5p3-n2-beta3__N0080__Aplus_0p005,xover-m05-g2-L5p3-n2-beta3,80,-0.005,57,3.77625,1.001164861139731,1.0009595938150626
xover-m05-g2-L5p3-n2-beta3__N0080__Aminus_0p005,xover-m05-g2-L5p3-n2-beta3__N0080__Aplus_0p005,xover-m05-g2-L5p3-n2-beta3,80,-0.005,58,3.8425000000000002,1.0007804920942958,1.0006394415709925
xover-m05-g2-L5p3-n2-beta3__N0080__Aminus_0p005,xover-m05-g2-L5p3-n2-beta3__N0080__Aplus_0p005,xover-m05-g2-L5p3-n2-beta3,80,-0.005,59,3.9087500000000004,1.0003910334214277,1.0003152419451014
xover-m05-g2-L5p3-n2-beta3__N0080__Aminus_0p005,xover-m05-g2-L5p3-n2-beta3__N0080__Aplus_0p005,xover-m05-g2-L5p3-n2-beta3,80,-0.005,60,3.975,0.9999988785419046,0.9999889927244385
xover-m05-g2-L5p3-n2-beta3__N0080__Aminus_0p005,xover-m05-g2-L5p3-n2-beta3__N0080__Aplus_0p005,xover-m05-g2-L5p3-n2-beta3,80,-0.005,61,4.04125,0.9996064426231744,0.9996627050364495
xover-m05-g2-L5p3-n2-beta3__N0080__Aminus_0p005,xover-m05-g2-L5p3-n2-beta3__N0080__Aplus_0p005,xover-m05-g2-L5p3-n2-beta3,80,-0.005,62,4.1075,0.9992161477531469,0.9993383909558223
xover-m05-g2-L5p3-n2-beta3__N0080__Aminus_0p005,xover-m05-g2-L5p3-n2-beta3__N0080__Aplus_0p005,xover-m05-g2-L5p3-n2-beta3,80,-0.005,63,4.17375,0.9988304079435475,0.9990180510880075
xover-m05-g2-L5p3-n2-beta3__N0080__Aminus_0p005,xover-m05-g2-L5p3-n2-beta3__N0080__Aplus_0p005,xover-m05-g2-L5p3-n2-beta3,80,-0.005,64,4.24,0.9984516140568537,0.998703662206318
xover-m05-g2-L5p3-n2-beta3__N0080__Aminus_0p005,xover-m05-g2-L5p3-n2-beta3__N0080__Aplus_0p005,xover-m05-g2-L5p3-n2-beta3,80,-0.005,65,4.30625,0.9980821187544198,0.9983971650196153
xover-m05-g2-L5p3-n2-beta3__N0080__Aminus_0p005,xover-m05-g2-L5p3-n2-beta3__N0080__Aplus_0p005,xover-m05-g2-L5p3-n2-beta3,80,-0.005,66,4.3725000000000005,0.9977242215662584,0.9981004521471651
xover-m05-g2-L5p3-n2-beta3__N0080__Aminus_0p005,xover-m05-g2-L5p3-n2-beta3__N0080__Aplus_0p005,xover-m05-g2-L5p3-n2-beta3,80,-0.005,67,4.438750000000001,0.9973801541850033,0.9978153563763411
xover-m05-g2-L5p3-n2-beta3__N0080__Aminus_0p005,xover-m05-g2-L5p3-n2-beta3__N0080__Aplus_0p005,xover-m05-g2-L5p3-n2-beta3,80,-0.005,68,4.505,0.9970520660877477,0.9975436392774226
xover-m05-g2-L5p3-n2-beta3__N0080__Aminus_0p005,xover-m05-g2-L5p3-n2-beta3__N0080__Aplus_0p005,xover-m05-g2-L5p3-n2-beta3,80,-0.005,69,4.57125,0.996742010589653,0.9972869802478109
xover-m05-g2-L5p3-n2-beta3__N0080__Aminus_0p005,xover-m05-g2-L5p3-n2-beta3__N0080__Aplus_0p005,xover-m05-g2-L5p3-n2-beta3,80,-0.005,70,4.6375,0.9964519314324138,0.9970469660555541
xover-m05-g2-L5p3-n2-beta3__N0080__Aminus_0p005,xover-m05-g2-L5p3-n2-beta3__N0080__Aplus_0p005,xover-m05-g2-L5p3-n2-beta3,80,-0.005,71,4.70375,0.9961836500087952,0.9968250809491566
xover-m05-g2-L5p3-n2-beta3__N0080__Aminus_0p005,xover-m05-g2-L5p3-n2-beta3__N0080__Aplus_0p005,xover-m05-g2-L5p3-n2-beta3,80,-0.005,72,4.7700000000000005,0.9959388533215059,0.9966226973972585
xover-m05-g2-L5p3-n2-beta3__N0080__Aminus_0p005,xover-m05-g2-L5p3-n2-beta3__N0080__Aplus_0p005,xover-m05-g2-L5p3-n2-beta3,80,-0.005,73,4.836250000000001,0.9957190827706394,0.9964410675179197
xover-m05-g2-L5p3-n2-beta3__N0080__Aminus_0p005,xover-m05-g2-L5p3-n2-beta3__N0080__Aplus_0p005,xover-m05-g2-L5p3-n2-beta3,80,-0.005,74,4.9025,0.9955257238587966,0.9962813152529708
xover-m05-g2-L5p3-n2-beta3__N0080__Aminus_0p005,xover-m05-g2-L5p3-n2-beta3__N0080__Aplus_0p005,xover-m05-g2-L5p3-n2-beta3,80,-0.005,75,4.96875,0.9953599968968591,0.9961444293382141
xover-m05-g2-L5p3-n2-beta3__N0080__Aminus_0p005,xover-m05-g2-L5p3-n2-beta3__N0080__Aplus_0p005,xover-m05-g2-L5p3-n2-beta3,80,-0.005,76,5.035,0.9952229487862324,0.9960312571152034
xover-m05-g2-L5p3-n2-beta3__N0080__Aminus_0p005,xover-m05-g2-L5p3-n2-beta3__N0080__Aplus_0p005,xover-m05-g2-L5p3-n2-beta3,80,-0.005,77,5.10125,0.9951154459453158,0.995942499224946
xover-m05-g2-L5p3-n2-beta3__N0080__Aminus_0p005,xover-m05-g2-L5p3-n2-beta3__N0080__Aplus_0p005,xover-m05-g2-L5p3-n2-beta3,80,-0.005,78,5.1675,0.9950381684390467,0.9958787052181904
xover-m05-g2-L5p3-n2-beta3__N0080__Aminus_0p005,xover-m05-g2-L5p3-n2-beta3__N0080__Aplus_0p005,xover-m05-g2-L5p3-n2-beta3,80,-0.005,79,5.233750000000001,0.9949916053607297,0.9958402701110075
xover-m05-g2-L5p3-n2-beta3__N0080__Aminus_0p005,xover-m05-g2-L5p3-n2-beta3__N0080__Aplus_0p005,xover-m05-g2-L5p3-n2-beta3,80,-0.005,80,5.3,0.9949760515050898,0.9958274319082338
xover-m05-g2-L5p3-n2-beta3__N0080__Aminus_0p0025,xover-m05-g2-L5p3-n2-beta3__N0080__Aplus_0p0025,xover-m05-g2-L5p3-n2-beta3,80,-0.0025,0,0.0,0.9974940128047483,0.9979172188595583
xover-m05-g2-L5p3-n2-beta3__N0080__Aminus_0p0025,xover-m05-g2-L5p3-n2-beta3__N0080__Aplus_0p0025,xover-m05-g2-L5p3-n2-beta3,80,-0.0025,1,0.06625,0.9975017546025616,0.9979236332840885
xover-m05-g2-L5p3-n2-beta3__N0080__Aminus_0p0025,xover-m05-g2-L5p3-n2-beta3__N0080__Aplus_0p0025,xover-m05-g2-L5p3-n2-beta3,80,-0.0025,2,0.1325,0.9975249316167496,0.9979428369225603
xover-m05-g2-L5p3-n2-beta3__N0080__Aminus_0p0025,xover-m05-g2-L5p3-n2-beta3__N0080__Aplus_0p0025,xover-m05-g2-L5p3-n2-beta3,80,-0.0025,3,0.19875,0.9975633990237994,0.9979747111161276
xover-m05-g2-L5p3-n2-beta3__N0080__Aminus_0p0025,xover-m05-g2-L5p3-n2-beta3__N0080__Aplus_0p0025,xover-m05-g2-L5p3-n2-beta3,80,-0.0025,4,0.265,0.9976169164963357,0.9980190589201763
xover-m05-g2-L5p3-n2-beta3__N0080__Aminus_0p0025,xover-m05-g2-L5p3-n2-beta3__N0080__Aplus_0p0025,xover-m05-g2-L5p3-n2-beta3,80,-0.0025,5,0.33125000000000004,0.9976851497627067,0.9980756063290297
xover-m05-g2-L5p3-n2-beta3__N0080__Aminus_0p0025,xover-m05-g2-L5p3-n2-beta3__N0080__Aplus_0p0025,xover-m05-g2-L5p3-n2-beta3,80,-0.0025,6,0.3975,0.9977676727742253,0.9981440039795959
xover-m05-g2-L5p3-n2-beta3__N0080__Aminus_0p0025,xover-m05-g2-L5p3-n2-beta3__N0080__Aplus_0p0025,xover-m05-g2-L5p3-n2-beta3,80,-0.0025,7,0.46375,0.9978639704640825,0.9982238293231089
xover-m05-g2-L5p3-n2-beta3__N0080__Aminus_0p0025,xover-m05-g2-L5p3-n2-beta3__N0080__Aplus_0p0025,xover-m05-g2-L5p3-n2-beta3,80,-0.0025,8,0.53,0.9979734420776727,0.9983145892511466
xover-m05-g2-L5p3-n2-beta3__N0080__Aminus_0p0025,xover-m05-g2-L5p3-n2-beta3__N0080__Aplus_0p0025,xover-m05-g2-L5p3-n2-beta3,80,-0.0025,9,0.5962500000000001,0.9980954050499824,0.998415723159228
xover-m05-g2-L5p3-n2-beta3__N0080__Aminus_0p0025,xover-m05-g2-L5p3-n2-beta3__N0080__Aplus_0p0025,xover-m05-g2-L5p3-n2-beta3,80,-0.0025,10,0.6625000000000001,0.9982290994018684,0.9985266064285387
xover-m05-g2-L5p3-n2-beta3__N0080__Aminus_0p0025,xover-m05-g2-L5p3-n2-beta3__N0080__Aplus_0p0025,xover-m05-g2-L5p3-n2-beta3,80,-0.0025,11,0.72875,0.9983736926234862,0.9986465543036999
xover-m05-g2-L5p3-n2-beta3__N0080__Aminus_0p0025,xover-m05-g2-L5p3-n2-beta3__N0080__Aplus_0p0025,xover-m05-g2-L5p3-n2-beta3,80,-0.0025,12,0.795,0.99852828500989,0.9987748261420243
xover-m05-g2-L5p3-n2-beta3__N0080__Aminus_0p0025,xover-m05-g2-L5p3-n2-beta3__N0080__Aplus_0p0025,xover-m05-g2-L5p3-n2-beta3,80,-0.0025,13,0.8612500000000001,0.9986919154109114,0.9989106300073923
xover-m05-g2-L5p3-n2-beta3__N0080__Aminus_0p0025,xover-m05-g2-L5p3-n2-beta3__N0080__Aplus_0p0025,xover-m05-g2-L5p3-n2-beta3,80,-0.0025,14,0.9275,0.9988635673548684,0.9990531275797507
xover-m05-g2-L5p3-n2-beta3__N0080__Aminus_0p0025,xover-m05-g2-L5p3-n2-beta3__N0080__Aplus_0p0025,xover-m05-g2-L5p3-n2-beta3,80,-0.0025,15,0.99375,0.9990421755034791,0.9992014393493075
xover-m05-g2-L5p3-n2-beta3__N0080__Aminus_0p0025,xover-m05-g2-L5p3-n2-beta3__N0080__Aplus_0p0025,xover-m05-g2-L5p3-n2-beta3,80,-0.0025,16,1.06,0.9992266323935513,0.9993546500627689
xover-m05-g2-L5p3-n2-beta3__N0080__Aminus_0p0025,xover-m05-g2-L5p3-n2-beta3__N0080__Aplus_0p0025,xover-m05-g2-L5p3-n2-beta3,80,-0.0025,17,1.12625,0.99941579541961,0.9995118143874548
xover-m05-g2-L5p3-n2-beta3__N0080__Aminus_0p0025,xover-m05-g2-L5p3-n2-beta3__N0080__Aplus_0p0025,xover-m05-g2-L5p3-n2-beta3,80,-0.0025,18,1.1925000000000001,0.9996084940106028,0.999671962757843
xover-m05-g2-L5p3-n2-beta3__N0080__Aminus_0p0025,xover-m05-g2-L5p3-n2-beta3__N0080__Aplus_0p0025,xover-m05-g2-L5p3-n2-beta3,80,-0.0025,19,1.25875,0.9998035369531802,0.9998341073680442
xover-m05-g2-L5p3-n2-beta3__N0080__Aminus_0p0025,xover-m05-g2-L5p3-n2-beta3__N0080__Aplus_0p0025,xover-m05-g2-L5p3-n2-beta3,80,-0.0025,20,1.3250000000000002,0.999999719813785,0.9999972482728906
xover-m05-g2-L5p3-n2-beta3__N0080__Aminus_0p0025,xover-m05-g2-L5p3-n2-beta3__N0080__Aplus_0p0025,xover-m05-g2-L5p3-n2-beta3,80,-0.0025,21,1.39125,1.0001958324118707,1.0001603795597442
xover-m05-g2-L5p3-n2-beta3__N0080__Aminus_0p0025,xover-m05-g2-L5p3-n2-beta3__N0080__Aplus_0p0025,xover-m05-g2-L5p3-n2-beta3,80,-0.0025,22,1.4575,1.000390666297009,1.000322495552797
xover-m05-g2-L5p3-n2-beta3__N0080__Aminus_0p0025,xover-m05-g2-L5p3-n2-beta3__N0080__Aplus_0p0025,xover-m05-g2-L5p3-n2-beta3,80,-0.0025,23,1.5237500000000002,1.0005830221833927,1.0004825970115387
xover-m05-g2-L5p3-n2-beta3__N0080__Aminus_0p0025,xover-m05-g2-L5p3-n2-beta3__N0080__Aplus_0p0025,xover-m05-g2-L5p3-n2-beta3,80,-0.0025,24,1.59,1.0007717172962947,1.0006396972852154
xover-m05-g2-L5p3-n2-beta3__N0080__Aminus_0p0025,xover-m05-g2-L5p3-n2-beta3__N0080__Aplus_0p0025,xover-m05-g2-L5p3-n2-beta3,80,-0.0025,25,1.65625,1.0009555925863596,1.000792828385471
xover-m05-g2-L5p3-n2-beta3__N0080__Aminus_0p0025,xover-m05-g2-L5p3-n2-beta3__N0080__Aplus_0p0025,xover-m05-g2-L5p3-n2-beta3,80,-0.0025,26,1.7225000000000001,1.0011335197691704,1.000941046939986
xover-m05-g2-L5p3-n2-beta3__N0080__Aminus_0p0025,xover-m05-g2-L5p3-n2-beta3__N0080__Aplus_0p0025,xover-m05-g2-L5p3-n2-beta3,80,-0.0025,27,1.78875,1.0013044081493088,1.0010834399907504
xover-m05-g2-L5p3-n2-beta3__N0080__Aminus_0p0025,xover-m05-g2-L5p3-n2-beta3__N0080__Aplus_0p0025,xover-m05-g2-L5p3-n2-beta3,80,-0.0025,28,1.855,1.0014672111900904,1.001219130601659
xover-m05-g2-L5p3-n2-beta3__N0080__Aminus_0p0025,xover-m05-g2-L5p3-n2-beta3__N0080__Aplus_0p0025,xover-m05-g2-L5p3-n2-beta3,80,-0.0025,29,1.9212500000000001,1.001620932792286,1.0013472832413728
xover-m05-g2-L5p3-n2-beta3__N0080__Aminus_0p0025,xover-m05-g2-L5p3-n2-beta3__N0080__Aplus_0p0025,xover-m05-g2-L5p3-n2-beta3,80,-0.0025,30,1.9875,1.001764633247386,1.0014671089088467
xover-m05-g2-L5p3-n2-beta3__N0080__Aminus_0p0025,xover-m05-g2-L5p3-n2-beta3__N0080__Aplus_0p0025,xover-m05-g2-L5p3-n2-beta3,80,-0.0025,31,2.05375,1.0018974348333411,1.0015778699705555
xover-m05-g2-L5p3-n2-beta3__N0080__Aminus_0p0025,xover-m05-g2-L5p3-n2-beta3__N0080__Aplus_0p0025,xover-m05-g2-L5p3-n2-beta3,80,-0.0025,32,2.12,1.0020185270231454,1.0016788846802742
xover-m05-g2-L5p3-n2-beta3__N0080__Aminus_0p0025,xover-m05-g2-L5p3-n2-beta3__N0080__Aplus_0p0025,xover-m05-g2-L5p3-n2-beta3,80,-0.0025,33,2.1862500000000002,1.0021271712791484,1.001769531354238
xover-m05-g2-L5p3-n2-beta3__N0080__Aminus_0p0025,xover-m05-g2-L5p3-n2-beta3__N0080__Aplus_0p0025,xover-m05-g2-L5p3-n2-beta3,80,-0.0025,34,2.2525,1.002222705408529,1.0018492521766436
xover-m05-g2-L5p3-n2-beta3__N0080__Aminus_0p0025,xover-m05-g2-L5p3-n2-beta3__N0080__Aplus_0p0025,xover-m05-g2-L5p3-n2-beta3,80,-0.0025,35,2.31875,1.0023045474579526,1.0019175566127072
xover-m05-g2-L5p3-n2-beta3__N0080__Aminus_0p0025,xover-m05-g2-L5p3-n2-beta3__N0080__Aplus_0p0025,xover-m05-g2-L5p3-n2-beta3,80,-0.0025,36,2.3850000000000002,1.002372199128021,1.0019740244088937
xover-m05-g2-L5p3-n2-beta3__N0080__Aminus_0p0025,xover-m05-g2-L5p3-n2-beta3__N0080__Aplus_0p0025,xover-m05-g2-L5p3-n2-beta3,80,-0.0025,37,2.45125,1.0024252486907426,1.0020183081624194
xover-m05-g2-L5p3-n2-beta3__N0080__Aminus_0p0025,xover-m05-g2-L5p3-n2-beta3__N0080__Aplus_0p0025,xover-m05-g2-L5p3-n2-beta3,80,-0.0025,38,2.5175,1.0024633733958355,1.0020501354447262
xover-m05-g2-L5p3-n2-beta3__N0080__Aminus_0p0025,xover-m05-g2-L5p3-n2-beta3__N0080__Aplus_0p0025,xover-m05-g2-L5p3-n2-beta3,80,-0.0025,39,2.58375,1.002486341354287,1.0020693104662968
xover-m05-g2-L5p3-n2-beta3__N0080__Aminus_0p0025,xover-m05-g2-L5p3-n2-beta3__N0080__Aplus_0p0025,xover-m05-g2-L5p3-n2-beta3,80,-0.0025,40,2.6500000000000004,1.002494012890168,1.0020757152729192
xover-m05-g2-L5p3-n2-beta3__N0080__Aminus_0p0025,xover-m05-g2-L5p3-n2-beta3__N0080__Aplus_0p0025,xover-m05-g2-L5p3-n2-beta3,80,-0.0025,41,2.71625,1.0024863413542866,1.0020693104662959
xover-m05-g2-L5p3-n2-beta3__N0080__Aminus_0p0025,xover-m05-g2-L5p3-n2-beta3__N0080__Aplus_0p0025,xover-m05-g2-L5p3-n2-beta3,80,-0.0025,42,2.7825,1.0024633733958348,1.0020501354447242
xover-m05-g2-L5p3-n2-beta3__N0080__Aminus_0p0025,xover-m05-g2-L5p3-n2-beta3__N0080__Aplus_0p0025,xover-m05-g2-L5p3-n2-beta3,80,-0.0025,43,2.8487500000000003,1.0024252486907415,1.0020183081624165
xover-m05-g2-L5p3-n2-beta3__N0080__Aminus_0p0025,xover-m05-g2-L5p3-n2-beta3__N0080__Aplus_0p0025,xover-m05-g2-L5p3-n2-beta3,80,-0.0025,44,2.915,1.0023721991280194,1.0019740244088897
xover-m05-g2-L5p3-n2-beta3__N0080__Aminus_0p0025,xover-m05-g2-L5p3-n2-beta3__N0080__Aplus_0p0025,xover-m05-g2-L5p3-n2-beta3,80,-0.0025,45,2.98125,1.0023045474579506,1.0019175566127019
xover-m05-g2-L5p3-n2-beta3__N0080__Aminus_0p0025,xover-m05-g2-L5p3-n2-beta3__N0080__Aplus_0p0025,xover-m05-g2-L5p3-n2-beta3,80,-0.0025,46,3.0475000000000003,1.0022227054085269,1.0018492521766371
xover-m05-g2-L5p3-n2-beta3__N0080__Aminus_0p0025,xover-m05-g2-L5p3-n2-beta3__N0080__Aplus_0p0025,xover-m05-g2-L5p3-n2-beta3,80,-0.0025,47,3.11375,1.0021271712791455,1.0017695313542303
xover-m05-g2-L5p3-n2-beta3__N0080__Aminus_0p0025,xover-m05-g2-L5p3-n2-beta3__N0080__Aplus_0p0025,xover-m05-g2-L5p3-n2-beta3,80,-0.0025,48,3.18,1.002018527023142,1.0016788846802656
xover-m05-g2-L5p3-n2-beta3__N0080__Aminus_0p0025,xover-m05-g2-L5p3-n2-beta3__N0080__Aplus_0p0025,xover-m05-g2-L5p3-n2-beta3,80,-0.0025,49,3.2462500000000003,1.0018974348333374,1.0015778699705462
xover-m05-g2-L5p3-n2-beta3__N0080__Aminus_0p0025,xover-m05-g2-L5p3-n2-beta3__N0080__Aplus_0p0025,xover-m05-g2-L5p3-n2-beta3,80,-0.0025,50,3.3125,1.0017646332473817,1.0014671089088363
xover-m05-g2-L5p3-n2-beta3__N0080__Aminus_0p0025,xover-m05-g2-L5p3-n2-beta3__N0080__Aplus_0p0025,xover-m05-g2-L5p3-n2-beta3,80,-0.0025,51,3.37875,1.0016209327922811,1.0013472832413612
xover-m05-g2-L5p3-n2-beta3__N0080__Aminus_0p0025,xover-m05-g2-L5p3-n2-beta3__N0080__Aplus_0p0025,xover-m05-g2-L5p3-n2-beta3,80,-0.0025,52,3.4450000000000003,1.001467211190085,1.0012191306016465
xover-m05-g2-L5p3-n2-beta3__N0080__Aminus_0p0025,xover-m05-g2-L5p3-n2-beta3__N0080__Aplus_0p0025,xover-m05-g2-L5p3-n2-beta3,80,-0.0025,53,3.51125,1.0013044081493025,1.0010834399907371
xover-m05-g2-L5p3-n2-beta3__N0080__Aminus_0p0025,xover-m05-g2-L5p3-n2-beta3__N0080__Aplus_0p0025,xover-m05-g2-L5p3-n2-beta3,80,-0.0025,54,3.5775,1.0011335197691635,1.0009410469399718
xover-m05-g2-L5p3-n2-beta3__N0080__Aminus_0p0025,xover-m05-g2-L5p3-n2-beta3__N0080__Aplus_0p0025,xover-m05-g2-L5p3-n2-beta3,80,-0.0025,55,3.6437500000000003,1.000955592586352,1.000792828385456
xover-m05-g2-L5p3-n2-beta3__N0080__Aminus_0p0025,xover-m05-g2-L5p3-n2-beta3__N0080__Aplus_0p0025,xover-m05-g2-L5p3-n2-beta3,80,-0.0025,56,3.71,1.0007717172962864,1.0006396972851994
xover-m05-g2-L5p3-n2-beta3__N0080__Aminus_0p0025,xover-m05-g2-L5p3-n2-beta3__N0080__Aplus_0p0025,xover-m05-g2-L5p3-n2-beta3,80,-0.0025,57,3.77625,1.0005830221833838,1.0004825970115219
xover-m05-g2-L5p3-n2-beta3__N0080__Aminus_0p0025,xover-m05-g2-L5p3-n2-beta3__N0080__Aplus_0p0025,xover-m05-g2-L5p3-n2-beta3,80,-0.0025,58,3.8425000000000002,1.0003906662969992,1.0003224955527792
xover-m05-g2-L5p3-n2-beta3__N0080__Aminus_0p0025,xover-m05-g2-L5p3-n2-beta3__N0080__Aplus_0p0025,xover-m05-g2-L5p3-n2-beta3,80,-0.0025,59,3.9087500000000004,1.0001958324118603,1.0001603795597258
xover-m05-g2-L5p3-n2-beta3__N0080__Aminus_0p0025,xover-m05-g2-L5p3-n2-beta3__N0080__Aplus_0p0025,xover-m05-g2-L5p3-n2-beta3,80,-0.0025,60,3.975,0.9999997198137738,0.9999972482728716
xover-m05-g2-L5p3-n2-beta3__N0080__Aminus_0p0025,xover-m05-g2-L5p3-n2-beta3__N0080__Aplus_0p0025,xover-m05-g2-L5p3-n2-beta3,80,-0.0025,61,4.04125,0.9998035369531683,0.9998341073680245
xover-m05-g2-L5p3-n2-beta3__N0080__Aminus_0p0025,xover-m05-g2-L5p3-n2-beta3__N0080__Aplus_0p0025,xover-m05-g2-L5p3-n2-beta3,80,-0.0025,62,4.1075,0.99960849401059,0.9996719627578228
xover-m05-g2-L5p3-n2-beta3__N0080__Aminus_0p0025,xover-m05-g2-L5p3-n2-beta3__N0080__Aplus_0p0025,xover-m05-g2-L5p3-n2-beta3,80,-0.0025,63,4.17375,0.9994157954195966,0.9995118143874341
xover-m05-g2-L5p3-n2-beta3__N0080__Aminus_0p0025,xover-m05-g2-L5p3-n2-beta3__N0080__Aplus_0p0025,xover-m05-g2-L5p3-n2-beta3,80,-0.0025,64,4.24,0.999226632393537,0.9993546500627477
xover-m05-g2-L5p3-n2-beta3__N0080__Aminus_0p0025,xover-m05-g2-L5p3-n2-beta3__N0080__Aplus_0p0025,xover-m05-g2-L5p3-n2-beta3,80,-0.0025,65,4.30625,0.9990421755034642,0.9992014393492858
xover-m05-g2-L5p3-n2-beta3__N0080__Aminus_0p0025,xover-m05-g2-L5p3-n2-beta3__N0080__Aplus_0p0025,xover-m05-g2-L5p3-n2-beta3,80,-0.0025,66,4.3725000000000005,0.9988635673548528,0.9990531275797288
xover-m05-g2-L5p3-n2-beta3__N0080__Aminus_0p0025,xover-m05-g2-L5p3-n2-beta3__N0080__Aplus_0p0025,xover-m05-g2-L5p3-n2-beta3,80,-0.0025,67,4.438750000000001,0.9986919154108952,0.9989106300073699
xover-m05-g2-L5p3-n2-beta3__N0080__Aminus_0p0025,xover-m05-g2-L5p3-n2-beta3__N0080__Aplus_0p0025,xover-m05-g2-L5p3-n2-beta3,80,-0.0025,68,4.505,0.9985282850098732,0.9987748261420013
xover-m05-g2-L5p3-n2-beta3__N0080__Aminus_0p0025,xover-m05-g2-L5p3-n2-beta3__N0080__Aplus_0p0025,xover-m05-g2-L5p3-n2-beta3,80,-0.0025,69,4.57125,0.9983736926234688,0.9986465543036763
xover-m05-g2-L5p3-n2-beta3__N0080__Aminus_0p0025,xover-m05-g2-L5p3-n2-beta3__N0080__Aplus_0p0025,xover-m05-g2-L5p3-n2-beta3,80,-0.0025,70,4.6375,0.9982290994018505,0.998526606428515
xover-m05-g2-L5p3-n2-beta3__N0080__Aminus_0p0025,xover-m05-g2-L5p3-n2-beta3__N0080__Aplus_0p0025,xover-m05-g2-L5p3-n2-beta3,80,-0.0025,71,4.70375,0.9980954050499639,0.9984157231592039
xover-m05-g2-L5p3-n2-beta3__N0080__Aminus_0p0025,xover-m05-g2-L5p3-n2-beta3__N0080__Aplus_0p0025,xover-m05-g2-L5p3-n2-beta3,80,-0.0025,72,4.7700000000000005,0.9979734420776536,0.9983145892511222
xover-m05-g2-L5p3-n2-beta3__N0080__Aminus_0p0025,xover-m05-g2-L5p3-n2-beta3__N0080__Aplus_0p0025,xover-m05-g2-L5p3-n2-beta3,80,-0.0025,73,4.836250000000001,0.997863970464063,0.9982238293230843
xover-m05-g2-L5p3-n2-beta3__N0080__Aminus_0p0025,xover-m05-g2-L5p3-n2-beta3__N0080__Aplus_0p0025,xover-m05-g2-L5p3-n2-beta3,80,-0.0025,74,4.9025,0.9977676727742054,0.9981440039795709
xover-m05-g2-L5p3-n2-beta3__N0080__Aminus_0p0025,xover-m05-g2-L5p3-n2-beta3__N0080__Aplus_0p0025,xover-m05-g2-L5p3-n2-beta3,80,-0.0025,75,4.96875,0.9976851497626865,0.9980756063290047
xover-m05-g2-L5p3-n2-beta3__N0080__Aminus_0p0025,xover-m05-g2-L5p3-n2-beta3__N0080__Aplus_0p0025,xover-m05-g2-L5p3-n2-beta3,80,-0.0025,76,5.035,0.9976169164963151,0.9980190589201511
xover-m05-g2-L5p3-n2-beta3__N0080__Aminus_0p0025,xover-m05-g2-L5p3-n2-beta3__N0080__Aplus_0p0025,xover-m05-g2-L5p3-n2-beta3,80,-0.0025,77,5.10125,0.9975633990237787,0.9979747111161023
xover-m05-g2-L5p3-n2-beta3__N0080__Aminus_0p0025,xover-m05-g2-L5p3-n2-beta3__N0080__Aplus_0p0025,xover-m05-g2-L5p3-n2-beta3,80,-0.0025,78,5.1675,0.9975249316167287,0.9979428369225349
xover-m05-g2-L5p3-n2-beta3__N0080__Aminus_0p0025,xover-m05-g2-L5p3-n2-beta3__N0080__Aplus_0p0025,xover-m05-g2-L5p3-n2-beta3,80,-0.0025,79,5.233750000000001,0.9975017546025406,0.997923633284063
xover-m05-g2-L5p3-n2-beta3__N0080__Aminus_0p0025,xover-m05-g2-L5p3-n2-beta3__N0080__Aplus_0p0025,xover-m05-g2-L5p3-n2-beta3,80,-0.0025,80,5.3,0.9974940128047273,0.997917218859533
xover-m05-g2-L5p3-n2-beta3__N0080__Aplus_0p0025,xover-m05-g2-L5p3-n2-beta3__N0080__Aminus_0p0025,xover-m05-g2-L5p3-n2-beta3,80,0.0025,0,0.0,1.0024940128901734,1.0020757152729238
xover-m05-g2-L5p3-n2-beta3__N0080__Aplus_0p0025,xover-m05-g2-L5p3-n2-beta3__N0080__Aminus_0p0025,xover-m05-g2-L5p3-n2-beta3,80,0.0025,1,0.06625,1.0024863413542924,1.0020693104663012
xover-m05-g2-L5p3-n2-beta3__N0080__Aplus_0p0025,xover-m05-g2-L5p3-n2-beta3__N0080__Aminus_0p0025,xover-m05-g2-L5p3-n2-beta3,80,0.0025,2,0.1325,1.0024633733958406,1.0020501354447304
xover-m05-g2-L5p3-n2-beta3__N0080__Aplus_0p0025,xover-m05-g2-L5p3-n2-beta3__N0080__Aminus_0p0025,xover-m05-g2-L5p3-n2-beta3,80,0.0025,3,0.19875,1.0024252486907472,1.0020183081624234
xover-m05-g2-L5p3-n2-beta3__N0080__Aplus_0p0025,xover-m05-g2-L5p3-n2-beta3__N0080__Aminus_0p0025,xover-m05-g2-L5p3-n2-beta3,80,0.0025,4,0.265,1.0023721991280254,1.001974024408897
xover-m05-g2-L5p3-n2-beta3__N0080__Aplus_0p0025,xover-m05-g2-L5p3-n2-beta3__N0080__Aminus_0p0025,xover-m05-g2-L5p3-n2-beta3,80,0.0025,5,0.33125000000000004,1.0023045474579568,1.0019175566127096
xover-m05-g2-L5p3-n2-beta3__N0080__Aplus_0p0025,xover-m05-g2-L5p3-n2-beta3__N0080__Aminus_0p0025,xover-m05-g2-L5p3-n2-beta3,80,0.0025,6,0.3975,1.0022227054085329,1.0018492521766453
xover-m05-g2-L5p3-n2-beta3__N0080__Aplus_0p0025,xover-m05-g2-L5p3-n2-beta3__N0080__Aminus_0p0025,xover-m05-g2-L5p3-n2-beta3,80,0.0025,7,0.46375,1.0021271712791517,1.0017695313542392
xover-m05-g2-L5p3-n2-beta3__N0080__Aplus_0p0025,xover-m05-g2-L5p3-n2-beta3__N0080__Aminus_0p0025,xover-m05-g2-L5p3-n2-beta3,80,0.0025,8,0.53,1.0020185270231483,1.0016788846802747
xover-m05-g2-L5p3-n2-beta3__N0080__Aplus_0p0025,xover-m05-g2-L5p3-n2-beta3__N0080__Aminus_0p0025,xover-m05-g2-L5p3-n2-beta3,80,0.0025,9,0.5962500000000001,1.0018974348333436,1.0015778699705555
xover-m05-g2-L5p3-n2-beta3__N0080__Aplus_0p0025,xover-m05-g2-L5p3-n2-beta3__N0080__Aminus_0p0025,xover-m05-g2-L5p3-n2-beta3,80,0.0025,10,0.6625000000000001,1.0017646332473882,1.001467108908846
xover-m05-g2-L5p3-n2-beta3__N0080__Aplus_0p0025,xover-m05-g2-L5p3-n2-beta3__N0080__Aminus_0p0025,xover-m05-g2-L5p3-n2-beta3,80,0.0025,11,0.72875,1.0016209327922876,1.0013472832413715
xover-m05-g2-L5p3-n2-beta3__N0080__Aplus_0p0025,xover-m05-g2-L5p3-n2-beta3__N0080__Aminus_0p0025,xover-m05-g2-L5p3-n2-beta3,80,0.0025,12,0.795,1.0014672111900915,1.001219130601657
xover-m05-g2-L5p3-n2-beta3__N0080__Aplus_0p0025,xover-m05-g2-L5p3-n2-beta3__N0080__Aminus_0p0025,xover-m05-g2-L5p3-n2-beta3,80,0.0025,13,0.8612500000000001,1.0013044081493092,1.0010834399907478
xover-m05-g2-L5p3-n2-beta3__N0080__Aplus_0p0025,xover-m05-g2-L5p3-n2-beta3__N0080__Aminus_0p0025,xover-m05-g2-L5p3-n2-beta3,80,0.0025,14,0.9275,1.0011335197691702,1.0009410469399829
xover-m05-g2-L5p3-n2-beta3__N0080__Aplus_0p0025,xover-m05-g2-L5p3-n2-beta3__N0080__Aminus_0p0025,xover-m05-g2-L5p3-n2-beta3,80,0.0025,15,0.99375,1.0009555925863587,1.0007928283854675
xover-m05-g2-L5p3-n2-beta3__N0080__Aplus_0p0025,xover-m05-g2-L5p3-n2-beta3__N0080__Aminus_0p0025,xover-m05-g2-L5p3-n2-beta3,80,0.0025,16,1.06,1.0007717172962933,1.0006396972852114
xover-m05-g2-L5p3-n2-beta3__N0080__Aplus_0p0025,xover-m05-g2-L5p3-n2-beta3__N0080__Aminus_0p0025,xover-m05-g2-L5p3-n2-beta3,80,0.0025,17,1.12625,1.0005830221833907,1.0004825970115343
xover-m05-g2-L5p3-n2-beta3__N0080__Aplus_0p0025,xover-m05-g2-L5p3-n2-beta3__N0080__Aminus_0p0025,xover-m05-g2-L5p3-n2-beta3,80,0.0025,18,1.1925000000000001,1.0003906662970063,1.0003224955527923
xover-m05-g2-L5p3-n2-beta3__N0080__Aplus_0p0025,xover-m05-g2-L5p3-n2-beta3__N0080__Aminus_0p0025,xover-m05-g2-L5p3-n2-beta3,80,0.0025,19,1.25875,1.0001958324118674,1.0001603795597396
xover-m05-g2-L5p3-n2-beta3__N0080__Aplus_0p0025,xover-m05-g2-L5p3-n2-beta3__N0080__Aminus_0p0025,xover-m05-g2-L5p3-n2-beta3,80,0.0025,20,1.3250000000000002,0.9999997198137811,0.9999972482728858
xover-m05-g2-L5p3-n2-beta3__N0080__Aplus_0p0025,xover-m05-g2-L5p3-n2-beta3__N0080__Aminus_0p0025,xover-m05-g2-L5p3-n2-beta3,80,0.0025,21,1.39125,0.9998035369531757,0.9998341073680391
xover-m05-g2-L5p3-n2-beta3__N0080__Aplus_0p0025,xover-m05-g2-L5p3-n2-beta3__N0080__Aminus_0p0025,xover-m05-g2-L5p3-n2-beta3,80,0.0025,22,1.4575,0.9996084940105976,0.9996719627578378
xover-m05-g2-L5p3-n2-beta3__N0080__Aplus_0p0025,xover-m05-g2-L5p3-n2-beta3__N0080__Aminus_0p0025,xover-m05-g2-L5p3-n2-beta3,80,0.0025,23,1.5237500000000002,0.9994157954196042,0.9995118143874492
xover-m05-g2-L5p3-n2-beta3__N0080__Aplus_0p0025,xover-m05-g2-L5p3-n2-beta3__N0080__Aminus_0p0025,xover-m05-g2-L5p3-n2-beta3,80,0.0025,24,1.59,0.9992266323935449,0.9993546500627628
xover-m05-g2-L5p3-n2-beta3__N0080__Aplus_0p0025,xover-m05-g2-L5p3-n2-beta3__N0080__Aminus_0p0025,xover-m05-g2-L5p3-n2-beta3,80,0.0025,25,1.65625,0.9990421755034722,0.999201439349301
xover-m05-g2-L5p3-n2-beta3__N0080__Aplus_0p0025,xover-m05-g2-L5p3-n2-beta3__N0080__Aminus_0p0025,xover-m05-g2-L5p3-n2-beta3,80,0.0025,26,1.7225000000000001,0.998863567354861,0.9990531275797441
xover-m05-g2-L5p3-n2-beta3__N0080__Aplus_0p0025,xover-m05-g2-L5p3-n2-beta3__N0080__Aminus_0p0025,xover-m05-g2-L5p3-n2-beta3,80,0.0025,27,1.78875,0.9986919154109036,0.9989106300073856
xover-m05-g2-L5p3-n2-beta3__N0080__Aplus_0p0025,xover-m05-g2-L5p3-n2-beta3__N0080__Aminus_0p0025,xover-m05-g2-L5p3-n2-beta3,80,0.0025,28,1.855,0.9985282850098818,0.9987748261420171
xover-m05-g2-L5p3-n2-beta3__N0080__Aplus_0p0025,xover-m05-g2-L5p3-n2-beta3__N0080__Aminus_0p0025,xover-m05-g2-L5p3-n2-beta3,80,0.0025,29,1.9212500000000001,0.9983736926234775,0.9986465543036922
xover-m05-g2-L5p3-n2-beta3__N0080__Aplus_0p0025,xover-m05-g2-L5p3-n2-beta3__N0080__Aminus_0p0025,xover-m05-g2-L5p3-n2-beta3,80,0.0025,30,1.9875,0.9982290994018594,0.9985266064285306
xover-m05-g2-L5p3-n2-beta3__N0080__Aplus_0p0025,xover-m05-g2-L5p3-n2-beta3__N0080__Aminus_0p0025,xover-m05-g2-L5p3-n2-beta3,80,0.0025,31,2.05375,0.9980954050499732,0.9984157231592194
xover-m05-g2-L5p3-n2-beta3__N0080__Aplus_0p0025,xover-m05-g2-L5p3-n2-beta3__N0080__Aminus_0p0025,xover-m05-g2-L5p3-n2-beta3,80,0.0025,32,2.12,0.9979734420776631,0.9983145892511376
xover-m05-g2-L5p3-n2-beta3__N0080__Aplus_0p0025,xover-m05-g2-L5p3-n2-beta3__N0080__Aminus_0p0025,xover-m05-g2-L5p3-n2-beta3,80,0.0025,33,2.1862500000000002,0.9978639704640728,0.9982238293230997
xover-m05-g2-L5p3-n2-beta3__N0080__Aplus_0p0025,xover-m05-g2-L5p3-n2-beta3__N0080__Aminus_0p0025,xover-m05-g2-L5p3-n2-beta3,80,0.0025,34,2.2525,0.9977676727742154,0.9981440039795864
xover-m05-g2-L5p3-n2-beta3__N0080__Aplus_0p0025,xover-m05-g2-L5p3-n2-beta3__N0080__Aminus_0p0025,xover-m05-g2-L5p3-n2-beta3,80,0.0025,35,2.31875,0.9976851497626967,0.9980756063290199
xover-m05-g2-L5p3-n2-beta3__N0080__Aplus_0p0025,xover-m05-g2-L5p3-n2-beta3__N0080__Aminus_0p0025,xover-m05-g2-L5p3-n2-beta3,80,0.0025,36,2.3850000000000002,0.9976169164963256,0.9980190589201661
xover-m05-g2-L5p3-n2-beta3__N0080__Aplus_0p0025,xover-m05-g2-L5p3-n2-beta3__N0080__Aminus_0p0025,xover-m05-g2-L5p3-n2-beta3,80,0.0025,37,2.45125,0.9975633990237892,0.997974711116117
xover-m05-g2-L5p3-n2-beta3__N0080__Aplus_0p0025,xover-m05-g2-L5p3-n2-beta3__N0080__Aminus_0p0025,xover-m05-g2-L5p3-n2-beta3,80,0.0025,38,2.5175,0.9975249316167395,0.9979428369225497
xover-m05-g2-L5p3-n2-beta3__N0080__Aplus_0p0025,xover-m05-g2-L5p3-n2-beta3__N0080__Aminus_0p0025,xover-m05-g2-L5p3-n2-beta3,80,0.0025,39,2.58375,0.9975017546025515,0.997923633284078
xover-m05-g2-L5p3-n2-beta3__N0080__Aplus_0p0025,xover-m05-g2-L5p3-n2-beta3__N0080__Aminus_0p0025,xover-m05-g2-L5p3-n2-beta3,80,0.0025,40,2.6500000000000004,0.9974940128047383,0.9979172188595478
xover-m05-g2-L5p3-n2-beta3__N0080__Aplus_0p0025,xover-m05-g2-L5p3-n2-beta3__N0080__Aminus_0p0025,xover-m05-g2-L5p3-n2-beta3,80,0.0025,41,2.71625,0.9975017546025516,0.997923633284078
xover-m05-g2-L5p3-n2-beta3__N0080__Aplus_0p0025,xover-m05-g2-L5p3-n2-beta3__N0080__Aminus_0p0025,xover-m05-g2-L5p3-n2-beta3,80,0.0025,42,2.7825,0.9975249316167398,0.9979428369225495
xover-m05-g2-L5p3-n2-beta3__N0080__Aplus_0p0025,xover-m05-g2-L5p3-n2-beta3__N0080__Aminus_0p0025,xover-m05-g2-L5p3-n2-beta3,80,0.0025,43,2.8487500000000003,0.9975633990237898,0.9979747111161166
xover-m05-g2-L5p3-n2-beta3__N0080__Aplus_0p0025,xover-m05-g2-L5p3-n2-beta3__N0080__Aminus_0p0025,xover-m05-g2-L5p3-n2-beta3,80,0.0025,44,2.915,0.9976169164963262,0.9980190589201654
xover-m05-g2-L5p3-n2-beta3__N0080__Aplus_0p0025,xover-m05-g2-L5p3-n2-beta3__N0080__Aminus_0p0025,xover-m05-g2-L5p3-n2-beta3,80,0.0025,45,2.98125,0.9976851497626975,0.9980756063290187
xover-m05-g2-L5p3-n2-beta3__N0080__Aplus_0p0025,xover-m05-g2-L5p3-n2-beta3__N0080__Aminus_0p0025,xover-m05-g2-L5p3-n2-beta3,80,0.0025,46,3.0475000000000003,0.9977676727742163,0.9981440039795847
xover-m05-g2-L5p3-n2-beta3__N0080__Aplus_0p0025,xover-m05-g2-L5p3-n2-beta3__N0080__Aminus_0p0025,xover-m05-g2-L5p3-n2-beta3,80,0.0025,47,3.11375,0.9978639704640738,0.9982238293230975
xover-m05-g2-L5p3-n2-beta3__N0080__Aplus_0p0025,xover-m05-g2-L5p3-n2-beta3__N0080__Aminus_0p0025,xover-m05-g2-L5p3-n2-beta3,80,0.0025,48,3.18,0.9979734420776641,0.998314589251135
xover-m05-g2-L5p3-n2-beta3__N0080__Aplus_0p0025,xover-m05-g2-L5p3-n2-beta3__N0080__Aminus_0p0025,xover-m05-g2-L5p3-n2-beta3,80,0.0025,49,3.2462500000000003,0.9980954050499742,0.9984157231592165
xover-m05-g2-L5p3-n2-beta3__N0080__Aplus_0p0025,xover-m05-g2-L5p3-n2-beta3__N0080__Aminus_0p0025,xover-m05-g2-L5p3-n2-beta3,80,0.0025,50,3.3125,0.9982290994018604,0.9985266064285271
xover-m05-g2-L5p3-n2-beta3__N0080__Aplus_0p0025,xover-m05-g2-L5p3-n2-beta3__N0080__Aminus_0p0025,xover-m05-g2-L5p3-n2-beta3,80,0.0025,51,3.37875,0.9983736926234784,0.9986465543036883
xover-m05-g2-L5p3-n2-beta3__N0080__Aplus_0p0025,xover-m05-g2-L5p3-n2-beta3__N0080__Aminus_0p0025,xover-m05-g2-L5p3-n2-beta3,80,0.0025,52,3.4450000000000003,0.9985282850098826,0.998774826142013
xover-m05-g2-L5p3-n2-beta3__N0080__Aplus_0p0025,xover-m05-g2-L5p3-n2-beta3__N0080__Aminus_0p0025,xover-m05-g2-L5p3-n2-beta3,80,0.0025,53,3.51125,0.9986919154109042,0.998910630007381
xover-m05-g2-L5p3-n2-beta3__N0080__Aplus_0p0025,xover-m05-g2-L5p3-n2-beta3__N0080__Aminus_0p0025,xover-m05-g2-L5p3-n2-beta3,80,0.0025,54,3.5775,0.9988635673548614,0.9990531275797394
xover-m05-g2-L5p3-n2-beta3__N0080__Aplus_0p0025,xover-m05-g2-L5p3-n2-beta3__N0080__Aminus_0p0025,xover-m05-g2-L5p3-n2-beta3,80,0.0025,55,3.6437500000000003,0.9990421755034723,0.9992014393492962
xover-m05-g2-L5p3-n2-beta3__N0080__Aplus_0p0025,xover-m05-g2-L5p3-n2-beta3__N0080__Aminus_0p0025,xover-m05-g2-L5p3-n2-beta3,80,0.0025,56,3.71,0.9992266323935447,0.9993546500627578
xover-m05-g2-L5p3-n2-beta3__N0080__Aplus_0p0025,xover-m05-g2-L5p3-n2-beta3__N0080__Aminus_0p0025,xover-m05-g2-L5p3-n2-beta3,80,0.0025,57,3.77625,0.9994157954196038,0.9995118143874441
xover-m05-g2-L5p3-n2-beta3__N0080__Aplus_0p0025,xover-m05-g2-L5p3-n2-beta3__N0080__Aminus_0p0025,xover-m05-g2-L5p3-n2-beta3,80,0.0025,58,3.8425000000000002,0.9996084940105967,0.9996719627578323
xover-m05-g2-L5p3-n2-beta3__N0080__Aplus_0p0025,xover-m05-g2-L5p3-n2-beta3__N0080__Aminus_0p0025,xover-m05-g2-L5p3-n2-beta3,80,0.0025,59,3.9087500000000004,0.9998035369531744,0.9998341073680335
xover-m05-g2-L5p3-n2-beta3__N0080__Aplus_0p0025,xover-m05-g2-L5p3-n2-beta3__N0080__Aminus_0p0025,xover-m05-g2-L5p3-n2-beta3,80,0.0025,60,3.975,0.9999997198137793,0.9999972482728798
xover-m05-g2-L5p3-n2-beta3__N0080__Aplus_0p0025,xover-m05-g2-L5p3-n2-beta3__N0080__Aminus_0p0025,xover-m05-g2-L5p3-n2-beta3,80,0.0025,61,4.04125,1.0001958324118652,1.0001603795597334
xover-m05-g2-L5p3-n2-beta3__N0080__Aplus_0p0025,xover-m05-g2-L5p3-n2-beta3__N0080__Aminus_0p0025,xover-m05-g2-L5p3-n2-beta3,80,0.0025,62,4.1075,1.0003906662970035,1.0003224955527859
xover-m05-g2-L5p3-n2-beta3__N0080__Aplus_0p0025,xover-m05-g2-L5p3-n2-beta3__N0080__Aminus_0p0025,xover-m05-g2-L5p3-n2-beta3,80,0.0025,63,4.17375,1.0005830221833873,1.0004825970115279
xover-m05-g2-L5p3-n2-beta3__N0080__Aplus_0p0025,xover-m05-g2-L5p3-n2-beta3__N0080__Aminus_0p0025,xover-m05-g2-L5p3-n2-beta3,80,0.0025,64,4.24,1.0007717172962893,1.000639697285205
xover-m05-g2-L5p3-n2-beta3__N0080__Aplus_0p0025,xover-m05-g2-L5p3-n2-beta3__N0080__Aminus_0p0025,xover-m05-g2-L5p3-n2-beta3,80,0.0025,65,4.30625,1.0009555925863542,1.000792828385461
xover-m05-g2-L5p3-n2-beta3__N0080__Aplus_0p0025,xover-m05-g2-L5p3-n2-beta3__N0080__Aminus_0p0025,xover-m05-g2-L5p3-n2-beta3,80,0.0025,66,4.3725000000000005,1.001133519769165,1.0009410469399764
xover-m05-g2-L5p3-n2-beta3__N0080__Aplus_0p0025,xover-m05-g2-L5p3-n2-beta3__N0080__Aminus_0p0025,xover-m05-g2-L5p3-n2-beta3,80,0.0025,67,4.438750000000001,1.0013044081493034,1.0010834399907411
xover-m05-g2-L5p3-n2-beta3__N0080__Aplus_0p0025,xover-m05-g2-L5p3-n2-beta3__N0080__Aminus_0p0025,xover-m05-g2-L5p3-n2-beta3,80,0.0025,68,4.505,1.0014672111900853,1.00121913060165
xover-m05-g2-L5p3-n2-beta3__N0080__Aplus_0p0025,xover-m05-g2-L5p3-n2-beta3__N0080__Aminus_0p0025,xover-m05-g2-L5p3-n2-beta3,80,0.0025,69,4.57125,1.0016209327922807,1.0013472832413641
xover-m05-g2-L5p3-n2-beta3__N0080__Aplus_0p0025,xover-m05-g2-L5p3-n2-beta3__N0080__Aminus_0p0025,xover-m05-g2-L5p3-n2-beta3,80,0.0025,70,4.6375,1.0017646332473809,1.0014671089088385
xover-m05-g2-L5p3-n2-beta3__N0080__Aplus_0p0025,xover-m05-g2-L5p3-n2-beta3__N0080__Aminus_0p0025,xover-m05-g2-L5p3-n2-beta3,80,0.0025,71,4.70375,1.0018974348333358,1.0015778699705478
xover-m05-g2-L5p3-n2-beta3__N0080__Aplus_0p0025,xover-m05-g2-L5p3-n2-beta3__N0080__Aminus_0p0025,xover-m05-g2-L5p3-n2-beta3,80,0.0025,72,4.7700000000000005,1.00201852702314,1.0016788846802667
xover-m05-g2-L5p3-n2-beta3__N0080__Aplus_0p0025,xover-m05-g2-L5p3-n2-beta3__N0080__Aminus_0p0025,xover-m05-g2-L5p3-n2-beta3,80,0.0025,73,4.836250000000001,1.002127171279143,1.001769531354231
xover-m05-g2-L5p3-n2-beta3__N0080__Aplus_0p0025,xover-m05-g2-L5p3-n2-beta3__N0080__Aminus_0p0025,xover-m05-g2-L5p3-n2-beta3,80,0.0025,74,4.9025,1.002222705408524,1.001849252176637
xover-m05-g2-L5p3-n2-beta3__N0080__Aplus_0p0025,xover-m05-g2-L5p3-n2-beta3__N0080__Aminus_0p0025,xover-m05-g2-L5p3-n2-beta3,80,0.0025,75,4.96875,1.0023045474579475,1.0019175566127012
xover-m05-g2-L5p3-n2-beta3__N0080__Aplus_0p0025,xover-m05-g2-L5p3-n2-beta3__N0080__Aminus_0p0025,xover-m05-g2-L5p3-n2-beta3,80,0.0025,76,5.035,1.002372199128016,1.0019740244088884
xover-m05-g2-L5p3-n2-beta3__N0080__Aplus_0p0025,xover-m05-g2-L5p3-n2-beta3__N0080__Aminus_0p0025,xover-m05-g2-L5p3-n2-beta3,80,0.0025,77,5.10125,1.0024252486907375,1.0020183081624146
xover-m05-g2-L5p3-n2-beta3__N0080__Aplus_0p0025,xover-m05-g2-L5p3-n2-beta3__N0080__Aminus_0p0025,xover-m05-g2-L5p3-n2-beta3,80,0.0025,78,5.1675,1.0024633733958306,1.0020501354447218
xover-m05-g2-L5p3-n2-beta3__N0080__Aplus_0p0025,xover-m05-g2-L5p3-n2-beta3__N0080__Aminus_0p0025,xover-m05-g2-L5p3-n2-beta3,80,0.0025,79,5.233750000000001,1.0024863413542824,1.0020693104662928
xover-m05-g2-L5p3-n2-beta3__N0080__Aplus_0p0025,xover-m05-g2-L5p3-n2-beta3__N0080__Aminus_0p0025,xover-m05-g2-L5p3-n2-beta3,80,0.0025,80,5.3,1.0024940128901634,1.0020757152729154
xover-m05-g2-L5p3-n2-beta3__N0080__Aplus_0p005,xover-m05-g2-L5p3-n2-beta3__N0080__Aminus_0p005,xover-m05-g2-L5p3-n2-beta3,80,0.005,0,0.0,1.004976052185682,1.004144304725339
xover-m05-g2-L5p3-n2-beta3__N0080__Aplus_0p005,xover-m05-g2-L5p3-n2-beta3__N0080__Aminus_0p005,xover-m05-g2-L5p3-n2-beta3,80,0.005,1,0.06625,1.0049607793598607,1.0041315049885247
xover-m05-g2-L5p3-n2-beta3__N0080__Aplus_0p005,xover-m05-g2-L5p3-n2-beta3__N0080__Aminus_0p005,xover-m05-g2-L5p3-n2-beta3,80,0.005,2,0.1325,1.004915052451457,1.0040931843321101
xover-m05-g2-L5p3-n2-beta3__N0080__Aplus_0p005,xover-m05-g2-L5p3-n2-beta3__N0080__Aminus_0p005,xover-m05-g2-L5p3-n2-beta3,80,0.005,3,0.19875,1.004839145666915,1.0040295779429196
xover-m05-g2-L5p3-n2-beta3__N0080__Aplus_0p005,xover-m05-g2-L5p3-n2-beta3__N0080__Aminus_0p005,xover-m05-g2-L5p3-n2-beta3,80,0.005,4,0.265,1.0047335143493763,1.0039410762174834
xover-m05-g2-L5p3-n2-beta3__N0080__Aplus_0p005,xover-m05-g2-L5p3-n2-beta3__N0080__Aminus_0p005,xover-m05-g2-L5p3-n2-beta3,80,0.005,5,0.33125000000000004,1.0045987924826203,1.0038282223992065
xover-m05-g2-L5p3-n2-beta3__N0080__Aplus_0p005,xover-m05-g2-L5p3-n2-beta3__N0080__Aminus_0p005,xover-m05-g2-L5p3-n2-beta3,80,0.005,6,0.3975,1.004435789207373,1.0036917092892321
xover-m05-g2-L5p3-n2-beta3__N0080__Aplus_0p005,xover-m05-g2-L5p3-n2-beta3__N0080__Aminus_0p005,xover-m05-g2-L5p3-n2-beta3,80,0.005,7,0.46375,1.0042454843610058,1.003532375049739
xover-m05-g2-L5p3-n2-beta3__N0080__Aplus_0p005,xover-m05-g2-L5p3-n2-beta3__N0080__Aminus_0p005,xover-m05-g2-L5p3-n2-beta3,80,0.005,8,0.53,1.0040290230551312,1.00335119812364
xover-m05-g2-L5p3-n2-beta3__N0080__Aplus_0p005,xover-m05-g2-L5p3-n2-beta3__N0080__Aminus_0p005,xover-m05-g2-L5p3-n2-beta3,80,0.005,9,0.5962500000000001,1.0037877093093102,1.0031492912997806
xover-m05-g2-L5p3-n2-beta3__N0080__Aplus_0p005,xover-m05-g2-L5p3-n2-beta3__N0080__Aminus_0p005,xover-m05-g2-L5p3-n2-beta3,80,0.005,10,0.6625000000000001,1.0035229987630558,1.0029278949577396
xover-m05-g2-L5p3-n2-beta3__N0080__Aplus_0p005,xover-m05-g2-L5p3-n2-beta3__N0080__Aminus_0p005,xover-m05-g2-L5p3-n2-beta3,80,0.005,11,0.72875,1.00323649049257,1.0026883695312063
xover-m05-g2-L5p3-n2-beta3__N0080__Aplus_0p005,xover-m05-g2-L5p3-n2-beta3__N0080__Aminus_0p005,xover-m05-g2-L5p3-n2-beta3,80,0.005,12,0.795,1.0029299179631896,1.0024321872336013
xover-m05-g2-L5p3-n2-beta3__N0080__Aplus_0p005,xover-m05-g2-L5p3-n2-beta3__N0080__Aminus_0p005,xover-m05-g2-L5p3-n2-beta3,80,0.005,13,0.8612500000000001,1.0026051391533628,1.002160923094103
xover-m05-g2-L5p3-n2-beta3__N0080__Aplus_0p005,xover-m05-g2-L5p3-n2-beta3__N0080__Aminus_0p005,xover-m05-g2-L5p3-n2-beta3,80,0.005,14,0.9275,1.0022641258910572,1.0018762453565222
xover-m05-g2-L5p3-n2-beta3__N0080__Aplus_0p005,xover-m05-g2-L5p3-n2-beta3__N0080__Aminus_0p005,xover-m05-g2-L5p3-n2-beta3,80,0.005,15,0.99375,1.001908952448862,1.0015799052974868
xover-m05-g2-L5p3-n2-beta3__N0080__Aplus_0p005,xover-m05-g2-L5p3-n2-beta3__N0080__Aminus_0p005,xover-m05-g2-L5p3-n2-beta3,80,0.005,16,1.06,1.001541783449575,1.001273726524151
xover-m05-g2-L5p3-n2-beta3__N0080__Aplus_0p005,xover-m05-g2-L5p3-n2-beta3__N0080__Aminus_0p005,xover-m05-g2-L5p3-n2-beta3,80,0.005,17,1.12625,1.0011648611397328,1.0009595938150704
xover-m05-g2-L5p3-n2-beta3__N0080__Aplus_0p005,xover-m05-g2-L5p3-n2-beta3__N0080__Aminus_0p005,xover-m05-g2-L5p3-n2-beta3,80,0.005,18,1.1925000000000001,1.0007804920942978,1.0006394415710014
xover-m05-g2-L5p3-n2-beta3__N0080__Aplus_0p005,xover-m05-g2-L5p3-n2-beta3__N0080__Aminus_0p005,xover-m05-g2-L5p3-n2-beta3,80,0.005,19,1.25875,1.00039103342143,1.0003152419451111
xover-m05-g2-L5p3-n2-beta3__N0080__Aplus_0p005,xover-m05-g2-L5p3-n2-beta3__N0080__Aminus_0p005,xover-m05-g2-L5p3-n2-beta3,80,0.005,20,1.3250000000000002,0.9999988785419073,0.9999889927244495
xover-m05-g2-L5p3-n2-beta3__N0080__Aplus_0p005,xover-m05-g2-L5p3-n2-beta3__N0080__Aminus_0p005,xover-m05-g2-L5p3-n2-beta3,80,0.005,21,1.39125,0.9996064426231777,0.9996627050364614
xover-m05-g2-L5p3-n2-beta3__N0080__Aplus_0p005,xover-m05-g2-L5p3-n2-beta3__N0080__Aminus_0p005,xover-m05-g2-L5p3-n2-beta3,80,0.005,22,1.4575,0.9992161477531508,0.9993383909558351
xover-m05-g2-L5p3-n2-beta3__N0080__Aplus_0p005,xover-m05-g2-L5p3-n2-beta3__N0080__Aminus_0p005,xover-m05-g2-L5p3-n2-beta3,80,0.005,23,1.5237500000000002,0.9988304079435522,0.9990180510880209
xover-m05-g2-L5p3-n2-beta3__N0080__Aplus_0p005,xover-m05-g2-L5p3-n2-beta3__N0080__Aminus_0p005,xover-m05-g2-L5p3-n2-beta3,80,0.005,24,1.59,0.9984516140568591,0.9987036622063321
xover-m05-g2-L5p3-n2-beta3__N0080__Aplus_0p005,xover-m05-g2-L5p3-n2-beta3__N0080__Aminus_0p005,xover-m05-g2-L5p3-n2-beta3,80,0.005,25,1.65625,0.9980821187544261,0.9983971650196299
xover-m05-g2-L5p3-n2-beta3__N0080__Aplus_0p005,xover-m05-g2-L5p3-n2-beta3__N0080__Aminus_0p005,xover-m05-g2-L5p3-n2-beta3,80,0.005,26,1.7225000000000001,0.9977242215662656,0.9981004521471805
xover-m05-g2-L5p3-n2-beta3__N0080__Aplus_0p005,xover-m05-g2-L5p3-n2-beta3__N0080__Aminus_0p005,xover-m05-g2-L5p3-n2-beta3,80,0.005,27,1.78875,0.9973801541850115,0.9978153563763571
xover-m05-g2-L5p3-n2-beta3__N0080__Aplus_0p005,xover-m05-g2-L5p3-n2-beta3__N0080__Aminus_0p005,xover-m05-g2-L5p3-n2-beta3,80,0.005,28,1.855,0.9970520660877569,0.9975436392774395
xover-m05-g2-L5p3-n2-beta3__N0080__Aplus_0p005,xover-m05-g2-L5p3-n2-beta3__N0080__Aminus_0p005,xover-m05-g2-L5p3-n2-beta3,80,0.005,29,1.9212500000000001,0.9967420105896633,0.9972869802478286
xover-m05-g2-L5p3-n2-beta3__N0080__Aplus_0p005,xover-m05-g2-L5p3-n2-beta3__N0080__Aminus_0p005,xover-m05-g2-L5p3-n2-beta3,80,0.005,30,1.9875,0.9964519314324253,0.9970469660555723
xover-m05-g2-L5p3-n2-beta3__N0080__Aplus_0p005,xover-m05-g2-L5p3-n2-beta3__N0080__Aminus_0p005,xover-m05-g2-L5p3-n2-beta3,80,0.005,31,2.05375,0.9961836500088077,0.9968250809491753
xover-m05-g2-L5p3-n2-beta3__N0080__Aplus_0p005,xover-m05-g2-L5p3-n2-beta3__N0080__Aminus_0p005,xover-m05-g2-L5p3-n2-beta3,80,0.005,32,2.12,0.9959388533215194,0.996622697397278
xover-m05-g2-L5p3-n2-beta3__N0080__Aplus_0p005,xover-m05-g2-L5p3-n2-beta3__N0080__Aminus_0p005,xover-m05-g2-L5p3-n2-beta3,80,0.005,33,2.1862500000000002,0.9957190827706539,0.9964410675179398
xover-m05-g2-L5p3-n2-beta3__N0080__Aplus_0p005,xover-m05-g2-L5p3-n2-beta3__N0080__Aminus_0p005,xover-m05-g2-L5p3-n2-beta3,80,0.005,34,2.2525,0.9955257238588121,0.9962813152529916
xover-m05-g2-L5p3-n2-beta3__N0080__Aplus_0p005,xover-m05-g2-L5p3-n2-beta3__N0080__Aminus_0p005,xover-m05-g2-L5p3-n2-beta3,80,0.005,35,2.31875,0.9953599968968755,0.9961444293382354
xover-m05-g2-L5p3-n2-beta3__N0080__Aplus_0p005,xover-m05-g2-L5p3-n2-beta3__N0080__Aminus_0p005,xover-m05-g2-L5p3-n2-beta3,80,0.005,36,2.3850000000000002,0.9952229487862497,0.996031257115225
xover-m05-g2-L5p3-n2-beta3__N0080__Aplus_0p005,xover-m05-g2-L5p3-n2-beta3__N0080__Aminus_0p005,xover-m05-g2-L5p3-n2-beta3,80,0.005,37,2.45125,0.9951154459453339,0.9959424992249682
xover-m05-g2-L5p3-n2-beta3__N0080__Aplus_0p005,xover-m05-g2-L5p3-n2-beta3__N0080__Aminus_0p005,xover-m05-g2-L5p3-n2-beta3,80,0.005,38,2.5175,0.9950381684390655,0.9958787052182131
xover-m05-g2-L5p3-n2-beta3__N0080__Aplus_0p005,xover-m05-g2-L5p3-n2-beta3__N0080__Aminus_0p005,xover-m05-g2-L5p3-n2-beta3,80,0.005,39,2.58375,0.994991605360749,0.9958402701110307
xover-m05-g2-L5p3-n2-beta3__N0080__Aplus_0p005,xover-m05-g2-L5p3-n2-beta3__N0080__Aminus_0p005,xover-m05-g2-L5p3-n2-beta3,80,0.005,40,2.6500000000000004,0.9949760515051096,0.9958274319082572
xover-m05-g2-L5p3-n2-beta3__N0080__Aplus_0p005,xover-m05-g2-L5p3-n2-beta3__N0080__Aminus_0p005,xover-m05-g2-L5p3-n2-beta3,80,0.005,41,2.71625,0.9949916053607498,0.9958402701110312
xover-m05-g2-L5p3-n2-beta3__N0080__Aplus_0p005,xover-m05-g2-L5p3-n2-beta3__N0080__Aminus_0p005,xover-m05-g2-L5p3-n2-beta3,80,0.005,42,2.7825,0.995038168439067,0.9958787052182141
xover-m05-g2-L5p3-n2-beta3__N0080__Aplus_0p005,xover-m05-g2-L5p3-n2-beta3__N0080__Aminus_0p005,xover-m05-g2-L5p3-n2-beta3,80,0.005,43,2.8487500000000003,0.9951154459453362,0.9959424992249697
xover-m05-g2-L5p3-n2-beta3__N0080__Aplus_0p005,xover-m05-g2-L5p3-n2-beta3__N0080__Aminus_0p005,xover-m05-g2-L5p3-n2-beta3,80,0.005,44,2.915,0.9952229487862527,0.9960312571152269
xover-m05-g2-L5p3-n2-beta3__N0080__Aplus_0p005,xover-m05-g2-L5p3-n2-beta3__N0080__Aminus_0p005,xover-m05-g2-L5p3-n2-beta3,80,0.005,45,2.98125,0.9953599968968792,0.9961444293382377
xover-m05-g2-L5p3-n2-beta3__N0080__Aplus_0p005,xover-m05-g2-L5p3-n2-beta3__N0080__Aminus_0p005,xover-m05-g2-L5p3-n2-beta3,80,0.005,46,3.0475000000000003,0.9955257238588164,0.996281315252994
xover-m05-g2-L5p3-n2-beta3__N0080__Aplus_0p005,xover-m05-g2-L5p3-n2-beta3__N0080__Aminus_0p005,xover-m05-g2-L5p3-n2-beta3,80,0.005,47,3.11375,0.9957190827706589,0.9964410675179425
xover-m05-g2-L5p3-n2-beta3__N0080__Aplus_0p005,xover-m05-g2-L5p3-n2-beta3__N0080__Aminus_0p005,xover-m05-g2-L5p3-n2-beta3,80,0.005,48,3.18,0.995938853321525,0.9966226973972809
xover-m05-g2-L5p3-n2-beta3__N0080__Aplus_0p005,xover-m05-g2-L5p3-n2-beta3__N0080__Aminus_0p005,xover-m05-g2-L5p3-n2-beta3,80,0.005,49,3.2462500000000003,0.9961836500088137,0.9968250809491787
xover-m05-g2-L5p3-n2-beta3__N0080__Aplus_0p005,xover-m05-g2-L5p3-n2-beta3__N0080__Aminus_0p005,xover-m05-g2-L5p3-n2-beta3,80,0.005,50,3.3125,0.9964519314324317,0.9970469660555756
xover-m05-g2-L5p3-n2-beta3__N0080__Aplus_0p005,xover-m05-g2-L5p3-n2-beta3__N0080__Aminus_0p005,xover-m05-g2-L5p3-n2-beta3,80,0.005,51,3.37875,0.99674201058967,0.9972869802478322
xover-m05-g2-L5p3-n2-beta3__N0080__Aplus_0p005,xover-m05-g2-L5p3-n2-beta3__N0080__Aminus_0p005,xover-m05-g2-L5p3-n2-beta3,80,0.005,52,3.4450000000000003,0.997052066087764,0.9975436392774435
xover-m05-g2-L5p3-n2-beta3__N0080__Aplus_0p005,xover-m05-g2-L5p3-n2-beta3__N0080__Aminus_0p005,xover-m05-g2-L5p3-n2-beta3,80,0.005,53,3.51125,0.9973801541850187,0.9978153563763614
xover-m05-g2-L5p3-n2-beta3__N0080__Aplus_0p005,xover-m05-g2-L5p3-n2-beta3__N0080__Aminus_0p005,xover-m05-g2-L5p3-n2-beta3,80,0.005,54,3.5775,0.9977242215662729,0.9981004521471851
xover-m05-g2-L5p3-n2-beta3__N0080__Aplus_0p005,xover-m05-g2-L5p3-n2-beta3__N0080__Aminus_0p005,xover-m05-g2-L5p3-n2-beta3,80,0.005,55,3.6437500000000003,0.9980821187544335,0.9983971650196348
xover-m05-g2-L5p3-n2-beta3__N0080__Aplus_0p005,xover-m05-g2-L5p3-n2-beta3__N0080__Aminus_0p005,xover-m05-g2-L5p3-n2-beta3,80,0.005,56,3.71,0.9984516140568664,0.9987036622063372
xover-m05-g2-L5p3-n2-beta3__N0080__Aplus_0p005,xover-m05-g2-L5p3-n2-beta3__N0080__Aminus_0p005,xover-m05-g2-L5p3-n2-beta3,80,0.005,57,3.77625,0.9988304079435594,0.9990180510880263
xover-m05-g2-L5p3-n2-beta3__N0080__Aplus_0p005,xover-m05-g2-L5p3-n2-beta3__N0080__Aminus_0p005,xover-m05-g2-L5p3-n2-beta3,80,0.005,58,3.8425000000000002,0.999216147753158,0.9993383909558404
xover-m05-g2-L5p3-n2-beta3__N0080__Aplus_0p005,xover-m05-g2-L5p3-n2-beta3__N0080__Aminus_0p005,xover-m05-g2-L5p3-n2-beta3,80,0.005,59,3.9087500000000004,0.9996064426231845,0.9996627050364668
xover-m05-g2-L5p3-n2-beta3__N0080__Aplus_0p005,xover-m05-g2-L5p3-n2-beta3__N0080__Aminus_0p005,xover-m05-g2-L5p3-n2-beta3,80,0.005,60,3.975,0.9999988785419139,0.9999889927244552
xover-m05-g2-L5p3-n2-beta3__N0080__Aplus_0p005,xover-m05-g2-L5p3-n2-beta3__N0080__Aminus_0p005,xover-m05-g2-L5p3-n2-beta3,80,0.005,61,4.04125,1.0003910334214363,1.0003152419451171
xover-m05-g2-L5p3-n2-beta3__N0080__Aplus_0p005,xover-m05-g2-L5p3-n2-beta3__N0080__Aminus_0p005,xover-m05-g2-L5p3-n2-beta3,80,0.005,62,4.1075,1.0007804920943038,1.0006394415710074
xover-m05-g2-L5p3-n2-beta3__N0080__Aplus_0p005,xover-m05-g2-L5p3-n2-beta3__N0080__Aminus_0p005,xover-m05-g2-L5p3-n2-beta3,80,0.005,63,4.17375,1.0011648611397381,1.0009595938150768
xover-m05-g2-L5p3-n2-beta3__N0080__Aplus_0p005,xover-m05-g2-L5p3-n2-beta3__N0080__Aminus_0p005,xover-m05-g2-L5p3-n2-beta3,80,0.005,64,4.24,1.0015417834495797,1.0012737265241576
xover-m05-g2-L5p3-n2-beta3__N0080__Aplus_0p005,xover-m05-g2-L5p3-n2-beta3__N0080__Aminus_0p005,xover-m05-g2-L5p3-n2-beta3,80,0.005,65,4.30625,1.0019089524488662,1.0015799052974936
xover-m05-g2-L5p3-n2-beta3__N0080__Aplus_0p005,xover-m05-g2-L5p3-n2-beta3__N0080__Aminus_0p005,xover-m05-g2-L5p3-n2-beta3,80,0.005,66,4.3725000000000005,1.002264125891061,1.001876245356529
xover-m05-g2-L5p3-n2-beta3__N0080__Aplus_0p005,xover-m05-g2-L5p3-n2-beta3__N0080__Aminus_0p005,xover-m05-g2-L5p3-n2-beta3,80,0.005,67,4.438750000000001,1.0026051391533661,1.00216092309411
xover-m05-g2-L5p3-n2-beta3__N0080__Aplus_0p005,xover-m05-g2-L5p3-n2-beta3__N0080__Aminus_0p005,xover-m05-g2-L5p3-n2-beta3,80,0.005,68,4.505,1.0029299179631923,1.0024321872336082
xover-m05-g2-L5p3-n2-beta3__N0080__Aplus_0p005,xover-m05-g2-L5p3-n2-beta3__N0080__Aminus_0p005,xover-m05-g2-L5p3-n2-beta3,80,0.005,69,4.57125,1.0032364904925721,1.002688369531213
xover-m05-g2-L5p3-n2-beta3__N0080__Aplus_0p005,xover-m05-g2-L5p3-n2-beta3__N0080__Aminus_0p005,xover-m05-g2-L5p3-n2-beta3,80,0.005,70,4.6375,1.0035229987630576,1.0029278949577463
xover-m05-g2-L5p3-n2-beta3__N0080__Aplus_0p005,xover-m05-g2-L5p3-n2-beta3__N0080__Aminus_0p005,xover-m05-g2-L5p3-n2-beta3,80,0.005,71,4.70375,1.0037877093093113,1.0031492912997872
xover-m05-g2-L5p3-n2-beta3__N0080__Aplus_0p005,xover-m05-g2-L5p3-n2-beta3__N0080__Aminus_0p005,xover-m05-g2-L5p3-n2-beta3,80,0.005,72,4.7700000000000005,1.0040290230551319,1.0033511981236465
xover-m05-g2-L5p3-n2-beta3__N0080__Aplus_0p005,xover-m05-g2-L5p3-n2-beta3__N0080__Aminus_0p005,xover-m05-g2-L5p3-n2-beta3,80,0.005,73,4.836250000000001,1.0042454843610062,1.0035323750497454
xover-m05-g2-L5p3-n2-beta3__N0080__Aplus_0p005,xover-m05-g2-L5p3-n2-beta3__N0080__Aminus_0p005,xover-m05-g2-L5p3-n2-beta3,80,0.005,74,4.9025,1.0044357892073732,1.0036917092892386
xover-m05-g2-L5p3-n2-beta3__N0080__Aplus_0p005,xover-m05-g2-L5p3-n2-beta3__N0080__Aminus_0p005,xover-m05-g2-L5p3-n2-beta3,80,0.005,75,4.96875,1.0045987924826203,1.0038282223992132
xover-m05-g2-L5p3-n2-beta3__N0080__Aplus_0p005,xover-m05-g2-L5p3-n2-beta3__N0080__Aminus_0p005,xover-m05-g2-L5p3-n2-beta3,80,0.005,76,5.035,1.004733514349376,1.0039410762174903
xover-m05-g2-L5p3-n2-beta3__N0080__Aplus_0p005,xover-m05-g2-L5p3-n2-beta3__N0080__Aminus_0p005,xover-m05-g2-L5p3-n2-beta3,80,0.005,77,5.10125,1.0048391456669146,1.0040295779429265
xover-m05-g2-L5p3-n2-beta3__N0080__Aplus_0p005,xover-m05-g2-L5p3-n2-beta3__N0080__Aminus_0p005,xover-m05-g2-L5p3-n2-beta3,80,0.005,78,5.1675,1.0049150524514563,1.004093184332117
xover-m05-g2-L5p3-n2-beta3__N0080__Aplus_0p005,xover-m05-g2-L5p3-n2-beta3__N0080__Aminus_0p005,xover-m05-g2-L5p3-n2-beta3,80,0.005,79,5.233750000000001,1.00496077935986,1.0041315049885315
xover-m05-g2-L5p3-n2-beta3__N0080__Aplus_0p005,xover-m05-g2-L5p3-n2-beta3__N0080__Aminus_0p005,xover-m05-g2-L5p3-n2-beta3,80,0.005,80,5.3,1.0049760521856814,1.004144304725346
xover-m05-g2-L5p3-n2-beta3__N0080__Aplus_0p01,xover-m05-g2-L5p3-n2-beta3__N0080__Aminus_0p01,xover-m05-g2-L5p3-n2-beta3,80,0.01,0,0.0,1.0099042173475652,1.0082598668932339
xover-m05-g2-L5p3-n2-beta3__N0080__Aplus_0p01,xover-m05-g2-L5p3-n2-beta3__N0080__Aminus_0p01,xover-m05-g2-L5p3-n2-beta3,80,0.01,1,0.06625,1.0098739525275,1.008234307931002
xover-m05-g2-L5p3-n2-beta3__N0080__Aplus_0p01,xover-m05-g2-L5p3-n2-beta3__N0080__Aminus_0p01,xover-m05-g2-L5p3-n2-beta3,80,0.01,2,0.1325,1.0097833342944835,1.0081577871600147
xover-m05-g2-L5p3-n2-beta3__N0080__Aplus_0p01,xover-m05-g2-L5p3-n2-beta3__N0080__Aminus_0p01,xover-m05-g2-L5p3-n2-beta3,80,0.01,3,0.19875,1.0096328904984282,1.008030772002277
xover-m05-g2-L5p3-n2-beta3__N0080__Aplus_0p01,xover-m05-g2-L5p3-n2-beta3__N0080__Aminus_0p01,xover-m05-g2-L5p3-n2-beta3,80,0.01,4,0.265,1.0094234981159886,1.0078540384154437
xover-m05-g2-L5p3-n2-beta3__N0080__Aplus_0p01,xover-m05-g2-L5p3-n2-beta3__N0080__Aminus_0p01,xover-m05-g2-L5p3-n2-beta3,80,0.01,5,0.33125000000000004,1.0091563790870044,1.0076286662907752
xover-m05-g2-L5p3-n2-beta3__N0080__Aplus_0p01,xover-m05-g2-L5p3-n2-beta3__N0080__Aminus_0p01,xover-m05-g2-L5p3-n2-beta3,80,0.01,6,0.3975,1.0088330944785715,1.0073560330432445
xover-m05-g2-L5p3-n2-beta3__N0080__Aplus_0p01,xover-m05-g2-L5p3-n2-beta3__N0080__Aminus_0p01,xover-m05-g2-L5p3-n2-beta3,80,0.01,7,0.46375,1.0084555369710924,1.0070378054267504
xover-m05-g2-L5p3-n2-beta3__N0080__Aplus_0p01,xover-m05-g2-L5p3-n2-beta3__N0080__Aminus_0p01,xover-m05-g2-L5p3-n2-beta3,80,0.01,8,0.53,1.0080259216608596,1.006675929616787
xover-m05-g2-L5p3-n2-beta3__N0080__Aplus_0p01,xover-m05-g2-L5p3-n2-beta3__N0080__Aminus_0p01,xover-m05-g2-L5p3-n2-beta3,80,0.01,9,0.5962500000000001,1.0075467751752245,1.0062726196122806
xover-m05-g2-L5p3-n2-beta3__N0080__Aplus_0p01,xover-m05-g2-L5p3-n2-beta3__N0080__Aminus_0p01,xover-m05-g2-L5p3-n2-beta3,80,0.01,10,0.6625000000000001,1.0070209230993912,1.0058303440176
xover-m05-g2-L5p3-n2-beta3__N0080__Aplus_0p01,xover-m05-g2-L5p3-n2-beta3__N0080__Aminus_0p01,xover-m05-g2-L5p3-n2-beta3,80,0.01,11,0.72875,1.006451475718542,1.0053518112749844
xover-m05-g2-L5p3-n2-beta3__N0080__Aplus_0p01,xover-m05-g2-L5p3-n2-beta3__N0080__Aminus_0p01,xover-m05-g2-L5p3-n2-beta3,80,0.01,12,0.795,1.0058418120854442,1.0048399534267154
xover-m05-g2-L5p3-n2-beta3__N0080__Aplus_0p01,xover-m05-g2-L5p3-n2-beta3__N0080__Aminus_0p01,xover-m05-g2-L5p3-n2-beta3,80,0.01,13,0.8612500000000001,1.005195562431959,1.0042979084953012
xover-m05-g2-L5p3-n2-beta3__N0080__Aplus_0p01,xover-m05-g2-L5p3-n2-beta3__N0080__Aminus_0p01,xover-m05-g2-L5p3-n2-beta3,80,0.01,14,0.9275,1.0045165889530223,1.003729001578641
xover-m05-g2-L5p3-n2-beta3__N0080__Aplus_0p01,xover-m05-g2-L5p3-n2-beta3__N0080__Aminus_0p01,xover-m05-g2-L5p3-n2-beta3,80,0.01,15,0.99375,1.0038089650035722,1.003136724765556
xover-m05-g2-L5p3-n2-beta3__N0080__Aplus_0p01,xover-m05-g2-L5p3-n2-beta3__N0080__Aminus_0p01,xover-m05-g2-L5p3-n2-beta3,80,0.01,16,1.06,1.003076952762502,1.0025247159851305
xover-m05-g2-L5p3-n2-beta3__N0080__Aplus_0p01,xover-m05-g2-L5p3-n2-beta3__N0080__Aminus_0p01,xover-m05-g2-L5p3-n2-beta3,80,0.01,17,1.12625,1.0023249794328188,1.001896736910934
xover-m05-g2-L5p3-n2-beta3__N0080__Aplus_0p01,xover-m05-g2-L5p3-n2-beta3__N0080__Aminus_0p01,xover-m05-g2-L5p3-n2-beta3,80,0.01,18,1.1925000000000001,1.0015576120635563,1.0012566500482958
xover-m05-g2-L5p3-n2-beta3__N0080__Aplus_0p01,xover-m05-g2-L5p3-n2-beta3__N0080__Aminus_0p01,xover-m05-g2-L5p3-n2-beta3,80,0.01,19,1.25875,1.0007795310963654,1.0006083951393177
xover-m05-g2-L5p3-n2-beta3__N0080__Aplus_0p01,xover-m05-g2-L5p3-n2-beta3__N0080__Aminus_0p01,xover-m05-g2-L5p3-n2-beta3,80,0.01,20,1.3250000000000002,0.9999955027577394,0.9999559650261293
xover-m05-g2-L5p3-n2-beta3__N0080__Aplus_0p01,xover-m05-g2-L5p3-n2-beta3__N0080__Aminus_0p01,xover-m05-g2-L5p3-n2-beta3,80,0.01,21,1.39125,0.9992103504361842,0.9993033811179545
xover-m05-g2-L5p3-n2-beta3__N0080__Aplus_0p01,xover-m05-g2-L5p3-n2-beta3__N0080__Aminus_0p01,xover-m05-g2-L5p3-n2-beta3,80,0.01,22,1.4575,0.9984289252018972,0.998654668611761
xover-m05-g2-L5p3-n2-beta3__N0080__Aplus_0p01,xover-m05-g2-L5p3-n2-beta3__N0080__Aminus_0p01,xover-m05-g2-L5p3-n2-beta3,80,0.01,23,1.5237500000000002,0.997656075644294,0.9980138316195655
xover-m05-g2-L5p3-n2-beta3__N0080__Aplus_0p01,xover-m05-g2-L5p3-n2-beta3__N0080__Aminus_0p01,xover-m05-g2-L5p3-n2-beta3,80,0.01,24,1.59,0.9968966172195662,0.9973848283577701
xover-m05-g2-L5p3-n2-beta3__N0080__Aplus_0p01,xover-m05-g2-L5p3-n2-beta3__N0080__Aminus_0p01,xover-m05-g2-L5p3-n2-beta3,80,0.01,25,1.65625,0.9961553013159666,0.9967715465551645
xover-m05-g2-L5p3-n2-beta3__N0080__Aplus_0p01,xover-m05-g2-L5p3-n2-beta3__N0080__Aminus_0p01,xover-m05-g2-L5p3-n2-beta3,80,0.01,26,1.7225000000000001,0.9954367842582893,0.9961777792364069
xover-m05-g2-L5p3-n2-beta3__N0080__Aplus_0p01,xover-m05-g2-L5p3-n2-beta3__N0080__Aminus_0p01,xover-m05-g2-L5p3-n2-beta3,80,0.01,27,1.78875,0.9947455964846433,0.9956072010368359
xover-m05-g2-L5p3-n2-beta3__N0080__Aplus_0p01,xover-m05-g2-L5p3-n2-beta3__N0080__Aminus_0p01,xover-m05-g2-L5p3-n2-beta3,80,0.01,28,1.855,0.994086112137778,0.9950633452023671
xover-m05-g2-L5p3-n2-beta3__N0080__Aplus_0p01,xover-m05-g2-L5p3-n2-beta3__N0080__Aminus_0p01,xover-m05-g2-L5p3-n2-beta3,80,0.01,29,1.9212500000000001,0.993462519319575,0.9945495814249635
xover-m05-g2-L5p3-n2-beta3__N0080__Aplus_0p01,xover-m05-g2-L5p3-n2-beta3__N0080__Aminus_0p01,xover-m05-g2-L5p3-n2-beta3,80,0.01,30,1.9875,0.9928787912606305,0.9940690946597588
xover-m05-g2-L5p3-n2-beta3__N0080__Aplus_0p01,xover-m05-g2-L5p3-n2-beta3__N0080__Aminus_0p01,xover-m05-g2-L5p3-n2-beta3,80,0.01,31,2.05375,0.9923386586569041,0.9936248650643564
xover-m05-g2-L5p3-n2-beta3__N0080__Aplus_0p01,xover-m05-g2-L5p3-n2-beta3__N0080__Aminus_0p01,xover-m05-g2-L5p3-n2-beta3,80,0.01,32,2.12,0.991845583422069,0.9932196491941769
xover-m05-g2-L5p3-n2-beta3__N0080__Aplus_0p01,xover-m05-g2-L5p3-n2-beta3__N0080__Aminus_0p01,xover-m05-g2-L5p3-n2-beta3,80,0.01,33,2.1862500000000002,0.9914027340973941,0.9928559625800029
xover-m05-g2-L5p3-n2-beta3__N0080__Aplus_0p01,xover-m05-g2-L5p3-n2-beta3__N0080__Aminus_0p01,xover-m05-g2-L5p3-n2-beta3,80,0.01,34,2.2525,0.9910129631507171,0.9925360638051484
xover-m05-g2-L5p3-n2-beta3__N0080__Aplus_0p01,xover-m05-g2-L5p3-n2-beta3__N0080__Aminus_0p01,xover-m05-g2-L5p3-n2-beta3,80,0.01,35,2.31875,0.9906787863823991,0.9922619401900105
xover-m05-g2-L5p3-n2-beta3__N0080__Aplus_0p01,xover-m05-g2-L5p3-n2-beta3__N0080__Aminus_0p01,xover-m05-g2-L5p3-n2-beta3,80,0.01,36,2.3850000000000002,0.9904023646392276,0.9920352951812272
xover-m05-g2-L5p3-n2-beta3__N0080__Aplus_0p01,xover-m05-g2-L5p3-n2-beta3__N0080__Aminus_0p01,xover-m05-g2-L5p3-n2-beta3,80,0.01,37,2.45125,0.9901854880172549,0.9918575375313453
xover-m05-g2-L5p3-n2-beta3__N0080__Aplus_0p01,xover-m05-g2-L5p3-n2-beta3__N0080__Aminus_0p01,xover-m05-g2-L5p3-n2-beta3,80,0.01,38,2.5175,0.9900295627117968,0.991729772342894
xover-m05-g2-L5p3-n2-beta3__N0080__Aplus_0p01,xover-m05-g2-L5p3-n2-beta3__N0080__Aminus_0p01,xover-m05-g2-L5p3-n2-beta3,80,0.01,39,2.58375,0.9899356006475891,0.9916527940381528
xover-m05-g2-L5p3-n2-beta3__N0080__Aplus_0p01,xover-m05-g2-L5p3-n2-beta3__N0080__Aminus_0p01,xover-m05-g2-L5p3-n2-beta3,80,0.01,40,2.6500000000000004,0.9899042119947974,0.9916270813028019
xover-m05-g2-L5p3-n2-beta3__N0080__Aplus_0p01,xover-m05-g2-L5p3-n2-beta3__N0080__Aminus_0p01,xover-m05-g2-L5p3-n2-beta3,80,0.01,41,2.71625,0.9899356006475893,0.9916527940381527
xover-m05-g2-L5p3-n2-beta3__N0080__Aplus_0p01,xover-m05-g2-L5p3-n2-beta3__N0080__Aminus_0p01,xover-m05-g2-L5p3-n2-beta3,80,0.01,42,2.7825,0.9900295627117971,0.9917297723428935
xover-m05-g2-L5p3-n2-beta3__N0080__Aplus_0p01,xover-m05-g2-L5p3-n2-beta3__N0080__Aminus_0p01,xover-m05-g2-L5p3-n2-beta3,80,0.01,43,2.8487500000000003,0.9901854880172554,0.9918575375313446
xover-m05-g2-L5p3-n2-beta3__N0080__Aplus_0p01,xover-m05-g2-L5p3-n2-beta3__N0080__Aminus_0p01,xover-m05-g2-L5p3-n2-beta3,80,0.01,44,2.915,0.990402364639228,0.9920352951812262
xover-m05-g2-L5p3-n2-beta3__N0080__Aplus_0p01,xover-m05-g2-L5p3-n2-beta3__N0080__Aminus_0p01,xover-m05-g2-L5p3-n2-beta3,80,0.01,45,2.98125,0.9906787863823997,0.992261940190009
xover-m05-g2-L5p3-n2-beta3__N0080__Aplus_0p01,xover-m05-g2-L5p3-n2-beta3__N0080__Aminus_0p01,xover-m05-g2-L5p3-n2-beta3,80,0.01,46,3.0475000000000003,0.9910129631507179,0.9925360638051465
xover-m05-g2-L5p3-n2-beta3__N0080__Aplus_0p01,xover-m05-g2-L5p3-n2-beta3__N0080__Aminus_0p01,xover-m05-g2-L5p3-n2-beta3,80,0.01,47,3.11375,0.9914027340973948,0.9928559625800006
xover-m05-g2-L5p3-n2-beta3__N0080__Aplus_0p01,xover-m05-g2-L5p3-n2-beta3__N0080__Aminus_0p01,xover-m05-g2-L5p3-n2-beta3,80,0.01,48,3.18,0.9918455834220697,0.9932196491941745
xover-m05-g2-L5p3-n2-beta3__N0080__Aplus_0p01,xover-m05-g2-L5p3-n2-beta3__N0080__Aminus_0p01,xover-m05-g2-L5p3-n2-beta3,80,0.01,49,3.2462500000000003,0.9923386586569048,0.9936248650643535
xover-m05-g2-L5p3-n2-beta3__N0080__Aplus_0p01,xover-m05-g2-L5p3-n2-beta3__N0080__Aminus_0p01,xover-m05-g2-L5p3-n2-beta3,80,0.01,50,3.3125,0.9928787912606313,0.9940690946597555
xover-m05-g2-L5p3-n2-beta3__N0080__Aplus_0p01,xover-m05-g2-L5p3-n2-beta3__N0080__Aminus_0p01,xover-m05-g2-L5p3-n2-beta3,80,0.01,51,3.37875,0.9934625193195756,0.9945495814249597
xover-m05-g2-L5p3-n2-beta3__N0080__Aplus_0p01,xover-m05-g2-L5p3-n2-beta3__N0080__Aminus_0p01,xover-m05-g2-L5p3-n2-beta3,80,0.01,52,3.4450000000000003,0.9940861121377785,0.995063345202363
xover-m05-g2-L5p3-n2-beta3__N0080__Aplus_0p01,xover-m05-g2-L5p3-n2-beta3__N0080__Aminus_0p01,xover-m05-g2-L5p3-n2-beta3,80,0.01,53,3.51125,0.9947455964846437,0.9956072010368314
xover-m05-g2-L5p3-n2-beta3__N0080__Aplus_0p01,xover-m05-g2-L5p3-n2-beta3__N0080__Aminus_0p01,xover-m05-g2-L5p3-n2-beta3,80,0.01,54,3.5775,0.9954367842582895,0.9961777792364022
xover-m05-g2-L5p3-n2-beta3__N0080__Aplus_0p01,xover-m05-g2-L5p3-n2-beta3__N0080__Aminus_0p01,xover-m05-g2-L5p3-n2-beta3,80,0.01,55,3.6437500000000003,0.9961553013159665,0.9967715465551594
xover-m05-g2-L5p3-n2-beta3__N0080__Aplus_0p01,xover-m05-g2-L5p3-n2-beta3__N0080__Aminus_0p01,xover-m05-g2-L5p3-n2-beta3,80,0.01,56,3.71,0.9968966172195658,0.9973848283577648
xover-m05-g2-L5p3-n2-beta3__N0080__Aplus_0p01,xover-m05-g2-L5p3-n2-beta3__N0080__Aminus_0p01,xover-m05-g2-L5p3-n2-beta3,80,0.01,57,3.77625,0.9976560756442934,0.9980138316195599
xover-m05-g2-L5p3-n2-beta3__N0080__Aplus_0p01,xover-m05-g2-L5p3-n2-beta3__N0080__Aminus_0p01,xover-m05-g2-L5p3-n2-beta3,80,0.01,58,3.8425000000000002,0.9984289252018961,0.998654668611755
xover-m05-g2-L5p3-n2-beta3__N0080__Aplus_0p01,xover-m05-g2-L5p3-n2-beta3__N0080__Aminus_0p01,xover-m05-g2-L5p3-n2-beta3,80,0.01,59,3.9087500000000004,0.9992103504361828,0.9993033811179484
xover-m05-g2-L5p3-n2-beta3__N0080__Aplus_0p01,xover-m05-g2-L5p3-n2-beta3__N0080__Aminus_0p01,xover-m05-g2-L5p3-n2-beta3,80,0.01,60,3.975,0.9999955027577375,0.9999559650261229
xover-m05-g2-L5p3-n2-beta3__N0080__Aplus_0p01,xover-m05-g2-L5p3-n2-beta3__N0080__Aminus_0p01,xover-m05-g2-L5p3-n2-beta3,80,0.01,61,4.04125,1.000779531096363,1.000608395139311
xover-m05-g2-L5p3-n2-beta3__N0080__Aplus_0p01,xover-m05-g2-L5p3-n2-beta3__N0080__Aminus_0p01,xover-m05-g2-L5p3-n2-beta3,80,0.01,62,4.1075,1.0015576120635534,1.0012566500482891
xover-m05-g2-L5p3-n2-beta3__N0080__Aplus_0p01,xover-m05-g2-L5p3-n2-beta3__N0080__Aminus_0p01,xover-m05-g2-L5p3-n2-beta3,80,0.01,63,4.17375,1.002324979432815,1.0018967369109268
xover-m05-g2-L5p3-n2-beta3__N0080__Aplus_0p01,xover-m05-g2-L5p3-n2-beta3__N0080__Aminus_0p01,xover-m05-g2-L5p3-n2-beta3,80,0.01,64,4.24,1.0030769527624976,1.0025247159851232
xover-m05-g2-L5p3-n2-beta3__N0080__Aplus_0p01,xover-m05-g2-L5p3-n2-beta3__N0080__Aminus_0p01,xover-m05-g2-L5p3-n2-beta3,80,0.01,65,4.30625,1.0038089650035673,1.0031367247655485
xover-m05-g2-L5p3-n2-beta3__N0080__Aplus_0p01,xover-m05-g2-L5p3-n2-beta3__N0080__Aminus_0p01,xover-m05-g2-L5p3-n2-beta3,80,0.01,66,4.3725000000000005,1.0045165889530168,1.0037290015786335
xover-m05-g2-L5p3-n2-beta3__N0080__Aplus_0p01,xover-m05-g2-L5p3-n2-beta3__N0080__Aminus_0p01,xover-m05-g2-L5p3-n2-beta3,80,0.01,67,4.438750000000001,1.0051955624319528,1.0042979084952934
xover-m05-g2-L5p3-n2-beta3__N0080__Aplus_0p01,xover-m05-g2-L5p3-n2-beta3__N0080__Aminus_0p01,xover-m05-g2-L5p3-n2-beta3,80,0.01,68,4.505,1.0058418120854375,1.0048399534267076
xover-m05-g2-L5p3-n2-beta3__N0080__Aplus_0p01,xover-m05-g2-L5p3-n2-beta3__N0080__Aminus_0p01,xover-m05-g2-L5p3-n2-beta3,80,0.01,69,4.57125,1.006451475718535,1.0053518112749764
xover-m05-g2-L5p3-n2-beta3__N0080__Aplus_0p01,xover-m05-g2-L5p3-n2-beta3__N0080__Aminus_0p01,xover-m05-g2-L5p3-n2-beta3,80,0.01,70,4.6375,1.0070209230993834,1.0058303440175917
xover-m05-g2-L5p3-n2-beta3__N0080__Aplus_0p01,xover-m05-g2-L5p3-n2-beta3__N0080__Aminus_0p01,xover-m05-g2-L5p3-n2-beta3,80,0.01,71,4.70375,1.0075467751752163,1.0062726196122722
xover-m05-g2-L5p3-n2-beta3__N0080__Aplus_0p01,xover-m05-g2-L5p3-n2-beta3__N0080__Aminus_0p01,xover-m05-g2-L5p3-n2-beta3,80,0.01,72,4.7700000000000005,1.008025921660851,1.0066759296167784
xover-m05-g2-L5p3-n2-beta3__N0080__Aplus_0p01,xover-m05-g2-L5p3-n2-beta3__N0080__Aminus_0p01,xover-m05-g2-L5p3-n2-beta3,80,0.01,73,4.836250000000001,1.0084555369710833,1.0070378054267415
xover-m05-g2-L5p3-n2-beta3__N0080__Aplus_0p01,xover-m05-g2-L5p3-n2-beta3__N0080__Aminus_0p01,xover-m05-g2-L5p3-n2-beta3,80,0.01,74,4.9025,1.0088330944785622,1.0073560330432356
xover-m05-g2-L5p3-n2-beta3__N0080__Aplus_0p01,xover-m05-g2-L5p3-n2-beta3__N0080__Aminus_0p01,xover-m05-g2-L5p3-n2-beta3,80,0.01,75,4.96875,1.0091563790869946,1.007628666290766
xover-m05-g2-L5p3-n2-beta3__N0080__Aplus_0p01,xover-m05-g2-L5p3-n2-beta3__N0080__Aminus_0p01,xover-m05-g2-L5p3-n2-beta3,80,0.01,76,5.035,1.0094234981159786,1.0078540384154344
xover-m05-g2-L5p3-n2-beta3__N0080__Aplus_0p01,xover-m05-g2-L5p3-n2-beta3__N0080__Aminus_0p01,xover-m05-g2-L5p3-n2-beta3,80,0.01,77,5.10125,1.009632890498418,1.0080307720022679
xover-m05-g2-L5p3-n2-beta3__N0080__Aplus_0p01,xover-m05-g2-L5p3-n2-beta3__N0080__Aminus_0p01,xover-m05-g2-L5p3-n2-beta3,80,0.01,78,5.1675,1.009783334294473,1.0081577871600058
xover-m05-g2-L5p3-n2-beta3__N0080__Aplus_0p01,xover-m05-g2-L5p3-n2-beta3__N0080__Aminus_0p01,xover-m05-g2-L5p3-n2-beta3,80,0.01,79,5.233750000000001,1.0098739525274896,1.008234307930993
xover-m05-g2-L5p3-n2-beta3__N0080__Aplus_0p01,xover-m05-g2-L5p3-n2-beta3__N0080__Aminus_0p01,xover-m05-g2-L5p3-n2-beta3,80,0.01,80,5.3,1.0099042173475548,1.008259866893225
xover-m05-g2-L5p3-n2-beta3__N0080__Aplus_0p02,xover-m05-g2-L5p3-n2-beta3__N0080__Aminus_0p02,xover-m05-g2-L5p3-n2-beta3,80,0.02,0,0.0,1.0196169952302807,1.016402855623248
xover-m05-g2-L5p3-n2-beta3__N0080__Aplus_0p02,xover-m05-g2-L5p3-n2-beta3__N0080__Aminus_0p02,xover-m05-g2-L5p3-n2-beta3,80,0.02,1,0.06625,1.0195575867336308,1.0163519074705905
xover-m05-g2-L5p3-n2-beta3__N0080__Aplus_0p02,xover-m05-g2-L5p3-n2-beta3__N0080__Aminus_0p02,xover-m05-g2-L5p3-n2-beta3,80,0.02,2,0.1325,1.0193796861415936,1.0161993711078796
xover-m05-g2-L5p3-n2-beta3__N0080__Aplus_0p02,xover-m05-g2-L5p3-n2-beta3__N0080__Aminus_0p02,xover-m05-g2-L5p3-n2-beta3,80,0.02,3,0.19875,1.019084267158902,1.0159461690799976
xover-m05-g2-L5p3-n2-beta3__N0080__Aplus_0p02,xover-m05-g2-L5p3-n2-beta3__N0080__Aminus_0p02,xover-m05-g2-L5p3-n2-beta3,80,0.02,4,0.265,1.018672949311639,1.0155938331650147
xover-m05-g2-L5p3-n2-beta3__N0080__Aplus_0p02,xover-m05-g2-L5p3-n2-beta3__N0080__Aminus_0p02,xover-m05-g2-L5p3-n2-beta3,80,0.02,5,0.33125000000000004,1.0181479929106094,1.0151444957011502
xover-m05-g2-L5p3-n2-beta3__N0080__Aplus_0p02,xover-m05-g2-L5p3-n2-beta3__N0080__Aminus_0p02,xover-m05-g2-L5p3-n2-beta3,80,0.02,6,0.3975,1.0175122918746493,1.0146008774889967
xover-m05-g2-L5p3-n2-beta3__N0080__Aplus_0p02,xover-m05-g2-L5p3-n2-beta3__N0080__Aminus_0p02,xover-m05-g2-L5p3-n2-beta3,80,0.02,7,0.46375,1.0167693642941042,1.0139662723142884
xover-m05-g2-L5p3-n2-beta3__N0080__Aplus_0p02,xover-m05-g2-L5p3-n2-beta3__N0080__Aminus_0p02,xover-m05-g2-L5p3-n2-beta3,80,0.02,8,0.53,1.0159233405883854,1.0132445281505202
xover-m05-g2-L5p3-n2-beta3__N0080__Aplus_0p02,xover-m05-g2-L5p3-n2-beta3__N0080__Aminus_0p02,xover-m05-g2-L5p3-n2-beta3,80,0.02,9,0.5962500000000001,1.0149789490908898,1.0124400251155063
xover-m05-g2-L5p3-n2-beta3__N0080__Aplus_0p02,xover-m05-g2-L5p3-n2-beta3__N0080__Aminus_0p02,xover-m05-g2-L5p3-n2-beta3,80,0.02,10,0.6625000000000001,1.0139414988806317,1.0115576502715427
xover-m05-g2-L5p3-n2-beta3__N0080__Aplus_0p02,xover-m05-g2-L5p3-n2-beta3__N0080__Aminus_0p02,xover-m05-g2-L5p3-n2-beta3,80,0.02,11,0.72875,1.0128168596735017,1.0106027693752635
xover-m05-g2-L5p3-n2-beta3__N0080__Aplus_0p02,xover-m05-g2-L5p3-n2-beta3__N0080__Aminus_0p02,xover-m05-g2-L5p3-n2-beta3,80,0.02,12,0.795,1.0116114385878288,1.0095811957005236
xover-m05-g2-L5p3-n2-beta3__N0080__Aplus_0p02,xover-m05-g2-L5p3-n2-beta3__N0080__Aminus_0p02,xover-m05-g2-L5p3-n2-beta3,80,0.02,13,0.8612500000000001,1.0103321536092926,1.0084991560756114
xover-m05-g2-L5p3-n2-beta3__N0080__Aplus_0p02,xover-m05-g2-L5p3-n2-beta3__N0080__Aminus_0p02,xover-m05-g2-L5p3-n2-beta3,80,0.02,14,0.9275,1.0089864035994547,1.007363254294674
xover-m05-g2-L5p3-n2-beta3__N0080__Aplus_0p02,xover-m05-g2-L5p3-n2-beta3__N0080__Aminus_0p02,xover-m05-g2-L5p3-n2-beta3,80,0.02,15,0.99375,1.007582034720231,1.0061804320822272
xover-m05-g2-L5p3-n2-beta3__N0080__Aplus_0p02,xover-m05-g2-L5p3-n2-beta3__N0080__Aminus_0p02,xover-m05-g2-L5p3-n2-beta3,80,0.02,16,1.06,1.0061273031832465,1.0049579278088026
xover-m05-g2-L5p3-n2-beta3__N0080__Aplus_0p02,xover-m05-g2-L5p3-n2-beta3__N0080__Aminus_0p02,xover-m05-g2-L5p3-n2-beta3,80,0.02,17,1.12625,1.0046308342776888,1.0037032331748668
xover-m05-g2-L5p3-n2-beta3__N0080__Aplus_0p02,xover-m05-g2-L5p3-n2-beta3__N0080__Aminus_0p02,xover-m05-g2-L5p3-n2-beta3,80,0.02,18,1.1925000000000001,1.0031015776822256,1.0024240480988393
xover-m05-g2-L5p3-n2-beta3__N0080__Aplus_0p02,xover-m05-g2-L5p3-n2-beta3__N0080__Aminus_0p02,xover-m05-g2-L5p3-n2-beta3,80,0.02,19,1.25875,1.001548759124805,1.0011282340629952
xover-m05-g2-L5p3-n2-beta3__N0080__Aplus_0p02,xover-m05-g2-L5p3-n2-beta3__N0080__Aminus_0p02,xover-m05-g2-L5p3-n2-beta3,80,0.02,20,1.3250000000000002,0.9999818285174674,0.9998237661879301
xover-m05-g2-L5p3-n2-beta3__N0080__Aplus_0p02,xover-m05-g2-L5p3-n2-beta3__N0080__Aminus_0p02,xover-m05-g2-L5p3-n2-beta3,80,0.02,21,1.39125,0.9984104047602724,0.9985186843217452
xover-m05-g2-L5p3-n2-beta3__N0080__Aplus_0p02,xover-m05-g2-L5p3-n2-beta3__N0080__Aminus_0p02,xover-m05-g2-L5p3-n2-beta3,80,0.02,22,1.4575,0.9968442174775292,0.9972210434438395
xover-m05-g2-L5p3-n2-beta3__N0080__Aplus_0p02,xover-m05-g2-L5p3-n2-beta3__N0080__Aminus_0p02,xover-m05-g2-L5p3-n2-beta3,80,0.02,23,1.5237500000000002,0.9952930460190165,0.9959388636948667
xover-m05-g2-L5p3-n2-beta3__N0080__Aplus_0p02,xover-m05-g2-L5p3-n2-beta3__N0080__Aminus_0p02,xover-m05-g2-L5p3-n2-beta3,80,0.02,24,1.59,0.993766656127071,0.9946800803537393
xover-m05-g2-L5p3-n2-beta3__N0080__Aplus_0p02,xover-m05-g2-L5p3-n2-beta3__N0080__Aminus_0p02,xover-m05-g2-L5p3-n2-beta3,80,0.02,25,1.65625,0.9922747347355291,0.9934524940893126
xover-m05-g2-L5p3-n2-beta3__N0080__Aplus_0p02,xover-m05-g2-L5p3-n2-beta3__N0080__Aminus_0p02,xover-m05-g2-L5p3-n2-beta3,80,0.02,26,1.7225000000000001,0.9908268234268084,0.9922637218183384
xover-m05-g2-L5p3-n2-beta3__N0080__Aplus_0p02,xover-m05-g2-L5p3-n2-beta3__N0080__Aminus_0p02,xover-m05-g2-L5p3-n2-beta3,80,0.02,27,1.78875,0.9894322511272708,0.9911211485023326
xover-m05-g2-L5p3-n2-beta3__N0080__Aplus_0p02,xover-m05-g2-L5p3-n2-beta3__N0080__Aminus_0p02,xover-m05-g2-L5p3-n2-beta3,80,0.02,28,1.855,0.9881000666668952,0.9900318802140279
xover-m05-g2-L5p3-n2-beta3__N0080__Aplus_0p02,xover-m05-g2-L5p3-n2-beta3__N0080__Aminus_0p02,xover-m05-g2-L5p3-n2-beta3,80,0.02,29,1.9212500000000001,0.9868389718658875,0.9890026987990881
xover-m05-g2-L5p3-n2-beta3__N0080__Aplus_0p02,xover-m05-g2-L5p3-n2-beta3__N0080__Aminus_0p02,xover-m05-g2-L5p3-n2-beta3,80,0.02,30,1.9875,0.9856572558370409,0.9880400184507385
xover-m05-g2-L5p3-n2-beta3__N0080__Aplus_0p02,xover-m05-g2-L5p3-n2-beta3__N0080__Aminus_0p02,xover-m05-g2-L5p3-n2-beta3,80,0.02,31,2.05375,0.9845627312075508,0.9871498445040117
xover-m05-g2-L5p3-n2-beta3__N0080__Aplus_0p02,xover-m05-g2-L5p3-n2-beta3__N0080__Aminus_0p02,xover-m05-g2-L5p3-n2-beta3,80,0.02,32,2.12,0.9835626729670026,0.9863377347425262
xover-m05-g2-L5p3-n2-beta3__N0080__Aplus_0p02,xover-m05-g2-L5p3-n2-beta3__N0080__Aminus_0p02,xover-m05-g2-L5p3-n2-beta3,80,0.02,33,2.1862500000000002,0.982663760639028,0.9856087634942841
xover-m05-g2-L5p3-n2-beta3__N0080__Aplus_0p02,xover-m05-g2-L5p3-n2-beta3__N0080__Aminus_0p02,xover-m05-g2-L5p3-n2-beta3,80,0.02,34,2.2525,0.9818720244526574,0.9849674887740608
xover-m05-g2-L5p3-n2-beta3__N0080__Aplus_0p02,xover-m05-g2-L5p3-n2-beta3__N0080__Aminus_0p02,xover-m05-g2-L5p3-n2-beta3,80,0.02,35,2.31875,0.9811927961558917,0.9844179227088174
xover-m05-g2-L5p3-n2-beta3__N0080__Aplus_0p02,xover-m05-g2-L5p3-n2-beta3__N0080__Aminus_0p02,xover-m05-g2-L5p3-n2-beta3,80,0.02,36,2.3850000000000002,0.9806306650689957,0.983963505459388
xover-m05-g2-L5p3-n2-beta3__N0080__Aplus_0p02,xover-m05-g2-L5p3-n2-beta3__N0080__Aminus_0p02,xover-m05-g2-L5p3-n2-beta3,80,0.02,37,2.45125,0.9801894399192188,0.9836070828267677
xover-m05-g2-L5p3-n2-beta3__N0080__Aplus_0p02,xover-m05-g2-L5p3-n2-beta3__N0080__Aminus_0p02,xover-m05-g2-L5p3-n2-beta3,80,0.02,38,2.5175,0.9798721169330613,0.9833508877048592
xover-m05-g2-L5p3-n2-beta3__N0080__Aplus_0p02,xover-m05-g2-L5p3-n2-beta3__N0080__Aminus_0p02,xover-m05-g2-L5p3-n2-beta3,80,0.02,39,2.58375,0.9796808545879833,0.983196525513815
xover-m05-g2-L5p3-n2-beta3__N0080__Aplus_0p02,xover-m05-g2-L5p3-n2-beta3__N0080__Aminus_0p02,xover-m05-g2-L5p3-n2-beta3,80,0.02,40,2.6500000000000004,0.9796169553439608,0.9831449637193443
xover-m05-g2-L5p3-n2-beta3__N0080__Aplus_0p02,xover-m05-g2-L5p3-n2-beta3__N0080__Aminus_0p02,xover-m05-g2-L5p3-n2-beta3,80,0.02,41,2.71625,0.9796808545879834,0.9831965255138146
xover-m05-g2-L5p3-n2-beta3__N0080__Aplus_0p02,xover-m05-g2-L5p3-n2-beta3__N0080__Aminus_0p02,xover-m05-g2-L5p3-n2-beta3,80,0.02,42,2.7825,0.9798721169330615,0.9833508877048587
xover-m05-g2-L5p3-n2-beta3__N0080__Aplus_0p02,xover-m05-g2-L5p3-n2-beta3__N0080__Aminus_0p02,xover-m05-g2-L5p3-n2-beta3,80,0.02,43,2.8487500000000003,0.9801894399192191,0.9836070828267669
xover-m05-g2-L5p3-n2-beta3__N0080__Aplus_0p02,xover-m05-g2-L5p3-n2-beta3__N0080__Aminus_0p02,xover-m05-g2-L5p3-n2-beta3,80,0.02,44,2.915,0.980630665068996,0.983963505459387
xover-m05-g2-L5p3-n2-beta3__N0080__Aplus_0p02,xover-m05-g2-L5p3-n2-beta3__N0080__Aminus_0p02,xover-m05-g2-L5p3-n2-beta3,80,0.02,45,2.98125,0.9811927961558923,0.984417922708816
xover-m05-g2-L5p3-n2-beta3__N0080__Aplus_0p02,xover-m05-g2-L5p3-n2-beta3__N0080__Aminus_0p02,xover-m05-g2-L5p3-n2-beta3,80,0.02,46,3.0475000000000003,0.981872024452658,0.984967488774059
xover-m05-g2-L5p3-n2-beta3__N0080__Aplus_0p02,xover-m05-g2-L5p3-n2-beta3__N0080__Aminus_0p02,xover-m05-g2-L5p3-n2-beta3,80,0.02,47,3.11375,0.9826637606390287,0.9856087634942818
xover-m05-g2-L5p3-n2-beta3__N0080__Aplus_0p02,xover-m05-g2-L5p3-n2-beta3__N0080__Aminus_0p02,xover-m05-g2-L5p3-n2-beta3,80,0.02,48,3.18,0.9835626729670033,0.9863377347425236
xover-m05-g2-L5p3-n2-beta3__N0080__Aplus_0p02,xover-m05-g2-L5p3-n2-beta3__N0080__Aminus_0p02,xover-m05-g2-L5p3-n2-beta3,80,0.02,49,3.2462500000000003,0.9845627312075513,0.9871498445040087
xover-m05-g2-L5p3-n2-beta3__N0080__Aplus_0p02,xover-m05-g2-L5p3-n2-beta3__N0080__Aminus_0p02,xover-m05-g2-L5p3-n2-beta3,80,0.02,50,3.3125,0.9856572558370413,0.9880400184507352
xover-m05-g2-L5p3-n2-beta3__N0080__Aplus_0p02,xover-m05-g2-L5p3-n2-beta3__N0080__Aminus_0p02,xover-m05-g2-L5p3-n2-beta3,80,0.02,51,3.37875,0.986838971865888,0.9890026987990843
xover-m05-g2-L5p3-n2-beta3__N0080__Aplus_0p02,xover-m05-g2-L5p3-n2-beta3__N0080__Aminus_0p02,xover-m05-g2-L5p3-n2-beta3,80,0.02,52,3.4450000000000003,0.9881000666668955,0.9900318802140239
xover-m05-g2-L5p3-n2-beta3__N0080__Aplus_0p02,xover-m05-g2-L5p3-n2-beta3__N0080__Aminus_0p02,xover-m05-g2-L5p3-n2-beta3,80,0.02,53,3.51125,0.989432251127271,0.9911211485023282
xover-m05-g2-L5p3-n2-beta3__N0080__Aplus_0p02,xover-m05-g2-L5p3-n2-beta3__N0080__Aminus_0p02,xover-m05-g2-L5p3-n2-beta3,80,0.02,54,3.5775,0.9908268234268083,0.9922637218183339
xover-m05-g2-L5p3-n2-beta3__N0080__Aplus_0p02,xover-m05-g2-L5p3-n2-beta3__N0080__Aminus_0p02,xover-m05-g2-L5p3-n2-beta3,80,0.02,55,3.6437500000000003,0.9922747347355286,0.9934524940893079
xover-m05-g2-L5p3-n2-beta3__N0080__Aplus_0p02,xover-m05-g2-L5p3-n2-beta3__N0080__Aminus_0p02,xover-m05-g2-L5p3-n2-beta3,80,0.02,56,3.71,0.9937666561270704,0.9946800803537345
xover-m05-g2-L5p3-n2-beta3__N0080__Aplus_0p02,xover-m05-g2-L5p3-n2-beta3__N0080__Aminus_0p02,xover-m05-g2-L5p3-n2-beta3,80,0.02,57,3.77625,0.9952930460190155,0.9959388636948617
xover-m05-g2-L5p3-n2-beta3__N0080__Aplus_0p02,xover-m05-g2-L5p3-n2-beta3__N0080__Aminus_0p02,xover-m05-g2-L5p3-n2-beta3,80,0.02,58,3.8425000000000002,0.9968442174775278,0.9972210434438342
xover-m05-g2-L5p3-n2-beta3__N0080__Aplus_0p02,xover-m05-g2-L5p3-n2-beta3__N0080__Aminus_0p02,xover-m05-g2-L5p3-n2-beta3,80,0.02,59,3.9087500000000004,0.9984104047602707,0.9985186843217396
xover-m05-g2-L5p3-n2-beta3__N0080__Aplus_0p02,xover-m05-g2-L5p3-n2-beta3__N0080__Aminus_0p02,xover-m05-g2-L5p3-n2-beta3,80,0.02,60,3.975,0.9999818285174652,0.9998237661879245
xover-m05-g2-L5p3-n2-beta3__N0080__Aplus_0p02,xover-m05-g2-L5p3-n2-beta3__N0080__Aminus_0p02,xover-m05-g2-L5p3-n2-beta3,80,0.02,61,4.04125,1.0015487591248025,1.0011282340629895
xover-m05-g2-L5p3-n2-beta3__N0080__Aplus_0p02,xover-m05-g2-L5p3-n2-beta3__N0080__Aminus_0p02,xover-m05-g2-L5p3-n2-beta3,80,0.02,62,4.1075,1.0031015776822225,1.0024240480988333
xover-m05-g2-L5p3-n2-beta3__N0080__Aplus_0p02,xover-m05-g2-L5p3-n2-beta3__N0080__Aminus_0p02,xover-m05-g2-L5p3-n2-beta3,80,0.02,63,4.17375,1.0046308342776853,1.0037032331748605
xover-m05-g2-L5p3-n2-beta3__N0080__Aplus_0p02,xover-m05-g2-L5p3-n2-beta3__N0080__Aminus_0p02,xover-m05-g2-L5p3-n2-beta3,80,0.02,64,4.24,1.0061273031832423,1.0049579278087963
xover-m05-g2-L5p3-n2-beta3__N0080__Aplus_0p02,xover-m05-g2-L5p3-n2-beta3__N0080__Aminus_0p02,xover-m05-g2-L5p3-n2-beta3,80,0.02,65,4.30625,1.0075820347202262,1.006180432082221
xover-m05-g2-L5p3-n2-beta3__N0080__Aplus_0p02,xover-m05-g2-L5p3-n2-beta3__N0080__Aminus_0p02,xover-m05-g2-L5p3-n2-beta3,80,0.02,66,4.3725000000000005,1.0089864035994496,1.0073632542946678
xover-m05-g2-L5p3-n2-beta3__N0080__Aplus_0p02,xover-m05-g2-L5p3-n2-beta3__N0080__Aminus_0p02,xover-m05-g2-L5p3-n2-beta3,80,0.02,67,4.438750000000001,1.0103321536092869,1.008499156075605
xover-m05-g2-L5p3-n2-beta3__N0080__Aplus_0p02,xover-m05-g2-L5p3-n2-beta3__N0080__Aminus_0p02,xover-m05-g2-L5p3-n2-beta3,80,0.02,68,4.505,1.0116114385878225,1.009581195700517
xover-m05-g2-L5p3-n2-beta3__N0080__Aplus_0p02,xover-m05-g2-L5p3-n2-beta3__N0080__Aminus_0p02,xover-m05-g2-L5p3-n2-beta3,80,0.02,69,4.57125,1.012816859673495,1.0106027693752566
xover-m05-g2-L5p3-n2-beta3__N0080__Aplus_0p02,xover-m05-g2-L5p3-n2-beta3__N0080__Aminus_0p02,xover-m05-g2-L5p3-n2-beta3,80,0.02,70,4.6375,1.0139414988806246,1.0115576502715358
xover-m05-g2-L5p3-n2-beta3__N0080__Aplus_0p02,xover-m05-g2-L5p3-n2-beta3__N0080__Aminus_0p02,xover-m05-g2-L5p3-n2-beta3,80,0.02,71,4.70375,1.014978949090882,1.012440025115499
xover-m05-g2-L5p3-n2-beta3__N0080__Aplus_0p02,xover-m05-g2-L5p3-n2-beta3__N0080__Aminus_0p02,xover-m05-g2-L5p3-n2-beta3,80,0.02,72,4.7700000000000005,1.0159233405883772,1.0132445281505125
xover-m05-g2-L5p3-n2-beta3__N0080__Aplus_0p02,xover-m05-g2-L5p3-n2-beta3__N0080__Aminus_0p02,xover-m05-g2-L5p3-n2-beta3,80,0.02,73,4.836250000000001,1.0167693642940958,1.0139662723142808
xover-m05-g2-L5p3-n2-beta3__N0080__Aplus_0p02,xover-m05-g2-L5p3-n2-beta3__N0080__Aminus_0p02,xover-m05-g2-L5p3-n2-beta3,80,0.02,74,4.9025,1.0175122918746404,1.014600877488989
xover-m05-g2-L5p3-n2-beta3__N0080__Aplus_0p02,xover-m05-g2-L5p3-n2-beta3__N0080__Aminus_0p02,xover-m05-g2-L5p3-n2-beta3,80,0.02,75,4.96875,1.0181479929106003,1.0151444957011422
xover-m05-g2-L5p3-n2-beta3__N0080__Aplus_0p02,xover-m05-g2-L5p3-n2-beta3__N0080__Aminus_0p02,xover-m05-g2-L5p3-n2-beta3,80,0.02,76,5.035,1.0186729493116295,1.0155938331650067
xover-m05-g2-L5p3-n2-beta3__N0080__Aplus_0p02,xover-m05-g2-L5p3-n2-beta3__N0080__Aminus_0p02,xover-m05-g2-L5p3-n2-beta3,80,0.02,77,5.10125,1.0190842671588922,1.0159461690799896
xover-m05-g2-L5p3-n2-beta3__N0080__Aplus_0p02,xover-m05-g2-L5p3-n2-beta3__N0080__Aminus_0p02,xover-m05-g2-L5p3-n2-beta3,80,0.02,78,5.1675,1.0193796861415838,1.0161993711078714
xover-m05-g2-L5p3-n2-beta3__N0080__Aplus_0p02,xover-m05-g2-L5p3-n2-beta3__N0080__Aminus_0p02,xover-m05-g2-L5p3-n2-beta3,80,0.02,79,5.233750000000001,1.019557586733621,1.0163519074705825
xover-m05-g2-L5p3-n2-beta3__N0080__Aplus_0p02,xover-m05-g2-L5p3-n2-beta3__N0080__Aminus_0p02,xover-m05-g2-L5p3-n2-beta3,80,0.02,80,5.3,1.019616995230271,1.0164028556232398
xover-m05-g2-L5p3-n2-beta3__N0160__Aminus_0p02,xover-m05-g2-L5p3-n2-beta3__N0160__Aplus_0p02,xover-m05-g2-L5p3-n2-beta3,160,-0.02,0,0.0,0.9796177523601113,0.9831496753531351
xover-m05-g2-L5p3-n2-beta3__N0160__Aminus_0p02,xover-m05-g2-L5p3-n2-beta3__N0160__Aplus_0p02,xover-m05-g2-L5p3-n2-beta3,160,-0.02,1,0.033125,0.9796337327969828,0.9831625675299966
xover-m05-g2-L5p3-n2-beta3__N0160__Aminus_0p02,xover-m05-g2-L5p3-n2-beta3__N0160__Aplus_0p02,xover-m05-g2-L5p3-n2-beta3,160,-0.02,2,0.06625,0.9796816468743375,0.9832012238516719
xover-m05-g2-L5p3-n2-beta3__N0160__Aminus_0p02,xover-m05-g2-L5p3-n2-beta3__N0160__Aplus_0p02,xover-m05-g2-L5p3-n2-beta3,160,-0.02,3,0.099375,0.9797614129503164,0.9832655837244458
xover-m05-g2-L5p3-n2-beta3__N0160__Aminus_0p02,xover-m05-g2-L5p3-n2-beta3__N0160__Aplus_0p02,xover-m05-g2-L5p3-n2-beta3,160,-0.02,4,0.1325,0.979872895148038,0.9833555462687775
xover-m05-g2-L5p3-n2-beta3__N0160__Aminus_0p02,xover-m05-g2-L5p3-n2-beta3__N0160__Aplus_0p02,xover-m05-g2-L5p3-n2-beta3,160,-0.02,5,0.16562500000000002,0.9800159036442733,0.9834709704840642
xover-m05-g2-L5p3-n2-beta3__N0160__Aminus_0p02,xover-m05-g2-L5p3-n2-beta3__N0160__Aplus_0p02,xover-m05-g2-L5p3-n2-beta3,160,-0.02,6,0.19875,0.9801901950722935,0.9836116754788973
xover-m05-g2-L5p3-n2-beta3__N0160__Aminus_0p02,xover-m05-g2-L5p3-n2-beta3__N0160__Aplus_0p02,xover-m05-g2-L5p3-n2-beta3,160,-0.02,7,0.231875,0.9803954730376001,0.9837774407663902
xover-m05-g2-L5p3-n2-beta3__N0160__Aminus_0p02,xover-m05-g2-L5p3-n2-beta3__N0160__Aplus_0p02,xover-m05-g2-L5p3-n2-beta3,160,-0.02,8,0.265,0.980631388744889,0.9839680066240444
xover-m05-g2-L5p3-n2-beta3__N0160__Aminus_0p02,xover-m05-g2-L5p3-n2-beta3__N0160__Aplus_0p02,xover-m05-g2-L5p3-n2-beta3,160,-0.02,9,0.29812500000000003,0.9808975417342478,0.9841830745175051
xover-m05-g2-L5p3-n2-beta3__N0160__Aminus_0p02,xover-m05-g2-L5p3-n2-beta3__N0160__Aplus_0p02,xover-m05-g2-L5p3-n2-beta3,160,-0.02,10,0.33125000000000004,0.9811934807242461,0.9844223075874378
xover-m05-g2-L5p3-n2-beta3__N0160__Aminus_0p02,xover-m05-g2-L5p3-n2-beta3__N0160__Aplus_0p02,xover-m05-g2-L5p3-n2-beta3,160,-0.02,11,0.364375,0.9815187045592426,0.9846853311986474
xover-m05-g2-L5p3-n2-beta3__N0160__Aminus_0p02,xover-m05-g2-L5p3-n2-beta3__N0160__Aplus_0p02,xover-m05-g2-L5p3-n2-beta3,160,-0.02,12,0.3975,0.9818726632579196,0.9849717335504474
xover-m05-g2-L5p3-n2-beta3__N0160__Aminus_0p02,xover-m05-g2-L5p3-n2-beta3__N0160__Aplus_0p02,xover-m05-g2-L5p3-n2-beta3,160,-0.02,13,0.43062500000000004,0.982254759159742,0.9852810663471742
xover-m05-g2-L5p3-n2-beta3__N0160__Aminus_0p02,xover-m05-g2-L5p3-n2-beta3__N0160__Aplus_0p02,xover-m05-g2-L5p3-n2-beta3,160,-0.02,14,0.46375,0.9826643481657581,0.9856128455276371
xover-m05-g2-L5p3-n2-beta3__N0160__Aminus_0p02,xover-m05-g2-L5p3-n2-beta3__N0160__Aplus_0p02,xover-m05-g2-L5p3-n2-beta3,160,-0.02,15,0.496875,0.9831007410698698,0.9859665520521859
xover-m05-g2-L5p3-n2-beta3__N0160__Aminus_0p02,xover-m05-g2-L5p3-n2-beta3__N0160__Aplus_0p02,xover-m05-g2-L5p3-n2-beta3,160,-0.02,16,0.53,0.9835632049764597,0.986341632745974
xover-m05-g2-L5p3-n2-beta3__N0160__Aminus_0p02,xover-m05-g2-L5p3-n2-beta3__N0160__Aplus_0p02,xover-m05-g2-L5p3-n2-beta3,160,-0.02,17,0.563125,0.98405096480001,0.9867375011968971
xover-m05-g2-L5p3-n2-beta3__N0160__Aminus_0p02,xover-m05-g2-L5p3-n2-beta3__N0160__Aplus_0p02,xover-m05-g2-L5p3-n2-beta3,160,-0.02,18,0.5962500000000001,0.9845632048421384,0.9871535387065868
xover-m05-g2-L5p3-n2-beta3__N0160__Aminus_0p02,xover-m05-g2-L5p3-n2-beta3__N0160__Aplus_0p02,xover-m05-g2-L5p3-n2-beta3,160,-0.02,19,0.629375,0.985099070441274,0.9875890952927479
xover-m05-g2-L5p3-n2-beta3__N0160__Aminus_0p02,xover-m05-g2-L5p3-n2-beta3__N0160__Aplus_0p02,xover-m05-g2-L5p3-n2-beta3,160,-0.02,20,0.6625000000000001,0.9856576696900206,0.9880434907410316
xover-m05-g2-L5p3-n2-beta3__N0160__Aminus_0p02,xover-m05-g2-L5p3-n2-beta3__N0160__Aplus_0p02,xover-m05-g2-L5p3-n2-beta3,160,-0.02,21,0.695625,0.9862380752151029,0.9885160157045583
xover-m05-g2-L5p3-n2-beta3__N0160__Aminus_0p02,xover-m05-g2-L5p3-n2-beta3__N0160__Aplus_0p02,xover-m05-g2-L5p3-n2-beta3,160,-0.02,22,0.72875,0.9868393260146555,0.989005932849114
xover-m05-g2-L5p3-n2-beta3__N0160__Aminus_0p02,xover-m05-g2-L5p3-n2-beta3__N0160__Aplus_0p02,xover-m05-g2-L5p3-n2-beta3,160,-0.02,23,0.7618750000000001,0.9874604293475105,0.9895124780419673
xover-m05-g2-L5p3-n2-beta3__N0160__Aminus_0p02,xover-m05-g2-L5p3-n2-beta3__N0160__Aplus_0p02,xover-m05-g2-L5p3-n2-beta3,160,-0.02,24,0.795,0.9881003626690535,0.9900348615821827
xover-m05-g2-L5p3-n2-beta3__N0160__Aminus_0p02,xover-m05-g2-L5p3-n2-beta3__N0160__Aplus_0p02,xover-m05-g2-L5p3-n2-beta3,160,-0.02,25,0.828125,0.9887580756081583,0.9905722694702361
xover-m05-g2-L5p3-n2-beta3__N0160__Aminus_0p02,xover-m05-g2-L5p3-n2-beta3__N0160__Aplus_0p02,xover-m05-g2-L5p3-n2-beta3,160,-0.02,26,0.8612500000000001,0.9894324919796744,0.9911238647146675
xover-m05-g2-L5p3-n2-beta3__N0160__Aminus_0p02,xover-m05-g2-L5p3-n2-beta3__N0160__Aplus_0p02,xover-m05-g2-L5p3-n2-beta3,160,-0.02,27,0.894375,0.9901225118269286,0.991688788673458
xover-m05-g2-L5p3-n2-beta3__N0160__Aminus_0p02,xover-m05-g2-L5p3-n2-beta3__N0160__Aplus_0p02,xover-m05-g2-L5p3-n2-beta3,160,-0.02,28,0.9275,0.9908270134887156,0.9922661624277539
xover-m05-g2-L5p3-n2-beta3__N0160__Aminus_0p02,xover-m05-g2-L5p3-n2-beta3__N0160__Aplus_0p02,xover-m05-g2-L5p3-n2-beta3,160,-0.02,29,0.9606250000000001,0.9915448556852858,0.9928550881855176
xover-m05-g2-L5p3-n2-beta3__N0160__Aminus_0p02,xover-m05-g2-L5p3-n2-beta3__N0160__Aplus_0p02,xover-m05-g2-L5p3-n2-beta3,160,-0.02,30,0.99375,0.9922748796178986,0.9934546507126424
xover-m05-g2-L5p3-n2-beta3__N0160__Aminus_0p02,xover-m05-g2-L5p3-n2-beta3__N0160__Aplus_0p02,xover-m05-g2-L5p3-n2-beta3,160,-0.02,31,1.026875,0.9930159110765895,0.9940639187890261
xover-m05-g2-L5p3-n2-beta3__N0160__Aminus_0p02,xover-m05-g2-L5p3-n2-beta3__N0160__Aplus_0p02,xover-m05-g2-L5p3-n2-beta3,160,-0.02,32,1.06,0.9937667625509026,0.994681946687073
xover-m05-g2-L5p3-n2-beta3__N0160__Aminus_0p02,xover-m05-g2-L5p3-n2-beta3__N0160__Aplus_0p02,xover-m05-g2-L5p3-n2-beta3,160,-0.02,33,1.0931250000000001,0.9945262353384634,0.9953077756700635
xover-m05-g2-L5p3-n2-beta3__N0160__Aminus_0p02,xover-m05-g2-L5p3-n2-beta3__N0160__Aplus_0p02,xover-m05-g2-L5p3-n2-beta3,160,-0.02,34,1.12625,0.9952931216464115,0.995940435507815
xover-m05-g2-L5p3-n2-beta3__N0160__Aminus_0p02,xover-m05-g2-L5p3-n2-beta3__N0160__Aplus_0p02,xover-m05-g2-L5p3-n2-beta3,160,-0.02,35,1.159375,0.9960662066808713,0.9965789460070387
xover-m05-g2-L5p3-n2-beta3__N0160__Aminus_0p02,xover-m05-g2-L5p3-n2-beta3__N0160__Aplus_0p02,xover-m05-g2-L5p3-n2-beta3,160,-0.02,36,1.1925000000000001,0.9968442707198263,0.9972223185537952
xover-m05-g2-L5p3-n2-beta3__N0160__Aminus_0p02,xover-m05-g2-L5p3-n2-beta3__N0160__Aplus_0p02,xover-m05-g2-L5p3-n2-beta3,160,-0.02,37,1.225625,0.9976260911649505,0.9978695576654459
xover-m05-g2-L5p3-n2-beta3__N0160__Aminus_0p02,xover-m05-g2-L5p3-n2-beta3__N0160__Aplus_0p02,xover-m05-g2-L5p3-n2-beta3,160,-0.02,38,1.25875,0.9984104445681676,0.998519662549502
xover-m05-g2-L5p3-n2-beta3__N0160__Aminus_0p02,xover-m05-g2-L5p3-n2-beta3__N0160__Aplus_0p02,xover-m05-g2-L5p3-n2-beta3,160,-0.02,39,1.291875,0.9991961086289316,0.9991716286667826
xover-m05-g2-L5p3-n2-beta3__N0160__Aminus_0p02,xover-m05-g2-L5p3-n2-beta3__N0160__Aplus_0p02,xover-m05-g2-L5p3-n2-beta3,160,-0.02,40,1.3250000000000002,0.9999818641584574,0.9998244492963113
xover-m05-g2-L5p3-n2-beta3__N0160__Aminus_0p02,xover-m05-g2-L5p3-n2-beta3__N0160__Aplus_0p02,xover-m05-g2-L5p3-n2-beta3,160,-0.02,41,1.358125,1.0007664970073802,1.0004771170993976
xover-m05-g2-L5p3-n2-beta3__N0160__Aminus_0p02,xover-m05-g2-L5p3-n2-beta3__N0160__Aplus_0p02,xover-m05-g2-L5p3-n2-beta3,160,-0.02,42,1.39125,1.001548799953575,1.0011286256803773
xover-m05-g2-L5p3-n2-beta3__N0160__Aminus_0p02,xover-m05-g2-L5p3-n2-beta3__N0160__Aplus_0p02,xover-m05-g2-L5p3-n2-beta3,160,-0.02,43,1.4243750000000002,1.0023275745471298,1.0017779711415211
xover-m05-g2-L5p3-n2-beta3__N0160__Aminus_0p02,xover-m05-g2-L5p3-n2-beta3__N0160__Aplus_0p02,xover-m05-g2-L5p3-n2-beta3,160,-0.02,44,1.4575,1.0031016329097375,1.0024241536296505
xover-m05-g2-L5p3-n2-beta3__N0160__Aminus_0p02,xover-m05-g2-L5p3-n2-beta3__N0160__Aplus_0p02,xover-m05-g2-L5p3-n2-beta3,160,-0.02,45,1.490625,1.0038697994860373,1.0030661788720467
xover-m05-g2-L5p3-n2-beta3__N0160__Aminus_0p02,xover-m05-g2-L5p3-n2-beta3__N0160__Aplus_0p02,xover-m05-g2-L5p3-n2-beta3,160,-0.02,46,1.5237500000000002,1.004630912744712,1.0037030596992813
xover-m05-g2-L5p3-n2-beta3__N0160__Aminus_0p02,xover-m05-g2-L5p3-n2-beta3__N0160__Aplus_0p02,xover-m05-g2-L5p3-n2-beta3,160,-0.02,47,1.556875,1.0053838268274193,1.0043338175526482
xover-m05-g2-L5p3-n2-beta3__N0160__Aminus_0p02,xover-m05-g2-L5p3-n2-beta3__N0160__Aplus_0p02,xover-m05-g2-L5p3-n2-beta3,160,-0.02,48,1.59,1.0061274131439089,1.0049574839739304
xover-m05-g2-L5p3-n2-beta3__N0160__Aminus_0p02,xover-m05-g2-L5p3-n2-beta3__N0160__Aplus_0p02,xover-m05-g2-L5p3-n2-beta3,160,-0.02,49,1.6231250000000002,1.0068605619119386,1.0055731020752892
xover-m05-g2-L5p3-n2-beta3__N0160__Aminus_0p02,xover-m05-g2-L5p3-n2-beta3__N0160__Aplus_0p02,xover-m05-g2-L5p3-n2-beta3,160,-0.02,50,1.65625,1.007582183640872,1.0061797279871303
xover-m05-g2-L5p3-n2-beta3__N0160__Aminus_0p02,xover-m05-g2-L5p3-n2-beta3__N0160__Aplus_0p02,xover-m05-g2-L5p3-n2-beta3,160,-0.02,51,1.689375,1.0082912105580941,1.0067764322818584
xover-m05-g2-L5p3-n2-beta3__N0160__Aminus_0p02,xover-m05-g2-L5p3-n2-beta3__N0160__Aplus_0p02,xover-m05-g2-L5p3-n2-beta3,160,-0.02,52,1.7225000000000001,1.0089865979776262,1.0073623013715018
xover-m05-g2-L5p3-n2-beta3__N0160__Aminus_0p02,xover-m05-g2-L5p3-n2-beta3__N0160__Aplus_0p02,xover-m05-g2-L5p3-n2-beta3,160,-0.02,53,1.755625,1.0096673256105675,1.0079364388772558
xover-m05-g2-L5p3-n2-beta3__N0160__Aminus_0p02,xover-m05-g2-L5p3-n2-beta3__N0160__Aplus_0p02,xover-m05-g2-L5p3-n2-beta3,160,-0.02,54,1.78875,1.0103323988172113,1.0084979669690624
xover-m05-g2-L5p3-n2-beta3__N0160__Aminus_0p02,xover-m05-g2-L5p3-n2-beta3__N0160__Aplus_0p02,xover-m05-g2-L5p3-n2-beta3,160,-0.02,55,1.8218750000000001,1.0109808498009083,1.00904602767342
xover-m05-g2-L5p3-n2-beta3__N0160__Aminus_0p02,xover-m05-g2-L5p3-n2-beta3__N0160__Aplus_0p02,xover-m05-g2-L5p3-n2-beta3,160,-0.02,56,1.855,1.0116117387439445,1.0095797841476868
xover-m05-g2-L5p3-n2-beta3__N0160__Aminus_0p02,xover-m05-g2-L5p3-n2-beta3__N0160__Aplus_0p02,xover-m05-g2-L5p3-n2-beta3,160,-0.02,57,1.888125,1.0122241548858995,1.0100984219192115
xover-m05-g2-L5p3-n2-beta3__N0160__Aminus_0p02,xover-m05-g2-L5p3-n2-beta3__N0160__Aplus_0p02,xover-m05-g2-L5p3-n2-beta3,160,-0.02,58,1.9212500000000001,1.0128172175451196,1.0106011500877117
xover-m05-g2-L5p3-n2-beta3__N0160__Aminus_0p02,xover-m05-g2-L5p3-n2-beta3__N0160__Aplus_0p02,xover-m05-g2-L5p3-n2-beta3,160,-0.02,59,1.9543750000000002,1.013390077084105,1.0110872024893813
xover-m05-g2-L5p3-n2-beta3__N0160__Aminus_0p02,xover-m05-g2-L5p3-n2-beta3__N0160__Aplus_0p02,xover-m05-g2-L5p3-n2-beta3,160,-0.02,60,1.9875,1.0139419158197474,1.0115558388212957
xover-m05-g2-L5p3-n2-beta3__N0160__Aminus_0p02,xover-m05-g2-L5p3-n2-beta3__N0160__Aplus_0p02,xover-m05-g2-L5p3-n2-beta3,160,-0.02,61,2.020625,1.01447194887949,1.0120063457247466
xover-m05-g2-L5p3-n2-beta3__N0160__Aminus_0p02,xover-m05-g2-L5p3-n2-beta3__N0160__Aplus_0p02,xover-m05-g2-L5p3-n2-beta3,160,-0.02,62,2.05375,1.0149794250045803,1.0124380378262237
xover-m05-g2-L5p3-n2-beta3__N0160__Aminus_0p02,xover-m05-g2-L5p3-n2-beta3__N0160__Aplus_0p02,xover-m05-g2-L5p3-n2-beta3,160,-0.02,63,2.086875,1.0154636273016928,1.0128502587348274
xover-m05-g2-L5p3-n2-beta3__N0160__Aminus_0p02,xover-m05-g2-L5p3-n2-beta3__N0160__Aplus_0p02,xover-m05-g2-L5p3-n2-beta3,160,-0.02,64,2.12,1.015923873944258,1.013242381994969
xover-m05-g2-L5p3-n2-beta3__N0160__Aminus_0p02,xover-m05-g2-L5p3-n2-beta3__N0160__Aplus_0p02,xover-m05-g2-L5p3-n2-beta3,160,-0.02,65,2.153125,1.0163595188249077,1.0136138119932923
xover-m05-g2-L5p3-n2-beta3__N0160__Aminus_0p02,xover-m05-g2-L5p3-n2-beta3__N0160__Aplus_0p02,xover-m05-g2-L5p3-n2-beta3,160,-0.02,66,2.1862500000000002,1.016769952160473,1.0139639848188142
xover-m05-g2-L5p3-n2-beta3__N0160__Aminus_0p02,xover-m05-g2-L5p3-n2-beta3__N0160__Aplus_0p02,xover-m05-g2-L5p3-n2-beta3,160,-0.02,67,2.2193750000000003,1.0171546010510057,1.0142923690753551
xover-m05-g2-L5p3-n2-beta3__N0160__Aminus_0p02,xover-m05-g2-L5p3-n2-beta3__N0160__Aplus_0p02,xover-m05-g2-L5p3-n2-beta3,160,-0.02,68,2.2525,1.0175129299942938,1.0145984666453964
xover-m05-g2-L5p3-n2-beta3__N0160__Aminus_0p02,xover-m05-g2-L5p3-n2-beta3__N0160__Aplus_0p02,xover-m05-g2-L5p3-n2-beta3,160,-0.02,69,2.285625,1.0178444413573333,1.0148818134045652
xover-m05-g2-L5p3-n2-beta3__N0160__Aminus_0p02,xover-m05-g2-L5p3-n2-beta3__N0160__Aplus_0p02,xover-m05-g2-L5p3-n2-beta3,160,-0.02,70,2.31875,1.0181486758061977,1.0151419798860177
xover-m05-g2-L5p3-n2-beta3__N0160__Aminus_0p02,xover-m05-g2-L5p3-n2-beta3__N0160__Aplus_0p02,xover-m05-g2-L5p3-n2-beta3,160,-0.02,71,2.351875,1.0184252126956972,1.015378571894047
xover-m05-g2-L5p3-n2-beta3__N0160__Aminus_0p02,xover-m05-g2-L5p3-n2-beta3__N0160__Aplus_0p02,xover-m05-g2-L5p3-n2-beta3,160,-0.02,72,2.3850000000000002,1.0186736704201733,1.015591231066308
xover-m05-g2-L5p3-n2-beta3__N0160__Aminus_0p02,xover-m05-g2-L5p3-n2-beta3__N0160__Aplus_0p02,xover-m05-g2-L5p3-n2-beta3,160,-0.02,73,2.4181250000000003,1.018893706726702,1.0157796353841095
xover-m05-g2-L5p3-n2-beta3__N0160__Aminus_0p02,xover-m05-g2-L5p3-n2-beta3__N0160__Aplus_0p02,xover-m05-g2-L5p3-n2-beta3,160,-0.02,74,2.45125,1.019085018991895,1.0159434996302792
xover-m05-g2-L5p3-n2-beta3__N0160__Aminus_0p02,xover-m05-g2-L5p3-n2-beta3__N0160__Aplus_0p02,xover-m05-g2-L5p3-n2-beta3,160,-0.02,75,2.484375,1.0192473444634023,1.016082575794169
xover-m05-g2-L5p3-n2-beta3__N0160__Aminus_0p02,xover-m05-g2-L5p3-n2-beta3__N0160__Aplus_0p02,xover-m05-g2-L5p3-n2-beta3,160,-0.02,76,2.5175,1.0193804604671106,1.0161966534234161
xover-m05-g2-L5p3-n2-beta3__N0160__Aminus_0p02,xover-m05-g2-L5p3-n2-beta3__N0160__Aplus_0p02,xover-m05-g2-L5p3-n2-beta3,160,-0.02,77,2.550625,1.0194841845809186,1.016285559922135
xover-m05-g2-L5p3-n2-beta3__N0160__Aminus_0p02,xover-m05-g2-L5p3-n2-beta3__N0160__Aplus_0p02,xover-m05-g2-L5p3-n2-beta3,160,-0.02,78,2.58375,1.0195583747758539,1.016349160795263
xover-m05-g2-L5p3-n2-beta3__N0160__Aminus_0p02,xover-m05-g2-L5p3-n2-beta3__N0160__Aplus_0p02,xover-m05-g2-L5p3-n2-beta3,160,-0.02,79,2.6168750000000003,1.0196029295251614,1.0163873598388387
xover-m05-g2-L5p3-n2-beta3__N0160__Aminus_0p02,xover-m05-g2-L5p3-n2-beta3__N0160__Aplus_0p02,xover-m05-g2-L5p3-n2-beta3,160,-0.02,80,2.6500000000000004,1.0196177878818655,1.0164000992760363
xover-m05-g2-L5p3-n2-beta3__N0160__Aminus_0p02,xover-m05-g2-L5p3-n2-beta3__N0160__Aplus_0p02,xover-m05-g2-L5p3-n2-beta3,160,-0.02,81,2.683125,1.019602929525161,1.0163873598388367
xover-m05-g2-L5p3-n2-beta3__N0160__Aminus_0p02,xover-m05-g2-L5p3-n2-beta3__N0160__Aplus_0p02,xover-m05-g2-L5p3-n2-beta3,160,-0.02,82,2.71625,1.0195583747758532,1.0163491607952593
xover-m05-g2-L5p3-n2-beta3__N0160__Aminus_0p02,xover-m05-g2-L5p3-n2-beta3__N0160__Aplus_0p02,xover-m05-g2-L5p3-n2-beta3,160,-0.02,83,2.749375,1.0194841845809177,1.0162855599221294
xover-m05-g2-L5p3-n2-beta3__N0160__Aminus_0p02,xover-m05-g2-L5p3-n2-beta3__N0160__Aplus_0p02,xover-m05-g2-L5p3-n2-beta3,160,-0.02,84,2.7825,1.0193804604671093,1.016196653423409
xover-m05-g2-L5p3-n2-beta3__N0160__Aminus_0p02,xover-m05-g2-L5p3-n2-beta3__N0160__Aplus_0p02,xover-m05-g2-L5p3-n2-beta3,160,-0.02,85,2.8156250000000003,1.0192473444634007,1.0160825757941603
xover-m05-g2-L5p3-n2-beta3__N0160__Aminus_0p02,xover-m05-g2-L5p3-n2-beta3__N0160__Aplus_0p02,xover-m05-g2-L5p3-n2-beta3,160,-0.02,86,2.8487500000000003,1.019085018991893,1.0159434996302688
xover-m05-g2-L5p3-n2-beta3__N0160__Aminus_0p02,xover-m05-g2-L5p3-n2-beta3__N0160__Aplus_0p02,xover-m05-g2-L5p3-n2-beta3,160,-0.02,87,2.881875,1.0188937067266999,1.015779635384097
xover-m05-g2-L5p3-n2-beta3__N0160__Aminus_0p02,xover-m05-g2-L5p3-n2-beta3__N0160__Aplus_0p02,xover-m05-g2-L5p3-n2-beta3,160,-0.02,88,2.915,1.0186736704201709,1.0155912310662938
xover-m05-g2-L5p3-n2-beta3__N0160__Aminus_0p02,xover-m05-g2-L5p3-n2-beta3__N0160__Aplus_0p02,xover-m05-g2-L5p3-n2-beta3,160,-0.02,89,2.948125,1.018425212695694,1.0153785718940311
xover-m05-g2-L5p3-n2-beta3__N0160__Aminus_0p02,xover-m05-g2-L5p3-n2-beta3__N0160__Aplus_0p02,xover-m05-g2-L5p3-n2-beta3,160,-0.02,90,2.98125,1.0181486758061942,1.0151419798860004
xover-m05-g2-L5p3-n2-beta3__N0160__Aminus_0p02,xover-m05-g2-L5p3-n2-beta3__N0160__Aplus_0p02,xover-m05-g2-L5p3-n2-beta3,160,-0.02,91,3.0143750000000002,1.0178444413573293,1.0148818134045463
xover-m05-g2-L5p3-n2-beta3__N0160__Aminus_0p02,xover-m05-g2-L5p3-n2-beta3__N0160__Aplus_0p02,xover-m05-g2-L5p3-n2-beta3,160,-0.02,92,3.0475000000000003,1.0175129299942893,1.0145984666453758
xover-m05-g2-L5p3-n2-beta3__N0160__Aminus_0p02,xover-m05-g2-L5p3-n2-beta3__N0160__Aplus_0p02,xover-m05-g2-L5p3-n2-beta3,160,-0.02,93,3.080625,1.0171546010510009,1.0142923690753327
xover-m05-g2-L5p3-n2-beta3__N0160__Aminus_0p02,xover-m05-g2-L5p3-n2-beta3__N0160__Aplus_0p02,xover-m05-g2-L5p3-n2-beta3,160,-0.02,94,3.11375,1.0167699521604676,1.0139639848187902
xover-m05-g2-L5p3-n2-beta3__N0160__Aminus_0p02,xover-m05-g2-L5p3-n2-beta3__N0160__Aplus_0p02,xover-m05-g2-L5p3-n2-beta3,160,-0.02,95,3.146875,1.0163595188249017,1.013613811993267
xover-m05-g2-L5p3-n2-beta3__N0160__Aminus_0p02,xover-m05-g2-L5p3-n2-beta3__N0160__Aplus_0p02,xover-m05-g2-L5p3-n2-beta3,160,-0.02,96,3.18,1.0159238739442513,1.013242381994942
xover-m05-g2-L5p3-n2-beta3__N0160__Aminus_0p02,xover-m05-g2-L5p3-n2-beta3__N0160__Aplus_0p02,xover-m05-g2-L5p3-n2-beta3,160,-0.02,97,3.2131250000000002,1.0154636273016853,1.0128502587347985
xover-m05-g2-L5p3-n2-beta3__N0160__Aminus_0p02,xover-m05-g2-L5p3-n2-beta3__N0160__Aplus_0p02,xover-m05-g2-L5p3-n2-beta3,160,-0.02,98,3.2462500000000003,1.0149794250045723,1.012438037826193
xover-m05-g2-L5p3-n2-beta3__N0160__Aminus_0p02,xover-m05-g2-L5p3-n2-beta3__N0160__Aplus_0p02,xover-m05-g2-L5p3-n2-beta3,160,-0.02,99,3.2793750000000004,1.014471948879481,1.0120063457247137
xover-m05-g2-L5p3-n2-beta3__N0160__Aminus_0p02,xover-m05-g2-L5p3-n2-beta3__N0160__Aplus_0p02,xover-m05-g2-L5p3-n2-beta3,160,-0.02,100,3.3125,1.0139419158197378,1.0115558388212609
xover-m05-g2-L5p3-n2-beta3__N0160__Aminus_0p02,xover-m05-g2-L5p3-n2-beta3__N0160__Aplus_0p02,xover-m05-g2-L5p3-n2-beta3,160,-0.02,101,3.345625,1.0133900770840942,1.0110872024893447
xover-m05-g2-L5p3-n2-beta3__N0160__Aminus_0p02,xover-m05-g2-L5p3-n2-beta3__N0160__Aplus_0p02,xover-m05-g2-L5p3-n2-beta3,160,-0.02,102,3.37875,1.012817217545108,1.0106011500876733
xover-m05-g2-L5p3-n2-beta3__N0160__Aminus_0p02,xover-m05-g2-L5p3-n2-beta3__N0160__Aplus_0p02,xover-m05-g2-L5p3-n2-beta3,160,-0.02,103,3.411875,1.012224154885887,1.0100984219191713
xover-m05-g2-L5p3-n2-beta3__N0160__Aminus_0p02,xover-m05-g2-L5p3-n2-beta3__N0160__Aplus_0p02,xover-m05-g2-L5p3-n2-beta3,160,-0.02,104,3.4450000000000003,1.0116117387439312,1.0095797841476446
xover-m05-g2-L5p3-n2-beta3__N0160__Aminus_0p02,xover-m05-g2-L5p3-n2-beta3__N0160__Aplus_0p02,xover-m05-g2-L5p3-n2-beta3,160,-0.02,105,3.4781250000000004,1.0109808498008939,1.0090460276733757
xover-m05-g2-L5p3-n2-beta3__N0160__Aminus_0p02,xover-m05-g2-L5p3-n2-beta3__N0160__Aplus_0p02,xover-m05-g2-L5p3-n2-beta3,160,-0.02,106,3.51125,1.0103323988171955,1.0084979669690157
xover-m05-g2-L5p3-n2-beta3__N0160__Aminus_0p02,xover-m05-g2-L5p3-n2-beta3__N0160__Aplus_0p02,xover-m05-g2-L5p3-n2-beta3,160,-0.02,107,3.544375,1.0096673256105504,1.0079364388772072
xover-m05-g2-L5p3-n2-beta3__N0160__Aminus_0p02,xover-m05-g2-L5p3-n2-beta3__N0160__Aplus_0p02,xover-m05-g2-L5p3-n2-beta3,160,-0.02,108,3.5775,1.008986597977608,1.0073623013714512
xover-m05-g2-L5p3-n2-beta3__N0160__Aminus_0p02,xover-m05-g2-L5p3-n2-beta3__N0160__Aplus_0p02,xover-m05-g2-L5p3-n2-beta3,160,-0.02,109,3.610625,1.0082912105580746,1.0067764322818058
xover-m05-g2-L5p3-n2-beta3__N0160__Aminus_0p02,xover-m05-g2-L5p3-n2-beta3__N0160__Aplus_0p02,xover-m05-g2-L5p3-n2-beta3,160,-0.02,110,3.6437500000000003,1.0075821836408512,1.006179727987076
xover-m05-g2-L5p3-n2-beta3__N0160__Aminus_0p02,xover-m05-g2-L5p3-n2-beta3__N0160__Aplus_0p02,xover-m05-g2-L5p3-n2-beta3,160,-0.02,111,3.6768750000000003,1.0068605619119162,1.0055731020752332
xover-m05-g2-L5p3-n2-beta3__N0160__Aminus_0p02,xover-m05-g2-L5p3-n2-beta3__N0160__Aplus_0p02,xover-m05-g2-L5p3-n2-beta3,160,-0.02,112,3.71,1.006127413143885,1.0049574839738729
xover-m05-g2-L5p3-n2-beta3__N0160__Aminus_0p02,xover-m05-g2-L5p3-n2-beta3__N0160__Aplus_0p02,xover-m05-g2-L5p3-n2-beta3,160,-0.02,113,3.743125,1.005383826827394,1.004333817552589
xover-m05-g2-L5p3-n2-beta3__N0160__Aminus_0p02,xover-m05-g2-L5p3-n2-beta3__N0160__Aplus_0p02,xover-m05-g2-L5p3-n2-beta3,160,-0.02,114,3.77625,1.004630912744685,1.0037030596992207
xover-m05-g2-L5p3-n2-beta3__N0160__Aminus_0p02,xover-m05-g2-L5p3-n2-beta3__N0160__Aplus_0p02,xover-m05-g2-L5p3-n2-beta3,160,-0.02,115,3.809375,1.0038697994860089,1.0030661788719846
xover-m05-g2-L5p3-n2-beta3__N0160__Aminus_0p02,xover-m05-g2-L5p3-n2-beta3__N0160__Aplus_0p02,xover-m05-g2-L5p3-n2-beta3,160,-0.02,116,3.8425000000000002,1.003101632909707,1.0024241536295868
xover-m05-g2-L5p3-n2-beta3__N0160__Aminus_0p02,xover-m05-g2-L5p3-n2-beta3__N0160__Aplus_0p02,xover-m05-g2-L5p3-n2-beta3,160,-0.02,117,3.8756250000000003,1.0023275745470976,1.0017779711414556
xover-m05-g2-L5p3-n2-beta3__N0160__Aminus_0p02,xover-m05-g2-L5p3-n2-beta3__N0160__Aplus_0p02,xover-m05-g2-L5p3-n2-beta3,160,-0.02,118,3.9087500000000004,1.001548799953541,1.0011286256803098
xover-m05-g2-L5p3-n2-beta3__N0160__Aminus_0p02,xover-m05-g2-L5p3-n2-beta3__N0160__Aplus_0p02,xover-m05-g2-L5p3-n2-beta3,160,-0.02,119,3.941875,1.0007664970073444,1.000477117099328
xover-m05-g2-L5p3-n2-beta3__N0160__Aminus_0p02,xover-m05-g2-L5p3-n2-beta3__N0160__Aplus_0p02,xover-m05-g2-L5p3-n2-beta3,160,-0.02,120,3.975,0.9999818641584198,0.9998244492962398
xover-m05-g2-L5p3-n2-beta3__N0160__Aminus_0p02,xover-m05-g2-L5p3-n2-beta3__N0160__Aplus_0p02,xover-m05-g2-L5p3-n2-beta3,160,-0.02,121,4.008125000000001,0.9991961086288921,0.999171628666709
xover-m05-g2-L5p3-n2-beta3__N0160__Aminus_0p02,xover-m05-g2-L5p3-n2-beta3__N0160__Aplus_0p02,xover-m05-g2-L5p3-n2-beta3,160,-0.02,122,4.04125,0.9984104445681261,0.9985196625494265
xover-m05-g2-L5p3-n2-beta3__N0160__Aminus_0p02,xover-m05-g2-L5p3-n2-beta3__N0160__Aplus_0p02,xover-m05-g2-L5p3-n2-beta3,160,-0.02,123,4.074375,0.997626091164907,0.9978695576653687
xover-m05-g2-L5p3-n2-beta3__N0160__Aminus_0p02,xover-m05-g2-L5p3-n2-beta3__N0160__Aplus_0p02,xover-m05-g2-L5p3-n2-beta3,160,-0.02,124,4.1075,0.9968442707197808,0.997222318553716
xover-m05-g2-L5p3-n2-beta3__N0160__Aminus_0p02,xover-m05-g2-L5p3-n2-beta3__N0160__Aplus_0p02,xover-m05-g2-L5p3-n2-beta3,160,-0.02,125,4.140625,0.9960662066808237,0.9965789460069576
xover-m05-g2-L5p3-n2-beta3__N0160__Aminus_0p02,xover-m05-g2-L5p3-n2-beta3__N0160__Aplus_0p02,xover-m05-g2-L5p3-n2-beta3,160,-0.02,126,4.17375,0.9952931216463617,0.9959404355077321
xover-m05-g2-L5p3-n2-beta3__N0160__Aminus_0p02,xover-m05-g2-L5p3-n2-beta3__N0160__Aplus_0p02,xover-m05-g2-L5p3-n2-beta3,160,-0.02,127,4.206875,0.9945262353384116,0.995307775669979
xover-m05-g2-L5p3-n2-beta3__N0160__Aminus_0p02,xover-m05-g2-L5p3-n2-beta3__N0160__Aplus_0p02,xover-m05-g2-L5p3-n2-beta3,160,-0.02,128,4.24,0.9937667625508485,0.9946819466869867
xover-m05-g2-L5p3-n2-beta3__N0160__Aminus_0p02,xover-m05-g2-L5p3-n2-beta3__N0160__Aplus_0p02,xover-m05-g2-L5p3-n2-beta3,160,-0.02,129,4.273125,0.9930159110765333,0.9940639187889382
xover-m05-g2-L5p3-n2-beta3__N0160__Aminus_0p02,xover-m05-g2-L5p3-n2-beta3__N0160__Aplus_0p02,xover-m05-g2-L5p3-n2-beta3,160,-0.02,130,4.30625,0.9922748796178403,0.9934546507125528
xover-m05-g2-L5p3-n2-beta3__N0160__Aminus_0p02,xover-m05-g2-L5p3-n2-beta3__N0160__Aplus_0p02,xover-m05-g2-L5p3-n2-beta3,160,-0.02,131,4.339375,0.9915448556852253,0.9928550881854262
xover-m05-g2-L5p3-n2-beta3__N0160__Aminus_0p02,xover-m05-g2-L5p3-n2-beta3__N0160__Aplus_0p02,xover-m05-g2-L5p3-n2-beta3,160,-0.02,132,4.3725000000000005,0.990827013488653,0.9922661624276611
xover-m05-g2-L5p3-n2-beta3__N0160__Aminus_0p02,xover-m05-g2-L5p3-n2-beta3__N0160__Aplus_0p02,xover-m05-g2-L5p3-n2-beta3,160,-0.02,133,4.405625000000001,0.9901225118268637,0.991688788673364
xover-m05-g2-L5p3-n2-beta3__N0160__Aminus_0p02,xover-m05-g2-L5p3-n2-beta3__N0160__Aplus_0p02,xover-m05-g2-L5p3-n2-beta3,160,-0.02,134,4.438750000000001,0.9894324919796074,0.991123864714572
xover-m05-g2-L5p3-n2-beta3__N0160__Aminus_0p02,xover-m05-g2-L5p3-n2-beta3__N0160__Aplus_0p02,xover-m05-g2-L5p3-n2-beta3,160,-0.02,135,4.471875,0.9887580756080891,0.9905722694701395
xover-m05-g2-L5p3-n2-beta3__N0160__Aminus_0p02,xover-m05-g2-L5p3-n2-beta3__N0160__Aplus_0p02,xover-m05-g2-L5p3-n2-beta3,160,-0.02,136,4.505,0.9881003626689823,0.9900348615820852
xover-m05-g2-L5p3-n2-beta3__N0160__Aminus_0p02,xover-m05-g2-L5p3-n2-beta3__N0160__Aplus_0p02,xover-m05-g2-L5p3-n2-beta3,160,-0.02,137,4.538125,0.9874604293474373,0.9895124780418686
xover-m05-g2-L5p3-n2-beta3__N0160__Aminus_0p02,xover-m05-g2-L5p3-n2-beta3__N0160__Aplus_0p02,xover-m05-g2-L5p3-n2-beta3,160,-0.02,138,4.57125,0.9868393260145801,0.9890059328490147
xover-m05-g2-L5p3-n2-beta3__N0160__Aminus_0p02,xover-m05-g2-L5p3-n2-beta3__N0160__Aplus_0p02,xover-m05-g2-L5p3-n2-beta3,160,-0.02,139,4.604375,0.9862380752150255,0.9885160157044582
xover-m05-g2-L5p3-n2-beta3__N0160__Aminus_0p02,xover-m05-g2-L5p3-n2-beta3__N0160__Aplus_0p02,xover-m05-g2-L5p3-n2-beta3,160,-0.02,140,4.6375,0.9856576696899412,0.9880434907409306
xover-m05-g2-L5p3-n2-beta3__N0160__Aminus_0p02,xover-m05-g2-L5p3-n2-beta3__N0160__Aplus_0p02,xover-m05-g2-L5p3-n2-beta3,160,-0.02,141,4.670625,0.9850990704411927,0.9875890952926462
xover-m05-g2-L5p3-n2-beta3__N0160__Aminus_0p02,xover-m05-g2-L5p3-n2-beta3__N0160__Aplus_0p02,xover-m05-g2-L5p3-n2-beta3,160,-0.02,142,4.70375,0.9845632048420553,0.9871535387064843
xover-m05-g2-L5p3-n2-beta3__N0160__Aminus_0p02,xover-m05-g2-L5p3-n2-beta3__N0160__Aplus_0p02,xover-m05-g2-L5p3-n2-beta3,160,-0.02,143,4.736875,0.984050964799925,0.9867375011967938
xover-m05-g2-L5p3-n2-beta3__N0160__Aminus_0p02,xover-m05-g2-L5p3-n2-beta3__N0160__Aplus_0p02,xover-m05-g2-L5p3-n2-beta3,160,-0.02,144,4.7700000000000005,0.9835632049763731,0.9863416327458704
xover-m05-g2-L5p3-n2-beta3__N0160__Aminus_0p02,xover-m05-g2-L5p3-n2-beta3__N0160__Aplus_0p02,xover-m05-g2-L5p3-n2-beta3,160,-0.02,145,4.8031250000000005,0.9831007410697815,0.985966552052082
xover-m05-g2-L5p3-n2-beta3__N0160__Aminus_0p02,xover-m05-g2-L5p3-n2-beta3__N0160__Aplus_0p02,xover-m05-g2-L5p3-n2-beta3,160,-0.02,146,4.836250000000001,0.9826643481656683,0.9856128455275328
xover-m05-g2-L5p3-n2-beta3__N0160__Aminus_0p02,xover-m05-g2-L5p3-n2-beta3__N0160__Aplus_0p02,xover-m05-g2-L5p3-n2-beta3,160,-0.02,147,4.869375000000001,0.9822547591596508,0.9852810663470692
xover-m05-g2-L5p3-n2-beta3__N0160__Aminus_0p02,xover-m05-g2-L5p3-n2-beta3__N0160__Aplus_0p02,xover-m05-g2-L5p3-n2-beta3,160,-0.02,148,4.9025,0.9818726632578268,0.9849717335503417
xover-m05-g2-L5p3-n2-beta3__N0160__Aminus_0p02,xover-m05-g2-L5p3-n2-beta3__N0160__Aplus_0p02,xover-m05-g2-L5p3-n2-beta3,160,-0.02,149,4.935625,0.9815187045591488,0.984685331198541
xover-m05-g2-L5p3-n2-beta3__N0160__Aminus_0p02,xover-m05-g2-L5p3-n2-beta3__N0160__Aplus_0p02,xover-m05-g2-L5p3-n2-beta3,160,-0.02,150,4.96875,0.9811934807241509,0.9844223075873305
xover-m05-g2-L5p3-n2-beta3__N0160__Aminus_0p02,xover-m05-g2-L5p3-n2-beta3__N0160__Aplus_0p02,xover-m05-g2-L5p3-n2-beta3,160,-0.02,151,5.001875,0.9808975417341516,0.9841830745173974
xover-m05-g2-L5p3-n2-beta3__N0160__Aminus_0p02,xover-m05-g2-L5p3-n2-beta3__N0160__Aplus_0p02,xover-m05-g2-L5p3-n2-beta3,160,-0.02,152,5.035,0.9806313887447917,0.9839680066239362
xover-m05-g2-L5p3-n2-beta3__N0160__Aminus_0p02,xover-m05-g2-L5p3-n2-beta3__N0160__Aplus_0p02,xover-m05-g2-L5p3-n2-beta3,160,-0.02,153,5.068125,0.9803954730375021,0.9837774407662814
xover-m05-g2-L5p3-n2-beta3__N0160__Aminus_0p02,xover-m05-g2-L5p3-n2-beta3__N0160__Aplus_0p02,xover-m05-g2-L5p3-n2-beta3,160,-0.02,154,5.10125,0.9801901950721947,0.983611675478788
xover-m05-g2-L5p3-n2-beta3__N0160__Aminus_0p02,xover-m05-g2-L5p3-n2-beta3__N0160__Aplus_0p02,xover-m05-g2-L5p3-n2-beta3,160,-0.02,155,5.134375,0.9800159036441739,0.9834709704839545
xover-m05-g2-L5p3-n2-beta3__N0160__Aminus_0p02,xover-m05-g2-L5p3-n2-beta3__N0160__Aplus_0p02,xover-m05-g2-L5p3-n2-beta3,160,-0.02,156,5.1675,0.9798728951479381,0.9833555462686676
xover-m05-g2-L5p3-n2-beta3__N0160__Aminus_0p02,xover-m05-g2-L5p3-n2-beta3__N0160__Aplus_0p02,xover-m05-g2-L5p3-n2-beta3,160,-0.02,157,5.2006250000000005,0.979761412950216,0.9832655837243359
xover-m05-g2-L5p3-n2-beta3__N0160__Aminus_0p02,xover-m05-g2-L5p3-n2-beta3__N0160__Aplus_0p02,xover-m05-g2-L5p3-n2-beta3,160,-0.02,158,5.233750000000001,0.9796816468742369,0.9832012238515616
xover-m05-g2-L5p3-n2-beta3__N0160__Aminus_0p02,xover-m05-g2-L5p3-n2-beta3__N0160__Aplus_0p02,xover-m05-g2-L5p3-n2-beta3,160,-0.02,159,5.266875000000001,0.979633732796882,0.9831625675298862
xover-m05-g2-L5p3-n2-beta3__N0160__Aminus_0p02,xover-m05-g2-L5p3-n2-beta3__N0160__Aplus_0p02,xover-m05-g2-L5p3-n2-beta3,160,-0.02,160,5.3,0.9796177523600104,0.9831496753530247
xover-m05-g2-L5p3-n2-beta3__N0160__Aminus_0p01,xover-m05-g2-L5p3-n2-beta3__N0160__Aplus_0p01,xover-m05-g2-L5p3-n2-beta3,160,-0.01,0,0.0,0.9899044111902222,0.9916291975203027
xover-m05-g2-L5p3-n2-beta3__N0160__Aminus_0p01,xover-m05-g2-L5p3-n2-beta3__N0160__Aplus_0p01,xover-m05-g2-L5p3-n2-beta3,160,-0.01,1,0.033125,0.9899122612473878,0.991635626648803
xover-m05-g2-L5p3-n2-beta3__N0160__Aminus_0p01,xover-m05-g2-L5p3-n2-beta3__N0160__Aplus_0p01,xover-m05-g2-L5p3-n2-beta3,160,-0.01,2,0.06625,0.9899357986654963,0.9916549040354211
xover-m05-g2-L5p3-n2-beta3__N0160__Aminus_0p01,xover-m05-g2-L5p3-n2-beta3__N0160__Aplus_0p01,xover-m05-g2-L5p3-n2-beta3,160,-0.01,3,0.099375,0.9899749852080467,0.9916869996994311
xover-m05-g2-L5p3-n2-beta3__N0160__Aminus_0p01,xover-m05-g2-L5p3-n2-beta3__N0160__Aplus_0p01,xover-m05-g2-L5p3-n2-beta3,160,-0.01,4,0.1325,0.9900297572263589,0.9917318637260069
xover-m05-g2-L5p3-n2-beta3__N0160__Aminus_0p01,xover-m05-g2-L5p3-n2-beta3__N0160__Aplus_0p01,xover-m05-g2-L5p3-n2-beta3,160,-0.01,5,0.16562500000000002,0.9901000257775909,0.9917894263457006
xover-m05-g2-L5p3-n2-beta3__N0160__Aminus_0p01,xover-m05-g2-L5p3-n2-beta3__N0160__Aplus_0p01,xover-m05-g2-L5p3-n2-beta3,160,-0.01,6,0.19875,0.9901856767895391,0.9918595980455231
xover-m05-g2-L5p3-n2-beta3__N0160__Aminus_0p01,xover-m05-g2-L5p3-n2-beta3__N0160__Aplus_0p01,xover-m05-g2-L5p3-n2-beta3,160,-0.01,7,0.231875,0.9902865712717934,0.9919422697114338
xover-m05-g2-L5p3-n2-beta3__N0160__Aminus_0p01,xover-m05-g2-L5p3-n2-beta3__N0160__Aplus_0p01,xover-m05-g2-L5p3-n2-beta3,160,-0.01,8,0.265,0.9904025455727092,0.9920373128019947
xover-m05-g2-L5p3-n2-beta3__N0160__Aminus_0p01,xover-m05-g2-L5p3-n2-beta3__N0160__Aplus_0p01,xover-m05-g2-L5p3-n2-beta3,160,-0.01,9,0.29812500000000003,0.9905334116815339,0.9921445795528934
xover-m05-g2-L5p3-n2-beta3__N0160__Aminus_0p01,xover-m05-g2-L5p3-n2-beta3__N0160__Aplus_0p01,xover-m05-g2-L5p3-n2-beta3,160,-0.01,10,0.33125000000000004,0.9906789575749178,0.9922639032119818
xover-m05-g2-L5p3-n2-beta3__N0160__Aminus_0p01,xover-m05-g2-L5p3-n2-beta3__N0160__Aplus_0p01,xover-m05-g2-L5p3-n2-beta3,160,-0.01,11,0.364375,0.9908389476069284,0.9923950983044297
xover-m05-g2-L5p3-n2-beta3__N0160__Aminus_0p01,xover-m05-g2-L5p3-n2-beta3__N0160__Aplus_0p01,xover-m05-g2-L5p3-n2-beta3,160,-0.01,12,0.3975,0.9910131229415751,0.9925379609275382
xover-m05-g2-L5p3-n2-beta3__N0160__Aminus_0p01,xover-m05-g2-L5p3-n2-beta3__N0160__Aplus_0p01,xover-m05-g2-L5p3-n2-beta3,160,-0.01,13,0.43062500000000004,0.9912012020267548,0.9926922690747084
xover-m05-g2-L5p3-n2-beta3__N0160__Aminus_0p01,xover-m05-g2-L5p3-n2-beta3__N0160__Aplus_0p01,xover-m05-g2-L5p3-n2-beta3,160,-0.01,14,0.46375,0.9914028811084264,0.992857782988014
xover-m05-g2-L5p3-n2-beta3__N0160__Aminus_0p01,xover-m05-g2-L5p3-n2-beta3__N0160__Aplus_0p01,xover-m05-g2-L5p3-n2-beta3,160,-0.01,15,0.496875,0.9916178347837282,0.993034245538774
xover-m05-g2-L5p3-n2-beta3__N0160__Aminus_0p01,xover-m05-g2-L5p3-n2-beta3__N0160__Aplus_0p01,xover-m05-g2-L5p3-n2-beta3,160,-0.01,16,0.53,0.9918457165916633,0.9932213826354771
xover-m05-g2-L5p3-n2-beta3__N0160__Aminus_0p01,xover-m05-g2-L5p3-n2-beta3__N0160__Aplus_0p01,xover-m05-g2-L5p3-n2-beta3,160,-0.01,17,0.563125,0.992086159639897,0.9934189036583653
xover-m05-g2-L5p3-n2-beta3__N0160__Aminus_0p01,xover-m05-g2-L5p3-n2-beta3__N0160__Aplus_0p01,xover-m05-g2-L5p3-n2-beta3,160,-0.01,18,0.5962500000000001,0.9923387772661261,0.9936265019199351
xover-m05-g2-L5p3-n2-beta3__N0160__Aminus_0p01,xover-m05-g2-L5p3-n2-beta3__N0160__Aplus_0p01,xover-m05-g2-L5p3-n2-beta3,160,-0.01,19,0.629375,0.9926031637324135,0.9938438551505784
xover-m05-g2-L5p3-n2-beta3__N0160__Aminus_0p01,xover-m05-g2-L5p3-n2-beta3__N0160__Aplus_0p01,xover-m05-g2-L5p3-n2-beta3,160,-0.01,20,0.6625000000000001,0.9928788949508125,0.9940706260085372
xover-m05-g2-L5p3-n2-beta3__N0160__Aminus_0p01,xover-m05-g2-L5p3-n2-beta3__N0160__Aplus_0p01,xover-m05-g2-L5p3-n2-beta3,160,-0.01,21,0.695625,0.9931655292385441,0.9943064626133119
xover-m05-g2-L5p3-n2-beta3__N0160__Aminus_0p01,xover-m05-g2-L5p3-n2-beta3__N0160__Aplus_0p01,xover-m05-g2-L5p3-n2-beta3,160,-0.01,22,0.72875,0.9934626081009401,0.9945509991016238
xover-m05-g2-L5p3-n2-beta3__N0160__Aminus_0p01,xover-m05-g2-L5p3-n2-beta3__N0160__Aplus_0p01,xover-m05-g2-L5p3-n2-beta3,160,-0.01,23,0.7618750000000001,0.993769657040316,0.9948038562049935
xover-m05-g2-L5p3-n2-beta3__N0160__Aminus_0p01,xover-m05-g2-L5p3-n2-beta3__N0160__Aplus_0p01,xover-m05-g2-L5p3-n2-beta3,160,-0.01,24,0.795,0.9940861863888963,0.9950646418479674
xover-m05-g2-L5p3-n2-beta3__N0160__Aminus_0p01,xover-m05-g2-L5p3-n2-beta3__N0160__Aplus_0p01,xover-m05-g2-L5p3-n2-beta3,160,-0.01,25,0.828125,0.9944116921638861,0.9953329517659895
xover-m05-g2-L5p3-n2-beta3__N0160__Aminus_0p01,xover-m05-g2-L5p3-n2-beta3__N0160__Aplus_0p01,xover-m05-g2-L5p3-n2-beta3,160,-0.01,26,0.8612500000000001,0.9947456569427487,0.9956083701418844
xover-m05-g2-L5p3-n2-beta3__N0160__Aminus_0p01,xover-m05-g2-L5p3-n2-beta3__N0160__Aplus_0p01,xover-m05-g2-L5p3-n2-beta3,160,-0.01,27,0.894375,0.9950875507567382,0.9958904702598933
xover-m05-g2-L5p3-n2-beta3__N0160__Aminus_0p01,xover-m05-g2-L5p3-n2-beta3__N0160__Aplus_0p01,xover-m05-g2-L5p3-n2-beta3,160,-0.01,28,0.9275,0.9954368320007136,0.9961788151761749
xover-m05-g2-L5p3-n2-beta3__N0160__Aminus_0p01,xover-m05-g2-L5p3-n2-beta3__N0160__Aplus_0p01,xover-m05-g2-L5p3-n2-beta3,160,-0.01,29,0.9606250000000001,0.9957929483572647,0.9964729584046598
xover-m05-g2-L5p3-n2-beta3__N0160__Aminus_0p01,xover-m05-g2-L5p3-n2-beta3__N0160__Aplus_0p01,xover-m05-g2-L5p3-n2-beta3,160,-0.01,30,0.99375,0.9961553377331694,0.996772444617129
xover-m05-g2-L5p3-n2-beta3__N0160__Aminus_0p01,xover-m05-g2-L5p3-n2-beta3__N0160__Aplus_0p01,xover-m05-g2-L5p3-n2-beta3,160,-0.01,31,1.026875,0.9965234292062182,0.9970768103563612
xover-m05-g2-L5p3-n2-beta3__N0160__Aminus_0p01,xover-m05-g2-L5p3-n2-beta3__N0160__Aplus_0p01,xover-m05-g2-L5p3-n2-beta3,160,-0.01,32,1.06,0.9968966439804494,0.9973855847611817
xover-m05-g2-L5p3-n2-beta3__N0160__Aminus_0p01,xover-m05-g2-L5p3-n2-beta3__N0160__Aplus_0p01,xover-m05-g2-L5p3-n2-beta3,160,-0.01,33,1.0931250000000001,0.9972743963478596,0.9976982903022297
xover-m05-g2-L5p3-n2-beta3__N0160__Aminus_0p01,xover-m05-g2-L5p3-n2-beta3__N0160__Aplus_0p01,xover-m05-g2-L5p3-n2-beta3,160,-0.01,34,1.12625,0.9976560946546781,0.998014443527244
xover-m05-g2-L5p3-n2-beta3__N0160__Aminus_0p01,xover-m05-g2-L5p3-n2-beta3__N0160__Aplus_0p01,xover-m05-g2-L5p3-n2-beta3,160,-0.01,35,1.159375,0.9980411422703241,0.9983335558146624
xover-m05-g2-L5p3-n2-beta3__N0160__Aminus_0p01,xover-m05-g2-L5p3-n2-beta3__N0160__Aplus_0p01,xover-m05-g2-L5p3-n2-beta3,160,-0.01,36,1.1925000000000001,0.9984289385572056,0.9986551341343185
xover-m05-g2-L5p3-n2-beta3__N0160__Aminus_0p01,xover-m05-g2-L5p3-n2-beta3__N0160__Aplus_0p01,xover-m05-g2-L5p3-n2-beta3,160,-0.01,37,1.225625,0.9988188798395515,0.9989786818140132
xover-m05-g2-L5p3-n2-beta3__N0160__Aminus_0p01,xover-m05-g2-L5p3-n2-beta3__N0160__Aplus_0p01,xover-m05-g2-L5p3-n2-beta3,160,-0.01,38,1.25875,0.9992103603695244,0.9993036993107375
xover-m05-g2-L5p3-n2-beta3__N0160__Aminus_0p01,xover-m05-g2-L5p3-n2-beta3__N0160__Aplus_0p01,xover-m05-g2-L5p3-n2-beta3,160,-0.01,39,1.291875,0.9996027732889017,0.9996296849853172
xover-m05-g2-L5p3-n2-beta3__N0160__Aminus_0p01,xover-m05-g2-L5p3-n2-beta3__N0160__Aplus_0p01,xover-m05-g2-L5p3-n2-beta3,160,-0.01,40,1.3250000000000002,0.9999955115846756,0.9999561358792551
xover-m05-g2-L5p3-n2-beta3__N0160__Aminus_0p01,xover-m05-g2-L5p3-n2-beta3__N0160__Aplus_0p01,xover-m05-g2-L5p3-n2-beta3,160,-0.01,41,1.358125,1.0003879690369728,1.0002825484925466
xover-m05-g2-L5p3-n2-beta3__N0160__Aminus_0p01,xover-m05-g2-L5p3-n2-beta3__N0160__Aplus_0p01,xover-m05-g2-L5p3-n2-beta3,160,-0.01,42,1.39125,1.0007795411577594,1.0006084195612501
xover-m05-g2-L5p3-n2-beta3__N0160__Aminus_0p01,xover-m05-g2-L5p3-n2-beta3__N0160__Aplus_0p01,xover-m05-g2-L5p3-n2-beta3,160,-0.01,43,1.4243750000000002,1.0011696261188614,1.0009332468336012
xover-m05-g2-L5p3-n2-beta3__N0160__Aminus_0p01,xover-m05-g2-L5p3-n2-beta3__N0160__Aplus_0p01,xover-m05-g2-L5p3-n2-beta3,160,-0.01,44,1.4575,1.0015576256678924,1.0012565298434666
xover-m05-g2-L5p3-n2-beta3__N0160__Aminus_0p01,xover-m05-g2-L5p3-n2-beta3__N0160__Aplus_0p01,xover-m05-g2-L5p3-n2-beta3,160,-0.01,45,1.490625,1.0019429460307532,1.0015777706799487
xover-m05-g2-L5p3-n2-beta3__N0160__Aminus_0p01,xover-m05-g2-L5p3-n2-beta3__N0160__Aplus_0p01,xover-m05-g2-L5p3-n2-beta3,160,-0.01,46,1.5237500000000002,1.0023249987994356,1.0018964747519596
xover-m05-g2-L5p3-n2-beta3__N0160__Aminus_0p01,xover-m05-g2-L5p3-n2-beta3__N0160__Aplus_0p01,xover-m05-g2-L5p3-n2-beta3,160,-0.01,47,1.556875,1.002703201803932,1.0022121515466025
xover-m05-g2-L5p3-n2-beta3__N0160__Aminus_0p01,xover-m05-g2-L5p3-n2-beta3__N0160__Aplus_0p01,xover-m05-g2-L5p3-n2-beta3,160,-0.01,48,1.59,1.003076979967128,1.0025243153802117
xover-m05-g2-L5p3-n2-beta3__N0160__Aminus_0p01,xover-m05-g2-L5p3-n2-beta3__N0160__Aplus_0p01,xover-m05-g2-L5p3-n2-beta3,160,-0.01,49,1.6231250000000002,1.0034457661416227,1.002832486140923
xover-m05-g2-L5p3-n2-beta3__N0160__Aminus_0p01,xover-m05-g2-L5p3-n2-beta3__N0160__Aplus_0p01,xover-m05-g2-L5p3-n2-beta3,160,-0.01,50,1.65625,1.0038090019274961,1.003136190021663
xover-m05-g2-L5p3-n2-beta3__N0160__Aminus_0p01,xover-m05-g2-L5p3-n2-beta3__N0160__Aplus_0p01,xover-m05-g2-L5p3-n2-beta3,160,-0.01,51,1.689375,1.0041661384701146,1.0034349602424726
xover-m05-g2-L5p3-n2-beta3__N0160__Aminus_0p01,xover-m05-g2-L5p3-n2-beta3__N0160__Aplus_0p01,xover-m05-g2-L5p3-n2-beta3,160,-0.01,52,1.7225000000000001,1.0045166372371348,1.003728337761094
xover-m05-g2-L5p3-n2-beta3__N0160__Aminus_0p01,xover-m05-g2-L5p3-n2-beta3__N0160__Aplus_0p01,xover-m05-g2-L5p3-n2-beta3,160,-0.01,53,1.755625,1.0048599707739354,1.004015871970785
xover-m05-g2-L5p3-n2-beta3__N0160__Aminus_0p01,xover-m05-g2-L5p3-n2-beta3__N0160__Aplus_0p01,xover-m05-g2-L5p3-n2-beta3,160,-0.01,54,1.78875,1.005195623436778,1.004297121384343
xover-m05-g2-L5p3-n2-beta3__N0160__Aminus_0p01,xover-m05-g2-L5p3-n2-beta3__N0160__Aplus_0p01,xover-m05-g2-L5p3-n2-beta3,160,-0.01,55,1.8218750000000001,1.0055230921030593,1.004571654303347
xover-m05-g2-L5p3-n2-beta3__N0160__Aminus_0p01,xover-m05-g2-L5p3-n2-beta3__N0160__Aplus_0p01,xover-m05-g2-L5p3-n2-beta3,160,-0.01,56,1.855,1.0058418868580852,1.0048390494716601
xover-m05-g2-L5p3-n2-beta3__N0160__Aminus_0p01,xover-m05-g2-L5p3-n2-beta3__N0160__Aplus_0p01,xover-m05-g2-L5p3-n2-beta3,160,-0.01,57,1.888125,1.0061515316578566,1.005098896712259
xover-m05-g2-L5p3-n2-beta3__N0160__Aminus_0p01,xover-m05-g2-L5p3-n2-beta3__N0160__Aplus_0p01,xover-m05-g2-L5p3-n2-beta3,160,-0.01,58,1.9212500000000001,1.0064515649674186,1.0053507975464835
xover-m05-g2-L5p3-n2-beta3__N0160__Aminus_0p01,xover-m05-g2-L5p3-n2-beta3__N0160__Aplus_0p01,xover-m05-g2-L5p3-n2-beta3,160,-0.01,59,1.9543750000000002,1.006741540374376,1.005594365794842
xover-m05-g2-L5p3-n2-beta3__N0160__Aminus_0p01,xover-m05-g2-L5p3-n2-beta3__N0160__Aplus_0p01,xover-m05-g2-L5p3-n2-beta3,160,-0.01,60,1.9875,1.0070210271772406,1.0058292281585257
xover-m05-g2-L5p3-n2-beta3__N0160__Aminus_0p01,xover-m05-g2-L5p3-n2-beta3__N0160__Aplus_0p01,xover-m05-g2-L5p3-n2-beta3,160,-0.01,61,2.020625,1.0072896109483118,1.006055024780826
xover-m05-g2-L5p3-n2-beta3__N0160__Aminus_0p01,xover-m05-g2-L5p3-n2-beta3__N0160__Aplus_0p01,xover-m05-g2-L5p3-n2-beta3,160,-0.01,62,2.05375,1.0075468940708536,1.00627140978768
xover-m05-g2-L5p3-n2-beta3__N0160__Aminus_0p01,xover-m05-g2-L5p3-n2-beta3__N0160__Aplus_0p01,xover-m05-g2-L5p3-n2-beta3,160,-0.01,63,2.086875,1.0077924962503653,1.006478051806602
xover-m05-g2-L5p3-n2-beta3__N0160__Aminus_0p01,xover-m05-g2-L5p3-n2-beta3__N0160__Aplus_0p01,xover-m05-g2-L5p3-n2-beta3,160,-0.01,64,2.12,1.0080260549997815,1.0066746344632935
xover-m05-g2-L5p3-n2-beta3__N0160__Aminus_0p01,xover-m05-g2-L5p3-n2-beta3__N0160__Aplus_0p01,xover-m05-g2-L5p3-n2-beta3,160,-0.01,65,2.153125,1.0082472260984838,1.0068608568552566
xover-m05-g2-L5p3-n2-beta3__N0160__Aminus_0p01,xover-m05-g2-L5p3-n2-beta3__N0160__Aplus_0p01,xover-m05-g2-L5p3-n2-beta3,160,-0.01,66,2.1862500000000002,1.0084556840250238,1.0070364340017772
xover-m05-g2-L5p3-n2-beta3__N0160__Aminus_0p01,xover-m05-g2-L5p3-n2-beta3__N0160__Aplus_0p01,xover-m05-g2-L5p3-n2-beta3,160,-0.01,67,2.2193750000000003,1.008651122363498,1.0072010972696697
xover-m05-g2-L5p3-n2-beta3__N0160__Aminus_0p01,xover-m05-g2-L5p3-n2-beta3__N0160__Aplus_0p01,xover-m05-g2-L5p3-n2-beta3,160,-0.01,68,2.2525,1.008833254183537,1.0073545947742202
xover-m05-g2-L5p3-n2-beta3__N0160__Aminus_0p01,xover-m05-g2-L5p3-n2-beta3__N0160__Aplus_0p01,xover-m05-g2-L5p3-n2-beta3,160,-0.01,69,2.285625,1.009001812393887,1.007496691754793
xover-m05-g2-L5p3-n2-beta3__N0160__Aminus_0p01,xover-m05-g2-L5p3-n2-beta3__N0160__Aplus_0p01,xover-m05-g2-L5p3-n2-beta3,160,-0.01,70,2.31875,1.0091565500695907,1.0076271709246087
xover-m05-g2-L5p3-n2-beta3__N0160__Aminus_0p01,xover-m05-g2-L5p3-n2-beta3__N0160__Aplus_0p01,xover-m05-g2-L5p3-n2-beta3,160,-0.01,71,2.351875,1.0092972407527785,1.0077458327942326
xover-m05-g2-L5p3-n2-beta3__N0160__Aminus_0p01,xover-m05-g2-L5p3-n2-beta3__N0160__Aplus_0p01,xover-m05-g2-L5p3-n2-beta3,160,-0.01,72,2.3850000000000002,1.009423678727101,1.0078524959683492
xover-m05-g2-L5p3-n2-beta3__N0160__Aminus_0p01,xover-m05-g2-L5p3-n2-beta3__N0160__Aplus_0p01,xover-m05-g2-L5p3-n2-beta3,160,-0.01,73,2.4181250000000003,1.0095356792658368,1.0079469974154414
xover-m05-g2-L5p3-n2-beta3__N0160__Aminus_0p01,xover-m05-g2-L5p3-n2-beta3__N0160__Aplus_0p01,xover-m05-g2-L5p3-n2-beta3,160,-0.01,74,2.45125,1.0096330788537184,1.0080291927100178
xover-m05-g2-L5p3-n2-beta3__N0160__Aminus_0p01,xover-m05-g2-L5p3-n2-beta3__N0160__Aplus_0p01,xover-m05-g2-L5p3-n2-beta3,160,-0.01,75,2.484375,1.0097157353825221,1.0080989562470837
xover-m05-g2-L5p3-n2-beta3__N0160__Aminus_0p01,xover-m05-g2-L5p3-n2-beta3__N0160__Aplus_0p01,xover-m05-g2-L5p3-n2-beta3,160,-0.01,76,2.5175,1.0097835283204646,1.0081561814285713
xover-m05-g2-L5p3-n2-beta3__N0160__Aminus_0p01,xover-m05-g2-L5p3-n2-beta3__N0160__Aplus_0p01,xover-m05-g2-L5p3-n2-beta3,160,-0.01,77,2.550625,1.009836358855453,1.0082007808214954
xover-m05-g2-L5p3-n2-beta3__N0160__Aminus_0p01,xover-m05-g2-L5p3-n2-beta3__N0160__Aplus_0p01,xover-m05-g2-L5p3-n2-beta3,160,-0.01,78,2.58375,1.0098741500122292,1.008232686287629
xover-m05-g2-L5p3-n2-beta3__N0160__Aminus_0p01,xover-m05-g2-L5p3-n2-beta3__N0160__Aplus_0p01,xover-m05-g2-L5p3-n2-beta3,160,-0.01,79,2.6168750000000003,1.0098968467434397,1.0082518490845342
xover-m05-g2-L5p3-n2-beta3__N0160__Aminus_0p01,xover-m05-g2-L5p3-n2-beta3__N0160__Aplus_0p01,xover-m05-g2-L5p3-n2-beta3,160,-0.01,80,2.6500000000000004,1.0099044159946675,1.0082582399378202
xover-m05-g2-L5p3-n2-beta3__N0160__Aminus_0p01,xover-m05-g2-L5p3-n2-beta3__N0160__Aplus_0p01,xover-m05-g2-L5p3-n2-beta3,160,-0.01,81,2.683125,1.0098968467434395,1.008251849084533
xover-m05-g2-L5p3-n2-beta3__N0160__Aminus_0p01,xover-m05-g2-L5p3-n2-beta3__N0160__Aplus_0p01,xover-m05-g2-L5p3-n2-beta3,160,-0.01,82,2.71625,1.0098741500122284,1.008232686287626
xover-m05-g2-L5p3-n2-beta3__N0160__Aminus_0p01,xover-m05-g2-L5p3-n2-beta3__N0160__Aplus_0p01,xover-m05-g2-L5p3-n2-beta3,160,-0.01,83,2.749375,1.009836358855452,1.0082007808214912
xover-m05-g2-L5p3-n2-beta3__N0160__Aminus_0p01,xover-m05-g2-L5p3-n2-beta3__N0160__Aplus_0p01,xover-m05-g2-L5p3-n2-beta3,160,-0.01,84,2.7825,1.009783528320463,1.0081561814285658
xover-m05-g2-L5p3-n2-beta3__N0160__Aminus_0p01,xover-m05-g2-L5p3-n2-beta3__N0160__Aplus_0p01,xover-m05-g2-L5p3-n2-beta3,160,-0.01,85,2.8156250000000003,1.0097157353825201,1.0080989562470768
xover-m05-g2-L5p3-n2-beta3__N0160__Aminus_0p01,xover-m05-g2-L5p3-n2-beta3__N0160__Aplus_0p01,xover-m05-g2-L5p3-n2-beta3,160,-0.01,86,2.8487500000000003,1.009633078853716,1.0080291927100096
xover-m05-g2-L5p3-n2-beta3__N0160__Aminus_0p01,xover-m05-g2-L5p3-n2-beta3__N0160__Aplus_0p01,xover-m05-g2-L5p3-n2-beta3,160,-0.01,87,2.881875,1.0095356792658339,1.0079469974154318
xover-m05-g2-L5p3-n2-beta3__N0160__Aminus_0p01,xover-m05-g2-L5p3-n2-beta3__N0160__Aplus_0p01,xover-m05-g2-L5p3-n2-beta3,160,-0.01,88,2.915,1.0094236787270978,1.0078524959683384
xover-m05-g2-L5p3-n2-beta3__N0160__Aminus_0p01,xover-m05-g2-L5p3-n2-beta3__N0160__Aplus_0p01,xover-m05-g2-L5p3-n2-beta3,160,-0.01,89,2.948125,1.009297240752775,1.0077458327942201
xover-m05-g2-L5p3-n2-beta3__N0160__Aminus_0p01,xover-m05-g2-L5p3-n2-beta3__N0160__Aplus_0p01,xover-m05-g2-L5p3-n2-beta3,160,-0.01,90,2.98125,1.0091565500695867,1.007627170924595
xover-m05-g2-L5p3-n2-beta3__N0160__Aminus_0p01,xover-m05-g2-L5p3-n2-beta3__N0160__Aplus_0p01,xover-m05-g2-L5p3-n2-beta3,160,-0.01,91,3.0143750000000002,1.0090018123938826,1.0074966917547779
xover-m05-g2-L5p3-n2-beta3__N0160__Aminus_0p01,xover-m05-g2-L5p3-n2-beta3__N0160__Aplus_0p01,xover-m05-g2-L5p3-n2-beta3,160,-0.01,92,3.0475000000000003,1.008833254183532,1.0073545947742037
xover-m05-g2-L5p3-n2-beta3__N0160__Aminus_0p01,xover-m05-g2-L5p3-n2-beta3__N0160__Aplus_0p01,xover-m05-g2-L5p3-n2-beta3,160,-0.01,93,3.080625,1.0086511223634926,1.0072010972696523
xover-m05-g2-L5p3-n2-beta3__N0160__Aminus_0p01,xover-m05-g2-L5p3-n2-beta3__N0160__Aplus_0p01,xover-m05-g2-L5p3-n2-beta3,160,-0.01,94,3.11375,1.0084556840250178,1.0070364340017588
xover-m05-g2-L5p3-n2-beta3__N0160__Aminus_0p01,xover-m05-g2-L5p3-n2-beta3__N0160__Aplus_0p01,xover-m05-g2-L5p3-n2-beta3,160,-0.01,95,3.146875,1.0082472260984774,1.006860856855237
xover-m05-g2-L5p3-n2-beta3__N0160__Aminus_0p01,xover-m05-g2-L5p3-n2-beta3__N0160__Aplus_0p01,xover-m05-g2-L5p3-n2-beta3,160,-0.01,96,3.18,1.0080260549997744,1.0066746344632727
xover-m05-g2-L5p3-n2-beta3__N0160__Aminus_0p01,xover-m05-g2-L5p3-n2-beta3__N0160__Aplus_0p01,xover-m05-g2-L5p3-n2-beta3,160,-0.01,97,3.2131250000000002,1.0077924962503575,1.0064780518065797
xover-m05-g2-L5p3-n2-beta3__N0160__Aminus_0p01,xover-m05-g2-L5p3-n2-beta3__N0160__Aplus_0p01,xover-m05-g2-L5p3-n2-beta3,160,-0.01,98,3.2462500000000003,1.0075468940708454,1.006271409787656
xover-m05-g2-L5p3-n2-beta3__N0160__Aminus_0p01,xover-m05-g2-L5p3-n2-beta3__N0160__Aplus_0p01,xover-m05-g2-L5p3-n2-beta3,160,-0.01,99,3.2793750000000004,1.007289610948303,1.0060550247808002
xover-m05-g2-L5p3-n2-beta3__N0160__Aminus_0p01,xover-m05-g2-L5p3-n2-beta3__N0160__Aplus_0p01,xover-m05-g2-L5p3-n2-beta3,160,-0.01,100,3.3125,1.007021027177231,1.0058292281584986
xover-m05-g2-L5p3-n2-beta3__N0160__Aminus_0p01,xover-m05-g2-L5p3-n2-beta3__N0160__Aplus_0p01,xover-m05-g2-L5p3-n2-beta3,160,-0.01,101,3.345625,1.0067415403743658,1.0055943657948134
xover-m05-g2-L5p3-n2-beta3__N0160__Aminus_0p01,xover-m05-g2-L5p3-n2-beta3__N0160__Aplus_0p01,xover-m05-g2-L5p3-n2-beta3,160,-0.01,102,3.37875,1.0064515649674075,1.0053507975464535
xover-m05-g2-L5p3-n2-beta3__N0160__Aminus_0p01,xover-m05-g2-L5p3-n2-beta3__N0160__Aplus_0p01,xover-m05-g2-L5p3-n2-beta3,160,-0.01,103,3.411875,1.0061515316578449,1.0050988967122274
xover-m05-g2-L5p3-n2-beta3__N0160__Aminus_0p01,xover-m05-g2-L5p3-n2-beta3__N0160__Aplus_0p01,xover-m05-g2-L5p3-n2-beta3,160,-0.01,104,3.4450000000000003,1.0058418868580727,1.004839049471627
xover-m05-g2-L5p3-n2-beta3__N0160__Aminus_0p01,xover-m05-g2-L5p3-n2-beta3__N0160__Aplus_0p01,xover-m05-g2-L5p3-n2-beta3,160,-0.01,105,3.4781250000000004,1.005523092103046,1.004571654303312
xover-m05-g2-L5p3-n2-beta3__N0160__Aminus_0p01,xover-m05-g2-L5p3-n2-beta3__N0160__Aplus_0p01,xover-m05-g2-L5p3-n2-beta3,160,-0.01,106,3.51125,1.0051956234367638,1.0042971213843066
xover-m05-g2-L5p3-n2-beta3__N0160__Aminus_0p01,xover-m05-g2-L5p3-n2-beta3__N0160__Aplus_0p01,xover-m05-g2-L5p3-n2-beta3,160,-0.01,107,3.544375,1.00485997077392,1.004015871970747
xover-m05-g2-L5p3-n2-beta3__N0160__Aminus_0p01,xover-m05-g2-L5p3-n2-beta3__N0160__Aplus_0p01,xover-m05-g2-L5p3-n2-beta3,160,-0.01,108,3.5775,1.0045166372371186,1.0037283377610546
xover-m05-g2-L5p3-n2-beta3__N0160__Aminus_0p01,xover-m05-g2-L5p3-n2-beta3__N0160__Aplus_0p01,xover-m05-g2-L5p3-n2-beta3,160,-0.01,109,3.610625,1.0041661384700975,1.0034349602424322
xover-m05-g2-L5p3-n2-beta3__N0160__Aminus_0p01,xover-m05-g2-L5p3-n2-beta3__N0160__Aplus_0p01,xover-m05-g2-L5p3-n2-beta3,160,-0.01,110,3.6437500000000003,1.0038090019274781,1.0031361900216214
xover-m05-g2-L5p3-n2-beta3__N0160__Aminus_0p01,xover-m05-g2-L5p3-n2-beta3__N0160__Aplus_0p01,xover-m05-g2-L5p3-n2-beta3,160,-0.01,111,3.6768750000000003,1.0034457661416036,1.00283248614088
xover-m05-g2-L5p3-n2-beta3__N0160__Aminus_0p01,xover-m05-g2-L5p3-n2-beta3__N0160__Aplus_0p01,xover-m05-g2-L5p3-n2-beta3,160,-0.01,112,3.71,1.003076979967108,1.0025243153801677
xover-m05-g2-L5p3-n2-beta3__N0160__Aminus_0p01,xover-m05-g2-L5p3-n2-beta3__N0160__Aplus_0p01,xover-m05-g2-L5p3-n2-beta3,160,-0.01,113,3.743125,1.0027032018039108,1.0022121515465576
xover-m05-g2-L5p3-n2-beta3__N0160__Aminus_0p01,xover-m05-g2-L5p3-n2-beta3__N0160__Aplus_0p01,xover-m05-g2-L5p3-n2-beta3,160,-0.01,114,3.77625,1.0023249987994132,1.0018964747519137
xover-m05-g2-L5p3-n2-beta3__N0160__Aminus_0p01,xover-m05-g2-L5p3-n2-beta3__N0160__Aplus_0p01,xover-m05-g2-L5p3-n2-beta3,160,-0.01,115,3.809375,1.0019429460307299,1.0015777706799018
xover-m05-g2-L5p3-n2-beta3__N0160__Aminus_0p01,xover-m05-g2-L5p3-n2-beta3__N0160__Aplus_0p01,xover-m05-g2-L5p3-n2-beta3,160,-0.01,116,3.8425000000000002,1.0015576256678678,1.0012565298434188
xover-m05-g2-L5p3-n2-beta3__N0160__Aminus_0p01,xover-m05-g2-L5p3-n2-beta3__N0160__Aplus_0p01,xover-m05-g2-L5p3-n2-beta3,160,-0.01,117,3.8756250000000003,1.0011696261188356,1.0009332468335523
xover-m05-g2-L5p3-n2-beta3__N0160__Aminus_0p01,xover-m05-g2-L5p3-n2-beta3__N0160__Aplus_0p01,xover-m05-g2-L5p3-n2-beta3,160,-0.01,118,3.9087500000000004,1.0007795411577325,1.0006084195612002
xover-m05-g2-L5p3-n2-beta3__N0160__Aminus_0p01,xover-m05-g2-L5p3-n2-beta3__N0160__Aplus_0p01,xover-m05-g2-L5p3-n2-beta3,160,-0.01,119,3.941875,1.0003879690369446,1.0002825484924955
xover-m05-g2-L5p3-n2-beta3__N0160__Aminus_0p01,xover-m05-g2-L5p3-n2-beta3__N0160__Aplus_0p01,xover-m05-g2-L5p3-n2-beta3,160,-0.01,120,3.975,0.9999955115846462,0.9999561358792026
xover-m05-g2-L5p3-n2-beta3__N0160__Aminus_0p01,xover-m05-g2-L5p3-n2-beta3__N0160__Aplus_0p01,xover-m05-g2-L5p3-n2-beta3,160,-0.01,121,4.008125000000001,0.9996027732888709,0.9996296849852634
xover-m05-g2-L5p3-n2-beta3__N0160__Aminus_0p01,xover-m05-g2-L5p3-n2-beta3__N0160__Aplus_0p01,xover-m05-g2-L5p3-n2-beta3,160,-0.01,122,4.04125,0.9992103603694924,0.9993036993106824
xover-m05-g2-L5p3-n2-beta3__N0160__Aminus_0p01,xover-m05-g2-L5p3-n2-beta3__N0160__Aplus_0p01,xover-m05-g2-L5p3-n2-beta3,160,-0.01,123,4.074375,0.9988188798395182,0.998978681813957
xover-m05-g2-L5p3-n2-beta3__N0160__Aminus_0p01,xover-m05-g2-L5p3-n2-beta3__N0160__Aplus_0p01,xover-m05-g2-L5p3-n2-beta3,160,-0.01,124,4.1075,0.998428938557171,0.998655134134261
xover-m05-g2-L5p3-n2-beta3__N0160__Aminus_0p01,xover-m05-g2-L5p3-n2-beta3__N0160__Aplus_0p01,xover-m05-g2-L5p3-n2-beta3,160,-0.01,125,4.140625,0.9980411422702882,0.9983335558146039
xover-m05-g2-L5p3-n2-beta3__N0160__Aminus_0p01,xover-m05-g2-L5p3-n2-beta3__N0160__Aplus_0p01,xover-m05-g2-L5p3-n2-beta3,160,-0.01,126,4.17375,0.9976560946546408,0.9980144435271844
xover-m05-g2-L5p3-n2-beta3__N0160__Aminus_0p01,xover-m05-g2-L5p3-n2-beta3__N0160__Aplus_0p01,xover-m05-g2-L5p3-n2-beta3,160,-0.01,127,4.206875,0.9972743963478211,0.997698290302169
xover-m05-g2-L5p3-n2-beta3__N0160__Aminus_0p01,xover-m05-g2-L5p3-n2-beta3__N0160__Aplus_0p01,xover-m05-g2-L5p3-n2-beta3,160,-0.01,128,4.24,0.9968966439804096,0.99738558476112
xover-m05-g2-L5p3-n2-beta3__N0160__Aminus_0p01,xover-m05-g2-L5p3-n2-beta3__N0160__Aplus_0p01,xover-m05-g2-L5p3-n2-beta3,160,-0.01,129,4.273125,0.996523429206177,0.9970768103562985
xover-m05-g2-L5p3-n2-beta3__N0160__Aminus_0p01,xover-m05-g2-L5p3-n2-beta3__N0160__Aplus_0p01,xover-m05-g2-L5p3-n2-beta3,160,-0.01,130,4.30625,0.9961553377331269,0.9967724446170654
xover-m05-g2-L5p3-n2-beta3__N0160__Aminus_0p01,xover-m05-g2-L5p3-n2-beta3__N0160__Aplus_0p01,xover-m05-g2-L5p3-n2-beta3,160,-0.01,131,4.339375,0.9957929483572209,0.9964729584045952
xover-m05-g2-L5p3-n2-beta3__N0160__Aminus_0p01,xover-m05-g2-L5p3-n2-beta3__N0160__Aplus_0p01,xover-m05-g2-L5p3-n2-beta3,160,-0.01,132,4.3725000000000005,0.9954368320006683,0.9961788151761095
xover-m05-g2-L5p3-n2-beta3__N0160__Aminus_0p01,xover-m05-g2-L5p3-n2-beta3__N0160__Aplus_0p01,xover-m05-g2-L5p3-n2-beta3,160,-0.01,133,4.405625000000001,0.9950875507566915,0.9958904702598274
xover-m05-g2-L5p3-n2-beta3__N0160__Aminus_0p01,xover-m05-g2-L5p3-n2-beta3__N0160__Aplus_0p01,xover-m05-g2-L5p3-n2-beta3,160,-0.01,134,4.438750000000001,0.9947456569427009,0.9956083701418177
xover-m05-g2-L5p3-n2-beta3__N0160__Aminus_0p01,xover-m05-g2-L5p3-n2-beta3__N0160__Aplus_0p01,xover-m05-g2-L5p3-n2-beta3,160,-0.01,135,4.471875,0.994411692163837,0.9953329517659222
xover-m05-g2-L5p3-n2-beta3__N0160__Aminus_0p01,xover-m05-g2-L5p3-n2-beta3__N0160__Aplus_0p01,xover-m05-g2-L5p3-n2-beta3,160,-0.01,136,4.505,0.9940861863888459,0.9950646418478998
xover-m05-g2-L5p3-n2-beta3__N0160__Aminus_0p01,xover-m05-g2-L5p3-n2-beta3__N0160__Aplus_0p01,xover-m05-g2-L5p3-n2-beta3,160,-0.01,137,4.538125,0.9937696570402642,0.9948038562049254
xover-m05-g2-L5p3-n2-beta3__N0160__Aminus_0p01,xover-m05-g2-L5p3-n2-beta3__N0160__Aplus_0p01,xover-m05-g2-L5p3-n2-beta3,160,-0.01,138,4.57125,0.9934626081008872,0.9945509991015554
xover-m05-g2-L5p3-n2-beta3__N0160__Aminus_0p01,xover-m05-g2-L5p3-n2-beta3__N0160__Aplus_0p01,xover-m05-g2-L5p3-n2-beta3,160,-0.01,139,4.604375,0.9931655292384899,0.9943064626132432
xover-m05-g2-L5p3-n2-beta3__N0160__Aminus_0p01,xover-m05-g2-L5p3-n2-beta3__N0160__Aplus_0p01,xover-m05-g2-L5p3-n2-beta3,160,-0.01,140,4.6375,0.9928788949507571,0.9940706260084681
xover-m05-g2-L5p3-n2-beta3__N0160__Aminus_0p01,xover-m05-g2-L5p3-n2-beta3__N0160__Aplus_0p01,xover-m05-g2-L5p3-n2-beta3,160,-0.01,141,4.670625,0.992603163732357,0.993843855150509
xover-m05-g2-L5p3-n2-beta3__N0160__Aminus_0p01,xover-m05-g2-L5p3-n2-beta3__N0160__Aplus_0p01,xover-m05-g2-L5p3-n2-beta3,160,-0.01,142,4.70375,0.9923387772660685,0.9936265019198653
xover-m05-g2-L5p3-n2-beta3__N0160__Aminus_0p01,xover-m05-g2-L5p3-n2-beta3__N0160__Aplus_0p01,xover-m05-g2-L5p3-n2-beta3,160,-0.01,143,4.736875,0.9920861596398384,0.9934189036582953
xover-m05-g2-L5p3-n2-beta3__N0160__Aminus_0p01,xover-m05-g2-L5p3-n2-beta3__N0160__Aplus_0p01,xover-m05-g2-L5p3-n2-beta3,160,-0.01,144,4.7700000000000005,0.9918457165916037,0.9932213826354072
xover-m05-g2-L5p3-n2-beta3__N0160__Aminus_0p01,xover-m05-g2-L5p3-n2-beta3__N0160__Aplus_0p01,xover-m05-g2-L5p3-n2-beta3,160,-0.01,145,4.8031250000000005,0.9916178347836676,0.9930342455387041
xover-m05-g2-L5p3-n2-beta3__N0160__Aminus_0p01,xover-m05-g2-L5p3-n2-beta3__N0160__Aplus_0p01,xover-m05-g2-L5p3-n2-beta3,160,-0.01,146,4.836250000000001,0.9914028811083649,0.9928577829879441
xover-m05-g2-L5p3-n2-beta3__N0160__Aminus_0p01,xover-m05-g2-L5p3-n2-beta3__N0160__Aplus_0p01,xover-m05-g2-L5p3-n2-beta3,160,-0.01,147,4.869375000000001,0.9912012020266924,0.9926922690746383
xover-m05-g2-L5p3-n2-beta3__N0160__Aminus_0p01,xover-m05-g2-L5p3-n2-beta3__N0160__Aplus_0p01,xover-m05-g2-L5p3-n2-beta3,160,-0.01,148,4.9025,0.9910131229415118,0.9925379609274676
xover-m05-g2-L5p3-n2-beta3__N0160__Aminus_0p01,xover-m05-g2-L5p3-n2-beta3__N0160__Aplus_0p01,xover-m05-g2-L5p3-n2-beta3,160,-0.01,149,4.935625,0.9908389476068644,0.9923950983043588
xover-m05-g2-L5p3-n2-beta3__N0160__Aminus_0p01,xover-m05-g2-L5p3-n2-beta3__N0160__Aplus_0p01,xover-m05-g2-L5p3-n2-beta3,160,-0.01,150,4.96875,0.990678957574853,0.9922639032119102
xover-m05-g2-L5p3-n2-beta3__N0160__Aminus_0p01,xover-m05-g2-L5p3-n2-beta3__N0160__Aplus_0p01,xover-m05-g2-L5p3-n2-beta3,160,-0.01,151,5.001875,0.9905334116814685,0.9921445795528213
xover-m05-g2-L5p3-n2-beta3__N0160__Aminus_0p01,xover-m05-g2-L5p3-n2-beta3__N0160__Aplus_0p01,xover-m05-g2-L5p3-n2-beta3,160,-0.01,152,5.035,0.9904025455726434,0.9920373128019224
xover-m05-g2-L5p3-n2-beta3__N0160__Aminus_0p01,xover-m05-g2-L5p3-n2-beta3__N0160__Aplus_0p01,xover-m05-g2-L5p3-n2-beta3,160,-0.01,153,5.068125,0.990286571271727,0.9919422697113612
xover-m05-g2-L5p3-n2-beta3__N0160__Aminus_0p01,xover-m05-g2-L5p3-n2-beta3__N0160__Aplus_0p01,xover-m05-g2-L5p3-n2-beta3,160,-0.01,154,5.10125,0.9901856767894722,0.9918595980454503
xover-m05-g2-L5p3-n2-beta3__N0160__Aminus_0p01,xover-m05-g2-L5p3-n2-beta3__N0160__Aplus_0p01,xover-m05-g2-L5p3-n2-beta3,160,-0.01,155,5.134375,0.9901000257775237,0.9917894263456274
xover-m05-g2-L5p3-n2-beta3__N0160__Aminus_0p01,xover-m05-g2-L5p3-n2-beta3__N0160__Aplus_0p01,xover-m05-g2-L5p3-n2-beta3,160,-0.01,156,5.1675,0.9900297572262913,0.9917318637259336
xover-m05-g2-L5p3-n2-beta3__N0160__Aminus_0p01,xover-m05-g2-L5p3-n2-beta3__N0160__Aplus_0p01,xover-m05-g2-L5p3-n2-beta3,160,-0.01,157,5.2006250000000005,0.989974985207979,0.991686999699358
xover-m05-g2-L5p3-n2-beta3__N0160__Aminus_0p01,xover-m05-g2-L5p3-n2-beta3__N0160__Aplus_0p01,xover-m05-g2-L5p3-n2-beta3,160,-0.01,158,5.233750000000001,0.9899357986654284,0.991654904035348
xover-m05-g2-L5p3-n2-beta3__N0160__Aminus_0p01,xover-m05-g2-L5p3-n2-beta3__N0160__Aplus_0p01,xover-m05-g2-L5p3-n2-beta3,160,-0.01,159,5.266875000000001,0.9899122612473198,0.9916356266487297
xover-m05-g2-L5p3-n2-beta3__N0160__Aminus_0p01,xover-m05-g2-L5p3-n2-beta3__N0160__Aplus_0p01,xover-m05-g2-L5p3-n2-beta3,160,-0.01,160,5.3,0.9899044111901542,0.9916291975202294
xover-m05-g2-L5p3-n2-beta3__N0160__Aminus_0p005,xover-m05-g2-L5p3-n2-beta3__N0160__Aplus_0p005,xover-m05-g2-L5p3-n2-beta3,160,-0.005,0,0.0,0.9949761012829201,0.9958284294471607
xover-m05-g2-L5p3-n2-beta3__N0160__Aminus_0p005,xover-m05-g2-L5p3-n2-beta3__N0160__Aplus_0p005,xover-m05-g2-L5p3-n2-beta3,160,-0.005,1,0.033125,0.9949799912135147,0.9958316394907916
xover-m05-g2-L5p3-n2-beta3__N0160__Aminus_0p005,xover-m05-g2-L5p3-n2-beta3__N0160__Aplus_0p005,xover-m05-g2-L5p3-n2-beta3,160,-0.005,2,0.06625,0.994991654844966,0.9958412646502508
xover-m05-g2-L5p3-n2-beta3__N0160__Aminus_0p005,xover-m05-g2-L5p3-n2-beta3__N0160__Aplus_0p005,xover-m05-g2-L5p3-n2-beta3,160,-0.005,3,0.099375,0.9950110737067761,0.995857290019035
xover-m05-g2-L5p3-n2-beta3__N0160__Aminus_0p005,xover-m05-g2-L5p3-n2-beta3__N0160__Aplus_0p005,xover-m05-g2-L5p3-n2-beta3,160,-0.005,4,0.1325,0.9950382170497581,0.9958796907789501
xover-m05-g2-L5p3-n2-beta3__N0160__Aminus_0p005,xover-m05-g2-L5p3-n2-beta3__N0160__Aplus_0p005,xover-m05-g2-L5p3-n2-beta3,160,-0.005,5,0.16562500000000002,0.9950730418984227,0.9959084322390318
xover-m05-g2-L5p3-n2-beta3__N0160__Aminus_0p005,xover-m05-g2-L5p3-n2-beta3__N0160__Aplus_0p005,xover-m05-g2-L5p3-n2-beta3,160,-0.005,6,0.19875,0.9951154931241628,0.9959434698899472
xover-m05-g2-L5p3-n2-beta3__N0160__Aminus_0p005,xover-m05-g2-L5p3-n2-beta3__N0160__Aplus_0p005,xover-m05-g2-L5p3-n2-beta3,160,-0.005,7,0.231875,0.9951655035390818,0.9959847494737857
xover-m05-g2-L5p3-n2-beta3__N0160__Aminus_0p005,xover-m05-g2-L5p3-n2-beta3__N0160__Aplus_0p005,xover-m05-g2-L5p3-n2-beta3,160,-0.005,8,0.265,0.9952229940102651,0.9960322070691242
xover-m05-g2-L5p3-n2-beta3__N0160__Aminus_0p005,xover-m05-g2-L5p3-n2-beta3__N0160__Aplus_0p005,xover-m05-g2-L5p3-n2-beta3,160,-0.005,9,0.29812500000000003,0.9952878735942537,0.9960857691912315
xover-m05-g2-L5p3-n2-beta3__N0160__Aminus_0p005,xover-m05-g2-L5p3-n2-beta3__N0160__Aplus_0p005,xover-m05-g2-L5p3-n2-beta3,160,-0.005,10,0.33125000000000004,0.9953600396914363,0.9961453529072409
xover-m05-g2-L5p3-n2-beta3__N0160__Aminus_0p005,xover-m05-g2-L5p3-n2-beta3__N0160__Aplus_0p005,xover-m05-g2-L5p3-n2-beta3,160,-0.005,11,0.364375,0.9954393782200331,0.9962108659661089
xover-m05-g2-L5p3-n2-beta3__N0160__Aminus_0p005,xover-m05-g2-L5p3-n2-beta3__N0160__Aplus_0p005,xover-m05-g2-L5p3-n2-beta3,160,-0.005,12,0.3975,0.9955257638093072,0.9962822069431433
xover-m05-g2-L5p3-n2-beta3__N0160__Aminus_0p005,xover-m05-g2-L5p3-n2-beta3__N0160__Aplus_0p005,xover-m05-g2-L5p3-n2-beta3,160,-0.005,13,0.43062500000000004,0.9956190600115976,0.9963592653988664
xover-m05-g2-L5p3-n2-beta3__N0160__Aminus_0p005,xover-m05-g2-L5p3-n2-beta3__N0160__Aplus_0p005,xover-m05-g2-L5p3-n2-beta3,160,-0.005,14,0.46375,0.9957191195327332,0.996441922051952
xover-m05-g2-L5p3-n2-beta3__N0160__Aminus_0p005,xover-m05-g2-L5p3-n2-beta3__N0160__Aplus_0p005,xover-m05-g2-L5p3-n2-beta3,160,-0.005,15,0.496875,0.9958257844803479,0.9965300489659559
xover-m05-g2-L5p3-n2-beta3__N0160__Aminus_0p005,xover-m05-g2-L5p3-n2-beta3__N0160__Aplus_0p005,xover-m05-g2-L5p3-n2-beta3,160,-0.005,16,0.53,0.9959388866295829,0.9966235097495328
xover-m05-g2-L5p3-n2-beta3__N0160__Aminus_0p005,xover-m05-g2-L5p3-n2-beta3__N0160__Aplus_0p005,xover-m05-g2-L5p3-n2-beta3,160,-0.005,17,0.563125,0.9960582477056307,0.9967221597698168
xover-m05-g2-L5p3-n2-beta3__N0160__Aminus_0p005,xover-m05-g2-L5p3-n2-beta3__N0160__Aplus_0p005,xover-m05-g2-L5p3-n2-beta3,160,-0.005,18,0.5962500000000001,0.9961836796825416,0.9968258463786144
xover-m05-g2-L5p3-n2-beta3__N0160__Aminus_0p005,xover-m05-g2-L5p3-n2-beta3__N0160__Aplus_0p005,xover-m05-g2-L5p3-n2-beta3,160,-0.005,19,0.629375,0.9963149850976848,0.9969344091510447
xover-m05-g2-L5p3-n2-beta3__N0160__Aminus_0p005,xover-m05-g2-L5p3-n2-beta3__N0160__Aplus_0p005,xover-m05-g2-L5p3-n2-beta3,160,-0.005,20,0.6625000000000001,0.9964519573812268,0.9970476801362388
xover-m05-g2-L5p3-n2-beta3__N0160__Aminus_0p005,xover-m05-g2-L5p3-n2-beta3__N0160__Aplus_0p005,xover-m05-g2-L5p3-n2-beta3,160,-0.005,21,0.695625,0.996594381199967,0.9971654841196902
xover-m05-g2-L5p3-n2-beta3__N0160__Aminus_0p005,xover-m05-g2-L5p3-n2-beta3__N0160__Aplus_0p005,xover-m05-g2-L5p3-n2-beta3,160,-0.005,22,0.72875,0.9967420328148425,0.9972876388968356
xover-m05-g2-L5p3-n2-beta3__N0160__Aminus_0p005,xover-m05-g2-L5p3-n2-beta3__N0160__Aplus_0p005,xover-m05-g2-L5p3-n2-beta3,160,-0.005,23,0.7618750000000001,0.9968946804513941,0.9974139555574176
xover-m05-g2-L5p3-n2-beta3__N0160__Aminus_0p005,xover-m05-g2-L5p3-n2-beta3__N0160__Aplus_0p005,xover-m05-g2-L5p3-n2-beta3,160,-0.005,24,0.795,0.997052084682466,0.9975442387801756
xover-m05-g2-L5p3-n2-beta3__N0160__Aminus_0p005,xover-m05-g2-L5p3-n2-beta3__N0160__Aplus_0p005,xover-m05-g2-L5p3-n2-beta3,160,-0.005,25,0.828125,0.9972139988223914,0.9976782871373876
xover-m05-g2-L5p3-n2-beta3__N0160__Aminus_0p005,xover-m05-g2-L5p3-n2-beta3__N0160__Aplus_0p005,xover-m05-g2-L5p3-n2-beta3,160,-0.005,26,0.8612500000000001,0.9973801693319037,0.9978158934087719
xover-m05-g2-L5p3-n2-beta3__N0160__Aminus_0p005,xover-m05-g2-L5p3-n2-beta3__N0160__Aplus_0p005,xover-m05-g2-L5p3-n2-beta3,160,-0.005,27,0.894375,0.9975503362329963,0.9979568449042464
xover-m05-g2-L5p3-n2-beta3__N0160__Aminus_0p005,xover-m05-g2-L5p3-n2-beta3__N0160__Aplus_0p005,xover-m05-g2-L5p3-n2-beta3,160,-0.005,28,0.9275,0.9977242335329441,0.998100923795027
xover-m05-g2-L5p3-n2-beta3__N0160__Aminus_0p005,xover-m05-g2-L5p3-n2-beta3__N0160__Aplus_0p005,xover-m05-g2-L5p3-n2-beta3,160,-0.005,29,0.9606250000000001,0.9979015896566912,0.9982479074525357
xover-m05-g2-L5p3-n2-beta3__N0160__Aminus_0p005,xover-m05-g2-L5p3-n2-beta3__N0160__Aplus_0p005,xover-m05-g2-L5p3-n2-beta3,160,-0.005,30,0.99375,0.9980821278867982,0.9983975687945754
xover-m05-g2-L5p3-n2-beta3__N0160__Aminus_0p005,xover-m05-g2-L5p3-n2-beta3__N0160__Aplus_0p005,xover-m05-g2-L5p3-n2-beta3,160,-0.005,31,1.026875,0.9982655668101432,0.9985496766382236
xover-m05-g2-L5p3-n2-beta3__N0160__Aminus_0p005,xover-m05-g2-L5p3-n2-beta3__N0160__Aplus_0p005,xover-m05-g2-L5p3-n2-beta3,160,-0.005,32,1.06,0.998451620770562,0.9987039960588789
xover-m05-g2-L5p3-n2-beta3__N0160__Aminus_0p005,xover-m05-g2-L5p3-n2-beta3__N0160__Aplus_0p005,xover-m05-g2-L5p3-n2-beta3,160,-0.005,33,1.0931250000000001,0.9986400003266145,0.9988602887548952
xover-m05-g2-L5p3-n2-beta3__N0160__Aminus_0p005,xover-m05-g2-L5p3-n2-beta3__N0160__Aplus_0p005,xover-m05-g2-L5p3-n2-beta3,160,-0.005,34,1.12625,0.9988304127136651,0.9990183134172215
xover-m05-g2-L5p3-n2-beta3__N0160__Aminus_0p005,xover-m05-g2-L5p3-n2-beta3__N0160__Aplus_0p005,xover-m05-g2-L5p3-n2-beta3,160,-0.005,35,1.159375,0.9990225623094681,0.999177826103468
xover-m05-g2-L5p3-n2-beta3__N0160__Aminus_0p005,xover-m05-g2-L5p3-n2-beta3__N0160__Aplus_0p005,xover-m05-g2-L5p3-n2-beta3,160,-0.005,36,1.1925000000000001,0.9992161511024494,0.9993385806158063
xover-m05-g2-L5p3-n2-beta3__N0160__Aminus_0p005,xover-m05-g2-L5p3-n2-beta3__N0160__Aplus_0p005,xover-m05-g2-L5p3-n2-beta3,160,-0.005,37,1.225625,0.9994108791618909,0.9995003288821103
xover-m05-g2-L5p3-n2-beta3__N0160__Aminus_0p005,xover-m05-g2-L5p3-n2-beta3__N0160__Aplus_0p005,xover-m05-g2-L5p3-n2-beta3,160,-0.005,38,1.25875,0.9996064451092217,0.9996628213397414
xover-m05-g2-L5p3-n2-beta3__N0160__Aminus_0p005,xover-m05-g2-L5p3-n2-beta3__N0160__Aplus_0p005,xover-m05-g2-L5p3-n2-beta3,160,-0.005,39,1.291875,0.9998025465896387,0.9998258073213749
xover-m05-g2-L5p3-n2-beta3__N0160__Aminus_0p005,xover-m05-g2-L5p3-n2-beta3__N0160__Aplus_0p005,xover-m05-g2-L5p3-n2-beta3,160,-0.005,40,1.3250000000000002,0.9999988807432845,0.9999890354422695
xover-m05-g2-L5p3-n2-beta3__N0160__Aminus_0p005,xover-m05-g2-L5p3-n2-beta3__N0160__Aplus_0p005,xover-m05-g2-L5p3-n2-beta3,160,-0.005,41,1.358125,1.0001951446752262,1.000152253988374
xover-m05-g2-L5p3-n2-beta3__N0160__Aminus_0p005,xover-m05-g2-L5p3-n2-beta3__N0160__Aplus_0p005,xover-m05-g2-L5p3-n2-beta3,160,-0.005,42,1.39125,1.0003910359234929,1.0003152113046725
xover-m05-g2-L5p3-n2-beta3__N0160__Aminus_0p005,xover-m05-g2-L5p3-n2-beta3__N0160__Aplus_0p005,xover-m05-g2-L5p3-n2-beta3,160,-0.005,43,1.4243750000000002,1.0005862529244427,1.0004776561831643
xover-m05-g2-L5p3-n2-beta3__N0160__Aminus_0p005,xover-m05-g2-L5p3-n2-beta3__N0160__Aplus_0p005,xover-m05-g2-L5p3-n2-beta3,160,-0.005,44,1.4575,1.0007804954747483,1.0006393382498815
xover-m05-g2-L5p3-n2-beta3__N0160__Aminus_0p005,xover-m05-g2-L5p3-n2-beta3__N0160__Aplus_0p005,xover-m05-g2-L5p3-n2-beta3,160,-0.005,45,1.490625,1.0009734651893087,1.0008000083503485
xover-m05-g2-L5p3-n2-beta3__N0160__Aminus_0p005,xover-m05-g2-L5p3-n2-beta3__N0160__Aplus_0p005,xover-m05-g2-L5p3-n2-beta3,160,-0.005,46,1.5237500000000002,1.0011648659544092,1.0009594189328925
xover-m05-g2-L5p3-n2-beta3__N0160__Aminus_0p005,xover-m05-g2-L5p3-n2-beta3__N0160__Aplus_0p005,xover-m05-g2-L5p3-n2-beta3,160,-0.005,47,1.556875,1.001354404375476,1.0011173244292189
xover-m05-g2-L5p3-n2-beta3__N0160__Aminus_0p005,xover-m05-g2-L5p3-n2-beta3__N0160__Aplus_0p005,xover-m05-g2-L5p3-n2-beta3,160,-0.005,48,1.59,1.0015417902187895,1.0012734816316697
xover-m05-g2-L5p3-n2-beta3__N0160__Aminus_0p005,xover-m05-g2-L5p3-n2-beta3__N0160__Aplus_0p005,xover-m05-g2-L5p3-n2-beta3,160,-0.005,49,1.6231250000000002,1.0017267368465383,1.001427650066594
xover-m05-g2-L5p3-n2-beta3__N0160__Aminus_0p005,xover-m05-g2-L5p3-n2-beta3__N0160__Aplus_0p005,xover-m05-g2-L5p3-n2-beta3,160,-0.005,50,1.65625,1.0019089616446255,1.001579592363261
xover-m05-g2-L5p3-n2-beta3__N0160__Aminus_0p005,xover-m05-g2-L5p3-n2-beta3__N0160__Aplus_0p005,xover-m05-g2-L5p3-n2-beta3,160,-0.005,51,1.689375,1.0020881864426474,1.001729074617762
xover-m05-g2-L5p3-n2-beta3__N0160__Aminus_0p005,xover-m05-g2-L5p3-n2-beta3__N0160__Aplus_0p005,xover-m05-g2-L5p3-n2-beta3,160,-0.005,52,1.7225000000000001,1.0022641379255028,1.001875866751348
xover-m05-g2-L5p3-n2-beta3__N0160__Aminus_0p005,xover-m05-g2-L5p3-n2-beta3__N0160__Aplus_0p005,xover-m05-g2-L5p3-n2-beta3,160,-0.005,53,1.755625,1.0024365480360995,1.0020197428626703
xover-m05-g2-L5p3-n2-beta3__N0160__Aminus_0p005,xover-m05-g2-L5p3-n2-beta3__N0160__Aplus_0p005,xover-m05-g2-L5p3-n2-beta3,160,-0.005,54,1.78875,1.0026051543686527,1.00216048157339
xover-m05-g2-L5p3-n2-beta3__N0160__Aminus_0p005,xover-m05-g2-L5p3-n2-beta3__N0160__Aplus_0p005,xover-m05-g2-L5p3-n2-beta3,160,-0.005,55,1.8218750000000001,1.002769700552097,1.002297866366646
xover-m05-g2-L5p3-n2-beta3__N0160__Aminus_0p005,xover-m05-g2-L5p3-n2-beta3__N0160__Aplus_0p005,xover-m05-g2-L5p3-n2-beta3,160,-0.005,56,1.855,1.0029299366231461,1.0024316859178728
xover-m05-g2-L5p3-n2-beta3__N0160__Aminus_0p005,xover-m05-g2-L5p3-n2-beta3__N0160__Aplus_0p005,xover-m05-g2-L5p3-n2-beta3,160,-0.005,57,1.888125,1.003085619388565,1.00256173441748
xover-m05-g2-L5p3-n2-beta3__N0160__Aminus_0p005,xover-m05-g2-L5p3-n2-beta3__N0160__Aplus_0p005,xover-m05-g2-L5p3-n2-beta3,160,-0.005,58,1.9212500000000001,1.0032365127762397,1.0026878118849123
xover-m05-g2-L5p3-n2-beta3__N0160__Aminus_0p005,xover-m05-g2-L5p3-n2-beta3__N0160__Aplus_0p005,xover-m05-g2-L5p3-n2-beta3,160,-0.005,59,1.9543750000000002,1.003382388174647,1.00280972447363
xover-m05-g2-L5p3-n2-beta3__N0160__Aminus_0p005,xover-m05-g2-L5p3-n2-beta3__N0160__Aplus_0p005,xover-m05-g2-L5p3-n2-beta3,160,-0.005,60,1.9875,1.0035230247603584,1.0029272847665576
xover-m05-g2-L5p3-n2-beta3__N0160__Aminus_0p005,xover-m05-g2-L5p3-n2-beta3__N0160__Aplus_0p005,xover-m05-g2-L5p3-n2-beta3,160,-0.005,61,2.020625,1.0036582098132176,1.003040312061567
xover-m05-g2-L5p3-n2-beta3__N0160__Aminus_0p005,xover-m05-g2-L5p3-n2-beta3__N0160__Aplus_0p005,xover-m05-g2-L5p3-n2-beta3,160,-0.005,62,2.05375,1.0037877390188743,1.0031486326465806
xover-m05-g2-L5p3-n2-beta3__N0160__Aminus_0p005,xover-m05-g2-L5p3-n2-beta3__N0160__Aplus_0p005,xover-m05-g2-L5p3-n2-beta3,160,-0.005,63,2.086875,1.0039114167583527,1.0032520800638856
xover-m05-g2-L5p3-n2-beta3__N0160__Aminus_0p005,xover-m05-g2-L5p3-n2-beta3__N0160__Aplus_0p005,xover-m05-g2-L5p3-n2-beta3,160,-0.005,64,2.12,1.0040290563843732,1.003350495363281
xover-m05-g2-L5p3-n2-beta3__N0160__Aminus_0p005,xover-m05-g2-L5p3-n2-beta3__N0160__Aplus_0p005,xover-m05-g2-L5p3-n2-beta3,160,-0.005,65,2.153125,1.004140480484154,1.0034437273436847
xover-m05-g2-L5p3-n2-beta3__N0160__Aminus_0p005,xover-m05-g2-L5p3-n2-beta3__N0160__Aplus_0p005,xover-m05-g2-L5p3-n2-beta3,160,-0.005,66,2.1862500000000002,1.0042455211284411,1.0035316327828525
xover-m05-g2-L5p3-n2-beta3__N0160__Aminus_0p005,xover-m05-g2-L5p3-n2-beta3__N0160__Aplus_0p005,xover-m05-g2-L5p3-n2-beta3,160,-0.005,67,2.2193750000000003,1.0043440201065363,1.0036140766548747
xover-m05-g2-L5p3-n2-beta3__N0160__Aminus_0p005,xover-m05-g2-L5p3-n2-beta3__N0160__Aplus_0p005,xover-m05-g2-L5p3-n2-beta3,160,-0.005,68,2.2525,1.0044358291471047,1.0036909323351393
xover-m05-g2-L5p3-n2-beta3__N0160__Aminus_0p005,xover-m05-g2-L5p3-n2-beta3__N0160__Aplus_0p005,xover-m05-g2-L5p3-n2-beta3,160,-0.005,69,2.285625,1.0045208101245666,1.003762081792461
xover-m05-g2-L5p3-n2-beta3__N0160__Aminus_0p005,xover-m05-g2-L5p3-n2-beta3__N0160__Aplus_0p005,xover-m05-g2-L5p3-n2-beta3,160,-0.005,70,2.31875,1.0045988352508919,1.0038274157681062
xover-m05-g2-L5p3-n2-beta3__N0160__Aminus_0p005,xover-m05-g2-L5p3-n2-beta3__N0160__Aplus_0p005,xover-m05-g2-L5p3-n2-beta3,160,-0.005,71,2.351875,1.00466978725263,1.0038868339414502
xover-m05-g2-L5p3-n2-beta3__N0160__Aminus_0p005,xover-m05-g2-L5p3-n2-beta3__N0160__Aplus_0p005,xover-m05-g2-L5p3-n2-beta3,160,-0.005,72,2.3850000000000002,1.0047335595330282,1.0039402450820354
xover-m05-g2-L5p3-n2-beta3__N0160__Aminus_0p005,xover-m05-g2-L5p3-n2-beta3__N0160__Aplus_0p005,xover-m05-g2-L5p3-n2-beta3,160,-0.005,73,2.4181250000000003,1.0047900563191015,1.0039875671878078
xover-m05-g2-L5p3-n2-beta3__N0160__Aminus_0p005,xover-m05-g2-L5p3-n2-beta3__N0160__Aplus_0p005,xover-m05-g2-L5p3-n2-beta3,160,-0.005,74,2.45125,1.0048391927935354,1.0040287276093367
xover-m05-g2-L5p3-n2-beta3__N0160__Aminus_0p005,xover-m05-g2-L5p3-n2-beta3__N0160__Aplus_0p005,xover-m05-g2-L5p3-n2-beta3,160,-0.005,75,2.484375,1.0048808952113135,1.004063663159841
xover-m05-g2-L5p3-n2-beta3__N0160__Aminus_0p005,xover-m05-g2-L5p3-n2-beta3__N0160__Aplus_0p005,xover-m05-g2-L5p3-n2-beta3,160,-0.005,76,2.5175,1.0049151010009794,1.0040923202108625
xover-m05-g2-L5p3-n2-beta3__N0160__Aminus_0p005,xover-m05-g2-L5p3-n2-beta3__N0160__Aplus_0p005,xover-m05-g2-L5p3-n2-beta3,160,-0.005,77,2.550625,1.0049417588504514,1.004114654773452
xover-m05-g2-L5p3-n2-beta3__N0160__Aminus_0p005,xover-m05-g2-L5p3-n2-beta3__N0160__Aplus_0p005,xover-m05-g2-L5p3-n2-beta3,160,-0.005,78,2.58375,1.0049608287773248,1.0041306325647534
xover-m05-g2-L5p3-n2-beta3__N0160__Aminus_0p005,xover-m05-g2-L5p3-n2-beta3__N0160__Aplus_0p005,xover-m05-g2-L5p3-n2-beta3,160,-0.005,79,2.6168750000000003,1.0049722821836071,1.0041402290598878
xover-m05-g2-L5p3-n2-beta3__N0160__Aminus_0p005,xover-m05-g2-L5p3-n2-beta3__N0160__Aplus_0p005,xover-m05-g2-L5p3-n2-beta3,160,-0.005,80,2.6500000000000004,1.004976101894844,1.0041434295290677
xover-m05-g2-L5p3-n2-beta3__N0160__Aminus_0p005,xover-m05-g2-L5p3-n2-beta3__N0160__Aplus_0p005,xover-m05-g2-L5p3-n2-beta3,160,-0.005,81,2.683125,1.004972282183607,1.0041402290598864
xover-m05-g2-L5p3-n2-beta3__N0160__Aminus_0p005,xover-m05-g2-L5p3-n2-beta3__N0160__Aplus_0p005,xover-m05-g2-L5p3-n2-beta3,160,-0.005,82,2.71625,1.0049608287773244,1.004130632564751
xover-m05-g2-L5p3-n2-beta3__N0160__Aminus_0p005,xover-m05-g2-L5p3-n2-beta3__N0160__Aplus_0p005,xover-m05-g2-L5p3-n2-beta3,160,-0.005,83,2.749375,1.0049417588504508,1.0041146547734487
xover-m05-g2-L5p3-n2-beta3__N0160__Aminus_0p005,xover-m05-g2-L5p3-n2-beta3__N0160__Aplus_0p005,xover-m05-g2-L5p3-n2-beta3,160,-0.005,84,2.7825,1.0049151010009787,1.004092320210858
xover-m05-g2-L5p3-n2-beta3__N0160__Aminus_0p005,xover-m05-g2-L5p3-n2-beta3__N0160__Aplus_0p005,xover-m05-g2-L5p3-n2-beta3,160,-0.005,85,2.8156250000000003,1.0048808952113126,1.0040636631598356
xover-m05-g2-L5p3-n2-beta3__N0160__Aminus_0p005,xover-m05-g2-L5p3-n2-beta3__N0160__Aplus_0p005,xover-m05-g2-L5p3-n2-beta3,160,-0.005,86,2.8487500000000003,1.004839192793534,1.00402872760933
xover-m05-g2-L5p3-n2-beta3__N0160__Aminus_0p005,xover-m05-g2-L5p3-n2-beta3__N0160__Aplus_0p005,xover-m05-g2-L5p3-n2-beta3,160,-0.005,87,2.881875,1.0047900563191,1.0039875671878
xover-m05-g2-L5p3-n2-beta3__N0160__Aminus_0p005,xover-m05-g2-L5p3-n2-beta3__N0160__Aplus_0p005,xover-m05-g2-L5p3-n2-beta3,160,-0.005,88,2.915,1.0047335595330262,1.0039402450820267
xover-m05-g2-L5p3-n2-beta3__N0160__Aminus_0p005,xover-m05-g2-L5p3-n2-beta3__N0160__Aplus_0p005,xover-m05-g2-L5p3-n2-beta3,160,-0.005,89,2.948125,1.0046697872526278,1.0038868339414404
xover-m05-g2-L5p3-n2-beta3__N0160__Aminus_0p005,xover-m05-g2-L5p3-n2-beta3__N0160__Aplus_0p005,xover-m05-g2-L5p3-n2-beta3,160,-0.005,90,2.98125,1.0045988352508894,1.0038274157680955
xover-m05-g2-L5p3-n2-beta3__N0160__Aminus_0p005,xover-m05-g2-L5p3-n2-beta3__N0160__Aplus_0p005,xover-m05-g2-L5p3-n2-beta3,160,-0.005,91,3.0143750000000002,1.0045208101245637,1.0037620817924495
xover-m05-g2-L5p3-n2-beta3__N0160__Aminus_0p005,xover-m05-g2-L5p3-n2-beta3__N0160__Aplus_0p005,xover-m05-g2-L5p3-n2-beta3,160,-0.005,92,3.0475000000000003,1.0044358291471016,1.0036909323351266
xover-m05-g2-L5p3-n2-beta3__N0160__Aminus_0p005,xover-m05-g2-L5p3-n2-beta3__N0160__Aplus_0p005,xover-m05-g2-L5p3-n2-beta3,160,-0.005,93,3.080625,1.004344020106533,1.0036140766548611
xover-m05-g2-L5p3-n2-beta3__N0160__Aminus_0p005,xover-m05-g2-L5p3-n2-beta3__N0160__Aplus_0p005,xover-m05-g2-L5p3-n2-beta3,160,-0.005,94,3.11375,1.0042455211284373,1.003531632782838
xover-m05-g2-L5p3-n2-beta3__N0160__Aminus_0p005,xover-m05-g2-L5p3-n2-beta3__N0160__Aplus_0p005,xover-m05-g2-L5p3-n2-beta3,160,-0.005,95,3.146875,1.0041404804841498,1.0034437273436698
xover-m05-g2-L5p3-n2-beta3__N0160__Aminus_0p005,xover-m05-g2-L5p3-n2-beta3__N0160__Aplus_0p005,xover-m05-g2-L5p3-n2-beta3,160,-0.005,96,3.18,1.0040290563843686,1.0033504953632653
xover-m05-g2-L5p3-n2-beta3__N0160__Aminus_0p005,xover-m05-g2-L5p3-n2-beta3__N0160__Aplus_0p005,xover-m05-g2-L5p3-n2-beta3,160,-0.005,97,3.2131250000000002,1.0039114167583476,1.0032520800638687
xover-m05-g2-L5p3-n2-beta3__N0160__Aminus_0p005,xover-m05-g2-L5p3-n2-beta3__N0160__Aplus_0p005,xover-m05-g2-L5p3-n2-beta3,160,-0.005,98,3.2462500000000003,1.0037877390188688,1.0031486326465624
xover-m05-g2-L5p3-n2-beta3__N0160__Aminus_0p005,xover-m05-g2-L5p3-n2-beta3__N0160__Aplus_0p005,xover-m05-g2-L5p3-n2-beta3,160,-0.005,99,3.2793750000000004,1.0036582098132116,1.0030403120615476
xover-m05-g2-L5p3-n2-beta3__N0160__Aminus_0p005,xover-m05-g2-L5p3-n2-beta3__N0160__Aplus_0p005,xover-m05-g2-L5p3-n2-beta3,160,-0.005,100,3.3125,1.003523024760352,1.002927284766537
xover-m05-g2-L5p3-n2-beta3__N0160__Aminus_0p005,xover-m05-g2-L5p3-n2-beta3__N0160__Aplus_0p005,xover-m05-g2-L5p3-n2-beta3,160,-0.005,101,3.345625,1.0033823881746402,1.0028097244736083
xover-m05-g2-L5p3-n2-beta3__N0160__Aminus_0p005,xover-m05-g2-L5p3-n2-beta3__N0160__Aplus_0p005,xover-m05-g2-L5p3-n2-beta3,160,-0.005,102,3.37875,1.0032365127762322,1.0026878118848894
xover-m05-g2-L5p3-n2-beta3__N0160__Aminus_0p005,xover-m05-g2-L5p3-n2-beta3__N0160__Aplus_0p005,xover-m05-g2-L5p3-n2-beta3,160,-0.005,103,3.411875,1.003085619388557,1.0025617344174558
xover-m05-g2-L5p3-n2-beta3__N0160__Aminus_0p005,xover-m05-g2-L5p3-n2-beta3__N0160__Aplus_0p005,xover-m05-g2-L5p3-n2-beta3,160,-0.005,104,3.4450000000000003,1.0029299366231375,1.0024316859178475
xover-m05-g2-L5p3-n2-beta3__N0160__Aminus_0p005,xover-m05-g2-L5p3-n2-beta3__N0160__Aplus_0p005,xover-m05-g2-L5p3-n2-beta3,160,-0.005,105,3.4781250000000004,1.0027697005520877,1.0022978663666193
xover-m05-g2-L5p3-n2-beta3__N0160__Aminus_0p005,xover-m05-g2-L5p3-n2-beta3__N0160__Aplus_0p005,xover-m05-g2-L5p3-n2-beta3,160,-0.005,106,3.51125,1.0026051543686427,1.002160481573362
xover-m05-g2-L5p3-n2-beta3__N0160__Aminus_0p005,xover-m05-g2-L5p3-n2-beta3__N0160__Aplus_0p005,xover-m05-g2-L5p3-n2-beta3,160,-0.005,107,3.544375,1.0024365480360888,1.0020197428626412
xover-m05-g2-L5p3-n2-beta3__N0160__Aminus_0p005,xover-m05-g2-L5p3-n2-beta3__N0160__Aplus_0p005,xover-m05-g2-L5p3-n2-beta3,160,-0.005,108,3.5775,1.0022641379254915,1.0018758667513177
xover-m05-g2-L5p3-n2-beta3__N0160__Aminus_0p005,xover-m05-g2-L5p3-n2-beta3__N0160__Aplus_0p005,xover-m05-g2-L5p3-n2-beta3,160,-0.005,109,3.610625,1.0020881864426352,1.0017290746177303
xover-m05-g2-L5p3-n2-beta3__N0160__Aminus_0p005,xover-m05-g2-L5p3-n2-beta3__N0160__Aplus_0p005,xover-m05-g2-L5p3-n2-beta3,160,-0.005,110,3.6437500000000003,1.0019089616446126,1.0015795923632282
xover-m05-g2-L5p3-n2-beta3__N0160__Aminus_0p005,xover-m05-g2-L5p3-n2-beta3__N0160__Aplus_0p005,xover-m05-g2-L5p3-n2-beta3,160,-0.005,111,3.6768750000000003,1.0017267368465248,1.0014276500665602
xover-m05-g2-L5p3-n2-beta3__N0160__Aminus_0p005,xover-m05-g2-L5p3-n2-beta3__N0160__Aplus_0p005,xover-m05-g2-L5p3-n2-beta3,160,-0.005,112,3.71,1.0015417902187749,1.0012734816316353
xover-m05-g2-L5p3-n2-beta3__N0160__Aminus_0p005,xover-m05-g2-L5p3-n2-beta3__N0160__Aplus_0p005,xover-m05-g2-L5p3-n2-beta3,160,-0.005,113,3.743125,1.0013544043754607,1.0011173244291838
xover-m05-g2-L5p3-n2-beta3__N0160__Aminus_0p005,xover-m05-g2-L5p3-n2-beta3__N0160__Aplus_0p005,xover-m05-g2-L5p3-n2-beta3,160,-0.005,114,3.77625,1.001164865954393,1.0009594189328568
xover-m05-g2-L5p3-n2-beta3__N0160__Aminus_0p005,xover-m05-g2-L5p3-n2-beta3__N0160__Aplus_0p005,xover-m05-g2-L5p3-n2-beta3,160,-0.005,115,3.809375,1.0009734651892916,1.0008000083503121
xover-m05-g2-L5p3-n2-beta3__N0160__Aminus_0p005,xover-m05-g2-L5p3-n2-beta3__N0160__Aplus_0p005,xover-m05-g2-L5p3-n2-beta3,160,-0.005,116,3.8425000000000002,1.0007804954747301,1.0006393382498444
xover-m05-g2-L5p3-n2-beta3__N0160__Aminus_0p005,xover-m05-g2-L5p3-n2-beta3__N0160__Aplus_0p005,xover-m05-g2-L5p3-n2-beta3,160,-0.005,117,3.8756250000000003,1.0005862529244234,1.0004776561831263
xover-m05-g2-L5p3-n2-beta3__N0160__Aminus_0p005,xover-m05-g2-L5p3-n2-beta3__N0160__Aplus_0p005,xover-m05-g2-L5p3-n2-beta3,160,-0.005,118,3.9087500000000004,1.0003910359234727,1.0003152113046334
xover-m05-g2-L5p3-n2-beta3__N0160__Aminus_0p005,xover-m05-g2-L5p3-n2-beta3__N0160__Aplus_0p005,xover-m05-g2-L5p3-n2-beta3,160,-0.005,119,3.941875,1.0001951446752049,1.0001522539883339
xover-m05-g2-L5p3-n2-beta3__N0160__Aminus_0p005,xover-m05-g2-L5p3-n2-beta3__N0160__Aplus_0p005,xover-m05-g2-L5p3-n2-beta3,160,-0.005,120,3.975,0.9999988807432623,0.9999890354422282
xover-m05-g2-L5p3-n2-beta3__N0160__Aminus_0p005,xover-m05-g2-L5p3-n2-beta3__N0160__Aplus_0p005,xover-m05-g2-L5p3-n2-beta3,160,-0.005,121,4.008125000000001,0.9998025465896155,0.9998258073213326
xover-m05-g2-L5p3-n2-beta3__N0160__Aminus_0p005,xover-m05-g2-L5p3-n2-beta3__N0160__Aplus_0p005,xover-m05-g2-L5p3-n2-beta3,160,-0.005,122,4.04125,0.9996064451091975,0.999662821339698
xover-m05-g2-L5p3-n2-beta3__N0160__Aminus_0p005,xover-m05-g2-L5p3-n2-beta3__N0160__Aplus_0p005,xover-m05-g2-L5p3-n2-beta3,160,-0.005,123,4.074375,0.9994108791618656,0.9995003288820659
xover-m05-g2-L5p3-n2-beta3__N0160__Aminus_0p005,xover-m05-g2-L5p3-n2-beta3__N0160__Aplus_0p005,xover-m05-g2-L5p3-n2-beta3,160,-0.005,124,4.1075,0.9992161511024229,0.9993385806157606
xover-m05-g2-L5p3-n2-beta3__N0160__Aminus_0p005,xover-m05-g2-L5p3-n2-beta3__N0160__Aplus_0p005,xover-m05-g2-L5p3-n2-beta3,160,-0.005,125,4.140625,0.9990225623094405,0.9991778261034214
xover-m05-g2-L5p3-n2-beta3__N0160__Aminus_0p005,xover-m05-g2-L5p3-n2-beta3__N0160__Aplus_0p005,xover-m05-g2-L5p3-n2-beta3,160,-0.005,126,4.17375,0.9988304127136365,0.999018313417174
xover-m05-g2-L5p3-n2-beta3__N0160__Aminus_0p005,xover-m05-g2-L5p3-n2-beta3__N0160__Aplus_0p005,xover-m05-g2-L5p3-n2-beta3,160,-0.005,127,4.206875,0.9986400003265846,0.9988602887548467
xover-m05-g2-L5p3-n2-beta3__N0160__Aminus_0p005,xover-m05-g2-L5p3-n2-beta3__N0160__Aplus_0p005,xover-m05-g2-L5p3-n2-beta3,160,-0.005,128,4.24,0.9984516207705311,0.9987039960588295
xover-m05-g2-L5p3-n2-beta3__N0160__Aminus_0p005,xover-m05-g2-L5p3-n2-beta3__N0160__Aplus_0p005,xover-m05-g2-L5p3-n2-beta3,160,-0.005,129,4.273125,0.9982655668101111,0.9985496766381733
xover-m05-g2-L5p3-n2-beta3__N0160__Aminus_0p005,xover-m05-g2-L5p3-n2-beta3__N0160__Aplus_0p005,xover-m05-g2-L5p3-n2-beta3,160,-0.005,130,4.30625,0.998082127886765,0.9983975687945243
xover-m05-g2-L5p3-n2-beta3__N0160__Aminus_0p005,xover-m05-g2-L5p3-n2-beta3__N0160__Aplus_0p005,xover-m05-g2-L5p3-n2-beta3,160,-0.005,131,4.339375,0.9979015896566569,0.9982479074524838
xover-m05-g2-L5p3-n2-beta3__N0160__Aminus_0p005,xover-m05-g2-L5p3-n2-beta3__N0160__Aplus_0p005,xover-m05-g2-L5p3-n2-beta3,160,-0.005,132,4.3725000000000005,0.9977242335329086,0.9981009237949746
xover-m05-g2-L5p3-n2-beta3__N0160__Aminus_0p005,xover-m05-g2-L5p3-n2-beta3__N0160__Aplus_0p005,xover-m05-g2-L5p3-n2-beta3,160,-0.005,133,4.405625000000001,0.9975503362329596,0.9979568449041933
xover-m05-g2-L5p3-n2-beta3__N0160__Aminus_0p005,xover-m05-g2-L5p3-n2-beta3__N0160__Aplus_0p005,xover-m05-g2-L5p3-n2-beta3,160,-0.005,134,4.438750000000001,0.9973801693318659,0.9978158934087181
xover-m05-g2-L5p3-n2-beta3__N0160__Aminus_0p005,xover-m05-g2-L5p3-n2-beta3__N0160__Aplus_0p005,xover-m05-g2-L5p3-n2-beta3,160,-0.005,135,4.471875,0.9972139988223525,0.9976782871373335
xover-m05-g2-L5p3-n2-beta3__N0160__Aminus_0p005,xover-m05-g2-L5p3-n2-beta3__N0160__Aplus_0p005,xover-m05-g2-L5p3-n2-beta3,160,-0.005,136,4.505,0.997052084682426,0.9975442387801211
xover-m05-g2-L5p3-n2-beta3__N0160__Aminus_0p005,xover-m05-g2-L5p3-n2-beta3__N0160__Aplus_0p005,xover-m05-g2-L5p3-n2-beta3,160,-0.005,137,4.538125,0.9968946804513531,0.9974139555573628
xover-m05-g2-L5p3-n2-beta3__N0160__Aminus_0p005,xover-m05-g2-L5p3-n2-beta3__N0160__Aplus_0p005,xover-m05-g2-L5p3-n2-beta3,160,-0.005,138,4.57125,0.9967420328148003,0.9972876388967807
xover-m05-g2-L5p3-n2-beta3__N0160__Aminus_0p005,xover-m05-g2-L5p3-n2-beta3__N0160__Aplus_0p005,xover-m05-g2-L5p3-n2-beta3,160,-0.005,139,4.604375,0.9965943811999238,0.9971654841196351
xover-m05-g2-L5p3-n2-beta3__N0160__Aminus_0p005,xover-m05-g2-L5p3-n2-beta3__N0160__Aplus_0p005,xover-m05-g2-L5p3-n2-beta3,160,-0.005,140,4.6375,0.9964519573811826,0.9970476801361835
xover-m05-g2-L5p3-n2-beta3__N0160__Aminus_0p005,xover-m05-g2-L5p3-n2-beta3__N0160__Aplus_0p005,xover-m05-g2-L5p3-n2-beta3,160,-0.005,141,4.670625,0.9963149850976396,0.9969344091509894
xover-m05-g2-L5p3-n2-beta3__N0160__Aminus_0p005,xover-m05-g2-L5p3-n2-beta3__N0160__Aplus_0p005,xover-m05-g2-L5p3-n2-beta3,160,-0.005,142,4.70375,0.9961836796824954,0.9968258463785588
xover-m05-g2-L5p3-n2-beta3__N0160__Aminus_0p005,xover-m05-g2-L5p3-n2-beta3__N0160__Aplus_0p005,xover-m05-g2-L5p3-n2-beta3,160,-0.005,143,4.736875,0.9960582477055835,0.9967221597697613
xover-m05-g2-L5p3-n2-beta3__N0160__Aminus_0p005,xover-m05-g2-L5p3-n2-beta3__N0160__Aplus_0p005,xover-m05-g2-L5p3-n2-beta3,160,-0.005,144,4.7700000000000005,0.9959388866295349,0.9966235097494773
xover-m05-g2-L5p3-n2-beta3__N0160__Aminus_0p005,xover-m05-g2-L5p3-n2-beta3__N0160__Aplus_0p005,xover-m05-g2-L5p3-n2-beta3,160,-0.005,145,4.8031250000000005,0.995825784480299,0.9965300489659006
xover-m05-g2-L5p3-n2-beta3__N0160__Aminus_0p005,xover-m05-g2-L5p3-n2-beta3__N0160__Aplus_0p005,xover-m05-g2-L5p3-n2-beta3,160,-0.005,146,4.836250000000001,0.9957191195326835,0.9964419220518969
xover-m05-g2-L5p3-n2-beta3__N0160__Aminus_0p005,xover-m05-g2-L5p3-n2-beta3__N0160__Aplus_0p005,xover-m05-g2-L5p3-n2-beta3,160,-0.005,147,4.869375000000001,0.9956190600115471,0.9963592653988111
xover-m05-g2-L5p3-n2-beta3__N0160__Aminus_0p005,xover-m05-g2-L5p3-n2-beta3__N0160__Aplus_0p005,xover-m05-g2-L5p3-n2-beta3,160,-0.005,148,4.9025,0.9955257638092561,0.9962822069430878
xover-m05-g2-L5p3-n2-beta3__N0160__Aminus_0p005,xover-m05-g2-L5p3-n2-beta3__N0160__Aplus_0p005,xover-m05-g2-L5p3-n2-beta3,160,-0.005,149,4.935625,0.9954393782199814,0.9962108659660529
xover-m05-g2-L5p3-n2-beta3__N0160__Aminus_0p005,xover-m05-g2-L5p3-n2-beta3__N0160__Aplus_0p005,xover-m05-g2-L5p3-n2-beta3,160,-0.005,150,4.96875,0.9953600396913839,0.9961453529071844
xover-m05-g2-L5p3-n2-beta3__N0160__Aminus_0p005,xover-m05-g2-L5p3-n2-beta3__N0160__Aplus_0p005,xover-m05-g2-L5p3-n2-beta3,160,-0.005,151,5.001875,0.9952878735942008,0.9960857691911748
xover-m05-g2-L5p3-n2-beta3__N0160__Aminus_0p005,xover-m05-g2-L5p3-n2-beta3__N0160__Aplus_0p005,xover-m05-g2-L5p3-n2-beta3,160,-0.005,152,5.035,0.9952229940102116,0.9960322070690673
xover-m05-g2-L5p3-n2-beta3__N0160__Aminus_0p005,xover-m05-g2-L5p3-n2-beta3__N0160__Aplus_0p005,xover-m05-g2-L5p3-n2-beta3,160,-0.005,153,5.068125,0.995165503539028,0.9959847494737284
xover-m05-g2-L5p3-n2-beta3__N0160__Aminus_0p005,xover-m05-g2-L5p3-n2-beta3__N0160__Aplus_0p005,xover-m05-g2-L5p3-n2-beta3,160,-0.005,154,5.10125,0.9951154931241085,0.9959434698898897
xover-m05-g2-L5p3-n2-beta3__N0160__Aminus_0p005,xover-m05-g2-L5p3-n2-beta3__N0160__Aplus_0p005,xover-m05-g2-L5p3-n2-beta3,160,-0.005,155,5.134375,0.9950730418983681,0.9959084322389739
xover-m05-g2-L5p3-n2-beta3__N0160__Aminus_0p005,xover-m05-g2-L5p3-n2-beta3__N0160__Aplus_0p005,xover-m05-g2-L5p3-n2-beta3,160,-0.005,156,5.1675,0.9950382170497033,0.9958796907788922
xover-m05-g2-L5p3-n2-beta3__N0160__Aminus_0p005,xover-m05-g2-L5p3-n2-beta3__N0160__Aplus_0p005,xover-m05-g2-L5p3-n2-beta3,160,-0.005,157,5.2006250000000005,0.995011073706721,0.9958572900189772
xover-m05-g2-L5p3-n2-beta3__N0160__Aminus_0p005,xover-m05-g2-L5p3-n2-beta3__N0160__Aplus_0p005,xover-m05-g2-L5p3-n2-beta3,160,-0.005,158,5.233750000000001,0.9949916548449108,0.995841264650193
xover-m05-g2-L5p3-n2-beta3__N0160__Aminus_0p005,xover-m05-g2-L5p3-n2-beta3__N0160__Aplus_0p005,xover-m05-g2-L5p3-n2-beta3,160,-0.005,159,5.266875000000001,0.9949799912134594,0.9958316394907337
xover-m05-g2-L5p3-n2-beta3__N0160__Aminus_0p005,xover-m05-g2-L5p3-n2-beta3__N0160__Aplus_0p005,xover-m05-g2-L5p3-n2-beta3,160,-0.005,160,5.3,0.9949761012828647,0.9958284294471029
xover-m05-g2-L5p3-n2-beta3__N0160__Aminus_0p0025,xover-m05-g2-L5p3-n2-beta3__N0160__Aplus_0p0025,xover-m05-g2-L5p3-n2-beta3,160,-0.0025,0,0.0,0.9974940252455982,0.9979177024086189
xover-m05-g2-L5p3-n2-beta3__N0160__Aminus_0p0025,xover-m05-g2-L5p3-n2-beta3__N0160__Aplus_0p0025,xover-m05-g2-L5p3-n2-beta3,160,-0.0025,1,0.033125,0.9974959614332409,0.9979193062664254
xover-m05-g2-L5p3-n2-beta3__N0160__Aminus_0p0025,xover-m05-g2-L5p3-n2-beta3__N0160__Aplus_0p0025,xover-m05-g2-L5p3-n2-beta3,160,-0.0025,2,0.06625,0.9975017669701215,0.997924115361323
xover-m05-g2-L5p3-n2-beta3__N0160__Aminus_0p0025,xover-m05-g2-L5p3-n2-beta3__N0160__Aplus_0p0025,xover-m05-g2-L5p3-n2-beta3,160,-0.0025,3,0.099375,0.9975114327830127,0.9979321222615993
xover-m05-g2-L5p3-n2-beta3__N0160__Aminus_0p0025,xover-m05-g2-L5p3-n2-beta3__N0160__Aplus_0p0025,xover-m05-g2-L5p3-n2-beta3,160,-0.0025,4,0.1325,0.9975249437662476,0.9979433145939125
xover-m05-g2-L5p3-n2-beta3__N0160__Aminus_0p0025,xover-m05-g2-L5p3-n2-beta3__N0160__Aplus_0p0025,xover-m05-g2-L5p3-n2-beta3,160,-0.0025,5,0.16562500000000002,0.9975422788062547,0.9979576750625353
xover-m05-g2-L5p3-n2-beta3__N0160__Aminus_0p0025,xover-m05-g2-L5p3-n2-beta3__N0160__Aplus_0p0025,xover-m05-g2-L5p3-n2-beta3,160,-0.0025,6,0.19875,0.9975634108158434,0.9979751814762564
xover-m05-g2-L5p3-n2-beta3__N0160__Aminus_0p0025,xover-m05-g2-L5p3-n2-beta3__N0160__Aplus_0p0025,xover-m05-g2-L5p3-n2-beta3,160,-0.0025,7,0.231875,0.9975883067781777,0.997995806782893
xover-m05-g2-L5p3-n2-beta3__N0160__Aminus_0p0025,xover-m05-g2-L5p3-n2-beta3__N0160__Aplus_0p0025,xover-m05-g2-L5p3-n2-beta3,160,-0.0025,8,0.265,0.9976169278003524,0.9980195191113603
xover-m05-g2-L5p3-n2-beta3__N0160__Aminus_0p0025,xover-m05-g2-L5p3-n2-beta3__N0160__Aplus_0p0025,xover-m05-g2-L5p3-n2-beta3,160,-0.0025,9,0.29812500000000003,0.9976492291764797,0.9980462818212327
xover-m05-g2-L5p3-n2-beta3__N0160__Aminus_0p0025,xover-m05-g2-L5p3-n2-beta3__N0160__Aplus_0p0025,xover-m05-g2-L5p3-n2-beta3,160,-0.0025,10,0.33125000000000004,0.9976851604601619,0.998076053559715
xover-m05-g2-L5p3-n2-beta3__N0160__Aminus_0p0025,xover-m05-g2-L5p3-n2-beta3__N0160__Aplus_0p0025,xover-m05-g2-L5p3-n2-beta3,160,-0.0025,11,0.364375,0.9977246655462233,0.9981087883259347
xover-m05-g2-L5p3-n2-beta3__N0160__Aminus_0p0025,xover-m05-g2-L5p3-n2-beta3__N0160__Aplus_0p0025,xover-m05-g2-L5p3-n2-beta3,160,-0.0025,12,0.3975,0.9977676827615466,0.9981444355424526
xover-m05-g2-L5p3-n2-beta3__N0160__Aminus_0p0025,xover-m05-g2-L5p3-n2-beta3__N0160__Aplus_0p0025,xover-m05-g2-L5p3-n2-beta3,160,-0.0025,13,0.43062500000000004,0.9978141449648484,0.9981829401338776
xover-m05-g2-L5p3-n2-beta3__N0160__Aminus_0p0025,xover-m05-g2-L5p3-n2-beta3__N0160__Aplus_0p0025,xover-m05-g2-L5p3-n2-beta3,160,-0.0025,14,0.46375,0.9978639796552129,0.9982242426124618
xover-m05-g2-L5p3-n2-beta3__N0160__Aminus_0p0025,xover-m05-g2-L5p3-n2-beta3__N0160__Aplus_0p0025,xover-m05-g2-L5p3-n2-beta3,160,-0.0025,15,0.496875,0.9979171090891817,0.9982682791705382
xover-m05-g2-L5p3-n2-beta3__N0160__Aminus_0p0025,xover-m05-g2-L5p3-n2-beta3__N0160__Aplus_0p0025,xover-m05-g2-L5p3-n2-beta3,160,-0.0025,16,0.53,0.9979734504061905,0.9983149817796553
xover-m05-g2-L5p3-n2-beta3__N0160__Aminus_0p0025,xover-m05-g2-L5p3-n2-beta3__N0160__Aplus_0p0025,xover-m05-g2-L5p3-n2-beta3,160,-0.0025,17,0.563125,0.998032915762122,0.9983642782962511
xover-m05-g2-L5p3-n2-beta3__N0160__Aminus_0p0025,xover-m05-g2-L5p3-n2-beta3__N0160__Aplus_0p0025,xover-m05-g2-L5p3-n2-beta3,160,-0.0025,18,0.5962500000000001,0.9980954124707362,0.9984160925736983
xover-m05-g2-L5p3-n2-beta3__N0160__Aminus_0p0025,xover-m05-g2-L5p3-n2-beta3__N0160__Aplus_0p0025,xover-m05-g2-L5p3-n2-beta3,160,-0.0025,19,0.629375,0.998160843152719,0.9984703445805446
xover-m05-g2-L5p3-n2-beta3__N0160__Aminus_0p0025,xover-m05-g2-L5p3-n2-beta3__N0160__Aplus_0p0025,xover-m05-g2-L5p3-n2-beta3,160,-0.0025,20,0.6625000000000001,0.9982291058920868,0.9985269505247575
xover-m05-g2-L5p3-n2-beta3__N0160__Aminus_0p0025,xover-m05-g2-L5p3-n2-beta3__N0160__Aplus_0p0025,xover-m05-g2-L5p3-n2-beta3,160,-0.0025,21,0.695625,0.9983000943996624,0.99858582298378
xover-m05-g2-L5p3-n2-beta3__N0160__Aminus_0p0025,xover-m05-g2-L5p3-n2-beta3__N0160__Aplus_0p0025,xover-m05-g2-L5p3-n2-beta3,160,-0.0025,22,0.72875,0.9983736981833349,0.9986468710401915
xover-m05-g2-L5p3-n2-beta3__N0160__Aminus_0p0025,xover-m05-g2-L5p3-n2-beta3__N0160__Aplus_0p0025,xover-m05-g2-L5p3-n2-beta3,160,-0.0025,23,0.7618750000000001,0.9984498027247987,0.9987100004227565
xover-m05-g2-L5p3-n2-beta3__N0160__Aminus_0p0025,xover-m05-g2-L5p3-n2-beta3__N0160__Aplus_0p0025,xover-m05-g2-L5p3-n2-beta3,160,-0.0025,24,0.795,0.9985282896624628,0.998775113652641
xover-m05-g2-L5p3-n2-beta3__N0160__Aminus_0p0025,xover-m05-g2-L5p3-n2-beta3__N0160__Aplus_0p0025,xover-m05-g2-L5p3-n2-beta3,160,-0.0025,25,0.828125,0.9986090369802066,0.9988421101945668
xover-m05-g2-L5p3-n2-beta3__N0160__Aminus_0p0025,xover-m05-g2-L5p3-n2-beta3__N0160__Aplus_0p0025,xover-m05-g2-L5p3-n2-beta3,160,-0.0025,26,0.8612500000000001,0.998691919201655,0.9989108866126604
xover-m05-g2-L5p3-n2-beta3__N0160__Aminus_0p0025,xover-m05-g2-L5p3-n2-beta3__N0160__Aplus_0p0025,xover-m05-g2-L5p3-n2-beta3,160,-0.0025,27,0.894375,0.9987768075896329,0.9989813367307575
xover-m05-g2-L5p3-n2-beta3__N0160__Aminus_0p0025,xover-m05-g2-L5p3-n2-beta3__N0160__Aplus_0p0025,xover-m05-g2-L5p3-n2-beta3,160,-0.0025,28,0.9275,0.9988635703504574,0.9990533517969067
xover-m05-g2-L5p3-n2-beta3__N0160__Aminus_0p0025,xover-m05-g2-L5p3-n2-beta3__N0160__Aplus_0p0025,xover-m05-g2-L5p3-n2-beta3,160,-0.0025,29,0.9606250000000001,0.9989520728427144,0.9991268206518145
xover-m05-g2-L5p3-n2-beta3__N0160__Aminus_0p0025,xover-m05-g2-L5p3-n2-beta3__N0160__Aplus_0p0025,xover-m05-g2-L5p3-n2-beta3,160,-0.0025,30,0.99375,0.9990421777901664,0.9992016299009697
xover-m05-g2-L5p3-n2-beta3__N0160__Aminus_0p0025,xover-m05-g2-L5p3-n2-beta3__N0160__Aplus_0p0025,xover-m05-g2-L5p3-n2-beta3,160,-0.0025,31,1.026875,0.9991337454984263,0.9992776640901732
xover-m05-g2-L5p3-n2-beta3__N0160__Aminus_0p0025,xover-m05-g2-L5p3-n2-beta3__N0160__Aplus_0p0025,xover-m05-g2-L5p3-n2-beta3,160,-0.0025,32,1.06,0.9992266340750372,0.9993548058842023
xover-m05-g2-L5p3-n2-beta3__N0160__Aminus_0p0025,xover-m05-g2-L5p3-n2-beta3__N0160__Aplus_0p0025,xover-m05-g2-L5p3-n2-beta3,160,-0.0025,33,1.0931250000000001,0.9993206996525862,0.9994329362483277
xover-m05-g2-L5p3-n2-beta3__N0160__Aminus_0p0025,xover-m05-g2-L5p3-n2-beta3__N0160__Aplus_0p0025,xover-m05-g2-L5p3-n2-beta3,160,-0.0025,34,1.12625,0.9994157966144827,0.9995119346323998
xover-m05-g2-L5p3-n2-beta3__N0160__Aminus_0p0025,xover-m05-g2-L5p3-n2-beta3__N0160__Aplus_0p0025,xover-m05-g2-L5p3-n2-beta3,160,-0.0025,35,1.159375,0.9995117778230291,0.9995916791572175
xover-m05-g2-L5p3-n2-beta3__N0160__Aminus_0p0025,xover-m05-g2-L5p3-n2-beta3__N0160__Aplus_0p0025,xover-m05-g2-L5p3-n2-beta3,160,-0.0025,36,1.1925000000000001,0.9996084948494113,0.9996720468028891
xover-m05-g2-L5p3-n2-beta3__N0160__Aminus_0p0025,xover-m05-g2-L5p3-n2-beta3__N0160__Aplus_0p0025,xover-m05-g2-L5p3-n2-beta3,160,-0.0025,37,1.225625,0.9997057982052318,0.9997529135988935
xover-m05-g2-L5p3-n2-beta3__N0160__Aminus_0p0025,xover-m05-g2-L5p3-n2-beta3__N0160__Aplus_0p0025,xover-m05-g2-L5p3-n2-beta3,160,-0.0025,38,1.25875,0.9998035375752161,0.9998341548155426
xover-m05-g2-L5p3-n2-beta3__N0160__Aminus_0p0025,xover-m05-g2-L5p3-n2-beta3__N0160__Aplus_0p0025,xover-m05-g2-L5p3-n2-beta3,160,-0.0025,39,1.291875,0.9999015620507172,0.9999156451565504
xover-m05-g2-L5p3-n2-beta3__N0160__Aminus_0p0025,xover-m05-g2-L5p3-n2-beta3__N0160__Aplus_0p0025,xover-m05-g2-L5p3-n2-beta3,160,-0.0025,40,1.3250000000000002,0.9999997203636485,0.9999972589524115
xover-m05-g2-L5p3-n2-beta3__N0160__Aminus_0p0025,xover-m05-g2-L5p3-n2-beta3__N0160__Aplus_0p0025,xover-m05-g2-L5p3-n2-beta3,160,-0.0025,41,1.358125,1.0000978611204765,1.0000788703542858
xover-m05-g2-L5p3-n2-beta3__N0160__Aminus_0p0025,xover-m05-g2-L5p3-n2-beta3__N0160__Aplus_0p0025,xover-m05-g2-L5p3-n2-beta3,160,-0.0025,42,1.39125,1.0001958330359084,1.0001603535280932
xover-m05-g2-L5p3-n2-beta3__N0160__Aminus_0p0025,xover-m05-g2-L5p3-n2-beta3__N0160__Aplus_0p0025,xover-m05-g2-L5p3-n2-beta3,160,-0.0025,43,1.4243750000000002,1.0002934851659122,1.000241582848517
xover-m05-g2-L5p3-n2-beta3__N0160__Aminus_0p0025,xover-m05-g2-L5p3-n2-beta3__N0160__Aplus_0p0025,xover-m05-g2-L5p3-n2-beta3,160,-0.0025,44,1.4575,1.0003906671397107,1.0003224330926166
xover-m05-g2-L5p3-n2-beta3__N0160__Aminus_0p0025,xover-m05-g2-L5p3-n2-beta3__N0160__Aplus_0p0025,xover-m05-g2-L5p3-n2-beta3,160,-0.0025,45,1.490625,1.000487229390399,1.000402779632753
xover-m05-g2-L5p3-n2-beta3__N0160__Aminus_0p0025,xover-m05-g2-L5p3-n2-beta3__N0160__Aplus_0p0025,xover-m05-g2-L5p3-n2-beta3,160,-0.0025,46,1.5237500000000002,1.0005830233838344,1.0004824986285292
xover-m05-g2-L5p3-n2-beta3__N0160__Aminus_0p0025,xover-m05-g2-L5p3-n2-beta3__N0160__Aplus_0p0025,xover-m05-g2-L5p3-n2-beta3,160,-0.0025,47,1.556875,1.0006779018454592,1.0005614672174508
xover-m05-g2-L5p3-n2-beta3__N0160__Aminus_0p0025,xover-m05-g2-L5p3-n2-beta3__N0160__Aplus_0p0025,xover-m05-g2-L5p3-n2-beta3,160,-0.0025,48,1.59,1.0007717189847176,1.0006395637040157
xover-m05-g2-L5p3-n2-beta3__N0160__Aminus_0p0025,xover-m05-g2-L5p3-n2-beta3__N0160__Aplus_0p0025,xover-m05-g2-L5p3-n2-beta3,160,-0.0025,49,1.6231250000000002,1.0008643307167397,1.000716667746943
xover-m05-g2-L5p3-n2-beta3__N0160__Aminus_0p0025,xover-m05-g2-L5p3-n2-beta3__N0160__Aplus_0p0025,xover-m05-g2-L5p3-n2-beta3,160,-0.0025,50,1.65625,1.000955594880968,1.0007926605442536
xover-m05-g2-L5p3-n2-beta3__N0160__Aminus_0p0025,xover-m05-g2-L5p3-n2-beta3__N0160__Aplus_0p0025,xover-m05-g2-L5p3-n2-beta3,160,-0.0025,51,1.689375,1.001045371456413,1.0008674250159222
xover-m05-g2-L5p3-n2-beta3__N0160__Aminus_0p0025,xover-m05-g2-L5p3-n2-beta3__N0160__Aplus_0p0025,xover-m05-g2-L5p3-n2-beta3,160,-0.0025,52,1.7225000000000001,1.0011335227732272,1.0009408459838203
xover-m05-g2-L5p3-n2-beta3__N0160__Aminus_0p0025,xover-m05-g2-L5p3-n2-beta3__N0160__Aplus_0p0025,xover-m05-g2-L5p3-n2-beta3,160,-0.0025,53,1.755625,1.001219913720303,1.0010128103486784
xover-m05-g2-L5p3-n2-beta3__N0160__Aminus_0p0025,xover-m05-g2-L5p3-n2-beta3__N0160__Aplus_0p0025,xover-m05-g2-L5p3-n2-beta3,160,-0.0025,54,1.78875,1.0013044119485983,1.0010832072637958
xover-m05-g2-L5p3-n2-beta3__N0160__Aminus_0p0025,xover-m05-g2-L5p3-n2-beta3__N0160__Aplus_0p0025,xover-m05-g2-L5p3-n2-beta3,160,-0.0025,55,1.8218750000000001,1.0013868880699086,1.0011519283052375
xover-m05-g2-L5p3-n2-beta3__N0160__Aminus_0p0025,xover-m05-g2-L5p3-n2-beta3__N0160__Aplus_0p0025,xover-m05-g2-L5p3-n2-beta3,160,-0.0025,56,1.855,1.0014672158508144,1.0012188676382563
xover-m05-g2-L5p3-n2-beta3__N0160__Aminus_0p0025,xover-m05-g2-L5p3-n2-beta3__N0160__Aplus_0p0025,xover-m05-g2-L5p3-n2-beta3,160,-0.0025,57,1.888125,1.0015452724015361,1.0012839221796925
xover-m05-g2-L5p3-n2-beta3__N0160__Aminus_0p0025,xover-m05-g2-L5p3-n2-beta3__N0160__Aplus_0p0025,xover-m05-g2-L5p3-n2-beta3,160,-0.0025,58,1.9212500000000001,1.0016209383594405,1.0013469917561026
xover-m05-g2-L5p3-n2-beta3__N0160__Aminus_0p0025,xover-m05-g2-L5p3-n2-beta3__N0160__Aplus_0p0025,xover-m05-g2-L5p3-n2-beta3,160,-0.0025,59,1.9543750000000002,1.0016940980669566,1.001407979257379
xover-m05-g2-L5p3-n2-beta3__N0160__Aminus_0p0025,xover-m05-g2-L5p3-n2-beta3__N0160__Aplus_0p0025,xover-m05-g2-L5p3-n2-beta3,160,-0.0025,60,1.9875,1.0017646397436606,1.001466790785629
xover-m05-g2-L5p3-n2-beta3__N0160__Aminus_0p0025,xover-m05-g2-L5p3-n2-beta3__N0160__Aplus_0p0025,xover-m05-g2-L5p3-n2-beta3,160,-0.0025,61,2.020625,1.0018324556523033,1.0015233357990905
xover-m05-g2-L5p3-n2-beta3__N0160__Aminus_0p0025,xover-m05-g2-L5p3-n2-beta3__N0160__Aplus_0p0025,xover-m05-g2-L5p3-n2-beta3,160,-0.0025,62,2.05375,1.0018974422585663,1.001577527250865
xover-m05-g2-L5p3-n2-beta3__N0160__Aminus_0p0025,xover-m05-g2-L5p3-n2-beta3__N0160__Aplus_0p0025,xover-m05-g2-L5p3-n2-beta3,160,-0.0025,63,2.086875,1.0019595003843362,1.0016292817222614
xover-m05-g2-L5p3-n2-beta3__N0160__Aminus_0p0025,xover-m05-g2-L5p3-n2-beta3__N0160__Aplus_0p0025,xover-m05-g2-L5p3-n2-beta3,160,-0.0025,64,2.12,1.002018535354302,1.0016785195505502
xover-m05-g2-L5p3-n2-beta3__N0160__Aminus_0p0025,xover-m05-g2-L5p3-n2-beta3__N0160__Aplus_0p0025,xover-m05-g2-L5p3-n2-beta3,160,-0.0025,65,2.153125,1.0020744571356868,1.001725164950936
xover-m05-g2-L5p3-n2-beta3__N0160__Aminus_0p0025,xover-m05-g2-L5p3-n2-beta3__N0160__Aplus_0p0025,xover-m05-g2-L5p3-n2-beta3,160,-0.0025,66,2.1862500000000002,1.0021271804709386,1.0017691461325664
xover-m05-g2-L5p3-n2-beta3__N0160__Aminus_0p0025,xover-m05-g2-L5p3-n2-beta3__N0160__Aplus_0p0025,xover-m05-g2-L5p3-n2-beta3,160,-0.0025,67,2.2193750000000003,1.0021766250032142,1.0018103954084019
xover-m05-g2-L5p3-n2-beta3__N0160__Aminus_0p0025,xover-m05-g2-L5p3-n2-beta3__N0160__Aplus_0p0025,xover-m05-g2-L5p3-n2-beta3,160,-0.0025,68,2.2525,1.0022227153944945,1.001848849298786
xover-m05-g2-L5p3-n2-beta3__N0160__Aminus_0p0025,xover-m05-g2-L5p3-n2-beta3__N0160__Aplus_0p0025,xover-m05-g2-L5p3-n2-beta3,160,-0.0025,69,2.285625,1.0022653814361924,1.0018844486285574
xover-m05-g2-L5p3-n2-beta3__N0160__Aminus_0p0025,xover-m05-g2-L5p3-n2-beta3__N0160__Aplus_0p0025,xover-m05-g2-L5p3-n2-beta3,160,-0.0025,70,2.31875,1.0023045581521102,1.0019171386175603
xover-m05-g2-L5p3-n2-beta3__N0160__Aminus_0p0025,xover-m05-g2-L5p3-n2-beta3__N0160__Aplus_0p0025,xover-m05-g2-L5p3-n2-beta3,160,-0.0025,71,2.351875,1.0023401858936243,1.001946868964419
xover-m05-g2-L5p3-n2-beta3__N0160__Aminus_0p0025,xover-m05-g2-L5p3-n2-beta3__N0160__Aplus_0p0025,xover-m05-g2-L5p3-n2-beta3,160,-0.0025,72,2.3850000000000002,1.00237221042698,1.0019735939234524
xover-m05-g2-L5p3-n2-beta3__N0160__Aminus_0p0025,xover-m05-g2-L5p3-n2-beta3__N0160__Aplus_0p0025,xover-m05-g2-L5p3-n2-beta3,160,-0.0025,73,2.4181250000000003,1.0024005830125913,1.0019972723746087
xover-m05-g2-L5p3-n2-beta3__N0160__Aminus_0p0025,xover-m05-g2-L5p3-n2-beta3__N0160__Aplus_0p0025,xover-m05-g2-L5p3-n2-beta3,160,-0.0025,74,2.45125,1.0024252604762478,1.0020178678863247
xover-m05-g2-L5p3-n2-beta3__N0160__Aminus_0p0025,xover-m05-g2-L5p3-n2-beta3__N0160__Aplus_0p0025,xover-m05-g2-L5p3-n2-beta3,160,-0.0025,75,2.484375,1.002446205272147,1.0020353487712097
xover-m05-g2-L5p3-n2-beta3__N0160__Aminus_0p0025,xover-m05-g2-L5p3-n2-beta3__N0160__Aplus_0p0025,xover-m05-g2-L5p3-n2-beta3,160,-0.0025,76,2.5175,1.0024633855376741,1.0020496881344725
xover-m05-g2-L5p3-n2-beta3__N0160__Aminus_0p0025,xover-m05-g2-L5p3-n2-beta3__N0160__Aplus_0p0025,xover-m05-g2-L5p3-n2-beta3,160,-0.0025,77,2.550625,1.0024767751398636,1.002060863915022
xover-m05-g2-L5p3-n2-beta3__N0160__Aminus_0p0025,xover-m05-g2-L5p3-n2-beta3__N0160__Aplus_0p0025,xover-m05-g2-L5p3-n2-beta3,160,-0.0025,78,2.58375,1.0024863537134896,1.0020688589191762
xover-m05-g2-L5p3-n2-beta3__N0160__Aminus_0p0025,xover-m05-g2-L5p3-n2-beta3__N0160__Aplus_0p0025,xover-m05-g2-L5p3-n2-beta3,160,-0.0025,79,2.6168750000000003,1.0024921066907373,1.002073660846936
xover-m05-g2-L5p3-n2-beta3__N0160__Aminus_0p0025,xover-m05-g2-L5p3-n2-beta3__N0160__Aplus_0p0025,xover-m05-g2-L5p3-n2-beta3,160,-0.0025,80,2.6500000000000004,1.0024940253224237,1.0020752623107767
xover-m05-g2-L5p3-n2-beta3__N0160__Aminus_0p0025,xover-m05-g2-L5p3-n2-beta3__N0160__Aplus_0p0025,xover-m05-g2-L5p3-n2-beta3,160,-0.0025,81,2.683125,1.0024921066907375,1.0020736608469352
xover-m05-g2-L5p3-n2-beta3__N0160__Aminus_0p0025,xover-m05-g2-L5p3-n2-beta3__N0160__Aplus_0p0025,xover-m05-g2-L5p3-n2-beta3,160,-0.0025,82,2.71625,1.0024863537134898,1.0020688589191744
xover-m05-g2-L5p3-n2-beta3__N0160__Aminus_0p0025,xover-m05-g2-L5p3-n2-beta3__N0160__Aplus_0p0025,xover-m05-g2-L5p3-n2-beta3,160,-0.0025,83,2.749375,1.002476775139864,1.0020608639150195
xover-m05-g2-L5p3-n2-beta3__N0160__Aminus_0p0025,xover-m05-g2-L5p3-n2-beta3__N0160__Aplus_0p0025,xover-m05-g2-L5p3-n2-beta3,160,-0.0025,84,2.7825,1.0024633855376743,1.0020496881344696
xover-m05-g2-L5p3-n2-beta3__N0160__Aminus_0p0025,xover-m05-g2-L5p3-n2-beta3__N0160__Aplus_0p0025,xover-m05-g2-L5p3-n2-beta3,160,-0.0025,85,2.8156250000000003,1.0024462052721475,1.002035348771206
xover-m05-g2-L5p3-n2-beta3__N0160__Aminus_0p0025,xover-m05-g2-L5p3-n2-beta3__N0160__Aplus_0p0025,xover-m05-g2-L5p3-n2-beta3,160,-0.0025,86,2.8487500000000003,1.0024252604762482,1.00201786788632
xover-m05-g2-L5p3-n2-beta3__N0160__Aminus_0p0025,xover-m05-g2-L5p3-n2-beta3__N0160__Aplus_0p0025,xover-m05-g2-L5p3-n2-beta3,160,-0.0025,87,2.881875,1.002400583012592,1.0019972723746033
xover-m05-g2-L5p3-n2-beta3__N0160__Aminus_0p0025,xover-m05-g2-L5p3-n2-beta3__N0160__Aplus_0p0025,xover-m05-g2-L5p3-n2-beta3,160,-0.0025,88,2.915,1.0023722104269808,1.0019735939234462
xover-m05-g2-L5p3-n2-beta3__N0160__Aminus_0p0025,xover-m05-g2-L5p3-n2-beta3__N0160__Aplus_0p0025,xover-m05-g2-L5p3-n2-beta3,160,-0.0025,89,2.948125,1.002340185893625,1.0019468689644124
xover-m05-g2-L5p3-n2-beta3__N0160__Aminus_0p0025,xover-m05-g2-L5p3-n2-beta3__N0160__Aplus_0p0025,xover-m05-g2-L5p3-n2-beta3,160,-0.0025,90,2.98125,1.0023045581521108,1.001917138617553
xover-m05-g2-L5p3-n2-beta3__N0160__Aminus_0p0025,xover-m05-g2-L5p3-n2-beta3__N0160__Aplus_0p0025,xover-m05-g2-L5p3-n2-beta3,160,-0.0025,91,3.0143750000000002,1.002265381436193,1.0018844486285496
xover-m05-g2-L5p3-n2-beta3__N0160__Aminus_0p0025,xover-m05-g2-L5p3-n2-beta3__N0160__Aplus_0p0025,xover-m05-g2-L5p3-n2-beta3,160,-0.0025,92,3.0475000000000003,1.0022227153944951,1.0018488492987778
xover-m05-g2-L5p3-n2-beta3__N0160__Aminus_0p0025,xover-m05-g2-L5p3-n2-beta3__N0160__Aplus_0p0025,xover-m05-g2-L5p3-n2-beta3,160,-0.0025,93,3.080625,1.002176625003215,1.0018103954083932
xover-m05-g2-L5p3-n2-beta3__N0160__Aminus_0p0025,xover-m05-g2-L5p3-n2-beta3__N0160__Aplus_0p0025,xover-m05-g2-L5p3-n2-beta3,160,-0.0025,94,3.11375,1.0021271804709393,1.0017691461325573
xover-m05-g2-L5p3-n2-beta3__N0160__Aminus_0p0025,xover-m05-g2-L5p3-n2-beta3__N0160__Aplus_0p0025,xover-m05-g2-L5p3-n2-beta3,160,-0.0025,95,3.146875,1.0020744571356872,1.0017251649509267
xover-m05-g2-L5p3-n2-beta3__N0160__Aminus_0p0025,xover-m05-g2-L5p3-n2-beta3__N0160__Aplus_0p0025,xover-m05-g2-L5p3-n2-beta3,160,-0.0025,96,3.18,1.0020185353543025,1.0016785195505402
xover-m05-g2-L5p3-n2-beta3__N0160__Aminus_0p0025,xover-m05-g2-L5p3-n2-beta3__N0160__Aplus_0p0025,xover-m05-g2-L5p3-n2-beta3,160,-0.0025,97,3.2131250000000002,1.0019595003843365,1.0016292817222505
xover-m05-g2-L5p3-n2-beta3__N0160__Aminus_0p0025,xover-m05-g2-L5p3-n2-beta3__N0160__Aplus_0p0025,xover-m05-g2-L5p3-n2-beta3,160,-0.0025,98,3.2462500000000003,1.0018974422585663,1.0015775272508531
xover-m05-g2-L5p3-n2-beta3__N0160__Aminus_0p0025,xover-m05-g2-L5p3-n2-beta3__N0160__Aplus_0p0025,xover-m05-g2-L5p3-n2-beta3,160,-0.0025,99,3.2793750000000004,1.001832455652303,1.0015233357990778
xover-m05-g2-L5p3-n2-beta3__N0160__Aminus_0p0025,xover-m05-g2-L5p3-n2-beta3__N0160__Aplus_0p0025,xover-m05-g2-L5p3-n2-beta3,160,-0.0025,100,3.3125,1.0017646397436604,1.0014667907856156
xover-m05-g2-L5p3-n2-beta3__N0160__Aminus_0p0025,xover-m05-g2-L5p3-n2-beta3__N0160__Aplus_0p0025,xover-m05-g2-L5p3-n2-beta3,160,-0.0025,101,3.345625,1.0016940980669562,1.0014079792573647
xover-m05-g2-L5p3-n2-beta3__N0160__Aminus_0p0025,xover-m05-g2-L5p3-n2-beta3__N0160__Aplus_0p0025,xover-m05-g2-L5p3-n2-beta3,160,-0.0025,102,3.37875,1.0016209383594397,1.0013469917560875
xover-m05-g2-L5p3-n2-beta3__N0160__Aminus_0p0025,xover-m05-g2-L5p3-n2-beta3__N0160__Aplus_0p0025,xover-m05-g2-L5p3-n2-beta3,160,-0.0025,103,3.411875,1.001545272401535,1.0012839221796763
xover-m05-g2-L5p3-n2-beta3__N0160__Aminus_0p0025,xover-m05-g2-L5p3-n2-beta3__N0160__Aplus_0p0025,xover-m05-g2-L5p3-n2-beta3,160,-0.0025,104,3.4450000000000003,1.001467215850813,1.001218867638239
xover-m05-g2-L5p3-n2-beta3__N0160__Aminus_0p0025,xover-m05-g2-L5p3-n2-beta3__N0160__Aplus_0p0025,xover-m05-g2-L5p3-n2-beta3,160,-0.0025,105,3.4781250000000004,1.0013868880699066,1.0011519283052193
xover-m05-g2-L5p3-n2-beta3__N0160__Aminus_0p0025,xover-m05-g2-L5p3-n2-beta3__N0160__Aplus_0p0025,xover-m05-g2-L5p3-n2-beta3,160,-0.0025,106,3.51125,1.001304411948596,1.0010832072637768
xover-m05-g2-L5p3-n2-beta3__N0160__Aminus_0p0025,xover-m05-g2-L5p3-n2-beta3__N0160__Aplus_0p0025,xover-m05-g2-L5p3-n2-beta3,160,-0.0025,107,3.544375,1.0012199137203004,1.0010128103486582
xover-m05-g2-L5p3-n2-beta3__N0160__Aminus_0p0025,xover-m05-g2-L5p3-n2-beta3__N0160__Aplus_0p0025,xover-m05-g2-L5p3-n2-beta3,160,-0.0025,108,3.5775,1.0011335227732239,1.0009408459837992
xover-m05-g2-L5p3-n2-beta3__N0160__Aminus_0p0025,xover-m05-g2-L5p3-n2-beta3__N0160__Aplus_0p0025,xover-m05-g2-L5p3-n2-beta3,160,-0.0025,109,3.610625,1.0010453714564091,1.0008674250159002
xover-m05-g2-L5p3-n2-beta3__N0160__Aminus_0p0025,xover-m05-g2-L5p3-n2-beta3__N0160__Aplus_0p0025,xover-m05-g2-L5p3-n2-beta3,160,-0.0025,110,3.6437500000000003,1.0009555948809639,1.000792660544231
xover-m05-g2-L5p3-n2-beta3__N0160__Aminus_0p0025,xover-m05-g2-L5p3-n2-beta3__N0160__Aplus_0p0025,xover-m05-g2-L5p3-n2-beta3,160,-0.0025,111,3.6768750000000003,1.000864330716735,1.00071666774692
xover-m05-g2-L5p3-n2-beta3__N0160__Aminus_0p0025,xover-m05-g2-L5p3-n2-beta3__N0160__Aplus_0p0025,xover-m05-g2-L5p3-n2-beta3,160,-0.0025,112,3.71,1.0007717189847123,1.000639563703992
xover-m05-g2-L5p3-n2-beta3__N0160__Aminus_0p0025,xover-m05-g2-L5p3-n2-beta3__N0160__Aplus_0p0025,xover-m05-g2-L5p3-n2-beta3,160,-0.0025,113,3.743125,1.0006779018454532,1.0005614672174263
xover-m05-g2-L5p3-n2-beta3__N0160__Aminus_0p0025,xover-m05-g2-L5p3-n2-beta3__N0160__Aplus_0p0025,xover-m05-g2-L5p3-n2-beta3,160,-0.0025,114,3.77625,1.0005830233838275,1.0004824986285044
xover-m05-g2-L5p3-n2-beta3__N0160__Aminus_0p0025,xover-m05-g2-L5p3-n2-beta3__N0160__Aplus_0p0025,xover-m05-g2-L5p3-n2-beta3,160,-0.0025,115,3.809375,1.0004872293903913,1.0004027796327277
xover-m05-g2-L5p3-n2-beta3__N0160__Aminus_0p0025,xover-m05-g2-L5p3-n2-beta3__N0160__Aplus_0p0025,xover-m05-g2-L5p3-n2-beta3,160,-0.0025,116,3.8425000000000002,1.0003906671397023,1.0003224330925908
xover-m05-g2-L5p3-n2-beta3__N0160__Aminus_0p0025,xover-m05-g2-L5p3-n2-beta3__N0160__Aplus_0p0025,xover-m05-g2-L5p3-n2-beta3,160,-0.0025,117,3.8756250000000003,1.000293485165903,1.0002415828484905
xover-m05-g2-L5p3-n2-beta3__N0160__Aminus_0p0025,xover-m05-g2-L5p3-n2-beta3__N0160__Aplus_0p0025,xover-m05-g2-L5p3-n2-beta3,160,-0.0025,118,3.9087500000000004,1.0001958330358987,1.000160353528066
xover-m05-g2-L5p3-n2-beta3__N0160__Aminus_0p0025,xover-m05-g2-L5p3-n2-beta3__N0160__Aplus_0p0025,xover-m05-g2-L5p3-n2-beta3,160,-0.0025,119,3.941875,1.0000978611204656,1.000078870354258
xover-m05-g2-L5p3-n2-beta3__N0160__Aminus_0p0025,xover-m05-g2-L5p3-n2-beta3__N0160__Aplus_0p0025,xover-m05-g2-L5p3-n2-beta3,160,-0.0025,120,3.975,0.9999997203636366,0.9999972589523827
xover-m05-g2-L5p3-n2-beta3__N0160__Aminus_0p0025,xover-m05-g2-L5p3-n2-beta3__N0160__Aplus_0p0025,xover-m05-g2-L5p3-n2-beta3,160,-0.0025,121,4.008125000000001,0.9999015620507042,0.9999156451565208
xover-m05-g2-L5p3-n2-beta3__N0160__Aminus_0p0025,xover-m05-g2-L5p3-n2-beta3__N0160__Aplus_0p0025,xover-m05-g2-L5p3-n2-beta3,160,-0.0025,122,4.04125,0.999803537575202,0.9998341548155121
xover-m05-g2-L5p3-n2-beta3__N0160__Aminus_0p0025,xover-m05-g2-L5p3-n2-beta3__N0160__Aplus_0p0025,xover-m05-g2-L5p3-n2-beta3,160,-0.0025,123,4.074375,0.9997057982052165,0.9997529135988623
xover-m05-g2-L5p3-n2-beta3__N0160__Aminus_0p0025,xover-m05-g2-L5p3-n2-beta3__N0160__Aplus_0p0025,xover-m05-g2-L5p3-n2-beta3,160,-0.0025,124,4.1075,0.9996084948493948,0.9996720468028568
xover-m05-g2-L5p3-n2-beta3__N0160__Aminus_0p0025,xover-m05-g2-L5p3-n2-beta3__N0160__Aplus_0p0025,xover-m05-g2-L5p3-n2-beta3,160,-0.0025,125,4.140625,0.9995117778230115,0.9995916791571844
xover-m05-g2-L5p3-n2-beta3__N0160__Aminus_0p0025,xover-m05-g2-L5p3-n2-beta3__N0160__Aplus_0p0025,xover-m05-g2-L5p3-n2-beta3,160,-0.0025,126,4.17375,0.9994157966144638,0.9995119346323661
xover-m05-g2-L5p3-n2-beta3__N0160__Aminus_0p0025,xover-m05-g2-L5p3-n2-beta3__N0160__Aplus_0p0025,xover-m05-g2-L5p3-n2-beta3,160,-0.0025,127,4.206875,0.9993206996525661,0.9994329362482934
xover-m05-g2-L5p3-n2-beta3__N0160__Aminus_0p0025,xover-m05-g2-L5p3-n2-beta3__N0160__Aplus_0p0025,xover-m05-g2-L5p3-n2-beta3,160,-0.0025,128,4.24,0.9992266340750159,0.9993548058841671
xover-m05-g2-L5p3-n2-beta3__N0160__Aminus_0p0025,xover-m05-g2-L5p3-n2-beta3__N0160__Aplus_0p0025,xover-m05-g2-L5p3-n2-beta3,160,-0.0025,129,4.273125,0.9991337454984036,0.9992776640901373
xover-m05-g2-L5p3-n2-beta3__N0160__Aminus_0p0025,xover-m05-g2-L5p3-n2-beta3__N0160__Aplus_0p0025,xover-m05-g2-L5p3-n2-beta3,160,-0.0025,130,4.30625,0.9990421777901424,0.999201629900933
xover-m05-g2-L5p3-n2-beta3__N0160__Aminus_0p0025,xover-m05-g2-L5p3-n2-beta3__N0160__Aplus_0p0025,xover-m05-g2-L5p3-n2-beta3,160,-0.0025,131,4.339375,0.9989520728426893,0.999126820651777
xover-m05-g2-L5p3-n2-beta3__N0160__Aminus_0p0025,xover-m05-g2-L5p3-n2-beta3__N0160__Aplus_0p0025,xover-m05-g2-L5p3-n2-beta3,160,-0.0025,132,4.3725000000000005,0.9988635703504309,0.9990533517968687
xover-m05-g2-L5p3-n2-beta3__N0160__Aminus_0p0025,xover-m05-g2-L5p3-n2-beta3__N0160__Aplus_0p0025,xover-m05-g2-L5p3-n2-beta3,160,-0.0025,133,4.405625000000001,0.9987768075896052,0.9989813367307192
xover-m05-g2-L5p3-n2-beta3__N0160__Aminus_0p0025,xover-m05-g2-L5p3-n2-beta3__N0160__Aplus_0p0025,xover-m05-g2-L5p3-n2-beta3,160,-0.0025,134,4.438750000000001,0.998691919201626,0.9989108866126214
xover-m05-g2-L5p3-n2-beta3__N0160__Aminus_0p0025,xover-m05-g2-L5p3-n2-beta3__N0160__Aplus_0p0025,xover-m05-g2-L5p3-n2-beta3,160,-0.0025,135,4.471875,0.9986090369801764,0.9988421101945274
xover-m05-g2-L5p3-n2-beta3__N0160__Aminus_0p0025,xover-m05-g2-L5p3-n2-beta3__N0160__Aplus_0p0025,xover-m05-g2-L5p3-n2-beta3,160,-0.0025,136,4.505,0.9985282896624312,0.9987751136526012
xover-m05-g2-L5p3-n2-beta3__N0160__Aminus_0p0025,xover-m05-g2-L5p3-n2-beta3__N0160__Aplus_0p0025,xover-m05-g2-L5p3-n2-beta3,160,-0.0025,137,4.538125,0.998449802724766,0.9987100004227161
xover-m05-g2-L5p3-n2-beta3__N0160__Aminus_0p0025,xover-m05-g2-L5p3-n2-beta3__N0160__Aplus_0p0025,xover-m05-g2-L5p3-n2-beta3,160,-0.0025,138,4.57125,0.998373698183301,0.998646871040151
xover-m05-g2-L5p3-n2-beta3__N0160__Aminus_0p0025,xover-m05-g2-L5p3-n2-beta3__N0160__Aplus_0p0025,xover-m05-g2-L5p3-n2-beta3,160,-0.0025,139,4.604375,0.9983000943996274,0.9985858229837394
xover-m05-g2-L5p3-n2-beta3__N0160__Aminus_0p0025,xover-m05-g2-L5p3-n2-beta3__N0160__Aplus_0p0025,xover-m05-g2-L5p3-n2-beta3,160,-0.0025,140,4.6375,0.9982291058920506,0.9985269505247168
xover-m05-g2-L5p3-n2-beta3__N0160__Aminus_0p0025,xover-m05-g2-L5p3-n2-beta3__N0160__Aplus_0p0025,xover-m05-g2-L5p3-n2-beta3,160,-0.0025,141,4.670625,0.9981608431526817,0.9984703445805039
xover-m05-g2-L5p3-n2-beta3__N0160__Aminus_0p0025,xover-m05-g2-L5p3-n2-beta3__N0160__Aplus_0p0025,xover-m05-g2-L5p3-n2-beta3,160,-0.0025,142,4.70375,0.9980954124706978,0.9984160925736574
xover-m05-g2-L5p3-n2-beta3__N0160__Aminus_0p0025,xover-m05-g2-L5p3-n2-beta3__N0160__Aplus_0p0025,xover-m05-g2-L5p3-n2-beta3,160,-0.0025,143,4.736875,0.9980329157620826,0.9983642782962101
xover-m05-g2-L5p3-n2-beta3__N0160__Aminus_0p0025,xover-m05-g2-L5p3-n2-beta3__N0160__Aplus_0p0025,xover-m05-g2-L5p3-n2-beta3,160,-0.0025,144,4.7700000000000005,0.99797345040615,0.9983149817796144
xover-m05-g2-L5p3-n2-beta3__N0160__Aminus_0p0025,xover-m05-g2-L5p3-n2-beta3__N0160__Aplus_0p0025,xover-m05-g2-L5p3-n2-beta3,160,-0.0025,145,4.8031250000000005,0.9979171090891403,0.9982682791704974
xover-m05-g2-L5p3-n2-beta3__N0160__Aminus_0p0025,xover-m05-g2-L5p3-n2-beta3__N0160__Aplus_0p0025,xover-m05-g2-L5p3-n2-beta3,160,-0.0025,146,4.836250000000001,0.9978639796551707,0.998224242612421
xover-m05-g2-L5p3-n2-beta3__N0160__Aminus_0p0025,xover-m05-g2-L5p3-n2-beta3__N0160__Aplus_0p0025,xover-m05-g2-L5p3-n2-beta3,160,-0.0025,147,4.869375000000001,0.9978141449648054,0.9981829401338368
xover-m05-g2-L5p3-n2-beta3__N0160__Aminus_0p0025,xover-m05-g2-L5p3-n2-beta3__N0160__Aplus_0p0025,xover-m05-g2-L5p3-n2-beta3,160,-0.0025,148,4.9025,0.9977676827615027,0.9981444355424114
xover-m05-g2-L5p3-n2-beta3__N0160__Aminus_0p0025,xover-m05-g2-L5p3-n2-beta3__N0160__Aplus_0p0025,xover-m05-g2-L5p3-n2-beta3,160,-0.0025,149,4.935625,0.9977246655461787,0.9981087883258933
xover-m05-g2-L5p3-n2-beta3__N0160__Aminus_0p0025,xover-m05-g2-L5p3-n2-beta3__N0160__Aplus_0p0025,xover-m05-g2-L5p3-n2-beta3,160,-0.0025,150,4.96875,0.9976851604601166,0.9980760535596732
xover-m05-g2-L5p3-n2-beta3__N0160__Aminus_0p0025,xover-m05-g2-L5p3-n2-beta3__N0160__Aplus_0p0025,xover-m05-g2-L5p3-n2-beta3,160,-0.0025,151,5.001875,0.9976492291764337,0.9980462818211906
xover-m05-g2-L5p3-n2-beta3__N0160__Aminus_0p0025,xover-m05-g2-L5p3-n2-beta3__N0160__Aplus_0p0025,xover-m05-g2-L5p3-n2-beta3,160,-0.0025,152,5.035,0.9976169278003059,0.998019519111318
xover-m05-g2-L5p3-n2-beta3__N0160__Aminus_0p0025,xover-m05-g2-L5p3-n2-beta3__N0160__Aplus_0p0025,xover-m05-g2-L5p3-n2-beta3,160,-0.0025,153,5.068125,0.9975883067781306,0.9979958067828504
xover-m05-g2-L5p3-n2-beta3__N0160__Aminus_0p0025,xover-m05-g2-L5p3-n2-beta3__N0160__Aplus_0p0025,xover-m05-g2-L5p3-n2-beta3,160,-0.0025,154,5.10125,0.997563410815796,0.9979751814762136
xover-m05-g2-L5p3-n2-beta3__N0160__Aminus_0p0025,xover-m05-g2-L5p3-n2-beta3__N0160__Aplus_0p0025,xover-m05-g2-L5p3-n2-beta3,160,-0.0025,155,5.134375,0.9975422788062068,0.997957675062492
xover-m05-g2-L5p3-n2-beta3__N0160__Aminus_0p0025,xover-m05-g2-L5p3-n2-beta3__N0160__Aplus_0p0025,xover-m05-g2-L5p3-n2-beta3,160,-0.0025,156,5.1675,0.9975249437661995,0.997943314593869
xover-m05-g2-L5p3-n2-beta3__N0160__Aminus_0p0025,xover-m05-g2-L5p3-n2-beta3__N0160__Aplus_0p0025,xover-m05-g2-L5p3-n2-beta3,160,-0.0025,157,5.2006250000000005,0.9975114327829644,0.9979321222615559
xover-m05-g2-L5p3-n2-beta3__N0160__Aminus_0p0025,xover-m05-g2-L5p3-n2-beta3__N0160__Aplus_0p0025,xover-m05-g2-L5p3-n2-beta3,160,-0.0025,158,5.233750000000001,0.997501766970073,0.9979241153612796
xover-m05-g2-L5p3-n2-beta3__N0160__Aminus_0p0025,xover-m05-g2-L5p3-n2-beta3__N0160__Aplus_0p0025,xover-m05-g2-L5p3-n2-beta3,160,-0.0025,159,5.266875000000001,0.9974959614331923,0.9979193062663819
xover-m05-g2-L5p3-n2-beta3__N0160__Aminus_0p0025,xover-m05-g2-L5p3-n2-beta3__N0160__Aplus_0p0025,xover-m05-g2-L5p3-n2-beta3,160,-0.0025,160,5.3,0.9974940252455495,0.9979177024085752
xover-m05-g2-L5p3-n2-beta3__N0160__Aplus_0p0025,xover-m05-g2-L5p3-n2-beta3__N0160__Aminus_0p0025,xover-m05-g2-L5p3-n2-beta3,160,0.0025,0,0.0,1.0024940253224464,1.0020752623107947
xover-m05-g2-L5p3-n2-beta3__N0160__Aplus_0p0025,xover-m05-g2-L5p3-n2-beta3__N0160__Aminus_0p0025,xover-m05-g2-L5p3-n2-beta3,160,0.0025,1,0.033125,1.0024921066907602,1.0020736608469536
xover-m05-g2-L5p3-n2-beta3__N0160__Aplus_0p0025,xover-m05-g2-L5p3-n2-beta3__N0160__Aminus_0p0025,xover-m05-g2-L5p3-n2-beta3,160,0.0025,2,0.06625,1.0024863537135122,1.002068858919193
xover-m05-g2-L5p3-n2-beta3__N0160__Aplus_0p0025,xover-m05-g2-L5p3-n2-beta3__N0160__Aminus_0p0025,xover-m05-g2-L5p3-n2-beta3,160,0.0025,3,0.099375,1.0024767751398862,1.0020608639150381
xover-m05-g2-L5p3-n2-beta3__N0160__Aplus_0p0025,xover-m05-g2-L5p3-n2-beta3__N0160__Aminus_0p0025,xover-m05-g2-L5p3-n2-beta3,160,0.0025,4,0.1325,1.0024633855376965,1.0020496881344885
xover-m05-g2-L5p3-n2-beta3__N0160__Aplus_0p0025,xover-m05-g2-L5p3-n2-beta3__N0160__Aminus_0p0025,xover-m05-g2-L5p3-n2-beta3,160,0.0025,5,0.16562500000000002,1.0024462052721694,1.0020353487712252
xover-m05-g2-L5p3-n2-beta3__N0160__Aplus_0p0025,xover-m05-g2-L5p3-n2-beta3__N0160__Aminus_0p0025,xover-m05-g2-L5p3-n2-beta3,160,0.0025,6,0.19875,1.00242526047627,1.0020178678863398
xover-m05-g2-L5p3-n2-beta3__N0160__Aplus_0p0025,xover-m05-g2-L5p3-n2-beta3__N0160__Aminus_0p0025,xover-m05-g2-L5p3-n2-beta3,160,0.0025,7,0.231875,1.0024005830126135,1.0019972723746233
xover-m05-g2-L5p3-n2-beta3__N0160__Aplus_0p0025,xover-m05-g2-L5p3-n2-beta3__N0160__Aminus_0p0025,xover-m05-g2-L5p3-n2-beta3,160,0.0025,8,0.265,1.002372210427002,1.0019735939234666
xover-m05-g2-L5p3-n2-beta3__N0160__Aplus_0p0025,xover-m05-g2-L5p3-n2-beta3__N0160__Aminus_0p0025,xover-m05-g2-L5p3-n2-beta3,160,0.0025,9,0.29812500000000003,1.0023401858936458,1.001946868964433
xover-m05-g2-L5p3-n2-beta3__N0160__Aplus_0p0025,xover-m05-g2-L5p3-n2-beta3__N0160__Aminus_0p0025,xover-m05-g2-L5p3-n2-beta3,160,0.0025,10,0.33125000000000004,1.0023045581521315,1.0019171386175736
xover-m05-g2-L5p3-n2-beta3__N0160__Aplus_0p0025,xover-m05-g2-L5p3-n2-beta3__N0160__Aminus_0p0025,xover-m05-g2-L5p3-n2-beta3,160,0.0025,11,0.364375,1.0022653814362132,1.0018844486285703
xover-m05-g2-L5p3-n2-beta3__N0160__Aplus_0p0025,xover-m05-g2-L5p3-n2-beta3__N0160__Aminus_0p0025,xover-m05-g2-L5p3-n2-beta3,160,0.0025,12,0.3975,1.002222715394515,1.0018488492987985
xover-m05-g2-L5p3-n2-beta3__N0160__Aplus_0p0025,xover-m05-g2-L5p3-n2-beta3__N0160__Aminus_0p0025,xover-m05-g2-L5p3-n2-beta3,160,0.0025,13,0.43062500000000004,1.0021766250032342,1.0018103954084139
xover-m05-g2-L5p3-n2-beta3__N0160__Aplus_0p0025,xover-m05-g2-L5p3-n2-beta3__N0160__Aminus_0p0025,xover-m05-g2-L5p3-n2-beta3,160,0.0025,14,0.46375,1.0021271804709582,1.0017691461325782
xover-m05-g2-L5p3-n2-beta3__N0160__Aplus_0p0025,xover-m05-g2-L5p3-n2-beta3__N0160__Aminus_0p0025,xover-m05-g2-L5p3-n2-beta3,160,0.0025,15,0.496875,1.0020744571357056,1.0017251649509478
xover-m05-g2-L5p3-n2-beta3__N0160__Aplus_0p0025,xover-m05-g2-L5p3-n2-beta3__N0160__Aminus_0p0025,xover-m05-g2-L5p3-n2-beta3,160,0.0025,16,0.53,1.0020185353543205,1.0016785195505615
xover-m05-g2-L5p3-n2-beta3__N0160__Aplus_0p0025,xover-m05-g2-L5p3-n2-beta3__N0160__Aminus_0p0025,xover-m05-g2-L5p3-n2-beta3,160,0.0025,17,0.563125,1.001959500384354,1.0016292817222725
xover-m05-g2-L5p3-n2-beta3__N0160__Aplus_0p0025,xover-m05-g2-L5p3-n2-beta3__N0160__Aminus_0p0025,xover-m05-g2-L5p3-n2-beta3,160,0.0025,18,0.5962500000000001,1.0018974422585833,1.0015775272508758
xover-m05-g2-L5p3-n2-beta3__N0160__Aplus_0p0025,xover-m05-g2-L5p3-n2-beta3__N0160__Aminus_0p0025,xover-m05-g2-L5p3-n2-beta3,160,0.0025,19,0.629375,1.0018324556523197,1.001523335799101
xover-m05-g2-L5p3-n2-beta3__N0160__Aplus_0p0025,xover-m05-g2-L5p3-n2-beta3__N0160__Aminus_0p0025,xover-m05-g2-L5p3-n2-beta3,160,0.0025,20,0.6625000000000001,1.0017646397436764,1.0014667907856392
xover-m05-g2-L5p3-n2-beta3__N0160__Aplus_0p0025,xover-m05-g2-L5p3-n2-beta3__N0160__Aminus_0p0025,xover-m05-g2-L5p3-n2-beta3,160,0.0025,21,0.695625,1.001694098066972,1.0014079792573887
xover-m05-g2-L5p3-n2-beta3__N0160__Aplus_0p0025,xover-m05-g2-L5p3-n2-beta3__N0160__Aminus_0p0025,xover-m05-g2-L5p3-n2-beta3,160,0.0025,22,0.72875,1.001620938359455,1.0013469917561122
xover-m05-g2-L5p3-n2-beta3__N0160__Aplus_0p0025,xover-m05-g2-L5p3-n2-beta3__N0160__Aminus_0p0025,xover-m05-g2-L5p3-n2-beta3,160,0.0025,23,0.7618750000000001,1.0015452724015497,1.0012839221797019
xover-m05-g2-L5p3-n2-beta3__N0160__Aplus_0p0025,xover-m05-g2-L5p3-n2-beta3__N0160__Aminus_0p0025,xover-m05-g2-L5p3-n2-beta3,160,0.0025,24,0.795,1.0014672158508273,1.0012188676382652
xover-m05-g2-L5p3-n2-beta3__N0160__Aplus_0p0025,xover-m05-g2-L5p3-n2-beta3__N0160__Aminus_0p0025,xover-m05-g2-L5p3-n2-beta3,160,0.0025,25,0.828125,1.0013868880699206,1.001151928305246
xover-m05-g2-L5p3-n2-beta3__N0160__Aplus_0p0025,xover-m05-g2-L5p3-n2-beta3__N0160__Aminus_0p0025,xover-m05-g2-L5p3-n2-beta3,160,0.0025,26,0.8612500000000001,1.0013044119486094,1.0010832072638038
xover-m05-g2-L5p3-n2-beta3__N0160__Aplus_0p0025,xover-m05-g2-L5p3-n2-beta3__N0160__Aminus_0p0025,xover-m05-g2-L5p3-n2-beta3,160,0.0025,27,0.894375,1.0012199137203133,1.0010128103486857
xover-m05-g2-L5p3-n2-beta3__N0160__Aplus_0p0025,xover-m05-g2-L5p3-n2-beta3__N0160__Aminus_0p0025,xover-m05-g2-L5p3-n2-beta3,160,0.0025,28,0.9275,1.0011335227732365,1.000940845983827
xover-m05-g2-L5p3-n2-beta3__N0160__Aplus_0p0025,xover-m05-g2-L5p3-n2-beta3__N0160__Aminus_0p0025,xover-m05-g2-L5p3-n2-beta3,160,0.0025,29,0.9606250000000001,1.0010453714564214,1.000867425015928
xover-m05-g2-L5p3-n2-beta3__N0160__Aplus_0p0025,xover-m05-g2-L5p3-n2-beta3__N0160__Aminus_0p0025,xover-m05-g2-L5p3-n2-beta3,160,0.0025,30,0.99375,1.0009555948809759,1.0007926605442587
xover-m05-g2-L5p3-n2-beta3__N0160__Aplus_0p0025,xover-m05-g2-L5p3-n2-beta3__N0160__Aminus_0p0025,xover-m05-g2-L5p3-n2-beta3,160,0.0025,31,1.026875,1.0008643307167464,1.0007166677469475
xover-m05-g2-L5p3-n2-beta3__N0160__Aplus_0p0025,xover-m05-g2-L5p3-n2-beta3__N0160__Aminus_0p0025,xover-m05-g2-L5p3-n2-beta3,160,0.0025,32,1.06,1.0007717189847234,1.0006395637040193
xover-m05-g2-L5p3-n2-beta3__N0160__Aplus_0p0025,xover-m05-g2-L5p3-n2-beta3__N0160__Aminus_0p0025,xover-m05-g2-L5p3-n2-beta3,160,0.0025,33,1.0931250000000001,1.0006779018454641,1.0005614672174534
xover-m05-g2-L5p3-n2-beta3__N0160__Aplus_0p0025,xover-m05-g2-L5p3-n2-beta3__N0160__Aminus_0p0025,xover-m05-g2-L5p3-n2-beta3,160,0.0025,34,1.12625,1.0005830233838382,1.0004824986285312
xover-m05-g2-L5p3-n2-beta3__N0160__Aplus_0p0025,xover-m05-g2-L5p3-n2-beta3__N0160__Aminus_0p0025,xover-m05-g2-L5p3-n2-beta3,160,0.0025,35,1.159375,1.0004872293904017,1.0004027796327544
xover-m05-g2-L5p3-n2-beta3__N0160__Aplus_0p0025,xover-m05-g2-L5p3-n2-beta3__N0160__Aminus_0p0025,xover-m05-g2-L5p3-n2-beta3,160,0.0025,36,1.1925000000000001,1.0003906671397125,1.0003224330926173
xover-m05-g2-L5p3-n2-beta3__N0160__Aplus_0p0025,xover-m05-g2-L5p3-n2-beta3__N0160__Aminus_0p0025,xover-m05-g2-L5p3-n2-beta3,160,0.0025,37,1.225625,1.000293485165913,1.0002415828485167
xover-m05-g2-L5p3-n2-beta3__N0160__Aplus_0p0025,xover-m05-g2-L5p3-n2-beta3__N0160__Aminus_0p0025,xover-m05-g2-L5p3-n2-beta3,160,0.0025,38,1.25875,1.0001958330359084,1.0001603535280918
xover-m05-g2-L5p3-n2-beta3__N0160__Aplus_0p0025,xover-m05-g2-L5p3-n2-beta3__N0160__Aminus_0p0025,xover-m05-g2-L5p3-n2-beta3,160,0.0025,39,1.291875,1.0000978611204754,1.0000788703542833
xover-m05-g2-L5p3-n2-beta3__N0160__Aplus_0p0025,xover-m05-g2-L5p3-n2-beta3__N0160__Aminus_0p0025,xover-m05-g2-L5p3-n2-beta3,160,0.0025,40,1.3250000000000002,0.9999997203636465,0.999997258952408
xover-m05-g2-L5p3-n2-beta3__N0160__Aplus_0p0025,xover-m05-g2-L5p3-n2-beta3__N0160__Aminus_0p0025,xover-m05-g2-L5p3-n2-beta3,160,0.0025,41,1.358125,0.9999015620507143,0.999915645156546
xover-m05-g2-L5p3-n2-beta3__N0160__Aplus_0p0025,xover-m05-g2-L5p3-n2-beta3__N0160__Aminus_0p0025,xover-m05-g2-L5p3-n2-beta3,160,0.0025,42,1.39125,0.9998035375752123,0.9998341548155371
xover-m05-g2-L5p3-n2-beta3__N0160__Aplus_0p0025,xover-m05-g2-L5p3-n2-beta3__N0160__Aminus_0p0025,xover-m05-g2-L5p3-n2-beta3,160,0.0025,43,1.4243750000000002,0.9997057982052271,0.9997529135988871
xover-m05-g2-L5p3-n2-beta3__N0160__Aplus_0p0025,xover-m05-g2-L5p3-n2-beta3__N0160__Aminus_0p0025,xover-m05-g2-L5p3-n2-beta3,160,0.0025,44,1.4575,0.9996084948494057,0.9996720468028817
xover-m05-g2-L5p3-n2-beta3__N0160__Aplus_0p0025,xover-m05-g2-L5p3-n2-beta3__N0160__Aminus_0p0025,xover-m05-g2-L5p3-n2-beta3,160,0.0025,45,1.490625,0.9995117778230227,0.9995916791572091
xover-m05-g2-L5p3-n2-beta3__N0160__Aplus_0p0025,xover-m05-g2-L5p3-n2-beta3__N0160__Aminus_0p0025,xover-m05-g2-L5p3-n2-beta3,160,0.0025,46,1.5237500000000002,0.9994157966144753,0.999511934632391
xover-m05-g2-L5p3-n2-beta3__N0160__Aplus_0p0025,xover-m05-g2-L5p3-n2-beta3__N0160__Aminus_0p0025,xover-m05-g2-L5p3-n2-beta3,160,0.0025,47,1.556875,0.999320699652578,0.9994329362483183
xover-m05-g2-L5p3-n2-beta3__N0160__Aplus_0p0025,xover-m05-g2-L5p3-n2-beta3__N0160__Aminus_0p0025,xover-m05-g2-L5p3-n2-beta3,160,0.0025,48,1.59,0.9992266340750282,0.999354805884192
xover-m05-g2-L5p3-n2-beta3__N0160__Aplus_0p0025,xover-m05-g2-L5p3-n2-beta3__N0160__Aminus_0p0025,xover-m05-g2-L5p3-n2-beta3,160,0.0025,49,1.6231250000000002,0.9991337454984163,0.999277664090162
xover-m05-g2-L5p3-n2-beta3__N0160__Aplus_0p0025,xover-m05-g2-L5p3-n2-beta3__N0160__Aminus_0p0025,xover-m05-g2-L5p3-n2-beta3,160,0.0025,50,1.65625,0.9990421777901555,0.9992016299009578
xover-m05-g2-L5p3-n2-beta3__N0160__Aplus_0p0025,xover-m05-g2-L5p3-n2-beta3__N0160__Aminus_0p0025,xover-m05-g2-L5p3-n2-beta3,160,0.0025,51,1.689375,0.9989520728427028,0.9991268206518021
xover-m05-g2-L5p3-n2-beta3__N0160__Aplus_0p0025,xover-m05-g2-L5p3-n2-beta3__N0160__Aminus_0p0025,xover-m05-g2-L5p3-n2-beta3,160,0.0025,52,1.7225000000000001,0.9988635703504449,0.9990533517968937
xover-m05-g2-L5p3-n2-beta3__N0160__Aplus_0p0025,xover-m05-g2-L5p3-n2-beta3__N0160__Aminus_0p0025,xover-m05-g2-L5p3-n2-beta3,160,0.0025,53,1.755625,0.9987768075896196,0.9989813367307441
xover-m05-g2-L5p3-n2-beta3__N0160__Aplus_0p0025,xover-m05-g2-L5p3-n2-beta3__N0160__Aminus_0p0025,xover-m05-g2-L5p3-n2-beta3,160,0.0025,54,1.78875,0.9986919192016409,0.9989108866126464
xover-m05-g2-L5p3-n2-beta3__N0160__Aplus_0p0025,xover-m05-g2-L5p3-n2-beta3__N0160__Aminus_0p0025,xover-m05-g2-L5p3-n2-beta3,160,0.0025,55,1.8218750000000001,0.9986090369801918,0.998842110194552
xover-m05-g2-L5p3-n2-beta3__N0160__Aplus_0p0025,xover-m05-g2-L5p3-n2-beta3__N0160__Aminus_0p0025,xover-m05-g2-L5p3-n2-beta3,160,0.0025,56,1.855,0.9985282896624471,0.9987751136526256
xover-m05-g2-L5p3-n2-beta3__N0160__Aplus_0p0025,xover-m05-g2-L5p3-n2-beta3__N0160__Aminus_0p0025,xover-m05-g2-L5p3-n2-beta3,160,0.0025,57,1.888125,0.9984498027247822,0.9987100004227405
xover-m05-g2-L5p3-n2-beta3__N0160__Aplus_0p0025,xover-m05-g2-L5p3-n2-beta3__N0160__Aminus_0p0025,xover-m05-g2-L5p3-n2-beta3,160,0.0025,58,1.9212500000000001,0.9983736981833177,0.9986468710401754
xover-m05-g2-L5p3-n2-beta3__N0160__Aplus_0p0025,xover-m05-g2-L5p3-n2-beta3__N0160__Aminus_0p0025,xover-m05-g2-L5p3-n2-beta3,160,0.0025,59,1.9543750000000002,0.9983000943996445,0.9985858229837636
xover-m05-g2-L5p3-n2-beta3__N0160__Aplus_0p0025,xover-m05-g2-L5p3-n2-beta3__N0160__Aminus_0p0025,xover-m05-g2-L5p3-n2-beta3,160,0.0025,60,1.9875,0.9982291058920683,0.9985269505247407
xover-m05-g2-L5p3-n2-beta3__N0160__Aplus_0p0025,xover-m05-g2-L5p3-n2-beta3__N0160__Aminus_0p0025,xover-m05-g2-L5p3-n2-beta3,160,0.0025,61,2.020625,0.9981608431526998,0.9984703445805274
xover-m05-g2-L5p3-n2-beta3__N0160__Aplus_0p0025,xover-m05-g2-L5p3-n2-beta3__N0160__Aminus_0p0025,xover-m05-g2-L5p3-n2-beta3,160,0.0025,62,2.05375,0.9980954124707163,0.9984160925736805
xover-m05-g2-L5p3-n2-beta3__N0160__Aplus_0p0025,xover-m05-g2-L5p3-n2-beta3__N0160__Aminus_0p0025,xover-m05-g2-L5p3-n2-beta3,160,0.0025,63,2.086875,0.9980329157621016,0.9983642782962326
xover-m05-g2-L5p3-n2-beta3__N0160__Aplus_0p0025,xover-m05-g2-L5p3-n2-beta3__N0160__Aminus_0p0025,xover-m05-g2-L5p3-n2-beta3,160,0.0025,64,2.12,0.9979734504061694,0.9983149817796365
xover-m05-g2-L5p3-n2-beta3__N0160__Aplus_0p0025,xover-m05-g2-L5p3-n2-beta3__N0160__Aminus_0p0025,xover-m05-g2-L5p3-n2-beta3,160,0.0025,65,2.153125,0.9979171090891601,0.9982682791705192
xover-m05-g2-L5p3-n2-beta3__N0160__Aplus_0p0025,xover-m05-g2-L5p3-n2-beta3__N0160__Aminus_0p0025,xover-m05-g2-L5p3-n2-beta3,160,0.0025,66,2.1862500000000002,0.9978639796551908,0.9982242426124427
xover-m05-g2-L5p3-n2-beta3__N0160__Aplus_0p0025,xover-m05-g2-L5p3-n2-beta3__N0160__Aminus_0p0025,xover-m05-g2-L5p3-n2-beta3,160,0.0025,67,2.2193750000000003,0.9978141449648258,0.9981829401338583
xover-m05-g2-L5p3-n2-beta3__N0160__Aplus_0p0025,xover-m05-g2-L5p3-n2-beta3__N0160__Aminus_0p0025,xover-m05-g2-L5p3-n2-beta3,160,0.0025,68,2.2525,0.9977676827615235,0.998144435542433
xover-m05-g2-L5p3-n2-beta3__N0160__Aplus_0p0025,xover-m05-g2-L5p3-n2-beta3__N0160__Aminus_0p0025,xover-m05-g2-L5p3-n2-beta3,160,0.0025,69,2.285625,0.9977246655461998,0.9981087883259148
xover-m05-g2-L5p3-n2-beta3__N0160__Aplus_0p0025,xover-m05-g2-L5p3-n2-beta3__N0160__Aminus_0p0025,xover-m05-g2-L5p3-n2-beta3,160,0.0025,70,2.31875,0.997685160460138,0.9980760535596945
xover-m05-g2-L5p3-n2-beta3__N0160__Aplus_0p0025,xover-m05-g2-L5p3-n2-beta3__N0160__Aminus_0p0025,xover-m05-g2-L5p3-n2-beta3,160,0.0025,71,2.351875,0.9976492291764554,0.9980462818212116
xover-m05-g2-L5p3-n2-beta3__N0160__Aplus_0p0025,xover-m05-g2-L5p3-n2-beta3__N0160__Aminus_0p0025,xover-m05-g2-L5p3-n2-beta3,160,0.0025,72,2.3850000000000002,0.9976169278003278,0.9980195191113387
xover-m05-g2-L5p3-n2-beta3__N0160__Aplus_0p0025,xover-m05-g2-L5p3-n2-beta3__N0160__Aminus_0p0025,xover-m05-g2-L5p3-n2-beta3,160,0.0025,73,2.4181250000000003,0.9975883067781527,0.997995806782871
xover-m05-g2-L5p3-n2-beta3__N0160__Aplus_0p0025,xover-m05-g2-L5p3-n2-beta3__N0160__Aminus_0p0025,xover-m05-g2-L5p3-n2-beta3,160,0.0025,74,2.45125,0.9975634108158183,0.9979751814762341
xover-m05-g2-L5p3-n2-beta3__N0160__Aplus_0p0025,xover-m05-g2-L5p3-n2-beta3__N0160__Aminus_0p0025,xover-m05-g2-L5p3-n2-beta3,160,0.0025,75,2.484375,0.9975422788062293,0.9979576750625124
xover-m05-g2-L5p3-n2-beta3__N0160__Aplus_0p0025,xover-m05-g2-L5p3-n2-beta3__N0160__Aminus_0p0025,xover-m05-g2-L5p3-n2-beta3,160,0.0025,76,2.5175,0.997524943766222,0.9979433145938892
xover-m05-g2-L5p3-n2-beta3__N0160__Aplus_0p0025,xover-m05-g2-L5p3-n2-beta3__N0160__Aminus_0p0025,xover-m05-g2-L5p3-n2-beta3,160,0.0025,77,2.550625,0.997511432782987,0.9979321222615757
xover-m05-g2-L5p3-n2-beta3__N0160__Aplus_0p0025,xover-m05-g2-L5p3-n2-beta3__N0160__Aminus_0p0025,xover-m05-g2-L5p3-n2-beta3,160,0.0025,78,2.58375,0.9975017669700957,0.9979241153612987
xover-m05-g2-L5p3-n2-beta3__N0160__Aplus_0p0025,xover-m05-g2-L5p3-n2-beta3__N0160__Aminus_0p0025,xover-m05-g2-L5p3-n2-beta3,160,0.0025,79,2.6168750000000003,0.9974959614332151,0.9979193062664005
xover-m05-g2-L5p3-n2-beta3__N0160__Aplus_0p0025,xover-m05-g2-L5p3-n2-beta3__N0160__Aminus_0p0025,xover-m05-g2-L5p3-n2-beta3,160,0.0025,80,2.6500000000000004,0.9974940252455723,0.9979177024085933
xover-m05-g2-L5p3-n2-beta3__N0160__Aplus_0p0025,xover-m05-g2-L5p3-n2-beta3__N0160__Aminus_0p0025,xover-m05-g2-L5p3-n2-beta3,160,0.0025,81,2.683125,0.9974959614332151,0.9979193062663995
xover-m05-g2-L5p3-n2-beta3__N0160__Aplus_0p0025,xover-m05-g2-L5p3-n2-beta3__N0160__Aminus_0p0025,xover-m05-g2-L5p3-n2-beta3,160,0.0025,82,2.71625,0.9975017669700956,0.9979241153612967
xover-m05-g2-L5p3-n2-beta3__N0160__Aplus_0p0025,xover-m05-g2-L5p3-n2-beta3__N0160__Aminus_0p0025,xover-m05-g2-L5p3-n2-beta3,160,0.0025,83,2.749375,0.9975114327829868,0.9979321222615729
xover-m05-g2-L5p3-n2-beta3__N0160__Aplus_0p0025,xover-m05-g2-L5p3-n2-beta3__N0160__Aminus_0p0025,xover-m05-g2-L5p3-n2-beta3,160,0.0025,84,2.7825,0.9975249437662218,0.9979433145938857
xover-m05-g2-L5p3-n2-beta3__N0160__Aplus_0p0025,xover-m05-g2-L5p3-n2-beta3__N0160__Aminus_0p0025,xover-m05-g2-L5p3-n2-beta3,160,0.0025,85,2.8156250000000003,0.9975422788062289,0.9979576750625082
xover-m05-g2-L5p3-n2-beta3__N0160__Aplus_0p0025,xover-m05-g2-L5p3-n2-beta3__N0160__Aminus_0p0025,xover-m05-g2-L5p3-n2-beta3,160,0.0025,86,2.8487500000000003,0.9975634108158179,0.9979751814762289
xover-m05-g2-L5p3-n2-beta3__N0160__Aplus_0p0025,xover-m05-g2-L5p3-n2-beta3__N0160__Aminus_0p0025,xover-m05-g2-L5p3-n2-beta3,160,0.0025,87,2.881875,0.9975883067781522,0.997995806782865
xover-m05-g2-L5p3-n2-beta3__N0160__Aplus_0p0025,xover-m05-g2-L5p3-n2-beta3__N0160__Aminus_0p0025,xover-m05-g2-L5p3-n2-beta3,160,0.0025,88,2.915,0.9976169278003272,0.9980195191113319
xover-m05-g2-L5p3-n2-beta3__N0160__Aplus_0p0025,xover-m05-g2-L5p3-n2-beta3__N0160__Aminus_0p0025,xover-m05-g2-L5p3-n2-beta3,160,0.0025,89,2.948125,0.9976492291764546,0.9980462818212041
xover-m05-g2-L5p3-n2-beta3__N0160__Aplus_0p0025,xover-m05-g2-L5p3-n2-beta3__N0160__Aminus_0p0025,xover-m05-g2-L5p3-n2-beta3,160,0.0025,90,2.98125,0.9976851604601371,0.9980760535596864
xover-m05-g2-L5p3-n2-beta3__N0160__Aplus_0p0025,xover-m05-g2-L5p3-n2-beta3__N0160__Aminus_0p0025,xover-m05-g2-L5p3-n2-beta3,160,0.0025,91,3.0143750000000002,0.9977246655461988,0.9981087883259058
xover-m05-g2-L5p3-n2-beta3__N0160__Aplus_0p0025,xover-m05-g2-L5p3-n2-beta3__N0160__Aminus_0p0025,xover-m05-g2-L5p3-n2-beta3,160,0.0025,92,3.0475000000000003,0.9977676827615223,0.9981444355424233
xover-m05-g2-L5p3-n2-beta3__N0160__Aplus_0p0025,xover-m05-g2-L5p3-n2-beta3__N0160__Aminus_0p0025,xover-m05-g2-L5p3-n2-beta3,160,0.0025,93,3.080625,0.9978141449648245,0.9981829401338479
xover-m05-g2-L5p3-n2-beta3__N0160__Aplus_0p0025,xover-m05-g2-L5p3-n2-beta3__N0160__Aminus_0p0025,xover-m05-g2-L5p3-n2-beta3,160,0.0025,94,3.11375,0.9978639796551892,0.9982242426124317
xover-m05-g2-L5p3-n2-beta3__N0160__Aplus_0p0025,xover-m05-g2-L5p3-n2-beta3__N0160__Aminus_0p0025,xover-m05-g2-L5p3-n2-beta3,160,0.0025,95,3.146875,0.9979171090891583,0.9982682791705076
xover-m05-g2-L5p3-n2-beta3__N0160__Aplus_0p0025,xover-m05-g2-L5p3-n2-beta3__N0160__Aminus_0p0025,xover-m05-g2-L5p3-n2-beta3,160,0.0025,96,3.18,0.9979734504061674,0.9983149817796242
xover-m05-g2-L5p3-n2-beta3__N0160__Aplus_0p0025,xover-m05-g2-L5p3-n2-beta3__N0160__Aminus_0p0025,xover-m05-g2-L5p3-n2-beta3,160,0.0025,97,3.2131250000000002,0.9980329157620993,0.9983642782962193
xover-m05-g2-L5p3-n2-beta3__N0160__Aplus_0p0025,xover-m05-g2-L5p3-n2-beta3__N0160__Aminus_0p0025,xover-m05-g2-L5p3-n2-beta3,160,0.0025,98,3.2462500000000003,0.9980954124707138,0.998416092573666
xover-m05-g2-L5p3-n2-beta3__N0160__Aplus_0p0025,xover-m05-g2-L5p3-n2-beta3__N0160__Aminus_0p0025,xover-m05-g2-L5p3-n2-beta3,160,0.0025,99,3.2793750000000004,0.9981608431526969,0.9984703445805119
xover-m05-g2-L5p3-n2-beta3__N0160__Aplus_0p0025,xover-m05-g2-L5p3-n2-beta3__N0160__Aminus_0p0025,xover-m05-g2-L5p3-n2-beta3,160,0.0025,100,3.3125,0.998229105892065,0.9985269505247242
xover-m05-g2-L5p3-n2-beta3__N0160__Aplus_0p0025,xover-m05-g2-L5p3-n2-beta3__N0160__Aminus_0p0025,xover-m05-g2-L5p3-n2-beta3,160,0.0025,101,3.345625,0.9983000943996411,0.9985858229837462
xover-m05-g2-L5p3-n2-beta3__N0160__Aplus_0p0025,xover-m05-g2-L5p3-n2-beta3__N0160__Aminus_0p0025,xover-m05-g2-L5p3-n2-beta3,160,0.0025,102,3.37875,0.9983736981833138,0.9986468710401571
xover-m05-g2-L5p3-n2-beta3__N0160__Aplus_0p0025,xover-m05-g2-L5p3-n2-beta3__N0160__Aminus_0p0025,xover-m05-g2-L5p3-n2-beta3,160,0.0025,103,3.411875,0.9984498027247779,0.9987100004227213
xover-m05-g2-L5p3-n2-beta3__N0160__Aplus_0p0025,xover-m05-g2-L5p3-n2-beta3__N0160__Aminus_0p0025,xover-m05-g2-L5p3-n2-beta3,160,0.0025,104,3.4450000000000003,0.9985282896624423,0.9987751136526055
xover-m05-g2-L5p3-n2-beta3__N0160__Aplus_0p0025,xover-m05-g2-L5p3-n2-beta3__N0160__Aminus_0p0025,xover-m05-g2-L5p3-n2-beta3,160,0.0025,105,3.4781250000000004,0.9986090369801865,0.9988421101945308
xover-m05-g2-L5p3-n2-beta3__N0160__Aplus_0p0025,xover-m05-g2-L5p3-n2-beta3__N0160__Aminus_0p0025,xover-m05-g2-L5p3-n2-beta3,160,0.0025,106,3.51125,0.9986919192016352,0.9989108866126241
xover-m05-g2-L5p3-n2-beta3__N0160__Aplus_0p0025,xover-m05-g2-L5p3-n2-beta3__N0160__Aminus_0p0025,xover-m05-g2-L5p3-n2-beta3,160,0.0025,107,3.544375,0.9987768075896135,0.9989813367307206
xover-m05-g2-L5p3-n2-beta3__N0160__Aplus_0p0025,xover-m05-g2-L5p3-n2-beta3__N0160__Aminus_0p0025,xover-m05-g2-L5p3-n2-beta3,160,0.0025,108,3.5775,0.9988635703504382,0.9990533517968694
xover-m05-g2-L5p3-n2-beta3__N0160__Aplus_0p0025,xover-m05-g2-L5p3-n2-beta3__N0160__Aminus_0p0025,xover-m05-g2-L5p3-n2-beta3,160,0.0025,109,3.610625,0.9989520728426955,0.999126820651777
xover-m05-g2-L5p3-n2-beta3__N0160__Aplus_0p0025,xover-m05-g2-L5p3-n2-beta3__N0160__Aminus_0p0025,xover-m05-g2-L5p3-n2-beta3,160,0.0025,110,3.6437500000000003,0.9990421777901476,0.999201629900932
xover-m05-g2-L5p3-n2-beta3__N0160__Aplus_0p0025,xover-m05-g2-L5p3-n2-beta3__N0160__Aminus_0p0025,xover-m05-g2-L5p3-n2-beta3,160,0.0025,111,3.6768750000000003,0.9991337454984077,0.9992776640901355
xover-m05-g2-L5p3-n2-beta3__N0160__Aplus_0p0025,xover-m05-g2-L5p3-n2-beta3__N0160__Aminus_0p0025,xover-m05-g2-L5p3-n2-beta3,160,0.0025,112,3.71,0.9992266340750189,0.9993548058841649
xover-m05-g2-L5p3-n2-beta3__N0160__Aplus_0p0025,xover-m05-g2-L5p3-n2-beta3__N0160__Aminus_0p0025,xover-m05-g2-L5p3-n2-beta3,160,0.0025,113,3.743125,0.9993206996525681,0.9994329362482905
xover-m05-g2-L5p3-n2-beta3__N0160__Aplus_0p0025,xover-m05-g2-L5p3-n2-beta3__N0160__Aminus_0p0025,xover-m05-g2-L5p3-n2-beta3,160,0.0025,114,3.77625,0.9994157966144647,0.9995119346323627
xover-m05-g2-L5p3-n2-beta3__N0160__Aplus_0p0025,xover-m05-g2-L5p3-n2-beta3__N0160__Aminus_0p0025,xover-m05-g2-L5p3-n2-beta3,160,0.0025,115,3.809375,0.9995117778230113,0.9995916791571804
xover-m05-g2-L5p3-n2-beta3__N0160__Aplus_0p0025,xover-m05-g2-L5p3-n2-beta3__N0160__Aminus_0p0025,xover-m05-g2-L5p3-n2-beta3,160,0.0025,116,3.8425000000000002,0.9996084948493935,0.9996720468028524
xover-m05-g2-L5p3-n2-beta3__N0160__Aplus_0p0025,xover-m05-g2-L5p3-n2-beta3__N0160__Aminus_0p0025,xover-m05-g2-L5p3-n2-beta3,160,0.0025,117,3.8756250000000003,0.9997057982052141,0.9997529135988571
xover-m05-g2-L5p3-n2-beta3__N0160__Aplus_0p0025,xover-m05-g2-L5p3-n2-beta3__N0160__Aminus_0p0025,xover-m05-g2-L5p3-n2-beta3,160,0.0025,118,3.9087500000000004,0.9998035375751985,0.9998341548155064
xover-m05-g2-L5p3-n2-beta3__N0160__Aplus_0p0025,xover-m05-g2-L5p3-n2-beta3__N0160__Aminus_0p0025,xover-m05-g2-L5p3-n2-beta3,160,0.0025,119,3.941875,0.9999015620506996,0.9999156451565144
xover-m05-g2-L5p3-n2-beta3__N0160__Aplus_0p0025,xover-m05-g2-L5p3-n2-beta3__N0160__Aminus_0p0025,xover-m05-g2-L5p3-n2-beta3,160,0.0025,120,3.975,0.9999997203636308,0.9999972589523756
xover-m05-g2-L5p3-n2-beta3__N0160__Aplus_0p0025,xover-m05-g2-L5p3-n2-beta3__N0160__Aminus_0p0025,xover-m05-g2-L5p3-n2-beta3,160,0.0025,121,4.008125000000001,1.000097861120459,1.00007887035425
xover-m05-g2-L5p3-n2-beta3__N0160__Aplus_0p0025,xover-m05-g2-L5p3-n2-beta3__N0160__Aminus_0p0025,xover-m05-g2-L5p3-n2-beta3,160,0.0025,122,4.04125,1.0001958330358909,1.0001603535280577
xover-m05-g2-L5p3-n2-beta3__N0160__Aplus_0p0025,xover-m05-g2-L5p3-n2-beta3__N0160__Aminus_0p0025,xover-m05-g2-L5p3-n2-beta3,160,0.0025,123,4.074375,1.0002934851658947,1.0002415828484816
xover-m05-g2-L5p3-n2-beta3__N0160__Aplus_0p0025,xover-m05-g2-L5p3-n2-beta3__N0160__Aminus_0p0025,xover-m05-g2-L5p3-n2-beta3,160,0.0025,124,4.1075,1.000390667139693,1.0003224330925813
xover-m05-g2-L5p3-n2-beta3__N0160__Aplus_0p0025,xover-m05-g2-L5p3-n2-beta3__N0160__Aminus_0p0025,xover-m05-g2-L5p3-n2-beta3,160,0.0025,125,4.140625,1.000487229390381,1.0004027796327177
xover-m05-g2-L5p3-n2-beta3__N0160__Aplus_0p0025,xover-m05-g2-L5p3-n2-beta3__N0160__Aminus_0p0025,xover-m05-g2-L5p3-n2-beta3,160,0.0025,126,4.17375,1.0005830233838164,1.0004824986284937
xover-m05-g2-L5p3-n2-beta3__N0160__Aplus_0p0025,xover-m05-g2-L5p3-n2-beta3__N0160__Aminus_0p0025,xover-m05-g2-L5p3-n2-beta3,160,0.0025,127,4.206875,1.0006779018454413,1.0005614672174152
xover-m05-g2-L5p3-n2-beta3__N0160__Aplus_0p0025,xover-m05-g2-L5p3-n2-beta3__N0160__Aminus_0p0025,xover-m05-g2-L5p3-n2-beta3,160,0.0025,128,4.24,1.0007717189846996,1.0006395637039802
xover-m05-g2-L5p3-n2-beta3__N0160__Aplus_0p0025,xover-m05-g2-L5p3-n2-beta3__N0160__Aminus_0p0025,xover-m05-g2-L5p3-n2-beta3,160,0.0025,129,4.273125,1.0008643307167215,1.0007166677469077
xover-m05-g2-L5p3-n2-beta3__N0160__Aplus_0p0025,xover-m05-g2-L5p3-n2-beta3__N0160__Aminus_0p0025,xover-m05-g2-L5p3-n2-beta3,160,0.0025,130,4.30625,1.0009555948809497,1.0007926605442183
xover-m05-g2-L5p3-n2-beta3__N0160__Aplus_0p0025,xover-m05-g2-L5p3-n2-beta3__N0160__Aminus_0p0025,xover-m05-g2-L5p3-n2-beta3,160,0.0025,131,4.339375,1.0010453714563943,1.0008674250158869
xover-m05-g2-L5p3-n2-beta3__N0160__Aplus_0p0025,xover-m05-g2-L5p3-n2-beta3__N0160__Aminus_0p0025,xover-m05-g2-L5p3-n2-beta3,160,0.0025,132,4.3725000000000005,1.0011335227732083,1.0009408459837854
xover-m05-g2-L5p3-n2-beta3__N0160__Aplus_0p0025,xover-m05-g2-L5p3-n2-beta3__N0160__Aminus_0p0025,xover-m05-g2-L5p3-n2-beta3,160,0.0025,133,4.405625000000001,1.001219913720284,1.0010128103486435
xover-m05-g2-L5p3-n2-beta3__N0160__Aplus_0p0025,xover-m05-g2-L5p3-n2-beta3__N0160__Aminus_0p0025,xover-m05-g2-L5p3-n2-beta3,160,0.0025,134,4.438750000000001,1.001304411948579,1.0010832072637612
xover-m05-g2-L5p3-n2-beta3__N0160__Aplus_0p0025,xover-m05-g2-L5p3-n2-beta3__N0160__Aminus_0p0025,xover-m05-g2-L5p3-n2-beta3,160,0.0025,135,4.471875,1.001386888069889,1.001151928305203
xover-m05-g2-L5p3-n2-beta3__N0160__Aplus_0p0025,xover-m05-g2-L5p3-n2-beta3__N0160__Aminus_0p0025,xover-m05-g2-L5p3-n2-beta3,160,0.0025,136,4.505,1.0014672158507947,1.001218867638222
xover-m05-g2-L5p3-n2-beta3__N0160__Aplus_0p0025,xover-m05-g2-L5p3-n2-beta3__N0160__Aminus_0p0025,xover-m05-g2-L5p3-n2-beta3,160,0.0025,137,4.538125,1.0015452724015161,1.0012839221796586
xover-m05-g2-L5p3-n2-beta3__N0160__Aplus_0p0025,xover-m05-g2-L5p3-n2-beta3__N0160__Aminus_0p0025,xover-m05-g2-L5p3-n2-beta3,160,0.0025,138,4.57125,1.0016209383594201,1.001346991756069
xover-m05-g2-L5p3-n2-beta3__N0160__Aplus_0p0025,xover-m05-g2-L5p3-n2-beta3__N0160__Aminus_0p0025,xover-m05-g2-L5p3-n2-beta3,160,0.0025,139,4.604375,1.0016940980669362,1.0014079792573454
xover-m05-g2-L5p3-n2-beta3__N0160__Aplus_0p0025,xover-m05-g2-L5p3-n2-beta3__N0160__Aminus_0p0025,xover-m05-g2-L5p3-n2-beta3,160,0.0025,140,4.6375,1.0017646397436397,1.0014667907855956
xover-m05-g2-L5p3-n2-beta3__N0160__Aplus_0p0025,xover-m05-g2-L5p3-n2-beta3__N0160__Aminus_0p0025,xover-m05-g2-L5p3-n2-beta3,160,0.0025,141,4.670625,1.001832455652282,1.0015233357990574
xover-m05-g2-L5p3-n2-beta3__N0160__Aplus_0p0025,xover-m05-g2-L5p3-n2-beta3__N0160__Aminus_0p0025,xover-m05-g2-L5p3-n2-beta3,160,0.0025,142,4.70375,1.0018974422585447,1.001577527250832
xover-m05-g2-L5p3-n2-beta3__N0160__Aplus_0p0025,xover-m05-g2-L5p3-n2-beta3__N0160__Aminus_0p0025,xover-m05-g2-L5p3-n2-beta3,160,0.0025,143,4.736875,1.0019595003843145,1.0016292817222288
xover-m05-g2-L5p3-n2-beta3__N0160__Aplus_0p0025,xover-m05-g2-L5p3-n2-beta3__N0160__Aminus_0p0025,xover-m05-g2-L5p3-n2-beta3,160,0.0025,144,4.7700000000000005,1.00201853535428,1.0016785195505182
xover-m05-g2-L5p3-n2-beta3__N0160__Aplus_0p0025,xover-m05-g2-L5p3-n2-beta3__N0160__Aminus_0p0025,xover-m05-g2-L5p3-n2-beta3,160,0.0025,145,4.8031250000000005,1.0020744571356646,1.0017251649509047
xover-m05-g2-L5p3-n2-beta3__N0160__Aplus_0p0025,xover-m05-g2-L5p3-n2-beta3__N0160__Aminus_0p0025,xover-m05-g2-L5p3-n2-beta3,160,0.0025,146,4.836250000000001,1.0021271804709162,1.001769146132535
xover-m05-g2-L5p3-n2-beta3__N0160__Aplus_0p0025,xover-m05-g2-L5p3-n2-beta3__N0160__Aminus_0p0025,xover-m05-g2-L5p3-n2-beta3,160,0.0025,147,4.869375000000001,1.0021766250031914,1.0018103954083708
xover-m05-g2-L5p3-n2-beta3__N0160__Aplus_0p0025,xover-m05-g2-L5p3-n2-beta3__N0160__Aminus_0p0025,xover-m05-g2-L5p3-n2-beta3,160,0.0025,148,4.9025,1.0022227153944714,1.001848849298755
xover-m05-g2-L5p3-n2-beta3__N0160__Aplus_0p0025,xover-m05-g2-L5p3-n2-beta3__N0160__Aminus_0p0025,xover-m05-g2-L5p3-n2-beta3,160,0.0025,149,4.935625,1.002265381436169,1.0018844486285263
xover-m05-g2-L5p3-n2-beta3__N0160__Aplus_0p0025,xover-m05-g2-L5p3-n2-beta3__N0160__Aminus_0p0025,xover-m05-g2-L5p3-n2-beta3,160,0.0025,150,4.96875,1.0023045581520866,1.0019171386175292
xover-m05-g2-L5p3-n2-beta3__N0160__Aplus_0p0025,xover-m05-g2-L5p3-n2-beta3__N0160__Aminus_0p0025,xover-m05-g2-L5p3-n2-beta3,160,0.0025,151,5.001875,1.0023401858936005,1.0019468689643882
xover-m05-g2-L5p3-n2-beta3__N0160__Aplus_0p0025,xover-m05-g2-L5p3-n2-beta3__N0160__Aminus_0p0025,xover-m05-g2-L5p3-n2-beta3,160,0.0025,152,5.035,1.0023722104269561,1.0019735939234216
xover-m05-g2-L5p3-n2-beta3__N0160__Aplus_0p0025,xover-m05-g2-L5p3-n2-beta3__N0160__Aminus_0p0025,xover-m05-g2-L5p3-n2-beta3,160,0.0025,153,5.068125,1.0024005830125673,1.001997272374578
xover-m05-g2-L5p3-n2-beta3__N0160__Aplus_0p0025,xover-m05-g2-L5p3-n2-beta3__N0160__Aminus_0p0025,xover-m05-g2-L5p3-n2-beta3,160,0.0025,154,5.10125,1.0024252604762234,1.0020178678862943
xover-m05-g2-L5p3-n2-beta3__N0160__Aplus_0p0025,xover-m05-g2-L5p3-n2-beta3__N0160__Aminus_0p0025,xover-m05-g2-L5p3-n2-beta3,160,0.0025,155,5.134375,1.0024462052721224,1.0020353487711795
xover-m05-g2-L5p3-n2-beta3__N0160__Aplus_0p0025,xover-m05-g2-L5p3-n2-beta3__N0160__Aminus_0p0025,xover-m05-g2-L5p3-n2-beta3,160,0.0025,156,5.1675,1.0024633855376495,1.0020496881344425
xover-m05-g2-L5p3-n2-beta3__N0160__Aplus_0p0025,xover-m05-g2-L5p3-n2-beta3__N0160__Aminus_0p0025,xover-m05-g2-L5p3-n2-beta3,160,0.0025,157,5.2006250000000005,1.002476775139839,1.0020608639149922
xover-m05-g2-L5p3-n2-beta3__N0160__Aplus_0p0025,xover-m05-g2-L5p3-n2-beta3__N0160__Aminus_0p0025,xover-m05-g2-L5p3-n2-beta3,160,0.0025,158,5.233750000000001,1.0024863537134647,1.002068858919147
xover-m05-g2-L5p3-n2-beta3__N0160__Aplus_0p0025,xover-m05-g2-L5p3-n2-beta3__N0160__Aminus_0p0025,xover-m05-g2-L5p3-n2-beta3,160,0.0025,159,5.266875000000001,1.0024921066907124,1.0020736608469076
xover-m05-g2-L5p3-n2-beta3__N0160__Aplus_0p0025,xover-m05-g2-L5p3-n2-beta3__N0160__Aminus_0p0025,xover-m05-g2-L5p3-n2-beta3,160,0.0025,160,5.3,1.0024940253223986,1.0020752623107487
xover-m05-g2-L5p3-n2-beta3__N0160__Aplus_0p005,xover-m05-g2-L5p3-n2-beta3__N0160__Aminus_0p005,xover-m05-g2-L5p3-n2-beta3,160,0.005,0,0.0,1.0049761018948777,1.0041434295291058
xover-m05-g2-L5p3-n2-beta3__N0160__Aplus_0p005,xover-m05-g2-L5p3-n2-beta3__N0160__Aminus_0p005,xover-m05-g2-L5p3-n2-beta3,160,0.005,1,0.033125,1.0049722821836409,1.0041402290599253
xover-m05-g2-L5p3-n2-beta3__N0160__Aplus_0p005,xover-m05-g2-L5p3-n2-beta3__N0160__Aminus_0p005,xover-m05-g2-L5p3-n2-beta3,160,0.005,2,0.06625,1.0049608287773584,1.0041306325647903
xover-m05-g2-L5p3-n2-beta3__N0160__Aplus_0p005,xover-m05-g2-L5p3-n2-beta3__N0160__Aminus_0p005,xover-m05-g2-L5p3-n2-beta3,160,0.005,3,0.099375,1.0049417588504848,1.0041146547734883
xover-m05-g2-L5p3-n2-beta3__N0160__Aplus_0p005,xover-m05-g2-L5p3-n2-beta3__N0160__Aminus_0p005,xover-m05-g2-L5p3-n2-beta3,160,0.005,4,0.1325,1.0049151010010127,1.004092320210898
xover-m05-g2-L5p3-n2-beta3__N0160__Aplus_0p005,xover-m05-g2-L5p3-n2-beta3__N0160__Aminus_0p005,xover-m05-g2-L5p3-n2-beta3,160,0.005,5,0.16562500000000002,1.0048808952113466,1.004063663159876
xover-m05-g2-L5p3-n2-beta3__N0160__Aplus_0p005,xover-m05-g2-L5p3-n2-beta3__N0160__Aminus_0p005,xover-m05-g2-L5p3-n2-beta3,160,0.005,6,0.19875,1.0048391927935683,1.0040287276093711
xover-m05-g2-L5p3-n2-beta3__N0160__Aplus_0p005,xover-m05-g2-L5p3-n2-beta3__N0160__Aminus_0p005,xover-m05-g2-L5p3-n2-beta3,160,0.005,7,0.231875,1.0047900563191339,1.0039875671878418
xover-m05-g2-L5p3-n2-beta3__N0160__Aplus_0p005,xover-m05-g2-L5p3-n2-beta3__N0160__Aminus_0p005,xover-m05-g2-L5p3-n2-beta3,160,0.005,8,0.265,1.0047335595330602,1.0039402450820687
xover-m05-g2-L5p3-n2-beta3__N0160__Aplus_0p005,xover-m05-g2-L5p3-n2-beta3__N0160__Aminus_0p005,xover-m05-g2-L5p3-n2-beta3,160,0.005,9,0.29812500000000003,1.0046697872526615,1.0038868339414828
xover-m05-g2-L5p3-n2-beta3__N0160__Aplus_0p005,xover-m05-g2-L5p3-n2-beta3__N0160__Aminus_0p005,xover-m05-g2-L5p3-n2-beta3,160,0.005,10,0.33125000000000004,1.004598835250923,1.0038274157681382
xover-m05-g2-L5p3-n2-beta3__N0160__Aplus_0p005,xover-m05-g2-L5p3-n2-beta3__N0160__Aminus_0p005,xover-m05-g2-L5p3-n2-beta3,160,0.005,11,0.364375,1.0045208101245975,1.0037620817924924
xover-m05-g2-L5p3-n2-beta3__N0160__Aplus_0p005,xover-m05-g2-L5p3-n2-beta3__N0160__Aminus_0p005,xover-m05-g2-L5p3-n2-beta3,160,0.005,12,0.3975,1.004435829147135,1.00369093233517
xover-m05-g2-L5p3-n2-beta3__N0160__Aplus_0p005,xover-m05-g2-L5p3-n2-beta3__N0160__Aminus_0p005,xover-m05-g2-L5p3-n2-beta3,160,0.005,13,0.43062500000000004,1.004344020106566,1.003614076654905
xover-m05-g2-L5p3-n2-beta3__N0160__Aplus_0p005,xover-m05-g2-L5p3-n2-beta3__N0160__Aminus_0p005,xover-m05-g2-L5p3-n2-beta3,160,0.005,14,0.46375,1.0042455211284704,1.0035316327828825
xover-m05-g2-L5p3-n2-beta3__N0160__Aplus_0p005,xover-m05-g2-L5p3-n2-beta3__N0160__Aminus_0p005,xover-m05-g2-L5p3-n2-beta3,160,0.005,15,0.496875,1.0041404804841827,1.0034437273437147
xover-m05-g2-L5p3-n2-beta3__N0160__Aplus_0p005,xover-m05-g2-L5p3-n2-beta3__N0160__Aminus_0p005,xover-m05-g2-L5p3-n2-beta3,160,0.005,16,0.53,1.0040290563844014,1.0033504953633106
xover-m05-g2-L5p3-n2-beta3__N0160__Aplus_0p005,xover-m05-g2-L5p3-n2-beta3__N0160__Aminus_0p005,xover-m05-g2-L5p3-n2-beta3,160,0.005,17,0.563125,1.0039114167583802,1.0032520800639146
xover-m05-g2-L5p3-n2-beta3__N0160__Aplus_0p005,xover-m05-g2-L5p3-n2-beta3__N0160__Aminus_0p005,xover-m05-g2-L5p3-n2-beta3,160,0.005,18,0.5962500000000001,1.0037877390189012,1.0031486326466093
xover-m05-g2-L5p3-n2-beta3__N0160__Aplus_0p005,xover-m05-g2-L5p3-n2-beta3__N0160__Aminus_0p005,xover-m05-g2-L5p3-n2-beta3,160,0.005,19,0.629375,1.0036582098132438,1.0030403120615952
xover-m05-g2-L5p3-n2-beta3__N0160__Aplus_0p005,xover-m05-g2-L5p3-n2-beta3__N0160__Aminus_0p005,xover-m05-g2-L5p3-n2-beta3,160,0.005,20,0.6625000000000001,1.0035230247603837,1.002927284766585
xover-m05-g2-L5p3-n2-beta3__N0160__Aplus_0p005,xover-m05-g2-L5p3-n2-beta3__N0160__Aminus_0p005,xover-m05-g2-L5p3-n2-beta3,160,0.005,21,0.695625,1.003382388174672,1.0028097244736571
xover-m05-g2-L5p3-n2-beta3__N0160__Aplus_0p005,xover-m05-g2-L5p3-n2-beta3__N0160__Aminus_0p005,xover-m05-g2-L5p3-n2-beta3,160,0.005,22,0.72875,1.0032365127762637,1.002687811884939
xover-m05-g2-L5p3-n2-beta3__N0160__Aplus_0p005,xover-m05-g2-L5p3-n2-beta3__N0160__Aminus_0p005,xover-m05-g2-L5p3-n2-beta3,160,0.005,23,0.7618750000000001,1.0030856193885882,1.002561734417506
xover-m05-g2-L5p3-n2-beta3__N0160__Aplus_0p005,xover-m05-g2-L5p3-n2-beta3__N0160__Aminus_0p005,xover-m05-g2-L5p3-n2-beta3,160,0.005,24,0.795,1.0029299366231685,1.002431685917898
xover-m05-g2-L5p3-n2-beta3__N0160__Aplus_0p005,xover-m05-g2-L5p3-n2-beta3__N0160__Aminus_0p005,xover-m05-g2-L5p3-n2-beta3,160,0.005,25,0.828125,1.0027697005521186,1.0022978663666706
xover-m05-g2-L5p3-n2-beta3__N0160__Aplus_0p005,xover-m05-g2-L5p3-n2-beta3__N0160__Aminus_0p005,xover-m05-g2-L5p3-n2-beta3,160,0.005,26,0.8612500000000001,1.0026051543686734,1.002160481573414
xover-m05-g2-L5p3-n2-beta3__N0160__Aplus_0p005,xover-m05-g2-L5p3-n2-beta3__N0160__Aminus_0p005,xover-m05-g2-L5p3-n2-beta3,160,0.005,27,0.894375,1.0024365480361195,1.0020197428626936
xover-m05-g2-L5p3-n2-beta3__N0160__Aplus_0p005,xover-m05-g2-L5p3-n2-beta3__N0160__Aminus_0p005,xover-m05-g2-L5p3-n2-beta3,160,0.005,28,0.9275,1.002264137925522,1.0018758667513705
xover-m05-g2-L5p3-n2-beta3__N0160__Aplus_0p005,xover-m05-g2-L5p3-n2-beta3__N0160__Aminus_0p005,xover-m05-g2-L5p3-n2-beta3,160,0.005,29,0.9606250000000001,1.0020881864426656,1.0017290746177834
xover-m05-g2-L5p3-n2-beta3__N0160__Aplus_0p005,xover-m05-g2-L5p3-n2-beta3__N0160__Aminus_0p005,xover-m05-g2-L5p3-n2-beta3,160,0.005,30,0.99375,1.0019089616446428,1.0015795923632815
xover-m05-g2-L5p3-n2-beta3__N0160__Aplus_0p005,xover-m05-g2-L5p3-n2-beta3__N0160__Aminus_0p005,xover-m05-g2-L5p3-n2-beta3,160,0.005,31,1.026875,1.0017267368465548,1.0014276500666133
xover-m05-g2-L5p3-n2-beta3__N0160__Aplus_0p005,xover-m05-g2-L5p3-n2-beta3__N0160__Aminus_0p005,xover-m05-g2-L5p3-n2-beta3,160,0.005,32,1.06,1.0015417902188049,1.001273481631688
xover-m05-g2-L5p3-n2-beta3__N0160__Aplus_0p005,xover-m05-g2-L5p3-n2-beta3__N0160__Aminus_0p005,xover-m05-g2-L5p3-n2-beta3,160,0.005,33,1.0931250000000001,1.0013544043754907,1.001117324429236
xover-m05-g2-L5p3-n2-beta3__N0160__Aplus_0p005,xover-m05-g2-L5p3-n2-beta3__N0160__Aminus_0p005,xover-m05-g2-L5p3-n2-beta3,160,0.005,34,1.12625,1.001164865954423,1.0009594189329087
xover-m05-g2-L5p3-n2-beta3__N0160__Aplus_0p005,xover-m05-g2-L5p3-n2-beta3__N0160__Aminus_0p005,xover-m05-g2-L5p3-n2-beta3,160,0.005,35,1.159375,1.0009734651893216,1.0008000083503639
xover-m05-g2-L5p3-n2-beta3__N0160__Aplus_0p005,xover-m05-g2-L5p3-n2-beta3__N0160__Aminus_0p005,xover-m05-g2-L5p3-n2-beta3,160,0.005,36,1.1925000000000001,1.0007804954747601,1.000639338249896
xover-m05-g2-L5p3-n2-beta3__N0160__Aplus_0p005,xover-m05-g2-L5p3-n2-beta3__N0160__Aminus_0p005,xover-m05-g2-L5p3-n2-beta3,160,0.005,37,1.225625,1.0005862529244534,1.0004776561831774
xover-m05-g2-L5p3-n2-beta3__N0160__Aplus_0p005,xover-m05-g2-L5p3-n2-beta3__N0160__Aminus_0p005,xover-m05-g2-L5p3-n2-beta3,160,0.005,38,1.25875,1.0003910359235026,1.0003152113046843
xover-m05-g2-L5p3-n2-beta3__N0160__Aplus_0p005,xover-m05-g2-L5p3-n2-beta3__N0160__Aminus_0p005,xover-m05-g2-L5p3-n2-beta3,160,0.005,39,1.291875,1.000195144675235,1.0001522539883843
xover-m05-g2-L5p3-n2-beta3__N0160__Aplus_0p005,xover-m05-g2-L5p3-n2-beta3__N0160__Aminus_0p005,xover-m05-g2-L5p3-n2-beta3,160,0.005,40,1.3250000000000002,0.9999988807432924,0.9999890354422785
xover-m05-g2-L5p3-n2-beta3__N0160__Aplus_0p005,xover-m05-g2-L5p3-n2-beta3__N0160__Aminus_0p005,xover-m05-g2-L5p3-n2-beta3,160,0.005,41,1.358125,0.9998025465896455,0.9998258073213826
xover-m05-g2-L5p3-n2-beta3__N0160__Aplus_0p005,xover-m05-g2-L5p3-n2-beta3__N0160__Aminus_0p005,xover-m05-g2-L5p3-n2-beta3,160,0.005,42,1.39125,0.9996064451092274,0.9996628213397476
xover-m05-g2-L5p3-n2-beta3__N0160__Aplus_0p005,xover-m05-g2-L5p3-n2-beta3__N0160__Aminus_0p005,xover-m05-g2-L5p3-n2-beta3,160,0.005,43,1.4243750000000002,0.9994108791618954,0.9995003288821153
xover-m05-g2-L5p3-n2-beta3__N0160__Aplus_0p005,xover-m05-g2-L5p3-n2-beta3__N0160__Aminus_0p005,xover-m05-g2-L5p3-n2-beta3,160,0.005,44,1.4575,0.9992161511024528,0.9993385806158099
xover-m05-g2-L5p3-n2-beta3__N0160__Aplus_0p005,xover-m05-g2-L5p3-n2-beta3__N0160__Aminus_0p005,xover-m05-g2-L5p3-n2-beta3,160,0.005,45,1.490625,0.9990225623094704,0.9991778261034707
xover-m05-g2-L5p3-n2-beta3__N0160__Aplus_0p005,xover-m05-g2-L5p3-n2-beta3__N0160__Aminus_0p005,xover-m05-g2-L5p3-n2-beta3,160,0.005,46,1.5237500000000002,0.9988304127136663,0.9990183134172232
xover-m05-g2-L5p3-n2-beta3__N0160__Aplus_0p005,xover-m05-g2-L5p3-n2-beta3__N0160__Aminus_0p005,xover-m05-g2-L5p3-n2-beta3,160,0.005,47,1.556875,0.9986400003266145,0.9988602887548959
xover-m05-g2-L5p3-n2-beta3__N0160__Aplus_0p005,xover-m05-g2-L5p3-n2-beta3__N0160__Aminus_0p005,xover-m05-g2-L5p3-n2-beta3,160,0.005,48,1.59,0.9984516207705609,0.9987039960588784
xover-m05-g2-L5p3-n2-beta3__N0160__Aplus_0p005,xover-m05-g2-L5p3-n2-beta3__N0160__Aminus_0p005,xover-m05-g2-L5p3-n2-beta3,160,0.005,49,1.6231250000000002,0.9982655668101411,0.9985496766382218
xover-m05-g2-L5p3-n2-beta3__N0160__Aplus_0p005,xover-m05-g2-L5p3-n2-beta3__N0160__Aminus_0p005,xover-m05-g2-L5p3-n2-beta3,160,0.005,50,1.65625,0.998082127886795,0.9983975687945724
xover-m05-g2-L5p3-n2-beta3__N0160__Aplus_0p005,xover-m05-g2-L5p3-n2-beta3__N0160__Aminus_0p005,xover-m05-g2-L5p3-n2-beta3,160,0.005,51,1.689375,0.9979015896566867,0.9982479074525316
xover-m05-g2-L5p3-n2-beta3__N0160__Aplus_0p005,xover-m05-g2-L5p3-n2-beta3__N0160__Aminus_0p005,xover-m05-g2-L5p3-n2-beta3,160,0.005,52,1.7225000000000001,0.9977242335329386,0.9981009237950219
xover-m05-g2-L5p3-n2-beta3__N0160__Aplus_0p005,xover-m05-g2-L5p3-n2-beta3__N0160__Aminus_0p005,xover-m05-g2-L5p3-n2-beta3,160,0.005,53,1.755625,0.9975503362329896,0.9979568449042403
xover-m05-g2-L5p3-n2-beta3__N0160__Aplus_0p005,xover-m05-g2-L5p3-n2-beta3__N0160__Aminus_0p005,xover-m05-g2-L5p3-n2-beta3,160,0.005,54,1.78875,0.997380169331896,0.9978158934087649
xover-m05-g2-L5p3-n2-beta3__N0160__Aplus_0p005,xover-m05-g2-L5p3-n2-beta3__N0160__Aminus_0p005,xover-m05-g2-L5p3-n2-beta3,160,0.005,55,1.8218750000000001,0.9972139988223826,0.9976782871373797
xover-m05-g2-L5p3-n2-beta3__N0160__Aplus_0p005,xover-m05-g2-L5p3-n2-beta3__N0160__Aminus_0p005,xover-m05-g2-L5p3-n2-beta3,160,0.005,56,1.855,0.9970520846824562,0.9975442387801668
xover-m05-g2-L5p3-n2-beta3__N0160__Aplus_0p005,xover-m05-g2-L5p3-n2-beta3__N0160__Aminus_0p005,xover-m05-g2-L5p3-n2-beta3,160,0.005,57,1.888125,0.9968946804513833,0.997413955557408
xover-m05-g2-L5p3-n2-beta3__N0160__Aplus_0p005,xover-m05-g2-L5p3-n2-beta3__N0160__Aminus_0p005,xover-m05-g2-L5p3-n2-beta3,160,0.005,58,1.9212500000000001,0.9967420328148306,0.9972876388968254
xover-m05-g2-L5p3-n2-beta3__N0160__Aplus_0p005,xover-m05-g2-L5p3-n2-beta3__N0160__Aminus_0p005,xover-m05-g2-L5p3-n2-beta3,160,0.005,59,1.9543750000000002,0.9965943811999541,0.9971654841196794
xover-m05-g2-L5p3-n2-beta3__N0160__Aplus_0p005,xover-m05-g2-L5p3-n2-beta3__N0160__Aminus_0p005,xover-m05-g2-L5p3-n2-beta3,160,0.005,60,1.9875,0.996451957381213,0.9970476801362271
xover-m05-g2-L5p3-n2-beta3__N0160__Aplus_0p005,xover-m05-g2-L5p3-n2-beta3__N0160__Aminus_0p005,xover-m05-g2-L5p3-n2-beta3,160,0.005,61,2.020625,0.99631498509767,0.9969344091510324
xover-m05-g2-L5p3-n2-beta3__N0160__Aplus_0p005,xover-m05-g2-L5p3-n2-beta3__N0160__Aminus_0p005,xover-m05-g2-L5p3-n2-beta3,160,0.005,62,2.05375,0.9961836796825259,0.9968258463786012
xover-m05-g2-L5p3-n2-beta3__N0160__Aplus_0p005,xover-m05-g2-L5p3-n2-beta3__N0160__Aminus_0p005,xover-m05-g2-L5p3-n2-beta3,160,0.005,63,2.086875,0.9960582477056139,0.9967221597698027
xover-m05-g2-L5p3-n2-beta3__N0160__Aplus_0p005,xover-m05-g2-L5p3-n2-beta3__N0160__Aminus_0p005,xover-m05-g2-L5p3-n2-beta3,160,0.005,64,2.12,0.9959388866295652,0.996623509749518
xover-m05-g2-L5p3-n2-beta3__N0160__Aplus_0p005,xover-m05-g2-L5p3-n2-beta3__N0160__Aminus_0p005,xover-m05-g2-L5p3-n2-beta3,160,0.005,65,2.153125,0.9958257844803294,0.9965300489659404
xover-m05-g2-L5p3-n2-beta3__N0160__Aplus_0p005,xover-m05-g2-L5p3-n2-beta3__N0160__Aminus_0p005,xover-m05-g2-L5p3-n2-beta3,160,0.005,66,2.1862500000000002,0.995719119532714,0.9964419220519363
xover-m05-g2-L5p3-n2-beta3__N0160__Aplus_0p005,xover-m05-g2-L5p3-n2-beta3__N0160__Aminus_0p005,xover-m05-g2-L5p3-n2-beta3,160,0.005,67,2.2193750000000003,0.9956190600115775,0.9963592653988501
xover-m05-g2-L5p3-n2-beta3__N0160__Aplus_0p005,xover-m05-g2-L5p3-n2-beta3__N0160__Aminus_0p005,xover-m05-g2-L5p3-n2-beta3,160,0.005,68,2.2525,0.9955257638092864,0.9962822069431263
xover-m05-g2-L5p3-n2-beta3__N0160__Aplus_0p005,xover-m05-g2-L5p3-n2-beta3__N0160__Aminus_0p005,xover-m05-g2-L5p3-n2-beta3,160,0.005,69,2.285625,0.9954393782200116,0.996210865966091
xover-m05-g2-L5p3-n2-beta3__N0160__Aplus_0p005,xover-m05-g2-L5p3-n2-beta3__N0160__Aminus_0p005,xover-m05-g2-L5p3-n2-beta3,160,0.005,70,2.31875,0.9953600396914141,0.996145352907222
xover-m05-g2-L5p3-n2-beta3__N0160__Aplus_0p005,xover-m05-g2-L5p3-n2-beta3__N0160__Aminus_0p005,xover-m05-g2-L5p3-n2-beta3,160,0.005,71,2.351875,0.9952878735942308,0.9960857691912115
xover-m05-g2-L5p3-n2-beta3__N0160__Aplus_0p005,xover-m05-g2-L5p3-n2-beta3__N0160__Aminus_0p005,xover-m05-g2-L5p3-n2-beta3,160,0.005,72,2.3850000000000002,0.9952229940102415,0.9960322070691032
xover-m05-g2-L5p3-n2-beta3__N0160__Aplus_0p005,xover-m05-g2-L5p3-n2-beta3__N0160__Aminus_0p005,xover-m05-g2-L5p3-n2-beta3,160,0.005,73,2.4181250000000003,0.9951655035390576,0.9959847494737639
xover-m05-g2-L5p3-n2-beta3__N0160__Aplus_0p005,xover-m05-g2-L5p3-n2-beta3__N0160__Aminus_0p005,xover-m05-g2-L5p3-n2-beta3,160,0.005,74,2.45125,0.995115493124138,0.9959434698899248
xover-m05-g2-L5p3-n2-beta3__N0160__Aplus_0p005,xover-m05-g2-L5p3-n2-beta3__N0160__Aminus_0p005,xover-m05-g2-L5p3-n2-beta3,160,0.005,75,2.484375,0.9950730418983974,0.9959084322390086
xover-m05-g2-L5p3-n2-beta3__N0160__Aplus_0p005,xover-m05-g2-L5p3-n2-beta3__N0160__Aminus_0p005,xover-m05-g2-L5p3-n2-beta3,160,0.005,76,2.5175,0.9950382170497324,0.9958796907789261
xover-m05-g2-L5p3-n2-beta3__N0160__Aplus_0p005,xover-m05-g2-L5p3-n2-beta3__N0160__Aminus_0p005,xover-m05-g2-L5p3-n2-beta3,160,0.005,77,2.550625,0.9950110737067499,0.9958572900190104
xover-m05-g2-L5p3-n2-beta3__N0160__Aplus_0p005,xover-m05-g2-L5p3-n2-beta3__N0160__Aminus_0p005,xover-m05-g2-L5p3-n2-beta3,160,0.005,78,2.58375,0.9949916548449393,0.995841264650225
xover-m05-g2-L5p3-n2-beta3__N0160__Aplus_0p005,xover-m05-g2-L5p3-n2-beta3__N0160__Aminus_0p005,xover-m05-g2-L5p3-n2-beta3,160,0.005,79,2.6168750000000003,0.9949799912134877,0.9958316394907649
xover-m05-g2-L5p3-n2-beta3__N0160__Aplus_0p005,xover-m05-g2-L5p3-n2-beta3__N0160__Aminus_0p005,xover-m05-g2-L5p3-n2-beta3,160,0.005,80,2.6500000000000004,0.9949761012828927,0.9958284294471331
xover-m05-g2-L5p3-n2-beta3__N0160__Aplus_0p005,xover-m05-g2-L5p3-n2-beta3__N0160__Aminus_0p005,xover-m05-g2-L5p3-n2-beta3,160,0.005,81,2.683125,0.9949799912134869,0.9958316394907631
xover-m05-g2-L5p3-n2-beta3__N0160__Aplus_0p005,xover-m05-g2-L5p3-n2-beta3__N0160__Aminus_0p005,xover-m05-g2-L5p3-n2-beta3,160,0.005,82,2.71625,0.994991654844938,0.9958412646502216
xover-m05-g2-L5p3-n2-beta3__N0160__Aplus_0p005,xover-m05-g2-L5p3-n2-beta3__N0160__Aminus_0p005,xover-m05-g2-L5p3-n2-beta3,160,0.005,83,2.749375,0.9950110737067478,0.9958572900190054
xover-m05-g2-L5p3-n2-beta3__N0160__Aplus_0p005,xover-m05-g2-L5p3-n2-beta3__N0160__Aminus_0p005,xover-m05-g2-L5p3-n2-beta3,160,0.005,84,2.7825,0.9950382170497296,0.9958796907789198
xover-m05-g2-L5p3-n2-beta3__N0160__Aplus_0p005,xover-m05-g2-L5p3-n2-beta3__N0160__Aminus_0p005,xover-m05-g2-L5p3-n2-beta3,160,0.005,85,2.8156250000000003,0.995073041898394,0.9959084322390006
xover-m05-g2-L5p3-n2-beta3__N0160__Aplus_0p005,xover-m05-g2-L5p3-n2-beta3__N0160__Aminus_0p005,xover-m05-g2-L5p3-n2-beta3,160,0.005,86,2.8487500000000003,0.9951154931241339,0.9959434698899152
xover-m05-g2-L5p3-n2-beta3__N0160__Aplus_0p005,xover-m05-g2-L5p3-n2-beta3__N0160__Aminus_0p005,xover-m05-g2-L5p3-n2-beta3,160,0.005,87,2.881875,0.9951655035390529,0.9959847494737527
xover-m05-g2-L5p3-n2-beta3__N0160__Aplus_0p005,xover-m05-g2-L5p3-n2-beta3__N0160__Aminus_0p005,xover-m05-g2-L5p3-n2-beta3,160,0.005,88,2.915,0.995222994010236,0.9960322070690908
xover-m05-g2-L5p3-n2-beta3__N0160__Aplus_0p005,xover-m05-g2-L5p3-n2-beta3__N0160__Aminus_0p005,xover-m05-g2-L5p3-n2-beta3,160,0.005,89,2.948125,0.9952878735942244,0.9960857691911975
xover-m05-g2-L5p3-n2-beta3__N0160__Aplus_0p005,xover-m05-g2-L5p3-n2-beta3__N0160__Aminus_0p005,xover-m05-g2-L5p3-n2-beta3,160,0.005,90,2.98125,0.995360039691407,0.9961453529072065
xover-m05-g2-L5p3-n2-beta3__N0160__Aplus_0p005,xover-m05-g2-L5p3-n2-beta3__N0160__Aminus_0p005,xover-m05-g2-L5p3-n2-beta3,160,0.005,91,3.0143750000000002,0.9954393782200038,0.996210865966074
xover-m05-g2-L5p3-n2-beta3__N0160__Aplus_0p005,xover-m05-g2-L5p3-n2-beta3__N0160__Aminus_0p005,xover-m05-g2-L5p3-n2-beta3,160,0.005,92,3.0475000000000003,0.9955257638092778,0.996282206943108
xover-m05-g2-L5p3-n2-beta3__N0160__Aplus_0p005,xover-m05-g2-L5p3-n2-beta3__N0160__Aminus_0p005,xover-m05-g2-L5p3-n2-beta3,160,0.005,93,3.080625,0.9956190600115682,0.9963592653988305
xover-m05-g2-L5p3-n2-beta3__N0160__Aplus_0p005,xover-m05-g2-L5p3-n2-beta3__N0160__Aminus_0p005,xover-m05-g2-L5p3-n2-beta3,160,0.005,94,3.11375,0.9957191195327039,0.9964419220519154
xover-m05-g2-L5p3-n2-beta3__N0160__Aplus_0p005,xover-m05-g2-L5p3-n2-beta3__N0160__Aminus_0p005,xover-m05-g2-L5p3-n2-beta3,160,0.005,95,3.146875,0.9958257844803186,0.9965300489659185
xover-m05-g2-L5p3-n2-beta3__N0160__Aplus_0p005,xover-m05-g2-L5p3-n2-beta3__N0160__Aminus_0p005,xover-m05-g2-L5p3-n2-beta3,160,0.005,96,3.18,0.9959388866295535,0.9966235097494945
xover-m05-g2-L5p3-n2-beta3__N0160__Aplus_0p005,xover-m05-g2-L5p3-n2-beta3__N0160__Aminus_0p005,xover-m05-g2-L5p3-n2-beta3,160,0.005,97,3.2131250000000002,0.9960582477056015,0.9967221597697777
xover-m05-g2-L5p3-n2-beta3__N0160__Aplus_0p005,xover-m05-g2-L5p3-n2-beta3__N0160__Aminus_0p005,xover-m05-g2-L5p3-n2-beta3,160,0.005,98,3.2462500000000003,0.9961836796825125,0.9968258463785744
xover-m05-g2-L5p3-n2-beta3__N0160__Aplus_0p005,xover-m05-g2-L5p3-n2-beta3__N0160__Aminus_0p005,xover-m05-g2-L5p3-n2-beta3,160,0.005,99,3.2793750000000004,0.9963149850976558,0.9969344091510038
xover-m05-g2-L5p3-n2-beta3__N0160__Aplus_0p005,xover-m05-g2-L5p3-n2-beta3__N0160__Aminus_0p005,xover-m05-g2-L5p3-n2-beta3,160,0.005,100,3.3125,0.996451957381198,0.997047680136197
xover-m05-g2-L5p3-n2-beta3__N0160__Aplus_0p005,xover-m05-g2-L5p3-n2-beta3__N0160__Aminus_0p005,xover-m05-g2-L5p3-n2-beta3,160,0.005,101,3.345625,0.9965943811999383,0.9971654841196478
xover-m05-g2-L5p3-n2-beta3__N0160__Aplus_0p005,xover-m05-g2-L5p3-n2-beta3__N0160__Aminus_0p005,xover-m05-g2-L5p3-n2-beta3,160,0.005,102,3.37875,0.9967420328148139,0.9972876388967924
xover-m05-g2-L5p3-n2-beta3__N0160__Aplus_0p005,xover-m05-g2-L5p3-n2-beta3__N0160__Aminus_0p005,xover-m05-g2-L5p3-n2-beta3,160,0.005,103,3.411875,0.9968946804513656,0.9974139555573736
xover-m05-g2-L5p3-n2-beta3__N0160__Aplus_0p005,xover-m05-g2-L5p3-n2-beta3__N0160__Aminus_0p005,xover-m05-g2-L5p3-n2-beta3,160,0.005,104,3.4450000000000003,0.9970520846824376,0.9975442387801307
xover-m05-g2-L5p3-n2-beta3__N0160__Aplus_0p005,xover-m05-g2-L5p3-n2-beta3__N0160__Aminus_0p005,xover-m05-g2-L5p3-n2-beta3,160,0.005,105,3.4781250000000004,0.9972139988223632,0.9976782871373419
xover-m05-g2-L5p3-n2-beta3__N0160__Aplus_0p005,xover-m05-g2-L5p3-n2-beta3__N0160__Aminus_0p005,xover-m05-g2-L5p3-n2-beta3,160,0.005,106,3.51125,0.9973801693318756,0.9978158934087253
xover-m05-g2-L5p3-n2-beta3__N0160__Aplus_0p005,xover-m05-g2-L5p3-n2-beta3__N0160__Aminus_0p005,xover-m05-g2-L5p3-n2-beta3,160,0.005,107,3.544375,0.9975503362329682,0.9979568449041991
xover-m05-g2-L5p3-n2-beta3__N0160__Aplus_0p005,xover-m05-g2-L5p3-n2-beta3__N0160__Aminus_0p005,xover-m05-g2-L5p3-n2-beta3,160,0.005,108,3.5775,0.9977242335329162,0.9981009237949792
xover-m05-g2-L5p3-n2-beta3__N0160__Aplus_0p005,xover-m05-g2-L5p3-n2-beta3__N0160__Aminus_0p005,xover-m05-g2-L5p3-n2-beta3,160,0.005,109,3.610625,0.9979015896566633,0.9982479074524874
xover-m05-g2-L5p3-n2-beta3__N0160__Aplus_0p005,xover-m05-g2-L5p3-n2-beta3__N0160__Aminus_0p005,xover-m05-g2-L5p3-n2-beta3,160,0.005,110,3.6437500000000003,0.9980821278867704,0.9983975687945268
xover-m05-g2-L5p3-n2-beta3__N0160__Aplus_0p005,xover-m05-g2-L5p3-n2-beta3__N0160__Aminus_0p005,xover-m05-g2-L5p3-n2-beta3,160,0.005,111,3.6768750000000003,0.9982655668101156,0.9985496766381748
xover-m05-g2-L5p3-n2-beta3__N0160__Aplus_0p005,xover-m05-g2-L5p3-n2-beta3__N0160__Aminus_0p005,xover-m05-g2-L5p3-n2-beta3,160,0.005,112,3.71,0.9984516207705344,0.9987039960588304
xover-m05-g2-L5p3-n2-beta3__N0160__Aplus_0p005,xover-m05-g2-L5p3-n2-beta3__N0160__Aminus_0p005,xover-m05-g2-L5p3-n2-beta3,160,0.005,113,3.743125,0.9986400003265868,0.9988602887548468
xover-m05-g2-L5p3-n2-beta3__N0160__Aplus_0p005,xover-m05-g2-L5p3-n2-beta3__N0160__Aminus_0p005,xover-m05-g2-L5p3-n2-beta3,160,0.005,114,3.77625,0.9988304127136376,0.9990183134171732
xover-m05-g2-L5p3-n2-beta3__N0160__Aplus_0p005,xover-m05-g2-L5p3-n2-beta3__N0160__Aminus_0p005,xover-m05-g2-L5p3-n2-beta3,160,0.005,115,3.809375,0.9990225623094405,0.9991778261034198
xover-m05-g2-L5p3-n2-beta3__N0160__Aplus_0p005,xover-m05-g2-L5p3-n2-beta3__N0160__Aminus_0p005,xover-m05-g2-L5p3-n2-beta3,160,0.005,116,3.8425000000000002,0.9992161511024218,0.999338580615758
xover-m05-g2-L5p3-n2-beta3__N0160__Aplus_0p005,xover-m05-g2-L5p3-n2-beta3__N0160__Aminus_0p005,xover-m05-g2-L5p3-n2-beta3,160,0.005,117,3.8756250000000003,0.9994108791618633,0.9995003288820622
xover-m05-g2-L5p3-n2-beta3__N0160__Aplus_0p005,xover-m05-g2-L5p3-n2-beta3__N0160__Aminus_0p005,xover-m05-g2-L5p3-n2-beta3,160,0.005,118,3.9087500000000004,0.9996064451091942,0.9996628213396935
xover-m05-g2-L5p3-n2-beta3__N0160__Aplus_0p005,xover-m05-g2-L5p3-n2-beta3__N0160__Aminus_0p005,xover-m05-g2-L5p3-n2-beta3,160,0.005,119,3.941875,0.9998025465896111,0.9998258073213272
xover-m05-g2-L5p3-n2-beta3__N0160__Aplus_0p005,xover-m05-g2-L5p3-n2-beta3__N0160__Aminus_0p005,xover-m05-g2-L5p3-n2-beta3,160,0.005,120,3.975,0.9999988807432568,0.9999890354422217
xover-m05-g2-L5p3-n2-beta3__N0160__Aplus_0p005,xover-m05-g2-L5p3-n2-beta3__N0160__Aminus_0p005,xover-m05-g2-L5p3-n2-beta3,160,0.005,121,4.008125000000001,1.0001951446751984,1.0001522539883263
xover-m05-g2-L5p3-n2-beta3__N0160__Aplus_0p005,xover-m05-g2-L5p3-n2-beta3__N0160__Aminus_0p005,xover-m05-g2-L5p3-n2-beta3,160,0.005,122,4.04125,1.000391035923465,1.0003152113046252
xover-m05-g2-L5p3-n2-beta3__N0160__Aplus_0p005,xover-m05-g2-L5p3-n2-beta3__N0160__Aminus_0p005,xover-m05-g2-L5p3-n2-beta3,160,0.005,123,4.074375,1.0005862529244147,1.0004776561831172
xover-m05-g2-L5p3-n2-beta3__N0160__Aplus_0p005,xover-m05-g2-L5p3-n2-beta3__N0160__Aminus_0p005,xover-m05-g2-L5p3-n2-beta3,160,0.005,124,4.1075,1.0007804954747204,1.0006393382498344
xover-m05-g2-L5p3-n2-beta3__N0160__Aplus_0p005,xover-m05-g2-L5p3-n2-beta3__N0160__Aminus_0p005,xover-m05-g2-L5p3-n2-beta3,160,0.005,125,4.140625,1.0009734651892808,1.0008000083503013
xover-m05-g2-L5p3-n2-beta3__N0160__Aplus_0p005,xover-m05-g2-L5p3-n2-beta3__N0160__Aminus_0p005,xover-m05-g2-L5p3-n2-beta3,160,0.005,126,4.17375,1.001164865954381,1.0009594189328452
xover-m05-g2-L5p3-n2-beta3__N0160__Aplus_0p005,xover-m05-g2-L5p3-n2-beta3__N0160__Aminus_0p005,xover-m05-g2-L5p3-n2-beta3,160,0.005,127,4.206875,1.0013544043754476,1.0011173244291713
xover-m05-g2-L5p3-n2-beta3__N0160__Aplus_0p005,xover-m05-g2-L5p3-n2-beta3__N0160__Aminus_0p005,xover-m05-g2-L5p3-n2-beta3,160,0.005,128,4.24,1.0015417902187609,1.0012734816316222
xover-m05-g2-L5p3-n2-beta3__N0160__Aplus_0p005,xover-m05-g2-L5p3-n2-beta3__N0160__Aminus_0p005,xover-m05-g2-L5p3-n2-beta3,160,0.005,129,4.273125,1.0017267368465097,1.0014276500665467
xover-m05-g2-L5p3-n2-beta3__N0160__Aplus_0p005,xover-m05-g2-L5p3-n2-beta3__N0160__Aminus_0p005,xover-m05-g2-L5p3-n2-beta3,160,0.005,130,4.30625,1.0019089616445966,1.0015795923632138
xover-m05-g2-L5p3-n2-beta3__N0160__Aplus_0p005,xover-m05-g2-L5p3-n2-beta3__N0160__Aminus_0p005,xover-m05-g2-L5p3-n2-beta3,160,0.005,131,4.339375,1.0020881864426183,1.0017290746177148
xover-m05-g2-L5p3-n2-beta3__N0160__Aplus_0p005,xover-m05-g2-L5p3-n2-beta3__N0160__Aminus_0p005,xover-m05-g2-L5p3-n2-beta3,160,0.005,132,4.3725000000000005,1.0022641379254738,1.001875866751301
xover-m05-g2-L5p3-n2-beta3__N0160__Aplus_0p005,xover-m05-g2-L5p3-n2-beta3__N0160__Aminus_0p005,xover-m05-g2-L5p3-n2-beta3,160,0.005,133,4.405625000000001,1.00243654803607,1.0020197428626234
xover-m05-g2-L5p3-n2-beta3__N0160__Aplus_0p005,xover-m05-g2-L5p3-n2-beta3__N0160__Aminus_0p005,xover-m05-g2-L5p3-n2-beta3,160,0.005,134,4.438750000000001,1.002605154368623,1.0021604815733431
xover-m05-g2-L5p3-n2-beta3__N0160__Aplus_0p005,xover-m05-g2-L5p3-n2-beta3__N0160__Aminus_0p005,xover-m05-g2-L5p3-n2-beta3,160,0.005,135,4.471875,1.0027697005520673,1.0022978663665993
xover-m05-g2-L5p3-n2-beta3__N0160__Aplus_0p005,xover-m05-g2-L5p3-n2-beta3__N0160__Aminus_0p005,xover-m05-g2-L5p3-n2-beta3,160,0.005,136,4.505,1.002929936623116,1.0024316859178264
xover-m05-g2-L5p3-n2-beta3__N0160__Aplus_0p005,xover-m05-g2-L5p3-n2-beta3__N0160__Aminus_0p005,xover-m05-g2-L5p3-n2-beta3,160,0.005,137,4.538125,1.0030856193885347,1.0025617344174336
xover-m05-g2-L5p3-n2-beta3__N0160__Aplus_0p005,xover-m05-g2-L5p3-n2-beta3__N0160__Aminus_0p005,xover-m05-g2-L5p3-n2-beta3,160,0.005,138,4.57125,1.003236512776209,1.0026878118848663
xover-m05-g2-L5p3-n2-beta3__N0160__Aplus_0p005,xover-m05-g2-L5p3-n2-beta3__N0160__Aminus_0p005,xover-m05-g2-L5p3-n2-beta3,160,0.005,139,4.604375,1.0033823881746164,1.0028097244735843
xover-m05-g2-L5p3-n2-beta3__N0160__Aplus_0p005,xover-m05-g2-L5p3-n2-beta3__N0160__Aminus_0p005,xover-m05-g2-L5p3-n2-beta3,160,0.005,140,4.6375,1.0035230247603275,1.002927284766512
xover-m05-g2-L5p3-n2-beta3__N0160__Aplus_0p005,xover-m05-g2-L5p3-n2-beta3__N0160__Aminus_0p005,xover-m05-g2-L5p3-n2-beta3,160,0.005,141,4.670625,1.0036582098131865,1.0030403120615219
xover-m05-g2-L5p3-n2-beta3__N0160__Aplus_0p005,xover-m05-g2-L5p3-n2-beta3__N0160__Aminus_0p005,xover-m05-g2-L5p3-n2-beta3,160,0.005,142,4.70375,1.003787739018843,1.0031486326465358
xover-m05-g2-L5p3-n2-beta3__N0160__Aplus_0p005,xover-m05-g2-L5p3-n2-beta3__N0160__Aminus_0p005,xover-m05-g2-L5p3-n2-beta3,160,0.005,143,4.736875,1.0039114167583212,1.0032520800638414
xover-m05-g2-L5p3-n2-beta3__N0160__Aplus_0p005,xover-m05-g2-L5p3-n2-beta3__N0160__Aminus_0p005,xover-m05-g2-L5p3-n2-beta3,160,0.005,144,4.7700000000000005,1.0040290563843415,1.0033504953632373
xover-m05-g2-L5p3-n2-beta3__N0160__Aplus_0p005,xover-m05-g2-L5p3-n2-beta3__N0160__Aminus_0p005,xover-m05-g2-L5p3-n2-beta3,160,0.005,145,4.8031250000000005,1.004140480484122,1.0034437273436414
xover-m05-g2-L5p3-n2-beta3__N0160__Aplus_0p005,xover-m05-g2-L5p3-n2-beta3__N0160__Aminus_0p005,xover-m05-g2-L5p3-n2-beta3,160,0.005,146,4.836250000000001,1.0042455211284091,1.0035316327828092
xover-m05-g2-L5p3-n2-beta3__N0160__Aplus_0p005,xover-m05-g2-L5p3-n2-beta3__N0160__Aminus_0p005,xover-m05-g2-L5p3-n2-beta3,160,0.005,147,4.869375000000001,1.0043440201065041,1.0036140766548318
xover-m05-g2-L5p3-n2-beta3__N0160__Aplus_0p005,xover-m05-g2-L5p3-n2-beta3__N0160__Aminus_0p005,xover-m05-g2-L5p3-n2-beta3,160,0.005,148,4.9025,1.0044358291470723,1.0036909323350964
xover-m05-g2-L5p3-n2-beta3__N0160__Aplus_0p005,xover-m05-g2-L5p3-n2-beta3__N0160__Aminus_0p005,xover-m05-g2-L5p3-n2-beta3,160,0.005,149,4.935625,1.0045208101245342,1.0037620817924184
xover-m05-g2-L5p3-n2-beta3__N0160__Aplus_0p005,xover-m05-g2-L5p3-n2-beta3__N0160__Aminus_0p005,xover-m05-g2-L5p3-n2-beta3,160,0.005,150,4.96875,1.0045988352508592,1.0038274157680638
xover-m05-g2-L5p3-n2-beta3__N0160__Aplus_0p005,xover-m05-g2-L5p3-n2-beta3__N0160__Aminus_0p005,xover-m05-g2-L5p3-n2-beta3,160,0.005,151,5.001875,1.0046697872525974,1.0038868339414082
xover-m05-g2-L5p3-n2-beta3__N0160__Aplus_0p005,xover-m05-g2-L5p3-n2-beta3__N0160__Aminus_0p005,xover-m05-g2-L5p3-n2-beta3,160,0.005,152,5.035,1.0047335595329954,1.0039402450819939
xover-m05-g2-L5p3-n2-beta3__N0160__Aplus_0p005,xover-m05-g2-L5p3-n2-beta3__N0160__Aminus_0p005,xover-m05-g2-L5p3-n2-beta3,160,0.005,153,5.068125,1.0047900563190688,1.0039875671877665
xover-m05-g2-L5p3-n2-beta3__N0160__Aplus_0p005,xover-m05-g2-L5p3-n2-beta3__N0160__Aminus_0p005,xover-m05-g2-L5p3-n2-beta3,160,0.005,154,5.10125,1.0048391927935028,1.0040287276092956
xover-m05-g2-L5p3-n2-beta3__N0160__Aplus_0p005,xover-m05-g2-L5p3-n2-beta3__N0160__Aminus_0p005,xover-m05-g2-L5p3-n2-beta3,160,0.005,155,5.134375,1.0048808952112809,1.0040636631598001
xover-m05-g2-L5p3-n2-beta3__N0160__Aplus_0p005,xover-m05-g2-L5p3-n2-beta3__N0160__Aminus_0p005,xover-m05-g2-L5p3-n2-beta3,160,0.005,156,5.1675,1.0049151010009467,1.0040923202108218
xover-m05-g2-L5p3-n2-beta3__N0160__Aplus_0p005,xover-m05-g2-L5p3-n2-beta3__N0160__Aminus_0p005,xover-m05-g2-L5p3-n2-beta3,160,0.005,157,5.2006250000000005,1.0049417588504186,1.004114654773412
xover-m05-g2-L5p3-n2-beta3__N0160__Aplus_0p005,xover-m05-g2-L5p3-n2-beta3__N0160__Aminus_0p005,xover-m05-g2-L5p3-n2-beta3,160,0.005,158,5.233750000000001,1.004960828777292,1.004130632564714
xover-m05-g2-L5p3-n2-beta3__N0160__Aplus_0p005,xover-m05-g2-L5p3-n2-beta3__N0160__Aminus_0p005,xover-m05-g2-L5p3-n2-beta3,160,0.005,159,5.266875000000001,1.0049722821835743,1.004140229059849
xover-m05-g2-L5p3-n2-beta3__N0160__Aplus_0p005,xover-m05-g2-L5p3-n2-beta3__N0160__Aminus_0p005,xover-m05-g2-L5p3-n2-beta3,160,0.005,160,5.3,1.0049761018948113,1.0041434295290292
xover-m05-g2-L5p3-n2-beta3__N0160__Aplus_0p01,xover-m05-g2-L5p3-n2-beta3__N0160__Aminus_0p01,xover-m05-g2-L5p3-n2-beta3,160,0.01,0,0.0,1.0099044159946913,1.0082582399378404
xover-m05-g2-L5p3-n2-beta3__N0160__Aplus_0p01,xover-m05-g2-L5p3-n2-beta3__N0160__Aminus_0p01,xover-m05-g2-L5p3-n2-beta3,160,0.01,1,0.033125,1.0098968467434633,1.0082518490845538
xover-m05-g2-L5p3-n2-beta3__N0160__Aplus_0p01,xover-m05-g2-L5p3-n2-beta3__N0160__Aminus_0p01,xover-m05-g2-L5p3-n2-beta3,160,0.01,2,0.06625,1.0098741500122523,1.0082326862876476
xover-m05-g2-L5p3-n2-beta3__N0160__Aplus_0p01,xover-m05-g2-L5p3-n2-beta3__N0160__Aminus_0p01,xover-m05-g2-L5p3-n2-beta3,160,0.01,3,0.099375,1.0098363588554762,1.0082007808215132
xover-m05-g2-L5p3-n2-beta3__N0160__Aplus_0p01,xover-m05-g2-L5p3-n2-beta3__N0160__Aminus_0p01,xover-m05-g2-L5p3-n2-beta3,160,0.01,4,0.1325,1.0097835283204872,1.0081561814285882
xover-m05-g2-L5p3-n2-beta3__N0160__Aplus_0p01,xover-m05-g2-L5p3-n2-beta3__N0160__Aminus_0p01,xover-m05-g2-L5p3-n2-beta3,160,0.01,5,0.16562500000000002,1.0097157353825443,1.0080989562470999
xover-m05-g2-L5p3-n2-beta3__N0160__Aplus_0p01,xover-m05-g2-L5p3-n2-beta3__N0160__Aminus_0p01,xover-m05-g2-L5p3-n2-beta3,160,0.01,6,0.19875,1.0096330788537402,1.0080291927100333
xover-m05-g2-L5p3-n2-beta3__N0160__Aplus_0p01,xover-m05-g2-L5p3-n2-beta3__N0160__Aminus_0p01,xover-m05-g2-L5p3-n2-beta3,160,0.01,7,0.231875,1.009535679265858,1.0079469974154565
xover-m05-g2-L5p3-n2-beta3__N0160__Aplus_0p01,xover-m05-g2-L5p3-n2-beta3__N0160__Aminus_0p01,xover-m05-g2-L5p3-n2-beta3,160,0.01,8,0.265,1.009423678727122,1.0078524959683637
xover-m05-g2-L5p3-n2-beta3__N0160__Aplus_0p01,xover-m05-g2-L5p3-n2-beta3__N0160__Aminus_0p01,xover-m05-g2-L5p3-n2-beta3,160,0.01,9,0.29812500000000003,1.0092972407527991,1.0077458327942463
xover-m05-g2-L5p3-n2-beta3__N0160__Aplus_0p01,xover-m05-g2-L5p3-n2-beta3__N0160__Aminus_0p01,xover-m05-g2-L5p3-n2-beta3,160,0.01,10,0.33125000000000004,1.0091565500696107,1.0076271709246216
xover-m05-g2-L5p3-n2-beta3__N0160__Aplus_0p01,xover-m05-g2-L5p3-n2-beta3__N0160__Aminus_0p01,xover-m05-g2-L5p3-n2-beta3,160,0.01,11,0.364375,1.0090018123939064,1.007496691754805
xover-m05-g2-L5p3-n2-beta3__N0160__Aplus_0p01,xover-m05-g2-L5p3-n2-beta3__N0160__Aminus_0p01,xover-m05-g2-L5p3-n2-beta3,160,0.01,12,0.3975,1.0088332541835558,1.0073545947742315
xover-m05-g2-L5p3-n2-beta3__N0160__Aplus_0p01,xover-m05-g2-L5p3-n2-beta3__N0160__Aminus_0p01,xover-m05-g2-L5p3-n2-beta3,160,0.01,13,0.43062500000000004,1.0086511223635164,1.0072010972696805
xover-m05-g2-L5p3-n2-beta3__N0160__Aplus_0p01,xover-m05-g2-L5p3-n2-beta3__N0160__Aminus_0p01,xover-m05-g2-L5p3-n2-beta3,160,0.01,14,0.46375,1.0084556840250414,1.0070364340017874
xover-m05-g2-L5p3-n2-beta3__N0160__Aplus_0p01,xover-m05-g2-L5p3-n2-beta3__N0160__Aminus_0p01,xover-m05-g2-L5p3-n2-beta3,160,0.01,15,0.496875,1.0082472260985007,1.0068608568552666
xover-m05-g2-L5p3-n2-beta3__N0160__Aplus_0p01,xover-m05-g2-L5p3-n2-beta3__N0160__Aminus_0p01,xover-m05-g2-L5p3-n2-beta3,160,0.01,16,0.53,1.0080260549997977,1.0066746344633029
xover-m05-g2-L5p3-n2-beta3__N0160__Aplus_0p01,xover-m05-g2-L5p3-n2-beta3__N0160__Aminus_0p01,xover-m05-g2-L5p3-n2-beta3,160,0.01,17,0.563125,1.0077924962503806,1.006478051806611
xover-m05-g2-L5p3-n2-beta3__N0160__Aplus_0p01,xover-m05-g2-L5p3-n2-beta3__N0160__Aminus_0p01,xover-m05-g2-L5p3-n2-beta3,160,0.01,18,0.5962500000000001,1.0075468940708683,1.0062714097876881
xover-m05-g2-L5p3-n2-beta3__N0160__Aplus_0p01,xover-m05-g2-L5p3-n2-beta3__N0160__Aminus_0p01,xover-m05-g2-L5p3-n2-beta3,160,0.01,19,0.629375,1.0072896109483256,1.0060550247808333
xover-m05-g2-L5p3-n2-beta3__N0160__Aplus_0p01,xover-m05-g2-L5p3-n2-beta3__N0160__Aminus_0p01,xover-m05-g2-L5p3-n2-beta3,160,0.01,20,0.6625000000000001,1.0070210271772537,1.0058292281585326
xover-m05-g2-L5p3-n2-beta3__N0160__Aplus_0p01,xover-m05-g2-L5p3-n2-beta3__N0160__Aminus_0p01,xover-m05-g2-L5p3-n2-beta3,160,0.01,21,0.695625,1.0067415403743882,1.005594365794848
xover-m05-g2-L5p3-n2-beta3__N0160__Aplus_0p01,xover-m05-g2-L5p3-n2-beta3__N0160__Aminus_0p01,xover-m05-g2-L5p3-n2-beta3,160,0.01,22,0.72875,1.0064515649674297,1.0053507975464888
xover-m05-g2-L5p3-n2-beta3__N0160__Aplus_0p01,xover-m05-g2-L5p3-n2-beta3__N0160__Aminus_0p01,xover-m05-g2-L5p3-n2-beta3,160,0.01,23,0.7618750000000001,1.006151531657867,1.0050988967122638
xover-m05-g2-L5p3-n2-beta3__N0160__Aplus_0p01,xover-m05-g2-L5p3-n2-beta3__N0160__Aminus_0p01,xover-m05-g2-L5p3-n2-beta3,160,0.01,24,0.795,1.0058418868580947,1.0048390494716646
xover-m05-g2-L5p3-n2-beta3__N0160__Aplus_0p01,xover-m05-g2-L5p3-n2-beta3__N0160__Aminus_0p01,xover-m05-g2-L5p3-n2-beta3,160,0.01,25,0.828125,1.0055230921030678,1.0045716543033505
xover-m05-g2-L5p3-n2-beta3__N0160__Aplus_0p01,xover-m05-g2-L5p3-n2-beta3__N0160__Aminus_0p01,xover-m05-g2-L5p3-n2-beta3,160,0.01,26,0.8612500000000001,1.0051956234367854,1.0042971213843457
xover-m05-g2-L5p3-n2-beta3__N0160__Aplus_0p01,xover-m05-g2-L5p3-n2-beta3__N0160__Aminus_0p01,xover-m05-g2-L5p3-n2-beta3,160,0.01,27,0.894375,1.0048599707739418,1.0040158719707868
xover-m05-g2-L5p3-n2-beta3__N0160__Aplus_0p01,xover-m05-g2-L5p3-n2-beta3__N0160__Aminus_0p01,xover-m05-g2-L5p3-n2-beta3,160,0.01,28,0.9275,1.0045166372371401,1.003728337761095
xover-m05-g2-L5p3-n2-beta3__N0160__Aplus_0p01,xover-m05-g2-L5p3-n2-beta3__N0160__Aminus_0p01,xover-m05-g2-L5p3-n2-beta3,160,0.01,29,0.9606250000000001,1.004166138470119,1.0034349602424728
xover-m05-g2-L5p3-n2-beta3__N0160__Aplus_0p01,xover-m05-g2-L5p3-n2-beta3__N0160__Aminus_0p01,xover-m05-g2-L5p3-n2-beta3,160,0.01,30,0.99375,1.0038090019274994,1.0031361900216624
xover-m05-g2-L5p3-n2-beta3__N0160__Aplus_0p01,xover-m05-g2-L5p3-n2-beta3__N0160__Aminus_0p01,xover-m05-g2-L5p3-n2-beta3,160,0.01,31,1.026875,1.003445766141625,1.0028324861409212
xover-m05-g2-L5p3-n2-beta3__N0160__Aplus_0p01,xover-m05-g2-L5p3-n2-beta3__N0160__Aminus_0p01,xover-m05-g2-L5p3-n2-beta3,160,0.01,32,1.06,1.0030769799671293,1.002524315380209
xover-m05-g2-L5p3-n2-beta3__N0160__Aplus_0p01,xover-m05-g2-L5p3-n2-beta3__N0160__Aminus_0p01,xover-m05-g2-L5p3-n2-beta3,160,0.01,33,1.0931250000000001,1.0027032018039321,1.0022121515465987
xover-m05-g2-L5p3-n2-beta3__N0160__Aplus_0p01,xover-m05-g2-L5p3-n2-beta3__N0160__Aminus_0p01,xover-m05-g2-L5p3-n2-beta3,160,0.01,34,1.12625,1.0023249987994347,1.001896474751955
xover-m05-g2-L5p3-n2-beta3__N0160__Aplus_0p01,xover-m05-g2-L5p3-n2-beta3__N0160__Aminus_0p01,xover-m05-g2-L5p3-n2-beta3,160,0.01,35,1.159375,1.0019429460307512,1.0015777706799434
xover-m05-g2-L5p3-n2-beta3__N0160__Aplus_0p01,xover-m05-g2-L5p3-n2-beta3__N0160__Aminus_0p01,xover-m05-g2-L5p3-n2-beta3,160,0.01,36,1.1925000000000001,1.0015576256678893,1.0012565298434604
xover-m05-g2-L5p3-n2-beta3__N0160__Aplus_0p01,xover-m05-g2-L5p3-n2-beta3__N0160__Aminus_0p01,xover-m05-g2-L5p3-n2-beta3,160,0.01,37,1.225625,1.0011696261188572,1.0009332468335936
xover-m05-g2-L5p3-n2-beta3__N0160__Aplus_0p01,xover-m05-g2-L5p3-n2-beta3__N0160__Aminus_0p01,xover-m05-g2-L5p3-n2-beta3,160,0.01,38,1.25875,1.000779541157754,1.0006084195612415
xover-m05-g2-L5p3-n2-beta3__N0160__Aplus_0p01,xover-m05-g2-L5p3-n2-beta3__N0160__Aminus_0p01,xover-m05-g2-L5p3-n2-beta3,160,0.01,39,1.291875,1.0003879690369664,1.0002825484925366
xover-m05-g2-L5p3-n2-beta3__N0160__Aplus_0p01,xover-m05-g2-L5p3-n2-beta3__N0160__Aminus_0p01,xover-m05-g2-L5p3-n2-beta3,160,0.01,40,1.3250000000000002,0.999995511584668,0.9999561358792441
xover-m05-g2-L5p3-n2-beta3__N0160__Aplus_0p01,xover-m05-g2-L5p3-n2-beta3__N0160__Aminus_0p01,xover-m05-g2-L5p3-n2-beta3,160,0.01,41,1.358125,0.9996027732888931,0.9996296849853051
xover-m05-g2-L5p3-n2-beta3__N0160__Aplus_0p01,xover-m05-g2-L5p3-n2-beta3__N0160__Aminus_0p01,xover-m05-g2-L5p3-n2-beta3,160,0.01,42,1.39125,0.9992103603695148,0.9993036993107242
xover-m05-g2-L5p3-n2-beta3__N0160__Aplus_0p01,xover-m05-g2-L5p3-n2-beta3__N0160__Aminus_0p01,xover-m05-g2-L5p3-n2-beta3,160,0.01,43,1.4243750000000002,0.9988188798395411,0.9989786818139986
xover-m05-g2-L5p3-n2-beta3__N0160__Aplus_0p01,xover-m05-g2-L5p3-n2-beta3__N0160__Aminus_0p01,xover-m05-g2-L5p3-n2-beta3,160,0.01,44,1.4575,0.9984289385571942,0.9986551341343028
xover-m05-g2-L5p3-n2-beta3__N0160__Aplus_0p01,xover-m05-g2-L5p3-n2-beta3__N0160__Aminus_0p01,xover-m05-g2-L5p3-n2-beta3,160,0.01,45,1.490625,0.9980411422703117,0.998333555814646
xover-m05-g2-L5p3-n2-beta3__N0160__Aplus_0p01,xover-m05-g2-L5p3-n2-beta3__N0160__Aminus_0p01,xover-m05-g2-L5p3-n2-beta3,160,0.01,46,1.5237500000000002,0.9976560946546646,0.9980144435272267
xover-m05-g2-L5p3-n2-beta3__N0160__Aplus_0p01,xover-m05-g2-L5p3-n2-beta3__N0160__Aminus_0p01,xover-m05-g2-L5p3-n2-beta3,160,0.01,47,1.556875,0.9972743963478453,0.9976982903022116
xover-m05-g2-L5p3-n2-beta3__N0160__Aplus_0p01,xover-m05-g2-L5p3-n2-beta3__N0160__Aminus_0p01,xover-m05-g2-L5p3-n2-beta3,160,0.01,48,1.59,0.9968966439804341,0.9973855847611625
xover-m05-g2-L5p3-n2-beta3__N0160__Aplus_0p01,xover-m05-g2-L5p3-n2-beta3__N0160__Aminus_0p01,xover-m05-g2-L5p3-n2-beta3,160,0.01,49,1.6231250000000002,0.996523429206202,0.9970768103563411
xover-m05-g2-L5p3-n2-beta3__N0160__Aplus_0p01,xover-m05-g2-L5p3-n2-beta3__N0160__Aminus_0p01,xover-m05-g2-L5p3-n2-beta3,160,0.01,50,1.65625,0.9961553377331522,0.9967724446171082
xover-m05-g2-L5p3-n2-beta3__N0160__Aplus_0p01,xover-m05-g2-L5p3-n2-beta3__N0160__Aminus_0p01,xover-m05-g2-L5p3-n2-beta3,160,0.01,51,1.689375,0.9957929483572466,0.9964729584046382
xover-m05-g2-L5p3-n2-beta3__N0160__Aplus_0p01,xover-m05-g2-L5p3-n2-beta3__N0160__Aminus_0p01,xover-m05-g2-L5p3-n2-beta3,160,0.01,52,1.7225000000000001,0.9954368320006945,0.9961788151761525
xover-m05-g2-L5p3-n2-beta3__N0160__Aplus_0p01,xover-m05-g2-L5p3-n2-beta3__N0160__Aminus_0p01,xover-m05-g2-L5p3-n2-beta3,160,0.01,53,1.755625,0.9950875507567182,0.9958904702598703
xover-m05-g2-L5p3-n2-beta3__N0160__Aplus_0p01,xover-m05-g2-L5p3-n2-beta3__N0160__Aminus_0p01,xover-m05-g2-L5p3-n2-beta3,160,0.01,54,1.78875,0.9947456569427279,0.9956083701418607
xover-m05-g2-L5p3-n2-beta3__N0160__Aplus_0p01,xover-m05-g2-L5p3-n2-beta3__N0160__Aminus_0p01,xover-m05-g2-L5p3-n2-beta3,160,0.01,55,1.8218750000000001,0.9944116921638644,0.9953329517659651
xover-m05-g2-L5p3-n2-beta3__N0160__Aplus_0p01,xover-m05-g2-L5p3-n2-beta3__N0160__Aminus_0p01,xover-m05-g2-L5p3-n2-beta3,160,0.01,56,1.855,0.9940861863888738,0.9950646418479425
xover-m05-g2-L5p3-n2-beta3__N0160__Aplus_0p01,xover-m05-g2-L5p3-n2-beta3__N0160__Aminus_0p01,xover-m05-g2-L5p3-n2-beta3,160,0.01,57,1.888125,0.9937696570402925,0.994803856204968
xover-m05-g2-L5p3-n2-beta3__N0160__Aplus_0p01,xover-m05-g2-L5p3-n2-beta3__N0160__Aminus_0p01,xover-m05-g2-L5p3-n2-beta3,160,0.01,58,1.9212500000000001,0.9934626081009158,0.994550999101598
xover-m05-g2-L5p3-n2-beta3__N0160__Aplus_0p01,xover-m05-g2-L5p3-n2-beta3__N0160__Aminus_0p01,xover-m05-g2-L5p3-n2-beta3,160,0.01,59,1.9543750000000002,0.993165529238519,0.9943064626132858
xover-m05-g2-L5p3-n2-beta3__N0160__Aplus_0p01,xover-m05-g2-L5p3-n2-beta3__N0160__Aminus_0p01,xover-m05-g2-L5p3-n2-beta3,160,0.01,60,1.9875,0.9928788949507866,0.9940706260085107
xover-m05-g2-L5p3-n2-beta3__N0160__Aplus_0p01,xover-m05-g2-L5p3-n2-beta3__N0160__Aminus_0p01,xover-m05-g2-L5p3-n2-beta3,160,0.01,61,2.020625,0.992603163732387,0.9938438551505513
xover-m05-g2-L5p3-n2-beta3__N0160__Aplus_0p01,xover-m05-g2-L5p3-n2-beta3__N0160__Aminus_0p01,xover-m05-g2-L5p3-n2-beta3,160,0.01,62,2.05375,0.9923387772660988,0.9936265019199073
xover-m05-g2-L5p3-n2-beta3__N0160__Aplus_0p01,xover-m05-g2-L5p3-n2-beta3__N0160__Aminus_0p01,xover-m05-g2-L5p3-n2-beta3,160,0.01,63,2.086875,0.9920861596398691,0.9934189036583371
xover-m05-g2-L5p3-n2-beta3__N0160__Aplus_0p01,xover-m05-g2-L5p3-n2-beta3__N0160__Aminus_0p01,xover-m05-g2-L5p3-n2-beta3,160,0.01,64,2.12,0.9918457165916348,0.9932213826354486
xover-m05-g2-L5p3-n2-beta3__N0160__Aplus_0p01,xover-m05-g2-L5p3-n2-beta3__N0160__Aminus_0p01,xover-m05-g2-L5p3-n2-beta3,160,0.01,65,2.153125,0.991617834783699,0.9930342455387452
xover-m05-g2-L5p3-n2-beta3__N0160__Aplus_0p01,xover-m05-g2-L5p3-n2-beta3__N0160__Aminus_0p01,xover-m05-g2-L5p3-n2-beta3,160,0.01,66,2.1862500000000002,0.9914028811083967,0.9928577829879851
xover-m05-g2-L5p3-n2-beta3__N0160__Aplus_0p01,xover-m05-g2-L5p3-n2-beta3__N0160__Aminus_0p01,xover-m05-g2-L5p3-n2-beta3,160,0.01,67,2.2193750000000003,0.9912012020267245,0.9926922690746792
xover-m05-g2-L5p3-n2-beta3__N0160__Aplus_0p01,xover-m05-g2-L5p3-n2-beta3__N0160__Aminus_0p01,xover-m05-g2-L5p3-n2-beta3,160,0.01,68,2.2525,0.9910131229415442,0.9925379609275087
xover-m05-g2-L5p3-n2-beta3__N0160__Aplus_0p01,xover-m05-g2-L5p3-n2-beta3__N0160__Aminus_0p01,xover-m05-g2-L5p3-n2-beta3,160,0.01,69,2.285625,0.9908389476068971,0.9923950983043999
xover-m05-g2-L5p3-n2-beta3__N0160__Aplus_0p01,xover-m05-g2-L5p3-n2-beta3__N0160__Aminus_0p01,xover-m05-g2-L5p3-n2-beta3,160,0.01,70,2.31875,0.990678957574886,0.9922639032119513
xover-m05-g2-L5p3-n2-beta3__N0160__Aplus_0p01,xover-m05-g2-L5p3-n2-beta3__N0160__Aminus_0p01,xover-m05-g2-L5p3-n2-beta3,160,0.01,71,2.351875,0.9905334116815017,0.9921445795528623
xover-m05-g2-L5p3-n2-beta3__N0160__Aplus_0p01,xover-m05-g2-L5p3-n2-beta3__N0160__Aminus_0p01,xover-m05-g2-L5p3-n2-beta3,160,0.01,72,2.3850000000000002,0.9904025455726768,0.9920373128019631
xover-m05-g2-L5p3-n2-beta3__N0160__Aplus_0p01,xover-m05-g2-L5p3-n2-beta3__N0160__Aminus_0p01,xover-m05-g2-L5p3-n2-beta3,160,0.01,73,2.4181250000000003,0.9902865712717606,0.9919422697114019
xover-m05-g2-L5p3-n2-beta3__N0160__Aplus_0p01,xover-m05-g2-L5p3-n2-beta3__N0160__Aminus_0p01,xover-m05-g2-L5p3-n2-beta3,160,0.01,74,2.45125,0.9901856767895059,0.9918595980454907
xover-m05-g2-L5p3-n2-beta3__N0160__Aplus_0p01,xover-m05-g2-L5p3-n2-beta3__N0160__Aminus_0p01,xover-m05-g2-L5p3-n2-beta3,160,0.01,75,2.484375,0.9901000257775575,0.9917894263456677
xover-m05-g2-L5p3-n2-beta3__N0160__Aplus_0p01,xover-m05-g2-L5p3-n2-beta3__N0160__Aminus_0p01,xover-m05-g2-L5p3-n2-beta3,160,0.01,76,2.5175,0.9900297572263252,0.9917318637259737
xover-m05-g2-L5p3-n2-beta3__N0160__Aplus_0p01,xover-m05-g2-L5p3-n2-beta3__N0160__Aminus_0p01,xover-m05-g2-L5p3-n2-beta3,160,0.01,77,2.550625,0.989974985208013,0.9916869996993976
xover-m05-g2-L5p3-n2-beta3__N0160__Aplus_0p01,xover-m05-g2-L5p3-n2-beta3__N0160__Aminus_0p01,xover-m05-g2-L5p3-n2-beta3,160,0.01,78,2.58375,0.9899357986654624,0.991654904035387
xover-m05-g2-L5p3-n2-beta3__N0160__Aplus_0p01,xover-m05-g2-L5p3-n2-beta3__N0160__Aminus_0p01,xover-m05-g2-L5p3-n2-beta3,160,0.01,79,2.6168750000000003,0.9899122612473539,0.9916356266487684
xover-m05-g2-L5p3-n2-beta3__N0160__Aplus_0p01,xover-m05-g2-L5p3-n2-beta3__N0160__Aminus_0p01,xover-m05-g2-L5p3-n2-beta3,160,0.01,80,2.6500000000000004,0.9899044111901882,0.9916291975202675
xover-m05-g2-L5p3-n2-beta3__N0160__Aplus_0p01,xover-m05-g2-L5p3-n2-beta3__N0160__Aminus_0p01,xover-m05-g2-L5p3-n2-beta3,160,0.01,81,2.683125,0.9899122612473538,0.9916356266487675
xover-m05-g2-L5p3-n2-beta3__N0160__Aplus_0p01,xover-m05-g2-L5p3-n2-beta3__N0160__Aminus_0p01,xover-m05-g2-L5p3-n2-beta3,160,0.01,82,2.71625,0.9899357986654622,0.9916549040353853
xover-m05-g2-L5p3-n2-beta3__N0160__Aplus_0p01,xover-m05-g2-L5p3-n2-beta3__N0160__Aminus_0p01,xover-m05-g2-L5p3-n2-beta3,160,0.01,83,2.749375,0.9899749852080127,0.991686999699395
xover-m05-g2-L5p3-n2-beta3__N0160__Aplus_0p01,xover-m05-g2-L5p3-n2-beta3__N0160__Aminus_0p01,xover-m05-g2-L5p3-n2-beta3,160,0.01,84,2.7825,0.9900297572263249,0.9917318637259703
xover-m05-g2-L5p3-n2-beta3__N0160__Aplus_0p01,xover-m05-g2-L5p3-n2-beta3__N0160__Aminus_0p01,xover-m05-g2-L5p3-n2-beta3,160,0.01,85,2.8156250000000003,0.9901000257775571,0.9917894263456637
xover-m05-g2-L5p3-n2-beta3__N0160__Aplus_0p01,xover-m05-g2-L5p3-n2-beta3__N0160__Aminus_0p01,xover-m05-g2-L5p3-n2-beta3,160,0.01,86,2.8487500000000003,0.9901856767895053,0.991859598045486
xover-m05-g2-L5p3-n2-beta3__N0160__Aplus_0p01,xover-m05-g2-L5p3-n2-beta3__N0160__Aminus_0p01,xover-m05-g2-L5p3-n2-beta3,160,0.01,87,2.881875,0.9902865712717599,0.9919422697113962
xover-m05-g2-L5p3-n2-beta3__N0160__Aplus_0p01,xover-m05-g2-L5p3-n2-beta3__N0160__Aminus_0p01,xover-m05-g2-L5p3-n2-beta3,160,0.01,88,2.915,0.9904025455726759,0.9920373128019566
xover-m05-g2-L5p3-n2-beta3__N0160__Aplus_0p01,xover-m05-g2-L5p3-n2-beta3__N0160__Aminus_0p01,xover-m05-g2-L5p3-n2-beta3,160,0.01,89,2.948125,0.9905334116815007,0.9921445795528551
xover-m05-g2-L5p3-n2-beta3__N0160__Aplus_0p01,xover-m05-g2-L5p3-n2-beta3__N0160__Aminus_0p01,xover-m05-g2-L5p3-n2-beta3,160,0.01,90,2.98125,0.9906789575748849,0.9922639032119434
xover-m05-g2-L5p3-n2-beta3__N0160__Aplus_0p01,xover-m05-g2-L5p3-n2-beta3__N0160__Aminus_0p01,xover-m05-g2-L5p3-n2-beta3,160,0.01,91,3.0143750000000002,0.9908389476068957,0.9923950983043912
xover-m05-g2-L5p3-n2-beta3__N0160__Aplus_0p01,xover-m05-g2-L5p3-n2-beta3__N0160__Aminus_0p01,xover-m05-g2-L5p3-n2-beta3,160,0.01,92,3.0475000000000003,0.9910131229415426,0.9925379609274994
xover-m05-g2-L5p3-n2-beta3__N0160__Aplus_0p01,xover-m05-g2-L5p3-n2-beta3__N0160__Aminus_0p01,xover-m05-g2-L5p3-n2-beta3,160,0.01,93,3.080625,0.9912012020267227,0.9926922690746693
xover-m05-g2-L5p3-n2-beta3__N0160__Aplus_0p01,xover-m05-g2-L5p3-n2-beta3__N0160__Aminus_0p01,xover-m05-g2-L5p3-n2-beta3,160,0.01,94,3.11375,0.9914028811083948,0.9928577829879747
xover-m05-g2-L5p3-n2-beta3__N0160__Aplus_0p01,xover-m05-g2-L5p3-n2-beta3__N0160__Aminus_0p01,xover-m05-g2-L5p3-n2-beta3,160,0.01,95,3.146875,0.9916178347836968,0.9930342455387343
xover-m05-g2-L5p3-n2-beta3__N0160__Aplus_0p01,xover-m05-g2-L5p3-n2-beta3__N0160__Aminus_0p01,xover-m05-g2-L5p3-n2-beta3,160,0.01,96,3.18,0.9918457165916323,0.9932213826354369
xover-m05-g2-L5p3-n2-beta3__N0160__Aplus_0p01,xover-m05-g2-L5p3-n2-beta3__N0160__Aminus_0p01,xover-m05-g2-L5p3-n2-beta3,160,0.01,97,3.2131250000000002,0.9920861596398663,0.9934189036583245
xover-m05-g2-L5p3-n2-beta3__N0160__Aplus_0p01,xover-m05-g2-L5p3-n2-beta3__N0160__Aminus_0p01,xover-m05-g2-L5p3-n2-beta3,160,0.01,98,3.2462500000000003,0.9923387772660958,0.9936265019198939
xover-m05-g2-L5p3-n2-beta3__N0160__Aplus_0p01,xover-m05-g2-L5p3-n2-beta3__N0160__Aminus_0p01,xover-m05-g2-L5p3-n2-beta3,160,0.01,99,3.2793750000000004,0.9926031637323836,0.9938438551505366
xover-m05-g2-L5p3-n2-beta3__N0160__Aplus_0p01,xover-m05-g2-L5p3-n2-beta3__N0160__Aminus_0p01,xover-m05-g2-L5p3-n2-beta3,160,0.01,100,3.3125,0.992878894950783,0.9940706260084949
xover-m05-g2-L5p3-n2-beta3__N0160__Aplus_0p01,xover-m05-g2-L5p3-n2-beta3__N0160__Aminus_0p01,xover-m05-g2-L5p3-n2-beta3,160,0.01,101,3.345625,0.993165529238515,0.9943064626132693
xover-m05-g2-L5p3-n2-beta3__N0160__Aplus_0p01,xover-m05-g2-L5p3-n2-beta3__N0160__Aminus_0p01,xover-m05-g2-L5p3-n2-beta3,160,0.01,102,3.37875,0.9934626081009114,0.9945509991015806
xover-m05-g2-L5p3-n2-beta3__N0160__Aplus_0p01,xover-m05-g2-L5p3-n2-beta3__N0160__Aminus_0p01,xover-m05-g2-L5p3-n2-beta3,160,0.01,103,3.411875,0.9937696570402876,0.9948038562049497
xover-m05-g2-L5p3-n2-beta3__N0160__Aplus_0p01,xover-m05-g2-L5p3-n2-beta3__N0160__Aminus_0p01,xover-m05-g2-L5p3-n2-beta3,160,0.01,104,3.4450000000000003,0.9940861863888685,0.9950646418479232
xover-m05-g2-L5p3-n2-beta3__N0160__Aplus_0p01,xover-m05-g2-L5p3-n2-beta3__N0160__Aminus_0p01,xover-m05-g2-L5p3-n2-beta3,160,0.01,105,3.4781250000000004,0.9944116921638586,0.9953329517659447
xover-m05-g2-L5p3-n2-beta3__N0160__Aplus_0p01,xover-m05-g2-L5p3-n2-beta3__N0160__Aminus_0p01,xover-m05-g2-L5p3-n2-beta3,160,0.01,106,3.51125,0.9947456569427217,0.9956083701418392
xover-m05-g2-L5p3-n2-beta3__N0160__Aplus_0p01,xover-m05-g2-L5p3-n2-beta3__N0160__Aminus_0p01,xover-m05-g2-L5p3-n2-beta3,160,0.01,107,3.544375,0.9950875507567114,0.9958904702598478
xover-m05-g2-L5p3-n2-beta3__N0160__Aplus_0p01,xover-m05-g2-L5p3-n2-beta3__N0160__Aminus_0p01,xover-m05-g2-L5p3-n2-beta3,160,0.01,108,3.5775,0.9954368320006872,0.9961788151761292
xover-m05-g2-L5p3-n2-beta3__N0160__Aplus_0p01,xover-m05-g2-L5p3-n2-beta3__N0160__Aminus_0p01,xover-m05-g2-L5p3-n2-beta3,160,0.01,109,3.610625,0.9957929483572387,0.996472958404614
xover-m05-g2-L5p3-n2-beta3__N0160__Aplus_0p01,xover-m05-g2-L5p3-n2-beta3__N0160__Aminus_0p01,xover-m05-g2-L5p3-n2-beta3,160,0.01,110,3.6437500000000003,0.9961553377331438,0.9967724446170833
xover-m05-g2-L5p3-n2-beta3__N0160__Aplus_0p01,xover-m05-g2-L5p3-n2-beta3__N0160__Aminus_0p01,xover-m05-g2-L5p3-n2-beta3,160,0.01,111,3.6768750000000003,0.9965234292061929,0.9970768103563156
xover-m05-g2-L5p3-n2-beta3__N0160__Aplus_0p01,xover-m05-g2-L5p3-n2-beta3__N0160__Aminus_0p01,xover-m05-g2-L5p3-n2-beta3,160,0.01,112,3.71,0.9968966439804244,0.9973855847611365
xover-m05-g2-L5p3-n2-beta3__N0160__Aplus_0p01,xover-m05-g2-L5p3-n2-beta3__N0160__Aminus_0p01,xover-m05-g2-L5p3-n2-beta3,160,0.01,113,3.743125,0.997274396347835,0.9976982903021849
xover-m05-g2-L5p3-n2-beta3__N0160__Aplus_0p01,xover-m05-g2-L5p3-n2-beta3__N0160__Aminus_0p01,xover-m05-g2-L5p3-n2-beta3,160,0.01,114,3.77625,0.9976560946546535,0.9980144435271996
xover-m05-g2-L5p3-n2-beta3__N0160__Aplus_0p01,xover-m05-g2-L5p3-n2-beta3__N0160__Aminus_0p01,xover-m05-g2-L5p3-n2-beta3,160,0.01,115,3.809375,0.9980411422702999,0.9983335558146184
xover-m05-g2-L5p3-n2-beta3__N0160__Aplus_0p01,xover-m05-g2-L5p3-n2-beta3__N0160__Aminus_0p01,xover-m05-g2-L5p3-n2-beta3,160,0.01,116,3.8425000000000002,0.9984289385571816,0.9986551341342748
xover-m05-g2-L5p3-n2-beta3__N0160__Aplus_0p01,xover-m05-g2-L5p3-n2-beta3__N0160__Aminus_0p01,xover-m05-g2-L5p3-n2-beta3,160,0.01,117,3.8756250000000003,0.9988188798395278,0.99897868181397
xover-m05-g2-L5p3-n2-beta3__N0160__Aplus_0p01,xover-m05-g2-L5p3-n2-beta3__N0160__Aminus_0p01,xover-m05-g2-L5p3-n2-beta3,160,0.01,118,3.9087500000000004,0.9992103603695007,0.9993036993106948
xover-m05-g2-L5p3-n2-beta3__N0160__Aplus_0p01,xover-m05-g2-L5p3-n2-beta3__N0160__Aminus_0p01,xover-m05-g2-L5p3-n2-beta3,160,0.01,119,3.941875,0.9996027732888783,0.9996296849852748
xover-m05-g2-L5p3-n2-beta3__N0160__Aplus_0p01,xover-m05-g2-L5p3-n2-beta3__N0160__Aminus_0p01,xover-m05-g2-L5p3-n2-beta3,160,0.01,120,3.975,0.9999955115846524,0.999956135879213
xover-m05-g2-L5p3-n2-beta3__N0160__Aplus_0p01,xover-m05-g2-L5p3-n2-beta3__N0160__Aminus_0p01,xover-m05-g2-L5p3-n2-beta3,160,0.01,121,4.008125000000001,1.0003879690369497,1.0002825484925049
xover-m05-g2-L5p3-n2-beta3__N0160__Aplus_0p01,xover-m05-g2-L5p3-n2-beta3__N0160__Aminus_0p01,xover-m05-g2-L5p3-n2-beta3,160,0.01,122,4.04125,1.0007795411577365,1.0006084195612088
xover-m05-g2-L5p3-n2-beta3__N0160__Aplus_0p01,xover-m05-g2-L5p3-n2-beta3__N0160__Aminus_0p01,xover-m05-g2-L5p3-n2-beta3,160,0.01,123,4.074375,1.0011696261188385,1.0009332468335603
xover-m05-g2-L5p3-n2-beta3__N0160__Aplus_0p01,xover-m05-g2-L5p3-n2-beta3__N0160__Aminus_0p01,xover-m05-g2-L5p3-n2-beta3,160,0.01,124,4.1075,1.0015576256678698,1.001256529843426
xover-m05-g2-L5p3-n2-beta3__N0160__Aplus_0p01,xover-m05-g2-L5p3-n2-beta3__N0160__Aminus_0p01,xover-m05-g2-L5p3-n2-beta3,160,0.01,125,4.140625,1.0019429460307305,1.0015777706799083
xover-m05-g2-L5p3-n2-beta3__N0160__Aplus_0p01,xover-m05-g2-L5p3-n2-beta3__N0160__Aminus_0p01,xover-m05-g2-L5p3-n2-beta3,160,0.01,126,4.17375,1.002324998799413,1.0018964747519195
xover-m05-g2-L5p3-n2-beta3__N0160__Aplus_0p01,xover-m05-g2-L5p3-n2-beta3__N0160__Aminus_0p01,xover-m05-g2-L5p3-n2-beta3,160,0.01,127,4.206875,1.0027032018039095,1.0022121515465625
xover-m05-g2-L5p3-n2-beta3__N0160__Aplus_0p01,xover-m05-g2-L5p3-n2-beta3__N0160__Aminus_0p01,xover-m05-g2-L5p3-n2-beta3,160,0.01,128,4.24,1.0030769799671055,1.0025243153801722
xover-m05-g2-L5p3-n2-beta3__N0160__Aplus_0p01,xover-m05-g2-L5p3-n2-beta3__N0160__Aminus_0p01,xover-m05-g2-L5p3-n2-beta3,160,0.01,129,4.273125,1.0034457661416,1.0028324861408837
xover-m05-g2-L5p3-n2-beta3__N0160__Aplus_0p01,xover-m05-g2-L5p3-n2-beta3__N0160__Aminus_0p01,xover-m05-g2-L5p3-n2-beta3,160,0.01,130,4.30625,1.0038090019274737,1.003136190021624
xover-m05-g2-L5p3-n2-beta3__N0160__Aplus_0p01,xover-m05-g2-L5p3-n2-beta3__N0160__Aminus_0p01,xover-m05-g2-L5p3-n2-beta3,160,0.01,131,4.339375,1.0041661384700922,1.0034349602424337
xover-m05-g2-L5p3-n2-beta3__N0160__Aplus_0p01,xover-m05-g2-L5p3-n2-beta3__N0160__Aminus_0p01,xover-m05-g2-L5p3-n2-beta3,160,0.01,132,4.3725000000000005,1.0045166372371122,1.0037283377610553
xover-m05-g2-L5p3-n2-beta3__N0160__Aplus_0p01,xover-m05-g2-L5p3-n2-beta3__N0160__Aminus_0p01,xover-m05-g2-L5p3-n2-beta3,160,0.01,133,4.405625000000001,1.0048599707739128,1.0040158719707466
xover-m05-g2-L5p3-n2-beta3__N0160__Aplus_0p01,xover-m05-g2-L5p3-n2-beta3__N0160__Aminus_0p01,xover-m05-g2-L5p3-n2-beta3,160,0.01,134,4.438750000000001,1.0051956234367554,1.0042971213843048
xover-m05-g2-L5p3-n2-beta3__N0160__Aplus_0p01,xover-m05-g2-L5p3-n2-beta3__N0160__Aminus_0p01,xover-m05-g2-L5p3-n2-beta3,160,0.01,135,4.471875,1.0055230921030367,1.0045716543033094
xover-m05-g2-L5p3-n2-beta3__N0160__Aplus_0p01,xover-m05-g2-L5p3-n2-beta3__N0160__Aminus_0p01,xover-m05-g2-L5p3-n2-beta3,160,0.01,136,4.505,1.0058418868580625,1.0048390494716233
xover-m05-g2-L5p3-n2-beta3__N0160__Aplus_0p01,xover-m05-g2-L5p3-n2-beta3__N0160__Aminus_0p01,xover-m05-g2-L5p3-n2-beta3,160,0.01,137,4.538125,1.006151531657834,1.0050988967122225
xover-m05-g2-L5p3-n2-beta3__N0160__Aplus_0p01,xover-m05-g2-L5p3-n2-beta3__N0160__Aminus_0p01,xover-m05-g2-L5p3-n2-beta3,160,0.01,138,4.57125,1.0064515649673955,1.0053507975464475
xover-m05-g2-L5p3-n2-beta3__N0160__Aplus_0p01,xover-m05-g2-L5p3-n2-beta3__N0160__Aminus_0p01,xover-m05-g2-L5p3-n2-beta3,160,0.01,139,4.604375,1.0067415403743531,1.0055943657948065
xover-m05-g2-L5p3-n2-beta3__N0160__Aplus_0p01,xover-m05-g2-L5p3-n2-beta3__N0160__Aminus_0p01,xover-m05-g2-L5p3-n2-beta3,160,0.01,140,4.6375,1.0070210271772178,1.0058292281584909
xover-m05-g2-L5p3-n2-beta3__N0160__Aplus_0p01,xover-m05-g2-L5p3-n2-beta3__N0160__Aminus_0p01,xover-m05-g2-L5p3-n2-beta3,160,0.01,141,4.670625,1.0072896109482887,1.0060550247807916
xover-m05-g2-L5p3-n2-beta3__N0160__Aplus_0p01,xover-m05-g2-L5p3-n2-beta3__N0160__Aminus_0p01,xover-m05-g2-L5p3-n2-beta3,160,0.01,142,4.70375,1.0075468940708305,1.0062714097876464
xover-m05-g2-L5p3-n2-beta3__N0160__Aplus_0p01,xover-m05-g2-L5p3-n2-beta3__N0160__Aminus_0p01,xover-m05-g2-L5p3-n2-beta3,160,0.01,143,4.736875,1.007792496250342,1.0064780518065695
xover-m05-g2-L5p3-n2-beta3__N0160__Aplus_0p01,xover-m05-g2-L5p3-n2-beta3__N0160__Aminus_0p01,xover-m05-g2-L5p3-n2-beta3,160,0.01,144,4.7700000000000005,1.0080260549997582,1.0066746344632618
xover-m05-g2-L5p3-n2-beta3__N0160__Aplus_0p01,xover-m05-g2-L5p3-n2-beta3__N0160__Aminus_0p01,xover-m05-g2-L5p3-n2-beta3,160,0.01,145,4.8031250000000005,1.0082472260984603,1.0068608568552255
xover-m05-g2-L5p3-n2-beta3__N0160__Aplus_0p01,xover-m05-g2-L5p3-n2-beta3__N0160__Aminus_0p01,xover-m05-g2-L5p3-n2-beta3,160,0.01,146,4.836250000000001,1.0084556840250003,1.0070364340017468
xover-m05-g2-L5p3-n2-beta3__N0160__Aplus_0p01,xover-m05-g2-L5p3-n2-beta3__N0160__Aminus_0p01,xover-m05-g2-L5p3-n2-beta3,160,0.01,147,4.869375000000001,1.0086511223634744,1.0072010972696397
xover-m05-g2-L5p3-n2-beta3__N0160__Aplus_0p01,xover-m05-g2-L5p3-n2-beta3__N0160__Aminus_0p01,xover-m05-g2-L5p3-n2-beta3,160,0.01,148,4.9025,1.0088332541835132,1.0073545947741904
xover-m05-g2-L5p3-n2-beta3__N0160__Aplus_0p01,xover-m05-g2-L5p3-n2-beta3__N0160__Aminus_0p01,xover-m05-g2-L5p3-n2-beta3,160,0.01,149,4.935625,1.0090018123938633,1.0074966917547636
xover-m05-g2-L5p3-n2-beta3__N0160__Aplus_0p01,xover-m05-g2-L5p3-n2-beta3__N0160__Aminus_0p01,xover-m05-g2-L5p3-n2-beta3,160,0.01,150,4.96875,1.009156550069567,1.0076271709245799
xover-m05-g2-L5p3-n2-beta3__N0160__Aplus_0p01,xover-m05-g2-L5p3-n2-beta3__N0160__Aminus_0p01,xover-m05-g2-L5p3-n2-beta3,160,0.01,151,5.001875,1.009297240752755,1.0077458327942044
xover-m05-g2-L5p3-n2-beta3__N0160__Aplus_0p01,xover-m05-g2-L5p3-n2-beta3__N0160__Aminus_0p01,xover-m05-g2-L5p3-n2-beta3,160,0.01,152,5.035,1.0094236787270774,1.0078524959683217
xover-m05-g2-L5p3-n2-beta3__N0160__Aplus_0p01,xover-m05-g2-L5p3-n2-beta3__N0160__Aminus_0p01,xover-m05-g2-L5p3-n2-beta3,160,0.01,153,5.068125,1.009535679265813,1.007946997415414
xover-m05-g2-L5p3-n2-beta3__N0160__Aplus_0p01,xover-m05-g2-L5p3-n2-beta3__N0160__Aminus_0p01,xover-m05-g2-L5p3-n2-beta3,160,0.01,154,5.10125,1.0096330788536947,1.0080291927099907
xover-m05-g2-L5p3-n2-beta3__N0160__Aplus_0p01,xover-m05-g2-L5p3-n2-beta3__N0160__Aminus_0p01,xover-m05-g2-L5p3-n2-beta3,160,0.01,155,5.134375,1.0097157353824986,1.008098956247057
xover-m05-g2-L5p3-n2-beta3__N0160__Aplus_0p01,xover-m05-g2-L5p3-n2-beta3__N0160__Aminus_0p01,xover-m05-g2-L5p3-n2-beta3,160,0.01,156,5.1675,1.009783528320441,1.0081561814285454
xover-m05-g2-L5p3-n2-beta3__N0160__Aplus_0p01,xover-m05-g2-L5p3-n2-beta3__N0160__Aminus_0p01,xover-m05-g2-L5p3-n2-beta3,160,0.01,157,5.2006250000000005,1.0098363588554298,1.0082007808214701
xover-m05-g2-L5p3-n2-beta3__N0160__Aplus_0p01,xover-m05-g2-L5p3-n2-beta3__N0160__Aminus_0p01,xover-m05-g2-L5p3-n2-beta3,160,0.01,158,5.233750000000001,1.009874150012206,1.0082326862876045
xover-m05-g2-L5p3-n2-beta3__N0160__Aplus_0p01,xover-m05-g2-L5p3-n2-beta3__N0160__Aminus_0p01,xover-m05-g2-L5p3-n2-beta3,160,0.01,159,5.266875000000001,1.0098968467434166,1.0082518490845105
xover-m05-g2-L5p3-n2-beta3__N0160__Aplus_0p01,xover-m05-g2-L5p3-n2-beta3__N0160__Aminus_0p01,xover-m05-g2-L5p3-n2-beta3,160,0.01,160,5.3,1.0099044159946446,1.008258239937797
xover-m05-g2-L5p3-n2-beta3__N0160__Aplus_0p02,xover-m05-g2-L5p3-n2-beta3__N0160__Aminus_0p02,xover-m05-g2-L5p3-n2-beta3,160,0.02,0,0.0,1.019617787881883,1.0164000992760494
xover-m05-g2-L5p3-n2-beta3__N0160__Aplus_0p02,xover-m05-g2-L5p3-n2-beta3__N0160__Aminus_0p02,xover-m05-g2-L5p3-n2-beta3,160,0.02,1,0.033125,1.0196029295251787,1.0163873598388509
xover-m05-g2-L5p3-n2-beta3__N0160__Aplus_0p02,xover-m05-g2-L5p3-n2-beta3__N0160__Aminus_0p02,xover-m05-g2-L5p3-n2-beta3,160,0.02,2,0.06625,1.019558374775871,1.0163491607952744
xover-m05-g2-L5p3-n2-beta3__N0160__Aplus_0p02,xover-m05-g2-L5p3-n2-beta3__N0160__Aminus_0p02,xover-m05-g2-L5p3-n2-beta3,160,0.02,3,0.099375,1.0194841845809357,1.0162855599221454
xover-m05-g2-L5p3-n2-beta3__N0160__Aplus_0p02,xover-m05-g2-L5p3-n2-beta3__N0160__Aminus_0p02,xover-m05-g2-L5p3-n2-beta3,160,0.02,4,0.1325,1.0193804604671273,1.0161966534234257
xover-m05-g2-L5p3-n2-beta3__N0160__Aplus_0p02,xover-m05-g2-L5p3-n2-beta3__N0160__Aminus_0p02,xover-m05-g2-L5p3-n2-beta3,160,0.02,5,0.16562500000000002,1.0192473444634187,1.0160825757941778
xover-m05-g2-L5p3-n2-beta3__N0160__Aplus_0p02,xover-m05-g2-L5p3-n2-beta3__N0160__Aminus_0p02,xover-m05-g2-L5p3-n2-beta3,160,0.02,6,0.19875,1.019085018991911,1.0159434996302872
xover-m05-g2-L5p3-n2-beta3__N0160__Aplus_0p02,xover-m05-g2-L5p3-n2-beta3__N0160__Aminus_0p02,xover-m05-g2-L5p3-n2-beta3,160,0.02,7,0.231875,1.0188937067267179,1.0157796353841166
xover-m05-g2-L5p3-n2-beta3__N0160__Aplus_0p02,xover-m05-g2-L5p3-n2-beta3__N0160__Aminus_0p02,xover-m05-g2-L5p3-n2-beta3,160,0.02,8,0.265,1.0186736704201886,1.0155912310663144
xover-m05-g2-L5p3-n2-beta3__N0160__Aplus_0p02,xover-m05-g2-L5p3-n2-beta3__N0160__Aminus_0p02,xover-m05-g2-L5p3-n2-beta3,160,0.02,9,0.29812500000000003,1.018425212695712,1.0153785718940525
xover-m05-g2-L5p3-n2-beta3__N0160__Aplus_0p02,xover-m05-g2-L5p3-n2-beta3__N0160__Aminus_0p02,xover-m05-g2-L5p3-n2-beta3,160,0.02,10,0.33125000000000004,1.0181486758062122,1.0151419798860222
xover-m05-g2-L5p3-n2-beta3__N0160__Aplus_0p02,xover-m05-g2-L5p3-n2-beta3__N0160__Aminus_0p02,xover-m05-g2-L5p3-n2-beta3,160,0.02,11,0.364375,1.017844441357347,1.0148818134045687
xover-m05-g2-L5p3-n2-beta3__N0160__Aplus_0p02,xover-m05-g2-L5p3-n2-beta3__N0160__Aminus_0p02,xover-m05-g2-L5p3-n2-beta3,160,0.02,12,0.3975,1.017512929994307,1.0145984666453989
xover-m05-g2-L5p3-n2-beta3__N0160__Aplus_0p02,xover-m05-g2-L5p3-n2-beta3__N0160__Aminus_0p02,xover-m05-g2-L5p3-n2-beta3,160,0.02,13,0.43062500000000004,1.0171546010510186,1.014292369075357
xover-m05-g2-L5p3-n2-beta3__N0160__Aplus_0p02,xover-m05-g2-L5p3-n2-beta3__N0160__Aminus_0p02,xover-m05-g2-L5p3-n2-beta3,160,0.02,14,0.46375,1.0167699521604852,1.0139639848188151
xover-m05-g2-L5p3-n2-beta3__N0160__Aplus_0p02,xover-m05-g2-L5p3-n2-beta3__N0160__Aminus_0p02,xover-m05-g2-L5p3-n2-beta3,160,0.02,15,0.496875,1.016359518824919,1.0136138119932927
xover-m05-g2-L5p3-n2-beta3__N0160__Aplus_0p02,xover-m05-g2-L5p3-n2-beta3__N0160__Aminus_0p02,xover-m05-g2-L5p3-n2-beta3,160,0.02,16,0.53,1.0159238739442689,1.013242381994969
xover-m05-g2-L5p3-n2-beta3__N0160__Aplus_0p02,xover-m05-g2-L5p3-n2-beta3__N0160__Aminus_0p02,xover-m05-g2-L5p3-n2-beta3,160,0.02,17,0.563125,1.0154636273017028,1.0128502587348267
xover-m05-g2-L5p3-n2-beta3__N0160__Aplus_0p02,xover-m05-g2-L5p3-n2-beta3__N0160__Aminus_0p02,xover-m05-g2-L5p3-n2-beta3,160,0.02,18,0.5962500000000001,1.0149794250045896,1.0124380378262223
xover-m05-g2-L5p3-n2-beta3__N0160__Aplus_0p02,xover-m05-g2-L5p3-n2-beta3__N0160__Aminus_0p02,xover-m05-g2-L5p3-n2-beta3,160,0.02,19,0.629375,1.0144719488794982,1.0120063457247441
xover-m05-g2-L5p3-n2-beta3__N0160__Aplus_0p02,xover-m05-g2-L5p3-n2-beta3__N0160__Aminus_0p02,xover-m05-g2-L5p3-n2-beta3,160,0.02,20,0.6625000000000001,1.013941915819755,1.0115558388212924
xover-m05-g2-L5p3-n2-beta3__N0160__Aplus_0p02,xover-m05-g2-L5p3-n2-beta3__N0160__Aminus_0p02,xover-m05-g2-L5p3-n2-beta3,160,0.02,21,0.695625,1.0133900770841116,1.0110872024893771
xover-m05-g2-L5p3-n2-beta3__N0160__Aplus_0p02,xover-m05-g2-L5p3-n2-beta3__N0160__Aminus_0p02,xover-m05-g2-L5p3-n2-beta3,160,0.02,22,0.72875,1.0128172175451253,1.0106011500877068
xover-m05-g2-L5p3-n2-beta3__N0160__Aplus_0p02,xover-m05-g2-L5p3-n2-beta3__N0160__Aminus_0p02,xover-m05-g2-L5p3-n2-beta3,160,0.02,23,0.7618750000000001,1.0122241548859043,1.0100984219192062
xover-m05-g2-L5p3-n2-beta3__N0160__Aplus_0p02,xover-m05-g2-L5p3-n2-beta3__N0160__Aminus_0p02,xover-m05-g2-L5p3-n2-beta3,160,0.02,24,0.795,1.0116117387439485,1.0095797841476806
xover-m05-g2-L5p3-n2-beta3__N0160__Aplus_0p02,xover-m05-g2-L5p3-n2-beta3__N0160__Aminus_0p02,xover-m05-g2-L5p3-n2-beta3,160,0.02,25,0.828125,1.0109808498009112,1.009046027673413
xover-m05-g2-L5p3-n2-beta3__N0160__Aplus_0p02,xover-m05-g2-L5p3-n2-beta3__N0160__Aminus_0p02,xover-m05-g2-L5p3-n2-beta3,160,0.02,26,0.8612500000000001,1.010332398817213,1.0084979669690541
xover-m05-g2-L5p3-n2-beta3__N0160__Aplus_0p02,xover-m05-g2-L5p3-n2-beta3__N0160__Aminus_0p02,xover-m05-g2-L5p3-n2-beta3,160,0.02,27,0.894375,1.0096673256105682,1.0079364388772467
xover-m05-g2-L5p3-n2-beta3__N0160__Aplus_0p02,xover-m05-g2-L5p3-n2-beta3__N0160__Aminus_0p02,xover-m05-g2-L5p3-n2-beta3,160,0.02,28,0.9275,1.008986597977626,1.0073623013714919
xover-m05-g2-L5p3-n2-beta3__N0160__Aplus_0p02,xover-m05-g2-L5p3-n2-beta3__N0160__Aminus_0p02,xover-m05-g2-L5p3-n2-beta3,160,0.02,29,0.9606250000000001,1.0082912105580928,1.0067764322818473
xover-m05-g2-L5p3-n2-beta3__N0160__Aplus_0p02,xover-m05-g2-L5p3-n2-beta3__N0160__Aminus_0p02,xover-m05-g2-L5p3-n2-beta3,160,0.02,30,0.99375,1.0075821836408696,1.006179727987118
xover-m05-g2-L5p3-n2-beta3__N0160__Aplus_0p02,xover-m05-g2-L5p3-n2-beta3__N0160__Aminus_0p02,xover-m05-g2-L5p3-n2-beta3,160,0.02,31,1.026875,1.0068605619119348,1.0055731020752758
xover-m05-g2-L5p3-n2-beta3__N0160__Aplus_0p02,xover-m05-g2-L5p3-n2-beta3__N0160__Aminus_0p02,xover-m05-g2-L5p3-n2-beta3,160,0.02,32,1.06,1.006127413143904,1.0049574839739157
xover-m05-g2-L5p3-n2-beta3__N0160__Aplus_0p02,xover-m05-g2-L5p3-n2-beta3__N0160__Aminus_0p02,xover-m05-g2-L5p3-n2-beta3,160,0.02,33,1.0931250000000001,1.0053838268274133,1.0043338175526324
xover-m05-g2-L5p3-n2-beta3__N0160__Aplus_0p02,xover-m05-g2-L5p3-n2-beta3__N0160__Aminus_0p02,xover-m05-g2-L5p3-n2-beta3,160,0.02,34,1.12625,1.0046309127447046,1.0037030596992642
xover-m05-g2-L5p3-n2-beta3__N0160__Aplus_0p02,xover-m05-g2-L5p3-n2-beta3__N0160__Aminus_0p02,xover-m05-g2-L5p3-n2-beta3,160,0.02,35,1.159375,1.0038697994860288,1.0030661788720288
xover-m05-g2-L5p3-n2-beta3__N0160__Aplus_0p02,xover-m05-g2-L5p3-n2-beta3__N0160__Aminus_0p02,xover-m05-g2-L5p3-n2-beta3,160,0.02,36,1.1925000000000001,1.0031016329097278,1.0024241536296314
xover-m05-g2-L5p3-n2-beta3__N0160__Aplus_0p02,xover-m05-g2-L5p3-n2-beta3__N0160__Aminus_0p02,xover-m05-g2-L5p3-n2-beta3,160,0.02,37,1.225625,1.0023275745471187,1.0017779711415007
xover-m05-g2-L5p3-n2-beta3__N0160__Aplus_0p02,xover-m05-g2-L5p3-n2-beta3__N0160__Aminus_0p02,xover-m05-g2-L5p3-n2-beta3,160,0.02,38,1.25875,1.0015487999535628,1.0011286256803553
xover-m05-g2-L5p3-n2-beta3__N0160__Aplus_0p02,xover-m05-g2-L5p3-n2-beta3__N0160__Aminus_0p02,xover-m05-g2-L5p3-n2-beta3,160,0.02,39,1.291875,1.0007664970073669,1.0004771170993743
xover-m05-g2-L5p3-n2-beta3__N0160__Aplus_0p02,xover-m05-g2-L5p3-n2-beta3__N0160__Aminus_0p02,xover-m05-g2-L5p3-n2-beta3,160,0.02,40,1.3250000000000002,0.9999818641584426,0.9998244492962866
xover-m05-g2-L5p3-n2-beta3__N0160__Aplus_0p02,xover-m05-g2-L5p3-n2-beta3__N0160__Aminus_0p02,xover-m05-g2-L5p3-n2-beta3,160,0.02,41,1.358125,0.9991961086289156,0.9991716286667565
xover-m05-g2-L5p3-n2-beta3__N0160__Aplus_0p02,xover-m05-g2-L5p3-n2-beta3__N0160__Aminus_0p02,xover-m05-g2-L5p3-n2-beta3,160,0.02,42,1.39125,0.9984104445681504,0.9985196625494743
xover-m05-g2-L5p3-n2-beta3__N0160__Aplus_0p02,xover-m05-g2-L5p3-n2-beta3__N0160__Aminus_0p02,xover-m05-g2-L5p3-n2-beta3,160,0.02,43,1.4243750000000002,0.9976260911649321,0.9978695576654171
xover-m05-g2-L5p3-n2-beta3__N0160__Aplus_0p02,xover-m05-g2-L5p3-n2-beta3__N0160__Aminus_0p02,xover-m05-g2-L5p3-n2-beta3,160,0.02,44,1.4575,0.9968442707198066,0.9972223185537651
xover-m05-g2-L5p3-n2-beta3__N0160__Aplus_0p02,xover-m05-g2-L5p3-n2-beta3__N0160__Aminus_0p02,xover-m05-g2-L5p3-n2-beta3,160,0.02,45,1.490625,0.9960662066808504,0.9965789460070075
xover-m05-g2-L5p3-n2-beta3__N0160__Aplus_0p02,xover-m05-g2-L5p3-n2-beta3__N0160__Aminus_0p02,xover-m05-g2-L5p3-n2-beta3,160,0.02,46,1.5237500000000002,0.9952931216463894,0.9959404355077827
xover-m05-g2-L5p3-n2-beta3__N0160__Aplus_0p02,xover-m05-g2-L5p3-n2-beta3__N0160__Aminus_0p02,xover-m05-g2-L5p3-n2-beta3,160,0.02,47,1.556875,0.9945262353384401,0.9953077756700301
xover-m05-g2-L5p3-n2-beta3__N0160__Aplus_0p02,xover-m05-g2-L5p3-n2-beta3__N0160__Aminus_0p02,xover-m05-g2-L5p3-n2-beta3,160,0.02,48,1.59,0.9937667625508779,0.9946819466870384
xover-m05-g2-L5p3-n2-beta3__N0160__Aplus_0p02,xover-m05-g2-L5p3-n2-beta3__N0160__Aminus_0p02,xover-m05-g2-L5p3-n2-beta3,160,0.02,49,1.6231250000000002,0.9930159110765637,0.9940639187889904
xover-m05-g2-L5p3-n2-beta3__N0160__Aplus_0p02,xover-m05-g2-L5p3-n2-beta3__N0160__Aminus_0p02,xover-m05-g2-L5p3-n2-beta3,160,0.02,50,1.65625,0.9922748796178716,0.9934546507126054
xover-m05-g2-L5p3-n2-beta3__N0160__Aplus_0p02,xover-m05-g2-L5p3-n2-beta3__N0160__Aminus_0p02,xover-m05-g2-L5p3-n2-beta3,160,0.02,51,1.689375,0.9915448556852576,0.9928550881854794
xover-m05-g2-L5p3-n2-beta3__N0160__Aplus_0p02,xover-m05-g2-L5p3-n2-beta3__N0160__Aminus_0p02,xover-m05-g2-L5p3-n2-beta3,160,0.02,52,1.7225000000000001,0.9908270134886862,0.9922661624277147
xover-m05-g2-L5p3-n2-beta3__N0160__Aplus_0p02,xover-m05-g2-L5p3-n2-beta3__N0160__Aminus_0p02,xover-m05-g2-L5p3-n2-beta3,160,0.02,53,1.755625,0.9901225118268979,0.991688788673418
xover-m05-g2-L5p3-n2-beta3__N0160__Aplus_0p02,xover-m05-g2-L5p3-n2-beta3__N0160__Aminus_0p02,xover-m05-g2-L5p3-n2-beta3,160,0.02,54,1.78875,0.9894324919796426,0.9911238647146267
xover-m05-g2-L5p3-n2-beta3__N0160__Aplus_0p02,xover-m05-g2-L5p3-n2-beta3__N0160__Aminus_0p02,xover-m05-g2-L5p3-n2-beta3,160,0.02,55,1.8218750000000001,0.9887580756081253,0.9905722694701945
xover-m05-g2-L5p3-n2-beta3__N0160__Aplus_0p02,xover-m05-g2-L5p3-n2-beta3__N0160__Aminus_0p02,xover-m05-g2-L5p3-n2-beta3,160,0.02,56,1.855,0.9881003626690193,0.9900348615821404
xover-m05-g2-L5p3-n2-beta3__N0160__Aplus_0p02,xover-m05-g2-L5p3-n2-beta3__N0160__Aminus_0p02,xover-m05-g2-L5p3-n2-beta3,160,0.02,57,1.888125,0.9874604293474754,0.9895124780419243
xover-m05-g2-L5p3-n2-beta3__N0160__Aplus_0p02,xover-m05-g2-L5p3-n2-beta3__N0160__Aminus_0p02,xover-m05-g2-L5p3-n2-beta3,160,0.02,58,1.9212500000000001,0.9868393260146192,0.9890059328490707
xover-m05-g2-L5p3-n2-beta3__N0160__Aplus_0p02,xover-m05-g2-L5p3-n2-beta3__N0160__Aminus_0p02,xover-m05-g2-L5p3-n2-beta3,160,0.02,59,1.9543750000000002,0.9862380752150655,0.9885160157045144
xover-m05-g2-L5p3-n2-beta3__N0160__Aplus_0p02,xover-m05-g2-L5p3-n2-beta3__N0160__Aminus_0p02,xover-m05-g2-L5p3-n2-beta3,160,0.02,60,1.9875,0.9856576696899821,0.988043490740987
xover-m05-g2-L5p3-n2-beta3__N0160__Aplus_0p02,xover-m05-g2-L5p3-n2-beta3__N0160__Aminus_0p02,xover-m05-g2-L5p3-n2-beta3,160,0.02,61,2.020625,0.9850990704412345,0.9875890952927026
xover-m05-g2-L5p3-n2-beta3__N0160__Aplus_0p02,xover-m05-g2-L5p3-n2-beta3__N0160__Aminus_0p02,xover-m05-g2-L5p3-n2-beta3,160,0.02,62,2.05375,0.984563204842098,0.9871535387065408
xover-m05-g2-L5p3-n2-beta3__N0160__Aplus_0p02,xover-m05-g2-L5p3-n2-beta3__N0160__Aminus_0p02,xover-m05-g2-L5p3-n2-beta3,160,0.02,63,2.086875,0.9840509647999686,0.9867375011968503
xover-m05-g2-L5p3-n2-beta3__N0160__Aplus_0p02,xover-m05-g2-L5p3-n2-beta3__N0160__Aminus_0p02,xover-m05-g2-L5p3-n2-beta3,160,0.02,64,2.12,0.9835632049764174,0.9863416327459269
xover-m05-g2-L5p3-n2-beta3__N0160__Aplus_0p02,xover-m05-g2-L5p3-n2-beta3__N0160__Aminus_0p02,xover-m05-g2-L5p3-n2-beta3,160,0.02,65,2.153125,0.9831007410698267,0.9859665520521385
xover-m05-g2-L5p3-n2-beta3__N0160__Aplus_0p02,xover-m05-g2-L5p3-n2-beta3__N0160__Aminus_0p02,xover-m05-g2-L5p3-n2-beta3,160,0.02,66,2.1862500000000002,0.9826643481657141,0.9856128455275894
xover-m05-g2-L5p3-n2-beta3__N0160__Aplus_0p02,xover-m05-g2-L5p3-n2-beta3__N0160__Aminus_0p02,xover-m05-g2-L5p3-n2-beta3,160,0.02,67,2.2193750000000003,0.9822547591596974,0.985281066347126
xover-m05-g2-L5p3-n2-beta3__N0160__Aplus_0p02,xover-m05-g2-L5p3-n2-beta3__N0160__Aminus_0p02,xover-m05-g2-L5p3-n2-beta3,160,0.02,68,2.2525,0.9818726632578741,0.9849717335503988
xover-m05-g2-L5p3-n2-beta3__N0160__Aplus_0p02,xover-m05-g2-L5p3-n2-beta3__N0160__Aminus_0p02,xover-m05-g2-L5p3-n2-beta3,160,0.02,69,2.285625,0.9815187045591967,0.9846853311985985
xover-m05-g2-L5p3-n2-beta3__N0160__Aplus_0p02,xover-m05-g2-L5p3-n2-beta3__N0160__Aminus_0p02,xover-m05-g2-L5p3-n2-beta3,160,0.02,70,2.31875,0.9811934807241995,0.9844223075873882
xover-m05-g2-L5p3-n2-beta3__N0160__Aplus_0p02,xover-m05-g2-L5p3-n2-beta3__N0160__Aminus_0p02,xover-m05-g2-L5p3-n2-beta3,160,0.02,71,2.351875,0.9808975417342006,0.984183074517455
xover-m05-g2-L5p3-n2-beta3__N0160__Aplus_0p02,xover-m05-g2-L5p3-n2-beta3__N0160__Aminus_0p02,xover-m05-g2-L5p3-n2-beta3,160,0.02,72,2.3850000000000002,0.9806313887448413,0.9839680066239939
xover-m05-g2-L5p3-n2-beta3__N0160__Aplus_0p02,xover-m05-g2-L5p3-n2-beta3__N0160__Aminus_0p02,xover-m05-g2-L5p3-n2-beta3,160,0.02,73,2.4181250000000003,0.9803954730375521,0.9837774407663393
xover-m05-g2-L5p3-n2-beta3__N0160__Aplus_0p02,xover-m05-g2-L5p3-n2-beta3__N0160__Aminus_0p02,xover-m05-g2-L5p3-n2-beta3,160,0.02,74,2.45125,0.9801901950722451,0.9836116754788461
xover-m05-g2-L5p3-n2-beta3__N0160__Aplus_0p02,xover-m05-g2-L5p3-n2-beta3__N0160__Aminus_0p02,xover-m05-g2-L5p3-n2-beta3,160,0.02,75,2.484375,0.9800159036442246,0.9834709704840126
xover-m05-g2-L5p3-n2-beta3__N0160__Aplus_0p02,xover-m05-g2-L5p3-n2-beta3__N0160__Aminus_0p02,xover-m05-g2-L5p3-n2-beta3,160,0.02,76,2.5175,0.979872895147989,0.9833555462687257
xover-m05-g2-L5p3-n2-beta3__N0160__Aplus_0p02,xover-m05-g2-L5p3-n2-beta3__N0160__Aminus_0p02,xover-m05-g2-L5p3-n2-beta3,160,0.02,77,2.550625,0.9797614129502672,0.9832655837243938
xover-m05-g2-L5p3-n2-beta3__N0160__Aplus_0p02,xover-m05-g2-L5p3-n2-beta3__N0160__Aminus_0p02,xover-m05-g2-L5p3-n2-beta3,160,0.02,78,2.58375,0.9796816468742883,0.9832012238516191
xover-m05-g2-L5p3-n2-beta3__N0160__Aplus_0p02,xover-m05-g2-L5p3-n2-beta3__N0160__Aminus_0p02,xover-m05-g2-L5p3-n2-beta3,160,0.02,79,2.6168750000000003,0.9796337327969334,0.9831625675299436
xover-m05-g2-L5p3-n2-beta3__N0160__Aplus_0p02,xover-m05-g2-L5p3-n2-beta3__N0160__Aminus_0p02,xover-m05-g2-L5p3-n2-beta3,160,0.02,80,2.6500000000000004,0.979617752360062,0.9831496753530817
xover-m05-g2-L5p3-n2-beta3__N0160__Aplus_0p02,xover-m05-g2-L5p3-n2-beta3__N0160__Aminus_0p02,xover-m05-g2-L5p3-n2-beta3,160,0.02,81,2.683125,0.9796337327969336,0.983162567529943
xover-m05-g2-L5p3-n2-beta3__N0160__Aplus_0p02,xover-m05-g2-L5p3-n2-beta3__N0160__Aminus_0p02,xover-m05-g2-L5p3-n2-beta3,160,0.02,82,2.71625,0.9796816468742883,0.983201223851618
xover-m05-g2-L5p3-n2-beta3__N0160__Aplus_0p02,xover-m05-g2-L5p3-n2-beta3__N0160__Aminus_0p02,xover-m05-g2-L5p3-n2-beta3,160,0.02,83,2.749375,0.9797614129502673,0.9832655837243921
xover-m05-g2-L5p3-n2-beta3__N0160__Aplus_0p02,xover-m05-g2-L5p3-n2-beta3__N0160__Aminus_0p02,xover-m05-g2-L5p3-n2-beta3,160,0.02,84,2.7825,0.9798728951479891,0.9833555462687237
xover-m05-g2-L5p3-n2-beta3__N0160__Aplus_0p02,xover-m05-g2-L5p3-n2-beta3__N0160__Aminus_0p02,xover-m05-g2-L5p3-n2-beta3,160,0.02,85,2.8156250000000003,0.9800159036442248,0.98347097048401
xover-m05-g2-L5p3-n2-beta3__N0160__Aplus_0p02,xover-m05-g2-L5p3-n2-beta3__N0160__Aminus_0p02,xover-m05-g2-L5p3-n2-beta3,160,0.02,86,2.8487500000000003,0.9801901950722453,0.983611675478843
xover-m05-g2-L5p3-n2-beta3__N0160__Aplus_0p02,xover-m05-g2-L5p3-n2-beta3__N0160__Aminus_0p02,xover-m05-g2-L5p3-n2-beta3,160,0.02,87,2.881875,0.9803954730375521,0.9837774407663356
xover-m05-g2-L5p3-n2-beta3__N0160__Aplus_0p02,xover-m05-g2-L5p3-n2-beta3__N0160__Aminus_0p02,xover-m05-g2-L5p3-n2-beta3,160,0.02,88,2.915,0.9806313887448413,0.9839680066239898
xover-m05-g2-L5p3-n2-beta3__N0160__Aplus_0p02,xover-m05-g2-L5p3-n2-beta3__N0160__Aminus_0p02,xover-m05-g2-L5p3-n2-beta3,160,0.02,89,2.948125,0.9808975417342006,0.9841830745174504
xover-m05-g2-L5p3-n2-beta3__N0160__Aplus_0p02,xover-m05-g2-L5p3-n2-beta3__N0160__Aminus_0p02,xover-m05-g2-L5p3-n2-beta3,160,0.02,90,2.98125,0.9811934807241994,0.9844223075873832
xover-m05-g2-L5p3-n2-beta3__N0160__Aplus_0p02,xover-m05-g2-L5p3-n2-beta3__N0160__Aminus_0p02,xover-m05-g2-L5p3-n2-beta3,160,0.02,91,3.0143750000000002,0.9815187045591965,0.984685331198593
xover-m05-g2-L5p3-n2-beta3__N0160__Aplus_0p02,xover-m05-g2-L5p3-n2-beta3__N0160__Aminus_0p02,xover-m05-g2-L5p3-n2-beta3,160,0.02,92,3.0475000000000003,0.9818726632578739,0.9849717335503931
xover-m05-g2-L5p3-n2-beta3__N0160__Aplus_0p02,xover-m05-g2-L5p3-n2-beta3__N0160__Aminus_0p02,xover-m05-g2-L5p3-n2-beta3,160,0.02,93,3.080625,0.9822547591596972,0.9852810663471198
xover-m05-g2-L5p3-n2-beta3__N0160__Aplus_0p02,xover-m05-g2-L5p3-n2-beta3__N0160__Aminus_0p02,xover-m05-g2-L5p3-n2-beta3,160,0.02,94,3.11375,0.9826643481657138,0.9856128455275827
xover-m05-g2-L5p3-n2-beta3__N0160__Aplus_0p02,xover-m05-g2-L5p3-n2-beta3__N0160__Aminus_0p02,xover-m05-g2-L5p3-n2-beta3,160,0.02,95,3.146875,0.9831007410698261,0.9859665520521315
xover-m05-g2-L5p3-n2-beta3__N0160__Aplus_0p02,xover-m05-g2-L5p3-n2-beta3__N0160__Aminus_0p02,xover-m05-g2-L5p3-n2-beta3,160,0.02,96,3.18,0.9835632049764167,0.9863416327459192
xover-m05-g2-L5p3-n2-beta3__N0160__Aplus_0p02,xover-m05-g2-L5p3-n2-beta3__N0160__Aminus_0p02,xover-m05-g2-L5p3-n2-beta3,160,0.02,97,3.2131250000000002,0.9840509647999678,0.9867375011968419
xover-m05-g2-L5p3-n2-beta3__N0160__Aplus_0p02,xover-m05-g2-L5p3-n2-beta3__N0160__Aminus_0p02,xover-m05-g2-L5p3-n2-beta3,160,0.02,98,3.2462500000000003,0.984563204842097,0.9871535387065316
xover-m05-g2-L5p3-n2-beta3__N0160__Aplus_0p02,xover-m05-g2-L5p3-n2-beta3__N0160__Aminus_0p02,xover-m05-g2-L5p3-n2-beta3,160,0.02,99,3.2793750000000004,0.9850990704412333,0.9875890952926925
xover-m05-g2-L5p3-n2-beta3__N0160__Aplus_0p02,xover-m05-g2-L5p3-n2-beta3__N0160__Aminus_0p02,xover-m05-g2-L5p3-n2-beta3,160,0.02,100,3.3125,0.9856576696899807,0.988043490740976
xover-m05-g2-L5p3-n2-beta3__N0160__Aplus_0p02,xover-m05-g2-L5p3-n2-beta3__N0160__Aminus_0p02,xover-m05-g2-L5p3-n2-beta3,160,0.02,101,3.345625,0.9862380752150639,0.9885160157045026
xover-m05-g2-L5p3-n2-beta3__N0160__Aplus_0p02,xover-m05-g2-L5p3-n2-beta3__N0160__Aminus_0p02,xover-m05-g2-L5p3-n2-beta3,160,0.02,102,3.37875,0.9868393260146174,0.9890059328490581
xover-m05-g2-L5p3-n2-beta3__N0160__Aplus_0p02,xover-m05-g2-L5p3-n2-beta3__N0160__Aminus_0p02,xover-m05-g2-L5p3-n2-beta3,160,0.02,103,3.411875,0.9874604293474732,0.9895124780419109
xover-m05-g2-L5p3-n2-beta3__N0160__Aplus_0p02,xover-m05-g2-L5p3-n2-beta3__N0160__Aminus_0p02,xover-m05-g2-L5p3-n2-beta3,160,0.02,104,3.4450000000000003,0.988100362669017,0.9900348615821263
xover-m05-g2-L5p3-n2-beta3__N0160__Aplus_0p02,xover-m05-g2-L5p3-n2-beta3__N0160__Aminus_0p02,xover-m05-g2-L5p3-n2-beta3,160,0.02,105,3.4781250000000004,0.9887580756081227,0.9905722694701795
xover-m05-g2-L5p3-n2-beta3__N0160__Aplus_0p02,xover-m05-g2-L5p3-n2-beta3__N0160__Aminus_0p02,xover-m05-g2-L5p3-n2-beta3,160,0.02,106,3.51125,0.9894324919796397,0.991123864714611
xover-m05-g2-L5p3-n2-beta3__N0160__Aplus_0p02,xover-m05-g2-L5p3-n2-beta3__N0160__Aminus_0p02,xover-m05-g2-L5p3-n2-beta3,160,0.02,107,3.544375,0.9901225118268947,0.9916887886734017
xover-m05-g2-L5p3-n2-beta3__N0160__Aplus_0p02,xover-m05-g2-L5p3-n2-beta3__N0160__Aminus_0p02,xover-m05-g2-L5p3-n2-beta3,160,0.02,108,3.5775,0.9908270134886825,0.9922661624276977
xover-m05-g2-L5p3-n2-beta3__N0160__Aplus_0p02,xover-m05-g2-L5p3-n2-beta3__N0160__Aminus_0p02,xover-m05-g2-L5p3-n2-beta3,160,0.02,109,3.610625,0.9915448556852536,0.9928550881854619
xover-m05-g2-L5p3-n2-beta3__N0160__Aplus_0p02,xover-m05-g2-L5p3-n2-beta3__N0160__Aminus_0p02,xover-m05-g2-L5p3-n2-beta3,160,0.02,110,3.6437500000000003,0.9922748796178672,0.9934546507125873
xover-m05-g2-L5p3-n2-beta3__N0160__Aplus_0p02,xover-m05-g2-L5p3-n2-beta3__N0160__Aminus_0p02,xover-m05-g2-L5p3-n2-beta3,160,0.02,111,3.6768750000000003,0.9930159110765588,0.9940639187889718
xover-m05-g2-L5p3-n2-beta3__N0160__Aplus_0p02,xover-m05-g2-L5p3-n2-beta3__N0160__Aminus_0p02,xover-m05-g2-L5p3-n2-beta3,160,0.02,112,3.71,0.9937667625508726,0.9946819466870194
xover-m05-g2-L5p3-n2-beta3__N0160__Aplus_0p02,xover-m05-g2-L5p3-n2-beta3__N0160__Aminus_0p02,xover-m05-g2-L5p3-n2-beta3,160,0.02,113,3.743125,0.9945262353384343,0.9953077756700109
xover-m05-g2-L5p3-n2-beta3__N0160__Aplus_0p02,xover-m05-g2-L5p3-n2-beta3__N0160__Aminus_0p02,xover-m05-g2-L5p3-n2-beta3,160,0.02,114,3.77625,0.9952931216463831,0.9959404355077633
xover-m05-g2-L5p3-n2-beta3__N0160__Aplus_0p02,xover-m05-g2-L5p3-n2-beta3__N0160__Aminus_0p02,xover-m05-g2-L5p3-n2-beta3,160,0.02,115,3.809375,0.9960662066808437,0.9965789460069879
xover-m05-g2-L5p3-n2-beta3__N0160__Aplus_0p02,xover-m05-g2-L5p3-n2-beta3__N0160__Aminus_0p02,xover-m05-g2-L5p3-n2-beta3,160,0.02,116,3.8425000000000002,0.9968442707197993,0.9972223185537454
xover-m05-g2-L5p3-n2-beta3__N0160__Aplus_0p02,xover-m05-g2-L5p3-n2-beta3__N0160__Aminus_0p02,xover-m05-g2-L5p3-n2-beta3,160,0.02,117,3.8756250000000003,0.9976260911649242,0.997869557665397
xover-m05-g2-L5p3-n2-beta3__N0160__Aplus_0p02,xover-m05-g2-L5p3-n2-beta3__N0160__Aminus_0p02,xover-m05-g2-L5p3-n2-beta3,160,0.02,118,3.9087500000000004,0.998410444568142,0.9985196625494539
xover-m05-g2-L5p3-n2-beta3__N0160__Aplus_0p02,xover-m05-g2-L5p3-n2-beta3__N0160__Aminus_0p02,xover-m05-g2-L5p3-n2-beta3,160,0.02,119,3.941875,0.9991961086289065,0.9991716286667355
xover-m05-g2-L5p3-n2-beta3__N0160__Aplus_0p02,xover-m05-g2-L5p3-n2-beta3__N0160__Aminus_0p02,xover-m05-g2-L5p3-n2-beta3,160,0.02,120,3.975,0.9999818641584329,0.999824449296265
xover-m05-g2-L5p3-n2-beta3__N0160__Aplus_0p02,xover-m05-g2-L5p3-n2-beta3__N0160__Aminus_0p02,xover-m05-g2-L5p3-n2-beta3,160,0.02,121,4.008125000000001,1.0007664970073564,1.000477117099352
xover-m05-g2-L5p3-n2-beta3__N0160__Aplus_0p02,xover-m05-g2-L5p3-n2-beta3__N0160__Aminus_0p02,xover-m05-g2-L5p3-n2-beta3,160,0.02,122,4.04125,1.0015487999535517,1.0011286256803327
xover-m05-g2-L5p3-n2-beta3__N0160__Aplus_0p02,xover-m05-g2-L5p3-n2-beta3__N0160__Aminus_0p02,xover-m05-g2-L5p3-n2-beta3,160,0.02,123,4.074375,1.002327574547107,1.0017779711414774
xover-m05-g2-L5p3-n2-beta3__N0160__Aplus_0p02,xover-m05-g2-L5p3-n2-beta3__N0160__Aminus_0p02,xover-m05-g2-L5p3-n2-beta3,160,0.02,124,4.1075,1.0031016329097153,1.0024241536296075
xover-m05-g2-L5p3-n2-beta3__N0160__Aplus_0p02,xover-m05-g2-L5p3-n2-beta3__N0160__Aminus_0p02,xover-m05-g2-L5p3-n2-beta3,160,0.02,125,4.140625,1.0038697994860157,1.0030661788720043
xover-m05-g2-L5p3-n2-beta3__N0160__Aplus_0p02,xover-m05-g2-L5p3-n2-beta3__N0160__Aminus_0p02,xover-m05-g2-L5p3-n2-beta3,160,0.02,126,4.17375,1.0046309127446906,1.0037030596992396
xover-m05-g2-L5p3-n2-beta3__N0160__Aplus_0p02,xover-m05-g2-L5p3-n2-beta3__N0160__Aminus_0p02,xover-m05-g2-L5p3-n2-beta3,160,0.02,127,4.206875,1.0053838268273985,1.0043338175526073
xover-m05-g2-L5p3-n2-beta3__N0160__Aplus_0p02,xover-m05-g2-L5p3-n2-beta3__N0160__Aminus_0p02,xover-m05-g2-L5p3-n2-beta3,160,0.02,128,4.24,1.0061274131438886,1.0049574839738904
xover-m05-g2-L5p3-n2-beta3__N0160__Aplus_0p02,xover-m05-g2-L5p3-n2-beta3__N0160__Aminus_0p02,xover-m05-g2-L5p3-n2-beta3,160,0.02,129,4.273125,1.0068605619119186,1.00557310207525
xover-m05-g2-L5p3-n2-beta3__N0160__Aplus_0p02,xover-m05-g2-L5p3-n2-beta3__N0160__Aminus_0p02,xover-m05-g2-L5p3-n2-beta3,160,0.02,130,4.30625,1.0075821836408525,1.0061797279870919
xover-m05-g2-L5p3-n2-beta3__N0160__Aplus_0p02,xover-m05-g2-L5p3-n2-beta3__N0160__Aminus_0p02,xover-m05-g2-L5p3-n2-beta3,160,0.02,131,4.339375,1.008291210558075,1.0067764322818207
xover-m05-g2-L5p3-n2-beta3__N0160__Aplus_0p02,xover-m05-g2-L5p3-n2-beta3__N0160__Aminus_0p02,xover-m05-g2-L5p3-n2-beta3,160,0.02,132,4.3725000000000005,1.0089865979776074,1.007362301371465
xover-m05-g2-L5p3-n2-beta3__N0160__Aplus_0p02,xover-m05-g2-L5p3-n2-beta3__N0160__Aminus_0p02,xover-m05-g2-L5p3-n2-beta3,160,0.02,133,4.405625000000001,1.0096673256105488,1.0079364388772196
xover-m05-g2-L5p3-n2-beta3__N0160__Aplus_0p02,xover-m05-g2-L5p3-n2-beta3__N0160__Aminus_0p02,xover-m05-g2-L5p3-n2-beta3,160,0.02,134,4.438750000000001,1.010332398817193,1.0084979669690268
xover-m05-g2-L5p3-n2-beta3__N0160__Aplus_0p02,xover-m05-g2-L5p3-n2-beta3__N0160__Aminus_0p02,xover-m05-g2-L5p3-n2-beta3,160,0.02,135,4.471875,1.0109808498008903,1.0090460276733857
xover-m05-g2-L5p3-n2-beta3__N0160__Aplus_0p02,xover-m05-g2-L5p3-n2-beta3__N0160__Aminus_0p02,xover-m05-g2-L5p3-n2-beta3,160,0.02,136,4.505,1.0116117387439267,1.0095797841476533
xover-m05-g2-L5p3-n2-beta3__N0160__Aplus_0p02,xover-m05-g2-L5p3-n2-beta3__N0160__Aminus_0p02,xover-m05-g2-L5p3-n2-beta3,160,0.02,137,4.538125,1.012224154885882,1.0100984219191786
xover-m05-g2-L5p3-n2-beta3__N0160__Aplus_0p02,xover-m05-g2-L5p3-n2-beta3__N0160__Aminus_0p02,xover-m05-g2-L5p3-n2-beta3,160,0.02,138,4.57125,1.0128172175451022,1.0106011500876795
xover-m05-g2-L5p3-n2-beta3__N0160__Aplus_0p02,xover-m05-g2-L5p3-n2-beta3__N0160__Aminus_0p02,xover-m05-g2-L5p3-n2-beta3,160,0.02,139,4.604375,1.0133900770840878,1.01108720248935
xover-m05-g2-L5p3-n2-beta3__N0160__Aplus_0p02,xover-m05-g2-L5p3-n2-beta3__N0160__Aminus_0p02,xover-m05-g2-L5p3-n2-beta3,160,0.02,140,4.6375,1.0139419158197305,1.0115558388212653
xover-m05-g2-L5p3-n2-beta3__N0160__Aplus_0p02,xover-m05-g2-L5p3-n2-beta3__N0160__Aminus_0p02,xover-m05-g2-L5p3-n2-beta3,160,0.02,141,4.670625,1.0144719488794731,1.012006345724717
xover-m05-g2-L5p3-n2-beta3__N0160__Aplus_0p02,xover-m05-g2-L5p3-n2-beta3__N0160__Aminus_0p02,xover-m05-g2-L5p3-n2-beta3,160,0.02,142,4.70375,1.0149794250045638,1.0124380378261952
xover-m05-g2-L5p3-n2-beta3__N0160__Aplus_0p02,xover-m05-g2-L5p3-n2-beta3__N0160__Aminus_0p02,xover-m05-g2-L5p3-n2-beta3,160,0.02,143,4.736875,1.0154636273016764,1.0128502587348
xover-m05-g2-L5p3-n2-beta3__N0160__Aplus_0p02,xover-m05-g2-L5p3-n2-beta3__N0160__Aminus_0p02,xover-m05-g2-L5p3-n2-beta3,160,0.02,144,4.7700000000000005,1.0159238739442418,1.0132423819949428
xover-m05-g2-L5p3-n2-beta3__N0160__Aplus_0p02,xover-m05-g2-L5p3-n2-beta3__N0160__Aminus_0p02,xover-m05-g2-L5p3-n2-beta3,160,0.02,145,4.8031250000000005,1.0163595188248917,1.013613811993267
xover-m05-g2-L5p3-n2-beta3__N0160__Aplus_0p02,xover-m05-g2-L5p3-n2-beta3__N0160__Aminus_0p02,xover-m05-g2-L5p3-n2-beta3,160,0.02,146,4.836250000000001,1.0167699521604572,1.0139639848187898
xover-m05-g2-L5p3-n2-beta3__N0160__Aplus_0p02,xover-m05-g2-L5p3-n2-beta3__N0160__Aminus_0p02,xover-m05-g2-L5p3-n2-beta3,160,0.02,147,4.869375000000001,1.01715460105099,1.0142923690753316
xover-m05-g2-L5p3-n2-beta3__N0160__Aplus_0p02,xover-m05-g2-L5p3-n2-beta3__N0160__Aminus_0p02,xover-m05-g2-L5p3-n2-beta3,160,0.02,148,4.9025,1.017512929994278,1.0145984666453736
xover-m05-g2-L5p3-n2-beta3__N0160__Aplus_0p02,xover-m05-g2-L5p3-n2-beta3__N0160__Aminus_0p02,xover-m05-g2-L5p3-n2-beta3,160,0.02,149,4.935625,1.0178444413573178,1.0148818134045432
xover-m05-g2-L5p3-n2-beta3__N0160__Aplus_0p02,xover-m05-g2-L5p3-n2-beta3__N0160__Aminus_0p02,xover-m05-g2-L5p3-n2-beta3,160,0.02,150,4.96875,1.0181486758061822,1.0151419798859964
xover-m05-g2-L5p3-n2-beta3__N0160__Aplus_0p02,xover-m05-g2-L5p3-n2-beta3__N0160__Aminus_0p02,xover-m05-g2-L5p3-n2-beta3,160,0.02,151,5.001875,1.0184252126956819,1.0153785718940267
xover-m05-g2-L5p3-n2-beta3__N0160__Aplus_0p02,xover-m05-g2-L5p3-n2-beta3__N0160__Aminus_0p02,xover-m05-g2-L5p3-n2-beta3,160,0.02,152,5.035,1.0186736704201582,1.0155912310662887
xover-m05-g2-L5p3-n2-beta3__N0160__Aplus_0p02,xover-m05-g2-L5p3-n2-beta3__N0160__Aminus_0p02,xover-m05-g2-L5p3-n2-beta3,160,0.02,153,5.068125,1.018893706726687,1.0157796353840909
xover-m05-g2-L5p3-n2-beta3__N0160__Aplus_0p02,xover-m05-g2-L5p3-n2-beta3__N0160__Aminus_0p02,xover-m05-g2-L5p3-n2-beta3,160,0.02,154,5.10125,1.0190850189918799,1.0159434996302612
xover-m05-g2-L5p3-n2-beta3__N0160__Aplus_0p02,xover-m05-g2-L5p3-n2-beta3__N0160__Aminus_0p02,xover-m05-g2-L5p3-n2-beta3,160,0.02,155,5.134375,1.0192473444633874,1.0160825757941516
xover-m05-g2-L5p3-n2-beta3__N0160__Aplus_0p02,xover-m05-g2-L5p3-n2-beta3__N0160__Aminus_0p02,xover-m05-g2-L5p3-n2-beta3,160,0.02,156,5.1675,1.0193804604670957,1.0161966534233995
xover-m05-g2-L5p3-n2-beta3__N0160__Aplus_0p02,xover-m05-g2-L5p3-n2-beta3__N0160__Aminus_0p02,xover-m05-g2-L5p3-n2-beta3,160,0.02,157,5.2006250000000005,1.019484184580904,1.0162855599221192
xover-m05-g2-L5p3-n2-beta3__N0160__Aplus_0p02,xover-m05-g2-L5p3-n2-beta3__N0160__Aminus_0p02,xover-m05-g2-L5p3-n2-beta3,160,0.02,158,5.233750000000001,1.0195583747758392,1.0163491607952482
xover-m05-g2-L5p3-n2-beta3__N0160__Aplus_0p02,xover-m05-g2-L5p3-n2-beta3__N0160__Aminus_0p02,xover-m05-g2-L5p3-n2-beta3,160,0.02,159,5.266875000000001,1.019602929525147,1.0163873598388249
xover-m05-g2-L5p3-n2-beta3__N0160__Aplus_0p02,xover-m05-g2-L5p3-n2-beta3__N0160__Aminus_0p02,xover-m05-g2-L5p3-n2-beta3,160,0.02,160,5.3,1.0196177878818513,1.0164000992760234
