{
  "alpha_n0": 7.597429403961728,
  "beta_n0": 0.22341154405391847,
  "chi_hi": 1.7324555633405414,
  "chi_lo": 1.7324555321844923,
  "chi_star": 1.7324555321844923,
  "chi_star_disc": 1.7324555633405414,
  "chi_star_mode_n0": 1.7324555321844923,
  "classification": "supercritical",
  "n0": 3
}
