{
  "alpha_n0": 2.7377240087273367,
  "beta_n0": 0.013667732551320118,
  "chi_hi": 7.257709081612641,
  "chi_lo": 7.255026054826351,
  "chi_star": 7.257709081612641,
  "chi_star_disc": 7.255026054826351,
  "chi_star_mode_n0": 7.257709081612642,
  "classification": "supercritical",
  "n0": 1
}
