{
  "alpha_n0": 0.6810002487372185,
  "beta_n0": -7.8404743833830715,
  "chi_hi": 15.961234112975593,
  "chi_lo": 15.949336218846128,
  "chi_star": 15.961234112975593,
  "chi_star_disc": 15.949336218846128,
  "chi_star_mode_n0": 15.961234112975594,
  "classification": "subcritical",
  "n0": 1
}
