{
  "alpha_n0": 0.8764098451036872,
  "beta_n0": -2.5282295230830596,
  "chi_hi": 2.7446360380928416,
  "chi_lo": 2.742953864174102,
  "chi_star": 2.7446360380928416,
  "chi_star_disc": 2.742953864174102,
  "chi_star_mode_n0": 2.744636038092841,
  "classification": "subcritical",
  "n0": 2
}
