{
  "alpha_n0": 0.2270000829124062,
  "beta_n0": -0.7975469079959944,
  "chi_hi": 47.88370233892678,
  "chi_lo": 47.84800865653838,
  "chi_star": 47.88370233892678,
  "chi_star_disc": 47.84800865653838,
  "chi_star_mode_n0": 47.88370233892679,
  "classification": "subcritical",
  "n0": 1
}
