{
  "alpha_n0": 1.9261595754872514,
  "beta_n0": 6.673423756697735,
  "chi_hi": 5.643148438695547,
  "chi_lo": 5.638941897885154,
  "chi_star": 5.643148438695547,
  "chi_star_disc": 5.638941897885154,
  "chi_star_mode_n0": 5.643148438695546,
  "classification": "supercritical",
  "n0": 1
}
