{
  "alpha_n0": 0.9080003316496248,
  "beta_n0": -3.978889221258562,
  "chi_hi": 11.970925584731695,
  "chi_lo": 11.962002164134596,
  "chi_star": 11.970925584731695,
  "chi_star_disc": 11.962002164134596,
  "chi_star_mode_n0": 11.970925584731697,
  "classification": "subcritical",
  "n0": 1
}
