{
  "alpha_n0": 0.8718364424041628,
  "beta_n0": -2.5283791144454755,
  "chi_hi": 2.7389462091287653,
  "chi_lo": 2.735331305410301,
  "chi_star": 2.7389462091287653,
  "chi_star_disc": 2.735331305410301,
  "chi_star_mode_n0": 2.7389462091287657,
  "classification": "subcritical",
  "n0": 3
}
