state_id,reflection_partner_id,case,mesh,requested_amplitude,node,x,u,v
hm-m2-g2-L5p3-n2-beta6__N0040__Aminus_0p02,hm-m2-g2-L5p3-n2-beta6__N0040__Aplus_0p02,hm-m2-g2-L5p3-n2-beta6,40,-0.02,0,0.0,0.9796949998551153,0.9831509459503585
hm-m2-g2-L5p3-n2-beta6__N0040__Aminus_0p02,hm-m2-g2-L5p3-n2-beta6__N0040__Aplus_0p02,hm-m2-g2-L5p3-n2-beta6,40,-0.02,1,0.1325,0.9799461617510123,0.9833559033468109
hm-m2-g2-L5p3-n2-beta6__N0040__Aminus_0p02,hm-m2-g2-L5p3-n2-beta6__N0040__Aplus_0p02,hm-m2-g2-L5p3-n2-beta6,40,-0.02,2,0.265,0.9806931318635596,0.9839657328581153
hm-m2-g2-L5p3-n2-beta6__N0040__Aminus_0p02,hm-m2-g2-L5p3-n2-beta6__N0040__Aplus_0p02,hm-m2-g2-L5p3-n2-beta6,40,-0.02,3,0.3975,0.9819165504407417,0.9849654289916216
hm-m2-g2-L5p3-n2-beta6__N0040__Aminus_0p02,hm-m2-g2-L5p3-n2-beta6__N0040__Aplus_0p02,hm-m2-g2-L5p3-n2-beta6,40,-0.02,4,0.53,0.9835847685793457,0.9863303884710454
hm-m2-g2-L5p3-n2-beta6__N0040__Aminus_0p02,hm-m2-g2-L5p3-n2-beta6__N0040__Aplus_0p02,hm-m2-g2-L5p3-n2-beta6,40,-0.02,5,0.6625000000000001,0.9856547535974816,0.9880270099423113
hm-m2-g2-L5p3-n2-beta6__N0040__Aminus_0p02,hm-m2-g2-L5p3-n2-beta6__N0040__Aplus_0p02,hm-m2-g2-L5p3-n2-beta6,40,-0.02,6,0.795,0.9880733152554876,0.9900135152390667
hm-m2-g2-L5p3-n2-beta6__N0040__Aminus_0p02,hm-m2-g2-L5p3-n2-beta6__N0040__Aplus_0p02,hm-m2-g2-L5p3-n2-beta6,40,-0.02,7,0.9275,0.990778611814888,0.9922409737278456
hm-m2-g2-L5p3-n2-beta6__N0040__Aminus_0p02,hm-m2-g2-L5p3-n2-beta6__N0040__Aplus_0p02,hm-m2-g2-L5p3-n2-beta6,40,-0.02,8,1.06,0.9937018842544983,0.9946545059261201
hm-m2-g2-L5p3-n2-beta6__N0040__Aminus_0p02,hm-m2-g2-L5p3-n2-beta6__N0040__Aplus_0p02,hm-m2-g2-L5p3-n2-beta6,40,-0.02,9,1.1925000000000001,0.9967693579673936,0.9971946374923631
hm-m2-g2-L5p3-n2-beta6__N0040__Aminus_0p02,hm-m2-g2-L5p3-n2-beta6__N0040__Aplus_0p02,hm-m2-g2-L5p3-n2-beta6,40,-0.02,10,1.3250000000000002,0.9999042449274352,0.9997987700960284
hm-m2-g2-L5p3-n2-beta6__N0040__Aminus_0p02,hm-m2-g2-L5p3-n2-beta6__N0040__Aplus_0p02,hm-m2-g2-L5p3-n2-beta6,40,-0.02,11,1.4575,1.0030287765763397,1.0024027318962037
hm-m2-g2-L5p3-n2-beta6__N0040__Aminus_0p02,hm-m2-g2-L5p3-n2-beta6__N0040__Aplus_0p02,hm-m2-g2-L5p3-n2-beta6,40,-0.02,12,1.59,1.006066199199637,1.0049423676886544
hm-m2-g2-L5p3-n2-beta6__N0040__Aminus_0p02,hm-m2-g2-L5p3-n2-beta6__N0040__Aplus_0p02,hm-m2-g2-L5p3-n2-beta6,40,-0.02,13,1.7225000000000001,1.008942669506289,1.0073551274559882
hm-m2-g2-L5p3-n2-beta6__N0040__Aminus_0p02,hm-m2-g2-L5p3-n2-beta6__N0040__Aplus_0p02,hm-m2-g2-L5p3-n2-beta6,40,-0.02,14,1.855,1.0115889980701118,1.0095816121998806
hm-m2-g2-L5p3-n2-beta6__N0040__Aminus_0p02,hm-m2-g2-L5p3-n2-beta6__N0040__Aplus_0p02,hm-m2-g2-L5p3-n2-beta6,40,-0.02,15,1.9875,1.0139422011911945,1.0115670375382366
hm-m2-g2-L5p3-n2-beta6__N0040__Aminus_0p02,hm-m2-g2-L5p3-n2-beta6__N0040__Aplus_0p02,hm-m2-g2-L5p3-n2-beta6,40,-0.02,16,2.12,1.0159468360714232,1.013262578468847
hm-m2-g2-L5p3-n2-beta6__N0040__Aminus_0p02,hm-m2-g2-L5p3-n2-beta6__N0040__Aplus_0p02,hm-m2-g2-L5p3-n2-beta6,40,-0.02,17,2.2525,1.0175561082033597,1.0146265626790172
hm-m2-g2-L5p3-n2-beta6__N0040__Aminus_0p02,hm-m2-g2-L5p3-n2-beta6__N0040__Aplus_0p02,hm-m2-g2-L5p3-n2-beta6,40,-0.02,18,2.3850000000000002,1.0187327518273723,1.0156254844973613
hm-m2-g2-L5p3-n2-beta6__N0040__Aminus_0p02,hm-m2-g2-L5p3-n2-beta6__N0040__Aplus_0p02,hm-m2-g2-L5p3-n2-beta6,40,-0.02,19,2.5175,1.0194496928392334,1.0162348167105069
hm-m2-g2-L5p3-n2-beta6__N0040__Aminus_0p02,hm-m2-g2-L5p3-n2-beta6__N0040__Aplus_0p02,hm-m2-g2-L5p3-n2-beta6,40,-0.02,20,2.6500000000000004,1.0196905078230103,1.016439602721213
hm-m2-g2-L5p3-n2-beta6__N0040__Aminus_0p02,hm-m2-g2-L5p3-n2-beta6__N0040__Aplus_0p02,hm-m2-g2-L5p3-n2-beta6,40,-0.02,21,2.7825,1.0194496928392334,1.0162348167105069
hm-m2-g2-L5p3-n2-beta6__N0040__Aminus_0p02,hm-m2-g2-L5p3-n2-beta6__N0040__Aplus_0p02,hm-m2-g2-L5p3-n2-beta6,40,-0.02,22,2.915,1.0187327518273723,1.0156254844973616
hm-m2-g2-L5p3-n2-beta6__N0040__Aminus_0p02,hm-m2-g2-L5p3-n2-beta6__N0040__Aplus_0p02,hm-m2-g2-L5p3-n2-beta6,40,-0.02,23,3.0475000000000003,1.0175561082033595,1.0146265626790172
hm-m2-g2-L5p3-n2-beta6__N0040__Aminus_0p02,hm-m2-g2-L5p3-n2-beta6__N0040__Aplus_0p02,hm-m2-g2-L5p3-n2-beta6,40,-0.02,24,3.18,1.015946836071423,1.0132625784688467
hm-m2-g2-L5p3-n2-beta6__N0040__Aminus_0p02,hm-m2-g2-L5p3-n2-beta6__N0040__Aplus_0p02,hm-m2-g2-L5p3-n2-beta6,40,-0.02,25,3.3125,1.0139422011911943,1.0115670375382362
hm-m2-g2-L5p3-n2-beta6__N0040__Aminus_0p02,hm-m2-g2-L5p3-n2-beta6__N0040__Aplus_0p02,hm-m2-g2-L5p3-n2-beta6,40,-0.02,26,3.4450000000000003,1.0115889980701116,1.00958161219988
hm-m2-g2-L5p3-n2-beta6__N0040__Aminus_0p02,hm-m2-g2-L5p3-n2-beta6__N0040__Aplus_0p02,hm-m2-g2-L5p3-n2-beta6,40,-0.02,27,3.5775,1.0089426695062889,1.007355127455987
hm-m2-g2-L5p3-n2-beta6__N0040__Aminus_0p02,hm-m2-g2-L5p3-n2-beta6__N0040__Aplus_0p02,hm-m2-g2-L5p3-n2-beta6,40,-0.02,28,3.71,1.0060661991996365,1.004942367688653
hm-m2-g2-L5p3-n2-beta6__N0040__Aminus_0p02,hm-m2-g2-L5p3-n2-beta6__N0040__Aplus_0p02,hm-m2-g2-L5p3-n2-beta6,40,-0.02,29,3.8425000000000002,1.0030287765763393,1.002402731896202
hm-m2-g2-L5p3-n2-beta6__N0040__Aminus_0p02,hm-m2-g2-L5p3-n2-beta6__N0040__Aplus_0p02,hm-m2-g2-L5p3-n2-beta6,40,-0.02,30,3.975,0.9999042449274348,0.9997987700960267
hm-m2-g2-L5p3-n2-beta6__N0040__Aminus_0p02,hm-m2-g2-L5p3-n2-beta6__N0040__Aplus_0p02,hm-m2-g2-L5p3-n2-beta6,40,-0.02,31,4.1075,0.9967693579673931,0.9971946374923614
hm-m2-g2-L5p3-n2-beta6__N0040__Aminus_0p02,hm-m2-g2-L5p3-n2-beta6__N0040__Aplus_0p02,hm-m2-g2-L5p3-n2-beta6,40,-0.02,32,4.24,0.9937018842544976,0.9946545059261186
hm-m2-g2-L5p3-n2-beta6__N0040__Aminus_0p02,hm-m2-g2-L5p3-n2-beta6__N0040__Aplus_0p02,hm-m2-g2-L5p3-n2-beta6,40,-0.02,33,4.3725000000000005,0.9907786118148871,0.992240973727844
hm-m2-g2-L5p3-n2-beta6__N0040__Aminus_0p02,hm-m2-g2-L5p3-n2-beta6__N0040__Aplus_0p02,hm-m2-g2-L5p3-n2-beta6,40,-0.02,34,4.505,0.9880733152554866,0.9900135152390651
hm-m2-g2-L5p3-n2-beta6__N0040__Aminus_0p02,hm-m2-g2-L5p3-n2-beta6__N0040__Aplus_0p02,hm-m2-g2-L5p3-n2-beta6,40,-0.02,35,4.6375,0.9856547535974804,0.9880270099423099
hm-m2-g2-L5p3-n2-beta6__N0040__Aminus_0p02,hm-m2-g2-L5p3-n2-beta6__N0040__Aplus_0p02,hm-m2-g2-L5p3-n2-beta6,40,-0.02,36,4.7700000000000005,0.9835847685793444,0.9863303884710439
hm-m2-g2-L5p3-n2-beta6__N0040__Aminus_0p02,hm-m2-g2-L5p3-n2-beta6__N0040__Aplus_0p02,hm-m2-g2-L5p3-n2-beta6,40,-0.02,37,4.9025,0.9819165504407403,0.9849654289916203
hm-m2-g2-L5p3-n2-beta6__N0040__Aminus_0p02,hm-m2-g2-L5p3-n2-beta6__N0040__Aplus_0p02,hm-m2-g2-L5p3-n2-beta6,40,-0.02,38,5.035,0.9806931318635582,0.983965732858114
hm-m2-g2-L5p3-n2-beta6__N0040__Aminus_0p02,hm-m2-g2-L5p3-n2-beta6__N0040__Aplus_0p02,hm-m2-g2-L5p3-n2-beta6,40,-0.02,39,5.1675,0.9799461617510109,0.9833559033468094
hm-m2-g2-L5p3-n2-beta6__N0040__Aminus_0p02,hm-m2-g2-L5p3-n2-beta6__N0040__Aplus_0p02,hm-m2-g2-L5p3-n2-beta6,40,-0.02,40,5.3,0.9796949998551138,0.9831509459503569
hm-m2-g2-L5p3-n2-beta6__N0040__Aminus_0p01,hm-m2-g2-L5p3-n2-beta6__N0040__Aplus_0p01,hm-m2-g2-L5p3-n2-beta6,40,-0.01,0,0.0,0.9899234016530843,0.9916248663456901
hm-m2-g2-L5p3-n2-beta6__N0040__Aminus_0p01,hm-m2-g2-L5p3-n2-beta6__N0040__Aplus_0p01,hm-m2-g2-L5p3-n2-beta6,40,-0.01,1,0.1325,0.9900477849742267,0.9917273643435077
hm-m2-g2-L5p3-n2-beta6__N0040__Aminus_0p01,hm-m2-g2-L5p3-n2-beta6__N0040__Aplus_0p01,hm-m2-g2-L5p3-n2-beta6,40,-0.01,2,0.265,0.9904177831156757,0.9920323341450847
hm-m2-g2-L5p3-n2-beta6__N0040__Aminus_0p01,hm-m2-g2-L5p3-n2-beta6__N0040__Aplus_0p01,hm-m2-g2-L5p3-n2-beta6,40,-0.01,3,0.3975,0.9910240262170612,0.992532265208128
hm-m2-g2-L5p3-n2-beta6__N0040__Aminus_0p01,hm-m2-g2-L5p3-n2-beta6__N0040__Aplus_0p01,hm-m2-g2-L5p3-n2-beta6,40,-0.01,4,0.53,0.991851180465276,0.9932148452578855
hm-m2-g2-L5p3-n2-beta6__N0040__Aminus_0p01,hm-m2-g2-L5p3-n2-beta6__N0040__Aplus_0p01,hm-m2-g2-L5p3-n2-beta6,40,-0.01,5,0.6625000000000001,0.9928783625598672,0.9940632630683848
hm-m2-g2-L5p3-n2-beta6__N0040__Aminus_0p01,hm-m2-g2-L5p3-n2-beta6__N0040__Aplus_0p01,hm-m2-g2-L5p3-n2-beta6,40,-0.01,6,0.795,0.9940797013699336,0.9950566221227765
hm-m2-g2-L5p3-n2-beta6__N0040__Aminus_0p01,hm-m2-g2-L5p3-n2-beta6__N0040__Aplus_0p01,hm-m2-g2-L5p3-n2-beta6,40,-0.01,7,0.9275,0.9954250289837009,0.9961704551395227
hm-m2-g2-L5p3-n2-beta6__N0040__Aminus_0p01,hm-m2-g2-L5p3-n2-beta6__N0040__Aplus_0p01,hm-m2-g2-L5p3-n2-beta6,40,-0.01,8,1.06,0.996880679418966,0.9973773269204932
hm-m2-g2-L5p3-n2-beta6__N0040__Aminus_0p01,hm-m2-g2-L5p3-n2-beta6__N0040__Aplus_0p01,hm-m2-g2-L5p3-n2-beta6,40,-0.01,9,1.1925000000000001,0.9984103702007522,0.998647510715976
hm-m2-g2-L5p3-n2-beta6__N0040__Aminus_0p01,hm-m2-g2-L5p3-n2-beta6__N0040__Aplus_0p01,hm-m2-g2-L5p3-n2-beta6,40,-0.01,10,1.3250000000000002,0.999976139988736,0.9999497213845023
hm-m2-g2-L5p3-n2-beta6__N0040__Aminus_0p01,hm-m2-g2-L5p3-n2-beta6__N0040__Aplus_0p01,hm-m2-g2-L5p3-n2-beta6,40,-0.01,11,1.4575,1.0015393145669398,1.0012518871237361
hm-m2-g2-L5p3-n2-beta6__N0040__Aminus_0p01,hm-m2-g2-L5p3-n2-beta6__N0040__Aplus_0p01,hm-m2-g2-L5p3-n2-beta6,40,-0.01,12,1.59,1.0030614738316295,1.0025219405242074
hm-m2-g2-L5p3-n2-beta6__N0040__Aminus_0p01,hm-m2-g2-L5p3-n2-beta6__N0040__Aplus_0p01,hm-m2-g2-L5p3-n2-beta6,40,-0.01,13,1.7225000000000001,1.0045053938762705,1.0037286091949984
hm-m2-g2-L5p3-n2-beta6__N0040__Aminus_0p01,hm-m2-g2-L5p3-n2-beta6__N0040__Aplus_0p01,hm-m2-g2-L5p3-n2-beta6,40,-0.01,14,1.855,1.005835940721025,1.004842186251649
hm-m2-g2-L5p3-n2-beta6__N0040__Aminus_0p01,hm-m2-g2-L5p3-n2-beta6__N0040__Aplus_0p01,hm-m2-g2-L5p3-n2-beta6,40,-0.01,15,1.9875,1.0070208954247328,1.0058352615377677
hm-m2-g2-L5p3-n2-beta6__N0040__Aminus_0p01,hm-m2-g2-L5p3-n2-beta6__N0040__Aplus_0p01,hm-m2-g2-L5p3-n2-beta6,40,-0.01,16,2.12,1.0080316939410947,1.0066833955439087
hm-m2-g2-L5p3-n2-beta6__N0040__Aminus_0p01,hm-m2-g2-L5p3-n2-beta6__N0040__Aplus_0p01,hm-m2-g2-L5p3-n2-beta6,40,-0.01,17,2.2525,1.0088440688029567,1.0073657195390975
hm-m2-g2-L5p3-n2-beta6__N0040__Aminus_0p01,hm-m2-g2-L5p3-n2-beta6__N0040__Aplus_0p01,hm-m2-g2-L5p3-n2-beta6,40,-0.01,18,2.3850000000000002,1.0094385832227797,1.0078654473751862
hm-m2-g2-L5p3-n2-beta6__N0040__Aminus_0p01,hm-m2-g2-L5p3-n2-beta6__N0040__Aplus_0p01,hm-m2-g2-L5p3-n2-beta6,40,-0.01,19,2.5175,1.0098010512297924,1.0081702866872786
hm-m2-g2-L5p3-n2-beta6__N0040__Aminus_0p01,hm-m2-g2-L5p3-n2-beta6__N0040__Aplus_0p01,hm-m2-g2-L5p3-n2-beta6,40,-0.01,20,2.6500000000000004,1.0099228398692839,1.0082727397197182
hm-m2-g2-L5p3-n2-beta6__N0040__Aminus_0p01,hm-m2-g2-L5p3-n2-beta6__N0040__Aplus_0p01,hm-m2-g2-L5p3-n2-beta6,40,-0.01,21,2.7825,1.0098010512297924,1.0081702866872786
hm-m2-g2-L5p3-n2-beta6__N0040__Aminus_0p01,hm-m2-g2-L5p3-n2-beta6__N0040__Aplus_0p01,hm-m2-g2-L5p3-n2-beta6,40,-0.01,22,2.915,1.0094385832227797,1.0078654473751862
hm-m2-g2-L5p3-n2-beta6__N0040__Aminus_0p01,hm-m2-g2-L5p3-n2-beta6__N0040__Aplus_0p01,hm-m2-g2-L5p3-n2-beta6,40,-0.01,23,3.0475000000000003,1.0088440688029567,1.0073657195390975
hm-m2-g2-L5p3-n2-beta6__N0040__Aminus_0p01,hm-m2-g2-L5p3-n2-beta6__N0040__Aplus_0p01,hm-m2-g2-L5p3-n2-beta6,40,-0.01,24,3.18,1.0080316939410947,1.0066833955439087
hm-m2-g2-L5p3-n2-beta6__N0040__Aminus_0p01,hm-m2-g2-L5p3-n2-beta6__N0040__Aplus_0p01,hm-m2-g2-L5p3-n2-beta6,40,-0.01,25,3.3125,1.007020895424733,1.005835261537768
hm-m2-g2-L5p3-n2-beta6__N0040__Aminus_0p01,hm-m2-g2-L5p3-n2-beta6__N0040__Aplus_0p01,hm-m2-g2-L5p3-n2-beta6,40,-0.01,26,3.4450000000000003,1.0058359407210253,1.0048421862516492
hm-m2-g2-L5p3-n2-beta6__N0040__Aminus_0p01,hm-m2-g2-L5p3-n2-beta6__N0040__Aplus_0p01,hm-m2-g2-L5p3-n2-beta6,40,-0.01,27,3.5775,1.004505393876271,1.0037286091949984
hm-m2-g2-L5p3-n2-beta6__N0040__Aminus_0p01,hm-m2-g2-L5p3-n2-beta6__N0040__Aplus_0p01,hm-m2-g2-L5p3-n2-beta6,40,-0.01,28,3.71,1.0030614738316301,1.0025219405242074
hm-m2-g2-L5p3-n2-beta6__N0040__Aminus_0p01,hm-m2-g2-L5p3-n2-beta6__N0040__Aplus_0p01,hm-m2-g2-L5p3-n2-beta6,40,-0.01,29,3.8425000000000002,1.0015393145669407,1.0012518871237361
hm-m2-g2-L5p3-n2-beta6__N0040__Aminus_0p01,hm-m2-g2-L5p3-n2-beta6__N0040__Aplus_0p01,hm-m2-g2-L5p3-n2-beta6,40,-0.01,30,3.975,0.999976139988737,0.9999497213845026
hm-m2-g2-L5p3-n2-beta6__N0040__Aminus_0p01,hm-m2-g2-L5p3-n2-beta6__N0040__Aplus_0p01,hm-m2-g2-L5p3-n2-beta6,40,-0.01,31,4.1075,0.9984103702007532,0.9986475107159765
hm-m2-g2-L5p3-n2-beta6__N0040__Aminus_0p01,hm-m2-g2-L5p3-n2-beta6__N0040__Aplus_0p01,hm-m2-g2-L5p3-n2-beta6,40,-0.01,32,4.24,0.996880679418967,0.9973773269204937
hm-m2-g2-L5p3-n2-beta6__N0040__Aminus_0p01,hm-m2-g2-L5p3-n2-beta6__N0040__Aplus_0p01,hm-m2-g2-L5p3-n2-beta6,40,-0.01,33,4.3725000000000005,0.9954250289837019,0.9961704551395236
hm-m2-g2-L5p3-n2-beta6__N0040__Aminus_0p01,hm-m2-g2-L5p3-n2-beta6__N0040__Aplus_0p01,hm-m2-g2-L5p3-n2-beta6,40,-0.01,34,4.505,0.9940797013699347,0.9950566221227772
hm-m2-g2-L5p3-n2-beta6__N0040__Aminus_0p01,hm-m2-g2-L5p3-n2-beta6__N0040__Aplus_0p01,hm-m2-g2-L5p3-n2-beta6,40,-0.01,35,4.6375,0.9928783625598682,0.9940632630683859
hm-m2-g2-L5p3-n2-beta6__N0040__Aminus_0p01,hm-m2-g2-L5p3-n2-beta6__N0040__Aplus_0p01,hm-m2-g2-L5p3-n2-beta6,40,-0.01,36,4.7700000000000005,0.991851180465277,0.9932148452578868
hm-m2-g2-L5p3-n2-beta6__N0040__Aminus_0p01,hm-m2-g2-L5p3-n2-beta6__N0040__Aplus_0p01,hm-m2-g2-L5p3-n2-beta6,40,-0.01,37,4.9025,0.9910240262170622,0.9925322652081295
hm-m2-g2-L5p3-n2-beta6__N0040__Aminus_0p01,hm-m2-g2-L5p3-n2-beta6__N0040__Aplus_0p01,hm-m2-g2-L5p3-n2-beta6,40,-0.01,38,5.035,0.9904177831156767,0.9920323341450864
hm-m2-g2-L5p3-n2-beta6__N0040__Aminus_0p01,hm-m2-g2-L5p3-n2-beta6__N0040__Aplus_0p01,hm-m2-g2-L5p3-n2-beta6,40,-0.01,39,5.1675,0.9900477849742277,0.9917273643435095
hm-m2-g2-L5p3-n2-beta6__N0040__Aminus_0p01,hm-m2-g2-L5p3-n2-beta6__N0040__Aplus_0p01,hm-m2-g2-L5p3-n2-beta6,40,-0.01,40,5.3,0.9899234016530853,0.9916248663456918
hm-m2-g2-L5p3-n2-beta6__N0040__Aminus_0p005,hm-m2-g2-L5p3-n2-beta6__N0040__Aplus_0p005,hm-m2-g2-L5p3-n2-beta6,40,-0.005,0,0.0,0.9949808110706245,0.9958250097234472
hm-m2-g2-L5p3-n2-beta6__N0040__Aminus_0p005,hm-m2-g2-L5p3-n2-beta6__N0040__Aplus_0p005,hm-m2-g2-L5p3-n2-beta6,40,-0.005,1,0.1325,0.9950426901244218,0.9958762581317817
hm-m2-g2-L5p3-n2-beta6__N0040__Aminus_0p005,hm-m2-g2-L5p3-n2-beta6__N0040__Aplus_0p005,hm-m2-g2-L5p3-n2-beta6,40,-0.005,2,0.265,0.9952267805803144,0.9960287411964885
hm-m2-g2-L5p3-n2-beta6__N0040__Aminus_0p005,hm-m2-g2-L5p3-n2-beta6__N0040__Aplus_0p005,hm-m2-g2-L5p3-n2-beta6,40,-0.005,3,0.3975,0.9955284825722307,0.9962787035207077
hm-m2-g2-L5p3-n2-beta6__N0040__Aminus_0p005,hm-m2-g2-L5p3-n2-beta6__N0040__Aplus_0p005,hm-m2-g2-L5p3-n2-beta6,40,-0.005,4,0.53,0.9959402626414208,0.9966199889614142
hm-m2-g2-L5p3-n2-beta6__N0040__Aminus_0p005,hm-m2-g2-L5p3-n2-beta6__N0040__Aplus_0p005,hm-m2-g2-L5p3-n2-beta6,40,-0.005,5,0.6625000000000001,0.9964518491153009,0.9970441922585653
hm-m2-g2-L5p3-n2-beta6__N0040__Aminus_0p005,hm-m2-g2-L5p3-n2-beta6__N0040__Aplus_0p005,hm-m2-g2-L5p3-n2-beta6,40,-0.005,6,0.795,0.9970504975969249,0.9975408660817856
hm-m2-g2-L5p3-n2-beta6__N0040__Aminus_0p005,hm-m2-g2-L5p3-n2-beta6__N0040__Aplus_0p005,hm-m2-g2-L5p3-n2-beta6,40,-0.005,7,0.9275,0.9977213188812931,0.9980977784065541
hm-m2-g2-L5p3-n2-beta6__N0040__Aminus_0p005,hm-m2-g2-L5p3-n2-beta6__N0040__Aplus_0p005,hm-m2-g2-L5p3-n2-beta6,40,-0.005,8,1.06,0.9984476599143258,0.9987012138853981
hm-m2-g2-L5p3-n2-beta6__N0040__Aminus_0p005,hm-m2-g2-L5p3-n2-beta6__N0040__Aplus_0p005,hm-m2-g2-L5p3-n2-beta6,40,-0.005,9,1.1925000000000001,0.9992115270536666,0.9993363117854316
hm-m2-g2-L5p3-n2-beta6__N0040__Aminus_0p005,hm-m2-g2-L5p3-n2-beta6__N0040__Aplus_0p005,hm-m2-g2-L5p3-n2-beta6,40,-0.005,10,1.3250000000000002,0.9999940399221071,0.9999874321510381
hm-m2-g2-L5p3-n2-beta6__N0040__Aminus_0p005,hm-m2-g2-L5p3-n2-beta6__N0040__Aplus_0p005,hm-m2-g2-L5p3-n2-beta6,40,-0.005,11,1.4575,1.0007759035892492,1.000638541144958
hm-m2-g2-L5p3-n2-beta6__N0040__Aminus_0p005,hm-m2-g2-L5p3-n2-beta6__N0040__Aplus_0p005,hm-m2-g2-L5p3-n2-beta6,40,-0.005,12,1.59,1.0015378866777367,1.0012736060427512
hm-m2-g2-L5p3-n2-beta6__N0040__Aminus_0p005,hm-m2-g2-L5p3-n2-beta6__N0040__Aplus_0p005,hm-m2-g2-L5p3-n2-beta6,40,-0.005,13,1.7225000000000001,1.0022612932466795,1.0018769901184537
hm-m2-g2-L5p3-n2-beta6__N0040__Aminus_0p005,hm-m2-g2-L5p3-n2-beta6__N0040__Aplus_0p005,hm-m2-g2-L5p3-n2-beta6,40,-0.005,14,1.855,1.002928416914707,1.0024338376698427
hm-m2-g2-L5p3-n2-beta6__N0040__Aminus_0p005,hm-m2-g2-L5p3-n2-beta6__N0040__Aplus_0p005,hm-m2-g2-L5p3-n2-beta6,40,-0.005,15,1.9875,1.003522966588483,1.0029304396890781
hm-m2-g2-L5p3-n2-beta6__N0040__Aminus_0p005,hm-m2-g2-L5p3-n2-beta6__N0040__Aplus_0p005,hm-m2-g2-L5p3-n2-beta6,40,-0.005,16,2.12,1.004030454287573,1.0033545711799943
hm-m2-g2-L5p3-n2-beta6__N0040__Aminus_0p005,hm-m2-g2-L5p3-n2-beta6__N0040__Aplus_0p005,hm-m2-g2-L5p3-n2-beta6,40,-0.005,17,2.2525,1.0044385368269695,1.0036957918414293
hm-m2-g2-L5p3-n2-beta6__N0040__Aminus_0p005,hm-m2-g2-L5p3-n2-beta6__N0040__Aplus_0p005,hm-m2-g2-L5p3-n2-beta6,40,-0.005,18,2.3850000000000002,1.0047373044617738,1.0039457027552243
hm-m2-g2-L5p3-n2-beta6__N0040__Aminus_0p005,hm-m2-g2-L5p3-n2-beta6__N0040__Aplus_0p005,hm-m2-g2-L5p3-n2-beta6,40,-0.005,19,2.5175,1.0049195109533602,1.004098152811799
hm-m2-g2-L5p3-n2-beta6__N0040__Aminus_0p005,hm-m2-g2-L5p3-n2-beta6__N0040__Aplus_0p005,hm-m2-g2-L5p3-n2-beta6,40,-0.005,20,2.6500000000000004,1.004980740838917,1.0041493898461962
hm-m2-g2-L5p3-n2-beta6__N0040__Aminus_0p005,hm-m2-g2-L5p3-n2-beta6__N0040__Aplus_0p005,hm-m2-g2-L5p3-n2-beta6,40,-0.005,21,2.7825,1.0049195109533604,1.0040981528117991
hm-m2-g2-L5p3-n2-beta6__N0040__Aminus_0p005,hm-m2-g2-L5p3-n2-beta6__N0040__Aplus_0p005,hm-m2-g2-L5p3-n2-beta6,40,-0.005,22,2.915,1.004737304461774,1.0039457027552248
hm-m2-g2-L5p3-n2-beta6__N0040__Aminus_0p005,hm-m2-g2-L5p3-n2-beta6__N0040__Aplus_0p005,hm-m2-g2-L5p3-n2-beta6,40,-0.005,23,3.0475000000000003,1.0044385368269702,1.0036957918414302
hm-m2-g2-L5p3-n2-beta6__N0040__Aminus_0p005,hm-m2-g2-L5p3-n2-beta6__N0040__Aplus_0p005,hm-m2-g2-L5p3-n2-beta6,40,-0.005,24,3.18,1.004030454287574,1.0033545711799952
hm-m2-g2-L5p3-n2-beta6__N0040__Aminus_0p005,hm-m2-g2-L5p3-n2-beta6__N0040__Aplus_0p005,hm-m2-g2-L5p3-n2-beta6,40,-0.005,25,3.3125,1.003522966588484,1.0029304396890792
hm-m2-g2-L5p3-n2-beta6__N0040__Aminus_0p005,hm-m2-g2-L5p3-n2-beta6__N0040__Aplus_0p005,hm-m2-g2-L5p3-n2-beta6,40,-0.005,26,3.4450000000000003,1.0029284169147081,1.0024338376698438
hm-m2-g2-L5p3-n2-beta6__N0040__Aminus_0p005,hm-m2-g2-L5p3-n2-beta6__N0040__Aplus_0p005,hm-m2-g2-L5p3-n2-beta6,40,-0.005,27,3.5775,1.0022612932466808,1.0018769901184545
hm-m2-g2-L5p3-n2-beta6__N0040__Aminus_0p005,hm-m2-g2-L5p3-n2-beta6__N0040__Aplus_0p005,hm-m2-g2-L5p3-n2-beta6,40,-0.005,28,3.71,1.001537886677738,1.0012736060427518
hm-m2-g2-L5p3-n2-beta6__N0040__Aminus_0p005,hm-m2-g2-L5p3-n2-beta6__N0040__Aplus_0p005,hm-m2-g2-L5p3-n2-beta6,40,-0.005,29,3.8425000000000002,1.0007759035892507,1.0006385411449588
hm-m2-g2-L5p3-n2-beta6__N0040__Aminus_0p005,hm-m2-g2-L5p3-n2-beta6__N0040__Aplus_0p005,hm-m2-g2-L5p3-n2-beta6,40,-0.005,30,3.975,0.9999940399221086,0.9999874321510389
hm-m2-g2-L5p3-n2-beta6__N0040__Aminus_0p005,hm-m2-g2-L5p3-n2-beta6__N0040__Aplus_0p005,hm-m2-g2-L5p3-n2-beta6,40,-0.005,31,4.1075,0.9992115270536679,0.9993363117854323
hm-m2-g2-L5p3-n2-beta6__N0040__Aminus_0p005,hm-m2-g2-L5p3-n2-beta6__N0040__Aplus_0p005,hm-m2-g2-L5p3-n2-beta6,40,-0.005,32,4.24,0.998447659914327,0.9987012138853991
hm-m2-g2-L5p3-n2-beta6__N0040__Aminus_0p005,hm-m2-g2-L5p3-n2-beta6__N0040__Aplus_0p005,hm-m2-g2-L5p3-n2-beta6,40,-0.005,33,4.3725000000000005,0.9977213188812941,0.9980977784065553
hm-m2-g2-L5p3-n2-beta6__N0040__Aminus_0p005,hm-m2-g2-L5p3-n2-beta6__N0040__Aplus_0p005,hm-m2-g2-L5p3-n2-beta6,40,-0.005,34,4.505,0.9970504975969258,0.9975408660817866
hm-m2-g2-L5p3-n2-beta6__N0040__Aminus_0p005,hm-m2-g2-L5p3-n2-beta6__N0040__Aplus_0p005,hm-m2-g2-L5p3-n2-beta6,40,-0.005,35,4.6375,0.9964518491153016,0.9970441922585666
hm-m2-g2-L5p3-n2-beta6__N0040__Aminus_0p005,hm-m2-g2-L5p3-n2-beta6__N0040__Aplus_0p005,hm-m2-g2-L5p3-n2-beta6,40,-0.005,36,4.7700000000000005,0.9959402626414213,0.9966199889614156
hm-m2-g2-L5p3-n2-beta6__N0040__Aminus_0p005,hm-m2-g2-L5p3-n2-beta6__N0040__Aplus_0p005,hm-m2-g2-L5p3-n2-beta6,40,-0.005,37,4.9025,0.9955284825722311,0.9962787035207091
hm-m2-g2-L5p3-n2-beta6__N0040__Aminus_0p005,hm-m2-g2-L5p3-n2-beta6__N0040__Aplus_0p005,hm-m2-g2-L5p3-n2-beta6,40,-0.005,38,5.035,0.9952267805803148,0.9960287411964901
hm-m2-g2-L5p3-n2-beta6__N0040__Aminus_0p005,hm-m2-g2-L5p3-n2-beta6__N0040__Aplus_0p005,hm-m2-g2-L5p3-n2-beta6,40,-0.005,39,5.1675,0.995042690124422,0.9958762581317834
hm-m2-g2-L5p3-n2-beta6__N0040__Aminus_0p005,hm-m2-g2-L5p3-n2-beta6__N0040__Aplus_0p005,hm-m2-g2-L5p3-n2-beta6,40,-0.005,40,5.3,0.9949808110706247,0.9958250097234488
hm-m2-g2-L5p3-n2-beta6__N0040__Aminus_0p0025,hm-m2-g2-L5p3-n2-beta6__N0040__Aplus_0p0025,hm-m2-g2-L5p3-n2-beta6,40,-0.0025,0,0.0,0.9974951981135353,0.9979156771350653
hm-m2-g2-L5p3-n2-beta6__N0040__Aminus_0p0025,hm-m2-g2-L5p3-n2-beta6__N0040__Aplus_0p0025,hm-m2-g2-L5p3-n2-beta6,40,-0.0025,1,0.1325,0.9975260579452021,0.9979413005422945
hm-m2-g2-L5p3-n2-beta6__N0040__Aminus_0p0025,hm-m2-g2-L5p3-n2-beta6__N0040__Aplus_0p0025,hm-m2-g2-L5p3-n2-beta6,40,-0.0025,2,0.265,0.997617871715193,0.998017539746484
hm-m2-g2-L5p3-n2-beta6__N0040__Aminus_0p0025,hm-m2-g2-L5p3-n2-beta6__N0040__Aplus_0p0025,hm-m2-g2-L5p3-n2-beta6,40,-0.0025,3,0.3975,0.9977683616649927,0.9981425172386902
hm-m2-g2-L5p3-n2-beta6__N0040__Aminus_0p0025,hm-m2-g2-L5p3-n2-beta6__N0040__Aplus_0p0025,hm-m2-g2-L5p3-n2-beta6,40,-0.0025,4,0.53,0.9979737957214675,0.9983131552664002
hm-m2-g2-L5p3-n2-beta6__N0040__Aminus_0p0025,hm-m2-g2-L5p3-n2-beta6__N0040__Aplus_0p0025,hm-m2-g2-L5p3-n2-beta6,40,-0.0025,5,0.6625000000000001,0.9982290819438455,0.9985252516467354
hm-m2-g2-L5p3-n2-beta6__N0040__Aminus_0p0025,hm-m2-g2-L5p3-n2-beta6__N0040__Aplus_0p0025,hm-m2-g2-L5p3-n2-beta6,40,-0.0025,6,0.795,0.998527897133135,0.9987735832774939
hm-m2-g2-L5p3-n2-beta6__N0040__Aminus_0p0025,hm-m2-g2-L5p3-n2-beta6__N0040__Aplus_0p0025,hm-m2-g2-L5p3-n2-beta6,40,-0.0025,7,0.9275,0.9988628461315135,0.9990520347956621
hm-m2-g2-L5p3-n2-beta6__N0040__Aminus_0p0025,hm-m2-g2-L5p3-n2-beta6__N0040__Aplus_0p0025,hm-m2-g2-L5p3-n2-beta6,40,-0.0025,8,1.06,0.9992256475455628,0.9993537492126
hm-m2-g2-L5p3-n2-beta6__N0040__Aminus_0p0025,hm-m2-g2-L5p3-n2-beta6__N0040__Aplus_0p0025,hm-m2-g2-L5p3-n2-beta6,40,-0.0025,9,1.1925000000000001,0.9996073409703047,0.9996712968125994
hm-m2-g2-L5p3-n2-beta6__N0040__Aminus_0p0025,hm-m2-g2-L5p3-n2-beta6__N0040__Aplus_0p0025,hm-m2-g2-L5p3-n2-beta6,40,-0.0025,10,1.3250000000000002,0.9999985102883866,0.9999968581506029
hm-m2-g2-L5p3-n2-beta6__N0040__Aminus_0p0025,hm-m2-g2-L5p3-n2-beta6__N0040__Aplus_0p0025,hm-m2-g2-L5p3-n2-beta6,40,-0.0025,11,1.4575,1.000389517281216,1.0003224166369733
hm-m2-g2-L5p3-n2-beta6__N0040__Aminus_0p0025,hm-m2-g2-L5p3-n2-beta6__N0040__Aplus_0p0025,hm-m2-g2-L5p3-n2-beta6,40,-0.0025,12,1.59,1.0007707396200207,1.0006399559611907
hm-m2-g2-L5p3-n2-beta6__N0040__Aminus_0p0025,hm-m2-g2-L5p3-n2-beta6__N0040__Aplus_0p0025,hm-m2-g2-L5p3-n2-beta6,40,-0.0025,13,1.7225000000000001,1.0011328073013903,1.0009416574882366
hm-m2-g2-L5p3-n2-beta6__N0040__Aminus_0p0025,hm-m2-g2-L5p3-n2-beta6__N0040__Aplus_0p0025,hm-m2-g2-L5p3-n2-beta6,40,-0.0025,14,1.855,1.001466831744164,1.0012200927640906
hm-m2-g2-L5p3-n2-beta6__N0040__Aminus_0p0025,hm-m2-g2-L5p3-n2-beta6__N0040__Aplus_0p0025,hm-m2-g2-L5p3-n2-beta6,40,-0.0025,15,1.9875,1.001764622057636,1.0014684063899713
hm-m2-g2-L5p3-n2-beta6__N0040__Aminus_0p0025,hm-m2-g2-L5p3-n2-beta6__N0040__Aplus_0p0025,hm-m2-g2-L5p3-n2-beta6,40,-0.0025,16,2.12,1.0020188834062633,1.0016804847652885
hm-m2-g2-L5p3-n2-beta6__N0040__Aminus_0p0025,hm-m2-g2-L5p3-n2-beta6__N0040__Aplus_0p0025,hm-m2-g2-L5p3-n2-beta6,40,-0.0025,17,2.2525,1.0022233929125444,1.0018511065503166
hm-m2-g2-L5p3-n2-beta6__N0040__Aminus_0p0025,hm-m2-g2-L5p3-n2-beta6__N0040__Aplus_0p0025,hm-m2-g2-L5p3-n2-beta6,40,-0.0025,18,2.3850000000000002,1.0023731491363532,1.0019760711521761
hm-m2-g2-L5p3-n2-beta6__N0040__Aminus_0p0025,hm-m2-g2-L5p3-n2-beta6__N0040__Aplus_0p0025,hm-m2-g2-L5p3-n2-beta6,40,-0.0025,19,2.5175,1.002464491825818,1.0020523020802157
hm-m2-g2-L5p3-n2-beta6__N0040__Aminus_0p0025,hm-m2-g2-L5p3-n2-beta6__N0040__Aplus_0p0025,hm-m2-g2-L5p3-n2-beta6,40,-0.0025,20,2.6500000000000004,1.0024951893342995,1.002077922635671
hm-m2-g2-L5p3-n2-beta6__N0040__Aminus_0p0025,hm-m2-g2-L5p3-n2-beta6__N0040__Aplus_0p0025,hm-m2-g2-L5p3-n2-beta6,40,-0.0025,21,2.7825,1.0024644918258183,1.0020523020802161
hm-m2-g2-L5p3-n2-beta6__N0040__Aminus_0p0025,hm-m2-g2-L5p3-n2-beta6__N0040__Aplus_0p0025,hm-m2-g2-L5p3-n2-beta6,40,-0.0025,22,2.915,1.0023731491363537,1.0019760711521768
hm-m2-g2-L5p3-n2-beta6__N0040__Aminus_0p0025,hm-m2-g2-L5p3-n2-beta6__N0040__Aplus_0p0025,hm-m2-g2-L5p3-n2-beta6,40,-0.0025,23,3.0475000000000003,1.002223392912545,1.0018511065503177
hm-m2-g2-L5p3-n2-beta6__N0040__Aminus_0p0025,hm-m2-g2-L5p3-n2-beta6__N0040__Aplus_0p0025,hm-m2-g2-L5p3-n2-beta6,40,-0.0025,24,3.18,1.0020188834062642,1.0016804847652896
hm-m2-g2-L5p3-n2-beta6__N0040__Aminus_0p0025,hm-m2-g2-L5p3-n2-beta6__N0040__Aplus_0p0025,hm-m2-g2-L5p3-n2-beta6,40,-0.0025,25,3.3125,1.001764622057637,1.0014684063899724
hm-m2-g2-L5p3-n2-beta6__N0040__Aminus_0p0025,hm-m2-g2-L5p3-n2-beta6__N0040__Aplus_0p0025,hm-m2-g2-L5p3-n2-beta6,40,-0.0025,26,3.4450000000000003,1.0014668317441653,1.0012200927640917
hm-m2-g2-L5p3-n2-beta6__N0040__Aminus_0p0025,hm-m2-g2-L5p3-n2-beta6__N0040__Aplus_0p0025,hm-m2-g2-L5p3-n2-beta6,40,-0.0025,27,3.5775,1.0011328073013919,1.0009416574882375
hm-m2-g2-L5p3-n2-beta6__N0040__Aminus_0p0025,hm-m2-g2-L5p3-n2-beta6__N0040__Aplus_0p0025,hm-m2-g2-L5p3-n2-beta6,40,-0.0025,28,3.71,1.0007707396200223,1.0006399559611916
hm-m2-g2-L5p3-n2-beta6__N0040__Aminus_0p0025,hm-m2-g2-L5p3-n2-beta6__N0040__Aplus_0p0025,hm-m2-g2-L5p3-n2-beta6,40,-0.0025,29,3.8425000000000002,1.0003895172812176,1.0003224166369744
hm-m2-g2-L5p3-n2-beta6__N0040__Aminus_0p0025,hm-m2-g2-L5p3-n2-beta6__N0040__Aplus_0p0025,hm-m2-g2-L5p3-n2-beta6,40,-0.0025,30,3.975,0.9999985102883883,0.9999968581506042
hm-m2-g2-L5p3-n2-beta6__N0040__Aminus_0p0025,hm-m2-g2-L5p3-n2-beta6__N0040__Aplus_0p0025,hm-m2-g2-L5p3-n2-beta6,40,-0.0025,31,4.1075,0.9996073409703063,0.9996712968126008
hm-m2-g2-L5p3-n2-beta6__N0040__Aminus_0p0025,hm-m2-g2-L5p3-n2-beta6__N0040__Aplus_0p0025,hm-m2-g2-L5p3-n2-beta6,40,-0.0025,32,4.24,0.9992256475455644,0.9993537492126018
hm-m2-g2-L5p3-n2-beta6__N0040__Aminus_0p0025,hm-m2-g2-L5p3-n2-beta6__N0040__Aplus_0p0025,hm-m2-g2-L5p3-n2-beta6,40,-0.0025,33,4.3725000000000005,0.998862846131515,0.999052034795664
hm-m2-g2-L5p3-n2-beta6__N0040__Aminus_0p0025,hm-m2-g2-L5p3-n2-beta6__N0040__Aplus_0p0025,hm-m2-g2-L5p3-n2-beta6,40,-0.0025,34,4.505,0.9985278971331364,0.9987735832774957
hm-m2-g2-L5p3-n2-beta6__N0040__Aminus_0p0025,hm-m2-g2-L5p3-n2-beta6__N0040__Aplus_0p0025,hm-m2-g2-L5p3-n2-beta6,40,-0.0025,35,4.6375,0.9982290819438469,0.9985252516467376
hm-m2-g2-L5p3-n2-beta6__N0040__Aminus_0p0025,hm-m2-g2-L5p3-n2-beta6__N0040__Aplus_0p0025,hm-m2-g2-L5p3-n2-beta6,40,-0.0025,36,4.7700000000000005,0.9979737957214686,0.9983131552664025
hm-m2-g2-L5p3-n2-beta6__N0040__Aminus_0p0025,hm-m2-g2-L5p3-n2-beta6__N0040__Aplus_0p0025,hm-m2-g2-L5p3-n2-beta6,40,-0.0025,37,4.9025,0.9977683616649937,0.9981425172386925
hm-m2-g2-L5p3-n2-beta6__N0040__Aminus_0p0025,hm-m2-g2-L5p3-n2-beta6__N0040__Aplus_0p0025,hm-m2-g2-L5p3-n2-beta6,40,-0.0025,38,5.035,0.997617871715194,0.9980175397464865
hm-m2-g2-L5p3-n2-beta6__N0040__Aminus_0p0025,hm-m2-g2-L5p3-n2-beta6__N0040__Aplus_0p0025,hm-m2-g2-L5p3-n2-beta6,40,-0.0025,39,5.1675,0.997526057945203,0.9979413005422971
hm-m2-g2-L5p3-n2-beta6__N0040__Aminus_0p0025,hm-m2-g2-L5p3-n2-beta6__N0040__Aplus_0p0025,hm-m2-g2-L5p3-n2-beta6,40,-0.0025,40,5.3,0.997495198113536,0.9979156771350678
hm-m2-g2-L5p3-n2-beta6__N0040__Aplus_0p0025,hm-m2-g2-L5p3-n2-beta6__N0040__Aminus_0p0025,hm-m2-g2-L5p3-n2-beta6,40,0.0025,0,0.0,1.0024951893342984,1.002077922635671
hm-m2-g2-L5p3-n2-beta6__N0040__Aplus_0p0025,hm-m2-g2-L5p3-n2-beta6__N0040__Aminus_0p0025,hm-m2-g2-L5p3-n2-beta6,40,0.0025,1,0.1325,1.0024644918258172,1.002052302080216
hm-m2-g2-L5p3-n2-beta6__N0040__Aplus_0p0025,hm-m2-g2-L5p3-n2-beta6__N0040__Aminus_0p0025,hm-m2-g2-L5p3-n2-beta6,40,0.0025,2,0.265,1.0023731491363526,1.0019760711521768
hm-m2-g2-L5p3-n2-beta6__N0040__Aplus_0p0025,hm-m2-g2-L5p3-n2-beta6__N0040__Aminus_0p0025,hm-m2-g2-L5p3-n2-beta6,40,0.0025,3,0.3975,1.0022233929125441,1.0018511065503175
hm-m2-g2-L5p3-n2-beta6__N0040__Aplus_0p0025,hm-m2-g2-L5p3-n2-beta6__N0040__Aminus_0p0025,hm-m2-g2-L5p3-n2-beta6,40,0.0025,4,0.53,1.0020188834062635,1.0016804847652896
hm-m2-g2-L5p3-n2-beta6__N0040__Aplus_0p0025,hm-m2-g2-L5p3-n2-beta6__N0040__Aminus_0p0025,hm-m2-g2-L5p3-n2-beta6,40,0.0025,5,0.6625000000000001,1.0017646220576364,1.0014684063899721
hm-m2-g2-L5p3-n2-beta6__N0040__Aplus_0p0025,hm-m2-g2-L5p3-n2-beta6__N0040__Aminus_0p0025,hm-m2-g2-L5p3-n2-beta6,40,0.0025,6,0.795,1.0014668317441648,1.0012200927640913
hm-m2-g2-L5p3-n2-beta6__N0040__Aplus_0p0025,hm-m2-g2-L5p3-n2-beta6__N0040__Aminus_0p0025,hm-m2-g2-L5p3-n2-beta6,40,0.0025,7,0.9275,1.0011328073013916,1.000941657488237
hm-m2-g2-L5p3-n2-beta6__N0040__Aplus_0p0025,hm-m2-g2-L5p3-n2-beta6__N0040__Aminus_0p0025,hm-m2-g2-L5p3-n2-beta6,40,0.0025,8,1.06,1.0007707396200223,1.0006399559611912
hm-m2-g2-L5p3-n2-beta6__N0040__Aplus_0p0025,hm-m2-g2-L5p3-n2-beta6__N0040__Aminus_0p0025,hm-m2-g2-L5p3-n2-beta6,40,0.0025,9,1.1925000000000001,1.0003895172812178,1.000322416636974
hm-m2-g2-L5p3-n2-beta6__N0040__Aplus_0p0025,hm-m2-g2-L5p3-n2-beta6__N0040__Aminus_0p0025,hm-m2-g2-L5p3-n2-beta6,40,0.0025,10,1.3250000000000002,0.9999985102883884,0.9999968581506035
hm-m2-g2-L5p3-n2-beta6__N0040__Aplus_0p0025,hm-m2-g2-L5p3-n2-beta6__N0040__Aminus_0p0025,hm-m2-g2-L5p3-n2-beta6,40,0.0025,11,1.4575,0.9996073409703062,0.9996712968125997
hm-m2-g2-L5p3-n2-beta6__N0040__Aplus_0p0025,hm-m2-g2-L5p3-n2-beta6__N0040__Aminus_0p0025,hm-m2-g2-L5p3-n2-beta6,40,0.0025,12,1.59,0.9992256475455641,0.9993537492126001
hm-m2-g2-L5p3-n2-beta6__N0040__Aplus_0p0025,hm-m2-g2-L5p3-n2-beta6__N0040__Aminus_0p0025,hm-m2-g2-L5p3-n2-beta6,40,0.0025,13,1.7225000000000001,0.9988628461315144,0.999052034795662
hm-m2-g2-L5p3-n2-beta6__N0040__Aplus_0p0025,hm-m2-g2-L5p3-n2-beta6__N0040__Aminus_0p0025,hm-m2-g2-L5p3-n2-beta6,40,0.0025,14,1.855,0.9985278971331354,0.9987735832774932
hm-m2-g2-L5p3-n2-beta6__N0040__Aplus_0p0025,hm-m2-g2-L5p3-n2-beta6__N0040__Aminus_0p0025,hm-m2-g2-L5p3-n2-beta6,40,0.0025,15,1.9875,0.9982290819438455,0.9985252516467346
hm-m2-g2-L5p3-n2-beta6__N0040__Aplus_0p0025,hm-m2-g2-L5p3-n2-beta6__N0040__Aminus_0p0025,hm-m2-g2-L5p3-n2-beta6,40,0.0025,16,2.12,0.9979737957214669,0.9983131552663989
hm-m2-g2-L5p3-n2-beta6__N0040__Aplus_0p0025,hm-m2-g2-L5p3-n2-beta6__N0040__Aminus_0p0025,hm-m2-g2-L5p3-n2-beta6,40,0.0025,17,2.2525,0.9977683616649917,0.9981425172386885
hm-m2-g2-L5p3-n2-beta6__N0040__Aplus_0p0025,hm-m2-g2-L5p3-n2-beta6__N0040__Aminus_0p0025,hm-m2-g2-L5p3-n2-beta6,40,0.0025,18,2.3850000000000002,0.9976178717151918,0.9980175397464823
hm-m2-g2-L5p3-n2-beta6__N0040__Aplus_0p0025,hm-m2-g2-L5p3-n2-beta6__N0040__Aminus_0p0025,hm-m2-g2-L5p3-n2-beta6,40,0.0025,19,2.5175,0.9975260579452007,0.9979413005422929
hm-m2-g2-L5p3-n2-beta6__N0040__Aplus_0p0025,hm-m2-g2-L5p3-n2-beta6__N0040__Aminus_0p0025,hm-m2-g2-L5p3-n2-beta6,40,0.0025,20,2.6500000000000004,0.9974951981135337,0.9979156771350638
hm-m2-g2-L5p3-n2-beta6__N0040__Aplus_0p0025,hm-m2-g2-L5p3-n2-beta6__N0040__Aminus_0p0025,hm-m2-g2-L5p3-n2-beta6,40,0.0025,21,2.7825,0.9975260579452008,0.9979413005422929
hm-m2-g2-L5p3-n2-beta6__N0040__Aplus_0p0025,hm-m2-g2-L5p3-n2-beta6__N0040__Aminus_0p0025,hm-m2-g2-L5p3-n2-beta6,40,0.0025,22,2.915,0.997617871715192,0.9980175397464824
hm-m2-g2-L5p3-n2-beta6__N0040__Aplus_0p0025,hm-m2-g2-L5p3-n2-beta6__N0040__Aminus_0p0025,hm-m2-g2-L5p3-n2-beta6,40,0.0025,23,3.0475000000000003,0.997768361664992,0.9981425172386887
hm-m2-g2-L5p3-n2-beta6__N0040__Aplus_0p0025,hm-m2-g2-L5p3-n2-beta6__N0040__Aminus_0p0025,hm-m2-g2-L5p3-n2-beta6,40,0.0025,24,3.18,0.9979737957214674,0.9983131552663991
hm-m2-g2-L5p3-n2-beta6__N0040__Aplus_0p0025,hm-m2-g2-L5p3-n2-beta6__N0040__Aminus_0p0025,hm-m2-g2-L5p3-n2-beta6,40,0.0025,25,3.3125,0.998229081943846,0.9985252516467347
hm-m2-g2-L5p3-n2-beta6__N0040__Aplus_0p0025,hm-m2-g2-L5p3-n2-beta6__N0040__Aminus_0p0025,hm-m2-g2-L5p3-n2-beta6,40,0.0025,26,3.4450000000000003,0.9985278971331359,0.9987735832774932
hm-m2-g2-L5p3-n2-beta6__N0040__Aplus_0p0025,hm-m2-g2-L5p3-n2-beta6__N0040__Aminus_0p0025,hm-m2-g2-L5p3-n2-beta6,40,0.0025,27,3.5775,0.998862846131515,0.9990520347956616
hm-m2-g2-L5p3-n2-beta6__N0040__Aplus_0p0025,hm-m2-g2-L5p3-n2-beta6__N0040__Aminus_0p0025,hm-m2-g2-L5p3-n2-beta6,40,0.0025,28,3.71,0.9992256475455646,0.9993537492125996
hm-m2-g2-L5p3-n2-beta6__N0040__Aplus_0p0025,hm-m2-g2-L5p3-n2-beta6__N0040__Aminus_0p0025,hm-m2-g2-L5p3-n2-beta6,40,0.0025,29,3.8425000000000002,0.9996073409703067,0.9996712968125989
hm-m2-g2-L5p3-n2-beta6__N0040__Aplus_0p0025,hm-m2-g2-L5p3-n2-beta6__N0040__Aminus_0p0025,hm-m2-g2-L5p3-n2-beta6,40,0.0025,30,3.975,0.9999985102883887,0.9999968581506027
hm-m2-g2-L5p3-n2-beta6__N0040__Aplus_0p0025,hm-m2-g2-L5p3-n2-beta6__N0040__Aminus_0p0025,hm-m2-g2-L5p3-n2-beta6,40,0.0025,31,4.1075,1.0003895172812178,1.000322416636973
hm-m2-g2-L5p3-n2-beta6__N0040__Aplus_0p0025,hm-m2-g2-L5p3-n2-beta6__N0040__Aminus_0p0025,hm-m2-g2-L5p3-n2-beta6,40,0.0025,32,4.24,1.000770739620022,1.0006399559611905
hm-m2-g2-L5p3-n2-beta6__N0040__Aplus_0p0025,hm-m2-g2-L5p3-n2-beta6__N0040__Aminus_0p0025,hm-m2-g2-L5p3-n2-beta6,40,0.0025,33,4.3725000000000005,1.0011328073013912,1.0009416574882366
hm-m2-g2-L5p3-n2-beta6__N0040__Aplus_0p0025,hm-m2-g2-L5p3-n2-beta6__N0040__Aminus_0p0025,hm-m2-g2-L5p3-n2-beta6,40,0.0025,34,4.505,1.0014668317441642,1.0012200927640906
hm-m2-g2-L5p3-n2-beta6__N0040__Aplus_0p0025,hm-m2-g2-L5p3-n2-beta6__N0040__Aminus_0p0025,hm-m2-g2-L5p3-n2-beta6,40,0.0025,35,4.6375,1.0017646220576355,1.0014684063899715
hm-m2-g2-L5p3-n2-beta6__N0040__Aplus_0p0025,hm-m2-g2-L5p3-n2-beta6__N0040__Aminus_0p0025,hm-m2-g2-L5p3-n2-beta6,40,0.0025,36,4.7700000000000005,1.0020188834062624,1.001680484765289
hm-m2-g2-L5p3-n2-beta6__N0040__Aplus_0p0025,hm-m2-g2-L5p3-n2-beta6__N0040__Aminus_0p0025,hm-m2-g2-L5p3-n2-beta6,40,0.0025,37,4.9025,1.0022233929125428,1.0018511065503168
hm-m2-g2-L5p3-n2-beta6__N0040__Aplus_0p0025,hm-m2-g2-L5p3-n2-beta6__N0040__Aminus_0p0025,hm-m2-g2-L5p3-n2-beta6,40,0.0025,38,5.035,1.002373149136351,1.0019760711521761
hm-m2-g2-L5p3-n2-beta6__N0040__Aplus_0p0025,hm-m2-g2-L5p3-n2-beta6__N0040__Aminus_0p0025,hm-m2-g2-L5p3-n2-beta6,40,0.0025,39,5.1675,1.0024644918258157,1.0020523020802155
hm-m2-g2-L5p3-n2-beta6__N0040__Aplus_0p0025,hm-m2-g2-L5p3-n2-beta6__N0040__Aminus_0p0025,hm-m2-g2-L5p3-n2-beta6,40,0.0025,40,5.3,1.0024951893342966,1.0020779226356706
hm-m2-g2-L5p3-n2-beta6__N0040__Aplus_0p005,hm-m2-g2-L5p3-n2-beta6__N0040__Aminus_0p005,hm-m2-g2-L5p3-n2-beta6,40,0.005,0,0.0,1.004980740838918,1.0041493898461993
hm-m2-g2-L5p3-n2-beta6__N0040__Aplus_0p005,hm-m2-g2-L5p3-n2-beta6__N0040__Aminus_0p005,hm-m2-g2-L5p3-n2-beta6,40,0.005,1,0.1325,1.004919510953361,1.004098152811802
hm-m2-g2-L5p3-n2-beta6__N0040__Aplus_0p005,hm-m2-g2-L5p3-n2-beta6__N0040__Aminus_0p005,hm-m2-g2-L5p3-n2-beta6,40,0.005,2,0.265,1.0047373044617747,1.0039457027552277
hm-m2-g2-L5p3-n2-beta6__N0040__Aplus_0p005,hm-m2-g2-L5p3-n2-beta6__N0040__Aminus_0p005,hm-m2-g2-L5p3-n2-beta6,40,0.005,3,0.3975,1.0044385368269706,1.0036957918414329
hm-m2-g2-L5p3-n2-beta6__N0040__Aplus_0p005,hm-m2-g2-L5p3-n2-beta6__N0040__Aminus_0p005,hm-m2-g2-L5p3-n2-beta6,40,0.005,4,0.53,1.0040304542875742,1.0033545711799978
hm-m2-g2-L5p3-n2-beta6__N0040__Aplus_0p005,hm-m2-g2-L5p3-n2-beta6__N0040__Aminus_0p005,hm-m2-g2-L5p3-n2-beta6,40,0.005,5,0.6625000000000001,1.0035229665884842,1.0029304396890817
hm-m2-g2-L5p3-n2-beta6__N0040__Aplus_0p005,hm-m2-g2-L5p3-n2-beta6__N0040__Aminus_0p005,hm-m2-g2-L5p3-n2-beta6,40,0.005,6,0.795,1.0029284169147084,1.0024338376698458
hm-m2-g2-L5p3-n2-beta6__N0040__Aplus_0p005,hm-m2-g2-L5p3-n2-beta6__N0040__Aminus_0p005,hm-m2-g2-L5p3-n2-beta6,40,0.005,7,0.9275,1.0022612932466808,1.0018769901184563
hm-m2-g2-L5p3-n2-beta6__N0040__Aplus_0p005,hm-m2-g2-L5p3-n2-beta6__N0040__Aminus_0p005,hm-m2-g2-L5p3-n2-beta6,40,0.005,8,1.06,1.001537886677738,1.0012736060427536
hm-m2-g2-L5p3-n2-beta6__N0040__Aplus_0p005,hm-m2-g2-L5p3-n2-beta6__N0040__Aminus_0p005,hm-m2-g2-L5p3-n2-beta6,40,0.005,9,1.1925000000000001,1.0007759035892505,1.0006385411449603
hm-m2-g2-L5p3-n2-beta6__N0040__Aplus_0p005,hm-m2-g2-L5p3-n2-beta6__N0040__Aminus_0p005,hm-m2-g2-L5p3-n2-beta6,40,0.005,10,1.3250000000000002,0.9999940399221082,0.9999874321510401
hm-m2-g2-L5p3-n2-beta6__N0040__Aplus_0p005,hm-m2-g2-L5p3-n2-beta6__N0040__Aminus_0p005,hm-m2-g2-L5p3-n2-beta6,40,0.005,11,1.4575,0.9992115270536676,0.9993363117854331
hm-m2-g2-L5p3-n2-beta6__N0040__Aplus_0p005,hm-m2-g2-L5p3-n2-beta6__N0040__Aminus_0p005,hm-m2-g2-L5p3-n2-beta6,40,0.005,12,1.59,0.9984476599143267,0.9987012138853995
hm-m2-g2-L5p3-n2-beta6__N0040__Aplus_0p005,hm-m2-g2-L5p3-n2-beta6__N0040__Aminus_0p005,hm-m2-g2-L5p3-n2-beta6,40,0.005,13,1.7225000000000001,0.9977213188812938,0.9980977784065551
hm-m2-g2-L5p3-n2-beta6__N0040__Aplus_0p005,hm-m2-g2-L5p3-n2-beta6__N0040__Aminus_0p005,hm-m2-g2-L5p3-n2-beta6,40,0.005,14,1.855,0.9970504975969254,0.9975408660817862
hm-m2-g2-L5p3-n2-beta6__N0040__Aplus_0p005,hm-m2-g2-L5p3-n2-beta6__N0040__Aminus_0p005,hm-m2-g2-L5p3-n2-beta6,40,0.005,15,1.9875,0.9964518491153014,0.9970441922585658
hm-m2-g2-L5p3-n2-beta6__N0040__Aplus_0p005,hm-m2-g2-L5p3-n2-beta6__N0040__Aminus_0p005,hm-m2-g2-L5p3-n2-beta6,40,0.005,16,2.12,0.9959402626414212,0.9966199889614143
hm-m2-g2-L5p3-n2-beta6__N0040__Aplus_0p005,hm-m2-g2-L5p3-n2-beta6__N0040__Aminus_0p005,hm-m2-g2-L5p3-n2-beta6,40,0.005,17,2.2525,0.9955284825722311,0.9962787035207078
hm-m2-g2-L5p3-n2-beta6__N0040__Aplus_0p005,hm-m2-g2-L5p3-n2-beta6__N0040__Aminus_0p005,hm-m2-g2-L5p3-n2-beta6,40,0.005,18,2.3850000000000002,0.9952267805803148,0.9960287411964887
hm-m2-g2-L5p3-n2-beta6__N0040__Aplus_0p005,hm-m2-g2-L5p3-n2-beta6__N0040__Aminus_0p005,hm-m2-g2-L5p3-n2-beta6,40,0.005,19,2.5175,0.9950426901244221,0.9958762581317822
hm-m2-g2-L5p3-n2-beta6__N0040__Aplus_0p005,hm-m2-g2-L5p3-n2-beta6__N0040__Aminus_0p005,hm-m2-g2-L5p3-n2-beta6,40,0.005,20,2.6500000000000004,0.994980811070625,0.9958250097234476
hm-m2-g2-L5p3-n2-beta6__N0040__Aplus_0p005,hm-m2-g2-L5p3-n2-beta6__N0040__Aminus_0p005,hm-m2-g2-L5p3-n2-beta6,40,0.005,21,2.7825,0.9950426901244223,0.9958762581317823
hm-m2-g2-L5p3-n2-beta6__N0040__Aplus_0p005,hm-m2-g2-L5p3-n2-beta6__N0040__Aminus_0p005,hm-m2-g2-L5p3-n2-beta6,40,0.005,22,2.915,0.9952267805803151,0.9960287411964889
hm-m2-g2-L5p3-n2-beta6__N0040__Aplus_0p005,hm-m2-g2-L5p3-n2-beta6__N0040__Aminus_0p005,hm-m2-g2-L5p3-n2-beta6,40,0.005,23,3.0475000000000003,0.9955284825722315,0.9962787035207081
hm-m2-g2-L5p3-n2-beta6__N0040__Aplus_0p005,hm-m2-g2-L5p3-n2-beta6__N0040__Aminus_0p005,hm-m2-g2-L5p3-n2-beta6,40,0.005,24,3.18,0.9959402626414217,0.9966199889614148
hm-m2-g2-L5p3-n2-beta6__N0040__Aplus_0p005,hm-m2-g2-L5p3-n2-beta6__N0040__Aminus_0p005,hm-m2-g2-L5p3-n2-beta6,40,0.005,25,3.3125,0.9964518491153019,0.997044192258566
hm-m2-g2-L5p3-n2-beta6__N0040__Aplus_0p005,hm-m2-g2-L5p3-n2-beta6__N0040__Aminus_0p005,hm-m2-g2-L5p3-n2-beta6,40,0.005,26,3.4450000000000003,0.9970504975969261,0.9975408660817863
hm-m2-g2-L5p3-n2-beta6__N0040__Aplus_0p005,hm-m2-g2-L5p3-n2-beta6__N0040__Aminus_0p005,hm-m2-g2-L5p3-n2-beta6,40,0.005,27,3.5775,0.9977213188812943,0.998097778406555
hm-m2-g2-L5p3-n2-beta6__N0040__Aplus_0p005,hm-m2-g2-L5p3-n2-beta6__N0040__Aminus_0p005,hm-m2-g2-L5p3-n2-beta6,40,0.005,28,3.71,0.9984476599143273,0.998701213885399
hm-m2-g2-L5p3-n2-beta6__N0040__Aplus_0p005,hm-m2-g2-L5p3-n2-beta6__N0040__Aminus_0p005,hm-m2-g2-L5p3-n2-beta6,40,0.005,29,3.8425000000000002,0.999211527053668,0.9993363117854324
hm-m2-g2-L5p3-n2-beta6__N0040__Aplus_0p005,hm-m2-g2-L5p3-n2-beta6__N0040__Aminus_0p005,hm-m2-g2-L5p3-n2-beta6,40,0.005,30,3.975,0.9999940399221086,0.9999874321510392
hm-m2-g2-L5p3-n2-beta6__N0040__Aplus_0p005,hm-m2-g2-L5p3-n2-beta6__N0040__Aminus_0p005,hm-m2-g2-L5p3-n2-beta6,40,0.005,31,4.1075,1.0007759035892507,1.0006385411449594
hm-m2-g2-L5p3-n2-beta6__N0040__Aplus_0p005,hm-m2-g2-L5p3-n2-beta6__N0040__Aminus_0p005,hm-m2-g2-L5p3-n2-beta6,40,0.005,32,4.24,1.001537886677738,1.0012736060427527
hm-m2-g2-L5p3-n2-beta6__N0040__Aplus_0p005,hm-m2-g2-L5p3-n2-beta6__N0040__Aminus_0p005,hm-m2-g2-L5p3-n2-beta6,40,0.005,33,4.3725000000000005,1.0022612932466806,1.0018769901184554
hm-m2-g2-L5p3-n2-beta6__N0040__Aplus_0p005,hm-m2-g2-L5p3-n2-beta6__N0040__Aminus_0p005,hm-m2-g2-L5p3-n2-beta6,40,0.005,34,4.505,1.002928416914708,1.0024338376698447
hm-m2-g2-L5p3-n2-beta6__N0040__Aplus_0p005,hm-m2-g2-L5p3-n2-beta6__N0040__Aminus_0p005,hm-m2-g2-L5p3-n2-beta6,40,0.005,35,4.6375,1.0035229665884835,1.0029304396890806
hm-m2-g2-L5p3-n2-beta6__N0040__Aplus_0p005,hm-m2-g2-L5p3-n2-beta6__N0040__Aminus_0p005,hm-m2-g2-L5p3-n2-beta6,40,0.005,36,4.7700000000000005,1.0040304542875735,1.0033545711799967
hm-m2-g2-L5p3-n2-beta6__N0040__Aplus_0p005,hm-m2-g2-L5p3-n2-beta6__N0040__Aminus_0p005,hm-m2-g2-L5p3-n2-beta6,40,0.005,37,4.9025,1.0044385368269697,1.003695791841432
hm-m2-g2-L5p3-n2-beta6__N0040__Aplus_0p005,hm-m2-g2-L5p3-n2-beta6__N0040__Aminus_0p005,hm-m2-g2-L5p3-n2-beta6,40,0.005,38,5.035,1.0047373044617738,1.0039457027552268
hm-m2-g2-L5p3-n2-beta6__N0040__Aplus_0p005,hm-m2-g2-L5p3-n2-beta6__N0040__Aminus_0p005,hm-m2-g2-L5p3-n2-beta6,40,0.005,39,5.1675,1.00491951095336,1.0040981528118014
hm-m2-g2-L5p3-n2-beta6__N0040__Aplus_0p005,hm-m2-g2-L5p3-n2-beta6__N0040__Aminus_0p005,hm-m2-g2-L5p3-n2-beta6,40,0.005,40,5.3,1.0049807408389169,1.0041493898461984
hm-m2-g2-L5p3-n2-beta6__N0040__Aplus_0p01,hm-m2-g2-L5p3-n2-beta6__N0040__Aminus_0p01,hm-m2-g2-L5p3-n2-beta6,40,0.01,0,0.0,1.0099228398692828,1.008272739719717
hm-m2-g2-L5p3-n2-beta6__N0040__Aplus_0p01,hm-m2-g2-L5p3-n2-beta6__N0040__Aminus_0p01,hm-m2-g2-L5p3-n2-beta6,40,0.01,1,0.1325,1.009801051229791,1.0081702866872775
hm-m2-g2-L5p3-n2-beta6__N0040__Aplus_0p01,hm-m2-g2-L5p3-n2-beta6__N0040__Aminus_0p01,hm-m2-g2-L5p3-n2-beta6,40,0.01,2,0.265,1.0094385832227786,1.0078654473751854
hm-m2-g2-L5p3-n2-beta6__N0040__Aplus_0p01,hm-m2-g2-L5p3-n2-beta6__N0040__Aminus_0p01,hm-m2-g2-L5p3-n2-beta6,40,0.01,3,0.3975,1.0088440688029554,1.0073657195390966
hm-m2-g2-L5p3-n2-beta6__N0040__Aplus_0p01,hm-m2-g2-L5p3-n2-beta6__N0040__Aminus_0p01,hm-m2-g2-L5p3-n2-beta6,40,0.01,4,0.53,1.0080316939410934,1.0066833955439078
hm-m2-g2-L5p3-n2-beta6__N0040__Aplus_0p01,hm-m2-g2-L5p3-n2-beta6__N0040__Aminus_0p01,hm-m2-g2-L5p3-n2-beta6,40,0.01,5,0.6625000000000001,1.0070208954247317,1.0058352615377668
hm-m2-g2-L5p3-n2-beta6__N0040__Aplus_0p01,hm-m2-g2-L5p3-n2-beta6__N0040__Aminus_0p01,hm-m2-g2-L5p3-n2-beta6,40,0.01,6,0.795,1.0058359407210238,1.004842186251648
hm-m2-g2-L5p3-n2-beta6__N0040__Aplus_0p01,hm-m2-g2-L5p3-n2-beta6__N0040__Aminus_0p01,hm-m2-g2-L5p3-n2-beta6,40,0.01,7,0.9275,1.0045053938762691,1.0037286091949968
hm-m2-g2-L5p3-n2-beta6__N0040__Aplus_0p01,hm-m2-g2-L5p3-n2-beta6__N0040__Aminus_0p01,hm-m2-g2-L5p3-n2-beta6,40,0.01,8,1.06,1.0030614738316284,1.0025219405242058
hm-m2-g2-L5p3-n2-beta6__N0040__Aplus_0p01,hm-m2-g2-L5p3-n2-beta6__N0040__Aminus_0p01,hm-m2-g2-L5p3-n2-beta6,40,0.01,9,1.1925000000000001,1.0015393145669387,1.0012518871237346
hm-m2-g2-L5p3-n2-beta6__N0040__Aplus_0p01,hm-m2-g2-L5p3-n2-beta6__N0040__Aminus_0p01,hm-m2-g2-L5p3-n2-beta6,40,0.01,10,1.3250000000000002,0.9999761399887348,0.9999497213845006
hm-m2-g2-L5p3-n2-beta6__N0040__Aplus_0p01,hm-m2-g2-L5p3-n2-beta6__N0040__Aminus_0p01,hm-m2-g2-L5p3-n2-beta6,40,0.01,11,1.4575,0.9984103702007512,0.9986475107159741
hm-m2-g2-L5p3-n2-beta6__N0040__Aplus_0p01,hm-m2-g2-L5p3-n2-beta6__N0040__Aminus_0p01,hm-m2-g2-L5p3-n2-beta6,40,0.01,12,1.59,0.996880679418965,0.9973773269204913
hm-m2-g2-L5p3-n2-beta6__N0040__Aplus_0p01,hm-m2-g2-L5p3-n2-beta6__N0040__Aminus_0p01,hm-m2-g2-L5p3-n2-beta6,40,0.01,13,1.7225000000000001,0.9954250289837001,0.996170455139521
hm-m2-g2-L5p3-n2-beta6__N0040__Aplus_0p01,hm-m2-g2-L5p3-n2-beta6__N0040__Aminus_0p01,hm-m2-g2-L5p3-n2-beta6,40,0.01,14,1.855,0.994079701369933,0.9950566221227743
hm-m2-g2-L5p3-n2-beta6__N0040__Aplus_0p01,hm-m2-g2-L5p3-n2-beta6__N0040__Aminus_0p01,hm-m2-g2-L5p3-n2-beta6,40,0.01,15,1.9875,0.9928783625598666,0.9940632630683826
hm-m2-g2-L5p3-n2-beta6__N0040__Aplus_0p01,hm-m2-g2-L5p3-n2-beta6__N0040__Aminus_0p01,hm-m2-g2-L5p3-n2-beta6,40,0.01,16,2.12,0.9918511804652757,0.9932148452578833
hm-m2-g2-L5p3-n2-beta6__N0040__Aplus_0p01,hm-m2-g2-L5p3-n2-beta6__N0040__Aminus_0p01,hm-m2-g2-L5p3-n2-beta6,40,0.01,17,2.2525,0.991024026217061,0.9925322652081259
hm-m2-g2-L5p3-n2-beta6__N0040__Aplus_0p01,hm-m2-g2-L5p3-n2-beta6__N0040__Aminus_0p01,hm-m2-g2-L5p3-n2-beta6,40,0.01,18,2.3850000000000002,0.9904177831156757,0.9920323341450829
hm-m2-g2-L5p3-n2-beta6__N0040__Aplus_0p01,hm-m2-g2-L5p3-n2-beta6__N0040__Aminus_0p01,hm-m2-g2-L5p3-n2-beta6,40,0.01,19,2.5175,0.9900477849742269,0.9917273643435061
hm-m2-g2-L5p3-n2-beta6__N0040__Aplus_0p01,hm-m2-g2-L5p3-n2-beta6__N0040__Aminus_0p01,hm-m2-g2-L5p3-n2-beta6,40,0.01,20,2.6500000000000004,0.9899234016530846,0.9916248663456886
hm-m2-g2-L5p3-n2-beta6__N0040__Aplus_0p01,hm-m2-g2-L5p3-n2-beta6__N0040__Aminus_0p01,hm-m2-g2-L5p3-n2-beta6,40,0.01,21,2.7825,0.9900477849742271,0.9917273643435064
hm-m2-g2-L5p3-n2-beta6__N0040__Aplus_0p01,hm-m2-g2-L5p3-n2-beta6__N0040__Aminus_0p01,hm-m2-g2-L5p3-n2-beta6,40,0.01,22,2.915,0.9904177831156762,0.9920323341450836
hm-m2-g2-L5p3-n2-beta6__N0040__Aplus_0p01,hm-m2-g2-L5p3-n2-beta6__N0040__Aminus_0p01,hm-m2-g2-L5p3-n2-beta6,40,0.01,23,3.0475000000000003,0.9910240262170618,0.9925322652081271
hm-m2-g2-L5p3-n2-beta6__N0040__Aplus_0p01,hm-m2-g2-L5p3-n2-beta6__N0040__Aminus_0p01,hm-m2-g2-L5p3-n2-beta6,40,0.01,24,3.18,0.9918511804652765,0.9932148452578847
hm-m2-g2-L5p3-n2-beta6__N0040__Aplus_0p01,hm-m2-g2-L5p3-n2-beta6__N0040__Aminus_0p01,hm-m2-g2-L5p3-n2-beta6,40,0.01,25,3.3125,0.9928783625598678,0.9940632630683843
hm-m2-g2-L5p3-n2-beta6__N0040__Aplus_0p01,hm-m2-g2-L5p3-n2-beta6__N0040__Aminus_0p01,hm-m2-g2-L5p3-n2-beta6,40,0.01,26,3.4450000000000003,0.9940797013699344,0.9950566221227763
hm-m2-g2-L5p3-n2-beta6__N0040__Aplus_0p01,hm-m2-g2-L5p3-n2-beta6__N0040__Aminus_0p01,hm-m2-g2-L5p3-n2-beta6,40,0.01,27,3.5775,0.9954250289837017,0.9961704551395228
hm-m2-g2-L5p3-n2-beta6__N0040__Aplus_0p01,hm-m2-g2-L5p3-n2-beta6__N0040__Aminus_0p01,hm-m2-g2-L5p3-n2-beta6,40,0.01,28,3.71,0.9968806794189667,0.9973773269204932
hm-m2-g2-L5p3-n2-beta6__N0040__Aplus_0p01,hm-m2-g2-L5p3-n2-beta6__N0040__Aminus_0p01,hm-m2-g2-L5p3-n2-beta6,40,0.01,29,3.8425000000000002,0.9984103702007531,0.9986475107159762
hm-m2-g2-L5p3-n2-beta6__N0040__Aplus_0p01,hm-m2-g2-L5p3-n2-beta6__N0040__Aminus_0p01,hm-m2-g2-L5p3-n2-beta6,40,0.01,30,3.975,0.9999761399887368,0.9999497213845028
hm-m2-g2-L5p3-n2-beta6__N0040__Aplus_0p01,hm-m2-g2-L5p3-n2-beta6__N0040__Aminus_0p01,hm-m2-g2-L5p3-n2-beta6,40,0.01,31,4.1075,1.0015393145669407,1.0012518871237368
hm-m2-g2-L5p3-n2-beta6__N0040__Aplus_0p01,hm-m2-g2-L5p3-n2-beta6__N0040__Aminus_0p01,hm-m2-g2-L5p3-n2-beta6,40,0.01,32,4.24,1.0030614738316304,1.0025219405242085
hm-m2-g2-L5p3-n2-beta6__N0040__Aplus_0p01,hm-m2-g2-L5p3-n2-beta6__N0040__Aminus_0p01,hm-m2-g2-L5p3-n2-beta6,40,0.01,33,4.3725000000000005,1.0045053938762711,1.003728609195
hm-m2-g2-L5p3-n2-beta6__N0040__Aplus_0p01,hm-m2-g2-L5p3-n2-beta6__N0040__Aminus_0p01,hm-m2-g2-L5p3-n2-beta6,40,0.01,34,4.505,1.0058359407210256,1.004842186251651
hm-m2-g2-L5p3-n2-beta6__N0040__Aplus_0p01,hm-m2-g2-L5p3-n2-beta6__N0040__Aminus_0p01,hm-m2-g2-L5p3-n2-beta6,40,0.01,35,4.6375,1.0070208954247335,1.0058352615377701
hm-m2-g2-L5p3-n2-beta6__N0040__Aplus_0p01,hm-m2-g2-L5p3-n2-beta6__N0040__Aminus_0p01,hm-m2-g2-L5p3-n2-beta6,40,0.01,36,4.7700000000000005,1.0080316939410952,1.0066833955439114
hm-m2-g2-L5p3-n2-beta6__N0040__Aplus_0p01,hm-m2-g2-L5p3-n2-beta6__N0040__Aminus_0p01,hm-m2-g2-L5p3-n2-beta6,40,0.01,37,4.9025,1.0088440688029572,1.0073657195391004
hm-m2-g2-L5p3-n2-beta6__N0040__Aplus_0p01,hm-m2-g2-L5p3-n2-beta6__N0040__Aminus_0p01,hm-m2-g2-L5p3-n2-beta6,40,0.01,38,5.035,1.0094385832227804,1.0078654473751891
hm-m2-g2-L5p3-n2-beta6__N0040__Aplus_0p01,hm-m2-g2-L5p3-n2-beta6__N0040__Aminus_0p01,hm-m2-g2-L5p3-n2-beta6,40,0.01,39,5.1675,1.0098010512297928,1.0081702866872813
hm-m2-g2-L5p3-n2-beta6__N0040__Aplus_0p01,hm-m2-g2-L5p3-n2-beta6__N0040__Aminus_0p01,hm-m2-g2-L5p3-n2-beta6,40,0.01,40,5.3,1.0099228398692843,1.0082727397197209
hm-m2-g2-L5p3-n2-beta6__N0040__Aplus_0p02,hm-m2-g2-L5p3-n2-beta6__N0040__Aminus_0p02,hm-m2-g2-L5p3-n2-beta6,40,0.02,0,0.0,1.0196905078230092,1.0164396027212115
hm-m2-g2-L5p3-n2-beta6__N0040__Aplus_0p02,hm-m2-g2-L5p3-n2-beta6__N0040__Aminus_0p02,hm-m2-g2-L5p3-n2-beta6,40,0.02,1,0.1325,1.0194496928392323,1.0162348167105053
hm-m2-g2-L5p3-n2-beta6__N0040__Aplus_0p02,hm-m2-g2-L5p3-n2-beta6__N0040__Aminus_0p02,hm-m2-g2-L5p3-n2-beta6,40,0.02,2,0.265,1.0187327518273712,1.01562548449736
hm-m2-g2-L5p3-n2-beta6__N0040__Aplus_0p02,hm-m2-g2-L5p3-n2-beta6__N0040__Aminus_0p02,hm-m2-g2-L5p3-n2-beta6,40,0.02,3,0.3975,1.0175561082033584,1.0146265626790156
hm-m2-g2-L5p3-n2-beta6__N0040__Aplus_0p02,hm-m2-g2-L5p3-n2-beta6__N0040__Aminus_0p02,hm-m2-g2-L5p3-n2-beta6,40,0.02,4,0.53,1.0159468360714217,1.0132625784688452
hm-m2-g2-L5p3-n2-beta6__N0040__Aplus_0p02,hm-m2-g2-L5p3-n2-beta6__N0040__Aminus_0p02,hm-m2-g2-L5p3-n2-beta6,40,0.02,5,0.6625000000000001,1.013942201191193,1.0115670375382346
hm-m2-g2-L5p3-n2-beta6__N0040__Aplus_0p02,hm-m2-g2-L5p3-n2-beta6__N0040__Aminus_0p02,hm-m2-g2-L5p3-n2-beta6,40,0.02,6,0.795,1.0115889980701103,1.0095816121998782
hm-m2-g2-L5p3-n2-beta6__N0040__Aplus_0p02,hm-m2-g2-L5p3-n2-beta6__N0040__Aminus_0p02,hm-m2-g2-L5p3-n2-beta6,40,0.02,7,0.9275,1.0089426695062873,1.0073551274559853
hm-m2-g2-L5p3-n2-beta6__N0040__Aplus_0p02,hm-m2-g2-L5p3-n2-beta6__N0040__Aminus_0p02,hm-m2-g2-L5p3-n2-beta6,40,0.02,8,1.06,1.006066199199635,1.0049423676886513
hm-m2-g2-L5p3-n2-beta6__N0040__Aplus_0p02,hm-m2-g2-L5p3-n2-beta6__N0040__Aminus_0p02,hm-m2-g2-L5p3-n2-beta6,40,0.02,9,1.1925000000000001,1.0030287765763375,1.0024027318962005
hm-m2-g2-L5p3-n2-beta6__N0040__Aplus_0p02,hm-m2-g2-L5p3-n2-beta6__N0040__Aminus_0p02,hm-m2-g2-L5p3-n2-beta6,40,0.02,10,1.3250000000000002,0.999904244927433,0.9997987700960248
hm-m2-g2-L5p3-n2-beta6__N0040__Aplus_0p02,hm-m2-g2-L5p3-n2-beta6__N0040__Aminus_0p02,hm-m2-g2-L5p3-n2-beta6,40,0.02,11,1.4575,0.9967693579673914,0.9971946374923593
hm-m2-g2-L5p3-n2-beta6__N0040__Aplus_0p02,hm-m2-g2-L5p3-n2-beta6__N0040__Aminus_0p02,hm-m2-g2-L5p3-n2-beta6,40,0.02,12,1.59,0.993701884254496,0.9946545059261162
hm-m2-g2-L5p3-n2-beta6__N0040__Aplus_0p02,hm-m2-g2-L5p3-n2-beta6__N0040__Aminus_0p02,hm-m2-g2-L5p3-n2-beta6,40,0.02,13,1.7225000000000001,0.9907786118148858,0.9922409737278414
hm-m2-g2-L5p3-n2-beta6__N0040__Aplus_0p02,hm-m2-g2-L5p3-n2-beta6__N0040__Aminus_0p02,hm-m2-g2-L5p3-n2-beta6,40,0.02,14,1.855,0.9880733152554855,0.9900135152390623
hm-m2-g2-L5p3-n2-beta6__N0040__Aplus_0p02,hm-m2-g2-L5p3-n2-beta6__N0040__Aminus_0p02,hm-m2-g2-L5p3-n2-beta6,40,0.02,15,1.9875,0.9856547535974794,0.988027009942307
hm-m2-g2-L5p3-n2-beta6__N0040__Aplus_0p02,hm-m2-g2-L5p3-n2-beta6__N0040__Aminus_0p02,hm-m2-g2-L5p3-n2-beta6,40,0.02,16,2.12,0.9835847685793436,0.9863303884710408
hm-m2-g2-L5p3-n2-beta6__N0040__Aplus_0p02,hm-m2-g2-L5p3-n2-beta6__N0040__Aminus_0p02,hm-m2-g2-L5p3-n2-beta6,40,0.02,17,2.2525,0.9819165504407398,0.984965428991617
hm-m2-g2-L5p3-n2-beta6__N0040__Aplus_0p02,hm-m2-g2-L5p3-n2-beta6__N0040__Aminus_0p02,hm-m2-g2-L5p3-n2-beta6,40,0.02,18,2.3850000000000002,0.9806931318635578,0.9839657328581107
hm-m2-g2-L5p3-n2-beta6__N0040__Aplus_0p02,hm-m2-g2-L5p3-n2-beta6__N0040__Aminus_0p02,hm-m2-g2-L5p3-n2-beta6,40,0.02,19,2.5175,0.9799461617510106,0.9833559033468064
hm-m2-g2-L5p3-n2-beta6__N0040__Aplus_0p02,hm-m2-g2-L5p3-n2-beta6__N0040__Aminus_0p02,hm-m2-g2-L5p3-n2-beta6,40,0.02,20,2.6500000000000004,0.9796949998551137,0.983150945950354
hm-m2-g2-L5p3-n2-beta6__N0040__Aplus_0p02,hm-m2-g2-L5p3-n2-beta6__N0040__Aminus_0p02,hm-m2-g2-L5p3-n2-beta6,40,0.02,21,2.7825,0.9799461617510109,0.9833559033468067
hm-m2-g2-L5p3-n2-beta6__N0040__Aplus_0p02,hm-m2-g2-L5p3-n2-beta6__N0040__Aminus_0p02,hm-m2-g2-L5p3-n2-beta6,40,0.02,22,2.915,0.9806931318635583,0.9839657328581114
hm-m2-g2-L5p3-n2-beta6__N0040__Aplus_0p02,hm-m2-g2-L5p3-n2-beta6__N0040__Aminus_0p02,hm-m2-g2-L5p3-n2-beta6,40,0.02,23,3.0475000000000003,0.9819165504407406,0.984965428991618
hm-m2-g2-L5p3-n2-beta6__N0040__Aplus_0p02,hm-m2-g2-L5p3-n2-beta6__N0040__Aminus_0p02,hm-m2-g2-L5p3-n2-beta6,40,0.02,24,3.18,0.9835847685793447,0.9863303884710419
hm-m2-g2-L5p3-n2-beta6__N0040__Aplus_0p02,hm-m2-g2-L5p3-n2-beta6__N0040__Aminus_0p02,hm-m2-g2-L5p3-n2-beta6,40,0.02,25,3.3125,0.9856547535974809,0.9880270099423082
hm-m2-g2-L5p3-n2-beta6__N0040__Aplus_0p02,hm-m2-g2-L5p3-n2-beta6__N0040__Aminus_0p02,hm-m2-g2-L5p3-n2-beta6,40,0.02,26,3.4450000000000003,0.988073315255487,0.9900135152390638
hm-m2-g2-L5p3-n2-beta6__N0040__Aplus_0p02,hm-m2-g2-L5p3-n2-beta6__N0040__Aminus_0p02,hm-m2-g2-L5p3-n2-beta6,40,0.02,27,3.5775,0.9907786118148876,0.9922409737278428
hm-m2-g2-L5p3-n2-beta6__N0040__Aplus_0p02,hm-m2-g2-L5p3-n2-beta6__N0040__Aminus_0p02,hm-m2-g2-L5p3-n2-beta6,40,0.02,28,3.71,0.993701884254498,0.9946545059261175
hm-m2-g2-L5p3-n2-beta6__N0040__Aplus_0p02,hm-m2-g2-L5p3-n2-beta6__N0040__Aminus_0p02,hm-m2-g2-L5p3-n2-beta6,40,0.02,29,3.8425000000000002,0.9967693579673935,0.9971946374923606
hm-m2-g2-L5p3-n2-beta6__N0040__Aplus_0p02,hm-m2-g2-L5p3-n2-beta6__N0040__Aminus_0p02,hm-m2-g2-L5p3-n2-beta6,40,0.02,30,3.975,0.9999042449274351,0.9997987700960261
hm-m2-g2-L5p3-n2-beta6__N0040__Aplus_0p02,hm-m2-g2-L5p3-n2-beta6__N0040__Aminus_0p02,hm-m2-g2-L5p3-n2-beta6,40,0.02,31,4.1075,1.0030287765763395,1.0024027318962019
hm-m2-g2-L5p3-n2-beta6__N0040__Aplus_0p02,hm-m2-g2-L5p3-n2-beta6__N0040__Aminus_0p02,hm-m2-g2-L5p3-n2-beta6,40,0.02,32,4.24,1.0060661991996367,1.0049423676886529
hm-m2-g2-L5p3-n2-beta6__N0040__Aplus_0p02,hm-m2-g2-L5p3-n2-beta6__N0040__Aminus_0p02,hm-m2-g2-L5p3-n2-beta6,40,0.02,33,4.3725000000000005,1.0089426695062889,1.007355127455987
hm-m2-g2-L5p3-n2-beta6__N0040__Aplus_0p02,hm-m2-g2-L5p3-n2-beta6__N0040__Aminus_0p02,hm-m2-g2-L5p3-n2-beta6,40,0.02,34,4.505,1.0115889980701116,1.00958161219988
hm-m2-g2-L5p3-n2-beta6__N0040__Aplus_0p02,hm-m2-g2-L5p3-n2-beta6__N0040__Aminus_0p02,hm-m2-g2-L5p3-n2-beta6,40,0.02,35,4.6375,1.013942201191194,1.0115670375382364
hm-m2-g2-L5p3-n2-beta6__N0040__Aplus_0p02,hm-m2-g2-L5p3-n2-beta6__N0040__Aminus_0p02,hm-m2-g2-L5p3-n2-beta6,40,0.02,36,4.7700000000000005,1.0159468360714226,1.0132625784688472
hm-m2-g2-L5p3-n2-beta6__N0040__Aplus_0p02,hm-m2-g2-L5p3-n2-beta6__N0040__Aminus_0p02,hm-m2-g2-L5p3-n2-beta6,40,0.02,37,4.9025,1.017556108203359,1.0146265626790179
hm-m2-g2-L5p3-n2-beta6__N0040__Aplus_0p02,hm-m2-g2-L5p3-n2-beta6__N0040__Aminus_0p02,hm-m2-g2-L5p3-n2-beta6,40,0.02,38,5.035,1.0187327518273717,1.0156254844973622
hm-m2-g2-L5p3-n2-beta6__N0040__Aplus_0p02,hm-m2-g2-L5p3-n2-beta6__N0040__Aminus_0p02,hm-m2-g2-L5p3-n2-beta6,40,0.02,39,5.1675,1.0194496928392327,1.0162348167105073
hm-m2-g2-L5p3-n2-beta6__N0040__Aplus_0p02,hm-m2-g2-L5p3-n2-beta6__N0040__Aminus_0p02,hm-m2-g2-L5p3-n2-beta6,40,0.02,40,5.3,1.0196905078230096,1.0164396027212135
hm-m2-g2-L5p3-n2-beta6__N0080__Aminus_0p02,hm-m2-g2-L5p3-n2-beta6__N0080__Aplus_0p02,hm-m2-g2-L5p3-n2-beta6,80,-0.02,0,0.0,0.979697438285815,0.9831685130433171
hm-m2-g2-L5p3-n2-beta6__N0080__Aminus_0p02,hm-m2-g2-L5p3-n2-beta6__N0080__Aplus_0p02,hm-m2-g2-L5p3-n2-beta6,80,-0.02,1,0.06625,0.9797603149047397,0.9832197804588397
hm-m2-g2-L5p3-n2-beta6__N0080__Aminus_0p02,hm-m2-g2-L5p3-n2-beta6__N0080__Aplus_0p02,hm-m2-g2-L5p3-n2-beta6,80,-0.02,2,0.1325,0.9799485364392428,0.9833732669708977
hm-m2-g2-L5p3-n2-beta6__N0080__Aminus_0p02,hm-m2-g2-L5p3-n2-beta6__N0080__Aplus_0p02,hm-m2-g2-L5p3-n2-beta6,80,-0.02,3,0.19875,0.9802608808536334,0.9836280272943937
hm-m2-g2-L5p3-n2-beta6__N0080__Aminus_0p02,hm-m2-g2-L5p3-n2-beta6__N0080__Aplus_0p02,hm-m2-g2-L5p3-n2-beta6,80,-0.02,4,0.265,0.9806953211692738,0.9839824923388737
hm-m2-g2-L5p3-n2-beta6__N0080__Aminus_0p02,hm-m2-g2-L5p3-n2-beta6__N0080__Aplus_0p02,hm-m2-g2-L5p3-n2-beta6,80,-0.02,5,0.33125000000000004,0.981249040005693,0.9844344787503316
hm-m2-g2-L5p3-n2-beta6__N0080__Aminus_0p02,hm-m2-g2-L5p3-n2-beta6__N0080__Aplus_0p02,hm-m2-g2-L5p3-n2-beta6,80,-0.02,6,0.3975,0.9819184497776825,0.9849812021990855
hm-m2-g2-L5p3-n2-beta6__N0080__Aminus_0p02,hm-m2-g2-L5p3-n2-beta6__N0080__Aplus_0p02,hm-m2-g2-L5p3-n2-beta6,80,-0.02,7,0.46375,0.982699218387672,0.9856192943427776
hm-m2-g2-L5p3-n2-beta6__N0080__Aminus_0p02,hm-m2-g2-L5p3-n2-beta6__N0080__Aplus_0p02,hm-m2-g2-L5p3-n2-beta6,80,-0.02,8,0.53,0.983586300206605,0.9863448233729216
hm-m2-g2-L5p3-n2-beta6__N0080__Aminus_0p02,hm-m2-g2-L5p3-n2-beta6__N0080__Aplus_0p02,hm-m2-g2-L5p3-n2-beta6,80,-0.02,9,0.5962500000000001,0.9845739720906834,0.9871533180325864
hm-m2-g2-L5p3-n2-beta6__N0080__Aminus_0p02,hm-m2-g2-L5p3-n2-beta6__N0080__Aplus_0p02,hm-m2-g2-L5p3-n2-beta6,80,-0.02,10,0.6625000000000001,0.9856558741361016,0.9880397949718502
hm-m2-g2-L5p3-n2-beta6__N0080__Aminus_0p02,hm-m2-g2-L5p3-n2-beta6__N0080__Aplus_0p02,hm-m2-g2-L5p3-n2-beta6,80,-0.02,11,0.72875,0.9868250548297842,0.9889987892866495
hm-m2-g2-L5p3-n2-beta6__N0080__Aminus_0p02,hm-m2-g2-L5p3-n2-beta6__N0080__Aplus_0p02,hm-m2-g2-L5p3-n2-beta6,80,-0.02,12,0.795,0.9880740202119028,0.9900243880657539
hm-m2-g2-L5p3-n2-beta6__N0080__Aminus_0p02,hm-m2-g2-L5p3-n2-beta6__N0080__Aplus_0p02,hm-m2-g2-L5p3-n2-beta6,80,-0.02,13,0.8612500000000001,0.9893947866263888,0.9911102667499868
hm-m2-g2-L5p3-n2-beta6__N0080__Aminus_0p02,hm-m2-g2-L5p3-n2-beta6__N0080__Aplus_0p02,hm-m2-g2-L5p3-n2-beta6,80,-0.02,14,0.9275,0.9907789365997578,0.992249728087746
hm-m2-g2-L5p3-n2-beta6__N0080__Aminus_0p02,hm-m2-g2-L5p3-n2-beta6__N0080__Aplus_0p02,hm-m2-g2-L5p3-n2-beta6,80,-0.02,15,0.99375,0.9922176773573049,0.9934357434515997
hm-m2-g2-L5p3-n2-beta6__N0080__Aminus_0p02,hm-m2-g2-L5p3-n2-beta6__N0080__Aplus_0p02,hm-m2-g2-L5p3-n2-beta6,80,-0.02,16,1.06,0.993701901460157,0.9946609962625678
hm-m2-g2-L5p3-n2-beta6__N0080__Aminus_0p02,hm-m2-g2-L5p3-n2-beta6__N0080__Aplus_0p02,hm-m2-g2-L5p3-n2-beta6,80,-0.02,17,1.12625,0.9952222490277444,0.9959179272519382
hm-m2-g2-L5p3-n2-beta6__N0080__Aminus_0p02,hm-m2-g2-L5p3-n2-beta6__N0080__Aplus_0p02,hm-m2-g2-L5p3-n2-beta6,80,-0.02,18,1.1925000000000001,0.9967691709988535,0.9971987812754314
hm-m2-g2-L5p3-n2-beta6__N0080__Aminus_0p02,hm-m2-g2-L5p3-n2-beta6__N0080__Aplus_0p02,hm-m2-g2-L5p3-n2-beta6,80,-0.02,19,1.25875,0.9983329928812431,0.9984956553815338
hm-m2-g2-L5p3-n2-beta6__N0080__Aminus_0p02,hm-m2-g2-L5p3-n2-beta6__N0080__Aplus_0p02,hm-m2-g2-L5p3-n2-beta6,80,-0.02,20,1.3250000000000002,0.9999039784453214,0.9998005478251272
hm-m2-g2-L5p3-n2-beta6__N0080__Aminus_0p02,hm-m2-g2-L5p3-n2-beta6__N0080__Aplus_0p02,hm-m2-g2-L5p3-n2-beta6,80,-0.02,21,1.39125,1.001472392831812,1.001105407709401
hm-m2-g2-L5p3-n2-beta6__N0080__Aminus_0p02,hm-m2-g2-L5p3-n2-beta6__N0080__Aplus_0p02,hm-m2-g2-L5p3-n2-beta6,80,-0.02,22,1.4575,1.0030285645665782,1.0024021849336457
hm-m2-g2-L5p3-n2-beta6__N0080__Aminus_0p02,hm-m2-g2-L5p3-n2-beta6__N0080__Aplus_0p02,hm-m2-g2-L5p3-n2-beta6,80,-0.02,23,1.5237500000000002,1.0045629460074224,1.003682880121991
hm-m2-g2-L5p3-n2-beta6__N0080__Aminus_0p02,hm-m2-g2-L5p3-n2-beta6__N0080__Aplus_0p02,hm-m2-g2-L5p3-n2-beta6,80,-0.02,24,1.59,1.0060661717870065,1.0049395942085788
hm-m2-g2-L5p3-n2-beta6__N0080__Aminus_0p02,hm-m2-g2-L5p3-n2-beta6__N0080__Aplus_0p02,hm-m2-g2-L5p3-n2-beta6,80,-0.02,25,1.65625,1.007529114861991,1.0061645773580012
hm-m2-g2-L5p3-n2-beta6__N0080__Aminus_0p02,hm-m2-g2-L5p3-n2-beta6__N0080__Aplus_0p02,hm-m2-g2-L5p3-n2-beta6,80,-0.02,26,1.7225000000000001,1.0089429398297742,1.0073502769060458
hm-m2-g2-L5p3-n2-beta6__N0080__Aminus_0p02,hm-m2-g2-L5p3-n2-beta6__N0080__Aplus_0p02,hm-m2-g2-L5p3-n2-beta6,80,-0.02,27,1.78875,1.0102991532292815,1.0084893840147093
hm-m2-g2-L5p3-n2-beta6__N0080__Aminus_0p02,hm-m2-g2-L5p3-n2-beta6__N0080__Aplus_0p02,hm-m2-g2-L5p3-n2-beta6,80,-0.02,28,1.855,1.0115896505994066,1.0095748787468757
hm-m2-g2-L5p3-n2-beta6__N0080__Aminus_0p02,hm-m2-g2-L5p3-n2-beta6__N0080__Aplus_0p02,hm-m2-g2-L5p3-n2-beta6,80,-0.02,29,1.9212500000000001,1.012806760126145,1.0106000732797447
hm-m2-g2-L5p3-n2-beta6__N0080__Aminus_0p02,hm-m2-g2-L5p3-n2-beta6__N0080__Aplus_0p02,hm-m2-g2-L5p3-n2-beta6,80,-0.02,30,1.9875,1.0139432827653811,1.0115586529917424
hm-m2-g2-L5p3-n2-beta6__N0080__Aminus_0p02,hm-m2-g2-L5p3-n2-beta6__N0080__Aplus_0p02,hm-m2-g2-L5p3-n2-beta6,80,-0.02,31,2.05375,1.0149925287809298,1.0124447151749365
hm-m2-g2-L5p3-n2-beta6__N0080__Aminus_0p02,hm-m2-g2-L5p3-n2-beta6__N0080__Aplus_0p02,hm-m2-g2-L5p3-n2-beta6,80,-0.02,32,2.12,1.0159483506851796,1.013252805143565
hm-m2-g2-L5p3-n2-beta6__N0080__Aminus_0p02,hm-m2-g2-L5p3-n2-beta6__N0080__Aplus_0p02,hm-m2-g2-L5p3-n2-beta6,80,-0.02,33,2.1862500000000002,1.0168051726111382,1.0139779495288483
hm-m2-g2-L5p3-n2-beta6__N0080__Aminus_0p02,hm-m2-g2-L5p3-n2-beta6__N0080__Aplus_0p02,hm-m2-g2-L5p3-n2-beta6,80,-0.02,34,2.2525,1.0175580161786864,1.0146156865704732
hm-m2-g2-L5p3-n2-beta6__N0080__Aminus_0p02,hm-m2-g2-L5p3-n2-beta6__N0080__Aplus_0p02,hm-m2-g2-L5p3-n2-beta6,80,-0.02,35,2.31875,1.0182025229435896,1.015162093235722
hm-m2-g2-L5p3-n2-beta6__N0080__Aminus_0p02,hm-m2-g2-L5p3-n2-beta6__N0080__Aplus_0p02,hm-m2-g2-L5p3-n2-beta6,80,-0.02,36,2.3850000000000002,1.018734973534819,1.015613809017938
hm-m2-g2-L5p3-n2-beta6__N0080__Aminus_0p02,hm-m2-g2-L5p3-n2-beta6__N0080__Aplus_0p02,hm-m2-g2-L5p3-n2-beta6,80,-0.02,37,2.45125,1.0191523035938768,1.0159680562866642
hm-m2-g2-L5p3-n2-beta6__N0080__Aminus_0p02,hm-m2-g2-L5p3-n2-beta6__N0080__Aplus_0p02,hm-m2-g2-L5p3-n2-beta6,80,-0.02,38,2.5175,1.0194521166293895,1.0162226570822186
hm-m2-g2-L5p3-n2-beta6__N0080__Aminus_0p02,hm-m2-g2-L5p3-n2-beta6__N0080__Aplus_0p02,hm-m2-g2-L5p3-n2-beta6,80,-0.02,39,2.58375,1.0196326938918214,1.0163760462676177
hm-m2-g2-L5p3-n2-beta6__N0080__Aminus_0p02,hm-m2-g2-L5p3-n2-beta6__N0080__Aplus_0p02,hm-m2-g2-L5p3-n2-beta6,80,-0.02,40,2.6500000000000004,1.019693001357736,1.0164272809705526
hm-m2-g2-L5p3-n2-beta6__N0080__Aminus_0p02,hm-m2-g2-L5p3-n2-beta6__N0080__Aplus_0p02,hm-m2-g2-L5p3-n2-beta6,80,-0.02,41,2.71625,1.0196326938918214,1.016376046267617
hm-m2-g2-L5p3-n2-beta6__N0080__Aminus_0p02,hm-m2-g2-L5p3-n2-beta6__N0080__Aplus_0p02,hm-m2-g2-L5p3-n2-beta6,80,-0.02,42,2.7825,1.0194521166293895,1.0162226570822173
hm-m2-g2-L5p3-n2-beta6__N0080__Aminus_0p02,hm-m2-g2-L5p3-n2-beta6__N0080__Aplus_0p02,hm-m2-g2-L5p3-n2-beta6,80,-0.02,43,2.8487500000000003,1.0191523035938768,1.0159680562866624
hm-m2-g2-L5p3-n2-beta6__N0080__Aminus_0p02,hm-m2-g2-L5p3-n2-beta6__N0080__Aplus_0p02,hm-m2-g2-L5p3-n2-beta6,80,-0.02,44,2.915,1.0187349735348188,1.0156138090179359
hm-m2-g2-L5p3-n2-beta6__N0080__Aminus_0p02,hm-m2-g2-L5p3-n2-beta6__N0080__Aplus_0p02,hm-m2-g2-L5p3-n2-beta6,80,-0.02,45,2.98125,1.0182025229435894,1.0151620932357188
hm-m2-g2-L5p3-n2-beta6__N0080__Aminus_0p02,hm-m2-g2-L5p3-n2-beta6__N0080__Aplus_0p02,hm-m2-g2-L5p3-n2-beta6,80,-0.02,46,3.0475000000000003,1.0175580161786861,1.0146156865704694
hm-m2-g2-L5p3-n2-beta6__N0080__Aminus_0p02,hm-m2-g2-L5p3-n2-beta6__N0080__Aplus_0p02,hm-m2-g2-L5p3-n2-beta6,80,-0.02,47,3.11375,1.016805172611138,1.013977949528844
hm-m2-g2-L5p3-n2-beta6__N0080__Aminus_0p02,hm-m2-g2-L5p3-n2-beta6__N0080__Aplus_0p02,hm-m2-g2-L5p3-n2-beta6,80,-0.02,48,3.18,1.0159483506851792,1.0132528051435599
hm-m2-g2-L5p3-n2-beta6__N0080__Aminus_0p02,hm-m2-g2-L5p3-n2-beta6__N0080__Aplus_0p02,hm-m2-g2-L5p3-n2-beta6,80,-0.02,49,3.2462500000000003,1.0149925287809292,1.0124447151749307
hm-m2-g2-L5p3-n2-beta6__N0080__Aminus_0p02,hm-m2-g2-L5p3-n2-beta6__N0080__Aplus_0p02,hm-m2-g2-L5p3-n2-beta6,80,-0.02,50,3.3125,1.01394328276538,1.0115586529917358
hm-m2-g2-L5p3-n2-beta6__N0080__Aminus_0p02,hm-m2-g2-L5p3-n2-beta6__N0080__Aplus_0p02,hm-m2-g2-L5p3-n2-beta6,80,-0.02,51,3.37875,1.0128067601261437,1.0106000732797373
hm-m2-g2-L5p3-n2-beta6__N0080__Aminus_0p02,hm-m2-g2-L5p3-n2-beta6__N0080__Aplus_0p02,hm-m2-g2-L5p3-n2-beta6,80,-0.02,52,3.4450000000000003,1.011589650599405,1.0095748787468677
hm-m2-g2-L5p3-n2-beta6__N0080__Aminus_0p02,hm-m2-g2-L5p3-n2-beta6__N0080__Aplus_0p02,hm-m2-g2-L5p3-n2-beta6,80,-0.02,53,3.51125,1.0102991532292798,1.0084893840147007
hm-m2-g2-L5p3-n2-beta6__N0080__Aminus_0p02,hm-m2-g2-L5p3-n2-beta6__N0080__Aplus_0p02,hm-m2-g2-L5p3-n2-beta6,80,-0.02,54,3.5775,1.0089429398297718,1.0073502769060367
hm-m2-g2-L5p3-n2-beta6__N0080__Aminus_0p02,hm-m2-g2-L5p3-n2-beta6__N0080__Aplus_0p02,hm-m2-g2-L5p3-n2-beta6,80,-0.02,55,3.6437500000000003,1.0075291148619883,1.0061645773579915
hm-m2-g2-L5p3-n2-beta6__N0080__Aminus_0p02,hm-m2-g2-L5p3-n2-beta6__N0080__Aplus_0p02,hm-m2-g2-L5p3-n2-beta6,80,-0.02,56,3.71,1.0060661717870032,1.0049395942085684
hm-m2-g2-L5p3-n2-beta6__N0080__Aminus_0p02,hm-m2-g2-L5p3-n2-beta6__N0080__Aplus_0p02,hm-m2-g2-L5p3-n2-beta6,80,-0.02,57,3.77625,1.0045629460074184,1.0036828801219801
hm-m2-g2-L5p3-n2-beta6__N0080__Aminus_0p02,hm-m2-g2-L5p3-n2-beta6__N0080__Aplus_0p02,hm-m2-g2-L5p3-n2-beta6,80,-0.02,58,3.8425000000000002,1.0030285645665737,1.0024021849336342
hm-m2-g2-L5p3-n2-beta6__N0080__Aminus_0p02,hm-m2-g2-L5p3-n2-beta6__N0080__Aplus_0p02,hm-m2-g2-L5p3-n2-beta6,80,-0.02,59,3.9087500000000004,1.001472392831807,1.0011054077093888
hm-m2-g2-L5p3-n2-beta6__N0080__Aminus_0p02,hm-m2-g2-L5p3-n2-beta6__N0080__Aplus_0p02,hm-m2-g2-L5p3-n2-beta6,80,-0.02,60,3.975,0.9999039784453154,0.9998005478251143
hm-m2-g2-L5p3-n2-beta6__N0080__Aminus_0p02,hm-m2-g2-L5p3-n2-beta6__N0080__Aplus_0p02,hm-m2-g2-L5p3-n2-beta6,80,-0.02,61,4.04125,0.9983329928812366,0.9984956553815206
hm-m2-g2-L5p3-n2-beta6__N0080__Aminus_0p02,hm-m2-g2-L5p3-n2-beta6__N0080__Aplus_0p02,hm-m2-g2-L5p3-n2-beta6,80,-0.02,62,4.1075,0.9967691709988462,0.9971987812754177
hm-m2-g2-L5p3-n2-beta6__N0080__Aminus_0p02,hm-m2-g2-L5p3-n2-beta6__N0080__Aplus_0p02,hm-m2-g2-L5p3-n2-beta6,80,-0.02,63,4.17375,0.9952222490277363,0.9959179272519243
hm-m2-g2-L5p3-n2-beta6__N0080__Aminus_0p02,hm-m2-g2-L5p3-n2-beta6__N0080__Aplus_0p02,hm-m2-g2-L5p3-n2-beta6,80,-0.02,64,4.24,0.9937019014601483,0.9946609962625537
hm-m2-g2-L5p3-n2-beta6__N0080__Aminus_0p02,hm-m2-g2-L5p3-n2-beta6__N0080__Aplus_0p02,hm-m2-g2-L5p3-n2-beta6,80,-0.02,65,4.30625,0.9922176773572954,0.9934357434515853
hm-m2-g2-L5p3-n2-beta6__N0080__Aminus_0p02,hm-m2-g2-L5p3-n2-beta6__N0080__Aplus_0p02,hm-m2-g2-L5p3-n2-beta6,80,-0.02,66,4.3725000000000005,0.9907789365997475,0.9922497280877314
hm-m2-g2-L5p3-n2-beta6__N0080__Aminus_0p02,hm-m2-g2-L5p3-n2-beta6__N0080__Aplus_0p02,hm-m2-g2-L5p3-n2-beta6,80,-0.02,67,4.438750000000001,0.9893947866263778,0.9911102667499718
hm-m2-g2-L5p3-n2-beta6__N0080__Aminus_0p02,hm-m2-g2-L5p3-n2-beta6__N0080__Aplus_0p02,hm-m2-g2-L5p3-n2-beta6,80,-0.02,68,4.505,0.9880740202118912,0.9900243880657384
hm-m2-g2-L5p3-n2-beta6__N0080__Aminus_0p02,hm-m2-g2-L5p3-n2-beta6__N0080__Aplus_0p02,hm-m2-g2-L5p3-n2-beta6,80,-0.02,69,4.57125,0.9868250548297719,0.9889987892866337
hm-m2-g2-L5p3-n2-beta6__N0080__Aminus_0p02,hm-m2-g2-L5p3-n2-beta6__N0080__Aplus_0p02,hm-m2-g2-L5p3-n2-beta6,80,-0.02,70,4.6375,0.9856558741360886,0.988039794971834
hm-m2-g2-L5p3-n2-beta6__N0080__Aminus_0p02,hm-m2-g2-L5p3-n2-beta6__N0080__Aplus_0p02,hm-m2-g2-L5p3-n2-beta6,80,-0.02,71,4.70375,0.98457397209067,0.9871533180325701
hm-m2-g2-L5p3-n2-beta6__N0080__Aminus_0p02,hm-m2-g2-L5p3-n2-beta6__N0080__Aplus_0p02,hm-m2-g2-L5p3-n2-beta6,80,-0.02,72,4.7700000000000005,0.983586300206591,0.986344823372905
hm-m2-g2-L5p3-n2-beta6__N0080__Aminus_0p02,hm-m2-g2-L5p3-n2-beta6__N0080__Aplus_0p02,hm-m2-g2-L5p3-n2-beta6,80,-0.02,73,4.836250000000001,0.9826992183876576,0.985619294342761
hm-m2-g2-L5p3-n2-beta6__N0080__Aminus_0p02,hm-m2-g2-L5p3-n2-beta6__N0080__Aplus_0p02,hm-m2-g2-L5p3-n2-beta6,80,-0.02,74,4.9025,0.9819184497776676,0.9849812021990688
hm-m2-g2-L5p3-n2-beta6__N0080__Aminus_0p02,hm-m2-g2-L5p3-n2-beta6__N0080__Aplus_0p02,hm-m2-g2-L5p3-n2-beta6,80,-0.02,75,4.96875,0.9812490400056777,0.9844344787503149
hm-m2-g2-L5p3-n2-beta6__N0080__Aminus_0p02,hm-m2-g2-L5p3-n2-beta6__N0080__Aplus_0p02,hm-m2-g2-L5p3-n2-beta6,80,-0.02,76,5.035,0.9806953211692582,0.9839824923388567
hm-m2-g2-L5p3-n2-beta6__N0080__Aminus_0p02,hm-m2-g2-L5p3-n2-beta6__N0080__Aplus_0p02,hm-m2-g2-L5p3-n2-beta6,80,-0.02,77,5.10125,0.9802608808536175,0.9836280272943767
hm-m2-g2-L5p3-n2-beta6__N0080__Aminus_0p02,hm-m2-g2-L5p3-n2-beta6__N0080__Aplus_0p02,hm-m2-g2-L5p3-n2-beta6,80,-0.02,78,5.1675,0.9799485364392269,0.9833732669708808
hm-m2-g2-L5p3-n2-beta6__N0080__Aminus_0p02,hm-m2-g2-L5p3-n2-beta6__N0080__Aplus_0p02,hm-m2-g2-L5p3-n2-beta6,80,-0.02,79,5.233750000000001,0.9797603149047236,0.9832197804588227
hm-m2-g2-L5p3-n2-beta6__N0080__Aminus_0p02,hm-m2-g2-L5p3-n2-beta6__N0080__Aplus_0p02,hm-m2-g2-L5p3-n2-beta6,80,-0.02,80,5.3,0.9796974382857989,0.9831685130433002
hm-m2-g2-L5p3-n2-beta6__N0080__Aminus_0p01,hm-m2-g2-L5p3-n2-beta6__N0080__Aplus_0p01,hm-m2-g2-L5p3-n2-beta6,80,-0.01,0,0.0,0.9899240161363626,0.9916330132217415
hm-m2-g2-L5p3-n2-beta6__N0080__Aminus_0p01,hm-m2-g2-L5p3-n2-beta6__N0080__Aplus_0p01,hm-m2-g2-L5p3-n2-beta6,80,-0.01,1,0.06625,0.9899551572663646,0.9916586529299403
hm-m2-g2-L5p3-n2-beta6__N0080__Aminus_0p01,hm-m2-g2-L5p3-n2-beta6__N0080__Aplus_0p01,hm-m2-g2-L5p3-n2-beta6,80,-0.01,2,0.1325,0.99004838309363,0.9917354139782085
hm-m2-g2-L5p3-n2-beta6__N0080__Aminus_0p01,hm-m2-g2-L5p3-n2-beta6__N0080__Aplus_0p01,hm-m2-g2-L5p3-n2-beta6,80,-0.01,3,0.19875,0.9902031022733295,0.9918628231096508
hm-m2-g2-L5p3-n2-beta6__N0080__Aminus_0p01,hm-m2-g2-L5p3-n2-beta6__N0080__Aplus_0p01,hm-m2-g2-L5p3-n2-beta6,80,-0.01,4,0.265,0.9904183336980139,0.992040094797275
hm-m2-g2-L5p3-n2-beta6__N0080__Aminus_0p01,hm-m2-g2-L5p3-n2-beta6__N0080__Aplus_0p01,hm-m2-g2-L5p3-n2-beta6,80,-0.01,5,0.33125000000000004,0.990692713161106,0.992266136075483
hm-m2-g2-L5p3-n2-beta6__N0080__Aminus_0p01,hm-m2-g2-L5p3-n2-beta6__N0080__Aplus_0p01,hm-m2-g2-L5p3-n2-beta6,80,-0.01,6,0.3975,0.9910245026112993,0.9925395532637213
hm-m2-g2-L5p3-n2-beta6__N0080__Aminus_0p01,hm-m2-g2-L5p3-n2-beta6__N0080__Aplus_0p01,hm-m2-g2-L5p3-n2-beta6,80,-0.01,7,0.46375,0.9914116019241241,0.9928586605420567
hm-m2-g2-L5p3-n2-beta6__N0080__Aminus_0p01,hm-m2-g2-L5p3-n2-beta6__N0080__Aplus_0p01,hm-m2-g2-L5p3-n2-beta6,80,-0.01,8,0.53,0.9918515630969591,0.9932214903272352
hm-m2-g2-L5p3-n2-beta6__N0080__Aminus_0p01,hm-m2-g2-L5p3-n2-beta6__N0080__Aplus_0p01,hm-m2-g2-L5p3-n2-beta6,80,-0.01,9,0.5962500000000001,0.9923416067546058,0.9936258053868045
hm-m2-g2-L5p3-n2-beta6__N0080__Aminus_0p01,hm-m2-g2-L5p3-n2-beta6__N0080__Aplus_0p01,hm-m2-g2-L5p3-n2-beta6,80,-0.01,10,0.6625000000000001,0.9928786408344067,0.9940691126181883
hm-m2-g2-L5p3-n2-beta6__N0080__Aminus_0p01,hm-m2-g2-L5p3-n2-beta6__N0080__Aplus_0p01,hm-m2-g2-L5p3-n2-beta6,80,-0.01,11,0.72875,0.9934592813029676,0.9945486784092521
hm-m2-g2-L5p3-n2-beta6__N0080__Aminus_0p01,hm-m2-g2-L5p3-n2-beta6__N0080__Aplus_0p01,hm-m2-g2-L5p3-n2-beta6,80,-0.01,12,0.795,0.9940798747410371,0.9950615454869715
hm-m2-g2-L5p3-n2-beta6__N0080__Aminus_0p01,hm-m2-g2-L5p3-n2-beta6__N0080__Aplus_0p01,hm-m2-g2-L5p3-n2-beta6,80,-0.01,13,0.8612500000000001,0.9947365226192045,0.9956045511513693
hm-m2-g2-L5p3-n2-beta6__N0080__Aminus_0p01,hm-m2-g2-L5p3-n2-beta6__N0080__Aplus_0p01,hm-m2-g2-L5p3-n2-beta6,80,-0.01,14,0.9275,0.9954251070749712,0.9961743467829988
hm-m2-g2-L5p3-n2-beta6__N0080__Aminus_0p01,hm-m2-g2-L5p3-n2-beta6__N0080__Aplus_0p01,hm-m2-g2-L5p3-n2-beta6,80,-0.01,15,0.99375,0.9961413179916117,0.9967674185039918
hm-m2-g2-L5p3-n2-beta6__N0080__Aminus_0p01,hm-m2-g2-L5p3-n2-beta6__N0080__Aplus_0p01,hm-m2-g2-L5p3-n2-beta6,80,-0.01,16,1.06,0.9968806811712131,0.9973801088651424
hm-m2-g2-L5p3-n2-beta6__N0080__Aminus_0p01,hm-m2-g2-L5p3-n2-beta6__N0080__Aplus_0p01,hm-m2-g2-L5p3-n2-beta6,80,-0.01,17,1.12625,0.9976385873884811,0.9980086394247168
hm-m2-g2-L5p3-n2-beta6__N0080__Aminus_0p01,hm-m2-g2-L5p3-n2-beta6__N0080__Aplus_0p01,hm-m2-g2-L5p3-n2-beta6,80,-0.01,18,1.1925000000000001,0.9984103221084185,0.9986491340787513
hm-m2-g2-L5p3-n2-beta6__N0080__Aminus_0p01,hm-m2-g2-L5p3-n2-beta6__N0080__Aplus_0p01,hm-m2-g2-L5p3-n2-beta6,80,-0.01,19,1.25875,0.999191095649861,0.9992976429975767
hm-m2-g2-L5p3-n2-beta6__N0080__Aminus_0p01,hm-m2-g2-L5p3-n2-beta6__N0080__Aplus_0p01,hm-m2-g2-L5p3-n2-beta6,80,-0.01,20,1.3250000000000002,0.9999760735780924,0.9999501670192411
hm-m2-g2-L5p3-n2-beta6__N0080__Aminus_0p01,hm-m2-g2-L5p3-n2-beta6__N0080__Aplus_0p01,hm-m2-g2-L5p3-n2-beta6,80,-0.01,21,1.39125,1.0007604071133107,1.000602682347448
hm-m2-g2-L5p3-n2-beta6__N0080__Aminus_0p01,hm-m2-g2-L5p3-n2-beta6__N0080__Aplus_0p01,hm-m2-g2-L5p3-n2-beta6,80,-0.01,22,1.4575,1.0015392633474733,1.001251165399615
hm-m2-g2-L5p3-n2-beta6__N0080__Aminus_0p01,hm-m2-g2-L5p3-n2-beta6__N0080__Aplus_0p01,hm-m2-g2-L5p3-n2-beta6,80,-0.01,23,1.5237500000000002,1.0023078550698712,1.001891617649702
hm-m2-g2-L5p3-n2-beta6__N0080__Aminus_0p01,hm-m2-g2-L5p3-n2-beta6__N0080__Aplus_0p01,hm-m2-g2-L5p3-n2-beta6,80,-0.01,24,1.59,1.0030614700114564,1.0025200903105913
hm-m2-g2-L5p3-n2-beta6__N0080__Aminus_0p01,hm-m2-g2-L5p3-n2-beta6__N0080__Aplus_0p01,hm-m2-g2-L5p3-n2-beta6,80,-0.01,25,1.65625,1.0037954993292504,1.0031327087019943
hm-m2-g2-L5p3-n2-beta6__N0080__Aminus_0p01,hm-m2-g2-L5p3-n2-beta6__N0080__Aplus_0p01,hm-m2-g2-L5p3-n2-beta6,80,-0.01,26,1.7225000000000001,1.00450546516479,1.0037256961521122
hm-m2-g2-L5p3-n2-beta6__N0080__Aminus_0p01,hm-m2-g2-L5p3-n2-beta6__N0080__Aplus_0p01,hm-m2-g2-L5p3-n2-beta6,80,-0.01,27,1.78875,1.0051870471242361,1.0042953972845687
hm-m2-g2-L5p3-n2-beta6__N0080__Aminus_0p01,hm-m2-g2-L5p3-n2-beta6__N0080__Aplus_0p01,hm-m2-g2-L5p3-n2-beta6,80,-0.01,28,1.855,1.005836107542129,1.004838300546396
hm-m2-g2-L5p3-n2-beta6__N0080__Aminus_0p01,hm-m2-g2-L5p3-n2-beta6__N0080__Aplus_0p01,hm-m2-g2-L5p3-n2-beta6,80,-0.01,29,1.9212500000000001,1.0064487154055046,1.0053510598380642
hm-m2-g2-L5p3-n2-beta6__N0080__Aminus_0p01,hm-m2-g2-L5p3-n2-beta6__N0080__Aplus_0p01,hm-m2-g2-L5p3-n2-beta6,80,-0.01,30,1.9875,1.0070211688298378,1.0058305151126363
hm-m2-g2-L5p3-n2-beta6__N0080__Aminus_0p01,hm-m2-g2-L5p3-n2-beta6__N0080__Aplus_0p01,hm-m2-g2-L5p3-n2-beta6,80,-0.01,31,2.05375,1.007550015992738,1.0062737118180227
hm-m2-g2-L5p3-n2-beta6__N0080__Aminus_0p01,hm-m2-g2-L5p3-n2-beta6__N0080__Aplus_0p01,hm-m2-g2-L5p3-n2-beta6,80,-0.01,32,2.12,1.0080320744452085,1.0066779190639543
hm-m2-g2-L5p3-n2-beta6__N0080__Aminus_0p01,hm-m2-g2-L5p3-n2-beta6__N0080__Aplus_0p01,hm-m2-g2-L5p3-n2-beta6,80,-0.01,33,2.1862500000000002,1.008464448733306,1.007040646403595
hm-m2-g2-L5p3-n2-beta6__N0080__Aminus_0p01,hm-m2-g2-L5p3-n2-beta6__N0080__Aplus_0p01,hm-m2-g2-L5p3-n2-beta6,80,-0.01,34,2.2525,1.0088445462750297,1.007359659128616
hm-m2-g2-L5p3-n2-beta6__N0080__Aminus_0p01,hm-m2-g2-L5p3-n2-beta6__N0080__Aplus_0p01,hm-m2-g2-L5p3-n2-beta6,80,-0.01,35,2.31875,1.009170091448034,1.0076329919859628
hm-m2-g2-L5p3-n2-beta6__N0080__Aminus_0p01,hm-m2-g2-L5p3-n2-beta6__N0080__Aplus_0p01,hm-m2-g2-L5p3-n2-beta6,80,-0.01,36,2.3850000000000002,1.0094391378532304,1.0078589612344067
hm-m2-g2-L5p3-n2-beta6__N0080__Aminus_0p01,hm-m2-g2-L5p3-n2-beta6__N0080__Aplus_0p01,hm-m2-g2-L5p3-n2-beta6,80,-0.01,37,2.45125,1.0096500787274512,1.0080361749692046
hm-m2-g2-L5p3-n2-beta6__N0080__Aminus_0p01,hm-m2-g2-L5p3-n2-beta6__N0080__Aplus_0p01,hm-m2-g2-L5p3-n2-beta6,80,-0.01,38,2.5175,1.0098016554851486,1.0081635416537325
hm-m2-g2-L5p3-n2-beta6__N0080__Aminus_0p01,hm-m2-g2-L5p3-n2-beta6__N0080__Aplus_0p01,hm-m2-g2-L5p3-n2-beta6,80,-0.01,39,2.58375,1.009892964374652,1.0082402768077556
hm-m2-g2-L5p3-n2-beta6__N0080__Aminus_0p01,hm-m2-g2-L5p3-n2-beta6__N0080__Aplus_0p01,hm-m2-g2-L5p3-n2-beta6,80,-0.01,40,2.6500000000000004,1.009923461238968,1.0082659078129912
hm-m2-g2-L5p3-n2-beta6__N0080__Aminus_0p01,hm-m2-g2-L5p3-n2-beta6__N0080__Aplus_0p01,hm-m2-g2-L5p3-n2-beta6,80,-0.01,41,2.71625,1.009892964374652,1.0082402768077552
hm-m2-g2-L5p3-n2-beta6__N0080__Aminus_0p01,hm-m2-g2-L5p3-n2-beta6__N0080__Aplus_0p01,hm-m2-g2-L5p3-n2-beta6,80,-0.01,42,2.7825,1.0098016554851486,1.0081635416537316
hm-m2-g2-L5p3-n2-beta6__N0080__Aminus_0p01,hm-m2-g2-L5p3-n2-beta6__N0080__Aplus_0p01,hm-m2-g2-L5p3-n2-beta6,80,-0.01,43,2.8487500000000003,1.0096500787274514,1.0080361749692033
hm-m2-g2-L5p3-n2-beta6__N0080__Aminus_0p01,hm-m2-g2-L5p3-n2-beta6__N0080__Aplus_0p01,hm-m2-g2-L5p3-n2-beta6,80,-0.01,44,2.915,1.0094391378532304,1.0078589612344049
hm-m2-g2-L5p3-n2-beta6__N0080__Aminus_0p01,hm-m2-g2-L5p3-n2-beta6__N0080__Aplus_0p01,hm-m2-g2-L5p3-n2-beta6,80,-0.01,45,2.98125,1.009170091448034,1.0076329919859603
hm-m2-g2-L5p3-n2-beta6__N0080__Aminus_0p01,hm-m2-g2-L5p3-n2-beta6__N0080__Aplus_0p01,hm-m2-g2-L5p3-n2-beta6,80,-0.01,46,3.0475000000000003,1.0088445462750297,1.0073596591286131
hm-m2-g2-L5p3-n2-beta6__N0080__Aminus_0p01,hm-m2-g2-L5p3-n2-beta6__N0080__Aplus_0p01,hm-m2-g2-L5p3-n2-beta6,80,-0.01,47,3.11375,1.008464448733306,1.0070406464035917
hm-m2-g2-L5p3-n2-beta6__N0080__Aminus_0p01,hm-m2-g2-L5p3-n2-beta6__N0080__Aplus_0p01,hm-m2-g2-L5p3-n2-beta6,80,-0.01,48,3.18,1.0080320744452083,1.0066779190639505
hm-m2-g2-L5p3-n2-beta6__N0080__Aminus_0p01,hm-m2-g2-L5p3-n2-beta6__N0080__Aplus_0p01,hm-m2-g2-L5p3-n2-beta6,80,-0.01,49,3.2462500000000003,1.0075500159927375,1.0062737118180185
hm-m2-g2-L5p3-n2-beta6__N0080__Aminus_0p01,hm-m2-g2-L5p3-n2-beta6__N0080__Aplus_0p01,hm-m2-g2-L5p3-n2-beta6,80,-0.01,50,3.3125,1.007021168829837,1.0058305151126314
hm-m2-g2-L5p3-n2-beta6__N0080__Aminus_0p01,hm-m2-g2-L5p3-n2-beta6__N0080__Aplus_0p01,hm-m2-g2-L5p3-n2-beta6,80,-0.01,51,3.37875,1.0064487154055037,1.0053510598380586
hm-m2-g2-L5p3-n2-beta6__N0080__Aminus_0p01,hm-m2-g2-L5p3-n2-beta6__N0080__Aplus_0p01,hm-m2-g2-L5p3-n2-beta6,80,-0.01,52,3.4450000000000003,1.0058361075421276,1.00483830054639
hm-m2-g2-L5p3-n2-beta6__N0080__Aminus_0p01,hm-m2-g2-L5p3-n2-beta6__N0080__Aplus_0p01,hm-m2-g2-L5p3-n2-beta6,80,-0.01,53,3.51125,1.0051870471242346,1.0042953972845623
hm-m2-g2-L5p3-n2-beta6__N0080__Aminus_0p01,hm-m2-g2-L5p3-n2-beta6__N0080__Aplus_0p01,hm-m2-g2-L5p3-n2-beta6,80,-0.01,54,3.5775,1.004505465164788,1.0037256961521055
hm-m2-g2-L5p3-n2-beta6__N0080__Aminus_0p01,hm-m2-g2-L5p3-n2-beta6__N0080__Aplus_0p01,hm-m2-g2-L5p3-n2-beta6,80,-0.01,55,3.6437500000000003,1.003795499329248,1.0031327087019872
hm-m2-g2-L5p3-n2-beta6__N0080__Aminus_0p01,hm-m2-g2-L5p3-n2-beta6__N0080__Aplus_0p01,hm-m2-g2-L5p3-n2-beta6,80,-0.01,56,3.71,1.0030614700114535,1.0025200903105838
hm-m2-g2-L5p3-n2-beta6__N0080__Aminus_0p01,hm-m2-g2-L5p3-n2-beta6__N0080__Aplus_0p01,hm-m2-g2-L5p3-n2-beta6,80,-0.01,57,3.77625,1.0023078550698679,1.001891617649694
hm-m2-g2-L5p3-n2-beta6__N0080__Aminus_0p01,hm-m2-g2-L5p3-n2-beta6__N0080__Aplus_0p01,hm-m2-g2-L5p3-n2-beta6,80,-0.01,58,3.8425000000000002,1.0015392633474693,1.0012511653996063
hm-m2-g2-L5p3-n2-beta6__N0080__Aminus_0p01,hm-m2-g2-L5p3-n2-beta6__N0080__Aplus_0p01,hm-m2-g2-L5p3-n2-beta6,80,-0.01,59,3.9087500000000004,1.000760407113306,1.000602682347439
hm-m2-g2-L5p3-n2-beta6__N0080__Aminus_0p01,hm-m2-g2-L5p3-n2-beta6__N0080__Aplus_0p01,hm-m2-g2-L5p3-n2-beta6,80,-0.01,60,3.975,0.9999760735780872,0.9999501670192313
hm-m2-g2-L5p3-n2-beta6__N0080__Aminus_0p01,hm-m2-g2-L5p3-n2-beta6__N0080__Aplus_0p01,hm-m2-g2-L5p3-n2-beta6,80,-0.01,61,4.04125,0.9991910956498552,0.9992976429975666
hm-m2-g2-L5p3-n2-beta6__N0080__Aminus_0p01,hm-m2-g2-L5p3-n2-beta6__N0080__Aplus_0p01,hm-m2-g2-L5p3-n2-beta6,80,-0.01,62,4.1075,0.9984103221084123,0.9986491340787407
hm-m2-g2-L5p3-n2-beta6__N0080__Aminus_0p01,hm-m2-g2-L5p3-n2-beta6__N0080__Aplus_0p01,hm-m2-g2-L5p3-n2-beta6,80,-0.01,63,4.17375,0.9976385873884743,0.9980086394247059
hm-m2-g2-L5p3-n2-beta6__N0080__Aminus_0p01,hm-m2-g2-L5p3-n2-beta6__N0080__Aplus_0p01,hm-m2-g2-L5p3-n2-beta6,80,-0.01,64,4.24,0.9968806811712057,0.9973801088651313
hm-m2-g2-L5p3-n2-beta6__N0080__Aminus_0p01,hm-m2-g2-L5p3-n2-beta6__N0080__Aplus_0p01,hm-m2-g2-L5p3-n2-beta6,80,-0.01,65,4.30625,0.9961413179916037,0.9967674185039803
hm-m2-g2-L5p3-n2-beta6__N0080__Aminus_0p01,hm-m2-g2-L5p3-n2-beta6__N0080__Aplus_0p01,hm-m2-g2-L5p3-n2-beta6,80,-0.01,66,4.3725000000000005,0.9954251070749627,0.9961743467829872
hm-m2-g2-L5p3-n2-beta6__N0080__Aminus_0p01,hm-m2-g2-L5p3-n2-beta6__N0080__Aplus_0p01,hm-m2-g2-L5p3-n2-beta6,80,-0.01,67,4.438750000000001,0.9947365226191954,0.9956045511513575
hm-m2-g2-L5p3-n2-beta6__N0080__Aminus_0p01,hm-m2-g2-L5p3-n2-beta6__N0080__Aplus_0p01,hm-m2-g2-L5p3-n2-beta6,80,-0.01,68,4.505,0.9940798747410274,0.9950615454869595
hm-m2-g2-L5p3-n2-beta6__N0080__Aminus_0p01,hm-m2-g2-L5p3-n2-beta6__N0080__Aplus_0p01,hm-m2-g2-L5p3-n2-beta6,80,-0.01,69,4.57125,0.9934592813029574,0.9945486784092398
hm-m2-g2-L5p3-n2-beta6__N0080__Aminus_0p01,hm-m2-g2-L5p3-n2-beta6__N0080__Aplus_0p01,hm-m2-g2-L5p3-n2-beta6,80,-0.01,70,4.6375,0.992878640834396,0.9940691126181758
hm-m2-g2-L5p3-n2-beta6__N0080__Aminus_0p01,hm-m2-g2-L5p3-n2-beta6__N0080__Aplus_0p01,hm-m2-g2-L5p3-n2-beta6,80,-0.01,71,4.70375,0.9923416067545947,0.9936258053867916
hm-m2-g2-L5p3-n2-beta6__N0080__Aminus_0p01,hm-m2-g2-L5p3-n2-beta6__N0080__Aplus_0p01,hm-m2-g2-L5p3-n2-beta6,80,-0.01,72,4.7700000000000005,0.9918515630969477,0.9932214903272222
hm-m2-g2-L5p3-n2-beta6__N0080__Aminus_0p01,hm-m2-g2-L5p3-n2-beta6__N0080__Aplus_0p01,hm-m2-g2-L5p3-n2-beta6,80,-0.01,73,4.836250000000001,0.9914116019241123,0.9928586605420437
hm-m2-g2-L5p3-n2-beta6__N0080__Aminus_0p01,hm-m2-g2-L5p3-n2-beta6__N0080__Aplus_0p01,hm-m2-g2-L5p3-n2-beta6,80,-0.01,74,4.9025,0.991024502611287,0.9925395532637082
hm-m2-g2-L5p3-n2-beta6__N0080__Aminus_0p01,hm-m2-g2-L5p3-n2-beta6__N0080__Aplus_0p01,hm-m2-g2-L5p3-n2-beta6,80,-0.01,75,4.96875,0.9906927131610934,0.9922661360754697
hm-m2-g2-L5p3-n2-beta6__N0080__Aminus_0p01,hm-m2-g2-L5p3-n2-beta6__N0080__Aplus_0p01,hm-m2-g2-L5p3-n2-beta6,80,-0.01,76,5.035,0.990418333698001,0.9920400947972616
hm-m2-g2-L5p3-n2-beta6__N0080__Aminus_0p01,hm-m2-g2-L5p3-n2-beta6__N0080__Aplus_0p01,hm-m2-g2-L5p3-n2-beta6,80,-0.01,77,5.10125,0.9902031022733164,0.9918628231096372
hm-m2-g2-L5p3-n2-beta6__N0080__Aminus_0p01,hm-m2-g2-L5p3-n2-beta6__N0080__Aplus_0p01,hm-m2-g2-L5p3-n2-beta6,80,-0.01,78,5.1675,0.9900483830936168,0.9917354139781949
hm-m2-g2-L5p3-n2-beta6__N0080__Aminus_0p01,hm-m2-g2-L5p3-n2-beta6__N0080__Aplus_0p01,hm-m2-g2-L5p3-n2-beta6,80,-0.01,79,5.233750000000001,0.9899551572663514,0.9916586529299265
hm-m2-g2-L5p3-n2-beta6__N0080__Aminus_0p01,hm-m2-g2-L5p3-n2-beta6__N0080__Aplus_0p01,hm-m2-g2-L5p3-n2-beta6,80,-0.01,80,5.3,0.9899240161363493,0.9916330132217276
hm-m2-g2-L5p3-n2-beta6__N0080__Aminus_0p005,hm-m2-g2-L5p3-n2-beta6__N0080__Aplus_0p005,hm-m2-g2-L5p3-n2-beta6,80,-0.005,0,0.0,0.9949809652114996,0.9958289210565514
hm-m2-g2-L5p3-n2-beta6__N0080__Aminus_0p005,hm-m2-g2-L5p3-n2-beta6__N0080__Aplus_0p005,hm-m2-g2-L5p3-n2-beta6,80,-0.005,1,0.06625,0.9949964581795796,0.9958417410690394
hm-m2-g2-L5p3-n2-beta6__N0080__Aminus_0p005,hm-m2-g2-L5p3-n2-beta6__N0080__Aplus_0p005,hm-m2-g2-L5p3-n2-beta6,80,-0.005,2,0.1325,0.9950428401240906,0.9958801220566604
hm-m2-g2-L5p3-n2-beta6__N0080__Aminus_0p005,hm-m2-g2-L5p3-n2-beta6__N0080__Aplus_0p005,hm-m2-g2-L5p3-n2-beta6,80,-0.005,3,0.19875,0.995119820797647,0.9959438273571937
hm-m2-g2-L5p3-n2-beta6__N0080__Aminus_0p005,hm-m2-g2-L5p3-n2-beta6__N0080__Aplus_0p005,hm-m2-g2-L5p3-n2-beta6,80,-0.005,4,0.265,0.9952269185559635,0.996032464154981
hm-m2-g2-L5p3-n2-beta6__N0080__Aminus_0p005,hm-m2-g2-L5p3-n2-beta6__N0080__Aplus_0p005,hm-m2-g2-L5p3-n2-beta6,80,-0.005,5,0.33125000000000004,0.9953634634936509,0.9961454859025574
hm-m2-g2-L5p3-n2-beta6__N0080__Aminus_0p005,hm-m2-g2-L5p3-n2-beta6__N0080__Aplus_0p005,hm-m2-g2-L5p3-n2-beta6,80,-0.005,6,0.3975,0.9955286018020076,0.9962821956901301
hm-m2-g2-L5p3-n2-beta6__N0080__Aminus_0p005,hm-m2-g2-L5p3-n2-beta6__N0080__Aplus_0p005,hm-m2-g2-L5p3-n2-beta6,80,-0.005,7,0.46375,0.9957213013168383,0.9964417505422405
hm-m2-g2-L5p3-n2-beta6__N0080__Aminus_0p005,hm-m2-g2-L5p3-n2-beta6__N0080__Aplus_0p005,hm-m2-g2-L5p3-n2-beta6,80,-0.005,8,0.53,0.9959403582157075,0.9966231666152494
hm-m2-g2-L5p3-n2-beta6__N0080__Aminus_0p005,hm-m2-g2-L5p3-n2-beta6__N0080__Aplus_0p005,hm-m2-g2-L5p3-n2-beta6,80,-0.005,9,0.5962500000000001,0.9961844048157832,0.9968253252637335
hm-m2-g2-L5p3-n2-beta6__N0080__Aminus_0p005,hm-m2-g2-L5p3-n2-beta6__N0080__Aplus_0p005,hm-m2-g2-L5p3-n2-beta6,80,-0.005,10,0.6625000000000001,0.9964519184156221,0.9970469799385228
hm-m2-g2-L5p3-n2-beta6__N0080__Aminus_0p005,hm-m2-g2-L5p3-n2-beta6__N0080__Aplus_0p005,hm-m2-g2-L5p3-n2-beta6,80,-0.005,11,0.72875,0.9967412311169713,0.9972867638739625
hm-m2-g2-L5p3-n2-beta6__N0080__Aminus_0p005,hm-m2-g2-L5p3-n2-beta6__N0080__Aplus_0p005,hm-m2-g2-L5p3-n2-beta6,80,-0.005,12,0.795,0.9970505405559666,0.9975431985170924
hm-m2-g2-L5p3-n2-beta6__N0080__Aminus_0p005,hm-m2-g2-L5p3-n2-beta6__N0080__Aplus_0p005,hm-m2-g2-L5p3-n2-beta6,80,-0.005,13,0.8612500000000001,0.9973779214670685,0.997814702646826
hm-m2-g2-L5p3-n2-beta6__N0080__Aminus_0p005,hm-m2-g2-L5p3-n2-beta6__N0080__Aplus_0p005,hm-m2-g2-L5p3-n2-beta6,80,-0.005,14,0.9275,0.9977213379977352,0.9980996021269146
hm-m2-g2-L5p3-n2-beta6__N0080__Aminus_0p005,hm-m2-g2-L5p3-n2-beta6__N0080__Aplus_0p005,hm-m2-g2-L5p3-n2-beta6,80,-0.005,15,0.99375,0.9980786566872355,0.9983961402325204
hm-m2-g2-L5p3-n2-beta6__N0080__Aminus_0p005,hm-m2-g2-L5p3-n2-beta6__N0080__Aplus_0p005,hm-m2-g2-L5p3-n2-beta6,80,-0.005,16,1.06,0.9984476600191946,0.9987024884866448
hm-m2-g2-L5p3-n2-beta6__N0080__Aminus_0p005,hm-m2-g2-L5p3-n2-beta6__N0080__Aplus_0p005,hm-m2-g2-L5p3-n2-beta6,80,-0.005,17,1.12625,0.998826060454456,0.9990167579394519
hm-m2-g2-L5p3-n2-beta6__N0080__Aminus_0p005,hm-m2-g2-L5p3-n2-beta6__N0080__Aplus_0p005,hm-m2-g2-L5p3-n2-beta6,80,-0.005,18,1.1925000000000001,0.9992115148486573,0.9993370108207597
hm-m2-g2-L5p3-n2-beta6__N0080__Aminus_0p005,hm-m2-g2-L5p3-n2-beta6__N0080__Aplus_0p005,hm-m2-g2-L5p3-n2-beta6,80,-0.005,19,1.25875,0.9996016391575581,0.999661272493623
hm-m2-g2-L5p3-n2-beta6__N0080__Aminus_0p005,hm-m2-g2-L5p3-n2-beta6__N0080__Aplus_0p005,hm-m2-g2-L5p3-n2-beta6,80,-0.005,20,1.3250000000000002,0.9999940233326082,0.9999875436350543
hm-m2-g2-L5p3-n2-beta6__N0080__Aminus_0p005,hm-m2-g2-L5p3-n2-beta6__N0080__Aplus_0p005,hm-m2-g2-L5p3-n2-beta6,80,-0.005,21,1.39125,1.0003862463094977,1.000313812568498
hm-m2-g2-L5p3-n2-beta6__N0080__Aminus_0p005,hm-m2-g2-L5p3-n2-beta6__N0080__Aplus_0p005,hm-m2-g2-L5p3-n2-beta6,80,-0.005,22,1.4575,1.0007758909934423,1.0006380676717452
hm-m2-g2-L5p3-n2-beta6__N0080__Aminus_0p005,hm-m2-g2-L5p3-n2-beta6__N0080__Aplus_0p005,hm-m2-g2-L5p3-n2-beta6,80,-0.005,23,1.5237500000000002,1.0011605591466977,1.0009583097835104
hm-m2-g2-L5p3-n2-beta6__N0080__Aminus_0p005,hm-m2-g2-L5p3-n2-beta6__N0080__Aplus_0p005,hm-m2-g2-L5p3-n2-beta6,80,-0.005,24,1.59,1.0015378860862043,1.0012725645319327
hm-m2-g2-L5p3-n2-beta6__N0080__Aminus_0p005,hm-m2-g2-L5p3-n2-beta6__N0080__Aplus_0p005,hm-m2-g2-L5p3-n2-beta6,80,-0.005,25,1.65625,1.0019055551022913,1.001578894508777
hm-m2-g2-L5p3-n2-beta6__N0080__Aminus_0p005,hm-m2-g2-L5p3-n2-beta6__N0080__Aplus_0p005,hm-m2-g2-L5p3-n2-beta6,80,-0.005,26,1.7225000000000001,1.0022613115129304,1.0018754112141173
hm-m2-g2-L5p3-n2-beta6__N0080__Aminus_0p005,hm-m2-g2-L5p3-n2-beta6__N0080__Aplus_0p005,hm-m2-g2-L5p3-n2-beta6,80,-0.005,27,1.78875,1.002602976272081,1.0021602866977635
hm-m2-g2-L5p3-n2-beta6__N0080__Aminus_0p005,hm-m2-g2-L5p3-n2-beta6__N0080__Aplus_0p005,hm-m2-g2-L5p3-n2-beta6,80,-0.005,28,1.855,1.0029284590551033,1.0024317648256265
hm-m2-g2-L5p3-n2-beta6__N0080__Aminus_0p005,hm-m2-g2-L5p3-n2-beta6__N0080__Aplus_0p005,hm-m2-g2-L5p3-n2-beta6,80,-0.005,29,1.9212500000000001,1.003235770748988,1.0026881721016114
hm-m2-g2-L5p3-n2-beta6__N0080__Aminus_0p005,hm-m2-g2-L5p3-n2-beta6__N0080__Aplus_0p005,hm-m2-g2-L5p3-n2-beta6,80,-0.005,30,1.9875,1.0035230352801578,1.0029279279784387
hm-m2-g2-L5p3-n2-beta6__N0080__Aminus_0p005,hm-m2-g2-L5p3-n2-beta6__N0080__Aplus_0p005,hm-m2-g2-L5p3-n2-beta6,80,-0.005,31,2.05375,1.0037885007177878,1.0031495545940226
hm-m2-g2-L5p3-n2-beta6__N0080__Aminus_0p005,hm-m2-g2-L5p3-n2-beta6__N0080__Aplus_0p005,hm-m2-g2-L5p3-n2-beta6,80,-0.005,32,2.12,1.0040305495958837,1.0033516858736409
hm-m2-g2-L5p3-n2-beta6__N0080__Aminus_0p005,hm-m2-g2-L5p3-n2-beta6__N0080__Aplus_0p005,hm-m2-g2-L5p3-n2-beta6,80,-0.005,33,2.1862500000000002,1.0042477084027004,1.0035330759420986
hm-m2-g2-L5p3-n2-beta6__N0080__Aminus_0p005,hm-m2-g2-L5p3-n2-beta6__N0080__Aplus_0p005,hm-m2-g2-L5p3-n2-beta6,80,-0.005,34,2.2525,1.0044386561914116,1.0036926067943892
hm-m2-g2-L5p3-n2-beta6__N0080__Aminus_0p005,hm-m2-g2-L5p3-n2-beta6__N0080__Aplus_0p005,hm-m2-g2-L5p3-n2-beta6,80,-0.005,35,2.31875,1.00460223227123,1.0038292951779524
hm-m2-g2-L5p3-n2-beta6__N0080__Aminus_0p005,hm-m2-g2-L5p3-n2-beta6__N0080__Aplus_0p005,hm-m2-g2-L5p3-n2-beta6,80,-0.005,36,2.3850000000000002,1.004737442943368,1.0039422986445046
hm-m2-g2-L5p3-n2-beta6__N0080__Aminus_0p005,hm-m2-g2-L5p3-n2-beta6__N0080__Aplus_0p005,hm-m2-g2-L5p3-n2-beta6,80,-0.005,37,2.45125,1.0048434672513264,1.0040309207345295
hm-m2-g2-L5p3-n2-beta6__N0080__Aminus_0p005,hm-m2-g2-L5p3-n2-beta6__N0080__Aplus_0p005,hm-m2-g2-L5p3-n2-beta6,80,-0.005,38,2.5175,1.004919661719964,1.0040946152628398
hm-m2-g2-L5p3-n2-beta6__N0080__Aminus_0p005,hm-m2-g2-L5p3-n2-beta6__N0080__Aplus_0p005,hm-m2-g2-L5p3-n2-beta6,80,-0.005,39,2.58375,1.0049655640626496,1.0041329896791238
hm-m2-g2-L5p3-n2-beta6__N0080__Aminus_0p005,hm-m2-g2-L5p3-n2-beta6__N0080__Aplus_0p005,hm-m2-g2-L5p3-n2-beta6,80,-0.005,40,2.6500000000000004,1.0049808958405395,1.0041458074830312
hm-m2-g2-L5p3-n2-beta6__N0080__Aminus_0p005,hm-m2-g2-L5p3-n2-beta6__N0080__Aplus_0p005,hm-m2-g2-L5p3-n2-beta6,80,-0.005,41,2.71625,1.0049655640626498,1.0041329896791236
hm-m2-g2-L5p3-n2-beta6__N0080__Aminus_0p005,hm-m2-g2-L5p3-n2-beta6__N0080__Aplus_0p005,hm-m2-g2-L5p3-n2-beta6,80,-0.005,42,2.7825,1.0049196617199643,1.0040946152628396
hm-m2-g2-L5p3-n2-beta6__N0080__Aminus_0p005,hm-m2-g2-L5p3-n2-beta6__N0080__Aplus_0p005,hm-m2-g2-L5p3-n2-beta6,80,-0.005,43,2.8487500000000003,1.004843467251327,1.0040309207345288
hm-m2-g2-L5p3-n2-beta6__N0080__Aminus_0p005,hm-m2-g2-L5p3-n2-beta6__N0080__Aplus_0p005,hm-m2-g2-L5p3-n2-beta6,80,-0.005,44,2.915,1.0047374429433684,1.0039422986445037
hm-m2-g2-L5p3-n2-beta6__N0080__Aminus_0p005,hm-m2-g2-L5p3-n2-beta6__N0080__Aplus_0p005,hm-m2-g2-L5p3-n2-beta6,80,-0.005,45,2.98125,1.0046022322712307,1.003829295177951
hm-m2-g2-L5p3-n2-beta6__N0080__Aminus_0p005,hm-m2-g2-L5p3-n2-beta6__N0080__Aplus_0p005,hm-m2-g2-L5p3-n2-beta6,80,-0.005,46,3.0475000000000003,1.0044386561914125,1.0036926067943874
hm-m2-g2-L5p3-n2-beta6__N0080__Aminus_0p005,hm-m2-g2-L5p3-n2-beta6__N0080__Aplus_0p005,hm-m2-g2-L5p3-n2-beta6,80,-0.005,47,3.11375,1.0042477084027013,1.0035330759420964
hm-m2-g2-L5p3-n2-beta6__N0080__Aminus_0p005,hm-m2-g2-L5p3-n2-beta6__N0080__Aplus_0p005,hm-m2-g2-L5p3-n2-beta6,80,-0.005,48,3.18,1.0040305495958846,1.0033516858736384
hm-m2-g2-L5p3-n2-beta6__N0080__Aminus_0p005,hm-m2-g2-L5p3-n2-beta6__N0080__Aplus_0p005,hm-m2-g2-L5p3-n2-beta6,80,-0.005,49,3.2462500000000003,1.0037885007177887,1.00314955459402
hm-m2-g2-L5p3-n2-beta6__N0080__Aminus_0p005,hm-m2-g2-L5p3-n2-beta6__N0080__Aplus_0p005,hm-m2-g2-L5p3-n2-beta6,80,-0.005,50,3.3125,1.0035230352801587,1.0029279279784356
hm-m2-g2-L5p3-n2-beta6__N0080__Aminus_0p005,hm-m2-g2-L5p3-n2-beta6__N0080__Aplus_0p005,hm-m2-g2-L5p3-n2-beta6,80,-0.005,51,3.37875,1.0032357707489887,1.002688172101608
hm-m2-g2-L5p3-n2-beta6__N0080__Aminus_0p005,hm-m2-g2-L5p3-n2-beta6__N0080__Aplus_0p005,hm-m2-g2-L5p3-n2-beta6,80,-0.005,52,3.4450000000000003,1.002928459055104,1.0024317648256231
hm-m2-g2-L5p3-n2-beta6__N0080__Aminus_0p005,hm-m2-g2-L5p3-n2-beta6__N0080__Aplus_0p005,hm-m2-g2-L5p3-n2-beta6,80,-0.005,53,3.51125,1.0026029762720816,1.00216028669776
hm-m2-g2-L5p3-n2-beta6__N0080__Aminus_0p005,hm-m2-g2-L5p3-n2-beta6__N0080__Aplus_0p005,hm-m2-g2-L5p3-n2-beta6,80,-0.005,54,3.5775,1.0022613115129309,1.0018754112141135
hm-m2-g2-L5p3-n2-beta6__N0080__Aminus_0p005,hm-m2-g2-L5p3-n2-beta6__N0080__Aplus_0p005,hm-m2-g2-L5p3-n2-beta6,80,-0.005,55,3.6437500000000003,1.0019055551022915,1.001578894508773
hm-m2-g2-L5p3-n2-beta6__N0080__Aminus_0p005,hm-m2-g2-L5p3-n2-beta6__N0080__Aplus_0p005,hm-m2-g2-L5p3-n2-beta6,80,-0.005,56,3.71,1.0015378860862043,1.0012725645319285
hm-m2-g2-L5p3-n2-beta6__N0080__Aminus_0p005,hm-m2-g2-L5p3-n2-beta6__N0080__Aplus_0p005,hm-m2-g2-L5p3-n2-beta6,80,-0.005,57,3.77625,1.0011605591466974,1.000958309783506
hm-m2-g2-L5p3-n2-beta6__N0080__Aminus_0p005,hm-m2-g2-L5p3-n2-beta6__N0080__Aplus_0p005,hm-m2-g2-L5p3-n2-beta6,80,-0.005,58,3.8425000000000002,1.0007758909934419,1.0006380676717406
hm-m2-g2-L5p3-n2-beta6__N0080__Aminus_0p005,hm-m2-g2-L5p3-n2-beta6__N0080__Aplus_0p005,hm-m2-g2-L5p3-n2-beta6,80,-0.005,59,3.9087500000000004,1.0003862463094968,1.0003138125684934
hm-m2-g2-L5p3-n2-beta6__N0080__Aminus_0p005,hm-m2-g2-L5p3-n2-beta6__N0080__Aplus_0p005,hm-m2-g2-L5p3-n2-beta6,80,-0.005,60,3.975,0.9999940233326069,0.9999875436350493
hm-m2-g2-L5p3-n2-beta6__N0080__Aminus_0p005,hm-m2-g2-L5p3-n2-beta6__N0080__Aplus_0p005,hm-m2-g2-L5p3-n2-beta6,80,-0.005,61,4.04125,0.9996016391575564,0.9996612724936179
hm-m2-g2-L5p3-n2-beta6__N0080__Aminus_0p005,hm-m2-g2-L5p3-n2-beta6__N0080__Aplus_0p005,hm-m2-g2-L5p3-n2-beta6,80,-0.005,62,4.1075,0.9992115148486552,0.9993370108207544
hm-m2-g2-L5p3-n2-beta6__N0080__Aminus_0p005,hm-m2-g2-L5p3-n2-beta6__N0080__Aplus_0p005,hm-m2-g2-L5p3-n2-beta6,80,-0.005,63,4.17375,0.9988260604544535,0.9990167579394467
hm-m2-g2-L5p3-n2-beta6__N0080__Aminus_0p005,hm-m2-g2-L5p3-n2-beta6__N0080__Aplus_0p005,hm-m2-g2-L5p3-n2-beta6,80,-0.005,64,4.24,0.9984476600191917,0.9987024884866395
hm-m2-g2-L5p3-n2-beta6__N0080__Aminus_0p005,hm-m2-g2-L5p3-n2-beta6__N0080__Aplus_0p005,hm-m2-g2-L5p3-n2-beta6,80,-0.005,65,4.30625,0.9980786566872321,0.998396140232515
hm-m2-g2-L5p3-n2-beta6__N0080__Aminus_0p005,hm-m2-g2-L5p3-n2-beta6__N0080__Aplus_0p005,hm-m2-g2-L5p3-n2-beta6,80,-0.005,66,4.3725000000000005,0.9977213379977313,0.9980996021269092
hm-m2-g2-L5p3-n2-beta6__N0080__Aminus_0p005,hm-m2-g2-L5p3-n2-beta6__N0080__Aplus_0p005,hm-m2-g2-L5p3-n2-beta6,80,-0.005,67,4.438750000000001,0.9973779214670643,0.9978147026468207
hm-m2-g2-L5p3-n2-beta6__N0080__Aminus_0p005,hm-m2-g2-L5p3-n2-beta6__N0080__Aplus_0p005,hm-m2-g2-L5p3-n2-beta6,80,-0.005,68,4.505,0.997050540555962,0.9975431985170868
hm-m2-g2-L5p3-n2-beta6__N0080__Aminus_0p005,hm-m2-g2-L5p3-n2-beta6__N0080__Aplus_0p005,hm-m2-g2-L5p3-n2-beta6,80,-0.005,69,4.57125,0.9967412311169662,0.9972867638739566
hm-m2-g2-L5p3-n2-beta6__N0080__Aminus_0p005,hm-m2-g2-L5p3-n2-beta6__N0080__Aplus_0p005,hm-m2-g2-L5p3-n2-beta6,80,-0.005,70,4.6375,0.9964519184156166,0.997046979938517
hm-m2-g2-L5p3-n2-beta6__N0080__Aminus_0p005,hm-m2-g2-L5p3-n2-beta6__N0080__Aplus_0p005,hm-m2-g2-L5p3-n2-beta6,80,-0.005,71,4.70375,0.9961844048157772,0.9968253252637275
hm-m2-g2-L5p3-n2-beta6__N0080__Aminus_0p005,hm-m2-g2-L5p3-n2-beta6__N0080__Aplus_0p005,hm-m2-g2-L5p3-n2-beta6,80,-0.005,72,4.7700000000000005,0.9959403582157013,0.9966231666152432
hm-m2-g2-L5p3-n2-beta6__N0080__Aminus_0p005,hm-m2-g2-L5p3-n2-beta6__N0080__Aplus_0p005,hm-m2-g2-L5p3-n2-beta6,80,-0.005,73,4.836250000000001,0.9957213013168317,0.9964417505422343
hm-m2-g2-L5p3-n2-beta6__N0080__Aminus_0p005,hm-m2-g2-L5p3-n2-beta6__N0080__Aplus_0p005,hm-m2-g2-L5p3-n2-beta6,80,-0.005,74,4.9025,0.9955286018020008,0.9962821956901239
hm-m2-g2-L5p3-n2-beta6__N0080__Aminus_0p005,hm-m2-g2-L5p3-n2-beta6__N0080__Aplus_0p005,hm-m2-g2-L5p3-n2-beta6,80,-0.005,75,4.96875,0.9953634634936438,0.9961454859025511
hm-m2-g2-L5p3-n2-beta6__N0080__Aminus_0p005,hm-m2-g2-L5p3-n2-beta6__N0080__Aplus_0p005,hm-m2-g2-L5p3-n2-beta6,80,-0.005,76,5.035,0.9952269185559561,0.9960324641549747
hm-m2-g2-L5p3-n2-beta6__N0080__Aminus_0p005,hm-m2-g2-L5p3-n2-beta6__N0080__Aplus_0p005,hm-m2-g2-L5p3-n2-beta6,80,-0.005,77,5.10125,0.9951198207976394,0.9959438273571875
hm-m2-g2-L5p3-n2-beta6__N0080__Aminus_0p005,hm-m2-g2-L5p3-n2-beta6__N0080__Aplus_0p005,hm-m2-g2-L5p3-n2-beta6,80,-0.005,78,5.1675,0.9950428401240828,0.9958801220566541
hm-m2-g2-L5p3-n2-beta6__N0080__Aminus_0p005,hm-m2-g2-L5p3-n2-beta6__N0080__Aplus_0p005,hm-m2-g2-L5p3-n2-beta6,80,-0.005,79,5.233750000000001,0.9949964581795718,0.9958417410690329
hm-m2-g2-L5p3-n2-beta6__N0080__Aminus_0p005,hm-m2-g2-L5p3-n2-beta6__N0080__Aplus_0p005,hm-m2-g2-L5p3-n2-beta6,80,-0.005,80,5.3,0.9949809652114917,0.9958289210565449
hm-m2-g2-L5p3-n2-beta6__N0080__Aminus_0p0025,hm-m2-g2-L5p3-n2-beta6__N0080__Aplus_0p0025,hm-m2-g2-L5p3-n2-beta6,80,-0.0025,0,0.0,0.9974952367081601,0.9979175919567022
hm-m2-g2-L5p3-n2-beta6__N0080__Aminus_0p0025,hm-m2-g2-L5p3-n2-beta6__N0080__Aplus_0p0025,hm-m2-g2-L5p3-n2-beta6,80,-0.0025,1,0.06625,0.9975029634066716,0.9979240018416755
hm-m2-g2-L5p3-n2-beta6__N0080__Aminus_0p0025,hm-m2-g2-L5p3-n2-beta6__N0080__Aplus_0p0025,hm-m2-g2-L5p3-n2-beta6,80,-0.0025,2,0.1325,0.9975260954984534,0.9979431919736816
hm-m2-g2-L5p3-n2-beta6__N0080__Aminus_0p0025,hm-m2-g2-L5p3-n2-beta6__N0080__Aplus_0p0025,hm-m2-g2-L5p3-n2-beta6,80,-0.0025,3,0.19875,0.9975644892770411,0.9979750440277068
hm-m2-g2-L5p3-n2-beta6__N0080__Aminus_0p0025,hm-m2-g2-L5p3-n2-beta6__N0080__Aplus_0p0025,hm-m2-g2-L5p3-n2-beta6,80,-0.0025,4,0.265,0.9976179062455479,0.998019361606318
hm-m2-g2-L5p3-n2-beta6__N0080__Aminus_0p0025,hm-m2-g2-L5p3-n2-beta6__N0080__Aplus_0p0025,hm-m2-g2-L5p3-n2-beta6,80,-0.0025,5,0.33125000000000004,0.9976860146302113,0.9980758714508001
hm-m2-g2-L5p3-n2-beta6__N0080__Aminus_0p0025,hm-m2-g2-L5p3-n2-beta6__N0080__Aplus_0p0025,hm-m2-g2-L5p3-n2-beta6,80,-0.0025,6,0.3975,0.9977683914848486,0.998144225126287
hm-m2-g2-L5p3-n2-beta6__N0080__Aminus_0p0025,hm-m2-g2-L5p3-n2-beta6__N0080__Aplus_0p0025,hm-m2-g2-L5p3-n2-beta6,80,-0.0025,7,0.46375,0.9978645253718579,0.9982240011704969
hm-m2-g2-L5p3-n2-beta6__N0080__Aminus_0p0025,hm-m2-g2-L5p3-n2-beta6__N0080__Aplus_0p0025,hm-m2-g2-L5p3-n2-beta6,80,-0.0025,8,0.53,0.9979738196015034,0.9983147076928339
hm-m2-g2-L5p3-n2-beta6__N0080__Aminus_0p0025,hm-m2-g2-L5p3-n2-beta6__N0080__Aplus_0p0025,hm-m2-g2-L5p3-n2-beta6,80,-0.0025,9,0.5962500000000001,0.9980955960074739,0.9984157854078265
hm-m2-g2-L5p3-n2-beta6__N0080__Aminus_0p0025,hm-m2-g2-L5p3-n2-beta6__N0080__Aplus_0p0025,hm-m2-g2-L5p3-n2-beta6,80,-0.0025,10,0.6625000000000001,0.9982290992331414,0.9985266110842052
hm-m2-g2-L5p3-n2-beta6__N0080__Aminus_0p0025,hm-m2-g2-L5p3-n2-beta6__N0080__Aplus_0p0025,hm-m2-g2-L5p3-n2-beta6,80,-0.0025,11,0.72875,0.9983735014995863,0.9986465013883465
hm-m2-g2-L5p3-n2-beta6__N0080__Aminus_0p0025,hm-m2-g2-L5p3-n2-beta6__N0080__Aplus_0p0025,hm-m2-g2-L5p3-n2-beta6,80,-0.0025,12,0.795,0.9985279078233376,0.9987747170983835
hm-m2-g2-L5p3-n2-beta6__N0080__Aminus_0p0025,hm-m2-g2-L5p3-n2-beta6__N0080__Aplus_0p0025,hm-m2-g2-L5p3-n2-beta6,80,-0.0025,13,0.8612500000000001,0.9986913616489139,0.9989104676629819
hm-m2-g2-L5p3-n2-beta6__N0080__Aminus_0p0025,hm-m2-g2-L5p3-n2-beta6__N0080__Aplus_0p0025,hm-m2-g2-L5p3-n2-beta6,80,-0.0025,14,0.9275,0.9988628508586671,0.9990529160766629
hm-m2-g2-L5p3-n2-beta6__N0080__Aminus_0p0025,hm-m2-g2-L5p3-n2-beta6__N0080__Aplus_0p0025,hm-m2-g2-L5p3-n2-beta6,80,-0.0025,15,0.99375,0.9990413141201431,0.9992011840415854
hm-m2-g2-L5p3-n2-beta6__N0080__Aminus_0p0025,hm-m2-g2-L5p3-n2-beta6__N0080__Aplus_0p0025,hm-m2-g2-L5p3-n2-beta6,80,-0.0025,16,1.06,0.9992256475292025,0.9993543573839362
hm-m2-g2-L5p3-n2-beta6__N0080__Aminus_0p0025,hm-m2-g2-L5p3-n2-beta6__N0080__Aplus_0p0025,hm-m2-g2-L5p3-n2-beta6,80,-0.0025,17,1.12625,0.9994147115054851,0.9995114916914979
hm-m2-g2-L5p3-n2-beta6__N0080__Aminus_0p0025,hm-m2-g2-L5p3-n2-beta6__N0080__Aplus_0p0025,hm-m2-g2-L5p3-n2-beta6,80,-0.0025,18,1.1925000000000001,0.9996073378954762,0.9996716181375989
hm-m2-g2-L5p3-n2-beta6__N0080__Aminus_0p0025,hm-m2-g2-L5p3-n2-beta6__N0080__Aplus_0p0025,hm-m2-g2-L5p3-n2-beta6,80,-0.0025,19,1.25875,0.999802337237442,0.9998337494554972
hm-m2-g2-L5p3-n2-beta6__N0080__Aminus_0p0025,hm-m2-g2-L5p3-n2-beta6__N0080__Aplus_0p0025,hm-m2-g2-L5p3-n2-beta6,80,-0.0025,20,1.3250000000000002,0.9999985061418363,0.9999968860263194
hm-m2-g2-L5p3-n2-beta6__N0080__Aminus_0p0025,hm-m2-g2-L5p3-n2-beta6__N0080__Aplus_0p0025,hm-m2-g2-L5p3-n2-beta6,80,-0.0025,21,1.39125,1.0001946347404462,1.0001600220429807
hm-m2-g2-L5p3-n2-beta6__N0080__Aminus_0p0025,hm-m2-g2-L5p3-n2-beta6__N0080__Aplus_0p0025,hm-m2-g2-L5p3-n2-beta6,80,-0.0025,22,1.4575,1.00038951415754,1.0003221517120395
hm-m2-g2-L5p3-n2-beta6__N0080__Aminus_0p0025,hm-m2-g2-L5p3-n2-beta6__N0080__Aplus_0p0025,hm-m2-g2-L5p3-n2-beta6,80,-0.0025,23,1.5237500000000002,1.0005819439565722,1.0004822754552185
hm-m2-g2-L5p3-n2-beta6__N0080__Aminus_0p0025,hm-m2-g2-L5p3-n2-beta6__N0080__Aplus_0p0025,hm-m2-g2-L5p3-n2-beta6,80,-0.0025,24,1.59,1.0007707395166134,1.0006394060723245
hm-m2-g2-L5p3-n2-beta6__N0080__Aminus_0p0025,hm-m2-g2-L5p3-n2-beta6__N0080__Aplus_0p0025,hm-m2-g2-L5p3-n2-beta6,80,-0.0025,25,1.65625,1.0009547392935518,1.0007925748275495
hm-m2-g2-L5p3-n2-beta6__N0080__Aminus_0p0025,hm-m2-g2-L5p3-n2-beta6__N0080__Aplus_0p0025,hm-m2-g2-L5p3-n2-beta6,80,-0.0025,26,1.7225000000000001,1.0011328119222724,1.0009408374216178
hm-m2-g2-L5p3-n2-beta6__N0080__Aminus_0p0025,hm-m2-g2-L5p3-n2-beta6__N0080__Aplus_0p0025,hm-m2-g2-L5p3-n2-beta6,80,-0.0025,27,1.78875,1.0013038631174263,1.001083279812956
hm-m2-g2-L5p3-n2-beta6__N0080__Aminus_0p0025,hm-m2-g2-L5p3-n2-beta6__N0080__Aplus_0p0025,hm-m2-g2-L5p3-n2-beta6,80,-0.0025,28,1.855,1.001466842332036,1.0012190238520053
hm-m2-g2-L5p3-n2-beta6__N0080__Aminus_0p0025,hm-m2-g2-L5p3-n2-beta6__N0080__Aplus_0p0025,hm-m2-g2-L5p3-n2-beta6,80,-0.0025,29,1.9212500000000001,1.0016207491350335,1.0013472326939616
hm-m2-g2-L5p3-n2-beta6__N0080__Aminus_0p0025,hm-m2-g2-L5p3-n2-beta6__N0080__Aplus_0p0025,hm-m2-g2-L5p3-n2-beta6,80,-0.0025,30,1.9875,1.0017646392708486,1.0014671159566013
hm-m2-g2-L5p3-n2-beta6__N0080__Aminus_0p0025,hm-m2-g2-L5p3-n2-beta6__N0080__Aplus_0p0025,hm-m2-g2-L5p3-n2-beta6,80,-0.0025,31,2.05375,1.001897630366385,1.0015779345914408
hm-m2-g2-L5p3-n2-beta6__N0080__Aminus_0p0025,hm-m2-g2-L5p3-n2-beta6__N0080__Aplus_0p0025,hm-m2-g2-L5p3-n2-beta6,80,-0.0025,32,2.12,1.0020189072530477,1.0016790054382447
hm-m2-g2-L5p3-n2-beta6__N0080__Aminus_0p0025,hm-m2-g2-L5p3-n2-beta6__N0080__Aplus_0p0025,hm-m2-g2-L5p3-n2-beta6,80,-0.0025,33,2.1862500000000002,1.0021277268739792,1.0017697054348649
hm-m2-g2-L5p3-n2-beta6__N0080__Aminus_0p0025,hm-m2-g2-L5p3-n2-beta6__N0080__Aplus_0p0025,hm-m2-g2-L5p3-n2-beta6,80,-0.0025,34,2.2525,1.0022234227492275,1.0018494754565208
hm-m2-g2-L5p3-n2-beta6__N0080__Aminus_0p0025,hm-m2-g2-L5p3-n2-beta6__N0080__Aplus_0p0025,hm-m2-g2-L5p3-n2-beta6,80,-0.0025,35,2.31875,1.002305408974256,1.0019178237609194
hm-m2-g2-L5p3-n2-beta6__N0080__Aminus_0p0025,hm-m2-g2-L5p3-n2-beta6__N0080__Aplus_0p0025,hm-m2-g2-L5p3-n2-beta6,80,-0.0025,36,2.3850000000000002,1.002373183729945,1.001974329018042
hm-m2-g2-L5p3-n2-beta6__N0080__Aminus_0p0025,hm-m2-g2-L5p3-n2-beta6__N0080__Aplus_0p0025,hm-m2-g2-L5p3-n2-beta6,80,-0.0025,37,2.45125,1.002426332285049,1.0020186429059867
hm-m2-g2-L5p3-n2-beta6__N0080__Aminus_0p0025,hm-m2-g2-L5p3-n2-beta6__N0080__Aplus_0p0025,hm-m2-g2-L5p3-n2-beta6,80,-0.0025,38,2.5175,1.0024645294749304,1.0020504922569224
hm-m2-g2-L5p3-n2-beta6__N0080__Aminus_0p0025,hm-m2-g2-L5p3-n2-beta6__N0080__Aplus_0p0025,hm-m2-g2-L5p3-n2-beta6,80,-0.0025,39,2.58375,1.0024875416432866,1.0020696807399816
hm-m2-g2-L5p3-n2-beta6__N0080__Aminus_0p0025,hm-m2-g2-L5p3-n2-beta6__N0080__Aplus_0p0025,hm-m2-g2-L5p3-n2-beta6,80,-0.0025,40,2.6500000000000004,1.0024952280365123,1.0020760900707566
hm-m2-g2-L5p3-n2-beta6__N0080__Aminus_0p0025,hm-m2-g2-L5p3-n2-beta6__N0080__Aplus_0p0025,hm-m2-g2-L5p3-n2-beta6,80,-0.0025,41,2.71625,1.0024875416432868,1.0020696807399816
hm-m2-g2-L5p3-n2-beta6__N0080__Aminus_0p0025,hm-m2-g2-L5p3-n2-beta6__N0080__Aplus_0p0025,hm-m2-g2-L5p3-n2-beta6,80,-0.0025,42,2.7825,1.002464529474931,1.0020504922569224
hm-m2-g2-L5p3-n2-beta6__N0080__Aminus_0p0025,hm-m2-g2-L5p3-n2-beta6__N0080__Aplus_0p0025,hm-m2-g2-L5p3-n2-beta6,80,-0.0025,43,2.8487500000000003,1.00242633228505,1.0020186429059867
hm-m2-g2-L5p3-n2-beta6__N0080__Aminus_0p0025,hm-m2-g2-L5p3-n2-beta6__N0080__Aplus_0p0025,hm-m2-g2-L5p3-n2-beta6,80,-0.0025,44,2.915,1.002373183729946,1.001974329018042
hm-m2-g2-L5p3-n2-beta6__N0080__Aminus_0p0025,hm-m2-g2-L5p3-n2-beta6__N0080__Aplus_0p0025,hm-m2-g2-L5p3-n2-beta6,80,-0.0025,45,2.98125,1.0023054089742574,1.0019178237609192
hm-m2-g2-L5p3-n2-beta6__N0080__Aminus_0p0025,hm-m2-g2-L5p3-n2-beta6__N0080__Aplus_0p0025,hm-m2-g2-L5p3-n2-beta6,80,-0.0025,46,3.0475000000000003,1.0022234227492293,1.0018494754565204
hm-m2-g2-L5p3-n2-beta6__N0080__Aminus_0p0025,hm-m2-g2-L5p3-n2-beta6__N0080__Aplus_0p0025,hm-m2-g2-L5p3-n2-beta6,80,-0.0025,47,3.11375,1.002127726873981,1.0017697054348642
hm-m2-g2-L5p3-n2-beta6__N0080__Aminus_0p0025,hm-m2-g2-L5p3-n2-beta6__N0080__Aplus_0p0025,hm-m2-g2-L5p3-n2-beta6,80,-0.0025,48,3.18,1.0020189072530497,1.001679005438244
hm-m2-g2-L5p3-n2-beta6__N0080__Aminus_0p0025,hm-m2-g2-L5p3-n2-beta6__N0080__Aplus_0p0025,hm-m2-g2-L5p3-n2-beta6,80,-0.0025,49,3.2462500000000003,1.001897630366387,1.00157793459144
hm-m2-g2-L5p3-n2-beta6__N0080__Aminus_0p0025,hm-m2-g2-L5p3-n2-beta6__N0080__Aplus_0p0025,hm-m2-g2-L5p3-n2-beta6,80,-0.0025,50,3.3125,1.0017646392708508,1.0014671159566
hm-m2-g2-L5p3-n2-beta6__N0080__Aminus_0p0025,hm-m2-g2-L5p3-n2-beta6__N0080__Aplus_0p0025,hm-m2-g2-L5p3-n2-beta6,80,-0.0025,51,3.37875,1.0016207491350357,1.00134723269396
hm-m2-g2-L5p3-n2-beta6__N0080__Aminus_0p0025,hm-m2-g2-L5p3-n2-beta6__N0080__Aplus_0p0025,hm-m2-g2-L5p3-n2-beta6,80,-0.0025,52,3.4450000000000003,1.0014668423320385,1.001219023852004
hm-m2-g2-L5p3-n2-beta6__N0080__Aminus_0p0025,hm-m2-g2-L5p3-n2-beta6__N0080__Aplus_0p0025,hm-m2-g2-L5p3-n2-beta6,80,-0.0025,53,3.51125,1.0013038631174285,1.0010832798129543
hm-m2-g2-L5p3-n2-beta6__N0080__Aminus_0p0025,hm-m2-g2-L5p3-n2-beta6__N0080__Aplus_0p0025,hm-m2-g2-L5p3-n2-beta6,80,-0.0025,54,3.5775,1.0011328119222747,1.000940837421616
hm-m2-g2-L5p3-n2-beta6__N0080__Aminus_0p0025,hm-m2-g2-L5p3-n2-beta6__N0080__Aplus_0p0025,hm-m2-g2-L5p3-n2-beta6,80,-0.0025,55,3.6437500000000003,1.0009547392935538,1.0007925748275475
hm-m2-g2-L5p3-n2-beta6__N0080__Aminus_0p0025,hm-m2-g2-L5p3-n2-beta6__N0080__Aplus_0p0025,hm-m2-g2-L5p3-n2-beta6,80,-0.0025,56,3.71,1.0007707395166152,1.0006394060723223
hm-m2-g2-L5p3-n2-beta6__N0080__Aminus_0p0025,hm-m2-g2-L5p3-n2-beta6__N0080__Aplus_0p0025,hm-m2-g2-L5p3-n2-beta6,80,-0.0025,57,3.77625,1.0005819439565737,1.0004822754552163
hm-m2-g2-L5p3-n2-beta6__N0080__Aminus_0p0025,hm-m2-g2-L5p3-n2-beta6__N0080__Aplus_0p0025,hm-m2-g2-L5p3-n2-beta6,80,-0.0025,58,3.8425000000000002,1.0003895141575412,1.000322151712037
hm-m2-g2-L5p3-n2-beta6__N0080__Aminus_0p0025,hm-m2-g2-L5p3-n2-beta6__N0080__Aplus_0p0025,hm-m2-g2-L5p3-n2-beta6,80,-0.0025,59,3.9087500000000004,1.0001946347404473,1.000160022042978
hm-m2-g2-L5p3-n2-beta6__N0080__Aminus_0p0025,hm-m2-g2-L5p3-n2-beta6__N0080__Aplus_0p0025,hm-m2-g2-L5p3-n2-beta6,80,-0.0025,60,3.975,0.9999985061418368,0.9999968860263165
hm-m2-g2-L5p3-n2-beta6__N0080__Aminus_0p0025,hm-m2-g2-L5p3-n2-beta6__N0080__Aplus_0p0025,hm-m2-g2-L5p3-n2-beta6,80,-0.0025,61,4.04125,0.999802337237442,0.999833749455494
hm-m2-g2-L5p3-n2-beta6__N0080__Aminus_0p0025,hm-m2-g2-L5p3-n2-beta6__N0080__Aplus_0p0025,hm-m2-g2-L5p3-n2-beta6,80,-0.0025,62,4.1075,0.9996073378954756,0.9996716181375954
hm-m2-g2-L5p3-n2-beta6__N0080__Aminus_0p0025,hm-m2-g2-L5p3-n2-beta6__N0080__Aplus_0p0025,hm-m2-g2-L5p3-n2-beta6,80,-0.0025,63,4.17375,0.999414711505484,0.9995114916914942
hm-m2-g2-L5p3-n2-beta6__N0080__Aminus_0p0025,hm-m2-g2-L5p3-n2-beta6__N0080__Aplus_0p0025,hm-m2-g2-L5p3-n2-beta6,80,-0.0025,64,4.24,0.9992256475292008,0.9993543573839325
hm-m2-g2-L5p3-n2-beta6__N0080__Aminus_0p0025,hm-m2-g2-L5p3-n2-beta6__N0080__Aplus_0p0025,hm-m2-g2-L5p3-n2-beta6,80,-0.0025,65,4.30625,0.9990413141201407,0.9992011840415819
hm-m2-g2-L5p3-n2-beta6__N0080__Aminus_0p0025,hm-m2-g2-L5p3-n2-beta6__N0080__Aplus_0p0025,hm-m2-g2-L5p3-n2-beta6,80,-0.0025,66,4.3725000000000005,0.9988628508586642,0.9990529160766594
hm-m2-g2-L5p3-n2-beta6__N0080__Aminus_0p0025,hm-m2-g2-L5p3-n2-beta6__N0080__Aplus_0p0025,hm-m2-g2-L5p3-n2-beta6,80,-0.0025,67,4.438750000000001,0.9986913616489104,0.9989104676629782
hm-m2-g2-L5p3-n2-beta6__N0080__Aminus_0p0025,hm-m2-g2-L5p3-n2-beta6__N0080__Aplus_0p0025,hm-m2-g2-L5p3-n2-beta6,80,-0.0025,68,4.505,0.9985279078233333,0.9987747170983796
hm-m2-g2-L5p3-n2-beta6__N0080__Aminus_0p0025,hm-m2-g2-L5p3-n2-beta6__N0080__Aplus_0p0025,hm-m2-g2-L5p3-n2-beta6,80,-0.0025,69,4.57125,0.9983735014995816,0.9986465013883424
hm-m2-g2-L5p3-n2-beta6__N0080__Aminus_0p0025,hm-m2-g2-L5p3-n2-beta6__N0080__Aplus_0p0025,hm-m2-g2-L5p3-n2-beta6,80,-0.0025,70,4.6375,0.9982290992331362,0.9985266110842008
hm-m2-g2-L5p3-n2-beta6__N0080__Aminus_0p0025,hm-m2-g2-L5p3-n2-beta6__N0080__Aplus_0p0025,hm-m2-g2-L5p3-n2-beta6,80,-0.0025,71,4.70375,0.9980955960074682,0.998415785407822
hm-m2-g2-L5p3-n2-beta6__N0080__Aminus_0p0025,hm-m2-g2-L5p3-n2-beta6__N0080__Aplus_0p0025,hm-m2-g2-L5p3-n2-beta6,80,-0.0025,72,4.7700000000000005,0.9979738196014972,0.9983147076928292
hm-m2-g2-L5p3-n2-beta6__N0080__Aminus_0p0025,hm-m2-g2-L5p3-n2-beta6__N0080__Aplus_0p0025,hm-m2-g2-L5p3-n2-beta6,80,-0.0025,73,4.836250000000001,0.9978645253718513,0.9982240011704921
hm-m2-g2-L5p3-n2-beta6__N0080__Aminus_0p0025,hm-m2-g2-L5p3-n2-beta6__N0080__Aplus_0p0025,hm-m2-g2-L5p3-n2-beta6,80,-0.0025,74,4.9025,0.9977683914848416,0.9981442251262822
hm-m2-g2-L5p3-n2-beta6__N0080__Aminus_0p0025,hm-m2-g2-L5p3-n2-beta6__N0080__Aplus_0p0025,hm-m2-g2-L5p3-n2-beta6,80,-0.0025,75,4.96875,0.997686014630204,0.9980758714507953
hm-m2-g2-L5p3-n2-beta6__N0080__Aminus_0p0025,hm-m2-g2-L5p3-n2-beta6__N0080__Aplus_0p0025,hm-m2-g2-L5p3-n2-beta6,80,-0.0025,76,5.035,0.9976179062455404,0.998019361606313
hm-m2-g2-L5p3-n2-beta6__N0080__Aminus_0p0025,hm-m2-g2-L5p3-n2-beta6__N0080__Aplus_0p0025,hm-m2-g2-L5p3-n2-beta6,80,-0.0025,77,5.10125,0.9975644892770333,0.9979750440277018
hm-m2-g2-L5p3-n2-beta6__N0080__Aminus_0p0025,hm-m2-g2-L5p3-n2-beta6__N0080__Aplus_0p0025,hm-m2-g2-L5p3-n2-beta6,80,-0.0025,78,5.1675,0.9975260954984455,0.9979431919736766
hm-m2-g2-L5p3-n2-beta6__N0080__Aminus_0p0025,hm-m2-g2-L5p3-n2-beta6__N0080__Aplus_0p0025,hm-m2-g2-L5p3-n2-beta6,80,-0.0025,79,5.233750000000001,0.9975029634066634,0.9979240018416703
hm-m2-g2-L5p3-n2-beta6__N0080__Aminus_0p0025,hm-m2-g2-L5p3-n2-beta6__N0080__Aplus_0p0025,hm-m2-g2-L5p3-n2-beta6,80,-0.0025,80,5.3,0.997495236708152,0.9979175919566972
hm-m2-g2-L5p3-n2-beta6__N0080__Aplus_0p0025,hm-m2-g2-L5p3-n2-beta6__N0080__Aminus_0p0025,hm-m2-g2-L5p3-n2-beta6,80,0.0025,0,0.0,1.0024952280365158,1.0020760900707584
hm-m2-g2-L5p3-n2-beta6__N0080__Aplus_0p0025,hm-m2-g2-L5p3-n2-beta6__N0080__Aminus_0p0025,hm-m2-g2-L5p3-n2-beta6,80,0.0025,1,0.06625,1.0024875416432901,1.0020696807399834
hm-m2-g2-L5p3-n2-beta6__N0080__Aplus_0p0025,hm-m2-g2-L5p3-n2-beta6__N0080__Aminus_0p0025,hm-m2-g2-L5p3-n2-beta6,80,0.0025,2,0.1325,1.0024645294749344,1.0020504922569244
hm-m2-g2-L5p3-n2-beta6__N0080__Aplus_0p0025,hm-m2-g2-L5p3-n2-beta6__N0080__Aminus_0p0025,hm-m2-g2-L5p3-n2-beta6,80,0.0025,3,0.19875,1.002426332285053,1.0020186429059887
hm-m2-g2-L5p3-n2-beta6__N0080__Aplus_0p0025,hm-m2-g2-L5p3-n2-beta6__N0080__Aminus_0p0025,hm-m2-g2-L5p3-n2-beta6,80,0.0025,4,0.265,1.0023731837299492,1.0019743290180443
hm-m2-g2-L5p3-n2-beta6__N0080__Aplus_0p0025,hm-m2-g2-L5p3-n2-beta6__N0080__Aminus_0p0025,hm-m2-g2-L5p3-n2-beta6,80,0.0025,5,0.33125000000000004,1.0023054089742602,1.0019178237609214
hm-m2-g2-L5p3-n2-beta6__N0080__Aplus_0p0025,hm-m2-g2-L5p3-n2-beta6__N0080__Aminus_0p0025,hm-m2-g2-L5p3-n2-beta6,80,0.0025,6,0.3975,1.002223422749232,1.0018494754565228
hm-m2-g2-L5p3-n2-beta6__N0080__Aplus_0p0025,hm-m2-g2-L5p3-n2-beta6__N0080__Aminus_0p0025,hm-m2-g2-L5p3-n2-beta6,80,0.0025,7,0.46375,1.0021277268739837,1.0017697054348669
hm-m2-g2-L5p3-n2-beta6__N0080__Aplus_0p0025,hm-m2-g2-L5p3-n2-beta6__N0080__Aminus_0p0025,hm-m2-g2-L5p3-n2-beta6,80,0.0025,8,0.53,1.0020189072530523,1.0016790054382467
hm-m2-g2-L5p3-n2-beta6__N0080__Aplus_0p0025,hm-m2-g2-L5p3-n2-beta6__N0080__Aminus_0p0025,hm-m2-g2-L5p3-n2-beta6,80,0.0025,9,0.5962500000000001,1.0018976303663896,1.0015779345914424
hm-m2-g2-L5p3-n2-beta6__N0080__Aplus_0p0025,hm-m2-g2-L5p3-n2-beta6__N0080__Aminus_0p0025,hm-m2-g2-L5p3-n2-beta6,80,0.0025,10,0.6625000000000001,1.0017646392708532,1.0014671159566026
hm-m2-g2-L5p3-n2-beta6__N0080__Aplus_0p0025,hm-m2-g2-L5p3-n2-beta6__N0080__Aminus_0p0025,hm-m2-g2-L5p3-n2-beta6,80,0.0025,11,0.72875,1.0016207491350382,1.0013472326939628
hm-m2-g2-L5p3-n2-beta6__N0080__Aplus_0p0025,hm-m2-g2-L5p3-n2-beta6__N0080__Aminus_0p0025,hm-m2-g2-L5p3-n2-beta6,80,0.0025,12,0.795,1.0014668423320408,1.0012190238520067
hm-m2-g2-L5p3-n2-beta6__N0080__Aplus_0p0025,hm-m2-g2-L5p3-n2-beta6__N0080__Aminus_0p0025,hm-m2-g2-L5p3-n2-beta6,80,0.0025,13,0.8612500000000001,1.0013038631174307,1.0010832798129572
hm-m2-g2-L5p3-n2-beta6__N0080__Aplus_0p0025,hm-m2-g2-L5p3-n2-beta6__N0080__Aminus_0p0025,hm-m2-g2-L5p3-n2-beta6,80,0.0025,14,0.9275,1.0011328119222767,1.0009408374216189
hm-m2-g2-L5p3-n2-beta6__N0080__Aplus_0p0025,hm-m2-g2-L5p3-n2-beta6__N0080__Aminus_0p0025,hm-m2-g2-L5p3-n2-beta6,80,0.0025,15,0.99375,1.0009547392935558,1.0007925748275501
hm-m2-g2-L5p3-n2-beta6__N0080__Aplus_0p0025,hm-m2-g2-L5p3-n2-beta6__N0080__Aminus_0p0025,hm-m2-g2-L5p3-n2-beta6,80,0.0025,16,1.06,1.000770739516617,1.000639406072325
hm-m2-g2-L5p3-n2-beta6__N0080__Aplus_0p0025,hm-m2-g2-L5p3-n2-beta6__N0080__Aminus_0p0025,hm-m2-g2-L5p3-n2-beta6,80,0.0025,17,1.12625,1.0005819439565753,1.0004822754552187
hm-m2-g2-L5p3-n2-beta6__N0080__Aplus_0p0025,hm-m2-g2-L5p3-n2-beta6__N0080__Aminus_0p0025,hm-m2-g2-L5p3-n2-beta6,80,0.0025,18,1.1925000000000001,1.0003895141575427,1.0003221517120395
hm-m2-g2-L5p3-n2-beta6__N0080__Aplus_0p0025,hm-m2-g2-L5p3-n2-beta6__N0080__Aminus_0p0025,hm-m2-g2-L5p3-n2-beta6,80,0.0025,19,1.25875,1.0001946347404487,1.0001600220429807
hm-m2-g2-L5p3-n2-beta6__N0080__Aplus_0p0025,hm-m2-g2-L5p3-n2-beta6__N0080__Aminus_0p0025,hm-m2-g2-L5p3-n2-beta6,80,0.0025,20,1.3250000000000002,0.9999985061418382,0.9999968860263196
hm-m2-g2-L5p3-n2-beta6__N0080__Aplus_0p0025,hm-m2-g2-L5p3-n2-beta6__N0080__Aminus_0p0025,hm-m2-g2-L5p3-n2-beta6,80,0.0025,21,1.39125,0.9998023372374434,0.9998337494554973
hm-m2-g2-L5p3-n2-beta6__N0080__Aplus_0p0025,hm-m2-g2-L5p3-n2-beta6__N0080__Aminus_0p0025,hm-m2-g2-L5p3-n2-beta6,80,0.0025,22,1.4575,0.999607337895477,0.9996716181375989
hm-m2-g2-L5p3-n2-beta6__N0080__Aplus_0p0025,hm-m2-g2-L5p3-n2-beta6__N0080__Aminus_0p0025,hm-m2-g2-L5p3-n2-beta6,80,0.0025,23,1.5237500000000002,0.9994147115054853,0.9995114916914977
hm-m2-g2-L5p3-n2-beta6__N0080__Aplus_0p0025,hm-m2-g2-L5p3-n2-beta6__N0080__Aminus_0p0025,hm-m2-g2-L5p3-n2-beta6,80,0.0025,24,1.59,0.9992256475292022,0.9993543573839357
hm-m2-g2-L5p3-n2-beta6__N0080__Aplus_0p0025,hm-m2-g2-L5p3-n2-beta6__N0080__Aminus_0p0025,hm-m2-g2-L5p3-n2-beta6,80,0.0025,25,1.65625,0.9990413141201421,0.9992011840415846
hm-m2-g2-L5p3-n2-beta6__N0080__Aplus_0p0025,hm-m2-g2-L5p3-n2-beta6__N0080__Aminus_0p0025,hm-m2-g2-L5p3-n2-beta6,80,0.0025,26,1.7225000000000001,0.9988628508586656,0.9990529160766618
hm-m2-g2-L5p3-n2-beta6__N0080__Aplus_0p0025,hm-m2-g2-L5p3-n2-beta6__N0080__Aminus_0p0025,hm-m2-g2-L5p3-n2-beta6,80,0.0025,27,1.78875,0.9986913616489117,0.9989104676629806
hm-m2-g2-L5p3-n2-beta6__N0080__Aplus_0p0025,hm-m2-g2-L5p3-n2-beta6__N0080__Aminus_0p0025,hm-m2-g2-L5p3-n2-beta6,80,0.0025,28,1.855,0.9985279078233347,0.998774717098382
hm-m2-g2-L5p3-n2-beta6__N0080__Aplus_0p0025,hm-m2-g2-L5p3-n2-beta6__N0080__Aminus_0p0025,hm-m2-g2-L5p3-n2-beta6,80,0.0025,29,1.9212500000000001,0.9983735014995828,0.9986465013883447
hm-m2-g2-L5p3-n2-beta6__N0080__Aplus_0p0025,hm-m2-g2-L5p3-n2-beta6__N0080__Aminus_0p0025,hm-m2-g2-L5p3-n2-beta6,80,0.0025,30,1.9875,0.9982290992331374,0.9985266110842027
hm-m2-g2-L5p3-n2-beta6__N0080__Aplus_0p0025,hm-m2-g2-L5p3-n2-beta6__N0080__Aminus_0p0025,hm-m2-g2-L5p3-n2-beta6,80,0.0025,31,2.05375,0.9980955960074693,0.9984157854078237
hm-m2-g2-L5p3-n2-beta6__N0080__Aplus_0p0025,hm-m2-g2-L5p3-n2-beta6__N0080__Aminus_0p0025,hm-m2-g2-L5p3-n2-beta6,80,0.0025,32,2.12,0.9979738196014983,0.9983147076928306
hm-m2-g2-L5p3-n2-beta6__N0080__Aplus_0p0025,hm-m2-g2-L5p3-n2-beta6__N0080__Aminus_0p0025,hm-m2-g2-L5p3-n2-beta6,80,0.0025,33,2.1862500000000002,0.9978645253718523,0.9982240011704934
hm-m2-g2-L5p3-n2-beta6__N0080__Aplus_0p0025,hm-m2-g2-L5p3-n2-beta6__N0080__Aminus_0p0025,hm-m2-g2-L5p3-n2-beta6,80,0.0025,34,2.2525,0.9977683914848426,0.9981442251262832
hm-m2-g2-L5p3-n2-beta6__N0080__Aplus_0p0025,hm-m2-g2-L5p3-n2-beta6__N0080__Aminus_0p0025,hm-m2-g2-L5p3-n2-beta6,80,0.0025,35,2.31875,0.997686014630205,0.9980758714507962
hm-m2-g2-L5p3-n2-beta6__N0080__Aplus_0p0025,hm-m2-g2-L5p3-n2-beta6__N0080__Aminus_0p0025,hm-m2-g2-L5p3-n2-beta6,80,0.0025,36,2.3850000000000002,0.9976179062455413,0.9980193616063135
hm-m2-g2-L5p3-n2-beta6__N0080__Aplus_0p0025,hm-m2-g2-L5p3-n2-beta6__N0080__Aminus_0p0025,hm-m2-g2-L5p3-n2-beta6,80,0.0025,37,2.45125,0.9975644892770342,0.9979750440277021
hm-m2-g2-L5p3-n2-beta6__N0080__Aplus_0p0025,hm-m2-g2-L5p3-n2-beta6__N0080__Aminus_0p0025,hm-m2-g2-L5p3-n2-beta6,80,0.0025,38,2.5175,0.9975260954984464,0.9979431919736768
hm-m2-g2-L5p3-n2-beta6__N0080__Aplus_0p0025,hm-m2-g2-L5p3-n2-beta6__N0080__Aminus_0p0025,hm-m2-g2-L5p3-n2-beta6,80,0.0025,39,2.58375,0.9975029634066643,0.9979240018416706
hm-m2-g2-L5p3-n2-beta6__N0080__Aplus_0p0025,hm-m2-g2-L5p3-n2-beta6__N0080__Aminus_0p0025,hm-m2-g2-L5p3-n2-beta6,80,0.0025,40,2.6500000000000004,0.9974952367081529,0.997917591956697
hm-m2-g2-L5p3-n2-beta6__N0080__Aplus_0p0025,hm-m2-g2-L5p3-n2-beta6__N0080__Aminus_0p0025,hm-m2-g2-L5p3-n2-beta6,80,0.0025,41,2.71625,0.9975029634066644,0.9979240018416701
hm-m2-g2-L5p3-n2-beta6__N0080__Aplus_0p0025,hm-m2-g2-L5p3-n2-beta6__N0080__Aminus_0p0025,hm-m2-g2-L5p3-n2-beta6,80,0.0025,42,2.7825,0.9975260954984464,0.997943191973676
hm-m2-g2-L5p3-n2-beta6__N0080__Aplus_0p0025,hm-m2-g2-L5p3-n2-beta6__N0080__Aminus_0p0025,hm-m2-g2-L5p3-n2-beta6,80,0.0025,43,2.8487500000000003,0.9975644892770343,0.9979750440277009
hm-m2-g2-L5p3-n2-beta6__N0080__Aplus_0p0025,hm-m2-g2-L5p3-n2-beta6__N0080__Aminus_0p0025,hm-m2-g2-L5p3-n2-beta6,80,0.0025,44,2.915,0.9976179062455414,0.9980193616063119
hm-m2-g2-L5p3-n2-beta6__N0080__Aplus_0p0025,hm-m2-g2-L5p3-n2-beta6__N0080__Aminus_0p0025,hm-m2-g2-L5p3-n2-beta6,80,0.0025,45,2.98125,0.9976860146302051,0.9980758714507939
hm-m2-g2-L5p3-n2-beta6__N0080__Aplus_0p0025,hm-m2-g2-L5p3-n2-beta6__N0080__Aminus_0p0025,hm-m2-g2-L5p3-n2-beta6,80,0.0025,46,3.0475000000000003,0.9977683914848426,0.9981442251262805
hm-m2-g2-L5p3-n2-beta6__N0080__Aplus_0p0025,hm-m2-g2-L5p3-n2-beta6__N0080__Aminus_0p0025,hm-m2-g2-L5p3-n2-beta6,80,0.0025,47,3.11375,0.9978645253718524,0.9982240011704901
hm-m2-g2-L5p3-n2-beta6__N0080__Aplus_0p0025,hm-m2-g2-L5p3-n2-beta6__N0080__Aminus_0p0025,hm-m2-g2-L5p3-n2-beta6,80,0.0025,48,3.18,0.9979738196014982,0.998314707692827
hm-m2-g2-L5p3-n2-beta6__N0080__Aplus_0p0025,hm-m2-g2-L5p3-n2-beta6__N0080__Aminus_0p0025,hm-m2-g2-L5p3-n2-beta6,80,0.0025,49,3.2462500000000003,0.9980955960074692,0.9984157854078195
hm-m2-g2-L5p3-n2-beta6__N0080__Aplus_0p0025,hm-m2-g2-L5p3-n2-beta6__N0080__Aminus_0p0025,hm-m2-g2-L5p3-n2-beta6,80,0.0025,50,3.3125,0.9982290992331371,0.9985266110841978
hm-m2-g2-L5p3-n2-beta6__N0080__Aplus_0p0025,hm-m2-g2-L5p3-n2-beta6__N0080__Aminus_0p0025,hm-m2-g2-L5p3-n2-beta6,80,0.0025,51,3.37875,0.9983735014995823,0.9986465013883392
hm-m2-g2-L5p3-n2-beta6__N0080__Aplus_0p0025,hm-m2-g2-L5p3-n2-beta6__N0080__Aminus_0p0025,hm-m2-g2-L5p3-n2-beta6,80,0.0025,52,3.4450000000000003,0.998527907823334,0.9987747170983763
hm-m2-g2-L5p3-n2-beta6__N0080__Aplus_0p0025,hm-m2-g2-L5p3-n2-beta6__N0080__Aminus_0p0025,hm-m2-g2-L5p3-n2-beta6,80,0.0025,53,3.51125,0.9986913616489108,0.9989104676629746
hm-m2-g2-L5p3-n2-beta6__N0080__Aplus_0p0025,hm-m2-g2-L5p3-n2-beta6__N0080__Aminus_0p0025,hm-m2-g2-L5p3-n2-beta6,80,0.0025,54,3.5775,0.9988628508586643,0.9990529160766555
hm-m2-g2-L5p3-n2-beta6__N0080__Aplus_0p0025,hm-m2-g2-L5p3-n2-beta6__N0080__Aminus_0p0025,hm-m2-g2-L5p3-n2-beta6,80,0.0025,55,3.6437500000000003,0.9990413141201405,0.9992011840415779
hm-m2-g2-L5p3-n2-beta6__N0080__Aplus_0p0025,hm-m2-g2-L5p3-n2-beta6__N0080__Aminus_0p0025,hm-m2-g2-L5p3-n2-beta6,80,0.0025,56,3.71,0.9992256475292002,0.9993543573839284
hm-m2-g2-L5p3-n2-beta6__N0080__Aplus_0p0025,hm-m2-g2-L5p3-n2-beta6__N0080__Aminus_0p0025,hm-m2-g2-L5p3-n2-beta6,80,0.0025,57,3.77625,0.999414711505483,0.9995114916914899
hm-m2-g2-L5p3-n2-beta6__N0080__Aplus_0p0025,hm-m2-g2-L5p3-n2-beta6__N0080__Aminus_0p0025,hm-m2-g2-L5p3-n2-beta6,80,0.0025,58,3.8425000000000002,0.9996073378954742,0.9996716181375906
hm-m2-g2-L5p3-n2-beta6__N0080__Aplus_0p0025,hm-m2-g2-L5p3-n2-beta6__N0080__Aminus_0p0025,hm-m2-g2-L5p3-n2-beta6,80,0.0025,59,3.9087500000000004,0.9998023372374402,0.9998337494554885
hm-m2-g2-L5p3-n2-beta6__N0080__Aplus_0p0025,hm-m2-g2-L5p3-n2-beta6__N0080__Aminus_0p0025,hm-m2-g2-L5p3-n2-beta6,80,0.0025,60,3.975,0.9999985061418344,0.9999968860263104
hm-m2-g2-L5p3-n2-beta6__N0080__Aplus_0p0025,hm-m2-g2-L5p3-n2-beta6__N0080__Aminus_0p0025,hm-m2-g2-L5p3-n2-beta6,80,0.0025,61,4.04125,1.0001946347404442,1.0001600220429714
hm-m2-g2-L5p3-n2-beta6__N0080__Aplus_0p0025,hm-m2-g2-L5p3-n2-beta6__N0080__Aminus_0p0025,hm-m2-g2-L5p3-n2-beta6,80,0.0025,62,4.1075,1.0003895141575379,1.00032215171203
hm-m2-g2-L5p3-n2-beta6__N0080__Aplus_0p0025,hm-m2-g2-L5p3-n2-beta6__N0080__Aminus_0p0025,hm-m2-g2-L5p3-n2-beta6,80,0.0025,63,4.17375,1.0005819439565697,1.000482275455209
hm-m2-g2-L5p3-n2-beta6__N0080__Aplus_0p0025,hm-m2-g2-L5p3-n2-beta6__N0080__Aminus_0p0025,hm-m2-g2-L5p3-n2-beta6,80,0.0025,64,4.24,1.0007707395166106,1.000639406072315
hm-m2-g2-L5p3-n2-beta6__N0080__Aplus_0p0025,hm-m2-g2-L5p3-n2-beta6__N0080__Aminus_0p0025,hm-m2-g2-L5p3-n2-beta6,80,0.0025,65,4.30625,1.0009547392935487,1.00079257482754
hm-m2-g2-L5p3-n2-beta6__N0080__Aplus_0p0025,hm-m2-g2-L5p3-n2-beta6__N0080__Aminus_0p0025,hm-m2-g2-L5p3-n2-beta6,80,0.0025,66,4.3725000000000005,1.001132811922269,1.0009408374216084
hm-m2-g2-L5p3-n2-beta6__N0080__Aplus_0p0025,hm-m2-g2-L5p3-n2-beta6__N0080__Aminus_0p0025,hm-m2-g2-L5p3-n2-beta6,80,0.0025,67,4.438750000000001,1.0013038631174223,1.0010832798129465
hm-m2-g2-L5p3-n2-beta6__N0080__Aplus_0p0025,hm-m2-g2-L5p3-n2-beta6__N0080__Aminus_0p0025,hm-m2-g2-L5p3-n2-beta6,80,0.0025,68,4.505,1.0014668423320316,1.0012190238519958
hm-m2-g2-L5p3-n2-beta6__N0080__Aplus_0p0025,hm-m2-g2-L5p3-n2-beta6__N0080__Aminus_0p0025,hm-m2-g2-L5p3-n2-beta6,80,0.0025,69,4.57125,1.0016207491350284,1.0013472326939516
hm-m2-g2-L5p3-n2-beta6__N0080__Aplus_0p0025,hm-m2-g2-L5p3-n2-beta6__N0080__Aminus_0p0025,hm-m2-g2-L5p3-n2-beta6,80,0.0025,70,4.6375,1.001764639270843,1.0014671159565913
hm-m2-g2-L5p3-n2-beta6__N0080__Aplus_0p0025,hm-m2-g2-L5p3-n2-beta6__N0080__Aminus_0p0025,hm-m2-g2-L5p3-n2-beta6,80,0.0025,71,4.70375,1.0018976303663787,1.001577934591431
hm-m2-g2-L5p3-n2-beta6__N0080__Aplus_0p0025,hm-m2-g2-L5p3-n2-beta6__N0080__Aminus_0p0025,hm-m2-g2-L5p3-n2-beta6,80,0.0025,72,4.7700000000000005,1.002018907253041,1.001679005438235
hm-m2-g2-L5p3-n2-beta6__N0080__Aplus_0p0025,hm-m2-g2-L5p3-n2-beta6__N0080__Aminus_0p0025,hm-m2-g2-L5p3-n2-beta6,80,0.0025,73,4.836250000000001,1.002127726873972,1.0017697054348549
hm-m2-g2-L5p3-n2-beta6__N0080__Aplus_0p0025,hm-m2-g2-L5p3-n2-beta6__N0080__Aminus_0p0025,hm-m2-g2-L5p3-n2-beta6,80,0.0025,74,4.9025,1.0022234227492197,1.0018494754565108
hm-m2-g2-L5p3-n2-beta6__N0080__Aplus_0p0025,hm-m2-g2-L5p3-n2-beta6__N0080__Aminus_0p0025,hm-m2-g2-L5p3-n2-beta6,80,0.0025,75,4.96875,1.0023054089742478,1.0019178237609094
hm-m2-g2-L5p3-n2-beta6__N0080__Aplus_0p0025,hm-m2-g2-L5p3-n2-beta6__N0080__Aminus_0p0025,hm-m2-g2-L5p3-n2-beta6,80,0.0025,76,5.035,1.0023731837299363,1.001974329018032
hm-m2-g2-L5p3-n2-beta6__N0080__Aplus_0p0025,hm-m2-g2-L5p3-n2-beta6__N0080__Aminus_0p0025,hm-m2-g2-L5p3-n2-beta6,80,0.0025,77,5.10125,1.00242633228504,1.0020186429059765
hm-m2-g2-L5p3-n2-beta6__N0080__Aplus_0p0025,hm-m2-g2-L5p3-n2-beta6__N0080__Aminus_0p0025,hm-m2-g2-L5p3-n2-beta6,80,0.0025,78,5.1675,1.002464529474921,1.0020504922569122
hm-m2-g2-L5p3-n2-beta6__N0080__Aplus_0p0025,hm-m2-g2-L5p3-n2-beta6__N0080__Aminus_0p0025,hm-m2-g2-L5p3-n2-beta6,80,0.0025,79,5.233750000000001,1.0024875416432768,1.0020696807399712
hm-m2-g2-L5p3-n2-beta6__N0080__Aplus_0p0025,hm-m2-g2-L5p3-n2-beta6__N0080__Aminus_0p0025,hm-m2-g2-L5p3-n2-beta6,80,0.0025,80,5.3,1.0024952280365023,1.0020760900707462
hm-m2-g2-L5p3-n2-beta6__N0080__Aplus_0p005,hm-m2-g2-L5p3-n2-beta6__N0080__Aminus_0p005,hm-m2-g2-L5p3-n2-beta6,80,0.005,0,0.0,1.0049808958405446,1.004145807483035
hm-m2-g2-L5p3-n2-beta6__N0080__Aplus_0p005,hm-m2-g2-L5p3-n2-beta6__N0080__Aminus_0p005,hm-m2-g2-L5p3-n2-beta6,80,0.005,1,0.06625,1.004965564062655,1.0041329896791276
hm-m2-g2-L5p3-n2-beta6__N0080__Aplus_0p005,hm-m2-g2-L5p3-n2-beta6__N0080__Aminus_0p005,hm-m2-g2-L5p3-n2-beta6,80,0.005,2,0.1325,1.0049196617199694,1.0040946152628436
hm-m2-g2-L5p3-n2-beta6__N0080__Aplus_0p005,hm-m2-g2-L5p3-n2-beta6__N0080__Aminus_0p005,hm-m2-g2-L5p3-n2-beta6,80,0.005,3,0.19875,1.0048434672513318,1.0040309207345333
hm-m2-g2-L5p3-n2-beta6__N0080__Aplus_0p005,hm-m2-g2-L5p3-n2-beta6__N0080__Aminus_0p005,hm-m2-g2-L5p3-n2-beta6,80,0.005,4,0.265,1.004737442943373,1.0039422986445081
hm-m2-g2-L5p3-n2-beta6__N0080__Aplus_0p005,hm-m2-g2-L5p3-n2-beta6__N0080__Aminus_0p005,hm-m2-g2-L5p3-n2-beta6,80,0.005,5,0.33125000000000004,1.0046022322712351,1.0038292951779557
hm-m2-g2-L5p3-n2-beta6__N0080__Aplus_0p005,hm-m2-g2-L5p3-n2-beta6__N0080__Aminus_0p005,hm-m2-g2-L5p3-n2-beta6,80,0.005,6,0.3975,1.004438656191417,1.0036926067943923
hm-m2-g2-L5p3-n2-beta6__N0080__Aplus_0p005,hm-m2-g2-L5p3-n2-beta6__N0080__Aminus_0p005,hm-m2-g2-L5p3-n2-beta6,80,0.005,7,0.46375,1.0042477084027055,1.0035330759421017
hm-m2-g2-L5p3-n2-beta6__N0080__Aplus_0p005,hm-m2-g2-L5p3-n2-beta6__N0080__Aminus_0p005,hm-m2-g2-L5p3-n2-beta6,80,0.005,8,0.53,1.0040305495958888,1.003351685873644
hm-m2-g2-L5p3-n2-beta6__N0080__Aplus_0p005,hm-m2-g2-L5p3-n2-beta6__N0080__Aminus_0p005,hm-m2-g2-L5p3-n2-beta6,80,0.005,9,0.5962500000000001,1.0037885007177927,1.0031495545940257
hm-m2-g2-L5p3-n2-beta6__N0080__Aplus_0p005,hm-m2-g2-L5p3-n2-beta6__N0080__Aminus_0p005,hm-m2-g2-L5p3-n2-beta6,80,0.005,10,0.6625000000000001,1.0035230352801625,1.0029279279784413
hm-m2-g2-L5p3-n2-beta6__N0080__Aplus_0p005,hm-m2-g2-L5p3-n2-beta6__N0080__Aminus_0p005,hm-m2-g2-L5p3-n2-beta6,80,0.005,11,0.72875,1.0032357707489925,1.0026881721016137
hm-m2-g2-L5p3-n2-beta6__N0080__Aplus_0p005,hm-m2-g2-L5p3-n2-beta6__N0080__Aminus_0p005,hm-m2-g2-L5p3-n2-beta6,80,0.005,12,0.795,1.0029284590551075,1.0024317648256287
hm-m2-g2-L5p3-n2-beta6__N0080__Aplus_0p005,hm-m2-g2-L5p3-n2-beta6__N0080__Aminus_0p005,hm-m2-g2-L5p3-n2-beta6,80,0.005,13,0.8612500000000001,1.002602976272085,1.0021602866977655
hm-m2-g2-L5p3-n2-beta6__N0080__Aplus_0p005,hm-m2-g2-L5p3-n2-beta6__N0080__Aminus_0p005,hm-m2-g2-L5p3-n2-beta6,80,0.005,14,0.9275,1.0022613115129342,1.001875411214119
hm-m2-g2-L5p3-n2-beta6__N0080__Aplus_0p005,hm-m2-g2-L5p3-n2-beta6__N0080__Aminus_0p005,hm-m2-g2-L5p3-n2-beta6,80,0.005,15,0.99375,1.0019055551022946,1.0015788945087787
hm-m2-g2-L5p3-n2-beta6__N0080__Aplus_0p005,hm-m2-g2-L5p3-n2-beta6__N0080__Aminus_0p005,hm-m2-g2-L5p3-n2-beta6,80,0.005,16,1.06,1.0015378860862074,1.0012725645319343
hm-m2-g2-L5p3-n2-beta6__N0080__Aplus_0p005,hm-m2-g2-L5p3-n2-beta6__N0080__Aminus_0p005,hm-m2-g2-L5p3-n2-beta6,80,0.005,17,1.12625,1.0011605591467003,1.0009583097835117
hm-m2-g2-L5p3-n2-beta6__N0080__Aplus_0p005,hm-m2-g2-L5p3-n2-beta6__N0080__Aminus_0p005,hm-m2-g2-L5p3-n2-beta6,80,0.005,18,1.1925000000000001,1.0007758909934448,1.0006380676717466
hm-m2-g2-L5p3-n2-beta6__N0080__Aplus_0p005,hm-m2-g2-L5p3-n2-beta6__N0080__Aminus_0p005,hm-m2-g2-L5p3-n2-beta6,80,0.005,19,1.25875,1.0003862463094997,1.0003138125684994
hm-m2-g2-L5p3-n2-beta6__N0080__Aplus_0p005,hm-m2-g2-L5p3-n2-beta6__N0080__Aminus_0p005,hm-m2-g2-L5p3-n2-beta6,80,0.005,20,1.3250000000000002,0.9999940233326098,0.9999875436350555
hm-m2-g2-L5p3-n2-beta6__N0080__Aplus_0p005,hm-m2-g2-L5p3-n2-beta6__N0080__Aminus_0p005,hm-m2-g2-L5p3-n2-beta6,80,0.005,21,1.39125,0.9996016391575592,0.9996612724936242
hm-m2-g2-L5p3-n2-beta6__N0080__Aplus_0p005,hm-m2-g2-L5p3-n2-beta6__N0080__Aminus_0p005,hm-m2-g2-L5p3-n2-beta6,80,0.005,22,1.4575,0.9992115148486579,0.9993370108207608
hm-m2-g2-L5p3-n2-beta6__N0080__Aplus_0p005,hm-m2-g2-L5p3-n2-beta6__N0080__Aminus_0p005,hm-m2-g2-L5p3-n2-beta6,80,0.005,23,1.5237500000000002,0.9988260604544561,0.999016757939453
hm-m2-g2-L5p3-n2-beta6__N0080__Aplus_0p005,hm-m2-g2-L5p3-n2-beta6__N0080__Aminus_0p005,hm-m2-g2-L5p3-n2-beta6,80,0.005,24,1.59,0.9984476600191943,0.9987024884866456
hm-m2-g2-L5p3-n2-beta6__N0080__Aplus_0p005,hm-m2-g2-L5p3-n2-beta6__N0080__Aminus_0p005,hm-m2-g2-L5p3-n2-beta6,80,0.005,25,1.65625,0.9980786566872346,0.9983961402325209
hm-m2-g2-L5p3-n2-beta6__N0080__Aplus_0p005,hm-m2-g2-L5p3-n2-beta6__N0080__Aminus_0p005,hm-m2-g2-L5p3-n2-beta6,80,0.005,26,1.7225000000000001,0.997721337997734,0.998099602126915
hm-m2-g2-L5p3-n2-beta6__N0080__Aplus_0p005,hm-m2-g2-L5p3-n2-beta6__N0080__Aminus_0p005,hm-m2-g2-L5p3-n2-beta6,80,0.005,27,1.78875,0.9973779214670669,0.9978147026468264
hm-m2-g2-L5p3-n2-beta6__N0080__Aplus_0p005,hm-m2-g2-L5p3-n2-beta6__N0080__Aminus_0p005,hm-m2-g2-L5p3-n2-beta6,80,0.005,28,1.855,0.9970505405559646,0.9975431985170924
hm-m2-g2-L5p3-n2-beta6__N0080__Aplus_0p005,hm-m2-g2-L5p3-n2-beta6__N0080__Aminus_0p005,hm-m2-g2-L5p3-n2-beta6,80,0.005,29,1.9212500000000001,0.9967412311169689,0.9972867638739622
hm-m2-g2-L5p3-n2-beta6__N0080__Aplus_0p005,hm-m2-g2-L5p3-n2-beta6__N0080__Aminus_0p005,hm-m2-g2-L5p3-n2-beta6,80,0.005,30,1.9875,0.9964519184156193,0.9970469799385221
hm-m2-g2-L5p3-n2-beta6__N0080__Aplus_0p005,hm-m2-g2-L5p3-n2-beta6__N0080__Aminus_0p005,hm-m2-g2-L5p3-n2-beta6,80,0.005,31,2.05375,0.9961844048157801,0.9968253252637324
hm-m2-g2-L5p3-n2-beta6__N0080__Aplus_0p005,hm-m2-g2-L5p3-n2-beta6__N0080__Aminus_0p005,hm-m2-g2-L5p3-n2-beta6,80,0.005,32,2.12,0.9959403582157041,0.9966231666152479
hm-m2-g2-L5p3-n2-beta6__N0080__Aplus_0p005,hm-m2-g2-L5p3-n2-beta6__N0080__Aminus_0p005,hm-m2-g2-L5p3-n2-beta6,80,0.005,33,2.1862500000000002,0.9957213013168348,0.9964417505422387
hm-m2-g2-L5p3-n2-beta6__N0080__Aplus_0p005,hm-m2-g2-L5p3-n2-beta6__N0080__Aminus_0p005,hm-m2-g2-L5p3-n2-beta6,80,0.005,34,2.2525,0.995528601802004,0.996282195690128
hm-m2-g2-L5p3-n2-beta6__N0080__Aplus_0p005,hm-m2-g2-L5p3-n2-beta6__N0080__Aminus_0p005,hm-m2-g2-L5p3-n2-beta6,80,0.005,35,2.31875,0.995363463493647,0.9961454859025551
hm-m2-g2-L5p3-n2-beta6__N0080__Aplus_0p005,hm-m2-g2-L5p3-n2-beta6__N0080__Aminus_0p005,hm-m2-g2-L5p3-n2-beta6,80,0.005,36,2.3850000000000002,0.9952269185559594,0.9960324641549786
hm-m2-g2-L5p3-n2-beta6__N0080__Aplus_0p005,hm-m2-g2-L5p3-n2-beta6__N0080__Aminus_0p005,hm-m2-g2-L5p3-n2-beta6,80,0.005,37,2.45125,0.9951198207976428,0.9959438273571911
hm-m2-g2-L5p3-n2-beta6__N0080__Aplus_0p005,hm-m2-g2-L5p3-n2-beta6__N0080__Aminus_0p005,hm-m2-g2-L5p3-n2-beta6,80,0.005,38,2.5175,0.9950428401240864,0.9958801220566577
hm-m2-g2-L5p3-n2-beta6__N0080__Aplus_0p005,hm-m2-g2-L5p3-n2-beta6__N0080__Aminus_0p005,hm-m2-g2-L5p3-n2-beta6,80,0.005,39,2.58375,0.9949964581795754,0.9958417410690367
hm-m2-g2-L5p3-n2-beta6__N0080__Aplus_0p005,hm-m2-g2-L5p3-n2-beta6__N0080__Aminus_0p005,hm-m2-g2-L5p3-n2-beta6,80,0.005,40,2.6500000000000004,0.9949809652114953,0.9958289210565483
hm-m2-g2-L5p3-n2-beta6__N0080__Aplus_0p005,hm-m2-g2-L5p3-n2-beta6__N0080__Aminus_0p005,hm-m2-g2-L5p3-n2-beta6,80,0.005,41,2.71625,0.9949964581795754,0.9958417410690362
hm-m2-g2-L5p3-n2-beta6__N0080__Aplus_0p005,hm-m2-g2-L5p3-n2-beta6__N0080__Aminus_0p005,hm-m2-g2-L5p3-n2-beta6,80,0.005,42,2.7825,0.9950428401240864,0.9958801220566569
hm-m2-g2-L5p3-n2-beta6__N0080__Aplus_0p005,hm-m2-g2-L5p3-n2-beta6__N0080__Aminus_0p005,hm-m2-g2-L5p3-n2-beta6,80,0.005,43,2.8487500000000003,0.9951198207976429,0.99594382735719
hm-m2-g2-L5p3-n2-beta6__N0080__Aplus_0p005,hm-m2-g2-L5p3-n2-beta6__N0080__Aminus_0p005,hm-m2-g2-L5p3-n2-beta6,80,0.005,44,2.915,0.9952269185559596,0.996032464154977
hm-m2-g2-L5p3-n2-beta6__N0080__Aplus_0p005,hm-m2-g2-L5p3-n2-beta6__N0080__Aminus_0p005,hm-m2-g2-L5p3-n2-beta6,80,0.005,45,2.98125,0.9953634634936471,0.9961454859025531
hm-m2-g2-L5p3-n2-beta6__N0080__Aplus_0p005,hm-m2-g2-L5p3-n2-beta6__N0080__Aminus_0p005,hm-m2-g2-L5p3-n2-beta6,80,0.005,46,3.0475000000000003,0.995528601802004,0.9962821956901255
hm-m2-g2-L5p3-n2-beta6__N0080__Aplus_0p005,hm-m2-g2-L5p3-n2-beta6__N0080__Aminus_0p005,hm-m2-g2-L5p3-n2-beta6,80,0.005,47,3.11375,0.9957213013168349,0.9964417505422355
hm-m2-g2-L5p3-n2-beta6__N0080__Aplus_0p005,hm-m2-g2-L5p3-n2-beta6__N0080__Aminus_0p005,hm-m2-g2-L5p3-n2-beta6,80,0.005,48,3.18,0.9959403582157041,0.9966231666152443
hm-m2-g2-L5p3-n2-beta6__N0080__Aplus_0p005,hm-m2-g2-L5p3-n2-beta6__N0080__Aminus_0p005,hm-m2-g2-L5p3-n2-beta6,80,0.005,49,3.2462500000000003,0.9961844048157801,0.9968253252637282
hm-m2-g2-L5p3-n2-beta6__N0080__Aplus_0p005,hm-m2-g2-L5p3-n2-beta6__N0080__Aminus_0p005,hm-m2-g2-L5p3-n2-beta6,80,0.005,50,3.3125,0.9964519184156192,0.9970469799385174
hm-m2-g2-L5p3-n2-beta6__N0080__Aplus_0p005,hm-m2-g2-L5p3-n2-beta6__N0080__Aminus_0p005,hm-m2-g2-L5p3-n2-beta6,80,0.005,51,3.37875,0.9967412311169687,0.997286763873957
hm-m2-g2-L5p3-n2-beta6__N0080__Aplus_0p005,hm-m2-g2-L5p3-n2-beta6__N0080__Aminus_0p005,hm-m2-g2-L5p3-n2-beta6,80,0.005,52,3.4450000000000003,0.997050540555964,0.9975431985170868
hm-m2-g2-L5p3-n2-beta6__N0080__Aplus_0p005,hm-m2-g2-L5p3-n2-beta6__N0080__Aminus_0p005,hm-m2-g2-L5p3-n2-beta6,80,0.005,53,3.51125,0.9973779214670659,0.9978147026468204
hm-m2-g2-L5p3-n2-beta6__N0080__Aplus_0p005,hm-m2-g2-L5p3-n2-beta6__N0080__Aminus_0p005,hm-m2-g2-L5p3-n2-beta6,80,0.005,54,3.5775,0.9977213379977328,0.9980996021269088
hm-m2-g2-L5p3-n2-beta6__N0080__Aplus_0p005,hm-m2-g2-L5p3-n2-beta6__N0080__Aminus_0p005,hm-m2-g2-L5p3-n2-beta6,80,0.005,55,3.6437500000000003,0.9980786566872332,0.9983961402325143
hm-m2-g2-L5p3-n2-beta6__N0080__Aplus_0p005,hm-m2-g2-L5p3-n2-beta6__N0080__Aminus_0p005,hm-m2-g2-L5p3-n2-beta6,80,0.005,56,3.71,0.9984476600191924,0.9987024884866386
hm-m2-g2-L5p3-n2-beta6__N0080__Aplus_0p005,hm-m2-g2-L5p3-n2-beta6__N0080__Aminus_0p005,hm-m2-g2-L5p3-n2-beta6,80,0.005,57,3.77625,0.9988260604544539,0.9990167579394458
hm-m2-g2-L5p3-n2-beta6__N0080__Aplus_0p005,hm-m2-g2-L5p3-n2-beta6__N0080__Aminus_0p005,hm-m2-g2-L5p3-n2-beta6,80,0.005,58,3.8425000000000002,0.9992115148486551,0.9993370108207531
hm-m2-g2-L5p3-n2-beta6__N0080__Aplus_0p005,hm-m2-g2-L5p3-n2-beta6__N0080__Aminus_0p005,hm-m2-g2-L5p3-n2-beta6,80,0.005,59,3.9087500000000004,0.999601639157556,0.9996612724936162
hm-m2-g2-L5p3-n2-beta6__N0080__Aplus_0p005,hm-m2-g2-L5p3-n2-beta6__N0080__Aminus_0p005,hm-m2-g2-L5p3-n2-beta6,80,0.005,60,3.975,0.999994023332606,0.9999875436350473
hm-m2-g2-L5p3-n2-beta6__N0080__Aplus_0p005,hm-m2-g2-L5p3-n2-beta6__N0080__Aminus_0p005,hm-m2-g2-L5p3-n2-beta6,80,0.005,61,4.04125,1.0003862463094955,1.0003138125684907
hm-m2-g2-L5p3-n2-beta6__N0080__Aplus_0p005,hm-m2-g2-L5p3-n2-beta6__N0080__Aminus_0p005,hm-m2-g2-L5p3-n2-beta6,80,0.005,62,4.1075,1.00077589099344,1.0006380676717377
hm-m2-g2-L5p3-n2-beta6__N0080__Aplus_0p005,hm-m2-g2-L5p3-n2-beta6__N0080__Aminus_0p005,hm-m2-g2-L5p3-n2-beta6,80,0.005,63,4.17375,1.0011605591466952,1.0009583097835026
hm-m2-g2-L5p3-n2-beta6__N0080__Aplus_0p005,hm-m2-g2-L5p3-n2-beta6__N0080__Aminus_0p005,hm-m2-g2-L5p3-n2-beta6,80,0.005,64,4.24,1.0015378860862016,1.001272564531925
hm-m2-g2-L5p3-n2-beta6__N0080__Aplus_0p005,hm-m2-g2-L5p3-n2-beta6__N0080__Aminus_0p005,hm-m2-g2-L5p3-n2-beta6,80,0.005,65,4.30625,1.0019055551022884,1.0015788945087691
hm-m2-g2-L5p3-n2-beta6__N0080__Aplus_0p005,hm-m2-g2-L5p3-n2-beta6__N0080__Aminus_0p005,hm-m2-g2-L5p3-n2-beta6,80,0.005,66,4.3725000000000005,1.0022613115129275,1.0018754112141097
hm-m2-g2-L5p3-n2-beta6__N0080__Aplus_0p005,hm-m2-g2-L5p3-n2-beta6__N0080__Aminus_0p005,hm-m2-g2-L5p3-n2-beta6,80,0.005,67,4.438750000000001,1.0026029762720778,1.002160286697756
hm-m2-g2-L5p3-n2-beta6__N0080__Aplus_0p005,hm-m2-g2-L5p3-n2-beta6__N0080__Aminus_0p005,hm-m2-g2-L5p3-n2-beta6,80,0.005,68,4.505,1.0029284590551,1.0024317648256191
hm-m2-g2-L5p3-n2-beta6__N0080__Aplus_0p005,hm-m2-g2-L5p3-n2-beta6__N0080__Aminus_0p005,hm-m2-g2-L5p3-n2-beta6,80,0.005,69,4.57125,1.0032357707489843,1.0026881721016039
hm-m2-g2-L5p3-n2-beta6__N0080__Aplus_0p005,hm-m2-g2-L5p3-n2-beta6__N0080__Aminus_0p005,hm-m2-g2-L5p3-n2-beta6,80,0.005,70,4.6375,1.0035230352801539,1.0029279279784313
hm-m2-g2-L5p3-n2-beta6__N0080__Aplus_0p005,hm-m2-g2-L5p3-n2-beta6__N0080__Aminus_0p005,hm-m2-g2-L5p3-n2-beta6,80,0.005,71,4.70375,1.0037885007177836,1.0031495545940154
hm-m2-g2-L5p3-n2-beta6__N0080__Aplus_0p005,hm-m2-g2-L5p3-n2-beta6__N0080__Aminus_0p005,hm-m2-g2-L5p3-n2-beta6,80,0.005,72,4.7700000000000005,1.0040305495958792,1.0033516858736335
hm-m2-g2-L5p3-n2-beta6__N0080__Aplus_0p005,hm-m2-g2-L5p3-n2-beta6__N0080__Aminus_0p005,hm-m2-g2-L5p3-n2-beta6,80,0.005,73,4.836250000000001,1.0042477084026957,1.0035330759420913
hm-m2-g2-L5p3-n2-beta6__N0080__Aplus_0p005,hm-m2-g2-L5p3-n2-beta6__N0080__Aminus_0p005,hm-m2-g2-L5p3-n2-beta6,80,0.005,74,4.9025,1.0044386561914067,1.0036926067943819
hm-m2-g2-L5p3-n2-beta6__N0080__Aplus_0p005,hm-m2-g2-L5p3-n2-beta6__N0080__Aminus_0p005,hm-m2-g2-L5p3-n2-beta6,80,0.005,75,4.96875,1.0046022322712247,1.0038292951779453
hm-m2-g2-L5p3-n2-beta6__N0080__Aplus_0p005,hm-m2-g2-L5p3-n2-beta6__N0080__Aminus_0p005,hm-m2-g2-L5p3-n2-beta6,80,0.005,76,5.035,1.0047374429433626,1.0039422986444977
hm-m2-g2-L5p3-n2-beta6__N0080__Aplus_0p005,hm-m2-g2-L5p3-n2-beta6__N0080__Aminus_0p005,hm-m2-g2-L5p3-n2-beta6,80,0.005,77,5.10125,1.004843467251321,1.0040309207345226
hm-m2-g2-L5p3-n2-beta6__N0080__Aplus_0p005,hm-m2-g2-L5p3-n2-beta6__N0080__Aminus_0p005,hm-m2-g2-L5p3-n2-beta6,80,0.005,78,5.1675,1.0049196617199583,1.0040946152628332
hm-m2-g2-L5p3-n2-beta6__N0080__Aplus_0p005,hm-m2-g2-L5p3-n2-beta6__N0080__Aminus_0p005,hm-m2-g2-L5p3-n2-beta6,80,0.005,79,5.233750000000001,1.0049655640626438,1.004132989679117
hm-m2-g2-L5p3-n2-beta6__N0080__Aplus_0p005,hm-m2-g2-L5p3-n2-beta6__N0080__Aminus_0p005,hm-m2-g2-L5p3-n2-beta6,80,0.005,80,5.3,1.0049808958405337,1.0041458074830245
hm-m2-g2-L5p3-n2-beta6__N0080__Aplus_0p01,hm-m2-g2-L5p3-n2-beta6__N0080__Aminus_0p01,hm-m2-g2-L5p3-n2-beta6,80,0.01,0,0.0,1.009923461238976,1.008265907813001
hm-m2-g2-L5p3-n2-beta6__N0080__Aplus_0p01,hm-m2-g2-L5p3-n2-beta6__N0080__Aminus_0p01,hm-m2-g2-L5p3-n2-beta6,80,0.01,1,0.06625,1.00989296437466,1.0082402768077652
hm-m2-g2-L5p3-n2-beta6__N0080__Aplus_0p01,hm-m2-g2-L5p3-n2-beta6__N0080__Aminus_0p01,hm-m2-g2-L5p3-n2-beta6,80,0.01,2,0.1325,1.0098016554851565,1.0081635416537418
hm-m2-g2-L5p3-n2-beta6__N0080__Aplus_0p01,hm-m2-g2-L5p3-n2-beta6__N0080__Aminus_0p01,hm-m2-g2-L5p3-n2-beta6,80,0.01,3,0.19875,1.0096500787274592,1.008036174969214
hm-m2-g2-L5p3-n2-beta6__N0080__Aplus_0p01,hm-m2-g2-L5p3-n2-beta6__N0080__Aminus_0p01,hm-m2-g2-L5p3-n2-beta6,80,0.01,4,0.265,1.0094391378532384,1.0078589612344158
hm-m2-g2-L5p3-n2-beta6__N0080__Aplus_0p01,hm-m2-g2-L5p3-n2-beta6__N0080__Aminus_0p01,hm-m2-g2-L5p3-n2-beta6,80,0.01,5,0.33125000000000004,1.009170091448042,1.0076329919859714
hm-m2-g2-L5p3-n2-beta6__N0080__Aplus_0p01,hm-m2-g2-L5p3-n2-beta6__N0080__Aminus_0p01,hm-m2-g2-L5p3-n2-beta6,80,0.01,6,0.3975,1.0088445462750375,1.0073596591286245
hm-m2-g2-L5p3-n2-beta6__N0080__Aplus_0p01,hm-m2-g2-L5p3-n2-beta6__N0080__Aminus_0p01,hm-m2-g2-L5p3-n2-beta6,80,0.01,7,0.46375,1.0084644487333139,1.0070406464036035
hm-m2-g2-L5p3-n2-beta6__N0080__Aplus_0p01,hm-m2-g2-L5p3-n2-beta6__N0080__Aminus_0p01,hm-m2-g2-L5p3-n2-beta6,80,0.01,8,0.53,1.008032074445216,1.0066779190639625
hm-m2-g2-L5p3-n2-beta6__N0080__Aplus_0p01,hm-m2-g2-L5p3-n2-beta6__N0080__Aminus_0p01,hm-m2-g2-L5p3-n2-beta6,80,0.01,9,0.5962500000000001,1.0075500159927453,1.0062737118180305
hm-m2-g2-L5p3-n2-beta6__N0080__Aplus_0p01,hm-m2-g2-L5p3-n2-beta6__N0080__Aminus_0p01,hm-m2-g2-L5p3-n2-beta6,80,0.01,10,0.6625000000000001,1.0070211688298447,1.0058305151126434
hm-m2-g2-L5p3-n2-beta6__N0080__Aplus_0p01,hm-m2-g2-L5p3-n2-beta6__N0080__Aminus_0p01,hm-m2-g2-L5p3-n2-beta6,80,0.01,11,0.72875,1.0064487154055115,1.0053510598380706
hm-m2-g2-L5p3-n2-beta6__N0080__Aplus_0p01,hm-m2-g2-L5p3-n2-beta6__N0080__Aminus_0p01,hm-m2-g2-L5p3-n2-beta6,80,0.01,12,0.795,1.0058361075421354,1.0048383005464019
hm-m2-g2-L5p3-n2-beta6__N0080__Aplus_0p01,hm-m2-g2-L5p3-n2-beta6__N0080__Aminus_0p01,hm-m2-g2-L5p3-n2-beta6,80,0.01,13,0.8612500000000001,1.0051870471242423,1.0042953972845743
hm-m2-g2-L5p3-n2-beta6__N0080__Aplus_0p01,hm-m2-g2-L5p3-n2-beta6__N0080__Aminus_0p01,hm-m2-g2-L5p3-n2-beta6,80,0.01,14,0.9275,1.004505465164796,1.0037256961521177
hm-m2-g2-L5p3-n2-beta6__N0080__Aplus_0p01,hm-m2-g2-L5p3-n2-beta6__N0080__Aminus_0p01,hm-m2-g2-L5p3-n2-beta6,80,0.01,15,0.99375,1.003795499329256,1.0031327087019997
hm-m2-g2-L5p3-n2-beta6__N0080__Aplus_0p01,hm-m2-g2-L5p3-n2-beta6__N0080__Aminus_0p01,hm-m2-g2-L5p3-n2-beta6,80,0.01,16,1.06,1.0030614700114615,1.0025200903105962
hm-m2-g2-L5p3-n2-beta6__N0080__Aplus_0p01,hm-m2-g2-L5p3-n2-beta6__N0080__Aminus_0p01,hm-m2-g2-L5p3-n2-beta6,80,0.01,17,1.12625,1.0023078550698759,1.0018916176497061
hm-m2-g2-L5p3-n2-beta6__N0080__Aplus_0p01,hm-m2-g2-L5p3-n2-beta6__N0080__Aminus_0p01,hm-m2-g2-L5p3-n2-beta6,80,0.01,18,1.1925000000000001,1.0015392633474776,1.001251165399619
hm-m2-g2-L5p3-n2-beta6__N0080__Aplus_0p01,hm-m2-g2-L5p3-n2-beta6__N0080__Aminus_0p01,hm-m2-g2-L5p3-n2-beta6,80,0.01,19,1.25875,1.0007604071133143,1.0006026823474516
hm-m2-g2-L5p3-n2-beta6__N0080__Aplus_0p01,hm-m2-g2-L5p3-n2-beta6__N0080__Aminus_0p01,hm-m2-g2-L5p3-n2-beta6,80,0.01,20,1.3250000000000002,0.9999760735780956,0.9999501670192444
hm-m2-g2-L5p3-n2-beta6__N0080__Aplus_0p01,hm-m2-g2-L5p3-n2-beta6__N0080__Aminus_0p01,hm-m2-g2-L5p3-n2-beta6,80,0.01,21,1.39125,0.9991910956498635,0.9992976429975798
hm-m2-g2-L5p3-n2-beta6__N0080__Aplus_0p01,hm-m2-g2-L5p3-n2-beta6__N0080__Aminus_0p01,hm-m2-g2-L5p3-n2-beta6,80,0.01,22,1.4575,0.9984103221084205,0.9986491340787542
hm-m2-g2-L5p3-n2-beta6__N0080__Aplus_0p01,hm-m2-g2-L5p3-n2-beta6__N0080__Aminus_0p01,hm-m2-g2-L5p3-n2-beta6,80,0.01,23,1.5237500000000002,0.9976385873884824,0.9980086394247194
hm-m2-g2-L5p3-n2-beta6__N0080__Aplus_0p01,hm-m2-g2-L5p3-n2-beta6__N0080__Aminus_0p01,hm-m2-g2-L5p3-n2-beta6,80,0.01,24,1.59,0.9968806811712138,0.9973801088651447
hm-m2-g2-L5p3-n2-beta6__N0080__Aplus_0p01,hm-m2-g2-L5p3-n2-beta6__N0080__Aminus_0p01,hm-m2-g2-L5p3-n2-beta6,80,0.01,25,1.65625,0.9961413179916117,0.9967674185039936
hm-m2-g2-L5p3-n2-beta6__N0080__Aplus_0p01,hm-m2-g2-L5p3-n2-beta6__N0080__Aminus_0p01,hm-m2-g2-L5p3-n2-beta6,80,0.01,26,1.7225000000000001,0.9954251070749706,0.9961743467830002
hm-m2-g2-L5p3-n2-beta6__N0080__Aplus_0p01,hm-m2-g2-L5p3-n2-beta6__N0080__Aminus_0p01,hm-m2-g2-L5p3-n2-beta6,80,0.01,27,1.78875,0.9947365226192033,0.9956045511513704
hm-m2-g2-L5p3-n2-beta6__N0080__Aplus_0p01,hm-m2-g2-L5p3-n2-beta6__N0080__Aminus_0p01,hm-m2-g2-L5p3-n2-beta6,80,0.01,28,1.855,0.9940798747410353,0.995061545486972
hm-m2-g2-L5p3-n2-beta6__N0080__Aplus_0p01,hm-m2-g2-L5p3-n2-beta6__N0080__Aminus_0p01,hm-m2-g2-L5p3-n2-beta6,80,0.01,29,1.9212500000000001,0.9934592813029652,0.9945486784092523
hm-m2-g2-L5p3-n2-beta6__N0080__Aplus_0p01,hm-m2-g2-L5p3-n2-beta6__N0080__Aminus_0p01,hm-m2-g2-L5p3-n2-beta6,80,0.01,30,1.9875,0.9928786408344038,0.9940691126181878
hm-m2-g2-L5p3-n2-beta6__N0080__Aplus_0p01,hm-m2-g2-L5p3-n2-beta6__N0080__Aminus_0p01,hm-m2-g2-L5p3-n2-beta6,80,0.01,31,2.05375,0.9923416067546024,0.9936258053868032
hm-m2-g2-L5p3-n2-beta6__N0080__Aplus_0p01,hm-m2-g2-L5p3-n2-beta6__N0080__Aminus_0p01,hm-m2-g2-L5p3-n2-beta6,80,0.01,32,2.12,0.9918515630969552,0.9932214903272335
hm-m2-g2-L5p3-n2-beta6__N0080__Aplus_0p01,hm-m2-g2-L5p3-n2-beta6__N0080__Aminus_0p01,hm-m2-g2-L5p3-n2-beta6,80,0.01,33,2.1862500000000002,0.9914116019241197,0.9928586605420546
hm-m2-g2-L5p3-n2-beta6__N0080__Aplus_0p01,hm-m2-g2-L5p3-n2-beta6__N0080__Aminus_0p01,hm-m2-g2-L5p3-n2-beta6,80,0.01,34,2.2525,0.9910245026112944,0.9925395532637187
hm-m2-g2-L5p3-n2-beta6__N0080__Aplus_0p01,hm-m2-g2-L5p3-n2-beta6__N0080__Aminus_0p01,hm-m2-g2-L5p3-n2-beta6,80,0.01,35,2.31875,0.9906927131611007,0.9922661360754799
hm-m2-g2-L5p3-n2-beta6__N0080__Aplus_0p01,hm-m2-g2-L5p3-n2-beta6__N0080__Aminus_0p01,hm-m2-g2-L5p3-n2-beta6,80,0.01,36,2.3850000000000002,0.9904183336980082,0.9920400947972713
hm-m2-g2-L5p3-n2-beta6__N0080__Aplus_0p01,hm-m2-g2-L5p3-n2-beta6__N0080__Aminus_0p01,hm-m2-g2-L5p3-n2-beta6,80,0.01,37,2.45125,0.9902031022733235,0.9918628231096466
hm-m2-g2-L5p3-n2-beta6__N0080__Aplus_0p01,hm-m2-g2-L5p3-n2-beta6__N0080__Aminus_0p01,hm-m2-g2-L5p3-n2-beta6,80,0.01,38,2.5175,0.9900483830936236,0.9917354139782039
hm-m2-g2-L5p3-n2-beta6__N0080__Aplus_0p01,hm-m2-g2-L5p3-n2-beta6__N0080__Aminus_0p01,hm-m2-g2-L5p3-n2-beta6,80,0.01,39,2.58375,0.9899551572663581,0.9916586529299352
hm-m2-g2-L5p3-n2-beta6__N0080__Aplus_0p01,hm-m2-g2-L5p3-n2-beta6__N0080__Aminus_0p01,hm-m2-g2-L5p3-n2-beta6,80,0.01,40,2.6500000000000004,0.9899240161363557,0.9916330132217358
hm-m2-g2-L5p3-n2-beta6__N0080__Aplus_0p01,hm-m2-g2-L5p3-n2-beta6__N0080__Aminus_0p01,hm-m2-g2-L5p3-n2-beta6,80,0.01,41,2.71625,0.9899551572663576,0.9916586529299342
hm-m2-g2-L5p3-n2-beta6__N0080__Aplus_0p01,hm-m2-g2-L5p3-n2-beta6__N0080__Aminus_0p01,hm-m2-g2-L5p3-n2-beta6,80,0.01,42,2.7825,0.9900483830936228,0.991735413978202
hm-m2-g2-L5p3-n2-beta6__N0080__Aplus_0p01,hm-m2-g2-L5p3-n2-beta6__N0080__Aminus_0p01,hm-m2-g2-L5p3-n2-beta6,80,0.01,43,2.8487500000000003,0.9902031022733221,0.9918628231096437
hm-m2-g2-L5p3-n2-beta6__N0080__Aplus_0p01,hm-m2-g2-L5p3-n2-beta6__N0080__Aminus_0p01,hm-m2-g2-L5p3-n2-beta6,80,0.01,44,2.915,0.9904183336980064,0.9920400947972674
hm-m2-g2-L5p3-n2-beta6__N0080__Aplus_0p01,hm-m2-g2-L5p3-n2-beta6__N0080__Aminus_0p01,hm-m2-g2-L5p3-n2-beta6,80,0.01,45,2.98125,0.9906927131610984,0.9922661360754749
hm-m2-g2-L5p3-n2-beta6__N0080__Aplus_0p01,hm-m2-g2-L5p3-n2-beta6__N0080__Aminus_0p01,hm-m2-g2-L5p3-n2-beta6,80,0.01,46,3.0475000000000003,0.9910245026112916,0.9925395532637129
hm-m2-g2-L5p3-n2-beta6__N0080__Aplus_0p01,hm-m2-g2-L5p3-n2-beta6__N0080__Aminus_0p01,hm-m2-g2-L5p3-n2-beta6,80,0.01,47,3.11375,0.9914116019241165,0.9928586605420477
hm-m2-g2-L5p3-n2-beta6__N0080__Aplus_0p01,hm-m2-g2-L5p3-n2-beta6__N0080__Aminus_0p01,hm-m2-g2-L5p3-n2-beta6,80,0.01,48,3.18,0.9918515630969514,0.9932214903272257
hm-m2-g2-L5p3-n2-beta6__N0080__Aplus_0p01,hm-m2-g2-L5p3-n2-beta6__N0080__Aminus_0p01,hm-m2-g2-L5p3-n2-beta6,80,0.01,49,3.2462500000000003,0.9923416067545981,0.9936258053867946
hm-m2-g2-L5p3-n2-beta6__N0080__Aplus_0p01,hm-m2-g2-L5p3-n2-beta6__N0080__Aminus_0p01,hm-m2-g2-L5p3-n2-beta6,80,0.01,50,3.3125,0.9928786408343991,0.9940691126181781
hm-m2-g2-L5p3-n2-beta6__N0080__Aplus_0p01,hm-m2-g2-L5p3-n2-beta6__N0080__Aminus_0p01,hm-m2-g2-L5p3-n2-beta6,80,0.01,51,3.37875,0.99345928130296,0.9945486784092417
hm-m2-g2-L5p3-n2-beta6__N0080__Aplus_0p01,hm-m2-g2-L5p3-n2-beta6__N0080__Aminus_0p01,hm-m2-g2-L5p3-n2-beta6,80,0.01,52,3.4450000000000003,0.9940798747410295,0.9950615454869608
hm-m2-g2-L5p3-n2-beta6__N0080__Aplus_0p01,hm-m2-g2-L5p3-n2-beta6__N0080__Aminus_0p01,hm-m2-g2-L5p3-n2-beta6,80,0.01,53,3.51125,0.9947365226191971,0.9956045511513584
hm-m2-g2-L5p3-n2-beta6__N0080__Aplus_0p01,hm-m2-g2-L5p3-n2-beta6__N0080__Aminus_0p01,hm-m2-g2-L5p3-n2-beta6,80,0.01,54,3.5775,0.9954251070749638,0.9961743467829876
hm-m2-g2-L5p3-n2-beta6__N0080__Aplus_0p01,hm-m2-g2-L5p3-n2-beta6__N0080__Aminus_0p01,hm-m2-g2-L5p3-n2-beta6,80,0.01,55,3.6437500000000003,0.9961413179916042,0.9967674185039803
hm-m2-g2-L5p3-n2-beta6__N0080__Aplus_0p01,hm-m2-g2-L5p3-n2-beta6__N0080__Aminus_0p01,hm-m2-g2-L5p3-n2-beta6,80,0.01,56,3.71,0.9968806811712058,0.9973801088651308
hm-m2-g2-L5p3-n2-beta6__N0080__Aplus_0p01,hm-m2-g2-L5p3-n2-beta6__N0080__Aminus_0p01,hm-m2-g2-L5p3-n2-beta6,80,0.01,57,3.77625,0.9976385873884739,0.998008639424705
hm-m2-g2-L5p3-n2-beta6__N0080__Aplus_0p01,hm-m2-g2-L5p3-n2-beta6__N0080__Aminus_0p01,hm-m2-g2-L5p3-n2-beta6,80,0.01,58,3.8425000000000002,0.9984103221084114,0.9986491340787392
hm-m2-g2-L5p3-n2-beta6__N0080__Aplus_0p01,hm-m2-g2-L5p3-n2-beta6__N0080__Aminus_0p01,hm-m2-g2-L5p3-n2-beta6,80,0.01,59,3.9087500000000004,0.9991910956498539,0.9992976429975645
hm-m2-g2-L5p3-n2-beta6__N0080__Aplus_0p01,hm-m2-g2-L5p3-n2-beta6__N0080__Aminus_0p01,hm-m2-g2-L5p3-n2-beta6,80,0.01,60,3.975,0.9999760735780853,0.9999501670192287
hm-m2-g2-L5p3-n2-beta6__N0080__Aplus_0p01,hm-m2-g2-L5p3-n2-beta6__N0080__Aminus_0p01,hm-m2-g2-L5p3-n2-beta6,80,0.01,61,4.04125,1.0007604071133036,1.0006026823474354
hm-m2-g2-L5p3-n2-beta6__N0080__Aplus_0p01,hm-m2-g2-L5p3-n2-beta6__N0080__Aminus_0p01,hm-m2-g2-L5p3-n2-beta6,80,0.01,62,4.1075,1.0015392633474662,1.0012511653996021
hm-m2-g2-L5p3-n2-beta6__N0080__Aplus_0p01,hm-m2-g2-L5p3-n2-beta6__N0080__Aminus_0p01,hm-m2-g2-L5p3-n2-beta6,80,0.01,63,4.17375,1.002307855069864,1.001891617649689
hm-m2-g2-L5p3-n2-beta6__N0080__Aplus_0p01,hm-m2-g2-L5p3-n2-beta6__N0080__Aminus_0p01,hm-m2-g2-L5p3-n2-beta6,80,0.01,64,4.24,1.0030614700114493,1.0025200903105786
hm-m2-g2-L5p3-n2-beta6__N0080__Aplus_0p01,hm-m2-g2-L5p3-n2-beta6__N0080__Aminus_0p01,hm-m2-g2-L5p3-n2-beta6,80,0.01,65,4.30625,1.0037954993292433,1.0031327087019817
hm-m2-g2-L5p3-n2-beta6__N0080__Aplus_0p01,hm-m2-g2-L5p3-n2-beta6__N0080__Aminus_0p01,hm-m2-g2-L5p3-n2-beta6,80,0.01,66,4.3725000000000005,1.004505465164783,1.0037256961520995
hm-m2-g2-L5p3-n2-beta6__N0080__Aplus_0p01,hm-m2-g2-L5p3-n2-beta6__N0080__Aminus_0p01,hm-m2-g2-L5p3-n2-beta6,80,0.01,67,4.438750000000001,1.0051870471242288,1.004295397284556
hm-m2-g2-L5p3-n2-beta6__N0080__Aplus_0p01,hm-m2-g2-L5p3-n2-beta6__N0080__Aminus_0p01,hm-m2-g2-L5p3-n2-beta6,80,0.01,68,4.505,1.0058361075421216,1.0048383005463832
hm-m2-g2-L5p3-n2-beta6__N0080__Aplus_0p01,hm-m2-g2-L5p3-n2-beta6__N0080__Aminus_0p01,hm-m2-g2-L5p3-n2-beta6,80,0.01,69,4.57125,1.006448715405497,1.0053510598380515
hm-m2-g2-L5p3-n2-beta6__N0080__Aplus_0p01,hm-m2-g2-L5p3-n2-beta6__N0080__Aminus_0p01,hm-m2-g2-L5p3-n2-beta6,80,0.01,70,4.6375,1.00702116882983,1.005830515112624
hm-m2-g2-L5p3-n2-beta6__N0080__Aplus_0p01,hm-m2-g2-L5p3-n2-beta6__N0080__Aminus_0p01,hm-m2-g2-L5p3-n2-beta6,80,0.01,71,4.70375,1.0075500159927304,1.0062737118180105
hm-m2-g2-L5p3-n2-beta6__N0080__Aplus_0p01,hm-m2-g2-L5p3-n2-beta6__N0080__Aminus_0p01,hm-m2-g2-L5p3-n2-beta6,80,0.01,72,4.7700000000000005,1.0080320744452007,1.006677919063942
hm-m2-g2-L5p3-n2-beta6__N0080__Aplus_0p01,hm-m2-g2-L5p3-n2-beta6__N0080__Aminus_0p01,hm-m2-g2-L5p3-n2-beta6,80,0.01,73,4.836250000000001,1.0084644487332983,1.007040646403583
hm-m2-g2-L5p3-n2-beta6__N0080__Aplus_0p01,hm-m2-g2-L5p3-n2-beta6__N0080__Aminus_0p01,hm-m2-g2-L5p3-n2-beta6,80,0.01,74,4.9025,1.0088445462750217,1.007359659128604
hm-m2-g2-L5p3-n2-beta6__N0080__Aplus_0p01,hm-m2-g2-L5p3-n2-beta6__N0080__Aminus_0p01,hm-m2-g2-L5p3-n2-beta6,80,0.01,75,4.96875,1.009170091448026,1.007632991985951
hm-m2-g2-L5p3-n2-beta6__N0080__Aplus_0p01,hm-m2-g2-L5p3-n2-beta6__N0080__Aminus_0p01,hm-m2-g2-L5p3-n2-beta6,80,0.01,76,5.035,1.0094391378532221,1.0078589612343951
hm-m2-g2-L5p3-n2-beta6__N0080__Aplus_0p01,hm-m2-g2-L5p3-n2-beta6__N0080__Aminus_0p01,hm-m2-g2-L5p3-n2-beta6,80,0.01,77,5.10125,1.009650078727443,1.0080361749691933
hm-m2-g2-L5p3-n2-beta6__N0080__Aplus_0p01,hm-m2-g2-L5p3-n2-beta6__N0080__Aminus_0p01,hm-m2-g2-L5p3-n2-beta6,80,0.01,78,5.1675,1.0098016554851401,1.0081635416537211
hm-m2-g2-L5p3-n2-beta6__N0080__Aplus_0p01,hm-m2-g2-L5p3-n2-beta6__N0080__Aminus_0p01,hm-m2-g2-L5p3-n2-beta6,80,0.01,79,5.233750000000001,1.0098929643746435,1.0082402768077443
hm-m2-g2-L5p3-n2-beta6__N0080__Aplus_0p01,hm-m2-g2-L5p3-n2-beta6__N0080__Aminus_0p01,hm-m2-g2-L5p3-n2-beta6,80,0.01,80,5.3,1.0099234612389596,1.0082659078129803
hm-m2-g2-L5p3-n2-beta6__N0080__Aplus_0p02,hm-m2-g2-L5p3-n2-beta6__N0080__Aminus_0p02,hm-m2-g2-L5p3-n2-beta6,80,0.02,0,0.0,1.0196930013577403,1.0164272809705548
hm-m2-g2-L5p3-n2-beta6__N0080__Aplus_0p02,hm-m2-g2-L5p3-n2-beta6__N0080__Aminus_0p02,hm-m2-g2-L5p3-n2-beta6,80,0.02,1,0.06625,1.0196326938918256,1.0163760462676197
hm-m2-g2-L5p3-n2-beta6__N0080__Aplus_0p02,hm-m2-g2-L5p3-n2-beta6__N0080__Aminus_0p02,hm-m2-g2-L5p3-n2-beta6,80,0.02,2,0.1325,1.0194521166293937,1.0162226570822204
hm-m2-g2-L5p3-n2-beta6__N0080__Aplus_0p02,hm-m2-g2-L5p3-n2-beta6__N0080__Aminus_0p02,hm-m2-g2-L5p3-n2-beta6,80,0.02,3,0.19875,1.019152303593881,1.015968056286666
hm-m2-g2-L5p3-n2-beta6__N0080__Aplus_0p02,hm-m2-g2-L5p3-n2-beta6__N0080__Aminus_0p02,hm-m2-g2-L5p3-n2-beta6,80,0.02,4,0.265,1.018734973534823,1.0156138090179396
hm-m2-g2-L5p3-n2-beta6__N0080__Aplus_0p02,hm-m2-g2-L5p3-n2-beta6__N0080__Aminus_0p02,hm-m2-g2-L5p3-n2-beta6,80,0.02,5,0.33125000000000004,1.0182025229435936,1.015162093235723
hm-m2-g2-L5p3-n2-beta6__N0080__Aplus_0p02,hm-m2-g2-L5p3-n2-beta6__N0080__Aminus_0p02,hm-m2-g2-L5p3-n2-beta6,80,0.02,6,0.3975,1.0175580161786901,1.0146156865704743
hm-m2-g2-L5p3-n2-beta6__N0080__Aplus_0p02,hm-m2-g2-L5p3-n2-beta6__N0080__Aminus_0p02,hm-m2-g2-L5p3-n2-beta6,80,0.02,7,0.46375,1.016805172611142,1.0139779495288492
hm-m2-g2-L5p3-n2-beta6__N0080__Aplus_0p02,hm-m2-g2-L5p3-n2-beta6__N0080__Aminus_0p02,hm-m2-g2-L5p3-n2-beta6,80,0.02,8,0.53,1.0159483506851832,1.0132528051435656
hm-m2-g2-L5p3-n2-beta6__N0080__Aplus_0p02,hm-m2-g2-L5p3-n2-beta6__N0080__Aminus_0p02,hm-m2-g2-L5p3-n2-beta6,80,0.02,9,0.5962500000000001,1.0149925287809332,1.0124447151749367
hm-m2-g2-L5p3-n2-beta6__N0080__Aplus_0p02,hm-m2-g2-L5p3-n2-beta6__N0080__Aminus_0p02,hm-m2-g2-L5p3-n2-beta6,80,0.02,10,0.6625000000000001,1.0139432827653843,1.0115586529917422
hm-m2-g2-L5p3-n2-beta6__N0080__Aplus_0p02,hm-m2-g2-L5p3-n2-beta6__N0080__Aminus_0p02,hm-m2-g2-L5p3-n2-beta6,80,0.02,11,0.72875,1.012806760126148,1.010600073279744
hm-m2-g2-L5p3-n2-beta6__N0080__Aplus_0p02,hm-m2-g2-L5p3-n2-beta6__N0080__Aminus_0p02,hm-m2-g2-L5p3-n2-beta6,80,0.02,12,0.795,1.0115896505994093,1.0095748787468746
hm-m2-g2-L5p3-n2-beta6__N0080__Aplus_0p02,hm-m2-g2-L5p3-n2-beta6__N0080__Aminus_0p02,hm-m2-g2-L5p3-n2-beta6,80,0.02,13,0.8612500000000001,1.0102991532292838,1.0084893840147076
hm-m2-g2-L5p3-n2-beta6__N0080__Aplus_0p02,hm-m2-g2-L5p3-n2-beta6__N0080__Aminus_0p02,hm-m2-g2-L5p3-n2-beta6,80,0.02,14,0.9275,1.008942939829776,1.0073502769060438
hm-m2-g2-L5p3-n2-beta6__N0080__Aplus_0p02,hm-m2-g2-L5p3-n2-beta6__N0080__Aminus_0p02,hm-m2-g2-L5p3-n2-beta6,80,0.02,15,0.99375,1.0075291148619925,1.006164577357999
hm-m2-g2-L5p3-n2-beta6__N0080__Aplus_0p02,hm-m2-g2-L5p3-n2-beta6__N0080__Aminus_0p02,hm-m2-g2-L5p3-n2-beta6,80,0.02,16,1.06,1.0060661717870076,1.0049395942085764
hm-m2-g2-L5p3-n2-beta6__N0080__Aplus_0p02,hm-m2-g2-L5p3-n2-beta6__N0080__Aminus_0p02,hm-m2-g2-L5p3-n2-beta6,80,0.02,17,1.12625,1.004562946007423,1.0036828801219884
hm-m2-g2-L5p3-n2-beta6__N0080__Aplus_0p02,hm-m2-g2-L5p3-n2-beta6__N0080__Aminus_0p02,hm-m2-g2-L5p3-n2-beta6,80,0.02,18,1.1925000000000001,1.0030285645665784,1.0024021849336429
hm-m2-g2-L5p3-n2-beta6__N0080__Aplus_0p02,hm-m2-g2-L5p3-n2-beta6__N0080__Aminus_0p02,hm-m2-g2-L5p3-n2-beta6,80,0.02,19,1.25875,1.0014723928318117,1.001105407709398
hm-m2-g2-L5p3-n2-beta6__N0080__Aplus_0p02,hm-m2-g2-L5p3-n2-beta6__N0080__Aminus_0p02,hm-m2-g2-L5p3-n2-beta6,80,0.02,20,1.3250000000000002,0.9999039784453205,0.999800547825124
hm-m2-g2-L5p3-n2-beta6__N0080__Aplus_0p02,hm-m2-g2-L5p3-n2-beta6__N0080__Aminus_0p02,hm-m2-g2-L5p3-n2-beta6,80,0.02,21,1.39125,0.9983329928812417,0.9984956553815307
hm-m2-g2-L5p3-n2-beta6__N0080__Aplus_0p02,hm-m2-g2-L5p3-n2-beta6__N0080__Aminus_0p02,hm-m2-g2-L5p3-n2-beta6,80,0.02,22,1.4575,0.9967691709988514,0.9971987812754282
hm-m2-g2-L5p3-n2-beta6__N0080__Aplus_0p02,hm-m2-g2-L5p3-n2-beta6__N0080__Aminus_0p02,hm-m2-g2-L5p3-n2-beta6,80,0.02,23,1.5237500000000002,0.9952222490277417,0.9959179272519348
hm-m2-g2-L5p3-n2-beta6__N0080__Aplus_0p02,hm-m2-g2-L5p3-n2-beta6__N0080__Aminus_0p02,hm-m2-g2-L5p3-n2-beta6,80,0.02,24,1.59,0.9937019014601537,0.9946609962625642
hm-m2-g2-L5p3-n2-beta6__N0080__Aplus_0p02,hm-m2-g2-L5p3-n2-beta6__N0080__Aminus_0p02,hm-m2-g2-L5p3-n2-beta6,80,0.02,25,1.65625,0.9922176773573009,0.9934357434515958
hm-m2-g2-L5p3-n2-beta6__N0080__Aplus_0p02,hm-m2-g2-L5p3-n2-beta6__N0080__Aminus_0p02,hm-m2-g2-L5p3-n2-beta6,80,0.02,26,1.7225000000000001,0.9907789365997532,0.9922497280877419
hm-m2-g2-L5p3-n2-beta6__N0080__Aplus_0p02,hm-m2-g2-L5p3-n2-beta6__N0080__Aminus_0p02,hm-m2-g2-L5p3-n2-beta6,80,0.02,27,1.78875,0.9893947866263838,0.9911102667499823
hm-m2-g2-L5p3-n2-beta6__N0080__Aplus_0p02,hm-m2-g2-L5p3-n2-beta6__N0080__Aminus_0p02,hm-m2-g2-L5p3-n2-beta6,80,0.02,28,1.855,0.9880740202118973,0.990024388065749
hm-m2-g2-L5p3-n2-beta6__N0080__Aplus_0p02,hm-m2-g2-L5p3-n2-beta6__N0080__Aminus_0p02,hm-m2-g2-L5p3-n2-beta6,80,0.02,29,1.9212500000000001,0.9868250548297782,0.9889987892866443
hm-m2-g2-L5p3-n2-beta6__N0080__Aplus_0p02,hm-m2-g2-L5p3-n2-beta6__N0080__Aminus_0p02,hm-m2-g2-L5p3-n2-beta6,80,0.02,30,1.9875,0.9856558741360951,0.9880397949718446
hm-m2-g2-L5p3-n2-beta6__N0080__Aplus_0p02,hm-m2-g2-L5p3-n2-beta6__N0080__Aminus_0p02,hm-m2-g2-L5p3-n2-beta6,80,0.02,31,2.05375,0.9845739720906767,0.9871533180325803
hm-m2-g2-L5p3-n2-beta6__N0080__Aplus_0p02,hm-m2-g2-L5p3-n2-beta6__N0080__Aminus_0p02,hm-m2-g2-L5p3-n2-beta6,80,0.02,32,2.12,0.9835863002065979,0.9863448233729151
hm-m2-g2-L5p3-n2-beta6__N0080__Aplus_0p02,hm-m2-g2-L5p3-n2-beta6__N0080__Aminus_0p02,hm-m2-g2-L5p3-n2-beta6,80,0.02,33,2.1862500000000002,0.9826992183876646,0.9856192943427708
hm-m2-g2-L5p3-n2-beta6__N0080__Aplus_0p02,hm-m2-g2-L5p3-n2-beta6__N0080__Aminus_0p02,hm-m2-g2-L5p3-n2-beta6,80,0.02,34,2.2525,0.9819184497776747,0.9849812021990786
hm-m2-g2-L5p3-n2-beta6__N0080__Aplus_0p02,hm-m2-g2-L5p3-n2-beta6__N0080__Aminus_0p02,hm-m2-g2-L5p3-n2-beta6,80,0.02,35,2.31875,0.981249040005685,0.9844344787503244
hm-m2-g2-L5p3-n2-beta6__N0080__Aplus_0p02,hm-m2-g2-L5p3-n2-beta6__N0080__Aminus_0p02,hm-m2-g2-L5p3-n2-beta6,80,0.02,36,2.3850000000000002,0.9806953211692656,0.9839824923388661
hm-m2-g2-L5p3-n2-beta6__N0080__Aplus_0p02,hm-m2-g2-L5p3-n2-beta6__N0080__Aminus_0p02,hm-m2-g2-L5p3-n2-beta6,80,0.02,37,2.45125,0.980260880853625,0.983628027294386
hm-m2-g2-L5p3-n2-beta6__N0080__Aplus_0p02,hm-m2-g2-L5p3-n2-beta6__N0080__Aminus_0p02,hm-m2-g2-L5p3-n2-beta6,80,0.02,38,2.5175,0.9799485364392344,0.9833732669708898
hm-m2-g2-L5p3-n2-beta6__N0080__Aplus_0p02,hm-m2-g2-L5p3-n2-beta6__N0080__Aminus_0p02,hm-m2-g2-L5p3-n2-beta6,80,0.02,39,2.58375,0.9797603149047311,0.9832197804588316
hm-m2-g2-L5p3-n2-beta6__N0080__Aplus_0p02,hm-m2-g2-L5p3-n2-beta6__N0080__Aminus_0p02,hm-m2-g2-L5p3-n2-beta6,80,0.02,40,2.6500000000000004,0.9796974382858064,0.9831685130433089
hm-m2-g2-L5p3-n2-beta6__N0080__Aplus_0p02,hm-m2-g2-L5p3-n2-beta6__N0080__Aminus_0p02,hm-m2-g2-L5p3-n2-beta6,80,0.02,41,2.71625,0.979760314904731,0.9832197804588314
hm-m2-g2-L5p3-n2-beta6__N0080__Aplus_0p02,hm-m2-g2-L5p3-n2-beta6__N0080__Aminus_0p02,hm-m2-g2-L5p3-n2-beta6,80,0.02,42,2.7825,0.9799485364392342,0.9833732669708891
hm-m2-g2-L5p3-n2-beta6__N0080__Aplus_0p02,hm-m2-g2-L5p3-n2-beta6__N0080__Aminus_0p02,hm-m2-g2-L5p3-n2-beta6,80,0.02,43,2.8487500000000003,0.9802608808536247,0.9836280272943849
hm-m2-g2-L5p3-n2-beta6__N0080__Aplus_0p02,hm-m2-g2-L5p3-n2-beta6__N0080__Aminus_0p02,hm-m2-g2-L5p3-n2-beta6,80,0.02,44,2.915,0.9806953211692653,0.9839824923388647
hm-m2-g2-L5p3-n2-beta6__N0080__Aplus_0p02,hm-m2-g2-L5p3-n2-beta6__N0080__Aminus_0p02,hm-m2-g2-L5p3-n2-beta6,80,0.02,45,2.98125,0.9812490400056846,0.9844344787503224
hm-m2-g2-L5p3-n2-beta6__N0080__Aplus_0p02,hm-m2-g2-L5p3-n2-beta6__N0080__Aminus_0p02,hm-m2-g2-L5p3-n2-beta6,80,0.02,46,3.0475000000000003,0.9819184497776743,0.9849812021990759
hm-m2-g2-L5p3-n2-beta6__N0080__Aplus_0p02,hm-m2-g2-L5p3-n2-beta6__N0080__Aminus_0p02,hm-m2-g2-L5p3-n2-beta6,80,0.02,47,3.11375,0.9826992183876639,0.9856192943427676
hm-m2-g2-L5p3-n2-beta6__N0080__Aplus_0p02,hm-m2-g2-L5p3-n2-beta6__N0080__Aminus_0p02,hm-m2-g2-L5p3-n2-beta6,80,0.02,48,3.18,0.9835863002065971,0.9863448233729114
hm-m2-g2-L5p3-n2-beta6__N0080__Aplus_0p02,hm-m2-g2-L5p3-n2-beta6__N0080__Aminus_0p02,hm-m2-g2-L5p3-n2-beta6,80,0.02,49,3.2462500000000003,0.9845739720906758,0.9871533180325761
hm-m2-g2-L5p3-n2-beta6__N0080__Aplus_0p02,hm-m2-g2-L5p3-n2-beta6__N0080__Aminus_0p02,hm-m2-g2-L5p3-n2-beta6,80,0.02,50,3.3125,0.9856558741360941,0.9880397949718396
hm-m2-g2-L5p3-n2-beta6__N0080__Aplus_0p02,hm-m2-g2-L5p3-n2-beta6__N0080__Aminus_0p02,hm-m2-g2-L5p3-n2-beta6,80,0.02,51,3.37875,0.9868250548297769,0.9889987892866388
hm-m2-g2-L5p3-n2-beta6__N0080__Aplus_0p02,hm-m2-g2-L5p3-n2-beta6__N0080__Aminus_0p02,hm-m2-g2-L5p3-n2-beta6,80,0.02,52,3.4450000000000003,0.9880740202118957,0.9900243880657431
hm-m2-g2-L5p3-n2-beta6__N0080__Aplus_0p02,hm-m2-g2-L5p3-n2-beta6__N0080__Aminus_0p02,hm-m2-g2-L5p3-n2-beta6,80,0.02,53,3.51125,0.989394786626382,0.9911102667499762
hm-m2-g2-L5p3-n2-beta6__N0080__Aplus_0p02,hm-m2-g2-L5p3-n2-beta6__N0080__Aminus_0p02,hm-m2-g2-L5p3-n2-beta6,80,0.02,54,3.5775,0.9907789365997512,0.9922497280877355
hm-m2-g2-L5p3-n2-beta6__N0080__Aplus_0p02,hm-m2-g2-L5p3-n2-beta6__N0080__Aminus_0p02,hm-m2-g2-L5p3-n2-beta6,80,0.02,55,3.6437500000000003,0.9922176773572986,0.993435743451589
hm-m2-g2-L5p3-n2-beta6__N0080__Aplus_0p02,hm-m2-g2-L5p3-n2-beta6__N0080__Aminus_0p02,hm-m2-g2-L5p3-n2-beta6,80,0.02,56,3.71,0.9937019014601509,0.9946609962625571
hm-m2-g2-L5p3-n2-beta6__N0080__Aplus_0p02,hm-m2-g2-L5p3-n2-beta6__N0080__Aminus_0p02,hm-m2-g2-L5p3-n2-beta6,80,0.02,57,3.77625,0.9952222490277385,0.9959179272519276
hm-m2-g2-L5p3-n2-beta6__N0080__Aplus_0p02,hm-m2-g2-L5p3-n2-beta6__N0080__Aminus_0p02,hm-m2-g2-L5p3-n2-beta6,80,0.02,58,3.8425000000000002,0.9967691709988479,0.9971987812754206
hm-m2-g2-L5p3-n2-beta6__N0080__Aplus_0p02,hm-m2-g2-L5p3-n2-beta6__N0080__Aminus_0p02,hm-m2-g2-L5p3-n2-beta6,80,0.02,59,3.9087500000000004,0.9983329928812377,0.998495655381523
hm-m2-g2-L5p3-n2-beta6__N0080__Aplus_0p02,hm-m2-g2-L5p3-n2-beta6__N0080__Aminus_0p02,hm-m2-g2-L5p3-n2-beta6,80,0.02,60,3.975,0.9999039784453161,0.9998005478251161
hm-m2-g2-L5p3-n2-beta6__N0080__Aplus_0p02,hm-m2-g2-L5p3-n2-beta6__N0080__Aminus_0p02,hm-m2-g2-L5p3-n2-beta6,80,0.02,61,4.04125,1.001472392831807,1.00110540770939
hm-m2-g2-L5p3-n2-beta6__N0080__Aplus_0p02,hm-m2-g2-L5p3-n2-beta6__N0080__Aminus_0p02,hm-m2-g2-L5p3-n2-beta6,80,0.02,62,4.1075,1.0030285645665733,1.0024021849336346
hm-m2-g2-L5p3-n2-beta6__N0080__Aplus_0p02,hm-m2-g2-L5p3-n2-beta6__N0080__Aminus_0p02,hm-m2-g2-L5p3-n2-beta6,80,0.02,63,4.17375,1.0045629460074175,1.0036828801219801
hm-m2-g2-L5p3-n2-beta6__N0080__Aplus_0p02,hm-m2-g2-L5p3-n2-beta6__N0080__Aminus_0p02,hm-m2-g2-L5p3-n2-beta6,80,0.02,64,4.24,1.0060661717870016,1.0049395942085682
hm-m2-g2-L5p3-n2-beta6__N0080__Aplus_0p02,hm-m2-g2-L5p3-n2-beta6__N0080__Aminus_0p02,hm-m2-g2-L5p3-n2-beta6,80,0.02,65,4.30625,1.0075291148619863,1.0061645773579908
hm-m2-g2-L5p3-n2-beta6__N0080__Aplus_0p02,hm-m2-g2-L5p3-n2-beta6__N0080__Aminus_0p02,hm-m2-g2-L5p3-n2-beta6,80,0.02,66,4.3725000000000005,1.0089429398297693,1.0073502769060356
hm-m2-g2-L5p3-n2-beta6__N0080__Aplus_0p02,hm-m2-g2-L5p3-n2-beta6__N0080__Aminus_0p02,hm-m2-g2-L5p3-n2-beta6,80,0.02,67,4.438750000000001,1.0102991532292769,1.0084893840146991
hm-m2-g2-L5p3-n2-beta6__N0080__Aplus_0p02,hm-m2-g2-L5p3-n2-beta6__N0080__Aminus_0p02,hm-m2-g2-L5p3-n2-beta6,80,0.02,68,4.505,1.011589650599402,1.0095748787468657
hm-m2-g2-L5p3-n2-beta6__N0080__Aplus_0p02,hm-m2-g2-L5p3-n2-beta6__N0080__Aminus_0p02,hm-m2-g2-L5p3-n2-beta6,80,0.02,69,4.57125,1.0128067601261401,1.010600073279735
hm-m2-g2-L5p3-n2-beta6__N0080__Aplus_0p02,hm-m2-g2-L5p3-n2-beta6__N0080__Aminus_0p02,hm-m2-g2-L5p3-n2-beta6,80,0.02,70,4.6375,1.013943282765376,1.011558652991733
hm-m2-g2-L5p3-n2-beta6__N0080__Aplus_0p02,hm-m2-g2-L5p3-n2-beta6__N0080__Aminus_0p02,hm-m2-g2-L5p3-n2-beta6,80,0.02,71,4.70375,1.0149925287809247,1.0124447151749274
hm-m2-g2-L5p3-n2-beta6__N0080__Aplus_0p02,hm-m2-g2-L5p3-n2-beta6__N0080__Aminus_0p02,hm-m2-g2-L5p3-n2-beta6,80,0.02,72,4.7700000000000005,1.0159483506851745,1.013252805143556
hm-m2-g2-L5p3-n2-beta6__N0080__Aplus_0p02,hm-m2-g2-L5p3-n2-beta6__N0080__Aminus_0p02,hm-m2-g2-L5p3-n2-beta6,80,0.02,73,4.836250000000001,1.0168051726111331,1.0139779495288397
hm-m2-g2-L5p3-n2-beta6__N0080__Aplus_0p02,hm-m2-g2-L5p3-n2-beta6__N0080__Aminus_0p02,hm-m2-g2-L5p3-n2-beta6,80,0.02,74,4.9025,1.017558016178681,1.0146156865704645
hm-m2-g2-L5p3-n2-beta6__N0080__Aplus_0p02,hm-m2-g2-L5p3-n2-beta6__N0080__Aminus_0p02,hm-m2-g2-L5p3-n2-beta6,80,0.02,75,4.96875,1.0182025229435843,1.0151620932357135
hm-m2-g2-L5p3-n2-beta6__N0080__Aplus_0p02,hm-m2-g2-L5p3-n2-beta6__N0080__Aminus_0p02,hm-m2-g2-L5p3-n2-beta6,80,0.02,76,5.035,1.0187349735348137,1.01561380901793
hm-m2-g2-L5p3-n2-beta6__N0080__Aplus_0p02,hm-m2-g2-L5p3-n2-beta6__N0080__Aminus_0p02,hm-m2-g2-L5p3-n2-beta6,80,0.02,77,5.10125,1.0191523035938712,1.0159680562866564
hm-m2-g2-L5p3-n2-beta6__N0080__Aplus_0p02,hm-m2-g2-L5p3-n2-beta6__N0080__Aminus_0p02,hm-m2-g2-L5p3-n2-beta6,80,0.02,78,5.1675,1.019452116629384,1.016222657082211
hm-m2-g2-L5p3-n2-beta6__N0080__Aplus_0p02,hm-m2-g2-L5p3-n2-beta6__N0080__Aminus_0p02,hm-m2-g2-L5p3-n2-beta6,80,0.02,79,5.233750000000001,1.0196326938918159,1.0163760462676101
hm-m2-g2-L5p3-n2-beta6__N0080__Aplus_0p02,hm-m2-g2-L5p3-n2-beta6__N0080__Aminus_0p02,hm-m2-g2-L5p3-n2-beta6,80,0.02,80,5.3,1.0196930013577306,1.0164272809705455
