state_id,reflection_partner_id,case,mesh,requested_amplitude,node,x,u,v
hm-m05-g2-L8-n3-beta2__N0048__Aminus_0p02,hm-m05-g2-L8-n3-beta2__N0048__Aplus_0p02,hm-m05-g2-L8-n3-beta2,48,-0.02,0,0.0,0.9797410383077106,0.9830315607562299
hm-m05-g2-L8-n3-beta2__N0048__Aminus_0p02,hm-m05-g2-L8-n3-beta2__N0048__Aplus_0p02,hm-m05-g2-L8-n3-beta2,48,-0.02,1,0.16666666666666666,0.9801296497630613,0.9833529365702849
hm-m05-g2-L8-n3-beta2__N0048__Aminus_0p02,hm-m05-g2-L8-n3-beta2__N0048__Aplus_0p02,hm-m05-g2-L8-n3-beta2,48,-0.02,2,0.3333333333333333,0.981280075670232,0.9843048347794963
hm-m05-g2-L8-n3-beta2__N0048__Aminus_0p02,hm-m05-g2-L8-n3-beta2__N0048__Aplus_0p02,hm-m05-g2-L8-n3-beta2,48,-0.02,3,0.5,0.9831467498149575,0.9858510176518218
hm-m05-g2-L8-n3-beta2__N0048__Aminus_0p02,hm-m05-g2-L8-n3-beta2__N0048__Aplus_0p02,hm-m05-g2-L8-n3-beta2,48,-0.02,4,0.6666666666666666,0.9856558919919656,0.9879325751347058
hm-m05-g2-L8-n3-beta2__N0048__Aminus_0p02,hm-m05-g2-L8-n3-beta2__N0048__Aplus_0p02,hm-m05-g2-L8-n3-beta2,48,-0.02,5,0.8333333333333333,0.9887086371288912,0.990470105887485
hm-m05-g2-L8-n3-beta2__N0048__Aminus_0p02,hm-m05-g2-L8-n3-beta2__N0048__Aplus_0p02,hm-m05-g2-L8-n3-beta2,48,-0.02,6,1.0,0.9921851908548653,0.9933666737723256
hm-m05-g2-L8-n3-beta2__N0048__Aminus_0p02,hm-m05-g2-L8-n3-beta2__N0048__Aplus_0p02,hm-m05-g2-L8-n3-beta2,48,-0.02,7,1.1666666666666665,0.9959498027871303,0.9965114422355167
hm-m05-g2-L8-n3-beta2__N0048__Aminus_0p02,hm-m05-g2-L8-n3-beta2__N0048__Aplus_0p02,hm-m05-g2-L8-n3-beta2,48,-0.02,8,1.3333333333333333,0.9998563126918026,0.9997838616032574
hm-m05-g2-L8-n3-beta2__N0048__Aminus_0p02,hm-m05-g2-L8-n3-beta2__N0048__Aplus_0p02,hm-m05-g2-L8-n3-beta2,48,-0.02,9,1.5,1.00375400532179,1.0030582591813761
hm-m05-g2-L8-n3-beta2__N0048__Aminus_0p02,hm-m05-g2-L8-n3-beta2__N0048__Aplus_0p02,hm-m05-g2-L8-n3-beta2,48,-0.02,10,1.6666666666666665,1.0074935087078305,1.0062086610923238
hm-m05-g2-L8-n3-beta2__N0048__Aminus_0p02,hm-m05-g2-L8-n3-beta2__N0048__Aplus_0p02,hm-m05-g2-L8-n3-beta2,48,-0.02,11,1.8333333333333333,1.0109324874041432,1.0091136599756023
hm-m05-g2-L8-n3-beta2__N0048__Aminus_0p02,hm-m05-g2-L8-n3-beta2__N0048__Aplus_0p02,hm-m05-g2-L8-n3-beta2,48,-0.02,12,2.0,1.0139409137249715,1.0116611356890604
hm-m05-g2-L8-n3-beta2__N0048__Aminus_0p02,hm-m05-g2-L8-n3-beta2__N0048__Aplus_0p02,hm-m05-g2-L8-n3-beta2,48,-0.02,13,2.1666666666666665,1.0164057413647896,1.0137526380459525
hm-m05-g2-L8-n3-beta2__N0048__Aminus_0p02,hm-m05-g2-L8-n3-beta2__N0048__Aplus_0p02,hm-m05-g2-L8-n3-beta2,48,-0.02,14,2.333333333333333,1.0182348508100492,1.0153072517074735
hm-m05-g2-L8-n3-beta2__N0048__Aminus_0p02,hm-m05-g2-L8-n3-beta2__N0048__Aplus_0p02,hm-m05-g2-L8-n3-beta2,48,-0.02,15,2.5,1.01936017850119,1.0162647831551976
hm-m05-g2-L8-n3-beta2__N0048__Aminus_0p02,hm-m05-g2-L8-n3-beta2__N0048__Aplus_0p02,hm-m05-g2-L8-n3-beta2,48,-0.02,16,2.6666666666666665,1.0197399769607596,1.0165881370929555
hm-m05-g2-L8-n3-beta2__N0048__Aminus_0p02,hm-m05-g2-L8-n3-beta2__N0048__Aplus_0p02,hm-m05-g2-L8-n3-beta2,48,-0.02,17,2.833333333333333,1.0193601785011814,1.016264783155186
hm-m05-g2-L8-n3-beta2__N0048__Aminus_0p02,hm-m05-g2-L8-n3-beta2__N0048__Aplus_0p02,hm-m05-g2-L8-n3-beta2,48,-0.02,18,3.0,1.0182348508100318,1.0153072517074506
hm-m05-g2-L8-n3-beta2__N0048__Aminus_0p02,hm-m05-g2-L8-n3-beta2__N0048__Aplus_0p02,hm-m05-g2-L8-n3-beta2,48,-0.02,19,3.1666666666666665,1.0164057413647636,1.0137526380459185
hm-m05-g2-L8-n3-beta2__N0048__Aminus_0p02,hm-m05-g2-L8-n3-beta2__N0048__Aplus_0p02,hm-m05-g2-L8-n3-beta2,48,-0.02,20,3.333333333333333,1.0139409137249373,1.011661135689016
hm-m05-g2-L8-n3-beta2__N0048__Aminus_0p02,hm-m05-g2-L8-n3-beta2__N0048__Aplus_0p02,hm-m05-g2-L8-n3-beta2,48,-0.02,21,3.5,1.0109324874041012,1.0091136599755481
hm-m05-g2-L8-n3-beta2__N0048__Aminus_0p02,hm-m05-g2-L8-n3-beta2__N0048__Aplus_0p02,hm-m05-g2-L8-n3-beta2,48,-0.02,22,3.6666666666666665,1.0074935087077814,1.006208661092261
hm-m05-g2-L8-n3-beta2__N0048__Aminus_0p02,hm-m05-g2-L8-n3-beta2__N0048__Aplus_0p02,hm-m05-g2-L8-n3-beta2,48,-0.02,23,3.833333333333333,1.0037540053217342,1.0030582591813053
hm-m05-g2-L8-n3-beta2__N0048__Aminus_0p02,hm-m05-g2-L8-n3-beta2__N0048__Aplus_0p02,hm-m05-g2-L8-n3-beta2,48,-0.02,24,4.0,0.999856312691741,0.9997838616031796
hm-m05-g2-L8-n3-beta2__N0048__Aminus_0p02,hm-m05-g2-L8-n3-beta2__N0048__Aplus_0p02,hm-m05-g2-L8-n3-beta2,48,-0.02,25,4.166666666666666,0.9959498027870636,0.9965114422354331
hm-m05-g2-L8-n3-beta2__N0048__Aminus_0p02,hm-m05-g2-L8-n3-beta2__N0048__Aplus_0p02,hm-m05-g2-L8-n3-beta2,48,-0.02,26,4.333333333333333,0.9921851908547946,0.9933666737722374
hm-m05-g2-L8-n3-beta2__N0048__Aminus_0p02,hm-m05-g2-L8-n3-beta2__N0048__Aplus_0p02,hm-m05-g2-L8-n3-beta2,48,-0.02,27,4.5,0.9887086371288177,0.9904701058873938
hm-m05-g2-L8-n3-beta2__N0048__Aminus_0p02,hm-m05-g2-L8-n3-beta2__N0048__Aplus_0p02,hm-m05-g2-L8-n3-beta2,48,-0.02,28,4.666666666666666,0.9856558919918904,0.9879325751346131
hm-m05-g2-L8-n3-beta2__N0048__Aminus_0p02,hm-m05-g2-L8-n3-beta2__N0048__Aplus_0p02,hm-m05-g2-L8-n3-beta2,48,-0.02,29,4.833333333333333,0.983146749814882,0.985851017651729
hm-m05-g2-L8-n3-beta2__N0048__Aminus_0p02,hm-m05-g2-L8-n3-beta2__N0048__Aplus_0p02,hm-m05-g2-L8-n3-beta2,48,-0.02,30,5.0,0.9812800756701575,0.984304834779405
hm-m05-g2-L8-n3-beta2__N0048__Aminus_0p02,hm-m05-g2-L8-n3-beta2__N0048__Aplus_0p02,hm-m05-g2-L8-n3-beta2,48,-0.02,31,5.166666666666666,0.980129649762989,0.983352936570197
hm-m05-g2-L8-n3-beta2__N0048__Aminus_0p02,hm-m05-g2-L8-n3-beta2__N0048__Aplus_0p02,hm-m05-g2-L8-n3-beta2,48,-0.02,32,5.333333333333333,0.9797410383076419,0.9830315607561465
hm-m05-g2-L8-n3-beta2__N0048__Aminus_0p02,hm-m05-g2-L8-n3-beta2__N0048__Aplus_0p02,hm-m05-g2-L8-n3-beta2,48,-0.02,33,5.5,0.9801296497629973,0.9833529365702074
hm-m05-g2-L8-n3-beta2__N0048__Aminus_0p02,hm-m05-g2-L8-n3-beta2__N0048__Aplus_0p02,hm-m05-g2-L8-n3-beta2,48,-0.02,34,5.666666666666666,0.9812800756701742,0.9843048347794258
hm-m05-g2-L8-n3-beta2__N0048__Aminus_0p02,hm-m05-g2-L8-n3-beta2__N0048__Aplus_0p02,hm-m05-g2-L8-n3-beta2,48,-0.02,35,5.833333333333333,0.9831467498149066,0.9858510176517595
hm-m05-g2-L8-n3-beta2__N0048__Aminus_0p02,hm-m05-g2-L8-n3-beta2__N0048__Aplus_0p02,hm-m05-g2-L8-n3-beta2,48,-0.02,36,6.0,0.9856558919919226,0.9879325751346529
hm-m05-g2-L8-n3-beta2__N0048__Aminus_0p02,hm-m05-g2-L8-n3-beta2__N0048__Aplus_0p02,hm-m05-g2-L8-n3-beta2,48,-0.02,37,6.166666666666666,0.9887086371288568,0.9904701058874423
hm-m05-g2-L8-n3-beta2__N0048__Aminus_0p02,hm-m05-g2-L8-n3-beta2__N0048__Aplus_0p02,hm-m05-g2-L8-n3-beta2,48,-0.02,38,6.333333333333333,0.99218519085484,0.9933666737722938
hm-m05-g2-L8-n3-beta2__N0048__Aminus_0p02,hm-m05-g2-L8-n3-beta2__N0048__Aplus_0p02,hm-m05-g2-L8-n3-beta2,48,-0.02,39,6.5,0.9959498027871144,0.9965114422354961
hm-m05-g2-L8-n3-beta2__N0048__Aminus_0p02,hm-m05-g2-L8-n3-beta2__N0048__Aplus_0p02,hm-m05-g2-L8-n3-beta2,48,-0.02,40,6.666666666666666,0.9998563126917964,0.9997838616032483
hm-m05-g2-L8-n3-beta2__N0048__Aminus_0p02,hm-m05-g2-L8-n3-beta2__N0048__Aplus_0p02,hm-m05-g2-L8-n3-beta2,48,-0.02,41,6.833333333333333,1.0037540053217933,1.0030582591813786
hm-m05-g2-L8-n3-beta2__N0048__Aminus_0p02,hm-m05-g2-L8-n3-beta2__N0048__Aplus_0p02,hm-m05-g2-L8-n3-beta2,48,-0.02,42,7.0,1.0074935087078432,1.0062086610923375
hm-m05-g2-L8-n3-beta2__N0048__Aminus_0p02,hm-m05-g2-L8-n3-beta2__N0048__Aplus_0p02,hm-m05-g2-L8-n3-beta2,48,-0.02,43,7.166666666666666,1.0109324874041647,1.0091136599756267
hm-m05-g2-L8-n3-beta2__N0048__Aminus_0p02,hm-m05-g2-L8-n3-beta2__N0048__Aplus_0p02,hm-m05-g2-L8-n3-beta2,48,-0.02,44,7.333333333333333,1.0139409137250013,1.0116611356890952
hm-m05-g2-L8-n3-beta2__N0048__Aminus_0p02,hm-m05-g2-L8-n3-beta2__N0048__Aplus_0p02,hm-m05-g2-L8-n3-beta2,48,-0.02,45,7.5,1.016405741364827,1.0137526380459967
hm-m05-g2-L8-n3-beta2__N0048__Aminus_0p02,hm-m05-g2-L8-n3-beta2__N0048__Aplus_0p02,hm-m05-g2-L8-n3-beta2,48,-0.02,46,7.666666666666666,1.0182348508100936,1.0153072517075263
hm-m05-g2-L8-n3-beta2__N0048__Aminus_0p02,hm-m05-g2-L8-n3-beta2__N0048__Aplus_0p02,hm-m05-g2-L8-n3-beta2,48,-0.02,47,7.833333333333333,1.0193601785012403,1.016264783155258
hm-m05-g2-L8-n3-beta2__N0048__Aminus_0p02,hm-m05-g2-L8-n3-beta2__N0048__Aplus_0p02,hm-m05-g2-L8-n3-beta2,48,-0.02,48,8.0,1.0197399769608149,1.016588137093022
hm-m05-g2-L8-n3-beta2__N0048__Aminus_0p01,hm-m05-g2-L8-n3-beta2__N0048__Aplus_0p01,hm-m05-g2-L8-n3-beta2,48,-0.01,0,0.0,0.9899351803483888,0.9915618046940864
hm-m05-g2-L8-n3-beta2__N0048__Aminus_0p01,hm-m05-g2-L8-n3-beta2__N0048__Aplus_0p01,hm-m05-g2-L8-n3-beta2,48,-0.01,1,0.16666666666666666,0.9901284196982375,0.9917227789080126
hm-m05-g2-L8-n3-beta2__N0048__Aminus_0p01,hm-m05-g2-L8-n3-beta2__N0048__Aplus_0p01,hm-m05-g2-L8-n3-beta2,48,-0.01,2,0.3333333333333333,0.9907005894628138,0.9921995445501023
hm-m05-g2-L8-n3-beta2__N0048__Aminus_0p01,hm-m05-g2-L8-n3-beta2__N0048__Aplus_0p01,hm-m05-g2-L8-n3-beta2,48,-0.01,3,0.5,0.9916293528354795,0.9929738625974179
hm-m05-g2-L8-n3-beta2__N0048__Aminus_0p01,hm-m05-g2-L8-n3-beta2__N0048__Aplus_0p01,hm-m05-g2-L8-n3-beta2,48,-0.01,4,0.6666666666666666,0.9928784942757652,0.9940160997889695
hm-m05-g2-L8-n3-beta2__N0048__Aminus_0p01,hm-m05-g2-L8-n3-beta2__N0048__Aplus_0p01,hm-m05-g2-L8-n3-beta2,48,-0.01,5,0.8333333333333333,0.9943993888255345,0.9952863479636783
hm-m05-g2-L8-n3-beta2__N0048__Aminus_0p01,hm-m05-g2-L8-n3-beta2__N0048__Aplus_0p01,hm-m05-g2-L8-n3-beta2,48,-0.01,6,1.0,0.9961329634138855,0.9967359351235837
hm-m05-g2-L8-n3-beta2__N0048__Aminus_0p01,hm-m05-g2-L8-n3-beta2__N0048__Aplus_0p01,hm-m05-g2-L8-n3-beta2,48,-0.01,7,1.1666666666666665,0.9980120613109789,0.9983092737924851
hm-m05-g2-L8-n3-beta2__N0048__Aminus_0p01,hm-m05-g2-L8-n3-beta2__N0048__Aplus_0p01,hm-m05-g2-L8-n3-beta2,48,-0.01,8,1.3333333333333333,0.9999641048368191,0.9999459791077834
hm-m05-g2-L8-n3-beta2__N0048__Aminus_0p01,hm-m05-g2-L8-n3-beta2__N0048__Aplus_0p01,hm-m05-g2-L8-n3-beta2,48,-0.01,9,1.5,1.0019139414353668,1.001583177982684
hm-m05-g2-L8-n3-beta2__N0048__Aminus_0p01,hm-m05-g2-L8-n3-beta2__N0048__Aplus_0p01,hm-m05-g2-L8-n3-beta2,48,-0.01,10,1.6666666666666665,1.0037867545932966,1.003157922189255
hm-m05-g2-L8-n3-beta2__N0048__Aminus_0p01,hm-m05-g2-L8-n3-beta2__N0048__Aplus_0p01,hm-m05-g2-L8-n3-beta2,48,-0.01,11,1.8333333333333333,1.0055109235652961,1.0046096128817235
hm-m05-g2-L8-n3-beta2__N0048__Aminus_0p01,hm-m05-g2-L8-n3-beta2__N0048__Aplus_0p01,hm-m05-g2-L8-n3-beta2,48,-0.01,12,2.0,1.0070207236814672,1.0058823423373193
hm-m05-g2-L8-n3-beta2__N0048__Aminus_0p01,hm-m05-g2-L8-n3-beta2__N0048__Aplus_0p01,hm-m05-g2-L8-n3-beta2,48,-0.01,13,2.1666666666666665,1.0082587709558861,1.0069270608043979
hm-m05-g2-L8-n3-beta2__N0048__Aminus_0p01,hm-m05-g2-L8-n3-beta2__N0048__Aplus_0p01,hm-m05-g2-L8-n3-beta2,48,-0.01,14,2.333333333333333,1.00917812935856,1.0077034823713351
hm-m05-g2-L8-n3-beta2__N0048__Aminus_0p01,hm-m05-g2-L8-n3-beta2__N0048__Aplus_0p01,hm-m05-g2-L8-n3-beta2,48,-0.01,15,2.5,1.009744015030332,1.0081816535381525
hm-m05-g2-L8-n3-beta2__N0048__Aminus_0p01,hm-m05-g2-L8-n3-beta2__N0048__Aplus_0p01,hm-m05-g2-L8-n3-beta2,48,-0.01,16,2.6666666666666665,1.0099350477206184,1.008343121306319
hm-m05-g2-L8-n3-beta2__N0048__Aminus_0p01,hm-m05-g2-L8-n3-beta2__N0048__Aplus_0p01,hm-m05-g2-L8-n3-beta2,48,-0.01,17,2.833333333333333,1.0097440150303294,1.0081816535381487
hm-m05-g2-L8-n3-beta2__N0048__Aminus_0p01,hm-m05-g2-L8-n3-beta2__N0048__Aplus_0p01,hm-m05-g2-L8-n3-beta2,48,-0.01,18,3.0,1.0091781293585544,1.0077034823713276
hm-m05-g2-L8-n3-beta2__N0048__Aminus_0p01,hm-m05-g2-L8-n3-beta2__N0048__Aplus_0p01,hm-m05-g2-L8-n3-beta2,48,-0.01,19,3.1666666666666665,1.008258770955878,1.006927060804387
hm-m05-g2-L8-n3-beta2__N0048__Aminus_0p01,hm-m05-g2-L8-n3-beta2__N0048__Aplus_0p01,hm-m05-g2-L8-n3-beta2,48,-0.01,20,3.333333333333333,1.0070207236814566,1.0058823423373053
hm-m05-g2-L8-n3-beta2__N0048__Aminus_0p01,hm-m05-g2-L8-n3-beta2__N0048__Aplus_0p01,hm-m05-g2-L8-n3-beta2,48,-0.01,21,3.5,1.0055109235652828,1.0046096128817061
hm-m05-g2-L8-n3-beta2__N0048__Aminus_0p01,hm-m05-g2-L8-n3-beta2__N0048__Aplus_0p01,hm-m05-g2-L8-n3-beta2,48,-0.01,22,3.6666666666666665,1.0037867545932808,1.003157922189235
hm-m05-g2-L8-n3-beta2__N0048__Aminus_0p01,hm-m05-g2-L8-n3-beta2__N0048__Aplus_0p01,hm-m05-g2-L8-n3-beta2,48,-0.01,23,3.833333333333333,1.001913941435349,1.0015831779826616
hm-m05-g2-L8-n3-beta2__N0048__Aminus_0p01,hm-m05-g2-L8-n3-beta2__N0048__Aplus_0p01,hm-m05-g2-L8-n3-beta2,48,-0.01,24,4.0,0.9999641048367993,0.9999459791077587
hm-m05-g2-L8-n3-beta2__N0048__Aminus_0p01,hm-m05-g2-L8-n3-beta2__N0048__Aplus_0p01,hm-m05-g2-L8-n3-beta2,48,-0.01,25,4.166666666666666,0.9980120613109575,0.9983092737924585
hm-m05-g2-L8-n3-beta2__N0048__Aminus_0p01,hm-m05-g2-L8-n3-beta2__N0048__Aplus_0p01,hm-m05-g2-L8-n3-beta2,48,-0.01,26,4.333333333333333,0.996132963413863,0.9967359351235554
hm-m05-g2-L8-n3-beta2__N0048__Aminus_0p01,hm-m05-g2-L8-n3-beta2__N0048__Aplus_0p01,hm-m05-g2-L8-n3-beta2,48,-0.01,27,4.5,0.9943993888255112,0.9952863479636488
hm-m05-g2-L8-n3-beta2__N0048__Aminus_0p01,hm-m05-g2-L8-n3-beta2__N0048__Aplus_0p01,hm-m05-g2-L8-n3-beta2,48,-0.01,28,4.666666666666666,0.9928784942757414,0.9940160997889392
hm-m05-g2-L8-n3-beta2__N0048__Aminus_0p01,hm-m05-g2-L8-n3-beta2__N0048__Aplus_0p01,hm-m05-g2-L8-n3-beta2,48,-0.01,29,4.833333333333333,0.9916293528354554,0.9929738625973872
hm-m05-g2-L8-n3-beta2__N0048__Aminus_0p01,hm-m05-g2-L8-n3-beta2__N0048__Aplus_0p01,hm-m05-g2-L8-n3-beta2,48,-0.01,30,5.0,0.9907005894627899,0.9921995445500718
hm-m05-g2-L8-n3-beta2__N0048__Aminus_0p01,hm-m05-g2-L8-n3-beta2__N0048__Aplus_0p01,hm-m05-g2-L8-n3-beta2,48,-0.01,31,5.166666666666666,0.9901284196982141,0.9917227789079827
hm-m05-g2-L8-n3-beta2__N0048__Aminus_0p01,hm-m05-g2-L8-n3-beta2__N0048__Aplus_0p01,hm-m05-g2-L8-n3-beta2,48,-0.01,32,5.333333333333333,0.9899351803483661,0.9915618046940575
hm-m05-g2-L8-n3-beta2__N0048__Aminus_0p01,hm-m05-g2-L8-n3-beta2__N0048__Aplus_0p01,hm-m05-g2-L8-n3-beta2,48,-0.01,33,5.5,0.990128419698216,0.9917227789079852
hm-m05-g2-L8-n3-beta2__N0048__Aminus_0p01,hm-m05-g2-L8-n3-beta2__N0048__Aplus_0p01,hm-m05-g2-L8-n3-beta2,48,-0.01,34,5.666666666666666,0.9907005894627938,0.9921995445500765
hm-m05-g2-L8-n3-beta2__N0048__Aminus_0p01,hm-m05-g2-L8-n3-beta2__N0048__Aplus_0p01,hm-m05-g2-L8-n3-beta2,48,-0.01,35,5.833333333333333,0.9916293528354612,0.9929738625973944
hm-m05-g2-L8-n3-beta2__N0048__Aminus_0p01,hm-m05-g2-L8-n3-beta2__N0048__Aplus_0p01,hm-m05-g2-L8-n3-beta2,48,-0.01,36,6.0,0.9928784942757489,0.9940160997889487
hm-m05-g2-L8-n3-beta2__N0048__Aminus_0p01,hm-m05-g2-L8-n3-beta2__N0048__Aplus_0p01,hm-m05-g2-L8-n3-beta2,48,-0.01,37,6.166666666666666,0.9943993888255203,0.9952863479636603
hm-m05-g2-L8-n3-beta2__N0048__Aminus_0p01,hm-m05-g2-L8-n3-beta2__N0048__Aplus_0p01,hm-m05-g2-L8-n3-beta2,48,-0.01,38,6.333333333333333,0.9961329634138737,0.9967359351235688
hm-m05-g2-L8-n3-beta2__N0048__Aminus_0p01,hm-m05-g2-L8-n3-beta2__N0048__Aplus_0p01,hm-m05-g2-L8-n3-beta2,48,-0.01,39,6.5,0.9980120613109696,0.9983092737924733
hm-m05-g2-L8-n3-beta2__N0048__Aminus_0p01,hm-m05-g2-L8-n3-beta2__N0048__Aplus_0p01,hm-m05-g2-L8-n3-beta2,48,-0.01,40,6.666666666666666,0.9999641048368125,0.9999459791077746
hm-m05-g2-L8-n3-beta2__N0048__Aminus_0p01,hm-m05-g2-L8-n3-beta2__N0048__Aplus_0p01,hm-m05-g2-L8-n3-beta2,48,-0.01,41,6.833333333333333,1.001913941435363,1.0015831779826785
hm-m05-g2-L8-n3-beta2__N0048__Aminus_0p01,hm-m05-g2-L8-n3-beta2__N0048__Aplus_0p01,hm-m05-g2-L8-n3-beta2,48,-0.01,42,7.0,1.0037867545932955,1.0031579221892526
hm-m05-g2-L8-n3-beta2__N0048__Aminus_0p01,hm-m05-g2-L8-n3-beta2__N0048__Aplus_0p01,hm-m05-g2-L8-n3-beta2,48,-0.01,43,7.166666666666666,1.0055109235652977,1.0046096128817241
hm-m05-g2-L8-n3-beta2__N0048__Aminus_0p01,hm-m05-g2-L8-n3-beta2__N0048__Aplus_0p01,hm-m05-g2-L8-n3-beta2,48,-0.01,44,7.333333333333333,1.0070207236814714,1.0058823423373229
hm-m05-g2-L8-n3-beta2__N0048__Aminus_0p01,hm-m05-g2-L8-n3-beta2__N0048__Aplus_0p01,hm-m05-g2-L8-n3-beta2,48,-0.01,45,7.5,1.0082587709558926,1.0069270608044039
hm-m05-g2-L8-n3-beta2__N0048__Aminus_0p01,hm-m05-g2-L8-n3-beta2__N0048__Aplus_0p01,hm-m05-g2-L8-n3-beta2,48,-0.01,46,7.666666666666666,1.0091781293585687,1.0077034823713436
hm-m05-g2-L8-n3-beta2__N0048__Aminus_0p01,hm-m05-g2-L8-n3-beta2__N0048__Aplus_0p01,hm-m05-g2-L8-n3-beta2,48,-0.01,47,7.833333333333333,1.0097440150303427,1.008181653538163
hm-m05-g2-L8-n3-beta2__N0048__Aminus_0p01,hm-m05-g2-L8-n3-beta2__N0048__Aplus_0p01,hm-m05-g2-L8-n3-beta2,48,-0.01,48,8.0,1.0099350477206306,1.0083431213063316
hm-m05-g2-L8-n3-beta2__N0048__Aminus_0p005,hm-m05-g2-L8-n3-beta2__N0048__Aplus_0p005,hm-m05-g2-L8-n3-beta2,48,-0.005,0,0.0,0.9949837859923077,0.995792597350724
hm-m05-g2-L8-n3-beta2__N0048__Aminus_0p005,hm-m05-g2-L8-n3-beta2__N0048__Aplus_0p005,hm-m05-g2-L8-n3-beta2,48,-0.005,1,0.16666666666666666,0.9950801341324638,0.9958731510029898
hm-m05-g2-L8-n3-beta2__N0048__Aminus_0p005,hm-m05-g2-L8-n3-beta2__N0048__Aplus_0p005,hm-m05-g2-L8-n3-beta2,48,-0.005,2,0.3333333333333333,0.9953654449618684,0.9961117234790863
hm-m05-g2-L8-n3-beta2__N0048__Aminus_0p005,hm-m05-g2-L8-n3-beta2__N0048__Aplus_0p005,hm-m05-g2-L8-n3-beta2,48,-0.005,3,0.5,0.9958286658263992,0.9964991669122646
hm-m05-g2-L8-n3-beta2__N0048__Aminus_0p005,hm-m05-g2-L8-n3-beta2__N0048__Aplus_0p005,hm-m05-g2-L8-n3-beta2,48,-0.005,4,0.6666666666666666,0.9964518629942298,0.997020622435184
hm-m05-g2-L8-n3-beta2__N0048__Aminus_0p005,hm-m05-g2-L8-n3-beta2__N0048__Aplus_0p005,hm-m05-g2-L8-n3-beta2,48,-0.005,5,0.8333333333333333,0.9972109307311717,0.9976560864906174
hm-m05-g2-L8-n3-beta2__N0048__Aminus_0p005,hm-m05-g2-L8-n3-beta2__N0048__Aplus_0p005,hm-m05-g2-L8-n3-beta2,48,-0.005,6,1.0,0.9980765412787392,0.9983811740494087
hm-m05-g2-L8-n3-beta2__N0048__Aminus_0p005,hm-m05-g2-L8-n3-beta2__N0048__Aplus_0p005,hm-m05-g2-L8-n3-beta2,48,-0.005,7,1.1666666666666665,0.9990152957132098,0.9991680502692689
hm-m05-g2-L8-n3-beta2__N0048__Aminus_0p005,hm-m05-g2-L8-n3-beta2__N0048__Aplus_0p005,hm-m05-g2-L8-n3-beta2,48,-0.005,8,1.3333333333333333,0.9999910278756113,0.9999864956335821
hm-m05-g2-L8-n3-beta2__N0048__Aminus_0p005,hm-m05-g2-L8-n3-beta2__N0048__Aplus_0p005,hm-m05-g2-L8-n3-beta2,48,-0.005,9,1.5,1.0009662081431692,1.0008050643257247
hm-m05-g2-L8-n3-beta2__N0048__Aminus_0p005,hm-m05-g2-L8-n3-beta2__N0048__Aplus_0p005,hm-m05-g2-L8-n3-beta2,48,-0.005,10,1.6666666666666665,1.001903390917724,1.0015922917534568
hm-m05-g2-L8-n3-beta2__N0048__Aminus_0p005,hm-m05-g2-L8-n3-beta2__N0048__Aplus_0p005,hm-m05-g2-L8-n3-beta2,48,-0.005,11,1.8333333333333333,1.002766649320038,1.0023179049317725
hm-m05-g2-L8-n3-beta2__N0048__Aminus_0p005,hm-m05-g2-L8-n3-beta2__N0048__Aplus_0p005,hm-m05-g2-L8-n3-beta2,48,-0.005,12,2.0,1.003522942527941,1.0029539889974004
hm-m05-g2-L8-n3-beta2__N0048__Aminus_0p005,hm-m05-g2-L8-n3-beta2__N0048__Aplus_0p005,hm-m05-g2-L8-n3-beta2,48,-0.005,13,2.1666666666666665,1.004143365183471,1.00347606453018
hm-m05-g2-L8-n3-beta2__N0048__Aminus_0p005,hm-m05-g2-L8-n3-beta2__N0048__Aplus_0p005,hm-m05-g2-L8-n3-beta2,48,-0.005,14,2.333333333333333,1.0046042339431571,1.0038640335820759
hm-m05-g2-L8-n3-beta2__N0048__Aminus_0p005,hm-m05-g2-L8-n3-beta2__N0048__Aplus_0p005,hm-m05-g2-L8-n3-beta2,48,-0.005,15,2.5,1.0048879731530547,1.0041029572652374
hm-m05-g2-L8-n3-beta2__N0048__Aminus_0p005,hm-m05-g2-L8-n3-beta2__N0048__Aplus_0p005,hm-m05-g2-L8-n3-beta2,48,-0.005,16,2.6666666666666665,1.0049837694151047,1.0041836342449981
hm-m05-g2-L8-n3-beta2__N0048__Aminus_0p005,hm-m05-g2-L8-n3-beta2__N0048__Aplus_0p005,hm-m05-g2-L8-n3-beta2,48,-0.005,17,2.833333333333333,1.0048879731530542,1.0041029572652367
hm-m05-g2-L8-n3-beta2__N0048__Aminus_0p005,hm-m05-g2-L8-n3-beta2__N0048__Aplus_0p005,hm-m05-g2-L8-n3-beta2,48,-0.005,18,3.0,1.0046042339431565,1.0038640335820748
hm-m05-g2-L8-n3-beta2__N0048__Aminus_0p005,hm-m05-g2-L8-n3-beta2__N0048__Aplus_0p005,hm-m05-g2-L8-n3-beta2,48,-0.005,19,3.1666666666666665,1.00414336518347,1.0034760645301781
hm-m05-g2-L8-n3-beta2__N0048__Aminus_0p005,hm-m05-g2-L8-n3-beta2__N0048__Aplus_0p005,hm-m05-g2-L8-n3-beta2,48,-0.005,20,3.333333333333333,1.0035229425279397,1.002953988997398
hm-m05-g2-L8-n3-beta2__N0048__Aminus_0p005,hm-m05-g2-L8-n3-beta2__N0048__Aplus_0p005,hm-m05-g2-L8-n3-beta2,48,-0.005,21,3.5,1.002766649320036,1.0023179049317694
hm-m05-g2-L8-n3-beta2__N0048__Aminus_0p005,hm-m05-g2-L8-n3-beta2__N0048__Aplus_0p005,hm-m05-g2-L8-n3-beta2,48,-0.005,22,3.6666666666666665,1.0019033909177215,1.001592291753453
hm-m05-g2-L8-n3-beta2__N0048__Aminus_0p005,hm-m05-g2-L8-n3-beta2__N0048__Aplus_0p005,hm-m05-g2-L8-n3-beta2,48,-0.005,23,3.833333333333333,1.0009662081431663,1.0008050643257205
hm-m05-g2-L8-n3-beta2__N0048__Aminus_0p005,hm-m05-g2-L8-n3-beta2__N0048__Aplus_0p005,hm-m05-g2-L8-n3-beta2,48,-0.005,24,4.0,0.9999910278756079,0.9999864956335771
hm-m05-g2-L8-n3-beta2__N0048__Aminus_0p005,hm-m05-g2-L8-n3-beta2__N0048__Aplus_0p005,hm-m05-g2-L8-n3-beta2,48,-0.005,25,4.166666666666666,0.9990152957132058,0.9991680502692629
hm-m05-g2-L8-n3-beta2__N0048__Aminus_0p005,hm-m05-g2-L8-n3-beta2__N0048__Aplus_0p005,hm-m05-g2-L8-n3-beta2,48,-0.005,26,4.333333333333333,0.9980765412787345,0.9983811740494019
hm-m05-g2-L8-n3-beta2__N0048__Aminus_0p005,hm-m05-g2-L8-n3-beta2__N0048__Aplus_0p005,hm-m05-g2-L8-n3-beta2,48,-0.005,27,4.5,0.9972109307311664,0.9976560864906097
hm-m05-g2-L8-n3-beta2__N0048__Aminus_0p005,hm-m05-g2-L8-n3-beta2__N0048__Aplus_0p005,hm-m05-g2-L8-n3-beta2,48,-0.005,28,4.666666666666666,0.9964518629942238,0.9970206224351755
hm-m05-g2-L8-n3-beta2__N0048__Aminus_0p005,hm-m05-g2-L8-n3-beta2__N0048__Aplus_0p005,hm-m05-g2-L8-n3-beta2,48,-0.005,29,4.833333333333333,0.9958286658263925,0.9964991669122555
hm-m05-g2-L8-n3-beta2__N0048__Aminus_0p005,hm-m05-g2-L8-n3-beta2__N0048__Aplus_0p005,hm-m05-g2-L8-n3-beta2,48,-0.005,30,5.0,0.9953654449618611,0.9961117234790765
hm-m05-g2-L8-n3-beta2__N0048__Aminus_0p005,hm-m05-g2-L8-n3-beta2__N0048__Aplus_0p005,hm-m05-g2-L8-n3-beta2,48,-0.005,31,5.166666666666666,0.995080134132456,0.9958731510029796
hm-m05-g2-L8-n3-beta2__N0048__Aminus_0p005,hm-m05-g2-L8-n3-beta2__N0048__Aplus_0p005,hm-m05-g2-L8-n3-beta2,48,-0.005,32,5.333333333333333,0.9949837859922995,0.9957925973507135
hm-m05-g2-L8-n3-beta2__N0048__Aminus_0p005,hm-m05-g2-L8-n3-beta2__N0048__Aplus_0p005,hm-m05-g2-L8-n3-beta2,48,-0.005,33,5.5,0.9950801341324552,0.9958731510029791
hm-m05-g2-L8-n3-beta2__N0048__Aminus_0p005,hm-m05-g2-L8-n3-beta2__N0048__Aplus_0p005,hm-m05-g2-L8-n3-beta2,48,-0.005,34,5.666666666666666,0.9953654449618597,0.9961117234790756
hm-m05-g2-L8-n3-beta2__N0048__Aminus_0p005,hm-m05-g2-L8-n3-beta2__N0048__Aplus_0p005,hm-m05-g2-L8-n3-beta2,48,-0.005,35,5.833333333333333,0.9958286658263905,0.9964991669122542
hm-m05-g2-L8-n3-beta2__N0048__Aminus_0p005,hm-m05-g2-L8-n3-beta2__N0048__Aplus_0p005,hm-m05-g2-L8-n3-beta2,48,-0.005,36,6.0,0.9964518629942213,0.9970206224351736
hm-m05-g2-L8-n3-beta2__N0048__Aminus_0p005,hm-m05-g2-L8-n3-beta2__N0048__Aplus_0p005,hm-m05-g2-L8-n3-beta2,48,-0.005,37,6.166666666666666,0.9972109307311635,0.9976560864906074
hm-m05-g2-L8-n3-beta2__N0048__Aminus_0p005,hm-m05-g2-L8-n3-beta2__N0048__Aplus_0p005,hm-m05-g2-L8-n3-beta2,48,-0.005,38,6.333333333333333,0.9980765412787315,0.9983811740493994
hm-m05-g2-L8-n3-beta2__N0048__Aminus_0p005,hm-m05-g2-L8-n3-beta2__N0048__Aplus_0p005,hm-m05-g2-L8-n3-beta2,48,-0.005,39,6.5,0.9990152957132027,0.99916805026926
hm-m05-g2-L8-n3-beta2__N0048__Aminus_0p005,hm-m05-g2-L8-n3-beta2__N0048__Aplus_0p005,hm-m05-g2-L8-n3-beta2,48,-0.005,40,6.666666666666666,0.999991027875605,0.9999864956335738
hm-m05-g2-L8-n3-beta2__N0048__Aminus_0p005,hm-m05-g2-L8-n3-beta2__N0048__Aplus_0p005,hm-m05-g2-L8-n3-beta2,48,-0.005,41,6.833333333333333,1.0009662081431636,1.0008050643257171
hm-m05-g2-L8-n3-beta2__N0048__Aminus_0p005,hm-m05-g2-L8-n3-beta2__N0048__Aplus_0p005,hm-m05-g2-L8-n3-beta2,48,-0.005,42,7.0,1.001903390917719,1.0015922917534497
hm-m05-g2-L8-n3-beta2__N0048__Aminus_0p005,hm-m05-g2-L8-n3-beta2__N0048__Aplus_0p005,hm-m05-g2-L8-n3-beta2,48,-0.005,43,7.166666666666666,1.002766649320034,1.0023179049317659
hm-m05-g2-L8-n3-beta2__N0048__Aminus_0p005,hm-m05-g2-L8-n3-beta2__N0048__Aplus_0p005,hm-m05-g2-L8-n3-beta2,48,-0.005,44,7.333333333333333,1.003522942527938,1.0029539889973942
hm-m05-g2-L8-n3-beta2__N0048__Aminus_0p005,hm-m05-g2-L8-n3-beta2__N0048__Aplus_0p005,hm-m05-g2-L8-n3-beta2,48,-0.005,45,7.5,1.0041433651834686,1.0034760645301741
hm-m05-g2-L8-n3-beta2__N0048__Aminus_0p005,hm-m05-g2-L8-n3-beta2__N0048__Aplus_0p005,hm-m05-g2-L8-n3-beta2,48,-0.005,46,7.666666666666666,1.0046042339431553,1.0038640335820705
hm-m05-g2-L8-n3-beta2__N0048__Aminus_0p005,hm-m05-g2-L8-n3-beta2__N0048__Aplus_0p005,hm-m05-g2-L8-n3-beta2,48,-0.005,47,7.833333333333333,1.0048879731530531,1.004102957265232
hm-m05-g2-L8-n3-beta2__N0048__Aminus_0p005,hm-m05-g2-L8-n3-beta2__N0048__Aplus_0p005,hm-m05-g2-L8-n3-beta2,48,-0.005,48,8.0,1.0049837694151034,1.0041836342449932
hm-m05-g2-L8-n3-beta2__N0048__Aminus_0p0025,hm-m05-g2-L8-n3-beta2__N0048__Aplus_0p0025,hm-m05-g2-L8-n3-beta2,48,-0.0025,0,0.0,0.997495945411669,0.9978992460666066
hm-m05-g2-L8-n3-beta2__N0048__Aminus_0p0025,hm-m05-g2-L8-n3-beta2__N0048__Aplus_0p0025,hm-m05-g2-L8-n3-beta2,48,-0.0025,1,0.16666666666666666,0.9975440510274807,0.9979395389131884
hm-m05-g2-L8-n3-beta2__N0048__Aminus_0p0025,hm-m05-g2-L8-n3-beta2__N0048__Aplus_0p0025,hm-m05-g2-L8-n3-beta2,48,-0.0025,2,0.3333333333333333,0.9976865114033172,0.9980588707923499
hm-m05-g2-L8-n3-beta2__N0048__Aminus_0p0025,hm-m05-g2-L8-n3-beta2__N0048__Aplus_0p0025,hm-m05-g2-L8-n3-beta2,48,-0.0025,3,0.5,0.9979178296452885,0.9982526608869621
hm-m05-g2-L8-n3-beta2__N0048__Aminus_0p0025,hm-m05-g2-L8-n3-beta2__N0048__Aplus_0p0025,hm-m05-g2-L8-n3-beta2,48,-0.0025,4,0.6666666666666666,0.9982290830369781,0.998513469486102
hm-m05-g2-L8-n3-beta2__N0048__Aminus_0p0025,hm-m05-g2-L8-n3-beta2__N0048__Aplus_0p0025,hm-m05-g2-L8-n3-beta2,48,-0.0025,5,0.8333333333333333,0.9986082709687492,0.9988312827314989
hm-m05-g2-L8-n3-beta2__N0048__Aminus_0p0025,hm-m05-g2-L8-n3-beta2__N0048__Aplus_0p0025,hm-m05-g2-L8-n3-beta2,48,-0.0025,6,1.0,0.9990407820706605,0.9991938960847929
hm-m05-g2-L8-n3-beta2__N0048__Aminus_0p0025,hm-m05-g2-L8-n3-beta2__N0048__Aplus_0p0025,hm-m05-g2-L8-n3-beta2,48,-0.0025,7,1.1666666666666665,0.9995099617004579,0.9995873819893214
hm-m05-g2-L8-n3-beta2__N0048__Aminus_0p0025,hm-m05-g2-L8-n3-beta2__N0048__Aplus_0p0025,hm-m05-g2-L8-n3-beta2,48,-0.0025,8,1.3333333333333333,0.9999977570730488,0.9999966239619293
hm-m05-g2-L8-n3-beta2__N0048__Aminus_0p0025,hm-m05-g2-L8-n3-beta2__N0048__Aplus_0p0025,hm-m05-g2-L8-n3-beta2,48,-0.0025,9,1.5,1.0004854144617403,1.000405896762615
hm-m05-g2-L8-n3-beta2__N0048__Aminus_0p0025,hm-m05-g2-L8-n3-beta2__N0048__Aplus_0p0025,hm-m05-g2-L8-n3-beta2,48,-0.0025,10,1.6666666666666665,1.000954201146864,1.000799470458077
hm-m05-g2-L8-n3-beta2__N0048__Aminus_0p0025,hm-m05-g2-L8-n3-beta2__N0048__Aplus_0p0025,hm-m05-g2-L8-n3-beta2,48,-0.0025,11,1.8333333333333333,1.0013861241661393,1.0011622151997754
hm-m05-g2-L8-n3-beta2__N0048__Aminus_0p0025,hm-m05-g2-L8-n3-beta2__N0048__Aplus_0p0025,hm-m05-g2-L8-n3-beta2,48,-0.0025,12,2.0,1.0017646184081102,1.001480183428343
hm-m05-g2-L8-n3-beta2__N0048__Aminus_0p0025,hm-m05-g2-L8-n3-beta2__N0048__Aplus_0p0025,hm-m05-g2-L8-n3-beta2,48,-0.0025,13,2.1666666666666665,1.0020751781110455,1.0017411470106328
hm-m05-g2-L8-n3-beta2__N0048__Aminus_0p0025,hm-m05-g2-L8-n3-beta2__N0048__Aplus_0p0025,hm-m05-g2-L8-n3-beta2,48,-0.0025,14,2.333333333333333,1.0023059082729064,1.0019350684935986
hm-m05-g2-L8-n3-beta2__N0048__Aminus_0p0025,hm-m05-g2-L8-n3-beta2__N0048__Aplus_0p0025,hm-m05-g2-L8-n3-beta2,48,-0.0025,15,2.5,1.002447975706595,1.0020544881636426
hm-m05-g2-L8-n3-beta2__N0048__Aminus_0p0025,hm-m05-g2-L8-n3-beta2__N0048__Aplus_0p0025,hm-m05-g2-L8-n3-beta2,48,-0.0025,16,2.6666666666666665,1.0024959433395533,1.0020948118382809
hm-m05-g2-L8-n3-beta2__N0048__Aminus_0p0025,hm-m05-g2-L8-n3-beta2__N0048__Aplus_0p0025,hm-m05-g2-L8-n3-beta2,48,-0.0025,17,2.833333333333333,1.0024479757065945,1.0020544881636417
hm-m05-g2-L8-n3-beta2__N0048__Aminus_0p0025,hm-m05-g2-L8-n3-beta2__N0048__Aplus_0p0025,hm-m05-g2-L8-n3-beta2,48,-0.0025,18,3.0,1.0023059082729056,1.0019350684935968
hm-m05-g2-L8-n3-beta2__N0048__Aminus_0p0025,hm-m05-g2-L8-n3-beta2__N0048__Aplus_0p0025,hm-m05-g2-L8-n3-beta2,48,-0.0025,19,3.1666666666666665,1.0020751781110442,1.00174114701063
hm-m05-g2-L8-n3-beta2__N0048__Aminus_0p0025,hm-m05-g2-L8-n3-beta2__N0048__Aplus_0p0025,hm-m05-g2-L8-n3-beta2,48,-0.0025,20,3.333333333333333,1.0017646184081084,1.0014801834283398
hm-m05-g2-L8-n3-beta2__N0048__Aminus_0p0025,hm-m05-g2-L8-n3-beta2__N0048__Aplus_0p0025,hm-m05-g2-L8-n3-beta2,48,-0.0025,21,3.5,1.001386124166137,1.0011622151997714
hm-m05-g2-L8-n3-beta2__N0048__Aminus_0p0025,hm-m05-g2-L8-n3-beta2__N0048__Aplus_0p0025,hm-m05-g2-L8-n3-beta2,48,-0.0025,22,3.6666666666666665,1.000954201146861,1.0007994704580725
hm-m05-g2-L8-n3-beta2__N0048__Aminus_0p0025,hm-m05-g2-L8-n3-beta2__N0048__Aplus_0p0025,hm-m05-g2-L8-n3-beta2,48,-0.0025,23,3.833333333333333,1.0004854144617368,1.00040589676261
hm-m05-g2-L8-n3-beta2__N0048__Aminus_0p0025,hm-m05-g2-L8-n3-beta2__N0048__Aplus_0p0025,hm-m05-g2-L8-n3-beta2,48,-0.0025,24,4.0,0.9999977570730447,0.9999966239619233
hm-m05-g2-L8-n3-beta2__N0048__Aminus_0p0025,hm-m05-g2-L8-n3-beta2__N0048__Aplus_0p0025,hm-m05-g2-L8-n3-beta2,48,-0.0025,25,4.166666666666666,0.9995099617004531,0.9995873819893144
hm-m05-g2-L8-n3-beta2__N0048__Aminus_0p0025,hm-m05-g2-L8-n3-beta2__N0048__Aplus_0p0025,hm-m05-g2-L8-n3-beta2,48,-0.0025,26,4.333333333333333,0.9990407820706549,0.9991938960847853
hm-m05-g2-L8-n3-beta2__N0048__Aminus_0p0025,hm-m05-g2-L8-n3-beta2__N0048__Aplus_0p0025,hm-m05-g2-L8-n3-beta2,48,-0.0025,27,4.5,0.9986082709687429,0.9988312827314904
hm-m05-g2-L8-n3-beta2__N0048__Aminus_0p0025,hm-m05-g2-L8-n3-beta2__N0048__Aplus_0p0025,hm-m05-g2-L8-n3-beta2,48,-0.0025,28,4.666666666666666,0.9982290830369712,0.9985134694860928
hm-m05-g2-L8-n3-beta2__N0048__Aminus_0p0025,hm-m05-g2-L8-n3-beta2__N0048__Aplus_0p0025,hm-m05-g2-L8-n3-beta2,48,-0.0025,29,4.833333333333333,0.9979178296452811,0.9982526608869523
hm-m05-g2-L8-n3-beta2__N0048__Aminus_0p0025,hm-m05-g2-L8-n3-beta2__N0048__Aplus_0p0025,hm-m05-g2-L8-n3-beta2,48,-0.0025,30,5.0,0.9976865114033093,0.9980588707923397
hm-m05-g2-L8-n3-beta2__N0048__Aminus_0p0025,hm-m05-g2-L8-n3-beta2__N0048__Aplus_0p0025,hm-m05-g2-L8-n3-beta2,48,-0.0025,31,5.166666666666666,0.9975440510274725,0.997939538913178
hm-m05-g2-L8-n3-beta2__N0048__Aminus_0p0025,hm-m05-g2-L8-n3-beta2__N0048__Aplus_0p0025,hm-m05-g2-L8-n3-beta2,48,-0.0025,32,5.333333333333333,0.9974959454116604,0.9978992460665961
hm-m05-g2-L8-n3-beta2__N0048__Aminus_0p0025,hm-m05-g2-L8-n3-beta2__N0048__Aplus_0p0025,hm-m05-g2-L8-n3-beta2,48,-0.0025,33,5.5,0.997544051027472,0.9979395389131778
hm-m05-g2-L8-n3-beta2__N0048__Aminus_0p0025,hm-m05-g2-L8-n3-beta2__N0048__Aplus_0p0025,hm-m05-g2-L8-n3-beta2,48,-0.0025,34,5.666666666666666,0.9976865114033087,0.9980588707923395
hm-m05-g2-L8-n3-beta2__N0048__Aminus_0p0025,hm-m05-g2-L8-n3-beta2__N0048__Aplus_0p0025,hm-m05-g2-L8-n3-beta2,48,-0.0025,35,5.833333333333333,0.9979178296452801,0.9982526608869521
hm-m05-g2-L8-n3-beta2__N0048__Aminus_0p0025,hm-m05-g2-L8-n3-beta2__N0048__Aplus_0p0025,hm-m05-g2-L8-n3-beta2,48,-0.0025,36,6.0,0.99822908303697,0.9985134694860924
hm-m05-g2-L8-n3-beta2__N0048__Aminus_0p0025,hm-m05-g2-L8-n3-beta2__N0048__Aplus_0p0025,hm-m05-g2-L8-n3-beta2,48,-0.0025,37,6.166666666666666,0.9986082709687416,0.9988312827314898
hm-m05-g2-L8-n3-beta2__N0048__Aminus_0p0025,hm-m05-g2-L8-n3-beta2__N0048__Aplus_0p0025,hm-m05-g2-L8-n3-beta2,48,-0.0025,38,6.333333333333333,0.9990407820706535,0.9991938960847847
hm-m05-g2-L8-n3-beta2__N0048__Aminus_0p0025,hm-m05-g2-L8-n3-beta2__N0048__Aplus_0p0025,hm-m05-g2-L8-n3-beta2,48,-0.0025,39,6.5,0.9995099617004518,0.9995873819893139
hm-m05-g2-L8-n3-beta2__N0048__Aminus_0p0025,hm-m05-g2-L8-n3-beta2__N0048__Aplus_0p0025,hm-m05-g2-L8-n3-beta2,48,-0.0025,40,6.666666666666666,0.9999977570730435,0.9999966239619226
hm-m05-g2-L8-n3-beta2__N0048__Aminus_0p0025,hm-m05-g2-L8-n3-beta2__N0048__Aplus_0p0025,hm-m05-g2-L8-n3-beta2,48,-0.0025,41,6.833333333333333,1.000485414461736,1.0004058967626093
hm-m05-g2-L8-n3-beta2__N0048__Aminus_0p0025,hm-m05-g2-L8-n3-beta2__N0048__Aplus_0p0025,hm-m05-g2-L8-n3-beta2,48,-0.0025,42,7.0,1.0009542011468604,1.0007994704580716
hm-m05-g2-L8-n3-beta2__N0048__Aminus_0p0025,hm-m05-g2-L8-n3-beta2__N0048__Aplus_0p0025,hm-m05-g2-L8-n3-beta2,48,-0.0025,43,7.166666666666666,1.0013861241661366,1.0011622151997706
hm-m05-g2-L8-n3-beta2__N0048__Aminus_0p0025,hm-m05-g2-L8-n3-beta2__N0048__Aplus_0p0025,hm-m05-g2-L8-n3-beta2,48,-0.0025,44,7.333333333333333,1.0017646184081082,1.0014801834283387
hm-m05-g2-L8-n3-beta2__N0048__Aminus_0p0025,hm-m05-g2-L8-n3-beta2__N0048__Aplus_0p0025,hm-m05-g2-L8-n3-beta2,48,-0.0025,45,7.5,1.0020751781110442,1.0017411470106288
hm-m05-g2-L8-n3-beta2__N0048__Aminus_0p0025,hm-m05-g2-L8-n3-beta2__N0048__Aplus_0p0025,hm-m05-g2-L8-n3-beta2,48,-0.0025,46,7.666666666666666,1.0023059082729058,1.001935068493595
hm-m05-g2-L8-n3-beta2__N0048__Aminus_0p0025,hm-m05-g2-L8-n3-beta2__N0048__Aplus_0p0025,hm-m05-g2-L8-n3-beta2,48,-0.0025,47,7.833333333333333,1.0024479757065947,1.0020544881636397
hm-m05-g2-L8-n3-beta2__N0048__Aminus_0p0025,hm-m05-g2-L8-n3-beta2__N0048__Aplus_0p0025,hm-m05-g2-L8-n3-beta2,48,-0.0025,48,8.0,1.0024959433395533,1.0020948118382784
hm-m05-g2-L8-n3-beta2__N0048__Aplus_0p0025,hm-m05-g2-L8-n3-beta2__N0048__Aminus_0p0025,hm-m05-g2-L8-n3-beta2,48,0.0025,0,0.0,1.0024959433395573,1.0020948118382857
hm-m05-g2-L8-n3-beta2__N0048__Aplus_0p0025,hm-m05-g2-L8-n3-beta2__N0048__Aminus_0p0025,hm-m05-g2-L8-n3-beta2,48,0.0025,1,0.16666666666666666,1.0024479757065987,1.002054488163647
hm-m05-g2-L8-n3-beta2__N0048__Aplus_0p0025,hm-m05-g2-L8-n3-beta2__N0048__Aminus_0p0025,hm-m05-g2-L8-n3-beta2,48,0.0025,2,0.3333333333333333,1.00230590827291,1.0019350684936026
hm-m05-g2-L8-n3-beta2__N0048__Aplus_0p0025,hm-m05-g2-L8-n3-beta2__N0048__Aminus_0p0025,hm-m05-g2-L8-n3-beta2,48,0.0025,3,0.5,1.0020751781110486,1.0017411470106365
hm-m05-g2-L8-n3-beta2__N0048__Aplus_0p0025,hm-m05-g2-L8-n3-beta2__N0048__Aminus_0p0025,hm-m05-g2-L8-n3-beta2,48,0.0025,4,0.6666666666666666,1.0017646184081128,1.0014801834283464
hm-m05-g2-L8-n3-beta2__N0048__Aplus_0p0025,hm-m05-g2-L8-n3-beta2__N0048__Aminus_0p0025,hm-m05-g2-L8-n3-beta2,48,0.0025,5,0.8333333333333333,1.0013861241661415,1.0011622151997783
hm-m05-g2-L8-n3-beta2__N0048__Aplus_0p0025,hm-m05-g2-L8-n3-beta2__N0048__Aminus_0p0025,hm-m05-g2-L8-n3-beta2,48,0.0025,6,1.0,1.0009542011468657,1.0007994704580794
hm-m05-g2-L8-n3-beta2__N0048__Aplus_0p0025,hm-m05-g2-L8-n3-beta2__N0048__Aminus_0p0025,hm-m05-g2-L8-n3-beta2,48,0.0025,7,1.1666666666666665,1.0004854144617414,1.000405896762617
hm-m05-g2-L8-n3-beta2__N0048__Aplus_0p0025,hm-m05-g2-L8-n3-beta2__N0048__Aminus_0p0025,hm-m05-g2-L8-n3-beta2,48,0.0025,8,1.3333333333333333,0.9999977570730494,0.9999966239619305
hm-m05-g2-L8-n3-beta2__N0048__Aplus_0p0025,hm-m05-g2-L8-n3-beta2__N0048__Aminus_0p0025,hm-m05-g2-L8-n3-beta2,48,0.0025,9,1.5,0.9995099617004577,0.9995873819893216
hm-m05-g2-L8-n3-beta2__N0048__Aplus_0p0025,hm-m05-g2-L8-n3-beta2__N0048__Aminus_0p0025,hm-m05-g2-L8-n3-beta2,48,0.0025,10,1.6666666666666665,0.9990407820706595,0.9991938960847925
hm-m05-g2-L8-n3-beta2__N0048__Aplus_0p0025,hm-m05-g2-L8-n3-beta2__N0048__Aminus_0p0025,hm-m05-g2-L8-n3-beta2,48,0.0025,11,1.8333333333333333,0.9986082709687475,0.9988312827314976
hm-m05-g2-L8-n3-beta2__N0048__Aplus_0p0025,hm-m05-g2-L8-n3-beta2__N0048__Aminus_0p0025,hm-m05-g2-L8-n3-beta2,48,0.0025,12,2.0,0.9982290830369757,0.9985134694861001
hm-m05-g2-L8-n3-beta2__N0048__Aplus_0p0025,hm-m05-g2-L8-n3-beta2__N0048__Aminus_0p0025,hm-m05-g2-L8-n3-beta2,48,0.0025,13,2.1666666666666665,0.9979178296452855,0.9982526608869595
hm-m05-g2-L8-n3-beta2__N0048__Aplus_0p0025,hm-m05-g2-L8-n3-beta2__N0048__Aminus_0p0025,hm-m05-g2-L8-n3-beta2,48,0.0025,14,2.333333333333333,0.9976865114033137,0.9980588707923469
hm-m05-g2-L8-n3-beta2__N0048__Aplus_0p0025,hm-m05-g2-L8-n3-beta2__N0048__Aminus_0p0025,hm-m05-g2-L8-n3-beta2,48,0.0025,15,2.5,0.9975440510274767,0.9979395389131851
hm-m05-g2-L8-n3-beta2__N0048__Aplus_0p0025,hm-m05-g2-L8-n3-beta2__N0048__Aminus_0p0025,hm-m05-g2-L8-n3-beta2,48,0.0025,16,2.6666666666666665,0.9974959454116646,0.997899246066603
hm-m05-g2-L8-n3-beta2__N0048__Aplus_0p0025,hm-m05-g2-L8-n3-beta2__N0048__Aminus_0p0025,hm-m05-g2-L8-n3-beta2,48,0.0025,17,2.833333333333333,0.9975440510274762,0.9979395389131844
hm-m05-g2-L8-n3-beta2__N0048__Aplus_0p0025,hm-m05-g2-L8-n3-beta2__N0048__Aminus_0p0025,hm-m05-g2-L8-n3-beta2,48,0.0025,18,3.0,0.9976865114033127,0.9980588707923457
hm-m05-g2-L8-n3-beta2__N0048__Aplus_0p0025,hm-m05-g2-L8-n3-beta2__N0048__Aminus_0p0025,hm-m05-g2-L8-n3-beta2,48,0.0025,19,3.1666666666666665,0.9979178296452841,0.9982526608869576
hm-m05-g2-L8-n3-beta2__N0048__Aplus_0p0025,hm-m05-g2-L8-n3-beta2__N0048__Aminus_0p0025,hm-m05-g2-L8-n3-beta2,48,0.0025,20,3.333333333333333,0.9982290830369738,0.9985134694860975
hm-m05-g2-L8-n3-beta2__N0048__Aplus_0p0025,hm-m05-g2-L8-n3-beta2__N0048__Aminus_0p0025,hm-m05-g2-L8-n3-beta2,48,0.0025,21,3.5,0.9986082709687452,0.9988312827314945
hm-m05-g2-L8-n3-beta2__N0048__Aplus_0p0025,hm-m05-g2-L8-n3-beta2__N0048__Aminus_0p0025,hm-m05-g2-L8-n3-beta2,48,0.0025,22,3.6666666666666665,0.9990407820706567,0.9991938960847888
hm-m05-g2-L8-n3-beta2__N0048__Aplus_0p0025,hm-m05-g2-L8-n3-beta2__N0048__Aminus_0p0025,hm-m05-g2-L8-n3-beta2,48,0.0025,23,3.833333333333333,0.9995099617004546,0.9995873819893175
hm-m05-g2-L8-n3-beta2__N0048__Aplus_0p0025,hm-m05-g2-L8-n3-beta2__N0048__Aminus_0p0025,hm-m05-g2-L8-n3-beta2,48,0.0025,24,4.0,0.9999977570730458,0.9999966239619258
hm-m05-g2-L8-n3-beta2__N0048__Aplus_0p0025,hm-m05-g2-L8-n3-beta2__N0048__Aminus_0p0025,hm-m05-g2-L8-n3-beta2,48,0.0025,25,4.166666666666666,1.0004854144617377,1.000405896762612
hm-m05-g2-L8-n3-beta2__N0048__Aplus_0p0025,hm-m05-g2-L8-n3-beta2__N0048__Aminus_0p0025,hm-m05-g2-L8-n3-beta2,48,0.0025,26,4.333333333333333,1.0009542011468617,1.0007994704580738
hm-m05-g2-L8-n3-beta2__N0048__Aplus_0p0025,hm-m05-g2-L8-n3-beta2__N0048__Aminus_0p0025,hm-m05-g2-L8-n3-beta2,48,0.0025,27,4.5,1.0013861241661375,1.0011622151997723
hm-m05-g2-L8-n3-beta2__N0048__Aplus_0p0025,hm-m05-g2-L8-n3-beta2__N0048__Aminus_0p0025,hm-m05-g2-L8-n3-beta2,48,0.0025,28,4.666666666666666,1.0017646184081086,1.00148018342834
hm-m05-g2-L8-n3-beta2__N0048__Aplus_0p0025,hm-m05-g2-L8-n3-beta2__N0048__Aminus_0p0025,hm-m05-g2-L8-n3-beta2,48,0.0025,29,4.833333333333333,1.0020751781110442,1.0017411470106294
hm-m05-g2-L8-n3-beta2__N0048__Aplus_0p0025,hm-m05-g2-L8-n3-beta2__N0048__Aminus_0p0025,hm-m05-g2-L8-n3-beta2,48,0.0025,30,5.0,1.0023059082729053,1.0019350684935955
hm-m05-g2-L8-n3-beta2__N0048__Aplus_0p0025,hm-m05-g2-L8-n3-beta2__N0048__Aminus_0p0025,hm-m05-g2-L8-n3-beta2,48,0.0025,31,5.166666666666666,1.0024479757065938,1.0020544881636397
hm-m05-g2-L8-n3-beta2__N0048__Aplus_0p0025,hm-m05-g2-L8-n3-beta2__N0048__Aminus_0p0025,hm-m05-g2-L8-n3-beta2,48,0.0025,32,5.333333333333333,1.002495943339552,1.0020948118382782
hm-m05-g2-L8-n3-beta2__N0048__Aplus_0p0025,hm-m05-g2-L8-n3-beta2__N0048__Aminus_0p0025,hm-m05-g2-L8-n3-beta2,48,0.0025,33,5.5,1.0024479757065932,1.0020544881636393
hm-m05-g2-L8-n3-beta2__N0048__Aplus_0p0025,hm-m05-g2-L8-n3-beta2__N0048__Aminus_0p0025,hm-m05-g2-L8-n3-beta2,48,0.0025,34,5.666666666666666,1.002305908272904,1.0019350684935946
hm-m05-g2-L8-n3-beta2__N0048__Aplus_0p0025,hm-m05-g2-L8-n3-beta2__N0048__Aminus_0p0025,hm-m05-g2-L8-n3-beta2,48,0.0025,35,5.833333333333333,1.0020751781110424,1.001741147010628
hm-m05-g2-L8-n3-beta2__N0048__Aplus_0p0025,hm-m05-g2-L8-n3-beta2__N0048__Aminus_0p0025,hm-m05-g2-L8-n3-beta2,48,0.0025,36,6.0,1.0017646184081064,1.001480183428338
hm-m05-g2-L8-n3-beta2__N0048__Aplus_0p0025,hm-m05-g2-L8-n3-beta2__N0048__Aminus_0p0025,hm-m05-g2-L8-n3-beta2,48,0.0025,37,6.166666666666666,1.001386124166135,1.00116221519977
hm-m05-g2-L8-n3-beta2__N0048__Aplus_0p0025,hm-m05-g2-L8-n3-beta2__N0048__Aminus_0p0025,hm-m05-g2-L8-n3-beta2,48,0.0025,38,6.333333333333333,1.000954201146859,1.000799470458071
hm-m05-g2-L8-n3-beta2__N0048__Aplus_0p0025,hm-m05-g2-L8-n3-beta2__N0048__Aminus_0p0025,hm-m05-g2-L8-n3-beta2,48,0.0025,39,6.5,1.0004854144617346,1.0004058967626086
hm-m05-g2-L8-n3-beta2__N0048__Aplus_0p0025,hm-m05-g2-L8-n3-beta2__N0048__Aminus_0p0025,hm-m05-g2-L8-n3-beta2,48,0.0025,40,6.666666666666666,0.9999977570730428,0.999996623961922
hm-m05-g2-L8-n3-beta2__N0048__Aplus_0p0025,hm-m05-g2-L8-n3-beta2__N0048__Aminus_0p0025,hm-m05-g2-L8-n3-beta2,48,0.0025,41,6.833333333333333,0.9995099617004516,0.9995873819893135
hm-m05-g2-L8-n3-beta2__N0048__Aplus_0p0025,hm-m05-g2-L8-n3-beta2__N0048__Aminus_0p0025,hm-m05-g2-L8-n3-beta2,48,0.0025,42,7.0,0.9990407820706538,0.9991938960847848
hm-m05-g2-L8-n3-beta2__N0048__Aplus_0p0025,hm-m05-g2-L8-n3-beta2__N0048__Aminus_0p0025,hm-m05-g2-L8-n3-beta2,48,0.0025,43,7.166666666666666,0.9986082709687424,0.9988312827314902
hm-m05-g2-L8-n3-beta2__N0048__Aplus_0p0025,hm-m05-g2-L8-n3-beta2__N0048__Aminus_0p0025,hm-m05-g2-L8-n3-beta2,48,0.0025,44,7.333333333333333,0.9982290830369711,0.998513469486093
hm-m05-g2-L8-n3-beta2__N0048__Aplus_0p0025,hm-m05-g2-L8-n3-beta2__N0048__Aminus_0p0025,hm-m05-g2-L8-n3-beta2,48,0.0025,45,7.5,0.9979178296452815,0.9982526608869527
hm-m05-g2-L8-n3-beta2__N0048__Aplus_0p0025,hm-m05-g2-L8-n3-beta2__N0048__Aminus_0p0025,hm-m05-g2-L8-n3-beta2,48,0.0025,46,7.666666666666666,0.9976865114033102,0.9980588707923402
hm-m05-g2-L8-n3-beta2__N0048__Aplus_0p0025,hm-m05-g2-L8-n3-beta2__N0048__Aminus_0p0025,hm-m05-g2-L8-n3-beta2,48,0.0025,47,7.833333333333333,0.9975440510274737,0.9979395389131787
hm-m05-g2-L8-n3-beta2__N0048__Aplus_0p0025,hm-m05-g2-L8-n3-beta2__N0048__Aminus_0p0025,hm-m05-g2-L8-n3-beta2,48,0.0025,48,8.0,0.9974959454116619,0.9978992460665969
hm-m05-g2-L8-n3-beta2__N0048__Aplus_0p005,hm-m05-g2-L8-n3-beta2__N0048__Aminus_0p005,hm-m05-g2-L8-n3-beta2,48,0.005,0,0.0,1.004983769415168,1.004183634245077
hm-m05-g2-L8-n3-beta2__N0048__Aplus_0p005,hm-m05-g2-L8-n3-beta2__N0048__Aminus_0p005,hm-m05-g2-L8-n3-beta2,48,0.005,1,0.16666666666666666,1.0048879731531173,1.004102957265315
hm-m05-g2-L8-n3-beta2__N0048__Aplus_0p005,hm-m05-g2-L8-n3-beta2__N0048__Aminus_0p005,hm-m05-g2-L8-n3-beta2,48,0.005,2,0.3333333333333333,1.004604233943218,1.0038640335821514
hm-m05-g2-L8-n3-beta2__N0048__Aplus_0p005,hm-m05-g2-L8-n3-beta2__N0048__Aminus_0p005,hm-m05-g2-L8-n3-beta2,48,0.005,3,0.5,1.0041433651835292,1.003476064530252
hm-m05-g2-L8-n3-beta2__N0048__Aplus_0p005,hm-m05-g2-L8-n3-beta2__N0048__Aminus_0p005,hm-m05-g2-L8-n3-beta2,48,0.005,4,0.6666666666666666,1.0035229425279957,1.0029539889974677
hm-m05-g2-L8-n3-beta2__N0048__Aplus_0p005,hm-m05-g2-L8-n3-beta2__N0048__Aminus_0p005,hm-m05-g2-L8-n3-beta2,48,0.005,5,0.8333333333333333,1.002766649320088,1.002317904931834
hm-m05-g2-L8-n3-beta2__N0048__Aplus_0p005,hm-m05-g2-L8-n3-beta2__N0048__Aminus_0p005,hm-m05-g2-L8-n3-beta2,48,0.005,6,1.0,1.0019033909177684,1.0015922917535114
hm-m05-g2-L8-n3-beta2__N0048__Aplus_0p005,hm-m05-g2-L8-n3-beta2__N0048__Aminus_0p005,hm-m05-g2-L8-n3-beta2,48,0.005,7,1.1666666666666665,1.0009662081432071,1.0008050643257715
hm-m05-g2-L8-n3-beta2__N0048__Aplus_0p005,hm-m05-g2-L8-n3-beta2__N0048__Aminus_0p005,hm-m05-g2-L8-n3-beta2,48,0.005,8,1.3333333333333333,0.9999910278756423,0.9999864956336199
hm-m05-g2-L8-n3-beta2__N0048__Aplus_0p005,hm-m05-g2-L8-n3-beta2__N0048__Aminus_0p005,hm-m05-g2-L8-n3-beta2,48,0.005,9,1.5,0.999015295713233,0.999168050269297
hm-m05-g2-L8-n3-beta2__N0048__Aplus_0p005,hm-m05-g2-L8-n3-beta2__N0048__Aminus_0p005,hm-m05-g2-L8-n3-beta2,48,0.005,10,1.6666666666666665,0.9980765412787542,0.9983811740494271
hm-m05-g2-L8-n3-beta2__N0048__Aplus_0p005,hm-m05-g2-L8-n3-beta2__N0048__Aminus_0p005,hm-m05-g2-L8-n3-beta2,48,0.005,11,1.8333333333333333,0.9972109307311782,0.9976560864906255
hm-m05-g2-L8-n3-beta2__N0048__Aplus_0p005,hm-m05-g2-L8-n3-beta2__N0048__Aminus_0p005,hm-m05-g2-L8-n3-beta2,48,0.005,12,2.0,0.9964518629942275,0.9970206224351816
hm-m05-g2-L8-n3-beta2__N0048__Aplus_0p005,hm-m05-g2-L8-n3-beta2__N0048__Aminus_0p005,hm-m05-g2-L8-n3-beta2,48,0.005,13,2.1666666666666665,0.9958286658263882,0.9964991669122519
hm-m05-g2-L8-n3-beta2__N0048__Aplus_0p005,hm-m05-g2-L8-n3-beta2__N0048__Aminus_0p005,hm-m05-g2-L8-n3-beta2,48,0.005,14,2.333333333333333,0.9953654449618489,0.9961117234790636
hm-m05-g2-L8-n3-beta2__N0048__Aplus_0p005,hm-m05-g2-L8-n3-beta2__N0048__Aminus_0p005,hm-m05-g2-L8-n3-beta2,48,0.005,15,2.5,0.9950801341324361,0.9958731510029574
hm-m05-g2-L8-n3-beta2__N0048__Aplus_0p005,hm-m05-g2-L8-n3-beta2__N0048__Aminus_0p005,hm-m05-g2-L8-n3-beta2,48,0.005,16,2.6666666666666665,0.9949837859922727,0.9957925973506825
hm-m05-g2-L8-n3-beta2__N0048__Aplus_0p005,hm-m05-g2-L8-n3-beta2__N0048__Aminus_0p005,hm-m05-g2-L8-n3-beta2,48,0.005,17,2.833333333333333,0.9950801341324219,0.9958731510029398
hm-m05-g2-L8-n3-beta2__N0048__Aplus_0p005,hm-m05-g2-L8-n3-beta2__N0048__Aminus_0p005,hm-m05-g2-L8-n3-beta2,48,0.005,18,3.0,0.9953654449618206,0.9961117234790288
hm-m05-g2-L8-n3-beta2__N0048__Aplus_0p005,hm-m05-g2-L8-n3-beta2__N0048__Aminus_0p005,hm-m05-g2-L8-n3-beta2,48,0.005,19,3.1666666666666665,0.9958286658263463,0.9964991669122005
hm-m05-g2-L8-n3-beta2__N0048__Aplus_0p005,hm-m05-g2-L8-n3-beta2__N0048__Aminus_0p005,hm-m05-g2-L8-n3-beta2,48,0.005,20,3.333333333333333,0.9964518629941729,0.9970206224351145
hm-m05-g2-L8-n3-beta2__N0048__Aplus_0p005,hm-m05-g2-L8-n3-beta2__N0048__Aminus_0p005,hm-m05-g2-L8-n3-beta2,48,0.005,21,3.5,0.9972109307311118,0.9976560864905436
hm-m05-g2-L8-n3-beta2__N0048__Aplus_0p005,hm-m05-g2-L8-n3-beta2__N0048__Aminus_0p005,hm-m05-g2-L8-n3-beta2,48,0.005,22,3.6666666666666665,0.9980765412786772,0.9983811740493321
hm-m05-g2-L8-n3-beta2__N0048__Aplus_0p005,hm-m05-g2-L8-n3-beta2__N0048__Aminus_0p005,hm-m05-g2-L8-n3-beta2,48,0.005,23,3.833333333333333,0.9990152957131467,0.9991680502691906
hm-m05-g2-L8-n3-beta2__N0048__Aplus_0p005,hm-m05-g2-L8-n3-beta2__N0048__Aminus_0p005,hm-m05-g2-L8-n3-beta2,48,0.005,24,4.0,0.9999910278755483,0.9999864956335036
hm-m05-g2-L8-n3-beta2__N0048__Aplus_0p005,hm-m05-g2-L8-n3-beta2__N0048__Aminus_0p005,hm-m05-g2-L8-n3-beta2,48,0.005,25,4.166666666666666,1.000966208143107,1.0008050643256472
hm-m05-g2-L8-n3-beta2__N0048__Aplus_0p005,hm-m05-g2-L8-n3-beta2__N0048__Aminus_0p005,hm-m05-g2-L8-n3-beta2,48,0.005,26,4.333333333333333,1.0019033909176636,1.0015922917533813
hm-m05-g2-L8-n3-beta2__N0048__Aplus_0p005,hm-m05-g2-L8-n3-beta2__N0048__Aminus_0p005,hm-m05-g2-L8-n3-beta2,48,0.005,27,4.5,1.0027666493199805,1.0023179049317004
hm-m05-g2-L8-n3-beta2__N0048__Aplus_0p005,hm-m05-g2-L8-n3-beta2__N0048__Aminus_0p005,hm-m05-g2-L8-n3-beta2,48,0.005,28,4.666666666666666,1.0035229425278873,1.0029539889973327
hm-m05-g2-L8-n3-beta2__N0048__Aplus_0p005,hm-m05-g2-L8-n3-beta2__N0048__Aminus_0p005,hm-m05-g2-L8-n3-beta2,48,0.005,29,4.833333333333333,1.0041433651834215,1.0034760645301177
hm-m05-g2-L8-n3-beta2__N0048__Aplus_0p005,hm-m05-g2-L8-n3-beta2__N0048__Aminus_0p005,hm-m05-g2-L8-n3-beta2,48,0.005,30,5.0,1.004604233943113,1.0038640335820204
hm-m05-g2-L8-n3-beta2__N0048__Aplus_0p005,hm-m05-g2-L8-n3-beta2__N0048__Aminus_0p005,hm-m05-g2-L8-n3-beta2,48,0.005,31,5.166666666666666,1.0048879731530163,1.0041029572651892
hm-m05-g2-L8-n3-beta2__N0048__Aplus_0p005,hm-m05-g2-L8-n3-beta2__N0048__Aminus_0p005,hm-m05-g2-L8-n3-beta2,48,0.005,32,5.333333333333333,1.004983769415073,1.0041836342449582
hm-m05-g2-L8-n3-beta2__N0048__Aplus_0p005,hm-m05-g2-L8-n3-beta2__N0048__Aminus_0p005,hm-m05-g2-L8-n3-beta2,48,0.005,33,5.5,1.0048879731530296,1.0041029572652058
hm-m05-g2-L8-n3-beta2__N0048__Aplus_0p005,hm-m05-g2-L8-n3-beta2__N0048__Aminus_0p005,hm-m05-g2-L8-n3-beta2,48,0.005,34,5.666666666666666,1.0046042339431394,1.0038640335820534
hm-m05-g2-L8-n3-beta2__N0048__Aplus_0p005,hm-m05-g2-L8-n3-beta2__N0048__Aminus_0p005,hm-m05-g2-L8-n3-beta2,48,0.005,35,5.833333333333333,1.0041433651834606,1.003476064530167
hm-m05-g2-L8-n3-beta2__N0048__Aplus_0p005,hm-m05-g2-L8-n3-beta2__N0048__Aminus_0p005,hm-m05-g2-L8-n3-beta2,48,0.005,36,6.0,1.0035229425279384,1.002953988997397
hm-m05-g2-L8-n3-beta2__N0048__Aplus_0p005,hm-m05-g2-L8-n3-beta2__N0048__Aminus_0p005,hm-m05-g2-L8-n3-beta2,48,0.005,37,6.166666666666666,1.002766649320043,1.0023179049317787
hm-m05-g2-L8-n3-beta2__N0048__Aplus_0p005,hm-m05-g2-L8-n3-beta2__N0048__Aminus_0p005,hm-m05-g2-L8-n3-beta2,48,0.005,38,6.333333333333333,1.0019033909177362,1.0015922917534723
hm-m05-g2-L8-n3-beta2__N0048__Aplus_0p005,hm-m05-g2-L8-n3-beta2__N0048__Aminus_0p005,hm-m05-g2-L8-n3-beta2,48,0.005,39,6.5,1.0009662081431887,1.0008050643257493
hm-m05-g2-L8-n3-beta2__N0048__Aplus_0p005,hm-m05-g2-L8-n3-beta2__N0048__Aminus_0p005,hm-m05-g2-L8-n3-beta2,48,0.005,40,6.666666666666666,0.9999910278756377,0.9999864956336149
hm-m05-g2-L8-n3-beta2__N0048__Aplus_0p005,hm-m05-g2-L8-n3-beta2__N0048__Aminus_0p005,hm-m05-g2-L8-n3-beta2,48,0.005,41,6.833333333333333,0.9990152957132424,0.9991680502693092
hm-m05-g2-L8-n3-beta2__N0048__Aplus_0p005,hm-m05-g2-L8-n3-beta2__N0048__Aminus_0p005,hm-m05-g2-L8-n3-beta2,48,0.005,42,7.0,0.9980765412787774,0.9983811740494561
hm-m05-g2-L8-n3-beta2__N0048__Aplus_0p005,hm-m05-g2-L8-n3-beta2__N0048__Aminus_0p005,hm-m05-g2-L8-n3-beta2,48,0.005,43,7.166666666666666,0.9972109307312149,0.9976560864906708
hm-m05-g2-L8-n3-beta2__N0048__Aplus_0p005,hm-m05-g2-L8-n3-beta2__N0048__Aminus_0p005,hm-m05-g2-L8-n3-beta2,48,0.005,44,7.333333333333333,0.9964518629942771,0.9970206224352424
hm-m05-g2-L8-n3-beta2__N0048__Aplus_0p005,hm-m05-g2-L8-n3-beta2__N0048__Aminus_0p005,hm-m05-g2-L8-n3-beta2,48,0.005,45,7.5,0.9958286658264497,0.996499166912327
hm-m05-g2-L8-n3-beta2__N0048__Aplus_0p005,hm-m05-g2-L8-n3-beta2__N0048__Aminus_0p005,hm-m05-g2-L8-n3-beta2,48,0.005,46,7.666666666666666,0.9953654449619213,0.9961117234791514
hm-m05-g2-L8-n3-beta2__N0048__Aplus_0p005,hm-m05-g2-L8-n3-beta2__N0048__Aminus_0p005,hm-m05-g2-L8-n3-beta2,48,0.005,47,7.833333333333333,0.9950801341325181,0.9958731510030566
hm-m05-g2-L8-n3-beta2__N0048__Aplus_0p005,hm-m05-g2-L8-n3-beta2__N0048__Aminus_0p005,hm-m05-g2-L8-n3-beta2,48,0.005,48,8.0,0.9949837859923625,0.9957925973507915
hm-m05-g2-L8-n3-beta2__N0048__Aplus_0p01,hm-m05-g2-L8-n3-beta2__N0048__Aminus_0p01,hm-m05-g2-L8-n3-beta2,48,0.01,0,0.0,1.0099350477206361,1.0083431213063407
hm-m05-g2-L8-n3-beta2__N0048__Aplus_0p01,hm-m05-g2-L8-n3-beta2__N0048__Aminus_0p01,hm-m05-g2-L8-n3-beta2,48,0.01,1,0.16666666666666666,1.0097440150303483,1.0081816535381722
hm-m05-g2-L8-n3-beta2__N0048__Aplus_0p01,hm-m05-g2-L8-n3-beta2__N0048__Aminus_0p01,hm-m05-g2-L8-n3-beta2,48,0.01,2,0.3333333333333333,1.0091781293585744,1.0077034823713527
hm-m05-g2-L8-n3-beta2__N0048__Aplus_0p01,hm-m05-g2-L8-n3-beta2__N0048__Aminus_0p01,hm-m05-g2-L8-n3-beta2,48,0.01,3,0.5,1.0082587709558986,1.006927060804413
hm-m05-g2-L8-n3-beta2__N0048__Aplus_0p01,hm-m05-g2-L8-n3-beta2__N0048__Aminus_0p01,hm-m05-g2-L8-n3-beta2,48,0.01,4,0.6666666666666666,1.0070207236814774,1.005882342337332
hm-m05-g2-L8-n3-beta2__N0048__Aplus_0p01,hm-m05-g2-L8-n3-beta2__N0048__Aminus_0p01,hm-m05-g2-L8-n3-beta2,48,0.01,5,0.8333333333333333,1.005510923565304,1.0046096128817332
hm-m05-g2-L8-n3-beta2__N0048__Aplus_0p01,hm-m05-g2-L8-n3-beta2__N0048__Aminus_0p01,hm-m05-g2-L8-n3-beta2,48,0.01,6,1.0,1.003786754593302,1.0031579221892617
hm-m05-g2-L8-n3-beta2__N0048__Aplus_0p01,hm-m05-g2-L8-n3-beta2__N0048__Aminus_0p01,hm-m05-g2-L8-n3-beta2,48,0.01,7,1.1666666666666665,1.0019139414353695,1.0015831779826874
hm-m05-g2-L8-n3-beta2__N0048__Aplus_0p01,hm-m05-g2-L8-n3-beta2__N0048__Aminus_0p01,hm-m05-g2-L8-n3-beta2,48,0.01,8,1.3333333333333333,0.999964104836819,0.9999459791077834
hm-m05-g2-L8-n3-beta2__N0048__Aplus_0p01,hm-m05-g2-L8-n3-beta2__N0048__Aminus_0p01,hm-m05-g2-L8-n3-beta2,48,0.01,9,1.5,0.9980120613109759,0.9983092737924815
hm-m05-g2-L8-n3-beta2__N0048__Aplus_0p01,hm-m05-g2-L8-n3-beta2__N0048__Aminus_0p01,hm-m05-g2-L8-n3-beta2,48,0.01,10,1.6666666666666665,0.9961329634138798,0.9967359351235767
hm-m05-g2-L8-n3-beta2__N0048__Aplus_0p01,hm-m05-g2-L8-n3-beta2__N0048__Aminus_0p01,hm-m05-g2-L8-n3-beta2,48,0.01,11,1.8333333333333333,0.994399388825526,0.9952863479636681
hm-m05-g2-L8-n3-beta2__N0048__Aplus_0p01,hm-m05-g2-L8-n3-beta2__N0048__Aminus_0p01,hm-m05-g2-L8-n3-beta2,48,0.01,12,2.0,0.9928784942757543,0.9940160997889562
hm-m05-g2-L8-n3-beta2__N0048__Aplus_0p01,hm-m05-g2-L8-n3-beta2__N0048__Aminus_0p01,hm-m05-g2-L8-n3-beta2,48,0.01,13,2.1666666666666665,0.991629352835466,0.9929738625974017
hm-m05-g2-L8-n3-beta2__N0048__Aplus_0p01,hm-m05-g2-L8-n3-beta2__N0048__Aminus_0p01,hm-m05-g2-L8-n3-beta2,48,0.01,14,2.333333333333333,0.9907005894627983,0.9921995445500836
hm-m05-g2-L8-n3-beta2__N0048__Aplus_0p01,hm-m05-g2-L8-n3-beta2__N0048__Aminus_0p01,hm-m05-g2-L8-n3-beta2,48,0.01,15,2.5,0.99012841969822,0.9917227789079917
hm-m05-g2-L8-n3-beta2__N0048__Aplus_0p01,hm-m05-g2-L8-n3-beta2__N0048__Aminus_0p01,hm-m05-g2-L8-n3-beta2,48,0.01,16,2.6666666666666665,0.9899351803483697,0.9915618046940634
hm-m05-g2-L8-n3-beta2__N0048__Aplus_0p01,hm-m05-g2-L8-n3-beta2__N0048__Aminus_0p01,hm-m05-g2-L8-n3-beta2,48,0.01,17,2.833333333333333,0.9901284196982171,0.9917227789079881
hm-m05-g2-L8-n3-beta2__N0048__Aplus_0p01,hm-m05-g2-L8-n3-beta2__N0048__Aminus_0p01,hm-m05-g2-L8-n3-beta2,48,0.01,18,3.0,0.9907005894627926,0.9921995445500764
hm-m05-g2-L8-n3-beta2__N0048__Aplus_0p01,hm-m05-g2-L8-n3-beta2__N0048__Aminus_0p01,hm-m05-g2-L8-n3-beta2,48,0.01,19,3.1666666666666665,0.9916293528354576,0.9929738625973911
hm-m05-g2-L8-n3-beta2__N0048__Aplus_0p01,hm-m05-g2-L8-n3-beta2__N0048__Aminus_0p01,hm-m05-g2-L8-n3-beta2,48,0.01,20,3.333333333333333,0.9928784942757433,0.9940160997889425
hm-m05-g2-L8-n3-beta2__N0048__Aplus_0p01,hm-m05-g2-L8-n3-beta2__N0048__Aminus_0p01,hm-m05-g2-L8-n3-beta2,48,0.01,21,3.5,0.9943993888255126,0.9952863479636512
hm-m05-g2-L8-n3-beta2__N0048__Aplus_0p01,hm-m05-g2-L8-n3-beta2__N0048__Aminus_0p01,hm-m05-g2-L8-n3-beta2,48,0.01,22,3.6666666666666665,0.9961329634138641,0.9967359351235574
hm-m05-g2-L8-n3-beta2__N0048__Aplus_0p01,hm-m05-g2-L8-n3-beta2__N0048__Aminus_0p01,hm-m05-g2-L8-n3-beta2,48,0.01,23,3.833333333333333,0.9980120613109583,0.9983092737924596
hm-m05-g2-L8-n3-beta2__N0048__Aplus_0p01,hm-m05-g2-L8-n3-beta2__N0048__Aminus_0p01,hm-m05-g2-L8-n3-beta2,48,0.01,24,4.0,0.9999641048367998,0.9999459791077593
hm-m05-g2-L8-n3-beta2__N0048__Aplus_0p01,hm-m05-g2-L8-n3-beta2__N0048__Aminus_0p01,hm-m05-g2-L8-n3-beta2,48,0.01,25,4.166666666666666,1.001913941435349,1.0015831779826616
hm-m05-g2-L8-n3-beta2__N0048__Aplus_0p01,hm-m05-g2-L8-n3-beta2__N0048__Aminus_0p01,hm-m05-g2-L8-n3-beta2,48,0.01,26,4.333333333333333,1.0037867545932806,1.0031579221892344
hm-m05-g2-L8-n3-beta2__N0048__Aplus_0p01,hm-m05-g2-L8-n3-beta2__N0048__Aminus_0p01,hm-m05-g2-L8-n3-beta2,48,0.01,27,4.5,1.005510923565282,1.0046096128817048
hm-m05-g2-L8-n3-beta2__N0048__Aplus_0p01,hm-m05-g2-L8-n3-beta2__N0048__Aminus_0p01,hm-m05-g2-L8-n3-beta2,48,0.01,28,4.666666666666666,1.0070207236814552,1.005882342337303
hm-m05-g2-L8-n3-beta2__N0048__Aplus_0p01,hm-m05-g2-L8-n3-beta2__N0048__Aminus_0p01,hm-m05-g2-L8-n3-beta2,48,0.01,29,4.833333333333333,1.0082587709558763,1.0069270608043839
hm-m05-g2-L8-n3-beta2__N0048__Aplus_0p01,hm-m05-g2-L8-n3-beta2__N0048__Aminus_0p01,hm-m05-g2-L8-n3-beta2,48,0.01,30,5.0,1.0091781293585524,1.0077034823713238
hm-m05-g2-L8-n3-beta2__N0048__Aplus_0p01,hm-m05-g2-L8-n3-beta2__N0048__Aminus_0p01,hm-m05-g2-L8-n3-beta2,48,0.01,31,5.166666666666666,1.009744015030327,1.0081816535381443
hm-m05-g2-L8-n3-beta2__N0048__Aplus_0p01,hm-m05-g2-L8-n3-beta2__N0048__Aminus_0p01,hm-m05-g2-L8-n3-beta2,48,0.01,32,5.333333333333333,1.0099350477206157,1.008343121306314
hm-m05-g2-L8-n3-beta2__N0048__Aplus_0p01,hm-m05-g2-L8-n3-beta2__N0048__Aminus_0p01,hm-m05-g2-L8-n3-beta2,48,0.01,33,5.5,1.009744015030329,1.008181653538147
hm-m05-g2-L8-n3-beta2__N0048__Aplus_0p01,hm-m05-g2-L8-n3-beta2__N0048__Aminus_0p01,hm-m05-g2-L8-n3-beta2,48,0.01,34,5.666666666666666,1.0091781293585562,1.007703482371329
hm-m05-g2-L8-n3-beta2__N0048__Aplus_0p01,hm-m05-g2-L8-n3-beta2__N0048__Aminus_0p01,hm-m05-g2-L8-n3-beta2,48,0.01,35,5.833333333333333,1.008258770955882,1.0069270608043912
hm-m05-g2-L8-n3-beta2__N0048__Aplus_0p01,hm-m05-g2-L8-n3-beta2__N0048__Aminus_0p01,hm-m05-g2-L8-n3-beta2,48,0.01,36,6.0,1.0070207236814626,1.0058823423373124
hm-m05-g2-L8-n3-beta2__N0048__Aplus_0p01,hm-m05-g2-L8-n3-beta2__N0048__Aminus_0p01,hm-m05-g2-L8-n3-beta2,48,0.01,37,6.166666666666666,1.005510923565291,1.0046096128817164
hm-m05-g2-L8-n3-beta2__N0048__Aplus_0p01,hm-m05-g2-L8-n3-beta2__N0048__Aminus_0p01,hm-m05-g2-L8-n3-beta2,48,0.01,38,6.333333333333333,1.0037867545932913,1.0031579221892477
hm-m05-g2-L8-n3-beta2__N0048__Aplus_0p01,hm-m05-g2-L8-n3-beta2__N0048__Aminus_0p01,hm-m05-g2-L8-n3-beta2,48,0.01,39,6.5,1.001913941435361,1.0015831779826763
hm-m05-g2-L8-n3-beta2__N0048__Aplus_0p01,hm-m05-g2-L8-n3-beta2__N0048__Aminus_0p01,hm-m05-g2-L8-n3-beta2,48,0.01,40,6.666666666666666,0.999964104836813,0.9999459791077752
hm-m05-g2-L8-n3-beta2__N0048__Aplus_0p01,hm-m05-g2-L8-n3-beta2__N0048__Aminus_0p01,hm-m05-g2-L8-n3-beta2,48,0.01,41,6.833333333333333,0.9980120613109724,0.9983092737924764
hm-m05-g2-L8-n3-beta2__N0048__Aplus_0p01,hm-m05-g2-L8-n3-beta2__N0048__Aminus_0p01,hm-m05-g2-L8-n3-beta2,48,0.01,42,7.0,0.9961329634138789,0.9967359351235747
hm-m05-g2-L8-n3-beta2__N0048__Aplus_0p01,hm-m05-g2-L8-n3-beta2__N0048__Aminus_0p01,hm-m05-g2-L8-n3-beta2,48,0.01,43,7.166666666666666,0.9943993888255277,0.995286347963669
hm-m05-g2-L8-n3-beta2__N0048__Aplus_0p01,hm-m05-g2-L8-n3-beta2__N0048__Aminus_0p01,hm-m05-g2-L8-n3-beta2,48,0.01,44,7.333333333333333,0.9928784942757584,0.9940160997889599
hm-m05-g2-L8-n3-beta2__N0048__Aplus_0p01,hm-m05-g2-L8-n3-beta2__N0048__Aminus_0p01,hm-m05-g2-L8-n3-beta2,48,0.01,45,7.5,0.9916293528354726,0.9929738625974079
hm-m05-g2-L8-n3-beta2__N0048__Aplus_0p01,hm-m05-g2-L8-n3-beta2__N0048__Aminus_0p01,hm-m05-g2-L8-n3-beta2,48,0.01,46,7.666666666666666,0.9907005894628069,0.9921995445500921
hm-m05-g2-L8-n3-beta2__N0048__Aplus_0p01,hm-m05-g2-L8-n3-beta2__N0048__Aminus_0p01,hm-m05-g2-L8-n3-beta2,48,0.01,47,7.833333333333333,0.9901284196982305,0.9917227789080024
hm-m05-g2-L8-n3-beta2__N0048__Aplus_0p01,hm-m05-g2-L8-n3-beta2__N0048__Aminus_0p01,hm-m05-g2-L8-n3-beta2,48,0.01,48,8.0,0.9899351803483818,0.9915618046940761
hm-m05-g2-L8-n3-beta2__N0048__Aplus_0p02,hm-m05-g2-L8-n3-beta2__N0048__Aminus_0p02,hm-m05-g2-L8-n3-beta2,48,0.02,0,0.0,1.0197399769607491,1.0165881370929422
hm-m05-g2-L8-n3-beta2__N0048__Aplus_0p02,hm-m05-g2-L8-n3-beta2__N0048__Aminus_0p02,hm-m05-g2-L8-n3-beta2,48,0.02,1,0.16666666666666666,1.0193601785011754,1.0162647831551785
hm-m05-g2-L8-n3-beta2__N0048__Aplus_0p02,hm-m05-g2-L8-n3-beta2__N0048__Aminus_0p02,hm-m05-g2-L8-n3-beta2,48,0.02,2,0.3333333333333333,1.0182348508100305,1.0153072517074493
hm-m05-g2-L8-n3-beta2__N0048__Aplus_0p02,hm-m05-g2-L8-n3-beta2__N0048__Aminus_0p02,hm-m05-g2-L8-n3-beta2,48,0.02,3,0.5,1.016405741364767,1.0137526380459234
hm-m05-g2-L8-n3-beta2__N0048__Aplus_0p02,hm-m05-g2-L8-n3-beta2__N0048__Aminus_0p02,hm-m05-g2-L8-n3-beta2,48,0.02,4,0.6666666666666666,1.0139409137249455,1.0116611356890268
hm-m05-g2-L8-n3-beta2__N0048__Aplus_0p02,hm-m05-g2-L8-n3-beta2__N0048__Aminus_0p02,hm-m05-g2-L8-n3-beta2,48,0.02,5,0.8333333333333333,1.0109324874041141,1.0091136599755648
hm-m05-g2-L8-n3-beta2__N0048__Aplus_0p02,hm-m05-g2-L8-n3-beta2__N0048__Aminus_0p02,hm-m05-g2-L8-n3-beta2,48,0.02,6,1.0,1.0074935087077987,1.0062086610922834
hm-m05-g2-L8-n3-beta2__N0048__Aplus_0p02,hm-m05-g2-L8-n3-beta2__N0048__Aminus_0p02,hm-m05-g2-L8-n3-beta2,48,0.02,7,1.1666666666666665,1.003754005321756,1.0030582591813333
hm-m05-g2-L8-n3-beta2__N0048__Aplus_0p02,hm-m05-g2-L8-n3-beta2__N0048__Aminus_0p02,hm-m05-g2-L8-n3-beta2,48,0.02,8,1.3333333333333333,0.9998563126917669,0.9997838616032125
hm-m05-g2-L8-n3-beta2__N0048__Aplus_0p02,hm-m05-g2-L8-n3-beta2__N0048__Aminus_0p02,hm-m05-g2-L8-n3-beta2,48,0.02,9,1.5,0.9959498027870934,0.9965114422354706
hm-m05-g2-L8-n3-beta2__N0048__Aplus_0p02,hm-m05-g2-L8-n3-beta2__N0048__Aminus_0p02,hm-m05-g2-L8-n3-beta2,48,0.02,10,1.6666666666666665,0.9921851908548279,0.9933666737722794
hm-m05-g2-L8-n3-beta2__N0048__Aplus_0p02,hm-m05-g2-L8-n3-beta2__N0048__Aminus_0p02,hm-m05-g2-L8-n3-beta2,48,0.02,11,1.8333333333333333,0.988708637128854,0.9904701058874393
hm-m05-g2-L8-n3-beta2__N0048__Aplus_0p02,hm-m05-g2-L8-n3-beta2__N0048__Aminus_0p02,hm-m05-g2-L8-n3-beta2,48,0.02,12,2.0,0.9856558919919292,0.9879325751346615
hm-m05-g2-L8-n3-beta2__N0048__Aplus_0p02,hm-m05-g2-L8-n3-beta2__N0048__Aminus_0p02,hm-m05-g2-L8-n3-beta2,48,0.02,13,2.1666666666666665,0.9831467498149224,0.9858510176517796
hm-m05-g2-L8-n3-beta2__N0048__Aplus_0p02,hm-m05-g2-L8-n3-beta2__N0048__Aminus_0p02,hm-m05-g2-L8-n3-beta2,48,0.02,14,2.333333333333333,0.981280075670199,0.9843048347794568
hm-m05-g2-L8-n3-beta2__N0048__Aplus_0p02,hm-m05-g2-L8-n3-beta2__N0048__Aminus_0p02,hm-m05-g2-L8-n3-beta2,48,0.02,15,2.5,0.980129649763031,0.983352936570249
hm-m05-g2-L8-n3-beta2__N0048__Aplus_0p02,hm-m05-g2-L8-n3-beta2__N0048__Aminus_0p02,hm-m05-g2-L8-n3-beta2,48,0.02,16,2.6666666666666665,0.9797410383076836,0.9830315607561979
hm-m05-g2-L8-n3-beta2__N0048__Aplus_0p02,hm-m05-g2-L8-n3-beta2__N0048__Aminus_0p02,hm-m05-g2-L8-n3-beta2,48,0.02,17,2.833333333333333,0.980129649763038,0.9833529365702574
hm-m05-g2-L8-n3-beta2__N0048__Aplus_0p02,hm-m05-g2-L8-n3-beta2__N0048__Aminus_0p02,hm-m05-g2-L8-n3-beta2,48,0.02,18,3.0,0.9812800756702129,0.9843048347794734
hm-m05-g2-L8-n3-beta2__N0048__Aplus_0p02,hm-m05-g2-L8-n3-beta2__N0048__Aminus_0p02,hm-m05-g2-L8-n3-beta2,48,0.02,19,3.1666666666666665,0.983146749814943,0.9858510176518042
hm-m05-g2-L8-n3-beta2__N0048__Aplus_0p02,hm-m05-g2-L8-n3-beta2__N0048__Aminus_0p02,hm-m05-g2-L8-n3-beta2,48,0.02,20,3.333333333333333,0.9856558919919558,0.9879325751346938
hm-m05-g2-L8-n3-beta2__N0048__Aplus_0p02,hm-m05-g2-L8-n3-beta2__N0048__Aminus_0p02,hm-m05-g2-L8-n3-beta2,48,0.02,21,3.5,0.9887086371288863,0.9904701058874787
hm-m05-g2-L8-n3-beta2__N0048__Aplus_0p02,hm-m05-g2-L8-n3-beta2__N0048__Aminus_0p02,hm-m05-g2-L8-n3-beta2,48,0.02,22,3.6666666666666665,0.9921851908548653,0.9933666737723253
hm-m05-g2-L8-n3-beta2__N0048__Aplus_0p02,hm-m05-g2-L8-n3-beta2__N0048__Aminus_0p02,hm-m05-g2-L8-n3-beta2,48,0.02,23,3.833333333333333,0.9959498027871352,0.9965114422355223
hm-m05-g2-L8-n3-beta2__N0048__Aplus_0p02,hm-m05-g2-L8-n3-beta2__N0048__Aminus_0p02,hm-m05-g2-L8-n3-beta2,48,0.02,24,4.0,0.9998563126918122,0.9997838616032688
hm-m05-g2-L8-n3-beta2__N0048__Aplus_0p02,hm-m05-g2-L8-n3-beta2__N0048__Aminus_0p02,hm-m05-g2-L8-n3-beta2,48,0.02,25,4.166666666666666,1.003754005321804,1.003058259181393
hm-m05-g2-L8-n3-beta2__N0048__Aplus_0p02,hm-m05-g2-L8-n3-beta2__N0048__Aminus_0p02,hm-m05-g2-L8-n3-beta2,48,0.02,26,4.333333333333333,1.0074935087078487,1.0062086610923455
hm-m05-g2-L8-n3-beta2__N0048__Aplus_0p02,hm-m05-g2-L8-n3-beta2__N0048__Aminus_0p02,hm-m05-g2-L8-n3-beta2,48,0.02,27,4.5,1.0109324874041652,1.0091136599756285
hm-m05-g2-L8-n3-beta2__N0048__Aplus_0p02,hm-m05-g2-L8-n3-beta2__N0048__Aminus_0p02,hm-m05-g2-L8-n3-beta2,48,0.02,28,4.666666666666666,1.0139409137249968,1.0116611356890908
hm-m05-g2-L8-n3-beta2__N0048__Aplus_0p02,hm-m05-g2-L8-n3-beta2__N0048__Aminus_0p02,hm-m05-g2-L8-n3-beta2,48,0.02,29,4.833333333333333,1.0164057413648178,1.0137526380459863
hm-m05-g2-L8-n3-beta2__N0048__Aplus_0p02,hm-m05-g2-L8-n3-beta2__N0048__Aminus_0p02,hm-m05-g2-L8-n3-beta2,48,0.02,30,5.0,1.0182348508100796,1.0153072517075101
hm-m05-g2-L8-n3-beta2__N0048__Aplus_0p02,hm-m05-g2-L8-n3-beta2__N0048__Aminus_0p02,hm-m05-g2-L8-n3-beta2,48,0.02,31,5.166666666666666,1.0193601785012223,1.0162647831552363
hm-m05-g2-L8-n3-beta2__N0048__Aplus_0p02,hm-m05-g2-L8-n3-beta2__N0048__Aminus_0p02,hm-m05-g2-L8-n3-beta2,48,0.02,32,5.333333333333333,1.0197399769607927,1.0165881370929954
hm-m05-g2-L8-n3-beta2__N0048__Aplus_0p02,hm-m05-g2-L8-n3-beta2__N0048__Aminus_0p02,hm-m05-g2-L8-n3-beta2,48,0.02,33,5.5,1.0193601785012147,1.0162647831552267
hm-m05-g2-L8-n3-beta2__N0048__Aplus_0p02,hm-m05-g2-L8-n3-beta2__N0048__Aminus_0p02,hm-m05-g2-L8-n3-beta2,48,0.02,34,5.666666666666666,1.0182348508100652,1.015307251707491
hm-m05-g2-L8-n3-beta2__N0048__Aplus_0p02,hm-m05-g2-L8-n3-beta2__N0048__Aminus_0p02,hm-m05-g2-L8-n3-beta2,48,0.02,35,5.833333333333333,1.016405741364796,1.0137526380459583
hm-m05-g2-L8-n3-beta2__N0048__Aplus_0p02,hm-m05-g2-L8-n3-beta2__N0048__Aminus_0p02,hm-m05-g2-L8-n3-beta2,48,0.02,36,6.0,1.0139409137249684,1.0116611356890541
hm-m05-g2-L8-n3-beta2__N0048__Aplus_0p02,hm-m05-g2-L8-n3-beta2__N0048__Aminus_0p02,hm-m05-g2-L8-n3-beta2,48,0.02,37,6.166666666666666,1.0109324874041303,1.0091136599755839
hm-m05-g2-L8-n3-beta2__N0048__Aplus_0p02,hm-m05-g2-L8-n3-beta2__N0048__Aminus_0p02,hm-m05-g2-L8-n3-beta2,48,0.02,38,6.333333333333333,1.0074935087078078,1.0062086610922938
hm-m05-g2-L8-n3-beta2__N0048__Aplus_0p02,hm-m05-g2-L8-n3-beta2__N0048__Aminus_0p02,hm-m05-g2-L8-n3-beta2,48,0.02,39,6.5,1.0037540053217577,1.0030582591813344
hm-m05-g2-L8-n3-beta2__N0048__Aplus_0p02,hm-m05-g2-L8-n3-beta2__N0048__Aminus_0p02,hm-m05-g2-L8-n3-beta2,48,0.02,40,6.666666666666666,0.999856312691761,0.9997838616032044
hm-m05-g2-L8-n3-beta2__N0048__Aplus_0p02,hm-m05-g2-L8-n3-beta2__N0048__Aminus_0p02,hm-m05-g2-L8-n3-beta2,48,0.02,41,6.833333333333333,0.9959498027870799,0.9965114422354534
hm-m05-g2-L8-n3-beta2__N0048__Aplus_0p02,hm-m05-g2-L8-n3-beta2__N0048__Aminus_0p02,hm-m05-g2-L8-n3-beta2,48,0.02,42,7.0,0.9921851908548069,0.993366673772253
hm-m05-g2-L8-n3-beta2__N0048__Aplus_0p02,hm-m05-g2-L8-n3-beta2__N0048__Aminus_0p02,hm-m05-g2-L8-n3-beta2,48,0.02,43,7.166666666666666,0.9887086371288257,0.9904701058874041
hm-m05-g2-L8-n3-beta2__N0048__Aplus_0p02,hm-m05-g2-L8-n3-beta2__N0048__Aminus_0p02,hm-m05-g2-L8-n3-beta2,48,0.02,44,7.333333333333333,0.9856558919918941,0.987932575134618
hm-m05-g2-L8-n3-beta2__N0048__Aplus_0p02,hm-m05-g2-L8-n3-beta2__N0048__Aminus_0p02,hm-m05-g2-L8-n3-beta2,48,0.02,45,7.5,0.9831467498148811,0.9858510176517282
hm-m05-g2-L8-n3-beta2__N0048__Aplus_0p02,hm-m05-g2-L8-n3-beta2__N0048__Aminus_0p02,hm-m05-g2-L8-n3-beta2,48,0.02,46,7.666666666666666,0.9812800756701521,0.9843048347793986
hm-m05-g2-L8-n3-beta2__N0048__Aplus_0p02,hm-m05-g2-L8-n3-beta2__N0048__Aminus_0p02,hm-m05-g2-L8-n3-beta2,48,0.02,47,7.833333333333333,0.9801296497629791,0.9833529365701849
hm-m05-g2-L8-n3-beta2__N0048__Aplus_0p02,hm-m05-g2-L8-n3-beta2__N0048__Aminus_0p02,hm-m05-g2-L8-n3-beta2,48,0.02,48,8.0,0.9797410383076277,0.983031560756129
hm-m05-g2-L8-n3-beta2__N0096__Aminus_0p02,hm-m05-g2-L8-n3-beta2__N0096__Aplus_0p02,hm-m05-g2-L8-n3-beta2,96,-0.02,0,0.0,0.9797431271308056,0.9830575060658173
hm-m05-g2-L8-n3-beta2__N0096__Aminus_0p02,hm-m05-g2-L8-n3-beta2__N0096__Aplus_0p02,hm-m05-g2-L8-n3-beta2,96,-0.02,1,0.08333333333333333,0.9798405045098686,0.9831379258953513
hm-m05-g2-L8-n3-beta2__N0096__Aminus_0p02,hm-m05-g2-L8-n3-beta2__N0096__Aplus_0p02,hm-m05-g2-L8-n3-beta2,96,-0.02,2,0.16666666666666666,0.9801316690802174,0.9833784187222272
hm-m05-g2-L8-n3-beta2__N0096__Aminus_0p02,hm-m05-g2-L8-n3-beta2__N0096__Aplus_0p02,hm-m05-g2-L8-n3-beta2,96,-0.02,3,0.25,0.9806137285173966,0.9837766916184661
hm-m05-g2-L8-n3-beta2__N0096__Aminus_0p02,hm-m05-g2-L8-n3-beta2__N0096__Aplus_0p02,hm-m05-g2-L8-n3-beta2,96,-0.02,4,0.3333333333333333,0.9812818967346535,0.9843289465081893
hm-m05-g2-L8-n3-beta2__N0096__Aminus_0p02,hm-m05-g2-L8-n3-beta2__N0096__Aplus_0p02,hm-m05-g2-L8-n3-beta2,96,-0.02,5,0.41666666666666663,0.9821295451007135,0.9850299151871417
hm-m05-g2-L8-n3-beta2__N0096__Aminus_0p02,hm-m05-g2-L8-n3-beta2__N0096__Aplus_0p02,hm-m05-g2-L8-n3-beta2,96,-0.02,6,0.5,0.9831482732248477,0.9858729079760069
hm-m05-g2-L8-n3-beta2__N0096__Aminus_0p02,hm-m05-g2-L8-n3-beta2__N0096__Aplus_0p02,hm-m05-g2-L8-n3-beta2,96,-0.02,7,0.5833333333333333,0.9843279984050296,0.9868498756317543
hm-m05-g2-L8-n3-beta2__N0096__Aminus_0p02,hm-m05-g2-L8-n3-beta2__N0096__Aplus_0p02,hm-m05-g2-L8-n3-beta2,96,-0.02,8,0.6666666666666666,0.9856570625991491,0.9879514840318612
hm-m05-g2-L8-n3-beta2__N0096__Aminus_0p02,hm-m05-g2-L8-n3-beta2__N0096__Aplus_0p02,hm-m05-g2-L8-n3-beta2,96,-0.02,9,0.75,0.987122355560598,0.9891672010359978
hm-m05-g2-L8-n3-beta2__N0096__Aminus_0p02,hm-m05-g2-L8-n3-beta2__N0096__Aplus_0p02,hm-m05-g2-L8-n3-beta2,96,-0.02,10,0.8333333333333333,0.9887094525820378,0.9904853948192214
hm-m05-g2-L8-n3-beta2__N0096__Aminus_0p02,hm-m05-g2-L8-n3-beta2__N0096__Aplus_0p02,hm-m05-g2-L8-n3-beta2,96,-0.02,11,0.9166666666666666,0.9904027651186953,0.9918934428607378
hm-m05-g2-L8-n3-beta2__N0096__Aminus_0p02,hm-m05-g2-L8-n3-beta2__N0096__Aplus_0p02,hm-m05-g2-L8-n3-beta2,96,-0.02,12,1.0,0.9921857024187458,0.9933778506641014
hm-m05-g2-L8-n3-beta2__N0096__Aminus_0p02,hm-m05-g2-L8-n3-beta2__N0096__Aplus_0p02,hm-m05-g2-L8-n3-beta2,96,-0.02,13,1.0833333333333333,0.9940408421764306,0.9949243791798259
hm-m05-g2-L8-n3-beta2__N0096__Aminus_0p02,hm-m05-g2-L8-n3-beta2__N0096__Aplus_0p02,hm-m05-g2-L8-n3-beta2,96,-0.02,14,1.1666666666666665,0.9959501081460825,0.9965181798015572
hm-m05-g2-L8-n3-beta2__N0096__Aminus_0p02,hm-m05-g2-L8-n3-beta2__N0096__Aplus_0p02,hm-m05-g2-L8-n3-beta2,96,-0.02,15,1.25,0.9978949526139098,0.9981439357141593
hm-m05-g2-L8-n3-beta2__N0096__Aminus_0p02,hm-m05-g2-L8-n3-beta2__N0096__Aplus_0p02,hm-m05-g2-L8-n3-beta2,96,-0.02,16,1.3333333333333333,0.9998565416199172,0.9997860082883022
hm-m05-g2-L8-n3-beta2__N0096__Aminus_0p02,hm-m05-g2-L8-n3-beta2__N0096__Aplus_0p02,hm-m05-g2-L8-n3-beta2,96,-0.02,17,1.4166666666666665,1.0018159408542546,1.0014285871434745
hm-m05-g2-L8-n3-beta2__N0096__Aminus_0p02,hm-m05-g2-L8-n3-beta2__N0096__Aplus_0p02,hm-m05-g2-L8-n3-beta2,96,-0.02,18,1.5,1.0037543002188967,1.0030558424416591
hm-m05-g2-L8-n3-beta2__N0096__Aminus_0p02,hm-m05-g2-L8-n3-beta2__N0096__Aplus_0p02,hm-m05-g2-L8-n3-beta2,96,-0.02,19,1.5833333333333333,1.0056530351439543,1.004652077928967
hm-m05-g2-L8-n3-beta2__N0096__Aminus_0p02,hm-m05-g2-L8-n3-beta2__N0096__Aplus_0p02,hm-m05-g2-L8-n3-beta2,96,-0.02,20,1.6666666666666665,1.0074940028740291,1.0062018832137383
hm-m05-g2-L8-n3-beta2__N0096__Aminus_0p02,hm-m05-g2-L8-n3-beta2__N0096__Aplus_0p02,hm-m05-g2-L8-n3-beta2,96,-0.02,21,1.75,1.0092596720887912,1.007690283758139
hm-m05-g2-L8-n3-beta2__N0096__Aminus_0p02,hm-m05-g2-L8-n3-beta2__N0096__Aplus_0p02,hm-m05-g2-L8-n3-beta2,96,-0.02,22,1.8333333333333333,1.010933284387566,1.0091028870667997
hm-m05-g2-L8-n3-beta2__N0096__Aminus_0p02,hm-m05-g2-L8-n3-beta2__N0096__Aplus_0p02,hm-m05-g2-L8-n3-beta2,96,-0.02,23,1.9166666666666665,1.0124990063438428,1.0104260235809062
hm-m05-g2-L8-n3-beta2__N0096__Aminus_0p02,hm-m05-g2-L8-n3-beta2__N0096__Aplus_0p02,hm-m05-g2-L8-n3-beta2,96,-0.02,24,2.0,1.013942071015797,1.0116468808292742
hm-m05-g2-L8-n3-beta2__N0096__Aminus_0p02,hm-m05-g2-L8-n3-beta2__N0096__Aplus_0p02,hm-m05-g2-L8-n3-beta2,96,-0.02,25,2.083333333333333,1.015248907976877,1.012753629448847
hm-m05-g2-L8-n3-beta2__N0096__Aminus_0p02,hm-m05-g2-L8-n3-beta2__N0096__Aplus_0p02,hm-m05-g2-L8-n3-beta2,96,-0.02,26,2.1666666666666665,1.0164072611004258,1.013735539764952
hm-m05-g2-L8-n3-beta2__N0096__Aminus_0p02,hm-m05-g2-L8-n3-beta2__N0096__Aplus_0p02,hm-m05-g2-L8-n3-beta2,96,-0.02,27,2.25,1.0174062934892616,1.0145830877154134
hm-m05-g2-L8-n3-beta2__N0096__Aminus_0p02,hm-m05-g2-L8-n3-beta2__N0096__Aplus_0p02,hm-m05-g2-L8-n3-beta2,96,-0.02,28,2.333333333333333,1.018236679081194,1.015288049010902
hm-m05-g2-L8-n3-beta2__N0096__Aminus_0p02,hm-m05-g2-L8-n3-beta2__N0096__Aplus_0p02,hm-m05-g2-L8-n3-beta2,96,-0.02,29,2.4166666666666665,1.0188906805820033,1.0158435805451724
hm-m05-g2-L8-n3-beta2__N0096__Aminus_0p02,hm-m05-g2-L8-n3-beta2__N0096__Aplus_0p02,hm-m05-g2-L8-n3-beta2,96,-0.02,30,2.5,1.0193622134771765,1.0162442882014453
hm-m05-g2-L8-n3-beta2__N0096__Aminus_0p02,hm-m05-g2-L8-n3-beta2__N0096__Aplus_0p02,hm-m05-g2-L8-n3-beta2,96,-0.02,31,2.583333333333333,1.0196468959528775,1.0164862803433876
hm-m05-g2-L8-n3-beta2__N0096__Aminus_0p02,hm-m05-g2-L8-n3-beta2__N0096__Aplus_0p02,hm-m05-g2-L8-n3-beta2,96,-0.02,32,2.6666666666666665,1.0197420846167358,1.0165672064291986
hm-m05-g2-L8-n3-beta2__N0096__Aminus_0p02,hm-m05-g2-L8-n3-beta2__N0096__Aplus_0p02,hm-m05-g2-L8-n3-beta2,96,-0.02,33,2.75,1.0196468959529004,1.0164862803434176
hm-m05-g2-L8-n3-beta2__N0096__Aminus_0p02,hm-m05-g2-L8-n3-beta2__N0096__Aplus_0p02,hm-m05-g2-L8-n3-beta2,96,-0.02,34,2.833333333333333,1.0193622134772222,1.016244288201505
hm-m05-g2-L8-n3-beta2__N0096__Aminus_0p02,hm-m05-g2-L8-n3-beta2__N0096__Aplus_0p02,hm-m05-g2-L8-n3-beta2,96,-0.02,35,2.9166666666666665,1.0188906805820714,1.0158435805452615
hm-m05-g2-L8-n3-beta2__N0096__Aminus_0p02,hm-m05-g2-L8-n3-beta2__N0096__Aplus_0p02,hm-m05-g2-L8-n3-beta2,96,-0.02,36,3.0,1.018236679081285,1.0152880490110199
hm-m05-g2-L8-n3-beta2__N0096__Aminus_0p02,hm-m05-g2-L8-n3-beta2__N0096__Aplus_0p02,hm-m05-g2-L8-n3-beta2,96,-0.02,37,3.083333333333333,1.0174062934893746,1.0145830877155602
hm-m05-g2-L8-n3-beta2__N0096__Aminus_0p02,hm-m05-g2-L8-n3-beta2__N0096__Aplus_0p02,hm-m05-g2-L8-n3-beta2,96,-0.02,38,3.1666666666666665,1.0164072611005606,1.0137355397651269
hm-m05-g2-L8-n3-beta2__N0096__Aminus_0p02,hm-m05-g2-L8-n3-beta2__N0096__Aplus_0p02,hm-m05-g2-L8-n3-beta2,96,-0.02,39,3.25,1.0152489079770333,1.0127536294490491
hm-m05-g2-L8-n3-beta2__N0096__Aminus_0p02,hm-m05-g2-L8-n3-beta2__N0096__Aplus_0p02,hm-m05-g2-L8-n3-beta2,96,-0.02,40,3.333333333333333,1.0139420710159741,1.0116468808295027
hm-m05-g2-L8-n3-beta2__N0096__Aminus_0p02,hm-m05-g2-L8-n3-beta2__N0096__Aplus_0p02,hm-m05-g2-L8-n3-beta2,96,-0.02,41,3.4166666666666665,1.0124990063440404,1.01042602358116
hm-m05-g2-L8-n3-beta2__N0096__Aminus_0p02,hm-m05-g2-L8-n3-beta2__N0096__Aplus_0p02,hm-m05-g2-L8-n3-beta2,96,-0.02,42,3.5,1.0109332843877836,1.0091028870670777
hm-m05-g2-L8-n3-beta2__N0096__Aminus_0p02,hm-m05-g2-L8-n3-beta2__N0096__Aplus_0p02,hm-m05-g2-L8-n3-beta2,96,-0.02,43,3.583333333333333,1.0092596720890277,1.00769028375844
hm-m05-g2-L8-n3-beta2__N0096__Aminus_0p02,hm-m05-g2-L8-n3-beta2__N0096__Aplus_0p02,hm-m05-g2-L8-n3-beta2,96,-0.02,44,3.6666666666666665,1.0074940028742838,1.006201883214061
hm-m05-g2-L8-n3-beta2__N0096__Aminus_0p02,hm-m05-g2-L8-n3-beta2__N0096__Aplus_0p02,hm-m05-g2-L8-n3-beta2,96,-0.02,45,3.75,1.0056530351442263,1.00465207792931
hm-m05-g2-L8-n3-beta2__N0096__Aminus_0p02,hm-m05-g2-L8-n3-beta2__N0096__Aplus_0p02,hm-m05-g2-L8-n3-beta2,96,-0.02,46,3.833333333333333,1.0037543002191849,1.0030558424420213
hm-m05-g2-L8-n3-beta2__N0096__Aminus_0p02,hm-m05-g2-L8-n3-beta2__N0096__Aplus_0p02,hm-m05-g2-L8-n3-beta2,96,-0.02,47,3.9166666666666665,1.0018159408545582,1.0014285871438544
hm-m05-g2-L8-n3-beta2__N0096__Aminus_0p02,hm-m05-g2-L8-n3-beta2__N0096__Aplus_0p02,hm-m05-g2-L8-n3-beta2,96,-0.02,48,4.0,0.999856541620235,0.9997860082886988
hm-m05-g2-L8-n3-beta2__N0096__Aminus_0p02,hm-m05-g2-L8-n3-beta2__N0096__Aplus_0p02,hm-m05-g2-L8-n3-beta2,96,-0.02,49,4.083333333333333,0.9978949526142403,0.9981439357145704
hm-m05-g2-L8-n3-beta2__N0096__Aminus_0p02,hm-m05-g2-L8-n3-beta2__N0096__Aplus_0p02,hm-m05-g2-L8-n3-beta2,96,-0.02,50,4.166666666666666,0.9959501081464245,0.996518179801981
hm-m05-g2-L8-n3-beta2__N0096__Aminus_0p02,hm-m05-g2-L8-n3-beta2__N0096__Aplus_0p02,hm-m05-g2-L8-n3-beta2,96,-0.02,51,4.25,0.9940408421767826,0.9949243791802606
hm-m05-g2-L8-n3-beta2__N0096__Aminus_0p02,hm-m05-g2-L8-n3-beta2__N0096__Aplus_0p02,hm-m05-g2-L8-n3-beta2,96,-0.02,52,4.333333333333333,0.9921857024191063,0.9933778506645454
hm-m05-g2-L8-n3-beta2__N0096__Aminus_0p02,hm-m05-g2-L8-n3-beta2__N0096__Aplus_0p02,hm-m05-g2-L8-n3-beta2,96,-0.02,53,4.416666666666666,0.9904027651190629,0.991893442861189
hm-m05-g2-L8-n3-beta2__N0096__Aminus_0p02,hm-m05-g2-L8-n3-beta2__N0096__Aplus_0p02,hm-m05-g2-L8-n3-beta2,96,-0.02,54,4.5,0.9887094525824107,0.990485394819678
hm-m05-g2-L8-n3-beta2__N0096__Aminus_0p02,hm-m05-g2-L8-n3-beta2__N0096__Aplus_0p02,hm-m05-g2-L8-n3-beta2,96,-0.02,55,4.583333333333333,0.9871223555609746,0.9891672010364578
hm-m05-g2-L8-n3-beta2__N0096__Aminus_0p02,hm-m05-g2-L8-n3-beta2__N0096__Aplus_0p02,hm-m05-g2-L8-n3-beta2,96,-0.02,56,4.666666666666666,0.9856570625995278,0.9879514840323228
hm-m05-g2-L8-n3-beta2__N0096__Aminus_0p02,hm-m05-g2-L8-n3-beta2__N0096__Aplus_0p02,hm-m05-g2-L8-n3-beta2,96,-0.02,57,4.75,0.9843279984054086,0.9868498756322157
hm-m05-g2-L8-n3-beta2__N0096__Aminus_0p02,hm-m05-g2-L8-n3-beta2__N0096__Aplus_0p02,hm-m05-g2-L8-n3-beta2,96,-0.02,58,4.833333333333333,0.9831482732252252,0.9858729079764657
hm-m05-g2-L8-n3-beta2__N0096__Aminus_0p02,hm-m05-g2-L8-n3-beta2__N0096__Aplus_0p02,hm-m05-g2-L8-n3-beta2,96,-0.02,59,4.916666666666666,0.9821295451010879,0.9850299151875959
hm-m05-g2-L8-n3-beta2__N0096__Aminus_0p02,hm-m05-g2-L8-n3-beta2__N0096__Aplus_0p02,hm-m05-g2-L8-n3-beta2,96,-0.02,60,5.0,0.9812818967350229,0.9843289465086371
hm-m05-g2-L8-n3-beta2__N0096__Aminus_0p02,hm-m05-g2-L8-n3-beta2__N0096__Aplus_0p02,hm-m05-g2-L8-n3-beta2,96,-0.02,61,5.083333333333333,0.9806137285177593,0.983776691618906
hm-m05-g2-L8-n3-beta2__N0096__Aminus_0p02,hm-m05-g2-L8-n3-beta2__N0096__Aplus_0p02,hm-m05-g2-L8-n3-beta2,96,-0.02,62,5.166666666666666,0.9801316690805718,0.9833784187226571
hm-m05-g2-L8-n3-beta2__N0096__Aminus_0p02,hm-m05-g2-L8-n3-beta2__N0096__Aplus_0p02,hm-m05-g2-L8-n3-beta2,96,-0.02,63,5.25,0.979840504510213,0.9831379258957695
hm-m05-g2-L8-n3-beta2__N0096__Aminus_0p02,hm-m05-g2-L8-n3-beta2__N0096__Aplus_0p02,hm-m05-g2-L8-n3-beta2,96,-0.02,64,5.333333333333333,0.9797431271311383,0.983057506066222
hm-m05-g2-L8-n3-beta2__N0096__Aminus_0p02,hm-m05-g2-L8-n3-beta2__N0096__Aplus_0p02,hm-m05-g2-L8-n3-beta2,96,-0.02,65,5.416666666666666,0.9798405045101882,0.9831379258957408
hm-m05-g2-L8-n3-beta2__N0096__Aminus_0p02,hm-m05-g2-L8-n3-beta2__N0096__Aplus_0p02,hm-m05-g2-L8-n3-beta2,96,-0.02,66,5.5,0.9801316690805224,0.9833784187225995
hm-m05-g2-L8-n3-beta2__N0096__Aminus_0p02,hm-m05-g2-L8-n3-beta2__N0096__Aplus_0p02,hm-m05-g2-L8-n3-beta2,96,-0.02,67,5.583333333333333,0.9806137285176856,0.9837766916188195
hm-m05-g2-L8-n3-beta2__N0096__Aminus_0p02,hm-m05-g2-L8-n3-beta2__N0096__Aplus_0p02,hm-m05-g2-L8-n3-beta2,96,-0.02,68,5.666666666666666,0.9812818967349252,0.9843289465085221
hm-m05-g2-L8-n3-beta2__N0096__Aminus_0p02,hm-m05-g2-L8-n3-beta2__N0096__Aplus_0p02,hm-m05-g2-L8-n3-beta2,96,-0.02,69,5.75,0.9821295451009667,0.9850299151874529
hm-m05-g2-L8-n3-beta2__N0096__Aminus_0p02,hm-m05-g2-L8-n3-beta2__N0096__Aplus_0p02,hm-m05-g2-L8-n3-beta2,96,-0.02,70,5.833333333333333,0.9831482732250815,0.9858729079762952
hm-m05-g2-L8-n3-beta2__N0096__Aminus_0p02,hm-m05-g2-L8-n3-beta2__N0096__Aplus_0p02,hm-m05-g2-L8-n3-beta2,96,-0.02,71,5.916666666666666,0.9843279984052428,0.9868498756320185
hm-m05-g2-L8-n3-beta2__N0096__Aminus_0p02,hm-m05-g2-L8-n3-beta2__N0096__Aplus_0p02,hm-m05-g2-L8-n3-beta2,96,-0.02,72,6.0,0.9856570625993408,0.9879514840321001
hm-m05-g2-L8-n3-beta2__N0096__Aminus_0p02,hm-m05-g2-L8-n3-beta2__N0096__Aplus_0p02,hm-m05-g2-L8-n3-beta2,96,-0.02,73,6.083333333333333,0.9871223555607676,0.9891672010362104
hm-m05-g2-L8-n3-beta2__N0096__Aminus_0p02,hm-m05-g2-L8-n3-beta2__N0096__Aplus_0p02,hm-m05-g2-L8-n3-beta2,96,-0.02,74,6.166666666666666,0.9887094525821846,0.9904853948194068
hm-m05-g2-L8-n3-beta2__N0096__Aminus_0p02,hm-m05-g2-L8-n3-beta2__N0096__Aplus_0p02,hm-m05-g2-L8-n3-beta2,96,-0.02,75,6.25,0.9904027651188189,0.9918934428608952
hm-m05-g2-L8-n3-beta2__N0096__Aminus_0p02,hm-m05-g2-L8-n3-beta2__N0096__Aplus_0p02,hm-m05-g2-L8-n3-beta2,96,-0.02,76,6.333333333333333,0.9921857024188456,0.9933778506642302
hm-m05-g2-L8-n3-beta2__N0096__Aminus_0p02,hm-m05-g2-L8-n3-beta2__N0096__Aplus_0p02,hm-m05-g2-L8-n3-beta2,96,-0.02,77,6.416666666666666,0.9940408421765065,0.9949243791799255
hm-m05-g2-L8-n3-beta2__N0096__Aminus_0p02,hm-m05-g2-L8-n3-beta2__N0096__Aplus_0p02,hm-m05-g2-L8-n3-beta2,96,-0.02,78,6.5,0.9959501081461343,0.9965181798016275
hm-m05-g2-L8-n3-beta2__N0096__Aminus_0p02,hm-m05-g2-L8-n3-beta2__N0096__Aplus_0p02,hm-m05-g2-L8-n3-beta2,96,-0.02,79,6.583333333333333,0.9978949526139375,0.9981439357142001
hm-m05-g2-L8-n3-beta2__N0096__Aminus_0p02,hm-m05-g2-L8-n3-beta2__N0096__Aplus_0p02,hm-m05-g2-L8-n3-beta2,96,-0.02,80,6.666666666666666,0.9998565416199209,0.9997860082883133
hm-m05-g2-L8-n3-beta2__N0096__Aminus_0p02,hm-m05-g2-L8-n3-beta2__N0096__Aplus_0p02,hm-m05-g2-L8-n3-beta2,96,-0.02,81,6.75,1.0018159408542342,1.0014285871434558
hm-m05-g2-L8-n3-beta2__N0096__Aminus_0p02,hm-m05-g2-L8-n3-beta2__N0096__Aplus_0p02,hm-m05-g2-L8-n3-beta2,96,-0.02,82,6.833333333333333,1.0037543002188527,1.003055842441611
hm-m05-g2-L8-n3-beta2__N0096__Aminus_0p02,hm-m05-g2-L8-n3-beta2__N0096__Aplus_0p02,hm-m05-g2-L8-n3-beta2,96,-0.02,83,6.916666666666666,1.0056530351438873,1.0046520779288899
hm-m05-g2-L8-n3-beta2__N0096__Aminus_0p02,hm-m05-g2-L8-n3-beta2__N0096__Aplus_0p02,hm-m05-g2-L8-n3-beta2,96,-0.02,84,7.0,1.0074940028739394,1.0062018832136328
hm-m05-g2-L8-n3-beta2__N0096__Aminus_0p02,hm-m05-g2-L8-n3-beta2__N0096__Aplus_0p02,hm-m05-g2-L8-n3-beta2,96,-0.02,85,7.083333333333333,1.0092596720886793,1.0076902837580055
hm-m05-g2-L8-n3-beta2__N0096__Aminus_0p02,hm-m05-g2-L8-n3-beta2__N0096__Aplus_0p02,hm-m05-g2-L8-n3-beta2,96,-0.02,86,7.166666666666666,1.0109332843874326,1.0091028870666383
hm-m05-g2-L8-n3-beta2__N0096__Aminus_0p02,hm-m05-g2-L8-n3-beta2__N0096__Aplus_0p02,hm-m05-g2-L8-n3-beta2,96,-0.02,87,7.25,1.0124990063436885,1.0104260235807179
hm-m05-g2-L8-n3-beta2__N0096__Aminus_0p02,hm-m05-g2-L8-n3-beta2__N0096__Aplus_0p02,hm-m05-g2-L8-n3-beta2,96,-0.02,88,7.333333333333333,1.0139420710156226,1.01164688082906
hm-m05-g2-L8-n3-beta2__N0096__Aminus_0p02,hm-m05-g2-L8-n3-beta2__N0096__Aplus_0p02,hm-m05-g2-L8-n3-beta2,96,-0.02,89,7.416666666666666,1.0152489079766833,1.0127536294486077
hm-m05-g2-L8-n3-beta2__N0096__Aminus_0p02,hm-m05-g2-L8-n3-beta2__N0096__Aplus_0p02,hm-m05-g2-L8-n3-beta2,96,-0.02,90,7.5,1.016407261100214,1.0137355397646888
hm-m05-g2-L8-n3-beta2__N0096__Aminus_0p02,hm-m05-g2-L8-n3-beta2__N0096__Aplus_0p02,hm-m05-g2-L8-n3-beta2,96,-0.02,91,7.583333333333333,1.0174062934890324,1.0145830877151272
hm-m05-g2-L8-n3-beta2__N0096__Aminus_0p02,hm-m05-g2-L8-n3-beta2__N0096__Aplus_0p02,hm-m05-g2-L8-n3-beta2,96,-0.02,92,7.666666666666666,1.0182366790809485,1.015288049010594
hm-m05-g2-L8-n3-beta2__N0096__Aminus_0p02,hm-m05-g2-L8-n3-beta2__N0096__Aplus_0p02,hm-m05-g2-L8-n3-beta2,96,-0.02,93,7.75,1.0188906805817424,1.0158435805448442
hm-m05-g2-L8-n3-beta2__N0096__Aminus_0p02,hm-m05-g2-L8-n3-beta2__N0096__Aplus_0p02,hm-m05-g2-L8-n3-beta2,96,-0.02,94,7.833333333333333,1.0193622134769014,1.0162442882010985
hm-m05-g2-L8-n3-beta2__N0096__Aminus_0p02,hm-m05-g2-L8-n3-beta2__N0096__Aplus_0p02,hm-m05-g2-L8-n3-beta2,96,-0.02,95,7.916666666666666,1.0196468959525893,1.0164862803430237
hm-m05-g2-L8-n3-beta2__N0096__Aminus_0p02,hm-m05-g2-L8-n3-beta2__N0096__Aplus_0p02,hm-m05-g2-L8-n3-beta2,96,-0.02,96,8.0,1.0197420846164356,1.016567206428819
hm-m05-g2-L8-n3-beta2__N0096__Aminus_0p01,hm-m05-g2-L8-n3-beta2__N0096__Aplus_0p01,hm-m05-g2-L8-n3-beta2,96,-0.01,0,0.0,0.9899357042691145,0.9915741657084229
hm-m05-g2-L8-n3-beta2__N0096__Aminus_0p01,hm-m05-g2-L8-n3-beta2__N0096__Aplus_0p01,hm-m05-g2-L8-n3-beta2,96,-0.01,1,0.08333333333333333,0.98998412820993,0.9916144485803731
hm-m05-g2-L8-n3-beta2__N0096__Aminus_0p01,hm-m05-g2-L8-n3-beta2__N0096__Aplus_0p01,hm-m05-g2-L8-n3-beta2,96,-0.01,2,0.16666666666666666,0.9901289260085201,0.9917349111361624
hm-m05-g2-L8-n3-beta2__N0096__Aminus_0p01,hm-m05-g2-L8-n3-beta2__N0096__Aplus_0p01,hm-m05-g2-L8-n3-beta2,96,-0.01,3,0.25,0.9903686804428637,0.9919343988379059
hm-m05-g2-L8-n3-beta2__N0096__Aminus_0p01,hm-m05-g2-L8-n3-beta2__N0096__Aplus_0p01,hm-m05-g2-L8-n3-beta2,96,-0.01,4,0.3333333333333333,0.9907010455847107,0.9922109995648979
hm-m05-g2-L8-n3-beta2__N0096__Aminus_0p01,hm-m05-g2-L8-n3-beta2__N0096__Aplus_0p01,hm-m05-g2-L8-n3-beta2,96,-0.01,5,0.41666666666666663,0.9911227707646122,0.9925620616657947
hm-m05-g2-L8-n3-beta2__N0096__Aminus_0p01,hm-m05-g2-L8-n3-beta2__N0096__Aplus_0p01,hm-m05-g2-L8-n3-beta2,96,-0.01,6,0.5,0.9916297337307143,0.9929842190093144
hm-m05-g2-L8-n3-beta2__N0096__Aminus_0p01,hm-m05-g2-L8-n3-beta2__N0096__Aplus_0p01,hm-m05-g2-L8-n3-beta2,96,-0.01,7,0.5833333333333333,0.9922169826161222,0.9934734228124904
hm-m05-g2-L8-n3-beta2__N0096__Aminus_0p01,hm-m05-g2-L8-n3-beta2__N0096__Aplus_0p01,hm-m05-g2-L8-n3-beta2,96,-0.01,8,0.6666666666666666,0.9928787862295428,0.9940249799644212
hm-m05-g2-L8-n3-beta2__N0096__Aminus_0p01,hm-m05-g2-L8-n3-beta2__N0096__Aplus_0p01,hm-m05-g2-L8-n3-beta2,96,-0.01,9,0.75,0.9936086920910798,0.9946335975039895
hm-m05-g2-L8-n3-beta2__N0096__Aminus_0p01,hm-m05-g2-L8-n3-beta2__N0096__Aplus_0p01,hm-m05-g2-L8-n3-beta2,96,-0.01,10,0.8333333333333333,0.9943995915508458,0.9952934328526206
hm-m05-g2-L8-n3-beta2__N0096__Aminus_0p01,hm-m05-g2-L8-n3-beta2__N0096__Aplus_0p01,hm-m05-g2-L8-n3-beta2,96,-0.01,11,0.9166666666666666,0.9952437912536964,0.9959981493483084
hm-m05-g2-L8-n3-beta2__N0096__Aminus_0p01,hm-m05-g2-L8-n3-beta2__N0096__Aplus_0p01,hm-m05-g2-L8-n3-beta2,96,-0.01,12,1.0,0.9961330901499149,0.9967409765753804
hm-m05-g2-L8-n3-beta2__N0096__Aminus_0p01,hm-m05-g2-L8-n3-beta2__N0096__Aplus_0p01,hm-m05-g2-L8-n3-beta2,96,-0.01,13,1.0833333333333333,0.9970588611999047,0.9975147749363675
hm-m05-g2-L8-n3-beta2__N0096__Aminus_0p01,hm-m05-g2-L8-n3-beta2__N0096__Aplus_0p01,hm-m05-g2-L8-n3-beta2,96,-0.01,14,1.1666666666666665,0.9980121368814671,0.9983121038684596
hm-m05-g2-L8-n3-beta2__N0096__Aminus_0p01,hm-m05-g2-L8-n3-beta2__N0096__Aplus_0p01,hm-m05-g2-L8-n3-beta2,96,-0.01,15,1.25,0.9989836975813533,0.999125293067953
hm-m05-g2-L8-n3-beta2__N0096__Aminus_0p01,hm-m05-g2-L8-n3-beta2__N0096__Aplus_0p01,hm-m05-g2-L8-n3-beta2,96,-0.01,16,1.3333333333333333,0.9999641619385571,0.9999465160524091
hm-m05-g2-L8-n3-beta2__N0096__Aminus_0p01,hm-m05-g2-L8-n3-beta2__N0096__Aplus_0p01,hm-m05-g2-L8-n3-beta2,96,-0.01,17,1.4166666666666665,1.0009440782049663,1.0007678653624972
hm-m05-g2-L8-n3-beta2__N0096__Aminus_0p01,hm-m05-g2-L8-n3-beta2__N0096__Aplus_0p01,hm-m05-g2-L8-n3-beta2,96,-0.01,18,1.5,1.0019140156990534,1.0015814286841749
hm-m05-g2-L8-n3-beta2__N0096__Aminus_0p01,hm-m05-g2-L8-n3-beta2__N0096__Aplus_0p01,hm-m05-g2-L8-n3-beta2,96,-0.01,19,1.5833333333333333,1.0028646554494123,1.0023793651574497
hm-m05-g2-L8-n3-beta2__N0096__Aminus_0p01,hm-m05-g2-L8-n3-beta2__N0096__Aplus_0p01,hm-m05-g2-L8-n3-beta2,96,-0.01,20,1.6666666666666665,1.003786879156185,1.0031539811307788
hm-m05-g2-L8-n3-beta2__N0096__Aminus_0p01,hm-m05-g2-L8-n3-beta2__N0096__Aplus_0p01,hm-m05-g2-L8-n3-beta2,96,-0.01,21,1.75,1.0046718556384948,1.0038978046205294
hm-m05-g2-L8-n3-beta2__N0096__Aminus_0p01,hm-m05-g2-L8-n3-beta2__N0096__Aplus_0p01,hm-m05-g2-L8-n3-beta2,96,-0.01,22,1.8333333333333333,1.0055111239835983,1.0046036577429778
hm-m05-g2-L8-n3-beta2__N0096__Aminus_0p01,hm-m05-g2-L8-n3-beta2__N0096__Aplus_0p01,hm-m05-g2-L8-n3-beta2,96,-0.01,23,1.9166666666666665,1.0062966726671236,1.0052647264021501
hm-m05-g2-L8-n3-beta2__N0096__Aminus_0p01,hm-m05-g2-L8-n3-beta2__N0096__Aplus_0p01,hm-m05-g2-L8-n3-beta2,96,-0.01,24,2.0,1.0070210139719682,1.005874626540359
hm-m05-g2-L8-n3-beta2__N0096__Aminus_0p01,hm-m05-g2-L8-n3-beta2__N0096__Aplus_0p01,hm-m05-g2-L8-n3-beta2,96,-0.01,25,2.083333333333333,1.0076772530947988,1.006427466289396
hm-m05-g2-L8-n3-beta2__N0096__Aminus_0p01,hm-m05-g2-L8-n3-beta2__N0096__Aplus_0p01,hm-m05-g2-L8-n3-beta2,96,-0.01,26,2.1666666666666665,1.0082591513922101,1.0069179033987437
hm-m05-g2-L8-n3-beta2__N0096__Aminus_0p01,hm-m05-g2-L8-n3-beta2__N0096__Aplus_0p01,hm-m05-g2-L8-n3-beta2,96,-0.01,27,2.25,1.0087611832822923,1.0073411973624848
hm-m05-g2-L8-n3-beta2__N0096__Aminus_0p01,hm-m05-g2-L8-n3-beta2__N0096__Aplus_0p01,hm-m05-g2-L8-n3-beta2,96,-0.01,28,2.333333333333333,1.0091785863806044,1.0076932557183471
hm-m05-g2-L8-n3-beta2__N0096__Aminus_0p01,hm-m05-g2-L8-n3-beta2__N0096__Aplus_0p01,hm-m05-g2-L8-n3-beta2,96,-0.01,29,2.4166666666666665,1.009507404511554,1.0079706740499677
hm-m05-g2-L8-n3-beta2__N0096__Aminus_0p01,hm-m05-g2-L8-n3-beta2__N0096__Aplus_0p01,hm-m05-g2-L8-n3-beta2,96,-0.01,30,2.5,1.0097445232964213,1.0081707692863542
hm-m05-g2-L8-n3-beta2__N0096__Aminus_0p01,hm-m05-g2-L8-n3-beta2__N0096__Aplus_0p01,hm-m05-g2-L8-n3-beta2,96,-0.01,31,2.583333333333333,1.0098876980774556,1.0082916059599583
hm-m05-g2-L8-n3-beta2__N0096__Aminus_0p01,hm-m05-g2-L8-n3-beta2__N0096__Aplus_0p01,hm-m05-g2-L8-n3-beta2,96,-0.01,32,2.6666666666666665,1.009935573993579,1.0083320151560053
hm-m05-g2-L8-n3-beta2__N0096__Aminus_0p01,hm-m05-g2-L8-n3-beta2__N0096__Aplus_0p01,hm-m05-g2-L8-n3-beta2,96,-0.01,33,2.75,1.0098876980774547,1.0082916059599574
hm-m05-g2-L8-n3-beta2__N0096__Aminus_0p01,hm-m05-g2-L8-n3-beta2__N0096__Aplus_0p01,hm-m05-g2-L8-n3-beta2,96,-0.01,34,2.833333333333333,1.0097445232964195,1.0081707692863522
hm-m05-g2-L8-n3-beta2__N0096__Aminus_0p01,hm-m05-g2-L8-n3-beta2__N0096__Aplus_0p01,hm-m05-g2-L8-n3-beta2,96,-0.01,35,2.9166666666666665,1.0095074045115513,1.0079706740499643
hm-m05-g2-L8-n3-beta2__N0096__Aminus_0p01,hm-m05-g2-L8-n3-beta2__N0096__Aplus_0p01,hm-m05-g2-L8-n3-beta2,96,-0.01,36,3.0,1.0091785863806009,1.0076932557183427
hm-m05-g2-L8-n3-beta2__N0096__Aminus_0p01,hm-m05-g2-L8-n3-beta2__N0096__Aplus_0p01,hm-m05-g2-L8-n3-beta2,96,-0.01,37,3.083333333333333,1.0087611832822878,1.0073411973624797
hm-m05-g2-L8-n3-beta2__N0096__Aminus_0p01,hm-m05-g2-L8-n3-beta2__N0096__Aplus_0p01,hm-m05-g2-L8-n3-beta2,96,-0.01,38,3.1666666666666665,1.0082591513922048,1.0069179033987379
hm-m05-g2-L8-n3-beta2__N0096__Aminus_0p01,hm-m05-g2-L8-n3-beta2__N0096__Aplus_0p01,hm-m05-g2-L8-n3-beta2,96,-0.01,39,3.25,1.0076772530947928,1.0064274662893893
hm-m05-g2-L8-n3-beta2__N0096__Aminus_0p01,hm-m05-g2-L8-n3-beta2__N0096__Aplus_0p01,hm-m05-g2-L8-n3-beta2,96,-0.01,40,3.333333333333333,1.0070210139719613,1.0058746265403513
hm-m05-g2-L8-n3-beta2__N0096__Aminus_0p01,hm-m05-g2-L8-n3-beta2__N0096__Aplus_0p01,hm-m05-g2-L8-n3-beta2,96,-0.01,41,3.4166666666666665,1.006296672667116,1.0052647264021415
hm-m05-g2-L8-n3-beta2__N0096__Aminus_0p01,hm-m05-g2-L8-n3-beta2__N0096__Aplus_0p01,hm-m05-g2-L8-n3-beta2,96,-0.01,42,3.5,1.00551112398359,1.004603657742968
hm-m05-g2-L8-n3-beta2__N0096__Aminus_0p01,hm-m05-g2-L8-n3-beta2__N0096__Aplus_0p01,hm-m05-g2-L8-n3-beta2,96,-0.01,43,3.583333333333333,1.0046718556384857,1.0038978046205185
hm-m05-g2-L8-n3-beta2__N0096__Aminus_0p01,hm-m05-g2-L8-n3-beta2__N0096__Aplus_0p01,hm-m05-g2-L8-n3-beta2,96,-0.01,44,3.6666666666666665,1.0037868791561755,1.0031539811307666
hm-m05-g2-L8-n3-beta2__N0096__Aminus_0p01,hm-m05-g2-L8-n3-beta2__N0096__Aplus_0p01,hm-m05-g2-L8-n3-beta2,96,-0.01,45,3.75,1.0028646554494018,1.0023793651574362
hm-m05-g2-L8-n3-beta2__N0096__Aminus_0p01,hm-m05-g2-L8-n3-beta2__N0096__Aplus_0p01,hm-m05-g2-L8-n3-beta2,96,-0.01,46,3.833333333333333,1.0019140156990425,1.0015814286841602
hm-m05-g2-L8-n3-beta2__N0096__Aminus_0p01,hm-m05-g2-L8-n3-beta2__N0096__Aplus_0p01,hm-m05-g2-L8-n3-beta2,96,-0.01,47,3.9166666666666665,1.000944078204955,1.0007678653624816
hm-m05-g2-L8-n3-beta2__N0096__Aminus_0p01,hm-m05-g2-L8-n3-beta2__N0096__Aplus_0p01,hm-m05-g2-L8-n3-beta2,96,-0.01,48,4.0,0.9999641619385449,0.9999465160523932
hm-m05-g2-L8-n3-beta2__N0096__Aminus_0p01,hm-m05-g2-L8-n3-beta2__N0096__Aplus_0p01,hm-m05-g2-L8-n3-beta2,96,-0.01,49,4.083333333333333,0.9989836975813406,0.9991252930679362
hm-m05-g2-L8-n3-beta2__N0096__Aminus_0p01,hm-m05-g2-L8-n3-beta2__N0096__Aplus_0p01,hm-m05-g2-L8-n3-beta2,96,-0.01,50,4.166666666666666,0.9980121368814538,0.9983121038684423
hm-m05-g2-L8-n3-beta2__N0096__Aminus_0p01,hm-m05-g2-L8-n3-beta2__N0096__Aplus_0p01,hm-m05-g2-L8-n3-beta2,96,-0.01,51,4.25,0.9970588611998911,0.9975147749363497
hm-m05-g2-L8-n3-beta2__N0096__Aminus_0p01,hm-m05-g2-L8-n3-beta2__N0096__Aplus_0p01,hm-m05-g2-L8-n3-beta2,96,-0.01,52,4.333333333333333,0.9961330901499007,0.9967409765753623
hm-m05-g2-L8-n3-beta2__N0096__Aminus_0p01,hm-m05-g2-L8-n3-beta2__N0096__Aplus_0p01,hm-m05-g2-L8-n3-beta2,96,-0.01,53,4.416666666666666,0.9952437912536819,0.99599814934829
hm-m05-g2-L8-n3-beta2__N0096__Aminus_0p01,hm-m05-g2-L8-n3-beta2__N0096__Aplus_0p01,hm-m05-g2-L8-n3-beta2,96,-0.01,54,4.5,0.9943995915508309,0.9952934328526019
hm-m05-g2-L8-n3-beta2__N0096__Aminus_0p01,hm-m05-g2-L8-n3-beta2__N0096__Aplus_0p01,hm-m05-g2-L8-n3-beta2,96,-0.01,55,4.583333333333333,0.9936086920910646,0.9946335975039704
hm-m05-g2-L8-n3-beta2__N0096__Aminus_0p01,hm-m05-g2-L8-n3-beta2__N0096__Aplus_0p01,hm-m05-g2-L8-n3-beta2,96,-0.01,56,4.666666666666666,0.9928787862295274,0.9940249799644022
hm-m05-g2-L8-n3-beta2__N0096__Aminus_0p01,hm-m05-g2-L8-n3-beta2__N0096__Aplus_0p01,hm-m05-g2-L8-n3-beta2,96,-0.01,57,4.75,0.9922169826161066,0.9934734228124714
hm-m05-g2-L8-n3-beta2__N0096__Aminus_0p01,hm-m05-g2-L8-n3-beta2__N0096__Aplus_0p01,hm-m05-g2-L8-n3-beta2,96,-0.01,58,4.833333333333333,0.9916297337306984,0.9929842190092953
hm-m05-g2-L8-n3-beta2__N0096__Aminus_0p01,hm-m05-g2-L8-n3-beta2__N0096__Aplus_0p01,hm-m05-g2-L8-n3-beta2,96,-0.01,59,4.916666666666666,0.9911227707645962,0.9925620616657757
hm-m05-g2-L8-n3-beta2__N0096__Aminus_0p01,hm-m05-g2-L8-n3-beta2__N0096__Aplus_0p01,hm-m05-g2-L8-n3-beta2,96,-0.01,60,5.0,0.9907010455846949,0.9922109995648792
hm-m05-g2-L8-n3-beta2__N0096__Aminus_0p01,hm-m05-g2-L8-n3-beta2__N0096__Aplus_0p01,hm-m05-g2-L8-n3-beta2,96,-0.01,61,5.083333333333333,0.9903686804428479,0.9919343988378875
hm-m05-g2-L8-n3-beta2__N0096__Aminus_0p01,hm-m05-g2-L8-n3-beta2__N0096__Aplus_0p01,hm-m05-g2-L8-n3-beta2,96,-0.01,62,5.166666666666666,0.9901289260085043,0.9917349111361445
hm-m05-g2-L8-n3-beta2__N0096__Aminus_0p01,hm-m05-g2-L8-n3-beta2__N0096__Aplus_0p01,hm-m05-g2-L8-n3-beta2,96,-0.01,63,5.25,0.9899841282099145,0.991614448580356
hm-m05-g2-L8-n3-beta2__N0096__Aminus_0p01,hm-m05-g2-L8-n3-beta2__N0096__Aplus_0p01,hm-m05-g2-L8-n3-beta2,96,-0.01,64,5.333333333333333,0.9899357042690993,0.9915741657084065
hm-m05-g2-L8-n3-beta2__N0096__Aminus_0p01,hm-m05-g2-L8-n3-beta2__N0096__Aplus_0p01,hm-m05-g2-L8-n3-beta2,96,-0.01,65,5.416666666666666,0.9899841282099152,0.9916144485803576
hm-m05-g2-L8-n3-beta2__N0096__Aminus_0p01,hm-m05-g2-L8-n3-beta2__N0096__Aplus_0p01,hm-m05-g2-L8-n3-beta2,96,-0.01,66,5.5,0.9901289260085059,0.9917349111361475
hm-m05-g2-L8-n3-beta2__N0096__Aminus_0p01,hm-m05-g2-L8-n3-beta2__N0096__Aplus_0p01,hm-m05-g2-L8-n3-beta2,96,-0.01,67,5.583333333333333,0.9903686804428501,0.9919343988378918
hm-m05-g2-L8-n3-beta2__N0096__Aminus_0p01,hm-m05-g2-L8-n3-beta2__N0096__Aplus_0p01,hm-m05-g2-L8-n3-beta2,96,-0.01,68,5.666666666666666,0.9907010455846978,0.9922109995648847
hm-m05-g2-L8-n3-beta2__N0096__Aminus_0p01,hm-m05-g2-L8-n3-beta2__N0096__Aplus_0p01,hm-m05-g2-L8-n3-beta2,96,-0.01,69,5.75,0.9911227707646,0.9925620616657824
hm-m05-g2-L8-n3-beta2__N0096__Aminus_0p01,hm-m05-g2-L8-n3-beta2__N0096__Aplus_0p01,hm-m05-g2-L8-n3-beta2,96,-0.01,70,5.833333333333333,0.991629733730703,0.9929842190093032
hm-m05-g2-L8-n3-beta2__N0096__Aminus_0p01,hm-m05-g2-L8-n3-beta2__N0096__Aplus_0p01,hm-m05-g2-L8-n3-beta2,96,-0.01,71,5.916666666666666,0.9922169826161119,0.9934734228124803
hm-m05-g2-L8-n3-beta2__N0096__Aminus_0p01,hm-m05-g2-L8-n3-beta2__N0096__Aplus_0p01,hm-m05-g2-L8-n3-beta2,96,-0.01,72,6.0,0.9928787862295336,0.9940249799644122
hm-m05-g2-L8-n3-beta2__N0096__Aminus_0p01,hm-m05-g2-L8-n3-beta2__N0096__Aplus_0p01,hm-m05-g2-L8-n3-beta2,96,-0.01,73,6.083333333333333,0.9936086920910716,0.9946335975039814
hm-m05-g2-L8-n3-beta2__N0096__Aminus_0p01,hm-m05-g2-L8-n3-beta2__N0096__Aplus_0p01,hm-m05-g2-L8-n3-beta2,96,-0.01,74,6.166666666666666,0.9943995915508388,0.9952934328526137
hm-m05-g2-L8-n3-beta2__N0096__Aminus_0p01,hm-m05-g2-L8-n3-beta2__N0096__Aplus_0p01,hm-m05-g2-L8-n3-beta2,96,-0.01,75,6.25,0.9952437912536906,0.9959981493483027
hm-m05-g2-L8-n3-beta2__N0096__Aminus_0p01,hm-m05-g2-L8-n3-beta2__N0096__Aplus_0p01,hm-m05-g2-L8-n3-beta2,96,-0.01,76,6.333333333333333,0.9961330901499102,0.9967409765753757
hm-m05-g2-L8-n3-beta2__N0096__Aminus_0p01,hm-m05-g2-L8-n3-beta2__N0096__Aplus_0p01,hm-m05-g2-L8-n3-beta2,96,-0.01,77,6.416666666666666,0.9970588611999014,0.9975147749363641
hm-m05-g2-L8-n3-beta2__N0096__Aminus_0p01,hm-m05-g2-L8-n3-beta2__N0096__Aplus_0p01,hm-m05-g2-L8-n3-beta2,96,-0.01,78,6.5,0.998012136881465,0.9983121038684574
hm-m05-g2-L8-n3-beta2__N0096__Aminus_0p01,hm-m05-g2-L8-n3-beta2__N0096__Aplus_0p01,hm-m05-g2-L8-n3-beta2,96,-0.01,79,6.583333333333333,0.9989836975813525,0.999125293067952
hm-m05-g2-L8-n3-beta2__N0096__Aminus_0p01,hm-m05-g2-L8-n3-beta2__N0096__Aplus_0p01,hm-m05-g2-L8-n3-beta2,96,-0.01,80,6.666666666666666,0.9999641619385575,0.9999465160524094
hm-m05-g2-L8-n3-beta2__N0096__Aminus_0p01,hm-m05-g2-L8-n3-beta2__N0096__Aplus_0p01,hm-m05-g2-L8-n3-beta2,96,-0.01,81,6.75,1.0009440782049681,1.0007678653624987
hm-m05-g2-L8-n3-beta2__N0096__Aminus_0p01,hm-m05-g2-L8-n3-beta2__N0096__Aplus_0p01,hm-m05-g2-L8-n3-beta2,96,-0.01,82,6.833333333333333,1.0019140156990562,1.001581428684178
hm-m05-g2-L8-n3-beta2__N0096__Aminus_0p01,hm-m05-g2-L8-n3-beta2__N0096__Aplus_0p01,hm-m05-g2-L8-n3-beta2,96,-0.01,83,6.916666666666666,1.0028646554494165,1.0023793651574546
hm-m05-g2-L8-n3-beta2__N0096__Aminus_0p01,hm-m05-g2-L8-n3-beta2__N0096__Aplus_0p01,hm-m05-g2-L8-n3-beta2,96,-0.01,84,7.0,1.0037868791561906,1.0031539811307852
hm-m05-g2-L8-n3-beta2__N0096__Aminus_0p01,hm-m05-g2-L8-n3-beta2__N0096__Aplus_0p01,hm-m05-g2-L8-n3-beta2,96,-0.01,85,7.083333333333333,1.0046718556385015,1.0038978046205373
hm-m05-g2-L8-n3-beta2__N0096__Aminus_0p01,hm-m05-g2-L8-n3-beta2__N0096__Aplus_0p01,hm-m05-g2-L8-n3-beta2,96,-0.01,86,7.166666666666666,1.005511123983606,1.0046036577429869
hm-m05-g2-L8-n3-beta2__N0096__Aminus_0p01,hm-m05-g2-L8-n3-beta2__N0096__Aplus_0p01,hm-m05-g2-L8-n3-beta2,96,-0.01,87,7.25,1.0062966726671325,1.0052647264021606
hm-m05-g2-L8-n3-beta2__N0096__Aminus_0p01,hm-m05-g2-L8-n3-beta2__N0096__Aplus_0p01,hm-m05-g2-L8-n3-beta2,96,-0.01,88,7.333333333333333,1.0070210139719782,1.0058746265403706
hm-m05-g2-L8-n3-beta2__N0096__Aminus_0p01,hm-m05-g2-L8-n3-beta2__N0096__Aplus_0p01,hm-m05-g2-L8-n3-beta2,96,-0.01,89,7.416666666666666,1.00767725309481,1.0064274662894088
hm-m05-g2-L8-n3-beta2__N0096__Aminus_0p01,hm-m05-g2-L8-n3-beta2__N0096__Aplus_0p01,hm-m05-g2-L8-n3-beta2,96,-0.01,90,7.5,1.008259151392222,1.0069179033987574
hm-m05-g2-L8-n3-beta2__N0096__Aminus_0p01,hm-m05-g2-L8-n3-beta2__N0096__Aplus_0p01,hm-m05-g2-L8-n3-beta2,96,-0.01,91,7.583333333333333,1.008761183282305,1.0073411973624993
hm-m05-g2-L8-n3-beta2__N0096__Aminus_0p01,hm-m05-g2-L8-n3-beta2__N0096__Aplus_0p01,hm-m05-g2-L8-n3-beta2,96,-0.01,92,7.666666666666666,1.009178586380618,1.0076932557183622
hm-m05-g2-L8-n3-beta2__N0096__Aminus_0p01,hm-m05-g2-L8-n3-beta2__N0096__Aplus_0p01,hm-m05-g2-L8-n3-beta2,96,-0.01,93,7.75,1.0095074045115684,1.0079706740499836
hm-m05-g2-L8-n3-beta2__N0096__Aminus_0p01,hm-m05-g2-L8-n3-beta2__N0096__Aplus_0p01,hm-m05-g2-L8-n3-beta2,96,-0.01,94,7.833333333333333,1.0097445232964362,1.0081707692863713
hm-m05-g2-L8-n3-beta2__N0096__Aminus_0p01,hm-m05-g2-L8-n3-beta2__N0096__Aplus_0p01,hm-m05-g2-L8-n3-beta2,96,-0.01,95,7.916666666666666,1.0098876980774711,1.008291605959976
hm-m05-g2-L8-n3-beta2__N0096__Aminus_0p01,hm-m05-g2-L8-n3-beta2__N0096__Aplus_0p01,hm-m05-g2-L8-n3-beta2,96,-0.01,96,8.0,1.009935573993595,1.0083320151560236
hm-m05-g2-L8-n3-beta2__N0096__Aminus_0p005,hm-m05-g2-L8-n3-beta2__N0096__Aplus_0p005,hm-m05-g2-L8-n3-beta2,96,-0.005,0,0.0,0.9949839171531545,0.995798622862744
hm-m05-g2-L8-n3-beta2__N0096__Aminus_0p005,hm-m05-g2-L8-n3-beta2__N0096__Aplus_0p005,hm-m05-g2-L8-n3-beta2,96,-0.005,1,0.08333333333333333,0.9950080616987451,0.995818781291457
hm-m05-g2-L8-n3-beta2__N0096__Aminus_0p005,hm-m05-g2-L8-n3-beta2__N0096__Aplus_0p005,hm-m05-g2-L8-n3-beta2,96,-0.005,2,0.16666666666666666,0.9950802608637025,0.9958790629038226
hm-m05-g2-L8-n3-beta2__N0096__Aminus_0p005,hm-m05-g2-L8-n3-beta2__N0096__Aplus_0p005,hm-m05-g2-L8-n3-beta2,96,-0.005,3,0.25,0.9951998135641871,0.9959788885255166
hm-m05-g2-L8-n3-beta2__N0096__Aminus_0p005,hm-m05-g2-L8-n3-beta2__N0096__Aplus_0p005,hm-m05-g2-L8-n3-beta2,96,-0.005,4,0.3333333333333333,0.9953655590739814,0.996117299005595
hm-m05-g2-L8-n3-beta2__N0096__Aminus_0p005,hm-m05-g2-L8-n3-beta2__N0096__Aplus_0p005,hm-m05-g2-L8-n3-beta2,96,-0.005,5,0.41666666666666663,0.9955758885570143,0.9962929643663326
hm-m05-g2-L8-n3-beta2__N0096__Aminus_0p005,hm-m05-g2-L8-n3-beta2__N0096__Aplus_0p005,hm-m05-g2-L8-n3-beta2,96,-0.005,6,0.5,0.9958287610386056,0.9965041964943641
hm-m05-g2-L8-n3-beta2__N0096__Aminus_0p005,hm-m05-g2-L8-n3-beta2__N0096__Aplus_0p005,hm-m05-g2-L8-n3-beta2,96,-0.005,7,0.5833333333333333,0.9961217236439353,0.9967489652556086
hm-m05-g2-L8-n3-beta2__N0096__Aminus_0p005,hm-m05-g2-L8-n3-beta2__N0096__Aplus_0p005,hm-m05-g2-L8-n3-beta2,96,-0.005,8,0.6666666666666666,0.9964519358871735,0.9970249178844942
hm-m05-g2-L8-n3-beta2__N0096__Aminus_0p005,hm-m05-g2-L8-n3-beta2__N0096__Aplus_0p005,hm-m05-g2-L8-n3-beta2,96,-0.005,9,0.75,0.9968161977524995,0.9973294014672077
hm-m05-g2-L8-n3-beta2__N0096__Aminus_0p005,hm-m05-g2-L8-n3-beta2__N0096__Aplus_0p005,hm-m05-g2-L8-n3-beta2,96,-0.005,10,0.8333333333333333,0.9972109812694017,0.9976594883094038
hm-m05-g2-L8-n3-beta2__N0096__Aminus_0p005,hm-m05-g2-L8-n3-beta2__N0096__Aplus_0p005,hm-m05-g2-L8-n3-beta2,96,-0.005,11,0.9166666666666666,0.997632465249671,0.9980120039512187
hm-m05-g2-L8-n3-beta2__N0096__Aminus_0p005,hm-m05-g2-L8-n3-beta2__N0096__Aplus_0p005,hm-m05-g2-L8-n3-beta2,96,-0.005,12,1.0,0.9980765728227634,0.9983835575668608
hm-m05-g2-L8-n3-beta2__N0096__Aminus_0p005,hm-m05-g2-L8-n3-beta2__N0096__Aplus_0p005,hm-m05-g2-L8-n3-beta2,96,-0.005,13,1.0833333333333333,0.9985390113800359,0.998770574462706
hm-m05-g2-L8-n3-beta2__N0096__Aminus_0p005,hm-m05-g2-L8-n3-beta2__N0096__Aplus_0p005,hm-m05-g2-L8-n3-beta2,96,-0.005,14,1.1666666666666665,0.9990153145169967,0.9991693303669881
hm-m05-g2-L8-n3-beta2__N0096__Aminus_0p005,hm-m05-g2-L8-n3-beta2__N0096__Aplus_0p005,hm-m05-g2-L8-n3-beta2,96,-0.005,15,1.25,0.9995008855463128,0.9995759871860445
hm-m05-g2-L8-n3-beta2__N0096__Aminus_0p005,hm-m05-g2-L8-n3-beta2__N0096__Aplus_0p005,hm-m05-g2-L8-n3-beta2,96,-0.005,16,1.3333333333333333,0.9999910421429394,0.9999866298868941
hm-m05-g2-L8-n3-beta2__N0096__Aminus_0p005,hm-m05-g2-L8-n3-beta2__N0096__Aplus_0p005,hm-m05-g2-L8-n3-beta2,96,-0.005,17,1.4166666666666665,1.00048106167638,1.0003973041538605
hm-m05-g2-L8-n3-beta2__N0096__Aminus_0p005,hm-m05-g2-L8-n3-beta2__N0096__Aplus_0p005,hm-m05-g2-L8-n3-beta2,96,-0.005,18,1.5,1.0009662267836346,1.0008040544581935
hm-m05-g2-L8-n3-beta2__N0096__Aminus_0p005,hm-m05-g2-L8-n3-beta2__N0096__Aplus_0p005,hm-m05-g2-L8-n3-beta2,96,-0.005,19,1.5833333333333333,1.0014418707396853,1.0012029621743093
hm-m05-g2-L8-n3-beta2__N0096__Aminus_0p005,hm-m05-g2-L8-n3-beta2__N0096__Aplus_0p005,hm-m05-g2-L8-n3-beta2,96,-0.005,20,1.6666666666666665,1.001903422190154,1.0015901833744787
hm-m05-g2-L8-n3-beta2__N0096__Aminus_0p005,hm-m05-g2-L8-n3-beta2__N0096__Aplus_0p005,hm-m05-g2-L8-n3-beta2,96,-0.005,21,1.75,1.0023464488227483,1.001961985935608
hm-m05-g2-L8-n3-beta2__N0096__Aminus_0p005,hm-m05-g2-L8-n3-beta2__N0096__Aplus_0p005,hm-m05-g2-L8-n3-beta2,96,-0.005,22,1.8333333333333333,1.0027666995699442,1.0023147855972097
hm-m05-g2-L8-n3-beta2__N0096__Aminus_0p005,hm-m05-g2-L8-n3-beta2__N0096__Aplus_0p005,hm-m05-g2-L8-n3-beta2,96,-0.005,23,1.9166666666666665,1.0031601449546559,1.002645180618748
hm-m05-g2-L8-n3-beta2__N0096__Aminus_0p005,hm-m05-g2-L8-n3-beta2__N0096__Aplus_0p005,hm-m05-g2-L8-n3-beta2,96,-0.005,24,2.0,1.0035230152130137,1.0029499846971843
hm-m05-g2-L8-n3-beta2__N0096__Aminus_0p005,hm-m05-g2-L8-n3-beta2__N0096__Aplus_0p005,hm-m05-g2-L8-n3-beta2,96,-0.005,25,2.083333333333333,1.003851835853416,1.003226257821697
hm-m05-g2-L8-n3-beta2__N0096__Aminus_0p005,hm-m05-g2-L8-n3-beta2__N0096__Aplus_0p005,hm-m05-g2-L8-n3-beta2,96,-0.005,26,2.1666666666666665,1.0041434603383237,1.0034713347620114
hm-m05-g2-L8-n3-beta2__N0096__Aminus_0p005,hm-m05-g2-L8-n3-beta2__N0096__Aplus_0p005,hm-m05-g2-L8-n3-beta2,96,-0.005,27,2.25,1.0043950996044546,1.003682850909422
hm-m05-g2-L8-n3-beta2__N0096__Aminus_0p005,hm-m05-g2-L8-n3-beta2__N0096__Aplus_0p005,hm-m05-g2-L8-n3-beta2,96,-0.005,28,2.333333333333333,1.0046043481677651,1.003858765215166
hm-m05-g2-L8-n3-beta2__N0096__Aminus_0p005,hm-m05-g2-L8-n3-beta2__N0096__Aplus_0p005,hm-m05-g2-L8-n3-beta2,96,-0.005,29,2.4166666666666665,1.0047692065915315,1.0039973799990876
hm-m05-g2-L8-n3-beta2__N0096__Aminus_0p005,hm-m05-g2-L8-n3-beta2__N0096__Aplus_0p005,hm-m05-g2-L8-n3-beta2,96,-0.005,30,2.5,1.0048881001287189,1.0040973574322074
hm-m05-g2-L8-n3-beta2__N0096__Aminus_0p005,hm-m05-g2-L8-n3-beta2__N0096__Aplus_0p005,hm-m05-g2-L8-n3-beta2,96,-0.005,31,2.583333333333333,1.004959893383383,1.004157732529577
hm-m05-g2-L8-n3-beta2__N0096__Aminus_0p005,hm-m05-g2-L8-n3-beta2__N0096__Aplus_0p005,hm-m05-g2-L8-n3-beta2,96,-0.005,32,2.6666666666666665,1.0049839008699202,1.0041779225243108
hm-m05-g2-L8-n3-beta2__N0096__Aminus_0p005,hm-m05-g2-L8-n3-beta2__N0096__Aplus_0p005,hm-m05-g2-L8-n3-beta2,96,-0.005,33,2.75,1.004959893383383,1.0041577325295767
hm-m05-g2-L8-n3-beta2__N0096__Aminus_0p005,hm-m05-g2-L8-n3-beta2__N0096__Aplus_0p005,hm-m05-g2-L8-n3-beta2,96,-0.005,34,2.833333333333333,1.0048881001287184,1.004097357432207
hm-m05-g2-L8-n3-beta2__N0096__Aminus_0p005,hm-m05-g2-L8-n3-beta2__N0096__Aplus_0p005,hm-m05-g2-L8-n3-beta2,96,-0.005,35,2.9166666666666665,1.004769206591531,1.003997379999087
hm-m05-g2-L8-n3-beta2__N0096__Aminus_0p005,hm-m05-g2-L8-n3-beta2__N0096__Aplus_0p005,hm-m05-g2-L8-n3-beta2,96,-0.005,36,3.0,1.0046043481677644,1.003858765215165
hm-m05-g2-L8-n3-beta2__N0096__Aminus_0p005,hm-m05-g2-L8-n3-beta2__N0096__Aplus_0p005,hm-m05-g2-L8-n3-beta2,96,-0.005,37,3.083333333333333,1.0043950996044537,1.0036828509094209
hm-m05-g2-L8-n3-beta2__N0096__Aminus_0p005,hm-m05-g2-L8-n3-beta2__N0096__Aplus_0p005,hm-m05-g2-L8-n3-beta2,96,-0.005,38,3.1666666666666665,1.0041434603383226,1.0034713347620103
hm-m05-g2-L8-n3-beta2__N0096__Aminus_0p005,hm-m05-g2-L8-n3-beta2__N0096__Aplus_0p005,hm-m05-g2-L8-n3-beta2,96,-0.005,39,3.25,1.0038518358534148,1.0032262578216957
hm-m05-g2-L8-n3-beta2__N0096__Aminus_0p005,hm-m05-g2-L8-n3-beta2__N0096__Aplus_0p005,hm-m05-g2-L8-n3-beta2,96,-0.005,40,3.333333333333333,1.0035230152130121,1.0029499846971828
hm-m05-g2-L8-n3-beta2__N0096__Aminus_0p005,hm-m05-g2-L8-n3-beta2__N0096__Aplus_0p005,hm-m05-g2-L8-n3-beta2,96,-0.005,41,3.4166666666666665,1.0031601449546543,1.002645180618746
hm-m05-g2-L8-n3-beta2__N0096__Aminus_0p005,hm-m05-g2-L8-n3-beta2__N0096__Aplus_0p005,hm-m05-g2-L8-n3-beta2,96,-0.005,42,3.5,1.0027666995699425,1.0023147855972072
hm-m05-g2-L8-n3-beta2__N0096__Aminus_0p005,hm-m05-g2-L8-n3-beta2__N0096__Aplus_0p005,hm-m05-g2-L8-n3-beta2,96,-0.005,43,3.583333333333333,1.0023464488227463,1.0019619859356048
hm-m05-g2-L8-n3-beta2__N0096__Aminus_0p005,hm-m05-g2-L8-n3-beta2__N0096__Aplus_0p005,hm-m05-g2-L8-n3-beta2,96,-0.005,44,3.6666666666666665,1.0019034221901517,1.0015901833744751
hm-m05-g2-L8-n3-beta2__N0096__Aminus_0p005,hm-m05-g2-L8-n3-beta2__N0096__Aplus_0p005,hm-m05-g2-L8-n3-beta2,96,-0.005,45,3.75,1.001441870739683,1.001202962174305
hm-m05-g2-L8-n3-beta2__N0096__Aminus_0p005,hm-m05-g2-L8-n3-beta2__N0096__Aplus_0p005,hm-m05-g2-L8-n3-beta2,96,-0.005,46,3.833333333333333,1.0009662267836321,1.0008040544581887
hm-m05-g2-L8-n3-beta2__N0096__Aminus_0p005,hm-m05-g2-L8-n3-beta2__N0096__Aplus_0p005,hm-m05-g2-L8-n3-beta2,96,-0.005,47,3.9166666666666665,1.0004810616763773,1.0003973041538554
hm-m05-g2-L8-n3-beta2__N0096__Aminus_0p005,hm-m05-g2-L8-n3-beta2__N0096__Aplus_0p005,hm-m05-g2-L8-n3-beta2,96,-0.005,48,4.0,0.9999910421429365,0.9999866298868888
hm-m05-g2-L8-n3-beta2__N0096__Aminus_0p005,hm-m05-g2-L8-n3-beta2__N0096__Aplus_0p005,hm-m05-g2-L8-n3-beta2,96,-0.005,49,4.083333333333333,0.9995008855463096,0.9995759871860389
hm-m05-g2-L8-n3-beta2__N0096__Aminus_0p005,hm-m05-g2-L8-n3-beta2__N0096__Aplus_0p005,hm-m05-g2-L8-n3-beta2,96,-0.005,50,4.166666666666666,0.9990153145169931,0.999169330366982
hm-m05-g2-L8-n3-beta2__N0096__Aminus_0p005,hm-m05-g2-L8-n3-beta2__N0096__Aplus_0p005,hm-m05-g2-L8-n3-beta2,96,-0.005,51,4.25,0.9985390113800319,0.9987705744626996
hm-m05-g2-L8-n3-beta2__N0096__Aminus_0p005,hm-m05-g2-L8-n3-beta2__N0096__Aplus_0p005,hm-m05-g2-L8-n3-beta2,96,-0.005,52,4.333333333333333,0.9980765728227591,0.9983835575668542
hm-m05-g2-L8-n3-beta2__N0096__Aminus_0p005,hm-m05-g2-L8-n3-beta2__N0096__Aplus_0p005,hm-m05-g2-L8-n3-beta2,96,-0.005,53,4.416666666666666,0.9976324652496662,0.9980120039512118
hm-m05-g2-L8-n3-beta2__N0096__Aminus_0p005,hm-m05-g2-L8-n3-beta2__N0096__Aplus_0p005,hm-m05-g2-L8-n3-beta2,96,-0.005,54,4.5,0.9972109812693966,0.9976594883093964
hm-m05-g2-L8-n3-beta2__N0096__Aminus_0p005,hm-m05-g2-L8-n3-beta2__N0096__Aplus_0p005,hm-m05-g2-L8-n3-beta2,96,-0.005,55,4.583333333333333,0.9968161977524941,0.9973294014672004
hm-m05-g2-L8-n3-beta2__N0096__Aminus_0p005,hm-m05-g2-L8-n3-beta2__N0096__Aplus_0p005,hm-m05-g2-L8-n3-beta2,96,-0.005,56,4.666666666666666,0.9964519358871676,0.9970249178844868
hm-m05-g2-L8-n3-beta2__N0096__Aminus_0p005,hm-m05-g2-L8-n3-beta2__N0096__Aplus_0p005,hm-m05-g2-L8-n3-beta2,96,-0.005,57,4.75,0.996121723643929,0.9967489652556012
hm-m05-g2-L8-n3-beta2__N0096__Aminus_0p005,hm-m05-g2-L8-n3-beta2__N0096__Aplus_0p005,hm-m05-g2-L8-n3-beta2,96,-0.005,58,4.833333333333333,0.9958287610385991,0.9965041964943563
hm-m05-g2-L8-n3-beta2__N0096__Aminus_0p005,hm-m05-g2-L8-n3-beta2__N0096__Aplus_0p005,hm-m05-g2-L8-n3-beta2,96,-0.005,59,4.916666666666666,0.9955758885570075,0.9962929643663248
hm-m05-g2-L8-n3-beta2__N0096__Aminus_0p005,hm-m05-g2-L8-n3-beta2__N0096__Aplus_0p005,hm-m05-g2-L8-n3-beta2,96,-0.005,60,5.0,0.9953655590739743,0.996117299005587
hm-m05-g2-L8-n3-beta2__N0096__Aminus_0p005,hm-m05-g2-L8-n3-beta2__N0096__Aplus_0p005,hm-m05-g2-L8-n3-beta2,96,-0.005,61,5.083333333333333,0.9951998135641797,0.9959788885255086
hm-m05-g2-L8-n3-beta2__N0096__Aminus_0p005,hm-m05-g2-L8-n3-beta2__N0096__Aplus_0p005,hm-m05-g2-L8-n3-beta2,96,-0.005,62,5.166666666666666,0.9950802608636949,0.995879062903815
hm-m05-g2-L8-n3-beta2__N0096__Aminus_0p005,hm-m05-g2-L8-n3-beta2__N0096__Aplus_0p005,hm-m05-g2-L8-n3-beta2,96,-0.005,63,5.25,0.9950080616987376,0.9958187812914497
hm-m05-g2-L8-n3-beta2__N0096__Aminus_0p005,hm-m05-g2-L8-n3-beta2__N0096__Aplus_0p005,hm-m05-g2-L8-n3-beta2,96,-0.005,64,5.333333333333333,0.9949839171531468,0.995798622862737
hm-m05-g2-L8-n3-beta2__N0096__Aminus_0p005,hm-m05-g2-L8-n3-beta2__N0096__Aplus_0p005,hm-m05-g2-L8-n3-beta2,96,-0.005,65,5.416666666666666,0.9950080616987376,0.9958187812914504
hm-m05-g2-L8-n3-beta2__N0096__Aminus_0p005,hm-m05-g2-L8-n3-beta2__N0096__Aplus_0p005,hm-m05-g2-L8-n3-beta2,96,-0.005,66,5.5,0.9950802608636949,0.9958790629038163
hm-m05-g2-L8-n3-beta2__N0096__Aminus_0p005,hm-m05-g2-L8-n3-beta2__N0096__Aplus_0p005,hm-m05-g2-L8-n3-beta2,96,-0.005,67,5.583333333333333,0.9951998135641796,0.9959788885255105
hm-m05-g2-L8-n3-beta2__N0096__Aminus_0p005,hm-m05-g2-L8-n3-beta2__N0096__Aplus_0p005,hm-m05-g2-L8-n3-beta2,96,-0.005,68,5.666666666666666,0.9953655590739743,0.996117299005589
hm-m05-g2-L8-n3-beta2__N0096__Aminus_0p005,hm-m05-g2-L8-n3-beta2__N0096__Aplus_0p005,hm-m05-g2-L8-n3-beta2,96,-0.005,69,5.75,0.9955758885570075,0.9962929643663271
hm-m05-g2-L8-n3-beta2__N0096__Aminus_0p005,hm-m05-g2-L8-n3-beta2__N0096__Aplus_0p005,hm-m05-g2-L8-n3-beta2,96,-0.005,70,5.833333333333333,0.9958287610385992,0.9965041964943588
hm-m05-g2-L8-n3-beta2__N0096__Aminus_0p005,hm-m05-g2-L8-n3-beta2__N0096__Aplus_0p005,hm-m05-g2-L8-n3-beta2,96,-0.005,71,5.916666666666666,0.9961217236439293,0.9967489652556041
hm-m05-g2-L8-n3-beta2__N0096__Aminus_0p005,hm-m05-g2-L8-n3-beta2__N0096__Aplus_0p005,hm-m05-g2-L8-n3-beta2,96,-0.005,72,6.0,0.996451935887168,0.99702491788449
hm-m05-g2-L8-n3-beta2__N0096__Aminus_0p005,hm-m05-g2-L8-n3-beta2__N0096__Aplus_0p005,hm-m05-g2-L8-n3-beta2,96,-0.005,73,6.083333333333333,0.9968161977524946,0.9973294014672038
hm-m05-g2-L8-n3-beta2__N0096__Aminus_0p005,hm-m05-g2-L8-n3-beta2__N0096__Aplus_0p005,hm-m05-g2-L8-n3-beta2,96,-0.005,74,6.166666666666666,0.9972109812693973,0.9976594883094003
hm-m05-g2-L8-n3-beta2__N0096__Aminus_0p005,hm-m05-g2-L8-n3-beta2__N0096__Aplus_0p005,hm-m05-g2-L8-n3-beta2,96,-0.005,75,6.25,0.9976324652496672,0.9980120039512156
hm-m05-g2-L8-n3-beta2__N0096__Aminus_0p005,hm-m05-g2-L8-n3-beta2__N0096__Aplus_0p005,hm-m05-g2-L8-n3-beta2,96,-0.005,76,6.333333333333333,0.9980765728227603,0.9983835575668583
hm-m05-g2-L8-n3-beta2__N0096__Aminus_0p005,hm-m05-g2-L8-n3-beta2__N0096__Aplus_0p005,hm-m05-g2-L8-n3-beta2,96,-0.005,77,6.416666666666666,0.9985390113800335,0.998770574462704
hm-m05-g2-L8-n3-beta2__N0096__Aminus_0p005,hm-m05-g2-L8-n3-beta2__N0096__Aplus_0p005,hm-m05-g2-L8-n3-beta2,96,-0.005,78,6.5,0.9990153145169951,0.9991693303669866
hm-m05-g2-L8-n3-beta2__N0096__Aminus_0p005,hm-m05-g2-L8-n3-beta2__N0096__Aplus_0p005,hm-m05-g2-L8-n3-beta2,96,-0.005,79,6.583333333333333,0.9995008855463119,0.9995759871860438
hm-m05-g2-L8-n3-beta2__N0096__Aminus_0p005,hm-m05-g2-L8-n3-beta2__N0096__Aplus_0p005,hm-m05-g2-L8-n3-beta2,96,-0.005,80,6.666666666666666,0.9999910421429392,0.9999866298868939
hm-m05-g2-L8-n3-beta2__N0096__Aminus_0p005,hm-m05-g2-L8-n3-beta2__N0096__Aplus_0p005,hm-m05-g2-L8-n3-beta2,96,-0.005,81,6.75,1.0004810616763806,1.000397304153861
hm-m05-g2-L8-n3-beta2__N0096__Aminus_0p005,hm-m05-g2-L8-n3-beta2__N0096__Aplus_0p005,hm-m05-g2-L8-n3-beta2,96,-0.005,82,6.833333333333333,1.000966226783636,1.0008040544581946
hm-m05-g2-L8-n3-beta2__N0096__Aminus_0p005,hm-m05-g2-L8-n3-beta2__N0096__Aplus_0p005,hm-m05-g2-L8-n3-beta2,96,-0.005,83,6.916666666666666,1.0014418707396873,1.0012029621743115
hm-m05-g2-L8-n3-beta2__N0096__Aminus_0p005,hm-m05-g2-L8-n3-beta2__N0096__Aplus_0p005,hm-m05-g2-L8-n3-beta2,96,-0.005,84,7.0,1.0019034221901568,1.0015901833744818
hm-m05-g2-L8-n3-beta2__N0096__Aminus_0p005,hm-m05-g2-L8-n3-beta2__N0096__Aplus_0p005,hm-m05-g2-L8-n3-beta2,96,-0.005,85,7.083333333333333,1.0023464488227518,1.0019619859356117
hm-m05-g2-L8-n3-beta2__N0096__Aminus_0p005,hm-m05-g2-L8-n3-beta2__N0096__Aplus_0p005,hm-m05-g2-L8-n3-beta2,96,-0.005,86,7.166666666666666,1.0027666995699485,1.002314785597214
hm-m05-g2-L8-n3-beta2__N0096__Aminus_0p005,hm-m05-g2-L8-n3-beta2__N0096__Aplus_0p005,hm-m05-g2-L8-n3-beta2,96,-0.005,87,7.25,1.0031601449546608,1.0026451806187529
hm-m05-g2-L8-n3-beta2__N0096__Aminus_0p005,hm-m05-g2-L8-n3-beta2__N0096__Aplus_0p005,hm-m05-g2-L8-n3-beta2,96,-0.005,88,7.333333333333333,1.0035230152130192,1.0029499846971899
hm-m05-g2-L8-n3-beta2__N0096__Aminus_0p005,hm-m05-g2-L8-n3-beta2__N0096__Aplus_0p005,hm-m05-g2-L8-n3-beta2,96,-0.005,89,7.416666666666666,1.003851835853422,1.0032262578217033
hm-m05-g2-L8-n3-beta2__N0096__Aminus_0p005,hm-m05-g2-L8-n3-beta2__N0096__Aplus_0p005,hm-m05-g2-L8-n3-beta2,96,-0.005,90,7.5,1.0041434603383304,1.0034713347620179
hm-m05-g2-L8-n3-beta2__N0096__Aminus_0p005,hm-m05-g2-L8-n3-beta2__N0096__Aplus_0p005,hm-m05-g2-L8-n3-beta2,96,-0.005,91,7.583333333333333,1.0043950996044617,1.0036828509094287
hm-m05-g2-L8-n3-beta2__N0096__Aminus_0p005,hm-m05-g2-L8-n3-beta2__N0096__Aplus_0p005,hm-m05-g2-L8-n3-beta2,96,-0.005,92,7.666666666666666,1.0046043481677727,1.003858765215173
hm-m05-g2-L8-n3-beta2__N0096__Aminus_0p005,hm-m05-g2-L8-n3-beta2__N0096__Aplus_0p005,hm-m05-g2-L8-n3-beta2,96,-0.005,93,7.75,1.0047692065915395,1.0039973799990949
hm-m05-g2-L8-n3-beta2__N0096__Aminus_0p005,hm-m05-g2-L8-n3-beta2__N0096__Aplus_0p005,hm-m05-g2-L8-n3-beta2,96,-0.005,94,7.833333333333333,1.0048881001287269,1.0040973574322152
hm-m05-g2-L8-n3-beta2__N0096__Aminus_0p005,hm-m05-g2-L8-n3-beta2__N0096__Aplus_0p005,hm-m05-g2-L8-n3-beta2,96,-0.005,95,7.916666666666666,1.0049598933833914,1.0041577325295847
hm-m05-g2-L8-n3-beta2__N0096__Aminus_0p005,hm-m05-g2-L8-n3-beta2__N0096__Aplus_0p005,hm-m05-g2-L8-n3-beta2,96,-0.005,96,8.0,1.0049839008699286,1.0041779225243188
hm-m05-g2-L8-n3-beta2__N0096__Aminus_0p0025,hm-m05-g2-L8-n3-beta2__N0096__Aplus_0p0025,hm-m05-g2-L8-n3-beta2,96,-0.0025,0,0.0,0.9974959782224044,0.9979022198293233
hm-m05-g2-L8-n3-beta2__N0096__Aminus_0p0025,hm-m05-g2-L8-n3-beta2__N0096__Aplus_0p0025,hm-m05-g2-L8-n3-beta2,96,-0.0025,1,0.08333333333333333,0.9975080334959371,0.9979123031392519
hm-m05-g2-L8-n3-beta2__N0096__Aminus_0p0025,hm-m05-g2-L8-n3-beta2__N0096__Aplus_0p0025,hm-m05-g2-L8-n3-beta2,96,-0.0025,2,0.16666666666666666,0.997544082727579,0.9979424560759192
hm-m05-g2-L8-n3-beta2__N0096__Aminus_0p0025,hm-m05-g2-L8-n3-beta2__N0096__Aplus_0p0025,hm-m05-g2-L8-n3-beta2,96,-0.0025,3,0.25,0.9976037772919493,0.9979923885896084
hm-m05-g2-L8-n3-beta2__N0096__Aminus_0p0025,hm-m05-g2-L8-n3-beta2__N0096__Aplus_0p0025,hm-m05-g2-L8-n3-beta2,96,-0.0025,4,0.3333333333333333,0.9976865399400104,0.998061620354148
hm-m05-g2-L8-n3-beta2__N0096__Aminus_0p0025,hm-m05-g2-L8-n3-beta2__N0096__Aplus_0p0025,hm-m05-g2-L8-n3-beta2,96,-0.0025,5,0.41666666666666663,0.9977915704481624,0.9981494853713035
hm-m05-g2-L8-n3-beta2__N0096__Aminus_0p0025,hm-m05-g2-L8-n3-beta2__N0096__Aplus_0p0025,hm-m05-g2-L8-n3-beta2,96,-0.0025,6,0.5,0.997917853445871,0.9982551383559168
hm-m05-g2-L8-n3-beta2__N0096__Aminus_0p0025,hm-m05-g2-L8-n3-beta2__N0096__Aplus_0p0025,hm-m05-g2-L8-n3-beta2,96,-0.0025,7,0.5833333333333333,0.9980641683418756,0.9983775628414324
hm-m05-g2-L8-n3-beta2__N0096__Aminus_0p0025,hm-m05-g2-L8-n3-beta2__N0096__Aplus_0p0025,hm-m05-g2-L8-n3-beta2,96,-0.0025,8,0.6666666666666666,0.9982291012477984,0.9985155809291252
hm-m05-g2-L8-n3-beta2__N0096__Aminus_0p0025,hm-m05-g2-L8-n3-beta2__N0096__Aplus_0p0025,hm-m05-g2-L8-n3-beta2,96,-0.0025,9,0.75,0.9984110587779395,0.9986678645887012
hm-m05-g2-L8-n3-beta2__N0096__Aminus_0p0025,hm-m05-g2-L8-n3-beta2__N0096__Aplus_0p0025,hm-m05-g2-L8-n3-beta2,96,-0.0025,10,0.8333333333333333,0.9986082835854023,0.9988329484031288
hm-m05-g2-L8-n3-beta2__N0096__Aminus_0p0025,hm-m05-g2-L8-n3-beta2__N0096__Aplus_0p0025,hm-m05-g2-L8-n3-beta2,96,-0.0025,11,0.9166666666666666,0.998818871477667,0.9990092436367074
hm-m05-g2-L8-n3-beta2__N0096__Aminus_0p0025,hm-m05-g2-L8-n3-beta2__N0096__Aplus_0p0025,hm-m05-g2-L8-n3-beta2,96,-0.0025,12,1.0,0.999040789939479,0.9991950534926252
hm-m05-g2-L8-n3-beta2__N0096__Aminus_0p0025,hm-m05-g2-L8-n3-beta2__N0096__Aplus_0p0025,hm-m05-g2-L8-n3-beta2,96,-0.0025,13,1.0833333333333333,0.999271897877611,0.9993885894147216
hm-m05-g2-L8-n3-beta2__N0096__Aminus_0p0025,hm-m05-g2-L8-n3-beta2__N0096__Aplus_0p0025,hm-m05-g2-L8-n3-beta2,96,-0.0025,14,1.1666666666666665,0.9995099663907959,0.9995879882779766
hm-m05-g2-L8-n3-beta2__N0096__Aminus_0p0025,hm-m05-g2-L8-n3-beta2__N0096__Aplus_0p0025,hm-m05-g2-L8-n3-beta2,96,-0.0025,15,1.25,0.9997527003590151,0.9997913303034778
hm-m05-g2-L8-n3-beta2__N0096__Aminus_0p0025,hm-m05-g2-L8-n3-beta2__N0096__Aplus_0p0025,hm-m05-g2-L8-n3-beta2,96,-0.0025,16,1.3333333333333333,0.9999977606394196,0.9999966575263982
hm-m05-g2-L8-n3-beta2__N0096__Aminus_0p0025,hm-m05-g2-L8-n3-beta2__N0096__Aplus_0p0025,hm-m05-g2-L8-n3-beta2,96,-0.0025,17,1.4166666666666665,1.0002427866514971,1.0002019926398922
hm-m05-g2-L8-n3-beta2__N0096__Aminus_0p0025,hm-m05-g2-L8-n3-beta2__N0096__Aplus_0p0025,hm-m05-g2-L8-n3-beta2,96,-0.0025,18,1.5,1.000485419131663,1.000405358033883
hm-m05-g2-L8-n3-beta2__N0096__Aminus_0p0025,hm-m05-g2-L8-n3-beta2__N0096__Aplus_0p0025,hm-m05-g2-L8-n3-beta2,96,-0.0025,19,1.5833333333333333,1.0007233228372387,1.0006047948455044
hm-m05-g2-L8-n3-beta2__N0096__Aminus_0p0025,hm-m05-g2-L8-n3-beta2__N0096__Aplus_0p0025,hm-m05-g2-L8-n3-beta2,96,-0.0025,20,1.6666666666666665,1.0009542089817325,1.0007983818375088
hm-m05-g2-L8-n3-beta2__N0096__Aminus_0p0025,hm-m05-g2-L8-n3-beta2__N0096__Aplus_0p0025,hm-m05-g2-L8-n3-beta2,96,-0.0025,21,1.75,1.0011758571873564,1.0009842539222862
hm-m05-g2-L8-n3-beta2__N0096__Aminus_0p0025,hm-m05-g2-L8-n3-beta2__N0096__Aplus_0p0025,hm-m05-g2-L8-n3-beta2,96,-0.0025,22,1.8333333333333333,1.0013861367467505,1.0011606201522545
hm-m05-g2-L8-n3-beta2__N0096__Aminus_0p0025,hm-m05-g2-L8-n3-beta2__N0096__Aplus_0p0025,hm-m05-g2-L8-n3-beta2,96,-0.0025,23,1.9166666666666665,1.0015830269937824,1.0013257810022487
hm-m05-g2-L8-n3-beta2__N0096__Aminus_0p0025,hm-m05-g2-L8-n3-beta2__N0096__Aplus_0p0025,hm-m05-g2-L8-n3-beta2,96,-0.0025,24,2.0,1.0017646365929436,1.0014781447761334
hm-m05-g2-L8-n3-beta2__N0096__Aminus_0p0025,hm-m05-g2-L8-n3-beta2__N0096__Aplus_0p0025,hm-m05-g2-L8-n3-beta2,96,-0.0025,25,2.083333333333333,1.0019292215681446,1.001616242978129
hm-m05-g2-L8-n3-beta2__N0096__Aminus_0p0025,hm-m05-g2-L8-n3-beta2__N0096__Aplus_0p0025,hm-m05-g2-L8-n3-beta2,96,-0.0025,26,2.1666666666666665,1.0020752019044536,1.001738744499194
hm-m05-g2-L8-n3-beta2__N0096__Aminus_0p0025,hm-m05-g2-L8-n3-beta2__N0096__Aplus_0p0025,hm-m05-g2-L8-n3-beta2,96,-0.0025,27,2.25,1.0022011765703926,1.0018444684801715
hm-m05-g2-L8-n3-beta2__N0096__Aminus_0p0025,hm-m05-g2-L8-n3-beta2__N0096__Aplus_0p0025,hm-m05-g2-L8-n3-beta2,96,-0.0025,28,2.333333333333333,1.0023059368236547,1.0019323957261568
hm-m05-g2-L8-n3-beta2__N0096__Aminus_0p0025,hm-m05-g2-L8-n3-beta2__N0096__Aplus_0p0025,hm-m05-g2-L8-n3-beta2,96,-0.0025,29,2.4166666666666665,1.0023884776793759,1.002001678560574
hm-m05-g2-L8-n3-beta2__N0096__Aminus_0p0025,hm-m05-g2-L8-n3-beta2__N0096__Aplus_0p0025,hm-m05-g2-L8-n3-beta2,96,-0.0025,30,2.5,1.0024480074372377,1.0020516490226041
hm-m05-g2-L8-n3-beta2__N0096__Aminus_0p0025,hm-m05-g2-L8-n3-beta2__N0096__Aplus_0p0025,hm-m05-g2-L8-n3-beta2,96,-0.0025,31,2.583333333333333,1.0024839551815614,1.0020818253277437
hm-m05-g2-L8-n3-beta2__N0096__Aminus_0p0025,hm-m05-g2-L8-n3-beta2__N0096__Aplus_0p0025,hm-m05-g2-L8-n3-beta2,96,-0.0025,32,2.6666666666666665,1.0024959761870251,1.0020919165282396
hm-m05-g2-L8-n3-beta2__N0096__Aminus_0p0025,hm-m05-g2-L8-n3-beta2__N0096__Aplus_0p0025,hm-m05-g2-L8-n3-beta2,96,-0.0025,33,2.75,1.0024839551815607,1.0020818253277428
hm-m05-g2-L8-n3-beta2__N0096__Aminus_0p0025,hm-m05-g2-L8-n3-beta2__N0096__Aplus_0p0025,hm-m05-g2-L8-n3-beta2,96,-0.0025,34,2.833333333333333,1.0024480074372362,1.0020516490226024
hm-m05-g2-L8-n3-beta2__N0096__Aminus_0p0025,hm-m05-g2-L8-n3-beta2__N0096__Aplus_0p0025,hm-m05-g2-L8-n3-beta2,96,-0.0025,35,2.9166666666666665,1.0023884776793737,1.0020016785605712
hm-m05-g2-L8-n3-beta2__N0096__Aminus_0p0025,hm-m05-g2-L8-n3-beta2__N0096__Aplus_0p0025,hm-m05-g2-L8-n3-beta2,96,-0.0025,36,3.0,1.0023059368236515,1.001932395726153
hm-m05-g2-L8-n3-beta2__N0096__Aminus_0p0025,hm-m05-g2-L8-n3-beta2__N0096__Aplus_0p0025,hm-m05-g2-L8-n3-beta2,96,-0.0025,37,3.083333333333333,1.0022011765703887,1.0018444684801668
hm-m05-g2-L8-n3-beta2__N0096__Aminus_0p0025,hm-m05-g2-L8-n3-beta2__N0096__Aplus_0p0025,hm-m05-g2-L8-n3-beta2,96,-0.0025,38,3.1666666666666665,1.002075201904449,1.0017387444991888
hm-m05-g2-L8-n3-beta2__N0096__Aminus_0p0025,hm-m05-g2-L8-n3-beta2__N0096__Aplus_0p0025,hm-m05-g2-L8-n3-beta2,96,-0.0025,39,3.25,1.0019292215681392,1.0016162429781228
hm-m05-g2-L8-n3-beta2__N0096__Aminus_0p0025,hm-m05-g2-L8-n3-beta2__N0096__Aplus_0p0025,hm-m05-g2-L8-n3-beta2,96,-0.0025,40,3.333333333333333,1.0017646365929374,1.0014781447761265
hm-m05-g2-L8-n3-beta2__N0096__Aminus_0p0025,hm-m05-g2-L8-n3-beta2__N0096__Aplus_0p0025,hm-m05-g2-L8-n3-beta2,96,-0.0025,41,3.4166666666666665,1.0015830269937755,1.001325781002241
hm-m05-g2-L8-n3-beta2__N0096__Aminus_0p0025,hm-m05-g2-L8-n3-beta2__N0096__Aplus_0p0025,hm-m05-g2-L8-n3-beta2,96,-0.0025,42,3.5,1.0013861367467431,1.0011606201522458
hm-m05-g2-L8-n3-beta2__N0096__Aminus_0p0025,hm-m05-g2-L8-n3-beta2__N0096__Aplus_0p0025,hm-m05-g2-L8-n3-beta2,96,-0.0025,43,3.583333333333333,1.0011758571873484,1.0009842539222766
hm-m05-g2-L8-n3-beta2__N0096__Aminus_0p0025,hm-m05-g2-L8-n3-beta2__N0096__Aplus_0p0025,hm-m05-g2-L8-n3-beta2,96,-0.0025,44,3.6666666666666665,1.000954208981724,1.0007983818374981
hm-m05-g2-L8-n3-beta2__N0096__Aminus_0p0025,hm-m05-g2-L8-n3-beta2__N0096__Aplus_0p0025,hm-m05-g2-L8-n3-beta2,96,-0.0025,45,3.75,1.0007233228372296,1.0006047948454926
hm-m05-g2-L8-n3-beta2__N0096__Aminus_0p0025,hm-m05-g2-L8-n3-beta2__N0096__Aplus_0p0025,hm-m05-g2-L8-n3-beta2,96,-0.0025,46,3.833333333333333,1.0004854191316532,1.00040535803387
hm-m05-g2-L8-n3-beta2__N0096__Aminus_0p0025,hm-m05-g2-L8-n3-beta2__N0096__Aplus_0p0025,hm-m05-g2-L8-n3-beta2,96,-0.0025,47,3.9166666666666665,1.0002427866514871,1.0002019926398786
hm-m05-g2-L8-n3-beta2__N0096__Aminus_0p0025,hm-m05-g2-L8-n3-beta2__N0096__Aplus_0p0025,hm-m05-g2-L8-n3-beta2,96,-0.0025,48,4.0,0.999997760639409,0.9999966575263841
hm-m05-g2-L8-n3-beta2__N0096__Aminus_0p0025,hm-m05-g2-L8-n3-beta2__N0096__Aplus_0p0025,hm-m05-g2-L8-n3-beta2,96,-0.0025,49,4.083333333333333,0.999752700359004,0.9997913303034632
hm-m05-g2-L8-n3-beta2__N0096__Aminus_0p0025,hm-m05-g2-L8-n3-beta2__N0096__Aplus_0p0025,hm-m05-g2-L8-n3-beta2,96,-0.0025,50,4.166666666666666,0.9995099663907845,0.9995879882779617
hm-m05-g2-L8-n3-beta2__N0096__Aminus_0p0025,hm-m05-g2-L8-n3-beta2__N0096__Aplus_0p0025,hm-m05-g2-L8-n3-beta2,96,-0.0025,51,4.25,0.9992718978775991,0.9993885894147062
hm-m05-g2-L8-n3-beta2__N0096__Aminus_0p0025,hm-m05-g2-L8-n3-beta2__N0096__Aplus_0p0025,hm-m05-g2-L8-n3-beta2,96,-0.0025,52,4.333333333333333,0.9990407899394667,0.9991950534926094
hm-m05-g2-L8-n3-beta2__N0096__Aminus_0p0025,hm-m05-g2-L8-n3-beta2__N0096__Aplus_0p0025,hm-m05-g2-L8-n3-beta2,96,-0.0025,53,4.416666666666666,0.9988188714776545,0.9990092436366914
hm-m05-g2-L8-n3-beta2__N0096__Aminus_0p0025,hm-m05-g2-L8-n3-beta2__N0096__Aplus_0p0025,hm-m05-g2-L8-n3-beta2,96,-0.0025,54,4.5,0.9986082835853894,0.9988329484031124
hm-m05-g2-L8-n3-beta2__N0096__Aminus_0p0025,hm-m05-g2-L8-n3-beta2__N0096__Aplus_0p0025,hm-m05-g2-L8-n3-beta2,96,-0.0025,55,4.583333333333333,0.9984110587779264,0.9986678645886846
hm-m05-g2-L8-n3-beta2__N0096__Aminus_0p0025,hm-m05-g2-L8-n3-beta2__N0096__Aplus_0p0025,hm-m05-g2-L8-n3-beta2,96,-0.0025,56,4.666666666666666,0.9982291012477851,0.9985155809291087
hm-m05-g2-L8-n3-beta2__N0096__Aminus_0p0025,hm-m05-g2-L8-n3-beta2__N0096__Aplus_0p0025,hm-m05-g2-L8-n3-beta2,96,-0.0025,57,4.75,0.9980641683418622,0.998377562841416
hm-m05-g2-L8-n3-beta2__N0096__Aminus_0p0025,hm-m05-g2-L8-n3-beta2__N0096__Aplus_0p0025,hm-m05-g2-L8-n3-beta2,96,-0.0025,58,4.833333333333333,0.9979178534458575,0.9982551383559003
hm-m05-g2-L8-n3-beta2__N0096__Aminus_0p0025,hm-m05-g2-L8-n3-beta2__N0096__Aplus_0p0025,hm-m05-g2-L8-n3-beta2,96,-0.0025,59,4.916666666666666,0.9977915704481488,0.998149485371287
hm-m05-g2-L8-n3-beta2__N0096__Aminus_0p0025,hm-m05-g2-L8-n3-beta2__N0096__Aplus_0p0025,hm-m05-g2-L8-n3-beta2,96,-0.0025,60,5.0,0.9976865399399969,0.9980616203541317
hm-m05-g2-L8-n3-beta2__N0096__Aminus_0p0025,hm-m05-g2-L8-n3-beta2__N0096__Aplus_0p0025,hm-m05-g2-L8-n3-beta2,96,-0.0025,61,5.083333333333333,0.9976037772919358,0.9979923885895927
hm-m05-g2-L8-n3-beta2__N0096__Aminus_0p0025,hm-m05-g2-L8-n3-beta2__N0096__Aplus_0p0025,hm-m05-g2-L8-n3-beta2,96,-0.0025,62,5.166666666666666,0.9975440827275656,0.9979424560759041
hm-m05-g2-L8-n3-beta2__N0096__Aminus_0p0025,hm-m05-g2-L8-n3-beta2__N0096__Aplus_0p0025,hm-m05-g2-L8-n3-beta2,96,-0.0025,63,5.25,0.997508033495924,0.9979123031392375
hm-m05-g2-L8-n3-beta2__N0096__Aminus_0p0025,hm-m05-g2-L8-n3-beta2__N0096__Aplus_0p0025,hm-m05-g2-L8-n3-beta2,96,-0.0025,64,5.333333333333333,0.9974959782223916,0.9979022198293094
hm-m05-g2-L8-n3-beta2__N0096__Aminus_0p0025,hm-m05-g2-L8-n3-beta2__N0096__Aplus_0p0025,hm-m05-g2-L8-n3-beta2,96,-0.0025,65,5.416666666666666,0.9975080334959245,0.997912303139239
hm-m05-g2-L8-n3-beta2__N0096__Aminus_0p0025,hm-m05-g2-L8-n3-beta2__N0096__Aplus_0p0025,hm-m05-g2-L8-n3-beta2,96,-0.0025,66,5.5,0.9975440827275669,0.9979424560759069
hm-m05-g2-L8-n3-beta2__N0096__Aminus_0p0025,hm-m05-g2-L8-n3-beta2__N0096__Aplus_0p0025,hm-m05-g2-L8-n3-beta2,96,-0.0025,67,5.583333333333333,0.9976037772919378,0.9979923885895966
hm-m05-g2-L8-n3-beta2__N0096__Aminus_0p0025,hm-m05-g2-L8-n3-beta2__N0096__Aplus_0p0025,hm-m05-g2-L8-n3-beta2,96,-0.0025,68,5.666666666666666,0.9976865399399996,0.9980616203541369
hm-m05-g2-L8-n3-beta2__N0096__Aminus_0p0025,hm-m05-g2-L8-n3-beta2__N0096__Aplus_0p0025,hm-m05-g2-L8-n3-beta2,96,-0.0025,69,5.75,0.9977915704481521,0.9981494853712932
hm-m05-g2-L8-n3-beta2__N0096__Aminus_0p0025,hm-m05-g2-L8-n3-beta2__N0096__Aplus_0p0025,hm-m05-g2-L8-n3-beta2,96,-0.0025,70,5.833333333333333,0.9979178534458615,0.9982551383559074
hm-m05-g2-L8-n3-beta2__N0096__Aminus_0p0025,hm-m05-g2-L8-n3-beta2__N0096__Aplus_0p0025,hm-m05-g2-L8-n3-beta2,96,-0.0025,71,5.916666666666666,0.998064168341867,0.9983775628414241
hm-m05-g2-L8-n3-beta2__N0096__Aminus_0p0025,hm-m05-g2-L8-n3-beta2__N0096__Aplus_0p0025,hm-m05-g2-L8-n3-beta2,96,-0.0025,72,6.0,0.9982291012477906,0.998515580929118
hm-m05-g2-L8-n3-beta2__N0096__Aminus_0p0025,hm-m05-g2-L8-n3-beta2__N0096__Aplus_0p0025,hm-m05-g2-L8-n3-beta2,96,-0.0025,73,6.083333333333333,0.9984110587779326,0.9986678645886948
hm-m05-g2-L8-n3-beta2__N0096__Aminus_0p0025,hm-m05-g2-L8-n3-beta2__N0096__Aplus_0p0025,hm-m05-g2-L8-n3-beta2,96,-0.0025,74,6.166666666666666,0.9986082835853964,0.9988329484031234
hm-m05-g2-L8-n3-beta2__N0096__Aminus_0p0025,hm-m05-g2-L8-n3-beta2__N0096__Aplus_0p0025,hm-m05-g2-L8-n3-beta2,96,-0.0025,75,6.25,0.9988188714776622,0.9990092436367031
hm-m05-g2-L8-n3-beta2__N0096__Aminus_0p0025,hm-m05-g2-L8-n3-beta2__N0096__Aplus_0p0025,hm-m05-g2-L8-n3-beta2,96,-0.0025,76,6.333333333333333,0.9990407899394752,0.9991950534926219
hm-m05-g2-L8-n3-beta2__N0096__Aminus_0p0025,hm-m05-g2-L8-n3-beta2__N0096__Aplus_0p0025,hm-m05-g2-L8-n3-beta2,96,-0.0025,77,6.416666666666666,0.9992718978776083,0.9993885894147195
hm-m05-g2-L8-n3-beta2__N0096__Aminus_0p0025,hm-m05-g2-L8-n3-beta2__N0096__Aplus_0p0025,hm-m05-g2-L8-n3-beta2,96,-0.0025,78,6.5,0.9995099663907945,0.9995879882779756
hm-m05-g2-L8-n3-beta2__N0096__Aminus_0p0025,hm-m05-g2-L8-n3-beta2__N0096__Aplus_0p0025,hm-m05-g2-L8-n3-beta2,96,-0.0025,79,6.583333333333333,0.9997527003590148,0.9997913303034781
hm-m05-g2-L8-n3-beta2__N0096__Aminus_0p0025,hm-m05-g2-L8-n3-beta2__N0096__Aplus_0p0025,hm-m05-g2-L8-n3-beta2,96,-0.0025,80,6.666666666666666,0.9999977606394205,0.9999966575263998
hm-m05-g2-L8-n3-beta2__N0096__Aminus_0p0025,hm-m05-g2-L8-n3-beta2__N0096__Aplus_0p0025,hm-m05-g2-L8-n3-beta2,96,-0.0025,81,6.75,1.0002427866514993,1.0002019926398948
hm-m05-g2-L8-n3-beta2__N0096__Aminus_0p0025,hm-m05-g2-L8-n3-beta2__N0096__Aplus_0p0025,hm-m05-g2-L8-n3-beta2,96,-0.0025,82,6.833333333333333,1.000485419131666,1.000405358033887
hm-m05-g2-L8-n3-beta2__N0096__Aminus_0p0025,hm-m05-g2-L8-n3-beta2__N0096__Aplus_0p0025,hm-m05-g2-L8-n3-beta2,96,-0.0025,83,6.916666666666666,1.0007233228372432,1.0006047948455101
hm-m05-g2-L8-n3-beta2__N0096__Aminus_0p0025,hm-m05-g2-L8-n3-beta2__N0096__Aplus_0p0025,hm-m05-g2-L8-n3-beta2,96,-0.0025,84,7.0,1.0009542089817383,1.000798381837516
hm-m05-g2-L8-n3-beta2__N0096__Aminus_0p0025,hm-m05-g2-L8-n3-beta2__N0096__Aplus_0p0025,hm-m05-g2-L8-n3-beta2,96,-0.0025,85,7.083333333333333,1.001175857187363,1.0009842539222946
hm-m05-g2-L8-n3-beta2__N0096__Aminus_0p0025,hm-m05-g2-L8-n3-beta2__N0096__Aplus_0p0025,hm-m05-g2-L8-n3-beta2,96,-0.0025,86,7.166666666666666,1.0013861367467582,1.001160620152264
hm-m05-g2-L8-n3-beta2__N0096__Aminus_0p0025,hm-m05-g2-L8-n3-beta2__N0096__Aplus_0p0025,hm-m05-g2-L8-n3-beta2,96,-0.0025,87,7.25,1.001583026993791,1.001325781002259
hm-m05-g2-L8-n3-beta2__N0096__Aminus_0p0025,hm-m05-g2-L8-n3-beta2__N0096__Aplus_0p0025,hm-m05-g2-L8-n3-beta2,96,-0.0025,88,7.333333333333333,1.0017646365929533,1.001478144776145
hm-m05-g2-L8-n3-beta2__N0096__Aminus_0p0025,hm-m05-g2-L8-n3-beta2__N0096__Aplus_0p0025,hm-m05-g2-L8-n3-beta2,96,-0.0025,89,7.416666666666666,1.0019292215681554,1.0016162429781417
hm-m05-g2-L8-n3-beta2__N0096__Aminus_0p0025,hm-m05-g2-L8-n3-beta2__N0096__Aplus_0p0025,hm-m05-g2-L8-n3-beta2,96,-0.0025,90,7.5,1.0020752019044654,1.0017387444992074
hm-m05-g2-L8-n3-beta2__N0096__Aminus_0p0025,hm-m05-g2-L8-n3-beta2__N0096__Aplus_0p0025,hm-m05-g2-L8-n3-beta2,96,-0.0025,91,7.583333333333333,1.002201176570405,1.0018444684801855
hm-m05-g2-L8-n3-beta2__N0096__Aminus_0p0025,hm-m05-g2-L8-n3-beta2__N0096__Aplus_0p0025,hm-m05-g2-L8-n3-beta2,96,-0.0025,92,7.666666666666666,1.002305936823668,1.0019323957261717
hm-m05-g2-L8-n3-beta2__N0096__Aminus_0p0025,hm-m05-g2-L8-n3-beta2__N0096__Aplus_0p0025,hm-m05-g2-L8-n3-beta2,96,-0.0025,93,7.75,1.00238847767939,1.0020016785605896
hm-m05-g2-L8-n3-beta2__N0096__Aminus_0p0025,hm-m05-g2-L8-n3-beta2__N0096__Aplus_0p0025,hm-m05-g2-L8-n3-beta2,96,-0.0025,94,7.833333333333333,1.0024480074372526,1.0020516490226203
hm-m05-g2-L8-n3-beta2__N0096__Aminus_0p0025,hm-m05-g2-L8-n3-beta2__N0096__Aplus_0p0025,hm-m05-g2-L8-n3-beta2,96,-0.0025,95,7.916666666666666,1.0024839551815767,1.0020818253277606
hm-m05-g2-L8-n3-beta2__N0096__Aminus_0p0025,hm-m05-g2-L8-n3-beta2__N0096__Aplus_0p0025,hm-m05-g2-L8-n3-beta2,96,-0.0025,96,8.0,1.002495976187041,1.0020919165282567
hm-m05-g2-L8-n3-beta2__N0096__Aplus_0p0025,hm-m05-g2-L8-n3-beta2__N0096__Aminus_0p0025,hm-m05-g2-L8-n3-beta2,96,0.0025,0,0.0,1.0024959761870478,1.002091916528269
hm-m05-g2-L8-n3-beta2__N0096__Aplus_0p0025,hm-m05-g2-L8-n3-beta2__N0096__Aminus_0p0025,hm-m05-g2-L8-n3-beta2,96,0.0025,1,0.08333333333333333,1.0024839551815836,1.0020818253277726
hm-m05-g2-L8-n3-beta2__N0096__Aplus_0p0025,hm-m05-g2-L8-n3-beta2__N0096__Aminus_0p0025,hm-m05-g2-L8-n3-beta2,96,0.0025,2,0.16666666666666666,1.0024480074372593,1.0020516490226323
hm-m05-g2-L8-n3-beta2__N0096__Aplus_0p0025,hm-m05-g2-L8-n3-beta2__N0096__Aminus_0p0025,hm-m05-g2-L8-n3-beta2,96,0.0025,3,0.25,1.0023884776793968,1.0020016785606014
hm-m05-g2-L8-n3-beta2__N0096__Aplus_0p0025,hm-m05-g2-L8-n3-beta2__N0096__Aminus_0p0025,hm-m05-g2-L8-n3-beta2,96,0.0025,4,0.3333333333333333,1.0023059368236749,1.0019323957261832
hm-m05-g2-L8-n3-beta2__N0096__Aplus_0p0025,hm-m05-g2-L8-n3-beta2__N0096__Aminus_0p0025,hm-m05-g2-L8-n3-beta2,96,0.0025,5,0.41666666666666663,1.002201176570412,1.001844468480197
hm-m05-g2-L8-n3-beta2__N0096__Aplus_0p0025,hm-m05-g2-L8-n3-beta2__N0096__Aminus_0p0025,hm-m05-g2-L8-n3-beta2,96,0.0025,6,0.5,1.002075201904472,1.0017387444992185
hm-m05-g2-L8-n3-beta2__N0096__Aplus_0p0025,hm-m05-g2-L8-n3-beta2__N0096__Aminus_0p0025,hm-m05-g2-L8-n3-beta2,96,0.0025,7,0.5833333333333333,1.001929221568162,1.001616242978152
hm-m05-g2-L8-n3-beta2__N0096__Aplus_0p0025,hm-m05-g2-L8-n3-beta2__N0096__Aminus_0p0025,hm-m05-g2-L8-n3-beta2,96,0.0025,8,0.6666666666666666,1.0017646365929598,1.0014781447761554
hm-m05-g2-L8-n3-beta2__N0096__Aplus_0p0025,hm-m05-g2-L8-n3-beta2__N0096__Aminus_0p0025,hm-m05-g2-L8-n3-beta2,96,0.0025,9,0.75,1.0015830269937975,1.0013257810022693
hm-m05-g2-L8-n3-beta2__N0096__Aplus_0p0025,hm-m05-g2-L8-n3-beta2__N0096__Aminus_0p0025,hm-m05-g2-L8-n3-beta2,96,0.0025,10,0.8333333333333333,1.0013861367467645,1.001160620152274
hm-m05-g2-L8-n3-beta2__N0096__Aplus_0p0025,hm-m05-g2-L8-n3-beta2__N0096__Aminus_0p0025,hm-m05-g2-L8-n3-beta2,96,0.0025,11,0.9166666666666666,1.001175857187369,1.0009842539223042
hm-m05-g2-L8-n3-beta2__N0096__Aplus_0p0025,hm-m05-g2-L8-n3-beta2__N0096__Aminus_0p0025,hm-m05-g2-L8-n3-beta2,96,0.0025,12,1.0,1.000954208981744,1.000798381837525
hm-m05-g2-L8-n3-beta2__N0096__Aplus_0p0025,hm-m05-g2-L8-n3-beta2__N0096__Aminus_0p0025,hm-m05-g2-L8-n3-beta2,96,0.0025,13,1.0833333333333333,1.000723322837249,1.0006047948455186
hm-m05-g2-L8-n3-beta2__N0096__Aplus_0p0025,hm-m05-g2-L8-n3-beta2__N0096__Aminus_0p0025,hm-m05-g2-L8-n3-beta2,96,0.0025,14,1.1666666666666665,1.0004854191316717,1.0004053580338947
hm-m05-g2-L8-n3-beta2__N0096__Aplus_0p0025,hm-m05-g2-L8-n3-beta2__N0096__Aminus_0p0025,hm-m05-g2-L8-n3-beta2,96,0.0025,15,1.25,1.0002427866515047,1.0002019926399017
hm-m05-g2-L8-n3-beta2__N0096__Aplus_0p0025,hm-m05-g2-L8-n3-beta2__N0096__Aminus_0p0025,hm-m05-g2-L8-n3-beta2,96,0.0025,16,1.3333333333333333,0.9999977606394255,0.9999966575264057
hm-m05-g2-L8-n3-beta2__N0096__Aplus_0p0025,hm-m05-g2-L8-n3-beta2__N0096__Aminus_0p0025,hm-m05-g2-L8-n3-beta2,96,0.0025,17,1.4166666666666665,0.9997527003590194,0.9997913303034833
hm-m05-g2-L8-n3-beta2__N0096__Aplus_0p0025,hm-m05-g2-L8-n3-beta2__N0096__Aminus_0p0025,hm-m05-g2-L8-n3-beta2,96,0.0025,18,1.5,0.9995099663907987,0.99958798827798
hm-m05-g2-L8-n3-beta2__N0096__Aplus_0p0025,hm-m05-g2-L8-n3-beta2__N0096__Aminus_0p0025,hm-m05-g2-L8-n3-beta2,96,0.0025,19,1.5833333333333333,0.9992718978776121,0.9993885894147227
hm-m05-g2-L8-n3-beta2__N0096__Aplus_0p0025,hm-m05-g2-L8-n3-beta2__N0096__Aminus_0p0025,hm-m05-g2-L8-n3-beta2,96,0.0025,20,1.6666666666666665,0.9990407899394785,0.9991950534926242
hm-m05-g2-L8-n3-beta2__N0096__Aplus_0p0025,hm-m05-g2-L8-n3-beta2__N0096__Aminus_0p0025,hm-m05-g2-L8-n3-beta2,96,0.0025,21,1.75,0.998818871477665,0.9990092436367044
hm-m05-g2-L8-n3-beta2__N0096__Aplus_0p0025,hm-m05-g2-L8-n3-beta2__N0096__Aminus_0p0025,hm-m05-g2-L8-n3-beta2,96,0.0025,22,1.8333333333333333,0.9986082835853987,0.9988329484031238
hm-m05-g2-L8-n3-beta2__N0096__Aplus_0p0025,hm-m05-g2-L8-n3-beta2__N0096__Aminus_0p0025,hm-m05-g2-L8-n3-beta2,96,0.0025,23,1.9166666666666665,0.9984110587779341,0.9986678645886945
hm-m05-g2-L8-n3-beta2__N0096__Aplus_0p0025,hm-m05-g2-L8-n3-beta2__N0096__Aminus_0p0025,hm-m05-g2-L8-n3-beta2,96,0.0025,24,2.0,0.9982291012477916,0.9985155809291169
hm-m05-g2-L8-n3-beta2__N0096__Aplus_0p0025,hm-m05-g2-L8-n3-beta2__N0096__Aminus_0p0025,hm-m05-g2-L8-n3-beta2,96,0.0025,25,2.083333333333333,0.9980641683418673,0.9983775628414223
hm-m05-g2-L8-n3-beta2__N0096__Aplus_0p0025,hm-m05-g2-L8-n3-beta2__N0096__Aminus_0p0025,hm-m05-g2-L8-n3-beta2,96,0.0025,26,2.1666666666666665,0.9979178534458613,0.998255138355905
hm-m05-g2-L8-n3-beta2__N0096__Aplus_0p0025,hm-m05-g2-L8-n3-beta2__N0096__Aminus_0p0025,hm-m05-g2-L8-n3-beta2,96,0.0025,27,2.25,0.9977915704481513,0.9981494853712901
hm-m05-g2-L8-n3-beta2__N0096__Aplus_0p0025,hm-m05-g2-L8-n3-beta2__N0096__Aminus_0p0025,hm-m05-g2-L8-n3-beta2,96,0.0025,28,2.333333333333333,0.9976865399399979,0.998061620354133
hm-m05-g2-L8-n3-beta2__N0096__Aplus_0p0025,hm-m05-g2-L8-n3-beta2__N0096__Aminus_0p0025,hm-m05-g2-L8-n3-beta2,96,0.0025,29,2.4166666666666665,0.9976037772919355,0.9979923885895919
hm-m05-g2-L8-n3-beta2__N0096__Aplus_0p0025,hm-m05-g2-L8-n3-beta2__N0096__Aminus_0p0025,hm-m05-g2-L8-n3-beta2,96,0.0025,30,2.5,0.997544082727564,0.9979424560759014
hm-m05-g2-L8-n3-beta2__N0096__Aplus_0p0025,hm-m05-g2-L8-n3-beta2__N0096__Aminus_0p0025,hm-m05-g2-L8-n3-beta2,96,0.0025,31,2.583333333333333,0.9975080334959211,0.997912303139233
hm-m05-g2-L8-n3-beta2__N0096__Aplus_0p0025,hm-m05-g2-L8-n3-beta2__N0096__Aminus_0p0025,hm-m05-g2-L8-n3-beta2,96,0.0025,32,2.6666666666666665,0.9974959782223873,0.997902219829303
hm-m05-g2-L8-n3-beta2__N0096__Aplus_0p0025,hm-m05-g2-L8-n3-beta2__N0096__Aminus_0p0025,hm-m05-g2-L8-n3-beta2,96,0.0025,33,2.75,0.9975080334959192,0.9979123031392307
hm-m05-g2-L8-n3-beta2__N0096__Aplus_0p0025,hm-m05-g2-L8-n3-beta2__N0096__Aminus_0p0025,hm-m05-g2-L8-n3-beta2,96,0.0025,34,2.833333333333333,0.9975440827275603,0.9979424560758969
hm-m05-g2-L8-n3-beta2__N0096__Aplus_0p0025,hm-m05-g2-L8-n3-beta2__N0096__Aminus_0p0025,hm-m05-g2-L8-n3-beta2,96,0.0025,35,2.9166666666666665,0.99760377729193,0.9979923885895852
hm-m05-g2-L8-n3-beta2__N0096__Aplus_0p0025,hm-m05-g2-L8-n3-beta2__N0096__Aminus_0p0025,hm-m05-g2-L8-n3-beta2,96,0.0025,36,3.0,0.9976865399399906,0.998061620354124
hm-m05-g2-L8-n3-beta2__N0096__Aplus_0p0025,hm-m05-g2-L8-n3-beta2__N0096__Aminus_0p0025,hm-m05-g2-L8-n3-beta2,96,0.0025,37,3.083333333333333,0.997791570448142,0.9981494853712792
hm-m05-g2-L8-n3-beta2__N0096__Aplus_0p0025,hm-m05-g2-L8-n3-beta2__N0096__Aminus_0p0025,hm-m05-g2-L8-n3-beta2,96,0.0025,38,3.1666666666666665,0.9979178534458504,0.9982551383558923
hm-m05-g2-L8-n3-beta2__N0096__Aplus_0p0025,hm-m05-g2-L8-n3-beta2__N0096__Aminus_0p0025,hm-m05-g2-L8-n3-beta2,96,0.0025,39,3.25,0.9980641683418547,0.9983775628414077
hm-m05-g2-L8-n3-beta2__N0096__Aplus_0p0025,hm-m05-g2-L8-n3-beta2__N0096__Aminus_0p0025,hm-m05-g2-L8-n3-beta2,96,0.0025,40,3.333333333333333,0.9982291012477774,0.9985155809291002
hm-m05-g2-L8-n3-beta2__N0096__Aplus_0p0025,hm-m05-g2-L8-n3-beta2__N0096__Aminus_0p0025,hm-m05-g2-L8-n3-beta2,96,0.0025,41,3.4166666666666665,0.9984110587779185,0.9986678645886757
hm-m05-g2-L8-n3-beta2__N0096__Aplus_0p0025,hm-m05-g2-L8-n3-beta2__N0096__Aminus_0p0025,hm-m05-g2-L8-n3-beta2,96,0.0025,42,3.5,0.9986082835853816,0.998832948403103
hm-m05-g2-L8-n3-beta2__N0096__Aplus_0p0025,hm-m05-g2-L8-n3-beta2__N0096__Aminus_0p0025,hm-m05-g2-L8-n3-beta2,96,0.0025,43,3.583333333333333,0.9988188714776465,0.9990092436366818
hm-m05-g2-L8-n3-beta2__N0096__Aplus_0p0025,hm-m05-g2-L8-n3-beta2__N0096__Aminus_0p0025,hm-m05-g2-L8-n3-beta2,96,0.0025,44,3.6666666666666665,0.9990407899394587,0.9991950534925994
hm-m05-g2-L8-n3-beta2__N0096__Aplus_0p0025,hm-m05-g2-L8-n3-beta2__N0096__Aminus_0p0025,hm-m05-g2-L8-n3-beta2,96,0.0025,45,3.75,0.9992718978775911,0.9993885894146961
hm-m05-g2-L8-n3-beta2__N0096__Aplus_0p0025,hm-m05-g2-L8-n3-beta2__N0096__Aminus_0p0025,hm-m05-g2-L8-n3-beta2,96,0.0025,46,3.833333333333333,0.9995099663907765,0.9995879882779515
hm-m05-g2-L8-n3-beta2__N0096__Aplus_0p0025,hm-m05-g2-L8-n3-beta2__N0096__Aminus_0p0025,hm-m05-g2-L8-n3-beta2,96,0.0025,47,3.9166666666666665,0.9997527003589962,0.9997913303034534
hm-m05-g2-L8-n3-beta2__N0096__Aplus_0p0025,hm-m05-g2-L8-n3-beta2__N0096__Aminus_0p0025,hm-m05-g2-L8-n3-beta2,96,0.0025,48,4.0,0.9999977606394014,0.9999966575263747
hm-m05-g2-L8-n3-beta2__N0096__Aplus_0p0025,hm-m05-g2-L8-n3-beta2__N0096__Aminus_0p0025,hm-m05-g2-L8-n3-beta2,96,0.0025,49,4.083333333333333,1.0002427866514796,1.0002019926398695
hm-m05-g2-L8-n3-beta2__N0096__Aplus_0p0025,hm-m05-g2-L8-n3-beta2__N0096__Aminus_0p0025,hm-m05-g2-L8-n3-beta2,96,0.0025,50,4.166666666666666,1.000485419131646,1.0004053580338614
hm-m05-g2-L8-n3-beta2__N0096__Aplus_0p0025,hm-m05-g2-L8-n3-beta2__N0096__Aminus_0p0025,hm-m05-g2-L8-n3-beta2,96,0.0025,51,4.25,1.0007233228372228,1.0006047948454844
hm-m05-g2-L8-n3-beta2__N0096__Aplus_0p0025,hm-m05-g2-L8-n3-beta2__N0096__Aminus_0p0025,hm-m05-g2-L8-n3-beta2,96,0.0025,52,4.333333333333333,1.0009542089817172,1.0007983818374901
hm-m05-g2-L8-n3-beta2__N0096__Aplus_0p0025,hm-m05-g2-L8-n3-beta2__N0096__Aminus_0p0025,hm-m05-g2-L8-n3-beta2,96,0.0025,53,4.416666666666666,1.001175857187342,1.0009842539222689
hm-m05-g2-L8-n3-beta2__N0096__Aplus_0p0025,hm-m05-g2-L8-n3-beta2__N0096__Aminus_0p0025,hm-m05-g2-L8-n3-beta2,96,0.0025,54,4.5,1.001386136746737,1.0011606201522383
hm-m05-g2-L8-n3-beta2__N0096__Aplus_0p0025,hm-m05-g2-L8-n3-beta2__N0096__Aminus_0p0025,hm-m05-g2-L8-n3-beta2,96,0.0025,55,4.583333333333333,1.0015830269937698,1.0013257810022334
hm-m05-g2-L8-n3-beta2__N0096__Aplus_0p0025,hm-m05-g2-L8-n3-beta2__N0096__Aminus_0p0025,hm-m05-g2-L8-n3-beta2,96,0.0025,56,4.666666666666666,1.0017646365929318,1.0014781447761192
hm-m05-g2-L8-n3-beta2__N0096__Aplus_0p0025,hm-m05-g2-L8-n3-beta2__N0096__Aminus_0p0025,hm-m05-g2-L8-n3-beta2,96,0.0025,57,4.75,1.0019292215681341,1.0016162429781161
hm-m05-g2-L8-n3-beta2__N0096__Aplus_0p0025,hm-m05-g2-L8-n3-beta2__N0096__Aminus_0p0025,hm-m05-g2-L8-n3-beta2,96,0.0025,58,4.833333333333333,1.002075201904444,1.0017387444991823
hm-m05-g2-L8-n3-beta2__N0096__Aplus_0p0025,hm-m05-g2-L8-n3-beta2__N0096__Aminus_0p0025,hm-m05-g2-L8-n3-beta2,96,0.0025,59,4.916666666666666,1.002201176570384,1.001844468480161
hm-m05-g2-L8-n3-beta2__N0096__Aplus_0p0025,hm-m05-g2-L8-n3-beta2__N0096__Aminus_0p0025,hm-m05-g2-L8-n3-beta2,96,0.0025,60,5.0,1.002305936823647,1.0019323957261477
hm-m05-g2-L8-n3-beta2__N0096__Aplus_0p0025,hm-m05-g2-L8-n3-beta2__N0096__Aminus_0p0025,hm-m05-g2-L8-n3-beta2,96,0.0025,61,5.083333333333333,1.0023884776793694,1.0020016785605665
hm-m05-g2-L8-n3-beta2__N0096__Aplus_0p0025,hm-m05-g2-L8-n3-beta2__N0096__Aminus_0p0025,hm-m05-g2-L8-n3-beta2,96,0.0025,62,5.166666666666666,1.0024480074372322,1.0020516490225984
hm-m05-g2-L8-n3-beta2__N0096__Aplus_0p0025,hm-m05-g2-L8-n3-beta2__N0096__Aminus_0p0025,hm-m05-g2-L8-n3-beta2,96,0.0025,63,5.25,1.002483955181557,1.0020818253277395
hm-m05-g2-L8-n3-beta2__N0096__Aplus_0p0025,hm-m05-g2-L8-n3-beta2__N0096__Aminus_0p0025,hm-m05-g2-L8-n3-beta2,96,0.0025,64,5.333333333333333,1.0024959761870218,1.0020919165282367
hm-m05-g2-L8-n3-beta2__N0096__Aplus_0p0025,hm-m05-g2-L8-n3-beta2__N0096__Aminus_0p0025,hm-m05-g2-L8-n3-beta2,96,0.0025,65,5.416666666666666,1.0024839551815585,1.0020818253277417
hm-m05-g2-L8-n3-beta2__N0096__Aplus_0p0025,hm-m05-g2-L8-n3-beta2__N0096__Aminus_0p0025,hm-m05-g2-L8-n3-beta2,96,0.0025,66,5.5,1.002448007437235,1.002051649022603
hm-m05-g2-L8-n3-beta2__N0096__Aplus_0p0025,hm-m05-g2-L8-n3-beta2__N0096__Aminus_0p0025,hm-m05-g2-L8-n3-beta2,96,0.0025,67,5.583333333333333,1.0023884776793734,1.0020016785605734
hm-m05-g2-L8-n3-beta2__N0096__Aplus_0p0025,hm-m05-g2-L8-n3-beta2__N0096__Aminus_0p0025,hm-m05-g2-L8-n3-beta2,96,0.0025,68,5.666666666666666,1.0023059368236527,1.0019323957261563
hm-m05-g2-L8-n3-beta2__N0096__Aplus_0p0025,hm-m05-g2-L8-n3-beta2__N0096__Aminus_0p0025,hm-m05-g2-L8-n3-beta2,96,0.0025,69,5.75,1.0022011765703909,1.0018444684801715
hm-m05-g2-L8-n3-beta2__N0096__Aplus_0p0025,hm-m05-g2-L8-n3-beta2__N0096__Aminus_0p0025,hm-m05-g2-L8-n3-beta2,96,0.0025,70,5.833333333333333,1.0020752019044523,1.0017387444991948
hm-m05-g2-L8-n3-beta2__N0096__Aplus_0p0025,hm-m05-g2-L8-n3-beta2__N0096__Aminus_0p0025,hm-m05-g2-L8-n3-beta2,96,0.0025,71,5.916666666666666,1.0019292215681437,1.0016162429781303
hm-m05-g2-L8-n3-beta2__N0096__Aplus_0p0025,hm-m05-g2-L8-n3-beta2__N0096__Aminus_0p0025,hm-m05-g2-L8-n3-beta2,96,0.0025,72,6.0,1.001764636592943,1.0014781447761354
hm-m05-g2-L8-n3-beta2__N0096__Aplus_0p0025,hm-m05-g2-L8-n3-beta2__N0096__Aminus_0p0025,hm-m05-g2-L8-n3-beta2,96,0.0025,73,6.083333333333333,1.0015830269937822,1.0013257810022511
hm-m05-g2-L8-n3-beta2__N0096__Aplus_0p0025,hm-m05-g2-L8-n3-beta2__N0096__Aminus_0p0025,hm-m05-g2-L8-n3-beta2,96,0.0025,74,6.166666666666666,1.0013861367467507,1.0011606201522576
hm-m05-g2-L8-n3-beta2__N0096__Aplus_0p0025,hm-m05-g2-L8-n3-beta2__N0096__Aminus_0p0025,hm-m05-g2-L8-n3-beta2,96,0.0025,75,6.25,1.001175857187357,1.0009842539222897
hm-m05-g2-L8-n3-beta2__N0096__Aplus_0p0025,hm-m05-g2-L8-n3-beta2__N0096__Aminus_0p0025,hm-m05-g2-L8-n3-beta2,96,0.0025,76,6.333333333333333,1.0009542089817338,1.0007983818375126
hm-m05-g2-L8-n3-beta2__N0096__Aplus_0p0025,hm-m05-g2-L8-n3-beta2__N0096__Aminus_0p0025,hm-m05-g2-L8-n3-beta2,96,0.0025,77,6.416666666666666,1.0007233228372405,1.0006047948455083
hm-m05-g2-L8-n3-beta2__N0096__Aplus_0p0025,hm-m05-g2-L8-n3-beta2__N0096__Aminus_0p0025,hm-m05-g2-L8-n3-beta2,96,0.0025,78,6.5,1.000485419131665,1.0004053580338867
hm-m05-g2-L8-n3-beta2__N0096__Aplus_0p0025,hm-m05-g2-L8-n3-beta2__N0096__Aminus_0p0025,hm-m05-g2-L8-n3-beta2,96,0.0025,79,6.583333333333333,1.0002427866514998,1.0002019926398962
hm-m05-g2-L8-n3-beta2__N0096__Aplus_0p0025,hm-m05-g2-L8-n3-beta2__N0096__Aminus_0p0025,hm-m05-g2-L8-n3-beta2,96,0.0025,80,6.666666666666666,0.9999977606394228,0.9999966575264024
hm-m05-g2-L8-n3-beta2__N0096__Aplus_0p0025,hm-m05-g2-L8-n3-beta2__N0096__Aminus_0p0025,hm-m05-g2-L8-n3-beta2,96,0.0025,81,6.75,0.9997527003590189,0.9997913303034823
hm-m05-g2-L8-n3-beta2__N0096__Aplus_0p0025,hm-m05-g2-L8-n3-beta2__N0096__Aminus_0p0025,hm-m05-g2-L8-n3-beta2,96,0.0025,82,6.833333333333333,0.9995099663908003,0.9995879882779815
hm-m05-g2-L8-n3-beta2__N0096__Aplus_0p0025,hm-m05-g2-L8-n3-beta2__N0096__Aminus_0p0025,hm-m05-g2-L8-n3-beta2,96,0.0025,83,6.916666666666666,0.9992718978776157,0.9993885894147271
hm-m05-g2-L8-n3-beta2__N0096__Aplus_0p0025,hm-m05-g2-L8-n3-beta2__N0096__Aminus_0p0025,hm-m05-g2-L8-n3-beta2,96,0.0025,84,7.0,0.9990407899394843,0.9991950534926309
hm-m05-g2-L8-n3-beta2__N0096__Aplus_0p0025,hm-m05-g2-L8-n3-beta2__N0096__Aminus_0p0025,hm-m05-g2-L8-n3-beta2,96,0.0025,85,7.083333333333333,0.9988188714776728,0.9990092436367137
hm-m05-g2-L8-n3-beta2__N0096__Aplus_0p0025,hm-m05-g2-L8-n3-beta2__N0096__Aminus_0p0025,hm-m05-g2-L8-n3-beta2,96,0.0025,86,7.166666666666666,0.9986082835854085,0.9988329484031353
hm-m05-g2-L8-n3-beta2__N0096__Aplus_0p0025,hm-m05-g2-L8-n3-beta2__N0096__Aminus_0p0025,hm-m05-g2-L8-n3-beta2,96,0.0025,87,7.25,0.998411058777946,0.998667864588708
hm-m05-g2-L8-n3-beta2__N0096__Aplus_0p0025,hm-m05-g2-L8-n3-beta2__N0096__Aminus_0p0025,hm-m05-g2-L8-n3-beta2,96,0.0025,88,7.333333333333333,0.9982291012478053,0.9985155809291326
hm-m05-g2-L8-n3-beta2__N0096__Aplus_0p0025,hm-m05-g2-L8-n3-beta2__N0096__Aminus_0p0025,hm-m05-g2-L8-n3-beta2,96,0.0025,89,7.416666666666666,0.9980641683418829,0.9983775628414402
hm-m05-g2-L8-n3-beta2__N0096__Aplus_0p0025,hm-m05-g2-L8-n3-beta2__N0096__Aminus_0p0025,hm-m05-g2-L8-n3-beta2,96,0.0025,90,7.5,0.9979178534458786,0.9982551383559247
hm-m05-g2-L8-n3-beta2__N0096__Aplus_0p0025,hm-m05-g2-L8-n3-beta2__N0096__Aminus_0p0025,hm-m05-g2-L8-n3-beta2,96,0.0025,91,7.583333333333333,0.9977915704481702,0.9981494853713114
hm-m05-g2-L8-n3-beta2__N0096__Aplus_0p0025,hm-m05-g2-L8-n3-beta2__N0096__Aminus_0p0025,hm-m05-g2-L8-n3-beta2,96,0.0025,92,7.666666666666666,0.9976865399400185,0.9980616203541559
hm-m05-g2-L8-n3-beta2__N0096__Aplus_0p0025,hm-m05-g2-L8-n3-beta2__N0096__Aminus_0p0025,hm-m05-g2-L8-n3-beta2,96,0.0025,93,7.75,0.9976037772919575,0.9979923885896164
hm-m05-g2-L8-n3-beta2__N0096__Aplus_0p0025,hm-m05-g2-L8-n3-beta2__N0096__Aminus_0p0025,hm-m05-g2-L8-n3-beta2,96,0.0025,94,7.833333333333333,0.9975440827275873,0.9979424560759274
hm-m05-g2-L8-n3-beta2__N0096__Aplus_0p0025,hm-m05-g2-L8-n3-beta2__N0096__Aminus_0p0025,hm-m05-g2-L8-n3-beta2,96,0.0025,95,7.916666666666666,0.9975080334959455,0.9979123031392603
hm-m05-g2-L8-n3-beta2__N0096__Aplus_0p0025,hm-m05-g2-L8-n3-beta2__N0096__Aminus_0p0025,hm-m05-g2-L8-n3-beta2,96,0.0025,96,8.0,0.9974959782224129,0.9979022198293316
hm-m05-g2-L8-n3-beta2__N0096__Aplus_0p005,hm-m05-g2-L8-n3-beta2__N0096__Aminus_0p005,hm-m05-g2-L8-n3-beta2,96,0.005,0,0.0,1.0049839008699462,1.004177922524345
hm-m05-g2-L8-n3-beta2__N0096__Aplus_0p005,hm-m05-g2-L8-n3-beta2__N0096__Aminus_0p005,hm-m05-g2-L8-n3-beta2,96,0.005,1,0.08333333333333333,1.004959893383409,1.004157732529611
hm-m05-g2-L8-n3-beta2__N0096__Aplus_0p005,hm-m05-g2-L8-n3-beta2__N0096__Aminus_0p005,hm-m05-g2-L8-n3-beta2,96,0.005,2,0.16666666666666666,1.0048881001287444,1.0040973574322412
hm-m05-g2-L8-n3-beta2__N0096__Aplus_0p005,hm-m05-g2-L8-n3-beta2__N0096__Aminus_0p005,hm-m05-g2-L8-n3-beta2,96,0.005,3,0.25,1.0047692065915568,1.0039973799991206
hm-m05-g2-L8-n3-beta2__N0096__Aplus_0p005,hm-m05-g2-L8-n3-beta2__N0096__Aminus_0p005,hm-m05-g2-L8-n3-beta2,96,0.005,4,0.3333333333333333,1.00460434816779,1.0038587652151985
hm-m05-g2-L8-n3-beta2__N0096__Aplus_0p005,hm-m05-g2-L8-n3-beta2__N0096__Aminus_0p005,hm-m05-g2-L8-n3-beta2,96,0.005,5,0.41666666666666663,1.004395099604479,1.0036828509094537
hm-m05-g2-L8-n3-beta2__N0096__Aplus_0p005,hm-m05-g2-L8-n3-beta2__N0096__Aminus_0p005,hm-m05-g2-L8-n3-beta2,96,0.005,6,0.5,1.0041434603383472,1.0034713347620423
hm-m05-g2-L8-n3-beta2__N0096__Aplus_0p005,hm-m05-g2-L8-n3-beta2__N0096__Aminus_0p005,hm-m05-g2-L8-n3-beta2,96,0.005,7,0.5833333333333333,1.0038518358534387,1.0032262578217268
hm-m05-g2-L8-n3-beta2__N0096__Aplus_0p005,hm-m05-g2-L8-n3-beta2__N0096__Aminus_0p005,hm-m05-g2-L8-n3-beta2,96,0.005,8,0.6666666666666666,1.0035230152130357,1.002949984697213
hm-m05-g2-L8-n3-beta2__N0096__Aplus_0p005,hm-m05-g2-L8-n3-beta2__N0096__Aminus_0p005,hm-m05-g2-L8-n3-beta2,96,0.005,9,0.75,1.003160144954677,1.0026451806187755
hm-m05-g2-L8-n3-beta2__N0096__Aplus_0p005,hm-m05-g2-L8-n3-beta2__N0096__Aminus_0p005,hm-m05-g2-L8-n3-beta2,96,0.005,10,0.8333333333333333,1.0027666995699642,1.0023147855972359
hm-m05-g2-L8-n3-beta2__N0096__Aplus_0p005,hm-m05-g2-L8-n3-beta2__N0096__Aminus_0p005,hm-m05-g2-L8-n3-beta2,96,0.005,11,0.9166666666666666,1.002346448822767,1.0019619859356326
hm-m05-g2-L8-n3-beta2__N0096__Aplus_0p005,hm-m05-g2-L8-n3-beta2__N0096__Aminus_0p005,hm-m05-g2-L8-n3-beta2,96,0.005,12,1.0,1.0019034221901715,1.0015901833745018
hm-m05-g2-L8-n3-beta2__N0096__Aplus_0p005,hm-m05-g2-L8-n3-beta2__N0096__Aminus_0p005,hm-m05-g2-L8-n3-beta2,96,0.005,13,1.0833333333333333,1.0014418707397015,1.0012029621743301
hm-m05-g2-L8-n3-beta2__N0096__Aplus_0p005,hm-m05-g2-L8-n3-beta2__N0096__Aminus_0p005,hm-m05-g2-L8-n3-beta2,96,0.005,14,1.1666666666666665,1.0009662267836494,1.0008040544582122
hm-m05-g2-L8-n3-beta2__N0096__Aplus_0p005,hm-m05-g2-L8-n3-beta2__N0096__Aminus_0p005,hm-m05-g2-L8-n3-beta2,96,0.005,15,1.25,1.0004810616763935,1.0003973041538772
hm-m05-g2-L8-n3-beta2__N0096__Aplus_0p005,hm-m05-g2-L8-n3-beta2__N0096__Aminus_0p005,hm-m05-g2-L8-n3-beta2,96,0.005,16,1.3333333333333333,0.9999910421429514,0.9999866298869086
hm-m05-g2-L8-n3-beta2__N0096__Aplus_0p005,hm-m05-g2-L8-n3-beta2__N0096__Aminus_0p005,hm-m05-g2-L8-n3-beta2,96,0.005,17,1.4166666666666665,0.9995008855463231,0.9995759871860569
hm-m05-g2-L8-n3-beta2__N0096__Aplus_0p005,hm-m05-g2-L8-n3-beta2__N0096__Aminus_0p005,hm-m05-g2-L8-n3-beta2,96,0.005,18,1.5,0.9990153145170052,0.9991693303669982
hm-m05-g2-L8-n3-beta2__N0096__Aplus_0p005,hm-m05-g2-L8-n3-beta2__N0096__Aminus_0p005,hm-m05-g2-L8-n3-beta2,96,0.005,19,1.5833333333333333,0.9985390113800425,0.9987705744627137
hm-m05-g2-L8-n3-beta2__N0096__Aplus_0p005,hm-m05-g2-L8-n3-beta2__N0096__Aminus_0p005,hm-m05-g2-L8-n3-beta2,96,0.005,20,1.6666666666666665,0.9980765728227683,0.998383557566866
hm-m05-g2-L8-n3-beta2__N0096__Aplus_0p005,hm-m05-g2-L8-n3-beta2__N0096__Aminus_0p005,hm-m05-g2-L8-n3-beta2,96,0.005,21,1.75,0.997632465249674,0.9980120039512217
hm-m05-g2-L8-n3-beta2__N0096__Aplus_0p005,hm-m05-g2-L8-n3-beta2__N0096__Aminus_0p005,hm-m05-g2-L8-n3-beta2,96,0.005,22,1.8333333333333333,0.9972109812694028,0.9976594883094045
hm-m05-g2-L8-n3-beta2__N0096__Aplus_0p005,hm-m05-g2-L8-n3-beta2__N0096__Aminus_0p005,hm-m05-g2-L8-n3-beta2,96,0.005,23,1.9166666666666665,0.9968161977524987,0.9973294014672066
hm-m05-g2-L8-n3-beta2__N0096__Aplus_0p005,hm-m05-g2-L8-n3-beta2__N0096__Aminus_0p005,hm-m05-g2-L8-n3-beta2,96,0.005,24,2.0,0.9964519358871707,0.9970249178844911
hm-m05-g2-L8-n3-beta2__N0096__Aplus_0p005,hm-m05-g2-L8-n3-beta2__N0096__Aminus_0p005,hm-m05-g2-L8-n3-beta2,96,0.005,25,2.083333333333333,0.9961217236439306,0.9967489652556035
hm-m05-g2-L8-n3-beta2__N0096__Aplus_0p005,hm-m05-g2-L8-n3-beta2__N0096__Aminus_0p005,hm-m05-g2-L8-n3-beta2,96,0.005,26,2.1666666666666665,0.9958287610385992,0.9965041964943566
hm-m05-g2-L8-n3-beta2__N0096__Aplus_0p005,hm-m05-g2-L8-n3-beta2__N0096__Aminus_0p005,hm-m05-g2-L8-n3-beta2,96,0.005,27,2.25,0.9955758885570061,0.9962929643663232
hm-m05-g2-L8-n3-beta2__N0096__Aplus_0p005,hm-m05-g2-L8-n3-beta2__N0096__Aminus_0p005,hm-m05-g2-L8-n3-beta2,96,0.005,28,2.333333333333333,0.9953655590739714,0.9961172990055835
hm-m05-g2-L8-n3-beta2__N0096__Aplus_0p005,hm-m05-g2-L8-n3-beta2__N0096__Aminus_0p005,hm-m05-g2-L8-n3-beta2,96,0.005,29,2.4166666666666665,0.9951998135641753,0.9959788885255032
hm-m05-g2-L8-n3-beta2__N0096__Aplus_0p005,hm-m05-g2-L8-n3-beta2__N0096__Aminus_0p005,hm-m05-g2-L8-n3-beta2,96,0.005,30,2.5,0.9950802608636892,0.9958790629038072
hm-m05-g2-L8-n3-beta2__N0096__Aplus_0p005,hm-m05-g2-L8-n3-beta2__N0096__Aminus_0p005,hm-m05-g2-L8-n3-beta2,96,0.005,31,2.583333333333333,0.9950080616987304,0.99581878129144
hm-m05-g2-L8-n3-beta2__N0096__Aplus_0p005,hm-m05-g2-L8-n3-beta2__N0096__Aminus_0p005,hm-m05-g2-L8-n3-beta2,96,0.005,32,2.6666666666666665,0.9949839171531383,0.9957986228627255
hm-m05-g2-L8-n3-beta2__N0096__Aplus_0p005,hm-m05-g2-L8-n3-beta2__N0096__Aminus_0p005,hm-m05-g2-L8-n3-beta2,96,0.005,33,2.75,0.9950080616987276,0.9958187812914369
hm-m05-g2-L8-n3-beta2__N0096__Aplus_0p005,hm-m05-g2-L8-n3-beta2__N0096__Aminus_0p005,hm-m05-g2-L8-n3-beta2,96,0.005,34,2.833333333333333,0.9950802608636837,0.995879062903801
hm-m05-g2-L8-n3-beta2__N0096__Aplus_0p005,hm-m05-g2-L8-n3-beta2__N0096__Aminus_0p005,hm-m05-g2-L8-n3-beta2,96,0.005,35,2.9166666666666665,0.9951998135641673,0.9959788885254938
hm-m05-g2-L8-n3-beta2__N0096__Aplus_0p005,hm-m05-g2-L8-n3-beta2__N0096__Aminus_0p005,hm-m05-g2-L8-n3-beta2,96,0.005,36,3.0,0.9953655590739606,0.9961172990055709
hm-m05-g2-L8-n3-beta2__N0096__Aplus_0p005,hm-m05-g2-L8-n3-beta2__N0096__Aminus_0p005,hm-m05-g2-L8-n3-beta2,96,0.005,37,3.083333333333333,0.9955758885569927,0.9962929643663079
hm-m05-g2-L8-n3-beta2__N0096__Aplus_0p005,hm-m05-g2-L8-n3-beta2__N0096__Aminus_0p005,hm-m05-g2-L8-n3-beta2,96,0.005,38,3.1666666666666665,0.9958287610385833,0.9965041964943385
hm-m05-g2-L8-n3-beta2__N0096__Aplus_0p005,hm-m05-g2-L8-n3-beta2__N0096__Aminus_0p005,hm-m05-g2-L8-n3-beta2,96,0.005,39,3.25,0.9961217236439124,0.9967489652555825
hm-m05-g2-L8-n3-beta2__N0096__Aplus_0p005,hm-m05-g2-L8-n3-beta2__N0096__Aminus_0p005,hm-m05-g2-L8-n3-beta2,96,0.005,40,3.333333333333333,0.9964519358871501,0.9970249178844673
hm-m05-g2-L8-n3-beta2__N0096__Aplus_0p005,hm-m05-g2-L8-n3-beta2__N0096__Aminus_0p005,hm-m05-g2-L8-n3-beta2,96,0.005,41,3.4166666666666665,0.9968161977524759,0.99732940146718
hm-m05-g2-L8-n3-beta2__N0096__Aplus_0p005,hm-m05-g2-L8-n3-beta2__N0096__Aminus_0p005,hm-m05-g2-L8-n3-beta2,96,0.005,42,3.5,0.9972109812693778,0.9976594883093752
hm-m05-g2-L8-n3-beta2__N0096__Aplus_0p005,hm-m05-g2-L8-n3-beta2__N0096__Aminus_0p005,hm-m05-g2-L8-n3-beta2,96,0.005,43,3.583333333333333,0.997632465249647,0.9980120039511896
hm-m05-g2-L8-n3-beta2__N0096__Aplus_0p005,hm-m05-g2-L8-n3-beta2__N0096__Aminus_0p005,hm-m05-g2-L8-n3-beta2,96,0.005,44,3.6666666666666665,0.9980765728227394,0.9983835575668313
hm-m05-g2-L8-n3-beta2__N0096__Aplus_0p005,hm-m05-g2-L8-n3-beta2__N0096__Aminus_0p005,hm-m05-g2-L8-n3-beta2,96,0.005,45,3.75,0.998539011380012,0.9987705744626764
hm-m05-g2-L8-n3-beta2__N0096__Aplus_0p005,hm-m05-g2-L8-n3-beta2__N0096__Aminus_0p005,hm-m05-g2-L8-n3-beta2,96,0.005,46,3.833333333333333,0.999015314516973,0.9991693303669583
hm-m05-g2-L8-n3-beta2__N0096__Aplus_0p005,hm-m05-g2-L8-n3-beta2__N0096__Aminus_0p005,hm-m05-g2-L8-n3-beta2,96,0.005,47,3.9166666666666665,0.9995008855462895,0.999575987186015
hm-m05-g2-L8-n3-beta2__N0096__Aplus_0p005,hm-m05-g2-L8-n3-beta2__N0096__Aminus_0p005,hm-m05-g2-L8-n3-beta2,96,0.005,48,4.0,0.9999910421429165,0.9999866298868653
hm-m05-g2-L8-n3-beta2__N0096__Aplus_0p005,hm-m05-g2-L8-n3-beta2__N0096__Aminus_0p005,hm-m05-g2-L8-n3-beta2,96,0.005,49,4.083333333333333,1.0004810616763575,1.0003973041538323
hm-m05-g2-L8-n3-beta2__N0096__Aplus_0p005,hm-m05-g2-L8-n3-beta2__N0096__Aminus_0p005,hm-m05-g2-L8-n3-beta2,96,0.005,50,4.166666666666666,1.0009662267836126,1.000804054458166
hm-m05-g2-L8-n3-beta2__N0096__Aplus_0p005,hm-m05-g2-L8-n3-beta2__N0096__Aminus_0p005,hm-m05-g2-L8-n3-beta2,96,0.005,51,4.25,1.001441870739664,1.0012029621742826
hm-m05-g2-L8-n3-beta2__N0096__Aplus_0p005,hm-m05-g2-L8-n3-beta2__N0096__Aminus_0p005,hm-m05-g2-L8-n3-beta2,96,0.005,52,4.333333333333333,1.0019034221901333,1.0015901833744534
hm-m05-g2-L8-n3-beta2__N0096__Aplus_0p005,hm-m05-g2-L8-n3-beta2__N0096__Aminus_0p005,hm-m05-g2-L8-n3-beta2,96,0.005,53,4.416666666666666,1.0023464488227283,1.0019619859355835
hm-m05-g2-L8-n3-beta2__N0096__Aplus_0p005,hm-m05-g2-L8-n3-beta2__N0096__Aminus_0p005,hm-m05-g2-L8-n3-beta2,96,0.005,54,4.5,1.0027666995699251,1.0023147855971861
hm-m05-g2-L8-n3-beta2__N0096__Aplus_0p005,hm-m05-g2-L8-n3-beta2__N0096__Aminus_0p005,hm-m05-g2-L8-n3-beta2,96,0.005,55,4.583333333333333,1.0031601449546377,1.0026451806187253
hm-m05-g2-L8-n3-beta2__N0096__Aplus_0p005,hm-m05-g2-L8-n3-beta2__N0096__Aminus_0p005,hm-m05-g2-L8-n3-beta2,96,0.005,56,4.666666666666666,1.0035230152129964,1.0029499846971628
hm-m05-g2-L8-n3-beta2__N0096__Aplus_0p005,hm-m05-g2-L8-n3-beta2__N0096__Aminus_0p005,hm-m05-g2-L8-n3-beta2,96,0.005,57,4.75,1.0038518358533997,1.0032262578216768
hm-m05-g2-L8-n3-beta2__N0096__Aplus_0p005,hm-m05-g2-L8-n3-beta2__N0096__Aminus_0p005,hm-m05-g2-L8-n3-beta2,96,0.005,58,4.833333333333333,1.0041434603383084,1.0034713347619926
hm-m05-g2-L8-n3-beta2__N0096__Aplus_0p005,hm-m05-g2-L8-n3-beta2__N0096__Aminus_0p005,hm-m05-g2-L8-n3-beta2,96,0.005,59,4.916666666666666,1.0043950996044404,1.0036828509094045
hm-m05-g2-L8-n3-beta2__N0096__Aplus_0p005,hm-m05-g2-L8-n3-beta2__N0096__Aminus_0p005,hm-m05-g2-L8-n3-beta2,96,0.005,60,5.0,1.004604348167752,1.0038587652151498
hm-m05-g2-L8-n3-beta2__N0096__Aplus_0p005,hm-m05-g2-L8-n3-beta2__N0096__Aminus_0p005,hm-m05-g2-L8-n3-beta2,96,0.005,61,5.083333333333333,1.0047692065915197,1.0039973799990731
hm-m05-g2-L8-n3-beta2__N0096__Aplus_0p005,hm-m05-g2-L8-n3-beta2__N0096__Aminus_0p005,hm-m05-g2-L8-n3-beta2,96,0.005,62,5.166666666666666,1.004888100128708,1.0040973574321947
hm-m05-g2-L8-n3-beta2__N0096__Aplus_0p005,hm-m05-g2-L8-n3-beta2__N0096__Aminus_0p005,hm-m05-g2-L8-n3-beta2,96,0.005,63,5.25,1.0049598933833734,1.004157732529566
hm-m05-g2-L8-n3-beta2__N0096__Aplus_0p005,hm-m05-g2-L8-n3-beta2__N0096__Aminus_0p005,hm-m05-g2-L8-n3-beta2,96,0.005,64,5.333333333333333,1.0049839008699117,1.0041779225243017
hm-m05-g2-L8-n3-beta2__N0096__Aplus_0p005,hm-m05-g2-L8-n3-beta2__N0096__Aminus_0p005,hm-m05-g2-L8-n3-beta2,96,0.005,65,5.416666666666666,1.0049598933833757,1.0041577325295694
hm-m05-g2-L8-n3-beta2__N0096__Aplus_0p005,hm-m05-g2-L8-n3-beta2__N0096__Aminus_0p005,hm-m05-g2-L8-n3-beta2,96,0.005,66,5.5,1.0048881001287124,1.0040973574322014
hm-m05-g2-L8-n3-beta2__N0096__Aplus_0p005,hm-m05-g2-L8-n3-beta2__N0096__Aminus_0p005,hm-m05-g2-L8-n3-beta2,96,0.005,67,5.583333333333333,1.0047692065915264,1.003997379999083
hm-m05-g2-L8-n3-beta2__N0096__Aplus_0p005,hm-m05-g2-L8-n3-beta2__N0096__Aminus_0p005,hm-m05-g2-L8-n3-beta2,96,0.005,68,5.666666666666666,1.0046043481677611,1.0038587652151625
hm-m05-g2-L8-n3-beta2__N0096__Aplus_0p005,hm-m05-g2-L8-n3-beta2__N0096__Aminus_0p005,hm-m05-g2-L8-n3-beta2,96,0.005,69,5.75,1.0043950996044517,1.00368285090942
hm-m05-g2-L8-n3-beta2__N0096__Aplus_0p005,hm-m05-g2-L8-n3-beta2__N0096__Aminus_0p005,hm-m05-g2-L8-n3-beta2,96,0.005,70,5.833333333333333,1.0041434603383217,1.003471334762011
hm-m05-g2-L8-n3-beta2__N0096__Aplus_0p005,hm-m05-g2-L8-n3-beta2__N0096__Aminus_0p005,hm-m05-g2-L8-n3-beta2,96,0.005,71,5.916666666666666,1.0038518358534152,1.003226257821698
hm-m05-g2-L8-n3-beta2__N0096__Aplus_0p005,hm-m05-g2-L8-n3-beta2__N0096__Aminus_0p005,hm-m05-g2-L8-n3-beta2,96,0.005,72,6.0,1.0035230152130141,1.0029499846971868
hm-m05-g2-L8-n3-beta2__N0096__Aplus_0p005,hm-m05-g2-L8-n3-beta2__N0096__Aminus_0p005,hm-m05-g2-L8-n3-beta2,96,0.005,73,6.083333333333333,1.0031601449546574,1.0026451806187517
hm-m05-g2-L8-n3-beta2__N0096__Aplus_0p005,hm-m05-g2-L8-n3-beta2__N0096__Aminus_0p005,hm-m05-g2-L8-n3-beta2,96,0.005,74,6.166666666666666,1.002766699569947,1.002314785597215
hm-m05-g2-L8-n3-beta2__N0096__Aplus_0p005,hm-m05-g2-L8-n3-beta2__N0096__Aminus_0p005,hm-m05-g2-L8-n3-beta2,96,0.005,75,6.25,1.002346448822752,1.0019619859356144
hm-m05-g2-L8-n3-beta2__N0096__Aplus_0p005,hm-m05-g2-L8-n3-beta2__N0096__Aminus_0p005,hm-m05-g2-L8-n3-beta2,96,0.005,76,6.333333333333333,1.0019034221901588,1.0015901833744865
hm-m05-g2-L8-n3-beta2__N0096__Aplus_0p005,hm-m05-g2-L8-n3-beta2__N0096__Aminus_0p005,hm-m05-g2-L8-n3-beta2,96,0.005,77,6.416666666666666,1.0014418707396913,1.001202962174318
hm-m05-g2-L8-n3-beta2__N0096__Aplus_0p005,hm-m05-g2-L8-n3-beta2__N0096__Aminus_0p005,hm-m05-g2-L8-n3-beta2,96,0.005,78,6.5,1.0009662267836417,1.0008040544582029
hm-m05-g2-L8-n3-beta2__N0096__Aplus_0p005,hm-m05-g2-L8-n3-beta2__N0096__Aminus_0p005,hm-m05-g2-L8-n3-beta2,96,0.005,79,6.583333333333333,1.0004810616763882,1.000397304153871
hm-m05-g2-L8-n3-beta2__N0096__Aplus_0p005,hm-m05-g2-L8-n3-beta2__N0096__Aminus_0p005,hm-m05-g2-L8-n3-beta2,96,0.005,80,6.666666666666666,0.9999910421429486,0.9999866298869056
hm-m05-g2-L8-n3-beta2__N0096__Aplus_0p005,hm-m05-g2-L8-n3-beta2__N0096__Aminus_0p005,hm-m05-g2-L8-n3-beta2,96,0.005,81,6.75,0.9995008855463231,0.9995759871860569
hm-m05-g2-L8-n3-beta2__N0096__Aplus_0p005,hm-m05-g2-L8-n3-beta2__N0096__Aminus_0p005,hm-m05-g2-L8-n3-beta2,96,0.005,82,6.833333333333333,0.9990153145170079,0.9991693303670014
hm-m05-g2-L8-n3-beta2__N0096__Aplus_0p005,hm-m05-g2-L8-n3-beta2__N0096__Aminus_0p005,hm-m05-g2-L8-n3-beta2,96,0.005,83,6.916666666666666,0.998539011380048,0.9987705744627204
hm-m05-g2-L8-n3-beta2__N0096__Aplus_0p005,hm-m05-g2-L8-n3-beta2__N0096__Aminus_0p005,hm-m05-g2-L8-n3-beta2,96,0.005,84,7.0,0.9980765728227763,0.9983835575668761
hm-m05-g2-L8-n3-beta2__N0096__Aplus_0p005,hm-m05-g2-L8-n3-beta2__N0096__Aminus_0p005,hm-m05-g2-L8-n3-beta2,96,0.005,85,7.083333333333333,0.9976324652496846,0.9980120039512349
hm-m05-g2-L8-n3-beta2__N0096__Aplus_0p005,hm-m05-g2-L8-n3-beta2__N0096__Aminus_0p005,hm-m05-g2-L8-n3-beta2,96,0.005,86,7.166666666666666,0.9972109812694161,0.9976594883094205
hm-m05-g2-L8-n3-beta2__N0096__Aplus_0p005,hm-m05-g2-L8-n3-beta2__N0096__Aminus_0p005,hm-m05-g2-L8-n3-beta2,96,0.005,87,7.25,0.9968161977525146,0.9973294014672253
hm-m05-g2-L8-n3-beta2__N0096__Aplus_0p005,hm-m05-g2-L8-n3-beta2__N0096__Aminus_0p005,hm-m05-g2-L8-n3-beta2,96,0.005,88,7.333333333333333,0.9964519358871892,0.9970249178845125
hm-m05-g2-L8-n3-beta2__N0096__Aplus_0p005,hm-m05-g2-L8-n3-beta2__N0096__Aminus_0p005,hm-m05-g2-L8-n3-beta2,96,0.005,89,7.416666666666666,0.9961217236439514,0.9967489652556277
hm-m05-g2-L8-n3-beta2__N0096__Aplus_0p005,hm-m05-g2-L8-n3-beta2__N0096__Aminus_0p005,hm-m05-g2-L8-n3-beta2,96,0.005,90,7.5,0.9958287610386223,0.9965041964943834
hm-m05-g2-L8-n3-beta2__N0096__Aplus_0p005,hm-m05-g2-L8-n3-beta2__N0096__Aminus_0p005,hm-m05-g2-L8-n3-beta2,96,0.005,91,7.583333333333333,0.9955758885570314,0.9962929643663522
hm-m05-g2-L8-n3-beta2__N0096__Aplus_0p005,hm-m05-g2-L8-n3-beta2__N0096__Aminus_0p005,hm-m05-g2-L8-n3-beta2,96,0.005,92,7.666666666666666,0.9953655590739988,0.9961172990056147
hm-m05-g2-L8-n3-beta2__N0096__Aplus_0p005,hm-m05-g2-L8-n3-beta2__N0096__Aminus_0p005,hm-m05-g2-L8-n3-beta2,96,0.005,93,7.75,0.9951998135642046,0.9959788885255366
hm-m05-g2-L8-n3-beta2__N0096__Aplus_0p005,hm-m05-g2-L8-n3-beta2__N0096__Aminus_0p005,hm-m05-g2-L8-n3-beta2,96,0.005,94,7.833333333333333,0.9950802608637203,0.9958790629038428
hm-m05-g2-L8-n3-beta2__N0096__Aplus_0p005,hm-m05-g2-L8-n3-beta2__N0096__Aminus_0p005,hm-m05-g2-L8-n3-beta2,96,0.005,95,7.916666666666666,0.995008061698763,0.9958187812914774
hm-m05-g2-L8-n3-beta2__N0096__Aplus_0p005,hm-m05-g2-L8-n3-beta2__N0096__Aminus_0p005,hm-m05-g2-L8-n3-beta2,96,0.005,96,8.0,0.9949839171531725,0.9957986228627644
hm-m05-g2-L8-n3-beta2__N0096__Aplus_0p01,hm-m05-g2-L8-n3-beta2__N0096__Aminus_0p01,hm-m05-g2-L8-n3-beta2,96,0.01,0,0.0,1.0099355739935907,1.0083320151560204
hm-m05-g2-L8-n3-beta2__N0096__Aplus_0p01,hm-m05-g2-L8-n3-beta2__N0096__Aminus_0p01,hm-m05-g2-L8-n3-beta2,96,0.01,1,0.08333333333333333,1.009887698077467,1.008291605959973
hm-m05-g2-L8-n3-beta2__N0096__Aplus_0p01,hm-m05-g2-L8-n3-beta2__N0096__Aminus_0p01,hm-m05-g2-L8-n3-beta2,96,0.01,2,0.16666666666666666,1.009744523296432,1.0081707692863684
hm-m05-g2-L8-n3-beta2__N0096__Aplus_0p01,hm-m05-g2-L8-n3-beta2__N0096__Aminus_0p01,hm-m05-g2-L8-n3-beta2,96,0.01,3,0.25,1.0095074045115642,1.007970674049981
hm-m05-g2-L8-n3-beta2__N0096__Aplus_0p01,hm-m05-g2-L8-n3-beta2__N0096__Aminus_0p01,hm-m05-g2-L8-n3-beta2,96,0.01,4,0.3333333333333333,1.009178586380614,1.0076932557183595
hm-m05-g2-L8-n3-beta2__N0096__Aplus_0p01,hm-m05-g2-L8-n3-beta2__N0096__Aminus_0p01,hm-m05-g2-L8-n3-beta2,96,0.01,5,0.41666666666666663,1.0087611832823011,1.0073411973624966
hm-m05-g2-L8-n3-beta2__N0096__Aplus_0p01,hm-m05-g2-L8-n3-beta2__N0096__Aminus_0p01,hm-m05-g2-L8-n3-beta2,96,0.01,6,0.5,1.0082591513922183,1.0069179033987548
hm-m05-g2-L8-n3-beta2__N0096__Aplus_0p01,hm-m05-g2-L8-n3-beta2__N0096__Aminus_0p01,hm-m05-g2-L8-n3-beta2,96,0.01,7,0.5833333333333333,1.0076772530948062,1.0064274662894062
hm-m05-g2-L8-n3-beta2__N0096__Aplus_0p01,hm-m05-g2-L8-n3-beta2__N0096__Aminus_0p01,hm-m05-g2-L8-n3-beta2,96,0.01,8,0.6666666666666666,1.0070210139719746,1.0058746265403682
hm-m05-g2-L8-n3-beta2__N0096__Aplus_0p01,hm-m05-g2-L8-n3-beta2__N0096__Aminus_0p01,hm-m05-g2-L8-n3-beta2,96,0.01,9,0.75,1.0062966726671292,1.0052647264021586
hm-m05-g2-L8-n3-beta2__N0096__Aplus_0p01,hm-m05-g2-L8-n3-beta2__N0096__Aminus_0p01,hm-m05-g2-L8-n3-beta2,96,0.01,10,0.8333333333333333,1.0055111239836032,1.004603657742985
hm-m05-g2-L8-n3-beta2__N0096__Aplus_0p01,hm-m05-g2-L8-n3-beta2__N0096__Aminus_0p01,hm-m05-g2-L8-n3-beta2,96,0.01,11,0.9166666666666666,1.0046718556384986,1.0038978046205356
hm-m05-g2-L8-n3-beta2__N0096__Aplus_0p01,hm-m05-g2-L8-n3-beta2__N0096__Aminus_0p01,hm-m05-g2-L8-n3-beta2,96,0.01,12,1.0,1.0037868791561881,1.0031539811307837
hm-m05-g2-L8-n3-beta2__N0096__Aplus_0p01,hm-m05-g2-L8-n3-beta2__N0096__Aminus_0p01,hm-m05-g2-L8-n3-beta2,96,0.01,13,1.0833333333333333,1.0028646554494143,1.002379365157453
hm-m05-g2-L8-n3-beta2__N0096__Aplus_0p01,hm-m05-g2-L8-n3-beta2__N0096__Aminus_0p01,hm-m05-g2-L8-n3-beta2,96,0.01,14,1.1666666666666665,1.0019140156990545,1.0015814286841767
hm-m05-g2-L8-n3-beta2__N0096__Aplus_0p01,hm-m05-g2-L8-n3-beta2__N0096__Aminus_0p01,hm-m05-g2-L8-n3-beta2,96,0.01,15,1.25,1.0009440782049666,1.0007678653624974
hm-m05-g2-L8-n3-beta2__N0096__Aplus_0p01,hm-m05-g2-L8-n3-beta2__N0096__Aminus_0p01,hm-m05-g2-L8-n3-beta2,96,0.01,16,1.3333333333333333,0.9999641619385562,0.9999465160524079
hm-m05-g2-L8-n3-beta2__N0096__Aplus_0p01,hm-m05-g2-L8-n3-beta2__N0096__Aminus_0p01,hm-m05-g2-L8-n3-beta2,96,0.01,17,1.4166666666666665,0.9989836975813515,0.9991252930679503
hm-m05-g2-L8-n3-beta2__N0096__Aplus_0p01,hm-m05-g2-L8-n3-beta2__N0096__Aminus_0p01,hm-m05-g2-L8-n3-beta2,96,0.01,18,1.5,0.9980121368814643,0.9983121038684556
hm-m05-g2-L8-n3-beta2__N0096__Aplus_0p01,hm-m05-g2-L8-n3-beta2__N0096__Aminus_0p01,hm-m05-g2-L8-n3-beta2,96,0.01,19,1.5833333333333333,0.9970588611999011,0.997514774936362
hm-m05-g2-L8-n3-beta2__N0096__Aplus_0p01,hm-m05-g2-L8-n3-beta2__N0096__Aminus_0p01,hm-m05-g2-L8-n3-beta2,96,0.01,20,1.6666666666666665,0.9961330901499101,0.9967409765753736
hm-m05-g2-L8-n3-beta2__N0096__Aplus_0p01,hm-m05-g2-L8-n3-beta2__N0096__Aminus_0p01,hm-m05-g2-L8-n3-beta2,96,0.01,21,1.75,0.9952437912536908,0.9959981493483007
hm-m05-g2-L8-n3-beta2__N0096__Aplus_0p01,hm-m05-g2-L8-n3-beta2__N0096__Aminus_0p01,hm-m05-g2-L8-n3-beta2,96,0.01,22,1.8333333333333333,0.9943995915508391,0.9952934328526117
hm-m05-g2-L8-n3-beta2__N0096__Aplus_0p01,hm-m05-g2-L8-n3-beta2__N0096__Aminus_0p01,hm-m05-g2-L8-n3-beta2,96,0.01,23,1.9166666666666665,0.9936086920910722,0.9946335975039796
hm-m05-g2-L8-n3-beta2__N0096__Aplus_0p01,hm-m05-g2-L8-n3-beta2__N0096__Aminus_0p01,hm-m05-g2-L8-n3-beta2,96,0.01,24,2.0,0.9928787862295344,0.9940249799644104
hm-m05-g2-L8-n3-beta2__N0096__Aplus_0p01,hm-m05-g2-L8-n3-beta2__N0096__Aminus_0p01,hm-m05-g2-L8-n3-beta2,96,0.01,25,2.083333333333333,0.9922169826161128,0.9934734228124787
hm-m05-g2-L8-n3-beta2__N0096__Aplus_0p01,hm-m05-g2-L8-n3-beta2__N0096__Aminus_0p01,hm-m05-g2-L8-n3-beta2,96,0.01,26,2.1666666666666665,0.9916297337307041,0.9929842190093017
hm-m05-g2-L8-n3-beta2__N0096__Aplus_0p01,hm-m05-g2-L8-n3-beta2__N0096__Aminus_0p01,hm-m05-g2-L8-n3-beta2,96,0.01,27,2.25,0.9911227707646011,0.9925620616657811
hm-m05-g2-L8-n3-beta2__N0096__Aplus_0p01,hm-m05-g2-L8-n3-beta2__N0096__Aminus_0p01,hm-m05-g2-L8-n3-beta2,96,0.01,28,2.333333333333333,0.9907010455846991,0.9922109995648837
hm-m05-g2-L8-n3-beta2__N0096__Aplus_0p01,hm-m05-g2-L8-n3-beta2__N0096__Aminus_0p01,hm-m05-g2-L8-n3-beta2,96,0.01,29,2.4166666666666665,0.9903686804428513,0.9919343988378908
hm-m05-g2-L8-n3-beta2__N0096__Aplus_0p01,hm-m05-g2-L8-n3-beta2__N0096__Aminus_0p01,hm-m05-g2-L8-n3-beta2,96,0.01,30,2.5,0.9901289260085071,0.9917349111361468
hm-m05-g2-L8-n3-beta2__N0096__Aplus_0p01,hm-m05-g2-L8-n3-beta2__N0096__Aminus_0p01,hm-m05-g2-L8-n3-beta2,96,0.01,31,2.583333333333333,0.9899841282099164,0.991614448580357
hm-m05-g2-L8-n3-beta2__N0096__Aplus_0p01,hm-m05-g2-L8-n3-beta2__N0096__Aminus_0p01,hm-m05-g2-L8-n3-beta2,96,0.01,32,2.6666666666666665,0.9899357042691005,0.9915741657084065
hm-m05-g2-L8-n3-beta2__N0096__Aplus_0p01,hm-m05-g2-L8-n3-beta2__N0096__Aminus_0p01,hm-m05-g2-L8-n3-beta2,96,0.01,33,2.75,0.9899841282099157,0.9916144485803563
hm-m05-g2-L8-n3-beta2__N0096__Aplus_0p01,hm-m05-g2-L8-n3-beta2__N0096__Aminus_0p01,hm-m05-g2-L8-n3-beta2,96,0.01,34,2.833333333333333,0.9901289260085054,0.9917349111361453
hm-m05-g2-L8-n3-beta2__N0096__Aplus_0p01,hm-m05-g2-L8-n3-beta2__N0096__Aminus_0p01,hm-m05-g2-L8-n3-beta2,96,0.01,35,2.9166666666666665,0.990368680442849,0.9919343988378886
hm-m05-g2-L8-n3-beta2__N0096__Aplus_0p01,hm-m05-g2-L8-n3-beta2__N0096__Aminus_0p01,hm-m05-g2-L8-n3-beta2,96,0.01,36,3.0,0.9907010455846958,0.9922109995648807
hm-m05-g2-L8-n3-beta2__N0096__Aplus_0p01,hm-m05-g2-L8-n3-beta2__N0096__Aminus_0p01,hm-m05-g2-L8-n3-beta2,96,0.01,37,3.083333333333333,0.9911227707645972,0.9925620616657778
hm-m05-g2-L8-n3-beta2__N0096__Aplus_0p01,hm-m05-g2-L8-n3-beta2__N0096__Aminus_0p01,hm-m05-g2-L8-n3-beta2,96,0.01,38,3.1666666666666665,0.9916297337306994,0.9929842190092977
hm-m05-g2-L8-n3-beta2__N0096__Aplus_0p01,hm-m05-g2-L8-n3-beta2__N0096__Aminus_0p01,hm-m05-g2-L8-n3-beta2,96,0.01,39,3.25,0.9922169826161075,0.9934734228124739
hm-m05-g2-L8-n3-beta2__N0096__Aplus_0p01,hm-m05-g2-L8-n3-beta2__N0096__Aminus_0p01,hm-m05-g2-L8-n3-beta2,96,0.01,40,3.333333333333333,0.9928787862295284,0.9940249799644048
hm-m05-g2-L8-n3-beta2__N0096__Aplus_0p01,hm-m05-g2-L8-n3-beta2__N0096__Aminus_0p01,hm-m05-g2-L8-n3-beta2,96,0.01,41,3.4166666666666665,0.9936086920910656,0.9946335975039731
hm-m05-g2-L8-n3-beta2__N0096__Aplus_0p01,hm-m05-g2-L8-n3-beta2__N0096__Aminus_0p01,hm-m05-g2-L8-n3-beta2,96,0.01,42,3.5,0.994399591550832,0.9952934328526044
hm-m05-g2-L8-n3-beta2__N0096__Aplus_0p01,hm-m05-g2-L8-n3-beta2__N0096__Aminus_0p01,hm-m05-g2-L8-n3-beta2,96,0.01,43,3.583333333333333,0.9952437912536831,0.9959981493482926
hm-m05-g2-L8-n3-beta2__N0096__Aplus_0p01,hm-m05-g2-L8-n3-beta2__N0096__Aminus_0p01,hm-m05-g2-L8-n3-beta2,96,0.01,44,3.6666666666666665,0.996133090149902,0.9967409765753646
hm-m05-g2-L8-n3-beta2__N0096__Aplus_0p01,hm-m05-g2-L8-n3-beta2__N0096__Aminus_0p01,hm-m05-g2-L8-n3-beta2,96,0.01,45,3.75,0.9970588611998925,0.9975147749363521
hm-m05-g2-L8-n3-beta2__N0096__Aplus_0p01,hm-m05-g2-L8-n3-beta2__N0096__Aminus_0p01,hm-m05-g2-L8-n3-beta2,96,0.01,46,3.833333333333333,0.9980121368814553,0.9983121038684448
hm-m05-g2-L8-n3-beta2__N0096__Aplus_0p01,hm-m05-g2-L8-n3-beta2__N0096__Aminus_0p01,hm-m05-g2-L8-n3-beta2,96,0.01,47,3.9166666666666665,0.9989836975813423,0.999125293067939
hm-m05-g2-L8-n3-beta2__N0096__Aplus_0p01,hm-m05-g2-L8-n3-beta2__N0096__Aminus_0p01,hm-m05-g2-L8-n3-beta2,96,0.01,48,4.0,0.9999641619385466,0.9999465160523962
hm-m05-g2-L8-n3-beta2__N0096__Aplus_0p01,hm-m05-g2-L8-n3-beta2__N0096__Aminus_0p01,hm-m05-g2-L8-n3-beta2,96,0.01,49,4.083333333333333,1.0009440782049566,1.0007678653624852
hm-m05-g2-L8-n3-beta2__N0096__Aplus_0p01,hm-m05-g2-L8-n3-beta2__N0096__Aminus_0p01,hm-m05-g2-L8-n3-beta2,96,0.01,50,4.166666666666666,1.0019140156990443,1.001581428684164
hm-m05-g2-L8-n3-beta2__N0096__Aplus_0p01,hm-m05-g2-L8-n3-beta2__N0096__Aminus_0p01,hm-m05-g2-L8-n3-beta2,96,0.01,51,4.25,1.0028646554494038,1.00237936515744
hm-m05-g2-L8-n3-beta2__N0096__Aplus_0p01,hm-m05-g2-L8-n3-beta2__N0096__Aminus_0p01,hm-m05-g2-L8-n3-beta2,96,0.01,52,4.333333333333333,1.0037868791561775,1.0031539811307704
hm-m05-g2-L8-n3-beta2__N0096__Aplus_0p01,hm-m05-g2-L8-n3-beta2__N0096__Aminus_0p01,hm-m05-g2-L8-n3-beta2,96,0.01,53,4.416666666666666,1.004671855638488,1.003897804620522
hm-m05-g2-L8-n3-beta2__N0096__Aplus_0p01,hm-m05-g2-L8-n3-beta2__N0096__Aminus_0p01,hm-m05-g2-L8-n3-beta2,96,0.01,54,4.5,1.0055111239835923,1.0046036577429713
hm-m05-g2-L8-n3-beta2__N0096__Aplus_0p01,hm-m05-g2-L8-n3-beta2__N0096__Aminus_0p01,hm-m05-g2-L8-n3-beta2,96,0.01,55,4.583333333333333,1.0062966726671183,1.0052647264021448
hm-m05-g2-L8-n3-beta2__N0096__Aplus_0p01,hm-m05-g2-L8-n3-beta2__N0096__Aminus_0p01,hm-m05-g2-L8-n3-beta2,96,0.01,56,4.666666666666666,1.0070210139719638,1.0058746265403546
hm-m05-g2-L8-n3-beta2__N0096__Aplus_0p01,hm-m05-g2-L8-n3-beta2__N0096__Aminus_0p01,hm-m05-g2-L8-n3-beta2,96,0.01,57,4.75,1.0076772530947953,1.0064274662893928
hm-m05-g2-L8-n3-beta2__N0096__Aplus_0p01,hm-m05-g2-L8-n3-beta2__N0096__Aminus_0p01,hm-m05-g2-L8-n3-beta2,96,0.01,58,4.833333333333333,1.0082591513922075,1.0069179033987417
hm-m05-g2-L8-n3-beta2__N0096__Aplus_0p01,hm-m05-g2-L8-n3-beta2__N0096__Aminus_0p01,hm-m05-g2-L8-n3-beta2,96,0.01,59,4.916666666666666,1.0087611832822903,1.0073411973624837
hm-m05-g2-L8-n3-beta2__N0096__Aplus_0p01,hm-m05-g2-L8-n3-beta2__N0096__Aminus_0p01,hm-m05-g2-L8-n3-beta2,96,0.01,60,5.0,1.0091785863806033,1.007693255718347
hm-m05-g2-L8-n3-beta2__N0096__Aplus_0p01,hm-m05-g2-L8-n3-beta2__N0096__Aminus_0p01,hm-m05-g2-L8-n3-beta2,96,0.01,61,5.083333333333333,1.0095074045115537,1.0079706740499685
hm-m05-g2-L8-n3-beta2__N0096__Aplus_0p01,hm-m05-g2-L8-n3-beta2__N0096__Aminus_0p01,hm-m05-g2-L8-n3-beta2,96,0.01,62,5.166666666666666,1.0097445232964217,1.0081707692863566
hm-m05-g2-L8-n3-beta2__N0096__Aplus_0p01,hm-m05-g2-L8-n3-beta2__N0096__Aminus_0p01,hm-m05-g2-L8-n3-beta2,96,0.01,63,5.25,1.009887698077457,1.0082916059599618
hm-m05-g2-L8-n3-beta2__N0096__Aplus_0p01,hm-m05-g2-L8-n3-beta2__N0096__Aminus_0p01,hm-m05-g2-L8-n3-beta2,96,0.01,64,5.333333333333333,1.0099355739935811,1.00833201515601
hm-m05-g2-L8-n3-beta2__N0096__Aplus_0p01,hm-m05-g2-L8-n3-beta2__N0096__Aminus_0p01,hm-m05-g2-L8-n3-beta2,96,0.01,65,5.416666666666666,1.0098876980774576,1.0082916059599631
hm-m05-g2-L8-n3-beta2__N0096__Aplus_0p01,hm-m05-g2-L8-n3-beta2__N0096__Aminus_0p01,hm-m05-g2-L8-n3-beta2,96,0.01,66,5.5,1.009744523296423,1.0081707692863593
hm-m05-g2-L8-n3-beta2__N0096__Aplus_0p01,hm-m05-g2-L8-n3-beta2__N0096__Aminus_0p01,hm-m05-g2-L8-n3-beta2,96,0.01,67,5.583333333333333,1.009507404511556,1.0079706740499723
hm-m05-g2-L8-n3-beta2__N0096__Aplus_0p01,hm-m05-g2-L8-n3-beta2__N0096__Aminus_0p01,hm-m05-g2-L8-n3-beta2,96,0.01,68,5.666666666666666,1.0091785863806062,1.0076932557183516
hm-m05-g2-L8-n3-beta2__N0096__Aplus_0p01,hm-m05-g2-L8-n3-beta2__N0096__Aminus_0p01,hm-m05-g2-L8-n3-beta2,96,0.01,69,5.75,1.0087611832822938,1.0073411973624893
hm-m05-g2-L8-n3-beta2__N0096__Aplus_0p01,hm-m05-g2-L8-n3-beta2__N0096__Aminus_0p01,hm-m05-g2-L8-n3-beta2,96,0.01,70,5.833333333333333,1.0082591513922117,1.006917903398748
hm-m05-g2-L8-n3-beta2__N0096__Aplus_0p01,hm-m05-g2-L8-n3-beta2__N0096__Aminus_0p01,hm-m05-g2-L8-n3-beta2,96,0.01,71,5.916666666666666,1.0076772530948004,1.0064274662894002
hm-m05-g2-L8-n3-beta2__N0096__Aplus_0p01,hm-m05-g2-L8-n3-beta2__N0096__Aminus_0p01,hm-m05-g2-L8-n3-beta2,96,0.01,72,6.0,1.0070210139719695,1.005874626540363
hm-m05-g2-L8-n3-beta2__N0096__Aplus_0p01,hm-m05-g2-L8-n3-beta2__N0096__Aminus_0p01,hm-m05-g2-L8-n3-beta2,96,0.01,73,6.083333333333333,1.0062966726671247,1.0052647264021541
hm-m05-g2-L8-n3-beta2__N0096__Aplus_0p01,hm-m05-g2-L8-n3-beta2__N0096__Aminus_0p01,hm-m05-g2-L8-n3-beta2,96,0.01,74,6.166666666666666,1.0055111239835994,1.0046036577429815
hm-m05-g2-L8-n3-beta2__N0096__Aplus_0p01,hm-m05-g2-L8-n3-beta2__N0096__Aminus_0p01,hm-m05-g2-L8-n3-beta2,96,0.01,75,6.25,1.0046718556384957,1.003897804620533
hm-m05-g2-L8-n3-beta2__N0096__Aplus_0p01,hm-m05-g2-L8-n3-beta2__N0096__Aminus_0p01,hm-m05-g2-L8-n3-beta2,96,0.01,76,6.333333333333333,1.0037868791561861,1.003153981130782
hm-m05-g2-L8-n3-beta2__N0096__Aplus_0p01,hm-m05-g2-L8-n3-beta2__N0096__Aminus_0p01,hm-m05-g2-L8-n3-beta2,96,0.01,77,6.416666666666666,1.0028646554494132,1.0023793651574522
hm-m05-g2-L8-n3-beta2__N0096__Aplus_0p01,hm-m05-g2-L8-n3-beta2__N0096__Aminus_0p01,hm-m05-g2-L8-n3-beta2,96,0.01,78,6.5,1.0019140156990543,1.0015814286841767
hm-m05-g2-L8-n3-beta2__N0096__Aplus_0p01,hm-m05-g2-L8-n3-beta2__N0096__Aminus_0p01,hm-m05-g2-L8-n3-beta2,96,0.01,79,6.583333333333333,1.0009440782049672,1.0007678653624985
hm-m05-g2-L8-n3-beta2__N0096__Aplus_0p01,hm-m05-g2-L8-n3-beta2__N0096__Aminus_0p01,hm-m05-g2-L8-n3-beta2,96,0.01,80,6.666666666666666,0.9999641619385576,0.99994651605241
hm-m05-g2-L8-n3-beta2__N0096__Aplus_0p01,hm-m05-g2-L8-n3-beta2__N0096__Aminus_0p01,hm-m05-g2-L8-n3-beta2,96,0.01,81,6.75,0.9989836975813537,0.9991252930679533
hm-m05-g2-L8-n3-beta2__N0096__Aplus_0p01,hm-m05-g2-L8-n3-beta2__N0096__Aminus_0p01,hm-m05-g2-L8-n3-beta2,96,0.01,82,6.833333333333333,0.9980121368814672,0.9983121038684595
hm-m05-g2-L8-n3-beta2__N0096__Aplus_0p01,hm-m05-g2-L8-n3-beta2__N0096__Aminus_0p01,hm-m05-g2-L8-n3-beta2,96,0.01,83,6.916666666666666,0.9970588611999046,0.9975147749363672
hm-m05-g2-L8-n3-beta2__N0096__Aplus_0p01,hm-m05-g2-L8-n3-beta2__N0096__Aminus_0p01,hm-m05-g2-L8-n3-beta2,96,0.01,84,7.0,0.9961330901499145,0.9967409765753799
hm-m05-g2-L8-n3-beta2__N0096__Aplus_0p01,hm-m05-g2-L8-n3-beta2__N0096__Aminus_0p01,hm-m05-g2-L8-n3-beta2,96,0.01,85,7.083333333333333,0.9952437912536958,0.9959981493483078
hm-m05-g2-L8-n3-beta2__N0096__Aplus_0p01,hm-m05-g2-L8-n3-beta2__N0096__Aminus_0p01,hm-m05-g2-L8-n3-beta2,96,0.01,86,7.166666666666666,0.9943995915508449,0.9952934328526196
hm-m05-g2-L8-n3-beta2__N0096__Aplus_0p01,hm-m05-g2-L8-n3-beta2__N0096__Aminus_0p01,hm-m05-g2-L8-n3-beta2,96,0.01,87,7.25,0.9936086920910786,0.9946335975039882
hm-m05-g2-L8-n3-beta2__N0096__Aplus_0p01,hm-m05-g2-L8-n3-beta2__N0096__Aminus_0p01,hm-m05-g2-L8-n3-beta2,96,0.01,88,7.333333333333333,0.9928787862295414,0.9940249799644199
hm-m05-g2-L8-n3-beta2__N0096__Aplus_0p01,hm-m05-g2-L8-n3-beta2__N0096__Aminus_0p01,hm-m05-g2-L8-n3-beta2,96,0.01,89,7.416666666666666,0.9922169826161206,0.9934734228124891
hm-m05-g2-L8-n3-beta2__N0096__Aplus_0p01,hm-m05-g2-L8-n3-beta2__N0096__Aminus_0p01,hm-m05-g2-L8-n3-beta2,96,0.01,90,7.5,0.9916297337307124,0.9929842190093128
hm-m05-g2-L8-n3-beta2__N0096__Aplus_0p01,hm-m05-g2-L8-n3-beta2__N0096__Aminus_0p01,hm-m05-g2-L8-n3-beta2,96,0.01,91,7.583333333333333,0.9911227707646101,0.9925620616657927
hm-m05-g2-L8-n3-beta2__N0096__Aplus_0p01,hm-m05-g2-L8-n3-beta2__N0096__Aminus_0p01,hm-m05-g2-L8-n3-beta2,96,0.01,92,7.666666666666666,0.9907010455847086,0.9922109995648958
hm-m05-g2-L8-n3-beta2__N0096__Aplus_0p01,hm-m05-g2-L8-n3-beta2__N0096__Aminus_0p01,hm-m05-g2-L8-n3-beta2,96,0.01,93,7.75,0.9903686804428614,0.9919343988379035
hm-m05-g2-L8-n3-beta2__N0096__Aplus_0p01,hm-m05-g2-L8-n3-beta2__N0096__Aminus_0p01,hm-m05-g2-L8-n3-beta2,96,0.01,94,7.833333333333333,0.9901289260085177,0.9917349111361597
hm-m05-g2-L8-n3-beta2__N0096__Aplus_0p01,hm-m05-g2-L8-n3-beta2__N0096__Aminus_0p01,hm-m05-g2-L8-n3-beta2,96,0.01,95,7.916666666666666,0.9899841282099275,0.9916144485803704
hm-m05-g2-L8-n3-beta2__N0096__Aplus_0p01,hm-m05-g2-L8-n3-beta2__N0096__Aminus_0p01,hm-m05-g2-L8-n3-beta2,96,0.01,96,8.0,0.9899357042691119,0.9915741657084202
hm-m05-g2-L8-n3-beta2__N0096__Aplus_0p02,hm-m05-g2-L8-n3-beta2__N0096__Aminus_0p02,hm-m05-g2-L8-n3-beta2,96,0.02,0,0.0,1.019742084616639,1.0165672064290772
hm-m05-g2-L8-n3-beta2__N0096__Aplus_0p02,hm-m05-g2-L8-n3-beta2__N0096__Aminus_0p02,hm-m05-g2-L8-n3-beta2,96,0.02,1,0.08333333333333333,1.0196468959527922,1.0164862803432813
hm-m05-g2-L8-n3-beta2__N0096__Aplus_0p02,hm-m05-g2-L8-n3-beta2__N0096__Aminus_0p02,hm-m05-g2-L8-n3-beta2,96,0.02,2,0.16666666666666666,1.0193622134771032,1.0162442882013547
hm-m05-g2-L8-n3-beta2__N0096__Aplus_0p02,hm-m05-g2-L8-n3-beta2__N0096__Aminus_0p02,hm-m05-g2-L8-n3-beta2,96,0.02,3,0.25,1.018890680581942,1.0158435805450978
hm-m05-g2-L8-n3-beta2__N0096__Aplus_0p02,hm-m05-g2-L8-n3-beta2__N0096__Aminus_0p02,hm-m05-g2-L8-n3-beta2,96,0.02,4,0.3333333333333333,1.0182366790811455,1.0152880490108436
hm-m05-g2-L8-n3-beta2__N0096__Aplus_0p02,hm-m05-g2-L8-n3-beta2__N0096__Aminus_0p02,hm-m05-g2-L8-n3-beta2,96,0.02,5,0.41666666666666663,1.0174062934892258,1.0145830877153716
hm-m05-g2-L8-n3-beta2__N0096__Aplus_0p02,hm-m05-g2-L8-n3-beta2__N0096__Aminus_0p02,hm-m05-g2-L8-n3-beta2,96,0.02,6,0.5,1.016407261100403,1.013735539764927
hm-m05-g2-L8-n3-beta2__N0096__Aplus_0p02,hm-m05-g2-L8-n3-beta2__N0096__Aminus_0p02,hm-m05-g2-L8-n3-beta2,96,0.02,7,0.5833333333333333,1.015248907976867,1.0127536294488388
hm-m05-g2-L8-n3-beta2__N0096__Aplus_0p02,hm-m05-g2-L8-n3-beta2__N0096__Aminus_0p02,hm-m05-g2-L8-n3-beta2,96,0.02,8,0.6666666666666666,1.0139420710158003,1.0116468808292831
hm-m05-g2-L8-n3-beta2__N0096__Aplus_0p02,hm-m05-g2-L8-n3-beta2__N0096__Aminus_0p02,hm-m05-g2-L8-n3-beta2,96,0.02,9,0.75,1.0124990063438595,1.0104260235809321
hm-m05-g2-L8-n3-beta2__N0096__Aplus_0p02,hm-m05-g2-L8-n3-beta2__N0096__Aminus_0p02,hm-m05-g2-L8-n3-beta2,96,0.02,10,0.8333333333333333,1.0109332843875962,1.0091028870668426
hm-m05-g2-L8-n3-beta2__N0096__Aplus_0p02,hm-m05-g2-L8-n3-beta2__N0096__Aminus_0p02,hm-m05-g2-L8-n3-beta2,96,0.02,11,0.9166666666666666,1.0092596720888345,1.0076902837581987
hm-m05-g2-L8-n3-beta2__N0096__Aplus_0p02,hm-m05-g2-L8-n3-beta2__N0096__Aminus_0p02,hm-m05-g2-L8-n3-beta2,96,0.02,12,1.0,1.0074940028740857,1.0062018832138142
hm-m05-g2-L8-n3-beta2__N0096__Aplus_0p02,hm-m05-g2-L8-n3-beta2__N0096__Aminus_0p02,hm-m05-g2-L8-n3-beta2,96,0.02,13,1.0833333333333333,1.005653035144024,1.0046520779290589
hm-m05-g2-L8-n3-beta2__N0096__Aplus_0p02,hm-m05-g2-L8-n3-beta2__N0096__Aminus_0p02,hm-m05-g2-L8-n3-beta2,96,0.02,14,1.1666666666666665,1.0037543002189795,1.0030558424417666
hm-m05-g2-L8-n3-beta2__N0096__Aplus_0p02,hm-m05-g2-L8-n3-beta2__N0096__Aminus_0p02,hm-m05-g2-L8-n3-beta2,96,0.02,15,1.25,1.00181594085435,1.0014285871435975
hm-m05-g2-L8-n3-beta2__N0096__Aplus_0p02,hm-m05-g2-L8-n3-beta2__N0096__Aminus_0p02,hm-m05-g2-L8-n3-beta2,96,0.02,16,1.3333333333333333,0.9998565416200252,0.9997860082884403
hm-m05-g2-L8-n3-beta2__N0096__Aplus_0p02,hm-m05-g2-L8-n3-beta2__N0096__Aminus_0p02,hm-m05-g2-L8-n3-beta2,96,0.02,17,1.4166666666666665,0.9978949526140299,0.9981439357143118
hm-m05-g2-L8-n3-beta2__N0096__Aplus_0p02,hm-m05-g2-L8-n3-beta2__N0096__Aminus_0p02,hm-m05-g2-L8-n3-beta2,96,0.02,18,1.5,0.9959501081462144,0.9965181798017232
hm-m05-g2-L8-n3-beta2__N0096__Aplus_0p02,hm-m05-g2-L8-n3-beta2__N0096__Aminus_0p02,hm-m05-g2-L8-n3-beta2,96,0.02,19,1.5833333333333333,0.9940408421765737,0.9949243791800046
hm-m05-g2-L8-n3-beta2__N0096__Aplus_0p02,hm-m05-g2-L8-n3-beta2__N0096__Aminus_0p02,hm-m05-g2-L8-n3-beta2,96,0.02,20,1.6666666666666665,0.9921857024188996,0.9933778506642924
hm-m05-g2-L8-n3-beta2__N0096__Aplus_0p02,hm-m05-g2-L8-n3-beta2__N0096__Aminus_0p02,hm-m05-g2-L8-n3-beta2,96,0.02,21,1.75,0.9904027651188593,0.9918934428609404
hm-m05-g2-L8-n3-beta2__N0096__Aplus_0p02,hm-m05-g2-L8-n3-beta2__N0096__Aminus_0p02,hm-m05-g2-L8-n3-beta2,96,0.02,22,1.8333333333333333,0.9887094525822112,0.9904853948194349
hm-m05-g2-L8-n3-beta2__N0096__Aplus_0p02,hm-m05-g2-L8-n3-beta2__N0096__Aminus_0p02,hm-m05-g2-L8-n3-beta2,96,0.02,23,1.9166666666666665,0.9871223555607801,0.9891672010362215
hm-m05-g2-L8-n3-beta2__N0096__Aplus_0p02,hm-m05-g2-L8-n3-beta2__N0096__Aminus_0p02,hm-m05-g2-L8-n3-beta2,96,0.02,24,2.0,0.985657062599339,0.987951484032094
hm-m05-g2-L8-n3-beta2__N0096__Aplus_0p02,hm-m05-g2-L8-n3-beta2__N0096__Aminus_0p02,hm-m05-g2-L8-n3-beta2,96,0.02,25,2.083333333333333,0.9843279984052267,0.9868498756319954
hm-m05-g2-L8-n3-beta2__N0096__Aplus_0p02,hm-m05-g2-L8-n3-beta2__N0096__Aminus_0p02,hm-m05-g2-L8-n3-beta2,96,0.02,26,2.1666666666666665,0.983148273225051,0.9858729079762549
hm-m05-g2-L8-n3-beta2__N0096__Aplus_0p02,hm-m05-g2-L8-n3-beta2__N0096__Aminus_0p02,hm-m05-g2-L8-n3-beta2,96,0.02,27,2.25,0.9821295451009222,0.9850299151873958
hm-m05-g2-L8-n3-beta2__N0096__Aplus_0p02,hm-m05-g2-L8-n3-beta2__N0096__Aminus_0p02,hm-m05-g2-L8-n3-beta2,96,0.02,28,2.333333333333333,0.9812818967348665,0.9843289465084483
hm-m05-g2-L8-n3-beta2__N0096__Aplus_0p02,hm-m05-g2-L8-n3-beta2__N0096__Aminus_0p02,hm-m05-g2-L8-n3-beta2,96,0.02,29,2.4166666666666665,0.9806137285176131,0.9837766916187292
hm-m05-g2-L8-n3-beta2__N0096__Aplus_0p02,hm-m05-g2-L8-n3-beta2__N0096__Aminus_0p02,hm-m05-g2-L8-n3-beta2,96,0.02,30,2.5,0.9801316690804364,0.983378418722493
hm-m05-g2-L8-n3-beta2__N0096__Aplus_0p02,hm-m05-g2-L8-n3-beta2__N0096__Aminus_0p02,hm-m05-g2-L8-n3-beta2,96,0.02,31,2.583333333333333,0.9798405045100891,0.9831379258956189
hm-m05-g2-L8-n3-beta2__N0096__Aplus_0p02,hm-m05-g2-L8-n3-beta2__N0096__Aminus_0p02,hm-m05-g2-L8-n3-beta2,96,0.02,32,2.6666666666666665,0.9797431271310264,0.9830575060660854
hm-m05-g2-L8-n3-beta2__N0096__Aplus_0p02,hm-m05-g2-L8-n3-beta2__N0096__Aminus_0p02,hm-m05-g2-L8-n3-beta2,96,0.02,33,2.75,0.9798405045100889,0.9831379258956189
hm-m05-g2-L8-n3-beta2__N0096__Aplus_0p02,hm-m05-g2-L8-n3-beta2__N0096__Aminus_0p02,hm-m05-g2-L8-n3-beta2,96,0.02,34,2.833333333333333,0.9801316690804361,0.983378418722493
hm-m05-g2-L8-n3-beta2__N0096__Aplus_0p02,hm-m05-g2-L8-n3-beta2__N0096__Aminus_0p02,hm-m05-g2-L8-n3-beta2,96,0.02,35,2.9166666666666665,0.9806137285176127,0.983776691618729
hm-m05-g2-L8-n3-beta2__N0096__Aplus_0p02,hm-m05-g2-L8-n3-beta2__N0096__Aminus_0p02,hm-m05-g2-L8-n3-beta2,96,0.02,36,3.0,0.9812818967348661,0.984328946508448
hm-m05-g2-L8-n3-beta2__N0096__Aplus_0p02,hm-m05-g2-L8-n3-beta2__N0096__Aminus_0p02,hm-m05-g2-L8-n3-beta2,96,0.02,37,3.083333333333333,0.9821295451009217,0.9850299151873957
hm-m05-g2-L8-n3-beta2__N0096__Aplus_0p02,hm-m05-g2-L8-n3-beta2__N0096__Aminus_0p02,hm-m05-g2-L8-n3-beta2,96,0.02,38,3.1666666666666665,0.9831482732250504,0.9858729079762549
hm-m05-g2-L8-n3-beta2__N0096__Aplus_0p02,hm-m05-g2-L8-n3-beta2__N0096__Aminus_0p02,hm-m05-g2-L8-n3-beta2,96,0.02,39,3.25,0.984327998405226,0.9868498756319953
hm-m05-g2-L8-n3-beta2__N0096__Aplus_0p02,hm-m05-g2-L8-n3-beta2__N0096__Aminus_0p02,hm-m05-g2-L8-n3-beta2,96,0.02,40,3.333333333333333,0.9856570625993383,0.9879514840320939
hm-m05-g2-L8-n3-beta2__N0096__Aplus_0p02,hm-m05-g2-L8-n3-beta2__N0096__Aminus_0p02,hm-m05-g2-L8-n3-beta2,96,0.02,41,3.4166666666666665,0.9871223555607792,0.9891672010362214
hm-m05-g2-L8-n3-beta2__N0096__Aplus_0p02,hm-m05-g2-L8-n3-beta2__N0096__Aminus_0p02,hm-m05-g2-L8-n3-beta2,96,0.02,42,3.5,0.9887094525822103,0.9904853948194347
hm-m05-g2-L8-n3-beta2__N0096__Aplus_0p02,hm-m05-g2-L8-n3-beta2__N0096__Aminus_0p02,hm-m05-g2-L8-n3-beta2,96,0.02,43,3.583333333333333,0.9904027651188584,0.9918934428609398
hm-m05-g2-L8-n3-beta2__N0096__Aplus_0p02,hm-m05-g2-L8-n3-beta2__N0096__Aminus_0p02,hm-m05-g2-L8-n3-beta2,96,0.02,44,3.6666666666666665,0.9921857024188987,0.9933778506642915
hm-m05-g2-L8-n3-beta2__N0096__Aplus_0p02,hm-m05-g2-L8-n3-beta2__N0096__Aminus_0p02,hm-m05-g2-L8-n3-beta2,96,0.02,45,3.75,0.9940408421765728,0.9949243791800031
hm-m05-g2-L8-n3-beta2__N0096__Aplus_0p02,hm-m05-g2-L8-n3-beta2__N0096__Aminus_0p02,hm-m05-g2-L8-n3-beta2,96,0.02,46,3.833333333333333,0.9959501081462134,0.9965181798017212
hm-m05-g2-L8-n3-beta2__N0096__Aplus_0p02,hm-m05-g2-L8-n3-beta2__N0096__Aminus_0p02,hm-m05-g2-L8-n3-beta2,96,0.02,47,3.9166666666666665,0.9978949526140289,0.9981439357143095
hm-m05-g2-L8-n3-beta2__N0096__Aplus_0p02,hm-m05-g2-L8-n3-beta2__N0096__Aminus_0p02,hm-m05-g2-L8-n3-beta2,96,0.02,48,4.0,0.9998565416200242,0.9997860082884381
hm-m05-g2-L8-n3-beta2__N0096__Aplus_0p02,hm-m05-g2-L8-n3-beta2__N0096__Aminus_0p02,hm-m05-g2-L8-n3-beta2,96,0.02,49,4.083333333333333,1.001815940854349,1.0014285871435953
hm-m05-g2-L8-n3-beta2__N0096__Aplus_0p02,hm-m05-g2-L8-n3-beta2__N0096__Aminus_0p02,hm-m05-g2-L8-n3-beta2,96,0.02,50,4.166666666666666,1.0037543002189782,1.0030558424417644
hm-m05-g2-L8-n3-beta2__N0096__Aplus_0p02,hm-m05-g2-L8-n3-beta2__N0096__Aminus_0p02,hm-m05-g2-L8-n3-beta2,96,0.02,51,4.25,1.0056530351440227,1.0046520779290564
hm-m05-g2-L8-n3-beta2__N0096__Aplus_0p02,hm-m05-g2-L8-n3-beta2__N0096__Aminus_0p02,hm-m05-g2-L8-n3-beta2,96,0.02,52,4.333333333333333,1.0074940028740844,1.0062018832138118
hm-m05-g2-L8-n3-beta2__N0096__Aplus_0p02,hm-m05-g2-L8-n3-beta2__N0096__Aminus_0p02,hm-m05-g2-L8-n3-beta2,96,0.02,53,4.416666666666666,1.009259672088833,1.007690283758196
hm-m05-g2-L8-n3-beta2__N0096__Aplus_0p02,hm-m05-g2-L8-n3-beta2__N0096__Aminus_0p02,hm-m05-g2-L8-n3-beta2,96,0.02,54,4.5,1.0109332843875944,1.0091028870668397
hm-m05-g2-L8-n3-beta2__N0096__Aplus_0p02,hm-m05-g2-L8-n3-beta2__N0096__Aminus_0p02,hm-m05-g2-L8-n3-beta2,96,0.02,55,4.583333333333333,1.0124990063438575,1.010426023580929
hm-m05-g2-L8-n3-beta2__N0096__Aplus_0p02,hm-m05-g2-L8-n3-beta2__N0096__Aminus_0p02,hm-m05-g2-L8-n3-beta2,96,0.02,56,4.666666666666666,1.0139420710157983,1.01164688082928
hm-m05-g2-L8-n3-beta2__N0096__Aplus_0p02,hm-m05-g2-L8-n3-beta2__N0096__Aminus_0p02,hm-m05-g2-L8-n3-beta2,96,0.02,57,4.75,1.0152489079768647,1.012753629448836
hm-m05-g2-L8-n3-beta2__N0096__Aplus_0p02,hm-m05-g2-L8-n3-beta2__N0096__Aminus_0p02,hm-m05-g2-L8-n3-beta2,96,0.02,58,4.833333333333333,1.0164072611004005,1.013735539764924
hm-m05-g2-L8-n3-beta2__N0096__Aplus_0p02,hm-m05-g2-L8-n3-beta2__N0096__Aminus_0p02,hm-m05-g2-L8-n3-beta2,96,0.02,59,4.916666666666666,1.0174062934892232,1.0145830877153685
hm-m05-g2-L8-n3-beta2__N0096__Aplus_0p02,hm-m05-g2-L8-n3-beta2__N0096__Aminus_0p02,hm-m05-g2-L8-n3-beta2,96,0.02,60,5.0,1.0182366790811426,1.0152880490108405
hm-m05-g2-L8-n3-beta2__N0096__Aplus_0p02,hm-m05-g2-L8-n3-beta2__N0096__Aminus_0p02,hm-m05-g2-L8-n3-beta2,96,0.02,61,5.083333333333333,1.018890680581939,1.0158435805450947
hm-m05-g2-L8-n3-beta2__N0096__Aplus_0p02,hm-m05-g2-L8-n3-beta2__N0096__Aminus_0p02,hm-m05-g2-L8-n3-beta2,96,0.02,62,5.166666666666666,1.0193622134771,1.0162442882013518
hm-m05-g2-L8-n3-beta2__N0096__Aplus_0p02,hm-m05-g2-L8-n3-beta2__N0096__Aminus_0p02,hm-m05-g2-L8-n3-beta2,96,0.02,63,5.25,1.0196468959527891,1.0164862803432788
hm-m05-g2-L8-n3-beta2__N0096__Aplus_0p02,hm-m05-g2-L8-n3-beta2__N0096__Aminus_0p02,hm-m05-g2-L8-n3-beta2,96,0.02,64,5.333333333333333,1.0197420846166356,1.016567206429075
hm-m05-g2-L8-n3-beta2__N0096__Aplus_0p02,hm-m05-g2-L8-n3-beta2__N0096__Aminus_0p02,hm-m05-g2-L8-n3-beta2,96,0.02,65,5.416666666666666,1.019646895952789,1.0164862803432795
hm-m05-g2-L8-n3-beta2__N0096__Aplus_0p02,hm-m05-g2-L8-n3-beta2__N0096__Aminus_0p02,hm-m05-g2-L8-n3-beta2,96,0.02,66,5.5,1.0193622134770999,1.016244288201353
hm-m05-g2-L8-n3-beta2__N0096__Aplus_0p02,hm-m05-g2-L8-n3-beta2__N0096__Aminus_0p02,hm-m05-g2-L8-n3-beta2,96,0.02,67,5.583333333333333,1.0188906805819389,1.015843580545096
hm-m05-g2-L8-n3-beta2__N0096__Aplus_0p02,hm-m05-g2-L8-n3-beta2__N0096__Aminus_0p02,hm-m05-g2-L8-n3-beta2,96,0.02,68,5.666666666666666,1.0182366790811423,1.0152880490108418
hm-m05-g2-L8-n3-beta2__N0096__Aplus_0p02,hm-m05-g2-L8-n3-beta2__N0096__Aminus_0p02,hm-m05-g2-L8-n3-beta2,96,0.02,69,5.75,1.0174062934892227,1.01458308771537
hm-m05-g2-L8-n3-beta2__N0096__Aplus_0p02,hm-m05-g2-L8-n3-beta2__N0096__Aminus_0p02,hm-m05-g2-L8-n3-beta2,96,0.02,70,5.833333333333333,1.0164072611004,1.013735539764926
hm-m05-g2-L8-n3-beta2__N0096__Aplus_0p02,hm-m05-g2-L8-n3-beta2__N0096__Aminus_0p02,hm-m05-g2-L8-n3-beta2,96,0.02,71,5.916666666666666,1.0152489079768645,1.0127536294488382
hm-m05-g2-L8-n3-beta2__N0096__Aplus_0p02,hm-m05-g2-L8-n3-beta2__N0096__Aminus_0p02,hm-m05-g2-L8-n3-beta2,96,0.02,72,6.0,1.013942071015798,1.0116468808292827
hm-m05-g2-L8-n3-beta2__N0096__Aplus_0p02,hm-m05-g2-L8-n3-beta2__N0096__Aminus_0p02,hm-m05-g2-L8-n3-beta2,96,0.02,73,6.083333333333333,1.0124990063438575,1.010426023580932
hm-m05-g2-L8-n3-beta2__N0096__Aplus_0p02,hm-m05-g2-L8-n3-beta2__N0096__Aminus_0p02,hm-m05-g2-L8-n3-beta2,96,0.02,74,6.166666666666666,1.0109332843875944,1.0091028870668428
hm-m05-g2-L8-n3-beta2__N0096__Aplus_0p02,hm-m05-g2-L8-n3-beta2__N0096__Aminus_0p02,hm-m05-g2-L8-n3-beta2,96,0.02,75,6.25,1.0092596720888332,1.0076902837581994
hm-m05-g2-L8-n3-beta2__N0096__Aplus_0p02,hm-m05-g2-L8-n3-beta2__N0096__Aminus_0p02,hm-m05-g2-L8-n3-beta2,96,0.02,76,6.333333333333333,1.0074940028740849,1.0062018832138153
hm-m05-g2-L8-n3-beta2__N0096__Aplus_0p02,hm-m05-g2-L8-n3-beta2__N0096__Aminus_0p02,hm-m05-g2-L8-n3-beta2,96,0.02,77,6.416666666666666,1.0056530351440236,1.0046520779290602
hm-m05-g2-L8-n3-beta2__N0096__Aplus_0p02,hm-m05-g2-L8-n3-beta2__N0096__Aminus_0p02,hm-m05-g2-L8-n3-beta2,96,0.02,78,6.5,1.0037543002189793,1.0030558424417682
hm-m05-g2-L8-n3-beta2__N0096__Aplus_0p02,hm-m05-g2-L8-n3-beta2__N0096__Aminus_0p02,hm-m05-g2-L8-n3-beta2,96,0.02,79,6.583333333333333,1.0018159408543506,1.0014285871435993
hm-m05-g2-L8-n3-beta2__N0096__Aplus_0p02,hm-m05-g2-L8-n3-beta2__N0096__Aminus_0p02,hm-m05-g2-L8-n3-beta2,96,0.02,80,6.666666666666666,0.9998565416200261,0.9997860082884422
hm-m05-g2-L8-n3-beta2__N0096__Aplus_0p02,hm-m05-g2-L8-n3-beta2__N0096__Aminus_0p02,hm-m05-g2-L8-n3-beta2,96,0.02,81,6.75,0.9978949526140313,0.998143935714314
hm-m05-g2-L8-n3-beta2__N0096__Aplus_0p02,hm-m05-g2-L8-n3-beta2__N0096__Aminus_0p02,hm-m05-g2-L8-n3-beta2,96,0.02,82,6.833333333333333,0.9959501081462161,0.9965181798017259
hm-m05-g2-L8-n3-beta2__N0096__Aplus_0p02,hm-m05-g2-L8-n3-beta2__N0096__Aminus_0p02,hm-m05-g2-L8-n3-beta2,96,0.02,83,6.916666666666666,0.9940408421765758,0.9949243791800079
hm-m05-g2-L8-n3-beta2__N0096__Aplus_0p02,hm-m05-g2-L8-n3-beta2__N0096__Aminus_0p02,hm-m05-g2-L8-n3-beta2,96,0.02,84,7.0,0.9921857024189021,0.9933778506642962
hm-m05-g2-L8-n3-beta2__N0096__Aplus_0p02,hm-m05-g2-L8-n3-beta2__N0096__Aminus_0p02,hm-m05-g2-L8-n3-beta2,96,0.02,85,7.083333333333333,0.9904027651188622,0.9918934428609446
hm-m05-g2-L8-n3-beta2__N0096__Aplus_0p02,hm-m05-g2-L8-n3-beta2__N0096__Aminus_0p02,hm-m05-g2-L8-n3-beta2,96,0.02,86,7.166666666666666,0.9887094525822145,0.9904853948194392
hm-m05-g2-L8-n3-beta2__N0096__Aplus_0p02,hm-m05-g2-L8-n3-beta2__N0096__Aminus_0p02,hm-m05-g2-L8-n3-beta2,96,0.02,87,7.25,0.9871223555607838,0.9891672010362258
hm-m05-g2-L8-n3-beta2__N0096__Aplus_0p02,hm-m05-g2-L8-n3-beta2__N0096__Aminus_0p02,hm-m05-g2-L8-n3-beta2,96,0.02,88,7.333333333333333,0.9856570625993432,0.9879514840320985
hm-m05-g2-L8-n3-beta2__N0096__Aplus_0p02,hm-m05-g2-L8-n3-beta2__N0096__Aminus_0p02,hm-m05-g2-L8-n3-beta2,96,0.02,89,7.416666666666666,0.9843279984052311,0.9868498756320003
hm-m05-g2-L8-n3-beta2__N0096__Aplus_0p02,hm-m05-g2-L8-n3-beta2__N0096__Aminus_0p02,hm-m05-g2-L8-n3-beta2,96,0.02,90,7.5,0.9831482732250558,0.98587290797626
hm-m05-g2-L8-n3-beta2__N0096__Aplus_0p02,hm-m05-g2-L8-n3-beta2__N0096__Aminus_0p02,hm-m05-g2-L8-n3-beta2,96,0.02,91,7.583333333333333,0.9821295451009272,0.9850299151874009
hm-m05-g2-L8-n3-beta2__N0096__Aplus_0p02,hm-m05-g2-L8-n3-beta2__N0096__Aminus_0p02,hm-m05-g2-L8-n3-beta2,96,0.02,92,7.666666666666666,0.9812818967348719,0.9843289465084535
hm-m05-g2-L8-n3-beta2__N0096__Aplus_0p02,hm-m05-g2-L8-n3-beta2__N0096__Aminus_0p02,hm-m05-g2-L8-n3-beta2,96,0.02,93,7.75,0.9806137285176186,0.9837766916187345
hm-m05-g2-L8-n3-beta2__N0096__Aplus_0p02,hm-m05-g2-L8-n3-beta2__N0096__Aminus_0p02,hm-m05-g2-L8-n3-beta2,96,0.02,94,7.833333333333333,0.9801316690804421,0.9833784187224984
hm-m05-g2-L8-n3-beta2__N0096__Aplus_0p02,hm-m05-g2-L8-n3-beta2__N0096__Aminus_0p02,hm-m05-g2-L8-n3-beta2,96,0.02,95,7.916666666666666,0.9798405045100949,0.9831379258956244
hm-m05-g2-L8-n3-beta2__N0096__Aplus_0p02,hm-m05-g2-L8-n3-beta2__N0096__Aminus_0p02,hm-m05-g2-L8-n3-beta2,96,0.02,96,8.0,0.9797431271310324,0.983057506066091
