state_id,reflection_partner_id,case,mesh,requested_amplitude,node,x,u,v
hm-m2-g2-L5p3-n2-beta1__N0080__Aminus_0p02,hm-m2-g2-L5p3-n2-beta1__N0080__Aplus_0p02,hm-m2-g2-L5p3-n2-beta1,80,-0.02,0,0.0,0.9803239197003171,0.9833567818726149
hm-m2-g2-L5p3-n2-beta1__N0080__Aminus_0p02,hm-m2-g2-L5p3-n2-beta1__N0080__Aplus_0p02,hm-m2-g2-L5p3-n2-beta1,80,-0.02,1,0.06625,0.9803793376123219,0.9834057677478414
hm-m2-g2-L5p3-n2-beta1__N0080__Aminus_0p02,hm-m2-g2-L5p3-n2-beta1__N0080__Aplus_0p02,hm-m2-g2-L5p3-n2-beta1,80,-0.02,2,0.1325,0.9805453541061,0.9835524634684821
hm-m2-g2-L5p3-n2-beta1__N0080__Aminus_0p02,hm-m2-g2-L5p3-n2-beta1__N0080__Aplus_0p02,hm-m2-g2-L5p3-n2-beta1,80,-0.02,3,0.19875,0.9808212568209146,0.9837960840501767
hm-m2-g2-L5p3-n2-beta1__N0080__Aminus_0p02,hm-m2-g2-L5p3-n2-beta1__N0080__Aplus_0p02,hm-m2-g2-L5p3-n2-beta1,80,-0.02,4,0.265,0.9812058564088209,0.9841353236336331
hm-m2-g2-L5p3-n2-beta1__N0080__Aminus_0p02,hm-m2-g2-L5p3-n2-beta1__N0080__Aplus_0p02,hm-m2-g2-L5p3-n2-beta1,80,-0.02,5,0.33125000000000004,0.9816974835313576,0.9845683591987617
hm-m2-g2-L5p3-n2-beta1__N0080__Aminus_0p02,hm-m2-g2-L5p3-n2-beta1__N0080__Aplus_0p02,hm-m2-g2-L5p3-n2-beta1,80,-0.02,6,0.3975,0.982293984888246,0.9850928558478996
hm-m2-g2-L5p3-n2-beta1__N0080__Aminus_0p02,hm-m2-g2-L5p3-n2-beta1__N0080__Aplus_0p02,hm-m2-g2-L5p3-n2-beta1,80,-0.02,7,0.46375,0.9829927185108595,0.9857059737394261
hm-m2-g2-L5p3-n2-beta1__N0080__Aminus_0p02,hm-m2-g2-L5p3-n2-beta1__N0080__Aplus_0p02,hm-m2-g2-L5p3-n2-beta1,80,-0.02,8,0.53,0.9837905486186738,0.9864043767732419
hm-m2-g2-L5p3-n2-beta1__N0080__Aminus_0p02,hm-m2-g2-L5p3-n2-beta1__N0080__Aplus_0p02,hm-m2-g2-L5p3-n2-beta1,80,-0.02,9,0.5962500000000001,0.9846838404011433,0.9871842431474014
hm-m2-g2-L5p3-n2-beta1__N0080__Aminus_0p02,hm-m2-g2-L5p3-n2-beta1__N0080__Aplus_0p02,hm-m2-g2-L5p3-n2-beta1,80,-0.02,10,0.6625000000000001,0.9856684551497333,0.9880412779201221
hm-m2-g2-L5p3-n2-beta1__N0080__Aminus_0p02,hm-m2-g2-L5p3-n2-beta1__N0080__Aplus_0p02,hm-m2-g2-L5p3-n2-beta1,80,-0.02,11,0.72875,0.986739746224193,0.9889707277228584
hm-m2-g2-L5p3-n2-beta1__N0080__Aminus_0p02,hm-m2-g2-L5p3-n2-beta1__N0080__Aplus_0p02,hm-m2-g2-L5p3-n2-beta1,80,-0.02,12,0.795,0.987892556392295,0.9899673977775518
hm-m2-g2-L5p3-n2-beta1__N0080__Aminus_0p02,hm-m2-g2-L5p3-n2-beta1__N0080__Aplus_0p02,hm-m2-g2-L5p3-n2-beta1,80,-0.02,13,0.8612500000000001,0.9891212171316038,0.9910256713739631
hm-m2-g2-L5p3-n2-beta1__N0080__Aminus_0p02,hm-m2-g2-L5p3-n2-beta1__N0080__Aplus_0p02,hm-m2-g2-L5p3-n2-beta1,80,-0.02,14,0.9275,0.9904195505234782,0.992139531960603
hm-m2-g2-L5p3-n2-beta1__N0080__Aminus_0p02,hm-m2-g2-L5p3-n2-beta1__N0080__Aplus_0p02,hm-m2-g2-L5p3-n2-beta1,80,-0.02,15,0.99375,0.9917808744012537,0.9933025879946449
hm-m2-g2-L5p3-n2-beta1__N0080__Aminus_0p02,hm-m2-g2-L5p3-n2-beta1__N0080__Aplus_0p02,hm-m2-g2-L5p3-n2-beta1,80,-0.02,16,1.06,0.9931980114339491,0.994508100681863
hm-m2-g2-L5p3-n2-beta1__N0080__Aminus_0p02,hm-m2-g2-L5p3-n2-beta1__N0080__Aplus_0p02,hm-m2-g2-L5p3-n2-beta1,80,-0.02,17,1.12625,0.9946633028312373,0.9957490147166441
hm-m2-g2-L5p3-n2-beta1__N0080__Aminus_0p02,hm-m2-g2-L5p3-n2-beta1__N0080__Aplus_0p02,hm-m2-g2-L5p3-n2-beta1,80,-0.02,18,1.1925000000000001,0.9961686273420752,0.997017992104187
hm-m2-g2-L5p3-n2-beta1__N0080__Aminus_0p02,hm-m2-g2-L5p3-n2-beta1__N0080__Aplus_0p02,hm-m2-g2-L5p3-n2-beta1,80,-0.02,19,1.25875,0.9977054261855777,0.9983074491119363
hm-m2-g2-L5p3-n2-beta1__N0080__Aminus_0p02,hm-m2-g2-L5p3-n2-beta1__N0080__Aplus_0p02,hm-m2-g2-L5p3-n2-beta1,80,-0.02,20,1.3250000000000002,0.9992647344959197,0.9996095963551015
hm-m2-g2-L5p3-n2-beta1__N0080__Aminus_0p02,hm-m2-g2-L5p3-n2-beta1__N0080__Aplus_0p02,hm-m2-g2-L5p3-n2-beta1,80,-0.02,21,1.39125,1.000837219781101,1.0009164819719776
hm-m2-g2-L5p3-n2-beta1__N0080__Aminus_0p02,hm-m2-g2-L5p3-n2-beta1__N0080__Aplus_0p02,hm-m2-g2-L5p3-n2-beta1,80,-0.02,22,1.4575,1.0024132277867581,1.0022200377891617
hm-m2-g2-L5p3-n2-beta1__N0080__Aminus_0p02,hm-m2-g2-L5p3-n2-beta1__N0080__Aplus_0p02,hm-m2-g2-L5p3-n2-beta1,80,-0.02,23,1.5237500000000002,1.003982836020111,1.0035121283153448
hm-m2-g2-L5p3-n2-beta1__N0080__Aminus_0p02,hm-m2-g2-L5p3-n2-beta1__N0080__Aplus_0p02,hm-m2-g2-L5p3-n2-beta1,80,-0.02,24,1.59,1.0055359150259275,1.00478460233615
hm-m2-g2-L5p3-n2-beta1__N0080__Aminus_0p02,hm-m2-g2-L5p3-n2-beta1__N0080__Aplus_0p02,hm-m2-g2-L5p3-n2-beta1,80,-0.02,25,1.65625,1.007062197317652,1.006029346812791
hm-m2-g2-L5p3-n2-beta1__N0080__Aminus_0p02,hm-m2-g2-L5p3-n2-beta1__N0080__Aplus_0p02,hm-m2-g2-L5p3-n2-beta1,80,-0.02,26,1.7225000000000001,1.008551353655661,1.0072383427157263
hm-m2-g2-L5p3-n2-beta1__N0080__Aminus_0p02,hm-m2-g2-L5p3-n2-beta1__N0080__Aplus_0p02,hm-m2-g2-L5p3-n2-beta1,80,-0.02,27,1.78875,1.009993076135594,1.0084037223528834
hm-m2-g2-L5p3-n2-beta1__N0080__Aminus_0p02,hm-m2-g2-L5p3-n2-beta1__N0080__Aplus_0p02,hm-m2-g2-L5p3-n2-beta1,80,-0.02,28,1.855,1.0113771673091492,1.0095178276825525
hm-m2-g2-L5p3-n2-beta1__N0080__Aminus_0p02,hm-m2-g2-L5p3-n2-beta1__N0080__Aplus_0p02,hm-m2-g2-L5p3-n2-beta1,80,-0.02,29,1.9212500000000001,1.012693634315447,1.0105732690360298
hm-m2-g2-L5p3-n2-beta1__N0080__Aminus_0p02,hm-m2-g2-L5p3-n2-beta1__N0080__Aplus_0p02,hm-m2-g2-L5p3-n2-beta1,80,-0.02,30,1.9875,1.013932786762266,1.0115629836170021
hm-m2-g2-L5p3-n2-beta1__N0080__Aminus_0p02,hm-m2-g2-L5p3-n2-beta1__N0080__Aplus_0p02,hm-m2-g2-L5p3-n2-beta1,80,-0.02,31,2.05375,1.0150853368734107,1.0124802930959673
hm-m2-g2-L5p3-n2-beta1__N0080__Aminus_0p02,hm-m2-g2-L5p3-n2-beta1__N0080__Aplus_0p02,hm-m2-g2-L5p3-n2-beta1,80,-0.02,32,2.12,1.0161425002220328,1.0133189595811154
hm-m2-g2-L5p3-n2-beta1__N0080__Aminus_0p02,hm-m2-g2-L5p3-n2-beta1__N0080__Aplus_0p02,hm-m2-g2-L5p3-n2-beta1,80,-0.02,33,2.1862500000000002,1.0170960952108687,1.0140732392242566
hm-m2-g2-L5p3-n2-beta1__N0080__Aminus_0p02,hm-m2-g2-L5p3-n2-beta1__N0080__Aplus_0p02,hm-m2-g2-L5p3-n2-beta1,80,-0.02,34,2.2525,1.0179386393493084,1.0147379327134571
hm-m2-g2-L5p3-n2-beta1__N0080__Aminus_0p02,hm-m2-g2-L5p3-n2-beta1__N0080__Aplus_0p02,hm-m2-g2-L5p3-n2-beta1,80,-0.02,35,2.31875,1.0186634403230288,1.0153084319145107
hm-m2-g2-L5p3-n2-beta1__N0080__Aminus_0p02,hm-m2-g2-L5p3-n2-beta1__N0080__Aplus_0p02,hm-m2-g2-L5p3-n2-beta1,80,-0.02,36,2.3850000000000002,1.019264679861529,1.0157807619521015
hm-m2-g2-L5p3-n2-beta1__N0080__Aminus_0p02,hm-m2-g2-L5p3-n2-beta1__N0080__Aplus_0p02,hm-m2-g2-L5p3-n2-beta1,80,-0.02,37,2.45125,1.0197374884866108,1.0161516180687828
hm-m2-g2-L5p3-n2-beta1__N0080__Aminus_0p02,hm-m2-g2-L5p3-n2-beta1__N0080__Aplus_0p02,hm-m2-g2-L5p3-n2-beta1,80,-0.02,38,2.5175,1.0200780093718032,1.01641839666524
hm-m2-g2-L5p3-n2-beta1__N0080__Aminus_0p02,hm-m2-g2-L5p3-n2-beta1__N0080__Aplus_0p02,hm-m2-g2-L5p3-n2-beta1,80,-0.02,39,2.58375,1.0202834497565725,1.0165792200075643
hm-m2-g2-L5p3-n2-beta1__N0080__Aminus_0p02,hm-m2-g2-L5p3-n2-beta1__N0080__Aplus_0p02,hm-m2-g2-L5p3-n2-beta1,80,-0.02,40,2.6500000000000004,1.020352118633948,1.016632954184527
hm-m2-g2-L5p3-n2-beta1__N0080__Aminus_0p02,hm-m2-g2-L5p3-n2-beta1__N0080__Aplus_0p02,hm-m2-g2-L5p3-n2-beta1,80,-0.02,41,2.71625,1.020283449756573,1.0165792200075645
hm-m2-g2-L5p3-n2-beta1__N0080__Aminus_0p02,hm-m2-g2-L5p3-n2-beta1__N0080__Aplus_0p02,hm-m2-g2-L5p3-n2-beta1,80,-0.02,42,2.7825,1.020078009371804,1.0164183966652405
hm-m2-g2-L5p3-n2-beta1__N0080__Aminus_0p02,hm-m2-g2-L5p3-n2-beta1__N0080__Aplus_0p02,hm-m2-g2-L5p3-n2-beta1,80,-0.02,43,2.8487500000000003,1.0197374884866122,1.0161516180687833
hm-m2-g2-L5p3-n2-beta1__N0080__Aminus_0p02,hm-m2-g2-L5p3-n2-beta1__N0080__Aplus_0p02,hm-m2-g2-L5p3-n2-beta1,80,-0.02,44,2.915,1.019264679861531,1.015780761952102
hm-m2-g2-L5p3-n2-beta1__N0080__Aminus_0p02,hm-m2-g2-L5p3-n2-beta1__N0080__Aplus_0p02,hm-m2-g2-L5p3-n2-beta1,80,-0.02,45,2.98125,1.0186634403230312,1.015308431914511
hm-m2-g2-L5p3-n2-beta1__N0080__Aminus_0p02,hm-m2-g2-L5p3-n2-beta1__N0080__Aplus_0p02,hm-m2-g2-L5p3-n2-beta1,80,-0.02,46,3.0475000000000003,1.0179386393493113,1.0147379327134574
hm-m2-g2-L5p3-n2-beta1__N0080__Aminus_0p02,hm-m2-g2-L5p3-n2-beta1__N0080__Aplus_0p02,hm-m2-g2-L5p3-n2-beta1,80,-0.02,47,3.11375,1.017096095210872,1.0140732392242566
hm-m2-g2-L5p3-n2-beta1__N0080__Aminus_0p02,hm-m2-g2-L5p3-n2-beta1__N0080__Aplus_0p02,hm-m2-g2-L5p3-n2-beta1,80,-0.02,48,3.18,1.0161425002220363,1.0133189595811154
hm-m2-g2-L5p3-n2-beta1__N0080__Aminus_0p02,hm-m2-g2-L5p3-n2-beta1__N0080__Aplus_0p02,hm-m2-g2-L5p3-n2-beta1,80,-0.02,49,3.2462500000000003,1.0150853368734145,1.012480293095967
hm-m2-g2-L5p3-n2-beta1__N0080__Aminus_0p02,hm-m2-g2-L5p3-n2-beta1__N0080__Aplus_0p02,hm-m2-g2-L5p3-n2-beta1,80,-0.02,50,3.3125,1.01393278676227,1.011562983617002
hm-m2-g2-L5p3-n2-beta1__N0080__Aminus_0p02,hm-m2-g2-L5p3-n2-beta1__N0080__Aplus_0p02,hm-m2-g2-L5p3-n2-beta1,80,-0.02,51,3.37875,1.0126936343154511,1.0105732690360294
hm-m2-g2-L5p3-n2-beta1__N0080__Aminus_0p02,hm-m2-g2-L5p3-n2-beta1__N0080__Aplus_0p02,hm-m2-g2-L5p3-n2-beta1,80,-0.02,52,3.4450000000000003,1.0113771673091536,1.0095178276825523
hm-m2-g2-L5p3-n2-beta1__N0080__Aminus_0p02,hm-m2-g2-L5p3-n2-beta1__N0080__Aplus_0p02,hm-m2-g2-L5p3-n2-beta1,80,-0.02,53,3.51125,1.0099930761355982,1.0084037223528832
hm-m2-g2-L5p3-n2-beta1__N0080__Aminus_0p02,hm-m2-g2-L5p3-n2-beta1__N0080__Aplus_0p02,hm-m2-g2-L5p3-n2-beta1,80,-0.02,54,3.5775,1.0085513536556652,1.007238342715726
hm-m2-g2-L5p3-n2-beta1__N0080__Aminus_0p02,hm-m2-g2-L5p3-n2-beta1__N0080__Aplus_0p02,hm-m2-g2-L5p3-n2-beta1,80,-0.02,55,3.6437500000000003,1.0070621973176561,1.0060293468127905
hm-m2-g2-L5p3-n2-beta1__N0080__Aminus_0p02,hm-m2-g2-L5p3-n2-beta1__N0080__Aplus_0p02,hm-m2-g2-L5p3-n2-beta1,80,-0.02,56,3.71,1.0055359150259315,1.0047846023361493
hm-m2-g2-L5p3-n2-beta1__N0080__Aminus_0p02,hm-m2-g2-L5p3-n2-beta1__N0080__Aplus_0p02,hm-m2-g2-L5p3-n2-beta1,80,-0.02,57,3.77625,1.003982836020115,1.003512128315344
hm-m2-g2-L5p3-n2-beta1__N0080__Aminus_0p02,hm-m2-g2-L5p3-n2-beta1__N0080__Aplus_0p02,hm-m2-g2-L5p3-n2-beta1,80,-0.02,58,3.8425000000000002,1.0024132277867617,1.002220037789161
hm-m2-g2-L5p3-n2-beta1__N0080__Aminus_0p02,hm-m2-g2-L5p3-n2-beta1__N0080__Aplus_0p02,hm-m2-g2-L5p3-n2-beta1,80,-0.02,59,3.9087500000000004,1.0008372197811044,1.0009164819719767
hm-m2-g2-L5p3-n2-beta1__N0080__Aminus_0p02,hm-m2-g2-L5p3-n2-beta1__N0080__Aplus_0p02,hm-m2-g2-L5p3-n2-beta1,80,-0.02,60,3.975,0.9992647344959225,0.9996095963551006
hm-m2-g2-L5p3-n2-beta1__N0080__Aminus_0p02,hm-m2-g2-L5p3-n2-beta1__N0080__Aplus_0p02,hm-m2-g2-L5p3-n2-beta1,80,-0.02,61,4.04125,0.9977054261855799,0.9983074491119354
hm-m2-g2-L5p3-n2-beta1__N0080__Aminus_0p02,hm-m2-g2-L5p3-n2-beta1__N0080__Aplus_0p02,hm-m2-g2-L5p3-n2-beta1,80,-0.02,62,4.1075,0.9961686273420768,0.997017992104186
hm-m2-g2-L5p3-n2-beta1__N0080__Aminus_0p02,hm-m2-g2-L5p3-n2-beta1__N0080__Aplus_0p02,hm-m2-g2-L5p3-n2-beta1,80,-0.02,63,4.17375,0.9946633028312382,0.995749014716643
hm-m2-g2-L5p3-n2-beta1__N0080__Aminus_0p02,hm-m2-g2-L5p3-n2-beta1__N0080__Aplus_0p02,hm-m2-g2-L5p3-n2-beta1,80,-0.02,64,4.24,0.9931980114339493,0.9945081006818619
hm-m2-g2-L5p3-n2-beta1__N0080__Aminus_0p02,hm-m2-g2-L5p3-n2-beta1__N0080__Aplus_0p02,hm-m2-g2-L5p3-n2-beta1,80,-0.02,65,4.30625,0.9917808744012533,0.9933025879946438
hm-m2-g2-L5p3-n2-beta1__N0080__Aminus_0p02,hm-m2-g2-L5p3-n2-beta1__N0080__Aplus_0p02,hm-m2-g2-L5p3-n2-beta1,80,-0.02,66,4.3725000000000005,0.9904195505234771,0.992139531960602
hm-m2-g2-L5p3-n2-beta1__N0080__Aminus_0p02,hm-m2-g2-L5p3-n2-beta1__N0080__Aplus_0p02,hm-m2-g2-L5p3-n2-beta1,80,-0.02,67,4.438750000000001,0.989121217131602,0.9910256713739621
hm-m2-g2-L5p3-n2-beta1__N0080__Aminus_0p02,hm-m2-g2-L5p3-n2-beta1__N0080__Aplus_0p02,hm-m2-g2-L5p3-n2-beta1,80,-0.02,68,4.505,0.9878925563922926,0.9899673977775506
hm-m2-g2-L5p3-n2-beta1__N0080__Aminus_0p02,hm-m2-g2-L5p3-n2-beta1__N0080__Aplus_0p02,hm-m2-g2-L5p3-n2-beta1,80,-0.02,69,4.57125,0.9867397462241899,0.9889707277228569
hm-m2-g2-L5p3-n2-beta1__N0080__Aminus_0p02,hm-m2-g2-L5p3-n2-beta1__N0080__Aplus_0p02,hm-m2-g2-L5p3-n2-beta1,80,-0.02,70,4.6375,0.9856684551497297,0.9880412779201203
hm-m2-g2-L5p3-n2-beta1__N0080__Aminus_0p02,hm-m2-g2-L5p3-n2-beta1__N0080__Aplus_0p02,hm-m2-g2-L5p3-n2-beta1,80,-0.02,71,4.70375,0.9846838404011391,0.9871842431473994
hm-m2-g2-L5p3-n2-beta1__N0080__Aminus_0p02,hm-m2-g2-L5p3-n2-beta1__N0080__Aplus_0p02,hm-m2-g2-L5p3-n2-beta1,80,-0.02,72,4.7700000000000005,0.983790548618669,0.9864043767732397
hm-m2-g2-L5p3-n2-beta1__N0080__Aminus_0p02,hm-m2-g2-L5p3-n2-beta1__N0080__Aplus_0p02,hm-m2-g2-L5p3-n2-beta1,80,-0.02,73,4.836250000000001,0.9829927185108542,0.9857059737394239
hm-m2-g2-L5p3-n2-beta1__N0080__Aminus_0p02,hm-m2-g2-L5p3-n2-beta1__N0080__Aplus_0p02,hm-m2-g2-L5p3-n2-beta1,80,-0.02,74,4.9025,0.9822939848882405,0.9850928558478973
hm-m2-g2-L5p3-n2-beta1__N0080__Aminus_0p02,hm-m2-g2-L5p3-n2-beta1__N0080__Aplus_0p02,hm-m2-g2-L5p3-n2-beta1,80,-0.02,75,4.96875,0.9816974835313517,0.9845683591987594
hm-m2-g2-L5p3-n2-beta1__N0080__Aminus_0p02,hm-m2-g2-L5p3-n2-beta1__N0080__Aplus_0p02,hm-m2-g2-L5p3-n2-beta1,80,-0.02,76,5.035,0.9812058564088146,0.9841353236336305
hm-m2-g2-L5p3-n2-beta1__N0080__Aminus_0p02,hm-m2-g2-L5p3-n2-beta1__N0080__Aplus_0p02,hm-m2-g2-L5p3-n2-beta1,80,-0.02,77,5.10125,0.9808212568209081,0.9837960840501742
hm-m2-g2-L5p3-n2-beta1__N0080__Aminus_0p02,hm-m2-g2-L5p3-n2-beta1__N0080__Aplus_0p02,hm-m2-g2-L5p3-n2-beta1,80,-0.02,78,5.1675,0.9805453541060933,0.9835524634684796
hm-m2-g2-L5p3-n2-beta1__N0080__Aminus_0p02,hm-m2-g2-L5p3-n2-beta1__N0080__Aplus_0p02,hm-m2-g2-L5p3-n2-beta1,80,-0.02,79,5.233750000000001,0.9803793376123151,0.9834057677478388
hm-m2-g2-L5p3-n2-beta1__N0080__Aminus_0p02,hm-m2-g2-L5p3-n2-beta1__N0080__Aplus_0p02,hm-m2-g2-L5p3-n2-beta1,80,-0.02,80,5.3,0.9803239197003103,0.9833567818726123
hm-m2-g2-L5p3-n2-beta1__N0080__Aminus_0p01,hm-m2-g2-L5p3-n2-beta1__N0080__Aplus_0p01,hm-m2-g2-L5p3-n2-beta1,80,-0.01,0,0.0,0.9900826830013287,0.9916811949168739
hm-m2-g2-L5p3-n2-beta1__N0080__Aminus_0p01,hm-m2-g2-L5p3-n2-beta1__N0080__Aplus_0p01,hm-m2-g2-L5p3-n2-beta1,80,-0.01,1,0.06625,0.9901119057200268,0.9917062509241766
hm-m2-g2-L5p3-n2-beta1__N0080__Aminus_0p01,hm-m2-g2-L5p3-n2-beta1__N0080__Aplus_0p01,hm-m2-g2-L5p3-n2-beta1,80,-0.01,2,0.1325,0.9901994219052269,0.9917812749380379
hm-m2-g2-L5p3-n2-beta1__N0080__Aminus_0p01,hm-m2-g2-L5p3-n2-beta1__N0080__Aplus_0p01,hm-m2-g2-L5p3-n2-beta1,80,-0.01,3,0.19875,0.9903447759527354,0.9919058355782251
hm-m2-g2-L5p3-n2-beta1__N0080__Aminus_0p01,hm-m2-g2-L5p3-n2-beta1__N0080__Aplus_0p01,hm-m2-g2-L5p3-n2-beta1,80,-0.01,4,0.265,0.9905472095607509,0.9920792160253542
hm-m2-g2-L5p3-n2-beta1__N0080__Aminus_0p01,hm-m2-g2-L5p3-n2-beta1__N0080__Aplus_0p01,hm-m2-g2-L5p3-n2-beta1,80,-0.01,5,0.33125000000000004,0.99080566332323,0.9923004172468797
hm-m2-g2-L5p3-n2-beta1__N0080__Aminus_0p01,hm-m2-g2-L5p3-n2-beta1__N0080__Aplus_0p01,hm-m2-g2-L5p3-n2-beta1,80,-0.01,6,0.3975,0.9911187790310296,0.992568162522091
hm-m2-g2-L5p3-n2-beta1__N0080__Aminus_0p01,hm-m2-g2-L5p3-n2-beta1__N0080__Aplus_0p01,hm-m2-g2-L5p3-n2-beta1,80,-0.01,7,0.46375,0.9914849027495494,0.9928809032738694
hm-m2-g2-L5p3-n2-beta1__N0080__Aminus_0p01,hm-m2-g2-L5p3-n2-beta1__N0080__Aplus_0p01,hm-m2-g2-L5p3-n2-beta1,80,-0.01,8,0.53,0.9919020887587547,0.9932368262159917
hm-m2-g2-L5p3-n2-beta1__N0080__Aminus_0p01,hm-m2-g2-L5p3-n2-beta1__N0080__Aplus_0p01,hm-m2-g2-L5p3-n2-beta1,80,-0.01,9,0.5962500000000001,0.9923681044567672,0.9936338618248991
hm-m2-g2-L5p3-n2-beta1__N0080__Aminus_0p01,hm-m2-g2-L5p3-n2-beta1__N0080__Aplus_0p01,hm-m2-g2-L5p3-n2-beta1,80,-0.01,10,0.6625000000000001,0.9928804363411866,0.9940696941439513
hm-m2-g2-L5p3-n2-beta1__N0080__Aminus_0p01,hm-m2-g2-L5p3-n2-beta1__N0080__Aplus_0p01,hm-m2-g2-L5p3-n2-beta1,80,-0.01,11,0.72875,0.9934362971925451,0.9945417719260804
hm-m2-g2-L5p3-n2-beta1__N0080__Aminus_0p01,hm-m2-g2-L5p3-n2-beta1__N0080__Aplus_0p01,hm-m2-g2-L5p3-n2-beta1,80,-0.01,12,0.795,0.9940326345913212,0.995047321117316
hm-m2-g2-L5p3-n2-beta1__N0080__Aminus_0p01,hm-m2-g2-L5p3-n2-beta1__N0080__Aplus_0p01,hm-m2-g2-L5p3-n2-beta1,80,-0.01,13,0.8612500000000001,0.9946661409033452,0.9955833586787699
hm-m2-g2-L5p3-n2-beta1__N0080__Aminus_0p01,hm-m2-g2-L5p3-n2-beta1__N0080__Aplus_0p01,hm-m2-g2-L5p3-n2-beta1,80,-0.01,14,0.9275,0.9953332648677714,0.9961467077382475
hm-m2-g2-L5p3-n2-beta1__N0080__Aminus_0p01,hm-m2-g2-L5p3-n2-beta1__N0080__Aplus_0p01,hm-m2-g2-L5p3-n2-beta1,80,-0.01,15,0.99375,0.9960302249166991,0.9967340140546578
hm-m2-g2-L5p3-n2-beta1__N0080__Aminus_0p01,hm-m2-g2-L5p3-n2-beta1__N0080__Aplus_0p01,hm-m2-g2-L5p3-n2-beta1,80,-0.01,16,1.06,0.9967530243456675,0.9973417637687958
hm-m2-g2-L5p3-n2-beta1__N0080__Aminus_0p01,hm-m2-g2-L5p3-n2-beta1__N0080__Aplus_0p01,hm-m2-g2-L5p3-n2-beta1,80,-0.01,17,1.12625,0.9974974684393443,0.9979663024029095
hm-m2-g2-L5p3-n2-beta1__N0080__Aminus_0p01,hm-m2-g2-L5p3-n2-beta1__N0080__Aplus_0p01,hm-m2-g2-L5p3-n2-beta1,80,-0.01,18,1.1925000000000001,0.998259183636621,0.9986038550587948
hm-m2-g2-L5p3-n2-beta1__N0080__Aminus_0p01,hm-m2-g2-L5p3-n2-beta1__N0080__Aplus_0p01,hm-m2-g2-L5p3-n2-beta1,80,-0.01,19,1.25875,0.9990336387939442,0.9992505477501163
hm-m2-g2-L5p3-n2-beta1__N0080__Aminus_0p01,hm-m2-g2-L5p3-n2-beta1__N0080__Aplus_0p01,hm-m2-g2-L5p3-n2-beta1,80,-0.01,20,1.3250000000000002,0.9998161685751381,0.9999024297893909
hm-m2-g2-L5p3-n2-beta1__N0080__Aminus_0p01,hm-m2-g2-L5p3-n2-beta1__N0080__Aplus_0p01,hm-m2-g2-L5p3-n2-beta1,80,-0.01,21,1.39125,1.0006019989604396,1.0005554971338155
hm-m2-g2-L5p3-n2-beta1__N0080__Aminus_0p01,hm-m2-g2-L5p3-n2-beta1__N0080__Aplus_0p01,hm-m2-g2-L5p3-n2-beta1,80,-0.01,22,1.4575,1.0013862748273907,1.0012057165771462
hm-m2-g2-L5p3-n2-beta1__N0080__Aminus_0p01,hm-m2-g2-L5p3-n2-beta1__N0080__Aplus_0p01,hm-m2-g2-L5p3-n2-beta1,80,-0.01,23,1.5237500000000002,1.0021640895122157,1.0018490506574564
hm-m2-g2-L5p3-n2-beta1__N0080__Aminus_0p01,hm-m2-g2-L5p3-n2-beta1__N0080__Aplus_0p01,hm-m2-g2-L5p3-n2-beta1,80,-0.01,24,1.59,1.0029305162131552,1.0024814831331947
hm-m2-g2-L5p3-n2-beta1__N0080__Aminus_0p01,hm-m2-g2-L5p3-n2-beta1__N0080__Aplus_0p01,hm-m2-g2-L5p3-n2-beta1,80,-0.01,25,1.65625,1.00368064104795,1.0030990448629231
hm-m2-g2-L5p3-n2-beta1__N0080__Aminus_0p01,hm-m2-g2-L5p3-n2-beta1__N0080__Aplus_0p01,hm-m2-g2-L5p3-n2-beta1,80,-0.01,26,1.7225000000000001,1.004409597527445,1.0036978399078964
hm-m2-g2-L5p3-n2-beta1__N0080__Aminus_0p01,hm-m2-g2-L5p3-n2-beta1__N0080__Aplus_0p01,hm-m2-g2-L5p3-n2-beta1,80,-0.01,27,1.78875,1.005112602157488,1.004274071661698
hm-m2-g2-L5p3-n2-beta1__N0080__Aminus_0p01,hm-m2-g2-L5p3-n2-beta1__N0080__Aplus_0p01,hm-m2-g2-L5p3-n2-beta1,80,-0.01,28,1.855,1.00578499083344,1.0048240687979473
hm-m2-g2-L5p3-n2-beta1__N0080__Aminus_0p01,hm-m2-g2-L5p3-n2-beta1__N0080__Aplus_0p01,hm-m2-g2-L5p3-n2-beta1,80,-0.01,29,1.9212500000000001,1.0064222556472628,1.0053443108161073
hm-m2-g2-L5p3-n2-beta1__N0080__Aminus_0p01,hm-m2-g2-L5p3-n2-beta1__N0080__Aplus_0p01,hm-m2-g2-L5p3-n2-beta1,80,-0.01,30,1.9875,1.0070200816879882,1.0058314529571089
hm-m2-g2-L5p3-n2-beta1__N0080__Aminus_0p01,hm-m2-g2-L5p3-n2-beta1__N0080__Aplus_0p01,hm-m2-g2-L5p3-n2-beta1,80,-0.01,31,2.05375,1.007574383383953,1.006282350255248
hm-m2-g2-L5p3-n2-beta1__N0080__Aminus_0p01,hm-m2-g2-L5p3-n2-beta1__N0080__Aplus_0p01,hm-m2-g2-L5p3-n2-beta1,80,-0.01,32,2.12,1.0080813399110973,1.0066940804910127
hm-m2-g2-L5p3-n2-beta1__N0080__Aminus_0p01,hm-m2-g2-L5p3-n2-beta1__N0080__Aplus_0p01,hm-m2-g2-L5p3-n2-beta1,80,-0.01,33,2.1862500000000002,1.0085374291771583,1.0070639658113911
hm-m2-g2-L5p3-n2-beta1__N0080__Aminus_0p01,hm-m2-g2-L5p3-n2-beta1__N0080__Aplus_0p01,hm-m2-g2-L5p3-n2-beta1,80,-0.01,34,2.2525,1.0089394598879209,1.0073895927900605
hm-m2-g2-L5p3-n2-beta1__N0080__Aminus_0p01,hm-m2-g2-L5p3-n2-beta1__N0080__Aplus_0p01,hm-m2-g2-L5p3-n2-beta1,80,-0.01,35,2.31875,1.0092846012095784,1.0076688307097155
hm-m2-g2-L5p3-n2-beta1__N0080__Aminus_0p01,hm-m2-g2-L5p3-n2-beta1__N0080__Aplus_0p01,hm-m2-g2-L5p3-n2-beta1,80,-0.01,36,2.3850000000000002,1.0095704095611757,1.0078998478627124
hm-m2-g2-L5p3-n2-beta1__N0080__Aminus_0p01,hm-m2-g2-L5p3-n2-beta1__N0080__Aplus_0p01,hm-m2-g2-L5p3-n2-beta1,80,-0.01,37,2.45125,1.009794852103083,1.0080811256840334
hm-m2-g2-L5p3-n2-beta1__N0080__Aminus_0p01,hm-m2-g2-L5p3-n2-beta1__N0080__Aplus_0p01,hm-m2-g2-L5p3-n2-beta1,80,-0.01,38,2.5175,1.0099563265310718,1.008211470552107
hm-m2-g2-L5p3-n2-beta1__N0080__Aminus_0p01,hm-m2-g2-L5p3-n2-beta1__N0080__Aplus_0p01,hm-m2-g2-L5p3-n2-beta1,80,-0.01,39,2.58375,1.0100536768399884,1.0082900231179104
hm-m2-g2-L5p3-n2-beta1__N0080__Aminus_0p01,hm-m2-g2-L5p3-n2-beta1__N0080__Aplus_0p01,hm-m2-g2-L5p3-n2-beta1,80,-0.01,40,2.6500000000000004,1.010086204784974,1.0083162650505777
hm-m2-g2-L5p3-n2-beta1__N0080__Aminus_0p01,hm-m2-g2-L5p3-n2-beta1__N0080__Aplus_0p01,hm-m2-g2-L5p3-n2-beta1,80,-0.01,41,2.71625,1.0100536768399884,1.0082900231179104
hm-m2-g2-L5p3-n2-beta1__N0080__Aminus_0p01,hm-m2-g2-L5p3-n2-beta1__N0080__Aplus_0p01,hm-m2-g2-L5p3-n2-beta1,80,-0.01,42,2.7825,1.009956326531072,1.0082114705521068
hm-m2-g2-L5p3-n2-beta1__N0080__Aminus_0p01,hm-m2-g2-L5p3-n2-beta1__N0080__Aplus_0p01,hm-m2-g2-L5p3-n2-beta1,80,-0.01,43,2.8487500000000003,1.0097948521030835,1.0080811256840332
hm-m2-g2-L5p3-n2-beta1__N0080__Aminus_0p01,hm-m2-g2-L5p3-n2-beta1__N0080__Aplus_0p01,hm-m2-g2-L5p3-n2-beta1,80,-0.01,44,2.915,1.0095704095611764,1.0078998478627121
hm-m2-g2-L5p3-n2-beta1__N0080__Aminus_0p01,hm-m2-g2-L5p3-n2-beta1__N0080__Aplus_0p01,hm-m2-g2-L5p3-n2-beta1,80,-0.01,45,2.98125,1.009284601209579,1.0076688307097148
hm-m2-g2-L5p3-n2-beta1__N0080__Aminus_0p01,hm-m2-g2-L5p3-n2-beta1__N0080__Aplus_0p01,hm-m2-g2-L5p3-n2-beta1,80,-0.01,46,3.0475000000000003,1.0089394598879216,1.0073895927900596
hm-m2-g2-L5p3-n2-beta1__N0080__Aminus_0p01,hm-m2-g2-L5p3-n2-beta1__N0080__Aplus_0p01,hm-m2-g2-L5p3-n2-beta1,80,-0.01,47,3.11375,1.008537429177159,1.0070639658113898
hm-m2-g2-L5p3-n2-beta1__N0080__Aminus_0p01,hm-m2-g2-L5p3-n2-beta1__N0080__Aplus_0p01,hm-m2-g2-L5p3-n2-beta1,80,-0.01,48,3.18,1.0080813399110982,1.0066940804910112
hm-m2-g2-L5p3-n2-beta1__N0080__Aminus_0p01,hm-m2-g2-L5p3-n2-beta1__N0080__Aplus_0p01,hm-m2-g2-L5p3-n2-beta1,80,-0.01,49,3.2462500000000003,1.0075743833839539,1.0062823502552465
hm-m2-g2-L5p3-n2-beta1__N0080__Aminus_0p01,hm-m2-g2-L5p3-n2-beta1__N0080__Aplus_0p01,hm-m2-g2-L5p3-n2-beta1,80,-0.01,50,3.3125,1.007020081687989,1.0058314529571069
hm-m2-g2-L5p3-n2-beta1__N0080__Aminus_0p01,hm-m2-g2-L5p3-n2-beta1__N0080__Aplus_0p01,hm-m2-g2-L5p3-n2-beta1,80,-0.01,51,3.37875,1.0064222556472637,1.0053443108161049
hm-m2-g2-L5p3-n2-beta1__N0080__Aminus_0p01,hm-m2-g2-L5p3-n2-beta1__N0080__Aplus_0p01,hm-m2-g2-L5p3-n2-beta1,80,-0.01,52,3.4450000000000003,1.0057849908334409,1.0048240687979446
hm-m2-g2-L5p3-n2-beta1__N0080__Aminus_0p01,hm-m2-g2-L5p3-n2-beta1__N0080__Aplus_0p01,hm-m2-g2-L5p3-n2-beta1,80,-0.01,53,3.51125,1.005112602157489,1.0042740716616954
hm-m2-g2-L5p3-n2-beta1__N0080__Aminus_0p01,hm-m2-g2-L5p3-n2-beta1__N0080__Aplus_0p01,hm-m2-g2-L5p3-n2-beta1,80,-0.01,54,3.5775,1.0044095975274454,1.0036978399078937
hm-m2-g2-L5p3-n2-beta1__N0080__Aminus_0p01,hm-m2-g2-L5p3-n2-beta1__N0080__Aplus_0p01,hm-m2-g2-L5p3-n2-beta1,80,-0.01,55,3.6437500000000003,1.0036806410479504,1.0030990448629202
hm-m2-g2-L5p3-n2-beta1__N0080__Aminus_0p01,hm-m2-g2-L5p3-n2-beta1__N0080__Aplus_0p01,hm-m2-g2-L5p3-n2-beta1,80,-0.01,56,3.71,1.0029305162131554,1.0024814831331916
hm-m2-g2-L5p3-n2-beta1__N0080__Aminus_0p01,hm-m2-g2-L5p3-n2-beta1__N0080__Aplus_0p01,hm-m2-g2-L5p3-n2-beta1,80,-0.01,57,3.77625,1.0021640895122157,1.001849050657453
hm-m2-g2-L5p3-n2-beta1__N0080__Aminus_0p01,hm-m2-g2-L5p3-n2-beta1__N0080__Aplus_0p01,hm-m2-g2-L5p3-n2-beta1,80,-0.01,58,3.8425000000000002,1.0013862748273905,1.0012057165771426
hm-m2-g2-L5p3-n2-beta1__N0080__Aminus_0p01,hm-m2-g2-L5p3-n2-beta1__N0080__Aplus_0p01,hm-m2-g2-L5p3-n2-beta1,80,-0.01,59,3.9087500000000004,1.000601998960439,1.000555497133812
hm-m2-g2-L5p3-n2-beta1__N0080__Aminus_0p01,hm-m2-g2-L5p3-n2-beta1__N0080__Aplus_0p01,hm-m2-g2-L5p3-n2-beta1,80,-0.01,60,3.975,0.9998161685751373,0.9999024297893873
hm-m2-g2-L5p3-n2-beta1__N0080__Aminus_0p01,hm-m2-g2-L5p3-n2-beta1__N0080__Aplus_0p01,hm-m2-g2-L5p3-n2-beta1,80,-0.01,61,4.04125,0.999033638793943,0.9992505477501126
hm-m2-g2-L5p3-n2-beta1__N0080__Aminus_0p01,hm-m2-g2-L5p3-n2-beta1__N0080__Aplus_0p01,hm-m2-g2-L5p3-n2-beta1,80,-0.01,62,4.1075,0.9982591836366194,0.998603855058791
hm-m2-g2-L5p3-n2-beta1__N0080__Aminus_0p01,hm-m2-g2-L5p3-n2-beta1__N0080__Aplus_0p01,hm-m2-g2-L5p3-n2-beta1,80,-0.01,63,4.17375,0.9974974684393422,0.9979663024029056
hm-m2-g2-L5p3-n2-beta1__N0080__Aminus_0p01,hm-m2-g2-L5p3-n2-beta1__N0080__Aplus_0p01,hm-m2-g2-L5p3-n2-beta1,80,-0.01,64,4.24,0.9967530243456649,0.9973417637687919
hm-m2-g2-L5p3-n2-beta1__N0080__Aminus_0p01,hm-m2-g2-L5p3-n2-beta1__N0080__Aplus_0p01,hm-m2-g2-L5p3-n2-beta1,80,-0.01,65,4.30625,0.996030224916696,0.9967340140546539
hm-m2-g2-L5p3-n2-beta1__N0080__Aminus_0p01,hm-m2-g2-L5p3-n2-beta1__N0080__Aplus_0p01,hm-m2-g2-L5p3-n2-beta1,80,-0.01,66,4.3725000000000005,0.9953332648677679,0.9961467077382437
hm-m2-g2-L5p3-n2-beta1__N0080__Aminus_0p01,hm-m2-g2-L5p3-n2-beta1__N0080__Aplus_0p01,hm-m2-g2-L5p3-n2-beta1,80,-0.01,67,4.438750000000001,0.9946661409033412,0.9955833586787658
hm-m2-g2-L5p3-n2-beta1__N0080__Aminus_0p01,hm-m2-g2-L5p3-n2-beta1__N0080__Aplus_0p01,hm-m2-g2-L5p3-n2-beta1,80,-0.01,68,4.505,0.9940326345913167,0.9950473211173119
hm-m2-g2-L5p3-n2-beta1__N0080__Aminus_0p01,hm-m2-g2-L5p3-n2-beta1__N0080__Aplus_0p01,hm-m2-g2-L5p3-n2-beta1,80,-0.01,69,4.57125,0.9934362971925403,0.9945417719260761
hm-m2-g2-L5p3-n2-beta1__N0080__Aminus_0p01,hm-m2-g2-L5p3-n2-beta1__N0080__Aplus_0p01,hm-m2-g2-L5p3-n2-beta1,80,-0.01,70,4.6375,0.9928804363411814,0.9940696941439471
hm-m2-g2-L5p3-n2-beta1__N0080__Aminus_0p01,hm-m2-g2-L5p3-n2-beta1__N0080__Aplus_0p01,hm-m2-g2-L5p3-n2-beta1,80,-0.01,71,4.70375,0.9923681044567615,0.9936338618248948
hm-m2-g2-L5p3-n2-beta1__N0080__Aminus_0p01,hm-m2-g2-L5p3-n2-beta1__N0080__Aplus_0p01,hm-m2-g2-L5p3-n2-beta1,80,-0.01,72,4.7700000000000005,0.9919020887587487,0.9932368262159874
hm-m2-g2-L5p3-n2-beta1__N0080__Aminus_0p01,hm-m2-g2-L5p3-n2-beta1__N0080__Aplus_0p01,hm-m2-g2-L5p3-n2-beta1,80,-0.01,73,4.836250000000001,0.9914849027495432,0.992880903273865
hm-m2-g2-L5p3-n2-beta1__N0080__Aminus_0p01,hm-m2-g2-L5p3-n2-beta1__N0080__Aplus_0p01,hm-m2-g2-L5p3-n2-beta1,80,-0.01,74,4.9025,0.9911187790310231,0.9925681625220865
hm-m2-g2-L5p3-n2-beta1__N0080__Aminus_0p01,hm-m2-g2-L5p3-n2-beta1__N0080__Aplus_0p01,hm-m2-g2-L5p3-n2-beta1,80,-0.01,75,4.96875,0.9908056633232232,0.9923004172468752
hm-m2-g2-L5p3-n2-beta1__N0080__Aminus_0p01,hm-m2-g2-L5p3-n2-beta1__N0080__Aplus_0p01,hm-m2-g2-L5p3-n2-beta1,80,-0.01,76,5.035,0.9905472095607439,0.9920792160253497
hm-m2-g2-L5p3-n2-beta1__N0080__Aminus_0p01,hm-m2-g2-L5p3-n2-beta1__N0080__Aplus_0p01,hm-m2-g2-L5p3-n2-beta1,80,-0.01,77,5.10125,0.9903447759527282,0.9919058355782208
hm-m2-g2-L5p3-n2-beta1__N0080__Aminus_0p01,hm-m2-g2-L5p3-n2-beta1__N0080__Aplus_0p01,hm-m2-g2-L5p3-n2-beta1,80,-0.01,78,5.1675,0.9901994219052197,0.9917812749380334
hm-m2-g2-L5p3-n2-beta1__N0080__Aminus_0p01,hm-m2-g2-L5p3-n2-beta1__N0080__Aplus_0p01,hm-m2-g2-L5p3-n2-beta1,80,-0.01,79,5.233750000000001,0.9901119057200195,0.991706250924172
hm-m2-g2-L5p3-n2-beta1__N0080__Aminus_0p01,hm-m2-g2-L5p3-n2-beta1__N0080__Aplus_0p01,hm-m2-g2-L5p3-n2-beta1,80,-0.01,80,5.3,0.9900826830013214,0.9916811949168693
hm-m2-g2-L5p3-n2-beta1__N0080__Aminus_0p005,hm-m2-g2-L5p3-n2-beta1__N0080__Aplus_0p005,hm-m2-g2-L5p3-n2-beta1,80,-0.005,0,0.0,0.9950208871087205,0.9958411041215736
hm-m2-g2-L5p3-n2-beta1__N0080__Aminus_0p005,hm-m2-g2-L5p3-n2-beta1__N0080__Aplus_0p005,hm-m2-g2-L5p3-n2-beta1,80,-0.005,1,0.06625,0.9950358936019817,0.9958537765264128
hm-m2-g2-L5p3-n2-beta1__N0080__Aminus_0p005,hm-m2-g2-L5p3-n2-beta1__N0080__Aplus_0p005,hm-m2-g2-L5p3-n2-beta1,80,-0.005,2,0.1325,0.9950808278900756,0.9958917182869381
hm-m2-g2-L5p3-n2-beta1__N0080__Aminus_0p005,hm-m2-g2-L5p3-n2-beta1__N0080__Aplus_0p005,hm-m2-g2-L5p3-n2-beta1,80,-0.005,3,0.19875,0.9951554347513935,0.9959547034422843
hm-m2-g2-L5p3-n2-beta1__N0080__Aminus_0p005,hm-m2-g2-L5p3-n2-beta1__N0080__Aplus_0p005,hm-m2-g2-L5p3-n2-beta1,80,-0.005,4,0.265,0.995259289996382,0.9960423567270571
hm-m2-g2-L5p3-n2-beta1__N0080__Aminus_0p005,hm-m2-g2-L5p3-n2-beta1__N0080__Aplus_0p005,hm-m2-g2-L5p3-n2-beta1,80,-0.005,5,0.33125000000000004,0.9953918022427214,0.9961541555719077
hm-m2-g2-L5p3-n2-beta1__N0080__Aminus_0p005,hm-m2-g2-L5p3-n2-beta1__N0080__Aplus_0p005,hm-m2-g2-L5p3-n2-beta1,80,-0.005,6,0.3975,0.9955522154112679,0.9962894328972586
hm-m2-g2-L5p3-n2-beta1__N0080__Aminus_0p005,hm-m2-g2-L5p3-n2-beta1__N0080__Aplus_0p005,hm-m2-g2-L5p3-n2-beta1,80,-0.005,7,0.46375,0.9957396119527929,0.9964473806928863
hm-m2-g2-L5p3-n2-beta1__N0080__Aminus_0p005,hm-m2-g2-L5p3-n2-beta1__N0080__Aplus_0p005,hm-m2-g2-L5p3-n2-beta1,80,-0.005,8,0.53,0.9959529168174923,0.996627054373701
hm-m2-g2-L5p3-n2-beta1__N0080__Aminus_0p005,hm-m2-g2-L5p3-n2-beta1__N0080__Aplus_0p005,hm-m2-g2-L5p3-n2-beta1,80,-0.005,9,0.5962500000000001,0.9961909021804962,0.9968273778994762
hm-m2-g2-L5p3-n2-beta1__N0080__Aminus_0p005,hm-m2-g2-L5p3-n2-beta1__N0080__Aplus_0p005,hm-m2-g2-L5p3-n2-beta1,80,-0.005,10,0.6625000000000001,0.996452192937059,0.9970471496434595
hm-m2-g2-L5p3-n2-beta1__N0080__Aminus_0p005,hm-m2-g2-L5p3-n2-beta1__N0080__Aplus_0p005,hm-m2-g2-L5p3-n2-beta1,80,-0.005,11,0.72875,0.9967352729806338,0.997285048991705
hm-m2-g2-L5p3-n2-beta1__N0080__Aminus_0p005,hm-m2-g2-L5p3-n2-beta1__N0080__Aplus_0p005,hm-m2-g2-L5p3-n2-beta1,80,-0.005,12,0.795,0.9970384922755291,0.9975396436515872
hm-m2-g2-L5p3-n2-beta1__N0080__Aminus_0p005,hm-m2-g2-L5p3-n2-beta1__N0080__Aplus_0p005,hm-m2-g2-L5p3-n2-beta1,80,-0.005,13,0.8612500000000001,0.9973600747332266,0.9978093976442822
hm-m2-g2-L5p3-n2-beta1__N0080__Aminus_0p005,hm-m2-g2-L5p3-n2-beta1__N0080__Aplus_0p005,hm-m2-g2-L5p3-n2-beta1,80,-0.005,14,0.9275,0.9976981268976558,0.9980926799520298
hm-m2-g2-L5p3-n2-beta1__N0080__Aminus_0p005,hm-m2-g2-L5p3-n2-beta1__N0080__Aplus_0p005,hm-m2-g2-L5p3-n2-beta1,80,-0.005,15,0.99375,0.998050647439715,0.9983877737867326
hm-m2-g2-L5p3-n2-beta1__N0080__Aminus_0p005,hm-m2-g2-L5p3-n2-beta1__N0080__Aplus_0p005,hm-m2-g2-L5p3-n2-beta1,80,-0.005,16,1.06,0.9984155374551249,0.998692886441935
hm-m2-g2-L5p3-n2-beta1__N0080__Aminus_0p005,hm-m2-g2-L5p3-n2-beta1__N0080__Aplus_0p005,hm-m2-g2-L5p3-n2-beta1,80,-0.005,17,1.12625,0.9987906115522854,0.9990061596854772
hm-m2-g2-L5p3-n2-beta1__N0080__Aminus_0p005,hm-m2-g2-L5p3-n2-beta1__N0080__Aplus_0p005,hm-m2-g2-L5p3-n2-beta1,80,-0.005,18,1.1925000000000001,0.9991736097082669,0.9993256806451992
hm-m2-g2-L5p3-n2-beta1__N0080__Aminus_0p005,hm-m2-g2-L5p3-n2-beta1__N0080__Aplus_0p005,hm-m2-g2-L5p3-n2-beta1,80,-0.005,19,1.25875,0.9995622098614757,0.9996494931350252
hm-m2-g2-L5p3-n2-beta1__N0080__Aminus_0p005,hm-m2-g2-L5p3-n2-beta1__N0080__Aplus_0p005,hm-m2-g2-L5p3-n2-beta1,80,-0.005,20,1.3250000000000002,0.9999540411990251,0.9999756093636653
hm-m2-g2-L5p3-n2-beta1__N0080__Aminus_0p005,hm-m2-g2-L5p3-n2-beta1__N0080__Aplus_0p005,hm-m2-g2-L5p3-n2-beta1,80,-0.005,21,1.39125,1.0003466980855802,1.0003020219631074
hm-m2-g2-L5p3-n2-beta1__N0080__Aminus_0p005,hm-m2-g2-L5p3-n2-beta1__N0080__Aplus_0p005,hm-m2-g2-L5p3-n2-beta1,80,-0.005,22,1.4575,1.0007377545686276,1.000626716269126
hm-m2-g2-L5p3-n2-beta1__N0080__Aminus_0p005,hm-m2-g2-L5p3-n2-beta1__N0080__Aplus_0p005,hm-m2-g2-L5p3-n2-beta1,80,-0.005,23,1.5237500000000002,1.0011247793829876,1.00094768278131
hm-m2-g2-L5p3-n2-beta1__N0080__Aminus_0p005,hm-m2-g2-L5p3-n2-beta1__N0080__Aplus_0p005,hm-m2-g2-L5p3-n2-beta1,80,-0.005,24,1.59,1.0015053513651906,1.0012629297257012
hm-m2-g2-L5p3-n2-beta1__N0080__Aminus_0p005,hm-m2-g2-L5p3-n2-beta1__N0080__Aplus_0p005,hm-m2-g2-L5p3-n2-beta1,80,-0.005,25,1.65625,1.0018770751763857,1.0015704956391605
hm-m2-g2-L5p3-n2-beta1__N0080__Aminus_0p005,hm-m2-g2-L5p3-n2-beta1__N0080__Aplus_0p005,hm-m2-g2-L5p3-n2-beta1,80,-0.005,26,1.7225000000000001,1.0022375972210362,1.0018684618911315
hm-m2-g2-L5p3-n2-beta1__N0080__Aminus_0p005,hm-m2-g2-L5p3-n2-beta1__N0080__Aplus_0p005,hm-m2-g2-L5p3-n2-beta1,80,-0.005,27,1.78875,1.0025846216381142,1.0021549650556763
hm-m2-g2-L5p3-n2-beta1__N0080__Aminus_0p005,hm-m2-g2-L5p3-n2-beta1__N0080__Aplus_0p005,hm-m2-g2-L5p3-n2-beta1,80,-0.005,28,1.855,1.0029159262321472,1.0024282090446002
hm-m2-g2-L5p3-n2-beta1__N0080__Aminus_0p005,hm-m2-g2-L5p3-n2-beta1__N0080__Aplus_0p005,hm-m2-g2-L5p3-n2-beta1,80,-0.005,29,1.9212500000000001,1.0032293782036348,1.0026864769112713
hm-m2-g2-L5p3-n2-beta1__N0080__Aminus_0p005,hm-m2-g2-L5p3-n2-beta1__N0080__Aplus_0p005,hm-m2-g2-L5p3-n2-beta1,80,-0.005,30,1.9875,1.0035229495323181,1.0029281422344452
hm-m2-g2-L5p3-n2-beta1__N0080__Aminus_0p005,hm-m2-g2-L5p3-n2-beta1__N0080__Aplus_0p005,hm-m2-g2-L5p3-n2-beta1,80,-0.005,31,2.05375,1.003794731862841,1.0031516799921159
hm-m2-g2-L5p3-n2-beta1__N0080__Aminus_0p005,hm-m2-g2-L5p3-n2-beta1__N0080__Aplus_0p005,hm-m2-g2-L5p3-n2-beta1,80,-0.005,32,2.12,1.0040429507407174,1.0033556768371625
hm-m2-g2-L5p3-n2-beta1__N0080__Aminus_0p005,hm-m2-g2-L5p3-n2-beta1__N0080__Aplus_0p005,hm-m2-g2-L5p3-n2-beta1,80,-0.005,33,2.1862500000000002,1.0042659790474038,1.0035388406894021
hm-m2-g2-L5p3-n2-beta1__N0080__Aminus_0p005,hm-m2-g2-L5p3-n2-beta1__N0080__Aplus_0p005,hm-m2-g2-L5p3-n2-beta1,80,-0.005,34,2.2525,1.0044623494867948,1.0037000095625865
hm-m2-g2-L5p3-n2-beta1__N0080__Aminus_0p005,hm-m2-g2-L5p3-n2-beta1__N0080__Aplus_0p005,hm-m2-g2-L5p3-n2-beta1,80,-0.005,35,2.31875,1.00463076598167,1.0038381595499197
hm-m2-g2-L5p3-n2-beta1__N0080__Aminus_0p005,hm-m2-g2-L5p3-n2-beta1__N0080__Aplus_0p005,hm-m2-g2-L5p3-n2-beta1,80,-0.005,36,2.3850000000000002,1.0047701138475318,1.0039524118977414
hm-m2-g2-L5p3-n2-beta1__N0080__Aminus_0p005,hm-m2-g2-L5p3-n2-beta1__N0080__Aplus_0p005,hm-m2-g2-L5p3-n2-beta1,80,-0.005,37,2.45125,1.00487946862278,1.0040420391041232
hm-m2-g2-L5p3-n2-beta1__N0080__Aminus_0p005,hm-m2-g2-L5p3-n2-beta1__N0080__Aplus_0p005,hm-m2-g2-L5p3-n2-beta1,80,-0.005,38,2.5175,1.0049581034481283,1.0041064699871276
hm-m2-g2-L5p3-n2-beta1__N0080__Aminus_0p005,hm-m2-g2-L5p3-n2-beta1__N0080__Aplus_0p005,hm-m2-g2-L5p3-n2-beta1,80,-0.005,39,2.58375,1.005005494904341,1.0041452936763284
hm-m2-g2-L5p3-n2-beta1__N0080__Aminus_0p005,hm-m2-g2-L5p3-n2-beta1__N0080__Aplus_0p005,hm-m2-g2-L5p3-n2-beta1,80,-0.005,40,2.6500000000000004,1.0050213272354596,1.0041582624907284
hm-m2-g2-L5p3-n2-beta1__N0080__Aminus_0p005,hm-m2-g2-L5p3-n2-beta1__N0080__Aplus_0p005,hm-m2-g2-L5p3-n2-beta1,80,-0.005,41,2.71625,1.0050054949043414,1.0041452936763282
hm-m2-g2-L5p3-n2-beta1__N0080__Aminus_0p005,hm-m2-g2-L5p3-n2-beta1__N0080__Aplus_0p005,hm-m2-g2-L5p3-n2-beta1,80,-0.005,42,2.7825,1.0049581034481292,1.0041064699871276
hm-m2-g2-L5p3-n2-beta1__N0080__Aminus_0p005,hm-m2-g2-L5p3-n2-beta1__N0080__Aplus_0p005,hm-m2-g2-L5p3-n2-beta1,80,-0.005,43,2.8487500000000003,1.0048794686227813,1.0040420391041234
hm-m2-g2-L5p3-n2-beta1__N0080__Aminus_0p005,hm-m2-g2-L5p3-n2-beta1__N0080__Aplus_0p005,hm-m2-g2-L5p3-n2-beta1,80,-0.005,44,2.915,1.0047701138475336,1.0039524118977416
hm-m2-g2-L5p3-n2-beta1__N0080__Aminus_0p005,hm-m2-g2-L5p3-n2-beta1__N0080__Aplus_0p005,hm-m2-g2-L5p3-n2-beta1,80,-0.005,45,2.98125,1.0046307659816722,1.0038381595499197
hm-m2-g2-L5p3-n2-beta1__N0080__Aminus_0p005,hm-m2-g2-L5p3-n2-beta1__N0080__Aplus_0p005,hm-m2-g2-L5p3-n2-beta1,80,-0.005,46,3.0475000000000003,1.0044623494867975,1.0037000095625865
hm-m2-g2-L5p3-n2-beta1__N0080__Aminus_0p005,hm-m2-g2-L5p3-n2-beta1__N0080__Aplus_0p005,hm-m2-g2-L5p3-n2-beta1,80,-0.005,47,3.11375,1.0042659790474067,1.0035388406894021
hm-m2-g2-L5p3-n2-beta1__N0080__Aminus_0p005,hm-m2-g2-L5p3-n2-beta1__N0080__Aplus_0p005,hm-m2-g2-L5p3-n2-beta1,80,-0.005,48,3.18,1.0040429507407205,1.0033556768371628
hm-m2-g2-L5p3-n2-beta1__N0080__Aminus_0p005,hm-m2-g2-L5p3-n2-beta1__N0080__Aplus_0p005,hm-m2-g2-L5p3-n2-beta1,80,-0.005,49,3.2462500000000003,1.0037947318628446,1.003151679992116
hm-m2-g2-L5p3-n2-beta1__N0080__Aminus_0p005,hm-m2-g2-L5p3-n2-beta1__N0080__Aplus_0p005,hm-m2-g2-L5p3-n2-beta1,80,-0.005,50,3.3125,1.003522949532322,1.0029281422344452
hm-m2-g2-L5p3-n2-beta1__N0080__Aminus_0p005,hm-m2-g2-L5p3-n2-beta1__N0080__Aplus_0p005,hm-m2-g2-L5p3-n2-beta1,80,-0.005,51,3.37875,1.0032293782036388,1.002686476911271
hm-m2-g2-L5p3-n2-beta1__N0080__Aminus_0p005,hm-m2-g2-L5p3-n2-beta1__N0080__Aplus_0p005,hm-m2-g2-L5p3-n2-beta1,80,-0.005,52,3.4450000000000003,1.0029159262321512,1.0024282090446
hm-m2-g2-L5p3-n2-beta1__N0080__Aminus_0p005,hm-m2-g2-L5p3-n2-beta1__N0080__Aplus_0p005,hm-m2-g2-L5p3-n2-beta1,80,-0.005,53,3.51125,1.0025846216381185,1.002154965055676
hm-m2-g2-L5p3-n2-beta1__N0080__Aminus_0p005,hm-m2-g2-L5p3-n2-beta1__N0080__Aplus_0p005,hm-m2-g2-L5p3-n2-beta1,80,-0.005,54,3.5775,1.0022375972210404,1.0018684618911315
hm-m2-g2-L5p3-n2-beta1__N0080__Aminus_0p005,hm-m2-g2-L5p3-n2-beta1__N0080__Aplus_0p005,hm-m2-g2-L5p3-n2-beta1,80,-0.005,55,3.6437500000000003,1.0018770751763897,1.0015704956391605
hm-m2-g2-L5p3-n2-beta1__N0080__Aminus_0p005,hm-m2-g2-L5p3-n2-beta1__N0080__Aplus_0p005,hm-m2-g2-L5p3-n2-beta1,80,-0.005,56,3.71,1.0015053513651946,1.0012629297257012
hm-m2-g2-L5p3-n2-beta1__N0080__Aminus_0p005,hm-m2-g2-L5p3-n2-beta1__N0080__Aplus_0p005,hm-m2-g2-L5p3-n2-beta1,80,-0.005,57,3.77625,1.0011247793829914,1.00094768278131
hm-m2-g2-L5p3-n2-beta1__N0080__Aminus_0p005,hm-m2-g2-L5p3-n2-beta1__N0080__Aplus_0p005,hm-m2-g2-L5p3-n2-beta1,80,-0.005,58,3.8425000000000002,1.0007377545686311,1.0006267162691258
hm-m2-g2-L5p3-n2-beta1__N0080__Aminus_0p005,hm-m2-g2-L5p3-n2-beta1__N0080__Aplus_0p005,hm-m2-g2-L5p3-n2-beta1,80,-0.005,59,3.9087500000000004,1.0003466980855835,1.000302021963107
hm-m2-g2-L5p3-n2-beta1__N0080__Aminus_0p005,hm-m2-g2-L5p3-n2-beta1__N0080__Aplus_0p005,hm-m2-g2-L5p3-n2-beta1,80,-0.005,60,3.975,0.9999540411990281,0.9999756093636648
hm-m2-g2-L5p3-n2-beta1__N0080__Aminus_0p005,hm-m2-g2-L5p3-n2-beta1__N0080__Aplus_0p005,hm-m2-g2-L5p3-n2-beta1,80,-0.005,61,4.04125,0.999562209861478,0.9996494931350247
hm-m2-g2-L5p3-n2-beta1__N0080__Aminus_0p005,hm-m2-g2-L5p3-n2-beta1__N0080__Aplus_0p005,hm-m2-g2-L5p3-n2-beta1,80,-0.005,62,4.1075,0.9991736097082686,0.9993256806451987
hm-m2-g2-L5p3-n2-beta1__N0080__Aminus_0p005,hm-m2-g2-L5p3-n2-beta1__N0080__Aplus_0p005,hm-m2-g2-L5p3-n2-beta1,80,-0.005,63,4.17375,0.9987906115522867,0.9990061596854767
hm-m2-g2-L5p3-n2-beta1__N0080__Aminus_0p005,hm-m2-g2-L5p3-n2-beta1__N0080__Aplus_0p005,hm-m2-g2-L5p3-n2-beta1,80,-0.005,64,4.24,0.9984155374551255,0.9986928864419347
hm-m2-g2-L5p3-n2-beta1__N0080__Aminus_0p005,hm-m2-g2-L5p3-n2-beta1__N0080__Aplus_0p005,hm-m2-g2-L5p3-n2-beta1,80,-0.005,65,4.30625,0.9980506474397148,0.9983877737867324
hm-m2-g2-L5p3-n2-beta1__N0080__Aminus_0p005,hm-m2-g2-L5p3-n2-beta1__N0080__Aplus_0p005,hm-m2-g2-L5p3-n2-beta1,80,-0.005,66,4.3725000000000005,0.997698126897655,0.9980926799520297
hm-m2-g2-L5p3-n2-beta1__N0080__Aminus_0p005,hm-m2-g2-L5p3-n2-beta1__N0080__Aplus_0p005,hm-m2-g2-L5p3-n2-beta1,80,-0.005,67,4.438750000000001,0.9973600747332252,0.9978093976442819
hm-m2-g2-L5p3-n2-beta1__N0080__Aminus_0p005,hm-m2-g2-L5p3-n2-beta1__N0080__Aplus_0p005,hm-m2-g2-L5p3-n2-beta1,80,-0.005,68,4.505,0.997038492275527,0.9975396436515866
hm-m2-g2-L5p3-n2-beta1__N0080__Aminus_0p005,hm-m2-g2-L5p3-n2-beta1__N0080__Aplus_0p005,hm-m2-g2-L5p3-n2-beta1,80,-0.005,69,4.57125,0.9967352729806311,0.9972850489917042
hm-m2-g2-L5p3-n2-beta1__N0080__Aminus_0p005,hm-m2-g2-L5p3-n2-beta1__N0080__Aplus_0p005,hm-m2-g2-L5p3-n2-beta1,80,-0.005,70,4.6375,0.9964521929370557,0.9970471496434588
hm-m2-g2-L5p3-n2-beta1__N0080__Aminus_0p005,hm-m2-g2-L5p3-n2-beta1__N0080__Aplus_0p005,hm-m2-g2-L5p3-n2-beta1,80,-0.005,71,4.70375,0.9961909021804924,0.9968273778994753
hm-m2-g2-L5p3-n2-beta1__N0080__Aminus_0p005,hm-m2-g2-L5p3-n2-beta1__N0080__Aplus_0p005,hm-m2-g2-L5p3-n2-beta1,80,-0.005,72,4.7700000000000005,0.995952916817488,0.9966270543736998
hm-m2-g2-L5p3-n2-beta1__N0080__Aminus_0p005,hm-m2-g2-L5p3-n2-beta1__N0080__Aplus_0p005,hm-m2-g2-L5p3-n2-beta1,80,-0.005,73,4.836250000000001,0.995739611952788,0.9964473806928851
hm-m2-g2-L5p3-n2-beta1__N0080__Aminus_0p005,hm-m2-g2-L5p3-n2-beta1__N0080__Aplus_0p005,hm-m2-g2-L5p3-n2-beta1,80,-0.005,74,4.9025,0.9955522154112627,0.9962894328972572
hm-m2-g2-L5p3-n2-beta1__N0080__Aminus_0p005,hm-m2-g2-L5p3-n2-beta1__N0080__Aplus_0p005,hm-m2-g2-L5p3-n2-beta1,80,-0.005,75,4.96875,0.9953918022427158,0.9961541555719063
hm-m2-g2-L5p3-n2-beta1__N0080__Aminus_0p005,hm-m2-g2-L5p3-n2-beta1__N0080__Aplus_0p005,hm-m2-g2-L5p3-n2-beta1,80,-0.005,76,5.035,0.995259289996376,0.9960423567270558
hm-m2-g2-L5p3-n2-beta1__N0080__Aminus_0p005,hm-m2-g2-L5p3-n2-beta1__N0080__Aplus_0p005,hm-m2-g2-L5p3-n2-beta1,80,-0.005,77,5.10125,0.9951554347513872,0.995954703442283
hm-m2-g2-L5p3-n2-beta1__N0080__Aminus_0p005,hm-m2-g2-L5p3-n2-beta1__N0080__Aplus_0p005,hm-m2-g2-L5p3-n2-beta1,80,-0.005,78,5.1675,0.9950808278900692,0.9958917182869367
hm-m2-g2-L5p3-n2-beta1__N0080__Aminus_0p005,hm-m2-g2-L5p3-n2-beta1__N0080__Aplus_0p005,hm-m2-g2-L5p3-n2-beta1,80,-0.005,79,5.233750000000001,0.9950358936019753,0.9958537765264113
hm-m2-g2-L5p3-n2-beta1__N0080__Aminus_0p005,hm-m2-g2-L5p3-n2-beta1__N0080__Aplus_0p005,hm-m2-g2-L5p3-n2-beta1,80,-0.005,80,5.3,0.9950208871087141,0.9958411041215721
hm-m2-g2-L5p3-n2-beta1__N0080__Aminus_0p0025,hm-m2-g2-L5p3-n2-beta1__N0080__Aplus_0p0025,hm-m2-g2-L5p3-n2-beta1,80,-0.0025,0,0.0,0.9975052490491237,0.9979206548237447
hm-m2-g2-L5p3-n2-beta1__N0080__Aminus_0p0025,hm-m2-g2-L5p3-n2-beta1__N0080__Aplus_0p0025,hm-m2-g2-L5p3-n2-beta1,80,-0.0025,1,0.06625,0.9975128532597183,0.9979270275953365
hm-m2-g2-L5p3-n2-beta1__N0080__Aminus_0p0025,hm-m2-g2-L5p3-n2-beta1__N0080__Aplus_0p0025,hm-m2-g2-L5p3-n2-beta1,80,-0.0025,2,0.1325,0.9975356208771728,0.9979461072961661
hm-m2-g2-L5p3-n2-beta1__N0080__Aminus_0p0025,hm-m2-g2-L5p3-n2-beta1__N0080__Aplus_0p0025,hm-m2-g2-L5p3-n2-beta1,80,-0.0025,3,0.19875,0.9975734170911422,0.9979777783060395
hm-m2-g2-L5p3-n2-beta1__N0080__Aminus_0p0025,hm-m2-g2-L5p3-n2-beta1__N0080__Aplus_0p0025,hm-m2-g2-L5p3-n2-beta1,80,-0.0025,4,0.265,0.9976260179927989,0.9980218486624692
hm-m2-g2-L5p3-n2-beta1__N0080__Aminus_0p0025,hm-m2-g2-L5p3-n2-beta1__N0080__Aplus_0p0025,hm-m2-g2-L5p3-n2-beta1,80,-0.0025,5,0.33125000000000004,0.9976931117360734,0.9980780511640138
hm-m2-g2-L5p3-n2-beta1__N0080__Aminus_0p0025,hm-m2-g2-L5p3-n2-beta1__N0080__Aplus_0p0025,hm-m2-g2-L5p3-n2-beta1,80,-0.0025,6,0.3975,0.9977743001605522,0.9981460449081166
hm-m2-g2-L5p3-n2-beta1__N0080__Aminus_0p0025,hm-m2-g2-L5p3-n2-beta1__N0080__Aplus_0p0025,hm-m2-g2-L5p3-n2-beta1,80,-0.0025,7,0.46375,0.9978691008730317,0.9982254172565787
hm-m2-g2-L5p3-n2-beta1__N0080__Aminus_0p0025,hm-m2-g2-L5p3-n2-beta1__N0080__Aplus_0p0025,hm-m2-g2-L5p3-n2-beta1,80,-0.0025,8,0.53,0.997976949783633,0.9983156862198149
hm-m2-g2-L5p3-n2-beta1__N0080__Aminus_0p0025,hm-m2-g2-L5p3-n2-beta1__N0080__Aplus_0p0025,hm-m2-g2-L5p3-n2-beta1,80,-0.0025,9,0.5962500000000001,0.9980972040911295,0.9984163032490233
hm-m2-g2-L5p3-n2-beta1__N0080__Aminus_0p0025,hm-m2-g2-L5p3-n2-beta1__N0080__Aplus_0p0025,hm-m2-g2-L5p3-n2-beta1,80,-0.0025,10,0.6625000000000001,0.9982291457106859,0.9985266564233669
hm-m2-g2-L5p3-n2-beta1__N0080__Aminus_0p0025,hm-m2-g2-L5p3-n2-beta1__N0080__Aplus_0p0025,hm-m2-g2-L5p3-n2-beta1,80,-0.0025,11,0.72875,0.9983719851355456,0.9986460740172066
hm-m2-g2-L5p3-n2-beta1__N0080__Aminus_0p0025,hm-m2-g2-L5p3-n2-beta1__N0080__Aplus_0p0025,hm-m2-g2-L5p3-n2-beta1,80,-0.0025,12,0.795,0.9985248657223023,0.9987738284303561
hm-m2-g2-L5p3-n2-beta1__N0080__Aminus_0p0025,hm-m2-g2-L5p3-n2-beta1__N0080__Aplus_0p0025,hm-m2-g2-L5p3-n2-beta1,80,-0.0025,13,0.8612500000000001,0.9986868683872562,0.9989091404622394
hm-m2-g2-L5p3-n2-beta1__N0080__Aminus_0p0025,hm-m2-g2-L5p3-n2-beta1__N0080__Aplus_0p0025,hm-m2-g2-L5p3-n2-beta1,80,-0.0025,14,0.9275,0.998857016698972,0.9990511839087464
hm-m2-g2-L5p3-n2-beta1__N0080__Aminus_0p0025,hm-m2-g2-L5p3-n2-beta1__N0080__Aplus_0p0025,hm-m2-g2-L5p3-n2-beta1,80,-0.0025,15,0.99375,0.9990342823495403,0.9991990904584983
hm-m2-g2-L5p3-n2-beta1__N0080__Aminus_0p0025,hm-m2-g2-L5p3-n2-beta1__N0080__Aplus_0p0025,hm-m2-g2-L5p3-n2-beta1,80,-0.0025,16,1.06,0.9992175909842033,0.9993519548631803
hm-m2-g2-L5p3-n2-beta1__N0080__Aminus_0p0025,hm-m2-g2-L5p3-n2-beta1__N0080__Aplus_0p0025,hm-m2-g2-L5p3-n2-beta1,80,-0.0025,17,1.12625,0.9994058283659728,0.9995088403545703
hm-m2-g2-L5p3-n2-beta1__N0080__Aminus_0p0025,hm-m2-g2-L5p3-n2-beta1__N0080__Aplus_0p0025,hm-m2-g2-L5p3-n2-beta1,80,-0.0025,18,1.1925000000000001,0.9995978468486656,0.9996687842789398
hm-m2-g2-L5p3-n2-beta1__N0080__Aminus_0p0025,hm-m2-g2-L5p3-n2-beta1__N0080__Aplus_0p0025,hm-m2-g2-L5p3-n2-beta1,80,-0.0025,19,1.25875,0.9997924721284575,0.9998308039176097
hm-m2-g2-L5p3-n2-beta1__N0080__Aminus_0p0025,hm-m2-g2-L5p3-n2-beta1__N0080__Aplus_0p0025,hm-m2-g2-L5p3-n2-beta1,80,-0.0025,20,1.3250000000000002,0.9999885102406583,0.9999939024606692
hm-m2-g2-L5p3-n2-beta1__N0080__Aminus_0p0025,hm-m2-g2-L5p3-n2-beta1__N0080__Aplus_0p0025,hm-m2-g2-L5p3-n2-beta1,80,-0.0025,21,1.39125,1.0001847547649911,1.000157075099212
hm-m2-g2-L5p3-n2-beta1__N0080__Aminus_0p0025,hm-m2-g2-L5p3-n2-beta1__N0080__Aplus_0p0025,hm-m2-g2-L5p3-n2-beta1,80,-0.0025,22,1.4575,1.000379994199289,1.0003193151999434
hm-m2-g2-L5p3-n2-beta1__N0080__Aminus_0p0025,hm-m2-g2-L5p3-n2-beta1__N0080__Aplus_0p0025,hm-m2-g2-L5p3-n2-beta1,80,-0.0025,23,1.5237500000000002,1.0005730194582585,1.0004796205247026
hm-m2-g2-L5p3-n2-beta1__N0080__Aminus_0p0025,hm-m2-g2-L5p3-n2-beta1__N0080__Aplus_0p0025,hm-m2-g2-L5p3-n2-beta1,80,-0.0025,24,1.59,1.0007626314508913,1.0006369994563347
hm-m2-g2-L5p3-n2-beta1__N0080__Aminus_0p0025,hm-m2-g2-L5p3-n2-beta1__N0080__Aplus_0p0025,hm-m2-g2-L5p3-n2-beta1,80,-0.0025,25,1.65625,1.0009476486872886,1.00079047719148
hm-m2-g2-L5p3-n2-beta1__N0080__Aminus_0p0025,hm-m2-g2-L5p3-n2-beta1__N0080__Aplus_0p0025,hm-m2-g2-L5p3-n2-beta1,80,-0.0025,26,1.7225000000000001,1.0011269148631927,1.0009391018602454
hm-m2-g2-L5p3-n2-beta1__N0080__Aminus_0p0025,hm-m2-g2-L5p3-n2-beta1__N0080__Aplus_0p0025,hm-m2-g2-L5p3-n2-beta1,80,-0.0025,27,1.78875,1.0012993063684474,1.0010819505324025
hm-m2-g2-L5p3-n2-beta1__N0080__Aminus_0p0025,hm-m2-g2-L5p3-n2-beta1__N0080__Aplus_0p0025,hm-m2-g2-L5p3-n2-beta1,80,-0.0025,28,1.855,1.0014637396640407,1.0012181350697504
hm-m2-g2-L5p3-n2-beta1__N0080__Aminus_0p0025,hm-m2-g2-L5p3-n2-beta1__N0080__Aplus_0p0025,hm-m2-g2-L5p3-n2-beta1,80,-0.0025,29,1.9212500000000001,1.0016191784713329,1.0013468077846
hm-m2-g2-L5p3-n2-beta1__N0080__Aminus_0p0025,hm-m2-g2-L5p3-n2-beta1__N0080__Aplus_0p0025,hm-m2-g2-L5p3-n2-beta1,80,-0.0025,30,1.9875,1.001764640716664,1.0014671668649966
hm-m2-g2-L5p3-n2-beta1__N0080__Aminus_0p0025,hm-m2-g2-L5p3-n2-beta1__N0080__Aplus_0p0025,hm-m2-g2-L5p3-n2-beta1,80,-0.0025,31,2.05375,1.0018992051747446,1.0015784615283194
hm-m2-g2-L5p3-n2-beta1__N0080__Aminus_0p0025,hm-m2-g2-L5p3-n2-beta1__N0080__Aplus_0p0025,hm-m2-g2-L5p3-n2-beta1,80,-0.0025,32,2.12,1.0020220177551675,1.0016799968662573
hm-m2-g2-L5p3-n2-beta1__N0080__Aminus_0p0025,hm-m2-g2-L5p3-n2-beta1__N0080__Aplus_0p0025,hm-m2-g2-L5p3-n2-beta1,80,-0.0025,33,2.1862500000000002,1.0021322973780091,1.001771138345907
hm-m2-g2-L5p3-n2-beta1__N0080__Aminus_0p0025,hm-m2-g2-L5p3-n2-beta1__N0080__Aplus_0p0025,hm-m2-g2-L5p3-n2-beta1,80,-0.0025,34,2.2525,1.0022293413868506,1.0018513159338158
hm-m2-g2-L5p3-n2-beta1__N0080__Aminus_0p0025,hm-m2-g2-L5p3-n2-beta1__N0080__Aplus_0p0025,hm-m2-g2-L5p3-n2-beta1,80,-0.0025,35,2.31875,1.0023125304506453,1.0019200278122258
hm-m2-g2-L5p3-n2-beta1__N0080__Aminus_0p0025,hm-m2-g2-L5p3-n2-beta1__N0080__Aplus_0p0025,hm-m2-g2-L5p3-n2-beta1,80,-0.0025,36,2.3850000000000002,1.0023813329096345,1.0019768436595275
hm-m2-g2-L5p3-n2-beta1__N0080__Aminus_0p0025,hm-m2-g2-L5p3-n2-beta1__N0080__Aplus_0p0025,hm-m2-g2-L5p3-n2-beta1,80,-0.0025,37,2.45125,1.0024353085249773,1.002021407469996
hm-m2-g2-L5p3-n2-beta1__N0080__Aminus_0p0025,hm-m2-g2-L5p3-n2-beta1__N0080__Aplus_0p0025,hm-m2-g2-L5p3-n2-beta1,80,-0.0025,38,2.5175,1.002474111596824,1.0020534398912082
hm-m2-g2-L5p3-n2-beta1__N0080__Aminus_0p0025,hm-m2-g2-L5p3-n2-beta1__N0080__Aplus_0p0025,hm-m2-g2-L5p3-n2-beta1,80,-0.0025,39,2.58375,1.0024974934211757,1.002072740061129
hm-m2-g2-L5p3-n2-beta1__N0080__Aminus_0p0025,hm-m2-g2-L5p3-n2-beta1__N0080__Aplus_0p0025,hm-m2-g2-L5p3-n2-beta1,80,-0.0025,40,2.6500000000000004,1.002505304061955,1.002079186930626
hm-m2-g2-L5p3-n2-beta1__N0080__Aminus_0p0025,hm-m2-g2-L5p3-n2-beta1__N0080__Aplus_0p0025,hm-m2-g2-L5p3-n2-beta1,80,-0.0025,41,2.71625,1.0024974934211754,1.0020727400611287
hm-m2-g2-L5p3-n2-beta1__N0080__Aminus_0p0025,hm-m2-g2-L5p3-n2-beta1__N0080__Aplus_0p0025,hm-m2-g2-L5p3-n2-beta1,80,-0.0025,42,2.7825,1.0024741115968239,1.0020534398912075
hm-m2-g2-L5p3-n2-beta1__N0080__Aminus_0p0025,hm-m2-g2-L5p3-n2-beta1__N0080__Aplus_0p0025,hm-m2-g2-L5p3-n2-beta1,80,-0.0025,43,2.8487500000000003,1.002435308524977,1.0020214074699947
hm-m2-g2-L5p3-n2-beta1__N0080__Aminus_0p0025,hm-m2-g2-L5p3-n2-beta1__N0080__Aplus_0p0025,hm-m2-g2-L5p3-n2-beta1,80,-0.0025,44,2.915,1.0023813329096343,1.0019768436595258
hm-m2-g2-L5p3-n2-beta1__N0080__Aminus_0p0025,hm-m2-g2-L5p3-n2-beta1__N0080__Aplus_0p0025,hm-m2-g2-L5p3-n2-beta1,80,-0.0025,45,2.98125,1.002312530450645,1.0019200278122233
hm-m2-g2-L5p3-n2-beta1__N0080__Aminus_0p0025,hm-m2-g2-L5p3-n2-beta1__N0080__Aplus_0p0025,hm-m2-g2-L5p3-n2-beta1,80,-0.0025,46,3.0475000000000003,1.0022293413868502,1.001851315933813
hm-m2-g2-L5p3-n2-beta1__N0080__Aminus_0p0025,hm-m2-g2-L5p3-n2-beta1__N0080__Aplus_0p0025,hm-m2-g2-L5p3-n2-beta1,80,-0.0025,47,3.11375,1.0021322973780085,1.0017711383459034
hm-m2-g2-L5p3-n2-beta1__N0080__Aminus_0p0025,hm-m2-g2-L5p3-n2-beta1__N0080__Aplus_0p0025,hm-m2-g2-L5p3-n2-beta1,80,-0.0025,48,3.18,1.002022017755167,1.0016799968662533
hm-m2-g2-L5p3-n2-beta1__N0080__Aminus_0p0025,hm-m2-g2-L5p3-n2-beta1__N0080__Aplus_0p0025,hm-m2-g2-L5p3-n2-beta1,80,-0.0025,49,3.2462500000000003,1.001899205174744,1.001578461528315
hm-m2-g2-L5p3-n2-beta1__N0080__Aminus_0p0025,hm-m2-g2-L5p3-n2-beta1__N0080__Aplus_0p0025,hm-m2-g2-L5p3-n2-beta1,80,-0.0025,50,3.3125,1.0017646407166632,1.0014671668649915
hm-m2-g2-L5p3-n2-beta1__N0080__Aminus_0p0025,hm-m2-g2-L5p3-n2-beta1__N0080__Aplus_0p0025,hm-m2-g2-L5p3-n2-beta1,80,-0.0025,51,3.37875,1.0016191784713318,1.0013468077845942
hm-m2-g2-L5p3-n2-beta1__N0080__Aminus_0p0025,hm-m2-g2-L5p3-n2-beta1__N0080__Aplus_0p0025,hm-m2-g2-L5p3-n2-beta1,80,-0.0025,52,3.4450000000000003,1.0014637396640393,1.0012181350697447
hm-m2-g2-L5p3-n2-beta1__N0080__Aminus_0p0025,hm-m2-g2-L5p3-n2-beta1__N0080__Aplus_0p0025,hm-m2-g2-L5p3-n2-beta1,80,-0.0025,53,3.51125,1.0012993063684459,1.0010819505323962
hm-m2-g2-L5p3-n2-beta1__N0080__Aminus_0p0025,hm-m2-g2-L5p3-n2-beta1__N0080__Aplus_0p0025,hm-m2-g2-L5p3-n2-beta1,80,-0.0025,54,3.5775,1.0011269148631907,1.0009391018602387
hm-m2-g2-L5p3-n2-beta1__N0080__Aminus_0p0025,hm-m2-g2-L5p3-n2-beta1__N0080__Aplus_0p0025,hm-m2-g2-L5p3-n2-beta1,80,-0.0025,55,3.6437500000000003,1.0009476486872864,1.0007904771914728
hm-m2-g2-L5p3-n2-beta1__N0080__Aminus_0p0025,hm-m2-g2-L5p3-n2-beta1__N0080__Aplus_0p0025,hm-m2-g2-L5p3-n2-beta1,80,-0.0025,56,3.71,1.0007626314508884,1.0006369994563271
hm-m2-g2-L5p3-n2-beta1__N0080__Aminus_0p0025,hm-m2-g2-L5p3-n2-beta1__N0080__Aplus_0p0025,hm-m2-g2-L5p3-n2-beta1,80,-0.0025,57,3.77625,1.0005730194582554,1.0004796205246949
hm-m2-g2-L5p3-n2-beta1__N0080__Aminus_0p0025,hm-m2-g2-L5p3-n2-beta1__N0080__Aplus_0p0025,hm-m2-g2-L5p3-n2-beta1,80,-0.0025,58,3.8425000000000002,1.0003799941992855,1.0003193151999352
hm-m2-g2-L5p3-n2-beta1__N0080__Aminus_0p0025,hm-m2-g2-L5p3-n2-beta1__N0080__Aplus_0p0025,hm-m2-g2-L5p3-n2-beta1,80,-0.0025,59,3.9087500000000004,1.0001847547649871,1.0001570750992035
hm-m2-g2-L5p3-n2-beta1__N0080__Aminus_0p0025,hm-m2-g2-L5p3-n2-beta1__N0080__Aplus_0p0025,hm-m2-g2-L5p3-n2-beta1,80,-0.0025,60,3.975,0.9999885102406537,0.9999939024606604
hm-m2-g2-L5p3-n2-beta1__N0080__Aminus_0p0025,hm-m2-g2-L5p3-n2-beta1__N0080__Aplus_0p0025,hm-m2-g2-L5p3-n2-beta1,80,-0.0025,61,4.04125,0.9997924721284526,0.9998308039176006
hm-m2-g2-L5p3-n2-beta1__N0080__Aminus_0p0025,hm-m2-g2-L5p3-n2-beta1__N0080__Aplus_0p0025,hm-m2-g2-L5p3-n2-beta1,80,-0.0025,62,4.1075,0.99959784684866,0.9996687842789306
hm-m2-g2-L5p3-n2-beta1__N0080__Aminus_0p0025,hm-m2-g2-L5p3-n2-beta1__N0080__Aplus_0p0025,hm-m2-g2-L5p3-n2-beta1,80,-0.0025,63,4.17375,0.9994058283659667,0.9995088403545609
hm-m2-g2-L5p3-n2-beta1__N0080__Aminus_0p0025,hm-m2-g2-L5p3-n2-beta1__N0080__Aplus_0p0025,hm-m2-g2-L5p3-n2-beta1,80,-0.0025,64,4.24,0.9992175909841967,0.9993519548631707
hm-m2-g2-L5p3-n2-beta1__N0080__Aminus_0p0025,hm-m2-g2-L5p3-n2-beta1__N0080__Aplus_0p0025,hm-m2-g2-L5p3-n2-beta1,80,-0.0025,65,4.30625,0.9990342823495331,0.9991990904584886
hm-m2-g2-L5p3-n2-beta1__N0080__Aminus_0p0025,hm-m2-g2-L5p3-n2-beta1__N0080__Aplus_0p0025,hm-m2-g2-L5p3-n2-beta1,80,-0.0025,66,4.3725000000000005,0.9988570166989643,0.9990511839087364
hm-m2-g2-L5p3-n2-beta1__N0080__Aminus_0p0025,hm-m2-g2-L5p3-n2-beta1__N0080__Aplus_0p0025,hm-m2-g2-L5p3-n2-beta1,80,-0.0025,67,4.438750000000001,0.998686868387248,0.9989091404622291
hm-m2-g2-L5p3-n2-beta1__N0080__Aminus_0p0025,hm-m2-g2-L5p3-n2-beta1__N0080__Aplus_0p0025,hm-m2-g2-L5p3-n2-beta1,80,-0.0025,68,4.505,0.9985248657222936,0.9987738284303455
hm-m2-g2-L5p3-n2-beta1__N0080__Aminus_0p0025,hm-m2-g2-L5p3-n2-beta1__N0080__Aplus_0p0025,hm-m2-g2-L5p3-n2-beta1,80,-0.0025,69,4.57125,0.9983719851355365,0.9986460740171955
hm-m2-g2-L5p3-n2-beta1__N0080__Aminus_0p0025,hm-m2-g2-L5p3-n2-beta1__N0080__Aplus_0p0025,hm-m2-g2-L5p3-n2-beta1,80,-0.0025,70,4.6375,0.9982291457106763,0.9985266564233555
hm-m2-g2-L5p3-n2-beta1__N0080__Aminus_0p0025,hm-m2-g2-L5p3-n2-beta1__N0080__Aplus_0p0025,hm-m2-g2-L5p3-n2-beta1,80,-0.0025,71,4.70375,0.9980972040911195,0.9984163032490118
hm-m2-g2-L5p3-n2-beta1__N0080__Aminus_0p0025,hm-m2-g2-L5p3-n2-beta1__N0080__Aplus_0p0025,hm-m2-g2-L5p3-n2-beta1,80,-0.0025,72,4.7700000000000005,0.9979769497836226,0.9983156862198029
hm-m2-g2-L5p3-n2-beta1__N0080__Aminus_0p0025,hm-m2-g2-L5p3-n2-beta1__N0080__Aplus_0p0025,hm-m2-g2-L5p3-n2-beta1,80,-0.0025,73,4.836250000000001,0.9978691008730209,0.9982254172565668
hm-m2-g2-L5p3-n2-beta1__N0080__Aminus_0p0025,hm-m2-g2-L5p3-n2-beta1__N0080__Aplus_0p0025,hm-m2-g2-L5p3-n2-beta1,80,-0.0025,74,4.9025,0.9977743001605411,0.9981460449081047
hm-m2-g2-L5p3-n2-beta1__N0080__Aminus_0p0025,hm-m2-g2-L5p3-n2-beta1__N0080__Aplus_0p0025,hm-m2-g2-L5p3-n2-beta1,80,-0.0025,75,4.96875,0.997693111736062,0.9980780511640018
hm-m2-g2-L5p3-n2-beta1__N0080__Aminus_0p0025,hm-m2-g2-L5p3-n2-beta1__N0080__Aplus_0p0025,hm-m2-g2-L5p3-n2-beta1,80,-0.0025,76,5.035,0.9976260179927873,0.9980218486624572
hm-m2-g2-L5p3-n2-beta1__N0080__Aminus_0p0025,hm-m2-g2-L5p3-n2-beta1__N0080__Aplus_0p0025,hm-m2-g2-L5p3-n2-beta1,80,-0.0025,77,5.10125,0.9975734170911305,0.9979777783060276
hm-m2-g2-L5p3-n2-beta1__N0080__Aminus_0p0025,hm-m2-g2-L5p3-n2-beta1__N0080__Aplus_0p0025,hm-m2-g2-L5p3-n2-beta1,80,-0.0025,78,5.1675,0.997535620877161,0.9979461072961542
hm-m2-g2-L5p3-n2-beta1__N0080__Aminus_0p0025,hm-m2-g2-L5p3-n2-beta1__N0080__Aplus_0p0025,hm-m2-g2-L5p3-n2-beta1,80,-0.0025,79,5.233750000000001,0.9975128532597063,0.9979270275953246
hm-m2-g2-L5p3-n2-beta1__N0080__Aminus_0p0025,hm-m2-g2-L5p3-n2-beta1__N0080__Aplus_0p0025,hm-m2-g2-L5p3-n2-beta1,80,-0.0025,80,5.3,0.9975052490491118,0.9979206548237328
hm-m2-g2-L5p3-n2-beta1__N0080__Aplus_0p0025,hm-m2-g2-L5p3-n2-beta1__N0080__Aminus_0p0025,hm-m2-g2-L5p3-n2-beta1,80,0.0025,0,0.0,1.0025053040619654,1.0020791869306336
hm-m2-g2-L5p3-n2-beta1__N0080__Aplus_0p0025,hm-m2-g2-L5p3-n2-beta1__N0080__Aminus_0p0025,hm-m2-g2-L5p3-n2-beta1,80,0.0025,1,0.06625,1.0024974934211859,1.0020727400611364
hm-m2-g2-L5p3-n2-beta1__N0080__Aplus_0p0025,hm-m2-g2-L5p3-n2-beta1__N0080__Aminus_0p0025,hm-m2-g2-L5p3-n2-beta1,80,0.0025,2,0.1325,1.002474111596834,1.0020534398912155
hm-m2-g2-L5p3-n2-beta1__N0080__Aplus_0p0025,hm-m2-g2-L5p3-n2-beta1__N0080__Aminus_0p0025,hm-m2-g2-L5p3-n2-beta1,80,0.0025,3,0.19875,1.002435308524987,1.002021407470003
hm-m2-g2-L5p3-n2-beta1__N0080__Aplus_0p0025,hm-m2-g2-L5p3-n2-beta1__N0080__Aminus_0p0025,hm-m2-g2-L5p3-n2-beta1,80,0.0025,4,0.265,1.0023813329096438,1.0019768436595342
hm-m2-g2-L5p3-n2-beta1__N0080__Aplus_0p0025,hm-m2-g2-L5p3-n2-beta1__N0080__Aminus_0p0025,hm-m2-g2-L5p3-n2-beta1,80,0.0025,5,0.33125000000000004,1.0023125304506542,1.001920027812232
hm-m2-g2-L5p3-n2-beta1__N0080__Aplus_0p0025,hm-m2-g2-L5p3-n2-beta1__N0080__Aminus_0p0025,hm-m2-g2-L5p3-n2-beta1,80,0.0025,6,0.3975,1.0022293413868588,1.0018513159338216
hm-m2-g2-L5p3-n2-beta1__N0080__Aplus_0p0025,hm-m2-g2-L5p3-n2-beta1__N0080__Aminus_0p0025,hm-m2-g2-L5p3-n2-beta1,80,0.0025,7,0.46375,1.0021322973780165,1.0017711383459122
hm-m2-g2-L5p3-n2-beta1__N0080__Aplus_0p0025,hm-m2-g2-L5p3-n2-beta1__N0080__Aminus_0p0025,hm-m2-g2-L5p3-n2-beta1,80,0.0025,8,0.53,1.0020220177551742,1.0016799968662622
hm-m2-g2-L5p3-n2-beta1__N0080__Aplus_0p0025,hm-m2-g2-L5p3-n2-beta1__N0080__Aminus_0p0025,hm-m2-g2-L5p3-n2-beta1,80,0.0025,9,0.5962500000000001,1.0018992051747504,1.0015784615283236
hm-m2-g2-L5p3-n2-beta1__N0080__Aplus_0p0025,hm-m2-g2-L5p3-n2-beta1__N0080__Aminus_0p0025,hm-m2-g2-L5p3-n2-beta1,80,0.0025,10,0.6625000000000001,1.001764640716669,1.0014671668650001
hm-m2-g2-L5p3-n2-beta1__N0080__Aplus_0p0025,hm-m2-g2-L5p3-n2-beta1__N0080__Aminus_0p0025,hm-m2-g2-L5p3-n2-beta1,80,0.0025,11,0.72875,1.001619178471337,1.0013468077846028
hm-m2-g2-L5p3-n2-beta1__N0080__Aplus_0p0025,hm-m2-g2-L5p3-n2-beta1__N0080__Aminus_0p0025,hm-m2-g2-L5p3-n2-beta1,80,0.0025,12,0.795,1.0014637396640438,1.001218135069753
hm-m2-g2-L5p3-n2-beta1__N0080__Aplus_0p0025,hm-m2-g2-L5p3-n2-beta1__N0080__Aminus_0p0025,hm-m2-g2-L5p3-n2-beta1,80,0.0025,13,0.8612500000000001,1.0012993063684499,1.0010819505324047
hm-m2-g2-L5p3-n2-beta1__N0080__Aplus_0p0025,hm-m2-g2-L5p3-n2-beta1__N0080__Aminus_0p0025,hm-m2-g2-L5p3-n2-beta1,80,0.0025,14,0.9275,1.0011269148631943,1.0009391018602471
hm-m2-g2-L5p3-n2-beta1__N0080__Aplus_0p0025,hm-m2-g2-L5p3-n2-beta1__N0080__Aminus_0p0025,hm-m2-g2-L5p3-n2-beta1,80,0.0025,15,0.99375,1.0009476486872895,1.0007904771914815
hm-m2-g2-L5p3-n2-beta1__N0080__Aplus_0p0025,hm-m2-g2-L5p3-n2-beta1__N0080__Aminus_0p0025,hm-m2-g2-L5p3-n2-beta1,80,0.0025,16,1.06,1.0007626314508913,1.000636999456336
hm-m2-g2-L5p3-n2-beta1__N0080__Aplus_0p0025,hm-m2-g2-L5p3-n2-beta1__N0080__Aminus_0p0025,hm-m2-g2-L5p3-n2-beta1,80,0.0025,17,1.12625,1.0005730194582578,1.0004796205247035
hm-m2-g2-L5p3-n2-beta1__N0080__Aplus_0p0025,hm-m2-g2-L5p3-n2-beta1__N0080__Aminus_0p0025,hm-m2-g2-L5p3-n2-beta1,80,0.0025,18,1.1925000000000001,1.0003799941992877,1.000319315199944
hm-m2-g2-L5p3-n2-beta1__N0080__Aplus_0p0025,hm-m2-g2-L5p3-n2-beta1__N0080__Aminus_0p0025,hm-m2-g2-L5p3-n2-beta1,80,0.0025,19,1.25875,1.0001847547649894,1.0001570750992126
hm-m2-g2-L5p3-n2-beta1__N0080__Aplus_0p0025,hm-m2-g2-L5p3-n2-beta1__N0080__Aminus_0p0025,hm-m2-g2-L5p3-n2-beta1,80,0.0025,20,1.3250000000000002,0.9999885102406558,0.9999939024606698
hm-m2-g2-L5p3-n2-beta1__N0080__Aplus_0p0025,hm-m2-g2-L5p3-n2-beta1__N0080__Aminus_0p0025,hm-m2-g2-L5p3-n2-beta1,80,0.0025,21,1.39125,0.9997924721284546,0.99983080391761
hm-m2-g2-L5p3-n2-beta1__N0080__Aplus_0p0025,hm-m2-g2-L5p3-n2-beta1__N0080__Aminus_0p0025,hm-m2-g2-L5p3-n2-beta1,80,0.0025,22,1.4575,0.9995978468486623,0.9996687842789401
hm-m2-g2-L5p3-n2-beta1__N0080__Aplus_0p0025,hm-m2-g2-L5p3-n2-beta1__N0080__Aminus_0p0025,hm-m2-g2-L5p3-n2-beta1,80,0.0025,23,1.5237500000000002,0.999405828365969,0.9995088403545704
hm-m2-g2-L5p3-n2-beta1__N0080__Aplus_0p0025,hm-m2-g2-L5p3-n2-beta1__N0080__Aminus_0p0025,hm-m2-g2-L5p3-n2-beta1,80,0.0025,24,1.59,0.999217590984199,0.9993519548631802
hm-m2-g2-L5p3-n2-beta1__N0080__Aplus_0p0025,hm-m2-g2-L5p3-n2-beta1__N0080__Aminus_0p0025,hm-m2-g2-L5p3-n2-beta1,80,0.0025,25,1.65625,0.9990342823495358,0.999199090458498
hm-m2-g2-L5p3-n2-beta1__N0080__Aplus_0p0025,hm-m2-g2-L5p3-n2-beta1__N0080__Aminus_0p0025,hm-m2-g2-L5p3-n2-beta1,80,0.0025,26,1.7225000000000001,0.9988570166989673,0.9990511839087456
hm-m2-g2-L5p3-n2-beta1__N0080__Aplus_0p0025,hm-m2-g2-L5p3-n2-beta1__N0080__Aminus_0p0025,hm-m2-g2-L5p3-n2-beta1,80,0.0025,27,1.78875,0.9986868683872514,0.9989091404622384
hm-m2-g2-L5p3-n2-beta1__N0080__Aplus_0p0025,hm-m2-g2-L5p3-n2-beta1__N0080__Aminus_0p0025,hm-m2-g2-L5p3-n2-beta1,80,0.0025,28,1.855,0.9985248657222976,0.9987738284303548
hm-m2-g2-L5p3-n2-beta1__N0080__Aplus_0p0025,hm-m2-g2-L5p3-n2-beta1__N0080__Aminus_0p0025,hm-m2-g2-L5p3-n2-beta1,80,0.0025,29,1.9212500000000001,0.9983719851355409,0.9986460740172051
hm-m2-g2-L5p3-n2-beta1__N0080__Aplus_0p0025,hm-m2-g2-L5p3-n2-beta1__N0080__Aminus_0p0025,hm-m2-g2-L5p3-n2-beta1,80,0.0025,30,1.9875,0.9982291457106814,0.9985266564233648
hm-m2-g2-L5p3-n2-beta1__N0080__Aplus_0p0025,hm-m2-g2-L5p3-n2-beta1__N0080__Aminus_0p0025,hm-m2-g2-L5p3-n2-beta1,80,0.0025,31,2.05375,0.9980972040911252,0.9984163032490209
hm-m2-g2-L5p3-n2-beta1__N0080__Aplus_0p0025,hm-m2-g2-L5p3-n2-beta1__N0080__Aminus_0p0025,hm-m2-g2-L5p3-n2-beta1,80,0.0025,32,2.12,0.997976949783629,0.9983156862198121
hm-m2-g2-L5p3-n2-beta1__N0080__Aplus_0p0025,hm-m2-g2-L5p3-n2-beta1__N0080__Aminus_0p0025,hm-m2-g2-L5p3-n2-beta1,80,0.0025,33,2.1862500000000002,0.9978691008730279,0.9982254172565757
hm-m2-g2-L5p3-n2-beta1__N0080__Aplus_0p0025,hm-m2-g2-L5p3-n2-beta1__N0080__Aminus_0p0025,hm-m2-g2-L5p3-n2-beta1,80,0.0025,34,2.2525,0.9977743001605487,0.9981460449081134
hm-m2-g2-L5p3-n2-beta1__N0080__Aplus_0p0025,hm-m2-g2-L5p3-n2-beta1__N0080__Aminus_0p0025,hm-m2-g2-L5p3-n2-beta1,80,0.0025,35,2.31875,0.9976931117360701,0.9980780511640104
hm-m2-g2-L5p3-n2-beta1__N0080__Aplus_0p0025,hm-m2-g2-L5p3-n2-beta1__N0080__Aminus_0p0025,hm-m2-g2-L5p3-n2-beta1,80,0.0025,36,2.3850000000000002,0.9976260179927957,0.9980218486624655
hm-m2-g2-L5p3-n2-beta1__N0080__Aplus_0p0025,hm-m2-g2-L5p3-n2-beta1__N0080__Aminus_0p0025,hm-m2-g2-L5p3-n2-beta1,80,0.0025,37,2.45125,0.9975734170911391,0.9979777783060356
hm-m2-g2-L5p3-n2-beta1__N0080__Aplus_0p0025,hm-m2-g2-L5p3-n2-beta1__N0080__Aminus_0p0025,hm-m2-g2-L5p3-n2-beta1,80,0.0025,38,2.5175,0.9975356208771698,0.9979461072961622
hm-m2-g2-L5p3-n2-beta1__N0080__Aplus_0p0025,hm-m2-g2-L5p3-n2-beta1__N0080__Aminus_0p0025,hm-m2-g2-L5p3-n2-beta1,80,0.0025,39,2.58375,0.9975128532597153,0.9979270275953324
hm-m2-g2-L5p3-n2-beta1__N0080__Aplus_0p0025,hm-m2-g2-L5p3-n2-beta1__N0080__Aminus_0p0025,hm-m2-g2-L5p3-n2-beta1,80,0.0025,40,2.6500000000000004,0.9975052490491207,0.9979206548237404
hm-m2-g2-L5p3-n2-beta1__N0080__Aplus_0p0025,hm-m2-g2-L5p3-n2-beta1__N0080__Aminus_0p0025,hm-m2-g2-L5p3-n2-beta1,80,0.0025,41,2.71625,0.9975128532597152,0.997927027595332
hm-m2-g2-L5p3-n2-beta1__N0080__Aplus_0p0025,hm-m2-g2-L5p3-n2-beta1__N0080__Aminus_0p0025,hm-m2-g2-L5p3-n2-beta1,80,0.0025,42,2.7825,0.9975356208771696,0.9979461072961612
hm-m2-g2-L5p3-n2-beta1__N0080__Aplus_0p0025,hm-m2-g2-L5p3-n2-beta1__N0080__Aminus_0p0025,hm-m2-g2-L5p3-n2-beta1,80,0.0025,43,2.8487500000000003,0.9975734170911387,0.9979777783060342
hm-m2-g2-L5p3-n2-beta1__N0080__Aplus_0p0025,hm-m2-g2-L5p3-n2-beta1__N0080__Aminus_0p0025,hm-m2-g2-L5p3-n2-beta1,80,0.0025,44,2.915,0.9976260179927952,0.9980218486624635
hm-m2-g2-L5p3-n2-beta1__N0080__Aplus_0p0025,hm-m2-g2-L5p3-n2-beta1__N0080__Aminus_0p0025,hm-m2-g2-L5p3-n2-beta1,80,0.0025,45,2.98125,0.9976931117360693,0.9980780511640077
hm-m2-g2-L5p3-n2-beta1__N0080__Aplus_0p0025,hm-m2-g2-L5p3-n2-beta1__N0080__Aminus_0p0025,hm-m2-g2-L5p3-n2-beta1,80,0.0025,46,3.0475000000000003,0.9977743001605478,0.99814604490811
hm-m2-g2-L5p3-n2-beta1__N0080__Aplus_0p0025,hm-m2-g2-L5p3-n2-beta1__N0080__Aminus_0p0025,hm-m2-g2-L5p3-n2-beta1,80,0.0025,47,3.11375,0.9978691008730269,0.9982254172565715
hm-m2-g2-L5p3-n2-beta1__N0080__Aplus_0p0025,hm-m2-g2-L5p3-n2-beta1__N0080__Aminus_0p0025,hm-m2-g2-L5p3-n2-beta1,80,0.0025,48,3.18,0.9979769497836278,0.9983156862198073
hm-m2-g2-L5p3-n2-beta1__N0080__Aplus_0p0025,hm-m2-g2-L5p3-n2-beta1__N0080__Aminus_0p0025,hm-m2-g2-L5p3-n2-beta1,80,0.0025,49,3.2462500000000003,0.9980972040911238,0.9984163032490154
hm-m2-g2-L5p3-n2-beta1__N0080__Aplus_0p0025,hm-m2-g2-L5p3-n2-beta1__N0080__Aminus_0p0025,hm-m2-g2-L5p3-n2-beta1,80,0.0025,50,3.3125,0.9982291457106799,0.9985266564233586
hm-m2-g2-L5p3-n2-beta1__N0080__Aplus_0p0025,hm-m2-g2-L5p3-n2-beta1__N0080__Aminus_0p0025,hm-m2-g2-L5p3-n2-beta1,80,0.0025,51,3.37875,0.9983719851355392,0.9986460740171981
hm-m2-g2-L5p3-n2-beta1__N0080__Aplus_0p0025,hm-m2-g2-L5p3-n2-beta1__N0080__Aminus_0p0025,hm-m2-g2-L5p3-n2-beta1,80,0.0025,52,3.4450000000000003,0.9985248657222956,0.9987738284303475
hm-m2-g2-L5p3-n2-beta1__N0080__Aplus_0p0025,hm-m2-g2-L5p3-n2-beta1__N0080__Aminus_0p0025,hm-m2-g2-L5p3-n2-beta1,80,0.0025,53,3.51125,0.9986868683872492,0.9989091404622304
hm-m2-g2-L5p3-n2-beta1__N0080__Aplus_0p0025,hm-m2-g2-L5p3-n2-beta1__N0080__Aminus_0p0025,hm-m2-g2-L5p3-n2-beta1,80,0.0025,54,3.5775,0.9988570166989648,0.999051183908737
hm-m2-g2-L5p3-n2-beta1__N0080__Aplus_0p0025,hm-m2-g2-L5p3-n2-beta1__N0080__Aminus_0p0025,hm-m2-g2-L5p3-n2-beta1,80,0.0025,55,3.6437500000000003,0.9990342823495328,0.9991990904584888
hm-m2-g2-L5p3-n2-beta1__N0080__Aplus_0p0025,hm-m2-g2-L5p3-n2-beta1__N0080__Aminus_0p0025,hm-m2-g2-L5p3-n2-beta1,80,0.0025,56,3.71,0.9992175909841957,0.9993519548631705
hm-m2-g2-L5p3-n2-beta1__N0080__Aplus_0p0025,hm-m2-g2-L5p3-n2-beta1__N0080__Aminus_0p0025,hm-m2-g2-L5p3-n2-beta1,80,0.0025,57,3.77625,0.9994058283659653,0.9995088403545603
hm-m2-g2-L5p3-n2-beta1__N0080__Aplus_0p0025,hm-m2-g2-L5p3-n2-beta1__N0080__Aminus_0p0025,hm-m2-g2-L5p3-n2-beta1,80,0.0025,58,3.8425000000000002,0.999597846848658,0.9996687842789296
hm-m2-g2-L5p3-n2-beta1__N0080__Aplus_0p0025,hm-m2-g2-L5p3-n2-beta1__N0080__Aminus_0p0025,hm-m2-g2-L5p3-n2-beta1,80,0.0025,59,3.9087500000000004,0.9997924721284499,0.999830803917599
hm-m2-g2-L5p3-n2-beta1__N0080__Aplus_0p0025,hm-m2-g2-L5p3-n2-beta1__N0080__Aminus_0p0025,hm-m2-g2-L5p3-n2-beta1,80,0.0025,60,3.975,0.9999885102406506,0.9999939024606582
hm-m2-g2-L5p3-n2-beta1__N0080__Aplus_0p0025,hm-m2-g2-L5p3-n2-beta1__N0080__Aminus_0p0025,hm-m2-g2-L5p3-n2-beta1,80,0.0025,61,4.04125,1.0001847547649834,1.0001570750992006
hm-m2-g2-L5p3-n2-beta1__N0080__Aplus_0p0025,hm-m2-g2-L5p3-n2-beta1__N0080__Aminus_0p0025,hm-m2-g2-L5p3-n2-beta1,80,0.0025,62,4.1075,1.0003799941992813,1.0003193151999317
hm-m2-g2-L5p3-n2-beta1__N0080__Aplus_0p0025,hm-m2-g2-L5p3-n2-beta1__N0080__Aminus_0p0025,hm-m2-g2-L5p3-n2-beta1,80,0.0025,63,4.17375,1.0005730194582507,1.0004796205246906
hm-m2-g2-L5p3-n2-beta1__N0080__Aplus_0p0025,hm-m2-g2-L5p3-n2-beta1__N0080__Aminus_0p0025,hm-m2-g2-L5p3-n2-beta1,80,0.0025,64,4.24,1.0007626314508835,1.000636999456323
hm-m2-g2-L5p3-n2-beta1__N0080__Aplus_0p0025,hm-m2-g2-L5p3-n2-beta1__N0080__Aminus_0p0025,hm-m2-g2-L5p3-n2-beta1,80,0.0025,65,4.30625,1.000947648687281,1.0007904771914684
hm-m2-g2-L5p3-n2-beta1__N0080__Aplus_0p0025,hm-m2-g2-L5p3-n2-beta1__N0080__Aminus_0p0025,hm-m2-g2-L5p3-n2-beta1,80,0.0025,66,4.3725000000000005,1.0011269148631852,1.000939101860234
hm-m2-g2-L5p3-n2-beta1__N0080__Aplus_0p0025,hm-m2-g2-L5p3-n2-beta1__N0080__Aminus_0p0025,hm-m2-g2-L5p3-n2-beta1,80,0.0025,67,4.438750000000001,1.0012993063684401,1.0010819505323911
hm-m2-g2-L5p3-n2-beta1__N0080__Aplus_0p0025,hm-m2-g2-L5p3-n2-beta1__N0080__Aminus_0p0025,hm-m2-g2-L5p3-n2-beta1,80,0.0025,68,4.505,1.0014637396640333,1.0012181350697393
hm-m2-g2-L5p3-n2-beta1__N0080__Aplus_0p0025,hm-m2-g2-L5p3-n2-beta1__N0080__Aminus_0p0025,hm-m2-g2-L5p3-n2-beta1,80,0.0025,69,4.57125,1.001619178471326,1.0013468077845888
hm-m2-g2-L5p3-n2-beta1__N0080__Aplus_0p0025,hm-m2-g2-L5p3-n2-beta1__N0080__Aminus_0p0025,hm-m2-g2-L5p3-n2-beta1,80,0.0025,70,4.6375,1.0017646407166574,1.001467166864986
hm-m2-g2-L5p3-n2-beta1__N0080__Aplus_0p0025,hm-m2-g2-L5p3-n2-beta1__N0080__Aminus_0p0025,hm-m2-g2-L5p3-n2-beta1,80,0.0025,71,4.70375,1.0018992051747382,1.0015784615283092
hm-m2-g2-L5p3-n2-beta1__N0080__Aplus_0p0025,hm-m2-g2-L5p3-n2-beta1__N0080__Aminus_0p0025,hm-m2-g2-L5p3-n2-beta1,80,0.0025,72,4.7700000000000005,1.0020220177551615,1.0016799968662473
hm-m2-g2-L5p3-n2-beta1__N0080__Aplus_0p0025,hm-m2-g2-L5p3-n2-beta1__N0080__Aminus_0p0025,hm-m2-g2-L5p3-n2-beta1,80,0.0025,73,4.836250000000001,1.0021322973780031,1.0017711383458974
hm-m2-g2-L5p3-n2-beta1__N0080__Aplus_0p0025,hm-m2-g2-L5p3-n2-beta1__N0080__Aminus_0p0025,hm-m2-g2-L5p3-n2-beta1,80,0.0025,74,4.9025,1.002229341386845,1.0018513159338065
hm-m2-g2-L5p3-n2-beta1__N0080__Aplus_0p0025,hm-m2-g2-L5p3-n2-beta1__N0080__Aminus_0p0025,hm-m2-g2-L5p3-n2-beta1,80,0.0025,75,4.96875,1.0023125304506402,1.0019200278122167
hm-m2-g2-L5p3-n2-beta1__N0080__Aplus_0p0025,hm-m2-g2-L5p3-n2-beta1__N0080__Aminus_0p0025,hm-m2-g2-L5p3-n2-beta1,80,0.0025,76,5.035,1.0023813329096294,1.001976843659519
hm-m2-g2-L5p3-n2-beta1__N0080__Aplus_0p0025,hm-m2-g2-L5p3-n2-beta1__N0080__Aminus_0p0025,hm-m2-g2-L5p3-n2-beta1,80,0.0025,77,5.10125,1.0024353085249724,1.0020214074699876
hm-m2-g2-L5p3-n2-beta1__N0080__Aplus_0p0025,hm-m2-g2-L5p3-n2-beta1__N0080__Aminus_0p0025,hm-m2-g2-L5p3-n2-beta1,80,0.0025,78,5.1675,1.0024741115968194,1.0020534398912
hm-m2-g2-L5p3-n2-beta1__N0080__Aplus_0p0025,hm-m2-g2-L5p3-n2-beta1__N0080__Aminus_0p0025,hm-m2-g2-L5p3-n2-beta1,80,0.0025,79,5.233750000000001,1.002497493421171,1.002072740061121
hm-m2-g2-L5p3-n2-beta1__N0080__Aplus_0p0025,hm-m2-g2-L5p3-n2-beta1__N0080__Aminus_0p0025,hm-m2-g2-L5p3-n2-beta1,80,0.0025,80,5.3,1.0025053040619505,1.002079186930618
hm-m2-g2-L5p3-n2-beta1__N0080__Aplus_0p005,hm-m2-g2-L5p3-n2-beta1__N0080__Aminus_0p005,hm-m2-g2-L5p3-n2-beta1,80,0.005,0,0.0,1.0050213272354676,1.0041582624907381
hm-m2-g2-L5p3-n2-beta1__N0080__Aplus_0p005,hm-m2-g2-L5p3-n2-beta1__N0080__Aminus_0p005,hm-m2-g2-L5p3-n2-beta1,80,0.005,1,0.06625,1.005005494904349,1.004145293676338
hm-m2-g2-L5p3-n2-beta1__N0080__Aplus_0p005,hm-m2-g2-L5p3-n2-beta1__N0080__Aminus_0p005,hm-m2-g2-L5p3-n2-beta1,80,0.005,2,0.1325,1.0049581034481367,1.0041064699871372
hm-m2-g2-L5p3-n2-beta1__N0080__Aplus_0p005,hm-m2-g2-L5p3-n2-beta1__N0080__Aminus_0p005,hm-m2-g2-L5p3-n2-beta1,80,0.005,3,0.19875,1.0048794686227884,1.004042039104133
hm-m2-g2-L5p3-n2-beta1__N0080__Aplus_0p005,hm-m2-g2-L5p3-n2-beta1__N0080__Aminus_0p005,hm-m2-g2-L5p3-n2-beta1,80,0.005,4,0.265,1.0047701138475404,1.0039524118977512
hm-m2-g2-L5p3-n2-beta1__N0080__Aplus_0p005,hm-m2-g2-L5p3-n2-beta1__N0080__Aminus_0p005,hm-m2-g2-L5p3-n2-beta1,80,0.005,5,0.33125000000000004,1.0046307659816787,1.0038381595499293
hm-m2-g2-L5p3-n2-beta1__N0080__Aplus_0p005,hm-m2-g2-L5p3-n2-beta1__N0080__Aminus_0p005,hm-m2-g2-L5p3-n2-beta1,80,0.005,6,0.3975,1.0044623494868037,1.003700009562596
hm-m2-g2-L5p3-n2-beta1__N0080__Aplus_0p005,hm-m2-g2-L5p3-n2-beta1__N0080__Aminus_0p005,hm-m2-g2-L5p3-n2-beta1,80,0.005,7,0.46375,1.0042659790474127,1.0035388406894117
hm-m2-g2-L5p3-n2-beta1__N0080__Aplus_0p005,hm-m2-g2-L5p3-n2-beta1__N0080__Aminus_0p005,hm-m2-g2-L5p3-n2-beta1,80,0.005,8,0.53,1.0040429507407262,1.0033556768371723
hm-m2-g2-L5p3-n2-beta1__N0080__Aplus_0p005,hm-m2-g2-L5p3-n2-beta1__N0080__Aminus_0p005,hm-m2-g2-L5p3-n2-beta1,80,0.005,9,0.5962500000000001,1.00379473186285,1.0031516799921252
hm-m2-g2-L5p3-n2-beta1__N0080__Aplus_0p005,hm-m2-g2-L5p3-n2-beta1__N0080__Aminus_0p005,hm-m2-g2-L5p3-n2-beta1,80,0.005,10,0.6625000000000001,1.003522949532327,1.0029281422344543
hm-m2-g2-L5p3-n2-beta1__N0080__Aplus_0p005,hm-m2-g2-L5p3-n2-beta1__N0080__Aminus_0p005,hm-m2-g2-L5p3-n2-beta1,80,0.005,11,0.72875,1.0032293782036437,1.00268647691128
hm-m2-g2-L5p3-n2-beta1__N0080__Aplus_0p005,hm-m2-g2-L5p3-n2-beta1__N0080__Aminus_0p005,hm-m2-g2-L5p3-n2-beta1,80,0.005,12,0.795,1.0029159262321559,1.0024282090446086
hm-m2-g2-L5p3-n2-beta1__N0080__Aplus_0p005,hm-m2-g2-L5p3-n2-beta1__N0080__Aminus_0p005,hm-m2-g2-L5p3-n2-beta1,80,0.005,13,0.8612500000000001,1.002584621638123,1.0021549650556842
hm-m2-g2-L5p3-n2-beta1__N0080__Aplus_0p005,hm-m2-g2-L5p3-n2-beta1__N0080__Aminus_0p005,hm-m2-g2-L5p3-n2-beta1,80,0.005,14,0.9275,1.0022375972210447,1.0018684618911395
hm-m2-g2-L5p3-n2-beta1__N0080__Aplus_0p005,hm-m2-g2-L5p3-n2-beta1__N0080__Aminus_0p005,hm-m2-g2-L5p3-n2-beta1,80,0.005,15,0.99375,1.0018770751763937,1.0015704956391687
hm-m2-g2-L5p3-n2-beta1__N0080__Aplus_0p005,hm-m2-g2-L5p3-n2-beta1__N0080__Aminus_0p005,hm-m2-g2-L5p3-n2-beta1,80,0.005,16,1.06,1.0015053513651986,1.0012629297257092
hm-m2-g2-L5p3-n2-beta1__N0080__Aplus_0p005,hm-m2-g2-L5p3-n2-beta1__N0080__Aminus_0p005,hm-m2-g2-L5p3-n2-beta1,80,0.005,17,1.12625,1.0011247793829952,1.0009476827813177
hm-m2-g2-L5p3-n2-beta1__N0080__Aplus_0p005,hm-m2-g2-L5p3-n2-beta1__N0080__Aminus_0p005,hm-m2-g2-L5p3-n2-beta1,80,0.005,18,1.1925000000000001,1.0007377545686347,1.0006267162691336
hm-m2-g2-L5p3-n2-beta1__N0080__Aplus_0p005,hm-m2-g2-L5p3-n2-beta1__N0080__Aminus_0p005,hm-m2-g2-L5p3-n2-beta1,80,0.005,19,1.25875,1.000346698085587,1.0003020219631147
hm-m2-g2-L5p3-n2-beta1__N0080__Aplus_0p005,hm-m2-g2-L5p3-n2-beta1__N0080__Aminus_0p005,hm-m2-g2-L5p3-n2-beta1,80,0.005,20,1.3250000000000002,0.9999540411990314,0.9999756093636726
hm-m2-g2-L5p3-n2-beta1__N0080__Aplus_0p005,hm-m2-g2-L5p3-n2-beta1__N0080__Aminus_0p005,hm-m2-g2-L5p3-n2-beta1,80,0.005,21,1.39125,0.9995622098614814,0.9996494931350325
hm-m2-g2-L5p3-n2-beta1__N0080__Aplus_0p005,hm-m2-g2-L5p3-n2-beta1__N0080__Aminus_0p005,hm-m2-g2-L5p3-n2-beta1,80,0.005,22,1.4575,0.999173609708272,0.9993256806452065
hm-m2-g2-L5p3-n2-beta1__N0080__Aplus_0p005,hm-m2-g2-L5p3-n2-beta1__N0080__Aminus_0p005,hm-m2-g2-L5p3-n2-beta1,80,0.005,23,1.5237500000000002,0.9987906115522899,0.9990061596854842
hm-m2-g2-L5p3-n2-beta1__N0080__Aplus_0p005,hm-m2-g2-L5p3-n2-beta1__N0080__Aminus_0p005,hm-m2-g2-L5p3-n2-beta1,80,0.005,24,1.59,0.9984155374551287,0.9986928864419418
hm-m2-g2-L5p3-n2-beta1__N0080__Aplus_0p005,hm-m2-g2-L5p3-n2-beta1__N0080__Aminus_0p005,hm-m2-g2-L5p3-n2-beta1,80,0.005,25,1.65625,0.9980506474397182,0.998387773786739
hm-m2-g2-L5p3-n2-beta1__N0080__Aplus_0p005,hm-m2-g2-L5p3-n2-beta1__N0080__Aminus_0p005,hm-m2-g2-L5p3-n2-beta1,80,0.005,26,1.7225000000000001,0.9976981268976584,0.9980926799520361
hm-m2-g2-L5p3-n2-beta1__N0080__Aplus_0p005,hm-m2-g2-L5p3-n2-beta1__N0080__Aminus_0p005,hm-m2-g2-L5p3-n2-beta1,80,0.005,27,1.78875,0.9973600747332286,0.9978093976442881
hm-m2-g2-L5p3-n2-beta1__N0080__Aplus_0p005,hm-m2-g2-L5p3-n2-beta1__N0080__Aminus_0p005,hm-m2-g2-L5p3-n2-beta1,80,0.005,28,1.855,0.9970384922755304,0.9975396436515926
hm-m2-g2-L5p3-n2-beta1__N0080__Aplus_0p005,hm-m2-g2-L5p3-n2-beta1__N0080__Aminus_0p005,hm-m2-g2-L5p3-n2-beta1,80,0.005,29,1.9212500000000001,0.9967352729806346,0.9972850489917101
hm-m2-g2-L5p3-n2-beta1__N0080__Aplus_0p005,hm-m2-g2-L5p3-n2-beta1__N0080__Aminus_0p005,hm-m2-g2-L5p3-n2-beta1,80,0.005,30,1.9875,0.9964521929370592,0.9970471496434641
hm-m2-g2-L5p3-n2-beta1__N0080__Aplus_0p005,hm-m2-g2-L5p3-n2-beta1__N0080__Aminus_0p005,hm-m2-g2-L5p3-n2-beta1,80,0.005,31,2.05375,0.996190902180496,0.9968273778994803
hm-m2-g2-L5p3-n2-beta1__N0080__Aplus_0p005,hm-m2-g2-L5p3-n2-beta1__N0080__Aminus_0p005,hm-m2-g2-L5p3-n2-beta1,80,0.005,32,2.12,0.9959529168174917,0.9966270543737046
hm-m2-g2-L5p3-n2-beta1__N0080__Aplus_0p005,hm-m2-g2-L5p3-n2-beta1__N0080__Aminus_0p005,hm-m2-g2-L5p3-n2-beta1,80,0.005,33,2.1862500000000002,0.9957396119527917,0.9964473806928895
hm-m2-g2-L5p3-n2-beta1__N0080__Aplus_0p005,hm-m2-g2-L5p3-n2-beta1__N0080__Aminus_0p005,hm-m2-g2-L5p3-n2-beta1,80,0.005,34,2.2525,0.9955522154112664,0.9962894328972614
hm-m2-g2-L5p3-n2-beta1__N0080__Aplus_0p005,hm-m2-g2-L5p3-n2-beta1__N0080__Aminus_0p005,hm-m2-g2-L5p3-n2-beta1,80,0.005,35,2.31875,0.9953918022427195,0.9961541555719101
hm-m2-g2-L5p3-n2-beta1__N0080__Aplus_0p005,hm-m2-g2-L5p3-n2-beta1__N0080__Aminus_0p005,hm-m2-g2-L5p3-n2-beta1,80,0.005,36,2.3850000000000002,0.9952592899963797,0.996042356727059
hm-m2-g2-L5p3-n2-beta1__N0080__Aplus_0p005,hm-m2-g2-L5p3-n2-beta1__N0080__Aminus_0p005,hm-m2-g2-L5p3-n2-beta1,80,0.005,37,2.45125,0.9951554347513909,0.995954703442286
hm-m2-g2-L5p3-n2-beta1__N0080__Aplus_0p005,hm-m2-g2-L5p3-n2-beta1__N0080__Aminus_0p005,hm-m2-g2-L5p3-n2-beta1,80,0.005,38,2.5175,0.9950808278900727,0.9958917182869393
hm-m2-g2-L5p3-n2-beta1__N0080__Aplus_0p005,hm-m2-g2-L5p3-n2-beta1__N0080__Aminus_0p005,hm-m2-g2-L5p3-n2-beta1,80,0.005,39,2.58375,0.9950358936019786,0.9958537765264137
hm-m2-g2-L5p3-n2-beta1__N0080__Aplus_0p005,hm-m2-g2-L5p3-n2-beta1__N0080__Aminus_0p005,hm-m2-g2-L5p3-n2-beta1,80,0.005,40,2.6500000000000004,0.9950208871087173,0.9958411041215741
hm-m2-g2-L5p3-n2-beta1__N0080__Aplus_0p005,hm-m2-g2-L5p3-n2-beta1__N0080__Aminus_0p005,hm-m2-g2-L5p3-n2-beta1,80,0.005,41,2.71625,0.9950358936019783,0.9958537765264129
hm-m2-g2-L5p3-n2-beta1__N0080__Aplus_0p005,hm-m2-g2-L5p3-n2-beta1__N0080__Aminus_0p005,hm-m2-g2-L5p3-n2-beta1,80,0.005,42,2.7825,0.995080827890072,0.9958917182869378
hm-m2-g2-L5p3-n2-beta1__N0080__Aplus_0p005,hm-m2-g2-L5p3-n2-beta1__N0080__Aminus_0p005,hm-m2-g2-L5p3-n2-beta1,80,0.005,43,2.8487500000000003,0.9951554347513899,0.9959547034422834
hm-m2-g2-L5p3-n2-beta1__N0080__Aplus_0p005,hm-m2-g2-L5p3-n2-beta1__N0080__Aminus_0p005,hm-m2-g2-L5p3-n2-beta1,80,0.005,44,2.915,0.9952592899963784,0.9960423567270557
hm-m2-g2-L5p3-n2-beta1__N0080__Aplus_0p005,hm-m2-g2-L5p3-n2-beta1__N0080__Aminus_0p005,hm-m2-g2-L5p3-n2-beta1,80,0.005,45,2.98125,0.9953918022427177,0.9961541555719058
hm-m2-g2-L5p3-n2-beta1__N0080__Aplus_0p005,hm-m2-g2-L5p3-n2-beta1__N0080__Aminus_0p005,hm-m2-g2-L5p3-n2-beta1,80,0.005,46,3.0475000000000003,0.9955522154112643,0.9962894328972561
hm-m2-g2-L5p3-n2-beta1__N0080__Aplus_0p005,hm-m2-g2-L5p3-n2-beta1__N0080__Aminus_0p005,hm-m2-g2-L5p3-n2-beta1,80,0.005,47,3.11375,0.9957396119527893,0.9964473806928832
hm-m2-g2-L5p3-n2-beta1__N0080__Aplus_0p005,hm-m2-g2-L5p3-n2-beta1__N0080__Aminus_0p005,hm-m2-g2-L5p3-n2-beta1,80,0.005,48,3.18,0.9959529168174888,0.9966270543736976
hm-m2-g2-L5p3-n2-beta1__N0080__Aplus_0p005,hm-m2-g2-L5p3-n2-beta1__N0080__Aminus_0p005,hm-m2-g2-L5p3-n2-beta1,80,0.005,49,3.2462500000000003,0.9961909021804927,0.9968273778994724
hm-m2-g2-L5p3-n2-beta1__N0080__Aplus_0p005,hm-m2-g2-L5p3-n2-beta1__N0080__Aminus_0p005,hm-m2-g2-L5p3-n2-beta1,80,0.005,50,3.3125,0.9964521929370554,0.9970471496434553
hm-m2-g2-L5p3-n2-beta1__N0080__Aplus_0p005,hm-m2-g2-L5p3-n2-beta1__N0080__Aminus_0p005,hm-m2-g2-L5p3-n2-beta1,80,0.005,51,3.37875,0.9967352729806304,0.9972850489917005
hm-m2-g2-L5p3-n2-beta1__N0080__Aplus_0p005,hm-m2-g2-L5p3-n2-beta1__N0080__Aminus_0p005,hm-m2-g2-L5p3-n2-beta1,80,0.005,52,3.4450000000000003,0.9970384922755257,0.9975396436515824
hm-m2-g2-L5p3-n2-beta1__N0080__Aplus_0p005,hm-m2-g2-L5p3-n2-beta1__N0080__Aminus_0p005,hm-m2-g2-L5p3-n2-beta1,80,0.005,53,3.51125,0.9973600747332234,0.9978093976442771
hm-m2-g2-L5p3-n2-beta1__N0080__Aplus_0p005,hm-m2-g2-L5p3-n2-beta1__N0080__Aminus_0p005,hm-m2-g2-L5p3-n2-beta1,80,0.005,54,3.5775,0.9976981268976526,0.9980926799520243
hm-m2-g2-L5p3-n2-beta1__N0080__Aplus_0p005,hm-m2-g2-L5p3-n2-beta1__N0080__Aminus_0p005,hm-m2-g2-L5p3-n2-beta1,80,0.005,55,3.6437500000000003,0.9980506474397118,0.9983877737867267
hm-m2-g2-L5p3-n2-beta1__N0080__Aplus_0p005,hm-m2-g2-L5p3-n2-beta1__N0080__Aminus_0p005,hm-m2-g2-L5p3-n2-beta1,80,0.005,56,3.71,0.9984155374551218,0.9986928864419288
hm-m2-g2-L5p3-n2-beta1__N0080__Aplus_0p005,hm-m2-g2-L5p3-n2-beta1__N0080__Aminus_0p005,hm-m2-g2-L5p3-n2-beta1,80,0.005,57,3.77625,0.9987906115522823,0.9990061596854707
hm-m2-g2-L5p3-n2-beta1__N0080__Aplus_0p005,hm-m2-g2-L5p3-n2-beta1__N0080__Aminus_0p005,hm-m2-g2-L5p3-n2-beta1,80,0.005,58,3.8425000000000002,0.9991736097082637,0.9993256806451922
hm-m2-g2-L5p3-n2-beta1__N0080__Aplus_0p005,hm-m2-g2-L5p3-n2-beta1__N0080__Aminus_0p005,hm-m2-g2-L5p3-n2-beta1,80,0.005,59,3.9087500000000004,0.9995622098614725,0.9996494931350178
hm-m2-g2-L5p3-n2-beta1__N0080__Aplus_0p005,hm-m2-g2-L5p3-n2-beta1__N0080__Aminus_0p005,hm-m2-g2-L5p3-n2-beta1,80,0.005,60,3.975,0.999954041199022,0.9999756093636575
hm-m2-g2-L5p3-n2-beta1__N0080__Aplus_0p005,hm-m2-g2-L5p3-n2-beta1__N0080__Aminus_0p005,hm-m2-g2-L5p3-n2-beta1,80,0.005,61,4.04125,1.0003466980855769,1.0003020219630991
hm-m2-g2-L5p3-n2-beta1__N0080__Aplus_0p005,hm-m2-g2-L5p3-n2-beta1__N0080__Aminus_0p005,hm-m2-g2-L5p3-n2-beta1,80,0.005,62,4.1075,1.0007377545686242,1.0006267162691176
hm-m2-g2-L5p3-n2-beta1__N0080__Aplus_0p005,hm-m2-g2-L5p3-n2-beta1__N0080__Aminus_0p005,hm-m2-g2-L5p3-n2-beta1,80,0.005,63,4.17375,1.0011247793829843,1.0009476827813013
hm-m2-g2-L5p3-n2-beta1__N0080__Aplus_0p005,hm-m2-g2-L5p3-n2-beta1__N0080__Aminus_0p005,hm-m2-g2-L5p3-n2-beta1,80,0.005,64,4.24,1.001505351365187,1.0012629297256928
hm-m2-g2-L5p3-n2-beta1__N0080__Aplus_0p005,hm-m2-g2-L5p3-n2-beta1__N0080__Aminus_0p005,hm-m2-g2-L5p3-n2-beta1,80,0.005,65,4.30625,1.001877075176382,1.001570495639152
hm-m2-g2-L5p3-n2-beta1__N0080__Aplus_0p005,hm-m2-g2-L5p3-n2-beta1__N0080__Aminus_0p005,hm-m2-g2-L5p3-n2-beta1,80,0.005,66,4.3725000000000005,1.0022375972210322,1.0018684618911229
hm-m2-g2-L5p3-n2-beta1__N0080__Aplus_0p005,hm-m2-g2-L5p3-n2-beta1__N0080__Aminus_0p005,hm-m2-g2-L5p3-n2-beta1,80,0.005,67,4.438750000000001,1.00258462163811,1.0021549650556674
hm-m2-g2-L5p3-n2-beta1__N0080__Aplus_0p005,hm-m2-g2-L5p3-n2-beta1__N0080__Aminus_0p005,hm-m2-g2-L5p3-n2-beta1,80,0.005,68,4.505,1.0029159262321428,1.0024282090445913
hm-m2-g2-L5p3-n2-beta1__N0080__Aplus_0p005,hm-m2-g2-L5p3-n2-beta1__N0080__Aminus_0p005,hm-m2-g2-L5p3-n2-beta1,80,0.005,69,4.57125,1.0032293782036301,1.0026864769112622
hm-m2-g2-L5p3-n2-beta1__N0080__Aplus_0p005,hm-m2-g2-L5p3-n2-beta1__N0080__Aminus_0p005,hm-m2-g2-L5p3-n2-beta1,80,0.005,70,4.6375,1.0035229495323132,1.002928142234436
hm-m2-g2-L5p3-n2-beta1__N0080__Aplus_0p005,hm-m2-g2-L5p3-n2-beta1__N0080__Aminus_0p005,hm-m2-g2-L5p3-n2-beta1,80,0.005,71,4.70375,1.0037947318628357,1.0031516799921065
hm-m2-g2-L5p3-n2-beta1__N0080__Aplus_0p005,hm-m2-g2-L5p3-n2-beta1__N0080__Aminus_0p005,hm-m2-g2-L5p3-n2-beta1,80,0.005,72,4.7700000000000005,1.0040429507407116,1.0033556768371532
hm-m2-g2-L5p3-n2-beta1__N0080__Aplus_0p005,hm-m2-g2-L5p3-n2-beta1__N0080__Aminus_0p005,hm-m2-g2-L5p3-n2-beta1,80,0.005,73,4.836250000000001,1.0042659790473978,1.0035388406893926
hm-m2-g2-L5p3-n2-beta1__N0080__Aplus_0p005,hm-m2-g2-L5p3-n2-beta1__N0080__Aminus_0p005,hm-m2-g2-L5p3-n2-beta1,80,0.005,74,4.9025,1.0044623494867884,1.0037000095625768
hm-m2-g2-L5p3-n2-beta1__N0080__Aplus_0p005,hm-m2-g2-L5p3-n2-beta1__N0080__Aminus_0p005,hm-m2-g2-L5p3-n2-beta1,80,0.005,75,4.96875,1.0046307659816633,1.00383815954991
hm-m2-g2-L5p3-n2-beta1__N0080__Aplus_0p005,hm-m2-g2-L5p3-n2-beta1__N0080__Aminus_0p005,hm-m2-g2-L5p3-n2-beta1,80,0.005,76,5.035,1.004770113847525,1.0039524118977319
hm-m2-g2-L5p3-n2-beta1__N0080__Aplus_0p005,hm-m2-g2-L5p3-n2-beta1__N0080__Aminus_0p005,hm-m2-g2-L5p3-n2-beta1,80,0.005,77,5.10125,1.0048794686227727,1.0040420391041134
hm-m2-g2-L5p3-n2-beta1__N0080__Aplus_0p005,hm-m2-g2-L5p3-n2-beta1__N0080__Aminus_0p005,hm-m2-g2-L5p3-n2-beta1,80,0.005,78,5.1675,1.0049581034481208,1.0041064699871176
hm-m2-g2-L5p3-n2-beta1__N0080__Aplus_0p005,hm-m2-g2-L5p3-n2-beta1__N0080__Aminus_0p005,hm-m2-g2-L5p3-n2-beta1,80,0.005,79,5.233750000000001,1.0050054949043332,1.0041452936763182
hm-m2-g2-L5p3-n2-beta1__N0080__Aplus_0p005,hm-m2-g2-L5p3-n2-beta1__N0080__Aminus_0p005,hm-m2-g2-L5p3-n2-beta1,80,0.005,80,5.3,1.0050213272354516,1.0041582624907184
hm-m2-g2-L5p3-n2-beta1__N0080__Aplus_0p01,hm-m2-g2-L5p3-n2-beta1__N0080__Aminus_0p01,hm-m2-g2-L5p3-n2-beta1,80,0.01,0,0.0,1.0100862047849801,1.0083162650505817
hm-m2-g2-L5p3-n2-beta1__N0080__Aplus_0p01,hm-m2-g2-L5p3-n2-beta1__N0080__Aminus_0p01,hm-m2-g2-L5p3-n2-beta1,80,0.01,1,0.06625,1.0100536768399946,1.0082900231179144
hm-m2-g2-L5p3-n2-beta1__N0080__Aplus_0p01,hm-m2-g2-L5p3-n2-beta1__N0080__Aminus_0p01,hm-m2-g2-L5p3-n2-beta1,80,0.01,2,0.1325,1.009956326531078,1.008211470552111
hm-m2-g2-L5p3-n2-beta1__N0080__Aplus_0p01,hm-m2-g2-L5p3-n2-beta1__N0080__Aminus_0p01,hm-m2-g2-L5p3-n2-beta1,80,0.01,3,0.19875,1.0097948521030893,1.0080811256840374
hm-m2-g2-L5p3-n2-beta1__N0080__Aplus_0p01,hm-m2-g2-L5p3-n2-beta1__N0080__Aminus_0p01,hm-m2-g2-L5p3-n2-beta1,80,0.01,4,0.265,1.009570409561182,1.0078998478627164
hm-m2-g2-L5p3-n2-beta1__N0080__Aplus_0p01,hm-m2-g2-L5p3-n2-beta1__N0080__Aminus_0p01,hm-m2-g2-L5p3-n2-beta1,80,0.01,5,0.33125000000000004,1.0092846012095844,1.007668830709719
hm-m2-g2-L5p3-n2-beta1__N0080__Aplus_0p01,hm-m2-g2-L5p3-n2-beta1__N0080__Aminus_0p01,hm-m2-g2-L5p3-n2-beta1,80,0.01,6,0.3975,1.0089394598879267,1.007389592790064
hm-m2-g2-L5p3-n2-beta1__N0080__Aplus_0p01,hm-m2-g2-L5p3-n2-beta1__N0080__Aminus_0p01,hm-m2-g2-L5p3-n2-beta1,80,0.01,7,0.46375,1.0085374291771638,1.0070639658113945
hm-m2-g2-L5p3-n2-beta1__N0080__Aplus_0p01,hm-m2-g2-L5p3-n2-beta1__N0080__Aminus_0p01,hm-m2-g2-L5p3-n2-beta1,80,0.01,8,0.53,1.0080813399111028,1.0066940804910158
hm-m2-g2-L5p3-n2-beta1__N0080__Aplus_0p01,hm-m2-g2-L5p3-n2-beta1__N0080__Aminus_0p01,hm-m2-g2-L5p3-n2-beta1,80,0.01,9,0.5962500000000001,1.0075743833839583,1.0062823502552511
hm-m2-g2-L5p3-n2-beta1__N0080__Aplus_0p01,hm-m2-g2-L5p3-n2-beta1__N0080__Aminus_0p01,hm-m2-g2-L5p3-n2-beta1,80,0.01,10,0.6625000000000001,1.007020081687993,1.0058314529571115
hm-m2-g2-L5p3-n2-beta1__N0080__Aplus_0p01,hm-m2-g2-L5p3-n2-beta1__N0080__Aminus_0p01,hm-m2-g2-L5p3-n2-beta1,80,0.01,11,0.72875,1.0064222556472675,1.0053443108161098
hm-m2-g2-L5p3-n2-beta1__N0080__Aplus_0p01,hm-m2-g2-L5p3-n2-beta1__N0080__Aminus_0p01,hm-m2-g2-L5p3-n2-beta1,80,0.01,12,0.795,1.0057849908334444,1.0048240687979493
hm-m2-g2-L5p3-n2-beta1__N0080__Aplus_0p01,hm-m2-g2-L5p3-n2-beta1__N0080__Aminus_0p01,hm-m2-g2-L5p3-n2-beta1,80,0.01,13,0.8612500000000001,1.005112602157492,1.0042740716617
hm-m2-g2-L5p3-n2-beta1__N0080__Aplus_0p01,hm-m2-g2-L5p3-n2-beta1__N0080__Aminus_0p01,hm-m2-g2-L5p3-n2-beta1,80,0.01,14,0.9275,1.0044095975274483,1.0036978399078982
hm-m2-g2-L5p3-n2-beta1__N0080__Aplus_0p01,hm-m2-g2-L5p3-n2-beta1__N0080__Aminus_0p01,hm-m2-g2-L5p3-n2-beta1,80,0.01,15,0.99375,1.003680641047953,1.0030990448629247
hm-m2-g2-L5p3-n2-beta1__N0080__Aplus_0p01,hm-m2-g2-L5p3-n2-beta1__N0080__Aminus_0p01,hm-m2-g2-L5p3-n2-beta1,80,0.01,16,1.06,1.0029305162131579,1.002481483133196
hm-m2-g2-L5p3-n2-beta1__N0080__Aplus_0p01,hm-m2-g2-L5p3-n2-beta1__N0080__Aminus_0p01,hm-m2-g2-L5p3-n2-beta1,80,0.01,17,1.12625,1.002164089512218,1.0018490506574573
hm-m2-g2-L5p3-n2-beta1__N0080__Aplus_0p01,hm-m2-g2-L5p3-n2-beta1__N0080__Aminus_0p01,hm-m2-g2-L5p3-n2-beta1,80,0.01,18,1.1925000000000001,1.0013862748273925,1.001205716577147
hm-m2-g2-L5p3-n2-beta1__N0080__Aplus_0p01,hm-m2-g2-L5p3-n2-beta1__N0080__Aminus_0p01,hm-m2-g2-L5p3-n2-beta1,80,0.01,19,1.25875,1.0006019989604409,1.0005554971338164
hm-m2-g2-L5p3-n2-beta1__N0080__Aplus_0p01,hm-m2-g2-L5p3-n2-beta1__N0080__Aminus_0p01,hm-m2-g2-L5p3-n2-beta1,80,0.01,20,1.3250000000000002,0.9998161685751388,0.9999024297893919
hm-m2-g2-L5p3-n2-beta1__N0080__Aplus_0p01,hm-m2-g2-L5p3-n2-beta1__N0080__Aminus_0p01,hm-m2-g2-L5p3-n2-beta1,80,0.01,21,1.39125,0.9990336387939445,0.9992505477501173
hm-m2-g2-L5p3-n2-beta1__N0080__Aplus_0p01,hm-m2-g2-L5p3-n2-beta1__N0080__Aminus_0p01,hm-m2-g2-L5p3-n2-beta1,80,0.01,22,1.4575,0.9982591836366207,0.9986038550587958
hm-m2-g2-L5p3-n2-beta1__N0080__Aplus_0p01,hm-m2-g2-L5p3-n2-beta1__N0080__Aminus_0p01,hm-m2-g2-L5p3-n2-beta1,80,0.01,23,1.5237500000000002,0.9974974684393436,0.9979663024029102
hm-m2-g2-L5p3-n2-beta1__N0080__Aplus_0p01,hm-m2-g2-L5p3-n2-beta1__N0080__Aminus_0p01,hm-m2-g2-L5p3-n2-beta1,80,0.01,24,1.59,0.9967530243456664,0.9973417637687962
hm-m2-g2-L5p3-n2-beta1__N0080__Aplus_0p01,hm-m2-g2-L5p3-n2-beta1__N0080__Aminus_0p01,hm-m2-g2-L5p3-n2-beta1,80,0.01,25,1.65625,0.9960302249166976,0.996734014054658
hm-m2-g2-L5p3-n2-beta1__N0080__Aplus_0p01,hm-m2-g2-L5p3-n2-beta1__N0080__Aminus_0p01,hm-m2-g2-L5p3-n2-beta1,80,0.01,26,1.7225000000000001,0.9953332648677694,0.9961467077382476
hm-m2-g2-L5p3-n2-beta1__N0080__Aplus_0p01,hm-m2-g2-L5p3-n2-beta1__N0080__Aminus_0p01,hm-m2-g2-L5p3-n2-beta1,80,0.01,27,1.78875,0.9946661409033429,0.9955833586787697
hm-m2-g2-L5p3-n2-beta1__N0080__Aplus_0p01,hm-m2-g2-L5p3-n2-beta1__N0080__Aminus_0p01,hm-m2-g2-L5p3-n2-beta1,80,0.01,28,1.855,0.9940326345913185,0.9950473211173156
hm-m2-g2-L5p3-n2-beta1__N0080__Aplus_0p01,hm-m2-g2-L5p3-n2-beta1__N0080__Aminus_0p01,hm-m2-g2-L5p3-n2-beta1,80,0.01,29,1.9212500000000001,0.9934362971925422,0.9945417719260798
hm-m2-g2-L5p3-n2-beta1__N0080__Aplus_0p01,hm-m2-g2-L5p3-n2-beta1__N0080__Aminus_0p01,hm-m2-g2-L5p3-n2-beta1,80,0.01,30,1.9875,0.9928804363411835,0.9940696941439503
hm-m2-g2-L5p3-n2-beta1__N0080__Aplus_0p01,hm-m2-g2-L5p3-n2-beta1__N0080__Aminus_0p01,hm-m2-g2-L5p3-n2-beta1,80,0.01,31,2.05375,0.9923681044567637,0.9936338618248977
hm-m2-g2-L5p3-n2-beta1__N0080__Aplus_0p01,hm-m2-g2-L5p3-n2-beta1__N0080__Aminus_0p01,hm-m2-g2-L5p3-n2-beta1,80,0.01,32,2.12,0.9919020887587511,0.9932368262159901
hm-m2-g2-L5p3-n2-beta1__N0080__Aplus_0p01,hm-m2-g2-L5p3-n2-beta1__N0080__Aminus_0p01,hm-m2-g2-L5p3-n2-beta1,80,0.01,33,2.1862500000000002,0.9914849027495456,0.9928809032738674
hm-m2-g2-L5p3-n2-beta1__N0080__Aplus_0p01,hm-m2-g2-L5p3-n2-beta1__N0080__Aminus_0p01,hm-m2-g2-L5p3-n2-beta1,80,0.01,34,2.2525,0.9911187790310256,0.9925681625220887
hm-m2-g2-L5p3-n2-beta1__N0080__Aplus_0p01,hm-m2-g2-L5p3-n2-beta1__N0080__Aminus_0p01,hm-m2-g2-L5p3-n2-beta1,80,0.01,35,2.31875,0.9908056633232258,0.9923004172468772
hm-m2-g2-L5p3-n2-beta1__N0080__Aplus_0p01,hm-m2-g2-L5p3-n2-beta1__N0080__Aminus_0p01,hm-m2-g2-L5p3-n2-beta1,80,0.01,36,2.3850000000000002,0.9905472095607467,0.9920792160253512
hm-m2-g2-L5p3-n2-beta1__N0080__Aplus_0p01,hm-m2-g2-L5p3-n2-beta1__N0080__Aminus_0p01,hm-m2-g2-L5p3-n2-beta1,80,0.01,37,2.45125,0.990344775952731,0.991905835578222
hm-m2-g2-L5p3-n2-beta1__N0080__Aplus_0p01,hm-m2-g2-L5p3-n2-beta1__N0080__Aminus_0p01,hm-m2-g2-L5p3-n2-beta1,80,0.01,38,2.5175,0.9901994219052225,0.9917812749380344
hm-m2-g2-L5p3-n2-beta1__N0080__Aplus_0p01,hm-m2-g2-L5p3-n2-beta1__N0080__Aminus_0p01,hm-m2-g2-L5p3-n2-beta1,80,0.01,39,2.58375,0.9901119057200224,0.991706250924173
hm-m2-g2-L5p3-n2-beta1__N0080__Aplus_0p01,hm-m2-g2-L5p3-n2-beta1__N0080__Aminus_0p01,hm-m2-g2-L5p3-n2-beta1,80,0.01,40,2.6500000000000004,0.9900826830013242,0.99168119491687
hm-m2-g2-L5p3-n2-beta1__N0080__Aplus_0p01,hm-m2-g2-L5p3-n2-beta1__N0080__Aminus_0p01,hm-m2-g2-L5p3-n2-beta1,80,0.01,41,2.71625,0.9901119057200223,0.9917062509241724
hm-m2-g2-L5p3-n2-beta1__N0080__Aplus_0p01,hm-m2-g2-L5p3-n2-beta1__N0080__Aminus_0p01,hm-m2-g2-L5p3-n2-beta1,80,0.01,42,2.7825,0.9901994219052224,0.9917812749380333
hm-m2-g2-L5p3-n2-beta1__N0080__Aplus_0p01,hm-m2-g2-L5p3-n2-beta1__N0080__Aminus_0p01,hm-m2-g2-L5p3-n2-beta1,80,0.01,43,2.8487500000000003,0.9903447759527308,0.9919058355782202
hm-m2-g2-L5p3-n2-beta1__N0080__Aplus_0p01,hm-m2-g2-L5p3-n2-beta1__N0080__Aminus_0p01,hm-m2-g2-L5p3-n2-beta1,80,0.01,44,2.915,0.9905472095607465,0.992079216025349
hm-m2-g2-L5p3-n2-beta1__N0080__Aplus_0p01,hm-m2-g2-L5p3-n2-beta1__N0080__Aminus_0p01,hm-m2-g2-L5p3-n2-beta1,80,0.01,45,2.98125,0.9908056633232255,0.9923004172468742
hm-m2-g2-L5p3-n2-beta1__N0080__Aplus_0p01,hm-m2-g2-L5p3-n2-beta1__N0080__Aminus_0p01,hm-m2-g2-L5p3-n2-beta1,80,0.01,46,3.0475000000000003,0.9911187790310252,0.992568162522085
hm-m2-g2-L5p3-n2-beta1__N0080__Aplus_0p01,hm-m2-g2-L5p3-n2-beta1__N0080__Aminus_0p01,hm-m2-g2-L5p3-n2-beta1,80,0.01,47,3.11375,0.991484902749545,0.992880903273863
hm-m2-g2-L5p3-n2-beta1__N0080__Aplus_0p01,hm-m2-g2-L5p3-n2-beta1__N0080__Aminus_0p01,hm-m2-g2-L5p3-n2-beta1,80,0.01,48,3.18,0.9919020887587504,0.9932368262159851
hm-m2-g2-L5p3-n2-beta1__N0080__Aplus_0p01,hm-m2-g2-L5p3-n2-beta1__N0080__Aminus_0p01,hm-m2-g2-L5p3-n2-beta1,80,0.01,49,3.2462500000000003,0.9923681044567628,0.9936338618248921
hm-m2-g2-L5p3-n2-beta1__N0080__Aplus_0p01,hm-m2-g2-L5p3-n2-beta1__N0080__Aminus_0p01,hm-m2-g2-L5p3-n2-beta1,80,0.01,50,3.3125,0.9928804363411823,0.994069694143944
hm-m2-g2-L5p3-n2-beta1__N0080__Aplus_0p01,hm-m2-g2-L5p3-n2-beta1__N0080__Aminus_0p01,hm-m2-g2-L5p3-n2-beta1,80,0.01,51,3.37875,0.9934362971925408,0.9945417719260727
hm-m2-g2-L5p3-n2-beta1__N0080__Aplus_0p01,hm-m2-g2-L5p3-n2-beta1__N0080__Aminus_0p01,hm-m2-g2-L5p3-n2-beta1,80,0.01,52,3.4450000000000003,0.9940326345913167,0.9950473211173082
hm-m2-g2-L5p3-n2-beta1__N0080__Aplus_0p01,hm-m2-g2-L5p3-n2-beta1__N0080__Aminus_0p01,hm-m2-g2-L5p3-n2-beta1,80,0.01,53,3.51125,0.9946661409033408,0.9955833586787618
hm-m2-g2-L5p3-n2-beta1__N0080__Aplus_0p01,hm-m2-g2-L5p3-n2-beta1__N0080__Aminus_0p01,hm-m2-g2-L5p3-n2-beta1,80,0.01,54,3.5775,0.995333264867767,0.9961467077382392
hm-m2-g2-L5p3-n2-beta1__N0080__Aplus_0p01,hm-m2-g2-L5p3-n2-beta1__N0080__Aminus_0p01,hm-m2-g2-L5p3-n2-beta1,80,0.01,55,3.6437500000000003,0.9960302249166947,0.9967340140546492
hm-m2-g2-L5p3-n2-beta1__N0080__Aplus_0p01,hm-m2-g2-L5p3-n2-beta1__N0080__Aminus_0p01,hm-m2-g2-L5p3-n2-beta1,80,0.01,56,3.71,0.996753024345663,0.997341763768787
hm-m2-g2-L5p3-n2-beta1__N0080__Aplus_0p01,hm-m2-g2-L5p3-n2-beta1__N0080__Aminus_0p01,hm-m2-g2-L5p3-n2-beta1,80,0.01,57,3.77625,0.9974974684393398,0.9979663024029005
hm-m2-g2-L5p3-n2-beta1__N0080__Aplus_0p01,hm-m2-g2-L5p3-n2-beta1__N0080__Aminus_0p01,hm-m2-g2-L5p3-n2-beta1,80,0.01,58,3.8425000000000002,0.9982591836366165,0.9986038550587855
hm-m2-g2-L5p3-n2-beta1__N0080__Aplus_0p01,hm-m2-g2-L5p3-n2-beta1__N0080__Aminus_0p01,hm-m2-g2-L5p3-n2-beta1,80,0.01,59,3.9087500000000004,0.9990336387939397,0.9992505477501066
hm-m2-g2-L5p3-n2-beta1__N0080__Aplus_0p01,hm-m2-g2-L5p3-n2-beta1__N0080__Aminus_0p01,hm-m2-g2-L5p3-n2-beta1,80,0.01,60,3.975,0.9998161685751334,0.9999024297893807
hm-m2-g2-L5p3-n2-beta1__N0080__Aplus_0p01,hm-m2-g2-L5p3-n2-beta1__N0080__Aminus_0p01,hm-m2-g2-L5p3-n2-beta1,80,0.01,61,4.04125,1.000601998960435,1.0005554971338049
hm-m2-g2-L5p3-n2-beta1__N0080__Aplus_0p01,hm-m2-g2-L5p3-n2-beta1__N0080__Aminus_0p01,hm-m2-g2-L5p3-n2-beta1,80,0.01,62,4.1075,1.0013862748273858,1.0012057165771353
hm-m2-g2-L5p3-n2-beta1__N0080__Aplus_0p01,hm-m2-g2-L5p3-n2-beta1__N0080__Aminus_0p01,hm-m2-g2-L5p3-n2-beta1,80,0.01,63,4.17375,1.0021640895122108,1.0018490506574453
hm-m2-g2-L5p3-n2-beta1__N0080__Aplus_0p01,hm-m2-g2-L5p3-n2-beta1__N0080__Aminus_0p01,hm-m2-g2-L5p3-n2-beta1,80,0.01,64,4.24,1.00293051621315,1.0024814831331839
hm-m2-g2-L5p3-n2-beta1__N0080__Aplus_0p01,hm-m2-g2-L5p3-n2-beta1__N0080__Aminus_0p01,hm-m2-g2-L5p3-n2-beta1,80,0.01,65,4.30625,1.0036806410479446,1.0030990448629122
hm-m2-g2-L5p3-n2-beta1__N0080__Aplus_0p01,hm-m2-g2-L5p3-n2-beta1__N0080__Aminus_0p01,hm-m2-g2-L5p3-n2-beta1,80,0.01,66,4.3725000000000005,1.0044095975274394,1.0036978399078855
hm-m2-g2-L5p3-n2-beta1__N0080__Aplus_0p01,hm-m2-g2-L5p3-n2-beta1__N0080__Aminus_0p01,hm-m2-g2-L5p3-n2-beta1,80,0.01,67,4.438750000000001,1.0051126021574825,1.0042740716616871
hm-m2-g2-L5p3-n2-beta1__N0080__Aplus_0p01,hm-m2-g2-L5p3-n2-beta1__N0080__Aminus_0p01,hm-m2-g2-L5p3-n2-beta1,80,0.01,68,4.505,1.0057849908334342,1.0048240687979362
hm-m2-g2-L5p3-n2-beta1__N0080__Aplus_0p01,hm-m2-g2-L5p3-n2-beta1__N0080__Aminus_0p01,hm-m2-g2-L5p3-n2-beta1,80,0.01,69,4.57125,1.0064222556472568,1.005344310816096
hm-m2-g2-L5p3-n2-beta1__N0080__Aplus_0p01,hm-m2-g2-L5p3-n2-beta1__N0080__Aminus_0p01,hm-m2-g2-L5p3-n2-beta1,80,0.01,70,4.6375,1.007020081687982,1.0058314529570975
hm-m2-g2-L5p3-n2-beta1__N0080__Aplus_0p01,hm-m2-g2-L5p3-n2-beta1__N0080__Aminus_0p01,hm-m2-g2-L5p3-n2-beta1,80,0.01,71,4.70375,1.0075743833839466,1.0062823502552367
hm-m2-g2-L5p3-n2-beta1__N0080__Aplus_0p01,hm-m2-g2-L5p3-n2-beta1__N0080__Aminus_0p01,hm-m2-g2-L5p3-n2-beta1,80,0.01,72,4.7700000000000005,1.0080813399110906,1.0066940804910012
hm-m2-g2-L5p3-n2-beta1__N0080__Aplus_0p01,hm-m2-g2-L5p3-n2-beta1__N0080__Aminus_0p01,hm-m2-g2-L5p3-n2-beta1,80,0.01,73,4.836250000000001,1.0085374291771514,1.0070639658113798
hm-m2-g2-L5p3-n2-beta1__N0080__Aplus_0p01,hm-m2-g2-L5p3-n2-beta1__N0080__Aminus_0p01,hm-m2-g2-L5p3-n2-beta1,80,0.01,74,4.9025,1.0089394598879138,1.0073895927900491
hm-m2-g2-L5p3-n2-beta1__N0080__Aplus_0p01,hm-m2-g2-L5p3-n2-beta1__N0080__Aminus_0p01,hm-m2-g2-L5p3-n2-beta1,80,0.01,75,4.96875,1.009284601209571,1.0076688307097041
hm-m2-g2-L5p3-n2-beta1__N0080__Aplus_0p01,hm-m2-g2-L5p3-n2-beta1__N0080__Aminus_0p01,hm-m2-g2-L5p3-n2-beta1,80,0.01,76,5.035,1.0095704095611684,1.0078998478627013
hm-m2-g2-L5p3-n2-beta1__N0080__Aplus_0p01,hm-m2-g2-L5p3-n2-beta1__N0080__Aminus_0p01,hm-m2-g2-L5p3-n2-beta1,80,0.01,77,5.10125,1.0097948521030755,1.0080811256840223
hm-m2-g2-L5p3-n2-beta1__N0080__Aplus_0p01,hm-m2-g2-L5p3-n2-beta1__N0080__Aminus_0p01,hm-m2-g2-L5p3-n2-beta1,80,0.01,78,5.1675,1.0099563265310643,1.008211470552096
hm-m2-g2-L5p3-n2-beta1__N0080__Aplus_0p01,hm-m2-g2-L5p3-n2-beta1__N0080__Aminus_0p01,hm-m2-g2-L5p3-n2-beta1,80,0.01,79,5.233750000000001,1.0100536768399806,1.008290023117899
hm-m2-g2-L5p3-n2-beta1__N0080__Aplus_0p01,hm-m2-g2-L5p3-n2-beta1__N0080__Aminus_0p01,hm-m2-g2-L5p3-n2-beta1,80,0.01,80,5.3,1.0100862047849661,1.0083162650505666
hm-m2-g2-L5p3-n2-beta1__N0080__Aplus_0p02,hm-m2-g2-L5p3-n2-beta1__N0080__Aminus_0p02,hm-m2-g2-L5p3-n2-beta1,80,0.02,0,0.0,1.0203521186339515,1.016632954184526
hm-m2-g2-L5p3-n2-beta1__N0080__Aplus_0p02,hm-m2-g2-L5p3-n2-beta1__N0080__Aminus_0p02,hm-m2-g2-L5p3-n2-beta1,80,0.02,1,0.06625,1.0202834497565763,1.0165792200075636
hm-m2-g2-L5p3-n2-beta1__N0080__Aplus_0p02,hm-m2-g2-L5p3-n2-beta1__N0080__Aminus_0p02,hm-m2-g2-L5p3-n2-beta1,80,0.02,2,0.1325,1.0200780093718071,1.0164183966652396
hm-m2-g2-L5p3-n2-beta1__N0080__Aplus_0p02,hm-m2-g2-L5p3-n2-beta1__N0080__Aminus_0p02,hm-m2-g2-L5p3-n2-beta1,80,0.02,3,0.19875,1.0197374884866148,1.0161516180687824
hm-m2-g2-L5p3-n2-beta1__N0080__Aplus_0p02,hm-m2-g2-L5p3-n2-beta1__N0080__Aminus_0p02,hm-m2-g2-L5p3-n2-beta1,80,0.02,4,0.265,1.019264679861533,1.0157807619521009
hm-m2-g2-L5p3-n2-beta1__N0080__Aplus_0p02,hm-m2-g2-L5p3-n2-beta1__N0080__Aminus_0p02,hm-m2-g2-L5p3-n2-beta1,80,0.02,5,0.33125000000000004,1.0186634403230328,1.0153084319145098
hm-m2-g2-L5p3-n2-beta1__N0080__Aplus_0p02,hm-m2-g2-L5p3-n2-beta1__N0080__Aminus_0p02,hm-m2-g2-L5p3-n2-beta1,80,0.02,6,0.3975,1.0179386393493124,1.0147379327134562
hm-m2-g2-L5p3-n2-beta1__N0080__Aplus_0p02,hm-m2-g2-L5p3-n2-beta1__N0080__Aminus_0p02,hm-m2-g2-L5p3-n2-beta1,80,0.02,7,0.46375,1.0170960952108725,1.0140732392242555
hm-m2-g2-L5p3-n2-beta1__N0080__Aplus_0p02,hm-m2-g2-L5p3-n2-beta1__N0080__Aminus_0p02,hm-m2-g2-L5p3-n2-beta1,80,0.02,8,0.53,1.0161425002220363,1.013318959581114
hm-m2-g2-L5p3-n2-beta1__N0080__Aplus_0p02,hm-m2-g2-L5p3-n2-beta1__N0080__Aminus_0p02,hm-m2-g2-L5p3-n2-beta1,80,0.02,9,0.5962500000000001,1.0150853368734138,1.0124802930959658
hm-m2-g2-L5p3-n2-beta1__N0080__Aplus_0p02,hm-m2-g2-L5p3-n2-beta1__N0080__Aminus_0p02,hm-m2-g2-L5p3-n2-beta1,80,0.02,10,0.6625000000000001,1.013932786762269,1.0115629836170006
hm-m2-g2-L5p3-n2-beta1__N0080__Aplus_0p02,hm-m2-g2-L5p3-n2-beta1__N0080__Aminus_0p02,hm-m2-g2-L5p3-n2-beta1,80,0.02,11,0.72875,1.0126936343154493,1.010573269036028
hm-m2-g2-L5p3-n2-beta1__N0080__Aplus_0p02,hm-m2-g2-L5p3-n2-beta1__N0080__Aminus_0p02,hm-m2-g2-L5p3-n2-beta1,80,0.02,12,0.795,1.0113771673091514,1.0095178276825505
hm-m2-g2-L5p3-n2-beta1__N0080__Aplus_0p02,hm-m2-g2-L5p3-n2-beta1__N0080__Aminus_0p02,hm-m2-g2-L5p3-n2-beta1,80,0.02,13,0.8612500000000001,1.0099930761355955,1.0084037223528814
hm-m2-g2-L5p3-n2-beta1__N0080__Aplus_0p02,hm-m2-g2-L5p3-n2-beta1__N0080__Aminus_0p02,hm-m2-g2-L5p3-n2-beta1,80,0.02,14,0.9275,1.0085513536556618,1.007238342715724
hm-m2-g2-L5p3-n2-beta1__N0080__Aplus_0p02,hm-m2-g2-L5p3-n2-beta1__N0080__Aminus_0p02,hm-m2-g2-L5p3-n2-beta1,80,0.02,15,0.99375,1.0070621973176526,1.0060293468127888
hm-m2-g2-L5p3-n2-beta1__N0080__Aplus_0p02,hm-m2-g2-L5p3-n2-beta1__N0080__Aminus_0p02,hm-m2-g2-L5p3-n2-beta1,80,0.02,16,1.06,1.0055359150259275,1.0047846023361475
hm-m2-g2-L5p3-n2-beta1__N0080__Aplus_0p02,hm-m2-g2-L5p3-n2-beta1__N0080__Aminus_0p02,hm-m2-g2-L5p3-n2-beta1,80,0.02,17,1.12625,1.0039828360201104,1.003512128315342
hm-m2-g2-L5p3-n2-beta1__N0080__Aplus_0p02,hm-m2-g2-L5p3-n2-beta1__N0080__Aminus_0p02,hm-m2-g2-L5p3-n2-beta1,80,0.02,18,1.1925000000000001,1.002413227786757,1.002220037789159
hm-m2-g2-L5p3-n2-beta1__N0080__Aplus_0p02,hm-m2-g2-L5p3-n2-beta1__N0080__Aminus_0p02,hm-m2-g2-L5p3-n2-beta1,80,0.02,19,1.25875,1.0008372197810993,1.000916481971975
hm-m2-g2-L5p3-n2-beta1__N0080__Aplus_0p02,hm-m2-g2-L5p3-n2-beta1__N0080__Aminus_0p02,hm-m2-g2-L5p3-n2-beta1,80,0.02,20,1.3250000000000002,0.9992647344959175,0.9996095963550992
hm-m2-g2-L5p3-n2-beta1__N0080__Aplus_0p02,hm-m2-g2-L5p3-n2-beta1__N0080__Aminus_0p02,hm-m2-g2-L5p3-n2-beta1,80,0.02,21,1.39125,0.9977054261855751,0.9983074491119341
hm-m2-g2-L5p3-n2-beta1__N0080__Aplus_0p02,hm-m2-g2-L5p3-n2-beta1__N0080__Aminus_0p02,hm-m2-g2-L5p3-n2-beta1,80,0.02,22,1.4575,0.9961686273420722,0.997017992104185
hm-m2-g2-L5p3-n2-beta1__N0080__Aplus_0p02,hm-m2-g2-L5p3-n2-beta1__N0080__Aminus_0p02,hm-m2-g2-L5p3-n2-beta1,80,0.02,23,1.5237500000000002,0.994663302831234,0.9957490147166419
hm-m2-g2-L5p3-n2-beta1__N0080__Aplus_0p02,hm-m2-g2-L5p3-n2-beta1__N0080__Aminus_0p02,hm-m2-g2-L5p3-n2-beta1,80,0.02,24,1.59,0.9931980114339456,0.9945081006818608
hm-m2-g2-L5p3-n2-beta1__N0080__Aplus_0p02,hm-m2-g2-L5p3-n2-beta1__N0080__Aminus_0p02,hm-m2-g2-L5p3-n2-beta1,80,0.02,25,1.65625,0.99178087440125,0.9933025879946427
hm-m2-g2-L5p3-n2-beta1__N0080__Aplus_0p02,hm-m2-g2-L5p3-n2-beta1__N0080__Aminus_0p02,hm-m2-g2-L5p3-n2-beta1,80,0.02,26,1.7225000000000001,0.9904195505234743,0.9921395319606009
hm-m2-g2-L5p3-n2-beta1__N0080__Aplus_0p02,hm-m2-g2-L5p3-n2-beta1__N0080__Aminus_0p02,hm-m2-g2-L5p3-n2-beta1,80,0.02,27,1.78875,0.9891212171315996,0.991025671373961
hm-m2-g2-L5p3-n2-beta1__N0080__Aplus_0p02,hm-m2-g2-L5p3-n2-beta1__N0080__Aminus_0p02,hm-m2-g2-L5p3-n2-beta1,80,0.02,28,1.855,0.9878925563922907,0.9899673977775497
hm-m2-g2-L5p3-n2-beta1__N0080__Aplus_0p02,hm-m2-g2-L5p3-n2-beta1__N0080__Aminus_0p02,hm-m2-g2-L5p3-n2-beta1,80,0.02,29,1.9212500000000001,0.9867397462241887,0.9889707277228563
hm-m2-g2-L5p3-n2-beta1__N0080__Aplus_0p02,hm-m2-g2-L5p3-n2-beta1__N0080__Aminus_0p02,hm-m2-g2-L5p3-n2-beta1,80,0.02,30,1.9875,0.9856684551497289,0.9880412779201199
hm-m2-g2-L5p3-n2-beta1__N0080__Aplus_0p02,hm-m2-g2-L5p3-n2-beta1__N0080__Aminus_0p02,hm-m2-g2-L5p3-n2-beta1,80,0.02,31,2.05375,0.9846838404011388,0.9871842431473989
hm-m2-g2-L5p3-n2-beta1__N0080__Aplus_0p02,hm-m2-g2-L5p3-n2-beta1__N0080__Aminus_0p02,hm-m2-g2-L5p3-n2-beta1,80,0.02,32,2.12,0.9837905486186692,0.9864043767732392
hm-m2-g2-L5p3-n2-beta1__N0080__Aplus_0p02,hm-m2-g2-L5p3-n2-beta1__N0080__Aminus_0p02,hm-m2-g2-L5p3-n2-beta1,80,0.02,33,2.1862500000000002,0.982992718510855,0.9857059737394234
hm-m2-g2-L5p3-n2-beta1__N0080__Aplus_0p02,hm-m2-g2-L5p3-n2-beta1__N0080__Aminus_0p02,hm-m2-g2-L5p3-n2-beta1,80,0.02,34,2.2525,0.9822939848882416,0.9850928558478971
hm-m2-g2-L5p3-n2-beta1__N0080__Aplus_0p02,hm-m2-g2-L5p3-n2-beta1__N0080__Aminus_0p02,hm-m2-g2-L5p3-n2-beta1,80,0.02,35,2.31875,0.9816974835313532,0.9845683591987594
hm-m2-g2-L5p3-n2-beta1__N0080__Aplus_0p02,hm-m2-g2-L5p3-n2-beta1__N0080__Aminus_0p02,hm-m2-g2-L5p3-n2-beta1,80,0.02,36,2.3850000000000002,0.9812058564088165,0.9841353236336307
hm-m2-g2-L5p3-n2-beta1__N0080__Aplus_0p02,hm-m2-g2-L5p3-n2-beta1__N0080__Aminus_0p02,hm-m2-g2-L5p3-n2-beta1,80,0.02,37,2.45125,0.9808212568209104,0.9837960840501744
hm-m2-g2-L5p3-n2-beta1__N0080__Aplus_0p02,hm-m2-g2-L5p3-n2-beta1__N0080__Aminus_0p02,hm-m2-g2-L5p3-n2-beta1,80,0.02,38,2.5175,0.980545354106096,0.9835524634684799
hm-m2-g2-L5p3-n2-beta1__N0080__Aplus_0p02,hm-m2-g2-L5p3-n2-beta1__N0080__Aminus_0p02,hm-m2-g2-L5p3-n2-beta1,80,0.02,39,2.58375,0.980379337612318,0.9834057677478394
hm-m2-g2-L5p3-n2-beta1__N0080__Aplus_0p02,hm-m2-g2-L5p3-n2-beta1__N0080__Aminus_0p02,hm-m2-g2-L5p3-n2-beta1,80,0.02,40,2.6500000000000004,0.9803239197003134,0.9833567818726129
hm-m2-g2-L5p3-n2-beta1__N0080__Aplus_0p02,hm-m2-g2-L5p3-n2-beta1__N0080__Aminus_0p02,hm-m2-g2-L5p3-n2-beta1,80,0.02,41,2.71625,0.9803793376123184,0.9834057677478395
hm-m2-g2-L5p3-n2-beta1__N0080__Aplus_0p02,hm-m2-g2-L5p3-n2-beta1__N0080__Aminus_0p02,hm-m2-g2-L5p3-n2-beta1,80,0.02,42,2.7825,0.9805453541060968,0.9835524634684801
hm-m2-g2-L5p3-n2-beta1__N0080__Aplus_0p02,hm-m2-g2-L5p3-n2-beta1__N0080__Aminus_0p02,hm-m2-g2-L5p3-n2-beta1,80,0.02,43,2.8487500000000003,0.9808212568209116,0.9837960840501747
hm-m2-g2-L5p3-n2-beta1__N0080__Aplus_0p02,hm-m2-g2-L5p3-n2-beta1__N0080__Aminus_0p02,hm-m2-g2-L5p3-n2-beta1,80,0.02,44,2.915,0.9812058564088182,0.9841353236336311
hm-m2-g2-L5p3-n2-beta1__N0080__Aplus_0p02,hm-m2-g2-L5p3-n2-beta1__N0080__Aminus_0p02,hm-m2-g2-L5p3-n2-beta1,80,0.02,45,2.98125,0.9816974835313552,0.9845683591987596
hm-m2-g2-L5p3-n2-beta1__N0080__Aplus_0p02,hm-m2-g2-L5p3-n2-beta1__N0080__Aminus_0p02,hm-m2-g2-L5p3-n2-beta1,80,0.02,46,3.0475000000000003,0.982293984888244,0.9850928558478973
hm-m2-g2-L5p3-n2-beta1__N0080__Aplus_0p02,hm-m2-g2-L5p3-n2-beta1__N0080__Aminus_0p02,hm-m2-g2-L5p3-n2-beta1,80,0.02,47,3.11375,0.9829927185108577,0.9857059737394235
hm-m2-g2-L5p3-n2-beta1__N0080__Aplus_0p02,hm-m2-g2-L5p3-n2-beta1__N0080__Aminus_0p02,hm-m2-g2-L5p3-n2-beta1,80,0.02,48,3.18,0.9837905486186722,0.9864043767732393
hm-m2-g2-L5p3-n2-beta1__N0080__Aplus_0p02,hm-m2-g2-L5p3-n2-beta1__N0080__Aminus_0p02,hm-m2-g2-L5p3-n2-beta1,80,0.02,49,3.2462500000000003,0.9846838404011421,0.987184243147399
hm-m2-g2-L5p3-n2-beta1__N0080__Aplus_0p02,hm-m2-g2-L5p3-n2-beta1__N0080__Aminus_0p02,hm-m2-g2-L5p3-n2-beta1,80,0.02,50,3.3125,0.9856684551497324,0.9880412779201198
hm-m2-g2-L5p3-n2-beta1__N0080__Aplus_0p02,hm-m2-g2-L5p3-n2-beta1__N0080__Aminus_0p02,hm-m2-g2-L5p3-n2-beta1,80,0.02,51,3.37875,0.9867397462241924,0.9889707277228561
hm-m2-g2-L5p3-n2-beta1__N0080__Aplus_0p02,hm-m2-g2-L5p3-n2-beta1__N0080__Aminus_0p02,hm-m2-g2-L5p3-n2-beta1,80,0.02,52,3.4450000000000003,0.9878925563922946,0.9899673977775496
hm-m2-g2-L5p3-n2-beta1__N0080__Aplus_0p02,hm-m2-g2-L5p3-n2-beta1__N0080__Aminus_0p02,hm-m2-g2-L5p3-n2-beta1,80,0.02,53,3.51125,0.9891212171316036,0.9910256713739609
hm-m2-g2-L5p3-n2-beta1__N0080__Aplus_0p02,hm-m2-g2-L5p3-n2-beta1__N0080__Aminus_0p02,hm-m2-g2-L5p3-n2-beta1,80,0.02,54,3.5775,0.9904195505234783,0.9921395319606007
hm-m2-g2-L5p3-n2-beta1__N0080__Aplus_0p02,hm-m2-g2-L5p3-n2-beta1__N0080__Aminus_0p02,hm-m2-g2-L5p3-n2-beta1,80,0.02,55,3.6437500000000003,0.991780874401254,0.9933025879946424
hm-m2-g2-L5p3-n2-beta1__N0080__Aplus_0p02,hm-m2-g2-L5p3-n2-beta1__N0080__Aminus_0p02,hm-m2-g2-L5p3-n2-beta1,80,0.02,56,3.71,0.9931980114339496,0.9945081006818605
hm-m2-g2-L5p3-n2-beta1__N0080__Aplus_0p02,hm-m2-g2-L5p3-n2-beta1__N0080__Aminus_0p02,hm-m2-g2-L5p3-n2-beta1,80,0.02,57,3.77625,0.9946633028312379,0.9957490147166416
hm-m2-g2-L5p3-n2-beta1__N0080__Aplus_0p02,hm-m2-g2-L5p3-n2-beta1__N0080__Aminus_0p02,hm-m2-g2-L5p3-n2-beta1,80,0.02,58,3.8425000000000002,0.9961686273420759,0.9970179921041843
hm-m2-g2-L5p3-n2-beta1__N0080__Aplus_0p02,hm-m2-g2-L5p3-n2-beta1__N0080__Aminus_0p02,hm-m2-g2-L5p3-n2-beta1,80,0.02,59,3.9087500000000004,0.9977054261855786,0.9983074491119336
hm-m2-g2-L5p3-n2-beta1__N0080__Aplus_0p02,hm-m2-g2-L5p3-n2-beta1__N0080__Aminus_0p02,hm-m2-g2-L5p3-n2-beta1,80,0.02,60,3.975,0.9992647344959206,0.9996095963550986
hm-m2-g2-L5p3-n2-beta1__N0080__Aplus_0p02,hm-m2-g2-L5p3-n2-beta1__N0080__Aminus_0p02,hm-m2-g2-L5p3-n2-beta1,80,0.02,61,4.04125,1.000837219781102,1.0009164819719742
hm-m2-g2-L5p3-n2-beta1__N0080__Aplus_0p02,hm-m2-g2-L5p3-n2-beta1__N0080__Aminus_0p02,hm-m2-g2-L5p3-n2-beta1,80,0.02,62,4.1075,1.002413227786759,1.0022200377891581
hm-m2-g2-L5p3-n2-beta1__N0080__Aplus_0p02,hm-m2-g2-L5p3-n2-beta1__N0080__Aminus_0p02,hm-m2-g2-L5p3-n2-beta1,80,0.02,63,4.17375,1.003982836020112,1.0035121283153412
hm-m2-g2-L5p3-n2-beta1__N0080__Aplus_0p02,hm-m2-g2-L5p3-n2-beta1__N0080__Aminus_0p02,hm-m2-g2-L5p3-n2-beta1,80,0.02,64,4.24,1.0055359150259282,1.0047846023361466
hm-m2-g2-L5p3-n2-beta1__N0080__Aplus_0p02,hm-m2-g2-L5p3-n2-beta1__N0080__Aminus_0p02,hm-m2-g2-L5p3-n2-beta1,80,0.02,65,4.30625,1.0070621973176526,1.0060293468127877
hm-m2-g2-L5p3-n2-beta1__N0080__Aplus_0p02,hm-m2-g2-L5p3-n2-beta1__N0080__Aminus_0p02,hm-m2-g2-L5p3-n2-beta1,80,0.02,66,4.3725000000000005,1.0085513536556612,1.0072383427157232
hm-m2-g2-L5p3-n2-beta1__N0080__Aplus_0p02,hm-m2-g2-L5p3-n2-beta1__N0080__Aminus_0p02,hm-m2-g2-L5p3-n2-beta1,80,0.02,67,4.438750000000001,1.009993076135594,1.0084037223528803
hm-m2-g2-L5p3-n2-beta1__N0080__Aplus_0p02,hm-m2-g2-L5p3-n2-beta1__N0080__Aminus_0p02,hm-m2-g2-L5p3-n2-beta1,80,0.02,68,4.505,1.0113771673091492,1.0095178276825494
hm-m2-g2-L5p3-n2-beta1__N0080__Aplus_0p02,hm-m2-g2-L5p3-n2-beta1__N0080__Aminus_0p02,hm-m2-g2-L5p3-n2-beta1,80,0.02,69,4.57125,1.0126936343154465,1.0105732690360265
hm-m2-g2-L5p3-n2-beta1__N0080__Aplus_0p02,hm-m2-g2-L5p3-n2-beta1__N0080__Aminus_0p02,hm-m2-g2-L5p3-n2-beta1,80,0.02,70,4.6375,1.0139327867622654,1.0115629836169988
hm-m2-g2-L5p3-n2-beta1__N0080__Aplus_0p02,hm-m2-g2-L5p3-n2-beta1__N0080__Aminus_0p02,hm-m2-g2-L5p3-n2-beta1,80,0.02,71,4.70375,1.0150853368734096,1.012480293095964
hm-m2-g2-L5p3-n2-beta1__N0080__Aplus_0p02,hm-m2-g2-L5p3-n2-beta1__N0080__Aminus_0p02,hm-m2-g2-L5p3-n2-beta1,80,0.02,72,4.7700000000000005,1.0161425002220315,1.013318959581112
hm-m2-g2-L5p3-n2-beta1__N0080__Aplus_0p02,hm-m2-g2-L5p3-n2-beta1__N0080__Aminus_0p02,hm-m2-g2-L5p3-n2-beta1,80,0.02,73,4.836250000000001,1.0170960952108672,1.0140732392242533
hm-m2-g2-L5p3-n2-beta1__N0080__Aplus_0p02,hm-m2-g2-L5p3-n2-beta1__N0080__Aminus_0p02,hm-m2-g2-L5p3-n2-beta1,80,0.02,74,4.9025,1.0179386393493064,1.0147379327134538
hm-m2-g2-L5p3-n2-beta1__N0080__Aplus_0p02,hm-m2-g2-L5p3-n2-beta1__N0080__Aminus_0p02,hm-m2-g2-L5p3-n2-beta1,80,0.02,75,4.96875,1.0186634403230264,1.0153084319145074
hm-m2-g2-L5p3-n2-beta1__N0080__Aplus_0p02,hm-m2-g2-L5p3-n2-beta1__N0080__Aminus_0p02,hm-m2-g2-L5p3-n2-beta1,80,0.02,76,5.035,1.0192646798615261,1.0157807619520982
hm-m2-g2-L5p3-n2-beta1__N0080__Aplus_0p02,hm-m2-g2-L5p3-n2-beta1__N0080__Aminus_0p02,hm-m2-g2-L5p3-n2-beta1,80,0.02,77,5.10125,1.0197374884866077,1.0161516180687797
hm-m2-g2-L5p3-n2-beta1__N0080__Aplus_0p02,hm-m2-g2-L5p3-n2-beta1__N0080__Aminus_0p02,hm-m2-g2-L5p3-n2-beta1,80,0.02,78,5.1675,1.0200780093717996,1.016418396665237
hm-m2-g2-L5p3-n2-beta1__N0080__Aplus_0p02,hm-m2-g2-L5p3-n2-beta1__N0080__Aminus_0p02,hm-m2-g2-L5p3-n2-beta1,80,0.02,79,5.233750000000001,1.020283449756569,1.016579220007561
hm-m2-g2-L5p3-n2-beta1__N0080__Aplus_0p02,hm-m2-g2-L5p3-n2-beta1__N0080__Aminus_0p02,hm-m2-g2-L5p3-n2-beta1,80,0.02,80,5.3,1.020352118633944,1.0166329541845232
hm-m2-g2-L5p3-n2-beta1__N0160__Aminus_0p02,hm-m2-g2-L5p3-n2-beta1__N0160__Aplus_0p02,hm-m2-g2-L5p3-n2-beta1,160,-0.02,0,0.0,0.9803222309904291,0.9833582842702456
hm-m2-g2-L5p3-n2-beta1__N0160__Aminus_0p02,hm-m2-g2-L5p3-n2-beta1__N0160__Aplus_0p02,hm-m2-g2-L5p3-n2-beta1,160,-0.02,1,0.033125,0.9803360914574059,0.9833705333798195
hm-m2-g2-L5p3-n2-beta1__N0160__Aminus_0p02,hm-m2-g2-L5p3-n2-beta1__N0160__Aplus_0p02,hm-m2-g2-L5p3-n2-beta1,160,-0.02,2,0.06625,0.980377658024016,0.9834072643301726
hm-m2-g2-L5p3-n2-beta1__N0160__Aminus_0p02,hm-m2-g2-L5p3-n2-beta1__N0160__Aplus_0p02,hm-m2-g2-L5p3-n2-beta1,160,-0.02,3,0.099375,0.9804468861773398,0.9834684279976132
hm-m2-g2-L5p3-n2-beta1__N0160__Aminus_0p02,hm-m2-g2-L5p3-n2-beta1__N0160__Aplus_0p02,hm-m2-g2-L5p3-n2-beta1,160,-0.02,4,0.1325,0.9805437016961044,0.983553942547419
hm-m2-g2-L5p3-n2-beta1__N0160__Aminus_0p02,hm-m2-g2-L5p3-n2-beta1__N0160__Aplus_0p02,hm-m2-g2-L5p3-n2-beta1,160,-0.02,5,0.16562500000000002,0.9806680006015323,0.9836636934911454
hm-m2-g2-L5p3-n2-beta1__N0160__Aminus_0p02,hm-m2-g2-L5p3-n2-beta1__N0160__Aplus_0p02,hm-m2-g2-L5p3-n2-beta1,160,-0.02,6,0.19875,0.9808196490894402,0.9837975337671916
hm-m2-g2-L5p3-n2-beta1__N0160__Aminus_0p02,hm-m2-g2-L5p3-n2-beta1__N0160__Aplus_0p02,hm-m2-g2-L5p3-n2-beta1,160,-0.02,7,0.231875,0.9809984834445035,0.9839552838449501
hm-m2-g2-L5p3-n2-beta1__N0160__Aminus_0p02,hm-m2-g2-L5p3-n2-beta1__N0160__Aplus_0p02,hm-m2-g2-L5p3-n2-beta1,160,-0.02,8,0.265,0.9812043099378563,0.9841367318529596
hm-m2-g2-L5p3-n2-beta1__N0160__Aminus_0p02,hm-m2-g2-L5p3-n2-beta1__N0160__Aplus_0p02,hm-m2-g2-L5p3-n2-beta1,160,-0.02,9,0.29812500000000003,0.9814369047094611,0.9843416337315708
hm-m2-g2-L5p3-n2-beta1__N0160__Aminus_0p02,hm-m2-g2-L5p3-n2-beta1__N0160__Aplus_0p02,hm-m2-g2-L5p3-n2-beta1,160,-0.02,10,0.33125000000000004,0.9816960136369376,0.9845697134107204
hm-m2-g2-L5p3-n2-beta1__N0160__Aminus_0p02,hm-m2-g2-L5p3-n2-beta1__N0160__Aplus_0p02,hm-m2-g2-L5p3-n2-beta1,160,-0.02,11,0.364375,0.9819813521927993,0.9848206630134904
hm-m2-g2-L5p3-n2-beta1__N0160__Aminus_0p02,hm-m2-g2-L5p3-n2-beta1__N0160__Aplus_0p02,hm-m2-g2-L5p3-n2-beta1,160,-0.02,12,0.3975,0.9822926052923024,0.9850941430862086
hm-m2-g2-L5p3-n2-beta1__N0160__Aminus_0p02,hm-m2-g2-L5p3-n2-beta1__N0160__Aplus_0p02,hm-m2-g2-L5p3-n2-beta1,160,-0.02,13,0.43062500000000004,0.9826294271343654,0.9853897828559246
hm-m2-g2-L5p3-n2-beta1__N0160__Aminus_0p02,hm-m2-g2-L5p3-n2-beta1__N0160__Aplus_0p02,hm-m2-g2-L5p3-n2-beta1,160,-0.02,14,0.46375,0.9829914410382679,0.9857071805161582
hm-m2-g2-L5p3-n2-beta1__N0160__Aminus_0p02,hm-m2-g2-L5p3-n2-beta1__N0160__Aplus_0p02,hm-m2-g2-L5p3-n2-beta1,160,-0.02,15,0.496875,0.9833782392790886,0.9860459035418915
hm-m2-g2-L5p3-n2-beta1__N0160__Aminus_0p02,hm-m2-g2-L5p3-n2-beta1__N0160__Aplus_0p02,hm-m2-g2-L5p3-n2-beta1,160,-0.02,16,0.53,0.9837893829250842,0.9864054890348241
hm-m2-g2-L5p3-n2-beta1__N0160__Aminus_0p02,hm-m2-g2-L5p3-n2-beta1__N0160__Aplus_0p02,hm-m2-g2-L5p3-n2-beta1,160,-0.02,17,0.563125,0.9842244016804474,0.9867854440999722
hm-m2-g2-L5p3-n2-beta1__N0160__Aminus_0p02,hm-m2-g2-L5p3-n2-beta1__N0160__Aplus_0p02,hm-m2-g2-L5p3-n2-beta1,160,-0.02,18,0.5962500000000001,0.9846827937371222,0.9871852462547309
hm-m2-g2-L5p3-n2-beta1__N0160__Aminus_0p02,hm-m2-g2-L5p3-n2-beta1__N0160__Aplus_0p02,hm-m2-g2-L5p3-n2-beta1,160,-0.02,19,0.629375,0.9851640256395706,0.9876043438715605
hm-m2-g2-L5p3-n2-beta1__N0160__Aminus_0p02,hm-m2-g2-L5p3-n2-beta1__N0160__Aplus_0p02,hm-m2-g2-L5p3-n2-beta1,160,-0.02,20,0.6625000000000001,0.9856675321666116,0.9880421566554832
hm-m2-g2-L5p3-n2-beta1__N0160__Aminus_0p02,hm-m2-g2-L5p3-n2-beta1__N0160__Aplus_0p02,hm-m2-g2-L5p3-n2-beta1,160,-0.02,21,0.695625,0.9861927162346485,0.9884980761576013
hm-m2-g2-L5p3-n2-beta1__N0160__Aminus_0p02,hm-m2-g2-L5p3-n2-beta1__N0160__Aplus_0p02,hm-m2-g2-L5p3-n2-beta1,160,-0.02,22,0.72875,0.9867389488268046,0.9889714663258573
hm-m2-g2-L5p3-n2-beta1__N0160__Aminus_0p02,hm-m2-g2-L5p3-n2-beta1__N0160__Aplus_0p02,hm-m2-g2-L5p3-n2-beta1,160,-0.02,23,0.7618750000000001,0.9873055689526606,0.9894616640942548
hm-m2-g2-L5p3-n2-beta1__N0160__Aminus_0p02,hm-m2-g2-L5p3-n2-beta1__N0160__Aplus_0p02,hm-m2-g2-L5p3-n2-beta1,160,-0.02,24,0.795,0.9878918836434555,0.9899679800117555
hm-m2-g2-L5p3-n2-beta1__N0160__Aminus_0p02,hm-m2-g2-L5p3-n2-beta1__N0160__Aplus_0p02,hm-m2-g2-L5p3-n2-beta1,160,-0.02,25,0.828125,0.988497167987754,0.9904896989120439
hm-m2-g2-L5p3-n2-beta1__N0160__Aminus_0p02,hm-m2-g2-L5p3-n2-beta1__N0160__Aplus_0p02,hm-m2-g2-L5p3-n2-beta1,160,-0.02,26,0.8612500000000001,0.9891206652127167,0.9910260806253198
hm-m2-g2-L5p3-n2-beta1__N0160__Aminus_0p02,hm-m2-g2-L5p3-n2-beta1__N0160__Aplus_0p02,hm-m2-g2-L5p3-n2-beta1,160,-0.02,27,0.894375,0.9897615868162027,0.9915763607332366
hm-m2-g2-L5p3-n2-beta1__N0160__Aminus_0p02,hm-m2-g2-L5p3-n2-beta1__N0160__Aplus_0p02,hm-m2-g2-L5p3-n2-beta1,160,-0.02,28,0.9275,0.9904191127550208,0.9921397513680468
hm-m2-g2-L5p3-n2-beta1__N0160__Aminus_0p02,hm-m2-g2-L5p3-n2-beta1__N0160__Aplus_0p02,hm-m2-g2-L5p3-n2-beta1,160,-0.02,29,0.9606250000000001,0.9910923916946882,0.992715442056948
hm-m2-g2-L5p3-n2-beta1__N0160__Aminus_0p02,hm-m2-g2-L5p3-n2-beta1__N0160__Aplus_0p02,hm-m2-g2-L5p3-n2-beta1,160,-0.02,30,0.99375,0.9917805413260794,0.9933026006125396
hm-m2-g2-L5p3-n2-beta1__N0160__Aminus_0p02,hm-m2-g2-L5p3-n2-beta1__N0160__Aplus_0p02,hm-m2-g2-L5p3-n2-beta1,160,-0.02,31,1.026875,0.9924826487543315,0.9939003740702064
hm-m2-g2-L5p3-n2-beta1__N0160__Aminus_0p02,hm-m2-g2-L5p3-n2-beta1__N0160__Aplus_0p02,hm-m2-g2-L5p3-n2-beta1,160,-0.02,32,1.06,0.9931977709653206,0.9945078896731349
hm-m2-g2-L5p3-n2-beta1__N0160__Aminus_0p02,hm-m2-g2-L5p3-n2-beta1__N0160__Aplus_0p02,hm-m2-g2-L5p3-n2-beta1,160,-0.02,33,1.0931250000000001,0.9939249353749394,0.9951242559055479
hm-m2-g2-L5p3-n2-beta1__N0160__Aminus_0p02,hm-m2-g2-L5p3-n2-beta1__N0160__Aplus_0p02,hm-m2-g2-L5p3-n2-beta1,160,-0.02,34,1.12625,0.9946631404662702,0.9957485635745998
hm-m2-g2-L5p3-n2-beta1__N0160__Aminus_0p02,hm-m2-g2-L5p3-n2-beta1__N0160__Aplus_0p02,hm-m2-g2-L5p3-n2-beta1,160,-0.02,35,1.159375,0.9954113565195775,0.9963798869412329
hm-m2-g2-L5p3-n2-beta1__N0160__Aminus_0p02,hm-m2-g2-L5p3-n2-beta1__N0160__Aplus_0p02,hm-m2-g2-L5p3-n2-beta1,160,-0.02,36,1.1925000000000001,0.9961685264398213,0.997017284900121
hm-m2-g2-L5p3-n2-beta1__N0160__Aminus_0p02,hm-m2-g2-L5p3-n2-beta1__N0160__Aplus_0p02,hm-m2-g2-L5p3-n2-beta1,160,-0.02,37,1.225625,0.9969335666861263,0.9976598022086546
hm-m2-g2-L5p3-n2-beta1__N0160__Aminus_0p02,hm-m2-g2-L5p3-n2-beta1__N0160__Aplus_0p02,hm-m2-g2-L5p3-n2-beta1,160,-0.02,38,1.25875,0.997705368307319,0.998306470764726
hm-m2-g2-L5p3-n2-beta1__N0160__Aminus_0p02,hm-m2-g2-L5p3-n2-beta1__N0160__Aplus_0p02,hm-m2-g2-L5p3-n2-beta1,160,-0.02,39,1.291875,0.9984827980872776,0.9989563109328687
hm-m2-g2-L5p3-n2-beta1__N0160__Aminus_0p02,hm-m2-g2-L5p3-n2-beta1__N0160__Aplus_0p02,hm-m2-g2-L5p3-n2-beta1,160,-0.02,40,1.3250000000000002,0.9992646998034127,0.9996083329180873
hm-m2-g2-L5p3-n2-beta1__N0160__Aminus_0p02,hm-m2-g2-L5p3-n2-beta1__N0160__Aplus_0p02,hm-m2-g2-L5p3-n2-beta1,160,-0.02,41,1.358125,1.000049895601123,1.0002615381864852
hm-m2-g2-L5p3-n2-beta1__N0160__Aminus_0p02,hm-m2-g2-L5p3-n2-beta1__N0160__Aplus_0p02,hm-m2-g2-L5p3-n2-beta1,160,-0.02,42,1.39125,1.0008371874865314,1.000914920931557
hm-m2-g2-L5p3-n2-beta1__N0160__Aminus_0p02,hm-m2-g2-L5p3-n2-beta1__N0160__Aplus_0p02,hm-m2-g2-L5p3-n2-beta1,160,-0.02,43,1.4243750000000002,1.001625358939229,1.0015674695847607
hm-m2-g2-L5p3-n2-beta1__N0160__Aminus_0p02,hm-m2-g2-L5p3-n2-beta1__N0160__Aplus_0p02,hm-m2-g2-L5p3-n2-beta1,160,-0.02,44,1.4575,1.0024131766461106,1.0022181683687261
hm-m2-g2-L5p3-n2-beta1__N0160__Aminus_0p02,hm-m2-g2-L5p3-n2-beta1__N0160__Aplus_0p02,hm-m2-g2-L5p3-n2-beta1,160,-0.02,45,1.490625,1.0031993923566969,1.002865998891191
hm-m2-g2-L5p3-n2-beta1__N0160__Aminus_0p02,hm-m2-g2-L5p3-n2-beta1__N0160__Aplus_0p02,hm-m2-g2-L5p3-n2-beta1,160,-0.02,46,1.5237500000000002,1.0039827448595977,1.0035099417774793
hm-m2-g2-L5p3-n2-beta1__N0160__Aminus_0p02,hm-m2-g2-L5p3-n2-beta1__N0160__Aplus_0p02,hm-m2-g2-L5p3-n2-beta1,160,-0.02,47,1.556875,1.004761962078987,1.0041489783390618
hm-m2-g2-L5p3-n2-beta1__N0160__Aminus_0p02,hm-m2-g2-L5p3-n2-beta1__N0160__Aplus_0p02,hm-m2-g2-L5p3-n2-beta1,160,-0.02,48,1.59,1.0055357632891326,1.0047820922754551
hm-m2-g2-L5p3-n2-beta1__N0160__Aminus_0p02,hm-m2-g2-L5p3-n2-beta1__N0160__Aplus_0p02,hm-m2-g2-L5p3-n2-beta1,160,-0.02,49,1.6231250000000002,1.006302861444151,1.0054082714064385
hm-m2-g2-L5p3-n2-beta1__N0160__Aminus_0p02,hm-m2-g2-L5p3-n2-beta1__N0160__Aplus_0p02,hm-m2-g2-L5p3-n2-beta1,160,-0.02,50,1.65625,1.0070619656192683,1.0060265094312804
hm-m2-g2-L5p3-n2-beta1__N0160__Aminus_0p02,hm-m2-g2-L5p3-n2-beta1__N0160__Aplus_0p02,hm-m2-g2-L5p3-n2-beta1,160,-0.02,51,1.689375,1.0078117835589353,1.0066358077113946
hm-m2-g2-L5p3-n2-beta1__N0160__Aminus_0p02,hm-m2-g2-L5p3-n2-beta1__N0160__Aplus_0p02,hm-m2-g2-L5p3-n2-beta1,160,-0.02,52,1.7225000000000001,1.0085510243262006,1.0072351770725698
hm-m2-g2-L5p3-n2-beta1__N0160__Aminus_0p02,hm-m2-g2-L5p3-n2-beta1__N0160__Aplus_0p02,hm-m2-g2-L5p3-n2-beta1,160,-0.02,53,1.755625,1.0092784010467928,1.007823639622653
hm-m2-g2-L5p3-n2-beta1__N0160__Aminus_0p02,hm-m2-g2-L5p3-n2-beta1__N0160__Aplus_0p02,hm-m2-g2-L5p3-n2-beta1,160,-0.02,54,1.78875,1.009992633740395,1.0084002305803095
hm-m2-g2-L5p3-n2-beta1__N0160__Aminus_0p02,hm-m2-g2-L5p3-n2-beta1__N0160__Aplus_0p02,hm-m2-g2-L5p3-n2-beta1,160,-0.02,55,1.8218750000000001,1.010692452230647,1.0089640001102436
hm-m2-g2-L5p3-n2-beta1__N0160__Aminus_0p02,hm-m2-g2-L5p3-n2-beta1__N0160__Aplus_0p02,hm-m2-g2-L5p3-n2-beta1,160,-0.02,56,1.855,1.0113765991244652,1.0095140151600304
hm-m2-g2-L5p3-n2-beta1__N0160__Aminus_0p02,hm-m2-g2-L5p3-n2-beta1__N0160__Aplus_0p02,hm-m2-g2-L5p3-n2-beta1,160,-0.02,57,1.888125,1.0120438328503552,1.0100493612935042
hm-m2-g2-L5p3-n2-beta1__N0160__Aminus_0p02,hm-m2-g2-L5p3-n2-beta1__N0160__Aplus_0p02,hm-m2-g2-L5p3-n2-beta1,160,-0.02,58,1.9212500000000001,1.012692930744519,1.0105691445154499
hm-m2-g2-L5p3-n2-beta1__N0160__Aminus_0p02,hm-m2-g2-L5p3-n2-beta1__N0160__Aplus_0p02,hm-m2-g2-L5p3-n2-beta1,160,-0.02,59,1.9543750000000002,1.013322692172719,1.0110724930821815
hm-m2-g2-L5p3-n2-beta1__N0160__Aminus_0p02,hm-m2-g2-L5p3-n2-beta1__N0160__Aplus_0p02,hm-m2-g2-L5p3-n2-beta1,160,-0.02,60,1.9875,1.0139319416750903,1.011558559292444
hm-m2-g2-L5p3-n2-beta1__N0160__Aminus_0p02,hm-m2-g2-L5p3-n2-beta1__N0160__Aplus_0p02,hm-m2-g2-L5p3-n2-beta1,160,-0.02,61,2.020625,1.0145195321203844,1.0120265212529542
hm-m2-g2-L5p3-n2-beta1__N0160__Aminus_0p02,hm-m2-g2-L5p3-n2-beta1__N0160__Aplus_0p02,hm-m2-g2-L5p3-n2-beta1,160,-0.02,62,2.05375,1.0150843478555007,1.0124755846128077
hm-m2-g2-L5p3-n2-beta1__N0160__Aminus_0p02,hm-m2-g2-L5p3-n2-beta1__N0160__Aplus_0p02,hm-m2-g2-L5p3-n2-beta1,160,-0.02,63,2.086875,1.0156253078356212,1.0129049842609217
hm-m2-g2-L5p3-n2-beta1__N0160__Aminus_0p02,hm-m2-g2-L5p3-n2-beta1__N0160__Aplus_0p02,hm-m2-g2-L5p3-n2-beta1,160,-0.02,64,2.12,1.0161413687198275,1.0133139859806488
hm-m2-g2-L5p3-n2-beta1__N0160__Aminus_0p02,hm-m2-g2-L5p3-n2-beta1__N0160__Aplus_0p02,hm-m2-g2-L5p3-n2-beta1,160,-0.02,65,2.153125,1.0166315279167413,1.0137018880557127
hm-m2-g2-L5p3-n2-beta1__N0160__Aminus_0p02,hm-m2-g2-L5p3-n2-beta1__N0160__Aplus_0p02,hm-m2-g2-L5p3-n2-beta1,160,-0.02,66,2.1862500000000002,1.0170948265645179,1.0140680228216454
hm-m2-g2-L5p3-n2-beta1__N0160__Aminus_0p02,hm-m2-g2-L5p3-n2-beta1__N0160__Aplus_0p02,hm-m2-g2-L5p3-n2-beta1,160,-0.02,67,2.2193750000000003,1.0175303524294277,1.014411758156993
hm-m2-g2-L5p3-n2-beta1__N0160__Aminus_0p02,hm-m2-g2-L5p3-n2-beta1__N0160__Aplus_0p02,hm-m2-g2-L5p3-n2-beta1,160,-0.02,68,2.2525,1.0179372427072906,1.0147324989086595
hm-m2-g2-L5p3-n2-beta1__N0160__Aminus_0p02,hm-m2-g2-L5p3-n2-beta1__N0160__Aplus_0p02,hm-m2-g2-L5p3-n2-beta1,160,-0.02,69,2.285625,1.0183146867122013,1.0150296882459158
hm-m2-g2-L5p3-n2-beta1__N0160__Aminus_0p02,hm-m2-g2-L5p3-n2-beta1__N0160__Aplus_0p02,hm-m2-g2-L5p3-n2-beta1,160,-0.02,70,2.31875,1.0186619284372853,1.0153028089377758
hm-m2-g2-L5p3-n2-beta1__N0160__Aminus_0p02,hm-m2-g2-L5p3-n2-beta1__N0160__Aplus_0p02,hm-m2-g2-L5p3-n2-beta1,160,-0.02,71,2.351875,1.0189782689726574,1.0155513845486719
hm-m2-g2-L5p3-n2-beta1__N0160__Aminus_0p02,hm-m2-g2-L5p3-n2-beta1__N0160__Aplus_0p02,hm-m2-g2-L5p3-n2-beta1,160,-0.02,72,2.3850000000000002,1.0192630687663446,1.015774980547613
hm-m2-g2-L5p3-n2-beta1__N0160__Aminus_0p02,hm-m2-g2-L5p3-n2-beta1__N0160__Aplus_0p02,hm-m2-g2-L5p3-n2-beta1,160,-0.02,73,2.4181250000000003,1.0195157497146292,1.0159732053262984
hm-m2-g2-L5p3-n2-beta1__N0160__Aminus_0p02,hm-m2-g2-L5p3-n2-beta1__N0160__Aplus_0p02,hm-m2-g2-L5p3-n2-beta1,160,-0.02,74,2.45125,1.0197357970691208,1.016145711121984
hm-m2-g2-L5p3-n2-beta1__N0160__Aminus_0p02,hm-m2-g2-L5p3-n2-beta1__N0160__Aplus_0p02,hm-m2-g2-L5p3-n2-beta1,160,-0.02,75,2.484375,1.0199227611488186,1.0162921948412522
hm-m2-g2-L5p3-n2-beta1__N0160__Aminus_0p02,hm-m2-g2-L5p3-n2-beta1__N0160__Aplus_0p02,hm-m2-g2-L5p3-n2-beta1,160,-0.02,76,2.5175,1.0200762588465178,1.0164123987812133
hm-m2-g2-L5p3-n2-beta1__N0160__Aminus_0p02,hm-m2-g2-L5p3-n2-beta1__N0160__Aplus_0p02,hm-m2-g2-L5p3-n2-beta1,160,-0.02,77,2.550625,1.0201959749200853,1.0165061112450795
hm-m2-g2-L5p3-n2-beta1__N0160__Aminus_0p02,hm-m2-g2-L5p3-n2-beta1__N0160__Aplus_0p02,hm-m2-g2-L5p3-n2-beta1,160,-0.02,78,2.58375,1.0202816630604314,1.0165731670494773
hm-m2-g2-L5p3-n2-beta1__N0160__Aminus_0p02,hm-m2-g2-L5p3-n2-beta1__N0160__Aplus_0p02,hm-m2-g2-L5p3-n2-beta1,160,-0.02,79,2.6168750000000003,1.0203331467293588,1.0166134479213194
hm-m2-g2-L5p3-n2-beta1__N0160__Aminus_0p02,hm-m2-g2-L5p3-n2-beta1__N0160__Aplus_0p02,hm-m2-g2-L5p3-n2-beta1,160,-0.02,80,2.6500000000000004,1.0203503197619133,1.0166268827825196
hm-m2-g2-L5p3-n2-beta1__N0160__Aminus_0p02,hm-m2-g2-L5p3-n2-beta1__N0160__Aplus_0p02,hm-m2-g2-L5p3-n2-beta1,160,-0.02,81,2.683125,1.020333146729359,1.0166134479213187
hm-m2-g2-L5p3-n2-beta1__N0160__Aminus_0p02,hm-m2-g2-L5p3-n2-beta1__N0160__Aplus_0p02,hm-m2-g2-L5p3-n2-beta1,160,-0.02,82,2.71625,1.0202816630604317,1.0165731670494762
hm-m2-g2-L5p3-n2-beta1__N0160__Aminus_0p02,hm-m2-g2-L5p3-n2-beta1__N0160__Aplus_0p02,hm-m2-g2-L5p3-n2-beta1,160,-0.02,83,2.749375,1.0201959749200855,1.016506111245078
hm-m2-g2-L5p3-n2-beta1__N0160__Aminus_0p02,hm-m2-g2-L5p3-n2-beta1__N0160__Aplus_0p02,hm-m2-g2-L5p3-n2-beta1,160,-0.02,84,2.7825,1.020076258846518,1.0164123987812115
hm-m2-g2-L5p3-n2-beta1__N0160__Aminus_0p02,hm-m2-g2-L5p3-n2-beta1__N0160__Aplus_0p02,hm-m2-g2-L5p3-n2-beta1,160,-0.02,85,2.8156250000000003,1.019922761148819,1.0162921948412498
hm-m2-g2-L5p3-n2-beta1__N0160__Aminus_0p02,hm-m2-g2-L5p3-n2-beta1__N0160__Aplus_0p02,hm-m2-g2-L5p3-n2-beta1,160,-0.02,86,2.8487500000000003,1.0197357970691212,1.0161457111219812
hm-m2-g2-L5p3-n2-beta1__N0160__Aminus_0p02,hm-m2-g2-L5p3-n2-beta1__N0160__Aplus_0p02,hm-m2-g2-L5p3-n2-beta1,160,-0.02,87,2.881875,1.0195157497146299,1.015973205326295
hm-m2-g2-L5p3-n2-beta1__N0160__Aminus_0p02,hm-m2-g2-L5p3-n2-beta1__N0160__Aplus_0p02,hm-m2-g2-L5p3-n2-beta1,160,-0.02,88,2.915,1.019263068766345,1.0157749805476093
hm-m2-g2-L5p3-n2-beta1__N0160__Aminus_0p02,hm-m2-g2-L5p3-n2-beta1__N0160__Aplus_0p02,hm-m2-g2-L5p3-n2-beta1,160,-0.02,89,2.948125,1.018978268972658,1.0155513845486677
hm-m2-g2-L5p3-n2-beta1__N0160__Aminus_0p02,hm-m2-g2-L5p3-n2-beta1__N0160__Aplus_0p02,hm-m2-g2-L5p3-n2-beta1,160,-0.02,90,2.98125,1.018661928437286,1.0153028089377711
hm-m2-g2-L5p3-n2-beta1__N0160__Aminus_0p02,hm-m2-g2-L5p3-n2-beta1__N0160__Aplus_0p02,hm-m2-g2-L5p3-n2-beta1,160,-0.02,91,3.0143750000000002,1.018314686712202,1.0150296882459109
hm-m2-g2-L5p3-n2-beta1__N0160__Aminus_0p02,hm-m2-g2-L5p3-n2-beta1__N0160__Aplus_0p02,hm-m2-g2-L5p3-n2-beta1,160,-0.02,92,3.0475000000000003,1.0179372427072912,1.0147324989086541
hm-m2-g2-L5p3-n2-beta1__N0160__Aminus_0p02,hm-m2-g2-L5p3-n2-beta1__N0160__Aplus_0p02,hm-m2-g2-L5p3-n2-beta1,160,-0.02,93,3.080625,1.0175303524294284,1.0144117581569874
hm-m2-g2-L5p3-n2-beta1__N0160__Aminus_0p02,hm-m2-g2-L5p3-n2-beta1__N0160__Aplus_0p02,hm-m2-g2-L5p3-n2-beta1,160,-0.02,94,3.11375,1.0170948265645186,1.0140680228216397
hm-m2-g2-L5p3-n2-beta1__N0160__Aminus_0p02,hm-m2-g2-L5p3-n2-beta1__N0160__Aplus_0p02,hm-m2-g2-L5p3-n2-beta1,160,-0.02,95,3.146875,1.016631527916742,1.0137018880557067
hm-m2-g2-L5p3-n2-beta1__N0160__Aminus_0p02,hm-m2-g2-L5p3-n2-beta1__N0160__Aplus_0p02,hm-m2-g2-L5p3-n2-beta1,160,-0.02,96,3.18,1.016141368719828,1.0133139859806424
hm-m2-g2-L5p3-n2-beta1__N0160__Aminus_0p02,hm-m2-g2-L5p3-n2-beta1__N0160__Aplus_0p02,hm-m2-g2-L5p3-n2-beta1,160,-0.02,97,3.2131250000000002,1.0156253078356217,1.0129049842609144
hm-m2-g2-L5p3-n2-beta1__N0160__Aminus_0p02,hm-m2-g2-L5p3-n2-beta1__N0160__Aplus_0p02,hm-m2-g2-L5p3-n2-beta1,160,-0.02,98,3.2462500000000003,1.015084347855501,1.0124755846127997
hm-m2-g2-L5p3-n2-beta1__N0160__Aminus_0p02,hm-m2-g2-L5p3-n2-beta1__N0160__Aplus_0p02,hm-m2-g2-L5p3-n2-beta1,160,-0.02,99,3.2793750000000004,1.0145195321203846,1.0120265212529453
hm-m2-g2-L5p3-n2-beta1__N0160__Aminus_0p02,hm-m2-g2-L5p3-n2-beta1__N0160__Aplus_0p02,hm-m2-g2-L5p3-n2-beta1,160,-0.02,100,3.3125,1.0139319416750905,1.0115585592924345
hm-m2-g2-L5p3-n2-beta1__N0160__Aminus_0p02,hm-m2-g2-L5p3-n2-beta1__N0160__Aplus_0p02,hm-m2-g2-L5p3-n2-beta1,160,-0.02,101,3.345625,1.013322692172719,1.0110724930821713
hm-m2-g2-L5p3-n2-beta1__N0160__Aminus_0p02,hm-m2-g2-L5p3-n2-beta1__N0160__Aplus_0p02,hm-m2-g2-L5p3-n2-beta1,160,-0.02,102,3.37875,1.0126929307445187,1.010569144515439
hm-m2-g2-L5p3-n2-beta1__N0160__Aminus_0p02,hm-m2-g2-L5p3-n2-beta1__N0160__Aplus_0p02,hm-m2-g2-L5p3-n2-beta1,160,-0.02,103,3.411875,1.0120438328503547,1.0100493612934927
hm-m2-g2-L5p3-n2-beta1__N0160__Aminus_0p02,hm-m2-g2-L5p3-n2-beta1__N0160__Aplus_0p02,hm-m2-g2-L5p3-n2-beta1,160,-0.02,104,3.4450000000000003,1.0113765991244645,1.009514015160018
hm-m2-g2-L5p3-n2-beta1__N0160__Aminus_0p02,hm-m2-g2-L5p3-n2-beta1__N0160__Aplus_0p02,hm-m2-g2-L5p3-n2-beta1,160,-0.02,105,3.4781250000000004,1.0106924522306462,1.0089640001102302
hm-m2-g2-L5p3-n2-beta1__N0160__Aminus_0p02,hm-m2-g2-L5p3-n2-beta1__N0160__Aplus_0p02,hm-m2-g2-L5p3-n2-beta1,160,-0.02,106,3.51125,1.0099926337403937,1.0084002305802955
hm-m2-g2-L5p3-n2-beta1__N0160__Aminus_0p02,hm-m2-g2-L5p3-n2-beta1__N0160__Aplus_0p02,hm-m2-g2-L5p3-n2-beta1,160,-0.02,107,3.544375,1.0092784010467912,1.0078236396226383
hm-m2-g2-L5p3-n2-beta1__N0160__Aminus_0p02,hm-m2-g2-L5p3-n2-beta1__N0160__Aplus_0p02,hm-m2-g2-L5p3-n2-beta1,160,-0.02,108,3.5775,1.0085510243261986,1.0072351770725545
hm-m2-g2-L5p3-n2-beta1__N0160__Aminus_0p02,hm-m2-g2-L5p3-n2-beta1__N0160__Aplus_0p02,hm-m2-g2-L5p3-n2-beta1,160,-0.02,109,3.610625,1.0078117835589329,1.0066358077113786
hm-m2-g2-L5p3-n2-beta1__N0160__Aminus_0p02,hm-m2-g2-L5p3-n2-beta1__N0160__Aplus_0p02,hm-m2-g2-L5p3-n2-beta1,160,-0.02,110,3.6437500000000003,1.0070619656192654,1.0060265094312637
hm-m2-g2-L5p3-n2-beta1__N0160__Aminus_0p02,hm-m2-g2-L5p3-n2-beta1__N0160__Aplus_0p02,hm-m2-g2-L5p3-n2-beta1,160,-0.02,111,3.6768750000000003,1.0063028614441476,1.0054082714064214
hm-m2-g2-L5p3-n2-beta1__N0160__Aminus_0p02,hm-m2-g2-L5p3-n2-beta1__N0160__Aplus_0p02,hm-m2-g2-L5p3-n2-beta1,160,-0.02,112,3.71,1.0055357632891289,1.0047820922754378
hm-m2-g2-L5p3-n2-beta1__N0160__Aminus_0p02,hm-m2-g2-L5p3-n2-beta1__N0160__Aplus_0p02,hm-m2-g2-L5p3-n2-beta1,160,-0.02,113,3.743125,1.004761962078983,1.0041489783390443
hm-m2-g2-L5p3-n2-beta1__N0160__Aminus_0p02,hm-m2-g2-L5p3-n2-beta1__N0160__Aplus_0p02,hm-m2-g2-L5p3-n2-beta1,160,-0.02,114,3.77625,1.003982744859593,1.0035099417774616
hm-m2-g2-L5p3-n2-beta1__N0160__Aminus_0p02,hm-m2-g2-L5p3-n2-beta1__N0160__Aplus_0p02,hm-m2-g2-L5p3-n2-beta1,160,-0.02,115,3.809375,1.0031993923566918,1.002865998891173
hm-m2-g2-L5p3-n2-beta1__N0160__Aminus_0p02,hm-m2-g2-L5p3-n2-beta1__N0160__Aplus_0p02,hm-m2-g2-L5p3-n2-beta1,160,-0.02,116,3.8425000000000002,1.0024131766461049,1.0022181683687077
hm-m2-g2-L5p3-n2-beta1__N0160__Aminus_0p02,hm-m2-g2-L5p3-n2-beta1__N0160__Aplus_0p02,hm-m2-g2-L5p3-n2-beta1,160,-0.02,117,3.8756250000000003,1.0016253589392226,1.001567469584742
hm-m2-g2-L5p3-n2-beta1__N0160__Aminus_0p02,hm-m2-g2-L5p3-n2-beta1__N0160__Aplus_0p02,hm-m2-g2-L5p3-n2-beta1,160,-0.02,118,3.9087500000000004,1.0008371874865245,1.0009149209315382
hm-m2-g2-L5p3-n2-beta1__N0160__Aminus_0p02,hm-m2-g2-L5p3-n2-beta1__N0160__Aplus_0p02,hm-m2-g2-L5p3-n2-beta1,160,-0.02,119,3.941875,1.0000498956011155,1.000261538186466
hm-m2-g2-L5p3-n2-beta1__N0160__Aminus_0p02,hm-m2-g2-L5p3-n2-beta1__N0160__Aplus_0p02,hm-m2-g2-L5p3-n2-beta1,160,-0.02,120,3.975,0.9992646998034045,0.9996083329180675
hm-m2-g2-L5p3-n2-beta1__N0160__Aminus_0p02,hm-m2-g2-L5p3-n2-beta1__N0160__Aplus_0p02,hm-m2-g2-L5p3-n2-beta1,160,-0.02,121,4.008125000000001,0.9984827980872684,0.9989563109328484
hm-m2-g2-L5p3-n2-beta1__N0160__Aminus_0p02,hm-m2-g2-L5p3-n2-beta1__N0160__Aplus_0p02,hm-m2-g2-L5p3-n2-beta1,160,-0.02,122,4.04125,0.997705368307309,0.9983064707647052
hm-m2-g2-L5p3-n2-beta1__N0160__Aminus_0p02,hm-m2-g2-L5p3-n2-beta1__N0160__Aplus_0p02,hm-m2-g2-L5p3-n2-beta1,160,-0.02,123,4.074375,0.9969335666861154,0.9976598022086332
hm-m2-g2-L5p3-n2-beta1__N0160__Aminus_0p02,hm-m2-g2-L5p3-n2-beta1__N0160__Aplus_0p02,hm-m2-g2-L5p3-n2-beta1,160,-0.02,124,4.1075,0.9961685264398095,0.9970172849000988
hm-m2-g2-L5p3-n2-beta1__N0160__Aminus_0p02,hm-m2-g2-L5p3-n2-beta1__N0160__Aplus_0p02,hm-m2-g2-L5p3-n2-beta1,160,-0.02,125,4.140625,0.9954113565195647,0.9963798869412102
hm-m2-g2-L5p3-n2-beta1__N0160__Aminus_0p02,hm-m2-g2-L5p3-n2-beta1__N0160__Aplus_0p02,hm-m2-g2-L5p3-n2-beta1,160,-0.02,126,4.17375,0.9946631404662566,0.9957485635745766
hm-m2-g2-L5p3-n2-beta1__N0160__Aminus_0p02,hm-m2-g2-L5p3-n2-beta1__N0160__Aplus_0p02,hm-m2-g2-L5p3-n2-beta1,160,-0.02,127,4.206875,0.9939249353749248,0.995124255905524
hm-m2-g2-L5p3-n2-beta1__N0160__Aminus_0p02,hm-m2-g2-L5p3-n2-beta1__N0160__Aplus_0p02,hm-m2-g2-L5p3-n2-beta1,160,-0.02,128,4.24,0.9931977709653049,0.9945078896731105
hm-m2-g2-L5p3-n2-beta1__N0160__Aminus_0p02,hm-m2-g2-L5p3-n2-beta1__N0160__Aplus_0p02,hm-m2-g2-L5p3-n2-beta1,160,-0.02,129,4.273125,0.9924826487543148,0.9939003740701816
hm-m2-g2-L5p3-n2-beta1__N0160__Aminus_0p02,hm-m2-g2-L5p3-n2-beta1__N0160__Aplus_0p02,hm-m2-g2-L5p3-n2-beta1,160,-0.02,130,4.30625,0.9917805413260619,0.9933026006125145
hm-m2-g2-L5p3-n2-beta1__N0160__Aminus_0p02,hm-m2-g2-L5p3-n2-beta1__N0160__Aplus_0p02,hm-m2-g2-L5p3-n2-beta1,160,-0.02,131,4.339375,0.9910923916946697,0.9927154420569222
hm-m2-g2-L5p3-n2-beta1__N0160__Aminus_0p02,hm-m2-g2-L5p3-n2-beta1__N0160__Aplus_0p02,hm-m2-g2-L5p3-n2-beta1,160,-0.02,132,4.3725000000000005,0.9904191127550014,0.9921397513680207
hm-m2-g2-L5p3-n2-beta1__N0160__Aminus_0p02,hm-m2-g2-L5p3-n2-beta1__N0160__Aplus_0p02,hm-m2-g2-L5p3-n2-beta1,160,-0.02,133,4.405625000000001,0.9897615868161823,0.9915763607332102
hm-m2-g2-L5p3-n2-beta1__N0160__Aminus_0p02,hm-m2-g2-L5p3-n2-beta1__N0160__Aplus_0p02,hm-m2-g2-L5p3-n2-beta1,160,-0.02,134,4.438750000000001,0.9891206652126953,0.9910260806252932
hm-m2-g2-L5p3-n2-beta1__N0160__Aminus_0p02,hm-m2-g2-L5p3-n2-beta1__N0160__Aplus_0p02,hm-m2-g2-L5p3-n2-beta1,160,-0.02,135,4.471875,0.9884971679877317,0.9904896989120171
hm-m2-g2-L5p3-n2-beta1__N0160__Aminus_0p02,hm-m2-g2-L5p3-n2-beta1__N0160__Aplus_0p02,hm-m2-g2-L5p3-n2-beta1,160,-0.02,136,4.505,0.9878918836434323,0.9899679800117288
hm-m2-g2-L5p3-n2-beta1__N0160__Aminus_0p02,hm-m2-g2-L5p3-n2-beta1__N0160__Aplus_0p02,hm-m2-g2-L5p3-n2-beta1,160,-0.02,137,4.538125,0.9873055689526365,0.9894616640942282
hm-m2-g2-L5p3-n2-beta1__N0160__Aminus_0p02,hm-m2-g2-L5p3-n2-beta1__N0160__Aplus_0p02,hm-m2-g2-L5p3-n2-beta1,160,-0.02,138,4.57125,0.9867389488267796,0.988971466325831
hm-m2-g2-L5p3-n2-beta1__N0160__Aminus_0p02,hm-m2-g2-L5p3-n2-beta1__N0160__Aplus_0p02,hm-m2-g2-L5p3-n2-beta1,160,-0.02,139,4.604375,0.9861927162346227,0.988498076157575
hm-m2-g2-L5p3-n2-beta1__N0160__Aminus_0p02,hm-m2-g2-L5p3-n2-beta1__N0160__Aplus_0p02,hm-m2-g2-L5p3-n2-beta1,160,-0.02,140,4.6375,0.9856675321665849,0.9880421566554568
hm-m2-g2-L5p3-n2-beta1__N0160__Aminus_0p02,hm-m2-g2-L5p3-n2-beta1__N0160__Aplus_0p02,hm-m2-g2-L5p3-n2-beta1,160,-0.02,141,4.670625,0.9851640256395431,0.9876043438715342
hm-m2-g2-L5p3-n2-beta1__N0160__Aminus_0p02,hm-m2-g2-L5p3-n2-beta1__N0160__Aplus_0p02,hm-m2-g2-L5p3-n2-beta1,160,-0.02,142,4.70375,0.9846827937370938,0.9871852462547045
hm-m2-g2-L5p3-n2-beta1__N0160__Aminus_0p02,hm-m2-g2-L5p3-n2-beta1__N0160__Aplus_0p02,hm-m2-g2-L5p3-n2-beta1,160,-0.02,143,4.736875,0.9842244016804184,0.9867854440999458
hm-m2-g2-L5p3-n2-beta1__N0160__Aminus_0p02,hm-m2-g2-L5p3-n2-beta1__N0160__Aplus_0p02,hm-m2-g2-L5p3-n2-beta1,160,-0.02,144,4.7700000000000005,0.9837893829250544,0.9864054890347981
hm-m2-g2-L5p3-n2-beta1__N0160__Aminus_0p02,hm-m2-g2-L5p3-n2-beta1__N0160__Aplus_0p02,hm-m2-g2-L5p3-n2-beta1,160,-0.02,145,4.8031250000000005,0.9833782392790581,0.9860459035418658
hm-m2-g2-L5p3-n2-beta1__N0160__Aminus_0p02,hm-m2-g2-L5p3-n2-beta1__N0160__Aplus_0p02,hm-m2-g2-L5p3-n2-beta1,160,-0.02,146,4.836250000000001,0.9829914410382365,0.9857071805161328
hm-m2-g2-L5p3-n2-beta1__N0160__Aminus_0p02,hm-m2-g2-L5p3-n2-beta1__N0160__Aplus_0p02,hm-m2-g2-L5p3-n2-beta1,160,-0.02,147,4.869375000000001,0.9826294271343335,0.9853897828558992
hm-m2-g2-L5p3-n2-beta1__N0160__Aminus_0p02,hm-m2-g2-L5p3-n2-beta1__N0160__Aplus_0p02,hm-m2-g2-L5p3-n2-beta1,160,-0.02,148,4.9025,0.98229260529227,0.985094143086183
hm-m2-g2-L5p3-n2-beta1__N0160__Aminus_0p02,hm-m2-g2-L5p3-n2-beta1__N0160__Aplus_0p02,hm-m2-g2-L5p3-n2-beta1,160,-0.02,149,4.935625,0.9819813521927663,0.9848206630134645
hm-m2-g2-L5p3-n2-beta1__N0160__Aminus_0p02,hm-m2-g2-L5p3-n2-beta1__N0160__Aplus_0p02,hm-m2-g2-L5p3-n2-beta1,160,-0.02,150,4.96875,0.9816960136369041,0.9845697134106942
hm-m2-g2-L5p3-n2-beta1__N0160__Aminus_0p02,hm-m2-g2-L5p3-n2-beta1__N0160__Aplus_0p02,hm-m2-g2-L5p3-n2-beta1,160,-0.02,151,5.001875,0.9814369047094271,0.9843416337315444
hm-m2-g2-L5p3-n2-beta1__N0160__Aminus_0p02,hm-m2-g2-L5p3-n2-beta1__N0160__Aplus_0p02,hm-m2-g2-L5p3-n2-beta1,160,-0.02,152,5.035,0.9812043099378219,0.9841367318529332
hm-m2-g2-L5p3-n2-beta1__N0160__Aminus_0p02,hm-m2-g2-L5p3-n2-beta1__N0160__Aplus_0p02,hm-m2-g2-L5p3-n2-beta1,160,-0.02,153,5.068125,0.9809984834444688,0.9839552838449236
hm-m2-g2-L5p3-n2-beta1__N0160__Aminus_0p02,hm-m2-g2-L5p3-n2-beta1__N0160__Aplus_0p02,hm-m2-g2-L5p3-n2-beta1,160,-0.02,154,5.10125,0.9808196490894051,0.9837975337671648
hm-m2-g2-L5p3-n2-beta1__N0160__Aminus_0p02,hm-m2-g2-L5p3-n2-beta1__N0160__Aplus_0p02,hm-m2-g2-L5p3-n2-beta1,160,-0.02,155,5.134375,0.980668000601497,0.9836636934911184
hm-m2-g2-L5p3-n2-beta1__N0160__Aminus_0p02,hm-m2-g2-L5p3-n2-beta1__N0160__Aplus_0p02,hm-m2-g2-L5p3-n2-beta1,160,-0.02,156,5.1675,0.9805437016960689,0.9835539425473921
hm-m2-g2-L5p3-n2-beta1__N0160__Aminus_0p02,hm-m2-g2-L5p3-n2-beta1__N0160__Aplus_0p02,hm-m2-g2-L5p3-n2-beta1,160,-0.02,157,5.2006250000000005,0.9804468861773041,0.9834684279975865
hm-m2-g2-L5p3-n2-beta1__N0160__Aminus_0p02,hm-m2-g2-L5p3-n2-beta1__N0160__Aplus_0p02,hm-m2-g2-L5p3-n2-beta1,160,-0.02,158,5.233750000000001,0.9803776580239802,0.9834072643301457
hm-m2-g2-L5p3-n2-beta1__N0160__Aminus_0p02,hm-m2-g2-L5p3-n2-beta1__N0160__Aplus_0p02,hm-m2-g2-L5p3-n2-beta1,160,-0.02,159,5.266875000000001,0.98033609145737,0.9833705333797926
hm-m2-g2-L5p3-n2-beta1__N0160__Aminus_0p02,hm-m2-g2-L5p3-n2-beta1__N0160__Aplus_0p02,hm-m2-g2-L5p3-n2-beta1,160,-0.02,160,5.3,0.9803222309903933,0.9833582842702187
hm-m2-g2-L5p3-n2-beta1__N0160__Aminus_0p01,hm-m2-g2-L5p3-n2-beta1__N0160__Aplus_0p01,hm-m2-g2-L5p3-n2-beta1,160,-0.01,0,0.0,0.990082255562299,0.9916825044584824
hm-m2-g2-L5p3-n2-beta1__N0160__Aminus_0p01,hm-m2-g2-L5p3-n2-beta1__N0160__Aplus_0p01,hm-m2-g2-L5p3-n2-beta1,160,-0.01,1,0.033125,0.9900895642300033,0.9916887696431282
hm-m2-g2-L5p3-n2-beta1__N0160__Aminus_0p01,hm-m2-g2-L5p3-n2-beta1__N0160__Aplus_0p01,hm-m2-g2-L5p3-n2-beta1,160,-0.01,2,0.06625,0.9901114807290906,0.9917075561915508
hm-m2-g2-L5p3-n2-beta1__N0160__Aminus_0p01,hm-m2-g2-L5p3-n2-beta1__N0160__Aplus_0p01,hm-m2-g2-L5p3-n2-beta1,160,-0.01,3,0.099375,0.9901479765522917,0.9917388370972713
hm-m2-g2-L5p3-n2-beta1__N0160__Aminus_0p01,hm-m2-g2-L5p3-n2-beta1__N0160__Aplus_0p01,hm-m2-g2-L5p3-n2-beta1,160,-0.01,4,0.1325,0.9901990042035546,0.9917825673830503
hm-m2-g2-L5p3-n2-beta1__N0160__Aminus_0p01,hm-m2-g2-L5p3-n2-beta1__N0160__Aplus_0p01,hm-m2-g2-L5p3-n2-beta1,160,-0.01,5,0.16562500000000002,0.9902644972222804,0.9918386841512415
hm-m2-g2-L5p3-n2-beta1__N0160__Aminus_0p01,hm-m2-g2-L5p3-n2-beta1__N0160__Aplus_0p01,hm-m2-g2-L5p3-n2-beta1,160,-0.01,6,0.19875,0.9903443702175329,0.9919071066543256
hm-m2-g2-L5p3-n2-beta1__N0160__Aminus_0p01,hm-m2-g2-L5p3-n2-beta1__N0160__Aplus_0p01,hm-m2-g2-L5p3-n2-beta1,160,-0.01,7,0.231875,0.9904385189124989,0.9919877363856544
hm-m2-g2-L5p3-n2-beta1__N0160__Aminus_0p01,hm-m2-g2-L5p3-n2-beta1__N0160__Aplus_0p01,hm-m2-g2-L5p3-n2-beta1,160,-0.01,8,0.265,0.9905468201995559,0.9920804571904527
hm-m2-g2-L5p3-n2-beta1__N0160__Aminus_0p01,hm-m2-g2-L5p3-n2-beta1__N0160__Aplus_0p01,hm-m2-g2-L5p3-n2-beta1,160,-0.01,9,0.29812500000000003,0.9906691322063753,0.9921851353971259
hm-m2-g2-L5p3-n2-beta1__N0160__Aminus_0p01,hm-m2-g2-L5p3-n2-beta1__N0160__Aplus_0p01,hm-m2-g2-L5p3-n2-beta1,160,-0.01,10,0.33125000000000004,0.9908052943735657,0.9923016199689345
hm-m2-g2-L5p3-n2-beta1__N0160__Aminus_0p01,hm-m2-g2-L5p3-n2-beta1__N0160__Aplus_0p01,hm-m2-g2-L5p3-n2-beta1,160,-0.01,11,0.364375,0.9909551275444282,0.9924297426760968
hm-m2-g2-L5p3-n2-beta1__N0160__Aminus_0p01,hm-m2-g2-L5p3-n2-beta1__N0160__Aplus_0p01,hm-m2-g2-L5p3-n2-beta1,160,-0.01,12,0.3975,0.9911184340674654,0.9925693182883902
hm-m2-g2-L5p3-n2-beta1__N0160__Aminus_0p01,hm-m2-g2-L5p3-n2-beta1__N0160__Aplus_0p01,hm-m2-g2-L5p3-n2-beta1,160,-0.01,13,0.43062500000000004,0.991294997912349,0.9927201447883178
hm-m2-g2-L5p3-n2-beta1__N0160__Aminus_0p01,hm-m2-g2-L5p3-n2-beta1__N0160__Aplus_0p01,hm-m2-g2-L5p3-n2-beta1,160,-0.01,14,0.46375,0.9914845848001095,0.9928820036049146
hm-m2-g2-L5p3-n2-beta1__N0160__Aminus_0p01,hm-m2-g2-L5p3-n2-beta1__N0160__Aplus_0p01,hm-m2-g2-L5p3-n2-beta1,160,-0.01,15,0.496875,0.99168694234837,0.9930546598682614
hm-m2-g2-L5p3-n2-beta1__N0160__Aminus_0p01,hm-m2-g2-L5p3-n2-beta1__N0160__Aplus_0p01,hm-m2-g2-L5p3-n2-beta1,160,-0.01,16,0.53,0.9919018002324945,0.9932378626847709
hm-m2-g2-L5p3-n2-beta1__N0160__Aminus_0p01,hm-m2-g2-L5p3-n2-beta1__N0160__Aplus_0p01,hm-m2-g2-L5p3-n2-beta1,160,-0.01,17,0.563125,0.9921288703635684,0.9934313454333107
hm-m2-g2-L5p3-n2-beta1__N0160__Aminus_0p01,hm-m2-g2-L5p3-n2-beta1__N0160__Aplus_0p01,hm-m2-g2-L5p3-n2-beta1,160,-0.01,18,0.5962500000000001,0.9923678470841693,0.993634826082209
hm-m2-g2-L5p3-n2-beta1__N0160__Aminus_0p01,hm-m2-g2-L5p3-n2-beta1__N0160__Aplus_0p01,hm-m2-g2-L5p3-n2-beta1,160,-0.01,19,0.629375,0.9926184073829187,0.9938480075271914
hm-m2-g2-L5p3-n2-beta1__N0160__Aminus_0p01,hm-m2-g2-L5p3-n2-beta1__N0160__Aplus_0p01,hm-m2-g2-L5p3-n2-beta1,160,-0.01,20,0.6625000000000001,0.992880211128837,0.994070577950271
hm-m2-g2-L5p3-n2-beta1__N0160__Aminus_0p01,hm-m2-g2-L5p3-n2-beta1__N0160__Aplus_0p01,hm-m2-g2-L5p3-n2-beta1,160,-0.01,21,0.695625,0.9931529013265376,0.9943022111996066
hm-m2-g2-L5p3-n2-beta1__N0160__Aminus_0p01,hm-m2-g2-L5p3-n2-beta1__N0160__Aplus_0p01,hm-m2-g2-L5p3-n2-beta1,160,-0.01,22,0.72875,0.9934361043933201,0.9945425671903226
hm-m2-g2-L5p3-n2-beta1__N0160__Aminus_0p01,hm-m2-g2-L5p3-n2-beta1__N0160__Aplus_0p01,hm-m2-g2-L5p3-n2-beta1,160,-0.01,23,0.7618750000000001,0.9937294304592175,0.9947912923262583
hm-m2-g2-L5p3-n2-beta1__N0160__Aminus_0p01,hm-m2-g2-L5p3-n2-beta1__N0160__Aplus_0p01,hm-m2-g2-L5p3-n2-beta1,160,-0.01,24,0.795,0.9940324736910574,0.9950480199425943
hm-m2-g2-L5p3-n2-beta1__N0160__Aminus_0p01,hm-m2-g2-L5p3-n2-beta1__N0160__Aplus_0p01,hm-m2-g2-L5p3-n2-beta1,160,-0.01,25,0.828125,0.9943448126415837,0.9953123707692751
hm-m2-g2-L5p3-n2-beta1__N0160__Aminus_0p01,hm-m2-g2-L5p3-n2-beta1__N0160__Aplus_0p01,hm-m2-g2-L5p3-n2-beta1,160,-0.01,26,0.8612500000000001,0.9946660106246662,0.9955839534151109
hm-m2-g2-L5p3-n2-beta1__N0160__Aminus_0p01,hm-m2-g2-L5p3-n2-beta1__N0160__Aplus_0p01,hm-m2-g2-L5p3-n2-beta1,160,-0.01,27,0.894375,0.9949956161175949,0.9958623648724118
hm-m2-g2-L5p3-n2-beta1__N0160__Aminus_0p01,hm-m2-g2-L5p3-n2-beta1__N0160__Aplus_0p01,hm-m2-g2-L5p3-n2-beta1,160,-0.01,28,0.9275,0.9953331631914211,0.9961471910419706
hm-m2-g2-L5p3-n2-beta1__N0160__Aminus_0p01,hm-m2-g2-L5p3-n2-beta1__N0160__Aplus_0p01,hm-m2-g2-L5p3-n2-beta1,160,-0.01,29,0.9606250000000001,0.9956781719702551,0.9964380072781656
hm-m2-g2-L5p3-n2-beta1__N0160__Aminus_0p01,hm-m2-g2-L5p3-n2-beta1__N0160__Aplus_0p01,hm-m2-g2-L5p3-n2-beta1,160,-0.01,30,0.99375,0.996030149120376,0.9967343789539147
hm-m2-g2-L5p3-n2-beta1__N0160__Aminus_0p01,hm-m2-g2-L5p3-n2-beta1__N0160__Aplus_0p01,hm-m2-g2-L5p3-n2-beta1,160,-0.01,31,1.026875,0.9963885883699367,0.9970358620451639
hm-m2-g2-L5p3-n2-beta1__N0160__Aminus_0p01,hm-m2-g2-L5p3-n2-beta1__N0160__Aplus_0p01,hm-m2-g2-L5p3-n2-beta1,160,-0.01,32,1.06,0.9967529710599738,0.9973420037345454
hm-m2-g2-L5p3-n2-beta1__N0160__Aminus_0p01,hm-m2-g2-L5p3-n2-beta1__N0160__Aplus_0p01,hm-m2-g2-L5p3-n2-beta1,160,-0.01,33,1.0931250000000001,0.9971227667273382,0.997652343033784
hm-m2-g2-L5p3-n2-beta1__N0160__Aminus_0p01,hm-m2-g2-L5p3-n2-beta1__N0160__Aplus_0p01,hm-m2-g2-L5p3-n2-beta1,160,-0.01,34,1.12625,0.9974974337200656,0.9979664114243828
hm-m2-g2-L5p3-n2-beta1__N0160__Aminus_0p01,hm-m2-g2-L5p3-n2-beta1__N0160__Aplus_0p01,hm-m2-g2-L5p3-n2-beta1,160,-0.01,35,1.159375,0.9978764198455975,0.998283733516052
hm-m2-g2-L5p3-n2-beta1__N0160__Aminus_0p01,hm-m2-g2-L5p3-n2-beta1__N0160__Aplus_0p01,hm-m2-g2-L5p3-n2-beta1,160,-0.01,36,1.1925000000000001,0.9982591630521405,0.9986038277222945
hm-m2-g2-L5p3-n2-beta1__N0160__Aminus_0p01,hm-m2-g2-L5p3-n2-beta1__N0160__Aplus_0p01,hm-m2-g2-L5p3-n2-beta1,160,-0.01,37,1.225625,0.9986450921433253,0.998926206952495
hm-m2-g2-L5p3-n2-beta1__N0160__Aminus_0p01,hm-m2-g2-L5p3-n2-beta1__N0160__Aplus_0p01,hm-m2-g2-L5p3-n2-beta1,160,-0.01,38,1.25875,0.9990336275261861,0.9992503793197954
hm-m2-g2-L5p3-n2-beta1__N0160__Aminus_0p01,hm-m2-g2-L5p3-n2-beta1__N0160__Aplus_0p01,hm-m2-g2-L5p3-n2-beta1,160,-0.01,39,1.291875,0.9994241819923321,0.9995758488639747
hm-m2-g2-L5p3-n2-beta1__N0160__Aminus_0p01,hm-m2-g2-L5p3-n2-beta1__N0160__Aplus_0p01,hm-m2-g2-L5p3-n2-beta1,160,-0.01,40,1.3250000000000002,0.9998161615320289,0.9999021162884881
hm-m2-g2-L5p3-n2-beta1__N0160__Aminus_0p01,hm-m2-g2-L5p3-n2-beta1__N0160__Aplus_0p01,hm-m2-g2-L5p3-n2-beta1,160,-0.01,41,1.358125,1.0002089661807383,1.0002286797107487
hm-m2-g2-L5p3-n2-beta1__N0160__Aminus_0p01,hm-m2-g2-L5p3-n2-beta1__N0160__Aplus_0p01,hm-m2-g2-L5p3-n2-beta1,160,-0.01,42,1.39125,1.0006019908974952,1.0005550354246668
hm-m2-g2-L5p3-n2-beta1__N0160__Aminus_0p01,hm-m2-g2-L5p3-n2-beta1__N0160__Aplus_0p01,hm-m2-g2-L5p3-n2-beta1,160,-0.01,43,1.4243750000000002,1.0009946264743217,1.000880678674399
hm-m2-g2-L5p3-n2-beta1__N0160__Aminus_0p01,hm-m2-g2-L5p3-n2-beta1__N0160__Aplus_0p01,hm-m2-g2-L5p3-n2-beta1,160,-0.01,44,1.4575,1.0013862604756898,1.0012051044381822
hm-m2-g2-L5p3-n2-beta1__N0160__Aminus_0p01,hm-m2-g2-L5p3-n2-beta1__N0160__Aplus_0p01,hm-m2-g2-L5p3-n2-beta1,160,-0.01,45,1.490625,1.001776278206859,1.0015278082210703
hm-m2-g2-L5p3-n2-beta1__N0160__Aminus_0p01,hm-m2-g2-L5p3-n2-beta1__N0160__Aplus_0p01,hm-m2-g2-L5p3-n2-beta1,160,-0.01,46,1.5237500000000002,1.0021640637097202,1.0018482868553138
hm-m2-g2-L5p3-n2-beta1__N0160__Aminus_0p01,hm-m2-g2-L5p3-n2-beta1__N0160__Aplus_0p01,hm-m2-g2-L5p3-n2-beta1,160,-0.01,47,1.556875,1.0025490007845776,1.0021660393070675
hm-m2-g2-L5p3-n2-beta1__N0160__Aminus_0p01,hm-m2-g2-L5p3-n2-beta1__N0160__Aplus_0p01,hm-m2-g2-L5p3-n2-beta1,160,-0.01,48,1.59,1.0029304740361098,1.002480567488038
hm-m2-g2-L5p3-n2-beta1__N0160__Aminus_0p01,hm-m2-g2-L5p3-n2-beta1__N0160__Aplus_0p01,hm-m2-g2-L5p3-n2-beta1,160,-0.01,49,1.6231250000000002,1.0033078699415499,1.0027913770706298
hm-m2-g2-L5p3-n2-beta1__N0160__Aminus_0p01,hm-m2-g2-L5p3-n2-beta1__N0160__Aplus_0p01,hm-m2-g2-L5p3-n2-beta1,160,-0.01,50,1.65625,1.0036805779389286,1.0030979783050857
hm-m2-g2-L5p3-n2-beta1__N0160__Aminus_0p01,hm-m2-g2-L5p3-n2-beta1__N0160__Aplus_0p01,hm-m2-g2-L5p3-n2-beta1,160,-0.01,51,1.689375,1.0040479915330338,1.0033998868370597
hm-m2-g2-L5p3-n2-beta1__N0160__Aminus_0p01,hm-m2-g2-L5p3-n2-beta1__N0160__Aplus_0p01,hm-m2-g2-L5p3-n2-beta1,160,-0.01,52,1.7225000000000001,1.004409509416552,1.0036966245240169
hm-m2-g2-L5p3-n2-beta1__N0160__Aminus_0p01,hm-m2-g2-L5p3-n2-beta1__N0160__Aplus_0p01,hm-m2-g2-L5p3-n2-beta1,160,-0.01,53,1.755625,1.0047645366036708,1.003987720248797
hm-m2-g2-L5p3-n2-beta1__N0160__Aminus_0p01,hm-m2-g2-L5p3-n2-beta1__N0160__Aplus_0p01,hm-m2-g2-L5p3-n2-beta1,160,-0.01,54,1.78875,1.0051124855732556,1.004272710728642
hm-m2-g2-L5p3-n2-beta1__N0160__Aminus_0p01,hm-m2-g2-L5p3-n2-beta1__N0160__Aplus_0p01,hm-m2-g2-L5p3-n2-beta1,160,-0.01,55,1.8218750000000001,1.0054527774185371,1.0045511413179495
hm-m2-g2-L5p3-n2-beta1__N0160__Aminus_0p01,hm-m2-g2-L5p3-n2-beta1__N0160__Aplus_0p01,hm-m2-g2-L5p3-n2-beta1,160,-0.01,56,1.855,1.0057848430001048,1.004822566802976
hm-m2-g2-L5p3-n2-beta1__N0160__Aminus_0p01,hm-m2-g2-L5p3-n2-beta1__N0160__Aplus_0p01,hm-m2-g2-L5p3-n2-beta1,160,-0.01,57,1.888125,1.006108124098848,1.0050865521866947
hm-m2-g2-L5p3-n2-beta1__N0160__Aminus_0p01,hm-m2-g2-L5p3-n2-beta1__N0160__Aplus_0p01,hm-m2-g2-L5p3-n2-beta1,160,-0.01,58,1.9212500000000001,1.006422074565368,1.005342673461983
hm-m2-g2-L5p3-n2-beta1__N0160__Aminus_0p01,hm-m2-g2-L5p3-n2-beta1__N0160__Aplus_0p01,hm-m2-g2-L5p3-n2-beta1,160,-0.01,59,1.9543750000000002,1.0067261614622653,1.0055905183713112
hm-m2-g2-L5p3-n2-beta1__N0160__Aminus_0p01,hm-m2-g2-L5p3-n2-beta1__N0160__Aplus_0p01,hm-m2-g2-L5p3-n2-beta1,160,-0.01,60,1.9875,1.0070198661956178,1.0058296871510861
hm-m2-g2-L5p3-n2-beta1__N0160__Aminus_0p01,hm-m2-g2-L5p3-n2-beta1__N0160__Aplus_0p01,hm-m2-g2-L5p3-n2-beta1,160,-0.01,61,2.020625,1.007302685631881,1.0060597932588116
hm-m2-g2-L5p3-n2-beta1__N0160__Aminus_0p01,hm-m2-g2-L5p3-n2-beta1__N0160__Aplus_0p01,hm-m2-g2-L5p3-n2-beta1,160,-0.01,62,2.05375,1.0075741331963926,1.0062804640812293
hm-m2-g2-L5p3-n2-beta1__N0160__Aminus_0p01,hm-m2-g2-L5p3-n2-beta1__N0160__Aplus_0p01,hm-m2-g2-L5p3-n2-beta1,160,-0.01,63,2.086875,1.0078337399496202,1.0064913416216223
hm-m2-g2-L5p3-n2-beta1__N0160__Aminus_0p01,hm-m2-g2-L5p3-n2-beta1__N0160__Aplus_0p01,hm-m2-g2-L5p3-n2-beta1,160,-0.01,64,2.12,1.0080810556372803,1.0066920831644852
hm-m2-g2-L5p3-n2-beta1__N0160__Aminus_0p01,hm-m2-g2-L5p3-n2-beta1__N0160__Aplus_0p01,hm-m2-g2-L5p3-n2-beta1,160,-0.01,65,2.153125,1.0083156497104622,1.0068823619157927
hm-m2-g2-L5p3-n2-beta1__N0160__Aminus_0p01,hm-m2-g2-L5p3-n2-beta1__N0160__Aplus_0p01,hm-m2-g2-L5p3-n2-beta1,160,-0.01,66,2.1862500000000002,1.008537112311921,1.0070618676171446
hm-m2-g2-L5p3-n2-beta1__N0160__Aminus_0p01,hm-m2-g2-L5p3-n2-beta1__N0160__Aplus_0p01,hm-m2-g2-L5p3-n2-beta1,160,-0.01,67,2.2193750000000003,1.0087450552247599,1.0072303071320998
hm-m2-g2-L5p3-n2-beta1__N0160__Aminus_0p01,hm-m2-g2-L5p3-n2-beta1__N0160__Aplus_0p01,hm-m2-g2-L5p3-n2-beta1,160,-0.01,68,2.2525,1.0089391127797986,1.0073874050030796
hm-m2-g2-L5p3-n2-beta1__N0160__Aminus_0p01,hm-m2-g2-L5p3-n2-beta1__N0160__Aplus_0p01,hm-m2-g2-L5p3-n2-beta1,160,-0.01,69,2.285625,1.0091189427180225,1.0075329039772711
hm-m2-g2-L5p3-n2-beta1__N0160__Aminus_0p01,hm-m2-g2-L5p3-n2-beta1__N0160__Aplus_0p01,hm-m2-g2-L5p3-n2-beta1,160,-0.01,70,2.31875,1.0092842270046398,1.007666565500041
hm-m2-g2-L5p3-n2-beta1__N0160__Aminus_0p01,hm-m2-g2-L5p3-n2-beta1__N0160__Aplus_0p01,hm-m2-g2-L5p3-n2-beta1,160,-0.01,71,2.351875,1.009434672591419,1.007788170174438
hm-m2-g2-L5p3-n2-beta1__N0160__Aminus_0p01,hm-m2-g2-L5p3-n2-beta1__N0160__Aplus_0p01,hm-m2-g2-L5p3-n2-beta1,160,-0.01,72,2.3850000000000002,1.0095700121241447,1.0078975181854573
hm-m2-g2-L5p3-n2-beta1__N0160__Aminus_0p01,hm-m2-g2-L5p3-n2-beta1__N0160__Aplus_0p01,hm-m2-g2-L5p3-n2-beta1,160,-0.01,73,2.4181250000000003,1.0096900045922335,1.0079944296878178
hm-m2-g2-L5p3-n2-beta1__N0160__Aminus_0p01,hm-m2-g2-L5p3-n2-beta1__N0160__Aplus_0p01,hm-m2-g2-L5p3-n2-beta1,160,-0.01,74,2.45125,1.0097944359177538,1.008078745156115
hm-m2-g2-L5p3-n2-beta1__N0160__Aminus_0p01,hm-m2-g2-L5p3-n2-beta1__N0160__Aplus_0p01,hm-m2-g2-L5p3-n2-beta1,160,-0.01,75,2.484375,1.0098831194813367,1.0081503256963065
hm-m2-g2-L5p3-n2-beta1__N0160__Aminus_0p01,hm-m2-g2-L5p3-n2-beta1__N0160__Aplus_0p01,hm-m2-g2-L5p3-n2-beta1,160,-0.01,76,2.5175,1.0099558965827067,1.0082090533175947
hm-m2-g2-L5p3-n2-beta1__N0160__Aminus_0p01,hm-m2-g2-L5p3-n2-beta1__N0160__Aplus_0p01,hm-m2-g2-L5p3-n2-beta1,160,-0.01,77,2.550625,1.0100126368338374,1.0082548311638961
hm-m2-g2-L5p3-n2-beta1__N0160__Aminus_0p01,hm-m2-g2-L5p3-n2-beta1__N0160__Aplus_0p01,hm-m2-g2-L5p3-n2-beta1,160,-0.01,78,2.58375,1.0100532384830099,1.0082875837041898
hm-m2-g2-L5p3-n2-beta1__N0160__Aminus_0p01,hm-m2-g2-L5p3-n2-beta1__N0160__Aplus_0p01,hm-m2-g2-L5p3-n2-beta1,160,-0.01,79,2.6168750000000003,1.0100776286683564,1.008307256881174
hm-m2-g2-L5p3-n2-beta1__N0160__Aminus_0p01,hm-m2-g2-L5p3-n2-beta1__N0160__Aplus_0p01,hm-m2-g2-L5p3-n2-beta1,160,-0.01,80,2.6500000000000004,1.0100857635997664,1.0083138182177729
hm-m2-g2-L5p3-n2-beta1__N0160__Aminus_0p01,hm-m2-g2-L5p3-n2-beta1__N0160__Aplus_0p01,hm-m2-g2-L5p3-n2-beta1,160,-0.01,81,2.683125,1.010077628668356,1.0083072568811724
hm-m2-g2-L5p3-n2-beta1__N0160__Aminus_0p01,hm-m2-g2-L5p3-n2-beta1__N0160__Aplus_0p01,hm-m2-g2-L5p3-n2-beta1,160,-0.01,82,2.71625,1.010053238483009,1.008287583704187
hm-m2-g2-L5p3-n2-beta1__N0160__Aminus_0p01,hm-m2-g2-L5p3-n2-beta1__N0160__Aplus_0p01,hm-m2-g2-L5p3-n2-beta1,160,-0.01,83,2.749375,1.010012636833836,1.0082548311638921
hm-m2-g2-L5p3-n2-beta1__N0160__Aminus_0p01,hm-m2-g2-L5p3-n2-beta1__N0160__Aplus_0p01,hm-m2-g2-L5p3-n2-beta1,160,-0.01,84,2.7825,1.0099558965827051,1.0082090533175896
hm-m2-g2-L5p3-n2-beta1__N0160__Aminus_0p01,hm-m2-g2-L5p3-n2-beta1__N0160__Aplus_0p01,hm-m2-g2-L5p3-n2-beta1,160,-0.01,85,2.8156250000000003,1.0098831194813345,1.0081503256963
hm-m2-g2-L5p3-n2-beta1__N0160__Aminus_0p01,hm-m2-g2-L5p3-n2-beta1__N0160__Aplus_0p01,hm-m2-g2-L5p3-n2-beta1,160,-0.01,86,2.8487500000000003,1.0097944359177513,1.0080787451561073
hm-m2-g2-L5p3-n2-beta1__N0160__Aminus_0p01,hm-m2-g2-L5p3-n2-beta1__N0160__Aplus_0p01,hm-m2-g2-L5p3-n2-beta1,160,-0.01,87,2.881875,1.0096900045922306,1.0079944296878087
hm-m2-g2-L5p3-n2-beta1__N0160__Aminus_0p01,hm-m2-g2-L5p3-n2-beta1__N0160__Aplus_0p01,hm-m2-g2-L5p3-n2-beta1,160,-0.01,88,2.915,1.0095700121241413,1.007897518185447
hm-m2-g2-L5p3-n2-beta1__N0160__Aminus_0p01,hm-m2-g2-L5p3-n2-beta1__N0160__Aplus_0p01,hm-m2-g2-L5p3-n2-beta1,160,-0.01,89,2.948125,1.009434672591415,1.0077881701744267
hm-m2-g2-L5p3-n2-beta1__N0160__Aminus_0p01,hm-m2-g2-L5p3-n2-beta1__N0160__Aplus_0p01,hm-m2-g2-L5p3-n2-beta1,160,-0.01,90,2.98125,1.0092842270046354,1.0076665655000285
hm-m2-g2-L5p3-n2-beta1__N0160__Aminus_0p01,hm-m2-g2-L5p3-n2-beta1__N0160__Aplus_0p01,hm-m2-g2-L5p3-n2-beta1,160,-0.01,91,3.0143750000000002,1.0091189427180176,1.0075329039772576
hm-m2-g2-L5p3-n2-beta1__N0160__Aminus_0p01,hm-m2-g2-L5p3-n2-beta1__N0160__Aplus_0p01,hm-m2-g2-L5p3-n2-beta1,160,-0.01,92,3.0475000000000003,1.0089391127797933,1.007387405003065
hm-m2-g2-L5p3-n2-beta1__N0160__Aminus_0p01,hm-m2-g2-L5p3-n2-beta1__N0160__Aplus_0p01,hm-m2-g2-L5p3-n2-beta1,160,-0.01,93,3.080625,1.008745055224754,1.0072303071320843
hm-m2-g2-L5p3-n2-beta1__N0160__Aminus_0p01,hm-m2-g2-L5p3-n2-beta1__N0160__Aplus_0p01,hm-m2-g2-L5p3-n2-beta1,160,-0.01,94,3.11375,1.0085371123119145,1.0070618676171281
hm-m2-g2-L5p3-n2-beta1__N0160__Aminus_0p01,hm-m2-g2-L5p3-n2-beta1__N0160__Aplus_0p01,hm-m2-g2-L5p3-n2-beta1,160,-0.01,95,3.146875,1.0083156497104553,1.0068823619157754
hm-m2-g2-L5p3-n2-beta1__N0160__Aminus_0p01,hm-m2-g2-L5p3-n2-beta1__N0160__Aplus_0p01,hm-m2-g2-L5p3-n2-beta1,160,-0.01,96,3.18,1.008081055637273,1.0066920831644668
hm-m2-g2-L5p3-n2-beta1__N0160__Aminus_0p01,hm-m2-g2-L5p3-n2-beta1__N0160__Aplus_0p01,hm-m2-g2-L5p3-n2-beta1,160,-0.01,97,3.2131250000000002,1.0078337399496122,1.0064913416216028
hm-m2-g2-L5p3-n2-beta1__N0160__Aminus_0p01,hm-m2-g2-L5p3-n2-beta1__N0160__Aplus_0p01,hm-m2-g2-L5p3-n2-beta1,160,-0.01,98,3.2462500000000003,1.0075741331963841,1.0062804640812084
hm-m2-g2-L5p3-n2-beta1__N0160__Aminus_0p01,hm-m2-g2-L5p3-n2-beta1__N0160__Aplus_0p01,hm-m2-g2-L5p3-n2-beta1,160,-0.01,99,3.2793750000000004,1.0073026856318719,1.0060597932587894
hm-m2-g2-L5p3-n2-beta1__N0160__Aminus_0p01,hm-m2-g2-L5p3-n2-beta1__N0160__Aplus_0p01,hm-m2-g2-L5p3-n2-beta1,160,-0.01,100,3.3125,1.007019866195608,1.0058296871510626
hm-m2-g2-L5p3-n2-beta1__N0160__Aminus_0p01,hm-m2-g2-L5p3-n2-beta1__N0160__Aplus_0p01,hm-m2-g2-L5p3-n2-beta1,160,-0.01,101,3.345625,1.0067261614622551,1.0055905183712863
hm-m2-g2-L5p3-n2-beta1__N0160__Aminus_0p01,hm-m2-g2-L5p3-n2-beta1__N0160__Aplus_0p01,hm-m2-g2-L5p3-n2-beta1,160,-0.01,102,3.37875,1.0064220745653571,1.0053426734619568
hm-m2-g2-L5p3-n2-beta1__N0160__Aminus_0p01,hm-m2-g2-L5p3-n2-beta1__N0160__Aplus_0p01,hm-m2-g2-L5p3-n2-beta1,160,-0.01,103,3.411875,1.0061081240988365,1.0050865521866672
hm-m2-g2-L5p3-n2-beta1__N0160__Aminus_0p01,hm-m2-g2-L5p3-n2-beta1__N0160__Aplus_0p01,hm-m2-g2-L5p3-n2-beta1,160,-0.01,104,3.4450000000000003,1.0057848430000926,1.0048225668029473
hm-m2-g2-L5p3-n2-beta1__N0160__Aminus_0p01,hm-m2-g2-L5p3-n2-beta1__N0160__Aplus_0p01,hm-m2-g2-L5p3-n2-beta1,160,-0.01,105,3.4781250000000004,1.0054527774185242,1.0045511413179193
hm-m2-g2-L5p3-n2-beta1__N0160__Aminus_0p01,hm-m2-g2-L5p3-n2-beta1__N0160__Aplus_0p01,hm-m2-g2-L5p3-n2-beta1,160,-0.01,106,3.51125,1.005112485573242,1.0042727107286105
hm-m2-g2-L5p3-n2-beta1__N0160__Aminus_0p01,hm-m2-g2-L5p3-n2-beta1__N0160__Aplus_0p01,hm-m2-g2-L5p3-n2-beta1,160,-0.01,107,3.544375,1.0047645366036566,1.0039877202487641
hm-m2-g2-L5p3-n2-beta1__N0160__Aminus_0p01,hm-m2-g2-L5p3-n2-beta1__N0160__Aplus_0p01,hm-m2-g2-L5p3-n2-beta1,160,-0.01,108,3.5775,1.0044095094165368,1.003696624523983
hm-m2-g2-L5p3-n2-beta1__N0160__Aminus_0p01,hm-m2-g2-L5p3-n2-beta1__N0160__Aplus_0p01,hm-m2-g2-L5p3-n2-beta1,160,-0.01,109,3.610625,1.004047991533018,1.0033998868370246
hm-m2-g2-L5p3-n2-beta1__N0160__Aminus_0p01,hm-m2-g2-L5p3-n2-beta1__N0160__Aplus_0p01,hm-m2-g2-L5p3-n2-beta1,160,-0.01,110,3.6437500000000003,1.003680577938912,1.0030979783050495
hm-m2-g2-L5p3-n2-beta1__N0160__Aminus_0p01,hm-m2-g2-L5p3-n2-beta1__N0160__Aplus_0p01,hm-m2-g2-L5p3-n2-beta1,160,-0.01,111,3.6768750000000003,1.0033078699415325,1.002791377070593
hm-m2-g2-L5p3-n2-beta1__N0160__Aminus_0p01,hm-m2-g2-L5p3-n2-beta1__N0160__Aplus_0p01,hm-m2-g2-L5p3-n2-beta1,160,-0.01,112,3.71,1.0029304740360916,1.0024805674880002
hm-m2-g2-L5p3-n2-beta1__N0160__Aminus_0p01,hm-m2-g2-L5p3-n2-beta1__N0160__Aplus_0p01,hm-m2-g2-L5p3-n2-beta1,160,-0.01,113,3.743125,1.0025490007845586,1.002166039307029
hm-m2-g2-L5p3-n2-beta1__N0160__Aminus_0p01,hm-m2-g2-L5p3-n2-beta1__N0160__Aplus_0p01,hm-m2-g2-L5p3-n2-beta1,160,-0.01,114,3.77625,1.0021640637097005,1.0018482868552745
hm-m2-g2-L5p3-n2-beta1__N0160__Aminus_0p01,hm-m2-g2-L5p3-n2-beta1__N0160__Aplus_0p01,hm-m2-g2-L5p3-n2-beta1,160,-0.01,115,3.809375,1.0017762782068382,1.0015278082210302
hm-m2-g2-L5p3-n2-beta1__N0160__Aminus_0p01,hm-m2-g2-L5p3-n2-beta1__N0160__Aplus_0p01,hm-m2-g2-L5p3-n2-beta1,160,-0.01,116,3.8425000000000002,1.001386260475668,1.0012051044381414
hm-m2-g2-L5p3-n2-beta1__N0160__Aminus_0p01,hm-m2-g2-L5p3-n2-beta1__N0160__Aplus_0p01,hm-m2-g2-L5p3-n2-beta1,160,-0.01,117,3.8756250000000003,1.0009946264742993,1.0008806786743571
hm-m2-g2-L5p3-n2-beta1__N0160__Aminus_0p01,hm-m2-g2-L5p3-n2-beta1__N0160__Aplus_0p01,hm-m2-g2-L5p3-n2-beta1,160,-0.01,118,3.9087500000000004,1.0006019908974717,1.000555035424624
hm-m2-g2-L5p3-n2-beta1__N0160__Aminus_0p01,hm-m2-g2-L5p3-n2-beta1__N0160__Aplus_0p01,hm-m2-g2-L5p3-n2-beta1,160,-0.01,119,3.941875,1.0002089661807139,1.0002286797107047
hm-m2-g2-L5p3-n2-beta1__N0160__Aminus_0p01,hm-m2-g2-L5p3-n2-beta1__N0160__Aplus_0p01,hm-m2-g2-L5p3-n2-beta1,160,-0.01,120,3.975,0.9998161615320035,0.999902116288443
hm-m2-g2-L5p3-n2-beta1__N0160__Aminus_0p01,hm-m2-g2-L5p3-n2-beta1__N0160__Aplus_0p01,hm-m2-g2-L5p3-n2-beta1,160,-0.01,121,4.008125000000001,0.9994241819923055,0.9995758488639286
hm-m2-g2-L5p3-n2-beta1__N0160__Aminus_0p01,hm-m2-g2-L5p3-n2-beta1__N0160__Aplus_0p01,hm-m2-g2-L5p3-n2-beta1,160,-0.01,122,4.04125,0.9990336275261584,0.9992503793197485
hm-m2-g2-L5p3-n2-beta1__N0160__Aminus_0p01,hm-m2-g2-L5p3-n2-beta1__N0160__Aplus_0p01,hm-m2-g2-L5p3-n2-beta1,160,-0.01,123,4.074375,0.9986450921432967,0.9989262069524472
hm-m2-g2-L5p3-n2-beta1__N0160__Aminus_0p01,hm-m2-g2-L5p3-n2-beta1__N0160__Aplus_0p01,hm-m2-g2-L5p3-n2-beta1,160,-0.01,124,4.1075,0.9982591630521107,0.9986038277222454
hm-m2-g2-L5p3-n2-beta1__N0160__Aminus_0p01,hm-m2-g2-L5p3-n2-beta1__N0160__Aplus_0p01,hm-m2-g2-L5p3-n2-beta1,160,-0.01,125,4.140625,0.9978764198455666,0.9982837335160021
hm-m2-g2-L5p3-n2-beta1__N0160__Aminus_0p01,hm-m2-g2-L5p3-n2-beta1__N0160__Aplus_0p01,hm-m2-g2-L5p3-n2-beta1,160,-0.01,126,4.17375,0.9974974337200336,0.9979664114243322
hm-m2-g2-L5p3-n2-beta1__N0160__Aminus_0p01,hm-m2-g2-L5p3-n2-beta1__N0160__Aplus_0p01,hm-m2-g2-L5p3-n2-beta1,160,-0.01,127,4.206875,0.9971227667273052,0.9976523430337325
hm-m2-g2-L5p3-n2-beta1__N0160__Aminus_0p01,hm-m2-g2-L5p3-n2-beta1__N0160__Aplus_0p01,hm-m2-g2-L5p3-n2-beta1,160,-0.01,128,4.24,0.9967529710599398,0.9973420037344929
hm-m2-g2-L5p3-n2-beta1__N0160__Aminus_0p01,hm-m2-g2-L5p3-n2-beta1__N0160__Aplus_0p01,hm-m2-g2-L5p3-n2-beta1,160,-0.01,129,4.273125,0.9963885883699015,0.9970358620451106
hm-m2-g2-L5p3-n2-beta1__N0160__Aminus_0p01,hm-m2-g2-L5p3-n2-beta1__N0160__Aplus_0p01,hm-m2-g2-L5p3-n2-beta1,160,-0.01,130,4.30625,0.9960301491203396,0.9967343789538605
hm-m2-g2-L5p3-n2-beta1__N0160__Aminus_0p01,hm-m2-g2-L5p3-n2-beta1__N0160__Aplus_0p01,hm-m2-g2-L5p3-n2-beta1,160,-0.01,131,4.339375,0.9956781719702177,0.9964380072781106
hm-m2-g2-L5p3-n2-beta1__N0160__Aminus_0p01,hm-m2-g2-L5p3-n2-beta1__N0160__Aplus_0p01,hm-m2-g2-L5p3-n2-beta1,160,-0.01,132,4.3725000000000005,0.9953331631913825,0.996147191041915
hm-m2-g2-L5p3-n2-beta1__N0160__Aminus_0p01,hm-m2-g2-L5p3-n2-beta1__N0160__Aplus_0p01,hm-m2-g2-L5p3-n2-beta1,160,-0.01,133,4.405625000000001,0.9949956161175553,0.9958623648723556
hm-m2-g2-L5p3-n2-beta1__N0160__Aminus_0p01,hm-m2-g2-L5p3-n2-beta1__N0160__Aplus_0p01,hm-m2-g2-L5p3-n2-beta1,160,-0.01,134,4.438750000000001,0.9946660106246256,0.995583953415054
hm-m2-g2-L5p3-n2-beta1__N0160__Aminus_0p01,hm-m2-g2-L5p3-n2-beta1__N0160__Aplus_0p01,hm-m2-g2-L5p3-n2-beta1,160,-0.01,135,4.471875,0.9943448126415421,0.9953123707692179
hm-m2-g2-L5p3-n2-beta1__N0160__Aminus_0p01,hm-m2-g2-L5p3-n2-beta1__N0160__Aplus_0p01,hm-m2-g2-L5p3-n2-beta1,160,-0.01,136,4.505,0.9940324736910147,0.9950480199425367
hm-m2-g2-L5p3-n2-beta1__N0160__Aminus_0p01,hm-m2-g2-L5p3-n2-beta1__N0160__Aplus_0p01,hm-m2-g2-L5p3-n2-beta1,160,-0.01,137,4.538125,0.9937294304591737,0.9947912923262003
hm-m2-g2-L5p3-n2-beta1__N0160__Aminus_0p01,hm-m2-g2-L5p3-n2-beta1__N0160__Aplus_0p01,hm-m2-g2-L5p3-n2-beta1,160,-0.01,138,4.57125,0.9934361043932753,0.9945425671902649
hm-m2-g2-L5p3-n2-beta1__N0160__Aminus_0p01,hm-m2-g2-L5p3-n2-beta1__N0160__Aplus_0p01,hm-m2-g2-L5p3-n2-beta1,160,-0.01,139,4.604375,0.9931529013264918,0.9943022111995488
hm-m2-g2-L5p3-n2-beta1__N0160__Aminus_0p01,hm-m2-g2-L5p3-n2-beta1__N0160__Aplus_0p01,hm-m2-g2-L5p3-n2-beta1,160,-0.01,140,4.6375,0.9928802111287903,0.994070577950213
hm-m2-g2-L5p3-n2-beta1__N0160__Aminus_0p01,hm-m2-g2-L5p3-n2-beta1__N0160__Aplus_0p01,hm-m2-g2-L5p3-n2-beta1,160,-0.01,141,4.670625,0.9926184073828712,0.9938480075271334
hm-m2-g2-L5p3-n2-beta1__N0160__Aminus_0p01,hm-m2-g2-L5p3-n2-beta1__N0160__Aplus_0p01,hm-m2-g2-L5p3-n2-beta1,160,-0.01,142,4.70375,0.9923678470841207,0.9936348260821508
hm-m2-g2-L5p3-n2-beta1__N0160__Aminus_0p01,hm-m2-g2-L5p3-n2-beta1__N0160__Aplus_0p01,hm-m2-g2-L5p3-n2-beta1,160,-0.01,143,4.736875,0.9921288703635192,0.9934313454332525
hm-m2-g2-L5p3-n2-beta1__N0160__Aminus_0p01,hm-m2-g2-L5p3-n2-beta1__N0160__Aplus_0p01,hm-m2-g2-L5p3-n2-beta1,160,-0.01,144,4.7700000000000005,0.9919018002324443,0.9932378626847128
hm-m2-g2-L5p3-n2-beta1__N0160__Aminus_0p01,hm-m2-g2-L5p3-n2-beta1__N0160__Aplus_0p01,hm-m2-g2-L5p3-n2-beta1,160,-0.01,145,4.8031250000000005,0.9916869423483191,0.9930546598682033
hm-m2-g2-L5p3-n2-beta1__N0160__Aminus_0p01,hm-m2-g2-L5p3-n2-beta1__N0160__Aplus_0p01,hm-m2-g2-L5p3-n2-beta1,160,-0.01,146,4.836250000000001,0.9914845848000579,0.9928820036048567
hm-m2-g2-L5p3-n2-beta1__N0160__Aminus_0p01,hm-m2-g2-L5p3-n2-beta1__N0160__Aplus_0p01,hm-m2-g2-L5p3-n2-beta1,160,-0.01,147,4.869375000000001,0.9912949979122966,0.9927201447882598
hm-m2-g2-L5p3-n2-beta1__N0160__Aminus_0p01,hm-m2-g2-L5p3-n2-beta1__N0160__Aplus_0p01,hm-m2-g2-L5p3-n2-beta1,160,-0.01,148,4.9025,0.9911184340674124,0.992569318288332
hm-m2-g2-L5p3-n2-beta1__N0160__Aminus_0p01,hm-m2-g2-L5p3-n2-beta1__N0160__Aplus_0p01,hm-m2-g2-L5p3-n2-beta1,160,-0.01,149,4.935625,0.9909551275443746,0.9924297426760383
hm-m2-g2-L5p3-n2-beta1__N0160__Aminus_0p01,hm-m2-g2-L5p3-n2-beta1__N0160__Aplus_0p01,hm-m2-g2-L5p3-n2-beta1,160,-0.01,150,4.96875,0.9908052943735116,0.9923016199688757
hm-m2-g2-L5p3-n2-beta1__N0160__Aminus_0p01,hm-m2-g2-L5p3-n2-beta1__N0160__Aplus_0p01,hm-m2-g2-L5p3-n2-beta1,160,-0.01,151,5.001875,0.9906691322063206,0.9921851353970669
hm-m2-g2-L5p3-n2-beta1__N0160__Aminus_0p01,hm-m2-g2-L5p3-n2-beta1__N0160__Aplus_0p01,hm-m2-g2-L5p3-n2-beta1,160,-0.01,152,5.035,0.9905468201995007,0.9920804571903936
hm-m2-g2-L5p3-n2-beta1__N0160__Aminus_0p01,hm-m2-g2-L5p3-n2-beta1__N0160__Aplus_0p01,hm-m2-g2-L5p3-n2-beta1,160,-0.01,153,5.068125,0.9904385189124434,0.9919877363855951
hm-m2-g2-L5p3-n2-beta1__N0160__Aminus_0p01,hm-m2-g2-L5p3-n2-beta1__N0160__Aplus_0p01,hm-m2-g2-L5p3-n2-beta1,160,-0.01,154,5.10125,0.990344370217477,0.991907106654266
hm-m2-g2-L5p3-n2-beta1__N0160__Aminus_0p01,hm-m2-g2-L5p3-n2-beta1__N0160__Aplus_0p01,hm-m2-g2-L5p3-n2-beta1,160,-0.01,155,5.134375,0.9902644972222242,0.9918386841511816
hm-m2-g2-L5p3-n2-beta1__N0160__Aminus_0p01,hm-m2-g2-L5p3-n2-beta1__N0160__Aplus_0p01,hm-m2-g2-L5p3-n2-beta1,160,-0.01,156,5.1675,0.9901990042034982,0.9917825673829903
hm-m2-g2-L5p3-n2-beta1__N0160__Aminus_0p01,hm-m2-g2-L5p3-n2-beta1__N0160__Aplus_0p01,hm-m2-g2-L5p3-n2-beta1,160,-0.01,157,5.2006250000000005,0.9901479765522351,0.9917388370972114
hm-m2-g2-L5p3-n2-beta1__N0160__Aminus_0p01,hm-m2-g2-L5p3-n2-beta1__N0160__Aplus_0p01,hm-m2-g2-L5p3-n2-beta1,160,-0.01,158,5.233750000000001,0.9901114807290339,0.9917075561914908
hm-m2-g2-L5p3-n2-beta1__N0160__Aminus_0p01,hm-m2-g2-L5p3-n2-beta1__N0160__Aplus_0p01,hm-m2-g2-L5p3-n2-beta1,160,-0.01,159,5.266875000000001,0.9900895642299464,0.9916887696430682
hm-m2-g2-L5p3-n2-beta1__N0160__Aminus_0p01,hm-m2-g2-L5p3-n2-beta1__N0160__Aplus_0p01,hm-m2-g2-L5p3-n2-beta1,160,-0.01,160,5.3,0.9900822555622422,0.9916825044584223
hm-m2-g2-L5p3-n2-beta1__N0160__Aminus_0p005,hm-m2-g2-L5p3-n2-beta1__N0160__Aplus_0p005,hm-m2-g2-L5p3-n2-beta1,160,-0.005,0,0.0,0.9950207794913181,0.9958418993067921
hm-m2-g2-L5p3-n2-beta1__N0160__Aminus_0p005,hm-m2-g2-L5p3-n2-beta1__N0160__Aplus_0p005,hm-m2-g2-L5p3-n2-beta1,160,-0.005,1,0.033125,0.995024532605255,0.9958450679617635
hm-m2-g2-L5p3-n2-beta1__N0160__Aminus_0p005,hm-m2-g2-L5p3-n2-beta1__N0160__Aplus_0p005,hm-m2-g2-L5p3-n2-beta1,160,-0.005,2,0.06625,0.9950357866188905,0.995854569208203
hm-m2-g2-L5p3-n2-beta1__N0160__Aminus_0p005,hm-m2-g2-L5p3-n2-beta1__N0160__Aplus_0p005,hm-m2-g2-L5p3-n2-beta1,160,-0.005,3,0.099375,0.9950545255532208,0.9958703888969586
hm-m2-g2-L5p3-n2-beta1__N0160__Aminus_0p005,hm-m2-g2-L5p3-n2-beta1__N0160__Aplus_0p005,hm-m2-g2-L5p3-n2-beta1,160,-0.005,4,0.1325,0.9950807227949906,0.9958925034670131
hm-m2-g2-L5p3-n2-beta1__N0160__Aminus_0p005,hm-m2-g2-L5p3-n2-beta1__N0160__Aplus_0p005,hm-m2-g2-L5p3-n2-beta1,160,-0.005,5,0.16562500000000002,0.9951143411243407,0.9959208799768237
hm-m2-g2-L5p3-n2-beta1__N0160__Aminus_0p005,hm-m2-g2-L5p3-n2-beta1__N0160__Aplus_0p005,hm-m2-g2-L5p3-n2-beta1,160,-0.005,6,0.19875,0.9951553327535583,0.9959554761481716
hm-m2-g2-L5p3-n2-beta1__N0160__Aminus_0p005,hm-m2-g2-L5p3-n2-beta1__N0160__Aplus_0p005,hm-m2-g2-L5p3-n2-beta1,160,-0.005,7,0.231875,0.9952036393769728,0.9959962404224928
hm-m2-g2-L5p3-n2-beta1__N0160__Aminus_0p005,hm-m2-g2-L5p3-n2-beta1__N0160__Aplus_0p005,hm-m2-g2-L5p3-n2-beta1,160,-0.005,8,0.265,0.9952591922320508,0.9960431120296539
hm-m2-g2-L5p3-n2-beta1__N0160__Aminus_0p005,hm-m2-g2-L5p3-n2-beta1__N0160__Aplus_0p005,hm-m2-g2-L5p3-n2-beta1,160,-0.005,9,0.29812500000000003,0.9953219121717555,0.9960960210691318
hm-m2-g2-L5p3-n2-beta1__N0160__Aminus_0p005,hm-m2-g2-L5p3-n2-beta1__N0160__Aplus_0p005,hm-m2-g2-L5p3-n2-beta1,160,-0.005,10,0.33125000000000004,0.995391709748244,0.9961548886035414
hm-m2-g2-L5p3-n2-beta1__N0160__Aminus_0p005,hm-m2-g2-L5p3-n2-beta1__N0160__Aplus_0p005,hm-m2-g2-L5p3-n2-beta1,160,-0.005,11,0.364375,0.9954684853079876,0.9962196267644529
hm-m2-g2-L5p3-n2-beta1__N0160__Aminus_0p005,hm-m2-g2-L5p3-n2-beta1__N0160__Aplus_0p005,hm-m2-g2-L5p3-n2-beta1,160,-0.005,12,0.3975,0.9955521290984032,0.9962901388704262
hm-m2-g2-L5p3-n2-beta1__N0160__Aminus_0p005,hm-m2-g2-L5p3-n2-beta1__N0160__Aplus_0p005,hm-m2-g2-L5p3-n2-beta1,160,-0.005,13,0.43062500000000004,0.995642521386096,0.9963663195571827
hm-m2-g2-L5p3-n2-beta1__N0160__Aminus_0p005,hm-m2-g2-L5p3-n2-beta1__N0160__Aplus_0p005,hm-m2-g2-L5p3-n2-beta1,160,-0.005,14,0.46375,0.995739532586814,0.9964480549198238
hm-m2-g2-L5p3-n2-beta1__N0160__Aminus_0p005,hm-m2-g2-L5p3-n2-beta1__N0160__Aplus_0p005,hm-m2-g2-L5p3-n2-beta1,160,-0.005,15,0.496875,0.9958430234072203,0.9965352226669967
hm-m2-g2-L5p3-n2-beta1__N0160__Aminus_0p005,hm-m2-g2-L5p3-n2-beta1__N0160__Aplus_0p005,hm-m2-g2-L5p3-n2-beta1,160,-0.005,16,0.53,0.9959528449985916,0.9966276922868936
hm-m2-g2-L5p3-n2-beta1__N0160__Aminus_0p005,hm-m2-g2-L5p3-n2-beta1__N0160__Aplus_0p005,hm-m2-g2-L5p3-n2-beta1,160,-0.005,17,0.563125,0.9960688391225498,0.9967253252249617
hm-m2-g2-L5p3-n2-beta1__N0160__Aminus_0p005,hm-m2-g2-L5p3-n2-beta1__N0160__Aplus_0p005,hm-m2-g2-L5p3-n2-beta1,160,-0.005,18,0.5962500000000001,0.9961908383289332,0.996827975073189
hm-m2-g2-L5p3-n2-beta1__N0160__Aminus_0p005,hm-m2-g2-L5p3-n2-beta1__N0160__Aplus_0p005,hm-m2-g2-L5p3-n2-beta1,160,-0.005,19,0.629375,0.9963186661459084,0.9969354877708168
hm-m2-g2-L5p3-n2-beta1__N0160__Aminus_0p005,hm-m2-g2-L5p3-n2-beta1__N0160__Aplus_0p005,hm-m2-g2-L5p3-n2-beta1,160,-0.005,20,0.6625000000000001,0.9964521372824203,0.9970477018163186
hm-m2-g2-L5p3-n2-beta1__N0160__Aminus_0p005,hm-m2-g2-L5p3-n2-beta1__N0160__Aplus_0p005,hm-m2-g2-L5p3-n2-beta1,160,-0.005,21,0.695625,0.9965910578430688,0.9971644484904686
hm-m2-g2-L5p3-n2-beta1__N0160__Aminus_0p005,hm-m2-g2-L5p3-n2-beta1__N0160__Aplus_0p005,hm-m2-g2-L5p3-n2-beta1,160,-0.005,22,0.72875,0.9967352255554878,0.9972855520903126
hm-m2-g2-L5p3-n2-beta1__N0160__Aminus_0p005,hm-m2-g2-L5p3-n2-beta1__N0160__Aplus_0p005,hm-m2-g2-L5p3-n2-beta1,160,-0.005,23,0.7618750000000001,0.9968844300102959,0.9974108301738348
hm-m2-g2-L5p3-n2-beta1__N0160__Aminus_0p005,hm-m2-g2-L5p3-n2-beta1__N0160__Aplus_0p005,hm-m2-g2-L5p3-n2-beta1,160,-0.005,24,0.795,0.9970384529136669,0.9975400938151012
hm-m2-g2-L5p3-n2-beta1__N0160__Aminus_0p005,hm-m2-g2-L5p3-n2-beta1__N0160__Aplus_0p005,hm-m2-g2-L5p3-n2-beta1,160,-0.005,25,0.828125,0.9971970683525542,0.9976731478696447
hm-m2-g2-L5p3-n2-beta1__N0160__Aminus_0p005,hm-m2-g2-L5p3-n2-beta1__N0160__Aplus_0p005,hm-m2-g2-L5p3-n2-beta1,160,-0.005,26,0.8612500000000001,0.9973600430725846,0.9978097912498369
hm-m2-g2-L5p3-n2-beta1__N0160__Aminus_0p005,hm-m2-g2-L5p3-n2-beta1__N0160__Aplus_0p005,hm-m2-g2-L5p3-n2-beta1,160,-0.005,27,0.894375,0.9975271367686134,0.9979498172099788
hm-m2-g2-L5p3-n2-beta1__N0160__Aminus_0p005,hm-m2-g2-L5p3-n2-beta1__N0160__Aplus_0p005,hm-m2-g2-L5p3-n2-beta1,160,-0.005,28,0.9275,0.9976981023879066,0.9980930136408215
hm-m2-g2-L5p3-n2-beta1__N0160__Aminus_0p005,hm-m2-g2-L5p3-n2-beta1__N0160__Aplus_0p005,hm-m2-g2-L5p3-n2-beta1,160,-0.005,29,0.9606250000000001,0.9978726864458956,0.9982391633732115
hm-m2-g2-L5p3-n2-beta1__N0160__Aminus_0p005,hm-m2-g2-L5p3-n2-beta1__N0160__Aplus_0p005,hm-m2-g2-L5p3-n2-beta1,160,-0.005,30,0.99375,0.9980506293544129,0.9983880444905379
hm-m2-g2-L5p3-n2-beta1__N0160__Aminus_0p005,hm-m2-g2-L5p3-n2-beta1__N0160__Aplus_0p005,hm-m2-g2-L5p3-n2-beta1,160,-0.005,31,1.026875,0.9982316657622926,0.9985394306496342
hm-m2-g2-L5p3-n2-beta1__N0160__Aminus_0p005,hm-m2-g2-L5p3-n2-beta1__N0160__Aplus_0p005,hm-m2-g2-L5p3-n2-beta1,160,-0.005,32,1.06,0.9984155249081816,0.998693091409778
hm-m2-g2-L5p3-n2-beta1__N0160__Aminus_0p005,hm-m2-g2-L5p3-n2-beta1__N0160__Aplus_0p005,hm-m2-g2-L5p3-n2-beta1,160,-0.005,33,1.0931250000000001,0.9986019309853745,0.9988487925694018
hm-m2-g2-L5p3-n2-beta1__N0160__Aminus_0p005,hm-m2-g2-L5p3-n2-beta1__N0160__Aplus_0p005,hm-m2-g2-L5p3-n2-beta1,160,-0.005,34,1.12625,0.9987906035184471,0.9990062965101152
hm-m2-g2-L5p3-n2-beta1__N0160__Aminus_0p005,hm-m2-g2-L5p3-n2-beta1__N0160__Aplus_0p005,hm-m2-g2-L5p3-n2-beta1,160,-0.005,35,1.159375,0.9989812577514221,0.9991653625476156
hm-m2-g2-L5p3-n2-beta1__N0160__Aminus_0p005,hm-m2-g2-L5p3-n2-beta1__N0160__Aplus_0p005,hm-m2-g2-L5p3-n2-beta1,160,-0.005,36,1.1925000000000001,0.9991736050471629,0.9993257472890485
hm-m2-g2-L5p3-n2-beta1__N0160__Aminus_0p005,hm-m2-g2-L5p3-n2-beta1__N0160__Aplus_0p005,hm-m2-g2-L5p3-n2-beta1,160,-0.005,37,1.225625,0.999367353297645,0.9994872049963539
hm-m2-g2-L5p3-n2-beta1__N0160__Aminus_0p005,hm-m2-g2-L5p3-n2-beta1__N0160__Aplus_0p005,hm-m2-g2-L5p3-n2-beta1,160,-0.005,38,1.25875,0.9995622073447132,0.9996494879551158
hm-m2-g2-L5p3-n2-beta1__N0160__Aminus_0p005,hm-m2-g2-L5p3-n2-beta1__N0160__Aplus_0p005,hm-m2-g2-L5p3-n2-beta1,160,-0.005,39,1.291875,0.9997578694108854,0.9998123468484181
hm-m2-g2-L5p3-n2-beta1__N0160__Aminus_0p005,hm-m2-g2-L5p3-n2-beta1__N0160__Aplus_0p005,hm-m2-g2-L5p3-n2-beta1,160,-0.005,40,1.3250000000000002,0.9999540395397191,0.9999755311351826
hm-m2-g2-L5p3-n2-beta1__N0160__Aminus_0p005,hm-m2-g2-L5p3-n2-beta1__N0160__Aplus_0p005,hm-m2-g2-L5p3-n2-beta1,160,-0.005,41,1.358125,1.0001504160452082,1.0001387894324512
hm-m2-g2-L5p3-n2-beta1__N0160__Aminus_0p005,hm-m2-g2-L5p3-n2-beta1__N0160__Aplus_0p005,hm-m2-g2-L5p3-n2-beta1,160,-0.005,42,1.39125,1.000346695969632,1.0003018699010555
hm-m2-g2-L5p3-n2-beta1__N0160__Aminus_0p005,hm-m2-g2-L5p3-n2-beta1__N0160__Aplus_0p005,hm-m2-g2-L5p3-n2-beta1,160,-0.005,43,1.4243750000000002,1.0005425755492277,1.0004645206340967
hm-m2-g2-L5p3-n2-beta1__N0160__Aminus_0p005,hm-m2-g2-L5p3-n2-beta1__N0160__Aplus_0p005,hm-m2-g2-L5p3-n2-beta1,160,-0.005,44,1.4575,1.000737750687011,1.0006264900476414
hm-m2-g2-L5p3-n2-beta1__N0160__Aminus_0p005,hm-m2-g2-L5p3-n2-beta1__N0160__Aplus_0p005,hm-m2-g2-L5p3-n2-beta1,160,-0.005,45,1.490625,1.000931917432026,1.0007875272730269
hm-m2-g2-L5p3-n2-beta1__N0160__Aminus_0p005,hm-m2-g2-L5p3-n2-beta1__N0160__Aplus_0p005,hm-m2-g2-L5p3-n2-beta1,160,-0.005,46,1.5237500000000002,1.0011247724642494,1.0009473825501485
hm-m2-g2-L5p3-n2-beta1__N0160__Aminus_0p005,hm-m2-g2-L5p3-n2-beta1__N0160__Aplus_0p005,hm-m2-g2-L5p3-n2-beta1,160,-0.005,47,1.556875,1.0013160135843384,1.001105807621089
hm-m2-g2-L5p3-n2-beta1__N0160__Aminus_0p005,hm-m2-g2-L5p3-n2-beta1__N0160__Aplus_0p005,hm-m2-g2-L5p3-n2-beta1,160,-0.005,48,1.59,1.0015053402073582,1.001262556123438
hm-m2-g2-L5p3-n2-beta1__N0160__Aminus_0p005,hm-m2-g2-L5p3-n2-beta1__N0160__Aplus_0p005,hm-m2-g2-L5p3-n2-beta1,160,-0.005,49,1.6231250000000002,1.0016924538595886,1.0014173839826364
hm-m2-g2-L5p3-n2-beta1__N0160__Aminus_0p005,hm-m2-g2-L5p3-n2-beta1__N0160__Aplus_0p005,hm-m2-g2-L5p3-n2-beta1,160,-0.005,50,1.65625,1.0018770586774628,1.0015700498026643
hm-m2-g2-L5p3-n2-beta1__N0160__Aminus_0p005,hm-m2-g2-L5p3-n2-beta1__N0160__Aplus_0p005,hm-m2-g2-L5p3-n2-beta1,160,-0.005,51,1.689375,1.0020588619076538,1.0017203152543943
hm-m2-g2-L5p3-n2-beta1__N0160__Aminus_0p005,hm-m2-g2-L5p3-n2-beta1__N0160__Aplus_0p005,hm-m2-g2-L5p3-n2-beta1,160,-0.005,52,1.7225000000000001,1.0022375744072896,1.0018679454609083
hm-m2-g2-L5p3-n2-beta1__N0160__Aminus_0p005,hm-m2-g2-L5p3-n2-beta1__N0160__Aplus_0p005,hm-m2-g2-L5p3-n2-beta1,160,-0.005,53,1.755625,1.00241291114324,1.002012709379082
hm-m2-g2-L5p3-n2-beta1__N0160__Aminus_0p005,hm-m2-g2-L5p3-n2-beta1__N0160__Aplus_0p005,hm-m2-g2-L5p3-n2-beta1,160,-0.005,54,1.78875,1.0025845916893905,1.0021543801767288
hm-m2-g2-L5p3-n2-beta1__N0160__Aminus_0p005,hm-m2-g2-L5p3-n2-beta1__N0160__Aplus_0p005,hm-m2-g2-L5p3-n2-beta1,160,-0.005,55,1.8218750000000001,1.0027523407207883,1.0022927356045959
hm-m2-g2-L5p3-n2-beta1__N0160__Aminus_0p005,hm-m2-g2-L5p3-n2-beta1__N0160__Aplus_0p005,hm-m2-g2-L5p3-n2-beta1,160,-0.005,56,1.855,1.0029158885035254,1.002427558362503
hm-m2-g2-L5p3-n2-beta1__N0160__Aminus_0p005,hm-m2-g2-L5p3-n2-beta1__N0160__Aplus_0p005,hm-m2-g2-L5p3-n2-beta1,160,-0.005,57,1.888125,1.0030749713792027,1.0025586364589143
hm-m2-g2-L5p3-n2-beta1__N0160__Aminus_0p005,hm-m2-g2-L5p3-n2-beta1__N0160__Aplus_0p005,hm-m2-g2-L5p3-n2-beta1,160,-0.005,58,1.9212500000000001,1.0032293322427974,1.0026857635632351
hm-m2-g2-L5p3-n2-beta1__N0160__Aminus_0p005,hm-m2-g2-L5p3-n2-beta1__N0160__Aplus_0p005,hm-m2-g2-L5p3-n2-beta1,160,-0.005,59,1.9543750000000002,1.003378721012758,1.0028087393501375
hm-m2-g2-L5p3-n2-beta1__N0160__Aminus_0p005,hm-m2-g2-L5p3-n2-beta1__N0160__Aplus_0p005,hm-m2-g2-L5p3-n2-beta1,160,-0.005,60,1.9875,1.00352289509213,1.0029273698352141
hm-m2-g2-L5p3-n2-beta1__N0160__Aminus_0p005,hm-m2-g2-L5p3-n2-beta1__N0160__Aplus_0p005,hm-m2-g2-L5p3-n2-beta1,160,-0.005,61,2.020625,1.0036616198195254,1.0030414677012793
hm-m2-g2-L5p3-n2-beta1__N0160__Aminus_0p005,hm-m2-g2-L5p3-n2-beta1__N0160__Aplus_0p005,hm-m2-g2-L5p3-n2-beta1,160,-0.005,62,2.05375,1.0037946689087445,1.0031508526146384
hm-m2-g2-L5p3-n2-beta1__N0160__Aminus_0p005,hm-m2-g2-L5p3-n2-beta1__N0160__Aplus_0p005,hm-m2-g2-L5p3-n2-beta1,160,-0.005,63,2.086875,1.0039218248758723,1.0032553515306677
hm-m2-g2-L5p3-n2-beta1__N0160__Aminus_0p005,hm-m2-g2-L5p3-n2-beta1__N0160__Aplus_0p005,hm-m2-g2-L5p3-n2-beta1,160,-0.005,64,2.12,1.0040428794526846,1.003354798988057
hm-m2-g2-L5p3-n2-beta1__N0160__Aminus_0p005,hm-m2-g2-L5p3-n2-beta1__N0160__Aplus_0p005,hm-m2-g2-L5p3-n2-beta1,160,-0.005,65,2.153125,1.0041576339852103,1.0034490373910867
hm-m2-g2-L5p3-n2-beta1__N0160__Aminus_0p005,hm-m2-g2-L5p3-n2-beta1__N0160__Aplus_0p005,hm-m2-g2-L5p3-n2-beta1,160,-0.005,66,2.1862500000000002,1.0042658998163372,1.0035379172793322
hm-m2-g2-L5p3-n2-beta1__N0160__Aminus_0p005,hm-m2-g2-L5p3-n2-beta1__N0160__Aplus_0p005,hm-m2-g2-L5p3-n2-beta1,160,-0.005,67,2.2193750000000003,1.0043674986513593,1.0036212975842045
hm-m2-g2-L5p3-n2-beta1__N0160__Aminus_0p005,hm-m2-g2-L5p3-n2-beta1__N0160__Aplus_0p005,hm-m2-g2-L5p3-n2-beta1,160,-0.005,68,2.2525,1.0044622629054116,1.0036990458717685
hm-m2-g2-L5p3-n2-beta1__N0160__Aminus_0p005,hm-m2-g2-L5p3-n2-beta1__N0160__Aplus_0p005,hm-m2-g2-L5p3-n2-beta1,160,-0.005,69,2.285625,1.0045500360317732,1.003771038571298
hm-m2-g2-L5p3-n2-beta1__N0160__Aminus_0p005,hm-m2-g2-L5p3-n2-beta1__N0160__Aplus_0p005,hm-m2-g2-L5p3-n2-beta1,160,-0.005,70,2.31875,1.004630672830066,1.0038371611890602
hm-m2-g2-L5p3-n2-beta1__N0160__Aminus_0p005,hm-m2-g2-L5p3-n2-beta1__N0160__Aplus_0p005,hm-m2-g2-L5p3-n2-beta1,160,-0.005,71,2.351875,1.0047040397334246,1.003897308506848
hm-m2-g2-L5p3-n2-beta1__N0160__Aminus_0p005,hm-m2-g2-L5p3-n2-beta1__N0160__Aplus_0p005,hm-m2-g2-L5p3-n2-beta1,160,-0.005,72,2.3850000000000002,1.00477001507377,1.003951384764812
hm-m2-g2-L5p3-n2-beta1__N0160__Aminus_0p005,hm-m2-g2-L5p3-n2-beta1__N0160__Aplus_0p005,hm-m2-g2-L5p3-n2-beta1,160,-0.005,73,2.4181250000000003,1.0048284893243769,1.0039993038281743
hm-m2-g2-L5p3-n2-beta1__N0160__Aminus_0p005,hm-m2-g2-L5p3-n2-beta1__N0160__Aplus_0p005,hm-m2-g2-L5p3-n2-beta1,160,-0.005,74,2.45125,1.00487936531899,1.004040989337448
hm-m2-g2-L5p3-n2-beta1__N0160__Aminus_0p005,hm-m2-g2-L5p3-n2-beta1__N0160__Aplus_0p005,hm-m2-g2-L5p3-n2-beta1,160,-0.005,75,2.484375,1.0049225584468096,1.0040763748418142
hm-m2-g2-L5p3-n2-beta1__N0160__Aminus_0p005,hm-m2-g2-L5p3-n2-beta1__N0160__Aplus_0p005,hm-m2-g2-L5p3-n2-beta1,160,-0.005,76,2.5175,1.0049579968227382,1.0041054039153456
hm-m2-g2-L5p3-n2-beta1__N0160__Aminus_0p005,hm-m2-g2-L5p3-n2-beta1__N0160__Aplus_0p005,hm-m2-g2-L5p3-n2-beta1,160,-0.005,77,2.550625,1.0049856214323565,1.004128030255815
hm-m2-g2-L5p3-n2-beta1__N0160__Aminus_0p005,hm-m2-g2-L5p3-n2-beta1__N0160__Aplus_0p005,hm-m2-g2-L5p3-n2-beta1,160,-0.005,78,2.58375,1.005005386251172,1.0041442177658526
hm-m2-g2-L5p3-n2-beta1__N0160__Aminus_0p005,hm-m2-g2-L5p3-n2-beta1__N0160__Aplus_0p005,hm-m2-g2-L5p3-n2-beta1,160,-0.005,79,2.6168750000000003,1.0050172583377612,1.0041539406162665
hm-m2-g2-L5p3-n2-beta1__N0160__Aminus_0p005,hm-m2-g2-L5p3-n2-beta1__N0160__Aplus_0p005,hm-m2-g2-L5p3-n2-beta1,160,-0.005,80,2.6500000000000004,1.0050212179005134,1.004157183291378
hm-m2-g2-L5p3-n2-beta1__N0160__Aminus_0p005,hm-m2-g2-L5p3-n2-beta1__N0160__Aplus_0p005,hm-m2-g2-L5p3-n2-beta1,160,-0.005,81,2.683125,1.0050172583377608,1.004153940616265
hm-m2-g2-L5p3-n2-beta1__N0160__Aminus_0p005,hm-m2-g2-L5p3-n2-beta1__N0160__Aplus_0p005,hm-m2-g2-L5p3-n2-beta1,160,-0.005,82,2.71625,1.005005386251171,1.0041442177658495
hm-m2-g2-L5p3-n2-beta1__N0160__Aminus_0p005,hm-m2-g2-L5p3-n2-beta1__N0160__Aplus_0p005,hm-m2-g2-L5p3-n2-beta1,160,-0.005,83,2.749375,1.004985621432355,1.0041280302558107
hm-m2-g2-L5p3-n2-beta1__N0160__Aminus_0p005,hm-m2-g2-L5p3-n2-beta1__N0160__Aplus_0p005,hm-m2-g2-L5p3-n2-beta1,160,-0.005,84,2.7825,1.0049579968227358,1.0041054039153399
hm-m2-g2-L5p3-n2-beta1__N0160__Aminus_0p005,hm-m2-g2-L5p3-n2-beta1__N0160__Aplus_0p005,hm-m2-g2-L5p3-n2-beta1,160,-0.005,85,2.8156250000000003,1.0049225584468067,1.004076374841807
hm-m2-g2-L5p3-n2-beta1__N0160__Aminus_0p005,hm-m2-g2-L5p3-n2-beta1__N0160__Aplus_0p005,hm-m2-g2-L5p3-n2-beta1,160,-0.005,86,2.8487500000000003,1.0048793653189865,1.0040409893374393
hm-m2-g2-L5p3-n2-beta1__N0160__Aminus_0p005,hm-m2-g2-L5p3-n2-beta1__N0160__Aplus_0p005,hm-m2-g2-L5p3-n2-beta1,160,-0.005,87,2.881875,1.0048284893243726,1.003999303828164
hm-m2-g2-L5p3-n2-beta1__N0160__Aminus_0p005,hm-m2-g2-L5p3-n2-beta1__N0160__Aplus_0p005,hm-m2-g2-L5p3-n2-beta1,160,-0.005,88,2.915,1.0047700150737653,1.0039513847648005
hm-m2-g2-L5p3-n2-beta1__N0160__Aminus_0p005,hm-m2-g2-L5p3-n2-beta1__N0160__Aplus_0p005,hm-m2-g2-L5p3-n2-beta1,160,-0.005,89,2.948125,1.0047040397334195,1.0038973085068352
hm-m2-g2-L5p3-n2-beta1__N0160__Aminus_0p005,hm-m2-g2-L5p3-n2-beta1__N0160__Aplus_0p005,hm-m2-g2-L5p3-n2-beta1,160,-0.005,90,2.98125,1.0046306728300602,1.003837161189046
hm-m2-g2-L5p3-n2-beta1__N0160__Aminus_0p005,hm-m2-g2-L5p3-n2-beta1__N0160__Aplus_0p005,hm-m2-g2-L5p3-n2-beta1,160,-0.005,91,3.0143750000000002,1.0045500360317667,1.0037710385712821
hm-m2-g2-L5p3-n2-beta1__N0160__Aminus_0p005,hm-m2-g2-L5p3-n2-beta1__N0160__Aplus_0p005,hm-m2-g2-L5p3-n2-beta1,160,-0.005,92,3.0475000000000003,1.0044622629054045,1.0036990458717514
hm-m2-g2-L5p3-n2-beta1__N0160__Aminus_0p005,hm-m2-g2-L5p3-n2-beta1__N0160__Aplus_0p005,hm-m2-g2-L5p3-n2-beta1,160,-0.005,93,3.080625,1.0043674986513516,1.0036212975841865
hm-m2-g2-L5p3-n2-beta1__N0160__Aminus_0p005,hm-m2-g2-L5p3-n2-beta1__N0160__Aplus_0p005,hm-m2-g2-L5p3-n2-beta1,160,-0.005,94,3.11375,1.0042658998163287,1.0035379172793133
hm-m2-g2-L5p3-n2-beta1__N0160__Aminus_0p005,hm-m2-g2-L5p3-n2-beta1__N0160__Aplus_0p005,hm-m2-g2-L5p3-n2-beta1,160,-0.005,95,3.146875,1.004157633985201,1.0034490373910667
hm-m2-g2-L5p3-n2-beta1__N0160__Aminus_0p005,hm-m2-g2-L5p3-n2-beta1__N0160__Aplus_0p005,hm-m2-g2-L5p3-n2-beta1,160,-0.005,96,3.18,1.0040428794526746,1.0033547989880356
hm-m2-g2-L5p3-n2-beta1__N0160__Aminus_0p005,hm-m2-g2-L5p3-n2-beta1__N0160__Aplus_0p005,hm-m2-g2-L5p3-n2-beta1,160,-0.005,97,3.2131250000000002,1.003921824875862,1.003255351530645
hm-m2-g2-L5p3-n2-beta1__N0160__Aminus_0p005,hm-m2-g2-L5p3-n2-beta1__N0160__Aplus_0p005,hm-m2-g2-L5p3-n2-beta1,160,-0.005,98,3.2462500000000003,1.0037946689087331,1.0031508526146145
hm-m2-g2-L5p3-n2-beta1__N0160__Aminus_0p005,hm-m2-g2-L5p3-n2-beta1__N0160__Aplus_0p005,hm-m2-g2-L5p3-n2-beta1,160,-0.005,99,3.2793750000000004,1.0036616198195134,1.0030414677012538
hm-m2-g2-L5p3-n2-beta1__N0160__Aminus_0p005,hm-m2-g2-L5p3-n2-beta1__N0160__Aplus_0p005,hm-m2-g2-L5p3-n2-beta1,160,-0.005,100,3.3125,1.0035228950921173,1.002927369835187
hm-m2-g2-L5p3-n2-beta1__N0160__Aminus_0p005,hm-m2-g2-L5p3-n2-beta1__N0160__Aplus_0p005,hm-m2-g2-L5p3-n2-beta1,160,-0.005,101,3.345625,1.0033787210127445,1.0028087393501088
hm-m2-g2-L5p3-n2-beta1__N0160__Aminus_0p005,hm-m2-g2-L5p3-n2-beta1__N0160__Aplus_0p005,hm-m2-g2-L5p3-n2-beta1,160,-0.005,102,3.37875,1.0032293322427832,1.0026857635632052
hm-m2-g2-L5p3-n2-beta1__N0160__Aminus_0p005,hm-m2-g2-L5p3-n2-beta1__N0160__Aplus_0p005,hm-m2-g2-L5p3-n2-beta1,160,-0.005,103,3.411875,1.0030749713791876,1.002558636458883
hm-m2-g2-L5p3-n2-beta1__N0160__Aminus_0p005,hm-m2-g2-L5p3-n2-beta1__N0160__Aplus_0p005,hm-m2-g2-L5p3-n2-beta1,160,-0.005,104,3.4450000000000003,1.0029158885035097,1.0024275583624702
hm-m2-g2-L5p3-n2-beta1__N0160__Aminus_0p005,hm-m2-g2-L5p3-n2-beta1__N0160__Aplus_0p005,hm-m2-g2-L5p3-n2-beta1,160,-0.005,105,3.4781250000000004,1.0027523407207715,1.0022927356045612
hm-m2-g2-L5p3-n2-beta1__N0160__Aminus_0p005,hm-m2-g2-L5p3-n2-beta1__N0160__Aplus_0p005,hm-m2-g2-L5p3-n2-beta1,160,-0.005,106,3.51125,1.002584591689373,1.0021543801766923
hm-m2-g2-L5p3-n2-beta1__N0160__Aminus_0p005,hm-m2-g2-L5p3-n2-beta1__N0160__Aplus_0p005,hm-m2-g2-L5p3-n2-beta1,160,-0.005,107,3.544375,1.0024129111432216,1.002012709379044
hm-m2-g2-L5p3-n2-beta1__N0160__Aminus_0p005,hm-m2-g2-L5p3-n2-beta1__N0160__Aplus_0p005,hm-m2-g2-L5p3-n2-beta1,160,-0.005,108,3.5775,1.0022375744072702,1.001867945460869
hm-m2-g2-L5p3-n2-beta1__N0160__Aminus_0p005,hm-m2-g2-L5p3-n2-beta1__N0160__Aplus_0p005,hm-m2-g2-L5p3-n2-beta1,160,-0.005,109,3.610625,1.0020588619076334,1.0017203152543537
hm-m2-g2-L5p3-n2-beta1__N0160__Aminus_0p005,hm-m2-g2-L5p3-n2-beta1__N0160__Aplus_0p005,hm-m2-g2-L5p3-n2-beta1,160,-0.005,110,3.6437500000000003,1.0018770586774415,1.0015700498026225
hm-m2-g2-L5p3-n2-beta1__N0160__Aminus_0p005,hm-m2-g2-L5p3-n2-beta1__N0160__Aplus_0p005,hm-m2-g2-L5p3-n2-beta1,160,-0.005,111,3.6768750000000003,1.0016924538595666,1.0014173839825937
hm-m2-g2-L5p3-n2-beta1__N0160__Aminus_0p005,hm-m2-g2-L5p3-n2-beta1__N0160__Aplus_0p005,hm-m2-g2-L5p3-n2-beta1,160,-0.005,112,3.71,1.001505340207335,1.0012625561233943
hm-m2-g2-L5p3-n2-beta1__N0160__Aminus_0p005,hm-m2-g2-L5p3-n2-beta1__N0160__Aplus_0p005,hm-m2-g2-L5p3-n2-beta1,160,-0.005,113,3.743125,1.0013160135843142,1.0011058076210442
hm-m2-g2-L5p3-n2-beta1__N0160__Aminus_0p005,hm-m2-g2-L5p3-n2-beta1__N0160__Aplus_0p005,hm-m2-g2-L5p3-n2-beta1,160,-0.005,114,3.77625,1.0011247724642243,1.0009473825501027
hm-m2-g2-L5p3-n2-beta1__N0160__Aminus_0p005,hm-m2-g2-L5p3-n2-beta1__N0160__Aplus_0p005,hm-m2-g2-L5p3-n2-beta1,160,-0.005,115,3.809375,1.000931917432,1.0007875272729805
hm-m2-g2-L5p3-n2-beta1__N0160__Aminus_0p005,hm-m2-g2-L5p3-n2-beta1__N0160__Aplus_0p005,hm-m2-g2-L5p3-n2-beta1,160,-0.005,116,3.8425000000000002,1.000737750686984,1.0006264900475939
hm-m2-g2-L5p3-n2-beta1__N0160__Aminus_0p005,hm-m2-g2-L5p3-n2-beta1__N0160__Aplus_0p005,hm-m2-g2-L5p3-n2-beta1,160,-0.005,117,3.8756250000000003,1.0005425755491995,1.0004645206340481
hm-m2-g2-L5p3-n2-beta1__N0160__Aminus_0p005,hm-m2-g2-L5p3-n2-beta1__N0160__Aplus_0p005,hm-m2-g2-L5p3-n2-beta1,160,-0.005,118,3.9087500000000004,1.0003466959696028,1.000301869901006
hm-m2-g2-L5p3-n2-beta1__N0160__Aminus_0p005,hm-m2-g2-L5p3-n2-beta1__N0160__Aplus_0p005,hm-m2-g2-L5p3-n2-beta1,160,-0.005,119,3.941875,1.000150416045178,1.0001387894324005
hm-m2-g2-L5p3-n2-beta1__N0160__Aminus_0p005,hm-m2-g2-L5p3-n2-beta1__N0160__Aplus_0p005,hm-m2-g2-L5p3-n2-beta1,160,-0.005,120,3.975,0.9999540395396876,0.9999755311351308
hm-m2-g2-L5p3-n2-beta1__N0160__Aminus_0p005,hm-m2-g2-L5p3-n2-beta1__N0160__Aplus_0p005,hm-m2-g2-L5p3-n2-beta1,160,-0.005,121,4.008125000000001,0.999757869410853,0.9998123468483653
hm-m2-g2-L5p3-n2-beta1__N0160__Aminus_0p005,hm-m2-g2-L5p3-n2-beta1__N0160__Aplus_0p005,hm-m2-g2-L5p3-n2-beta1,160,-0.005,122,4.04125,0.9995622073446797,0.9996494879550618
hm-m2-g2-L5p3-n2-beta1__N0160__Aminus_0p005,hm-m2-g2-L5p3-n2-beta1__N0160__Aplus_0p005,hm-m2-g2-L5p3-n2-beta1,160,-0.005,123,4.074375,0.9993673532976104,0.9994872049962986
hm-m2-g2-L5p3-n2-beta1__N0160__Aminus_0p005,hm-m2-g2-L5p3-n2-beta1__N0160__Aplus_0p005,hm-m2-g2-L5p3-n2-beta1,160,-0.005,124,4.1075,0.9991736050471272,0.999325747288992
hm-m2-g2-L5p3-n2-beta1__N0160__Aminus_0p005,hm-m2-g2-L5p3-n2-beta1__N0160__Aplus_0p005,hm-m2-g2-L5p3-n2-beta1,160,-0.005,125,4.140625,0.9989812577513852,0.9991653625475578
hm-m2-g2-L5p3-n2-beta1__N0160__Aminus_0p005,hm-m2-g2-L5p3-n2-beta1__N0160__Aplus_0p005,hm-m2-g2-L5p3-n2-beta1,160,-0.005,126,4.17375,0.9987906035184092,0.9990062965100566
hm-m2-g2-L5p3-n2-beta1__N0160__Aminus_0p005,hm-m2-g2-L5p3-n2-beta1__N0160__Aplus_0p005,hm-m2-g2-L5p3-n2-beta1,160,-0.005,127,4.206875,0.9986019309853356,0.9988487925693423
hm-m2-g2-L5p3-n2-beta1__N0160__Aminus_0p005,hm-m2-g2-L5p3-n2-beta1__N0160__Aplus_0p005,hm-m2-g2-L5p3-n2-beta1,160,-0.005,128,4.24,0.9984155249081414,0.9986930914097174
hm-m2-g2-L5p3-n2-beta1__N0160__Aminus_0p005,hm-m2-g2-L5p3-n2-beta1__N0160__Aplus_0p005,hm-m2-g2-L5p3-n2-beta1,160,-0.005,129,4.273125,0.9982316657622514,0.9985394306495727
hm-m2-g2-L5p3-n2-beta1__N0160__Aminus_0p005,hm-m2-g2-L5p3-n2-beta1__N0160__Aplus_0p005,hm-m2-g2-L5p3-n2-beta1,160,-0.005,130,4.30625,0.9980506293543706,0.9983880444904757
hm-m2-g2-L5p3-n2-beta1__N0160__Aminus_0p005,hm-m2-g2-L5p3-n2-beta1__N0160__Aplus_0p005,hm-m2-g2-L5p3-n2-beta1,160,-0.005,131,4.339375,0.9978726864458521,0.9982391633731487
hm-m2-g2-L5p3-n2-beta1__N0160__Aminus_0p005,hm-m2-g2-L5p3-n2-beta1__N0160__Aplus_0p005,hm-m2-g2-L5p3-n2-beta1,160,-0.005,132,4.3725000000000005,0.997698102387862,0.998093013640758
hm-m2-g2-L5p3-n2-beta1__N0160__Aminus_0p005,hm-m2-g2-L5p3-n2-beta1__N0160__Aplus_0p005,hm-m2-g2-L5p3-n2-beta1,160,-0.005,133,4.405625000000001,0.9975271367685679,0.9979498172099146
hm-m2-g2-L5p3-n2-beta1__N0160__Aminus_0p005,hm-m2-g2-L5p3-n2-beta1__N0160__Aplus_0p005,hm-m2-g2-L5p3-n2-beta1,160,-0.005,134,4.438750000000001,0.997360043072538,0.997809791249772
hm-m2-g2-L5p3-n2-beta1__N0160__Aminus_0p005,hm-m2-g2-L5p3-n2-beta1__N0160__Aplus_0p005,hm-m2-g2-L5p3-n2-beta1,160,-0.005,135,4.471875,0.9971970683525064,0.9976731478695793
hm-m2-g2-L5p3-n2-beta1__N0160__Aminus_0p005,hm-m2-g2-L5p3-n2-beta1__N0160__Aplus_0p005,hm-m2-g2-L5p3-n2-beta1,160,-0.005,136,4.505,0.9970384529136181,0.9975400938150353
hm-m2-g2-L5p3-n2-beta1__N0160__Aminus_0p005,hm-m2-g2-L5p3-n2-beta1__N0160__Aplus_0p005,hm-m2-g2-L5p3-n2-beta1,160,-0.005,137,4.538125,0.9968844300102462,0.9974108301737683
hm-m2-g2-L5p3-n2-beta1__N0160__Aminus_0p005,hm-m2-g2-L5p3-n2-beta1__N0160__Aplus_0p005,hm-m2-g2-L5p3-n2-beta1,160,-0.005,138,4.57125,0.996735225555437,0.9972855520902458
hm-m2-g2-L5p3-n2-beta1__N0160__Aminus_0p005,hm-m2-g2-L5p3-n2-beta1__N0160__Aplus_0p005,hm-m2-g2-L5p3-n2-beta1,160,-0.005,139,4.604375,0.996591057843017,0.9971644484904014
hm-m2-g2-L5p3-n2-beta1__N0160__Aminus_0p005,hm-m2-g2-L5p3-n2-beta1__N0160__Aplus_0p005,hm-m2-g2-L5p3-n2-beta1,160,-0.005,140,4.6375,0.9964521372823677,0.9970477018162511
hm-m2-g2-L5p3-n2-beta1__N0160__Aminus_0p005,hm-m2-g2-L5p3-n2-beta1__N0160__Aplus_0p005,hm-m2-g2-L5p3-n2-beta1,160,-0.005,141,4.670625,0.9963186661458548,0.9969354877707491
hm-m2-g2-L5p3-n2-beta1__N0160__Aminus_0p005,hm-m2-g2-L5p3-n2-beta1__N0160__Aplus_0p005,hm-m2-g2-L5p3-n2-beta1,160,-0.005,142,4.70375,0.9961908383288788,0.996827975073121
hm-m2-g2-L5p3-n2-beta1__N0160__Aminus_0p005,hm-m2-g2-L5p3-n2-beta1__N0160__Aplus_0p005,hm-m2-g2-L5p3-n2-beta1,160,-0.005,143,4.736875,0.9960688391224946,0.9967253252248939
hm-m2-g2-L5p3-n2-beta1__N0160__Aminus_0p005,hm-m2-g2-L5p3-n2-beta1__N0160__Aplus_0p005,hm-m2-g2-L5p3-n2-beta1,160,-0.005,144,4.7700000000000005,0.9959528449985354,0.996627692286826
hm-m2-g2-L5p3-n2-beta1__N0160__Aminus_0p005,hm-m2-g2-L5p3-n2-beta1__N0160__Aplus_0p005,hm-m2-g2-L5p3-n2-beta1,160,-0.005,145,4.8031250000000005,0.9958430234071634,0.9965352226669292
hm-m2-g2-L5p3-n2-beta1__N0160__Aminus_0p005,hm-m2-g2-L5p3-n2-beta1__N0160__Aplus_0p005,hm-m2-g2-L5p3-n2-beta1,160,-0.005,146,4.836250000000001,0.9957395325867564,0.9964480549197562
hm-m2-g2-L5p3-n2-beta1__N0160__Aminus_0p005,hm-m2-g2-L5p3-n2-beta1__N0160__Aplus_0p005,hm-m2-g2-L5p3-n2-beta1,160,-0.005,147,4.869375000000001,0.9956425213860377,0.996366319557115
hm-m2-g2-L5p3-n2-beta1__N0160__Aminus_0p005,hm-m2-g2-L5p3-n2-beta1__N0160__Aplus_0p005,hm-m2-g2-L5p3-n2-beta1,160,-0.005,148,4.9025,0.9955521290983442,0.9962901388703582
hm-m2-g2-L5p3-n2-beta1__N0160__Aminus_0p005,hm-m2-g2-L5p3-n2-beta1__N0160__Aplus_0p005,hm-m2-g2-L5p3-n2-beta1,160,-0.005,149,4.935625,0.9954684853079281,0.9962196267643845
hm-m2-g2-L5p3-n2-beta1__N0160__Aminus_0p005,hm-m2-g2-L5p3-n2-beta1__N0160__Aplus_0p005,hm-m2-g2-L5p3-n2-beta1,160,-0.005,150,4.96875,0.9953917097481839,0.9961548886034723
hm-m2-g2-L5p3-n2-beta1__N0160__Aminus_0p005,hm-m2-g2-L5p3-n2-beta1__N0160__Aplus_0p005,hm-m2-g2-L5p3-n2-beta1,160,-0.005,151,5.001875,0.9953219121716949,0.9960960210690626
hm-m2-g2-L5p3-n2-beta1__N0160__Aminus_0p005,hm-m2-g2-L5p3-n2-beta1__N0160__Aplus_0p005,hm-m2-g2-L5p3-n2-beta1,160,-0.005,152,5.035,0.9952591922319898,0.9960431120295844
hm-m2-g2-L5p3-n2-beta1__N0160__Aminus_0p005,hm-m2-g2-L5p3-n2-beta1__N0160__Aplus_0p005,hm-m2-g2-L5p3-n2-beta1,160,-0.005,153,5.068125,0.9952036393769114,0.995996240422423
hm-m2-g2-L5p3-n2-beta1__N0160__Aminus_0p005,hm-m2-g2-L5p3-n2-beta1__N0160__Aplus_0p005,hm-m2-g2-L5p3-n2-beta1,160,-0.005,154,5.10125,0.9951553327534965,0.9959554761481015
hm-m2-g2-L5p3-n2-beta1__N0160__Aminus_0p005,hm-m2-g2-L5p3-n2-beta1__N0160__Aplus_0p005,hm-m2-g2-L5p3-n2-beta1,160,-0.005,155,5.134375,0.9951143411242787,0.9959208799767533
hm-m2-g2-L5p3-n2-beta1__N0160__Aminus_0p005,hm-m2-g2-L5p3-n2-beta1__N0160__Aplus_0p005,hm-m2-g2-L5p3-n2-beta1,160,-0.005,156,5.1675,0.9950807227949283,0.9958925034669425
hm-m2-g2-L5p3-n2-beta1__N0160__Aminus_0p005,hm-m2-g2-L5p3-n2-beta1__N0160__Aplus_0p005,hm-m2-g2-L5p3-n2-beta1,160,-0.005,157,5.2006250000000005,0.9950545255531583,0.995870388896888
hm-m2-g2-L5p3-n2-beta1__N0160__Aminus_0p005,hm-m2-g2-L5p3-n2-beta1__N0160__Aplus_0p005,hm-m2-g2-L5p3-n2-beta1,160,-0.005,158,5.233750000000001,0.9950357866188279,0.9958545692081322
hm-m2-g2-L5p3-n2-beta1__N0160__Aminus_0p005,hm-m2-g2-L5p3-n2-beta1__N0160__Aplus_0p005,hm-m2-g2-L5p3-n2-beta1,160,-0.005,159,5.266875000000001,0.9950245326051923,0.9958450679616927
hm-m2-g2-L5p3-n2-beta1__N0160__Aminus_0p005,hm-m2-g2-L5p3-n2-beta1__N0160__Aplus_0p005,hm-m2-g2-L5p3-n2-beta1,160,-0.005,160,5.3,0.9950207794912553,0.9958418993067213
hm-m2-g2-L5p3-n2-beta1__N0160__Aminus_0p0025,hm-m2-g2-L5p3-n2-beta1__N0160__Aplus_0p0025,hm-m2-g2-L5p3-n2-beta1,160,-0.0025,0,0.0,0.997505222043637,0.9979210876900779
hm-m2-g2-L5p3-n2-beta1__N0160__Aminus_0p0025,hm-m2-g2-L5p3-n2-beta1__N0160__Aplus_0p0025,hm-m2-g2-L5p3-n2-beta1,160,-0.0025,1,0.033125,0.9975071238405129,0.9979226811500188
hm-m2-g2-L5p3-n2-beta1__N0160__Aminus_0p0025,hm-m2-g2-L5p3-n2-beta1__N0160__Aplus_0p0025,hm-m2-g2-L5p3-n2-beta1,160,-0.0025,2,0.06625,0.9975128264156833,0.9979274591151456
hm-m2-g2-L5p3-n2-beta1__N0160__Aminus_0p0025,hm-m2-g2-L5p3-n2-beta1__N0160__Aplus_0p0025,hm-m2-g2-L5p3-n2-beta1,160,-0.0025,3,0.099375,0.9975223213264144,0.9979354143448369
hm-m2-g2-L5p3-n2-beta1__N0160__Aminus_0p0025,hm-m2-g2-L5p3-n2-beta1__N0160__Aplus_0p0025,hm-m2-g2-L5p3-n2-beta1,160,-0.0025,4,0.1325,0.9975355945136065,0.997946534782941
hm-m2-g2-L5p3-n2-beta1__N0160__Aminus_0p0025,hm-m2-g2-L5p3-n2-beta1__N0160__Aplus_0p0025,hm-m2-g2-L5p3-n2-beta1,160,-0.0025,5,0.16562500000000002,0.997552626319975,0.9979608035750857
hm-m2-g2-L5p3-n2-beta1__N0160__Aminus_0p0025,hm-m2-g2-L5p3-n2-beta1__N0160__Aplus_0p0025,hm-m2-g2-L5p3-n2-beta1,160,-0.0025,6,0.19875,0.9975733915154914,0.997978199092888
hm-m2-g2-L5p3-n2-beta1__N0160__Aminus_0p0025,hm-m2-g2-L5p3-n2-beta1__N0160__Aplus_0p0025,hm-m2-g2-L5p3-n2-beta1,160,-0.0025,7,0.231875,0.9975978593300767,0.9979986949650345
hm-m2-g2-L5p3-n2-beta1__N0160__Aminus_0p0025,hm-m2-g2-L5p3-n2-beta1__N0160__Aplus_0p0025,hm-m2-g2-L5p3-n2-beta1,160,-0.0025,8,0.265,0.997625993493529,0.9980222601151983
hm-m2-g2-L5p3-n2-beta1__N0160__Aminus_0p0025,hm-m2-g2-L5p3-n2-beta1__N0160__Aplus_0p0025,hm-m2-g2-L5p3-n2-beta1,160,-0.0025,9,0.29812500000000003,0.9976577522826722,0.9980488588067505
hm-m2-g2-L5p3-n2-beta1__N0160__Aminus_0p0025,hm-m2-g2-L5p3-n2-beta1__N0160__Aplus_0p0025,hm-m2-g2-L5p3-n2-beta1,160,-0.0025,10,0.33125000000000004,0.9976930885757004,0.9980784506942171
hm-m2-g2-L5p3-n2-beta1__N0160__Aminus_0p0025,hm-m2-g2-L5p3-n2-beta1__N0160__Aplus_0p0025,hm-m2-g2-L5p3-n2-beta1,160,-0.0025,11,0.364375,0.9977319499136948,0.9981109908814226
hm-m2-g2-L5p3-n2-beta1__N0160__Aminus_0p0025,hm-m2-g2-L5p3-n2-beta1__N0160__Aplus_0p0025,hm-m2-g2-L5p3-n2-beta1,160,-0.0025,12,0.3975,0.9977742785692841,0.9981464299862575
hm-m2-g2-L5p3-n2-beta1__N0160__Aminus_0p0025,hm-m2-g2-L5p3-n2-beta1__N0160__Aplus_0p0025,hm-m2-g2-L5p3-n2-beta1,160,-0.0025,13,0.43062500000000004,0.9978200116224109,0.9981847142119922
hm-m2-g2-L5p3-n2-beta1__N0160__Aminus_0p0025,hm-m2-g2-L5p3-n2-beta1__N0160__Aplus_0p0025,hm-m2-g2-L5p3-n2-beta1,160,-0.0025,14,0.46375,0.9978690810431697,0.9982257854250618
hm-m2-g2-L5p3-n2-beta1__N0160__Aminus_0p0025,hm-m2-g2-L5p3-n2-beta1__N0160__Aplus_0p0025,hm-m2-g2-L5p3-n2-beta1,160,-0.0025,15,0.496875,0.9979214137816687,0.9982695812392282
hm-m2-g2-L5p3-n2-beta1__N0160__Aminus_0p0025,hm-m2-g2-L5p3-n2-beta1__N0160__Aplus_0p0025,hm-m2-g2-L5p3-n2-beta1,160,-0.0025,16,0.53,0.9979769318648661,0.9983160351060245
hm-m2-g2-L5p3-n2-beta1__N0160__Aminus_0p0025,hm-m2-g2-L5p3-n2-beta1__N0160__Aplus_0p0025,hm-m2-g2-L5p3-n2-beta1,160,-0.0025,17,0.563125,0.9980355525003276,0.9983650764113783
hm-m2-g2-L5p3-n2-beta1__N0160__Aminus_0p0025,hm-m2-g2-L5p3-n2-beta1__N0160__Aplus_0p0025,hm-m2-g2-L5p3-n2-beta1,160,-0.0025,18,0.5962500000000001,0.9980971881868372,0.9984166305782983
hm-m2-g2-L5p3-n2-beta1__N0160__Aminus_0p0025,hm-m2-g2-L5p3-n2-beta1__N0160__Aplus_0p0025,hm-m2-g2-L5p3-n2-beta1,160,-0.0025,19,0.629375,0.9981617468317976,0.9984706191755052
hm-m2-g2-L5p3-n2-beta1__N0160__Aminus_0p0025,hm-m2-g2-L5p3-n2-beta1__N0160__Aplus_0p0025,hm-m2-g2-L5p3-n2-beta1,160,-0.0025,20,0.6625000000000001,0.9982291318753399,0.9985269600318767
hm-m2-g2-L5p3-n2-beta1__N0160__Aminus_0p0025,hm-m2-g2-L5p3-n2-beta1__N0160__Aplus_0p0025,hm-m2-g2-L5p3-n2-beta1,160,-0.0025,21,0.695625,0.9982992424210584,0.9985855673565696
hm-m2-g2-L5p3-n2-beta1__N0160__Aminus_0p0025,hm-m2-g2-L5p3-n2-beta1__N0160__Aplus_0p0025,hm-m2-g2-L5p3-n2-beta1,160,-0.0025,22,0.72875,0.9983719733732779,0.9986463518646751
hm-m2-g2-L5p3-n2-beta1__N0160__Aminus_0p0025,hm-m2-g2-L5p3-n2-beta1__N0160__Aplus_0p0025,hm-m2-g2-L5p3-n2-beta1,160,-0.0025,23,0.7618750000000001,0.9984472155807521,0.9987092209082511
hm-m2-g2-L5p3-n2-beta1__N0160__Aminus_0p0025,hm-m2-g2-L5p3-n2-beta1__N0160__Aplus_0p0025,hm-m2-g2-L5p3-n2-beta1,160,-0.0025,24,0.795,0.9985248559866796,0.9987740786125722
hm-m2-g2-L5p3-n2-beta1__N0160__Aminus_0p0025,hm-m2-g2-L5p3-n2-beta1__N0160__Aplus_0p0025,hm-m2-g2-L5p3-n2-beta1,160,-0.0025,25,0.828125,0.9986047777849194,0.9988408260174266
hm-m2-g2-L5p3-n2-beta1__N0160__Aminus_0p0025,hm-m2-g2-L5p3-n2-beta1__N0160__Aplus_0p0025,hm-m2-g2-L5p3-n2-beta1,160,-0.0025,26,0.8612500000000001,0.9986868605822724,0.9989093612232816
hm-m2-g2-L5p3-n2-beta1__N0160__Aminus_0p0025,hm-m2-g2-L5p3-n2-beta1__N0160__Aplus_0p0025,hm-m2-g2-L5p3-n2-beta1,160,-0.0025,27,0.894375,0.9987709805666882,0.9989795795421313
hm-m2-g2-L5p3-n2-beta1__N0160__Aminus_0p0025,hm-m2-g2-L5p3-n2-beta1__N0160__Aplus_0p0025,hm-m2-g2-L5p3-n2-beta1,160,-0.0025,28,0.9275,0.9988570106812434,0.9990513736528356
hm-m2-g2-L5p3-n2-beta1__N0160__Aminus_0p0025,hm-m2-g2-L5p3-n2-beta1__N0160__Aplus_0p0025,hm-m2-g2-L5p3-n2-beta1,160,-0.0025,29,0.9606250000000001,0.998944820803727,0.9991246337607415
hm-m2-g2-L5p3-n2-beta1__N0160__Aminus_0p0025,hm-m2-g2-L5p3-n2-beta1__N0160__Aplus_0p0025,hm-m2-g2-L5p3-n2-beta1,160,-0.0025,30,0.99375,0.9990342779316573,0.9991992477613851
hm-m2-g2-L5p3-n2-beta1__N0160__Aminus_0p0025,hm-m2-g2-L5p3-n2-beta1__N0160__Aplus_0p0025,hm-m2-g2-L5p3-n2-beta1,160,-0.0025,31,1.026875,0.99912524637254,0.99927510140805
hm-m2-g2-L5p3-n2-beta1__N0160__Aminus_0p0025,hm-m2-g2-L5p3-n2-beta1__N0160__Aplus_0p0025,hm-m2-g2-L5p3-n2-beta1,160,-0.0025,32,1.06,0.9992175879391675,0.9993520784829586
hm-m2-g2-L5p3-n2-beta1__N0160__Aminus_0p0025,hm-m2-g2-L5p3-n2-beta1__N0160__Aplus_0p0025,hm-m2-g2-L5p3-n2-beta1,160,-0.0025,33,1.0931250000000001,0.9993111621497452,0.999430060971865
hm-m2-g2-L5p3-n2-beta1__N0160__Aminus_0p0025,hm-m2-g2-L5p3-n2-beta1__N0160__Aplus_0p0025,hm-m2-g2-L5p3-n2-beta1,160,-0.0025,34,1.12625,0.999405826432618,0.9995089292418063
hm-m2-g2-L5p3-n2-beta1__N0160__Aminus_0p0025,hm-m2-g2-L5p3-n2-beta1__N0160__Aplus_0p0025,hm-m2-g2-L5p3-n2-beta1,160,-0.0025,35,1.159375,0.9995014363353548,0.9995885622217656
hm-m2-g2-L5p3-n2-beta1__N0160__Aminus_0p0025,hm-m2-g2-L5p3-n2-beta1__N0160__Aplus_0p0025,hm-m2-g2-L5p3-n2-beta1,160,-0.0025,36,1.1925000000000001,0.999597845737941,0.9996688375859935
hm-m2-g2-L5p3-n2-beta1__N0160__Aminus_0p0025,hm-m2-g2-L5p3-n2-beta1__N0160__Aplus_0p0025,hm-m2-g2-L5p3-n2-beta1,160,-0.0025,37,1.225625,0.999694907069808,0.9997496319397244
hm-m2-g2-L5p3-n2-beta1__N0160__Aminus_0p0025,hm-m2-g2-L5p3-n2-beta1__N0160__Aplus_0p0025,hm-m2-g2-L5p3-n2-beta1,160,-0.0025,38,1.25875,0.9997924715304237,0.9998308210070236
hm-m2-g2-L5p3-n2-beta1__N0160__Aminus_0p0025,hm-m2-g2-L5p3-n2-beta1__N0160__Aplus_0p0025,hm-m2-g2-L5p3-n2-beta1,160,-0.0025,39,1.291875,0.9998903893131456,0.9999122798204838
hm-m2-g2-L5p3-n2-beta1__N0160__Aminus_0p0025,hm-m2-g2-L5p3-n2-beta1__N0160__Aplus_0p0025,hm-m2-g2-L5p3-n2-beta1,160,-0.0025,40,1.3250000000000002,0.9999885098320334,0.9999938829125009
hm-m2-g2-L5p3-n2-beta1__N0160__Aminus_0p0025,hm-m2-g2-L5p3-n2-beta1__N0160__Aplus_0p0025,hm-m2-g2-L5p3-n2-beta1,160,-0.0025,41,1.358125,1.0000866819512995,1.0000755045078358
hm-m2-g2-L5p3-n2-beta1__N0160__Aminus_0p0025,hm-m2-g2-L5p3-n2-beta1__N0160__Aplus_0p0025,hm-m2-g2-L5p3-n2-beta1,160,-0.0025,42,1.39125,1.0001847542170643,1.0001570187171758
hm-m2-g2-L5p3-n2-beta1__N0160__Aminus_0p0025,hm-m2-g2-L5p3-n2-beta1__N0160__Aplus_0p0025,hm-m2-g2-L5p3-n2-beta1,160,-0.0025,43,1.4243750000000002,1.000282575091072,1.0002382997313997
hm-m2-g2-L5p3-n2-beta1__N0160__Aminus_0p0025,hm-m2-g2-L5p3-n2-beta1__N0160__Aplus_0p0025,hm-m2-g2-L5p3-n2-beta1,160,-0.0025,44,1.4575,1.0003799931860096,1.0003192220162442
hm-m2-g2-L5p3-n2-beta1__N0160__Aminus_0p0025,hm-m2-g2-L5p3-n2-beta1__N0160__Aplus_0p0025,hm-m2-g2-L5p3-n2-beta1,160,-0.0025,45,1.490625,1.0004768575020584,1.0003996605070729
hm-m2-g2-L5p3-n2-beta1__N0160__Aminus_0p0025,hm-m2-g2-L5p3-n2-beta1__N0160__Aplus_0p0025,hm-m2-g2-L5p3-n2-beta1,160,-0.0025,46,1.5237500000000002,1.0005730176643026,1.0004794908034367
hm-m2-g2-L5p3-n2-beta1__N0160__Aminus_0p0025,hm-m2-g2-L5p3-n2-beta1__N0160__Aplus_0p0025,hm-m2-g2-L5p3-n2-beta1,160,-0.0025,47,1.556875,1.0006683241605974,1.0005585893631193
hm-m2-g2-L5p3-n2-beta1__N0160__Aminus_0p0025,hm-m2-g2-L5p3-n2-beta1__N0160__Aplus_0p0025,hm-m2-g2-L5p3-n2-beta1,160,-0.0025,48,1.59,1.0007626285795048,1.0006368336953513
hm-m2-g2-L5p3-n2-beta1__N0160__Aminus_0p0025,hm-m2-g2-L5p3-n2-beta1__N0160__Aplus_0p0025,hm-m2-g2-L5p3-n2-beta1,160,-0.0025,49,1.6231250000000002,1.0008557838478829,1.0007141025528838
hm-m2-g2-L5p3-n2-beta1__N0160__Aminus_0p0025,hm-m2-g2-L5p3-n2-beta1__N0160__Aplus_0p0025,hm-m2-g2-L5p3-n2-beta1,160,-0.0025,50,1.65625,1.0009476444677106,1.0007902761226029
hm-m2-g2-L5p3-n2-beta1__N0160__Aminus_0p0025,hm-m2-g2-L5p3-n2-beta1__N0160__Aplus_0p0025,hm-m2-g2-L5p3-n2-beta1,160,-0.0025,51,1.689375,1.0010380667517293,1.0008652362143693
hm-m2-g2-L5p3-n2-beta1__N0160__Aminus_0p0025,hm-m2-g2-L5p3-n2-beta1__N0160__Aplus_0p0025,hm-m2-g2-L5p3-n2-beta1,160,-0.0025,52,1.7225000000000001,1.001126909057466,1.0009388664477705
hm-m2-g2-L5p3-n2-beta1__N0160__Aminus_0p0025,hm-m2-g2-L5p3-n2-beta1__N0160__Aplus_0p0025,hm-m2-g2-L5p3-n2-beta1,160,-0.0025,53,1.755625,1.001214032019201,1.0010110524364648
hm-m2-g2-L5p3-n2-beta1__N0160__Aminus_0p0025,hm-m2-g2-L5p3-n2-beta1__N0160__Aplus_0p0025,hm-m2-g2-L5p3-n2-beta1,160,-0.0025,54,1.78875,1.0012992987774472,1.001081681969807
hm-m2-g2-L5p3-n2-beta1__N0160__Aminus_0p0025,hm-m2-g2-L5p3-n2-beta1__N0160__Aplus_0p0025,hm-m2-g2-L5p3-n2-beta1,160,-0.0025,55,1.8218750000000001,1.0013825752054921,1.0011506451914425
hm-m2-g2-L5p3-n2-beta1__N0160__Aminus_0p0025,hm-m2-g2-L5p3-n2-beta1__N0160__Aplus_0p0025,hm-m2-g2-L5p3-n2-beta1,160,-0.0025,56,1.855,1.001463730132558,1.0012178347745604
hm-m2-g2-L5p3-n2-beta1__N0160__Aminus_0p0025,hm-m2-g2-L5p3-n2-beta1__N0160__Aplus_0p0025,hm-m2-g2-L5p3-n2-beta1,160,-0.0025,57,1.888125,1.0015426355631414,1.0012831460934977
hm-m2-g2-L5p3-n2-beta1__N0160__Aminus_0p0025,hm-m2-g2-L5p3-n2-beta1__N0160__Aplus_0p0025,hm-m2-g2-L5p3-n2-beta1,160,-0.0025,58,1.9212500000000001,1.0016191668920806,1.0013464773913947
hm-m2-g2-L5p3-n2-beta1__N0160__Aminus_0p0025,hm-m2-g2-L5p3-n2-beta1__N0160__Aplus_0p0025,hm-m2-g2-L5p3-n2-beta1,160,-0.0025,59,1.9543750000000002,1.001693203114915,1.0014077299436017
hm-m2-g2-L5p3-n2-beta1__N0160__Aminus_0p0025,hm-m2-g2-L5p3-n2-beta1__N0160__Aplus_0p0025,hm-m2-g2-L5p3-n2-beta1,160,-0.0025,60,1.9875,1.0017646270330942,1.0014668082165454
hm-m2-g2-L5p3-n2-beta1__N0160__Aminus_0p0025,hm-m2-g2-L5p3-n2-beta1__N0160__Aplus_0p0025,hm-m2-g2-L5p3-n2-beta1,160,-0.0025,61,2.020625,1.0018333254536074,1.0015236200217699
hm-m2-g2-L5p3-n2-beta1__N0160__Aminus_0p0025,hm-m2-g2-L5p3-n2-beta1__N0160__Aplus_0p0025,hm-m2-g2-L5p3-n2-beta1,160,-0.0025,62,2.05375,1.001899189382601,1.0015780766648703
hm-m2-g2-L5p3-n2-beta1__N0160__Aminus_0p0025,hm-m2-g2-L5p3-n2-beta1__N0160__Aplus_0p0025,hm-m2-g2-L5p3-n2-beta1,160,-0.0025,63,2.086875,1.0019621142125725,1.0016300930890492
hm-m2-g2-L5p3-n2-beta1__N0160__Aminus_0p0025,hm-m2-g2-L5p3-n2-beta1__N0160__Aplus_0p0025,hm-m2-g2-L5p3-n2-beta1,160,-0.0025,64,2.12,1.0020219999027233,1.0016795880130303
hm-m2-g2-L5p3-n2-beta1__N0160__Aminus_0p0025,hm-m2-g2-L5p3-n2-beta1__N0160__Aplus_0p0025,hm-m2-g2-L5p3-n2-beta1,160,-0.0025,65,2.153125,1.0020787511520777,1.0017264840630757
hm-m2-g2-L5p3-n2-beta1__N0160__Aminus_0p0025,hm-m2-g2-L5p3-n2-beta1__N0160__Aplus_0p0025,hm-m2-g2-L5p3-n2-beta1,160,-0.0025,66,2.1862500000000002,1.0021322775649768,1.00177070789886
hm-m2-g2-L5p3-n2-beta1__N0160__Aminus_0p0025,hm-m2-g2-L5p3-n2-beta1__N0160__Aplus_0p0025,hm-m2-g2-L5p3-n2-beta1,160,-0.0025,67,2.2193750000000003,1.0021824938085764,1.0018121903329673
hm-m2-g2-L5p3-n2-beta1__N0160__Aminus_0p0025,hm-m2-g2-L5p3-n2-beta1__N0160__Aplus_0p0025,hm-m2-g2-L5p3-n2-beta1,160,-0.0025,68,2.2525,1.002229319761988,1.0018508664437844
hm-m2-g2-L5p3-n2-beta1__N0160__Aminus_0p0025,hm-m2-g2-L5p3-n2-beta1__N0160__Aplus_0p0025,hm-m2-g2-L5p3-n2-beta1,160,-0.0025,69,2.285625,1.0022726806567224,1.001886675681579
hm-m2-g2-L5p3-n2-beta1__N0160__Aminus_0p0025,hm-m2-g2-L5p3-n2-beta1__N0160__Aplus_0p0025,hm-m2-g2-L5p3-n2-beta1,160,-0.0025,70,2.31875,1.002312507208109,1.0019195619675598
hm-m2-g2-L5p3-n2-beta1__N0160__Aminus_0p0025,hm-m2-g2-L5p3-n2-beta1__N0160__Aplus_0p0025,hm-m2-g2-L5p3-n2-beta1,160,-0.0025,71,2.351875,1.0023487357373855,1.0019494737857326
hm-m2-g2-L5p3-n2-beta1__N0160__Aminus_0p0025,hm-m2-g2-L5p3-n2-beta1__N0160__Aplus_0p0025,hm-m2-g2-L5p3-n2-beta1,160,-0.0025,72,2.3850000000000002,1.0023813082841713,1.0019763642673722
hm-m2-g2-L5p3-n2-beta1__N0160__Aminus_0p0025,hm-m2-g2-L5p3-n2-beta1__N0160__Aplus_0p0025,hm-m2-g2-L5p3-n2-beta1,160,-0.0025,73,2.4181250000000003,1.0024101727090586,1.0020001912679533
hm-m2-g2-L5p3-n2-beta1__N0160__Aminus_0p0025,hm-m2-g2-L5p3-n2-beta1__N0160__Aplus_0p0025,hm-m2-g2-L5p3-n2-beta1,160,-0.0025,74,2.45125,1.002435282786076,1.0020209174363859
hm-m2-g2-L5p3-n2-beta1__N0160__Aminus_0p0025,hm-m2-g2-L5p3-n2-beta1__N0160__Aplus_0p0025,hm-m2-g2-L5p3-n2-beta1,160,-0.0025,75,2.484375,1.0024565982848084,1.0020385102764295
hm-m2-g2-L5p3-n2-beta1__N0160__Aminus_0p0025,hm-m2-g2-L5p3-n2-beta1__N0160__Aplus_0p0025,hm-m2-g2-L5p3-n2-beta1,160,-0.0025,76,2.5175,1.0024740850419704,1.00205294220016
hm-m2-g2-L5p3-n2-beta1__N0160__Aminus_0p0025,hm-m2-g2-L5p3-n2-beta1__N0160__Aplus_0p0025,hm-m2-g2-L5p3-n2-beta1,160,-0.0025,77,2.550625,1.0024877150222664,1.002064190573388
hm-m2-g2-L5p3-n2-beta1__N0160__Aminus_0p0025,hm-m2-g2-L5p3-n2-beta1__N0160__Aplus_0p0025,hm-m2-g2-L5p3-n2-beta1,160,-0.0025,78,2.58375,1.0024974663683865,1.0020722377529414
hm-m2-g2-L5p3-n2-beta1__N0160__Aminus_0p0025,hm-m2-g2-L5p3-n2-beta1__N0160__Aplus_0p0025,hm-m2-g2-L5p3-n2-beta1,160,-0.0025,79,2.6168750000000003,1.0025033234400187,1.0020770711157398
hm-m2-g2-L5p3-n2-beta1__N0160__Aminus_0p0025,hm-m2-g2-L5p3-n2-beta1__N0160__Aplus_0p0025,hm-m2-g2-L5p3-n2-beta1,160,-0.0025,80,2.6500000000000004,1.0025052768417828,1.0020786830796005
hm-m2-g2-L5p3-n2-beta1__N0160__Aminus_0p0025,hm-m2-g2-L5p3-n2-beta1__N0160__Aplus_0p0025,hm-m2-g2-L5p3-n2-beta1,160,-0.0025,81,2.683125,1.002503323440019,1.002077071115739
hm-m2-g2-L5p3-n2-beta1__N0160__Aminus_0p0025,hm-m2-g2-L5p3-n2-beta1__N0160__Aplus_0p0025,hm-m2-g2-L5p3-n2-beta1,160,-0.0025,82,2.71625,1.002497466368387,1.0020722377529396
hm-m2-g2-L5p3-n2-beta1__N0160__Aminus_0p0025,hm-m2-g2-L5p3-n2-beta1__N0160__Aplus_0p0025,hm-m2-g2-L5p3-n2-beta1,160,-0.0025,83,2.749375,1.0024877150222673,1.0020641905733854
hm-m2-g2-L5p3-n2-beta1__N0160__Aminus_0p0025,hm-m2-g2-L5p3-n2-beta1__N0160__Aplus_0p0025,hm-m2-g2-L5p3-n2-beta1,160,-0.0025,84,2.7825,1.0024740850419713,1.0020529422001567
hm-m2-g2-L5p3-n2-beta1__N0160__Aminus_0p0025,hm-m2-g2-L5p3-n2-beta1__N0160__Aplus_0p0025,hm-m2-g2-L5p3-n2-beta1,160,-0.0025,85,2.8156250000000003,1.0024565982848095,1.0020385102764253
hm-m2-g2-L5p3-n2-beta1__N0160__Aminus_0p0025,hm-m2-g2-L5p3-n2-beta1__N0160__Aplus_0p0025,hm-m2-g2-L5p3-n2-beta1,160,-0.0025,86,2.8487500000000003,1.0024352827860774,1.0020209174363808
hm-m2-g2-L5p3-n2-beta1__N0160__Aminus_0p0025,hm-m2-g2-L5p3-n2-beta1__N0160__Aplus_0p0025,hm-m2-g2-L5p3-n2-beta1,160,-0.0025,87,2.881875,1.00241017270906,1.0020001912679473
hm-m2-g2-L5p3-n2-beta1__N0160__Aminus_0p0025,hm-m2-g2-L5p3-n2-beta1__N0160__Aplus_0p0025,hm-m2-g2-L5p3-n2-beta1,160,-0.0025,88,2.915,1.002381308284173,1.0019763642673658
hm-m2-g2-L5p3-n2-beta1__N0160__Aminus_0p0025,hm-m2-g2-L5p3-n2-beta1__N0160__Aplus_0p0025,hm-m2-g2-L5p3-n2-beta1,160,-0.0025,89,2.948125,1.0023487357373873,1.0019494737857253
hm-m2-g2-L5p3-n2-beta1__N0160__Aminus_0p0025,hm-m2-g2-L5p3-n2-beta1__N0160__Aplus_0p0025,hm-m2-g2-L5p3-n2-beta1,160,-0.0025,90,2.98125,1.0023125072081107,1.0019195619675518
hm-m2-g2-L5p3-n2-beta1__N0160__Aminus_0p0025,hm-m2-g2-L5p3-n2-beta1__N0160__Aplus_0p0025,hm-m2-g2-L5p3-n2-beta1,160,-0.0025,91,3.0143750000000002,1.0022726806567244,1.0018866756815703
hm-m2-g2-L5p3-n2-beta1__N0160__Aminus_0p0025,hm-m2-g2-L5p3-n2-beta1__N0160__Aplus_0p0025,hm-m2-g2-L5p3-n2-beta1,160,-0.0025,92,3.0475000000000003,1.00222931976199,1.001850866443775
hm-m2-g2-L5p3-n2-beta1__N0160__Aminus_0p0025,hm-m2-g2-L5p3-n2-beta1__N0160__Aplus_0p0025,hm-m2-g2-L5p3-n2-beta1,160,-0.0025,93,3.080625,1.0021824938085784,1.0018121903329573
hm-m2-g2-L5p3-n2-beta1__N0160__Aminus_0p0025,hm-m2-g2-L5p3-n2-beta1__N0160__Aplus_0p0025,hm-m2-g2-L5p3-n2-beta1,160,-0.0025,94,3.11375,1.0021322775649786,1.0017707078988494
hm-m2-g2-L5p3-n2-beta1__N0160__Aminus_0p0025,hm-m2-g2-L5p3-n2-beta1__N0160__Aplus_0p0025,hm-m2-g2-L5p3-n2-beta1,160,-0.0025,95,3.146875,1.0020787511520792,1.0017264840630642
hm-m2-g2-L5p3-n2-beta1__N0160__Aminus_0p0025,hm-m2-g2-L5p3-n2-beta1__N0160__Aplus_0p0025,hm-m2-g2-L5p3-n2-beta1,160,-0.0025,96,3.18,1.0020219999027247,1.0016795880130183
hm-m2-g2-L5p3-n2-beta1__N0160__Aminus_0p0025,hm-m2-g2-L5p3-n2-beta1__N0160__Aplus_0p0025,hm-m2-g2-L5p3-n2-beta1,160,-0.0025,97,3.2131250000000002,1.0019621142125739,1.001630093089036
hm-m2-g2-L5p3-n2-beta1__N0160__Aminus_0p0025,hm-m2-g2-L5p3-n2-beta1__N0160__Aplus_0p0025,hm-m2-g2-L5p3-n2-beta1,160,-0.0025,98,3.2462500000000003,1.0018991893826021,1.001578076664856
hm-m2-g2-L5p3-n2-beta1__N0160__Aminus_0p0025,hm-m2-g2-L5p3-n2-beta1__N0160__Aplus_0p0025,hm-m2-g2-L5p3-n2-beta1,160,-0.0025,99,3.2793750000000004,1.001833325453608,1.0015236200217545
hm-m2-g2-L5p3-n2-beta1__N0160__Aminus_0p0025,hm-m2-g2-L5p3-n2-beta1__N0160__Aplus_0p0025,hm-m2-g2-L5p3-n2-beta1,160,-0.0025,100,3.3125,1.0017646270330947,1.001466808216529
hm-m2-g2-L5p3-n2-beta1__N0160__Aminus_0p0025,hm-m2-g2-L5p3-n2-beta1__N0160__Aplus_0p0025,hm-m2-g2-L5p3-n2-beta1,160,-0.0025,101,3.345625,1.001693203114915,1.0014077299435844
hm-m2-g2-L5p3-n2-beta1__N0160__Aminus_0p0025,hm-m2-g2-L5p3-n2-beta1__N0160__Aplus_0p0025,hm-m2-g2-L5p3-n2-beta1,160,-0.0025,102,3.37875,1.0016191668920802,1.0013464773913765
hm-m2-g2-L5p3-n2-beta1__N0160__Aminus_0p0025,hm-m2-g2-L5p3-n2-beta1__N0160__Aplus_0p0025,hm-m2-g2-L5p3-n2-beta1,160,-0.0025,103,3.411875,1.0015426355631405,1.0012831460934786
hm-m2-g2-L5p3-n2-beta1__N0160__Aminus_0p0025,hm-m2-g2-L5p3-n2-beta1__N0160__Aplus_0p0025,hm-m2-g2-L5p3-n2-beta1,160,-0.0025,104,3.4450000000000003,1.0014637301325566,1.0012178347745402
hm-m2-g2-L5p3-n2-beta1__N0160__Aminus_0p0025,hm-m2-g2-L5p3-n2-beta1__N0160__Aplus_0p0025,hm-m2-g2-L5p3-n2-beta1,160,-0.0025,105,3.4781250000000004,1.0013825752054901,1.0011506451914212
hm-m2-g2-L5p3-n2-beta1__N0160__Aminus_0p0025,hm-m2-g2-L5p3-n2-beta1__N0160__Aplus_0p0025,hm-m2-g2-L5p3-n2-beta1,160,-0.0025,106,3.51125,1.0012992987774445,1.0010816819697845
hm-m2-g2-L5p3-n2-beta1__N0160__Aminus_0p0025,hm-m2-g2-L5p3-n2-beta1__N0160__Aplus_0p0025,hm-m2-g2-L5p3-n2-beta1,160,-0.0025,107,3.544375,1.0012140320191973,1.0010110524364413
hm-m2-g2-L5p3-n2-beta1__N0160__Aminus_0p0025,hm-m2-g2-L5p3-n2-beta1__N0160__Aplus_0p0025,hm-m2-g2-L5p3-n2-beta1,160,-0.0025,108,3.5775,1.0011269090574617,1.000938866447746
hm-m2-g2-L5p3-n2-beta1__N0160__Aminus_0p0025,hm-m2-g2-L5p3-n2-beta1__N0160__Aplus_0p0025,hm-m2-g2-L5p3-n2-beta1,160,-0.0025,109,3.610625,1.0010380667517245,1.0008652362143438
hm-m2-g2-L5p3-n2-beta1__N0160__Aminus_0p0025,hm-m2-g2-L5p3-n2-beta1__N0160__Aplus_0p0025,hm-m2-g2-L5p3-n2-beta1,160,-0.0025,110,3.6437500000000003,1.0009476444677048,1.0007902761225764
hm-m2-g2-L5p3-n2-beta1__N0160__Aminus_0p0025,hm-m2-g2-L5p3-n2-beta1__N0160__Aplus_0p0025,hm-m2-g2-L5p3-n2-beta1,160,-0.0025,111,3.6768750000000003,1.0008557838478762,1.000714102552857
hm-m2-g2-L5p3-n2-beta1__N0160__Aminus_0p0025,hm-m2-g2-L5p3-n2-beta1__N0160__Aplus_0p0025,hm-m2-g2-L5p3-n2-beta1,160,-0.0025,112,3.71,1.0007626285794975,1.0006368336953237
hm-m2-g2-L5p3-n2-beta1__N0160__Aminus_0p0025,hm-m2-g2-L5p3-n2-beta1__N0160__Aplus_0p0025,hm-m2-g2-L5p3-n2-beta1,160,-0.0025,113,3.743125,1.000668324160589,1.000558589363091
hm-m2-g2-L5p3-n2-beta1__N0160__Aminus_0p0025,hm-m2-g2-L5p3-n2-beta1__N0160__Aplus_0p0025,hm-m2-g2-L5p3-n2-beta1,160,-0.0025,114,3.77625,1.000573017664293,1.0004794908034078
hm-m2-g2-L5p3-n2-beta1__N0160__Aminus_0p0025,hm-m2-g2-L5p3-n2-beta1__N0160__Aplus_0p0025,hm-m2-g2-L5p3-n2-beta1,160,-0.0025,115,3.809375,1.0004768575020482,1.0003996605070433
hm-m2-g2-L5p3-n2-beta1__N0160__Aminus_0p0025,hm-m2-g2-L5p3-n2-beta1__N0160__Aplus_0p0025,hm-m2-g2-L5p3-n2-beta1,160,-0.0025,116,3.8425000000000002,1.000379993185998,1.000319222016214
hm-m2-g2-L5p3-n2-beta1__N0160__Aminus_0p0025,hm-m2-g2-L5p3-n2-beta1__N0160__Aplus_0p0025,hm-m2-g2-L5p3-n2-beta1,160,-0.0025,117,3.8756250000000003,1.0002825750910596,1.0002382997313688
hm-m2-g2-L5p3-n2-beta1__N0160__Aminus_0p0025,hm-m2-g2-L5p3-n2-beta1__N0160__Aplus_0p0025,hm-m2-g2-L5p3-n2-beta1,160,-0.0025,118,3.9087500000000004,1.0001847542170506,1.0001570187171442
hm-m2-g2-L5p3-n2-beta1__N0160__Aminus_0p0025,hm-m2-g2-L5p3-n2-beta1__N0160__Aplus_0p0025,hm-m2-g2-L5p3-n2-beta1,160,-0.0025,119,3.941875,1.0000866819512848,1.0000755045078031
hm-m2-g2-L5p3-n2-beta1__N0160__Aminus_0p0025,hm-m2-g2-L5p3-n2-beta1__N0160__Aplus_0p0025,hm-m2-g2-L5p3-n2-beta1,160,-0.0025,120,3.975,0.9999885098320175,0.9999938829124673
hm-m2-g2-L5p3-n2-beta1__N0160__Aminus_0p0025,hm-m2-g2-L5p3-n2-beta1__N0160__Aplus_0p0025,hm-m2-g2-L5p3-n2-beta1,160,-0.0025,121,4.008125000000001,0.9998903893131283,0.9999122798204494
hm-m2-g2-L5p3-n2-beta1__N0160__Aminus_0p0025,hm-m2-g2-L5p3-n2-beta1__N0160__Aplus_0p0025,hm-m2-g2-L5p3-n2-beta1,160,-0.0025,122,4.04125,0.9997924715304053,0.9998308210069883
hm-m2-g2-L5p3-n2-beta1__N0160__Aminus_0p0025,hm-m2-g2-L5p3-n2-beta1__N0160__Aplus_0p0025,hm-m2-g2-L5p3-n2-beta1,160,-0.0025,123,4.074375,0.9996949070697884,0.9997496319396884
hm-m2-g2-L5p3-n2-beta1__N0160__Aminus_0p0025,hm-m2-g2-L5p3-n2-beta1__N0160__Aplus_0p0025,hm-m2-g2-L5p3-n2-beta1,160,-0.0025,124,4.1075,0.99959784573792,0.9996688375859563
hm-m2-g2-L5p3-n2-beta1__N0160__Aminus_0p0025,hm-m2-g2-L5p3-n2-beta1__N0160__Aplus_0p0025,hm-m2-g2-L5p3-n2-beta1,160,-0.0025,125,4.140625,0.9995014363353327,0.9995885622217275
hm-m2-g2-L5p3-n2-beta1__N0160__Aminus_0p0025,hm-m2-g2-L5p3-n2-beta1__N0160__Aplus_0p0025,hm-m2-g2-L5p3-n2-beta1,160,-0.0025,126,4.17375,0.9994058264325946,0.9995089292417676
hm-m2-g2-L5p3-n2-beta1__N0160__Aminus_0p0025,hm-m2-g2-L5p3-n2-beta1__N0160__Aplus_0p0025,hm-m2-g2-L5p3-n2-beta1,160,-0.0025,127,4.206875,0.9993111621497206,0.9994300609718255
hm-m2-g2-L5p3-n2-beta1__N0160__Aminus_0p0025,hm-m2-g2-L5p3-n2-beta1__N0160__Aplus_0p0025,hm-m2-g2-L5p3-n2-beta1,160,-0.0025,128,4.24,0.9992175879391415,0.9993520784829183
hm-m2-g2-L5p3-n2-beta1__N0160__Aminus_0p0025,hm-m2-g2-L5p3-n2-beta1__N0160__Aplus_0p0025,hm-m2-g2-L5p3-n2-beta1,160,-0.0025,129,4.273125,0.9991252463725128,0.9992751014080089
hm-m2-g2-L5p3-n2-beta1__N0160__Aminus_0p0025,hm-m2-g2-L5p3-n2-beta1__N0160__Aplus_0p0025,hm-m2-g2-L5p3-n2-beta1,160,-0.0025,130,4.30625,0.9990342779316289,0.9991992477613433
hm-m2-g2-L5p3-n2-beta1__N0160__Aminus_0p0025,hm-m2-g2-L5p3-n2-beta1__N0160__Aplus_0p0025,hm-m2-g2-L5p3-n2-beta1,160,-0.0025,131,4.339375,0.9989448208036974,0.9991246337606987
hm-m2-g2-L5p3-n2-beta1__N0160__Aminus_0p0025,hm-m2-g2-L5p3-n2-beta1__N0160__Aplus_0p0025,hm-m2-g2-L5p3-n2-beta1,160,-0.0025,132,4.3725000000000005,0.9988570106812125,0.9990513736527923
hm-m2-g2-L5p3-n2-beta1__N0160__Aminus_0p0025,hm-m2-g2-L5p3-n2-beta1__N0160__Aplus_0p0025,hm-m2-g2-L5p3-n2-beta1,160,-0.0025,133,4.405625000000001,0.9987709805666561,0.9989795795420877
hm-m2-g2-L5p3-n2-beta1__N0160__Aminus_0p0025,hm-m2-g2-L5p3-n2-beta1__N0160__Aplus_0p0025,hm-m2-g2-L5p3-n2-beta1,160,-0.0025,134,4.438750000000001,0.9986868605822392,0.9989093612232371
hm-m2-g2-L5p3-n2-beta1__N0160__Aminus_0p0025,hm-m2-g2-L5p3-n2-beta1__N0160__Aplus_0p0025,hm-m2-g2-L5p3-n2-beta1,160,-0.0025,135,4.471875,0.998604777784885,0.998840826017382
hm-m2-g2-L5p3-n2-beta1__N0160__Aminus_0p0025,hm-m2-g2-L5p3-n2-beta1__N0160__Aplus_0p0025,hm-m2-g2-L5p3-n2-beta1,160,-0.0025,136,4.505,0.9985248559866441,0.9987740786125273
hm-m2-g2-L5p3-n2-beta1__N0160__Aminus_0p0025,hm-m2-g2-L5p3-n2-beta1__N0160__Aplus_0p0025,hm-m2-g2-L5p3-n2-beta1,160,-0.0025,137,4.538125,0.9984472155807155,0.9987092209082059
hm-m2-g2-L5p3-n2-beta1__N0160__Aminus_0p0025,hm-m2-g2-L5p3-n2-beta1__N0160__Aplus_0p0025,hm-m2-g2-L5p3-n2-beta1,160,-0.0025,138,4.57125,0.9983719733732402,0.9986463518646298
hm-m2-g2-L5p3-n2-beta1__N0160__Aminus_0p0025,hm-m2-g2-L5p3-n2-beta1__N0160__Aplus_0p0025,hm-m2-g2-L5p3-n2-beta1,160,-0.0025,139,4.604375,0.9982992424210195,0.9985855673565242
hm-m2-g2-L5p3-n2-beta1__N0160__Aminus_0p0025,hm-m2-g2-L5p3-n2-beta1__N0160__Aplus_0p0025,hm-m2-g2-L5p3-n2-beta1,160,-0.0025,140,4.6375,0.9982291318753002,0.998526960031831
hm-m2-g2-L5p3-n2-beta1__N0160__Aminus_0p0025,hm-m2-g2-L5p3-n2-beta1__N0160__Aplus_0p0025,hm-m2-g2-L5p3-n2-beta1,160,-0.0025,141,4.670625,0.9981617468317568,0.9984706191754593
hm-m2-g2-L5p3-n2-beta1__N0160__Aminus_0p0025,hm-m2-g2-L5p3-n2-beta1__N0160__Aplus_0p0025,hm-m2-g2-L5p3-n2-beta1,160,-0.0025,142,4.70375,0.9980971881867955,0.9984166305782521
hm-m2-g2-L5p3-n2-beta1__N0160__Aminus_0p0025,hm-m2-g2-L5p3-n2-beta1__N0160__Aplus_0p0025,hm-m2-g2-L5p3-n2-beta1,160,-0.0025,143,4.736875,0.9980355525002851,0.9983650764113321
hm-m2-g2-L5p3-n2-beta1__N0160__Aminus_0p0025,hm-m2-g2-L5p3-n2-beta1__N0160__Aplus_0p0025,hm-m2-g2-L5p3-n2-beta1,160,-0.0025,144,4.7700000000000005,0.9979769318648227,0.9983160351059783
hm-m2-g2-L5p3-n2-beta1__N0160__Aminus_0p0025,hm-m2-g2-L5p3-n2-beta1__N0160__Aplus_0p0025,hm-m2-g2-L5p3-n2-beta1,160,-0.0025,145,4.8031250000000005,0.9979214137816244,0.9982695812391822
hm-m2-g2-L5p3-n2-beta1__N0160__Aminus_0p0025,hm-m2-g2-L5p3-n2-beta1__N0160__Aplus_0p0025,hm-m2-g2-L5p3-n2-beta1,160,-0.0025,146,4.836250000000001,0.9978690810431248,0.9982257854250159
hm-m2-g2-L5p3-n2-beta1__N0160__Aminus_0p0025,hm-m2-g2-L5p3-n2-beta1__N0160__Aplus_0p0025,hm-m2-g2-L5p3-n2-beta1,160,-0.0025,147,4.869375000000001,0.9978200116223652,0.9981847142119462
hm-m2-g2-L5p3-n2-beta1__N0160__Aminus_0p0025,hm-m2-g2-L5p3-n2-beta1__N0160__Aplus_0p0025,hm-m2-g2-L5p3-n2-beta1,160,-0.0025,148,4.9025,0.9977742785692377,0.9981464299862112
hm-m2-g2-L5p3-n2-beta1__N0160__Aminus_0p0025,hm-m2-g2-L5p3-n2-beta1__N0160__Aplus_0p0025,hm-m2-g2-L5p3-n2-beta1,160,-0.0025,149,4.935625,0.9977319499136479,0.9981109908813761
hm-m2-g2-L5p3-n2-beta1__N0160__Aminus_0p0025,hm-m2-g2-L5p3-n2-beta1__N0160__Aplus_0p0025,hm-m2-g2-L5p3-n2-beta1,160,-0.0025,150,4.96875,0.9976930885756529,0.9980784506941702
hm-m2-g2-L5p3-n2-beta1__N0160__Aminus_0p0025,hm-m2-g2-L5p3-n2-beta1__N0160__Aplus_0p0025,hm-m2-g2-L5p3-n2-beta1,160,-0.0025,151,5.001875,0.9976577522826242,0.9980488588067035
hm-m2-g2-L5p3-n2-beta1__N0160__Aminus_0p0025,hm-m2-g2-L5p3-n2-beta1__N0160__Aplus_0p0025,hm-m2-g2-L5p3-n2-beta1,160,-0.0025,152,5.035,0.9976259934934805,0.9980222601151513
hm-m2-g2-L5p3-n2-beta1__N0160__Aminus_0p0025,hm-m2-g2-L5p3-n2-beta1__N0160__Aplus_0p0025,hm-m2-g2-L5p3-n2-beta1,160,-0.0025,153,5.068125,0.9975978593300278,0.9979986949649873
hm-m2-g2-L5p3-n2-beta1__N0160__Aminus_0p0025,hm-m2-g2-L5p3-n2-beta1__N0160__Aplus_0p0025,hm-m2-g2-L5p3-n2-beta1,160,-0.0025,154,5.10125,0.9975733915154422,0.9979781990928405
hm-m2-g2-L5p3-n2-beta1__N0160__Aminus_0p0025,hm-m2-g2-L5p3-n2-beta1__N0160__Aplus_0p0025,hm-m2-g2-L5p3-n2-beta1,160,-0.0025,155,5.134375,0.9975526263199254,0.997960803575038
hm-m2-g2-L5p3-n2-beta1__N0160__Aminus_0p0025,hm-m2-g2-L5p3-n2-beta1__N0160__Aplus_0p0025,hm-m2-g2-L5p3-n2-beta1,160,-0.0025,156,5.1675,0.9975355945135567,0.9979465347828933
hm-m2-g2-L5p3-n2-beta1__N0160__Aminus_0p0025,hm-m2-g2-L5p3-n2-beta1__N0160__Aplus_0p0025,hm-m2-g2-L5p3-n2-beta1,160,-0.0025,157,5.2006250000000005,0.9975223213263644,0.9979354143447893
hm-m2-g2-L5p3-n2-beta1__N0160__Aminus_0p0025,hm-m2-g2-L5p3-n2-beta1__N0160__Aplus_0p0025,hm-m2-g2-L5p3-n2-beta1,160,-0.0025,158,5.233750000000001,0.9975128264156332,0.9979274591150977
hm-m2-g2-L5p3-n2-beta1__N0160__Aminus_0p0025,hm-m2-g2-L5p3-n2-beta1__N0160__Aplus_0p0025,hm-m2-g2-L5p3-n2-beta1,160,-0.0025,159,5.266875000000001,0.9975071238404627,0.997922681149971
hm-m2-g2-L5p3-n2-beta1__N0160__Aminus_0p0025,hm-m2-g2-L5p3-n2-beta1__N0160__Aplus_0p0025,hm-m2-g2-L5p3-n2-beta1,160,-0.0025,160,5.3,0.9975052220435867,0.9979210876900301
hm-m2-g2-L5p3-n2-beta1__N0160__Aplus_0p0025,hm-m2-g2-L5p3-n2-beta1__N0160__Aminus_0p0025,hm-m2-g2-L5p3-n2-beta1,160,0.0025,0,0.0,1.0025052768418135,1.0020786830796207
hm-m2-g2-L5p3-n2-beta1__N0160__Aplus_0p0025,hm-m2-g2-L5p3-n2-beta1__N0160__Aminus_0p0025,hm-m2-g2-L5p3-n2-beta1,160,0.0025,1,0.033125,1.0025033234400496,1.0020770711157596
hm-m2-g2-L5p3-n2-beta1__N0160__Aplus_0p0025,hm-m2-g2-L5p3-n2-beta1__N0160__Aminus_0p0025,hm-m2-g2-L5p3-n2-beta1,160,0.0025,2,0.06625,1.0024974663684174,1.0020722377529607
hm-m2-g2-L5p3-n2-beta1__N0160__Aplus_0p0025,hm-m2-g2-L5p3-n2-beta1__N0160__Aminus_0p0025,hm-m2-g2-L5p3-n2-beta1,160,0.0025,3,0.099375,1.0024877150222973,1.0020641905734067
hm-m2-g2-L5p3-n2-beta1__N0160__Aplus_0p0025,hm-m2-g2-L5p3-n2-beta1__N0160__Aminus_0p0025,hm-m2-g2-L5p3-n2-beta1,160,0.0025,4,0.1325,1.0024740850420009,1.0020529422001785
hm-m2-g2-L5p3-n2-beta1__N0160__Aplus_0p0025,hm-m2-g2-L5p3-n2-beta1__N0160__Aminus_0p0025,hm-m2-g2-L5p3-n2-beta1,160,0.0025,5,0.16562500000000002,1.0024565982848386,1.0020385102764477
hm-m2-g2-L5p3-n2-beta1__N0160__Aplus_0p0025,hm-m2-g2-L5p3-n2-beta1__N0160__Aminus_0p0025,hm-m2-g2-L5p3-n2-beta1,160,0.0025,6,0.19875,1.002435282786106,1.0020209174364034
hm-m2-g2-L5p3-n2-beta1__N0160__Aplus_0p0025,hm-m2-g2-L5p3-n2-beta1__N0160__Aminus_0p0025,hm-m2-g2-L5p3-n2-beta1,160,0.0025,7,0.231875,1.0024101727090882,1.0020001912679704
hm-m2-g2-L5p3-n2-beta1__N0160__Aplus_0p0025,hm-m2-g2-L5p3-n2-beta1__N0160__Aminus_0p0025,hm-m2-g2-L5p3-n2-beta1,160,0.0025,8,0.265,1.0023813082842004,1.0019763642673891
hm-m2-g2-L5p3-n2-beta1__N0160__Aplus_0p0025,hm-m2-g2-L5p3-n2-beta1__N0160__Aminus_0p0025,hm-m2-g2-L5p3-n2-beta1,160,0.0025,9,0.29812500000000003,1.002348735737414,1.0019494737857488
hm-m2-g2-L5p3-n2-beta1__N0160__Aplus_0p0025,hm-m2-g2-L5p3-n2-beta1__N0160__Aminus_0p0025,hm-m2-g2-L5p3-n2-beta1,160,0.0025,10,0.33125000000000004,1.0023125072081367,1.0019195619675754
hm-m2-g2-L5p3-n2-beta1__N0160__Aplus_0p0025,hm-m2-g2-L5p3-n2-beta1__N0160__Aminus_0p0025,hm-m2-g2-L5p3-n2-beta1,160,0.0025,11,0.364375,1.0022726806567495,1.0018866756815938
hm-m2-g2-L5p3-n2-beta1__N0160__Aplus_0p0025,hm-m2-g2-L5p3-n2-beta1__N0160__Aminus_0p0025,hm-m2-g2-L5p3-n2-beta1,160,0.0025,12,0.3975,1.0022293197620142,1.0018508664437986
hm-m2-g2-L5p3-n2-beta1__N0160__Aplus_0p0025,hm-m2-g2-L5p3-n2-beta1__N0160__Aminus_0p0025,hm-m2-g2-L5p3-n2-beta1,160,0.0025,13,0.43062500000000004,1.0021824938086017,1.001812190332981
hm-m2-g2-L5p3-n2-beta1__N0160__Aplus_0p0025,hm-m2-g2-L5p3-n2-beta1__N0160__Aminus_0p0025,hm-m2-g2-L5p3-n2-beta1,160,0.0025,14,0.46375,1.002132277565001,1.0017707078988733
hm-m2-g2-L5p3-n2-beta1__N0160__Aplus_0p0025,hm-m2-g2-L5p3-n2-beta1__N0160__Aminus_0p0025,hm-m2-g2-L5p3-n2-beta1,160,0.0025,15,0.496875,1.0020787511521008,1.0017264840630886
hm-m2-g2-L5p3-n2-beta1__N0160__Aplus_0p0025,hm-m2-g2-L5p3-n2-beta1__N0160__Aminus_0p0025,hm-m2-g2-L5p3-n2-beta1,160,0.0025,16,0.53,1.0020219999027453,1.001679588013043
hm-m2-g2-L5p3-n2-beta1__N0160__Aplus_0p0025,hm-m2-g2-L5p3-n2-beta1__N0160__Aminus_0p0025,hm-m2-g2-L5p3-n2-beta1,160,0.0025,17,0.563125,1.0019621142125934,1.0016300930890614
hm-m2-g2-L5p3-n2-beta1__N0160__Aplus_0p0025,hm-m2-g2-L5p3-n2-beta1__N0160__Aminus_0p0025,hm-m2-g2-L5p3-n2-beta1,160,0.0025,18,0.5962500000000001,1.0018991893826208,1.0015780766648819
hm-m2-g2-L5p3-n2-beta1__N0160__Aplus_0p0025,hm-m2-g2-L5p3-n2-beta1__N0160__Aminus_0p0025,hm-m2-g2-L5p3-n2-beta1,160,0.0025,19,0.629375,1.0018333254536258,1.0015236200217807
hm-m2-g2-L5p3-n2-beta1__N0160__Aplus_0p0025,hm-m2-g2-L5p3-n2-beta1__N0160__Aminus_0p0025,hm-m2-g2-L5p3-n2-beta1,160,0.0025,20,0.6625000000000001,1.0017646270331115,1.0014668082165556
hm-m2-g2-L5p3-n2-beta1__N0160__Aplus_0p0025,hm-m2-g2-L5p3-n2-beta1__N0160__Aminus_0p0025,hm-m2-g2-L5p3-n2-beta1,160,0.0025,21,0.695625,1.0016932031149306,1.0014077299436113
hm-m2-g2-L5p3-n2-beta1__N0160__Aplus_0p0025,hm-m2-g2-L5p3-n2-beta1__N0160__Aminus_0p0025,hm-m2-g2-L5p3-n2-beta1,160,0.0025,22,0.72875,1.0016191668920948,1.0013464773914038
hm-m2-g2-L5p3-n2-beta1__N0160__Aplus_0p0025,hm-m2-g2-L5p3-n2-beta1__N0160__Aminus_0p0025,hm-m2-g2-L5p3-n2-beta1,160,0.0025,23,0.7618750000000001,1.0015426355631543,1.0012831460935063
hm-m2-g2-L5p3-n2-beta1__N0160__Aplus_0p0025,hm-m2-g2-L5p3-n2-beta1__N0160__Aminus_0p0025,hm-m2-g2-L5p3-n2-beta1,160,0.0025,24,0.795,1.0014637301325695,1.0012178347745682
hm-m2-g2-L5p3-n2-beta1__N0160__Aplus_0p0025,hm-m2-g2-L5p3-n2-beta1__N0160__Aminus_0p0025,hm-m2-g2-L5p3-n2-beta1,160,0.0025,25,0.828125,1.001382575205502,1.0011506451914496
hm-m2-g2-L5p3-n2-beta1__N0160__Aplus_0p0025,hm-m2-g2-L5p3-n2-beta1__N0160__Aminus_0p0025,hm-m2-g2-L5p3-n2-beta1,160,0.0025,26,0.8612500000000001,1.0012992987774556,1.0010816819698132
hm-m2-g2-L5p3-n2-beta1__N0160__Aplus_0p0025,hm-m2-g2-L5p3-n2-beta1__N0160__Aminus_0p0025,hm-m2-g2-L5p3-n2-beta1,160,0.0025,27,0.894375,1.0012140320192076,1.0010110524364704
hm-m2-g2-L5p3-n2-beta1__N0160__Aplus_0p0025,hm-m2-g2-L5p3-n2-beta1__N0160__Aminus_0p0025,hm-m2-g2-L5p3-n2-beta1,160,0.0025,28,0.9275,1.0011269090574713,1.0009388664477752
hm-m2-g2-L5p3-n2-beta1__N0160__Aplus_0p0025,hm-m2-g2-L5p3-n2-beta1__N0160__Aminus_0p0025,hm-m2-g2-L5p3-n2-beta1,160,0.0025,29,0.9606250000000001,1.0010380667517331,1.000865236214373
hm-m2-g2-L5p3-n2-beta1__N0160__Aplus_0p0025,hm-m2-g2-L5p3-n2-beta1__N0160__Aminus_0p0025,hm-m2-g2-L5p3-n2-beta1,160,0.0025,30,0.99375,1.0009476444677128,1.0007902761226057
hm-m2-g2-L5p3-n2-beta1__N0160__Aplus_0p0025,hm-m2-g2-L5p3-n2-beta1__N0160__Aminus_0p0025,hm-m2-g2-L5p3-n2-beta1,160,0.0025,31,1.026875,1.0008557838478835,1.000714102552886
hm-m2-g2-L5p3-n2-beta1__N0160__Aplus_0p0025,hm-m2-g2-L5p3-n2-beta1__N0160__Aminus_0p0025,hm-m2-g2-L5p3-n2-beta1,160,0.0025,32,1.06,1.0007626285795042,1.0006368336953526
hm-m2-g2-L5p3-n2-beta1__N0160__Aplus_0p0025,hm-m2-g2-L5p3-n2-beta1__N0160__Aminus_0p0025,hm-m2-g2-L5p3-n2-beta1,160,0.0025,33,1.0931250000000001,1.0006683241605951,1.0005585893631197
hm-m2-g2-L5p3-n2-beta1__N0160__Aplus_0p0025,hm-m2-g2-L5p3-n2-beta1__N0160__Aminus_0p0025,hm-m2-g2-L5p3-n2-beta1,160,0.0025,34,1.12625,1.000573017664299,1.0004794908034365
hm-m2-g2-L5p3-n2-beta1__N0160__Aplus_0p0025,hm-m2-g2-L5p3-n2-beta1__N0160__Aminus_0p0025,hm-m2-g2-L5p3-n2-beta1,160,0.0025,35,1.159375,1.0004768575020535,1.0003996605070717
hm-m2-g2-L5p3-n2-beta1__N0160__Aplus_0p0025,hm-m2-g2-L5p3-n2-beta1__N0160__Aminus_0p0025,hm-m2-g2-L5p3-n2-beta1,160,0.0025,36,1.1925000000000001,1.0003799931860031,1.0003192220162422
hm-m2-g2-L5p3-n2-beta1__N0160__Aplus_0p0025,hm-m2-g2-L5p3-n2-beta1__N0160__Aminus_0p0025,hm-m2-g2-L5p3-n2-beta1,160,0.0025,37,1.225625,1.0002825750910644,1.0002382997313968
hm-m2-g2-L5p3-n2-beta1__N0160__Aplus_0p0025,hm-m2-g2-L5p3-n2-beta1__N0160__Aminus_0p0025,hm-m2-g2-L5p3-n2-beta1,160,0.0025,38,1.25875,1.0001847542170554,1.000157018717172
hm-m2-g2-L5p3-n2-beta1__N0160__Aplus_0p0025,hm-m2-g2-L5p3-n2-beta1__N0160__Aminus_0p0025,hm-m2-g2-L5p3-n2-beta1,160,0.0025,39,1.291875,1.0000866819512895,1.0000755045078307
hm-m2-g2-L5p3-n2-beta1__N0160__Aplus_0p0025,hm-m2-g2-L5p3-n2-beta1__N0160__Aminus_0p0025,hm-m2-g2-L5p3-n2-beta1,160,0.0025,40,1.3250000000000002,0.9999885098320225,0.9999938829124947
hm-m2-g2-L5p3-n2-beta1__N0160__Aplus_0p0025,hm-m2-g2-L5p3-n2-beta1__N0160__Aminus_0p0025,hm-m2-g2-L5p3-n2-beta1,160,0.0025,41,1.358125,0.9998903893131337,0.9999122798204767
hm-m2-g2-L5p3-n2-beta1__N0160__Aplus_0p0025,hm-m2-g2-L5p3-n2-beta1__N0160__Aminus_0p0025,hm-m2-g2-L5p3-n2-beta1,160,0.0025,42,1.39125,0.999792471530411,0.9998308210070156
hm-m2-g2-L5p3-n2-beta1__N0160__Aplus_0p0025,hm-m2-g2-L5p3-n2-beta1__N0160__Aminus_0p0025,hm-m2-g2-L5p3-n2-beta1,160,0.0025,43,1.4243750000000002,0.9996949070697945,0.9997496319397157
hm-m2-g2-L5p3-n2-beta1__N0160__Aplus_0p0025,hm-m2-g2-L5p3-n2-beta1__N0160__Aminus_0p0025,hm-m2-g2-L5p3-n2-beta1,160,0.0025,44,1.4575,0.9995978457379266,0.9996688375859836
hm-m2-g2-L5p3-n2-beta1__N0160__Aplus_0p0025,hm-m2-g2-L5p3-n2-beta1__N0160__Aminus_0p0025,hm-m2-g2-L5p3-n2-beta1,160,0.0025,45,1.490625,0.9995014363353399,0.9995885622217551
hm-m2-g2-L5p3-n2-beta1__N0160__Aplus_0p0025,hm-m2-g2-L5p3-n2-beta1__N0160__Aminus_0p0025,hm-m2-g2-L5p3-n2-beta1,160,0.0025,46,1.5237500000000002,0.9994058264326026,0.9995089292417952
hm-m2-g2-L5p3-n2-beta1__N0160__Aplus_0p0025,hm-m2-g2-L5p3-n2-beta1__N0160__Aminus_0p0025,hm-m2-g2-L5p3-n2-beta1,160,0.0025,47,1.556875,0.9993111621497291,0.9994300609718535
hm-m2-g2-L5p3-n2-beta1__N0160__Aplus_0p0025,hm-m2-g2-L5p3-n2-beta1__N0160__Aminus_0p0025,hm-m2-g2-L5p3-n2-beta1,160,0.0025,48,1.59,0.9992175879391508,0.9993520784829462
hm-m2-g2-L5p3-n2-beta1__N0160__Aplus_0p0025,hm-m2-g2-L5p3-n2-beta1__N0160__Aminus_0p0025,hm-m2-g2-L5p3-n2-beta1,160,0.0025,49,1.6231250000000002,0.999125246372523,0.9992751014080369
hm-m2-g2-L5p3-n2-beta1__N0160__Aplus_0p0025,hm-m2-g2-L5p3-n2-beta1__N0160__Aminus_0p0025,hm-m2-g2-L5p3-n2-beta1,160,0.0025,50,1.65625,0.9990342779316399,0.9991992477613715
hm-m2-g2-L5p3-n2-beta1__N0160__Aplus_0p0025,hm-m2-g2-L5p3-n2-beta1__N0160__Aminus_0p0025,hm-m2-g2-L5p3-n2-beta1,160,0.0025,51,1.689375,0.9989448208037093,0.9991246337607271
hm-m2-g2-L5p3-n2-beta1__N0160__Aplus_0p0025,hm-m2-g2-L5p3-n2-beta1__N0160__Aminus_0p0025,hm-m2-g2-L5p3-n2-beta1,160,0.0025,52,1.7225000000000001,0.9988570106812253,0.9990513736528206
hm-m2-g2-L5p3-n2-beta1__N0160__Aplus_0p0025,hm-m2-g2-L5p3-n2-beta1__N0160__Aminus_0p0025,hm-m2-g2-L5p3-n2-beta1,160,0.0025,53,1.755625,0.9987709805666699,0.9989795795421159
hm-m2-g2-L5p3-n2-beta1__N0160__Aplus_0p0025,hm-m2-g2-L5p3-n2-beta1__N0160__Aminus_0p0025,hm-m2-g2-L5p3-n2-beta1,160,0.0025,54,1.78875,0.9986868605822539,0.9989093612232657
hm-m2-g2-L5p3-n2-beta1__N0160__Aplus_0p0025,hm-m2-g2-L5p3-n2-beta1__N0160__Aminus_0p0025,hm-m2-g2-L5p3-n2-beta1,160,0.0025,55,1.8218750000000001,0.9986047777849006,0.9988408260174103
hm-m2-g2-L5p3-n2-beta1__N0160__Aplus_0p0025,hm-m2-g2-L5p3-n2-beta1__N0160__Aminus_0p0025,hm-m2-g2-L5p3-n2-beta1,160,0.0025,56,1.855,0.9985248559866606,0.9987740786125555
hm-m2-g2-L5p3-n2-beta1__N0160__Aplus_0p0025,hm-m2-g2-L5p3-n2-beta1__N0160__Aminus_0p0025,hm-m2-g2-L5p3-n2-beta1,160,0.0025,57,1.888125,0.998447215580733,0.9987092209082341
hm-m2-g2-L5p3-n2-beta1__N0160__Aplus_0p0025,hm-m2-g2-L5p3-n2-beta1__N0160__Aminus_0p0025,hm-m2-g2-L5p3-n2-beta1,160,0.0025,58,1.9212500000000001,0.9983719733732588,0.9986463518646581
hm-m2-g2-L5p3-n2-beta1__N0160__Aplus_0p0025,hm-m2-g2-L5p3-n2-beta1__N0160__Aminus_0p0025,hm-m2-g2-L5p3-n2-beta1,160,0.0025,59,1.9543750000000002,0.9982992424210391,0.9985855673565524
hm-m2-g2-L5p3-n2-beta1__N0160__Aplus_0p0025,hm-m2-g2-L5p3-n2-beta1__N0160__Aminus_0p0025,hm-m2-g2-L5p3-n2-beta1,160,0.0025,60,1.9875,0.9982291318753206,0.9985269600318591
hm-m2-g2-L5p3-n2-beta1__N0160__Aplus_0p0025,hm-m2-g2-L5p3-n2-beta1__N0160__Aminus_0p0025,hm-m2-g2-L5p3-n2-beta1,160,0.0025,61,2.020625,0.9981617468317783,0.9984706191754874
hm-m2-g2-L5p3-n2-beta1__N0160__Aplus_0p0025,hm-m2-g2-L5p3-n2-beta1__N0160__Aminus_0p0025,hm-m2-g2-L5p3-n2-beta1,160,0.0025,62,2.05375,0.9980971881868178,0.99841663057828
hm-m2-g2-L5p3-n2-beta1__N0160__Aplus_0p0025,hm-m2-g2-L5p3-n2-beta1__N0160__Aminus_0p0025,hm-m2-g2-L5p3-n2-beta1,160,0.0025,63,2.086875,0.9980355525003083,0.9983650764113597
hm-m2-g2-L5p3-n2-beta1__N0160__Aplus_0p0025,hm-m2-g2-L5p3-n2-beta1__N0160__Aminus_0p0025,hm-m2-g2-L5p3-n2-beta1,160,0.0025,64,2.12,0.9979769318648468,0.9983160351060059
hm-m2-g2-L5p3-n2-beta1__N0160__Aplus_0p0025,hm-m2-g2-L5p3-n2-beta1__N0160__Aminus_0p0025,hm-m2-g2-L5p3-n2-beta1,160,0.0025,65,2.153125,0.9979214137816492,0.9982695812392095
hm-m2-g2-L5p3-n2-beta1__N0160__Aplus_0p0025,hm-m2-g2-L5p3-n2-beta1__N0160__Aminus_0p0025,hm-m2-g2-L5p3-n2-beta1,160,0.0025,66,2.1862500000000002,0.9978690810431504,0.9982257854250431
hm-m2-g2-L5p3-n2-beta1__N0160__Aplus_0p0025,hm-m2-g2-L5p3-n2-beta1__N0160__Aminus_0p0025,hm-m2-g2-L5p3-n2-beta1,160,0.0025,67,2.2193750000000003,0.9978200116223916,0.9981847142119734
hm-m2-g2-L5p3-n2-beta1__N0160__Aplus_0p0025,hm-m2-g2-L5p3-n2-beta1__N0160__Aminus_0p0025,hm-m2-g2-L5p3-n2-beta1,160,0.0025,68,2.2525,0.9977742785692649,0.9981464299862385
hm-m2-g2-L5p3-n2-beta1__N0160__Aplus_0p0025,hm-m2-g2-L5p3-n2-beta1__N0160__Aminus_0p0025,hm-m2-g2-L5p3-n2-beta1,160,0.0025,69,2.285625,0.9977319499136758,0.9981109908814036
hm-m2-g2-L5p3-n2-beta1__N0160__Aplus_0p0025,hm-m2-g2-L5p3-n2-beta1__N0160__Aminus_0p0025,hm-m2-g2-L5p3-n2-beta1,160,0.0025,70,2.31875,0.9976930885756813,0.9980784506941979
hm-m2-g2-L5p3-n2-beta1__N0160__Aplus_0p0025,hm-m2-g2-L5p3-n2-beta1__N0160__Aminus_0p0025,hm-m2-g2-L5p3-n2-beta1,160,0.0025,71,2.351875,0.9976577522826532,0.9980488588067311
hm-m2-g2-L5p3-n2-beta1__N0160__Aplus_0p0025,hm-m2-g2-L5p3-n2-beta1__N0160__Aminus_0p0025,hm-m2-g2-L5p3-n2-beta1,160,0.0025,72,2.3850000000000002,0.9976259934935101,0.9980222601151787
hm-m2-g2-L5p3-n2-beta1__N0160__Aplus_0p0025,hm-m2-g2-L5p3-n2-beta1__N0160__Aminus_0p0025,hm-m2-g2-L5p3-n2-beta1,160,0.0025,73,2.4181250000000003,0.9975978593300577,0.9979986949650146
hm-m2-g2-L5p3-n2-beta1__N0160__Aplus_0p0025,hm-m2-g2-L5p3-n2-beta1__N0160__Aminus_0p0025,hm-m2-g2-L5p3-n2-beta1,160,0.0025,74,2.45125,0.9975733915154726,0.9979781990928677
hm-m2-g2-L5p3-n2-beta1__N0160__Aplus_0p0025,hm-m2-g2-L5p3-n2-beta1__N0160__Aminus_0p0025,hm-m2-g2-L5p3-n2-beta1,160,0.0025,75,2.484375,0.9975526263199561,0.9979608035750651
hm-m2-g2-L5p3-n2-beta1__N0160__Aplus_0p0025,hm-m2-g2-L5p3-n2-beta1__N0160__Aminus_0p0025,hm-m2-g2-L5p3-n2-beta1,160,0.0025,76,2.5175,0.9975355945135878,0.9979465347829203
hm-m2-g2-L5p3-n2-beta1__N0160__Aplus_0p0025,hm-m2-g2-L5p3-n2-beta1__N0160__Aminus_0p0025,hm-m2-g2-L5p3-n2-beta1,160,0.0025,77,2.550625,0.9975223213263956,0.9979354143448159
hm-m2-g2-L5p3-n2-beta1__N0160__Aplus_0p0025,hm-m2-g2-L5p3-n2-beta1__N0160__Aminus_0p0025,hm-m2-g2-L5p3-n2-beta1,160,0.0025,78,2.58375,0.9975128264156646,0.9979274591151238
hm-m2-g2-L5p3-n2-beta1__N0160__Aplus_0p0025,hm-m2-g2-L5p3-n2-beta1__N0160__Aminus_0p0025,hm-m2-g2-L5p3-n2-beta1,160,0.0025,79,2.6168750000000003,0.9975071238404941,0.9979226811499966
hm-m2-g2-L5p3-n2-beta1__N0160__Aplus_0p0025,hm-m2-g2-L5p3-n2-beta1__N0160__Aminus_0p0025,hm-m2-g2-L5p3-n2-beta1,160,0.0025,80,2.6500000000000004,0.9975052220436182,0.9979210876900552
hm-m2-g2-L5p3-n2-beta1__N0160__Aplus_0p0025,hm-m2-g2-L5p3-n2-beta1__N0160__Aminus_0p0025,hm-m2-g2-L5p3-n2-beta1,160,0.0025,81,2.683125,0.9975071238404941,0.9979226811499955
hm-m2-g2-L5p3-n2-beta1__N0160__Aplus_0p0025,hm-m2-g2-L5p3-n2-beta1__N0160__Aminus_0p0025,hm-m2-g2-L5p3-n2-beta1,160,0.0025,82,2.71625,0.9975128264156645,0.9979274591151218
hm-m2-g2-L5p3-n2-beta1__N0160__Aplus_0p0025,hm-m2-g2-L5p3-n2-beta1__N0160__Aminus_0p0025,hm-m2-g2-L5p3-n2-beta1,160,0.0025,83,2.749375,0.9975223213263955,0.9979354143448129
hm-m2-g2-L5p3-n2-beta1__N0160__Aplus_0p0025,hm-m2-g2-L5p3-n2-beta1__N0160__Aminus_0p0025,hm-m2-g2-L5p3-n2-beta1,160,0.0025,84,2.7825,0.9975355945135875,0.9979465347829166
hm-m2-g2-L5p3-n2-beta1__N0160__Aplus_0p0025,hm-m2-g2-L5p3-n2-beta1__N0160__Aminus_0p0025,hm-m2-g2-L5p3-n2-beta1,160,0.0025,85,2.8156250000000003,0.9975526263199558,0.9979608035750607
hm-m2-g2-L5p3-n2-beta1__N0160__Aplus_0p0025,hm-m2-g2-L5p3-n2-beta1__N0160__Aminus_0p0025,hm-m2-g2-L5p3-n2-beta1,160,0.0025,86,2.8487500000000003,0.9975733915154722,0.9979781990928625
hm-m2-g2-L5p3-n2-beta1__N0160__Aplus_0p0025,hm-m2-g2-L5p3-n2-beta1__N0160__Aminus_0p0025,hm-m2-g2-L5p3-n2-beta1,160,0.0025,87,2.881875,0.9975978593300573,0.9979986949650085
hm-m2-g2-L5p3-n2-beta1__N0160__Aplus_0p0025,hm-m2-g2-L5p3-n2-beta1__N0160__Aminus_0p0025,hm-m2-g2-L5p3-n2-beta1,160,0.0025,88,2.915,0.9976259934935094,0.9980222601151719
hm-m2-g2-L5p3-n2-beta1__N0160__Aplus_0p0025,hm-m2-g2-L5p3-n2-beta1__N0160__Aminus_0p0025,hm-m2-g2-L5p3-n2-beta1,160,0.0025,89,2.948125,0.9976577522826524,0.9980488588067236
hm-m2-g2-L5p3-n2-beta1__N0160__Aplus_0p0025,hm-m2-g2-L5p3-n2-beta1__N0160__Aminus_0p0025,hm-m2-g2-L5p3-n2-beta1,160,0.0025,90,2.98125,0.9976930885756804,0.9980784506941895
hm-m2-g2-L5p3-n2-beta1__N0160__Aplus_0p0025,hm-m2-g2-L5p3-n2-beta1__N0160__Aminus_0p0025,hm-m2-g2-L5p3-n2-beta1,160,0.0025,91,3.0143750000000002,0.9977319499136748,0.9981109908813945
hm-m2-g2-L5p3-n2-beta1__N0160__Aplus_0p0025,hm-m2-g2-L5p3-n2-beta1__N0160__Aminus_0p0025,hm-m2-g2-L5p3-n2-beta1,160,0.0025,92,3.0475000000000003,0.9977742785692637,0.9981464299862287
hm-m2-g2-L5p3-n2-beta1__N0160__Aplus_0p0025,hm-m2-g2-L5p3-n2-beta1__N0160__Aminus_0p0025,hm-m2-g2-L5p3-n2-beta1,160,0.0025,93,3.080625,0.9978200116223903,0.998184714211963
hm-m2-g2-L5p3-n2-beta1__N0160__Aplus_0p0025,hm-m2-g2-L5p3-n2-beta1__N0160__Aminus_0p0025,hm-m2-g2-L5p3-n2-beta1,160,0.0025,94,3.11375,0.9978690810431489,0.9982257854250322
hm-m2-g2-L5p3-n2-beta1__N0160__Aplus_0p0025,hm-m2-g2-L5p3-n2-beta1__N0160__Aminus_0p0025,hm-m2-g2-L5p3-n2-beta1,160,0.0025,95,3.146875,0.9979214137816474,0.998269581239198
hm-m2-g2-L5p3-n2-beta1__N0160__Aplus_0p0025,hm-m2-g2-L5p3-n2-beta1__N0160__Aminus_0p0025,hm-m2-g2-L5p3-n2-beta1,160,0.0025,96,3.18,0.9979769318648448,0.9983160351059934
hm-m2-g2-L5p3-n2-beta1__N0160__Aplus_0p0025,hm-m2-g2-L5p3-n2-beta1__N0160__Aminus_0p0025,hm-m2-g2-L5p3-n2-beta1,160,0.0025,97,3.2131250000000002,0.9980355525003061,0.9983650764113464
hm-m2-g2-L5p3-n2-beta1__N0160__Aplus_0p0025,hm-m2-g2-L5p3-n2-beta1__N0160__Aminus_0p0025,hm-m2-g2-L5p3-n2-beta1,160,0.0025,98,3.2462500000000003,0.9980971881868153,0.9984166305782658
hm-m2-g2-L5p3-n2-beta1__N0160__Aplus_0p0025,hm-m2-g2-L5p3-n2-beta1__N0160__Aminus_0p0025,hm-m2-g2-L5p3-n2-beta1,160,0.0025,99,3.2793750000000004,0.9981617468317754,0.9984706191754721
hm-m2-g2-L5p3-n2-beta1__N0160__Aplus_0p0025,hm-m2-g2-L5p3-n2-beta1__N0160__Aminus_0p0025,hm-m2-g2-L5p3-n2-beta1,160,0.0025,100,3.3125,0.9982291318753175,0.9985269600318428
hm-m2-g2-L5p3-n2-beta1__N0160__Aplus_0p0025,hm-m2-g2-L5p3-n2-beta1__N0160__Aminus_0p0025,hm-m2-g2-L5p3-n2-beta1,160,0.0025,101,3.345625,0.9982992424210356,0.9985855673565351
hm-m2-g2-L5p3-n2-beta1__N0160__Aplus_0p0025,hm-m2-g2-L5p3-n2-beta1__N0160__Aminus_0p0025,hm-m2-g2-L5p3-n2-beta1,160,0.0025,102,3.37875,0.9983719733732549,0.9986463518646399
hm-m2-g2-L5p3-n2-beta1__N0160__Aplus_0p0025,hm-m2-g2-L5p3-n2-beta1__N0160__Aminus_0p0025,hm-m2-g2-L5p3-n2-beta1,160,0.0025,103,3.411875,0.9984472155807288,0.9987092209082151
hm-m2-g2-L5p3-n2-beta1__N0160__Aplus_0p0025,hm-m2-g2-L5p3-n2-beta1__N0160__Aminus_0p0025,hm-m2-g2-L5p3-n2-beta1,160,0.0025,104,3.4450000000000003,0.998524855986656,0.9987740786125354
hm-m2-g2-L5p3-n2-beta1__N0160__Aplus_0p0025,hm-m2-g2-L5p3-n2-beta1__N0160__Aminus_0p0025,hm-m2-g2-L5p3-n2-beta1,160,0.0025,105,3.4781250000000004,0.9986047777848954,0.9988408260173891
hm-m2-g2-L5p3-n2-beta1__N0160__Aplus_0p0025,hm-m2-g2-L5p3-n2-beta1__N0160__Aminus_0p0025,hm-m2-g2-L5p3-n2-beta1,160,0.0025,106,3.51125,0.9986868605822482,0.9989093612232434
hm-m2-g2-L5p3-n2-beta1__N0160__Aplus_0p0025,hm-m2-g2-L5p3-n2-beta1__N0160__Aminus_0p0025,hm-m2-g2-L5p3-n2-beta1,160,0.0025,107,3.544375,0.9987709805666638,0.9989795795420927
hm-m2-g2-L5p3-n2-beta1__N0160__Aplus_0p0025,hm-m2-g2-L5p3-n2-beta1__N0160__Aminus_0p0025,hm-m2-g2-L5p3-n2-beta1,160,0.0025,108,3.5775,0.9988570106812187,0.9990513736527963
hm-m2-g2-L5p3-n2-beta1__N0160__Aplus_0p0025,hm-m2-g2-L5p3-n2-beta1__N0160__Aminus_0p0025,hm-m2-g2-L5p3-n2-beta1,160,0.0025,109,3.610625,0.9989448208037021,0.9991246337607019
hm-m2-g2-L5p3-n2-beta1__N0160__Aplus_0p0025,hm-m2-g2-L5p3-n2-beta1__N0160__Aminus_0p0025,hm-m2-g2-L5p3-n2-beta1,160,0.0025,110,3.6437500000000003,0.999034277931632,0.9991992477613454
hm-m2-g2-L5p3-n2-beta1__N0160__Aplus_0p0025,hm-m2-g2-L5p3-n2-beta1__N0160__Aminus_0p0025,hm-m2-g2-L5p3-n2-beta1,160,0.0025,111,3.6768750000000003,0.9991252463725144,0.9992751014080102
hm-m2-g2-L5p3-n2-beta1__N0160__Aplus_0p0025,hm-m2-g2-L5p3-n2-beta1__N0160__Aminus_0p0025,hm-m2-g2-L5p3-n2-beta1,160,0.0025,112,3.71,0.9992175879391417,0.9993520784829191
hm-m2-g2-L5p3-n2-beta1__N0160__Aplus_0p0025,hm-m2-g2-L5p3-n2-beta1__N0160__Aminus_0p0025,hm-m2-g2-L5p3-n2-beta1,160,0.0025,113,3.743125,0.9993111621497194,0.9994300609718257
hm-m2-g2-L5p3-n2-beta1__N0160__Aplus_0p0025,hm-m2-g2-L5p3-n2-beta1__N0160__Aminus_0p0025,hm-m2-g2-L5p3-n2-beta1,160,0.0025,114,3.77625,0.9994058264325919,0.9995089292417672
hm-m2-g2-L5p3-n2-beta1__N0160__Aplus_0p0025,hm-m2-g2-L5p3-n2-beta1__N0160__Aminus_0p0025,hm-m2-g2-L5p3-n2-beta1,160,0.0025,115,3.809375,0.9995014363353286,0.9995885622217265
hm-m2-g2-L5p3-n2-beta1__N0160__Aplus_0p0025,hm-m2-g2-L5p3-n2-beta1__N0160__Aminus_0p0025,hm-m2-g2-L5p3-n2-beta1,160,0.0025,116,3.8425000000000002,0.9995978457379145,0.9996688375859545
hm-m2-g2-L5p3-n2-beta1__N0160__Aplus_0p0025,hm-m2-g2-L5p3-n2-beta1__N0160__Aminus_0p0025,hm-m2-g2-L5p3-n2-beta1,160,0.0025,117,3.8756250000000003,0.9996949070697816,0.9997496319396859
hm-m2-g2-L5p3-n2-beta1__N0160__Aplus_0p0025,hm-m2-g2-L5p3-n2-beta1__N0160__Aminus_0p0025,hm-m2-g2-L5p3-n2-beta1,160,0.0025,118,3.9087500000000004,0.9997924715303973,0.9998308210069852
hm-m2-g2-L5p3-n2-beta1__N0160__Aplus_0p0025,hm-m2-g2-L5p3-n2-beta1__N0160__Aminus_0p0025,hm-m2-g2-L5p3-n2-beta1,160,0.0025,119,3.941875,0.9998903893131191,0.9999122798204456
hm-m2-g2-L5p3-n2-beta1__N0160__Aplus_0p0025,hm-m2-g2-L5p3-n2-beta1__N0160__Aminus_0p0025,hm-m2-g2-L5p3-n2-beta1,160,0.0025,120,3.975,0.999988509832007,0.9999938829124626
hm-m2-g2-L5p3-n2-beta1__N0160__Aplus_0p0025,hm-m2-g2-L5p3-n2-beta1__N0160__Aminus_0p0025,hm-m2-g2-L5p3-n2-beta1,160,0.0025,121,4.008125000000001,1.0000866819512733,1.0000755045077976
hm-m2-g2-L5p3-n2-beta1__N0160__Aplus_0p0025,hm-m2-g2-L5p3-n2-beta1__N0160__Aminus_0p0025,hm-m2-g2-L5p3-n2-beta1,160,0.0025,122,4.04125,1.0001847542170381,1.000157018717138
hm-m2-g2-L5p3-n2-beta1__N0160__Aplus_0p0025,hm-m2-g2-L5p3-n2-beta1__N0160__Aminus_0p0025,hm-m2-g2-L5p3-n2-beta1,160,0.0025,123,4.074375,1.000282575091046,1.000238299731362
hm-m2-g2-L5p3-n2-beta1__N0160__Aplus_0p0025,hm-m2-g2-L5p3-n2-beta1__N0160__Aminus_0p0025,hm-m2-g2-L5p3-n2-beta1,160,0.0025,124,4.1075,1.0003799931859838,1.0003192220162065
hm-m2-g2-L5p3-n2-beta1__N0160__Aplus_0p0025,hm-m2-g2-L5p3-n2-beta1__N0160__Aminus_0p0025,hm-m2-g2-L5p3-n2-beta1,160,0.0025,125,4.140625,1.000476857502033,1.0003996605070353
hm-m2-g2-L5p3-n2-beta1__N0160__Aplus_0p0025,hm-m2-g2-L5p3-n2-beta1__N0160__Aminus_0p0025,hm-m2-g2-L5p3-n2-beta1,160,0.0025,126,4.17375,1.0005730176642775,1.0004794908033996
hm-m2-g2-L5p3-n2-beta1__N0160__Aplus_0p0025,hm-m2-g2-L5p3-n2-beta1__N0160__Aminus_0p0025,hm-m2-g2-L5p3-n2-beta1,160,0.0025,127,4.206875,1.0006683241605725,1.0005585893630822
hm-m2-g2-L5p3-n2-beta1__N0160__Aplus_0p0025,hm-m2-g2-L5p3-n2-beta1__N0160__Aminus_0p0025,hm-m2-g2-L5p3-n2-beta1,160,0.0025,128,4.24,1.0007626285794804,1.0006368336953144
hm-m2-g2-L5p3-n2-beta1__N0160__Aplus_0p0025,hm-m2-g2-L5p3-n2-beta1__N0160__Aminus_0p0025,hm-m2-g2-L5p3-n2-beta1,160,0.0025,129,4.273125,1.0008557838478587,1.0007141025528472
hm-m2-g2-L5p3-n2-beta1__N0160__Aplus_0p0025,hm-m2-g2-L5p3-n2-beta1__N0160__Aminus_0p0025,hm-m2-g2-L5p3-n2-beta1,160,0.0025,130,4.30625,1.0009476444676868,1.0007902761225662
hm-m2-g2-L5p3-n2-beta1__N0160__Aplus_0p0025,hm-m2-g2-L5p3-n2-beta1__N0160__Aminus_0p0025,hm-m2-g2-L5p3-n2-beta1,160,0.0025,131,4.339375,1.0010380667517063,1.0008652362143329
hm-m2-g2-L5p3-n2-beta1__N0160__Aplus_0p0025,hm-m2-g2-L5p3-n2-beta1__N0160__Aminus_0p0025,hm-m2-g2-L5p3-n2-beta1,160,0.0025,132,4.3725000000000005,1.001126909057443,1.0009388664477346
hm-m2-g2-L5p3-n2-beta1__N0160__Aplus_0p0025,hm-m2-g2-L5p3-n2-beta1__N0160__Aminus_0p0025,hm-m2-g2-L5p3-n2-beta1,160,0.0025,133,4.405625000000001,1.0012140320191785,1.0010110524364293
hm-m2-g2-L5p3-n2-beta1__N0160__Aplus_0p0025,hm-m2-g2-L5p3-n2-beta1__N0160__Aminus_0p0025,hm-m2-g2-L5p3-n2-beta1,160,0.0025,134,4.438750000000001,1.0012992987774254,1.0010816819697717
hm-m2-g2-L5p3-n2-beta1__N0160__Aplus_0p0025,hm-m2-g2-L5p3-n2-beta1__N0160__Aminus_0p0025,hm-m2-g2-L5p3-n2-beta1,160,0.0025,135,4.471875,1.0013825752054706,1.0011506451914076
hm-m2-g2-L5p3-n2-beta1__N0160__Aplus_0p0025,hm-m2-g2-L5p3-n2-beta1__N0160__Aminus_0p0025,hm-m2-g2-L5p3-n2-beta1,160,0.0025,136,4.505,1.001463730132537,1.001217834774526
hm-m2-g2-L5p3-n2-beta1__N0160__Aplus_0p0025,hm-m2-g2-L5p3-n2-beta1__N0160__Aminus_0p0025,hm-m2-g2-L5p3-n2-beta1,160,0.0025,137,4.538125,1.0015426355631207,1.0012831460934637
hm-m2-g2-L5p3-n2-beta1__N0160__Aplus_0p0025,hm-m2-g2-L5p3-n2-beta1__N0160__Aminus_0p0025,hm-m2-g2-L5p3-n2-beta1,160,0.0025,138,4.57125,1.0016191668920604,1.001346477391361
hm-m2-g2-L5p3-n2-beta1__N0160__Aplus_0p0025,hm-m2-g2-L5p3-n2-beta1__N0160__Aminus_0p0025,hm-m2-g2-L5p3-n2-beta1,160,0.0025,139,4.604375,1.001693203114895,1.0014077299435682
hm-m2-g2-L5p3-n2-beta1__N0160__Aplus_0p0025,hm-m2-g2-L5p3-n2-beta1__N0160__Aminus_0p0025,hm-m2-g2-L5p3-n2-beta1,160,0.0025,140,4.6375,1.001764627033075,1.0014668082165123
hm-m2-g2-L5p3-n2-beta1__N0160__Aplus_0p0025,hm-m2-g2-L5p3-n2-beta1__N0160__Aminus_0p0025,hm-m2-g2-L5p3-n2-beta1,160,0.0025,141,4.670625,1.0018333254535883,1.0015236200217374
hm-m2-g2-L5p3-n2-beta1__N0160__Aplus_0p0025,hm-m2-g2-L5p3-n2-beta1__N0160__Aminus_0p0025,hm-m2-g2-L5p3-n2-beta1,160,0.0025,142,4.70375,1.0018991893825824,1.0015780766648383
hm-m2-g2-L5p3-n2-beta1__N0160__Aplus_0p0025,hm-m2-g2-L5p3-n2-beta1__N0160__Aminus_0p0025,hm-m2-g2-L5p3-n2-beta1,160,0.0025,143,4.736875,1.001962114212554,1.0016300930890178
hm-m2-g2-L5p3-n2-beta1__N0160__Aplus_0p0025,hm-m2-g2-L5p3-n2-beta1__N0160__Aminus_0p0025,hm-m2-g2-L5p3-n2-beta1,160,0.0025,144,4.7700000000000005,1.0020219999027051,1.0016795880129996
hm-m2-g2-L5p3-n2-beta1__N0160__Aplus_0p0025,hm-m2-g2-L5p3-n2-beta1__N0160__Aminus_0p0025,hm-m2-g2-L5p3-n2-beta1,160,0.0025,145,4.8031250000000005,1.0020787511520597,1.0017264840630455
hm-m2-g2-L5p3-n2-beta1__N0160__Aplus_0p0025,hm-m2-g2-L5p3-n2-beta1__N0160__Aminus_0p0025,hm-m2-g2-L5p3-n2-beta1,160,0.0025,146,4.836250000000001,1.002132277564959,1.0017707078988303
hm-m2-g2-L5p3-n2-beta1__N0160__Aplus_0p0025,hm-m2-g2-L5p3-n2-beta1__N0160__Aminus_0p0025,hm-m2-g2-L5p3-n2-beta1,160,0.0025,147,4.869375000000001,1.002182493808559,1.001812190332938
hm-m2-g2-L5p3-n2-beta1__N0160__Aplus_0p0025,hm-m2-g2-L5p3-n2-beta1__N0160__Aminus_0p0025,hm-m2-g2-L5p3-n2-beta1,160,0.0025,148,4.9025,1.002229319761971,1.0018508664437555
hm-m2-g2-L5p3-n2-beta1__N0160__Aplus_0p0025,hm-m2-g2-L5p3-n2-beta1__N0160__Aminus_0p0025,hm-m2-g2-L5p3-n2-beta1,160,0.0025,149,4.935625,1.0022726806567053,1.0018866756815503
hm-m2-g2-L5p3-n2-beta1__N0160__Aplus_0p0025,hm-m2-g2-L5p3-n2-beta1__N0160__Aminus_0p0025,hm-m2-g2-L5p3-n2-beta1,160,0.0025,150,4.96875,1.002312507208092,1.0019195619675316
hm-m2-g2-L5p3-n2-beta1__N0160__Aplus_0p0025,hm-m2-g2-L5p3-n2-beta1__N0160__Aminus_0p0025,hm-m2-g2-L5p3-n2-beta1,160,0.0025,151,5.001875,1.0023487357373686,1.001949473785705
hm-m2-g2-L5p3-n2-beta1__N0160__Aplus_0p0025,hm-m2-g2-L5p3-n2-beta1__N0160__Aminus_0p0025,hm-m2-g2-L5p3-n2-beta1,160,0.0025,152,5.035,1.0023813082841546,1.0019763642673452
hm-m2-g2-L5p3-n2-beta1__N0160__Aplus_0p0025,hm-m2-g2-L5p3-n2-beta1__N0160__Aminus_0p0025,hm-m2-g2-L5p3-n2-beta1,160,0.0025,153,5.068125,1.002410172709042,1.0020001912679262
hm-m2-g2-L5p3-n2-beta1__N0160__Aplus_0p0025,hm-m2-g2-L5p3-n2-beta1__N0160__Aminus_0p0025,hm-m2-g2-L5p3-n2-beta1,160,0.0025,154,5.10125,1.0024352827860594,1.002020917436359
hm-m2-g2-L5p3-n2-beta1__N0160__Aplus_0p0025,hm-m2-g2-L5p3-n2-beta1__N0160__Aminus_0p0025,hm-m2-g2-L5p3-n2-beta1,160,0.0025,155,5.134375,1.0024565982847917,1.0020385102764031
hm-m2-g2-L5p3-n2-beta1__N0160__Aplus_0p0025,hm-m2-g2-L5p3-n2-beta1__N0160__Aminus_0p0025,hm-m2-g2-L5p3-n2-beta1,160,0.0025,156,5.1675,1.0024740850419538,1.0020529422001339
hm-m2-g2-L5p3-n2-beta1__N0160__Aplus_0p0025,hm-m2-g2-L5p3-n2-beta1__N0160__Aminus_0p0025,hm-m2-g2-L5p3-n2-beta1,160,0.0025,157,5.2006250000000005,1.00248771502225,1.0020641905733623
hm-m2-g2-L5p3-n2-beta1__N0160__Aplus_0p0025,hm-m2-g2-L5p3-n2-beta1__N0160__Aminus_0p0025,hm-m2-g2-L5p3-n2-beta1,160,0.0025,158,5.233750000000001,1.00249746636837,1.002072237752916
hm-m2-g2-L5p3-n2-beta1__N0160__Aplus_0p0025,hm-m2-g2-L5p3-n2-beta1__N0160__Aminus_0p0025,hm-m2-g2-L5p3-n2-beta1,160,0.0025,159,5.266875000000001,1.0025033234400018,1.0020770711157148
hm-m2-g2-L5p3-n2-beta1__N0160__Aplus_0p0025,hm-m2-g2-L5p3-n2-beta1__N0160__Aminus_0p0025,hm-m2-g2-L5p3-n2-beta1,160,0.0025,160,5.3,1.002505276841766,1.0020786830795758
hm-m2-g2-L5p3-n2-beta1__N0160__Aplus_0p005,hm-m2-g2-L5p3-n2-beta1__N0160__Aminus_0p005,hm-m2-g2-L5p3-n2-beta1,160,0.005,0,0.0,1.0050212179005409,1.004157183291404
hm-m2-g2-L5p3-n2-beta1__N0160__Aplus_0p005,hm-m2-g2-L5p3-n2-beta1__N0160__Aminus_0p005,hm-m2-g2-L5p3-n2-beta1,160,0.005,1,0.033125,1.0050172583377885,1.0041539406162918
hm-m2-g2-L5p3-n2-beta1__N0160__Aplus_0p005,hm-m2-g2-L5p3-n2-beta1__N0160__Aminus_0p005,hm-m2-g2-L5p3-n2-beta1,160,0.005,2,0.06625,1.005005386251199,1.004144217765877
hm-m2-g2-L5p3-n2-beta1__N0160__Aplus_0p005,hm-m2-g2-L5p3-n2-beta1__N0160__Aminus_0p005,hm-m2-g2-L5p3-n2-beta1,160,0.005,3,0.099375,1.0049856214323831,1.0041280302558386
hm-m2-g2-L5p3-n2-beta1__N0160__Aplus_0p005,hm-m2-g2-L5p3-n2-beta1__N0160__Aminus_0p005,hm-m2-g2-L5p3-n2-beta1,160,0.005,4,0.1325,1.0049579968227642,1.0041054039153685
hm-m2-g2-L5p3-n2-beta1__N0160__Aplus_0p005,hm-m2-g2-L5p3-n2-beta1__N0160__Aminus_0p005,hm-m2-g2-L5p3-n2-beta1,160,0.005,5,0.16562500000000002,1.0049225584468353,1.0040763748418362
hm-m2-g2-L5p3-n2-beta1__N0160__Aplus_0p005,hm-m2-g2-L5p3-n2-beta1__N0160__Aminus_0p005,hm-m2-g2-L5p3-n2-beta1,160,0.005,6,0.19875,1.0048793653190151,1.0040409893374693
hm-m2-g2-L5p3-n2-beta1__N0160__Aplus_0p005,hm-m2-g2-L5p3-n2-beta1__N0160__Aminus_0p005,hm-m2-g2-L5p3-n2-beta1,160,0.005,7,0.231875,1.0048284893244015,1.0039993038281947
hm-m2-g2-L5p3-n2-beta1__N0160__Aplus_0p005,hm-m2-g2-L5p3-n2-beta1__N0160__Aminus_0p005,hm-m2-g2-L5p3-n2-beta1,160,0.005,8,0.265,1.004770015073794,1.0039513847648318
hm-m2-g2-L5p3-n2-beta1__N0160__Aplus_0p005,hm-m2-g2-L5p3-n2-beta1__N0160__Aminus_0p005,hm-m2-g2-L5p3-n2-beta1,160,0.005,9,0.29812500000000003,1.0047040397334481,1.0038973085068672
hm-m2-g2-L5p3-n2-beta1__N0160__Aplus_0p005,hm-m2-g2-L5p3-n2-beta1__N0160__Aminus_0p005,hm-m2-g2-L5p3-n2-beta1,160,0.005,10,0.33125000000000004,1.0046306728300889,1.0038371611890782
hm-m2-g2-L5p3-n2-beta1__N0160__Aplus_0p005,hm-m2-g2-L5p3-n2-beta1__N0160__Aminus_0p005,hm-m2-g2-L5p3-n2-beta1,160,0.005,11,0.364375,1.0045500360317954,1.003771038571315
hm-m2-g2-L5p3-n2-beta1__N0160__Aplus_0p005,hm-m2-g2-L5p3-n2-beta1__N0160__Aminus_0p005,hm-m2-g2-L5p3-n2-beta1,160,0.005,12,0.3975,1.0044622629054332,1.0036990458717847
hm-m2-g2-L5p3-n2-beta1__N0160__Aplus_0p005,hm-m2-g2-L5p3-n2-beta1__N0160__Aminus_0p005,hm-m2-g2-L5p3-n2-beta1,160,0.005,13,0.43062500000000004,1.0043674986513802,1.0036212975842203
hm-m2-g2-L5p3-n2-beta1__N0160__Aplus_0p005,hm-m2-g2-L5p3-n2-beta1__N0160__Aminus_0p005,hm-m2-g2-L5p3-n2-beta1,160,0.005,14,0.46375,1.0042658998163572,1.0035379172793473
hm-m2-g2-L5p3-n2-beta1__N0160__Aplus_0p005,hm-m2-g2-L5p3-n2-beta1__N0160__Aminus_0p005,hm-m2-g2-L5p3-n2-beta1,160,0.005,15,0.496875,1.0041576339852294,1.0034490373911011
hm-m2-g2-L5p3-n2-beta1__N0160__Aplus_0p005,hm-m2-g2-L5p3-n2-beta1__N0160__Aminus_0p005,hm-m2-g2-L5p3-n2-beta1,160,0.005,16,0.53,1.004042879452703,1.003354798988071
hm-m2-g2-L5p3-n2-beta1__N0160__Aplus_0p005,hm-m2-g2-L5p3-n2-beta1__N0160__Aminus_0p005,hm-m2-g2-L5p3-n2-beta1,160,0.005,17,0.563125,1.0039218248758899,1.0032553515306812
hm-m2-g2-L5p3-n2-beta1__N0160__Aplus_0p005,hm-m2-g2-L5p3-n2-beta1__N0160__Aminus_0p005,hm-m2-g2-L5p3-n2-beta1,160,0.005,18,0.5962500000000001,1.003794668908761,1.0031508526146513
hm-m2-g2-L5p3-n2-beta1__N0160__Aplus_0p005,hm-m2-g2-L5p3-n2-beta1__N0160__Aminus_0p005,hm-m2-g2-L5p3-n2-beta1,160,0.005,19,0.629375,1.0036616198195412,1.0030414677012913
hm-m2-g2-L5p3-n2-beta1__N0160__Aplus_0p005,hm-m2-g2-L5p3-n2-beta1__N0160__Aminus_0p005,hm-m2-g2-L5p3-n2-beta1,160,0.005,20,0.6625000000000001,1.0035228950921449,1.0029273698352255
hm-m2-g2-L5p3-n2-beta1__N0160__Aplus_0p005,hm-m2-g2-L5p3-n2-beta1__N0160__Aminus_0p005,hm-m2-g2-L5p3-n2-beta1,160,0.005,21,0.695625,1.0033787210127718,1.0028087393501481
hm-m2-g2-L5p3-n2-beta1__N0160__Aplus_0p005,hm-m2-g2-L5p3-n2-beta1__N0160__Aminus_0p005,hm-m2-g2-L5p3-n2-beta1,160,0.005,22,0.72875,1.0032293322428103,1.0026857635632453
hm-m2-g2-L5p3-n2-beta1__N0160__Aplus_0p005,hm-m2-g2-L5p3-n2-beta1__N0160__Aminus_0p005,hm-m2-g2-L5p3-n2-beta1,160,0.005,23,0.7618750000000001,1.0030749713792146,1.0025586364589243
hm-m2-g2-L5p3-n2-beta1__N0160__Aplus_0p005,hm-m2-g2-L5p3-n2-beta1__N0160__Aminus_0p005,hm-m2-g2-L5p3-n2-beta1,160,0.005,24,0.795,1.0029158885035363,1.0024275583625124
hm-m2-g2-L5p3-n2-beta1__N0160__Aplus_0p005,hm-m2-g2-L5p3-n2-beta1__N0160__Aminus_0p005,hm-m2-g2-L5p3-n2-beta1,160,0.005,25,0.828125,1.002752340720798,1.0022927356046043
hm-m2-g2-L5p3-n2-beta1__N0160__Aplus_0p005,hm-m2-g2-L5p3-n2-beta1__N0160__Aminus_0p005,hm-m2-g2-L5p3-n2-beta1,160,0.005,26,0.8612500000000001,1.0025845916893994,1.0021543801767363
hm-m2-g2-L5p3-n2-beta1__N0160__Aplus_0p005,hm-m2-g2-L5p3-n2-beta1__N0160__Aminus_0p005,hm-m2-g2-L5p3-n2-beta1,160,0.005,27,0.894375,1.0024129111432478,1.0020127093790885
hm-m2-g2-L5p3-n2-beta1__N0160__Aplus_0p005,hm-m2-g2-L5p3-n2-beta1__N0160__Aminus_0p005,hm-m2-g2-L5p3-n2-beta1,160,0.005,28,0.9275,1.0022375744072962,1.0018679454609138
hm-m2-g2-L5p3-n2-beta1__N0160__Aplus_0p005,hm-m2-g2-L5p3-n2-beta1__N0160__Aminus_0p005,hm-m2-g2-L5p3-n2-beta1,160,0.005,29,0.9606250000000001,1.0020588619076594,1.001720315254399
hm-m2-g2-L5p3-n2-beta1__N0160__Aplus_0p005,hm-m2-g2-L5p3-n2-beta1__N0160__Aminus_0p005,hm-m2-g2-L5p3-n2-beta1,160,0.005,30,0.99375,1.0018770586774675,1.001570049802668
hm-m2-g2-L5p3-n2-beta1__N0160__Aplus_0p005,hm-m2-g2-L5p3-n2-beta1__N0160__Aminus_0p005,hm-m2-g2-L5p3-n2-beta1,160,0.005,31,1.026875,1.0016924538595922,1.0014173839826392
hm-m2-g2-L5p3-n2-beta1__N0160__Aplus_0p005,hm-m2-g2-L5p3-n2-beta1__N0160__Aminus_0p005,hm-m2-g2-L5p3-n2-beta1,160,0.005,32,1.06,1.0015053402073608,1.0012625561234398
hm-m2-g2-L5p3-n2-beta1__N0160__Aplus_0p005,hm-m2-g2-L5p3-n2-beta1__N0160__Aminus_0p005,hm-m2-g2-L5p3-n2-beta1,160,0.005,33,1.0931250000000001,1.0013160135843397,1.0011058076210895
hm-m2-g2-L5p3-n2-beta1__N0160__Aplus_0p005,hm-m2-g2-L5p3-n2-beta1__N0160__Aminus_0p005,hm-m2-g2-L5p3-n2-beta1,160,0.005,34,1.12625,1.0011247724642498,1.0009473825501483
hm-m2-g2-L5p3-n2-beta1__N0160__Aplus_0p005,hm-m2-g2-L5p3-n2-beta1__N0160__Aminus_0p005,hm-m2-g2-L5p3-n2-beta1,160,0.005,35,1.159375,1.0009319174320253,1.0007875272730258
hm-m2-g2-L5p3-n2-beta1__N0160__Aplus_0p005,hm-m2-g2-L5p3-n2-beta1__N0160__Aminus_0p005,hm-m2-g2-L5p3-n2-beta1,160,0.005,36,1.1925000000000001,1.0007377506870092,1.0006264900476391
hm-m2-g2-L5p3-n2-beta1__N0160__Aplus_0p005,hm-m2-g2-L5p3-n2-beta1__N0160__Aminus_0p005,hm-m2-g2-L5p3-n2-beta1,160,0.005,37,1.225625,1.0005425755492248,1.0004645206340932
hm-m2-g2-L5p3-n2-beta1__N0160__Aplus_0p005,hm-m2-g2-L5p3-n2-beta1__N0160__Aminus_0p005,hm-m2-g2-L5p3-n2-beta1,160,0.005,38,1.25875,1.0003466959696283,1.0003018699010509
hm-m2-g2-L5p3-n2-beta1__N0160__Aplus_0p005,hm-m2-g2-L5p3-n2-beta1__N0160__Aminus_0p005,hm-m2-g2-L5p3-n2-beta1,160,0.005,39,1.291875,1.0001504160452033,1.0001387894324452
hm-m2-g2-L5p3-n2-beta1__N0160__Aplus_0p005,hm-m2-g2-L5p3-n2-beta1__N0160__Aminus_0p005,hm-m2-g2-L5p3-n2-beta1,160,0.005,40,1.3250000000000002,0.9999540395397131,0.9999755311351755
hm-m2-g2-L5p3-n2-beta1__N0160__Aplus_0p005,hm-m2-g2-L5p3-n2-beta1__N0160__Aminus_0p005,hm-m2-g2-L5p3-n2-beta1,160,0.005,41,1.358125,0.9997578694108784,0.99981234684841
hm-m2-g2-L5p3-n2-beta1__N0160__Aplus_0p005,hm-m2-g2-L5p3-n2-beta1__N0160__Aminus_0p005,hm-m2-g2-L5p3-n2-beta1,160,0.005,42,1.39125,0.9995622073447052,0.9996494879551064
hm-m2-g2-L5p3-n2-beta1__N0160__Aplus_0p005,hm-m2-g2-L5p3-n2-beta1__N0160__Aminus_0p005,hm-m2-g2-L5p3-n2-beta1,160,0.005,43,1.4243750000000002,0.999367353297636,0.9994872049963432
hm-m2-g2-L5p3-n2-beta1__N0160__Aplus_0p005,hm-m2-g2-L5p3-n2-beta1__N0160__Aminus_0p005,hm-m2-g2-L5p3-n2-beta1,160,0.005,44,1.4575,0.9991736050471528,0.9993257472890369
hm-m2-g2-L5p3-n2-beta1__N0160__Aplus_0p005,hm-m2-g2-L5p3-n2-beta1__N0160__Aminus_0p005,hm-m2-g2-L5p3-n2-beta1,160,0.005,45,1.490625,0.998981257751411,0.9991653625476028
hm-m2-g2-L5p3-n2-beta1__N0160__Aplus_0p005,hm-m2-g2-L5p3-n2-beta1__N0160__Aminus_0p005,hm-m2-g2-L5p3-n2-beta1,160,0.005,46,1.5237500000000002,0.9987906035184351,0.9990062965101016
hm-m2-g2-L5p3-n2-beta1__N0160__Aplus_0p005,hm-m2-g2-L5p3-n2-beta1__N0160__Aminus_0p005,hm-m2-g2-L5p3-n2-beta1,160,0.005,47,1.556875,0.9986019309853615,0.9988487925693875
hm-m2-g2-L5p3-n2-beta1__N0160__Aplus_0p005,hm-m2-g2-L5p3-n2-beta1__N0160__Aminus_0p005,hm-m2-g2-L5p3-n2-beta1,160,0.005,48,1.59,0.9984155249081677,0.9986930914097626
hm-m2-g2-L5p3-n2-beta1__N0160__Aplus_0p005,hm-m2-g2-L5p3-n2-beta1__N0160__Aminus_0p005,hm-m2-g2-L5p3-n2-beta1,160,0.005,49,1.6231250000000002,0.9982316657622777,0.9985394306496177
hm-m2-g2-L5p3-n2-beta1__N0160__Aplus_0p005,hm-m2-g2-L5p3-n2-beta1__N0160__Aminus_0p005,hm-m2-g2-L5p3-n2-beta1,160,0.005,50,1.65625,0.9980506293543971,0.9983880444905205
hm-m2-g2-L5p3-n2-beta1__N0160__Aplus_0p005,hm-m2-g2-L5p3-n2-beta1__N0160__Aminus_0p005,hm-m2-g2-L5p3-n2-beta1,160,0.005,51,1.689375,0.9978726864458788,0.9982391633731935
hm-m2-g2-L5p3-n2-beta1__N0160__Aplus_0p005,hm-m2-g2-L5p3-n2-beta1__N0160__Aminus_0p005,hm-m2-g2-L5p3-n2-beta1,160,0.005,52,1.7225000000000001,0.997698102387889,0.9980930136408025
hm-m2-g2-L5p3-n2-beta1__N0160__Aplus_0p005,hm-m2-g2-L5p3-n2-beta1__N0160__Aminus_0p005,hm-m2-g2-L5p3-n2-beta1,160,0.005,53,1.755625,0.997527136768595,0.9979498172099591
hm-m2-g2-L5p3-n2-beta1__N0160__Aplus_0p005,hm-m2-g2-L5p3-n2-beta1__N0160__Aminus_0p005,hm-m2-g2-L5p3-n2-beta1,160,0.005,54,1.78875,0.9973600430725653,0.9978097912498165
hm-m2-g2-L5p3-n2-beta1__N0160__Aplus_0p005,hm-m2-g2-L5p3-n2-beta1__N0160__Aminus_0p005,hm-m2-g2-L5p3-n2-beta1,160,0.005,55,1.8218750000000001,0.997197068352534,0.9976731478696235
hm-m2-g2-L5p3-n2-beta1__N0160__Aplus_0p005,hm-m2-g2-L5p3-n2-beta1__N0160__Aminus_0p005,hm-m2-g2-L5p3-n2-beta1,160,0.005,56,1.855,0.997038452913646,0.9975400938150791
hm-m2-g2-L5p3-n2-beta1__N0160__Aplus_0p005,hm-m2-g2-L5p3-n2-beta1__N0160__Aminus_0p005,hm-m2-g2-L5p3-n2-beta1,160,0.005,57,1.888125,0.9968844300102742,0.9974108301738122
hm-m2-g2-L5p3-n2-beta1__N0160__Aplus_0p005,hm-m2-g2-L5p3-n2-beta1__N0160__Aminus_0p005,hm-m2-g2-L5p3-n2-beta1,160,0.005,58,1.9212500000000001,0.9967352255554652,0.9972855520902896
hm-m2-g2-L5p3-n2-beta1__N0160__Aplus_0p005,hm-m2-g2-L5p3-n2-beta1__N0160__Aminus_0p005,hm-m2-g2-L5p3-n2-beta1,160,0.005,59,1.9543750000000002,0.9965910578430456,0.9971644484904449
hm-m2-g2-L5p3-n2-beta1__N0160__Aplus_0p005,hm-m2-g2-L5p3-n2-beta1__N0160__Aminus_0p005,hm-m2-g2-L5p3-n2-beta1,160,0.005,60,1.9875,0.9964521372823965,0.9970477018162944
hm-m2-g2-L5p3-n2-beta1__N0160__Aplus_0p005,hm-m2-g2-L5p3-n2-beta1__N0160__Aminus_0p005,hm-m2-g2-L5p3-n2-beta1,160,0.005,61,2.020625,0.9963186661458837,0.996935487770792
hm-m2-g2-L5p3-n2-beta1__N0160__Aplus_0p005,hm-m2-g2-L5p3-n2-beta1__N0160__Aminus_0p005,hm-m2-g2-L5p3-n2-beta1,160,0.005,62,2.05375,0.996190838328908,0.9968279750731636
hm-m2-g2-L5p3-n2-beta1__N0160__Aplus_0p005,hm-m2-g2-L5p3-n2-beta1__N0160__Aminus_0p005,hm-m2-g2-L5p3-n2-beta1,160,0.005,63,2.086875,0.996068839122524,0.996725325224936
hm-m2-g2-L5p3-n2-beta1__N0160__Aplus_0p005,hm-m2-g2-L5p3-n2-beta1__N0160__Aminus_0p005,hm-m2-g2-L5p3-n2-beta1,160,0.005,64,2.12,0.9959528449985651,0.9966276922868675
hm-m2-g2-L5p3-n2-beta1__N0160__Aplus_0p005,hm-m2-g2-L5p3-n2-beta1__N0160__Aminus_0p005,hm-m2-g2-L5p3-n2-beta1,160,0.005,65,2.153125,0.9958430234071932,0.9965352226669703
hm-m2-g2-L5p3-n2-beta1__N0160__Aplus_0p005,hm-m2-g2-L5p3-n2-beta1__N0160__Aminus_0p005,hm-m2-g2-L5p3-n2-beta1,160,0.005,66,2.1862500000000002,0.9957395325867865,0.996448054919797
hm-m2-g2-L5p3-n2-beta1__N0160__Aplus_0p005,hm-m2-g2-L5p3-n2-beta1__N0160__Aminus_0p005,hm-m2-g2-L5p3-n2-beta1,160,0.005,67,2.2193750000000003,0.995642521386068,0.9963663195571556
hm-m2-g2-L5p3-n2-beta1__N0160__Aplus_0p005,hm-m2-g2-L5p3-n2-beta1__N0160__Aminus_0p005,hm-m2-g2-L5p3-n2-beta1,160,0.005,68,2.2525,0.9955521290983746,0.9962901388703987
hm-m2-g2-L5p3-n2-beta1__N0160__Aplus_0p005,hm-m2-g2-L5p3-n2-beta1__N0160__Aminus_0p005,hm-m2-g2-L5p3-n2-beta1,160,0.005,69,2.285625,0.9954684853079586,0.9962196267644249
hm-m2-g2-L5p3-n2-beta1__N0160__Aplus_0p005,hm-m2-g2-L5p3-n2-beta1__N0160__Aminus_0p005,hm-m2-g2-L5p3-n2-beta1,160,0.005,70,2.31875,0.9953917097482147,0.9961548886035126
hm-m2-g2-L5p3-n2-beta1__N0160__Aplus_0p005,hm-m2-g2-L5p3-n2-beta1__N0160__Aminus_0p005,hm-m2-g2-L5p3-n2-beta1,160,0.005,71,2.351875,0.9953219121717257,0.9960960210691024
hm-m2-g2-L5p3-n2-beta1__N0160__Aplus_0p005,hm-m2-g2-L5p3-n2-beta1__N0160__Aminus_0p005,hm-m2-g2-L5p3-n2-beta1,160,0.005,72,2.3850000000000002,0.9952591922320208,0.996043112029624
hm-m2-g2-L5p3-n2-beta1__N0160__Aplus_0p005,hm-m2-g2-L5p3-n2-beta1__N0160__Aminus_0p005,hm-m2-g2-L5p3-n2-beta1,160,0.005,73,2.4181250000000003,0.9952036393769425,0.9959962404224625
hm-m2-g2-L5p3-n2-beta1__N0160__Aplus_0p005,hm-m2-g2-L5p3-n2-beta1__N0160__Aminus_0p005,hm-m2-g2-L5p3-n2-beta1,160,0.005,74,2.45125,0.9951553327535277,0.9959554761481407
hm-m2-g2-L5p3-n2-beta1__N0160__Aplus_0p005,hm-m2-g2-L5p3-n2-beta1__N0160__Aminus_0p005,hm-m2-g2-L5p3-n2-beta1,160,0.005,75,2.484375,0.99511434112431,0.9959208799767922
hm-m2-g2-L5p3-n2-beta1__N0160__Aplus_0p005,hm-m2-g2-L5p3-n2-beta1__N0160__Aminus_0p005,hm-m2-g2-L5p3-n2-beta1,160,0.005,76,2.5175,0.9950807227949596,0.9958925034669811
hm-m2-g2-L5p3-n2-beta1__N0160__Aplus_0p005,hm-m2-g2-L5p3-n2-beta1__N0160__Aminus_0p005,hm-m2-g2-L5p3-n2-beta1,160,0.005,77,2.550625,0.9950545255531896,0.9958703888969261
hm-m2-g2-L5p3-n2-beta1__N0160__Aplus_0p005,hm-m2-g2-L5p3-n2-beta1__N0160__Aminus_0p005,hm-m2-g2-L5p3-n2-beta1,160,0.005,78,2.58375,0.9950357866188593,0.99585456920817
hm-m2-g2-L5p3-n2-beta1__N0160__Aplus_0p005,hm-m2-g2-L5p3-n2-beta1__N0160__Aminus_0p005,hm-m2-g2-L5p3-n2-beta1,160,0.005,79,2.6168750000000003,0.9950245326052237,0.9958450679617299
hm-m2-g2-L5p3-n2-beta1__N0160__Aplus_0p005,hm-m2-g2-L5p3-n2-beta1__N0160__Aminus_0p005,hm-m2-g2-L5p3-n2-beta1,160,0.005,80,2.6500000000000004,0.9950207794912866,0.9958418993067578
hm-m2-g2-L5p3-n2-beta1__N0160__Aplus_0p005,hm-m2-g2-L5p3-n2-beta1__N0160__Aminus_0p005,hm-m2-g2-L5p3-n2-beta1,160,0.005,81,2.683125,0.9950245326052236,0.9958450679617286
hm-m2-g2-L5p3-n2-beta1__N0160__Aplus_0p005,hm-m2-g2-L5p3-n2-beta1__N0160__Aminus_0p005,hm-m2-g2-L5p3-n2-beta1,160,0.005,82,2.71625,0.995035786618859,0.9958545692081675
hm-m2-g2-L5p3-n2-beta1__N0160__Aplus_0p005,hm-m2-g2-L5p3-n2-beta1__N0160__Aminus_0p005,hm-m2-g2-L5p3-n2-beta1,160,0.005,83,2.749375,0.9950545255531894,0.9958703888969228
hm-m2-g2-L5p3-n2-beta1__N0160__Aplus_0p005,hm-m2-g2-L5p3-n2-beta1__N0160__Aminus_0p005,hm-m2-g2-L5p3-n2-beta1,160,0.005,84,2.7825,0.9950807227949593,0.9958925034669769
hm-m2-g2-L5p3-n2-beta1__N0160__Aplus_0p005,hm-m2-g2-L5p3-n2-beta1__N0160__Aminus_0p005,hm-m2-g2-L5p3-n2-beta1,160,0.005,85,2.8156250000000003,0.9951143411243094,0.9959208799767869
hm-m2-g2-L5p3-n2-beta1__N0160__Aplus_0p005,hm-m2-g2-L5p3-n2-beta1__N0160__Aminus_0p005,hm-m2-g2-L5p3-n2-beta1,160,0.005,86,2.8487500000000003,0.9951553327535271,0.9959554761481344
hm-m2-g2-L5p3-n2-beta1__N0160__Aplus_0p005,hm-m2-g2-L5p3-n2-beta1__N0160__Aminus_0p005,hm-m2-g2-L5p3-n2-beta1,160,0.005,87,2.881875,0.9952036393769417,0.995996240422455
hm-m2-g2-L5p3-n2-beta1__N0160__Aplus_0p005,hm-m2-g2-L5p3-n2-beta1__N0160__Aminus_0p005,hm-m2-g2-L5p3-n2-beta1,160,0.005,88,2.915,0.9952591922320199,0.9960431120296156
hm-m2-g2-L5p3-n2-beta1__N0160__Aplus_0p005,hm-m2-g2-L5p3-n2-beta1__N0160__Aminus_0p005,hm-m2-g2-L5p3-n2-beta1,160,0.005,89,2.948125,0.9953219121717246,0.9960960210690931
hm-m2-g2-L5p3-n2-beta1__N0160__Aplus_0p005,hm-m2-g2-L5p3-n2-beta1__N0160__Aminus_0p005,hm-m2-g2-L5p3-n2-beta1,160,0.005,90,2.98125,0.9953917097482133,0.9961548886035025
hm-m2-g2-L5p3-n2-beta1__N0160__Aplus_0p005,hm-m2-g2-L5p3-n2-beta1__N0160__Aminus_0p005,hm-m2-g2-L5p3-n2-beta1,160,0.005,91,3.0143750000000002,0.9954684853079572,0.9962196267644138
hm-m2-g2-L5p3-n2-beta1__N0160__Aplus_0p005,hm-m2-g2-L5p3-n2-beta1__N0160__Aminus_0p005,hm-m2-g2-L5p3-n2-beta1,160,0.005,92,3.0475000000000003,0.995552129098373,0.9962901388703869
hm-m2-g2-L5p3-n2-beta1__N0160__Aplus_0p005,hm-m2-g2-L5p3-n2-beta1__N0160__Aminus_0p005,hm-m2-g2-L5p3-n2-beta1,160,0.005,93,3.080625,0.995642521386066,0.9963663195571429
hm-m2-g2-L5p3-n2-beta1__N0160__Aplus_0p005,hm-m2-g2-L5p3-n2-beta1__N0160__Aminus_0p005,hm-m2-g2-L5p3-n2-beta1,160,0.005,94,3.11375,0.9957395325867843,0.9964480549197837
hm-m2-g2-L5p3-n2-beta1__N0160__Aplus_0p005,hm-m2-g2-L5p3-n2-beta1__N0160__Aminus_0p005,hm-m2-g2-L5p3-n2-beta1,160,0.005,95,3.146875,0.9958430234071908,0.9965352226669562
hm-m2-g2-L5p3-n2-beta1__N0160__Aplus_0p005,hm-m2-g2-L5p3-n2-beta1__N0160__Aminus_0p005,hm-m2-g2-L5p3-n2-beta1,160,0.005,96,3.18,0.9959528449985623,0.9966276922868526
hm-m2-g2-L5p3-n2-beta1__N0160__Aplus_0p005,hm-m2-g2-L5p3-n2-beta1__N0160__Aminus_0p005,hm-m2-g2-L5p3-n2-beta1,160,0.005,97,3.2131250000000002,0.9960688391225209,0.9967253252249199
hm-m2-g2-L5p3-n2-beta1__N0160__Aplus_0p005,hm-m2-g2-L5p3-n2-beta1__N0160__Aminus_0p005,hm-m2-g2-L5p3-n2-beta1,160,0.005,98,3.2462500000000003,0.9961908383289044,0.9968279750731465
hm-m2-g2-L5p3-n2-beta1__N0160__Aplus_0p005,hm-m2-g2-L5p3-n2-beta1__N0160__Aminus_0p005,hm-m2-g2-L5p3-n2-beta1,160,0.005,99,3.2793750000000004,0.9963186661458798,0.9969354877707736
hm-m2-g2-L5p3-n2-beta1__N0160__Aplus_0p005,hm-m2-g2-L5p3-n2-beta1__N0160__Aminus_0p005,hm-m2-g2-L5p3-n2-beta1,160,0.005,100,3.3125,0.9964521372823921,0.9970477018162749
hm-m2-g2-L5p3-n2-beta1__N0160__Aplus_0p005,hm-m2-g2-L5p3-n2-beta1__N0160__Aminus_0p005,hm-m2-g2-L5p3-n2-beta1,160,0.005,101,3.345625,0.9965910578430408,0.9971644484904244
hm-m2-g2-L5p3-n2-beta1__N0160__Aplus_0p005,hm-m2-g2-L5p3-n2-beta1__N0160__Aminus_0p005,hm-m2-g2-L5p3-n2-beta1,160,0.005,102,3.37875,0.99673522555546,0.9972855520902678
hm-m2-g2-L5p3-n2-beta1__N0160__Aplus_0p005,hm-m2-g2-L5p3-n2-beta1__N0160__Aminus_0p005,hm-m2-g2-L5p3-n2-beta1,160,0.005,103,3.411875,0.9968844300102685,0.9974108301737894
hm-m2-g2-L5p3-n2-beta1__N0160__Aplus_0p005,hm-m2-g2-L5p3-n2-beta1__N0160__Aminus_0p005,hm-m2-g2-L5p3-n2-beta1,160,0.005,104,3.4450000000000003,0.9970384529136397,0.9975400938150554
hm-m2-g2-L5p3-n2-beta1__N0160__Aplus_0p005,hm-m2-g2-L5p3-n2-beta1__N0160__Aminus_0p005,hm-m2-g2-L5p3-n2-beta1,160,0.005,105,3.4781250000000004,0.9971970683525272,0.9976731478695985
hm-m2-g2-L5p3-n2-beta1__N0160__Aplus_0p005,hm-m2-g2-L5p3-n2-beta1__N0160__Aminus_0p005,hm-m2-g2-L5p3-n2-beta1,160,0.005,106,3.51125,0.9973600430725579,0.9978097912497903
hm-m2-g2-L5p3-n2-beta1__N0160__Aplus_0p005,hm-m2-g2-L5p3-n2-beta1__N0160__Aminus_0p005,hm-m2-g2-L5p3-n2-beta1,160,0.005,107,3.544375,0.9975271367685868,0.9979498172099318
hm-m2-g2-L5p3-n2-beta1__N0160__Aplus_0p005,hm-m2-g2-L5p3-n2-beta1__N0160__Aminus_0p005,hm-m2-g2-L5p3-n2-beta1,160,0.005,108,3.5775,0.9976981023878803,0.9980930136407741
hm-m2-g2-L5p3-n2-beta1__N0160__Aplus_0p005,hm-m2-g2-L5p3-n2-beta1__N0160__Aminus_0p005,hm-m2-g2-L5p3-n2-beta1,160,0.005,109,3.610625,0.9978726864458694,0.998239163373164
hm-m2-g2-L5p3-n2-beta1__N0160__Aplus_0p005,hm-m2-g2-L5p3-n2-beta1__N0160__Aminus_0p005,hm-m2-g2-L5p3-n2-beta1,160,0.005,110,3.6437500000000003,0.9980506293543869,0.9983880444904901
hm-m2-g2-L5p3-n2-beta1__N0160__Aplus_0p005,hm-m2-g2-L5p3-n2-beta1__N0160__Aminus_0p005,hm-m2-g2-L5p3-n2-beta1,160,0.005,111,3.6768750000000003,0.9982316657622667,0.9985394306495866
hm-m2-g2-L5p3-n2-beta1__N0160__Aplus_0p005,hm-m2-g2-L5p3-n2-beta1__N0160__Aminus_0p005,hm-m2-g2-L5p3-n2-beta1,160,0.005,112,3.71,0.9984155249081559,0.9986930914097308
hm-m2-g2-L5p3-n2-beta1__N0160__Aplus_0p005,hm-m2-g2-L5p3-n2-beta1__N0160__Aminus_0p005,hm-m2-g2-L5p3-n2-beta1,160,0.005,113,3.743125,0.9986019309853489,0.9988487925693551
hm-m2-g2-L5p3-n2-beta1__N0160__Aplus_0p005,hm-m2-g2-L5p3-n2-beta1__N0160__Aminus_0p005,hm-m2-g2-L5p3-n2-beta1,160,0.005,114,3.77625,0.9987906035184215,0.9990062965100686
hm-m2-g2-L5p3-n2-beta1__N0160__Aplus_0p005,hm-m2-g2-L5p3-n2-beta1__N0160__Aminus_0p005,hm-m2-g2-L5p3-n2-beta1,160,0.005,115,3.809375,0.9989812577513966,0.9991653625475693
hm-m2-g2-L5p3-n2-beta1__N0160__Aplus_0p005,hm-m2-g2-L5p3-n2-beta1__N0160__Aminus_0p005,hm-m2-g2-L5p3-n2-beta1,160,0.005,116,3.8425000000000002,0.9991736050471374,0.9993257472890025
hm-m2-g2-L5p3-n2-beta1__N0160__Aplus_0p005,hm-m2-g2-L5p3-n2-beta1__N0160__Aminus_0p005,hm-m2-g2-L5p3-n2-beta1,160,0.005,117,3.8756250000000003,0.9993673532976196,0.9994872049963082
hm-m2-g2-L5p3-n2-beta1__N0160__Aplus_0p005,hm-m2-g2-L5p3-n2-beta1__N0160__Aminus_0p005,hm-m2-g2-L5p3-n2-beta1,160,0.005,118,3.9087500000000004,0.9995622073446878,0.9996494879550706
hm-m2-g2-L5p3-n2-beta1__N0160__Aplus_0p005,hm-m2-g2-L5p3-n2-beta1__N0160__Aminus_0p005,hm-m2-g2-L5p3-n2-beta1,160,0.005,119,3.941875,0.99975786941086,0.9998123468483733
hm-m2-g2-L5p3-n2-beta1__N0160__Aplus_0p005,hm-m2-g2-L5p3-n2-beta1__N0160__Aminus_0p005,hm-m2-g2-L5p3-n2-beta1,160,0.005,120,3.975,0.9999540395396935,0.9999755311351377
hm-m2-g2-L5p3-n2-beta1__N0160__Aplus_0p005,hm-m2-g2-L5p3-n2-beta1__N0160__Aminus_0p005,hm-m2-g2-L5p3-n2-beta1,160,0.005,121,4.008125000000001,1.0001504160451826,1.0001387894324065
hm-m2-g2-L5p3-n2-beta1__N0160__Aplus_0p005,hm-m2-g2-L5p3-n2-beta1__N0160__Aminus_0p005,hm-m2-g2-L5p3-n2-beta1,160,0.005,122,4.04125,1.0003466959696066,1.0003018699010113
hm-m2-g2-L5p3-n2-beta1__N0160__Aplus_0p005,hm-m2-g2-L5p3-n2-beta1__N0160__Aminus_0p005,hm-m2-g2-L5p3-n2-beta1,160,0.005,123,4.074375,1.0005425755492021,1.0004645206340526
hm-m2-g2-L5p3-n2-beta1__N0160__Aplus_0p005,hm-m2-g2-L5p3-n2-beta1__N0160__Aminus_0p005,hm-m2-g2-L5p3-n2-beta1,160,0.005,124,4.1075,1.0007377506869854,1.0006264900475974
hm-m2-g2-L5p3-n2-beta1__N0160__Aplus_0p005,hm-m2-g2-L5p3-n2-beta1__N0160__Aminus_0p005,hm-m2-g2-L5p3-n2-beta1,160,0.005,125,4.140625,1.0009319174320002,1.0007875272729831
hm-m2-g2-L5p3-n2-beta1__N0160__Aplus_0p005,hm-m2-g2-L5p3-n2-beta1__N0160__Aminus_0p005,hm-m2-g2-L5p3-n2-beta1,160,0.005,126,4.17375,1.0011247724642236,1.000947382550105
hm-m2-g2-L5p3-n2-beta1__N0160__Aplus_0p005,hm-m2-g2-L5p3-n2-beta1__N0160__Aminus_0p005,hm-m2-g2-L5p3-n2-beta1,160,0.005,127,4.206875,1.0013160135843124,1.0011058076210455
hm-m2-g2-L5p3-n2-beta1__N0160__Aplus_0p005,hm-m2-g2-L5p3-n2-beta1__N0160__Aminus_0p005,hm-m2-g2-L5p3-n2-beta1,160,0.005,128,4.24,1.0015053402073322,1.001262556123395
hm-m2-g2-L5p3-n2-beta1__N0160__Aplus_0p005,hm-m2-g2-L5p3-n2-beta1__N0160__Aminus_0p005,hm-m2-g2-L5p3-n2-beta1,160,0.005,129,4.273125,1.0016924538595626,1.0014173839825935
hm-m2-g2-L5p3-n2-beta1__N0160__Aplus_0p005,hm-m2-g2-L5p3-n2-beta1__N0160__Aminus_0p005,hm-m2-g2-L5p3-n2-beta1,160,0.005,130,4.30625,1.0018770586774366,1.0015700498026217
hm-m2-g2-L5p3-n2-beta1__N0160__Aplus_0p005,hm-m2-g2-L5p3-n2-beta1__N0160__Aminus_0p005,hm-m2-g2-L5p3-n2-beta1,160,0.005,131,4.339375,1.0020588619076274,1.001720315254352
hm-m2-g2-L5p3-n2-beta1__N0160__Aplus_0p005,hm-m2-g2-L5p3-n2-beta1__N0160__Aminus_0p005,hm-m2-g2-L5p3-n2-beta1,160,0.005,132,4.3725000000000005,1.0022375744072631,1.001867945460866
hm-m2-g2-L5p3-n2-beta1__N0160__Aplus_0p005,hm-m2-g2-L5p3-n2-beta1__N0160__Aminus_0p005,hm-m2-g2-L5p3-n2-beta1,160,0.005,133,4.405625000000001,1.0024129111432134,1.00201270937904
hm-m2-g2-L5p3-n2-beta1__N0160__Aplus_0p005,hm-m2-g2-L5p3-n2-beta1__N0160__Aminus_0p005,hm-m2-g2-L5p3-n2-beta1,160,0.005,134,4.438750000000001,1.0025845916893639,1.002154380176687
hm-m2-g2-L5p3-n2-beta1__N0160__Aplus_0p005,hm-m2-g2-L5p3-n2-beta1__N0160__Aminus_0p005,hm-m2-g2-L5p3-n2-beta1,160,0.005,135,4.471875,1.0027523407207612,1.0022927356045546
hm-m2-g2-L5p3-n2-beta1__N0160__Aplus_0p005,hm-m2-g2-L5p3-n2-beta1__N0160__Aminus_0p005,hm-m2-g2-L5p3-n2-beta1,160,0.005,136,4.505,1.0029158885034983,1.0024275583624624
hm-m2-g2-L5p3-n2-beta1__N0160__Aplus_0p005,hm-m2-g2-L5p3-n2-beta1__N0160__Aminus_0p005,hm-m2-g2-L5p3-n2-beta1,160,0.005,137,4.538125,1.0030749713791756,1.0025586364588739
hm-m2-g2-L5p3-n2-beta1__N0160__Aplus_0p005,hm-m2-g2-L5p3-n2-beta1__N0160__Aminus_0p005,hm-m2-g2-L5p3-n2-beta1,160,0.005,138,4.57125,1.00322933224277,1.002685763563195
hm-m2-g2-L5p3-n2-beta1__N0160__Aplus_0p005,hm-m2-g2-L5p3-n2-beta1__N0160__Aminus_0p005,hm-m2-g2-L5p3-n2-beta1,160,0.005,139,4.604375,1.0033787210127305,1.0028087393500975
hm-m2-g2-L5p3-n2-beta1__N0160__Aplus_0p005,hm-m2-g2-L5p3-n2-beta1__N0160__Aminus_0p005,hm-m2-g2-L5p3-n2-beta1,160,0.005,140,4.6375,1.0035228950921025,1.0029273698351746
hm-m2-g2-L5p3-n2-beta1__N0160__Aplus_0p005,hm-m2-g2-L5p3-n2-beta1__N0160__Aminus_0p005,hm-m2-g2-L5p3-n2-beta1,160,0.005,141,4.670625,1.0036616198194976,1.0030414677012405
hm-m2-g2-L5p3-n2-beta1__N0160__Aplus_0p005,hm-m2-g2-L5p3-n2-beta1__N0160__Aminus_0p005,hm-m2-g2-L5p3-n2-beta1,160,0.005,142,4.70375,1.0037946689087165,1.0031508526146002
hm-m2-g2-L5p3-n2-beta1__N0160__Aplus_0p005,hm-m2-g2-L5p3-n2-beta1__N0160__Aminus_0p005,hm-m2-g2-L5p3-n2-beta1,160,0.005,143,4.736875,1.0039218248758444,1.0032553515306302
hm-m2-g2-L5p3-n2-beta1__N0160__Aplus_0p005,hm-m2-g2-L5p3-n2-beta1__N0160__Aminus_0p005,hm-m2-g2-L5p3-n2-beta1,160,0.005,144,4.7700000000000005,1.0040428794526564,1.0033547989880198
hm-m2-g2-L5p3-n2-beta1__N0160__Aplus_0p005,hm-m2-g2-L5p3-n2-beta1__N0160__Aminus_0p005,hm-m2-g2-L5p3-n2-beta1,160,0.005,145,4.8031250000000005,1.004157633985182,1.0034490373910503
hm-m2-g2-L5p3-n2-beta1__N0160__Aplus_0p005,hm-m2-g2-L5p3-n2-beta1__N0160__Aminus_0p005,hm-m2-g2-L5p3-n2-beta1,160,0.005,146,4.836250000000001,1.004265899816309,1.0035379172792964
hm-m2-g2-L5p3-n2-beta1__N0160__Aplus_0p005,hm-m2-g2-L5p3-n2-beta1__N0160__Aminus_0p005,hm-m2-g2-L5p3-n2-beta1,160,0.005,147,4.869375000000001,1.0043674986513311,1.0036212975841692
hm-m2-g2-L5p3-n2-beta1__N0160__Aplus_0p005,hm-m2-g2-L5p3-n2-beta1__N0160__Aminus_0p005,hm-m2-g2-L5p3-n2-beta1,160,0.005,148,4.9025,1.0044622629053834,1.0036990458717334
hm-m2-g2-L5p3-n2-beta1__N0160__Aplus_0p005,hm-m2-g2-L5p3-n2-beta1__N0160__Aminus_0p005,hm-m2-g2-L5p3-n2-beta1,160,0.005,149,4.935625,1.004550036031745,1.0037710385712633
hm-m2-g2-L5p3-n2-beta1__N0160__Aplus_0p005,hm-m2-g2-L5p3-n2-beta1__N0160__Aminus_0p005,hm-m2-g2-L5p3-n2-beta1,160,0.005,150,4.96875,1.0046306728300378,1.003837161189026
hm-m2-g2-L5p3-n2-beta1__N0160__Aplus_0p005,hm-m2-g2-L5p3-n2-beta1__N0160__Aminus_0p005,hm-m2-g2-L5p3-n2-beta1,160,0.005,151,5.001875,1.0047040397333964,1.0038973085068146
hm-m2-g2-L5p3-n2-beta1__N0160__Aplus_0p005,hm-m2-g2-L5p3-n2-beta1__N0160__Aminus_0p005,hm-m2-g2-L5p3-n2-beta1,160,0.005,152,5.035,1.0047700150737418,1.003951384764779
hm-m2-g2-L5p3-n2-beta1__N0160__Aplus_0p005,hm-m2-g2-L5p3-n2-beta1__N0160__Aminus_0p005,hm-m2-g2-L5p3-n2-beta1,160,0.005,153,5.068125,1.0048284893243487,1.0039993038281416
hm-m2-g2-L5p3-n2-beta1__N0160__Aplus_0p005,hm-m2-g2-L5p3-n2-beta1__N0160__Aminus_0p005,hm-m2-g2-L5p3-n2-beta1,160,0.005,154,5.10125,1.004879365318962,1.004040989337416
hm-m2-g2-L5p3-n2-beta1__N0160__Aplus_0p005,hm-m2-g2-L5p3-n2-beta1__N0160__Aminus_0p005,hm-m2-g2-L5p3-n2-beta1,160,0.005,155,5.134375,1.0049225584467818,1.0040763748417825
hm-m2-g2-L5p3-n2-beta1__N0160__Aplus_0p005,hm-m2-g2-L5p3-n2-beta1__N0160__Aminus_0p005,hm-m2-g2-L5p3-n2-beta1,160,0.005,156,5.1675,1.0049579968227105,1.0041054039153146
hm-m2-g2-L5p3-n2-beta1__N0160__Aplus_0p005,hm-m2-g2-L5p3-n2-beta1__N0160__Aminus_0p005,hm-m2-g2-L5p3-n2-beta1,160,0.005,157,5.2006250000000005,1.0049856214323292,1.0041280302557847
hm-m2-g2-L5p3-n2-beta1__N0160__Aplus_0p005,hm-m2-g2-L5p3-n2-beta1__N0160__Aminus_0p005,hm-m2-g2-L5p3-n2-beta1,160,0.005,158,5.233750000000001,1.0050053862511448,1.004144217765823
hm-m2-g2-L5p3-n2-beta1__N0160__Aplus_0p005,hm-m2-g2-L5p3-n2-beta1__N0160__Aminus_0p005,hm-m2-g2-L5p3-n2-beta1,160,0.005,159,5.266875000000001,1.0050172583377344,1.0041539406162376
hm-m2-g2-L5p3-n2-beta1__N0160__Aplus_0p005,hm-m2-g2-L5p3-n2-beta1__N0160__Aminus_0p005,hm-m2-g2-L5p3-n2-beta1,160,0.005,160,5.3,1.0050212179004865,1.00415718329135
hm-m2-g2-L5p3-n2-beta1__N0160__Aplus_0p01,hm-m2-g2-L5p3-n2-beta1__N0160__Aminus_0p01,hm-m2-g2-L5p3-n2-beta1,160,0.01,0,0.0,1.0100857635997966,1.0083138182178024
hm-m2-g2-L5p3-n2-beta1__N0160__Aplus_0p01,hm-m2-g2-L5p3-n2-beta1__N0160__Aminus_0p01,hm-m2-g2-L5p3-n2-beta1,160,0.01,1,0.033125,1.0100776286683861,1.0083072568812026
hm-m2-g2-L5p3-n2-beta1__N0160__Aplus_0p01,hm-m2-g2-L5p3-n2-beta1__N0160__Aminus_0p01,hm-m2-g2-L5p3-n2-beta1,160,0.01,2,0.06625,1.0100532384830396,1.0082875837042178
hm-m2-g2-L5p3-n2-beta1__N0160__Aplus_0p01,hm-m2-g2-L5p3-n2-beta1__N0160__Aminus_0p01,hm-m2-g2-L5p3-n2-beta1,160,0.01,3,0.099375,1.0100126368338667,1.0082548311639232
hm-m2-g2-L5p3-n2-beta1__N0160__Aplus_0p01,hm-m2-g2-L5p3-n2-beta1__N0160__Aminus_0p01,hm-m2-g2-L5p3-n2-beta1,160,0.01,4,0.1325,1.0099558965827358,1.0082090533176213
hm-m2-g2-L5p3-n2-beta1__N0160__Aplus_0p01,hm-m2-g2-L5p3-n2-beta1__N0160__Aminus_0p01,hm-m2-g2-L5p3-n2-beta1,160,0.01,5,0.16562500000000002,1.0098831194813653,1.0081503256963324
hm-m2-g2-L5p3-n2-beta1__N0160__Aplus_0p01,hm-m2-g2-L5p3-n2-beta1__N0160__Aminus_0p01,hm-m2-g2-L5p3-n2-beta1,160,0.01,6,0.19875,1.009794435917782,1.0080787451561404
hm-m2-g2-L5p3-n2-beta1__N0160__Aplus_0p01,hm-m2-g2-L5p3-n2-beta1__N0160__Aminus_0p01,hm-m2-g2-L5p3-n2-beta1,160,0.01,7,0.231875,1.0096900045922612,1.0079944296878425
hm-m2-g2-L5p3-n2-beta1__N0160__Aplus_0p01,hm-m2-g2-L5p3-n2-beta1__N0160__Aminus_0p01,hm-m2-g2-L5p3-n2-beta1,160,0.01,8,0.265,1.009570012124172,1.0078975181854815
hm-m2-g2-L5p3-n2-beta1__N0160__Aplus_0p01,hm-m2-g2-L5p3-n2-beta1__N0160__Aminus_0p01,hm-m2-g2-L5p3-n2-beta1,160,0.01,9,0.29812500000000003,1.0094346725914456,1.0077881701744615
hm-m2-g2-L5p3-n2-beta1__N0160__Aplus_0p01,hm-m2-g2-L5p3-n2-beta1__N0160__Aminus_0p01,hm-m2-g2-L5p3-n2-beta1,160,0.01,10,0.33125000000000004,1.0092842270046658,1.0076665655000634
hm-m2-g2-L5p3-n2-beta1__N0160__Aplus_0p01,hm-m2-g2-L5p3-n2-beta1__N0160__Aminus_0p01,hm-m2-g2-L5p3-n2-beta1,160,0.01,11,0.364375,1.0091189427180478,1.007532903977293
hm-m2-g2-L5p3-n2-beta1__N0160__Aplus_0p01,hm-m2-g2-L5p3-n2-beta1__N0160__Aminus_0p01,hm-m2-g2-L5p3-n2-beta1,160,0.01,12,0.3975,1.0089391127798235,1.0073874050031006
hm-m2-g2-L5p3-n2-beta1__N0160__Aplus_0p01,hm-m2-g2-L5p3-n2-beta1__N0160__Aminus_0p01,hm-m2-g2-L5p3-n2-beta1,160,0.01,13,0.43062500000000004,1.008745055224784,1.0072303071321205
hm-m2-g2-L5p3-n2-beta1__N0160__Aplus_0p01,hm-m2-g2-L5p3-n2-beta1__N0160__Aminus_0p01,hm-m2-g2-L5p3-n2-beta1,160,0.01,14,0.46375,1.0085371123119442,1.0070618676171648
hm-m2-g2-L5p3-n2-beta1__N0160__Aplus_0p01,hm-m2-g2-L5p3-n2-beta1__N0160__Aminus_0p01,hm-m2-g2-L5p3-n2-beta1,160,0.01,15,0.496875,1.0083156497104848,1.0068823619158125
hm-m2-g2-L5p3-n2-beta1__N0160__Aplus_0p01,hm-m2-g2-L5p3-n2-beta1__N0160__Aminus_0p01,hm-m2-g2-L5p3-n2-beta1,160,0.01,16,0.53,1.0080810556373023,1.0066920831645045
hm-m2-g2-L5p3-n2-beta1__N0160__Aplus_0p01,hm-m2-g2-L5p3-n2-beta1__N0160__Aminus_0p01,hm-m2-g2-L5p3-n2-beta1,160,0.01,17,0.563125,1.0078337399496413,1.0064913416216412
hm-m2-g2-L5p3-n2-beta1__N0160__Aplus_0p01,hm-m2-g2-L5p3-n2-beta1__N0160__Aminus_0p01,hm-m2-g2-L5p3-n2-beta1,160,0.01,18,0.5962500000000001,1.0075741331964128,1.0062804640812475
hm-m2-g2-L5p3-n2-beta1__N0160__Aplus_0p01,hm-m2-g2-L5p3-n2-beta1__N0160__Aminus_0p01,hm-m2-g2-L5p3-n2-beta1,160,0.01,19,0.629375,1.0073026856319003,1.0060597932588289
hm-m2-g2-L5p3-n2-beta1__N0160__Aplus_0p01,hm-m2-g2-L5p3-n2-beta1__N0160__Aminus_0p01,hm-m2-g2-L5p3-n2-beta1,160,0.01,20,0.6625000000000001,1.0070198661956362,1.0058296871511028
hm-m2-g2-L5p3-n2-beta1__N0160__Aplus_0p01,hm-m2-g2-L5p3-n2-beta1__N0160__Aminus_0p01,hm-m2-g2-L5p3-n2-beta1,160,0.01,21,0.695625,1.0067261614622829,1.005590518371327
hm-m2-g2-L5p3-n2-beta1__N0160__Aplus_0p01,hm-m2-g2-L5p3-n2-beta1__N0160__Aminus_0p01,hm-m2-g2-L5p3-n2-beta1,160,0.01,22,0.72875,1.0064220745653845,1.0053426734619983
hm-m2-g2-L5p3-n2-beta1__N0160__Aplus_0p01,hm-m2-g2-L5p3-n2-beta1__N0160__Aminus_0p01,hm-m2-g2-L5p3-n2-beta1,160,0.01,23,0.7618750000000001,1.0061081240988636,1.0050865521867098
hm-m2-g2-L5p3-n2-beta1__N0160__Aplus_0p01,hm-m2-g2-L5p3-n2-beta1__N0160__Aminus_0p01,hm-m2-g2-L5p3-n2-beta1,160,0.01,24,0.795,1.0057848430001195,1.0048225668029906
hm-m2-g2-L5p3-n2-beta1__N0160__Aplus_0p01,hm-m2-g2-L5p3-n2-beta1__N0160__Aminus_0p01,hm-m2-g2-L5p3-n2-beta1,160,0.01,25,0.828125,1.0054527774185509,1.004551141317963
hm-m2-g2-L5p3-n2-beta1__N0160__Aplus_0p01,hm-m2-g2-L5p3-n2-beta1__N0160__Aminus_0p01,hm-m2-g2-L5p3-n2-beta1,160,0.01,26,0.8612500000000001,1.0051124855732683,1.0042727107286546
hm-m2-g2-L5p3-n2-beta1__N0160__Aplus_0p01,hm-m2-g2-L5p3-n2-beta1__N0160__Aminus_0p01,hm-m2-g2-L5p3-n2-beta1,160,0.01,27,0.894375,1.0047645366036826,1.0039877202488088
hm-m2-g2-L5p3-n2-beta1__N0160__Aplus_0p01,hm-m2-g2-L5p3-n2-beta1__N0160__Aminus_0p01,hm-m2-g2-L5p3-n2-beta1,160,0.01,28,0.9275,1.0044095094165626,1.003696624524028
hm-m2-g2-L5p3-n2-beta1__N0160__Aplus_0p01,hm-m2-g2-L5p3-n2-beta1__N0160__Aminus_0p01,hm-m2-g2-L5p3-n2-beta1,160,0.01,29,0.9606250000000001,1.0040479915330434,1.00339988683707
hm-m2-g2-L5p3-n2-beta1__N0160__Aplus_0p01,hm-m2-g2-L5p3-n2-beta1__N0160__Aminus_0p01,hm-m2-g2-L5p3-n2-beta1,160,0.01,30,0.99375,1.003680577938937,1.003097978305095
hm-m2-g2-L5p3-n2-beta1__N0160__Aplus_0p01,hm-m2-g2-L5p3-n2-beta1__N0160__Aminus_0p01,hm-m2-g2-L5p3-n2-beta1,160,0.01,31,1.026875,1.0033078699415574,1.0027913770706383
hm-m2-g2-L5p3-n2-beta1__N0160__Aplus_0p01,hm-m2-g2-L5p3-n2-beta1__N0160__Aminus_0p01,hm-m2-g2-L5p3-n2-beta1,160,0.01,32,1.06,1.0029304740361162,1.0024805674880453
hm-m2-g2-L5p3-n2-beta1__N0160__Aplus_0p01,hm-m2-g2-L5p3-n2-beta1__N0160__Aminus_0p01,hm-m2-g2-L5p3-n2-beta1,160,0.01,33,1.0931250000000001,1.002549000784583,1.0021660393070737
hm-m2-g2-L5p3-n2-beta1__N0160__Aplus_0p01,hm-m2-g2-L5p3-n2-beta1__N0160__Aminus_0p01,hm-m2-g2-L5p3-n2-beta1,160,0.01,34,1.12625,1.0021640637097244,1.001848286855319
hm-m2-g2-L5p3-n2-beta1__N0160__Aplus_0p01,hm-m2-g2-L5p3-n2-beta1__N0160__Aminus_0p01,hm-m2-g2-L5p3-n2-beta1,160,0.01,35,1.159375,1.0017762782068622,1.0015278082210743
hm-m2-g2-L5p3-n2-beta1__N0160__Aplus_0p01,hm-m2-g2-L5p3-n2-beta1__N0160__Aminus_0p01,hm-m2-g2-L5p3-n2-beta1,160,0.01,36,1.1925000000000001,1.0013862604756918,1.0012051044381853
hm-m2-g2-L5p3-n2-beta1__N0160__Aplus_0p01,hm-m2-g2-L5p3-n2-beta1__N0160__Aminus_0p01,hm-m2-g2-L5p3-n2-beta1,160,0.01,37,1.225625,1.0009946264743228,1.000880678674401
hm-m2-g2-L5p3-n2-beta1__N0160__Aplus_0p01,hm-m2-g2-L5p3-n2-beta1__N0160__Aminus_0p01,hm-m2-g2-L5p3-n2-beta1,160,0.01,38,1.25875,1.0006019908974952,1.0005550354246675
hm-m2-g2-L5p3-n2-beta1__N0160__Aplus_0p01,hm-m2-g2-L5p3-n2-beta1__N0160__Aminus_0p01,hm-m2-g2-L5p3-n2-beta1,160,0.01,39,1.291875,1.0002089661807372,1.0002286797107478
hm-m2-g2-L5p3-n2-beta1__N0160__Aplus_0p01,hm-m2-g2-L5p3-n2-beta1__N0160__Aminus_0p01,hm-m2-g2-L5p3-n2-beta1,160,0.01,40,1.3250000000000002,0.9998161615320268,0.9999021162884861
hm-m2-g2-L5p3-n2-beta1__N0160__Aplus_0p01,hm-m2-g2-L5p3-n2-beta1__N0160__Aminus_0p01,hm-m2-g2-L5p3-n2-beta1,160,0.01,41,1.358125,0.999424181992329,0.9995758488639715
hm-m2-g2-L5p3-n2-beta1__N0160__Aplus_0p01,hm-m2-g2-L5p3-n2-beta1__N0160__Aminus_0p01,hm-m2-g2-L5p3-n2-beta1,160,0.01,42,1.39125,0.9990336275261819,0.999250379319791
hm-m2-g2-L5p3-n2-beta1__N0160__Aplus_0p01,hm-m2-g2-L5p3-n2-beta1__N0160__Aminus_0p01,hm-m2-g2-L5p3-n2-beta1,160,0.01,43,1.4243750000000002,0.9986450921433201,0.9989262069524895
hm-m2-g2-L5p3-n2-beta1__N0160__Aplus_0p01,hm-m2-g2-L5p3-n2-beta1__N0160__Aminus_0p01,hm-m2-g2-L5p3-n2-beta1,160,0.01,44,1.4575,0.9982591630521341,0.9986038277222877
hm-m2-g2-L5p3-n2-beta1__N0160__Aplus_0p01,hm-m2-g2-L5p3-n2-beta1__N0160__Aminus_0p01,hm-m2-g2-L5p3-n2-beta1,160,0.01,45,1.490625,0.9978764198455902,0.9982837335160444
hm-m2-g2-L5p3-n2-beta1__N0160__Aplus_0p01,hm-m2-g2-L5p3-n2-beta1__N0160__Aminus_0p01,hm-m2-g2-L5p3-n2-beta1,160,0.01,46,1.5237500000000002,0.9974974337200573,0.9979664114243745
hm-m2-g2-L5p3-n2-beta1__N0160__Aplus_0p01,hm-m2-g2-L5p3-n2-beta1__N0160__Aminus_0p01,hm-m2-g2-L5p3-n2-beta1,160,0.01,47,1.556875,0.9971227667273289,0.9976523430337747
hm-m2-g2-L5p3-n2-beta1__N0160__Aplus_0p01,hm-m2-g2-L5p3-n2-beta1__N0160__Aminus_0p01,hm-m2-g2-L5p3-n2-beta1,160,0.01,48,1.59,0.9967529710599636,0.997342003734535
hm-m2-g2-L5p3-n2-beta1__N0160__Aplus_0p01,hm-m2-g2-L5p3-n2-beta1__N0160__Aminus_0p01,hm-m2-g2-L5p3-n2-beta1,160,0.01,49,1.6231250000000002,0.9963885883699255,0.9970358620451526
hm-m2-g2-L5p3-n2-beta1__N0160__Aplus_0p01,hm-m2-g2-L5p3-n2-beta1__N0160__Aminus_0p01,hm-m2-g2-L5p3-n2-beta1,160,0.01,50,1.65625,0.9960301491203638,0.9967343789539024
hm-m2-g2-L5p3-n2-beta1__N0160__Aplus_0p01,hm-m2-g2-L5p3-n2-beta1__N0160__Aminus_0p01,hm-m2-g2-L5p3-n2-beta1,160,0.01,51,1.689375,0.995678171970242,0.9964380072781525
hm-m2-g2-L5p3-n2-beta1__N0160__Aplus_0p01,hm-m2-g2-L5p3-n2-beta1__N0160__Aminus_0p01,hm-m2-g2-L5p3-n2-beta1,160,0.01,52,1.7225000000000001,0.995333163191407,0.9961471910419565
hm-m2-g2-L5p3-n2-beta1__N0160__Aplus_0p01,hm-m2-g2-L5p3-n2-beta1__N0160__Aminus_0p01,hm-m2-g2-L5p3-n2-beta1,160,0.01,53,1.755625,0.9949956161175799,0.9958623648723969
hm-m2-g2-L5p3-n2-beta1__N0160__Aplus_0p01,hm-m2-g2-L5p3-n2-beta1__N0160__Aminus_0p01,hm-m2-g2-L5p3-n2-beta1,160,0.01,54,1.78875,0.9946660106246504,0.9955839534150952
hm-m2-g2-L5p3-n2-beta1__N0160__Aplus_0p01,hm-m2-g2-L5p3-n2-beta1__N0160__Aminus_0p01,hm-m2-g2-L5p3-n2-beta1,160,0.01,55,1.8218750000000001,0.994344812641567,0.9953123707692587
hm-m2-g2-L5p3-n2-beta1__N0160__Aplus_0p01,hm-m2-g2-L5p3-n2-beta1__N0160__Aminus_0p01,hm-m2-g2-L5p3-n2-beta1,160,0.01,56,1.855,0.9940324736910399,0.995048019942577
hm-m2-g2-L5p3-n2-beta1__N0160__Aplus_0p01,hm-m2-g2-L5p3-n2-beta1__N0160__Aminus_0p01,hm-m2-g2-L5p3-n2-beta1,160,0.01,57,1.888125,0.9937294304591991,0.9947912923262404
hm-m2-g2-L5p3-n2-beta1__N0160__Aplus_0p01,hm-m2-g2-L5p3-n2-beta1__N0160__Aminus_0p01,hm-m2-g2-L5p3-n2-beta1,160,0.01,58,1.9212500000000001,0.993436104393301,0.9945425671903044
hm-m2-g2-L5p3-n2-beta1__N0160__Aplus_0p01,hm-m2-g2-L5p3-n2-beta1__N0160__Aminus_0p01,hm-m2-g2-L5p3-n2-beta1,160,0.01,59,1.9543750000000002,0.9931529013265177,0.994302211199588
hm-m2-g2-L5p3-n2-beta1__N0160__Aplus_0p01,hm-m2-g2-L5p3-n2-beta1__N0160__Aminus_0p01,hm-m2-g2-L5p3-n2-beta1,160,0.01,60,1.9875,0.9928802111288163,0.9940705779502518
hm-m2-g2-L5p3-n2-beta1__N0160__Aplus_0p01,hm-m2-g2-L5p3-n2-beta1__N0160__Aminus_0p01,hm-m2-g2-L5p3-n2-beta1,160,0.01,61,2.020625,0.9926184073828974,0.9938480075271717
hm-m2-g2-L5p3-n2-beta1__N0160__Aplus_0p01,hm-m2-g2-L5p3-n2-beta1__N0160__Aminus_0p01,hm-m2-g2-L5p3-n2-beta1,160,0.01,62,2.05375,0.9923678470841473,0.9936348260821888
hm-m2-g2-L5p3-n2-beta1__N0160__Aplus_0p01,hm-m2-g2-L5p3-n2-beta1__N0160__Aminus_0p01,hm-m2-g2-L5p3-n2-beta1,160,0.01,63,2.086875,0.9921288703635458,0.9934313454332899
hm-m2-g2-L5p3-n2-beta1__N0160__Aplus_0p01,hm-m2-g2-L5p3-n2-beta1__N0160__Aminus_0p01,hm-m2-g2-L5p3-n2-beta1,160,0.01,64,2.12,0.9919018002324712,0.9932378626847497
hm-m2-g2-L5p3-n2-beta1__N0160__Aplus_0p01,hm-m2-g2-L5p3-n2-beta1__N0160__Aminus_0p01,hm-m2-g2-L5p3-n2-beta1,160,0.01,65,2.153125,0.9916869423483461,0.9930546598682397
hm-m2-g2-L5p3-n2-beta1__N0160__Aplus_0p01,hm-m2-g2-L5p3-n2-beta1__N0160__Aminus_0p01,hm-m2-g2-L5p3-n2-beta1,160,0.01,66,2.1862500000000002,0.9914845848000851,0.9928820036048929
hm-m2-g2-L5p3-n2-beta1__N0160__Aplus_0p01,hm-m2-g2-L5p3-n2-beta1__N0160__Aminus_0p01,hm-m2-g2-L5p3-n2-beta1,160,0.01,67,2.2193750000000003,0.991294997912324,0.9927201447882955
hm-m2-g2-L5p3-n2-beta1__N0160__Aplus_0p01,hm-m2-g2-L5p3-n2-beta1__N0160__Aminus_0p01,hm-m2-g2-L5p3-n2-beta1,160,0.01,68,2.2525,0.9911184340674399,0.9925693182883677
hm-m2-g2-L5p3-n2-beta1__N0160__Aplus_0p01,hm-m2-g2-L5p3-n2-beta1__N0160__Aminus_0p01,hm-m2-g2-L5p3-n2-beta1,160,0.01,69,2.285625,0.9909551275444023,0.9924297426760739
hm-m2-g2-L5p3-n2-beta1__N0160__Aplus_0p01,hm-m2-g2-L5p3-n2-beta1__N0160__Aminus_0p01,hm-m2-g2-L5p3-n2-beta1,160,0.01,70,2.31875,0.9908052943735394,0.9923016199689109
hm-m2-g2-L5p3-n2-beta1__N0160__Aplus_0p01,hm-m2-g2-L5p3-n2-beta1__N0160__Aminus_0p01,hm-m2-g2-L5p3-n2-beta1,160,0.01,71,2.351875,0.9906691322063484,0.9921851353971016
hm-m2-g2-L5p3-n2-beta1__N0160__Aplus_0p01,hm-m2-g2-L5p3-n2-beta1__N0160__Aminus_0p01,hm-m2-g2-L5p3-n2-beta1,160,0.01,72,2.3850000000000002,0.9905468201995287,0.9920804571904277
hm-m2-g2-L5p3-n2-beta1__N0160__Aplus_0p01,hm-m2-g2-L5p3-n2-beta1__N0160__Aminus_0p01,hm-m2-g2-L5p3-n2-beta1,160,0.01,73,2.4181250000000003,0.9904385189124714,0.991987736385629
hm-m2-g2-L5p3-n2-beta1__N0160__Aplus_0p01,hm-m2-g2-L5p3-n2-beta1__N0160__Aminus_0p01,hm-m2-g2-L5p3-n2-beta1,160,0.01,74,2.45125,0.9903443702175051,0.9919071066542997
hm-m2-g2-L5p3-n2-beta1__N0160__Aplus_0p01,hm-m2-g2-L5p3-n2-beta1__N0160__Aminus_0p01,hm-m2-g2-L5p3-n2-beta1,160,0.01,75,2.484375,0.9902644972222523,0.9918386841512151
hm-m2-g2-L5p3-n2-beta1__N0160__Aplus_0p01,hm-m2-g2-L5p3-n2-beta1__N0160__Aminus_0p01,hm-m2-g2-L5p3-n2-beta1,160,0.01,76,2.5175,0.9901990042035262,0.9917825673830234
hm-m2-g2-L5p3-n2-beta1__N0160__Aplus_0p01,hm-m2-g2-L5p3-n2-beta1__N0160__Aminus_0p01,hm-m2-g2-L5p3-n2-beta1,160,0.01,77,2.550625,0.9901479765522632,0.9917388370972439
hm-m2-g2-L5p3-n2-beta1__N0160__Aplus_0p01,hm-m2-g2-L5p3-n2-beta1__N0160__Aminus_0p01,hm-m2-g2-L5p3-n2-beta1,160,0.01,78,2.58375,0.990111480729062,0.9917075561915224
hm-m2-g2-L5p3-n2-beta1__N0160__Aplus_0p01,hm-m2-g2-L5p3-n2-beta1__N0160__Aminus_0p01,hm-m2-g2-L5p3-n2-beta1,160,0.01,79,2.6168750000000003,0.9900895642299744,0.991688769643099
hm-m2-g2-L5p3-n2-beta1__N0160__Aplus_0p01,hm-m2-g2-L5p3-n2-beta1__N0160__Aminus_0p01,hm-m2-g2-L5p3-n2-beta1,160,0.01,80,2.6500000000000004,0.99008225556227,0.9916825044584524
hm-m2-g2-L5p3-n2-beta1__N0160__Aplus_0p01,hm-m2-g2-L5p3-n2-beta1__N0160__Aminus_0p01,hm-m2-g2-L5p3-n2-beta1,160,0.01,81,2.683125,0.9900895642299743,0.9916887696430976
hm-m2-g2-L5p3-n2-beta1__N0160__Aplus_0p01,hm-m2-g2-L5p3-n2-beta1__N0160__Aminus_0p01,hm-m2-g2-L5p3-n2-beta1,160,0.01,82,2.71625,0.9901114807290615,0.9917075561915196
hm-m2-g2-L5p3-n2-beta1__N0160__Aplus_0p01,hm-m2-g2-L5p3-n2-beta1__N0160__Aminus_0p01,hm-m2-g2-L5p3-n2-beta1,160,0.01,83,2.749375,0.9901479765522626,0.9917388370972398
hm-m2-g2-L5p3-n2-beta1__N0160__Aplus_0p01,hm-m2-g2-L5p3-n2-beta1__N0160__Aminus_0p01,hm-m2-g2-L5p3-n2-beta1,160,0.01,84,2.7825,0.9901990042035255,0.9917825673830182
hm-m2-g2-L5p3-n2-beta1__N0160__Aplus_0p01,hm-m2-g2-L5p3-n2-beta1__N0160__Aminus_0p01,hm-m2-g2-L5p3-n2-beta1,160,0.01,85,2.8156250000000003,0.9902644972222514,0.9918386841512089
hm-m2-g2-L5p3-n2-beta1__N0160__Aplus_0p01,hm-m2-g2-L5p3-n2-beta1__N0160__Aminus_0p01,hm-m2-g2-L5p3-n2-beta1,160,0.01,86,2.8487500000000003,0.9903443702175039,0.9919071066542924
hm-m2-g2-L5p3-n2-beta1__N0160__Aplus_0p01,hm-m2-g2-L5p3-n2-beta1__N0160__Aminus_0p01,hm-m2-g2-L5p3-n2-beta1,160,0.01,87,2.881875,0.99043851891247,0.9919877363856207
hm-m2-g2-L5p3-n2-beta1__N0160__Aplus_0p01,hm-m2-g2-L5p3-n2-beta1__N0160__Aminus_0p01,hm-m2-g2-L5p3-n2-beta1,160,0.01,88,2.915,0.9905468201995271,0.9920804571904184
hm-m2-g2-L5p3-n2-beta1__N0160__Aplus_0p01,hm-m2-g2-L5p3-n2-beta1__N0160__Aminus_0p01,hm-m2-g2-L5p3-n2-beta1,160,0.01,89,2.948125,0.9906691322063467,0.9921851353970912
hm-m2-g2-L5p3-n2-beta1__N0160__Aplus_0p01,hm-m2-g2-L5p3-n2-beta1__N0160__Aminus_0p01,hm-m2-g2-L5p3-n2-beta1,160,0.01,90,2.98125,0.9908052943735373,0.9923016199688993
hm-m2-g2-L5p3-n2-beta1__N0160__Aplus_0p01,hm-m2-g2-L5p3-n2-beta1__N0160__Aminus_0p01,hm-m2-g2-L5p3-n2-beta1,160,0.01,91,3.0143750000000002,0.9909551275443998,0.9924297426760612
hm-m2-g2-L5p3-n2-beta1__N0160__Aplus_0p01,hm-m2-g2-L5p3-n2-beta1__N0160__Aminus_0p01,hm-m2-g2-L5p3-n2-beta1,160,0.01,92,3.0475000000000003,0.9911184340674373,0.9925693182883542
hm-m2-g2-L5p3-n2-beta1__N0160__Aplus_0p01,hm-m2-g2-L5p3-n2-beta1__N0160__Aminus_0p01,hm-m2-g2-L5p3-n2-beta1,160,0.01,93,3.080625,0.991294997912321,0.9927201447882812
hm-m2-g2-L5p3-n2-beta1__N0160__Aplus_0p01,hm-m2-g2-L5p3-n2-beta1__N0160__Aminus_0p01,hm-m2-g2-L5p3-n2-beta1,160,0.01,94,3.11375,0.9914845848000817,0.9928820036048777
hm-m2-g2-L5p3-n2-beta1__N0160__Aplus_0p01,hm-m2-g2-L5p3-n2-beta1__N0160__Aminus_0p01,hm-m2-g2-L5p3-n2-beta1,160,0.01,95,3.146875,0.9916869423483424,0.9930546598682238
hm-m2-g2-L5p3-n2-beta1__N0160__Aplus_0p01,hm-m2-g2-L5p3-n2-beta1__N0160__Aminus_0p01,hm-m2-g2-L5p3-n2-beta1,160,0.01,96,3.18,0.9919018002324672,0.9932378626847328
hm-m2-g2-L5p3-n2-beta1__N0160__Aplus_0p01,hm-m2-g2-L5p3-n2-beta1__N0160__Aminus_0p01,hm-m2-g2-L5p3-n2-beta1,160,0.01,97,3.2131250000000002,0.9921288703635414,0.9934313454332717
hm-m2-g2-L5p3-n2-beta1__N0160__Aplus_0p01,hm-m2-g2-L5p3-n2-beta1__N0160__Aminus_0p01,hm-m2-g2-L5p3-n2-beta1,160,0.01,98,3.2462500000000003,0.9923678470841424,0.9936348260821695
hm-m2-g2-L5p3-n2-beta1__N0160__Aplus_0p01,hm-m2-g2-L5p3-n2-beta1__N0160__Aminus_0p01,hm-m2-g2-L5p3-n2-beta1,160,0.01,99,3.2793750000000004,0.9926184073828922,0.9938480075271513
hm-m2-g2-L5p3-n2-beta1__N0160__Aplus_0p01,hm-m2-g2-L5p3-n2-beta1__N0160__Aminus_0p01,hm-m2-g2-L5p3-n2-beta1,160,0.01,100,3.3125,0.9928802111288105,0.9940705779502301
hm-m2-g2-L5p3-n2-beta1__N0160__Aplus_0p01,hm-m2-g2-L5p3-n2-beta1__N0160__Aminus_0p01,hm-m2-g2-L5p3-n2-beta1,160,0.01,101,3.345625,0.9931529013265115,0.9943022111995652
hm-m2-g2-L5p3-n2-beta1__N0160__Aplus_0p01,hm-m2-g2-L5p3-n2-beta1__N0160__Aminus_0p01,hm-m2-g2-L5p3-n2-beta1,160,0.01,102,3.37875,0.9934361043932942,0.9945425671902804
hm-m2-g2-L5p3-n2-beta1__N0160__Aplus_0p01,hm-m2-g2-L5p3-n2-beta1__N0160__Aminus_0p01,hm-m2-g2-L5p3-n2-beta1,160,0.01,103,3.411875,0.9937294304591918,0.994791292326215
hm-m2-g2-L5p3-n2-beta1__N0160__Aplus_0p01,hm-m2-g2-L5p3-n2-beta1__N0160__Aminus_0p01,hm-m2-g2-L5p3-n2-beta1,160,0.01,104,3.4450000000000003,0.9940324736910319,0.9950480199425501
hm-m2-g2-L5p3-n2-beta1__N0160__Aplus_0p01,hm-m2-g2-L5p3-n2-beta1__N0160__Aminus_0p01,hm-m2-g2-L5p3-n2-beta1,160,0.01,105,3.4781250000000004,0.9943448126415585,0.9953123707692303
hm-m2-g2-L5p3-n2-beta1__N0160__Aplus_0p01,hm-m2-g2-L5p3-n2-beta1__N0160__Aminus_0p01,hm-m2-g2-L5p3-n2-beta1,160,0.01,106,3.51125,0.9946660106246411,0.9955839534150654
hm-m2-g2-L5p3-n2-beta1__N0160__Aplus_0p01,hm-m2-g2-L5p3-n2-beta1__N0160__Aminus_0p01,hm-m2-g2-L5p3-n2-beta1,160,0.01,107,3.544375,0.9949956161175699,0.9958623648723659
hm-m2-g2-L5p3-n2-beta1__N0160__Aplus_0p01,hm-m2-g2-L5p3-n2-beta1__N0160__Aminus_0p01,hm-m2-g2-L5p3-n2-beta1,160,0.01,108,3.5775,0.9953331631913963,0.9961471910419244
hm-m2-g2-L5p3-n2-beta1__N0160__Aplus_0p01,hm-m2-g2-L5p3-n2-beta1__N0160__Aminus_0p01,hm-m2-g2-L5p3-n2-beta1,160,0.01,109,3.610625,0.9956781719702305,0.9964380072781193
hm-m2-g2-L5p3-n2-beta1__N0160__Aplus_0p01,hm-m2-g2-L5p3-n2-beta1__N0160__Aminus_0p01,hm-m2-g2-L5p3-n2-beta1,160,0.01,110,3.6437500000000003,0.9960301491203515,0.9967343789538681
hm-m2-g2-L5p3-n2-beta1__N0160__Aplus_0p01,hm-m2-g2-L5p3-n2-beta1__N0160__Aminus_0p01,hm-m2-g2-L5p3-n2-beta1,160,0.01,111,3.6768750000000003,0.9963885883699123,0.9970358620451173
hm-m2-g2-L5p3-n2-beta1__N0160__Aplus_0p01,hm-m2-g2-L5p3-n2-beta1__N0160__Aminus_0p01,hm-m2-g2-L5p3-n2-beta1,160,0.01,112,3.71,0.9967529710599495,0.9973420037344989
hm-m2-g2-L5p3-n2-beta1__N0160__Aplus_0p01,hm-m2-g2-L5p3-n2-beta1__N0160__Aminus_0p01,hm-m2-g2-L5p3-n2-beta1,160,0.01,113,3.743125,0.9971227667273139,0.9976523430337378
hm-m2-g2-L5p3-n2-beta1__N0160__Aplus_0p01,hm-m2-g2-L5p3-n2-beta1__N0160__Aminus_0p01,hm-m2-g2-L5p3-n2-beta1,160,0.01,114,3.77625,0.9974974337200413,0.997966411424337
hm-m2-g2-L5p3-n2-beta1__N0160__Aplus_0p01,hm-m2-g2-L5p3-n2-beta1__N0160__Aminus_0p01,hm-m2-g2-L5p3-n2-beta1,160,0.01,115,3.809375,0.9978764198455732,0.9982837335160062
hm-m2-g2-L5p3-n2-beta1__N0160__Aplus_0p01,hm-m2-g2-L5p3-n2-beta1__N0160__Aminus_0p01,hm-m2-g2-L5p3-n2-beta1,160,0.01,116,3.8425000000000002,0.9982591630521161,0.9986038277222488
hm-m2-g2-L5p3-n2-beta1__N0160__Aplus_0p01,hm-m2-g2-L5p3-n2-beta1__N0160__Aminus_0p01,hm-m2-g2-L5p3-n2-beta1,160,0.01,117,3.8756250000000003,0.998645092143301,0.9989262069524496
hm-m2-g2-L5p3-n2-beta1__N0160__Aplus_0p01,hm-m2-g2-L5p3-n2-beta1__N0160__Aminus_0p01,hm-m2-g2-L5p3-n2-beta1,160,0.01,118,3.9087500000000004,0.9990336275261616,0.99925037931975
hm-m2-g2-L5p3-n2-beta1__N0160__Aplus_0p01,hm-m2-g2-L5p3-n2-beta1__N0160__Aminus_0p01,hm-m2-g2-L5p3-n2-beta1,160,0.01,119,3.941875,0.9994241819923076,0.9995758488639295
hm-m2-g2-L5p3-n2-beta1__N0160__Aplus_0p01,hm-m2-g2-L5p3-n2-beta1__N0160__Aminus_0p01,hm-m2-g2-L5p3-n2-beta1,160,0.01,120,3.975,0.9998161615320044,0.9999021162884429
hm-m2-g2-L5p3-n2-beta1__N0160__Aplus_0p01,hm-m2-g2-L5p3-n2-beta1__N0160__Aminus_0p01,hm-m2-g2-L5p3-n2-beta1,160,0.01,121,4.008125000000001,1.0002089661807136,1.0002286797107036
hm-m2-g2-L5p3-n2-beta1__N0160__Aplus_0p01,hm-m2-g2-L5p3-n2-beta1__N0160__Aminus_0p01,hm-m2-g2-L5p3-n2-beta1,160,0.01,122,4.04125,1.0006019908974704,1.000555035424622
hm-m2-g2-L5p3-n2-beta1__N0160__Aplus_0p01,hm-m2-g2-L5p3-n2-beta1__N0160__Aminus_0p01,hm-m2-g2-L5p3-n2-beta1,160,0.01,123,4.074375,1.0009946264742968,1.0008806786743543
hm-m2-g2-L5p3-n2-beta1__N0160__Aplus_0p01,hm-m2-g2-L5p3-n2-beta1__N0160__Aminus_0p01,hm-m2-g2-L5p3-n2-beta1,160,0.01,124,4.1075,1.0013862604756647,1.0012051044381376
hm-m2-g2-L5p3-n2-beta1__N0160__Aplus_0p01,hm-m2-g2-L5p3-n2-beta1__N0160__Aminus_0p01,hm-m2-g2-L5p3-n2-beta1,160,0.01,125,4.140625,1.0017762782068338,1.0015278082210257
hm-m2-g2-L5p3-n2-beta1__N0160__Aplus_0p01,hm-m2-g2-L5p3-n2-beta1__N0160__Aminus_0p01,hm-m2-g2-L5p3-n2-beta1,160,0.01,126,4.17375,1.0021640637096947,1.0018482868552694
hm-m2-g2-L5p3-n2-beta1__N0160__Aplus_0p01,hm-m2-g2-L5p3-n2-beta1__N0160__Aminus_0p01,hm-m2-g2-L5p3-n2-beta1,160,0.01,127,4.206875,1.002549000784552,1.002166039307023
hm-m2-g2-L5p3-n2-beta1__N0160__Aplus_0p01,hm-m2-g2-L5p3-n2-beta1__N0160__Aminus_0p01,hm-m2-g2-L5p3-n2-beta1,160,0.01,128,4.24,1.0029304740360838,1.0024805674879935
hm-m2-g2-L5p3-n2-beta1__N0160__Aplus_0p01,hm-m2-g2-L5p3-n2-beta1__N0160__Aminus_0p01,hm-m2-g2-L5p3-n2-beta1,160,0.01,129,4.273125,1.0033078699415239,1.0027913770705856
hm-m2-g2-L5p3-n2-beta1__N0160__Aplus_0p01,hm-m2-g2-L5p3-n2-beta1__N0160__Aminus_0p01,hm-m2-g2-L5p3-n2-beta1,160,0.01,130,4.30625,1.0036805779389022,1.0030979783050415
hm-m2-g2-L5p3-n2-beta1__N0160__Aplus_0p01,hm-m2-g2-L5p3-n2-beta1__N0160__Aminus_0p01,hm-m2-g2-L5p3-n2-beta1,160,0.01,131,4.339375,1.0040479915330072,1.0033998868370155
hm-m2-g2-L5p3-n2-beta1__N0160__Aplus_0p01,hm-m2-g2-L5p3-n2-beta1__N0160__Aminus_0p01,hm-m2-g2-L5p3-n2-beta1,160,0.01,132,4.3725000000000005,1.004409509416525,1.003696624523973
hm-m2-g2-L5p3-n2-beta1__N0160__Aplus_0p01,hm-m2-g2-L5p3-n2-beta1__N0160__Aminus_0p01,hm-m2-g2-L5p3-n2-beta1,160,0.01,133,4.405625000000001,1.0047645366036437,1.003987720248753
hm-m2-g2-L5p3-n2-beta1__N0160__Aplus_0p01,hm-m2-g2-L5p3-n2-beta1__N0160__Aminus_0p01,hm-m2-g2-L5p3-n2-beta1,160,0.01,134,4.438750000000001,1.005112485573228,1.0042727107285983
hm-m2-g2-L5p3-n2-beta1__N0160__Aplus_0p01,hm-m2-g2-L5p3-n2-beta1__N0160__Aminus_0p01,hm-m2-g2-L5p3-n2-beta1,160,0.01,135,4.471875,1.0054527774185096,1.004551141317906
hm-m2-g2-L5p3-n2-beta1__N0160__Aplus_0p01,hm-m2-g2-L5p3-n2-beta1__N0160__Aminus_0p01,hm-m2-g2-L5p3-n2-beta1,160,0.01,136,4.505,1.0057848430000769,1.004822566802933
hm-m2-g2-L5p3-n2-beta1__N0160__Aplus_0p01,hm-m2-g2-L5p3-n2-beta1__N0160__Aminus_0p01,hm-m2-g2-L5p3-n2-beta1,160,0.01,137,4.538125,1.00610812409882,1.0050865521866517
hm-m2-g2-L5p3-n2-beta1__N0160__Aplus_0p01,hm-m2-g2-L5p3-n2-beta1__N0160__Aminus_0p01,hm-m2-g2-L5p3-n2-beta1,160,0.01,138,4.57125,1.0064220745653394,1.0053426734619402
hm-m2-g2-L5p3-n2-beta1__N0160__Aplus_0p01,hm-m2-g2-L5p3-n2-beta1__N0160__Aminus_0p01,hm-m2-g2-L5p3-n2-beta1,160,0.01,139,4.604375,1.0067261614622365,1.0055905183712686
hm-m2-g2-L5p3-n2-beta1__N0160__Aplus_0p01,hm-m2-g2-L5p3-n2-beta1__N0160__Aminus_0p01,hm-m2-g2-L5p3-n2-beta1,160,0.01,140,4.6375,1.0070198661955887,1.005829687151044
hm-m2-g2-L5p3-n2-beta1__N0160__Aplus_0p01,hm-m2-g2-L5p3-n2-beta1__N0160__Aminus_0p01,hm-m2-g2-L5p3-n2-beta1,160,0.01,141,4.670625,1.0073026856318517,1.0060597932587698
hm-m2-g2-L5p3-n2-beta1__N0160__Aplus_0p01,hm-m2-g2-L5p3-n2-beta1__N0160__Aminus_0p01,hm-m2-g2-L5p3-n2-beta1,160,0.01,142,4.70375,1.007574133196363,1.006280464081188
hm-m2-g2-L5p3-n2-beta1__N0160__Aplus_0p01,hm-m2-g2-L5p3-n2-beta1__N0160__Aminus_0p01,hm-m2-g2-L5p3-n2-beta1,160,0.01,143,4.736875,1.0078337399495905,1.0064913416215817
hm-m2-g2-L5p3-n2-beta1__N0160__Aplus_0p01,hm-m2-g2-L5p3-n2-beta1__N0160__Aminus_0p01,hm-m2-g2-L5p3-n2-beta1,160,0.01,144,4.7700000000000005,1.0080810556372504,1.006692083164445
hm-m2-g2-L5p3-n2-beta1__N0160__Aplus_0p01,hm-m2-g2-L5p3-n2-beta1__N0160__Aminus_0p01,hm-m2-g2-L5p3-n2-beta1,160,0.01,145,4.8031250000000005,1.008315649710432,1.0068823619157532
hm-m2-g2-L5p3-n2-beta1__N0160__Aplus_0p01,hm-m2-g2-L5p3-n2-beta1__N0160__Aminus_0p01,hm-m2-g2-L5p3-n2-beta1,160,0.01,146,4.836250000000001,1.0085371123118905,1.0070618676171055
hm-m2-g2-L5p3-n2-beta1__N0160__Aplus_0p01,hm-m2-g2-L5p3-n2-beta1__N0160__Aminus_0p01,hm-m2-g2-L5p3-n2-beta1,160,0.01,147,4.869375000000001,1.0087450552247295,1.007230307132061
hm-m2-g2-L5p3-n2-beta1__N0160__Aplus_0p01,hm-m2-g2-L5p3-n2-beta1__N0160__Aminus_0p01,hm-m2-g2-L5p3-n2-beta1,160,0.01,148,4.9025,1.0089391127797682,1.007387405003041
hm-m2-g2-L5p3-n2-beta1__N0160__Aplus_0p01,hm-m2-g2-L5p3-n2-beta1__N0160__Aminus_0p01,hm-m2-g2-L5p3-n2-beta1,160,0.01,149,4.935625,1.0091189427179916,1.0075329039772327
hm-m2-g2-L5p3-n2-beta1__N0160__Aplus_0p01,hm-m2-g2-L5p3-n2-beta1__N0160__Aminus_0p01,hm-m2-g2-L5p3-n2-beta1,160,0.01,150,4.96875,1.009284227004609,1.0076665655000028
hm-m2-g2-L5p3-n2-beta1__N0160__Aplus_0p01,hm-m2-g2-L5p3-n2-beta1__N0160__Aminus_0p01,hm-m2-g2-L5p3-n2-beta1,160,0.01,151,5.001875,1.009434672591388,1.0077881701744003
hm-m2-g2-L5p3-n2-beta1__N0160__Aplus_0p01,hm-m2-g2-L5p3-n2-beta1__N0160__Aminus_0p01,hm-m2-g2-L5p3-n2-beta1,160,0.01,152,5.035,1.0095700121241138,1.00789751818542
hm-m2-g2-L5p3-n2-beta1__N0160__Aplus_0p01,hm-m2-g2-L5p3-n2-beta1__N0160__Aminus_0p01,hm-m2-g2-L5p3-n2-beta1,160,0.01,153,5.068125,1.0096900045922026,1.0079944296877807
hm-m2-g2-L5p3-n2-beta1__N0160__Aplus_0p01,hm-m2-g2-L5p3-n2-beta1__N0160__Aminus_0p01,hm-m2-g2-L5p3-n2-beta1,160,0.01,154,5.10125,1.0097944359177229,1.0080787451560784
hm-m2-g2-L5p3-n2-beta1__N0160__Aplus_0p01,hm-m2-g2-L5p3-n2-beta1__N0160__Aminus_0p01,hm-m2-g2-L5p3-n2-beta1,160,0.01,155,5.134375,1.0098831194813058,1.00815032569627
hm-m2-g2-L5p3-n2-beta1__N0160__Aplus_0p01,hm-m2-g2-L5p3-n2-beta1__N0160__Aminus_0p01,hm-m2-g2-L5p3-n2-beta1,160,0.01,156,5.1675,1.0099558965826758,1.0082090533175587
hm-m2-g2-L5p3-n2-beta1__N0160__Aplus_0p01,hm-m2-g2-L5p3-n2-beta1__N0160__Aminus_0p01,hm-m2-g2-L5p3-n2-beta1,160,0.01,157,5.2006250000000005,1.0100126368338067,1.0082548311638608
hm-m2-g2-L5p3-n2-beta1__N0160__Aplus_0p01,hm-m2-g2-L5p3-n2-beta1__N0160__Aminus_0p01,hm-m2-g2-L5p3-n2-beta1,160,0.01,158,5.233750000000001,1.0100532384829792,1.0082875837041552
hm-m2-g2-L5p3-n2-beta1__N0160__Aplus_0p01,hm-m2-g2-L5p3-n2-beta1__N0160__Aminus_0p01,hm-m2-g2-L5p3-n2-beta1,160,0.01,159,5.266875000000001,1.0100776286683257,1.00830725688114
hm-m2-g2-L5p3-n2-beta1__N0160__Aplus_0p01,hm-m2-g2-L5p3-n2-beta1__N0160__Aminus_0p01,hm-m2-g2-L5p3-n2-beta1,160,0.01,160,5.3,1.0100857635997362,1.0083138182177396
hm-m2-g2-L5p3-n2-beta1__N0160__Aplus_0p02,hm-m2-g2-L5p3-n2-beta1__N0160__Aminus_0p02,hm-m2-g2-L5p3-n2-beta1,160,0.02,0,0.0,1.0203503197619548,1.0166268827825653
hm-m2-g2-L5p3-n2-beta1__N0160__Aplus_0p02,hm-m2-g2-L5p3-n2-beta1__N0160__Aminus_0p02,hm-m2-g2-L5p3-n2-beta1,160,0.02,1,0.033125,1.0203331467294003,1.0166134479213649
hm-m2-g2-L5p3-n2-beta1__N0160__Aplus_0p02,hm-m2-g2-L5p3-n2-beta1__N0160__Aminus_0p02,hm-m2-g2-L5p3-n2-beta1,160,0.02,2,0.06625,1.020281663060473,1.0165731670495226
hm-m2-g2-L5p3-n2-beta1__N0160__Aplus_0p02,hm-m2-g2-L5p3-n2-beta1__N0160__Aminus_0p02,hm-m2-g2-L5p3-n2-beta1,160,0.02,3,0.099375,1.0201959749201264,1.0165061112451244
hm-m2-g2-L5p3-n2-beta1__N0160__Aplus_0p02,hm-m2-g2-L5p3-n2-beta1__N0160__Aminus_0p02,hm-m2-g2-L5p3-n2-beta1,160,0.02,4,0.1325,1.0200762588465588,1.0164123987812579
hm-m2-g2-L5p3-n2-beta1__N0160__Aplus_0p02,hm-m2-g2-L5p3-n2-beta1__N0160__Aminus_0p02,hm-m2-g2-L5p3-n2-beta1,160,0.02,5,0.16562500000000002,1.0199227611488597,1.0162921948412966
hm-m2-g2-L5p3-n2-beta1__N0160__Aplus_0p02,hm-m2-g2-L5p3-n2-beta1__N0160__Aminus_0p02,hm-m2-g2-L5p3-n2-beta1,160,0.02,6,0.19875,1.0197357970691614,1.0161457111220282
hm-m2-g2-L5p3-n2-beta1__N0160__Aplus_0p02,hm-m2-g2-L5p3-n2-beta1__N0160__Aminus_0p02,hm-m2-g2-L5p3-n2-beta1,160,0.02,7,0.231875,1.0195157497146698,1.0159732053263422
hm-m2-g2-L5p3-n2-beta1__N0160__Aplus_0p02,hm-m2-g2-L5p3-n2-beta1__N0160__Aminus_0p02,hm-m2-g2-L5p3-n2-beta1,160,0.02,8,0.265,1.0192630687663848,1.0157749805476564
hm-m2-g2-L5p3-n2-beta1__N0160__Aplus_0p02,hm-m2-g2-L5p3-n2-beta1__N0160__Aminus_0p02,hm-m2-g2-L5p3-n2-beta1,160,0.02,9,0.29812500000000003,1.0189782689726972,1.0155513845487147
hm-m2-g2-L5p3-n2-beta1__N0160__Aplus_0p02,hm-m2-g2-L5p3-n2-beta1__N0160__Aminus_0p02,hm-m2-g2-L5p3-n2-beta1,160,0.02,10,0.33125000000000004,1.0186619284373246,1.015302808937818
hm-m2-g2-L5p3-n2-beta1__N0160__Aplus_0p02,hm-m2-g2-L5p3-n2-beta1__N0160__Aminus_0p02,hm-m2-g2-L5p3-n2-beta1,160,0.02,11,0.364375,1.0183146867122403,1.0150296882459575
hm-m2-g2-L5p3-n2-beta1__N0160__Aplus_0p02,hm-m2-g2-L5p3-n2-beta1__N0160__Aminus_0p02,hm-m2-g2-L5p3-n2-beta1,160,0.02,12,0.3975,1.017937242707329,1.0147324989087008
hm-m2-g2-L5p3-n2-beta1__N0160__Aplus_0p02,hm-m2-g2-L5p3-n2-beta1__N0160__Aminus_0p02,hm-m2-g2-L5p3-n2-beta1,160,0.02,13,0.43062500000000004,1.0175303524294657,1.014411758157034
hm-m2-g2-L5p3-n2-beta1__N0160__Aplus_0p02,hm-m2-g2-L5p3-n2-beta1__N0160__Aminus_0p02,hm-m2-g2-L5p3-n2-beta1,160,0.02,14,0.46375,1.0170948265645554,1.0140680228216863
hm-m2-g2-L5p3-n2-beta1__N0160__Aplus_0p02,hm-m2-g2-L5p3-n2-beta1__N0160__Aminus_0p02,hm-m2-g2-L5p3-n2-beta1,160,0.02,15,0.496875,1.0166315279167781,1.0137018880557536
hm-m2-g2-L5p3-n2-beta1__N0160__Aplus_0p02,hm-m2-g2-L5p3-n2-beta1__N0160__Aminus_0p02,hm-m2-g2-L5p3-n2-beta1,160,0.02,16,0.53,1.0161413687198637,1.0133139859806894
hm-m2-g2-L5p3-n2-beta1__N0160__Aplus_0p02,hm-m2-g2-L5p3-n2-beta1__N0160__Aminus_0p02,hm-m2-g2-L5p3-n2-beta1,160,0.02,17,0.563125,1.0156253078356567,1.0129049842609619
hm-m2-g2-L5p3-n2-beta1__N0160__Aplus_0p02,hm-m2-g2-L5p3-n2-beta1__N0160__Aminus_0p02,hm-m2-g2-L5p3-n2-beta1,160,0.02,18,0.5962500000000001,1.0150843478555354,1.0124755846128475
hm-m2-g2-L5p3-n2-beta1__N0160__Aplus_0p02,hm-m2-g2-L5p3-n2-beta1__N0160__Aminus_0p02,hm-m2-g2-L5p3-n2-beta1,160,0.02,19,0.629375,1.0145195321204186,1.0120265212529933
hm-m2-g2-L5p3-n2-beta1__N0160__Aplus_0p02,hm-m2-g2-L5p3-n2-beta1__N0160__Aminus_0p02,hm-m2-g2-L5p3-n2-beta1,160,0.02,20,0.6625000000000001,1.0139319416751236,1.0115585592924827
hm-m2-g2-L5p3-n2-beta1__N0160__Aplus_0p02,hm-m2-g2-L5p3-n2-beta1__N0160__Aminus_0p02,hm-m2-g2-L5p3-n2-beta1,160,0.02,21,0.695625,1.0133226921727514,1.0110724930822197
hm-m2-g2-L5p3-n2-beta1__N0160__Aplus_0p02,hm-m2-g2-L5p3-n2-beta1__N0160__Aminus_0p02,hm-m2-g2-L5p3-n2-beta1,160,0.02,22,0.72875,1.0126929307445505,1.0105691445154876
hm-m2-g2-L5p3-n2-beta1__N0160__Aplus_0p02,hm-m2-g2-L5p3-n2-beta1__N0160__Aminus_0p02,hm-m2-g2-L5p3-n2-beta1,160,0.02,23,0.7618750000000001,1.012043832850386,1.0100493612935417
hm-m2-g2-L5p3-n2-beta1__N0160__Aplus_0p02,hm-m2-g2-L5p3-n2-beta1__N0160__Aminus_0p02,hm-m2-g2-L5p3-n2-beta1,160,0.02,24,0.795,1.0113765991244952,1.0095140151600672
hm-m2-g2-L5p3-n2-beta1__N0160__Aplus_0p02,hm-m2-g2-L5p3-n2-beta1__N0160__Aminus_0p02,hm-m2-g2-L5p3-n2-beta1,160,0.02,25,0.828125,1.010692452230676,1.0089640001102798
hm-m2-g2-L5p3-n2-beta1__N0160__Aplus_0p02,hm-m2-g2-L5p3-n2-beta1__N0160__Aminus_0p02,hm-m2-g2-L5p3-n2-beta1,160,0.02,26,0.8612500000000001,1.009992633740423,1.008400230580345
hm-m2-g2-L5p3-n2-beta1__N0160__Aplus_0p02,hm-m2-g2-L5p3-n2-beta1__N0160__Aminus_0p02,hm-m2-g2-L5p3-n2-beta1,160,0.02,27,0.894375,1.0092784010468199,1.0078236396226876
hm-m2-g2-L5p3-n2-beta1__N0160__Aplus_0p02,hm-m2-g2-L5p3-n2-beta1__N0160__Aminus_0p02,hm-m2-g2-L5p3-n2-beta1,160,0.02,28,0.9275,1.0085510243262268,1.0072351770726038
hm-m2-g2-L5p3-n2-beta1__N0160__Aplus_0p02,hm-m2-g2-L5p3-n2-beta1__N0160__Aminus_0p02,hm-m2-g2-L5p3-n2-beta1,160,0.02,29,0.9606250000000001,1.0078117835589604,1.0066358077114277
hm-m2-g2-L5p3-n2-beta1__N0160__Aplus_0p02,hm-m2-g2-L5p3-n2-beta1__N0160__Aminus_0p02,hm-m2-g2-L5p3-n2-beta1,160,0.02,30,0.99375,1.0070619656192925,1.0060265094313128
hm-m2-g2-L5p3-n2-beta1__N0160__Aplus_0p02,hm-m2-g2-L5p3-n2-beta1__N0160__Aminus_0p02,hm-m2-g2-L5p3-n2-beta1,160,0.02,31,1.026875,1.006302861444174,1.00540827140647
hm-m2-g2-L5p3-n2-beta1__N0160__Aplus_0p02,hm-m2-g2-L5p3-n2-beta1__N0160__Aminus_0p02,hm-m2-g2-L5p3-n2-beta1,160,0.02,32,1.06,1.0055357632891548,1.0047820922754855
hm-m2-g2-L5p3-n2-beta1__N0160__Aplus_0p02,hm-m2-g2-L5p3-n2-beta1__N0160__Aminus_0p02,hm-m2-g2-L5p3-n2-beta1,160,0.02,33,1.0931250000000001,1.0047619620790083,1.0041489783390913
hm-m2-g2-L5p3-n2-beta1__N0160__Aplus_0p02,hm-m2-g2-L5p3-n2-beta1__N0160__Aminus_0p02,hm-m2-g2-L5p3-n2-beta1,160,0.02,34,1.12625,1.003982744859618,1.003509941777508
hm-m2-g2-L5p3-n2-beta1__N0160__Aplus_0p02,hm-m2-g2-L5p3-n2-beta1__N0160__Aminus_0p02,hm-m2-g2-L5p3-n2-beta1,160,0.02,35,1.159375,1.0031993923567162,1.0028659988912187
hm-m2-g2-L5p3-n2-beta1__N0160__Aplus_0p02,hm-m2-g2-L5p3-n2-beta1__N0160__Aminus_0p02,hm-m2-g2-L5p3-n2-beta1,160,0.02,36,1.1925000000000001,1.0024131766461288,1.002218168368753
hm-m2-g2-L5p3-n2-beta1__N0160__Aplus_0p02,hm-m2-g2-L5p3-n2-beta1__N0160__Aminus_0p02,hm-m2-g2-L5p3-n2-beta1,160,0.02,37,1.225625,1.001625358939246,1.0015674695847865
hm-m2-g2-L5p3-n2-beta1__N0160__Aplus_0p02,hm-m2-g2-L5p3-n2-beta1__N0160__Aminus_0p02,hm-m2-g2-L5p3-n2-beta1,160,0.02,38,1.25875,1.0008371874865476,1.0009149209315817
hm-m2-g2-L5p3-n2-beta1__N0160__Aplus_0p02,hm-m2-g2-L5p3-n2-beta1__N0160__Aminus_0p02,hm-m2-g2-L5p3-n2-beta1,160,0.02,39,1.291875,1.0000498956011383,1.0002615381865085
hm-m2-g2-L5p3-n2-beta1__N0160__Aplus_0p02,hm-m2-g2-L5p3-n2-beta1__N0160__Aminus_0p02,hm-m2-g2-L5p3-n2-beta1,160,0.02,40,1.3250000000000002,0.999264699803427,0.9996083329181095
hm-m2-g2-L5p3-n2-beta1__N0160__Aplus_0p02,hm-m2-g2-L5p3-n2-beta1__N0160__Aminus_0p02,hm-m2-g2-L5p3-n2-beta1,160,0.02,41,1.358125,0.9984827980872906,0.9989563109328897
hm-m2-g2-L5p3-n2-beta1__N0160__Aplus_0p02,hm-m2-g2-L5p3-n2-beta1__N0160__Aminus_0p02,hm-m2-g2-L5p3-n2-beta1,160,0.02,42,1.39125,0.9977053683073309,0.9983064707647457
hm-m2-g2-L5p3-n2-beta1__N0160__Aplus_0p02,hm-m2-g2-L5p3-n2-beta1__N0160__Aminus_0p02,hm-m2-g2-L5p3-n2-beta1,160,0.02,43,1.4243750000000002,0.996933566686137,0.9976598022086729
hm-m2-g2-L5p3-n2-beta1__N0160__Aplus_0p02,hm-m2-g2-L5p3-n2-beta1__N0160__Aminus_0p02,hm-m2-g2-L5p3-n2-beta1,160,0.02,44,1.4575,0.9961685264398308,0.9970172849001382
hm-m2-g2-L5p3-n2-beta1__N0160__Aplus_0p02,hm-m2-g2-L5p3-n2-beta1__N0160__Aminus_0p02,hm-m2-g2-L5p3-n2-beta1,160,0.02,45,1.490625,0.9954113565195858,0.9963798869412492
hm-m2-g2-L5p3-n2-beta1__N0160__Aplus_0p02,hm-m2-g2-L5p3-n2-beta1__N0160__Aminus_0p02,hm-m2-g2-L5p3-n2-beta1,160,0.02,46,1.5237500000000002,0.9946631404662775,0.9957485635746152
hm-m2-g2-L5p3-n2-beta1__N0160__Aplus_0p02,hm-m2-g2-L5p3-n2-beta1__N0160__Aminus_0p02,hm-m2-g2-L5p3-n2-beta1,160,0.02,47,1.556875,0.9939249353749454,0.9951242559055622
hm-m2-g2-L5p3-n2-beta1__N0160__Aplus_0p02,hm-m2-g2-L5p3-n2-beta1__N0160__Aminus_0p02,hm-m2-g2-L5p3-n2-beta1,160,0.02,48,1.59,0.9931977709653255,0.994507889673148
hm-m2-g2-L5p3-n2-beta1__N0160__Aplus_0p02,hm-m2-g2-L5p3-n2-beta1__N0160__Aminus_0p02,hm-m2-g2-L5p3-n2-beta1,160,0.02,49,1.6231250000000002,0.9924826487543352,0.9939003740702183
hm-m2-g2-L5p3-n2-beta1__N0160__Aplus_0p02,hm-m2-g2-L5p3-n2-beta1__N0160__Aminus_0p02,hm-m2-g2-L5p3-n2-beta1,160,0.02,50,1.65625,0.9917805413260821,0.9933026006125505
hm-m2-g2-L5p3-n2-beta1__N0160__Aplus_0p02,hm-m2-g2-L5p3-n2-beta1__N0160__Aminus_0p02,hm-m2-g2-L5p3-n2-beta1,160,0.02,51,1.689375,0.9910923916946898,0.9927154420569578
hm-m2-g2-L5p3-n2-beta1__N0160__Aplus_0p02,hm-m2-g2-L5p3-n2-beta1__N0160__Aminus_0p02,hm-m2-g2-L5p3-n2-beta1,160,0.02,52,1.7225000000000001,0.9904191127550213,0.9921397513680555
hm-m2-g2-L5p3-n2-beta1__N0160__Aplus_0p02,hm-m2-g2-L5p3-n2-beta1__N0160__Aminus_0p02,hm-m2-g2-L5p3-n2-beta1,160,0.02,53,1.755625,0.9897615868162022,0.9915763607332444
hm-m2-g2-L5p3-n2-beta1__N0160__Aplus_0p02,hm-m2-g2-L5p3-n2-beta1__N0160__Aminus_0p02,hm-m2-g2-L5p3-n2-beta1,160,0.02,54,1.78875,0.9891206652127151,0.9910260806253267
hm-m2-g2-L5p3-n2-beta1__N0160__Aplus_0p02,hm-m2-g2-L5p3-n2-beta1__N0160__Aminus_0p02,hm-m2-g2-L5p3-n2-beta1,160,0.02,55,1.8218750000000001,0.9884971679877514,0.99048969891205
hm-m2-g2-L5p3-n2-beta1__N0160__Aplus_0p02,hm-m2-g2-L5p3-n2-beta1__N0160__Aminus_0p02,hm-m2-g2-L5p3-n2-beta1,160,0.02,56,1.855,0.9878918836434519,0.9899679800117607
hm-m2-g2-L5p3-n2-beta1__N0160__Aplus_0p02,hm-m2-g2-L5p3-n2-beta1__N0160__Aminus_0p02,hm-m2-g2-L5p3-n2-beta1,160,0.02,57,1.888125,0.9873055689526562,0.9894616640942594
hm-m2-g2-L5p3-n2-beta1__N0160__Aplus_0p02,hm-m2-g2-L5p3-n2-beta1__N0160__Aminus_0p02,hm-m2-g2-L5p3-n2-beta1,160,0.02,58,1.9212500000000001,0.9867389488267991,0.9889714663258614
hm-m2-g2-L5p3-n2-beta1__N0160__Aplus_0p02,hm-m2-g2-L5p3-n2-beta1__N0160__Aminus_0p02,hm-m2-g2-L5p3-n2-beta1,160,0.02,59,1.9543750000000002,0.9861927162346422,0.9884980761576049
hm-m2-g2-L5p3-n2-beta1__N0160__Aplus_0p02,hm-m2-g2-L5p3-n2-beta1__N0160__Aminus_0p02,hm-m2-g2-L5p3-n2-beta1,160,0.02,60,1.9875,0.9856675321666044,0.988042156655486
hm-m2-g2-L5p3-n2-beta1__N0160__Aplus_0p02,hm-m2-g2-L5p3-n2-beta1__N0160__Aminus_0p02,hm-m2-g2-L5p3-n2-beta1,160,0.02,61,2.020625,0.9851640256395626,0.9876043438715625
hm-m2-g2-L5p3-n2-beta1__N0160__Aplus_0p02,hm-m2-g2-L5p3-n2-beta1__N0160__Aminus_0p02,hm-m2-g2-L5p3-n2-beta1,160,0.02,62,2.05375,0.9846827937371133,0.9871852462547321
hm-m2-g2-L5p3-n2-beta1__N0160__Aplus_0p02,hm-m2-g2-L5p3-n2-beta1__N0160__Aminus_0p02,hm-m2-g2-L5p3-n2-beta1,160,0.02,63,2.086875,0.9842244016804378,0.9867854440999725
hm-m2-g2-L5p3-n2-beta1__N0160__Aplus_0p02,hm-m2-g2-L5p3-n2-beta1__N0160__Aminus_0p02,hm-m2-g2-L5p3-n2-beta1,160,0.02,64,2.12,0.9837893829250738,0.9864054890348237
hm-m2-g2-L5p3-n2-beta1__N0160__Aplus_0p02,hm-m2-g2-L5p3-n2-beta1__N0160__Aminus_0p02,hm-m2-g2-L5p3-n2-beta1,160,0.02,65,2.153125,0.9833782392790775,0.9860459035418907
hm-m2-g2-L5p3-n2-beta1__N0160__Aplus_0p02,hm-m2-g2-L5p3-n2-beta1__N0160__Aminus_0p02,hm-m2-g2-L5p3-n2-beta1,160,0.02,66,2.1862500000000002,0.982991441038256,0.9857071805161569
hm-m2-g2-L5p3-n2-beta1__N0160__Aplus_0p02,hm-m2-g2-L5p3-n2-beta1__N0160__Aminus_0p02,hm-m2-g2-L5p3-n2-beta1,160,0.02,67,2.2193750000000003,0.982629427134353,0.9853897828559226
hm-m2-g2-L5p3-n2-beta1__N0160__Aplus_0p02,hm-m2-g2-L5p3-n2-beta1__N0160__Aminus_0p02,hm-m2-g2-L5p3-n2-beta1,160,0.02,68,2.2525,0.9822926052922893,0.985094143086206
hm-m2-g2-L5p3-n2-beta1__N0160__Aplus_0p02,hm-m2-g2-L5p3-n2-beta1__N0160__Aminus_0p02,hm-m2-g2-L5p3-n2-beta1,160,0.02,69,2.285625,0.9819813521927856,0.984820663013487
hm-m2-g2-L5p3-n2-beta1__N0160__Aplus_0p02,hm-m2-g2-L5p3-n2-beta1__N0160__Aminus_0p02,hm-m2-g2-L5p3-n2-beta1,160,0.02,70,2.31875,0.9816960136369233,0.9845697134107162
hm-m2-g2-L5p3-n2-beta1__N0160__Aplus_0p02,hm-m2-g2-L5p3-n2-beta1__N0160__Aminus_0p02,hm-m2-g2-L5p3-n2-beta1,160,0.02,71,2.351875,0.9814369047094463,0.9843416337315655
hm-m2-g2-L5p3-n2-beta1__N0160__Aplus_0p02,hm-m2-g2-L5p3-n2-beta1__N0160__Aminus_0p02,hm-m2-g2-L5p3-n2-beta1,160,0.02,72,2.3850000000000002,0.9812043099378411,0.9841367318529535
hm-m2-g2-L5p3-n2-beta1__N0160__Aplus_0p02,hm-m2-g2-L5p3-n2-beta1__N0160__Aminus_0p02,hm-m2-g2-L5p3-n2-beta1,160,0.02,73,2.4181250000000003,0.9809984834444878,0.9839552838449434
hm-m2-g2-L5p3-n2-beta1__N0160__Aplus_0p02,hm-m2-g2-L5p3-n2-beta1__N0160__Aminus_0p02,hm-m2-g2-L5p3-n2-beta1,160,0.02,74,2.45125,0.9808196490894241,0.983797533767184
hm-m2-g2-L5p3-n2-beta1__N0160__Aplus_0p02,hm-m2-g2-L5p3-n2-beta1__N0160__Aminus_0p02,hm-m2-g2-L5p3-n2-beta1,160,0.02,75,2.484375,0.9806680006015157,0.983663693491137
hm-m2-g2-L5p3-n2-beta1__N0160__Aplus_0p02,hm-m2-g2-L5p3-n2-beta1__N0160__Aminus_0p02,hm-m2-g2-L5p3-n2-beta1,160,0.02,76,2.5175,0.9805437016960875,0.98355394254741
hm-m2-g2-L5p3-n2-beta1__N0160__Aplus_0p02,hm-m2-g2-L5p3-n2-beta1__N0160__Aminus_0p02,hm-m2-g2-L5p3-n2-beta1,160,0.02,77,2.550625,0.9804468861773227,0.9834684279976037
hm-m2-g2-L5p3-n2-beta1__N0160__Aplus_0p02,hm-m2-g2-L5p3-n2-beta1__N0160__Aminus_0p02,hm-m2-g2-L5p3-n2-beta1,160,0.02,78,2.58375,0.9803776580239986,0.983407264330162
hm-m2-g2-L5p3-n2-beta1__N0160__Aplus_0p02,hm-m2-g2-L5p3-n2-beta1__N0160__Aminus_0p02,hm-m2-g2-L5p3-n2-beta1,160,0.02,79,2.6168750000000003,0.9803360914573881,0.983370533379808
hm-m2-g2-L5p3-n2-beta1__N0160__Aplus_0p02,hm-m2-g2-L5p3-n2-beta1__N0160__Aminus_0p02,hm-m2-g2-L5p3-n2-beta1,160,0.02,80,2.6500000000000004,0.9803222309904113,0.9833582842702332
hm-m2-g2-L5p3-n2-beta1__N0160__Aplus_0p02,hm-m2-g2-L5p3-n2-beta1__N0160__Aminus_0p02,hm-m2-g2-L5p3-n2-beta1,160,0.02,81,2.683125,0.9803360914573878,0.9833705333798062
hm-m2-g2-L5p3-n2-beta1__N0160__Aplus_0p02,hm-m2-g2-L5p3-n2-beta1__N0160__Aminus_0p02,hm-m2-g2-L5p3-n2-beta1,160,0.02,82,2.71625,0.9803776580239978,0.9834072643301586
hm-m2-g2-L5p3-n2-beta1__N0160__Aplus_0p02,hm-m2-g2-L5p3-n2-beta1__N0160__Aminus_0p02,hm-m2-g2-L5p3-n2-beta1,160,0.02,83,2.749375,0.9804468861773213,0.9834684279975988
hm-m2-g2-L5p3-n2-beta1__N0160__Aplus_0p02,hm-m2-g2-L5p3-n2-beta1__N0160__Aminus_0p02,hm-m2-g2-L5p3-n2-beta1,160,0.02,84,2.7825,0.9805437016960858,0.9835539425474037
hm-m2-g2-L5p3-n2-beta1__N0160__Aplus_0p02,hm-m2-g2-L5p3-n2-beta1__N0160__Aminus_0p02,hm-m2-g2-L5p3-n2-beta1,160,0.02,85,2.8156250000000003,0.9806680006015136,0.983663693491129
hm-m2-g2-L5p3-n2-beta1__N0160__Aplus_0p02,hm-m2-g2-L5p3-n2-beta1__N0160__Aminus_0p02,hm-m2-g2-L5p3-n2-beta1,160,0.02,86,2.8487500000000003,0.9808196490894214,0.9837975337671744
hm-m2-g2-L5p3-n2-beta1__N0160__Aplus_0p02,hm-m2-g2-L5p3-n2-beta1__N0160__Aminus_0p02,hm-m2-g2-L5p3-n2-beta1,160,0.02,87,2.881875,0.9809984834444847,0.9839552838449321
hm-m2-g2-L5p3-n2-beta1__N0160__Aplus_0p02,hm-m2-g2-L5p3-n2-beta1__N0160__Aminus_0p02,hm-m2-g2-L5p3-n2-beta1,160,0.02,88,2.915,0.9812043099378375,0.9841367318529408
hm-m2-g2-L5p3-n2-beta1__N0160__Aplus_0p02,hm-m2-g2-L5p3-n2-beta1__N0160__Aminus_0p02,hm-m2-g2-L5p3-n2-beta1,160,0.02,89,2.948125,0.9814369047094422,0.9843416337315513
hm-m2-g2-L5p3-n2-beta1__N0160__Aplus_0p02,hm-m2-g2-L5p3-n2-beta1__N0160__Aminus_0p02,hm-m2-g2-L5p3-n2-beta1,160,0.02,90,2.98125,0.9816960136369186,0.9845697134107003
hm-m2-g2-L5p3-n2-beta1__N0160__Aplus_0p02,hm-m2-g2-L5p3-n2-beta1__N0160__Aminus_0p02,hm-m2-g2-L5p3-n2-beta1,160,0.02,91,3.0143750000000002,0.9819813521927804,0.9848206630134695
hm-m2-g2-L5p3-n2-beta1__N0160__Aplus_0p02,hm-m2-g2-L5p3-n2-beta1__N0160__Aminus_0p02,hm-m2-g2-L5p3-n2-beta1,160,0.02,92,3.0475000000000003,0.9822926052922836,0.9850941430861871
hm-m2-g2-L5p3-n2-beta1__N0160__Aplus_0p02,hm-m2-g2-L5p3-n2-beta1__N0160__Aminus_0p02,hm-m2-g2-L5p3-n2-beta1,160,0.02,93,3.080625,0.9826294271343465,0.9853897828559024
hm-m2-g2-L5p3-n2-beta1__N0160__Aplus_0p02,hm-m2-g2-L5p3-n2-beta1__N0160__Aminus_0p02,hm-m2-g2-L5p3-n2-beta1,160,0.02,94,3.11375,0.982991441038249,0.9857071805161354
hm-m2-g2-L5p3-n2-beta1__N0160__Aplus_0p02,hm-m2-g2-L5p3-n2-beta1__N0160__Aminus_0p02,hm-m2-g2-L5p3-n2-beta1,160,0.02,95,3.146875,0.9833782392790698,0.9860459035418677
hm-m2-g2-L5p3-n2-beta1__N0160__Aplus_0p02,hm-m2-g2-L5p3-n2-beta1__N0160__Aminus_0p02,hm-m2-g2-L5p3-n2-beta1,160,0.02,96,3.18,0.9837893829250653,0.9864054890347992
hm-m2-g2-L5p3-n2-beta1__N0160__Aplus_0p02,hm-m2-g2-L5p3-n2-beta1__N0160__Aminus_0p02,hm-m2-g2-L5p3-n2-beta1,160,0.02,97,3.2131250000000002,0.9842244016804287,0.9867854440999461
hm-m2-g2-L5p3-n2-beta1__N0160__Aplus_0p02,hm-m2-g2-L5p3-n2-beta1__N0160__Aminus_0p02,hm-m2-g2-L5p3-n2-beta1,160,0.02,98,3.2462500000000003,0.9846827937371033,0.9871852462547038
hm-m2-g2-L5p3-n2-beta1__N0160__Aplus_0p02,hm-m2-g2-L5p3-n2-beta1__N0160__Aminus_0p02,hm-m2-g2-L5p3-n2-beta1,160,0.02,99,3.2793750000000004,0.9851640256395519,0.9876043438715324
hm-m2-g2-L5p3-n2-beta1__N0160__Aplus_0p02,hm-m2-g2-L5p3-n2-beta1__N0160__Aminus_0p02,hm-m2-g2-L5p3-n2-beta1,160,0.02,100,3.3125,0.9856675321665929,0.988042156655454
hm-m2-g2-L5p3-n2-beta1__N0160__Aplus_0p02,hm-m2-g2-L5p3-n2-beta1__N0160__Aminus_0p02,hm-m2-g2-L5p3-n2-beta1,160,0.02,101,3.345625,0.9861927162346298,0.9884980761575712
hm-m2-g2-L5p3-n2-beta1__N0160__Aplus_0p02,hm-m2-g2-L5p3-n2-beta1__N0160__Aminus_0p02,hm-m2-g2-L5p3-n2-beta1,160,0.02,102,3.37875,0.9867389488267859,0.9889714663258262
hm-m2-g2-L5p3-n2-beta1__N0160__Aplus_0p02,hm-m2-g2-L5p3-n2-beta1__N0160__Aminus_0p02,hm-m2-g2-L5p3-n2-beta1,160,0.02,103,3.411875,0.987305568952642,0.9894616640942225
hm-m2-g2-L5p3-n2-beta1__N0160__Aplus_0p02,hm-m2-g2-L5p3-n2-beta1__N0160__Aminus_0p02,hm-m2-g2-L5p3-n2-beta1,160,0.02,104,3.4450000000000003,0.9878918836434367,0.989967980011722
hm-m2-g2-L5p3-n2-beta1__N0160__Aplus_0p02,hm-m2-g2-L5p3-n2-beta1__N0160__Aminus_0p02,hm-m2-g2-L5p3-n2-beta1,160,0.02,105,3.4781250000000004,0.9884971679877352,0.9904896989120094
hm-m2-g2-L5p3-n2-beta1__N0160__Aplus_0p02,hm-m2-g2-L5p3-n2-beta1__N0160__Aminus_0p02,hm-m2-g2-L5p3-n2-beta1,160,0.02,106,3.51125,0.9891206652126978,0.9910260806252843
hm-m2-g2-L5p3-n2-beta1__N0160__Aplus_0p02,hm-m2-g2-L5p3-n2-beta1__N0160__Aminus_0p02,hm-m2-g2-L5p3-n2-beta1,160,0.02,107,3.544375,0.9897615868161838,0.9915763607332001
hm-m2-g2-L5p3-n2-beta1__N0160__Aplus_0p02,hm-m2-g2-L5p3-n2-beta1__N0160__Aminus_0p02,hm-m2-g2-L5p3-n2-beta1,160,0.02,108,3.5775,0.9904191127550017,0.9921397513680095
hm-m2-g2-L5p3-n2-beta1__N0160__Aplus_0p02,hm-m2-g2-L5p3-n2-beta1__N0160__Aminus_0p02,hm-m2-g2-L5p3-n2-beta1,160,0.02,109,3.610625,0.991092391694669,0.9927154420569102
hm-m2-g2-L5p3-n2-beta1__N0160__Aplus_0p02,hm-m2-g2-L5p3-n2-beta1__N0160__Aminus_0p02,hm-m2-g2-L5p3-n2-beta1,160,0.02,110,3.6437500000000003,0.9917805413260601,0.9933026006125013
hm-m2-g2-L5p3-n2-beta1__N0160__Aplus_0p02,hm-m2-g2-L5p3-n2-beta1__N0160__Aminus_0p02,hm-m2-g2-L5p3-n2-beta1,160,0.02,111,3.6768750000000003,0.9924826487543119,0.9939003740701677
hm-m2-g2-L5p3-n2-beta1__N0160__Aplus_0p02,hm-m2-g2-L5p3-n2-beta1__N0160__Aminus_0p02,hm-m2-g2-L5p3-n2-beta1,160,0.02,112,3.71,0.9931977709653008,0.9945078896730962
hm-m2-g2-L5p3-n2-beta1__N0160__Aplus_0p02,hm-m2-g2-L5p3-n2-beta1__N0160__Aminus_0p02,hm-m2-g2-L5p3-n2-beta1,160,0.02,113,3.743125,0.9939249353749194,0.9951242559055089
hm-m2-g2-L5p3-n2-beta1__N0160__Aplus_0p02,hm-m2-g2-L5p3-n2-beta1__N0160__Aminus_0p02,hm-m2-g2-L5p3-n2-beta1,160,0.02,114,3.77625,0.99466314046625,0.9957485635745605
hm-m2-g2-L5p3-n2-beta1__N0160__Aplus_0p02,hm-m2-g2-L5p3-n2-beta1__N0160__Aminus_0p02,hm-m2-g2-L5p3-n2-beta1,160,0.02,115,3.809375,0.995411356519557,0.9963798869411934
hm-m2-g2-L5p3-n2-beta1__N0160__Aplus_0p02,hm-m2-g2-L5p3-n2-beta1__N0160__Aminus_0p02,hm-m2-g2-L5p3-n2-beta1,160,0.02,116,3.8425000000000002,0.9961685264398005,0.9970172849000811
hm-m2-g2-L5p3-n2-beta1__N0160__Aplus_0p02,hm-m2-g2-L5p3-n2-beta1__N0160__Aminus_0p02,hm-m2-g2-L5p3-n2-beta1,160,0.02,117,3.8756250000000003,0.9969335666861052,0.9976598022086145
hm-m2-g2-L5p3-n2-beta1__N0160__Aplus_0p02,hm-m2-g2-L5p3-n2-beta1__N0160__Aminus_0p02,hm-m2-g2-L5p3-n2-beta1,160,0.02,118,3.9087500000000004,0.9977053683072976,0.9983064707646857
hm-m2-g2-L5p3-n2-beta1__N0160__Aplus_0p02,hm-m2-g2-L5p3-n2-beta1__N0160__Aminus_0p02,hm-m2-g2-L5p3-n2-beta1,160,0.02,119,3.941875,0.9984827980872557,0.9989563109328281
hm-m2-g2-L5p3-n2-beta1__N0160__Aplus_0p02,hm-m2-g2-L5p3-n2-beta1__N0160__Aminus_0p02,hm-m2-g2-L5p3-n2-beta1,160,0.02,120,3.975,0.9992646998033905,0.9996083329180463
hm-m2-g2-L5p3-n2-beta1__N0160__Aplus_0p02,hm-m2-g2-L5p3-n2-beta1__N0160__Aminus_0p02,hm-m2-g2-L5p3-n2-beta1,160,0.02,121,4.008125000000001,1.0000498956011004,1.0002615381864437
hm-m2-g2-L5p3-n2-beta1__N0160__Aplus_0p02,hm-m2-g2-L5p3-n2-beta1__N0160__Aminus_0p02,hm-m2-g2-L5p3-n2-beta1,160,0.02,122,4.04125,1.0008371874865083,1.0009149209315151
hm-m2-g2-L5p3-n2-beta1__N0160__Aplus_0p02,hm-m2-g2-L5p3-n2-beta1__N0160__Aminus_0p02,hm-m2-g2-L5p3-n2-beta1,160,0.02,123,4.074375,1.0016253589392055,1.0015674695847183
hm-m2-g2-L5p3-n2-beta1__N0160__Aplus_0p02,hm-m2-g2-L5p3-n2-beta1__N0160__Aminus_0p02,hm-m2-g2-L5p3-n2-beta1,160,0.02,124,4.1075,1.0024131766460866,1.002218168368683
hm-m2-g2-L5p3-n2-beta1__N0160__Aplus_0p02,hm-m2-g2-L5p3-n2-beta1__N0160__Aminus_0p02,hm-m2-g2-L5p3-n2-beta1,160,0.02,125,4.140625,1.0031993923566724,1.0028659988911475
hm-m2-g2-L5p3-n2-beta1__N0160__Aplus_0p02,hm-m2-g2-L5p3-n2-beta1__N0160__Aminus_0p02,hm-m2-g2-L5p3-n2-beta1,160,0.02,126,4.17375,1.0039827448595726,1.0035099417774354
hm-m2-g2-L5p3-n2-beta1__N0160__Aplus_0p02,hm-m2-g2-L5p3-n2-beta1__N0160__Aminus_0p02,hm-m2-g2-L5p3-n2-beta1,160,0.02,127,4.206875,1.0047619620789616,1.0041489783390172
hm-m2-g2-L5p3-n2-beta1__N0160__Aplus_0p02,hm-m2-g2-L5p3-n2-beta1__N0160__Aminus_0p02,hm-m2-g2-L5p3-n2-beta1,160,0.02,128,4.24,1.0055357632891064,1.00478209227541
hm-m2-g2-L5p3-n2-beta1__N0160__Aplus_0p02,hm-m2-g2-L5p3-n2-beta1__N0160__Aminus_0p02,hm-m2-g2-L5p3-n2-beta1,160,0.02,129,4.273125,1.0063028614441243,1.005408271406393
hm-m2-g2-L5p3-n2-beta1__N0160__Aplus_0p02,hm-m2-g2-L5p3-n2-beta1__N0160__Aminus_0p02,hm-m2-g2-L5p3-n2-beta1,160,0.02,130,4.30625,1.007061965619241,1.0060265094312344
hm-m2-g2-L5p3-n2-beta1__N0160__Aplus_0p02,hm-m2-g2-L5p3-n2-beta1__N0160__Aminus_0p02,hm-m2-g2-L5p3-n2-beta1,160,0.02,131,4.339375,1.0078117835589075,1.0066358077113482
hm-m2-g2-L5p3-n2-beta1__N0160__Aplus_0p02,hm-m2-g2-L5p3-n2-beta1__N0160__Aminus_0p02,hm-m2-g2-L5p3-n2-beta1,160,0.02,132,4.3725000000000005,1.0085510243261724,1.0072351770725234
hm-m2-g2-L5p3-n2-beta1__N0160__Aplus_0p02,hm-m2-g2-L5p3-n2-beta1__N0160__Aminus_0p02,hm-m2-g2-L5p3-n2-beta1,160,0.02,133,4.405625000000001,1.009278401046764,1.0078236396226063
hm-m2-g2-L5p3-n2-beta1__N0160__Aplus_0p02,hm-m2-g2-L5p3-n2-beta1__N0160__Aminus_0p02,hm-m2-g2-L5p3-n2-beta1,160,0.02,134,4.438750000000001,1.0099926337403655,1.0084002305802624
hm-m2-g2-L5p3-n2-beta1__N0160__Aplus_0p02,hm-m2-g2-L5p3-n2-beta1__N0160__Aminus_0p02,hm-m2-g2-L5p3-n2-beta1,160,0.02,135,4.471875,1.010692452230617,1.008964000110196
hm-m2-g2-L5p3-n2-beta1__N0160__Aplus_0p02,hm-m2-g2-L5p3-n2-beta1__N0160__Aminus_0p02,hm-m2-g2-L5p3-n2-beta1,160,0.02,136,4.505,1.0113765991244346,1.0095140151599828
hm-m2-g2-L5p3-n2-beta1__N0160__Aplus_0p02,hm-m2-g2-L5p3-n2-beta1__N0160__Aminus_0p02,hm-m2-g2-L5p3-n2-beta1,160,0.02,137,4.538125,1.0120438328503238,1.0100493612934565
hm-m2-g2-L5p3-n2-beta1__N0160__Aplus_0p02,hm-m2-g2-L5p3-n2-beta1__N0160__Aminus_0p02,hm-m2-g2-L5p3-n2-beta1,160,0.02,138,4.57125,1.0126929307444872,1.0105691445154021
hm-m2-g2-L5p3-n2-beta1__N0160__Aplus_0p02,hm-m2-g2-L5p3-n2-beta1__N0160__Aminus_0p02,hm-m2-g2-L5p3-n2-beta1,160,0.02,139,4.604375,1.0133226921726866,1.0110724930821335
hm-m2-g2-L5p3-n2-beta1__N0160__Aplus_0p02,hm-m2-g2-L5p3-n2-beta1__N0160__Aminus_0p02,hm-m2-g2-L5p3-n2-beta1,160,0.02,140,4.6375,1.0139319416750574,1.0115585592923961
hm-m2-g2-L5p3-n2-beta1__N0160__Aplus_0p02,hm-m2-g2-L5p3-n2-beta1__N0160__Aminus_0p02,hm-m2-g2-L5p3-n2-beta1,160,0.02,141,4.670625,1.0145195321203508,1.0120265212529063
hm-m2-g2-L5p3-n2-beta1__N0160__Aplus_0p02,hm-m2-g2-L5p3-n2-beta1__N0160__Aminus_0p02,hm-m2-g2-L5p3-n2-beta1,160,0.02,142,4.70375,1.0150843478554665,1.01247558461276
hm-m2-g2-L5p3-n2-beta1__N0160__Aplus_0p02,hm-m2-g2-L5p3-n2-beta1__N0160__Aminus_0p02,hm-m2-g2-L5p3-n2-beta1,160,0.02,143,4.736875,1.0156253078355864,1.012904984260874
hm-m2-g2-L5p3-n2-beta1__N0160__Aplus_0p02,hm-m2-g2-L5p3-n2-beta1__N0160__Aminus_0p02,hm-m2-g2-L5p3-n2-beta1,160,0.02,144,4.7700000000000005,1.0161413687197922,1.0133139859806013
hm-m2-g2-L5p3-n2-beta1__N0160__Aplus_0p02,hm-m2-g2-L5p3-n2-beta1__N0160__Aminus_0p02,hm-m2-g2-L5p3-n2-beta1,160,0.02,145,4.8031250000000005,1.0166315279167055,1.0137018880556652
hm-m2-g2-L5p3-n2-beta1__N0160__Aplus_0p02,hm-m2-g2-L5p3-n2-beta1__N0160__Aminus_0p02,hm-m2-g2-L5p3-n2-beta1,160,0.02,146,4.836250000000001,1.0170948265644817,1.0140680228215977
hm-m2-g2-L5p3-n2-beta1__N0160__Aplus_0p02,hm-m2-g2-L5p3-n2-beta1__N0160__Aminus_0p02,hm-m2-g2-L5p3-n2-beta1,160,0.02,147,4.869375000000001,1.017530352429391,1.014411758156945
hm-m2-g2-L5p3-n2-beta1__N0160__Aplus_0p02,hm-m2-g2-L5p3-n2-beta1__N0160__Aminus_0p02,hm-m2-g2-L5p3-n2-beta1,160,0.02,148,4.9025,1.0179372427072533,1.0147324989086113
hm-m2-g2-L5p3-n2-beta1__N0160__Aplus_0p02,hm-m2-g2-L5p3-n2-beta1__N0160__Aminus_0p02,hm-m2-g2-L5p3-n2-beta1,160,0.02,149,4.935625,1.0183146867121637,1.0150296882458674
hm-m2-g2-L5p3-n2-beta1__N0160__Aplus_0p02,hm-m2-g2-L5p3-n2-beta1__N0160__Aminus_0p02,hm-m2-g2-L5p3-n2-beta1,160,0.02,150,4.96875,1.0186619284372471,1.0153028089377272
hm-m2-g2-L5p3-n2-beta1__N0160__Aplus_0p02,hm-m2-g2-L5p3-n2-beta1__N0160__Aminus_0p02,hm-m2-g2-L5p3-n2-beta1,160,0.02,151,5.001875,1.018978268972619,1.0155513845486233
hm-m2-g2-L5p3-n2-beta1__N0160__Aplus_0p02,hm-m2-g2-L5p3-n2-beta1__N0160__Aminus_0p02,hm-m2-g2-L5p3-n2-beta1,160,0.02,152,5.035,1.0192630687663058,1.0157749805475647
hm-m2-g2-L5p3-n2-beta1__N0160__Aplus_0p02,hm-m2-g2-L5p3-n2-beta1__N0160__Aminus_0p02,hm-m2-g2-L5p3-n2-beta1,160,0.02,153,5.068125,1.0195157497145901,1.01597320532625
hm-m2-g2-L5p3-n2-beta1__N0160__Aplus_0p02,hm-m2-g2-L5p3-n2-beta1__N0160__Aminus_0p02,hm-m2-g2-L5p3-n2-beta1,160,0.02,154,5.10125,1.0197357970690815,1.0161457111219356
hm-m2-g2-L5p3-n2-beta1__N0160__Aplus_0p02,hm-m2-g2-L5p3-n2-beta1__N0160__Aminus_0p02,hm-m2-g2-L5p3-n2-beta1,160,0.02,155,5.134375,1.0199227611487791,1.0162921948412036
hm-m2-g2-L5p3-n2-beta1__N0160__Aplus_0p02,hm-m2-g2-L5p3-n2-beta1__N0160__Aminus_0p02,hm-m2-g2-L5p3-n2-beta1,160,0.02,156,5.1675,1.020076258846478,1.0164123987811646
hm-m2-g2-L5p3-n2-beta1__N0160__Aplus_0p02,hm-m2-g2-L5p3-n2-beta1__N0160__Aminus_0p02,hm-m2-g2-L5p3-n2-beta1,160,0.02,157,5.2006250000000005,1.0201959749200453,1.0165061112450309
hm-m2-g2-L5p3-n2-beta1__N0160__Aplus_0p02,hm-m2-g2-L5p3-n2-beta1__N0160__Aminus_0p02,hm-m2-g2-L5p3-n2-beta1,160,0.02,158,5.233750000000001,1.0202816630603915,1.016573167049429
hm-m2-g2-L5p3-n2-beta1__N0160__Aplus_0p02,hm-m2-g2-L5p3-n2-beta1__N0160__Aminus_0p02,hm-m2-g2-L5p3-n2-beta1,160,0.02,159,5.266875000000001,1.0203331467293186,1.0166134479212712
hm-m2-g2-L5p3-n2-beta1__N0160__Aplus_0p02,hm-m2-g2-L5p3-n2-beta1__N0160__Aminus_0p02,hm-m2-g2-L5p3-n2-beta1,160,0.02,160,5.3,1.020350319761873,1.0166268827824718
hm-m2-g2-L5p3-n2-beta1__N0320__Aminus_0p02,hm-m2-g2-L5p3-n2-beta1__N0320__Aplus_0p02,hm-m2-g2-L5p3-n2-beta1,320,-0.02,0,0.0,0.9803218089881554,0.9833586596797966
hm-m2-g2-L5p3-n2-beta1__N0320__Aminus_0p02,hm-m2-g2-L5p3-n2-beta1__N0320__Aplus_0p02,hm-m2-g2-L5p3-n2-beta1,320,-0.02,1,0.0165625,0.9803252744791847,0.983361722122165
hm-m2-g2-L5p3-n2-beta1__N0320__Aminus_0p02,hm-m2-g2-L5p3-n2-beta1__N0320__Aplus_0p02,hm-m2-g2-L5p3-n2-beta1,320,-0.02,2,0.033125,0.9803356700250233,0.9833709084254765
hm-m2-g2-L5p3-n2-beta1__N0320__Aminus_0p02,hm-m2-g2-L5p3-n2-beta1__N0320__Aplus_0p02,hm-m2-g2-L5p3-n2-beta1,320,-0.02,3,0.0496875,0.9803529928437678,0.9833862155185292
hm-m2-g2-L5p3-n2-beta1__N0320__Aminus_0p02,hm-m2-g2-L5p3-n2-beta1__N0320__Aplus_0p02,hm-m2-g2-L5p3-n2-beta1,320,-0.02,4,0.06625,0.9803772382983927,0.9834076382832482
hm-m2-g2-L5p3-n2-beta1__N0320__Aminus_0p02,hm-m2-g2-L5p3-n2-beta1__N0320__Aplus_0p02,hm-m2-g2-L5p3-n2-beta1,320,-0.02,5,0.08281250000000001,0.9804083998959753,0.9834351695555772
hm-m2-g2-L5p3-n2-beta1__N0320__Aminus_0p02,hm-m2-g2-L5p3-n2-beta1__N0320__Aplus_0p02,hm-m2-g2-L5p3-n2-beta1,320,-0.02,6,0.099375,0.9804464692866103,0.983468800126731
hm-m2-g2-L5p3-n2-beta1__N0320__Aminus_0p02,hm-m2-g2-L5p3-n2-beta1__N0320__Aplus_0p02,hm-m2-g2-L5p3-n2-beta1,320,-0.02,7,0.1159375,0.9804914362620232,0.9835085187448052
hm-m2-g2-L5p3-n2-beta1__N0320__Aminus_0p02,hm-m2-g2-L5p3-n2-beta1__N0320__Aplus_0p02,hm-m2-g2-L5p3-n2-beta1,320,-0.02,8,0.1325,0.980543288753884,0.9835543121167478
hm-m2-g2-L5p3-n2-beta1__N0320__Aminus_0p02,hm-m2-g2-L5p3-n2-beta1__N0320__Aplus_0p02,hm-m2-g2-L5p3-n2-beta1,320,-0.02,9,0.14906250000000001,0.9806020128318271,0.9836061649106955
hm-m2-g2-L5p3-n2-beta1__N0320__Aminus_0p02,hm-m2-g2-L5p3-n2-beta1__N0320__Aplus_0p02,hm-m2-g2-L5p3-n2-beta1,320,-0.02,10,0.16562500000000002,0.9806675927011856,0.9836640597586738
hm-m2-g2-L5p3-n2-beta1__N0320__Aminus_0p02,hm-m2-g2-L5p3-n2-beta1__N0320__Aplus_0p02,hm-m2-g2-L5p3-n2-beta1,320,-0.02,11,0.1821875,0.9807400107004447,0.9837279772596665
hm-m2-g2-L5p3-n2-beta1__N0320__Aminus_0p02,hm-m2-g2-L5p3-n2-beta1__N0320__Aplus_0p02,hm-m2-g2-L5p3-n2-beta1,320,-0.02,12,0.19875,0.9808192472984265,0.9837978959830578
hm-m2-g2-L5p3-n2-beta1__N0320__Aminus_0p02,hm-m2-g2-L5p3-n2-beta1__N0320__Aplus_0p02,hm-m2-g2-L5p3-n2-beta1,320,-0.02,13,0.21531250000000002,0.9809052810912131,0.9838737924724469
hm-m2-g2-L5p3-n2-beta1__N0320__Aminus_0p02,hm-m2-g2-L5p3-n2-beta1__N0320__Aplus_0p02,hm-m2-g2-L5p3-n2-beta1,320,-0.02,14,0.231875,0.9809980887988193,0.9839556412498436
hm-m2-g2-L5p3-n2-beta1__N0320__Aminus_0p02,hm-m2-g2-L5p3-n2-beta1__N0320__Aplus_0p02,hm-m2-g2-L5p3-n2-beta1,320,-0.02,15,0.2484375,0.9810976452616281,0.9840434148202468
hm-m2-g2-L5p3-n2-beta1__N0320__Aminus_0p02,hm-m2-g2-L5p3-n2-beta1__N0320__Aplus_0p02,hm-m2-g2-L5p3-n2-beta1,320,-0.02,16,0.265,0.9812039234365989,0.984137083676609
hm-m2-g2-L5p3-n2-beta1__N0320__Aminus_0p02,hm-m2-g2-L5p3-n2-beta1__N0320__Aplus_0p02,hm-m2-g2-L5p3-n2-beta1,320,-0.02,17,0.2815625,0.981316894393265,0.9842366163051947
hm-m2-g2-L5p3-n2-beta1__N0320__Aminus_0p02,hm-m2-g2-L5p3-n2-beta1__N0320__Aplus_0p02,hm-m2-g2-L5p3-n2-beta1,320,-0.02,18,0.29812500000000003,0.9814365273095333,0.9843419791913346
hm-m2-g2-L5p3-n2-beta1__N0320__Aminus_0p02,hm-m2-g2-L5p3-n2-beta1__N0320__Aplus_0p02,hm-m2-g2-L5p3-n2-beta1,320,-0.02,19,0.3146875,0.9815627894673028,0.9844531368255851
hm-m2-g2-L5p3-n2-beta1__N0320__Aminus_0p02,hm-m2-g2-L5p3-n2-beta1__N0320__Aplus_0p02,hm-m2-g2-L5p3-n2-beta1,320,-0.02,20,0.33125000000000004,0.9816956462479174,0.9845700517102935
hm-m2-g2-L5p3-n2-beta1__N0320__Aminus_0p02,hm-m2-g2-L5p3-n2-beta1__N0320__Aplus_0p02,hm-m2-g2-L5p3-n2-beta1,320,-0.02,21,0.3478125,0.9818350611274728,0.9846926843665808
hm-m2-g2-L5p3-n2-beta1__N0320__Aminus_0p02,hm-m2-g2-L5p3-n2-beta1__N0320__Aplus_0p02,hm-m2-g2-L5p3-n2-beta1,320,-0.02,22,0.364375,0.9819809956719943,0.9848209933417426
hm-m2-g2-L5p3-n2-beta1__N0320__Aminus_0p02,hm-m2-g2-L5p3-n2-beta1__N0320__Aplus_0p02,hm-m2-g2-L5p3-n2-beta1,320,-0.02,23,0.38093750000000004,0.9821334095325062,0.9849549352170808
hm-m2-g2-L5p3-n2-beta1__N0320__Aminus_0p02,hm-m2-g2-L5p3-n2-beta1__N0320__Aplus_0p02,hm-m2-g2-L5p3-n2-beta1,320,-0.02,24,0.3975,0.9822922604400127,0.9850944646161673
hm-m2-g2-L5p3-n2-beta1__N0320__Aminus_0p02,hm-m2-g2-L5p3-n2-beta1__N0320__Aplus_0p02,hm-m2-g2-L5p3-n2-beta1,320,-0.02,25,0.4140625,0.9824575042004137,0.9852395342135516
hm-m2-g2-L5p3-n2-beta1__N0320__Aminus_0p02,hm-m2-g2-L5p3-n2-beta1__N0320__Aplus_0p02,hm-m2-g2-L5p3-n2-beta1,320,-0.02,26,0.43062500000000004,0.9826290946893754,0.9853900947439155
hm-m2-g2-L5p3-n2-beta1__N0320__Aminus_0p02,hm-m2-g2-L5p3-n2-beta1__N0320__Aplus_0p02,hm-m2-g2-L5p3-n2-beta1,320,-0.02,27,0.4471875,0.9828069838471817,0.9855460950116869
hm-m2-g2-L5p3-n2-beta1__N0320__Aminus_0p02,hm-m2-g2-L5p3-n2-beta1__N0320__Aplus_0p02,hm-m2-g2-L5p3-n2-beta1,320,-0.02,28,0.46375,0.9829911216735902,0.9857074819011172
hm-m2-g2-L5p3-n2-beta1__N0320__Aminus_0p02,hm-m2-g2-L5p3-n2-beta1__N0320__Aplus_0p02,hm-m2-g2-L5p3-n2-beta1,320,-0.02,29,0.48031250000000003,0.9831814562227172,0.985874200386831
hm-m2-g2-L5p3-n2-beta1__N0320__Aminus_0p02,hm-m2-g2-L5p3-n2-beta1__N0320__Aplus_0p02,hm-m2-g2-L5p3-n2-beta1,320,-0.02,30,0.496875,0.9833779335979806,0.9860461935448589
hm-m2-g2-L5p3-n2-beta1__N0320__Aminus_0p02,hm-m2-g2-L5p3-n2-beta1__N0320__Aplus_0p02,hm-m2-g2-L5p3-n2-beta1,320,-0.02,31,0.5134375,0.9835804979471248,0.9862234025641584
hm-m2-g2-L5p3-n2-beta1__N0320__Aminus_0p02,hm-m2-g2-L5p3-n2-beta1__N0320__Aplus_0p02,hm-m2-g2-L5p3-n2-beta1,320,-0.02,32,0.53,0.9837890914573585,0.9864057667586341
hm-m2-g2-L5p3-n2-beta1__N0320__Aminus_0p02,hm-m2-g2-L5p3-n2-beta1__N0320__Aplus_0p02,hm-m2-g2-L5p3-n2-beta1,320,-0.02,33,0.5465625000000001,0.9840036543506344,0.9865932235796647
hm-m2-g2-L5p3-n2-beta1__N0320__Aminus_0p02,hm-m2-g2-L5p3-n2-beta1__N0320__Aplus_0p02,hm-m2-g2-L5p3-n2-beta1,320,-0.02,34,0.563125,0.9842241248790983,0.9867857086291466
hm-m2-g2-L5p3-n2-beta1__N0320__Aminus_0p02,hm-m2-g2-L5p3-n2-beta1__N0320__Aplus_0p02,hm-m2-g2-L5p3-n2-beta1,320,-0.02,35,0.5796875,0.9844504393207416,0.9869831556730628
hm-m2-g2-L5p3-n2-beta1__N0320__Aminus_0p02,hm-m2-g2-L5p3-n2-beta1__N0320__Aplus_0p02,hm-m2-g2-L5p3-n2-beta1,320,-0.02,36,0.5962500000000001,0.9846825319752878,0.9871854966555863
hm-m2-g2-L5p3-n2-beta1__N0320__Aminus_0p02,hm-m2-g2-L5p3-n2-beta1__N0320__Aplus_0p02,hm-m2-g2-L5p3-n2-beta1,320,-0.02,37,0.6128125,0.9849203351603435,0.9873926617137281
hm-m2-g2-L5p3-n2-beta1__N0320__Aminus_0p02,hm-m2-g2-L5p3-n2-beta1__N0320__Aplus_0p02,hm-m2-g2-L5p3-n2-beta1,320,-0.02,38,0.629375,0.9851637792078524,0.987604579192538
hm-m2-g2-L5p3-n2-beta1__N0320__Aminus_0p02,hm-m2-g2-L5p3-n2-beta1__N0320__Aplus_0p02,hm-m2-g2-L5p3-n2-beta1,320,-0.02,39,0.6459375,0.98541279246088,0.9878211756608684
hm-m2-g2-L5p3-n2-beta1__N0320__Aminus_0p02,hm-m2-g2-L5p3-n2-beta1__N0320__Aplus_0p02,hm-m2-g2-L5p3-n2-beta1,320,-0.02,40,0.6625000000000001,0.9856673012707692,0.9880423759277108
hm-m2-g2-L5p3-n2-beta1__N0320__Aminus_0p02,hm-m2-g2-L5p3-n2-beta1__N0320__Aplus_0p02,hm-m2-g2-L5p3-n2-beta1,320,-0.02,41,0.6790625,0.9859272299947001,0.9882681030591138
hm-m2-g2-L5p3-n2-beta1__N0320__Aminus_0p02,hm-m2-g2-L5p3-n2-beta1__N0320__Aplus_0p02,hm-m2-g2-L5p3-n2-beta1,320,-0.02,42,0.695625,0.9861925009936899,0.9884982783956929
hm-m2-g2-L5p3-n2-beta1__N0320__Aminus_0p02,hm-m2-g2-L5p3-n2-beta1__N0320__Aplus_0p02,hm-m2-g2-L5p3-n2-beta1,320,-0.02,43,0.7121875000000001,0.9864630346310723,0.9887328215707416
hm-m2-g2-L5p3-n2-beta1__N0320__Aminus_0p02,hm-m2-g2-L5p3-n2-beta1__N0320__Aplus_0p02,hm-m2-g2-L5p3-n2-beta1,320,-0.02,44,0.72875,0.9867387492714904,0.9889716505289526
hm-m2-g2-L5p3-n2-beta1__N0320__Aminus_0p02,hm-m2-g2-L5p3-n2-beta1__N0320__Aplus_0p02,hm-m2-g2-L5p3-n2-beta1,320,-0.02,45,0.7453125,0.9870195612804457,0.9892146815457601
hm-m2-g2-L5p3-n2-beta1__N0320__Aminus_0p02,hm-m2-g2-L5p3-n2-beta1__N0320__Aplus_0p02,hm-m2-g2-L5p3-n2-beta1,320,-0.02,46,0.7618750000000001,0.9873053850244381,0.9894618292473091
hm-m2-g2-L5p3-n2-beta1__N0320__Aminus_0p02,hm-m2-g2-L5p3-n2-beta1__N0320__Aplus_0p02,hm-m2-g2-L5p3-n2-beta1,320,-0.02,47,0.7784375,0.9875961328717398,0.9897130066310664
hm-m2-g2-L5p3-n2-beta1__N0320__Aminus_0p02,hm-m2-g2-L5p3-n2-beta1__N0320__Aplus_0p02,hm-m2-g2-L5p3-n2-beta1,320,-0.02,48,0.795,0.9878917151938394,0.9899681250870774
hm-m2-g2-L5p3-n2-beta1__N0320__Aminus_0p02,hm-m2-g2-L5p3-n2-beta1__N0320__Aplus_0p02,hm-m2-g2-L5p3-n2-beta1,320,-0.02,49,0.8115625000000001,0.9881920403676001,0.9902270944198801
hm-m2-g2-L5p3-n2-beta1__N0320__Aminus_0p02,hm-m2-g2-L5p3-n2-beta1__N0320__Aplus_0p02,hm-m2-g2-L5p3-n2-beta1,320,-0.02,50,0.828125,0.9884970147781696,0.9904898228710852
hm-m2-g2-L5p3-n2-beta1__N0320__Aminus_0p02,hm-m2-g2-L5p3-n2-beta1__N0320__Aplus_0p02,hm-m2-g2-L5p3-n2-beta1,320,-0.02,51,0.8446875,0.9888065428226859,0.9907562171426304
hm-m2-g2-L5p3-n2-beta1__N0320__Aminus_0p02,hm-m2-g2-L5p3-n2-beta1__N0320__Aplus_0p02,hm-m2-g2-L5p3-n2-beta1,320,-0.02,52,0.8612500000000001,0.9891205269148166,0.9910261824207168
hm-m2-g2-L5p3-n2-beta1__N0320__Aminus_0p02,hm-m2-g2-L5p3-n2-beta1__N0320__Aplus_0p02,hm-m2-g2-L5p3-n2-beta1,320,-0.02,53,0.8778125,0.9894388674901776,0.9912996224004371
hm-m2-g2-L5p3-n2-beta1__N0320__Aminus_0p02,hm-m2-g2-L5p3-n2-beta1__N0320__Aplus_0p02,hm-m2-g2-L5p3-n2-beta1,320,-0.02,54,0.894375,0.98976146301267,0.9915764393111018
hm-m2-g2-L5p3-n2-beta1__N0320__Aminus_0p02,hm-m2-g2-L5p3-n2-beta1__N0320__Aplus_0p02,hm-m2-g2-L5p3-n2-beta1,320,-0.02,55,0.9109375000000001,0.9900882099817775,0.9918565339422727
hm-m2-g2-L5p3-n2-beta1__N0320__Aminus_0p02,hm-m2-g2-L5p3-n2-beta1__N0320__Aplus_0p02,hm-m2-g2-L5p3-n2-beta1,320,-0.02,56,0.9275,0.9904190029408685,0.9921398056705087
hm-m2-g2-L5p3-n2-beta1__N0320__Aminus_0p02,hm-m2-g2-L5p3-n2-beta1__N0320__Aplus_0p02,hm-m2-g2-L5p3-n2-beta1,320,-0.02,57,0.9440625,0.990753734486542,0.9924261524868342
hm-m2-g2-L5p3-n2-beta1__N0320__Aminus_0p02,hm-m2-g2-L5p3-n2-beta1__N0320__Aplus_0p02,hm-m2-g2-L5p3-n2-beta1,320,-0.02,58,0.9606250000000001,0.991092295279062,0.9927154710249331
hm-m2-g2-L5p3-n2-beta1__N0320__Aminus_0p02,hm-m2-g2-L5p3-n2-beta1__N0320__Aplus_0p02,hm-m2-g2-L5p3-n2-beta1,320,-0.02,59,0.9771875000000001,0.9914345740539199,0.9930076565900768
hm-m2-g2-L5p3-n2-beta1__N0320__Aminus_0p02,hm-m2-g2-L5p3-n2-beta1__N0320__Aplus_0p02,hm-m2-g2-L5p3-n2-beta1,320,-0.02,60,0.99375,0.991780457634569,0.9933026031887918
hm-m2-g2-L5p3-n2-beta1__N0320__Aminus_0p02,hm-m2-g2-L5p3-n2-beta1__N0320__Aplus_0p02,hm-m2-g2-L5p3-n2-beta1,320,-0.02,61,1.0103125,0.9921298309463707,0.9936002035592708
hm-m2-g2-L5p3-n2-beta1__N0320__Aminus_0p02,hm-m2-g2-L5p3-n2-beta1__N0320__Aplus_0p02,hm-m2-g2-L5p3-n2-beta1,320,-0.02,62,1.026875,0.9924825770317939,0.9939003492025348
hm-m2-g2-L5p3-n2-beta1__N0320__Aminus_0p02,hm-m2-g2-L5p3-n2-beta1__N0320__Aplus_0p02,hm-m2-g2-L5p3-n2-beta1,320,-0.02,63,1.0434375,0.9928385770669085,0.9942029304143465
hm-m2-g2-L5p3-n2-beta1__N0320__Aminus_0p02,hm-m2-g2-L5p3-n2-beta1__N0320__Aplus_0p02,hm-m2-g2-L5p3-n2-beta1,320,-0.02,64,1.06,0.9931977103792142,0.9945078363178828
hm-m2-g2-L5p3-n2-beta1__N0320__Aminus_0p02,hm-m2-g2-L5p3-n2-beta1__N0320__Aplus_0p02,hm-m2-g2-L5p3-n2-beta1,320,-0.02,65,1.0765625,0.9935598544668419,0.9948149548971674
hm-m2-g2-L5p3-n2-beta1__N0320__Aminus_0p02,hm-m2-g2-L5p3-n2-beta1__N0320__Aplus_0p02,hm-m2-g2-L5p3-n2-beta1,320,-0.02,66,1.0931250000000001,0.9939248850191678,0.995124173031267
hm-m2-g2-L5p3-n2-beta1__N0320__Aminus_0p02,hm-m2-g2-L5p3-n2-beta1__N0320__Aplus_0p02,hm-m2-g2-L5p3-n2-beta1,320,-0.02,67,1.1096875000000002,0.9942926759388789,0.9954353765292516
hm-m2-g2-L5p3-n2-beta1__N0320__Aminus_0p02,hm-m2-g2-L5p3-n2-beta1__N0320__Aplus_0p02,hm-m2-g2-L5p3-n2-beta1,320,-0.02,68,1.12625,0.9946630993655271,0.9957484501659231
hm-m2-g2-L5p3-n2-beta1__N0320__Aminus_0p02,hm-m2-g2-L5p3-n2-beta1__N0320__Aplus_0p02,hm-m2-g2-L5p3-n2-beta1,320,-0.02,69,1.1428125,0.9950360257006053,0.996063277718309
hm-m2-g2-L5p3-n2-beta1__N0320__Aminus_0p02,hm-m2-g2-L5p3-n2-beta1__N0320__Aplus_0p02,hm-m2-g2-L5p3-n2-beta1,320,-0.02,70,1.159375,0.9954113236341863,0.9963797420029257
hm-m2-g2-L5p3-n2-beta1__N0320__Aminus_0p02,hm-m2-g2-L5p3-n2-beta1__N0320__Aplus_0p02,hm-m2-g2-L5p3-n2-beta1,320,-0.02,71,1.1759375,0.9957888601731524,0.9966977249138066
hm-m2-g2-L5p3-n2-beta1__N0320__Aminus_0p02,hm-m2-g2-L5p3-n2-beta1__N0320__Aplus_0p02,hm-m2-g2-L5p3-n2-beta1,320,-0.02,72,1.1925000000000001,0.9961685006710542,0.997017107461296
hm-m2-g2-L5p3-n2-beta1__N0320__Aminus_0p02,hm-m2-g2-L5p3-n2-beta1__N0320__Aplus_0p02,hm-m2-g2-L5p3-n2-beta1,320,-0.02,73,1.2090625000000002,0.9965501088596255,0.9973377698116059
hm-m2-g2-L5p3-n2-beta1__N0320__Aminus_0p02,hm-m2-g2-L5p3-n2-beta1__N0320__Aplus_0p02,hm-m2-g2-L5p3-n2-beta1,320,-0.02,74,1.225625,0.9969335468819873,0.9976595913271324
hm-m2-g2-L5p3-n2-beta1__N0320__Aminus_0p02,hm-m2-g2-L5p3-n2-beta1__N0320__Aplus_0p02,hm-m2-g2-L5p3-n2-beta1,320,-0.02,75,1.2421875,0.9973186753275686,0.997982450607527
hm-m2-g2-L5p3-n2-beta1__N0320__Aminus_0p02,hm-m2-g2-L5p3-n2-beta1__N0320__Aplus_0p02,hm-m2-g2-L5p3-n2-beta1,320,-0.02,76,1.25875,0.9977053532687701,0.9983062255315209
hm-m2-g2-L5p3-n2-beta1__N0320__Aminus_0p02,hm-m2-g2-L5p3-n2-beta1__N0320__Aplus_0p02,hm-m2-g2-L5p3-n2-beta1,320,-0.02,77,1.2753125,0.998093438299397,0.9986307932994931
hm-m2-g2-L5p3-n2-beta1__N0320__Aminus_0p02,hm-m2-g2-L5p3-n2-beta1__N0320__Aplus_0p02,hm-m2-g2-L5p3-n2-beta1,320,-0.02,78,1.291875,0.9984827865748838,0.998956030476778
hm-m2-g2-L5p3-n2-beta1__N0320__Aminus_0p02,hm-m2-g2-L5p3-n2-beta1__N0320__Aplus_0p02,hm-m2-g2-L5p3-n2-beta1,320,-0.02,79,1.3084375000000001,0.9988732528543317,0.9992818130377047
hm-m2-g2-L5p3-n2-beta1__N0320__Aminus_0p02,hm-m2-g2-L5p3-n2-beta1__N0320__Aplus_0p02,hm-m2-g2-L5p3-n2-beta1,320,-0.02,80,1.3250000000000002,0.9992646905443788,0.9996080164103598
hm-m2-g2-L5p3-n2-beta1__N0320__Aminus_0p02,hm-m2-g2-L5p3-n2-beta1__N0320__Aplus_0p02,hm-m2-g2-L5p3-n2-beta1,320,-0.02,81,1.3415625,0.9996569517449193,0.9999345155220626
hm-m2-g2-L5p3-n2-beta1__N0320__Aminus_0p02,hm-m2-g2-L5p3-n2-beta1__N0320__Aplus_0p02,hm-m2-g2-L5p3-n2-beta1,320,-0.02,82,1.358125,1.000049887296687,1.0002611848455458
hm-m2-g2-L5p3-n2-beta1__N0320__Aminus_0p02,hm-m2-g2-L5p3-n2-beta1__N0320__Aplus_0p02,hm-m2-g2-L5p3-n2-beta1,320,-0.02,83,1.3746875,1.0004433468307148,1.000587898445827
hm-m2-g2-L5p3-n2-beta1__N0320__Aminus_0p02,hm-m2-g2-L5p3-n2-beta1__N0320__Aplus_0p02,hm-m2-g2-L5p3-n2-beta1,320,-0.02,84,1.39125,1.000837178819681,1.0009145300277598
hm-m2-g2-L5p3-n2-beta1__N0320__Aminus_0p02,hm-m2-g2-L5p3-n2-beta1__N0320__Aplus_0p02,hm-m2-g2-L5p3-n2-beta1,320,-0.02,85,1.4078125000000001,1.001231230631148,1.0012409529842534
hm-m2-g2-L5p3-n2-beta1__N0320__Aminus_0p02,hm-m2-g2-L5p3-n2-beta1__N0320__Aplus_0p02,hm-m2-g2-L5p3-n2-beta1,320,-0.02,86,1.4243750000000002,1.0016253485826994,1.0015670404451422
hm-m2-g2-L5p3-n2-beta1__N0320__Aminus_0p02,hm-m2-g2-L5p3-n2-beta1__N0320__Aplus_0p02,hm-m2-g2-L5p3-n2-beta1,320,-0.02,87,1.4409375,1.0020193779989774,1.0018926653266926
hm-m2-g2-L5p3-n2-beta1__N0320__Aminus_0p02,hm-m2-g2-L5p3-n2-beta1__N0320__Aplus_0p02,hm-m2-g2-L5p3-n2-beta1,320,-0.02,88,1.4575,1.0024131632706184,1.0022177003817316
hm-m2-g2-L5p3-n2-beta1__N0320__Aminus_0p02,hm-m2-g2-L5p3-n2-beta1__N0320__Aplus_0p02,hm-m2-g2-L5p3-n2-beta1,320,-0.02,89,1.4740625,1.0028065479150807,1.002542018250375
hm-m2-g2-L5p3-n2-beta1__N0320__Aminus_0p02,hm-m2-g2-L5p3-n2-beta1__N0320__Aplus_0p02,hm-m2-g2-L5p3-n2-beta1,320,-0.02,90,1.490625,1.0031993746393633,1.0028654915113429
hm-m2-g2-L5p3-n2-beta1__N0320__Aminus_0p02,hm-m2-g2-L5p3-n2-beta1__N0320__Aplus_0p02,hm-m2-g2-L5p3-n2-beta1,320,-0.02,91,1.5071875000000001,1.0035914854045984,1.0031879927338354
hm-m2-g2-L5p3-n2-beta1__N0320__Aminus_0p02,hm-m2-g2-L5p3-n2-beta1__N0320__Aplus_0p02,hm-m2-g2-L5p3-n2-beta1,320,-0.02,92,1.5237500000000002,1.0039827214925083,1.0035093945299558
hm-m2-g2-L5p3-n2-beta1__N0320__Aminus_0p02,hm-m2-g2-L5p3-n2-beta1__N0320__Aplus_0p02,hm-m2-g2-L5p3-n2-beta1,320,-0.02,93,1.5403125,1.004372923573708,1.0038295696076522
hm-m2-g2-L5p3-n2-beta1__N0320__Aminus_0p02,hm-m2-g2-L5p3-n2-beta1__N0320__Aplus_0p02,hm-m2-g2-L5p3-n2-beta1,320,-0.02,94,1.556875,1.0047619317778336,1.0041483908241573
hm-m2-g2-L5p3-n2-beta1__N0320__Aminus_0p02,hm-m2-g2-L5p3-n2-beta1__N0320__Aplus_0p02,hm-m2-g2-L5p3-n2-beta1,320,-0.02,95,1.5734375,1.0051495857654742,1.0044657312399037
hm-m2-g2-L5p3-n2-beta1__N0320__Aminus_0p02,hm-m2-g2-L5p3-n2-beta1__N0320__Aplus_0p02,hm-m2-g2-L5p3-n2-beta1,320,-0.02,96,1.59,1.0055357248018761,1.004781464172887
hm-m2-g2-L5p3-n2-beta1__N0320__Aminus_0p02,hm-m2-g2-L5p3-n2-beta1__N0320__Aplus_0p02,hm-m2-g2-L5p3-n2-beta1,320,-0.02,97,1.6065625000000001,1.0059201878323942,1.0050954632534517
hm-m2-g2-L5p3-n2-beta1__N0320__Aminus_0p02,hm-m2-g2-L5p3-n2-beta1__N0320__Aplus_0p02,hm-m2-g2-L5p3-n2-beta1,320,-0.02,98,1.6231250000000002,1.006302813559649,1.0054076024794707
hm-m2-g2-L5p3-n2-beta1__N0320__Aminus_0p02,hm-m2-g2-L5p3-n2-beta1__N0320__Aplus_0p02,hm-m2-g2-L5p3-n2-beta1,320,-0.02,99,1.6396875000000002,1.0066834405223586,1.0057177562718935
hm-m2-g2-L5p3-n2-beta1__N0320__Aminus_0p02,hm-m2-g2-L5p3-n2-beta1__N0320__Aplus_0p02,hm-m2-g2-L5p3-n2-beta1,320,-0.02,100,1.65625,1.0070619071757982,1.0060257995306292
hm-m2-g2-L5p3-n2-beta1__N0320__Aminus_0p02,hm-m2-g2-L5p3-n2-beta1__N0320__Aplus_0p02,hm-m2-g2-L5p3-n2-beta1,320,-0.02,101,1.6728125,1.0074380519738444,1.0063316076907363
hm-m2-g2-L5p3-n2-beta1__N0320__Aminus_0p02,hm-m2-g2-L5p3-n2-beta1__N0320__Aplus_0p02,hm-m2-g2-L5p3-n2-beta1,320,-0.02,102,1.689375,1.0078117134525524,1.0066350567788869
hm-m2-g2-L5p3-n2-beta1__N0320__Aminus_0p02,hm-m2-g2-L5p3-n2-beta1__N0320__Aplus_0p02,hm-m2-g2-L5p3-n2-beta1,320,-0.02,103,1.7059375,1.008182730315218,1.006936023470073
hm-m2-g2-L5p3-n2-beta1__N0320__Aminus_0p02,hm-m2-g2-L5p3-n2-beta1__N0320__Aplus_0p02,hm-m2-g2-L5p3-n2-beta1,320,-0.02,104,1.7225000000000001,1.0085509415188612,1.0072343851445202
hm-m2-g2-L5p3-n2-beta1__N0320__Aminus_0p02,hm-m2-g2-L5p3-n2-beta1__N0320__Aplus_0p02,hm-m2-g2-L5p3-n2-beta1,320,-0.02,105,1.7390625000000002,1.0089161863620753,1.007530019944775
hm-m2-g2-L5p3-n2-beta1__N0320__Aminus_0p02,hm-m2-g2-L5p3-n2-beta1__N0320__Aplus_0p02,hm-m2-g2-L5p3-n2-beta1,320,-0.02,106,1.755625,1.0092783045741758,1.0078228068329298
hm-m2-g2-L5p3-n2-beta1__N0320__Aminus_0p02,hm-m2-g2-L5p3-n2-beta1__N0320__Aplus_0p02,hm-m2-g2-L5p3-n2-beta1,320,-0.02,107,1.7721875,1.0096371364055818,1.0081126256479496
hm-m2-g2-L5p3-n2-beta1__N0320__Aminus_0p02,hm-m2-g2-L5p3-n2-beta1__N0320__Aplus_0p02,hm-m2-g2-L5p3-n2-beta1,320,-0.02,108,1.78875,1.0099925227193558,1.0083993571630607
hm-m2-g2-L5p3-n2-beta1__N0320__Aminus_0p02,hm-m2-g2-L5p3-n2-beta1__N0320__Aplus_0p02,hm-m2-g2-L5p3-n2-beta1,320,-0.02,109,1.8053125,1.0103443050838292,1.0086828831431671
hm-m2-g2-L5p3-n2-beta1__N0320__Aminus_0p02,hm-m2-g2-L5p3-n2-beta1__N0320__Aplus_0p02,hm-m2-g2-L5p3-n2-beta1,320,-0.02,110,1.8218750000000001,1.0106923258662341,1.0089630864022514
hm-m2-g2-L5p3-n2-beta1__N0320__Aminus_0p02,hm-m2-g2-L5p3-n2-beta1__N0320__Aplus_0p02,hm-m2-g2-L5p3-n2-beta1,320,-0.02,111,1.8384375000000002,1.0110364283272577,1.009239850860723
hm-m2-g2-L5p3-n2-beta1__N0320__Aminus_0p02,hm-m2-g2-L5p3-n2-beta1__N0320__Aplus_0p02,hm-m2-g2-L5p3-n2-beta1,320,-0.02,112,1.855,1.0113764567164347,1.0095130616026713
hm-m2-g2-L5p3-n2-beta1__N0320__Aminus_0p02,hm-m2-g2-L5p3-n2-beta1__N0320__Aplus_0p02,hm-m2-g2-L5p3-n2-beta1,320,-0.02,113,1.8715625,1.0117122563682868,1.0097826049329837
hm-m2-g2-L5p3-n2-beta1__N0320__Aminus_0p02,hm-m2-g2-L5p3-n2-beta1__N0320__Aplus_0p02,hm-m2-g2-L5p3-n2-beta1,320,-0.02,114,1.888125,1.01204367379912,1.0100483684342851
hm-m2-g2-L5p3-n2-beta1__N0320__Aminus_0p02,hm-m2-g2-L5p3-n2-beta1__N0320__Aplus_0p02,hm-m2-g2-L5p3-n2-beta1,320,-0.02,115,1.9046875,1.0123705568043802,1.0103102410236589
hm-m2-g2-L5p3-n2-beta1__N0320__Aminus_0p02,hm-m2-g2-L5p3-n2-beta1__N0320__Aplus_0p02,hm-m2-g2-L5p3-n2-beta1,320,-0.02,116,1.9212500000000001,1.0126927545564703,1.0105681130091013
hm-m2-g2-L5p3-n2-beta1__N0320__Aminus_0p02,hm-m2-g2-L5p3-n2-beta1__N0320__Aplus_0p02,hm-m2-g2-L5p3-n2-beta1,320,-0.02,117,1.9378125000000002,1.0130101177029291,1.010821876145671
hm-m2-g2-L5p3-n2-beta1__N0320__Aminus_0p02,hm-m2-g2-L5p3-n2-beta1__N0320__Aplus_0p02,hm-m2-g2-L5p3-n2-beta1,320,-0.02,118,1.9543750000000002,1.0133224984648628,1.0110714236912852
hm-m2-g2-L5p3-n2-beta1__N0320__Aminus_0p02,hm-m2-g2-L5p3-n2-beta1__N0320__Aplus_0p02,hm-m2-g2-L5p3-n2-beta1,320,-0.02,119,1.9709375,1.0136297507355265,1.0113166504621212
hm-m2-g2-L5p3-n2-beta1__N0320__Aminus_0p02,hm-m2-g2-L5p3-n2-beta1__N0320__Aplus_0p02,hm-m2-g2-L5p3-n2-beta1,320,-0.02,120,1.9875,1.013931730178945,1.0115574528875755
hm-m2-g2-L5p3-n2-beta1__N0320__Aminus_0p02,hm-m2-g2-L5p3-n2-beta1__N0320__Aplus_0p02,hm-m2-g2-L5p3-n2-beta1,320,-0.02,121,2.0040625000000003,1.01422829432846,1.0117937290647372
hm-m2-g2-L5p3-n2-beta1__N0320__Aminus_0p02,hm-m2-g2-L5p3-n2-beta1__N0320__Aplus_0p02,hm-m2-g2-L5p3-n2-beta1,320,-0.02,122,2.020625,1.0145193026850914,1.0120253788123288
hm-m2-g2-L5p3-n2-beta1__N0320__Aminus_0p02,hm-m2-g2-L5p3-n2-beta1__N0320__Aplus_0p02,hm-m2-g2-L5p3-n2-beta1,320,-0.02,123,2.0371875,1.0148046168155958,1.0122523037240694
hm-m2-g2-L5p3-n2-beta1__N0320__Aminus_0p02,hm-m2-g2-L5p3-n2-beta1__N0320__Aplus_0p02,hm-m2-g2-L5p3-n2-beta1,320,-0.02,124,2.05375,1.015084100450105,1.0124744072214154
hm-m2-g2-L5p3-n2-beta1__N0320__Aminus_0p02,hm-m2-g2-L5p3-n2-beta1__N0320__Aplus_0p02,hm-m2-g2-L5p3-n2-beta1,320,-0.02,125,2.0703125,1.0153576195792267,1.012691594605631
hm-m2-g2-L5p3-n2-beta1__N0320__Aminus_0p02,hm-m2-g2-L5p3-n2-beta1__N0320__Aplus_0p02,hm-m2-g2-L5p3-n2-beta1,320,-0.02,126,2.086875,1.0156250425504851,1.012903773109144
hm-m2-g2-L5p3-n2-beta1__N0320__Aminus_0p02,hm-m2-g2-L5p3-n2-beta1__N0320__Aplus_0p02,hm-m2-g2-L5p3-n2-beta1,320,-0.02,127,2.1034375,1.015886240163981,1.0131108519461398
hm-m2-g2-L5p3-n2-beta1__N0320__Aminus_0p02,hm-m2-g2-L5p3-n2-beta1__N0320__Aplus_0p02,hm-m2-g2-L5p3-n2-beta1,320,-0.02,128,2.12,1.016141085767149,1.0133127423623514
hm-m2-g2-L5p3-n2-beta1__N0320__Aminus_0p02,hm-m2-g2-L5p3-n2-beta1__N0320__Aplus_0p02,hm-m2-g2-L5p3-n2-beta1,320,-0.02,129,2.1365625,1.0163894553484893,1.0135093576839953
hm-m2-g2-L5p3-n2-beta1__N0320__Aminus_0p02,hm-m2-g2-L5p3-n2-beta1__N0320__Aplus_0p02,hm-m2-g2-L5p3-n2-beta1,320,-0.02,130,2.153125,1.0166312276301521,1.0137006133658122
hm-m2-g2-L5p3-n2-beta1__N0320__Aminus_0p02,hm-m2-g2-L5p3-n2-beta1__N0320__Aplus_0p02,hm-m2-g2-L5p3-n2-beta1,320,-0.02,131,2.1696875,1.0168662841592457,1.0138864270381653
hm-m2-g2-L5p3-n2-beta1__N0320__Aminus_0p02,hm-m2-g2-L5p3-n2-beta1__N0320__Aplus_0p02,hm-m2-g2-L5p3-n2-beta1,320,-0.02,132,2.1862500000000002,1.0170945093977535,1.0140667185531536
hm-m2-g2-L5p3-n2-beta1__N0320__Aminus_0p02,hm-m2-g2-L5p3-n2-beta1__N0320__Aplus_0p02,hm-m2-g2-L5p3-n2-beta1,320,-0.02,133,2.2028125000000003,1.0173157908109298,1.0142414100296961
hm-m2-g2-L5p3-n2-beta1__N0320__Aminus_0p02,hm-m2-g2-L5p3-n2-beta1__N0320__Aplus_0p02,hm-m2-g2-L5p3-n2-beta1,320,-0.02,134,2.2193750000000003,1.0175300189540564,1.0144104258975433
hm-m2-g2-L5p3-n2-beta1__N0320__Aminus_0p02,hm-m2-g2-L5p3-n2-beta1__N0320__Aplus_0p02,hm-m2-g2-L5p3-n2-beta1,320,-0.02,135,2.2359375,1.0177370875574374,1.0145736929401725
hm-m2-g2-L5p3-n2-beta1__N0320__Aminus_0p02,hm-m2-g2-L5p3-n2-beta1__N0320__Aplus_0p02,hm-m2-g2-L5p3-n2-beta1,320,-0.02,136,2.2525,1.0179368936095112,1.014731140336529
hm-m2-g2-L5p3-n2-beta1__N0320__Aminus_0p02,hm-m2-g2-L5p3-n2-beta1__N0320__Aplus_0p02,hm-m2-g2-L5p3-n2-beta1,320,-0.02,137,2.2690625,1.018129337437963,1.0148826997015663
hm-m2-g2-L5p3-n2-beta1__N0320__Aminus_0p02,hm-m2-g2-L5p3-n2-beta1__N0320__Aplus_0p02,hm-m2-g2-L5p3-n2-beta1,320,-0.02,138,2.285625,1.0183143227887195,1.0150283051255518
hm-m2-g2-L5p3-n2-beta1__N0320__Aminus_0p02,hm-m2-g2-L5p3-n2-beta1__N0320__Aplus_0p02,hm-m2-g2-L5p3-n2-beta1,320,-0.02,139,2.3021875,1.0184917569027112,1.0151678932120929
hm-m2-g2-L5p3-n2-beta1__N0320__Aminus_0p02,hm-m2-g2-L5p3-n2-beta1__N0320__Aplus_0p02,hm-m2-g2-L5p3-n2-beta1,320,-0.02,140,2.31875,1.0186615505902896,1.0153014031148493
hm-m2-g2-L5p3-n2-beta1__N0320__Aminus_0p02,hm-m2-g2-L5p3-n2-beta1__N0320__Aplus_0p02,hm-m2-g2-L5p3-n2-beta1,320,-0.02,141,2.3353125,1.0188236183031893,1.0154287765728924
hm-m2-g2-L5p3-n2-beta1__N0320__Aminus_0p02,hm-m2-g2-L5p3-n2-beta1__N0320__Aplus_0p02,hm-m2-g2-L5p3-n2-beta1,320,-0.02,142,2.351875,1.0189778782039278,1.0155499579446772
hm-m2-g2-L5p3-n2-beta1__N0320__Aminus_0p02,hm-m2-g2-L5p3-n2-beta1__N0320__Aplus_0p02,hm-m2-g2-L5p3-n2-beta1,320,-0.02,143,2.3684375,1.0191242522325379,1.01566489424059
hm-m2-g2-L5p3-n2-beta1__N0320__Aminus_0p02,hm-m2-g2-L5p3-n2-beta1__N0320__Aplus_0p02,hm-m2-g2-L5p3-n2-beta1,320,-0.02,144,2.3850000000000002,1.019262666170532,1.01577353515404
hm-m2-g2-L5p3-n2-beta1__N0320__Aminus_0p02,hm-m2-g2-L5p3-n2-beta1__N0320__Aplus_0p02,hm-m2-g2-L5p3-n2-beta1,320,-0.02,145,2.4015625000000003,1.0193930497020012,1.015875833091063
hm-m2-g2-L5p3-n2-beta1__N0320__Aminus_0p02,hm-m2-g2-L5p3-n2-beta1__N0320__Aplus_0p02,hm-m2-g2-L5p3-n2-beta1,320,-0.02,146,2.4181250000000003,1.0195153364717546,1.0159717431984046
hm-m2-g2-L5p3-n2-beta1__N0320__Aminus_0p02,hm-m2-g2-L5p3-n2-beta1__N0320__Aplus_0p02,hm-m2-g2-L5p3-n2-beta1,320,-0.02,147,2.4346875000000003,1.0196294641404104,1.016061223390054
hm-m2-g2-L5p3-n2-beta1__N0320__Aminus_0p02,hm-m2-g2-L5p3-n2-beta1__N0320__Aplus_0p02,hm-m2-g2-L5p3-n2-beta1,320,-0.02,148,2.45125,1.019735374436351,1.016144234372202
hm-m2-g2-L5p3-n2-beta1__N0320__Aminus_0p02,hm-m2-g2-L5p3-n2-beta1__N0320__Aplus_0p02,hm-m2-g2-L5p3-n2-beta1,320,-0.02,149,2.4678125,1.0198330132044633,1.0162207396665957
hm-m2-g2-L5p3-n2-beta1__N0320__Aminus_0p02,hm-m2-g2-L5p3-n2-beta1__N0320__Aplus_0p02,hm-m2-g2-L5p3-n2-beta1,320,-0.02,150,2.484375,1.0199223304515856,1.0162907056322636
hm-m2-g2-L5p3-n2-beta1__N0320__Aminus_0p02,hm-m2-g2-L5p3-n2-beta1__N0320__Aplus_0p02,hm-m2-g2-L5p3-n2-beta1,320,-0.02,151,2.5009375,1.0200032803885926,1.016354101485593
hm-m2-g2-L5p3-n2-beta1__N0320__Aminus_0p02,hm-m2-g2-L5p3-n2-beta1__N0320__Aplus_0p02,hm-m2-g2-L5p3-n2-beta1,320,-0.02,152,2.5175,1.020075821469048,1.0164108993187309
hm-m2-g2-L5p3-n2-beta1__N0320__Aminus_0p02,hm-m2-g2-L5p3-n2-beta1__N0320__Aplus_0p02,hm-m2-g2-L5p3-n2-beta1,320,-0.02,153,2.5340625,1.0201399164243659,1.016461074116295
hm-m2-g2-L5p3-n2-beta1__N0320__Aminus_0p02,hm-m2-g2-L5p3-n2-beta1__N0320__Aplus_0p02,hm-m2-g2-L5p3-n2-beta1,320,-0.02,154,2.550625,1.0201955322954246,1.0165046037703749
hm-m2-g2-L5p3-n2-beta1__N0320__Aminus_0p02,hm-m2-g2-L5p3-n2-beta1__N0320__Aplus_0p02,hm-m2-g2-L5p3-n2-beta1,320,-0.02,155,2.5671875,1.0202426404605818,1.0165414690938055
hm-m2-g2-L5p3-n2-beta1__N0320__Aminus_0p02,hm-m2-g2-L5p3-n2-beta1__N0320__Aplus_0p02,hm-m2-g2-L5p3-n2-beta1,320,-0.02,156,2.58375,1.0202812166600452,1.016571653831701
hm-m2-g2-L5p3-n2-beta1__N0320__Aminus_0p02,hm-m2-g2-L5p3-n2-beta1__N0320__Aplus_0p02,hm-m2-g2-L5p3-n2-beta1,320,-0.02,157,2.6003125000000002,1.0203112410165631,1.0165951446712342
hm-m2-g2-L5p3-n2-beta1__N0320__Aminus_0p02,hm-m2-g2-L5p3-n2-beta1__N0320__Aplus_0p02,hm-m2-g2-L5p3-n2-beta1,320,-0.02,158,2.6168750000000003,1.0203326980523963,1.0166119312496544
hm-m2-g2-L5p3-n2-beta1__N0320__Aminus_0p02,hm-m2-g2-L5p3-n2-beta1__N0320__Aplus_0p02,hm-m2-g2-L5p3-n2-beta1,320,-0.02,159,2.6334375000000003,1.0203455767025487,1.0166220061605304
hm-m2-g2-L5p3-n2-beta1__N0320__Aminus_0p02,hm-m2-g2-L5p3-n2-beta1__N0320__Aplus_0p02,hm-m2-g2-L5p3-n2-beta1,320,-0.02,160,2.6500000000000004,1.020349870324232,1.0166253649582164
hm-m2-g2-L5p3-n2-beta1__N0320__Aminus_0p02,hm-m2-g2-L5p3-n2-beta1__N0320__Aplus_0p02,hm-m2-g2-L5p3-n2-beta1,320,-0.02,161,2.6665625,1.0203455767025518,1.0166220061605322
hm-m2-g2-L5p3-n2-beta1__N0320__Aminus_0p02,hm-m2-g2-L5p3-n2-beta1__N0320__Aplus_0p02,hm-m2-g2-L5p3-n2-beta1,320,-0.02,162,2.683125,1.0203326980524023,1.016611931249658
hm-m2-g2-L5p3-n2-beta1__N0320__Aminus_0p02,hm-m2-g2-L5p3-n2-beta1__N0320__Aplus_0p02,hm-m2-g2-L5p3-n2-beta1,320,-0.02,163,2.6996875,1.0203112410165722,1.0165951446712396
hm-m2-g2-L5p3-n2-beta1__N0320__Aminus_0p02,hm-m2-g2-L5p3-n2-beta1__N0320__Aplus_0p02,hm-m2-g2-L5p3-n2-beta1,320,-0.02,164,2.71625,1.0202812166600572,1.016571653831708
hm-m2-g2-L5p3-n2-beta1__N0320__Aminus_0p02,hm-m2-g2-L5p3-n2-beta1__N0320__Aplus_0p02,hm-m2-g2-L5p3-n2-beta1,320,-0.02,165,2.7328125,1.0202426404605967,1.0165414690938144
hm-m2-g2-L5p3-n2-beta1__N0320__Aminus_0p02,hm-m2-g2-L5p3-n2-beta1__N0320__Aplus_0p02,hm-m2-g2-L5p3-n2-beta1,320,-0.02,166,2.749375,1.0201955322954426,1.0165046037703853
hm-m2-g2-L5p3-n2-beta1__N0320__Aminus_0p02,hm-m2-g2-L5p3-n2-beta1__N0320__Aplus_0p02,hm-m2-g2-L5p3-n2-beta1,320,-0.02,167,2.7659375,1.0201399164243867,1.016461074116307
hm-m2-g2-L5p3-n2-beta1__N0320__Aminus_0p02,hm-m2-g2-L5p3-n2-beta1__N0320__Aplus_0p02,hm-m2-g2-L5p3-n2-beta1,320,-0.02,168,2.7825,1.020075821469072,1.0164108993187444
hm-m2-g2-L5p3-n2-beta1__N0320__Aminus_0p02,hm-m2-g2-L5p3-n2-beta1__N0320__Aplus_0p02,hm-m2-g2-L5p3-n2-beta1,320,-0.02,169,2.7990625000000002,1.0200032803886194,1.0163541014856083
hm-m2-g2-L5p3-n2-beta1__N0320__Aminus_0p02,hm-m2-g2-L5p3-n2-beta1__N0320__Aplus_0p02,hm-m2-g2-L5p3-n2-beta1,320,-0.02,170,2.8156250000000003,1.0199223304516154,1.0162907056322805
hm-m2-g2-L5p3-n2-beta1__N0320__Aminus_0p02,hm-m2-g2-L5p3-n2-beta1__N0320__Aplus_0p02,hm-m2-g2-L5p3-n2-beta1,320,-0.02,171,2.8321875000000003,1.019833013204496,1.016220739666614
hm-m2-g2-L5p3-n2-beta1__N0320__Aminus_0p02,hm-m2-g2-L5p3-n2-beta1__N0320__Aplus_0p02,hm-m2-g2-L5p3-n2-beta1,320,-0.02,172,2.8487500000000003,1.0197353744363866,1.0161442343722222
hm-m2-g2-L5p3-n2-beta1__N0320__Aminus_0p02,hm-m2-g2-L5p3-n2-beta1__N0320__Aplus_0p02,hm-m2-g2-L5p3-n2-beta1,320,-0.02,173,2.8653125,1.0196294641404489,1.0160612233900757
hm-m2-g2-L5p3-n2-beta1__N0320__Aminus_0p02,hm-m2-g2-L5p3-n2-beta1__N0320__Aplus_0p02,hm-m2-g2-L5p3-n2-beta1,320,-0.02,174,2.881875,1.0195153364717957,1.0159717431984279
hm-m2-g2-L5p3-n2-beta1__N0320__Aminus_0p02,hm-m2-g2-L5p3-n2-beta1__N0320__Aplus_0p02,hm-m2-g2-L5p3-n2-beta1,320,-0.02,175,2.8984375,1.0193930497020451,1.0158758330910878
hm-m2-g2-L5p3-n2-beta1__N0320__Aminus_0p02,hm-m2-g2-L5p3-n2-beta1__N0320__Aplus_0p02,hm-m2-g2-L5p3-n2-beta1,320,-0.02,176,2.915,1.0192626661705788,1.015773535154066
hm-m2-g2-L5p3-n2-beta1__N0320__Aminus_0p02,hm-m2-g2-L5p3-n2-beta1__N0320__Aplus_0p02,hm-m2-g2-L5p3-n2-beta1,320,-0.02,177,2.9315625,1.0191242522325876,1.0156648942406175
hm-m2-g2-L5p3-n2-beta1__N0320__Aminus_0p02,hm-m2-g2-L5p3-n2-beta1__N0320__Aplus_0p02,hm-m2-g2-L5p3-n2-beta1,320,-0.02,178,2.948125,1.0189778782039802,1.0155499579447063
hm-m2-g2-L5p3-n2-beta1__N0320__Aminus_0p02,hm-m2-g2-L5p3-n2-beta1__N0320__Aplus_0p02,hm-m2-g2-L5p3-n2-beta1,320,-0.02,179,2.9646875,1.0188236183032444,1.0154287765729226
hm-m2-g2-L5p3-n2-beta1__N0320__Aminus_0p02,hm-m2-g2-L5p3-n2-beta1__N0320__Aplus_0p02,hm-m2-g2-L5p3-n2-beta1,320,-0.02,180,2.98125,1.0186615505903471,1.0153014031148806
hm-m2-g2-L5p3-n2-beta1__N0320__Aminus_0p02,hm-m2-g2-L5p3-n2-beta1__N0320__Aplus_0p02,hm-m2-g2-L5p3-n2-beta1,320,-0.02,181,2.9978125,1.0184917569027714,1.0151678932121253
hm-m2-g2-L5p3-n2-beta1__N0320__Aminus_0p02,hm-m2-g2-L5p3-n2-beta1__N0320__Aplus_0p02,hm-m2-g2-L5p3-n2-beta1,320,-0.02,182,3.0143750000000002,1.0183143227887823,1.0150283051255855
hm-m2-g2-L5p3-n2-beta1__N0320__Aminus_0p02,hm-m2-g2-L5p3-n2-beta1__N0320__Aplus_0p02,hm-m2-g2-L5p3-n2-beta1,320,-0.02,183,3.0309375000000003,1.0181293374380285,1.0148826997016014
hm-m2-g2-L5p3-n2-beta1__N0320__Aminus_0p02,hm-m2-g2-L5p3-n2-beta1__N0320__Aplus_0p02,hm-m2-g2-L5p3-n2-beta1,320,-0.02,184,3.0475000000000003,1.0179368936095792,1.0147311403365653
hm-m2-g2-L5p3-n2-beta1__N0320__Aminus_0p02,hm-m2-g2-L5p3-n2-beta1__N0320__Aplus_0p02,hm-m2-g2-L5p3-n2-beta1,320,-0.02,185,3.0640625000000004,1.0177370875575078,1.0145736929402103
hm-m2-g2-L5p3-n2-beta1__N0320__Aminus_0p02,hm-m2-g2-L5p3-n2-beta1__N0320__Aplus_0p02,hm-m2-g2-L5p3-n2-beta1,320,-0.02,186,3.080625,1.0175300189541292,1.0144104258975821
hm-m2-g2-L5p3-n2-beta1__N0320__Aminus_0p02,hm-m2-g2-L5p3-n2-beta1__N0320__Aplus_0p02,hm-m2-g2-L5p3-n2-beta1,320,-0.02,187,3.0971875,1.0173157908110049,1.0142414100297361
hm-m2-g2-L5p3-n2-beta1__N0320__Aminus_0p02,hm-m2-g2-L5p3-n2-beta1__N0320__Aplus_0p02,hm-m2-g2-L5p3-n2-beta1,320,-0.02,188,3.11375,1.017094509397831,1.0140667185531946
hm-m2-g2-L5p3-n2-beta1__N0320__Aminus_0p02,hm-m2-g2-L5p3-n2-beta1__N0320__Aplus_0p02,hm-m2-g2-L5p3-n2-beta1,320,-0.02,189,3.1303125,1.0168662841593255,1.0138864270382075
hm-m2-g2-L5p3-n2-beta1__N0320__Aminus_0p02,hm-m2-g2-L5p3-n2-beta1__N0320__Aplus_0p02,hm-m2-g2-L5p3-n2-beta1,320,-0.02,190,3.146875,1.016631227630234,1.013700613365856
hm-m2-g2-L5p3-n2-beta1__N0320__Aminus_0p02,hm-m2-g2-L5p3-n2-beta1__N0320__Aplus_0p02,hm-m2-g2-L5p3-n2-beta1,320,-0.02,191,3.1634375,1.0163894553485735,1.0135093576840404
hm-m2-g2-L5p3-n2-beta1__N0320__Aminus_0p02,hm-m2-g2-L5p3-n2-beta1__N0320__Aplus_0p02,hm-m2-g2-L5p3-n2-beta1,320,-0.02,192,3.18,1.016141085767235,1.0133127423623978
hm-m2-g2-L5p3-n2-beta1__N0320__Aminus_0p02,hm-m2-g2-L5p3-n2-beta1__N0320__Aplus_0p02,hm-m2-g2-L5p3-n2-beta1,320,-0.02,193,3.1965625,1.0158862401640691,1.0131108519461873
hm-m2-g2-L5p3-n2-beta1__N0320__Aminus_0p02,hm-m2-g2-L5p3-n2-beta1__N0320__Aplus_0p02,hm-m2-g2-L5p3-n2-beta1,320,-0.02,194,3.2131250000000002,1.0156250425505753,1.0129037731091926
hm-m2-g2-L5p3-n2-beta1__N0320__Aminus_0p02,hm-m2-g2-L5p3-n2-beta1__N0320__Aplus_0p02,hm-m2-g2-L5p3-n2-beta1,320,-0.02,195,3.2296875000000003,1.0153576195793188,1.012691594605681
hm-m2-g2-L5p3-n2-beta1__N0320__Aminus_0p02,hm-m2-g2-L5p3-n2-beta1__N0320__Aplus_0p02,hm-m2-g2-L5p3-n2-beta1,320,-0.02,196,3.2462500000000003,1.015084100450199,1.0124744072214666
hm-m2-g2-L5p3-n2-beta1__N0320__Aminus_0p02,hm-m2-g2-L5p3-n2-beta1__N0320__Aplus_0p02,hm-m2-g2-L5p3-n2-beta1,320,-0.02,197,3.2628125000000003,1.0148046168156915,1.012252303724122
hm-m2-g2-L5p3-n2-beta1__N0320__Aminus_0p02,hm-m2-g2-L5p3-n2-beta1__N0320__Aplus_0p02,hm-m2-g2-L5p3-n2-beta1,320,-0.02,198,3.2793750000000004,1.014519302685189,1.012025378812383
hm-m2-g2-L5p3-n2-beta1__N0320__Aminus_0p02,hm-m2-g2-L5p3-n2-beta1__N0320__Aplus_0p02,hm-m2-g2-L5p3-n2-beta1,320,-0.02,199,3.2959375,1.0142282943285594,1.0117937290647934
hm-m2-g2-L5p3-n2-beta1__N0320__Aminus_0p02,hm-m2-g2-L5p3-n2-beta1__N0320__Aplus_0p02,hm-m2-g2-L5p3-n2-beta1,320,-0.02,200,3.3125,1.013931730179046,1.0115574528876334
hm-m2-g2-L5p3-n2-beta1__N0320__Aminus_0p02,hm-m2-g2-L5p3-n2-beta1__N0320__Aplus_0p02,hm-m2-g2-L5p3-n2-beta1,320,-0.02,201,3.3290625,1.013629750735629,1.0113166504621809
hm-m2-g2-L5p3-n2-beta1__N0320__Aminus_0p02,hm-m2-g2-L5p3-n2-beta1__N0320__Aplus_0p02,hm-m2-g2-L5p3-n2-beta1,320,-0.02,202,3.345625,1.013322498464967,1.011071423691347
hm-m2-g2-L5p3-n2-beta1__N0320__Aminus_0p02,hm-m2-g2-L5p3-n2-beta1__N0320__Aplus_0p02,hm-m2-g2-L5p3-n2-beta1,320,-0.02,203,3.3621875,1.0130101177030346,1.0108218761457346
hm-m2-g2-L5p3-n2-beta1__N0320__Aminus_0p02,hm-m2-g2-L5p3-n2-beta1__N0320__Aplus_0p02,hm-m2-g2-L5p3-n2-beta1,320,-0.02,204,3.37875,1.0126927545565771,1.0105681130091668
hm-m2-g2-L5p3-n2-beta1__N0320__Aminus_0p02,hm-m2-g2-L5p3-n2-beta1__N0320__Aplus_0p02,hm-m2-g2-L5p3-n2-beta1,320,-0.02,205,3.3953125,1.0123705568044883,1.0103102410237261
hm-m2-g2-L5p3-n2-beta1__N0320__Aminus_0p02,hm-m2-g2-L5p3-n2-beta1__N0320__Aplus_0p02,hm-m2-g2-L5p3-n2-beta1,320,-0.02,206,3.411875,1.0120436737992295,1.010048368434354
hm-m2-g2-L5p3-n2-beta1__N0320__Aminus_0p02,hm-m2-g2-L5p3-n2-beta1__N0320__Aplus_0p02,hm-m2-g2-L5p3-n2-beta1,320,-0.02,207,3.4284375000000002,1.0117122563683973,1.009782604933054
hm-m2-g2-L5p3-n2-beta1__N0320__Aminus_0p02,hm-m2-g2-L5p3-n2-beta1__N0320__Aplus_0p02,hm-m2-g2-L5p3-n2-beta1,320,-0.02,208,3.4450000000000003,1.0113764567165464,1.0095130616027432
hm-m2-g2-L5p3-n2-beta1__N0320__Aminus_0p02,hm-m2-g2-L5p3-n2-beta1__N0320__Aplus_0p02,hm-m2-g2-L5p3-n2-beta1,320,-0.02,209,3.4615625000000003,1.0110364283273707,1.0092398508607967
hm-m2-g2-L5p3-n2-beta1__N0320__Aminus_0p02,hm-m2-g2-L5p3-n2-beta1__N0320__Aplus_0p02,hm-m2-g2-L5p3-n2-beta1,320,-0.02,210,3.4781250000000004,1.010692325866348,1.008963086402327
hm-m2-g2-L5p3-n2-beta1__N0320__Aminus_0p02,hm-m2-g2-L5p3-n2-beta1__N0320__Aplus_0p02,hm-m2-g2-L5p3-n2-beta1,320,-0.02,211,3.4946875000000004,1.010344305083944,1.0086828831432444
hm-m2-g2-L5p3-n2-beta1__N0320__Aminus_0p02,hm-m2-g2-L5p3-n2-beta1__N0320__Aplus_0p02,hm-m2-g2-L5p3-n2-beta1,320,-0.02,212,3.51125,1.0099925227194715,1.0083993571631398
hm-m2-g2-L5p3-n2-beta1__N0320__Aminus_0p02,hm-m2-g2-L5p3-n2-beta1__N0320__Aplus_0p02,hm-m2-g2-L5p3-n2-beta1,320,-0.02,213,3.5278125,1.0096371364056984,1.0081126256480306
hm-m2-g2-L5p3-n2-beta1__N0320__Aminus_0p02,hm-m2-g2-L5p3-n2-beta1__N0320__Aplus_0p02,hm-m2-g2-L5p3-n2-beta1,320,-0.02,214,3.544375,1.0092783045742932,1.0078228068330128
hm-m2-g2-L5p3-n2-beta1__N0320__Aminus_0p02,hm-m2-g2-L5p3-n2-beta1__N0320__Aplus_0p02,hm-m2-g2-L5p3-n2-beta1,320,-0.02,215,3.5609375,1.0089161863621934,1.00753001994486
hm-m2-g2-L5p3-n2-beta1__N0320__Aminus_0p02,hm-m2-g2-L5p3-n2-beta1__N0320__Aplus_0p02,hm-m2-g2-L5p3-n2-beta1,320,-0.02,216,3.5775,1.00855094151898,1.0072343851446073
hm-m2-g2-L5p3-n2-beta1__N0320__Aminus_0p02,hm-m2-g2-L5p3-n2-beta1__N0320__Aplus_0p02,hm-m2-g2-L5p3-n2-beta1,320,-0.02,217,3.5940625,1.0081827303153374,1.0069360234701619
hm-m2-g2-L5p3-n2-beta1__N0320__Aminus_0p02,hm-m2-g2-L5p3-n2-beta1__N0320__Aplus_0p02,hm-m2-g2-L5p3-n2-beta1,320,-0.02,218,3.610625,1.0078117134526725,1.0066350567789777
hm-m2-g2-L5p3-n2-beta1__N0320__Aminus_0p02,hm-m2-g2-L5p3-n2-beta1__N0320__Aplus_0p02,hm-m2-g2-L5p3-n2-beta1,320,-0.02,219,3.6271875000000002,1.0074380519739647,1.006331607690829
hm-m2-g2-L5p3-n2-beta1__N0320__Aminus_0p02,hm-m2-g2-L5p3-n2-beta1__N0320__Aplus_0p02,hm-m2-g2-L5p3-n2-beta1,320,-0.02,220,3.6437500000000003,1.0070619071759193,1.006025799530724
hm-m2-g2-L5p3-n2-beta1__N0320__Aminus_0p02,hm-m2-g2-L5p3-n2-beta1__N0320__Aplus_0p02,hm-m2-g2-L5p3-n2-beta1,320,-0.02,221,3.6603125000000003,1.0066834405224798,1.0057177562719903
hm-m2-g2-L5p3-n2-beta1__N0320__Aminus_0p02,hm-m2-g2-L5p3-n2-beta1__N0320__Aplus_0p02,hm-m2-g2-L5p3-n2-beta1,320,-0.02,222,3.6768750000000003,1.0063028135597705,1.0054076024795693
hm-m2-g2-L5p3-n2-beta1__N0320__Aminus_0p02,hm-m2-g2-L5p3-n2-beta1__N0320__Aplus_0p02,hm-m2-g2-L5p3-n2-beta1,320,-0.02,223,3.6934375000000004,1.0059201878325161,1.0050954632535523
hm-m2-g2-L5p3-n2-beta1__N0320__Aminus_0p02,hm-m2-g2-L5p3-n2-beta1__N0320__Aplus_0p02,hm-m2-g2-L5p3-n2-beta1,320,-0.02,224,3.71,1.0055357248019983,1.0047814641729895
hm-m2-g2-L5p3-n2-beta1__N0320__Aminus_0p02,hm-m2-g2-L5p3-n2-beta1__N0320__Aplus_0p02,hm-m2-g2-L5p3-n2-beta1,320,-0.02,225,3.7265625,1.0051495857655963,1.0044657312400078
hm-m2-g2-L5p3-n2-beta1__N0320__Aminus_0p02,hm-m2-g2-L5p3-n2-beta1__N0320__Aplus_0p02,hm-m2-g2-L5p3-n2-beta1,320,-0.02,226,3.743125,1.0047619317779561,1.0041483908242632
hm-m2-g2-L5p3-n2-beta1__N0320__Aminus_0p02,hm-m2-g2-L5p3-n2-beta1__N0320__Aplus_0p02,hm-m2-g2-L5p3-n2-beta1,320,-0.02,227,3.7596875,1.0043729235738303,1.0038295696077597
hm-m2-g2-L5p3-n2-beta1__N0320__Aminus_0p02,hm-m2-g2-L5p3-n2-beta1__N0320__Aplus_0p02,hm-m2-g2-L5p3-n2-beta1,320,-0.02,228,3.77625,1.003982721492631,1.0035093945300648
hm-m2-g2-L5p3-n2-beta1__N0320__Aminus_0p02,hm-m2-g2-L5p3-n2-beta1__N0320__Aplus_0p02,hm-m2-g2-L5p3-n2-beta1,320,-0.02,229,3.7928125,1.003591485404721,1.0031879927339455
hm-m2-g2-L5p3-n2-beta1__N0320__Aminus_0p02,hm-m2-g2-L5p3-n2-beta1__N0320__Aplus_0p02,hm-m2-g2-L5p3-n2-beta1,320,-0.02,230,3.809375,1.0031993746394858,1.0028654915114543
hm-m2-g2-L5p3-n2-beta1__N0320__Aminus_0p02,hm-m2-g2-L5p3-n2-beta1__N0320__Aplus_0p02,hm-m2-g2-L5p3-n2-beta1,320,-0.02,231,3.8259375,1.002806547915203,1.002542018250488
hm-m2-g2-L5p3-n2-beta1__N0320__Aminus_0p02,hm-m2-g2-L5p3-n2-beta1__N0320__Aplus_0p02,hm-m2-g2-L5p3-n2-beta1,320,-0.02,232,3.8425000000000002,1.0024131632707407,1.002217700381846
hm-m2-g2-L5p3-n2-beta1__N0320__Aminus_0p02,hm-m2-g2-L5p3-n2-beta1__N0320__Aplus_0p02,hm-m2-g2-L5p3-n2-beta1,320,-0.02,233,3.8590625000000003,1.0020193779990996,1.0018926653268083
hm-m2-g2-L5p3-n2-beta1__N0320__Aminus_0p02,hm-m2-g2-L5p3-n2-beta1__N0320__Aplus_0p02,hm-m2-g2-L5p3-n2-beta1,320,-0.02,234,3.8756250000000003,1.001625348582821,1.0015670404452588
hm-m2-g2-L5p3-n2-beta1__N0320__Aminus_0p02,hm-m2-g2-L5p3-n2-beta1__N0320__Aplus_0p02,hm-m2-g2-L5p3-n2-beta1,320,-0.02,235,3.8921875000000004,1.0012312306312694,1.001240952984371
hm-m2-g2-L5p3-n2-beta1__N0320__Aminus_0p02,hm-m2-g2-L5p3-n2-beta1__N0320__Aplus_0p02,hm-m2-g2-L5p3-n2-beta1,320,-0.02,236,3.9087500000000004,1.0008371788198023,1.0009145300278783
hm-m2-g2-L5p3-n2-beta1__N0320__Aminus_0p02,hm-m2-g2-L5p3-n2-beta1__N0320__Aplus_0p02,hm-m2-g2-L5p3-n2-beta1,320,-0.02,237,3.9253125,1.0004433468308358,1.000587898445946
hm-m2-g2-L5p3-n2-beta1__N0320__Aminus_0p02,hm-m2-g2-L5p3-n2-beta1__N0320__Aplus_0p02,hm-m2-g2-L5p3-n2-beta1,320,-0.02,238,3.941875,1.0000498872968075,1.0002611848456655
hm-m2-g2-L5p3-n2-beta1__N0320__Aminus_0p02,hm-m2-g2-L5p3-n2-beta1__N0320__Aplus_0p02,hm-m2-g2-L5p3-n2-beta1,320,-0.02,239,3.9584375,0.9996569517450395,0.9999345155221829
hm-m2-g2-L5p3-n2-beta1__N0320__Aminus_0p02,hm-m2-g2-L5p3-n2-beta1__N0320__Aplus_0p02,hm-m2-g2-L5p3-n2-beta1,320,-0.02,240,3.975,0.9992646905444986,0.9996080164104809
hm-m2-g2-L5p3-n2-beta1__N0320__Aminus_0p02,hm-m2-g2-L5p3-n2-beta1__N0320__Aplus_0p02,hm-m2-g2-L5p3-n2-beta1,320,-0.02,241,3.9915625,0.998873252854451,0.9992818130378268
hm-m2-g2-L5p3-n2-beta1__N0320__Aminus_0p02,hm-m2-g2-L5p3-n2-beta1__N0320__Aplus_0p02,hm-m2-g2-L5p3-n2-beta1,320,-0.02,242,4.008125000000001,0.9984827865750026,0.998956030476901
hm-m2-g2-L5p3-n2-beta1__N0320__Aminus_0p02,hm-m2-g2-L5p3-n2-beta1__N0320__Aplus_0p02,hm-m2-g2-L5p3-n2-beta1,320,-0.02,243,4.024687500000001,0.9980934382995152,0.9986307932996168
hm-m2-g2-L5p3-n2-beta1__N0320__Aminus_0p02,hm-m2-g2-L5p3-n2-beta1__N0320__Aplus_0p02,hm-m2-g2-L5p3-n2-beta1,320,-0.02,244,4.04125,0.9977053532688878,0.9983062255316454
hm-m2-g2-L5p3-n2-beta1__N0320__Aminus_0p02,hm-m2-g2-L5p3-n2-beta1__N0320__Aplus_0p02,hm-m2-g2-L5p3-n2-beta1,320,-0.02,245,4.0578125,0.9973186753276857,0.9979824506076522
hm-m2-g2-L5p3-n2-beta1__N0320__Aminus_0p02,hm-m2-g2-L5p3-n2-beta1__N0320__Aplus_0p02,hm-m2-g2-L5p3-n2-beta1,320,-0.02,246,4.074375,0.9969335468821038,0.9976595913272583
hm-m2-g2-L5p3-n2-beta1__N0320__Aminus_0p02,hm-m2-g2-L5p3-n2-beta1__N0320__Aplus_0p02,hm-m2-g2-L5p3-n2-beta1,320,-0.02,247,4.0909375,0.9965501088597413,0.9973377698117326
hm-m2-g2-L5p3-n2-beta1__N0320__Aminus_0p02,hm-m2-g2-L5p3-n2-beta1__N0320__Aplus_0p02,hm-m2-g2-L5p3-n2-beta1,320,-0.02,248,4.1075,0.9961685006711692,0.9970171074614231
hm-m2-g2-L5p3-n2-beta1__N0320__Aminus_0p02,hm-m2-g2-L5p3-n2-beta1__N0320__Aplus_0p02,hm-m2-g2-L5p3-n2-beta1,320,-0.02,249,4.1240625,0.9957888601732667,0.996697724913934
hm-m2-g2-L5p3-n2-beta1__N0320__Aminus_0p02,hm-m2-g2-L5p3-n2-beta1__N0320__Aplus_0p02,hm-m2-g2-L5p3-n2-beta1,320,-0.02,250,4.140625,0.9954113236342998,0.9963797420030537
hm-m2-g2-L5p3-n2-beta1__N0320__Aminus_0p02,hm-m2-g2-L5p3-n2-beta1__N0320__Aplus_0p02,hm-m2-g2-L5p3-n2-beta1,320,-0.02,251,4.1571875,0.9950360257007183,0.9960632777184375
hm-m2-g2-L5p3-n2-beta1__N0320__Aminus_0p02,hm-m2-g2-L5p3-n2-beta1__N0320__Aplus_0p02,hm-m2-g2-L5p3-n2-beta1,320,-0.02,252,4.17375,0.9946630993656392,0.9957484501660522
hm-m2-g2-L5p3-n2-beta1__N0320__Aminus_0p02,hm-m2-g2-L5p3-n2-beta1__N0320__Aplus_0p02,hm-m2-g2-L5p3-n2-beta1,320,-0.02,253,4.1903125,0.9942926759389903,0.9954353765293814
hm-m2-g2-L5p3-n2-beta1__N0320__Aminus_0p02,hm-m2-g2-L5p3-n2-beta1__N0320__Aplus_0p02,hm-m2-g2-L5p3-n2-beta1,320,-0.02,254,4.206875,0.9939248850192782,0.9951241730313973
hm-m2-g2-L5p3-n2-beta1__N0320__Aminus_0p02,hm-m2-g2-L5p3-n2-beta1__N0320__Aplus_0p02,hm-m2-g2-L5p3-n2-beta1,320,-0.02,255,4.2234375,0.9935598544669515,0.9948149548972984
hm-m2-g2-L5p3-n2-beta1__N0320__Aminus_0p02,hm-m2-g2-L5p3-n2-beta1__N0320__Aplus_0p02,hm-m2-g2-L5p3-n2-beta1,320,-0.02,256,4.24,0.993197710379323,0.9945078363180145
hm-m2-g2-L5p3-n2-beta1__N0320__Aminus_0p02,hm-m2-g2-L5p3-n2-beta1__N0320__Aplus_0p02,hm-m2-g2-L5p3-n2-beta1,320,-0.02,257,4.2565625,0.9928385770670164,0.9942029304144792
hm-m2-g2-L5p3-n2-beta1__N0320__Aminus_0p02,hm-m2-g2-L5p3-n2-beta1__N0320__Aplus_0p02,hm-m2-g2-L5p3-n2-beta1,320,-0.02,258,4.273125,0.9924825770319009,0.9939003492026683
hm-m2-g2-L5p3-n2-beta1__N0320__Aminus_0p02,hm-m2-g2-L5p3-n2-beta1__N0320__Aplus_0p02,hm-m2-g2-L5p3-n2-beta1,320,-0.02,259,4.2896875,0.9921298309464769,0.9936002035594051
hm-m2-g2-L5p3-n2-beta1__N0320__Aminus_0p02,hm-m2-g2-L5p3-n2-beta1__N0320__Aplus_0p02,hm-m2-g2-L5p3-n2-beta1,320,-0.02,260,4.30625,0.9917804576346743,0.9933026031889266
hm-m2-g2-L5p3-n2-beta1__N0320__Aminus_0p02,hm-m2-g2-L5p3-n2-beta1__N0320__Aplus_0p02,hm-m2-g2-L5p3-n2-beta1,320,-0.02,261,4.3228125,0.9914345740540241,0.9930076565902123
hm-m2-g2-L5p3-n2-beta1__N0320__Aminus_0p02,hm-m2-g2-L5p3-n2-beta1__N0320__Aplus_0p02,hm-m2-g2-L5p3-n2-beta1,320,-0.02,262,4.339375,0.9910922952791653,0.9927154710250692
hm-m2-g2-L5p3-n2-beta1__N0320__Aminus_0p02,hm-m2-g2-L5p3-n2-beta1__N0320__Aplus_0p02,hm-m2-g2-L5p3-n2-beta1,320,-0.02,263,4.3559375000000005,0.9907537344866444,0.9924261524869707
hm-m2-g2-L5p3-n2-beta1__N0320__Aminus_0p02,hm-m2-g2-L5p3-n2-beta1__N0320__Aplus_0p02,hm-m2-g2-L5p3-n2-beta1,320,-0.02,264,4.3725000000000005,0.99041900294097,0.9921398056706457
hm-m2-g2-L5p3-n2-beta1__N0320__Aminus_0p02,hm-m2-g2-L5p3-n2-beta1__N0320__Aplus_0p02,hm-m2-g2-L5p3-n2-beta1,320,-0.02,265,4.3890625000000005,0.990088209981878,0.9918565339424101
hm-m2-g2-L5p3-n2-beta1__N0320__Aminus_0p02,hm-m2-g2-L5p3-n2-beta1__N0320__Aplus_0p02,hm-m2-g2-L5p3-n2-beta1,320,-0.02,266,4.405625000000001,0.9897614630127695,0.9915764393112395
hm-m2-g2-L5p3-n2-beta1__N0320__Aminus_0p02,hm-m2-g2-L5p3-n2-beta1__N0320__Aplus_0p02,hm-m2-g2-L5p3-n2-beta1,320,-0.02,267,4.422187500000001,0.9894388674902762,0.9912996224005751
hm-m2-g2-L5p3-n2-beta1__N0320__Aminus_0p02,hm-m2-g2-L5p3-n2-beta1__N0320__Aplus_0p02,hm-m2-g2-L5p3-n2-beta1,320,-0.02,268,4.438750000000001,0.9891205269149141,0.9910261824208553
hm-m2-g2-L5p3-n2-beta1__N0320__Aminus_0p02,hm-m2-g2-L5p3-n2-beta1__N0320__Aplus_0p02,hm-m2-g2-L5p3-n2-beta1,320,-0.02,269,4.4553125,0.9888065428227825,0.9907562171427692
hm-m2-g2-L5p3-n2-beta1__N0320__Aminus_0p02,hm-m2-g2-L5p3-n2-beta1__N0320__Aplus_0p02,hm-m2-g2-L5p3-n2-beta1,320,-0.02,270,4.471875,0.9884970147782652,0.9904898228712243
hm-m2-g2-L5p3-n2-beta1__N0320__Aminus_0p02,hm-m2-g2-L5p3-n2-beta1__N0320__Aplus_0p02,hm-m2-g2-L5p3-n2-beta1,320,-0.02,271,4.4884375,0.9881920403676947,0.9902270944200197
hm-m2-g2-L5p3-n2-beta1__N0320__Aminus_0p02,hm-m2-g2-L5p3-n2-beta1__N0320__Aplus_0p02,hm-m2-g2-L5p3-n2-beta1,320,-0.02,272,4.505,0.987891715193933,0.9899681250872175
hm-m2-g2-L5p3-n2-beta1__N0320__Aminus_0p02,hm-m2-g2-L5p3-n2-beta1__N0320__Aplus_0p02,hm-m2-g2-L5p3-n2-beta1,320,-0.02,273,4.5215625,0.9875961328718325,0.989713006631207
hm-m2-g2-L5p3-n2-beta1__N0320__Aminus_0p02,hm-m2-g2-L5p3-n2-beta1__N0320__Aplus_0p02,hm-m2-g2-L5p3-n2-beta1,320,-0.02,274,4.538125,0.9873053850245298,0.9894618292474501
hm-m2-g2-L5p3-n2-beta1__N0320__Aminus_0p02,hm-m2-g2-L5p3-n2-beta1__N0320__Aplus_0p02,hm-m2-g2-L5p3-n2-beta1,320,-0.02,275,4.5546875,0.9870195612805364,0.9892146815459013
hm-m2-g2-L5p3-n2-beta1__N0320__Aminus_0p02,hm-m2-g2-L5p3-n2-beta1__N0320__Aplus_0p02,hm-m2-g2-L5p3-n2-beta1,320,-0.02,276,4.57125,0.9867387492715802,0.9889716505290942
hm-m2-g2-L5p3-n2-beta1__N0320__Aminus_0p02,hm-m2-g2-L5p3-n2-beta1__N0320__Aplus_0p02,hm-m2-g2-L5p3-n2-beta1,320,-0.02,277,4.5878125,0.9864630346311611,0.9887328215708833
hm-m2-g2-L5p3-n2-beta1__N0320__Aminus_0p02,hm-m2-g2-L5p3-n2-beta1__N0320__Aplus_0p02,hm-m2-g2-L5p3-n2-beta1,320,-0.02,278,4.604375,0.9861925009937779,0.988498278395835
hm-m2-g2-L5p3-n2-beta1__N0320__Aminus_0p02,hm-m2-g2-L5p3-n2-beta1__N0320__Aplus_0p02,hm-m2-g2-L5p3-n2-beta1,320,-0.02,279,4.6209375,0.985927229994787,0.9882681030592562
hm-m2-g2-L5p3-n2-beta1__N0320__Aminus_0p02,hm-m2-g2-L5p3-n2-beta1__N0320__Aplus_0p02,hm-m2-g2-L5p3-n2-beta1,320,-0.02,280,4.6375,0.9856673012708552,0.9880423759278534
hm-m2-g2-L5p3-n2-beta1__N0320__Aminus_0p02,hm-m2-g2-L5p3-n2-beta1__N0320__Aplus_0p02,hm-m2-g2-L5p3-n2-beta1,320,-0.02,281,4.6540625,0.985412792460965,0.9878211756610111
hm-m2-g2-L5p3-n2-beta1__N0320__Aminus_0p02,hm-m2-g2-L5p3-n2-beta1__N0320__Aplus_0p02,hm-m2-g2-L5p3-n2-beta1,320,-0.02,282,4.670625,0.9851637792079365,0.9876045791926809
hm-m2-g2-L5p3-n2-beta1__N0320__Aminus_0p02,hm-m2-g2-L5p3-n2-beta1__N0320__Aplus_0p02,hm-m2-g2-L5p3-n2-beta1,320,-0.02,283,4.6871875,0.9849203351604268,0.9873926617138711
hm-m2-g2-L5p3-n2-beta1__N0320__Aminus_0p02,hm-m2-g2-L5p3-n2-beta1__N0320__Aplus_0p02,hm-m2-g2-L5p3-n2-beta1,320,-0.02,284,4.70375,0.98468253197537,0.9871854966557295
hm-m2-g2-L5p3-n2-beta1__N0320__Aminus_0p02,hm-m2-g2-L5p3-n2-beta1__N0320__Aplus_0p02,hm-m2-g2-L5p3-n2-beta1,320,-0.02,285,4.7203125,0.9844504393208231,0.9869831556732063
hm-m2-g2-L5p3-n2-beta1__N0320__Aminus_0p02,hm-m2-g2-L5p3-n2-beta1__N0320__Aplus_0p02,hm-m2-g2-L5p3-n2-beta1,320,-0.02,286,4.736875,0.9842241248791789,0.9867857086292906
hm-m2-g2-L5p3-n2-beta1__N0320__Aminus_0p02,hm-m2-g2-L5p3-n2-beta1__N0320__Aplus_0p02,hm-m2-g2-L5p3-n2-beta1,320,-0.02,287,4.7534375,0.9840036543507141,0.9865932235798089
hm-m2-g2-L5p3-n2-beta1__N0320__Aminus_0p02,hm-m2-g2-L5p3-n2-beta1__N0320__Aplus_0p02,hm-m2-g2-L5p3-n2-beta1,320,-0.02,288,4.7700000000000005,0.9837890914574374,0.9864057667587786
hm-m2-g2-L5p3-n2-beta1__N0320__Aminus_0p02,hm-m2-g2-L5p3-n2-beta1__N0320__Aplus_0p02,hm-m2-g2-L5p3-n2-beta1,320,-0.02,289,4.7865625000000005,0.9835804979472028,0.986223402564303
hm-m2-g2-L5p3-n2-beta1__N0320__Aminus_0p02,hm-m2-g2-L5p3-n2-beta1__N0320__Aplus_0p02,hm-m2-g2-L5p3-n2-beta1,320,-0.02,290,4.8031250000000005,0.983377933598058,0.9860461935450034
hm-m2-g2-L5p3-n2-beta1__N0320__Aminus_0p02,hm-m2-g2-L5p3-n2-beta1__N0320__Aplus_0p02,hm-m2-g2-L5p3-n2-beta1,320,-0.02,291,4.819687500000001,0.9831814562227938,0.9858742003869757
hm-m2-g2-L5p3-n2-beta1__N0320__Aminus_0p02,hm-m2-g2-L5p3-n2-beta1__N0320__Aplus_0p02,hm-m2-g2-L5p3-n2-beta1,320,-0.02,292,4.836250000000001,0.982991121673666,0.9857074819012622
hm-m2-g2-L5p3-n2-beta1__N0320__Aminus_0p02,hm-m2-g2-L5p3-n2-beta1__N0320__Aplus_0p02,hm-m2-g2-L5p3-n2-beta1,320,-0.02,293,4.852812500000001,0.9828069838472568,0.9855460950118327
hm-m2-g2-L5p3-n2-beta1__N0320__Aminus_0p02,hm-m2-g2-L5p3-n2-beta1__N0320__Aplus_0p02,hm-m2-g2-L5p3-n2-beta1,320,-0.02,294,4.869375000000001,0.9826290946894497,0.9853900947440616
hm-m2-g2-L5p3-n2-beta1__N0320__Aminus_0p02,hm-m2-g2-L5p3-n2-beta1__N0320__Aplus_0p02,hm-m2-g2-L5p3-n2-beta1,320,-0.02,295,4.8859375,0.9824575042004874,0.985239534213698
hm-m2-g2-L5p3-n2-beta1__N0320__Aminus_0p02,hm-m2-g2-L5p3-n2-beta1__N0320__Aplus_0p02,hm-m2-g2-L5p3-n2-beta1,320,-0.02,296,4.9025,0.9822922604400857,0.985094464616314
hm-m2-g2-L5p3-n2-beta1__N0320__Aminus_0p02,hm-m2-g2-L5p3-n2-beta1__N0320__Aplus_0p02,hm-m2-g2-L5p3-n2-beta1,320,-0.02,297,4.9190625,0.9821334095325784,0.9849549352172279
hm-m2-g2-L5p3-n2-beta1__N0320__Aminus_0p02,hm-m2-g2-L5p3-n2-beta1__N0320__Aplus_0p02,hm-m2-g2-L5p3-n2-beta1,320,-0.02,298,4.935625,0.981980995672066,0.98482099334189
hm-m2-g2-L5p3-n2-beta1__N0320__Aminus_0p02,hm-m2-g2-L5p3-n2-beta1__N0320__Aplus_0p02,hm-m2-g2-L5p3-n2-beta1,320,-0.02,299,4.9521875,0.9818350611275438,0.9846926843667283
hm-m2-g2-L5p3-n2-beta1__N0320__Aminus_0p02,hm-m2-g2-L5p3-n2-beta1__N0320__Aplus_0p02,hm-m2-g2-L5p3-n2-beta1,320,-0.02,300,4.96875,0.9816956462479879,0.9845700517104413
hm-m2-g2-L5p3-n2-beta1__N0320__Aminus_0p02,hm-m2-g2-L5p3-n2-beta1__N0320__Aplus_0p02,hm-m2-g2-L5p3-n2-beta1,320,-0.02,301,4.9853125,0.9815627894673727,0.9844531368257331
hm-m2-g2-L5p3-n2-beta1__N0320__Aminus_0p02,hm-m2-g2-L5p3-n2-beta1__N0320__Aplus_0p02,hm-m2-g2-L5p3-n2-beta1,320,-0.02,302,5.001875,0.9814365273096028,0.9843419791914827
hm-m2-g2-L5p3-n2-beta1__N0320__Aminus_0p02,hm-m2-g2-L5p3-n2-beta1__N0320__Aplus_0p02,hm-m2-g2-L5p3-n2-beta1,320,-0.02,303,5.0184375,0.9813168943933339,0.9842366163053428
hm-m2-g2-L5p3-n2-beta1__N0320__Aminus_0p02,hm-m2-g2-L5p3-n2-beta1__N0320__Aplus_0p02,hm-m2-g2-L5p3-n2-beta1,320,-0.02,304,5.035,0.9812039234366673,0.9841370836767575
hm-m2-g2-L5p3-n2-beta1__N0320__Aminus_0p02,hm-m2-g2-L5p3-n2-beta1__N0320__Aplus_0p02,hm-m2-g2-L5p3-n2-beta1,320,-0.02,305,5.0515625,0.9810976452616961,0.9840434148203954
hm-m2-g2-L5p3-n2-beta1__N0320__Aminus_0p02,hm-m2-g2-L5p3-n2-beta1__N0320__Aplus_0p02,hm-m2-g2-L5p3-n2-beta1,320,-0.02,306,5.068125,0.980998088798887,0.9839556412499922
hm-m2-g2-L5p3-n2-beta1__N0320__Aminus_0p02,hm-m2-g2-L5p3-n2-beta1__N0320__Aplus_0p02,hm-m2-g2-L5p3-n2-beta1,320,-0.02,307,5.0846875,0.9809052810912803,0.9838737924725953
hm-m2-g2-L5p3-n2-beta1__N0320__Aminus_0p02,hm-m2-g2-L5p3-n2-beta1__N0320__Aplus_0p02,hm-m2-g2-L5p3-n2-beta1,320,-0.02,308,5.10125,0.9808192472984933,0.9837978959832064
hm-m2-g2-L5p3-n2-beta1__N0320__Aminus_0p02,hm-m2-g2-L5p3-n2-beta1__N0320__Aplus_0p02,hm-m2-g2-L5p3-n2-beta1,320,-0.02,309,5.1178125,0.9807400107005111,0.9837279772598151
hm-m2-g2-L5p3-n2-beta1__N0320__Aminus_0p02,hm-m2-g2-L5p3-n2-beta1__N0320__Aplus_0p02,hm-m2-g2-L5p3-n2-beta1,320,-0.02,310,5.134375,0.9806675927012517,0.9836640597588223
hm-m2-g2-L5p3-n2-beta1__N0320__Aminus_0p02,hm-m2-g2-L5p3-n2-beta1__N0320__Aplus_0p02,hm-m2-g2-L5p3-n2-beta1,320,-0.02,311,5.1509375,0.980602012831893,0.983606164910844
hm-m2-g2-L5p3-n2-beta1__N0320__Aminus_0p02,hm-m2-g2-L5p3-n2-beta1__N0320__Aplus_0p02,hm-m2-g2-L5p3-n2-beta1,320,-0.02,312,5.1675,0.9805432887539495,0.9835543121168961
hm-m2-g2-L5p3-n2-beta1__N0320__Aminus_0p02,hm-m2-g2-L5p3-n2-beta1__N0320__Aplus_0p02,hm-m2-g2-L5p3-n2-beta1,320,-0.02,313,5.1840625000000005,0.9804914362620885,0.9835085187449533
hm-m2-g2-L5p3-n2-beta1__N0320__Aminus_0p02,hm-m2-g2-L5p3-n2-beta1__N0320__Aplus_0p02,hm-m2-g2-L5p3-n2-beta1,320,-0.02,314,5.2006250000000005,0.9804464692866754,0.983468800126879
hm-m2-g2-L5p3-n2-beta1__N0320__Aminus_0p02,hm-m2-g2-L5p3-n2-beta1__N0320__Aplus_0p02,hm-m2-g2-L5p3-n2-beta1,320,-0.02,315,5.2171875000000005,0.9804083998960403,0.9834351695557249
hm-m2-g2-L5p3-n2-beta1__N0320__Aminus_0p02,hm-m2-g2-L5p3-n2-beta1__N0320__Aplus_0p02,hm-m2-g2-L5p3-n2-beta1,320,-0.02,316,5.233750000000001,0.9803772382984576,0.9834076382833956
hm-m2-g2-L5p3-n2-beta1__N0320__Aminus_0p02,hm-m2-g2-L5p3-n2-beta1__N0320__Aplus_0p02,hm-m2-g2-L5p3-n2-beta1,320,-0.02,317,5.250312500000001,0.9803529928438325,0.9833862155186767
hm-m2-g2-L5p3-n2-beta1__N0320__Aminus_0p02,hm-m2-g2-L5p3-n2-beta1__N0320__Aplus_0p02,hm-m2-g2-L5p3-n2-beta1,320,-0.02,318,5.266875000000001,0.980335670025088,0.9833709084256239
hm-m2-g2-L5p3-n2-beta1__N0320__Aminus_0p02,hm-m2-g2-L5p3-n2-beta1__N0320__Aplus_0p02,hm-m2-g2-L5p3-n2-beta1,320,-0.02,319,5.283437500000001,0.9803252744792493,0.9833617221223124
hm-m2-g2-L5p3-n2-beta1__N0320__Aminus_0p02,hm-m2-g2-L5p3-n2-beta1__N0320__Aplus_0p02,hm-m2-g2-L5p3-n2-beta1,320,-0.02,320,5.3,0.9803218089882201,0.9833586596799442
hm-m2-g2-L5p3-n2-beta1__N0320__Aminus_0p01,hm-m2-g2-L5p3-n2-beta1__N0320__Aplus_0p01,hm-m2-g2-L5p3-n2-beta1,320,-0.01,0,0.0,0.9900821487532965,0.9916828317802476
hm-m2-g2-L5p3-n2-beta1__N0320__Aminus_0p01,hm-m2-g2-L5p3-n2-beta1__N0320__Aplus_0p01,hm-m2-g2-L5p3-n2-beta1,320,-0.01,1,0.0165625,0.9900839761069834,0.991684398150313
hm-m2-g2-L5p3-n2-beta1__N0320__Aminus_0p01,hm-m2-g2-L5p3-n2-beta1__N0320__Aplus_0p01,hm-m2-g2-L5p3-n2-beta1,320,-0.01,2,0.033125,0.9900894575739513,0.991689096697586
hm-m2-g2-L5p3-n2-beta1__N0320__Aminus_0p01,hm-m2-g2-L5p3-n2-beta1__N0320__Aplus_0p01,hm-m2-g2-L5p3-n2-beta1,320,-0.01,3,0.0496875,0.9900985913719965,0.991696925733455
hm-m2-g2-L5p3-n2-beta1__N0320__Aminus_0p01,hm-m2-g2-L5p3-n2-beta1__N0320__Aplus_0p01,hm-m2-g2-L5p3-n2-beta1,320,-0.01,4,0.06625,0.9901113745310299,0.9917078824440915
hm-m2-g2-L5p3-n2-beta1__N0320__Aminus_0p01,hm-m2-g2-L5p3-n2-beta1__N0320__Aplus_0p01,hm-m2-g2-L5p3-n2-beta1,320,-0.01,5,0.08281250000000001,0.9901278028934531,0.9917219628912366
hm-m2-g2-L5p3-n2-beta1__N0320__Aminus_0p01,hm-m2-g2-L5p3-n2-beta1__N0320__Aplus_0p01,hm-m2-g2-L5p3-n2-beta1,320,-0.01,6,0.099375,0.990147871114686,0.9917391620133029
hm-m2-g2-L5p3-n2-beta1__N0320__Aminus_0p01,hm-m2-g2-L5p3-n2-beta1__N0320__Aplus_0p01,hm-m2-g2-L5p3-n2-beta1,320,-0.01,7,0.1159375,0.9901715726638469,0.9917594736267904
hm-m2-g2-L5p3-n2-beta1__N0320__Aminus_0p01,hm-m2-g2-L5p3-n2-beta1__N0320__Aplus_0p01,hm-m2-g2-L5p3-n2-beta1,320,-0.01,8,0.1325,0.990198899824587,0.9917828904280179
hm-m2-g2-L5p3-n2-beta1__N0320__Aminus_0p01,hm-m2-g2-L5p3-n2-beta1__N0320__Aplus_0p01,hm-m2-g2-L5p3-n2-beta1,320,-0.01,9,0.14906250000000001,0.9902298436960801,0.9918094039951698
hm-m2-g2-L5p3-n2-beta1__N0320__Aminus_0p01,hm-m2-g2-L5p3-n2-beta1__N0320__Aplus_0p01,hm-m2-g2-L5p3-n2-beta1,320,-0.01,10,0.16562500000000002,0.9902643941941707,0.991839004790658
hm-m2-g2-L5p3-n2-beta1__N0320__Aminus_0p01,hm-m2-g2-L5p3-n2-beta1__N0320__Aplus_0p01,hm-m2-g2-L5p3-n2-beta1,320,-0.01,11,0.1821875,0.9903025400526816,0.9918716821638006
hm-m2-g2-L5p3-n2-beta1__N0320__Aminus_0p01,hm-m2-g2-L5p3-n2-beta1__N0320__Aplus_0p01,hm-m2-g2-L5p3-n2-beta1,320,-0.01,12,0.19875,0.9903442688248844,0.991907424353816
hm-m2-g2-L5p3-n2-beta1__N0320__Aminus_0p01,hm-m2-g2-L5p3-n2-beta1__N0320__Aplus_0p01,hm-m2-g2-L5p3-n2-beta1,320,-0.01,13,0.21531250000000002,0.9903895668851358,0.9919462184931331
hm-m2-g2-L5p3-n2-beta1__N0320__Aminus_0p01,hm-m2-g2-L5p3-n2-beta1__N0320__Aplus_0p01,hm-m2-g2-L5p3-n2-beta1,320,-0.01,14,0.231875,0.990438419430683,0.9919880506110201
hm-m2-g2-L5p3-n2-beta1__N0320__Aminus_0p01,hm-m2-g2-L5p3-n2-beta1__N0320__Aplus_0p01,hm-m2-g2-L5p3-n2-beta1,320,-0.01,15,0.2484375,0.9904908104836402,0.9920329056375292
hm-m2-g2-L5p3-n2-beta1__N0320__Aminus_0p01,hm-m2-g2-L5p3-n2-beta1__N0320__Aplus_0p01,hm-m2-g2-L5p3-n2-beta1,320,-0.01,16,0.265,0.990546722893143,0.992080767407759
hm-m2-g2-L5p3-n2-beta1__N0320__Aminus_0p01,hm-m2-g2-L5p3-n2-beta1__N0320__Aplus_0p01,hm-m2-g2-L5p3-n2-beta1,320,-0.01,17,0.2815625,0.9906061383376817,0.9921316186664362
hm-m2-g2-L5p3-n2-beta1__N0320__Aminus_0p01,hm-m2-g2-L5p3-n2-beta1__N0320__Aplus_0p01,hm-m2-g2-L5p3-n2-beta1,320,-0.01,18,0.29812500000000003,0.9906690373276197,0.9921854410728155
hm-m2-g2-L5p3-n2-beta1__N0320__Aminus_0p01,hm-m2-g2-L5p3-n2-beta1__N0320__Aplus_0p01,hm-m2-g2-L5p3-n2-beta1,320,-0.01,19,0.3146875,0.9907353992079009,0.9922422152058986
hm-m2-g2-L5p3-n2-beta1__N0320__Aminus_0p01,hm-m2-g2-L5p3-n2-beta1__N0320__Aplus_0p01,hm-m2-g2-L5p3-n2-beta1,320,-0.01,20,0.33125000000000004,0.9908052021609514,0.992301920569973
hm-m2-g2-L5p3-n2-beta1__N0320__Aminus_0p01,hm-m2-g2-L5p3-n2-beta1__N0320__Aplus_0p01,hm-m2-g2-L5p3-n2-beta1,320,-0.01,21,0.3478125,0.9908784232097803,0.9923645356004717
hm-m2-g2-L5p3-n2-beta1__N0320__Aminus_0p01,hm-m2-g2-L5p3-n2-beta1__N0320__Aplus_0p01,hm-m2-g2-L5p3-n2-beta1,320,-0.01,22,0.364375,0.9909550382212848,0.9924300376701526
hm-m2-g2-L5p3-n2-beta1__N0320__Aminus_0p01,hm-m2-g2-L5p3-n2-beta1__N0320__Aplus_0p01,hm-m2-g2-L5p3-n2-beta1,320,-0.01,23,0.38093750000000004,0.9910350219097663,0.9924984030956004
hm-m2-g2-L5p3-n2-beta1__N0320__Aminus_0p01,hm-m2-g2-L5p3-n2-beta1__N0320__Aplus_0p01,hm-m2-g2-L5p3-n2-beta1,320,-0.01,24,0.3975,0.9911183478406613,0.9925696071440504
hm-m2-g2-L5p3-n2-beta1__N0320__Aminus_0p01,hm-m2-g2-L5p3-n2-beta1__N0320__Aplus_0p01,hm-m2-g2-L5p3-n2-beta1,320,-0.01,25,0.4140625,0.9912049884344959,0.9926436240405336
hm-m2-g2-L5p3-n2-beta1__N0320__Aminus_0p01,hm-m2-g2-L5p3-n2-beta1__N0320__Aplus_0p01,hm-m2-g2-L5p3-n2-beta1,320,-0.01,26,0.43062500000000004,0.9912949149710674,0.9927204269753467
hm-m2-g2-L5p3-n2-beta1__N0320__Aminus_0p01,hm-m2-g2-L5p3-n2-beta1__N0320__Aplus_0p01,hm-m2-g2-L5p3-n2-beta1,320,-0.01,27,0.4471875,0.9913880975938625,0.9927999881118438
hm-m2-g2-L5p3-n2-beta1__N0320__Aminus_0p01,hm-m2-g2-L5p3-n2-beta1__N0320__Aplus_0p01,hm-m2-g2-L5p3-n2-beta1,320,-0.01,28,0.46375,0.9914845053147155,0.9928822785945544
hm-m2-g2-L5p3-n2-beta1__N0320__Aminus_0p01,hm-m2-g2-L5p3-n2-beta1__N0320__Aplus_0p01,hm-m2-g2-L5p3-n2-beta1,320,-0.01,29,0.48031250000000003,0.9915841060187168,0.9929672685576236
hm-m2-g2-L5p3-n2-beta1__N0320__Aminus_0p01,hm-m2-g2-L5p3-n2-beta1__N0320__Aplus_0p01,hm-m2-g2-L5p3-n2-beta1,320,-0.01,30,0.496875,0.9916868664693754,0.9930549271335797
hm-m2-g2-L5p3-n2-beta1__N0320__Aminus_0p01,hm-m2-g2-L5p3-n2-beta1__N0320__Aplus_0p01,hm-m2-g2-L5p3-n2-beta1,320,-0.01,31,0.5134375,0.9917927523140458,0.9931452224624256
hm-m2-g2-L5p3-n2-beta1__N0320__Aminus_0p01,hm-m2-g2-L5p3-n2-beta1__N0320__Aplus_0p01,hm-m2-g2-L5p3-n2-beta1,320,-0.01,32,0.53,0.9919017280896247,0.9932381217010574
hm-m2-g2-L5p3-n2-beta1__N0320__Aminus_0p01,hm-m2-g2-L5p3-n2-beta1__N0320__Aplus_0p01,hm-m2-g2-L5p3-n2-beta1,320,-0.01,33,0.5465625000000001,0.9920137572285258,0.9933335910330088
hm-m2-g2-L5p3-n2-beta1__N0320__Aminus_0p01,hm-m2-g2-L5p3-n2-beta1__N0320__Aplus_0p01,hm-m2-g2-L5p3-n2-beta1,320,-0.01,34,0.563125,0.9921288020649397,0.9934315956785225
hm-m2-g2-L5p3-n2-beta1__N0320__Aminus_0p01,hm-m2-g2-L5p3-n2-beta1__N0320__Aplus_0p01,hm-m2-g2-L5p3-n2-beta1,320,-0.01,35,0.5796875,0.9922468238413882,0.9935320999049483
hm-m2-g2-L5p3-n2-beta1__N0320__Aminus_0p01,hm-m2-g2-L5p3-n2-beta1__N0320__Aplus_0p01,hm-m2-g2-L5p3-n2-beta1,320,-0.01,36,0.5962500000000001,0.9923677827155792,0.9936350670374693
hm-m2-g2-L5p3-n2-beta1__N0320__Aminus_0p01,hm-m2-g2-L5p3-n2-beta1__N0320__Aplus_0p01,hm-m2-g2-L5p3-n2-beta1,320,-0.01,37,0.6128125,0.9924916377675714,0.9937404594701547
hm-m2-g2-L5p3-n2-beta1__N0320__Aminus_0p01,hm-m2-g2-L5p3-n2-beta1__N0320__Aplus_0p01,hm-m2-g2-L5p3-n2-beta1,320,-0.01,38,0.629375,0.9926183470072564,0.9938482386773406
hm-m2-g2-L5p3-n2-beta1__N0320__Aminus_0p01,hm-m2-g2-L5p3-n2-beta1__N0320__Aplus_0p01,hm-m2-g2-L5p3-n2-beta1,320,-0.01,39,0.6459375,0.9927478673821664,0.9939583652253391
hm-m2-g2-L5p3-n2-beta1__N0320__Aminus_0p01,hm-m2-g2-L5p3-n2-beta1__N0320__Aplus_0p01,hm-m2-g2-L5p3-n2-beta1,320,-0.01,40,0.6625000000000001,0.992880154785616,0.9940707987844732
hm-m2-g2-L5p3-n2-beta1__N0320__Aminus_0p01,hm-m2-g2-L5p3-n2-beta1__N0320__Aplus_0p01,hm-m2-g2-L5p3-n2-beta1,320,-0.01,41,0.6790625,0.9930151640651859,0.9941854981414417
hm-m2-g2-L5p3-n2-beta1__N0320__Aminus_0p01,hm-m2-g2-L5p3-n2-beta1__N0320__Aplus_0p01,hm-m2-g2-L5p3-n2-beta1,320,-0.01,42,0.695625,0.9931528490315572,0.9943024212120098
hm-m2-g2-L5p3-n2-beta1__N0320__Aminus_0p01,hm-m2-g2-L5p3-n2-beta1__N0320__Aplus_0p01,hm-m2-g2-L5p3-n2-beta1,320,-0.01,43,0.7121875000000001,0.9932931624677046,0.9944215250540274
hm-m2-g2-L5p3-n2-beta1__N0320__Aminus_0p01,hm-m2-g2-L5p3-n2-beta1__N0320__Aplus_0p01,hm-m2-g2-L5p3-n2-beta1,320,-0.01,44,0.72875,0.9934360561384562,0.9945427658807738
hm-m2-g2-L5p3-n2-beta1__N0320__Aminus_0p01,hm-m2-g2-L5p3-n2-beta1__N0320__Aplus_0p01,hm-m2-g2-L5p3-n2-beta1,320,-0.01,45,0.7453125,0.9935814808004287,0.9946660990746299
hm-m2-g2-L5p3-n2-beta1__N0320__Aminus_0p01,hm-m2-g2-L5p3-n2-beta1__N0320__Aplus_0p01,hm-m2-g2-L5p3-n2-beta1,320,-0.01,46,0.7618750000000001,0.9937293862123466,0.9947914792010739
hm-m2-g2-L5p3-n2-beta1__N0320__Aminus_0p01,hm-m2-g2-L5p3-n2-beta1__N0320__Aplus_0p01,hm-m2-g2-L5p3-n2-beta1,320,-0.01,47,0.7784375,0.9938797211457523,0.9949188600230043
hm-m2-g2-L5p3-n2-beta1__N0320__Aminus_0p01,hm-m2-g2-L5p3-n2-beta1__N0320__Aplus_0p01,hm-m2-g2-L5p3-n2-beta1,320,-0.01,48,0.795,0.9940324333961164,0.9950481945153851
hm-m2-g2-L5p3-n2-beta1__N0320__Aminus_0p01,hm-m2-g2-L5p3-n2-beta1__N0320__Aplus_0p01,hm-m2-g2-L5p3-n2-beta1,320,-0.01,49,0.8115625000000001,0.9941874697943555,0.9951794348802155
hm-m2-g2-L5p3-n2-beta1__N0320__Aminus_0p01,hm-m2-g2-L5p3-n2-beta1__N0320__Aplus_0p01,hm-m2-g2-L5p3-n2-beta1,320,-0.01,50,0.828125,0.9943447762187656,0.995312532561822
hm-m2-g2-L5p3-n2-beta1__N0320__Aminus_0p01,hm-m2-g2-L5p3-n2-beta1__N0320__Aplus_0p01,hm-m2-g2-L5p3-n2-beta1,320,-0.01,51,0.8446875,0.9945042976073795,0.9954474382624695
hm-m2-g2-L5p3-n2-beta1__N0320__Aminus_0p01,hm-m2-g2-L5p3-n2-beta1__N0320__Aplus_0p01,hm-m2-g2-L5p3-n2-beta1,320,-0.01,52,0.8612500000000001,0.9946659779707535,0.9955841019582939
hm-m2-g2-L5p3-n2-beta1__N0320__Aminus_0p01,hm-m2-g2-L5p3-n2-beta1__N0320__Aplus_0p01,hm-m2-g2-L5p3-n2-beta1,320,-0.01,53,0.8778125,0.9948297604051942,0.9957224729155524
hm-m2-g2-L5p3-n2-beta1__N0320__Aminus_0p01,hm-m2-g2-L5p3-n2-beta1__N0320__Aplus_0p01,hm-m2-g2-L5p3-n2-beta1,320,-0.01,54,0.894375,0.99499558710643,0.9958624997071884
hm-m2-g2-L5p3-n2-beta1__N0320__Aminus_0p01,hm-m2-g2-L5p3-n2-beta1__N0320__Aplus_0p01,hm-m2-g2-L5p3-n2-beta1,320,-0.01,55,0.9109375000000001,0.995163399383735,0.9960041302297132
hm-m2-g2-L5p3-n2-beta1__N0320__Aminus_0p01,hm-m2-g2-L5p3-n2-beta1__N0320__Aplus_0p01,hm-m2-g2-L5p3-n2-beta1,320,-0.01,56,0.9275,0.9953331376745131,0.9961473117203992
hm-m2-g2-L5p3-n2-beta1__N0320__Aminus_0p01,hm-m2-g2-L5p3-n2-beta1__N0320__Aplus_0p01,hm-m2-g2-L5p3-n2-beta1,320,-0.01,57,0.9440625,0.9955047415593474,0.9962919907747827
hm-m2-g2-L5p3-n2-beta1__N0320__Aminus_0p01,hm-m2-g2-L5p3-n2-beta1__N0320__Aplus_0p01,hm-m2-g2-L5p3-n2-beta1,320,-0.01,58,0.9606250000000001,0.9956781497775221,0.9964381133644754
hm-m2-g2-L5p3-n2-beta1__N0320__Aminus_0p01,hm-m2-g2-L5p3-n2-beta1__N0320__Aplus_0p01,hm-m2-g2-L5p3-n2-beta1,320,-0.01,59,0.9771875000000001,0.9958533002430224,0.9965856248552811
hm-m2-g2-L5p3-n2-beta1__N0320__Aminus_0p01,hm-m2-g2-L5p3-n2-beta1__N0320__Aplus_0p01,hm-m2-g2-L5p3-n2-beta1,320,-0.01,60,0.99375,0.9960301300610191,0.9967344700256148
hm-m2-g2-L5p3-n2-beta1__N0320__Aminus_0p01,hm-m2-g2-L5p3-n2-beta1__N0320__Aplus_0p01,hm-m2-g2-L5p3-n2-beta1,320,-0.01,61,1.0103125,0.9962085755448415,0.996884593085221
hm-m2-g2-L5p3-n2-beta1__N0320__Aminus_0p01,hm-m2-g2-L5p3-n2-beta1__N0320__Aplus_0p01,hm-m2-g2-L5p3-n2-beta1,320,-0.01,62,1.026875,0.9963885722334452,0.9970359376941901
hm-m2-g2-L5p3-n2-beta1__N0320__Aminus_0p01,hm-m2-g2-L5p3-n2-beta1__N0320__Aplus_0p01,hm-m2-g2-L5p3-n2-beta1,320,-0.01,63,1.0434375,0.9965700549093789,0.9971884469822654
hm-m2-g2-L5p3-n2-beta1__N0320__Aminus_0p01,hm-m2-g2-L5p3-n2-beta1__N0320__Aplus_0p01,hm-m2-g2-L5p3-n2-beta1,320,-0.01,64,1.06,0.9967529576172546,0.9973420635684411
hm-m2-g2-L5p3-n2-beta1__N0320__Aminus_0p01,hm-m2-g2-L5p3-n2-beta1__N0320__Aplus_0p01,hm-m2-g2-L5p3-n2-beta1,320,-0.01,65,1.0765625,0.9969372136827239,0.9974967295808458
hm-m2-g2-L5p3-n2-beta1__N0320__Aminus_0p01,hm-m2-g2-L5p3-n2-beta1__N0320__Aplus_0p01,hm-m2-g2-L5p3-n2-beta1,320,-0.01,66,1.0931250000000001,0.997122755731967,0.9976523866769077
hm-m2-g2-L5p3-n2-beta1__N0320__Aminus_0p01,hm-m2-g2-L5p3-n2-beta1__N0320__Aplus_0p01,hm-m2-g2-L5p3-n2-beta1,320,-0.01,67,1.1096875000000002,0.9973095157116922,0.9978089760637971
hm-m2-g2-L5p3-n2-beta1__N0320__Aminus_0p01,hm-m2-g2-L5p3-n2-beta1__N0320__Aplus_0p01,hm-m2-g2-L5p3-n2-beta1,320,-0.01,68,1.12625,0.9974974249096544,0.9979664385191409
hm-m2-g2-L5p3-n2-beta1__N0320__Aminus_0p01,hm-m2-g2-L5p3-n2-beta1__N0320__Aplus_0p01,hm-m2-g2-L5p3-n2-beta1,320,-0.01,69,1.1428125,0.9976864139756898,0.9981247144120063
hm-m2-g2-L5p3-n2-beta1__N0320__Aminus_0p01,hm-m2-g2-L5p3-n2-beta1__N0320__Aplus_0p01,hm-m2-g2-L5p3-n2-beta1,320,-0.01,70,1.159375,0.9978764129432707,0.9982837437241482
hm-m2-g2-L5p3-n2-beta1__N0320__Aminus_0p01,hm-m2-g2-L5p3-n2-beta1__N0320__Aplus_0p01,hm-m2-g2-L5p3-n2-beta1,320,-0.01,71,1.1759375,0.9980673512515811,0.9984434660715126
hm-m2-g2-L5p3-n2-beta1__N0320__Aminus_0p01,hm-m2-g2-L5p3-n2-beta1__N0320__Aplus_0p01,hm-m2-g2-L5p3-n2-beta1,320,-0.01,72,1.1925000000000001,0.9982591577681134,0.9986038207259943
hm-m2-g2-L5p3-n2-beta1__N0320__Aminus_0p01,hm-m2-g2-L5p3-n2-beta1__N0320__Aplus_0p01,hm-m2-g2-L5p3-n2-beta1,320,-0.01,73,1.2090625000000002,0.998451760811785,0.9987647466374405
hm-m2-g2-L5p3-n2-beta1__N0320__Aminus_0p01,hm-m2-g2-L5p3-n2-beta1__N0320__Aplus_0p01,hm-m2-g2-L5p3-n2-beta1,320,-0.01,74,1.225625,0.9986450881765772,0.9989261824558954
hm-m2-g2-L5p3-n2-beta1__N0320__Aminus_0p01,hm-m2-g2-L5p3-n2-beta1__N0320__Aplus_0p01,hm-m2-g2-L5p3-n2-beta1,320,-0.01,75,1.2421875,0.9988390671556904,0.9990880665540787
hm-m2-g2-L5p3-n2-beta1__N0320__Aminus_0p01,hm-m2-g2-L5p3-n2-beta1__N0320__Aplus_0p01,hm-m2-g2-L5p3-n2-beta1,320,-0.01,76,1.25875,0.999033624566219,0.999250337050094
hm-m2-g2-L5p3-n2-beta1__N0320__Aminus_0p01,hm-m2-g2-L5p3-n2-beta1__N0320__Aplus_0p01,hm-m2-g2-L5p3-n2-beta1,320,-0.01,77,1.2753125,0.9992286867743387,0.9994129318303562
hm-m2-g2-L5p3-n2-beta1__N0320__Aminus_0p01,hm-m2-g2-L5p3-n2-beta1__N0320__Aplus_0p01,hm-m2-g2-L5p3-n2-beta1,320,-0.01,78,1.291875,0.9994241797210067,0.999575788572735
hm-m2-g2-L5p3-n2-beta1__N0320__Aminus_0p01,hm-m2-g2-L5p3-n2-beta1__N0320__Aplus_0p01,hm-m2-g2-L5p3-n2-beta1,320,-0.01,79,1.3084375000000001,0.9996200289481679,0.9997388447699043
hm-m2-g2-L5p3-n2-beta1__N0320__Aminus_0p01,hm-m2-g2-L5p3-n2-beta1__N0320__Aplus_0p01,hm-m2-g2-L5p3-n2-beta1,320,-0.01,80,1.3250000000000002,0.9998161596254658,0.9999020377528911
hm-m2-g2-L5p3-n2-beta1__N0320__Aminus_0p01,hm-m2-g2-L5p3-n2-beta1__N0320__Aplus_0p01,hm-m2-g2-L5p3-n2-beta1,320,-0.01,81,1.3415625,1.00001249657745,1.000065304714817
hm-m2-g2-L5p3-n2-beta1__N0320__Aminus_0p01,hm-m2-g2-L5p3-n2-beta1__N0320__Aplus_0p01,hm-m2-g2-L5p3-n2-beta1,320,-0.01,82,1.358125,1.0002089643112757,1.0002285827348223
hm-m2-g2-L5p3-n2-beta1__N0320__Aminus_0p01,hm-m2-g2-L5p3-n2-beta1__N0320__Aplus_0p01,hm-m2-g2-L5p3-n2-beta1,320,-0.01,83,1.3746875,1.000405487044889,1.0003918088021662
hm-m2-g2-L5p3-n2-beta1__N0320__Aminus_0p01,hm-m2-g2-L5p3-n2-beta1__N0320__Aplus_0p01,hm-m2-g2-L5p3-n2-beta1,320,-0.01,84,1.39125,1.0006019887356907,1.0005549198404917
hm-m2-g2-L5p3-n2-beta1__N0320__Aminus_0p01,hm-m2-g2-L5p3-n2-beta1__N0320__Aplus_0p01,hm-m2-g2-L5p3-n2-beta1,320,-0.01,85,1.4078125000000001,1.0007983931096671,1.0007178527322513
hm-m2-g2-L5p3-n2-beta1__N0320__Aminus_0p01,hm-m2-g2-L5p3-n2-beta1__N0320__Aplus_0p01,hm-m2-g2-L5p3-n2-beta1,320,-0.01,86,1.4243750000000002,1.0009946236909864,1.0008805443432778
hm-m2-g2-L5p3-n2-beta1__N0320__Aminus_0p01,hm-m2-g2-L5p3-n2-beta1__N0320__Aplus_0p01,hm-m2-g2-L5p3-n2-beta1,320,-0.01,87,1.4409375,1.0011906038320426,1.0010429315474965
hm-m2-g2-L5p3-n2-beta1__N0320__Aminus_0p01,hm-m2-g2-L5p3-n2-beta1__N0320__Aplus_0p01,hm-m2-g2-L5p3-n2-beta1,320,-0.01,88,1.4575,1.001386256743943,1.001204951251767
hm-m2-g2-L5p3-n2-beta1__N0320__Aminus_0p01,hm-m2-g2-L5p3-n2-beta1__N0320__Aplus_0p01,hm-m2-g2-L5p3-n2-beta1,320,-0.01,89,1.4740625,1.0015815055274246,1.0013665404208423
hm-m2-g2-L5p3-n2-beta1__N0320__Aminus_0p01,hm-m2-g2-L5p3-n2-beta1__N0320__Aplus_0p01,hm-m2-g2-L5p3-n2-beta1,320,-0.01,90,1.490625,1.00177627320419,1.0015276361024406
hm-m2-g2-L5p3-n2-beta1__N0320__Aminus_0p01,hm-m2-g2-L5p3-n2-beta1__N0320__Aplus_0p01,hm-m2-g2-L5p3-n2-beta1,320,-0.01,91,1.5071875000000001,1.0019704827486469,1.0016881754524123
hm-m2-g2-L5p3-n2-beta1__N0320__Aminus_0p01,hm-m2-g2-L5p3-n2-beta1__N0320__Aplus_0p01,hm-m2-g2-L5p3-n2-beta1,320,-0.01,92,1.5237500000000002,1.002164057120043,1.001848095759999
hm-m2-g2-L5p3-n2-beta1__N0320__Aminus_0p01,hm-m2-g2-L5p3-n2-beta1__N0320__Aplus_0p01,hm-m2-g2-L5p3-n2-beta1,320,-0.01,93,1.5403125,1.002356919294976,1.002007334473166
hm-m2-g2-L5p3-n2-beta1__N0320__Aminus_0p01,hm-m2-g2-L5p3-n2-beta1__N0320__Aplus_0p01,hm-m2-g2-L5p3-n2-beta1,320,-0.01,94,1.556875,1.0025489923002682,1.0021658292240039
hm-m2-g2-L5p3-n2-beta1__N0320__Aminus_0p01,hm-m2-g2-L5p3-n2-beta1__N0320__Aplus_0p01,hm-m2-g2-L5p3-n2-beta1,320,-0.01,95,1.5734375,1.0027401992461895,1.0023235178541836
hm-m2-g2-L5p3-n2-beta1__N0320__Aminus_0p01,hm-m2-g2-L5p3-n2-beta1__N0320__Aplus_0p01,hm-m2-g2-L5p3-n2-beta1,320,-0.01,96,1.59,1.0029304633600096,1.0024803384404546
hm-m2-g2-L5p3-n2-beta1__N0320__Aminus_0p01,hm-m2-g2-L5p3-n2-beta1__N0320__Aplus_0p01,hm-m2-g2-L5p3-n2-beta1,320,-0.01,97,1.6065625000000001,1.003119708019865,1.002636229320174
hm-m2-g2-L5p3-n2-beta1__N0320__Aminus_0p01,hm-m2-g2-L5p3-n2-beta1__N0320__Aplus_0p01,hm-m2-g2-L5p3-n2-beta1,320,-0.01,98,1.6231250000000002,1.0033078567889222,1.0027911291168559
hm-m2-g2-L5p3-n2-beta1__N0320__Aminus_0p01,hm-m2-g2-L5p3-n2-beta1__N0320__Aplus_0p01,hm-m2-g2-L5p3-n2-beta1,320,-0.01,99,1.6396875000000002,1.0034948334498175,1.002944976765726
hm-m2-g2-L5p3-n2-beta1__N0320__Aminus_0p01,hm-m2-g2-L5p3-n2-beta1__N0320__Aplus_0p01,hm-m2-g2-L5p3-n2-beta1,320,-0.01,100,1.65625,1.003680562039355,1.0030977115392716
hm-m2-g2-L5p3-n2-beta1__N0320__Aminus_0p01,hm-m2-g2-L5p3-n2-beta1__N0320__Aplus_0p01,hm-m2-g2-L5p3-n2-beta1,320,-0.01,101,1.6728125,1.0038649668834412,1.0032492730727742
hm-m2-g2-L5p3-n2-beta1__N0320__Aminus_0p01,hm-m2-g2-L5p3-n2-beta1__N0320__Aplus_0p01,hm-m2-g2-L5p3-n2-beta1,320,-0.01,102,1.689375,1.004047972632237,1.0033996013898077
hm-m2-g2-L5p3-n2-beta1__N0320__Aminus_0p01,hm-m2-g2-L5p3-n2-beta1__N0320__Aplus_0p01,hm-m2-g2-L5p3-n2-beta1,320,-0.01,103,1.7059375,1.004229504295506,1.003548636927696
hm-m2-g2-L5p3-n2-beta1__N0320__Aminus_0p01,hm-m2-g2-L5p3-n2-beta1__N0320__Aplus_0p01,hm-m2-g2-L5p3-n2-beta1,320,-0.01,104,1.7225000000000001,1.0044094872781315,1.0036963205629108
hm-m2-g2-L5p3-n2-beta1__N0320__Aminus_0p01,hm-m2-g2-L5p3-n2-beta1__N0320__Aplus_0p01,hm-m2-g2-L5p3-n2-beta1,320,-0.01,105,1.7390625000000002,1.004587847415788,1.003842593636399
hm-m2-g2-L5p3-n2-beta1__N0320__Aminus_0p01,hm-m2-g2-L5p3-n2-beta1__N0320__Aplus_0p01,hm-m2-g2-L5p3-n2-beta1,320,-0.01,106,1.755625,1.0047645110107375,1.0039873979788276
hm-m2-g2-L5p3-n2-beta1__N0320__Aminus_0p01,hm-m2-g2-L5p3-n2-beta1__N0320__Aplus_0p01,hm-m2-g2-L5p3-n2-beta1,320,-0.01,107,1.7721875,1.0049394048677245,1.0041306759357267
hm-m2-g2-L5p3-n2-beta1__N0320__Aminus_0p01,hm-m2-g2-L5p3-n2-beta1__N0320__Aplus_0p01,hm-m2-g2-L5p3-n2-beta1,320,-0.01,108,1.78875,1.0051124563299543,1.0042723703925243
hm-m2-g2-L5p3-n2-beta1__N0320__Aminus_0p01,hm-m2-g2-L5p3-n2-beta1__N0320__Aplus_0p01,hm-m2-g2-L5p3-n2-beta1,320,-0.01,109,1.8053125,1.0052835933151174,1.004412424799454
hm-m2-g2-L5p3-n2-beta1__N0320__Aminus_0p01,hm-m2-g2-L5p3-n2-beta1__N0320__Aplus_0p01,hm-m2-g2-L5p3-n2-beta1,320,-0.01,110,1.8218750000000001,1.0054527443514445,1.0045507831963219
hm-m2-g2-L5p3-n2-beta1__N0320__Aminus_0p01,hm-m2-g2-L5p3-n2-beta1__N0320__Aplus_0p01,hm-m2-g2-L5p3-n2-beta1,320,-0.01,111,1.8384375000000002,1.0056198386137565,1.0046873902371216
hm-m2-g2-L5p3-n2-beta1__N0320__Aminus_0p01,hm-m2-g2-L5p3-n2-beta1__N0320__Aplus_0p01,hm-m2-g2-L5p3-n2-beta1,320,-0.01,112,1.855,1.005784805959491,1.0048221912144801
hm-m2-g2-L5p3-n2-beta1__N0320__Aminus_0p01,hm-m2-g2-L5p3-n2-beta1__N0320__Aplus_0p01,hm-m2-g2-L5p3-n2-beta1,320,-0.01,113,1.8715625,1.0059475769646706,1.004955132083921
hm-m2-g2-L5p3-n2-beta1__N0320__Aminus_0p01,hm-m2-g2-L5p3-n2-beta1__N0320__Aplus_0p01,hm-m2-g2-L5p3-n2-beta1,320,-0.01,114,1.888125,1.0061080829597913,1.0050861594879312
hm-m2-g2-L5p3-n2-beta1__N0320__Aminus_0p01,hm-m2-g2-L5p3-n2-beta1__N0320__Aplus_0p01,hm-m2-g2-L5p3-n2-beta1,320,-0.01,115,1.9046875,1.0062662560655964,1.0052152207798186
hm-m2-g2-L5p3-n2-beta1__N0320__Aminus_0p01,hm-m2-g2-L5p3-n2-beta1__N0320__Aplus_0p01,hm-m2-g2-L5p3-n2-beta1,320,-0.01,116,1.9212500000000001,1.0064220292287134,1.0053422640473408
hm-m2-g2-L5p3-n2-beta1__N0320__Aminus_0p01,hm-m2-g2-L5p3-n2-beta1__N0320__Aplus_0p01,hm-m2-g2-L5p3-n2-beta1,320,-0.01,117,1.9378125000000002,1.0065753362571215,1.0054672381360972
hm-m2-g2-L5p3-n2-beta1__N0320__Aminus_0p01,hm-m2-g2-L5p3-n2-beta1__N0320__Aplus_0p01,hm-m2-g2-L5p3-n2-beta1,320,-0.01,118,1.9543750000000002,1.006726111855419,1.0055900926726649
hm-m2-g2-L5p3-n2-beta1__N0320__Aminus_0p01,hm-m2-g2-L5p3-n2-beta1__N0320__Aplus_0p01,hm-m2-g2-L5p3-n2-beta1,320,-0.01,119,1.9709375,1.0068742916598656,1.0057107780874672
hm-m2-g2-L5p3-n2-beta1__N0320__Aminus_0p01,hm-m2-g2-L5p3-n2-beta1__N0320__Aplus_0p01,hm-m2-g2-L5p3-n2-beta1,320,-0.01,120,1.9875,1.0070198122731668,1.0058292456373592
hm-m2-g2-L5p3-n2-beta1__N0320__Aminus_0p01,hm-m2-g2-L5p3-n2-beta1__N0320__Aplus_0p01,hm-m2-g2-L5p3-n2-beta1,320,-0.01,121,2.0040625000000003,1.0071626112989684,1.0059454474279161
hm-m2-g2-L5p3-n2-beta1__N0320__Aminus_0p01,hm-m2-g2-L5p3-n2-beta1__N0320__Aplus_0p01,hm-m2-g2-L5p3-n2-beta1,320,-0.01,122,2.020625,1.0073026273760366,1.0060593364354087
hm-m2-g2-L5p3-n2-beta1__N0320__Aminus_0p01,hm-m2-g2-L5p3-n2-beta1__N0320__Aplus_0p01,hm-m2-g2-L5p3-n2-beta1,320,-0.01,123,2.0371875,1.0074398002120892,1.0061708665284546
hm-m2-g2-L5p3-n2-beta1__N0320__Aminus_0p01,hm-m2-g2-L5p3-n2-beta1__N0320__Aplus_0p01,hm-m2-g2-L5p3-n2-beta1,320,-0.01,124,2.05375,1.0075740706172478,1.0062799924893302
hm-m2-g2-L5p3-n2-beta1__N0320__Aminus_0p01,hm-m2-g2-L5p3-n2-beta1__N0320__Aplus_0p01,hm-m2-g2-L5p3-n2-beta1,320,-0.01,125,2.0703125,1.0077053805370826,1.0063866700349273
hm-m2-g2-L5p3-n2-beta1__N0320__Aminus_0p01,hm-m2-g2-L5p3-n2-beta1__N0320__Aplus_0p01,hm-m2-g2-L5p3-n2-beta1,320,-0.01,126,2.086875,1.0078336730852189,1.0064908558373435
hm-m2-g2-L5p3-n2-beta1__N0320__Aminus_0p01,hm-m2-g2-L5p3-n2-beta1__N0320__Aplus_0p01,hm-m2-g2-L5p3-n2-beta1,320,-0.01,127,2.1034375,1.0079588925754746,1.0065925075440902
hm-m2-g2-L5p3-n2-beta1__N0320__Aminus_0p01,hm-m2-g2-L5p3-n2-beta1__N0320__Aplus_0p01,hm-m2-g2-L5p3-n2-beta1,320,-0.01,128,2.12,1.0080809845534977,1.006691583797906
hm-m2-g2-L5p3-n2-beta1__N0320__Aminus_0p01,hm-m2-g2-L5p3-n2-beta1__N0320__Aplus_0p01,hm-m2-g2-L5p3-n2-beta1,320,-0.01,129,2.1365625,1.0081998958278764,1.0067880442561628
hm-m2-g2-L5p3-n2-beta1__N0320__Aminus_0p01,hm-m2-g2-L5p3-n2-beta1__N0320__Aplus_0p01,hm-m2-g2-L5p3-n2-beta1,320,-0.01,130,2.153125,1.008315574500691,1.0068818496098488
hm-m2-g2-L5p3-n2-beta1__N0320__Aminus_0p01,hm-m2-g2-L5p3-n2-beta1__N0320__Aplus_0p01,hm-m2-g2-L5p3-n2-beta1,320,-0.01,131,2.1696875,1.0084279699974767,1.0069729616021181
hm-m2-g2-L5p3-n2-beta1__N0320__Aminus_0p01,hm-m2-g2-L5p3-n2-beta1__N0320__Aplus_0p01,hm-m2-g2-L5p3-n2-beta1,320,-0.01,132,2.1862500000000002,1.0085370330965695,1.0070613430463913
hm-m2-g2-L5p3-n2-beta1__N0320__Aminus_0p01,hm-m2-g2-L5p3-n2-beta1__N0320__Aplus_0p01,hm-m2-g2-L5p3-n2-beta1,320,-0.01,133,2.2028125000000003,1.0086427159578082,1.0071469578439982
hm-m2-g2-L5p3-n2-beta1__N0320__Aminus_0p01,hm-m2-g2-L5p3-n2-beta1__N0320__Aplus_0p01,hm-m2-g2-L5p3-n2-beta1,320,-0.01,134,2.2193750000000003,1.008744972150559,1.007229771001347
hm-m2-g2-L5p3-n2-beta1__N0320__Aminus_0p01,hm-m2-g2-L5p3-n2-beta1__N0320__Aplus_0p01,hm-m2-g2-L5p3-n2-beta1,320,-0.01,135,2.2359375,1.0088437566810413,1.0073097486466085
hm-m2-g2-L5p3-n2-beta1__N0320__Aminus_0p01,hm-m2-g2-L5p3-n2-beta1__N0320__Aplus_0p01,hm-m2-g2-L5p3-n2-beta1,320,-0.01,136,2.2525,1.0089390260189222,1.007386858045905
hm-m2-g2-L5p3-n2-beta1__N0320__Aminus_0p01,hm-m2-g2-L5p3-n2-beta1__N0320__Aplus_0p01,hm-m2-g2-L5p3-n2-beta1,320,-0.01,137,2.2690625,1.0090307381231534,1.0074610676189908
hm-m2-g2-L5p3-n2-beta1__N0320__Aminus_0p01,hm-m2-g2-L5p3-n2-beta1__N0320__Aplus_0p01,hm-m2-g2-L5p3-n2-beta1,320,-0.01,138,2.285625,1.0091188524670287,1.0075323469544137
hm-m2-g2-L5p3-n2-beta1__N0320__Aminus_0p01,hm-m2-g2-L5p3-n2-beta1__N0320__Aplus_0p01,hm-m2-g2-L5p3-n2-beta1,320,-0.01,139,2.3021875,1.0092033300624292,1.007600666824147
hm-m2-g2-L5p3-n2-beta1__N0320__Aminus_0p01,hm-m2-g2-L5p3-n2-beta1__N0320__Aplus_0p01,hm-m2-g2-L5p3-n2-beta1,320,-0.01,140,2.31875,1.0092841334832376,1.0076659991976806
hm-m2-g2-L5p3-n2-beta1__N0320__Aminus_0p01,hm-m2-g2-L5p3-n2-beta1__N0320__Aplus_0p01,hm-m2-g2-L5p3-n2-beta1,320,-0.01,141,2.3353125,1.0093612268878935,1.0077283172555607
hm-m2-g2-L5p3-n2-beta1__N0320__Aminus_0p01,hm-m2-g2-L5p3-n2-beta1__N0320__Aplus_0p01,hm-m2-g2-L5p3-n2-beta1,320,-0.01,142,2.351875,1.009434576041067,1.0077875954023694
hm-m2-g2-L5p3-n2-beta1__N0320__Aminus_0p01,hm-m2-g2-L5p3-n2-beta1__N0320__Aplus_0p01,hm-m2-g2-L5p3-n2-beta1,320,-0.01,143,2.3684375,1.0095041483344287,1.007843809279135
hm-m2-g2-L5p3-n2-beta1__N0320__Aminus_0p01,hm-m2-g2-L5p3-n2-beta1__N0320__Aplus_0p01,hm-m2-g2-L5p3-n2-beta1,320,-0.01,144,2.3850000000000002,1.009569912806493,1.007896935775161
hm-m2-g2-L5p3-n2-beta1__N0320__Aminus_0p01,hm-m2-g2-L5p3-n2-beta1__N0320__Aplus_0p01,hm-m2-g2-L5p3-n2-beta1,320,-0.01,145,2.4015625000000003,1.009631840161515,1.0079469530392682
hm-m2-g2-L5p3-n2-beta1__N0320__Aminus_0p01,hm-m2-g2-L5p3-n2-beta1__N0320__Aplus_0p01,hm-m2-g2-L5p3-n2-beta1,320,-0.01,146,2.4181250000000003,1.0096899027874184,1.00799384049044
hm-m2-g2-L5p3-n2-beta1__N0320__Aminus_0p01,hm-m2-g2-L5p3-n2-beta1__N0320__Aplus_0p01,hm-m2-g2-L5p3-n2-beta1,320,-0.01,147,2.4346875000000003,1.0097440747727386,1.0080375788278646
hm-m2-g2-L5p3-n2-beta1__N0320__Aminus_0p01,hm-m2-g2-L5p3-n2-beta1__N0320__Aplus_0p01,hm-m2-g2-L5p3-n2-beta1,320,-0.01,148,2.45125,1.0097943319225586,1.0080781500403626
hm-m2-g2-L5p3-n2-beta1__N0320__Aminus_0p01,hm-m2-g2-L5p3-n2-beta1__N0320__Aplus_0p01,hm-m2-g2-L5p3-n2-beta1,320,-0.01,149,2.4678125,1.0098406517734262,1.0081155374151984
hm-m2-g2-L5p3-n2-beta1__N0320__Aminus_0p01,hm-m2-g2-L5p3-n2-beta1__N0320__Aplus_0p01,hm-m2-g2-L5p3-n2-beta1,320,-0.01,150,2.484375,1.0098830136072285,1.0081497255462641
hm-m2-g2-L5p3-n2-beta1__N0320__Aminus_0p01,hm-m2-g2-L5p3-n2-beta1__N0320__Aplus_0p01,hm-m2-g2-L5p3-n2-beta1,320,-0.01,151,2.5009375,1.009921398464018,1.0081807003416337
hm-m2-g2-L5p3-n2-beta1__N0320__Aminus_0p01,hm-m2-g2-L5p3-n2-beta1__N0320__Aplus_0p01,hm-m2-g2-L5p3-n2-beta1,320,-0.01,152,2.5175,1.009955789153767,1.0082084490304768
hm-m2-g2-L5p3-n2-beta1__N0320__Aminus_0p01,hm-m2-g2-L5p3-n2-beta1__N0320__Aplus_0p01,hm-m2-g2-L5p3-n2-beta1,320,-0.01,153,2.5340625,1.0099861702670438,1.0082329601693336
hm-m2-g2-L5p3-n2-beta1__N0320__Aminus_0p01,hm-m2-g2-L5p3-n2-beta1__N0320__Aplus_0p01,hm-m2-g2-L5p3-n2-beta1,320,-0.01,154,2.550625,1.0100125281845975,1.0082542236477388
hm-m2-g2-L5p3-n2-beta1__N0320__Aminus_0p01,hm-m2-g2-L5p3-n2-beta1__N0320__Aplus_0p01,hm-m2-g2-L5p3-n2-beta1,320,-0.01,155,2.5671875,1.010034851085839,1.0082722306931957
hm-m2-g2-L5p3-n2-beta1__N0320__Aminus_0p01,hm-m2-g2-L5p3-n2-beta1__N0320__Aplus_0p01,hm-m2-g2-L5p3-n2-beta1,320,-0.01,156,2.58375,1.010053128956211,1.0082869738754956
hm-m2-g2-L5p3-n2-beta1__N0320__Aminus_0p01,hm-m2-g2-L5p3-n2-beta1__N0320__Aplus_0p01,hm-m2-g2-L5p3-n2-beta1,320,-0.01,157,2.6003125000000002,1.0100673535934377,1.0082984471103766
hm-m2-g2-L5p3-n2-beta1__N0320__Aminus_0p01,hm-m2-g2-L5p3-n2-beta1__N0320__Aplus_0p01,hm-m2-g2-L5p3-n2-beta1,320,-0.01,158,2.6168750000000003,1.0100775186126476,1.0083066456625212
hm-m2-g2-L5p3-n2-beta1__N0320__Aminus_0p01,hm-m2-g2-L5p3-n2-beta1__N0320__Aplus_0p01,hm-m2-g2-L5p3-n2-beta1,320,-0.01,159,2.6334375000000003,1.0100836194503644,1.0083115661478912
hm-m2-g2-L5p3-n2-beta1__N0320__Aminus_0p01,hm-m2-g2-L5p3-n2-beta1__N0320__Aplus_0p01,hm-m2-g2-L5p3-n2-beta1,320,-0.01,160,2.6500000000000004,1.0100856533673597,1.0083132065353955
hm-m2-g2-L5p3-n2-beta1__N0320__Aminus_0p01,hm-m2-g2-L5p3-n2-beta1__N0320__Aplus_0p01,hm-m2-g2-L5p3-n2-beta1,320,-0.01,161,2.6665625,1.010083619450367,1.0083115661478927
hm-m2-g2-L5p3-n2-beta1__N0320__Aminus_0p01,hm-m2-g2-L5p3-n2-beta1__N0320__Aplus_0p01,hm-m2-g2-L5p3-n2-beta1,320,-0.01,162,2.683125,1.010077518612653,1.0083066456625245
hm-m2-g2-L5p3-n2-beta1__N0320__Aminus_0p01,hm-m2-g2-L5p3-n2-beta1__N0320__Aplus_0p01,hm-m2-g2-L5p3-n2-beta1,320,-0.01,163,2.6996875,1.0100673535934457,1.0082984471103815
hm-m2-g2-L5p3-n2-beta1__N0320__Aminus_0p01,hm-m2-g2-L5p3-n2-beta1__N0320__Aplus_0p01,hm-m2-g2-L5p3-n2-beta1,320,-0.01,164,2.71625,1.0100531289562216,1.008286973875502
hm-m2-g2-L5p3-n2-beta1__N0320__Aminus_0p01,hm-m2-g2-L5p3-n2-beta1__N0320__Aplus_0p01,hm-m2-g2-L5p3-n2-beta1,320,-0.01,165,2.7328125,1.0100348510858523,1.0082722306932035
hm-m2-g2-L5p3-n2-beta1__N0320__Aminus_0p01,hm-m2-g2-L5p3-n2-beta1__N0320__Aplus_0p01,hm-m2-g2-L5p3-n2-beta1,320,-0.01,166,2.749375,1.0100125281846133,1.008254223647748
hm-m2-g2-L5p3-n2-beta1__N0320__Aminus_0p01,hm-m2-g2-L5p3-n2-beta1__N0320__Aplus_0p01,hm-m2-g2-L5p3-n2-beta1,320,-0.01,167,2.7659375,1.0099861702670623,1.0082329601693445
hm-m2-g2-L5p3-n2-beta1__N0320__Aminus_0p01,hm-m2-g2-L5p3-n2-beta1__N0320__Aplus_0p01,hm-m2-g2-L5p3-n2-beta1,320,-0.01,168,2.7825,1.0099557891537883,1.0082084490304895
hm-m2-g2-L5p3-n2-beta1__N0320__Aminus_0p01,hm-m2-g2-L5p3-n2-beta1__N0320__Aplus_0p01,hm-m2-g2-L5p3-n2-beta1,320,-0.01,169,2.7990625000000002,1.0099213984640418,1.0081807003416476
hm-m2-g2-L5p3-n2-beta1__N0320__Aminus_0p01,hm-m2-g2-L5p3-n2-beta1__N0320__Aplus_0p01,hm-m2-g2-L5p3-n2-beta1,320,-0.01,170,2.8156250000000003,1.009883013607255,1.0081497255462797
hm-m2-g2-L5p3-n2-beta1__N0320__Aminus_0p01,hm-m2-g2-L5p3-n2-beta1__N0320__Aplus_0p01,hm-m2-g2-L5p3-n2-beta1,320,-0.01,171,2.8321875000000003,1.009840651773455,1.0081155374152153
hm-m2-g2-L5p3-n2-beta1__N0320__Aminus_0p01,hm-m2-g2-L5p3-n2-beta1__N0320__Aplus_0p01,hm-m2-g2-L5p3-n2-beta1,320,-0.01,172,2.8487500000000003,1.0097943319225902,1.0080781500403808
hm-m2-g2-L5p3-n2-beta1__N0320__Aminus_0p01,hm-m2-g2-L5p3-n2-beta1__N0320__Aplus_0p01,hm-m2-g2-L5p3-n2-beta1,320,-0.01,173,2.8653125,1.0097440747727726,1.0080375788278841
hm-m2-g2-L5p3-n2-beta1__N0320__Aminus_0p01,hm-m2-g2-L5p3-n2-beta1__N0320__Aplus_0p01,hm-m2-g2-L5p3-n2-beta1,320,-0.01,174,2.881875,1.009689902787455,1.007993840490461
hm-m2-g2-L5p3-n2-beta1__N0320__Aminus_0p01,hm-m2-g2-L5p3-n2-beta1__N0320__Aplus_0p01,hm-m2-g2-L5p3-n2-beta1,320,-0.01,175,2.8984375,1.009631840161554,1.0079469530392902
hm-m2-g2-L5p3-n2-beta1__N0320__Aminus_0p01,hm-m2-g2-L5p3-n2-beta1__N0320__Aplus_0p01,hm-m2-g2-L5p3-n2-beta1,320,-0.01,176,2.915,1.0095699128065345,1.0078969357751846
hm-m2-g2-L5p3-n2-beta1__N0320__Aminus_0p01,hm-m2-g2-L5p3-n2-beta1__N0320__Aplus_0p01,hm-m2-g2-L5p3-n2-beta1,320,-0.01,177,2.9315625,1.0095041483344727,1.00784380927916
hm-m2-g2-L5p3-n2-beta1__N0320__Aminus_0p01,hm-m2-g2-L5p3-n2-beta1__N0320__Aplus_0p01,hm-m2-g2-L5p3-n2-beta1,320,-0.01,178,2.948125,1.0094345760411134,1.0077875954023956
hm-m2-g2-L5p3-n2-beta1__N0320__Aminus_0p01,hm-m2-g2-L5p3-n2-beta1__N0320__Aplus_0p01,hm-m2-g2-L5p3-n2-beta1,320,-0.01,179,2.9646875,1.0093612268879424,1.0077283172555878
hm-m2-g2-L5p3-n2-beta1__N0320__Aminus_0p01,hm-m2-g2-L5p3-n2-beta1__N0320__Aplus_0p01,hm-m2-g2-L5p3-n2-beta1,320,-0.01,180,2.98125,1.009284133483289,1.0076659991977088
hm-m2-g2-L5p3-n2-beta1__N0320__Aminus_0p01,hm-m2-g2-L5p3-n2-beta1__N0320__Aplus_0p01,hm-m2-g2-L5p3-n2-beta1,320,-0.01,181,2.9978125,1.0092033300624828,1.0076006668241761
hm-m2-g2-L5p3-n2-beta1__N0320__Aminus_0p01,hm-m2-g2-L5p3-n2-beta1__N0320__Aplus_0p01,hm-m2-g2-L5p3-n2-beta1,320,-0.01,182,3.0143750000000002,1.0091188524670847,1.0075323469544437
hm-m2-g2-L5p3-n2-beta1__N0320__Aminus_0p01,hm-m2-g2-L5p3-n2-beta1__N0320__Aplus_0p01,hm-m2-g2-L5p3-n2-beta1,320,-0.01,183,3.0309375000000003,1.0090307381232115,1.0074610676190219
hm-m2-g2-L5p3-n2-beta1__N0320__Aminus_0p01,hm-m2-g2-L5p3-n2-beta1__N0320__Aplus_0p01,hm-m2-g2-L5p3-n2-beta1,320,-0.01,184,3.0475000000000003,1.0089390260189826,1.0073868580459373
hm-m2-g2-L5p3-n2-beta1__N0320__Aminus_0p01,hm-m2-g2-L5p3-n2-beta1__N0320__Aplus_0p01,hm-m2-g2-L5p3-n2-beta1,320,-0.01,185,3.0640625000000004,1.008843756681104,1.007309748646642
hm-m2-g2-L5p3-n2-beta1__N0320__Aminus_0p01,hm-m2-g2-L5p3-n2-beta1__N0320__Aplus_0p01,hm-m2-g2-L5p3-n2-beta1,320,-0.01,186,3.080625,1.0087449721506236,1.0072297710013816
hm-m2-g2-L5p3-n2-beta1__N0320__Aminus_0p01,hm-m2-g2-L5p3-n2-beta1__N0320__Aplus_0p01,hm-m2-g2-L5p3-n2-beta1,320,-0.01,187,3.0971875,1.008642715957875,1.0071469578440337
hm-m2-g2-L5p3-n2-beta1__N0320__Aminus_0p01,hm-m2-g2-L5p3-n2-beta1__N0320__Aplus_0p01,hm-m2-g2-L5p3-n2-beta1,320,-0.01,188,3.11375,1.0085370330966386,1.007061343046428
hm-m2-g2-L5p3-n2-beta1__N0320__Aminus_0p01,hm-m2-g2-L5p3-n2-beta1__N0320__Aplus_0p01,hm-m2-g2-L5p3-n2-beta1,320,-0.01,189,3.1303125,1.0084279699975478,1.0069729616021557
hm-m2-g2-L5p3-n2-beta1__N0320__Aminus_0p01,hm-m2-g2-L5p3-n2-beta1__N0320__Aplus_0p01,hm-m2-g2-L5p3-n2-beta1,320,-0.01,190,3.146875,1.0083155745007641,1.0068818496098877
hm-m2-g2-L5p3-n2-beta1__N0320__Aminus_0p01,hm-m2-g2-L5p3-n2-beta1__N0320__Aplus_0p01,hm-m2-g2-L5p3-n2-beta1,320,-0.01,191,3.1634375,1.0081998958279514,1.0067880442562025
hm-m2-g2-L5p3-n2-beta1__N0320__Aminus_0p01,hm-m2-g2-L5p3-n2-beta1__N0320__Aplus_0p01,hm-m2-g2-L5p3-n2-beta1,320,-0.01,192,3.18,1.0080809845535745,1.0066915837979467
hm-m2-g2-L5p3-n2-beta1__N0320__Aminus_0p01,hm-m2-g2-L5p3-n2-beta1__N0320__Aplus_0p01,hm-m2-g2-L5p3-n2-beta1,320,-0.01,193,3.1965625,1.0079588925755534,1.0065925075441315
hm-m2-g2-L5p3-n2-beta1__N0320__Aminus_0p01,hm-m2-g2-L5p3-n2-beta1__N0320__Aplus_0p01,hm-m2-g2-L5p3-n2-beta1,320,-0.01,194,3.2131250000000002,1.0078336730852997,1.006490855837386
hm-m2-g2-L5p3-n2-beta1__N0320__Aminus_0p01,hm-m2-g2-L5p3-n2-beta1__N0320__Aplus_0p01,hm-m2-g2-L5p3-n2-beta1,320,-0.01,195,3.2296875000000003,1.007705380537165,1.0063866700349708
hm-m2-g2-L5p3-n2-beta1__N0320__Aminus_0p01,hm-m2-g2-L5p3-n2-beta1__N0320__Aplus_0p01,hm-m2-g2-L5p3-n2-beta1,320,-0.01,196,3.2462500000000003,1.007574070617332,1.0062799924893748
hm-m2-g2-L5p3-n2-beta1__N0320__Aminus_0p01,hm-m2-g2-L5p3-n2-beta1__N0320__Aplus_0p01,hm-m2-g2-L5p3-n2-beta1,320,-0.01,197,3.2628125000000003,1.0074398002121752,1.0061708665285005
hm-m2-g2-L5p3-n2-beta1__N0320__Aminus_0p01,hm-m2-g2-L5p3-n2-beta1__N0320__Aplus_0p01,hm-m2-g2-L5p3-n2-beta1,320,-0.01,198,3.2793750000000004,1.007302627376124,1.006059336435456
hm-m2-g2-L5p3-n2-beta1__N0320__Aminus_0p01,hm-m2-g2-L5p3-n2-beta1__N0320__Aplus_0p01,hm-m2-g2-L5p3-n2-beta1,320,-0.01,199,3.2959375,1.0071626112990575,1.0059454474279652
hm-m2-g2-L5p3-n2-beta1__N0320__Aminus_0p01,hm-m2-g2-L5p3-n2-beta1__N0320__Aplus_0p01,hm-m2-g2-L5p3-n2-beta1,320,-0.01,200,3.3125,1.0070198122732574,1.00582924563741
hm-m2-g2-L5p3-n2-beta1__N0320__Aminus_0p01,hm-m2-g2-L5p3-n2-beta1__N0320__Aplus_0p01,hm-m2-g2-L5p3-n2-beta1,320,-0.01,201,3.3290625,1.0068742916599578,1.0057107780875196
hm-m2-g2-L5p3-n2-beta1__N0320__Aminus_0p01,hm-m2-g2-L5p3-n2-beta1__N0320__Aplus_0p01,hm-m2-g2-L5p3-n2-beta1,320,-0.01,202,3.345625,1.0067261118555124,1.0055900926727193
hm-m2-g2-L5p3-n2-beta1__N0320__Aminus_0p01,hm-m2-g2-L5p3-n2-beta1__N0320__Aplus_0p01,hm-m2-g2-L5p3-n2-beta1,320,-0.01,203,3.3621875,1.0065753362572163,1.0054672381361536
hm-m2-g2-L5p3-n2-beta1__N0320__Aminus_0p01,hm-m2-g2-L5p3-n2-beta1__N0320__Aplus_0p01,hm-m2-g2-L5p3-n2-beta1,320,-0.01,204,3.37875,1.0064220292288097,1.0053422640473992
hm-m2-g2-L5p3-n2-beta1__N0320__Aminus_0p01,hm-m2-g2-L5p3-n2-beta1__N0320__Aplus_0p01,hm-m2-g2-L5p3-n2-beta1,320,-0.01,205,3.3953125,1.0062662560656939,1.0052152207798788
hm-m2-g2-L5p3-n2-beta1__N0320__Aminus_0p01,hm-m2-g2-L5p3-n2-beta1__N0320__Aplus_0p01,hm-m2-g2-L5p3-n2-beta1,320,-0.01,206,3.411875,1.00610808295989,1.005086159487993
hm-m2-g2-L5p3-n2-beta1__N0320__Aminus_0p01,hm-m2-g2-L5p3-n2-beta1__N0320__Aplus_0p01,hm-m2-g2-L5p3-n2-beta1,320,-0.01,207,3.4284375000000002,1.0059475769647706,1.004955132083984
hm-m2-g2-L5p3-n2-beta1__N0320__Aminus_0p01,hm-m2-g2-L5p3-n2-beta1__N0320__Aplus_0p01,hm-m2-g2-L5p3-n2-beta1,320,-0.01,208,3.4450000000000003,1.005784805959592,1.004822191214545
hm-m2-g2-L5p3-n2-beta1__N0320__Aminus_0p01,hm-m2-g2-L5p3-n2-beta1__N0320__Aplus_0p01,hm-m2-g2-L5p3-n2-beta1,320,-0.01,209,3.4615625000000003,1.0056198386138586,1.004687390237188
hm-m2-g2-L5p3-n2-beta1__N0320__Aminus_0p01,hm-m2-g2-L5p3-n2-beta1__N0320__Aplus_0p01,hm-m2-g2-L5p3-n2-beta1,320,-0.01,210,3.4781250000000004,1.0054527443515475,1.0045507831963898
hm-m2-g2-L5p3-n2-beta1__N0320__Aminus_0p01,hm-m2-g2-L5p3-n2-beta1__N0320__Aplus_0p01,hm-m2-g2-L5p3-n2-beta1,320,-0.01,211,3.4946875000000004,1.0052835933152213,1.0044124247995239
hm-m2-g2-L5p3-n2-beta1__N0320__Aminus_0p01,hm-m2-g2-L5p3-n2-beta1__N0320__Aplus_0p01,hm-m2-g2-L5p3-n2-beta1,320,-0.01,212,3.51125,1.005112456330059,1.0042723703925962
hm-m2-g2-L5p3-n2-beta1__N0320__Aminus_0p01,hm-m2-g2-L5p3-n2-beta1__N0320__Aplus_0p01,hm-m2-g2-L5p3-n2-beta1,320,-0.01,213,3.5278125,1.0049394048678302,1.0041306759358004
hm-m2-g2-L5p3-n2-beta1__N0320__Aminus_0p01,hm-m2-g2-L5p3-n2-beta1__N0320__Aplus_0p01,hm-m2-g2-L5p3-n2-beta1,320,-0.01,214,3.544375,1.0047645110108439,1.0039873979789031
hm-m2-g2-L5p3-n2-beta1__N0320__Aminus_0p01,hm-m2-g2-L5p3-n2-beta1__N0320__Aplus_0p01,hm-m2-g2-L5p3-n2-beta1,320,-0.01,215,3.5609375,1.0045878474158954,1.0038425936364765
hm-m2-g2-L5p3-n2-beta1__N0320__Aminus_0p01,hm-m2-g2-L5p3-n2-beta1__N0320__Aplus_0p01,hm-m2-g2-L5p3-n2-beta1,320,-0.01,216,3.5775,1.0044094872782394,1.00369632056299
hm-m2-g2-L5p3-n2-beta1__N0320__Aminus_0p01,hm-m2-g2-L5p3-n2-beta1__N0320__Aplus_0p01,hm-m2-g2-L5p3-n2-beta1,320,-0.01,217,3.5940625,1.0042295042956144,1.003548636927777
hm-m2-g2-L5p3-n2-beta1__N0320__Aminus_0p01,hm-m2-g2-L5p3-n2-beta1__N0320__Aplus_0p01,hm-m2-g2-L5p3-n2-beta1,320,-0.01,218,3.610625,1.0040479726323464,1.0033996013898907
hm-m2-g2-L5p3-n2-beta1__N0320__Aminus_0p01,hm-m2-g2-L5p3-n2-beta1__N0320__Aplus_0p01,hm-m2-g2-L5p3-n2-beta1,320,-0.01,219,3.6271875000000002,1.0038649668835509,1.0032492730728593
hm-m2-g2-L5p3-n2-beta1__N0320__Aminus_0p01,hm-m2-g2-L5p3-n2-beta1__N0320__Aplus_0p01,hm-m2-g2-L5p3-n2-beta1,320,-0.01,220,3.6437500000000003,1.003680562039465,1.0030977115393587
hm-m2-g2-L5p3-n2-beta1__N0320__Aminus_0p01,hm-m2-g2-L5p3-n2-beta1__N0320__Aplus_0p01,hm-m2-g2-L5p3-n2-beta1,320,-0.01,221,3.6603125000000003,1.003494833449928,1.002944976765815
hm-m2-g2-L5p3-n2-beta1__N0320__Aminus_0p01,hm-m2-g2-L5p3-n2-beta1__N0320__Aplus_0p01,hm-m2-g2-L5p3-n2-beta1,320,-0.01,222,3.6768750000000003,1.0033078567890332,1.0027911291169467
hm-m2-g2-L5p3-n2-beta1__N0320__Aminus_0p01,hm-m2-g2-L5p3-n2-beta1__N0320__Aplus_0p01,hm-m2-g2-L5p3-n2-beta1,320,-0.01,223,3.6934375000000004,1.0031197080199763,1.0026362293202669
hm-m2-g2-L5p3-n2-beta1__N0320__Aminus_0p01,hm-m2-g2-L5p3-n2-beta1__N0320__Aplus_0p01,hm-m2-g2-L5p3-n2-beta1,320,-0.01,224,3.71,1.0029304633601213,1.0024803384405492
hm-m2-g2-L5p3-n2-beta1__N0320__Aminus_0p01,hm-m2-g2-L5p3-n2-beta1__N0320__Aplus_0p01,hm-m2-g2-L5p3-n2-beta1,320,-0.01,225,3.7265625,1.0027401992463014,1.00232351785428
hm-m2-g2-L5p3-n2-beta1__N0320__Aminus_0p01,hm-m2-g2-L5p3-n2-beta1__N0320__Aplus_0p01,hm-m2-g2-L5p3-n2-beta1,320,-0.01,226,3.743125,1.0025489923003803,1.0021658292241018
hm-m2-g2-L5p3-n2-beta1__N0320__Aminus_0p01,hm-m2-g2-L5p3-n2-beta1__N0320__Aplus_0p01,hm-m2-g2-L5p3-n2-beta1,320,-0.01,227,3.7596875,1.002356919295088,1.0020073344732656
hm-m2-g2-L5p3-n2-beta1__N0320__Aminus_0p01,hm-m2-g2-L5p3-n2-beta1__N0320__Aplus_0p01,hm-m2-g2-L5p3-n2-beta1,320,-0.01,228,3.77625,1.0021640571201553,1.0018480957601001
hm-m2-g2-L5p3-n2-beta1__N0320__Aminus_0p01,hm-m2-g2-L5p3-n2-beta1__N0320__Aplus_0p01,hm-m2-g2-L5p3-n2-beta1,320,-0.01,229,3.7928125,1.0019704827487594,1.0016881754525149
hm-m2-g2-L5p3-n2-beta1__N0320__Aminus_0p01,hm-m2-g2-L5p3-n2-beta1__N0320__Aplus_0p01,hm-m2-g2-L5p3-n2-beta1,320,-0.01,230,3.809375,1.0017762732043025,1.0015276361025445
hm-m2-g2-L5p3-n2-beta1__N0320__Aminus_0p01,hm-m2-g2-L5p3-n2-beta1__N0320__Aplus_0p01,hm-m2-g2-L5p3-n2-beta1,320,-0.01,231,3.8259375,1.0015815055275372,1.0013665404209475
hm-m2-g2-L5p3-n2-beta1__N0320__Aminus_0p01,hm-m2-g2-L5p3-n2-beta1__N0320__Aplus_0p01,hm-m2-g2-L5p3-n2-beta1,320,-0.01,232,3.8425000000000002,1.0013862567440557,1.0012049512518735
hm-m2-g2-L5p3-n2-beta1__N0320__Aminus_0p01,hm-m2-g2-L5p3-n2-beta1__N0320__Aplus_0p01,hm-m2-g2-L5p3-n2-beta1,320,-0.01,233,3.8590625000000003,1.0011906038321552,1.0010429315476046
hm-m2-g2-L5p3-n2-beta1__N0320__Aminus_0p01,hm-m2-g2-L5p3-n2-beta1__N0320__Aplus_0p01,hm-m2-g2-L5p3-n2-beta1,320,-0.01,234,3.8756250000000003,1.000994623691099,1.000880544343387
hm-m2-g2-L5p3-n2-beta1__N0320__Aminus_0p01,hm-m2-g2-L5p3-n2-beta1__N0320__Aplus_0p01,hm-m2-g2-L5p3-n2-beta1,320,-0.01,235,3.8921875000000004,1.0007983931097795,1.0007178527323617
hm-m2-g2-L5p3-n2-beta1__N0320__Aminus_0p01,hm-m2-g2-L5p3-n2-beta1__N0320__Aplus_0p01,hm-m2-g2-L5p3-n2-beta1,320,-0.01,236,3.9087500000000004,1.0006019887358029,1.000554919840603
hm-m2-g2-L5p3-n2-beta1__N0320__Aminus_0p01,hm-m2-g2-L5p3-n2-beta1__N0320__Aplus_0p01,hm-m2-g2-L5p3-n2-beta1,320,-0.01,237,3.9253125,1.000405487045001,1.000391808802278
hm-m2-g2-L5p3-n2-beta1__N0320__Aminus_0p01,hm-m2-g2-L5p3-n2-beta1__N0320__Aplus_0p01,hm-m2-g2-L5p3-n2-beta1,320,-0.01,238,3.941875,1.0002089643113874,1.000228582734935
hm-m2-g2-L5p3-n2-beta1__N0320__Aminus_0p01,hm-m2-g2-L5p3-n2-beta1__N0320__Aplus_0p01,hm-m2-g2-L5p3-n2-beta1,320,-0.01,239,3.9584375,1.0000124965775614,1.0000653047149304
hm-m2-g2-L5p3-n2-beta1__N0320__Aminus_0p01,hm-m2-g2-L5p3-n2-beta1__N0320__Aplus_0p01,hm-m2-g2-L5p3-n2-beta1,320,-0.01,240,3.975,0.999816159625577,0.9999020377530053
hm-m2-g2-L5p3-n2-beta1__N0320__Aminus_0p01,hm-m2-g2-L5p3-n2-beta1__N0320__Aplus_0p01,hm-m2-g2-L5p3-n2-beta1,320,-0.01,241,3.9915625,0.9996200289482787,0.9997388447700196
hm-m2-g2-L5p3-n2-beta1__N0320__Aminus_0p01,hm-m2-g2-L5p3-n2-beta1__N0320__Aplus_0p01,hm-m2-g2-L5p3-n2-beta1,320,-0.01,242,4.008125000000001,0.9994241797211172,0.9995757885728515
hm-m2-g2-L5p3-n2-beta1__N0320__Aminus_0p01,hm-m2-g2-L5p3-n2-beta1__N0320__Aplus_0p01,hm-m2-g2-L5p3-n2-beta1,320,-0.01,243,4.024687500000001,0.9992286867744489,0.9994129318304734
hm-m2-g2-L5p3-n2-beta1__N0320__Aminus_0p01,hm-m2-g2-L5p3-n2-beta1__N0320__Aplus_0p01,hm-m2-g2-L5p3-n2-beta1,320,-0.01,244,4.04125,0.9990336245663287,0.999250337050212
hm-m2-g2-L5p3-n2-beta1__N0320__Aminus_0p01,hm-m2-g2-L5p3-n2-beta1__N0320__Aplus_0p01,hm-m2-g2-L5p3-n2-beta1,320,-0.01,245,4.0578125,0.9988390671557996,0.9990880665541976
hm-m2-g2-L5p3-n2-beta1__N0320__Aminus_0p01,hm-m2-g2-L5p3-n2-beta1__N0320__Aplus_0p01,hm-m2-g2-L5p3-n2-beta1,320,-0.01,246,4.074375,0.998645088176686,0.9989261824560148
hm-m2-g2-L5p3-n2-beta1__N0320__Aminus_0p01,hm-m2-g2-L5p3-n2-beta1__N0320__Aplus_0p01,hm-m2-g2-L5p3-n2-beta1,320,-0.01,247,4.0909375,0.9984517608118934,0.9987647466375608
hm-m2-g2-L5p3-n2-beta1__N0320__Aminus_0p01,hm-m2-g2-L5p3-n2-beta1__N0320__Aplus_0p01,hm-m2-g2-L5p3-n2-beta1,320,-0.01,248,4.1075,0.9982591577682212,0.9986038207261152
hm-m2-g2-L5p3-n2-beta1__N0320__Aminus_0p01,hm-m2-g2-L5p3-n2-beta1__N0320__Aplus_0p01,hm-m2-g2-L5p3-n2-beta1,320,-0.01,249,4.1240625,0.9980673512516883,0.9984434660716338
hm-m2-g2-L5p3-n2-beta1__N0320__Aminus_0p01,hm-m2-g2-L5p3-n2-beta1__N0320__Aplus_0p01,hm-m2-g2-L5p3-n2-beta1,320,-0.01,250,4.140625,0.9978764129433774,0.9982837437242699
hm-m2-g2-L5p3-n2-beta1__N0320__Aminus_0p01,hm-m2-g2-L5p3-n2-beta1__N0320__Aplus_0p01,hm-m2-g2-L5p3-n2-beta1,320,-0.01,251,4.1571875,0.9976864139757959,0.9981247144121284
hm-m2-g2-L5p3-n2-beta1__N0320__Aminus_0p01,hm-m2-g2-L5p3-n2-beta1__N0320__Aplus_0p01,hm-m2-g2-L5p3-n2-beta1,320,-0.01,252,4.17375,0.9974974249097599,0.9979664385192635
hm-m2-g2-L5p3-n2-beta1__N0320__Aminus_0p01,hm-m2-g2-L5p3-n2-beta1__N0320__Aplus_0p01,hm-m2-g2-L5p3-n2-beta1,320,-0.01,253,4.1903125,0.997309515711797,0.9978089760639205
hm-m2-g2-L5p3-n2-beta1__N0320__Aminus_0p01,hm-m2-g2-L5p3-n2-beta1__N0320__Aplus_0p01,hm-m2-g2-L5p3-n2-beta1,320,-0.01,254,4.206875,0.9971227557320712,0.9976523866770318
hm-m2-g2-L5p3-n2-beta1__N0320__Aminus_0p01,hm-m2-g2-L5p3-n2-beta1__N0320__Aplus_0p01,hm-m2-g2-L5p3-n2-beta1,320,-0.01,255,4.2234375,0.9969372136828275,0.9974967295809705
hm-m2-g2-L5p3-n2-beta1__N0320__Aminus_0p01,hm-m2-g2-L5p3-n2-beta1__N0320__Aplus_0p01,hm-m2-g2-L5p3-n2-beta1,320,-0.01,256,4.24,0.9967529576173574,0.9973420635685666
hm-m2-g2-L5p3-n2-beta1__N0320__Aminus_0p01,hm-m2-g2-L5p3-n2-beta1__N0320__Aplus_0p01,hm-m2-g2-L5p3-n2-beta1,320,-0.01,257,4.2565625,0.996570054909481,0.9971884469823917
hm-m2-g2-L5p3-n2-beta1__N0320__Aminus_0p01,hm-m2-g2-L5p3-n2-beta1__N0320__Aplus_0p01,hm-m2-g2-L5p3-n2-beta1,320,-0.01,258,4.273125,0.9963885722335466,0.9970359376943173
hm-m2-g2-L5p3-n2-beta1__N0320__Aminus_0p01,hm-m2-g2-L5p3-n2-beta1__N0320__Aplus_0p01,hm-m2-g2-L5p3-n2-beta1,320,-0.01,259,4.2896875,0.9962085755449422,0.996884593085349
hm-m2-g2-L5p3-n2-beta1__N0320__Aminus_0p01,hm-m2-g2-L5p3-n2-beta1__N0320__Aplus_0p01,hm-m2-g2-L5p3-n2-beta1,320,-0.01,260,4.30625,0.9960301300611192,0.9967344700257434
hm-m2-g2-L5p3-n2-beta1__N0320__Aminus_0p01,hm-m2-g2-L5p3-n2-beta1__N0320__Aplus_0p01,hm-m2-g2-L5p3-n2-beta1,320,-0.01,261,4.3228125,0.9958533002431217,0.9965856248554107
hm-m2-g2-L5p3-n2-beta1__N0320__Aminus_0p01,hm-m2-g2-L5p3-n2-beta1__N0320__Aplus_0p01,hm-m2-g2-L5p3-n2-beta1,320,-0.01,262,4.339375,0.9956781497776205,0.9964381133646059
hm-m2-g2-L5p3-n2-beta1__N0320__Aminus_0p01,hm-m2-g2-L5p3-n2-beta1__N0320__Aplus_0p01,hm-m2-g2-L5p3-n2-beta1,320,-0.01,263,4.3559375000000005,0.9955047415594451,0.9962919907749139
hm-m2-g2-L5p3-n2-beta1__N0320__Aminus_0p01,hm-m2-g2-L5p3-n2-beta1__N0320__Aplus_0p01,hm-m2-g2-L5p3-n2-beta1,320,-0.01,264,4.3725000000000005,0.99533313767461,0.9961473117205312
hm-m2-g2-L5p3-n2-beta1__N0320__Aminus_0p01,hm-m2-g2-L5p3-n2-beta1__N0320__Aplus_0p01,hm-m2-g2-L5p3-n2-beta1,320,-0.01,265,4.3890625000000005,0.9951633993838311,0.9960041302298456
hm-m2-g2-L5p3-n2-beta1__N0320__Aminus_0p01,hm-m2-g2-L5p3-n2-beta1__N0320__Aplus_0p01,hm-m2-g2-L5p3-n2-beta1,320,-0.01,266,4.405625000000001,0.9949955871065252,0.995862499707321
hm-m2-g2-L5p3-n2-beta1__N0320__Aminus_0p01,hm-m2-g2-L5p3-n2-beta1__N0320__Aplus_0p01,hm-m2-g2-L5p3-n2-beta1,320,-0.01,267,4.422187500000001,0.9948297604052888,0.9957224729156854
hm-m2-g2-L5p3-n2-beta1__N0320__Aminus_0p01,hm-m2-g2-L5p3-n2-beta1__N0320__Aplus_0p01,hm-m2-g2-L5p3-n2-beta1,320,-0.01,268,4.438750000000001,0.9946659779708472,0.9955841019584275
hm-m2-g2-L5p3-n2-beta1__N0320__Aminus_0p01,hm-m2-g2-L5p3-n2-beta1__N0320__Aplus_0p01,hm-m2-g2-L5p3-n2-beta1,320,-0.01,269,4.4553125,0.9945042976074724,0.9954474382626033
hm-m2-g2-L5p3-n2-beta1__N0320__Aminus_0p01,hm-m2-g2-L5p3-n2-beta1__N0320__Aplus_0p01,hm-m2-g2-L5p3-n2-beta1,320,-0.01,270,4.471875,0.9943447762188578,0.9953125325619562
hm-m2-g2-L5p3-n2-beta1__N0320__Aminus_0p01,hm-m2-g2-L5p3-n2-beta1__N0320__Aplus_0p01,hm-m2-g2-L5p3-n2-beta1,320,-0.01,271,4.4884375,0.9941874697944467,0.9951794348803502
hm-m2-g2-L5p3-n2-beta1__N0320__Aminus_0p01,hm-m2-g2-L5p3-n2-beta1__N0320__Aplus_0p01,hm-m2-g2-L5p3-n2-beta1,320,-0.01,272,4.505,0.9940324333962068,0.9950481945155203
hm-m2-g2-L5p3-n2-beta1__N0320__Aminus_0p01,hm-m2-g2-L5p3-n2-beta1__N0320__Aplus_0p01,hm-m2-g2-L5p3-n2-beta1,320,-0.01,273,4.5215625,0.993879721145842,0.99491886002314
hm-m2-g2-L5p3-n2-beta1__N0320__Aminus_0p01,hm-m2-g2-L5p3-n2-beta1__N0320__Aplus_0p01,hm-m2-g2-L5p3-n2-beta1,320,-0.01,274,4.538125,0.9937293862124356,0.9947914792012102
hm-m2-g2-L5p3-n2-beta1__N0320__Aminus_0p01,hm-m2-g2-L5p3-n2-beta1__N0320__Aplus_0p01,hm-m2-g2-L5p3-n2-beta1,320,-0.01,275,4.5546875,0.9935814808005168,0.9946660990747666
hm-m2-g2-L5p3-n2-beta1__N0320__Aminus_0p01,hm-m2-g2-L5p3-n2-beta1__N0320__Aplus_0p01,hm-m2-g2-L5p3-n2-beta1,320,-0.01,276,4.57125,0.9934360561385435,0.9945427658809107
hm-m2-g2-L5p3-n2-beta1__N0320__Aminus_0p01,hm-m2-g2-L5p3-n2-beta1__N0320__Aplus_0p01,hm-m2-g2-L5p3-n2-beta1,320,-0.01,277,4.5878125,0.9932931624677911,0.9944215250541647
hm-m2-g2-L5p3-n2-beta1__N0320__Aminus_0p01,hm-m2-g2-L5p3-n2-beta1__N0320__Aplus_0p01,hm-m2-g2-L5p3-n2-beta1,320,-0.01,278,4.604375,0.9931528490316429,0.9943024212121477
hm-m2-g2-L5p3-n2-beta1__N0320__Aminus_0p01,hm-m2-g2-L5p3-n2-beta1__N0320__Aplus_0p01,hm-m2-g2-L5p3-n2-beta1,320,-0.01,279,4.6209375,0.9930151640652707,0.9941854981415801
hm-m2-g2-L5p3-n2-beta1__N0320__Aminus_0p01,hm-m2-g2-L5p3-n2-beta1__N0320__Aplus_0p01,hm-m2-g2-L5p3-n2-beta1,320,-0.01,280,4.6375,0.9928801547857,0.9940707987846119
hm-m2-g2-L5p3-n2-beta1__N0320__Aminus_0p01,hm-m2-g2-L5p3-n2-beta1__N0320__Aplus_0p01,hm-m2-g2-L5p3-n2-beta1,320,-0.01,281,4.6540625,0.9927478673822496,0.9939583652254781
hm-m2-g2-L5p3-n2-beta1__N0320__Aminus_0p01,hm-m2-g2-L5p3-n2-beta1__N0320__Aplus_0p01,hm-m2-g2-L5p3-n2-beta1,320,-0.01,282,4.670625,0.9926183470073389,0.9938482386774798
hm-m2-g2-L5p3-n2-beta1__N0320__Aminus_0p01,hm-m2-g2-L5p3-n2-beta1__N0320__Aplus_0p01,hm-m2-g2-L5p3-n2-beta1,320,-0.01,283,4.6871875,0.9924916377676531,0.993740459470294
hm-m2-g2-L5p3-n2-beta1__N0320__Aminus_0p01,hm-m2-g2-L5p3-n2-beta1__N0320__Aplus_0p01,hm-m2-g2-L5p3-n2-beta1,320,-0.01,284,4.70375,0.9923677827156602,0.9936350670376087
hm-m2-g2-L5p3-n2-beta1__N0320__Aminus_0p01,hm-m2-g2-L5p3-n2-beta1__N0320__Aplus_0p01,hm-m2-g2-L5p3-n2-beta1,320,-0.01,285,4.7203125,0.9922468238414685,0.9935320999050881
hm-m2-g2-L5p3-n2-beta1__N0320__Aminus_0p01,hm-m2-g2-L5p3-n2-beta1__N0320__Aplus_0p01,hm-m2-g2-L5p3-n2-beta1,320,-0.01,286,4.736875,0.9921288020650193,0.9934315956786625
hm-m2-g2-L5p3-n2-beta1__N0320__Aminus_0p01,hm-m2-g2-L5p3-n2-beta1__N0320__Aplus_0p01,hm-m2-g2-L5p3-n2-beta1,320,-0.01,287,4.7534375,0.9920137572286046,0.993333591033149
hm-m2-g2-L5p3-n2-beta1__N0320__Aminus_0p01,hm-m2-g2-L5p3-n2-beta1__N0320__Aplus_0p01,hm-m2-g2-L5p3-n2-beta1,320,-0.01,288,4.7700000000000005,0.9919017280897029,0.9932381217011979
hm-m2-g2-L5p3-n2-beta1__N0320__Aminus_0p01,hm-m2-g2-L5p3-n2-beta1__N0320__Aplus_0p01,hm-m2-g2-L5p3-n2-beta1,320,-0.01,289,4.7865625000000005,0.9917927523141232,0.9931452224625664
hm-m2-g2-L5p3-n2-beta1__N0320__Aminus_0p01,hm-m2-g2-L5p3-n2-beta1__N0320__Aplus_0p01,hm-m2-g2-L5p3-n2-beta1,320,-0.01,290,4.8031250000000005,0.9916868664694521,0.9930549271337208
hm-m2-g2-L5p3-n2-beta1__N0320__Aminus_0p01,hm-m2-g2-L5p3-n2-beta1__N0320__Aplus_0p01,hm-m2-g2-L5p3-n2-beta1,320,-0.01,291,4.819687500000001,0.9915841060187929,0.9929672685577651
hm-m2-g2-L5p3-n2-beta1__N0320__Aminus_0p01,hm-m2-g2-L5p3-n2-beta1__N0320__Aplus_0p01,hm-m2-g2-L5p3-n2-beta1,320,-0.01,292,4.836250000000001,0.9914845053147909,0.992882278594696
hm-m2-g2-L5p3-n2-beta1__N0320__Aminus_0p01,hm-m2-g2-L5p3-n2-beta1__N0320__Aplus_0p01,hm-m2-g2-L5p3-n2-beta1,320,-0.01,293,4.852812500000001,0.9913880975939372,0.992799988111986
hm-m2-g2-L5p3-n2-beta1__N0320__Aminus_0p01,hm-m2-g2-L5p3-n2-beta1__N0320__Aplus_0p01,hm-m2-g2-L5p3-n2-beta1,320,-0.01,294,4.869375000000001,0.9912949149711415,0.9927204269754895
hm-m2-g2-L5p3-n2-beta1__N0320__Aminus_0p01,hm-m2-g2-L5p3-n2-beta1__N0320__Aplus_0p01,hm-m2-g2-L5p3-n2-beta1,320,-0.01,295,4.8859375,0.9912049884345694,0.9926436240406769
hm-m2-g2-L5p3-n2-beta1__N0320__Aminus_0p01,hm-m2-g2-L5p3-n2-beta1__N0320__Aplus_0p01,hm-m2-g2-L5p3-n2-beta1,320,-0.01,296,4.9025,0.9911183478407344,0.992569607144194
hm-m2-g2-L5p3-n2-beta1__N0320__Aminus_0p01,hm-m2-g2-L5p3-n2-beta1__N0320__Aplus_0p01,hm-m2-g2-L5p3-n2-beta1,320,-0.01,297,4.9190625,0.9910350219098387,0.9924984030957446
hm-m2-g2-L5p3-n2-beta1__N0320__Aminus_0p01,hm-m2-g2-L5p3-n2-beta1__N0320__Aplus_0p01,hm-m2-g2-L5p3-n2-beta1,320,-0.01,298,4.935625,0.9909550382213568,0.9924300376702971
hm-m2-g2-L5p3-n2-beta1__N0320__Aminus_0p01,hm-m2-g2-L5p3-n2-beta1__N0320__Aplus_0p01,hm-m2-g2-L5p3-n2-beta1,320,-0.01,299,4.9521875,0.9908784232098515,0.9923645356006167
hm-m2-g2-L5p3-n2-beta1__N0320__Aminus_0p01,hm-m2-g2-L5p3-n2-beta1__N0320__Aplus_0p01,hm-m2-g2-L5p3-n2-beta1,320,-0.01,300,4.96875,0.9908052021610222,0.9923019205701183
hm-m2-g2-L5p3-n2-beta1__N0320__Aminus_0p01,hm-m2-g2-L5p3-n2-beta1__N0320__Aplus_0p01,hm-m2-g2-L5p3-n2-beta1,320,-0.01,301,4.9853125,0.9907353992079712,0.9922422152060443
hm-m2-g2-L5p3-n2-beta1__N0320__Aminus_0p01,hm-m2-g2-L5p3-n2-beta1__N0320__Aplus_0p01,hm-m2-g2-L5p3-n2-beta1,320,-0.01,302,5.001875,0.9906690373276896,0.9921854410729614
hm-m2-g2-L5p3-n2-beta1__N0320__Aminus_0p01,hm-m2-g2-L5p3-n2-beta1__N0320__Aplus_0p01,hm-m2-g2-L5p3-n2-beta1,320,-0.01,303,5.0184375,0.9906061383377512,0.9921316186665823
hm-m2-g2-L5p3-n2-beta1__N0320__Aminus_0p01,hm-m2-g2-L5p3-n2-beta1__N0320__Aplus_0p01,hm-m2-g2-L5p3-n2-beta1,320,-0.01,304,5.035,0.9905467228932121,0.9920807674079054
hm-m2-g2-L5p3-n2-beta1__N0320__Aminus_0p01,hm-m2-g2-L5p3-n2-beta1__N0320__Aplus_0p01,hm-m2-g2-L5p3-n2-beta1,320,-0.01,305,5.0515625,0.9904908104837089,0.992032905637676
hm-m2-g2-L5p3-n2-beta1__N0320__Aminus_0p01,hm-m2-g2-L5p3-n2-beta1__N0320__Aplus_0p01,hm-m2-g2-L5p3-n2-beta1,320,-0.01,306,5.068125,0.9904384194307513,0.991988050611167
hm-m2-g2-L5p3-n2-beta1__N0320__Aminus_0p01,hm-m2-g2-L5p3-n2-beta1__N0320__Aplus_0p01,hm-m2-g2-L5p3-n2-beta1,320,-0.01,307,5.0846875,0.9903895668852037,0.9919462184932799
hm-m2-g2-L5p3-n2-beta1__N0320__Aminus_0p01,hm-m2-g2-L5p3-n2-beta1__N0320__Aplus_0p01,hm-m2-g2-L5p3-n2-beta1,320,-0.01,308,5.10125,0.990344268824952,0.9919074243539628
hm-m2-g2-L5p3-n2-beta1__N0320__Aminus_0p01,hm-m2-g2-L5p3-n2-beta1__N0320__Aplus_0p01,hm-m2-g2-L5p3-n2-beta1,320,-0.01,309,5.1178125,0.9903025400527489,0.9918716821639477
hm-m2-g2-L5p3-n2-beta1__N0320__Aminus_0p01,hm-m2-g2-L5p3-n2-beta1__N0320__Aplus_0p01,hm-m2-g2-L5p3-n2-beta1,320,-0.01,310,5.134375,0.9902643941942377,0.991839004790805
hm-m2-g2-L5p3-n2-beta1__N0320__Aminus_0p01,hm-m2-g2-L5p3-n2-beta1__N0320__Aplus_0p01,hm-m2-g2-L5p3-n2-beta1,320,-0.01,311,5.1509375,0.990229843696147,0.9918094039953166
hm-m2-g2-L5p3-n2-beta1__N0320__Aminus_0p01,hm-m2-g2-L5p3-n2-beta1__N0320__Aplus_0p01,hm-m2-g2-L5p3-n2-beta1,320,-0.01,312,5.1675,0.9901988998246536,0.9917828904281645
hm-m2-g2-L5p3-n2-beta1__N0320__Aminus_0p01,hm-m2-g2-L5p3-n2-beta1__N0320__Aplus_0p01,hm-m2-g2-L5p3-n2-beta1,320,-0.01,313,5.1840625000000005,0.9901715726639133,0.9917594736269367
hm-m2-g2-L5p3-n2-beta1__N0320__Aminus_0p01,hm-m2-g2-L5p3-n2-beta1__N0320__Aplus_0p01,hm-m2-g2-L5p3-n2-beta1,320,-0.01,314,5.2006250000000005,0.9901478711147522,0.9917391620134489
hm-m2-g2-L5p3-n2-beta1__N0320__Aminus_0p01,hm-m2-g2-L5p3-n2-beta1__N0320__Aplus_0p01,hm-m2-g2-L5p3-n2-beta1,320,-0.01,315,5.2171875000000005,0.9901278028935192,0.9917219628913823
hm-m2-g2-L5p3-n2-beta1__N0320__Aminus_0p01,hm-m2-g2-L5p3-n2-beta1__N0320__Aplus_0p01,hm-m2-g2-L5p3-n2-beta1,320,-0.01,316,5.233750000000001,0.9901113745310959,0.991707882444237
hm-m2-g2-L5p3-n2-beta1__N0320__Aminus_0p01,hm-m2-g2-L5p3-n2-beta1__N0320__Aplus_0p01,hm-m2-g2-L5p3-n2-beta1,320,-0.01,317,5.250312500000001,0.9900985913720624,0.9916969257336005
hm-m2-g2-L5p3-n2-beta1__N0320__Aminus_0p01,hm-m2-g2-L5p3-n2-beta1__N0320__Aplus_0p01,hm-m2-g2-L5p3-n2-beta1,320,-0.01,318,5.266875000000001,0.9900894575740171,0.9916890966977315
hm-m2-g2-L5p3-n2-beta1__N0320__Aminus_0p01,hm-m2-g2-L5p3-n2-beta1__N0320__Aplus_0p01,hm-m2-g2-L5p3-n2-beta1,320,-0.01,319,5.283437500000001,0.9900839761070492,0.9916843981504585
hm-m2-g2-L5p3-n2-beta1__N0320__Aminus_0p01,hm-m2-g2-L5p3-n2-beta1__N0320__Aplus_0p01,hm-m2-g2-L5p3-n2-beta1,320,-0.01,320,5.3,0.9900821487533623,0.9916828317803931
hm-m2-g2-L5p3-n2-beta1__N0320__Aminus_0p005,hm-m2-g2-L5p3-n2-beta1__N0320__Aplus_0p005,hm-m2-g2-L5p3-n2-beta1,320,-0.005,0,0.0,0.9950207526016355,0.9958420980789846
hm-m2-g2-L5p3-n2-beta1__N0320__Aminus_0p005,hm-m2-g2-L5p3-n2-beta1__N0320__Aplus_0p005,hm-m2-g2-L5p3-n2-beta1,320,-0.005,1,0.0165625,0.9950216909732944,0.9958428902773304
hm-m2-g2-L5p3-n2-beta1__N0320__Aminus_0p005,hm-m2-g2-L5p3-n2-beta1__N0320__Aplus_0p005,hm-m2-g2-L5p3-n2-beta1,320,-0.005,2,0.033125,0.9950245057552026,0.9958452665774224
hm-m2-g2-L5p3-n2-beta1__N0320__Aminus_0p005,hm-m2-g2-L5p3-n2-beta1__N0320__Aplus_0p005,hm-m2-g2-L5p3-n2-beta1,320,-0.005,3,0.0496875,0.9950291959482401,0.9958492260945229
hm-m2-g2-L5p3-n2-beta1__N0320__Aminus_0p005,hm-m2-g2-L5p3-n2-beta1__N0320__Aplus_0p005,hm-m2-g2-L5p3-n2-beta1,320,-0.005,4,0.06625,0.995035759887495,0.9958547673543953
hm-m2-g2-L5p3-n2-beta1__N0320__Aminus_0p005,hm-m2-g2-L5p3-n2-beta1__N0320__Aplus_0p005,hm-m2-g2-L5p3-n2-beta1,320,-0.005,5,0.08281250000000001,0.9950441952426945,0.9958618882937944
hm-m2-g2-L5p3-n2-beta1__N0320__Aminus_0p005,hm-m2-g2-L5p3-n2-beta1__N0320__Aplus_0p005,hm-m2-g2-L5p3-n2-beta1,320,-0.005,6,0.099375,0.9950544990188099,0.9958705862611529
hm-m2-g2-L5p3-n2-beta1__N0320__Aminus_0p005,hm-m2-g2-L5p3-n2-beta1__N0320__Aplus_0p005,hm-m2-g2-L5p3-n2-beta1,320,-0.005,7,0.1159375,0.9950666675568339,0.9958808580174622
hm-m2-g2-L5p3-n2-beta1__N0320__Aminus_0p005,hm-m2-g2-L5p3-n2-beta1__N0320__Aplus_0p005,hm-m2-g2-L5p3-n2-beta1,320,-0.005,8,0.1325,0.9950806965347312,0.9958926997373501
hm-m2-g2-L5p3-n2-beta1__N0320__Aminus_0p005,hm-m2-g2-L5p3-n2-beta1__N0320__Aplus_0p005,hm-m2-g2-L5p3-n2-beta1,320,-0.005,9,0.14906250000000001,0.9950965809685626,0.9959061070103539
hm-m2-g2-L5p3-n2-beta1__N0320__Aminus_0p005,hm-m2-g2-L5p3-n2-beta1__N0320__Aplus_0p005,hm-m2-g2-L5p3-n2-beta1,320,-0.005,10,0.16562500000000002,0.9951143152137831,0.9959210748423879
hm-m2-g2-L5p3-n2-beta1__N0320__Aminus_0p005,hm-m2-g2-L5p3-n2-beta1__N0320__Aplus_0p005,hm-m2-g2-L5p3-n2-beta1,320,-0.005,11,0.1821875,0.9951338929667143,0.9959375976574073
hm-m2-g2-L5p3-n2-beta1__N0320__Aminus_0p005,hm-m2-g2-L5p3-n2-beta1__N0320__Aplus_0p005,hm-m2-g2-L5p3-n2-beta1,320,-0.005,12,0.19875,0.9951553072661904,0.9959556692992656
hm-m2-g2-L5p3-n2-beta1__N0320__Aminus_0p005,hm-m2-g2-L5p3-n2-beta1__N0320__Aplus_0p005,hm-m2-g2-L5p3-n2-beta1,320,-0.005,13,0.21531250000000002,0.9951785504953804,0.9959752830337676
hm-m2-g2-L5p3-n2-beta1__N0320__Aminus_0p005,hm-m2-g2-L5p3-n2-beta1__N0320__Aplus_0p005,hm-m2-g2-L5p3-n2-beta1,320,-0.005,14,0.231875,0.9952036143837849,0.9959964315509152
hm-m2-g2-L5p3-n2-beta1__N0320__Aminus_0p005,hm-m2-g2-L5p3-n2-beta1__N0320__Aplus_0p005,hm-m2-g2-L5p3-n2-beta1,320,-0.005,15,0.2484375,0.9952304900094096,0.9960191069673492
hm-m2-g2-L5p3-n2-beta1__N0320__Aminus_0p005,hm-m2-g2-L5p3-n2-beta1__N0320__Aplus_0p005,hm-m2-g2-L5p3-n2-beta1,320,-0.005,16,0.265,0.9952591678011146,0.9960433008289818
hm-m2-g2-L5p3-n2-beta1__N0320__Aminus_0p005,hm-m2-g2-L5p3-n2-beta1__N0320__Aplus_0p005,hm-m2-g2-L5p3-n2-beta1,320,-0.005,17,0.2815625,0.9952896375411419,0.9960690041138247
hm-m2-g2-L5p3-n2-beta1__N0320__Aminus_0p005,hm-m2-g2-L5p3-n2-beta1__N0320__Aplus_0p005,hm-m2-g2-L5p3-n2-beta1,320,-0.005,18,0.29812500000000003,0.9953218883678194,0.9960962072350077
hm-m2-g2-L5p3-n2-beta1__N0320__Aminus_0p005,hm-m2-g2-L5p3-n2-beta1__N0320__Aplus_0p005,hm-m2-g2-L5p3-n2-beta1,320,-0.005,19,0.3146875,0.9953559087784448,0.9961249000439908
hm-m2-g2-L5p3-n2-beta1__N0320__Aminus_0p005,hm-m2-g2-L5p3-n2-beta1__N0320__Aplus_0p005,hm-m2-g2-L5p3-n2-beta1,320,-0.005,20,0.33125000000000004,0.9953916866323473,0.9961550718339668
hm-m2-g2-L5p3-n2-beta1__N0320__Aminus_0p005,hm-m2-g2-L5p3-n2-beta1__N0320__Aplus_0p005,hm-m2-g2-L5p3-n2-beta1,320,-0.005,21,0.3478125,0.9954292091541305,0.9961867113434553
hm-m2-g2-L5p3-n2-beta1__N0320__Aminus_0p005,hm-m2-g2-L5p3-n2-beta1__N0320__Aplus_0p005,hm-m2-g2-L5p3-n2-beta1,320,-0.005,22,0.364375,0.9954684629370947,0.996219806760087
hm-m2-g2-L5p3-n2-beta1__N0320__Aminus_0p005,hm-m2-g2-L5p3-n2-beta1__N0320__Aplus_0p005,hm-m2-g2-L5p3-n2-beta1,320,-0.005,23,0.38093750000000004,0.9955094339468417,0.9962543457245779
hm-m2-g2-L5p3-n2-beta1__N0320__Aminus_0p005,hm-m2-g2-L5p3-n2-beta1__N0320__Aplus_0p005,hm-m2-g2-L5p3-n2-beta1,320,-0.005,24,0.3975,0.9955521075250612,0.9962903153348921
hm-m2-g2-L5p3-n2-beta1__N0320__Aminus_0p005,hm-m2-g2-L5p3-n2-beta1__N0320__Aplus_0p005,hm-m2-g2-L5p3-n2-beta1,320,-0.005,25,0.4140625,0.9955964683935004,0.9963277021505925
hm-m2-g2-L5p3-n2-beta1__N0320__Aminus_0p005,hm-m2-g2-L5p3-n2-beta1__N0320__Aplus_0p005,hm-m2-g2-L5p3-n2-beta1,320,-0.005,26,0.43062500000000004,0.9956425006581173,0.9963664921973802
hm-m2-g2-L5p3-n2-beta1__N0320__Aminus_0p005,hm-m2-g2-L5p3-n2-beta1__N0320__Aplus_0p005,hm-m2-g2-L5p3-n2-beta1,320,-0.005,27,0.4471875,0.995690187813419,0.9964066709718196
hm-m2-g2-L5p3-n2-beta1__N0320__Aminus_0p005,hm-m2-g2-L5p3-n2-beta1__N0320__Aplus_0p005,hm-m2-g2-L5p3-n2-beta1,320,-0.005,28,0.46375,0.9957395127469851,0.9964482234462503
hm-m2-g2-L5p3-n2-beta1__N0320__Aminus_0p005,hm-m2-g2-L5p3-n2-beta1__N0320__Aplus_0p005,hm-m2-g2-L5p3-n2-beta1,320,-0.005,29,0.48031250000000003,0.9957904577441781,0.9964911340738818
hm-m2-g2-L5p3-n2-beta1__N0320__Aminus_0p005,hm-m2-g2-L5p3-n2-beta1__N0320__Aplus_0p005,hm-m2-g2-L5p3-n2-beta1,320,-0.005,30,0.496875,0.9958430044930399,0.9965353867940756
hm-m2-g2-L5p3-n2-beta1__N0320__Aminus_0p005,hm-m2-g2-L5p3-n2-beta1__N0320__Aplus_0p005,hm-m2-g2-L5p3-n2-beta1,320,-0.005,31,0.5134375,0.9958971340893776,0.9965809650378071
hm-m2-g2-L5p3-n2-beta1__N0320__Aminus_0p005,hm-m2-g2-L5p3-n2-beta1__N0320__Aplus_0p005,hm-m2-g2-L5p3-n2-beta1,320,-0.005,32,0.53,0.9959528270420376,0.9966278517333114
hm-m2-g2-L5p3-n2-beta1__N0320__Aminus_0p005,hm-m2-g2-L5p3-n2-beta1__N0320__Aplus_0p005,hm-m2-g2-L5p3-n2-beta1,320,-0.005,33,0.5465625000000001,0.9960100632783693,0.9966760293119092
hm-m2-g2-L5p3-n2-beta1__N0320__Aminus_0p005,hm-m2-g2-L5p3-n2-beta1__N0320__Aplus_0p005,hm-m2-g2-L5p3-n2-beta1,320,-0.005,34,0.563125,0.9960688221498792,0.9967254797140128
hm-m2-g2-L5p3-n2-beta1__N0320__Aminus_0p005,hm-m2-g2-L5p3-n2-beta1__N0320__Aplus_0p005,hm-m2-g2-L5p3-n2-beta1,320,-0.005,35,0.5796875,0.9961290824380771,0.9967761843953107
hm-m2-g2-L5p3-n2-beta1__N0320__Aminus_0p005,hm-m2-g2-L5p3-n2-beta1__N0320__Aplus_0p005,hm-m2-g2-L5p3-n2-beta1,320,-0.005,36,0.5962500000000001,0.9961908223605134,0.9968281243331287
hm-m2-g2-L5p3-n2-beta1__N0320__Aminus_0p005,hm-m2-g2-L5p3-n2-beta1__N0320__Aplus_0p005,hm-m2-g2-L5p3-n2-beta1,320,-0.005,37,0.6128125,0.9962540195770097,0.9968812800329688
hm-m2-g2-L5p3-n2-beta1__N0320__Aminus_0p005,hm-m2-g2-L5p3-n2-beta1__N0320__Aplus_0p005,hm-m2-g2-L5p3-n2-beta1,320,-0.005,38,0.629375,0.9963186511960832,0.9969356315352216
hm-m2-g2-L5p3-n2-beta1__N0320__Aminus_0p005,hm-m2-g2-L5p3-n2-beta1__N0320__Aplus_0p005,hm-m2-g2-L5p3-n2-beta1,320,-0.005,39,0.6459375,0.9963846937815646,0.9969911584220518
hm-m2-g2-L5p3-n2-beta1__N0320__Aminus_0p005,hm-m2-g2-L5p3-n2-beta1__N0320__Aplus_0p005,hm-m2-g2-L5p3-n2-beta1,320,-0.005,40,0.6625000000000001,0.9964521233594112,0.9970478398244565
hm-m2-g2-L5p3-n2-beta1__N0320__Aminus_0p005,hm-m2-g2-L5p3-n2-beta1__N0320__Aplus_0p005,hm-m2-g2-L5p3-n2-beta1,320,-0.005,41,0.6790625,0.9965209154247158,0.997105654429493
hm-m2-g2-L5p3-n2-beta1__N0320__Aminus_0p005,hm-m2-g2-L5p3-n2-beta1__N0320__Aplus_0p005,hm-m2-g2-L5p3-n2-beta1,320,-0.005,42,0.695625,0.9965910449489105,0.9971645804876758
hm-m2-g2-L5p3-n2-beta1__N0320__Aminus_0p005,hm-m2-g2-L5p3-n2-beta1__N0320__Aplus_0p005,hm-m2-g2-L5p3-n2-beta1,320,-0.005,43,0.7121875000000001,0.9966624863871685,0.9972245958205412
hm-m2-g2-L5p3-n2-beta1__N0320__Aminus_0p005,hm-m2-g2-L5p3-n2-beta1__N0320__Aplus_0p005,hm-m2-g2-L5p3-n2-beta1,320,-0.005,44,0.72875,0.9967352136860012,0.9972856778283771
hm-m2-g2-L5p3-n2-beta1__N0320__Aminus_0p005,hm-m2-g2-L5p3-n2-beta1__N0320__Aplus_0p005,hm-m2-g2-L5p3-n2-beta1,320,-0.005,45,0.7453125,0.9968092002910536,0.9973478034981154
hm-m2-g2-L5p3-n2-beta1__N0320__Aminus_0p005,hm-m2-g2-L5p3-n2-beta1__N0320__Aplus_0p005,hm-m2-g2-L5p3-n2-beta1,320,-0.005,46,0.7618750000000001,0.9968844191550968,0.9974109494113884
hm-m2-g2-L5p3-n2-beta1__N0320__Aminus_0p005,hm-m2-g2-L5p3-n2-beta1__N0320__Aplus_0p005,hm-m2-g2-L5p3-n2-beta1,320,-0.005,47,0.7784375,0.9969608427462185,0.9974750917527436
hm-m2-g2-L5p3-n2-beta1__N0320__Aminus_0p005,hm-m2-g2-L5p3-n2-beta1__N0320__Aplus_0p005,hm-m2-g2-L5p3-n2-beta1,320,-0.005,48,0.795,0.9970384430562115,0.9975402063180171
hm-m2-g2-L5p3-n2-beta1__N0320__Aminus_0p005,hm-m2-g2-L5p3-n2-beta1__N0320__Aplus_0p005,hm-m2-g2-L5p3-n2-beta1,320,-0.005,49,0.8115625000000001,0.9971171916091595,0.9976062685228635
hm-m2-g2-L5p3-n2-beta1__N0320__Aminus_0p005,hm-m2-g2-L5p3-n2-beta1__N0320__Aplus_0p005,hm-m2-g2-L5p3-n2-beta1,320,-0.005,50,0.828125,0.9971970594702217,0.9976732534114396
hm-m2-g2-L5p3-n2-beta1__N0320__Aminus_0p005,hm-m2-g2-L5p3-n2-beta1__N0320__Aplus_0p005,hm-m2-g2-L5p3-n2-beta1,320,-0.005,51,0.8446875,0.9972780172546156,0.9977411356652395
hm-m2-g2-L5p3-n2-beta1__N0320__Aminus_0p005,hm-m2-g2-L5p3-n2-beta1__N0320__Aplus_0p005,hm-m2-g2-L5p3-n2-beta1,320,-0.005,52,0.8612500000000001,0.997360035136796,0.9978098896120797
hm-m2-g2-L5p3-n2-beta1__N0320__Aminus_0p005,hm-m2-g2-L5p3-n2-beta1__N0320__Aplus_0p005,hm-m2-g2-L5p3-n2-beta1,320,-0.005,53,0.8778125,0.9974430828598329,0.9978794892352325
hm-m2-g2-L5p3-n2-beta1__N0320__Aminus_0p005,hm-m2-g2-L5p3-n2-beta1__N0320__Aplus_0p005,hm-m2-g2-L5p3-n2-beta1,320,-0.005,54,0.894375,0.9975271297449855,0.9979499081827022
hm-m2-g2-L5p3-n2-beta1__N0320__Aminus_0p005,hm-m2-g2-L5p3-n2-beta1__N0320__Aplus_0p005,hm-m2-g2-L5p3-n2-beta1,320,-0.005,55,0.9109375000000001,0.9976121447014733,0.9980211197766463
hm-m2-g2-L5p3-n2-beta1__N0320__Aminus_0p005,hm-m2-g2-L5p3-n2-beta1__N0320__Aplus_0p005,hm-m2-g2-L5p3-n2-beta1,320,-0.005,56,0.9275,0.9976980962364426,0.9980930970229358
hm-m2-g2-L5p3-n2-beta1__N0320__Aminus_0p005,hm-m2-g2-L5p3-n2-beta1__N0320__Aplus_0p005,hm-m2-g2-L5p3-n2-beta1,320,-0.005,57,0.9440625,0.997784952465128,0.9981658126208528
hm-m2-g2-L5p3-n2-beta1__N0320__Aminus_0p005,hm-m2-g2-L5p3-n2-beta1__N0320__Aplus_0p005,hm-m2-g2-L5p3-n2-beta1,320,-0.005,58,0.9606250000000001,0.997872681121209,0.9982392389729228
hm-m2-g2-L5p3-n2-beta1__N0320__Aminus_0p005,hm-m2-g2-L5p3-n2-beta1__N0320__Aplus_0p005,hm-m2-g2-L5p3-n2-beta1,320,-0.005,59,0.9771875000000001,0.9979612495673587,0.9983133481948805
hm-m2-g2-L5p3-n2-beta1__N0320__Aminus_0p005,hm-m2-g2-L5p3-n2-beta1__N0320__Aplus_0p005,hm-m2-g2-L5p3-n2-beta1,320,-0.005,60,0.99375,0.9980506248059855,0.9983881121257635
hm-m2-g2-L5p3-n2-beta1__N0320__Aminus_0p005,hm-m2-g2-L5p3-n2-beta1__N0320__Aplus_0p005,hm-m2-g2-L5p3-n2-beta1,320,-0.005,61,1.0103125,0.9981407734901654,0.9984635023381332
hm-m2-g2-L5p3-n2-beta1__N0320__Aminus_0p005,hm-m2-g2-L5p3-n2-beta1__N0320__Aplus_0p005,hm-m2-g2-L5p3-n2-beta1,320,-0.005,62,1.026875,0.9982316619347638,0.9985394901484195
hm-m2-g2-L5p3-n2-beta1__N0320__Aminus_0p005,hm-m2-g2-L5p3-n2-beta1__N0320__Aplus_0p005,hm-m2-g2-L5p3-n2-beta1,320,-0.005,63,1.0434375,0.9983232561277452,0.9986160466273856
hm-m2-g2-L5p3-n2-beta1__N0320__Aminus_0p005,hm-m2-g2-L5p3-n2-beta1__N0320__Aplus_0p005,hm-m2-g2-L5p3-n2-beta1,320,-0.005,64,1.06,0.9984155217416689,0.9986931426107104
hm-m2-g2-L5p3-n2-beta1__N0320__Aminus_0p005,hm-m2-g2-L5p3-n2-beta1__N0320__Aplus_0p005,hm-m2-g2-L5p3-n2-beta1,320,-0.005,65,1.0765625,0.9985084241453703,0.9987707487096851
hm-m2-g2-L5p3-n2-beta1__N0320__Aminus_0p005,hm-m2-g2-L5p3-n2-beta1__N0320__Aplus_0p005,hm-m2-g2-L5p3-n2-beta1,320,-0.005,66,1.0931250000000001,0.9986019284158228,0.9988488353220208
hm-m2-g2-L5p3-n2-beta1__N0320__Aminus_0p005,hm-m2-g2-L5p3-n2-beta1__N0320__Aplus_0p005,hm-m2-g2-L5p3-n2-beta1,320,-0.005,67,1.1096875000000002,0.9986959993501816,0.9989273726427649
hm-m2-g2-L5p3-n2-beta1__N0320__Aminus_0p005,hm-m2-g2-L5p3-n2-beta1__N0320__Aplus_0p005,hm-m2-g2-L5p3-n2-beta1,320,-0.005,68,1.12625,0.9987906014780046,0.9990063306753186
hm-m2-g2-L5p3-n2-beta1__N0320__Aminus_0p005,hm-m2-g2-L5p3-n2-beta1__N0320__Aplus_0p005,hm-m2-g2-L5p3-n2-beta1,320,-0.005,69,1.1428125,0.998885699073649,0.9990856792425595
hm-m2-g2-L5p3-n2-beta1__N0320__Aminus_0p005,hm-m2-g2-L5p3-n2-beta1__N0320__Aplus_0p005,hm-m2-g2-L5p3-n2-beta1,320,-0.005,70,1.159375,0.9989812561688413,0.9991653879980579
hm-m2-g2-L5p3-n2-beta1__N0320__Aminus_0p005,hm-m2-g2-L5p3-n2-beta1__N0320__Aplus_0p005,hm-m2-g2-L5p3-n2-beta1,320,-0.005,71,1.1759375,0.9990772365654164,0.9992454264373885
hm-m2-g2-L5p3-n2-beta1__N0320__Aminus_0p005,hm-m2-g2-L5p3-n2-beta1__N0320__Aplus_0p005,hm-m2-g2-L5p3-n2-beta1,320,-0.005,72,1.1925000000000001,0.9991736038482246,0.9993257639095313
hm-m2-g2-L5p3-n2-beta1__N0320__Aminus_0p005,hm-m2-g2-L5p3-n2-beta1__N0320__Aplus_0p005,hm-m2-g2-L5p3-n2-beta1,320,-0.005,73,1.2090625000000002,0.9992703213982022,0.999406369628359
hm-m2-g2-L5p3-n2-beta1__N0320__Aminus_0p005,hm-m2-g2-L5p3-n2-beta1__N0320__Aplus_0p005,hm-m2-g2-L5p3-n2-beta1,320,-0.005,74,1.225625,0.9993673524056025,0.9994872126842056
hm-m2-g2-L5p3-n2-beta1__N0320__Aminus_0p005,hm-m2-g2-L5p3-n2-beta1__N0320__Aplus_0p005,hm-m2-g2-L5p3-n2-beta1,320,-0.005,75,1.2421875,0.9994646598833843,0.9995682620555144
hm-m2-g2-L5p3-n2-beta1__N0320__Aminus_0p005,hm-m2-g2-L5p3-n2-beta1__N0320__Aplus_0p005,hm-m2-g2-L5p3-n2-beta1,320,-0.005,76,1.25875,0.9995622066807538,0.9996494866205599
hm-m2-g2-L5p3-n2-beta1__N0320__Aminus_0p005,hm-m2-g2-L5p3-n2-beta1__N0320__Aplus_0p005,hm-m2-g2-L5p3-n2-beta1,320,-0.005,77,1.2753125,0.9996599554968552,0.9997308551692387
hm-m2-g2-L5p3-n2-beta1__N0320__Aminus_0p005,hm-m2-g2-L5p3-n2-beta1__N0320__Aplus_0p005,hm-m2-g2-L5p3-n2-beta1,320,-0.005,78,1.291875,0.9997578688946077,0.9998123364149277
hm-m2-g2-L5p3-n2-beta1__N0320__Aminus_0p005,hm-m2-g2-L5p3-n2-beta1__N0320__Aplus_0p005,hm-m2-g2-L5p3-n2-beta1,320,-0.005,79,1.3084375000000001,0.9998559093146837,0.9998938990064036
hm-m2-g2-L5p3-n2-beta1__N0320__Aminus_0p005,hm-m2-g2-L5p3-n2-beta1__N0320__Aplus_0p005,hm-m2-g2-L5p3-n2-beta1,320,-0.005,80,1.3250000000000002,0.9999540390896224,0.9999755115398189
hm-m2-g2-L5p3-n2-beta1__N0320__Aminus_0p005,hm-m2-g2-L5p3-n2-beta1__N0320__Aplus_0p005,hm-m2-g2-L5p3-n2-beta1,320,-0.005,81,1.3415625,1.0000522204580777,1.0000571425707319
hm-m2-g2-L5p3-n2-beta1__N0320__Aminus_0p005,hm-m2-g2-L5p3-n2-beta1__N0320__Aplus_0p005,hm-m2-g2-L5p3-n2-beta1,320,-0.005,82,1.358125,1.0001504155791912,1.000138760626185
hm-m2-g2-L5p3-n2-beta1__N0320__Aminus_0p005,hm-m2-g2-L5p3-n2-beta1__N0320__Aplus_0p005,hm-m2-g2-L5p3-n2-beta1,320,-0.005,83,1.3746875,1.0002485865470896,1.000220334216826
hm-m2-g2-L5p3-n2-beta1__N0320__Aminus_0p005,hm-m2-g2-L5p3-n2-beta1__N0320__Aplus_0p005,hm-m2-g2-L5p3-n2-beta1,320,-0.005,84,1.39125,1.0003466954054974,1.0003018318490697
hm-m2-g2-L5p3-n2-beta1__N0320__Aminus_0p005,hm-m2-g2-L5p3-n2-beta1__N0320__Aplus_0p005,hm-m2-g2-L5p3-n2-beta1,320,-0.005,85,1.4078125000000001,1.0004447041624633,1.0003832220372944
hm-m2-g2-L5p3-n2-beta1__N0320__Aminus_0p005,hm-m2-g2-L5p3-n2-beta1__N0320__Aplus_0p005,hm-m2-g2-L5p3-n2-beta1,320,-0.005,86,1.4243750000000002,1.0005425748051906,1.0004644733160664
hm-m2-g2-L5p3-n2-beta1__N0320__Aminus_0p005,hm-m2-g2-L5p3-n2-beta1__N0320__Aplus_0p005,hm-m2-g2-L5p3-n2-beta1,320,-0.005,87,1.4409375,1.0006402693149705,1.0005455542523929
hm-m2-g2-L5p3-n2-beta1__N0320__Aminus_0p005,hm-m2-g2-L5p3-n2-beta1__N0320__Aplus_0p005,hm-m2-g2-L5p3-n2-beta1,320,-0.005,88,1.4575,1.0007377496822079,1.000626433457992
hm-m2-g2-L5p3-n2-beta1__N0320__Aminus_0p005,hm-m2-g2-L5p3-n2-beta1__N0320__Aplus_0p005,hm-m2-g2-L5p3-n2-beta1,320,-0.005,89,1.4740625,1.0008349779215373,1.0007070796015798
hm-m2-g2-L5p3-n2-beta1__N0320__Aminus_0p005,hm-m2-g2-L5p3-n2-beta1__N0320__Aplus_0p005,hm-m2-g2-L5p3-n2-beta1,320,-0.005,90,1.490625,1.0009319160870198,1.0007874614211674
hm-m2-g2-L5p3-n2-beta1__N0320__Aminus_0p005,hm-m2-g2-L5p3-n2-beta1__N0320__Aplus_0p005,hm-m2-g2-L5p3-n2-beta1,320,-0.005,91,1.5071875000000001,1.001028526287416,1.0008675477363638
hm-m2-g2-L5p3-n2-beta1__N0320__Aminus_0p005,hm-m2-g2-L5p3-n2-beta1__N0320__Aplus_0p005,hm-m2-g2-L5p3-n2-beta1,320,-0.005,92,1.5237500000000002,1.0011247707015285,1.0009473074606776
hm-m2-g2-L5p3-n2-beta1__N0320__Aminus_0p005,hm-m2-g2-L5p3-n2-beta1__N0320__Aplus_0p005,hm-m2-g2-L5p3-n2-beta1,320,-0.005,93,1.5403125,1.0012206115936069,1.0010267096138166
hm-m2-g2-L5p3-n2-beta1__N0320__Aminus_0p005,hm-m2-g2-L5p3-n2-beta1__N0320__Aplus_0p005,hm-m2-g2-L5p3-n2-beta1,320,-0.005,94,1.556875,1.0013160113288064,1.0011057233339735
hm-m2-g2-L5p3-n2-beta1__N0320__Aminus_0p005,hm-m2-g2-L5p3-n2-beta1__N0320__Aplus_0p005,hm-m2-g2-L5p3-n2-beta1,320,-0.005,95,1.5734375,1.001410932388697,1.0011843178901005
hm-m2-g2-L5p3-n2-beta1__N0320__Aminus_0p005,hm-m2-g2-L5p3-n2-beta1__N0320__Aplus_0p005,hm-m2-g2-L5p3-n2-beta1,320,-0.005,96,1.59,1.0015053373868115,1.0012624626941609
hm-m2-g2-L5p3-n2-beta1__N0320__Aminus_0p005,hm-m2-g2-L5p3-n2-beta1__N0320__Aplus_0p005,hm-m2-g2-L5p3-n2-beta1,320,-0.005,97,1.6065625000000001,1.001599189084228,1.0013401273133542
hm-m2-g2-L5p3-n2-beta1__N0320__Aminus_0p005,hm-m2-g2-L5p3-n2-beta1__N0320__Aplus_0p005,hm-m2-g2-L5p3-n2-beta1,320,-0.005,98,1.6231250000000002,1.0016924504051774,1.001417281482313
hm-m2-g2-L5p3-n2-beta1__N0320__Aminus_0p005,hm-m2-g2-L5p3-n2-beta1__N0320__Aplus_0p005,hm-m2-g2-L5p3-n2-beta1,320,-0.005,99,1.6396875000000002,1.0017850844526706,1.0014938951152603
hm-m2-g2-L5p3-n2-beta1__N0320__Aminus_0p005,hm-m2-g2-L5p3-n2-beta1__N0320__Aplus_0p005,hm-m2-g2-L5p3-n2-beta1,320,-0.005,100,1.65625,1.0018770545241331,1.0015699383181267
hm-m2-g2-L5p3-n2-beta1__N0320__Aminus_0p005,hm-m2-g2-L5p3-n2-beta1__N0320__Aplus_0p005,hm-m2-g2-L5p3-n2-beta1,320,-0.005,101,1.6728125,1.0019683241270445,1.0016453814006199
hm-m2-g2-L5p3-n2-beta1__N0320__Aminus_0p005,hm-m2-g2-L5p3-n2-beta1__N0320__Aplus_0p005,hm-m2-g2-L5p3-n2-beta1,320,-0.005,102,1.689375,1.0020588569945694,1.00172019488824
hm-m2-g2-L5p3-n2-beta1__N0320__Aminus_0p005,hm-m2-g2-L5p3-n2-beta1__N0320__Aplus_0p005,hm-m2-g2-L5p3-n2-beta1,320,-0.005,103,1.7059375,1.0021486171011753,1.001794349534239
hm-m2-g2-L5p3-n2-beta1__N0320__Aminus_0p005,hm-m2-g2-L5p3-n2-beta1__N0320__Aplus_0p005,hm-m2-g2-L5p3-n2-beta1,320,-0.005,104,1.7225000000000001,1.0022375686782274,1.001867816331514
hm-m2-g2-L5p3-n2-beta1__N0320__Aminus_0p005,hm-m2-g2-L5p3-n2-beta1__N0320__Aplus_0p005,hm-m2-g2-L5p3-n2-beta1,320,-0.005,105,1.7390625000000002,1.0023256762295518,1.0019405665244316
hm-m2-g2-L5p3-n2-beta1__N0320__Aminus_0p005,hm-m2-g2-L5p3-n2-beta1__N0320__Aplus_0p005,hm-m2-g2-L5p3-n2-beta1,320,-0.005,106,1.755625,1.002412904546959,1.0020125716205794
hm-m2-g2-L5p3-n2-beta1__N0320__Aminus_0p005,hm-m2-g2-L5p3-n2-beta1__N0320__Aplus_0p005,hm-m2-g2-L5p3-n2-beta1,320,-0.005,107,1.7721875,1.0024992187257171,1.002083803402434
hm-m2-g2-L5p3-n2-beta1__N0320__Aminus_0p005,hm-m2-g2-L5p3-n2-beta1__N0320__Aplus_0p005,hm-m2-g2-L5p3-n2-beta1,320,-0.005,108,1.78875,1.00258458417997,1.0021542339389449
hm-m2-g2-L5p3-n2-beta1__N0320__Aminus_0p005,hm-m2-g2-L5p3-n2-beta1__N0320__Aplus_0p005,hm-m2-g2-L5p3-n2-beta1,320,-0.005,109,1.8053125,1.0026689666580868,1.002223835597026
hm-m2-g2-L5p3-n2-beta1__N0320__Aminus_0p005,hm-m2-g2-L5p3-n2-beta1__N0320__Aplus_0p005,hm-m2-g2-L5p3-n2-beta1,320,-0.005,110,1.8218750000000001,1.0027523322579355,1.0022925810529517
hm-m2-g2-L5p3-n2-beta1__N0320__Aminus_0p005,hm-m2-g2-L5p3-n2-beta1__N0320__Aplus_0p005,hm-m2-g2-L5p3-n2-beta1,320,-0.005,111,1.8384375000000002,1.0028346474420744,1.0023604433036473
hm-m2-g2-L5p3-n2-beta1__N0320__Aminus_0p005,hm-m2-g2-L5p3-n2-beta1__N0320__Aplus_0p005,hm-m2-g2-L5p3-n2-beta1,320,-0.005,112,1.855,1.0029158790528465,1.0024273956778742
hm-m2-g2-L5p3-n2-beta1__N0320__Aminus_0p005,hm-m2-g2-L5p3-n2-beta1__N0320__Aplus_0p005,hm-m2-g2-L5p3-n2-beta1,320,-0.005,113,1.8715625,1.002995994327374,1.0024934118473001
hm-m2-g2-L5p3-n2-beta1__N0320__Aminus_0p005,hm-m2-g2-L5p3-n2-beta1__N0320__Aplus_0p005,hm-m2-g2-L5p3-n2-beta1,320,-0.005,114,1.888125,1.0030749609124379,1.00255846583745
hm-m2-g2-L5p3-n2-beta1__N0320__Aminus_0p005,hm-m2-g2-L5p3-n2-beta1__N0320__Aplus_0p005,hm-m2-g2-L5p3-n2-beta1,320,-0.005,115,1.9046875,1.0031527468792372,1.0026225320385336
hm-m2-g2-L5p3-n2-beta1__N0320__Aminus_0p005,hm-m2-g2-L5p3-n2-beta1__N0320__Aplus_0p005,hm-m2-g2-L5p3-n2-beta1,320,-0.005,116,1.9212500000000001,1.003229320738018,1.00268558521614
hm-m2-g2-L5p3-n2-beta1__N0320__Aminus_0p005,hm-m2-g2-L5p3-n2-beta1__N0320__Aplus_0p005,hm-m2-g2-L5p3-n2-beta1,320,-0.005,117,1.9378125000000002,1.0033046514525619,1.002747600521801
hm-m2-g2-L5p3-n2-beta1__N0320__Aminus_0p005,hm-m2-g2-L5p3-n2-beta1__N0320__Aplus_0p005,hm-m2-g2-L5p3-n2-beta1,320,-0.005,118,1.9543750000000002,1.0033787084545238,1.0028085535034095
hm-m2-g2-L5p3-n2-beta1__N0320__Aminus_0p005,hm-m2-g2-L5p3-n2-beta1__N0320__Aplus_0p005,hm-m2-g2-L5p3-n2-beta1,320,-0.005,119,1.9709375,1.003451461657613,1.002868420115494
hm-m2-g2-L5p3-n2-beta1__N0320__Aminus_0p005,hm-m2-g2-L5p3-n2-beta1__N0320__Aplus_0p005,hm-m2-g2-L5p3-n2-beta1,320,-0.005,120,1.9875,1.0035228814716046,1.002927176729342
hm-m2-g2-L5p3-n2-beta1__N0320__Aminus_0p005,hm-m2-g2-L5p3-n2-beta1__N0320__Aplus_0p005,hm-m2-g2-L5p3-n2-beta1,320,-0.005,121,2.0040625000000003,1.003592938816175,1.002984800142964
hm-m2-g2-L5p3-n2-beta1__N0320__Aminus_0p005,hm-m2-g2-L5p3-n2-beta1__N0320__Aplus_0p005,hm-m2-g2-L5p3-n2-beta1,320,-0.005,122,2.020625,1.0036616051345495,1.0030412675908988
hm-m2-g2-L5p3-n2-beta1__N0320__Aminus_0p005,hm-m2-g2-L5p3-n2-beta1__N0320__Aplus_0p005,hm-m2-g2-L5p3-n2-beta1,320,-0.005,123,2.0371875,1.003728852406955,1.00309655675385
hm-m2-g2-L5p3-n2-beta1__N0320__Aminus_0p005,hm-m2-g2-L5p3-n2-beta1__N0320__Aplus_0p005,hm-m2-g2-L5p3-n2-beta1,320,-0.005,124,2.05375,1.003794653163867,1.0031506457681494
hm-m2-g2-L5p3-n2-beta1__N0320__Aminus_0p005,hm-m2-g2-L5p3-n2-beta1__N0320__Aplus_0p005,hm-m2-g2-L5p3-n2-beta1,320,-0.005,125,2.0703125,1.0038589804990443,1.003203513235046
hm-m2-g2-L5p3-n2-beta1__N0320__Aminus_0p005,hm-m2-g2-L5p3-n2-beta1__N0320__Aplus_0p005,hm-m2-g2-L5p3-n2-beta1,320,-0.005,126,2.086875,1.0039218080823382,1.0032551382298105
hm-m2-g2-L5p3-n2-beta1__N0320__Aminus_0p005,hm-m2-g2-L5p3-n2-beta1__N0320__Aplus_0p005,hm-m2-g2-L5p3-n2-beta1,320,-0.005,127,2.1034375,1.0039831101722714,1.0033055003106526
hm-m2-g2-L5p3-n2-beta1__N0320__Aminus_0p005,hm-m2-g2-L5p3-n2-beta1__N0320__Aplus_0p005,hm-m2-g2-L5p3-n2-beta1,320,-0.005,128,2.12,1.0040428616283763,1.0033545795274492
hm-m2-g2-L5p3-n2-beta1__N0320__Aminus_0p005,hm-m2-g2-L5p3-n2-beta1__N0320__Aplus_0p005,hm-m2-g2-L5p3-n2-beta1,320,-0.005,129,2.1365625,1.0041010379232835,1.0034023564302732
hm-m2-g2-L5p3-n2-beta1__N0320__Aminus_0p005,hm-m2-g2-L5p3-n2-beta1__N0320__Aplus_0p005,hm-m2-g2-L5p3-n2-beta1,320,-0.005,130,2.153125,1.004157615154551,1.0034488120777223
hm-m2-g2-L5p3-n2-beta1__N0320__Aminus_0p005,hm-m2-g2-L5p3-n2-beta1__N0320__Aplus_0p005,hm-m2-g2-L5p3-n2-beta1,320,-0.005,131,2.1696875,1.0042125700562283,1.0034939280450426
hm-m2-g2-L5p3-n2-beta1__N0320__Aminus_0p005,hm-m2-g2-L5p3-n2-beta1__N0320__Aplus_0p005,hm-m2-g2-L5p3-n2-beta1,320,-0.005,132,2.1862500000000002,1.0042658800101463,1.0035376864320407
hm-m2-g2-L5p3-n2-beta1__N0320__Aminus_0p005,hm-m2-g2-L5p3-n2-beta1__N0320__Aplus_0p005,hm-m2-g2-L5p3-n2-beta1,320,-0.005,133,2.2028125000000003,1.0043175230569206,1.003580069870783
hm-m2-g2-L5p3-n2-beta1__N0320__Aminus_0p005,hm-m2-g2-L5p3-n2-beta1__N0320__Aplus_0p005,hm-m2-g2-L5p3-n2-beta1,320,-0.005,134,2.2193750000000003,1.0043674779066682,1.0036210615330756
hm-m2-g2-L5p3-n2-beta1__N0320__Aminus_0p005,hm-m2-g2-L5p3-n2-beta1__N0320__Aplus_0p005,hm-m2-g2-L5p3-n2-beta1,320,-0.005,135,2.2359375,1.0044157239494216,1.0036606451377192
hm-m2-g2-L5p3-n2-beta1__N0320__Aminus_0p005,hm-m2-g2-L5p3-n2-beta1__N0320__Aplus_0p005,hm-m2-g2-L5p3-n2-beta1,320,-0.005,136,2.2525,1.0044622412652382,1.0036988049575415
hm-m2-g2-L5p3-n2-beta1__N0320__Aminus_0p005,hm-m2-g2-L5p3-n2-beta1__N0320__Aplus_0p005,hm-m2-g2-L5p3-n2-beta1,320,-0.005,137,2.2690625,1.0045070106339935,1.0037355258261944
hm-m2-g2-L5p3-n2-beta1__N0320__Aminus_0p005,hm-m2-g2-L5p3-n2-beta1__N0320__Aplus_0p005,hm-m2-g2-L5p3-n2-beta1,320,-0.005,138,2.285625,1.004550013544856,1.0037707931447186
hm-m2-g2-L5p3-n2-beta1__N0320__Aminus_0p005,hm-m2-g2-L5p3-n2-beta1__N0320__Aplus_0p005,hm-m2-g2-L5p3-n2-beta1,320,-0.005,139,2.3021875,1.004591232205429,1.0038045928878698
hm-m2-g2-L5p3-n2-beta1__N0320__Aminus_0p005,hm-m2-g2-L5p3-n2-beta1__N0320__Aplus_0p005,hm-m2-g2-L5p3-n2-beta1,320,-0.005,140,2.31875,1.0046306495505604,1.0038369116102028
hm-m2-g2-L5p3-n2-beta1__N0320__Aminus_0p005,hm-m2-g2-L5p3-n2-beta1__N0320__Aplus_0p005,hm-m2-g2-L5p3-n2-beta1,320,-0.005,141,2.3353125,1.0046682492508097,1.0038677364519102
hm-m2-g2-L5p3-n2-beta1__N0320__Aminus_0p005,hm-m2-g2-L5p3-n2-beta1__N0320__Aplus_0p005,hm-m2-g2-L5p3-n2-beta1,320,-0.005,142,2.351875,1.0047040157205633,1.0038970551444115
hm-m2-g2-L5p3-n2-beta1__N0320__Aminus_0p005,hm-m2-g2-L5p3-n2-beta1__N0320__Aplus_0p005,hm-m2-g2-L5p3-n2-beta1,320,-0.005,143,2.3684375,1.0047379341257998,1.0039248560156917
hm-m2-g2-L5p3-n2-beta1__N0320__Aminus_0p005,hm-m2-g2-L5p3-n2-beta1__N0320__Aplus_0p005,hm-m2-g2-L5p3-n2-beta1,320,-0.005,144,2.3850000000000002,1.004769990391489,1.0039511279953843
hm-m2-g2-L5p3-n2-beta1__N0320__Aminus_0p005,hm-m2-g2-L5p3-n2-beta1__N0320__Aplus_0p005,hm-m2-g2-L5p3-n2-beta1,320,-0.005,145,2.4015625000000003,1.0048001712086294,1.0039758606195968
hm-m2-g2-L5p3-n2-beta1__N0320__Aminus_0p005,hm-m2-g2-L5p3-n2-beta1__N0320__Aplus_0p005,hm-m2-g2-L5p3-n2-beta1,320,-0.005,146,2.4181250000000003,1.0048284640409098,1.0039990440354745
hm-m2-g2-L5p3-n2-beta1__N0320__Aminus_0p005,hm-m2-g2-L5p3-n2-beta1__N0320__Aplus_0p005,hm-m2-g2-L5p3-n2-beta1,320,-0.005,147,2.4346875000000003,1.004854857130996,1.0040206690055036
hm-m2-g2-L5p3-n2-beta1__N0320__Aminus_0p005,hm-m2-g2-L5p3-n2-beta1__N0320__Aplus_0p005,hm-m2-g2-L5p3-n2-beta1,320,-0.005,148,2.45125,1.004879339506434,1.0040407269115448
hm-m2-g2-L5p3-n2-beta1__N0320__Aminus_0p005,hm-m2-g2-L5p3-n2-beta1__N0320__Aplus_0p005,hm-m2-g2-L5p3-n2-beta1,320,-0.005,149,2.4678125,1.0049019009851676,1.0040592097586023
hm-m2-g2-L5p3-n2-beta1__N0320__Aminus_0p005,hm-m2-g2-L5p3-n2-beta1__N0320__Aplus_0p005,hm-m2-g2-L5p3-n2-beta1,320,-0.005,150,2.484375,1.004922532180664,1.0040761101783207
hm-m2-g2-L5p3-n2-beta1__N0320__Aminus_0p005,hm-m2-g2-L5p3-n2-beta1__N0320__Aplus_0p005,hm-m2-g2-L5p3-n2-beta1,320,-0.005,151,2.5009375,1.004941224506646,1.0040914214322105
hm-m2-g2-L5p3-n2-beta1__N0320__Aminus_0p005,hm-m2-g2-L5p3-n2-beta1__N0320__Aplus_0p005,hm-m2-g2-L5p3-n2-beta1,320,-0.005,152,2.5175,1.0049579701814222,1.004105137414599
hm-m2-g2-L5p3-n2-beta1__N0320__Aminus_0p005,hm-m2-g2-L5p3-n2-beta1__N0320__Aplus_0p005,hm-m2-g2-L5p3-n2-beta1,320,-0.005,153,2.5340625,1.0049727622318192,1.0041172526553057
hm-m2-g2-L5p3-n2-beta1__N0320__Aminus_0p005,hm-m2-g2-L5p3-n2-beta1__N0320__Aplus_0p005,hm-m2-g2-L5p3-n2-beta1,320,-0.005,154,2.550625,1.004985594496705,1.0041277623220393
hm-m2-g2-L5p3-n2-beta1__N0320__Aminus_0p005,hm-m2-g2-L5p3-n2-beta1__N0320__Aplus_0p005,hm-m2-g2-L5p3-n2-beta1,320,-0.005,155,2.5671875,1.0049964616301066,1.0041366622225179
hm-m2-g2-L5p3-n2-beta1__N0320__Aminus_0p005,hm-m2-g2-L5p3-n2-beta1__N0320__Aplus_0p005,hm-m2-g2-L5p3-n2-beta1,320,-0.005,156,2.58375,1.005005359103916,1.0041439488063075
hm-m2-g2-L5p3-n2-beta1__N0320__Aminus_0p005,hm-m2-g2-L5p3-n2-beta1__N0320__Aplus_0p005,hm-m2-g2-L5p3-n2-beta1,320,-0.005,157,2.6003125000000002,1.005012283210183,1.0041496191663801
hm-m2-g2-L5p3-n2-beta1__N0320__Aminus_0p005,hm-m2-g2-L5p3-n2-beta1__N0320__Aplus_0p005,hm-m2-g2-L5p3-n2-beta1,320,-0.005,158,2.6168750000000003,1.0050172310629957,1.0041536710403887
hm-m2-g2-L5p3-n2-beta1__N0320__Aminus_0p005,hm-m2-g2-L5p3-n2-beta1__N0320__Aplus_0p005,hm-m2-g2-L5p3-n2-beta1,320,-0.005,159,2.6334375000000003,1.0050202005999416,1.0041561028116617
hm-m2-g2-L5p3-n2-beta1__N0320__Aminus_0p005,hm-m2-g2-L5p3-n2-beta1__N0320__Aplus_0p005,hm-m2-g2-L5p3-n2-beta1,320,-0.005,160,2.6500000000000004,1.005021190583155,1.0041569135099122
hm-m2-g2-L5p3-n2-beta1__N0320__Aminus_0p005,hm-m2-g2-L5p3-n2-beta1__N0320__Aplus_0p005,hm-m2-g2-L5p3-n2-beta1,320,-0.005,161,2.6665625,1.0050202005999442,1.0041561028116637
hm-m2-g2-L5p3-n2-beta1__N0320__Aminus_0p005,hm-m2-g2-L5p3-n2-beta1__N0320__Aplus_0p005,hm-m2-g2-L5p3-n2-beta1,320,-0.005,162,2.683125,1.0050172310630012,1.0041536710403924
hm-m2-g2-L5p3-n2-beta1__N0320__Aminus_0p005,hm-m2-g2-L5p3-n2-beta1__N0320__Aplus_0p005,hm-m2-g2-L5p3-n2-beta1,320,-0.005,163,2.6996875,1.0050122832101915,1.0041496191663855
hm-m2-g2-L5p3-n2-beta1__N0320__Aminus_0p005,hm-m2-g2-L5p3-n2-beta1__N0320__Aplus_0p005,hm-m2-g2-L5p3-n2-beta1,320,-0.005,164,2.71625,1.0050053591039272,1.0041439488063146
hm-m2-g2-L5p3-n2-beta1__N0320__Aminus_0p005,hm-m2-g2-L5p3-n2-beta1__N0320__Aplus_0p005,hm-m2-g2-L5p3-n2-beta1,320,-0.005,165,2.7328125,1.0049964616301206,1.0041366622225267
hm-m2-g2-L5p3-n2-beta1__N0320__Aminus_0p005,hm-m2-g2-L5p3-n2-beta1__N0320__Aplus_0p005,hm-m2-g2-L5p3-n2-beta1,320,-0.005,166,2.749375,1.0049855944967216,1.0041277623220497
hm-m2-g2-L5p3-n2-beta1__N0320__Aminus_0p005,hm-m2-g2-L5p3-n2-beta1__N0320__Aplus_0p005,hm-m2-g2-L5p3-n2-beta1,320,-0.005,167,2.7659375,1.0049727622318385,1.0041172526553177
hm-m2-g2-L5p3-n2-beta1__N0320__Aminus_0p005,hm-m2-g2-L5p3-n2-beta1__N0320__Aplus_0p005,hm-m2-g2-L5p3-n2-beta1,320,-0.005,168,2.7825,1.0049579701814444,1.0041051374146128
hm-m2-g2-L5p3-n2-beta1__N0320__Aminus_0p005,hm-m2-g2-L5p3-n2-beta1__N0320__Aplus_0p005,hm-m2-g2-L5p3-n2-beta1,320,-0.005,169,2.7990625000000002,1.004941224506671,1.0040914214322259
hm-m2-g2-L5p3-n2-beta1__N0320__Aminus_0p005,hm-m2-g2-L5p3-n2-beta1__N0320__Aplus_0p005,hm-m2-g2-L5p3-n2-beta1,320,-0.005,170,2.8156250000000003,1.0049225321806918,1.0040761101783375
hm-m2-g2-L5p3-n2-beta1__N0320__Aminus_0p005,hm-m2-g2-L5p3-n2-beta1__N0320__Aplus_0p005,hm-m2-g2-L5p3-n2-beta1,320,-0.005,171,2.8321875000000003,1.004901900985198,1.0040592097586207
hm-m2-g2-L5p3-n2-beta1__N0320__Aminus_0p005,hm-m2-g2-L5p3-n2-beta1__N0320__Aplus_0p005,hm-m2-g2-L5p3-n2-beta1,320,-0.005,172,2.8487500000000003,1.0048793395064672,1.0040407269115648
hm-m2-g2-L5p3-n2-beta1__N0320__Aminus_0p005,hm-m2-g2-L5p3-n2-beta1__N0320__Aplus_0p005,hm-m2-g2-L5p3-n2-beta1,320,-0.005,173,2.8653125,1.0048548571310318,1.0040206690055253
hm-m2-g2-L5p3-n2-beta1__N0320__Aminus_0p005,hm-m2-g2-L5p3-n2-beta1__N0320__Aplus_0p005,hm-m2-g2-L5p3-n2-beta1,320,-0.005,174,2.881875,1.0048284640409484,1.0039990440354978
hm-m2-g2-L5p3-n2-beta1__N0320__Aminus_0p005,hm-m2-g2-L5p3-n2-beta1__N0320__Aplus_0p005,hm-m2-g2-L5p3-n2-beta1,320,-0.005,175,2.8984375,1.0048001712086705,1.0039758606196214
hm-m2-g2-L5p3-n2-beta1__N0320__Aminus_0p005,hm-m2-g2-L5p3-n2-beta1__N0320__Aplus_0p005,hm-m2-g2-L5p3-n2-beta1,320,-0.005,176,2.915,1.0047699903915328,1.0039511279954105
hm-m2-g2-L5p3-n2-beta1__N0320__Aminus_0p005,hm-m2-g2-L5p3-n2-beta1__N0320__Aplus_0p005,hm-m2-g2-L5p3-n2-beta1,320,-0.005,177,2.9315625,1.004737934125846,1.0039248560157197
hm-m2-g2-L5p3-n2-beta1__N0320__Aminus_0p005,hm-m2-g2-L5p3-n2-beta1__N0320__Aplus_0p005,hm-m2-g2-L5p3-n2-beta1,320,-0.005,178,2.948125,1.0047040157206124,1.003897055144441
hm-m2-g2-L5p3-n2-beta1__N0320__Aminus_0p005,hm-m2-g2-L5p3-n2-beta1__N0320__Aplus_0p005,hm-m2-g2-L5p3-n2-beta1,320,-0.005,179,2.9646875,1.0046682492508612,1.0038677364519413
hm-m2-g2-L5p3-n2-beta1__N0320__Aminus_0p005,hm-m2-g2-L5p3-n2-beta1__N0320__Aplus_0p005,hm-m2-g2-L5p3-n2-beta1,320,-0.005,180,2.98125,1.0046306495506145,1.0038369116102352
hm-m2-g2-L5p3-n2-beta1__N0320__Aminus_0p005,hm-m2-g2-L5p3-n2-beta1__N0320__Aplus_0p005,hm-m2-g2-L5p3-n2-beta1,320,-0.005,181,2.9978125,1.0045912322054853,1.0038045928879034
hm-m2-g2-L5p3-n2-beta1__N0320__Aminus_0p005,hm-m2-g2-L5p3-n2-beta1__N0320__Aplus_0p005,hm-m2-g2-L5p3-n2-beta1,320,-0.005,182,3.0143750000000002,1.0045500135449148,1.0037707931447535
hm-m2-g2-L5p3-n2-beta1__N0320__Aminus_0p005,hm-m2-g2-L5p3-n2-beta1__N0320__Aplus_0p005,hm-m2-g2-L5p3-n2-beta1,320,-0.005,183,3.0309375000000003,1.004507010634055,1.0037355258262308
hm-m2-g2-L5p3-n2-beta1__N0320__Aminus_0p005,hm-m2-g2-L5p3-n2-beta1__N0320__Aplus_0p005,hm-m2-g2-L5p3-n2-beta1,320,-0.005,184,3.0475000000000003,1.004462241265302,1.0036988049575792
hm-m2-g2-L5p3-n2-beta1__N0320__Aminus_0p005,hm-m2-g2-L5p3-n2-beta1__N0320__Aplus_0p005,hm-m2-g2-L5p3-n2-beta1,320,-0.005,185,3.0640625000000004,1.0044157239494877,1.0036606451377583
hm-m2-g2-L5p3-n2-beta1__N0320__Aminus_0p005,hm-m2-g2-L5p3-n2-beta1__N0320__Aplus_0p005,hm-m2-g2-L5p3-n2-beta1,320,-0.005,186,3.080625,1.0043674779067366,1.0036210615331158
hm-m2-g2-L5p3-n2-beta1__N0320__Aminus_0p005,hm-m2-g2-L5p3-n2-beta1__N0320__Aplus_0p005,hm-m2-g2-L5p3-n2-beta1,320,-0.005,187,3.0971875,1.0043175230569914,1.0035800698708248
hm-m2-g2-L5p3-n2-beta1__N0320__Aminus_0p005,hm-m2-g2-L5p3-n2-beta1__N0320__Aplus_0p005,hm-m2-g2-L5p3-n2-beta1,320,-0.005,188,3.11375,1.004265880010219,1.0035376864320835
hm-m2-g2-L5p3-n2-beta1__N0320__Aminus_0p005,hm-m2-g2-L5p3-n2-beta1__N0320__Aplus_0p005,hm-m2-g2-L5p3-n2-beta1,320,-0.005,189,3.1303125,1.0042125700563036,1.0034939280450865
hm-m2-g2-L5p3-n2-beta1__N0320__Aminus_0p005,hm-m2-g2-L5p3-n2-beta1__N0320__Aplus_0p005,hm-m2-g2-L5p3-n2-beta1,320,-0.005,190,3.146875,1.0041576151546283,1.0034488120777678
hm-m2-g2-L5p3-n2-beta1__N0320__Aminus_0p005,hm-m2-g2-L5p3-n2-beta1__N0320__Aplus_0p005,hm-m2-g2-L5p3-n2-beta1,320,-0.005,191,3.1634375,1.004101037923363,1.00340235643032
hm-m2-g2-L5p3-n2-beta1__N0320__Aminus_0p005,hm-m2-g2-L5p3-n2-beta1__N0320__Aplus_0p005,hm-m2-g2-L5p3-n2-beta1,320,-0.005,192,3.18,1.004042861628458,1.0033545795274972
hm-m2-g2-L5p3-n2-beta1__N0320__Aminus_0p005,hm-m2-g2-L5p3-n2-beta1__N0320__Aplus_0p005,hm-m2-g2-L5p3-n2-beta1,320,-0.005,193,3.1965625,1.0039831101723549,1.0033055003107016
hm-m2-g2-L5p3-n2-beta1__N0320__Aminus_0p005,hm-m2-g2-L5p3-n2-beta1__N0320__Aplus_0p005,hm-m2-g2-L5p3-n2-beta1,320,-0.005,194,3.2131250000000002,1.0039218080824237,1.0032551382298607
hm-m2-g2-L5p3-n2-beta1__N0320__Aminus_0p005,hm-m2-g2-L5p3-n2-beta1__N0320__Aplus_0p005,hm-m2-g2-L5p3-n2-beta1,320,-0.005,195,3.2296875000000003,1.0038589804991318,1.0032035132350976
hm-m2-g2-L5p3-n2-beta1__N0320__Aminus_0p005,hm-m2-g2-L5p3-n2-beta1__N0320__Aplus_0p005,hm-m2-g2-L5p3-n2-beta1,320,-0.005,196,3.2462500000000003,1.0037946531639566,1.0031506457682025
hm-m2-g2-L5p3-n2-beta1__N0320__Aminus_0p005,hm-m2-g2-L5p3-n2-beta1__N0320__Aplus_0p005,hm-m2-g2-L5p3-n2-beta1,320,-0.005,197,3.2628125000000003,1.0037288524070462,1.0030965567539043
hm-m2-g2-L5p3-n2-beta1__N0320__Aminus_0p005,hm-m2-g2-L5p3-n2-beta1__N0320__Aplus_0p005,hm-m2-g2-L5p3-n2-beta1,320,-0.005,198,3.2793750000000004,1.0036616051346425,1.0030412675909548
hm-m2-g2-L5p3-n2-beta1__N0320__Aminus_0p005,hm-m2-g2-L5p3-n2-beta1__N0320__Aplus_0p005,hm-m2-g2-L5p3-n2-beta1,320,-0.005,199,3.2959375,1.0035929388162699,1.0029848001430217
hm-m2-g2-L5p3-n2-beta1__N0320__Aminus_0p005,hm-m2-g2-L5p3-n2-beta1__N0320__Aplus_0p005,hm-m2-g2-L5p3-n2-beta1,320,-0.005,200,3.3125,1.0035228814717012,1.0029271767294017
hm-m2-g2-L5p3-n2-beta1__N0320__Aminus_0p005,hm-m2-g2-L5p3-n2-beta1__N0320__Aplus_0p005,hm-m2-g2-L5p3-n2-beta1,320,-0.005,201,3.3290625,1.003451461657711,1.002868420115556
hm-m2-g2-L5p3-n2-beta1__N0320__Aminus_0p005,hm-m2-g2-L5p3-n2-beta1__N0320__Aplus_0p005,hm-m2-g2-L5p3-n2-beta1,320,-0.005,202,3.345625,1.0033787084546235,1.0028085535034732
hm-m2-g2-L5p3-n2-beta1__N0320__Aminus_0p005,hm-m2-g2-L5p3-n2-beta1__N0320__Aplus_0p005,hm-m2-g2-L5p3-n2-beta1,320,-0.005,203,3.3621875,1.0033046514526633,1.0027476005218667
hm-m2-g2-L5p3-n2-beta1__N0320__Aminus_0p005,hm-m2-g2-L5p3-n2-beta1__N0320__Aplus_0p005,hm-m2-g2-L5p3-n2-beta1,320,-0.005,204,3.37875,1.0032293207381209,1.0026855852162078
hm-m2-g2-L5p3-n2-beta1__N0320__Aminus_0p005,hm-m2-g2-L5p3-n2-beta1__N0320__Aplus_0p005,hm-m2-g2-L5p3-n2-beta1,320,-0.005,205,3.3953125,1.0031527468793413,1.002622532038603
hm-m2-g2-L5p3-n2-beta1__N0320__Aminus_0p005,hm-m2-g2-L5p3-n2-beta1__N0320__Aplus_0p005,hm-m2-g2-L5p3-n2-beta1,320,-0.005,206,3.411875,1.0030749609125433,1.0025584658375213
hm-m2-g2-L5p3-n2-beta1__N0320__Aminus_0p005,hm-m2-g2-L5p3-n2-beta1__N0320__Aplus_0p005,hm-m2-g2-L5p3-n2-beta1,320,-0.005,207,3.4284375000000002,1.002995994327481,1.002493411847373
hm-m2-g2-L5p3-n2-beta1__N0320__Aminus_0p005,hm-m2-g2-L5p3-n2-beta1__N0320__Aplus_0p005,hm-m2-g2-L5p3-n2-beta1,320,-0.005,208,3.4450000000000003,1.0029158790529549,1.0024273956779488
hm-m2-g2-L5p3-n2-beta1__N0320__Aminus_0p005,hm-m2-g2-L5p3-n2-beta1__N0320__Aplus_0p005,hm-m2-g2-L5p3-n2-beta1,320,-0.005,209,3.4615625000000003,1.0028346474421839,1.0023604433037236
hm-m2-g2-L5p3-n2-beta1__N0320__Aminus_0p005,hm-m2-g2-L5p3-n2-beta1__N0320__Aplus_0p005,hm-m2-g2-L5p3-n2-beta1,320,-0.005,210,3.4781250000000004,1.0027523322580463,1.00229258105303
hm-m2-g2-L5p3-n2-beta1__N0320__Aminus_0p005,hm-m2-g2-L5p3-n2-beta1__N0320__Aplus_0p005,hm-m2-g2-L5p3-n2-beta1,320,-0.005,211,3.4946875000000004,1.0026689666581987,1.0022238355971065
hm-m2-g2-L5p3-n2-beta1__N0320__Aminus_0p005,hm-m2-g2-L5p3-n2-beta1__N0320__Aplus_0p005,hm-m2-g2-L5p3-n2-beta1,320,-0.005,212,3.51125,1.0025845841800831,1.0021542339390273
hm-m2-g2-L5p3-n2-beta1__N0320__Aminus_0p005,hm-m2-g2-L5p3-n2-beta1__N0320__Aplus_0p005,hm-m2-g2-L5p3-n2-beta1,320,-0.005,213,3.5278125,1.0024992187258313,1.0020838034025186
hm-m2-g2-L5p3-n2-beta1__N0320__Aminus_0p005,hm-m2-g2-L5p3-n2-beta1__N0320__Aplus_0p005,hm-m2-g2-L5p3-n2-beta1,320,-0.005,214,3.544375,1.002412904547074,1.002012571620666
hm-m2-g2-L5p3-n2-beta1__N0320__Aminus_0p005,hm-m2-g2-L5p3-n2-beta1__N0320__Aplus_0p005,hm-m2-g2-L5p3-n2-beta1,320,-0.005,215,3.5609375,1.0023256762296677,1.0019405665245202
hm-m2-g2-L5p3-n2-beta1__N0320__Aminus_0p005,hm-m2-g2-L5p3-n2-beta1__N0320__Aplus_0p005,hm-m2-g2-L5p3-n2-beta1,320,-0.005,216,3.5775,1.002237568678344,1.0018678163316046
hm-m2-g2-L5p3-n2-beta1__N0320__Aminus_0p005,hm-m2-g2-L5p3-n2-beta1__N0320__Aplus_0p005,hm-m2-g2-L5p3-n2-beta1,320,-0.005,217,3.5940625,1.0021486171012928,1.0017943495343318
hm-m2-g2-L5p3-n2-beta1__N0320__Aminus_0p005,hm-m2-g2-L5p3-n2-beta1__N0320__Aplus_0p005,hm-m2-g2-L5p3-n2-beta1,320,-0.005,218,3.610625,1.0020588569946878,1.001720194888335
hm-m2-g2-L5p3-n2-beta1__N0320__Aminus_0p005,hm-m2-g2-L5p3-n2-beta1__N0320__Aplus_0p005,hm-m2-g2-L5p3-n2-beta1,320,-0.005,219,3.6271875000000002,1.0019683241271635,1.001645381400717
hm-m2-g2-L5p3-n2-beta1__N0320__Aminus_0p005,hm-m2-g2-L5p3-n2-beta1__N0320__Aplus_0p005,hm-m2-g2-L5p3-n2-beta1,320,-0.005,220,3.6437500000000003,1.0018770545242528,1.0015699383182262
hm-m2-g2-L5p3-n2-beta1__N0320__Aminus_0p005,hm-m2-g2-L5p3-n2-beta1__N0320__Aplus_0p005,hm-m2-g2-L5p3-n2-beta1,320,-0.005,221,3.6603125000000003,1.001785084452791,1.001493895115362
hm-m2-g2-L5p3-n2-beta1__N0320__Aminus_0p005,hm-m2-g2-L5p3-n2-beta1__N0320__Aplus_0p005,hm-m2-g2-L5p3-n2-beta1,320,-0.005,222,3.6768750000000003,1.0016924504052984,1.001417281482417
hm-m2-g2-L5p3-n2-beta1__N0320__Aminus_0p005,hm-m2-g2-L5p3-n2-beta1__N0320__Aplus_0p005,hm-m2-g2-L5p3-n2-beta1,320,-0.005,223,3.6934375000000004,1.0015991890843494,1.0013401273134606
hm-m2-g2-L5p3-n2-beta1__N0320__Aminus_0p005,hm-m2-g2-L5p3-n2-beta1__N0320__Aplus_0p005,hm-m2-g2-L5p3-n2-beta1,320,-0.005,224,3.71,1.0015053373869336,1.0012624626942692
hm-m2-g2-L5p3-n2-beta1__N0320__Aminus_0p005,hm-m2-g2-L5p3-n2-beta1__N0320__Aplus_0p005,hm-m2-g2-L5p3-n2-beta1,320,-0.005,225,3.7265625,1.0014109323888196,1.001184317890211
hm-m2-g2-L5p3-n2-beta1__N0320__Aminus_0p005,hm-m2-g2-L5p3-n2-beta1__N0320__Aplus_0p005,hm-m2-g2-L5p3-n2-beta1,320,-0.005,226,3.743125,1.0013160113289294,1.0011057233340857
hm-m2-g2-L5p3-n2-beta1__N0320__Aminus_0p005,hm-m2-g2-L5p3-n2-beta1__N0320__Aplus_0p005,hm-m2-g2-L5p3-n2-beta1,320,-0.005,227,3.7596875,1.00122061159373,1.0010267096139305
hm-m2-g2-L5p3-n2-beta1__N0320__Aminus_0p005,hm-m2-g2-L5p3-n2-beta1__N0320__Aplus_0p005,hm-m2-g2-L5p3-n2-beta1,320,-0.005,228,3.77625,1.001124770701652,1.0009473074607933
hm-m2-g2-L5p3-n2-beta1__N0320__Aminus_0p005,hm-m2-g2-L5p3-n2-beta1__N0320__Aplus_0p005,hm-m2-g2-L5p3-n2-beta1,320,-0.005,229,3.7928125,1.0010285262875398,1.0008675477364808
hm-m2-g2-L5p3-n2-beta1__N0320__Aminus_0p005,hm-m2-g2-L5p3-n2-beta1__N0320__Aplus_0p005,hm-m2-g2-L5p3-n2-beta1,320,-0.005,230,3.809375,1.000931916087144,1.0007874614212862
hm-m2-g2-L5p3-n2-beta1__N0320__Aminus_0p005,hm-m2-g2-L5p3-n2-beta1__N0320__Aplus_0p005,hm-m2-g2-L5p3-n2-beta1,320,-0.005,231,3.8259375,1.0008349779216617,1.0007070796017001
hm-m2-g2-L5p3-n2-beta1__N0320__Aminus_0p005,hm-m2-g2-L5p3-n2-beta1__N0320__Aplus_0p005,hm-m2-g2-L5p3-n2-beta1,320,-0.005,232,3.8425000000000002,1.0007377496823324,1.000626433458114
hm-m2-g2-L5p3-n2-beta1__N0320__Aminus_0p005,hm-m2-g2-L5p3-n2-beta1__N0320__Aplus_0p005,hm-m2-g2-L5p3-n2-beta1,320,-0.005,233,3.8590625000000003,1.000640269315095,1.0005455542525166
hm-m2-g2-L5p3-n2-beta1__N0320__Aminus_0p005,hm-m2-g2-L5p3-n2-beta1__N0320__Aplus_0p005,hm-m2-g2-L5p3-n2-beta1,320,-0.005,234,3.8756250000000003,1.0005425748053154,1.0004644733161914
hm-m2-g2-L5p3-n2-beta1__N0320__Aminus_0p005,hm-m2-g2-L5p3-n2-beta1__N0320__Aplus_0p005,hm-m2-g2-L5p3-n2-beta1,320,-0.005,235,3.8921875000000004,1.0004447041625881,1.0003832220374205
hm-m2-g2-L5p3-n2-beta1__N0320__Aminus_0p005,hm-m2-g2-L5p3-n2-beta1__N0320__Aplus_0p005,hm-m2-g2-L5p3-n2-beta1,320,-0.005,236,3.9087500000000004,1.0003466954056222,1.000301831849197
hm-m2-g2-L5p3-n2-beta1__N0320__Aminus_0p005,hm-m2-g2-L5p3-n2-beta1__N0320__Aplus_0p005,hm-m2-g2-L5p3-n2-beta1,320,-0.005,237,3.9253125,1.0002485865472144,1.0002203342169542
hm-m2-g2-L5p3-n2-beta1__N0320__Aminus_0p005,hm-m2-g2-L5p3-n2-beta1__N0320__Aplus_0p005,hm-m2-g2-L5p3-n2-beta1,320,-0.005,238,3.941875,1.000150415579316,1.0001387606263143
hm-m2-g2-L5p3-n2-beta1__N0320__Aminus_0p005,hm-m2-g2-L5p3-n2-beta1__N0320__Aplus_0p005,hm-m2-g2-L5p3-n2-beta1,320,-0.005,239,3.9584375,1.0000522204582023,1.0000571425708622
hm-m2-g2-L5p3-n2-beta1__N0320__Aminus_0p005,hm-m2-g2-L5p3-n2-beta1__N0320__Aplus_0p005,hm-m2-g2-L5p3-n2-beta1,320,-0.005,240,3.975,0.9999540390897469,0.9999755115399501
hm-m2-g2-L5p3-n2-beta1__N0320__Aminus_0p005,hm-m2-g2-L5p3-n2-beta1__N0320__Aplus_0p005,hm-m2-g2-L5p3-n2-beta1,320,-0.005,241,3.9915625,0.9998559093148078,0.9998938990065361
hm-m2-g2-L5p3-n2-beta1__N0320__Aminus_0p005,hm-m2-g2-L5p3-n2-beta1__N0320__Aplus_0p005,hm-m2-g2-L5p3-n2-beta1,320,-0.005,242,4.008125000000001,0.9997578688947316,0.9998123364150614
hm-m2-g2-L5p3-n2-beta1__N0320__Aminus_0p005,hm-m2-g2-L5p3-n2-beta1__N0320__Aplus_0p005,hm-m2-g2-L5p3-n2-beta1,320,-0.005,243,4.024687500000001,0.9996599554969787,0.9997308551693732
hm-m2-g2-L5p3-n2-beta1__N0320__Aminus_0p005,hm-m2-g2-L5p3-n2-beta1__N0320__Aplus_0p005,hm-m2-g2-L5p3-n2-beta1,320,-0.005,244,4.04125,0.9995622066808769,0.9996494866206954
hm-m2-g2-L5p3-n2-beta1__N0320__Aminus_0p005,hm-m2-g2-L5p3-n2-beta1__N0320__Aplus_0p005,hm-m2-g2-L5p3-n2-beta1,320,-0.005,245,4.0578125,0.9994646598835071,0.9995682620556509
hm-m2-g2-L5p3-n2-beta1__N0320__Aminus_0p005,hm-m2-g2-L5p3-n2-beta1__N0320__Aplus_0p005,hm-m2-g2-L5p3-n2-beta1,320,-0.005,246,4.074375,0.9993673524057248,0.9994872126843427
hm-m2-g2-L5p3-n2-beta1__N0320__Aminus_0p005,hm-m2-g2-L5p3-n2-beta1__N0320__Aplus_0p005,hm-m2-g2-L5p3-n2-beta1,320,-0.005,247,4.0909375,0.9992703213983241,0.9994063696284969
hm-m2-g2-L5p3-n2-beta1__N0320__Aminus_0p005,hm-m2-g2-L5p3-n2-beta1__N0320__Aplus_0p005,hm-m2-g2-L5p3-n2-beta1,320,-0.005,248,4.1075,0.9991736038483461,0.99932576390967
hm-m2-g2-L5p3-n2-beta1__N0320__Aminus_0p005,hm-m2-g2-L5p3-n2-beta1__N0320__Aplus_0p005,hm-m2-g2-L5p3-n2-beta1,320,-0.005,249,4.1240625,0.9990772365655374,0.9992454264375277
hm-m2-g2-L5p3-n2-beta1__N0320__Aminus_0p005,hm-m2-g2-L5p3-n2-beta1__N0320__Aplus_0p005,hm-m2-g2-L5p3-n2-beta1,320,-0.005,250,4.140625,0.9989812561689617,0.9991653879981978
hm-m2-g2-L5p3-n2-beta1__N0320__Aminus_0p005,hm-m2-g2-L5p3-n2-beta1__N0320__Aplus_0p005,hm-m2-g2-L5p3-n2-beta1,320,-0.005,251,4.1571875,0.9988856990737689,0.9990856792427
hm-m2-g2-L5p3-n2-beta1__N0320__Aminus_0p005,hm-m2-g2-L5p3-n2-beta1__N0320__Aplus_0p005,hm-m2-g2-L5p3-n2-beta1,320,-0.005,252,4.17375,0.9987906014781239,0.9990063306754597
hm-m2-g2-L5p3-n2-beta1__N0320__Aminus_0p005,hm-m2-g2-L5p3-n2-beta1__N0320__Aplus_0p005,hm-m2-g2-L5p3-n2-beta1,320,-0.005,253,4.1903125,0.9986959993503004,0.9989273726429068
hm-m2-g2-L5p3-n2-beta1__N0320__Aminus_0p005,hm-m2-g2-L5p3-n2-beta1__N0320__Aplus_0p005,hm-m2-g2-L5p3-n2-beta1,320,-0.005,254,4.206875,0.9986019284159411,0.9988488353221637
hm-m2-g2-L5p3-n2-beta1__N0320__Aminus_0p005,hm-m2-g2-L5p3-n2-beta1__N0320__Aplus_0p005,hm-m2-g2-L5p3-n2-beta1,320,-0.005,255,4.2234375,0.9985084241454879,0.9987707487098286
hm-m2-g2-L5p3-n2-beta1__N0320__Aminus_0p005,hm-m2-g2-L5p3-n2-beta1__N0320__Aplus_0p005,hm-m2-g2-L5p3-n2-beta1,320,-0.005,256,4.24,0.9984155217417858,0.9986931426108551
hm-m2-g2-L5p3-n2-beta1__N0320__Aminus_0p005,hm-m2-g2-L5p3-n2-beta1__N0320__Aplus_0p005,hm-m2-g2-L5p3-n2-beta1,320,-0.005,257,4.2565625,0.9983232561278613,0.9986160466275311
hm-m2-g2-L5p3-n2-beta1__N0320__Aminus_0p005,hm-m2-g2-L5p3-n2-beta1__N0320__Aplus_0p005,hm-m2-g2-L5p3-n2-beta1,320,-0.005,258,4.273125,0.9982316619348793,0.9985394901485659
hm-m2-g2-L5p3-n2-beta1__N0320__Aminus_0p005,hm-m2-g2-L5p3-n2-beta1__N0320__Aplus_0p005,hm-m2-g2-L5p3-n2-beta1,320,-0.005,259,4.2896875,0.9981407734902802,0.9984635023382806
hm-m2-g2-L5p3-n2-beta1__N0320__Aminus_0p005,hm-m2-g2-L5p3-n2-beta1__N0320__Aplus_0p005,hm-m2-g2-L5p3-n2-beta1,320,-0.005,260,4.30625,0.9980506248060995,0.9983881121259118
hm-m2-g2-L5p3-n2-beta1__N0320__Aminus_0p005,hm-m2-g2-L5p3-n2-beta1__N0320__Aplus_0p005,hm-m2-g2-L5p3-n2-beta1,320,-0.005,261,4.3228125,0.997961249567472,0.99831334819503
hm-m2-g2-L5p3-n2-beta1__N0320__Aminus_0p005,hm-m2-g2-L5p3-n2-beta1__N0320__Aplus_0p005,hm-m2-g2-L5p3-n2-beta1,320,-0.005,262,4.339375,0.9978726811213217,0.9982392389730732
hm-m2-g2-L5p3-n2-beta1__N0320__Aminus_0p005,hm-m2-g2-L5p3-n2-beta1__N0320__Aplus_0p005,hm-m2-g2-L5p3-n2-beta1,320,-0.005,263,4.3559375000000005,0.9977849524652399,0.9981658126210039
hm-m2-g2-L5p3-n2-beta1__N0320__Aminus_0p005,hm-m2-g2-L5p3-n2-beta1__N0320__Aplus_0p005,hm-m2-g2-L5p3-n2-beta1,320,-0.005,264,4.3725000000000005,0.9976980962365537,0.9980930970230877
hm-m2-g2-L5p3-n2-beta1__N0320__Aminus_0p005,hm-m2-g2-L5p3-n2-beta1__N0320__Aplus_0p005,hm-m2-g2-L5p3-n2-beta1,320,-0.005,265,4.3890625000000005,0.9976121447015837,0.9980211197767986
hm-m2-g2-L5p3-n2-beta1__N0320__Aminus_0p005,hm-m2-g2-L5p3-n2-beta1__N0320__Aplus_0p005,hm-m2-g2-L5p3-n2-beta1,320,-0.005,266,4.405625000000001,0.997527129745095,0.9979499081828549
hm-m2-g2-L5p3-n2-beta1__N0320__Aminus_0p005,hm-m2-g2-L5p3-n2-beta1__N0320__Aplus_0p005,hm-m2-g2-L5p3-n2-beta1,320,-0.005,267,4.422187500000001,0.9974430828599417,0.9978794892353856
hm-m2-g2-L5p3-n2-beta1__N0320__Aminus_0p005,hm-m2-g2-L5p3-n2-beta1__N0320__Aplus_0p005,hm-m2-g2-L5p3-n2-beta1,320,-0.005,268,4.438750000000001,0.9973600351369041,0.9978098896122334
hm-m2-g2-L5p3-n2-beta1__N0320__Aminus_0p005,hm-m2-g2-L5p3-n2-beta1__N0320__Aplus_0p005,hm-m2-g2-L5p3-n2-beta1,320,-0.005,269,4.4553125,0.9972780172547229,0.9977411356653936
hm-m2-g2-L5p3-n2-beta1__N0320__Aminus_0p005,hm-m2-g2-L5p3-n2-beta1__N0320__Aplus_0p005,hm-m2-g2-L5p3-n2-beta1,320,-0.005,270,4.471875,0.9971970594703281,0.9976732534115943
hm-m2-g2-L5p3-n2-beta1__N0320__Aminus_0p005,hm-m2-g2-L5p3-n2-beta1__N0320__Aplus_0p005,hm-m2-g2-L5p3-n2-beta1,320,-0.005,271,4.4884375,0.997117191609265,0.9976062685230187
hm-m2-g2-L5p3-n2-beta1__N0320__Aminus_0p005,hm-m2-g2-L5p3-n2-beta1__N0320__Aplus_0p005,hm-m2-g2-L5p3-n2-beta1,320,-0.005,272,4.505,0.9970384430563163,0.9975402063181729
hm-m2-g2-L5p3-n2-beta1__N0320__Aminus_0p005,hm-m2-g2-L5p3-n2-beta1__N0320__Aplus_0p005,hm-m2-g2-L5p3-n2-beta1,320,-0.005,273,4.5215625,0.9969608427463226,0.9974750917528998
hm-m2-g2-L5p3-n2-beta1__N0320__Aminus_0p005,hm-m2-g2-L5p3-n2-beta1__N0320__Aplus_0p005,hm-m2-g2-L5p3-n2-beta1,320,-0.005,274,4.538125,0.9968844191552,0.9974109494115453
hm-m2-g2-L5p3-n2-beta1__N0320__Aminus_0p005,hm-m2-g2-L5p3-n2-beta1__N0320__Aplus_0p005,hm-m2-g2-L5p3-n2-beta1,320,-0.005,275,4.5546875,0.9968092002911559,0.9973478034982726
hm-m2-g2-L5p3-n2-beta1__N0320__Aminus_0p005,hm-m2-g2-L5p3-n2-beta1__N0320__Aplus_0p005,hm-m2-g2-L5p3-n2-beta1,320,-0.005,276,4.57125,0.9967352136861027,0.9972856778285345
hm-m2-g2-L5p3-n2-beta1__N0320__Aminus_0p005,hm-m2-g2-L5p3-n2-beta1__N0320__Aplus_0p005,hm-m2-g2-L5p3-n2-beta1,320,-0.005,277,4.5878125,0.9966624863872693,0.9972245958206991
hm-m2-g2-L5p3-n2-beta1__N0320__Aminus_0p005,hm-m2-g2-L5p3-n2-beta1__N0320__Aplus_0p005,hm-m2-g2-L5p3-n2-beta1,320,-0.005,278,4.604375,0.9965910449490105,0.9971645804878341
hm-m2-g2-L5p3-n2-beta1__N0320__Aminus_0p005,hm-m2-g2-L5p3-n2-beta1__N0320__Aplus_0p005,hm-m2-g2-L5p3-n2-beta1,320,-0.005,279,4.6209375,0.9965209154248149,0.9971056544296516
hm-m2-g2-L5p3-n2-beta1__N0320__Aminus_0p005,hm-m2-g2-L5p3-n2-beta1__N0320__Aplus_0p005,hm-m2-g2-L5p3-n2-beta1,320,-0.005,280,4.6375,0.9964521233595096,0.9970478398246154
hm-m2-g2-L5p3-n2-beta1__N0320__Aminus_0p005,hm-m2-g2-L5p3-n2-beta1__N0320__Aplus_0p005,hm-m2-g2-L5p3-n2-beta1,320,-0.005,281,4.6540625,0.9963846937816623,0.9969911584222111
hm-m2-g2-L5p3-n2-beta1__N0320__Aminus_0p005,hm-m2-g2-L5p3-n2-beta1__N0320__Aplus_0p005,hm-m2-g2-L5p3-n2-beta1,320,-0.005,282,4.670625,0.9963186511961801,0.9969356315353811
hm-m2-g2-L5p3-n2-beta1__N0320__Aminus_0p005,hm-m2-g2-L5p3-n2-beta1__N0320__Aplus_0p005,hm-m2-g2-L5p3-n2-beta1,320,-0.005,283,4.6871875,0.9962540195771058,0.9968812800331286
hm-m2-g2-L5p3-n2-beta1__N0320__Aminus_0p005,hm-m2-g2-L5p3-n2-beta1__N0320__Aplus_0p005,hm-m2-g2-L5p3-n2-beta1,320,-0.005,284,4.70375,0.9961908223606086,0.9968281243332887
hm-m2-g2-L5p3-n2-beta1__N0320__Aminus_0p005,hm-m2-g2-L5p3-n2-beta1__N0320__Aplus_0p005,hm-m2-g2-L5p3-n2-beta1,320,-0.005,285,4.7203125,0.9961290824381717,0.9967761843954711
hm-m2-g2-L5p3-n2-beta1__N0320__Aminus_0p005,hm-m2-g2-L5p3-n2-beta1__N0320__Aplus_0p005,hm-m2-g2-L5p3-n2-beta1,320,-0.005,286,4.736875,0.996068822149973,0.9967254797141738
hm-m2-g2-L5p3-n2-beta1__N0320__Aminus_0p005,hm-m2-g2-L5p3-n2-beta1__N0320__Aplus_0p005,hm-m2-g2-L5p3-n2-beta1,320,-0.005,287,4.7534375,0.9960100632784624,0.9966760293120703
hm-m2-g2-L5p3-n2-beta1__N0320__Aminus_0p005,hm-m2-g2-L5p3-n2-beta1__N0320__Aplus_0p005,hm-m2-g2-L5p3-n2-beta1,320,-0.005,288,4.7700000000000005,0.9959528270421301,0.9966278517334727
hm-m2-g2-L5p3-n2-beta1__N0320__Aminus_0p005,hm-m2-g2-L5p3-n2-beta1__N0320__Aplus_0p005,hm-m2-g2-L5p3-n2-beta1,320,-0.005,289,4.7865625000000005,0.9958971340894693,0.9965809650379687
hm-m2-g2-L5p3-n2-beta1__N0320__Aminus_0p005,hm-m2-g2-L5p3-n2-beta1__N0320__Aplus_0p005,hm-m2-g2-L5p3-n2-beta1,320,-0.005,290,4.8031250000000005,0.9958430044931309,0.9965353867942375
hm-m2-g2-L5p3-n2-beta1__N0320__Aminus_0p005,hm-m2-g2-L5p3-n2-beta1__N0320__Aplus_0p005,hm-m2-g2-L5p3-n2-beta1,320,-0.005,291,4.819687500000001,0.9957904577442684,0.996491134074044
hm-m2-g2-L5p3-n2-beta1__N0320__Aminus_0p005,hm-m2-g2-L5p3-n2-beta1__N0320__Aplus_0p005,hm-m2-g2-L5p3-n2-beta1,320,-0.005,292,4.836250000000001,0.9957395127470748,0.9964482234464128
hm-m2-g2-L5p3-n2-beta1__N0320__Aminus_0p005,hm-m2-g2-L5p3-n2-beta1__N0320__Aplus_0p005,hm-m2-g2-L5p3-n2-beta1,320,-0.005,293,4.852812500000001,0.995690187813508,0.9964066709719829
hm-m2-g2-L5p3-n2-beta1__N0320__Aminus_0p005,hm-m2-g2-L5p3-n2-beta1__N0320__Aplus_0p005,hm-m2-g2-L5p3-n2-beta1,320,-0.005,294,4.869375000000001,0.9956425006582057,0.9963664921975438
hm-m2-g2-L5p3-n2-beta1__N0320__Aminus_0p005,hm-m2-g2-L5p3-n2-beta1__N0320__Aplus_0p005,hm-m2-g2-L5p3-n2-beta1,320,-0.005,295,4.8859375,0.9955964683935882,0.9963277021507566
hm-m2-g2-L5p3-n2-beta1__N0320__Aminus_0p005,hm-m2-g2-L5p3-n2-beta1__N0320__Aplus_0p005,hm-m2-g2-L5p3-n2-beta1,320,-0.005,296,4.9025,0.9955521075251483,0.9962903153350565
hm-m2-g2-L5p3-n2-beta1__N0320__Aminus_0p005,hm-m2-g2-L5p3-n2-beta1__N0320__Aplus_0p005,hm-m2-g2-L5p3-n2-beta1,320,-0.005,297,4.9190625,0.9955094339469283,0.996254345724743
hm-m2-g2-L5p3-n2-beta1__N0320__Aminus_0p005,hm-m2-g2-L5p3-n2-beta1__N0320__Aplus_0p005,hm-m2-g2-L5p3-n2-beta1,320,-0.005,298,4.935625,0.9954684629371807,0.9962198067602525
hm-m2-g2-L5p3-n2-beta1__N0320__Aminus_0p005,hm-m2-g2-L5p3-n2-beta1__N0320__Aplus_0p005,hm-m2-g2-L5p3-n2-beta1,320,-0.005,299,4.9521875,0.995429209154216,0.9961867113436209
hm-m2-g2-L5p3-n2-beta1__N0320__Aminus_0p005,hm-m2-g2-L5p3-n2-beta1__N0320__Aplus_0p005,hm-m2-g2-L5p3-n2-beta1,320,-0.005,300,4.96875,0.9953916866324324,0.9961550718341328
hm-m2-g2-L5p3-n2-beta1__N0320__Aminus_0p005,hm-m2-g2-L5p3-n2-beta1__N0320__Aplus_0p005,hm-m2-g2-L5p3-n2-beta1,320,-0.005,301,4.9853125,0.9953559087785293,0.9961249000441572
hm-m2-g2-L5p3-n2-beta1__N0320__Aminus_0p005,hm-m2-g2-L5p3-n2-beta1__N0320__Aplus_0p005,hm-m2-g2-L5p3-n2-beta1,320,-0.005,302,5.001875,0.9953218883679035,0.9960962072351744
hm-m2-g2-L5p3-n2-beta1__N0320__Aminus_0p005,hm-m2-g2-L5p3-n2-beta1__N0320__Aplus_0p005,hm-m2-g2-L5p3-n2-beta1,320,-0.005,303,5.0184375,0.9952896375412255,0.9960690041139916
hm-m2-g2-L5p3-n2-beta1__N0320__Aminus_0p005,hm-m2-g2-L5p3-n2-beta1__N0320__Aplus_0p005,hm-m2-g2-L5p3-n2-beta1,320,-0.005,304,5.035,0.9952591678011977,0.9960433008291489
hm-m2-g2-L5p3-n2-beta1__N0320__Aminus_0p005,hm-m2-g2-L5p3-n2-beta1__N0320__Aplus_0p005,hm-m2-g2-L5p3-n2-beta1,320,-0.005,305,5.0515625,0.9952304900094923,0.9960191069675164
hm-m2-g2-L5p3-n2-beta1__N0320__Aminus_0p005,hm-m2-g2-L5p3-n2-beta1__N0320__Aplus_0p005,hm-m2-g2-L5p3-n2-beta1,320,-0.005,306,5.068125,0.9952036143838673,0.9959964315510826
hm-m2-g2-L5p3-n2-beta1__N0320__Aminus_0p005,hm-m2-g2-L5p3-n2-beta1__N0320__Aplus_0p005,hm-m2-g2-L5p3-n2-beta1,320,-0.005,307,5.0846875,0.9951785504954624,0.9959752830339349
hm-m2-g2-L5p3-n2-beta1__N0320__Aminus_0p005,hm-m2-g2-L5p3-n2-beta1__N0320__Aplus_0p005,hm-m2-g2-L5p3-n2-beta1,320,-0.005,308,5.10125,0.9951553072662722,0.9959556692994329
hm-m2-g2-L5p3-n2-beta1__N0320__Aminus_0p005,hm-m2-g2-L5p3-n2-beta1__N0320__Aplus_0p005,hm-m2-g2-L5p3-n2-beta1,320,-0.005,309,5.1178125,0.9951338929667958,0.9959375976575747
hm-m2-g2-L5p3-n2-beta1__N0320__Aminus_0p005,hm-m2-g2-L5p3-n2-beta1__N0320__Aplus_0p005,hm-m2-g2-L5p3-n2-beta1,320,-0.005,310,5.134375,0.9951143152138643,0.9959210748425554
hm-m2-g2-L5p3-n2-beta1__N0320__Aminus_0p005,hm-m2-g2-L5p3-n2-beta1__N0320__Aplus_0p005,hm-m2-g2-L5p3-n2-beta1,320,-0.005,311,5.1509375,0.9950965809686435,0.9959061070105213
hm-m2-g2-L5p3-n2-beta1__N0320__Aminus_0p005,hm-m2-g2-L5p3-n2-beta1__N0320__Aplus_0p005,hm-m2-g2-L5p3-n2-beta1,320,-0.005,312,5.1675,0.9950806965348119,0.9958926997375174
hm-m2-g2-L5p3-n2-beta1__N0320__Aminus_0p005,hm-m2-g2-L5p3-n2-beta1__N0320__Aplus_0p005,hm-m2-g2-L5p3-n2-beta1,320,-0.005,313,5.1840625000000005,0.9950666675569144,0.9958808580176293
hm-m2-g2-L5p3-n2-beta1__N0320__Aminus_0p005,hm-m2-g2-L5p3-n2-beta1__N0320__Aplus_0p005,hm-m2-g2-L5p3-n2-beta1,320,-0.005,314,5.2006250000000005,0.9950544990188903,0.9958705862613197
hm-m2-g2-L5p3-n2-beta1__N0320__Aminus_0p005,hm-m2-g2-L5p3-n2-beta1__N0320__Aplus_0p005,hm-m2-g2-L5p3-n2-beta1,320,-0.005,315,5.2171875000000005,0.9950441952427747,0.995861888293961
hm-m2-g2-L5p3-n2-beta1__N0320__Aminus_0p005,hm-m2-g2-L5p3-n2-beta1__N0320__Aplus_0p005,hm-m2-g2-L5p3-n2-beta1,320,-0.005,316,5.233750000000001,0.9950357598875751,0.9958547673545618
hm-m2-g2-L5p3-n2-beta1__N0320__Aminus_0p005,hm-m2-g2-L5p3-n2-beta1__N0320__Aplus_0p005,hm-m2-g2-L5p3-n2-beta1,320,-0.005,317,5.250312500000001,0.9950291959483202,0.9958492260946894
hm-m2-g2-L5p3-n2-beta1__N0320__Aminus_0p005,hm-m2-g2-L5p3-n2-beta1__N0320__Aplus_0p005,hm-m2-g2-L5p3-n2-beta1,320,-0.005,318,5.266875000000001,0.9950245057552825,0.995845266577589
hm-m2-g2-L5p3-n2-beta1__N0320__Aminus_0p005,hm-m2-g2-L5p3-n2-beta1__N0320__Aplus_0p005,hm-m2-g2-L5p3-n2-beta1,320,-0.005,319,5.283437500000001,0.9950216909733742,0.9958428902774971
hm-m2-g2-L5p3-n2-beta1__N0320__Aminus_0p005,hm-m2-g2-L5p3-n2-beta1__N0320__Aplus_0p005,hm-m2-g2-L5p3-n2-beta1,320,-0.005,320,5.3,0.9950207526017153,0.9958420980791511
hm-m2-g2-L5p3-n2-beta1__N0320__Aminus_0p0025,hm-m2-g2-L5p3-n2-beta1__N0320__Aplus_0p0025,hm-m2-g2-L5p3-n2-beta1,320,-0.0025,0,0.0,0.9975052152972663,0.9979211958973314
hm-m2-g2-L5p3-n2-beta1__N0320__Aminus_0p0025,hm-m2-g2-L5p3-n2-beta1__N0320__Aplus_0p0025,hm-m2-g2-L5p3-n2-beta1,320,-0.0025,1,0.0165625,0.9975056907930065,0.9979215942790043
hm-m2-g2-L5p3-n2-beta1__N0320__Aminus_0p0025,hm-m2-g2-L5p3-n2-beta1__N0320__Aplus_0p0025,hm-m2-g2-L5p3-n2-beta1,320,-0.0025,2,0.033125,0.9975071171042292,0.9979227892730838
hm-m2-g2-L5p3-n2-beta1__N0320__Aminus_0p0025,hm-m2-g2-L5p3-n2-beta1__N0320__Aplus_0p0025,hm-m2-g2-L5p3-n2-beta1,320,-0.0025,3,0.0496875,0.9975094937029961,0.9979247804268065
hm-m2-g2-L5p3-n2-beta1__N0320__Aminus_0p0025,hm-m2-g2-L5p3-n2-beta1__N0320__Aplus_0p0025,hm-m2-g2-L5p3-n2-beta1,320,-0.0025,4,0.06625,0.9975128197096,0.9979275669857475
hm-m2-g2-L5p3-n2-beta1__N0320__Aminus_0p0025,hm-m2-g2-L5p3-n2-beta1__N0320__Aplus_0p0025,hm-m2-g2-L5p3-n2-beta1,320,-0.0025,5,0.08281250000000001,0.9975170938928487,0.9979311478940903
hm-m2-g2-L5p3-n2-beta1__N0320__Aminus_0p0025,hm-m2-g2-L5p3-n2-beta1__N0320__Aplus_0p0025,hm-m2-g2-L5p3-n2-beta1,320,-0.0025,6,0.099375,0.9975223146704627,0.9979355217950073
hm-m2-g2-L5p3-n2-beta1__N0320__Aminus_0p0025,hm-m2-g2-L5p3-n2-beta1__N0320__Aplus_0p0025,hm-m2-g2-L5p3-n2-beta1,320,-0.0025,7,0.1159375,0.9975284801095871,0.9979406870311456
hm-m2-g2-L5p3-n2-beta1__N0320__Aminus_0p0025,hm-m2-g2-L5p3-n2-beta1__N0320__Aplus_0p0025,hm-m2-g2-L5p3-n2-beta1,320,-0.0025,8,0.1325,0.9975355879274156,0.9979466416452225
hm-m2-g2-L5p3-n2-beta1__N0320__Aminus_0p0025,hm-m2-g2-L5p3-n2-beta1__N0320__Aplus_0p0025,hm-m2-g2-L5p3-n2-beta1,320,-0.0025,9,0.14906250000000001,0.9975436354919305,0.9979533833807285
hm-m2-g2-L5p3-n2-beta1__N0320__Aminus_0p0025,hm-m2-g2-L5p3-n2-beta1__N0320__Aplus_0p0025,hm-m2-g2-L5p3-n2-beta1,320,-0.0025,10,0.16562500000000002,0.9975526198227532,0.9979609096827371
hm-m2-g2-L5p3-n2-beta1__N0320__Aminus_0p0025,hm-m2-g2-L5p3-n2-beta1__N0320__Aplus_0p0025,hm-m2-g2-L5p3-n2-beta1,320,-0.0025,11,0.1821875,0.9975625375921101,0.9979692176988232
hm-m2-g2-L5p3-n2-beta1__N0320__Aminus_0p0025,hm-m2-g2-L5p3-n2-beta1__N0320__Aplus_0p0025,hm-m2-g2-L5p3-n2-beta1,320,-0.0025,12,0.19875,0.9975733851259108,0.9979783042800882
hm-m2-g2-L5p3-n2-beta1__N0320__Aminus_0p0025,hm-m2-g2-L5p3-n2-beta1__N0320__Aplus_0p0025,hm-m2-g2-L5p3-n2-beta1,320,-0.0025,13,0.21531250000000002,0.9975851584049394,0.997988165982291
hm-m2-g2-L5p3-n2-beta1__N0320__Aminus_0p0025,hm-m2-g2-L5p3-n2-beta1__N0320__Aplus_0p0025,hm-m2-g2-L5p3-n2-beta1,320,-0.0025,14,0.231875,0.9975978530661596,0.9979987990670873
hm-m2-g2-L5p3-n2-beta1__N0320__Aminus_0p0025,hm-m2-g2-L5p3-n2-beta1__N0320__Aplus_0p0025,hm-m2-g2-L5p3-n2-beta1,320,-0.0025,15,0.2484375,0.9976114644041308,0.9980101995033734
hm-m2-g2-L5p3-n2-beta1__N0320__Aminus_0p0025,hm-m2-g2-L5p3-n2-beta1__N0320__Aplus_0p0025,hm-m2-g2-L5p3-n2-beta1,320,-0.0025,16,0.265,0.9976259873725396,0.9980223629687369
hm-m2-g2-L5p3-n2-beta1__N0320__Aminus_0p0025,hm-m2-g2-L5p3-n2-beta1__N0320__Aplus_0p0025,hm-m2-g2-L5p3-n2-beta1,320,-0.0025,17,0.2815625,0.9976414165858405,0.9980352848510123
hm-m2-g2-L5p3-n2-beta1__N0320__Aminus_0p0025,hm-m2-g2-L5p3-n2-beta1__N0320__Aplus_0p0025,hm-m2-g2-L5p3-n2-beta1,320,-0.0025,18,0.29812500000000003,0.9976577463210118,0.998048960249942
hm-m2-g2-L5p3-n2-beta1__N0320__Aminus_0p0025,hm-m2-g2-L5p3-n2-beta1__N0320__Aplus_0p0025,hm-m2-g2-L5p3-n2-beta1,320,-0.0025,19,0.3146875,0.9976749705194219,0.9980633839789411
hm-m2-g2-L5p3-n2-beta1__N0320__Aminus_0p0025,hm-m2-g2-L5p3-n2-beta1__N0320__Aplus_0p0025,hm-m2-g2-L5p3-n2-beta1,320,-0.0025,20,0.33125000000000004,0.9976930827888079,0.9980785505669669
hm-m2-g2-L5p3-n2-beta1__N0320__Aminus_0p0025,hm-m2-g2-L5p3-n2-beta1__N0320__Aplus_0p0025,hm-m2-g2-L5p3-n2-beta1,320,-0.0025,21,0.3478125,0.997712076405366,0.9980944542604921
hm-m2-g2-L5p3-n2-beta1__N0320__Aminus_0p0025,hm-m2-g2-L5p3-n2-beta1__N0320__Aplus_0p0025,hm-m2-g2-L5p3-n2-beta1,320,-0.0025,22,0.364375,0.997731944315953,0.9981110890255797
hm-m2-g2-L5p3-n2-beta1__N0320__Aminus_0p0025,hm-m2-g2-L5p3-n2-beta1__N0320__Aplus_0p0025,hm-m2-g2-L5p3-n2-beta1,320,-0.0025,23,0.38093750000000004,0.9977526791403993,0.9981284485500613
hm-m2-g2-L5p3-n2-beta1__N0320__Aminus_0p0025,hm-m2-g2-L5p3-n2-beta1__N0320__Aplus_0p0025,hm-m2-g2-L5p3-n2-beta1,320,-0.0025,24,0.3975,0.997774273173932,0.9981465262458176
hm-m2-g2-L5p3-n2-beta1__N0320__Aminus_0p0025,hm-m2-g2-L5p3-n2-beta1__N0320__Aplus_0p0025,hm-m2-g2-L5p3-n2-beta1,320,-0.0025,25,0.4140625,0.9977967183897088,0.9981653152511583
hm-m2-g2-L5p3-n2-beta1__N0320__Aminus_0p0025,hm-m2-g2-L5p3-n2-beta1__N0320__Aplus_0p0025,hm-m2-g2-L5p3-n2-beta1,320,-0.0025,26,0.43062500000000004,0.997820006441463,0.9981848084333034
hm-m2-g2-L5p3-n2-beta1__N0320__Aminus_0p0025,hm-m2-g2-L5p3-n2-beta1__N0320__Aplus_0p0025,hm-m2-g2-L5p3-n2-beta1,320,-0.0025,27,0.4471875,0.997844128666256,0.9982049983909651
hm-m2-g2-L5p3-n2-beta1__N0320__Aminus_0p0025,hm-m2-g2-L5p3-n2-beta1__N0320__Aplus_0p0025,hm-m2-g2-L5p3-n2-beta1,320,-0.0025,28,0.46375,0.9978690760873422,0.998225877457027
hm-m2-g2-L5p3-n2-beta1__N0320__Aminus_0p0025,hm-m2-g2-L5p3-n2-beta1__N0320__Aplus_0p0025,hm-m2-g2-L5p3-n2-beta1,320,-0.0025,29,0.48031250000000003,0.9978948394171401,0.9982474377013221
hm-m2-g2-L5p3-n2-beta1__N0320__Aminus_0p0025,hm-m2-g2-L5p3-n2-beta1__N0320__Aplus_0p0025,hm-m2-g2-L5p3-n2-beta1,320,-0.0025,30,0.496875,0.9979214090603138,0.9982696709335088
hm-m2-g2-L5p3-n2-beta1__N0320__Aminus_0p0025,hm-m2-g2-L5p3-n2-beta1__N0320__Aplus_0p0025,hm-m2-g2-L5p3-n2-beta1,320,-0.0025,31,0.5134375,0.9979487751169618,0.9982925687060429
hm-m2-g2-L5p3-n2-beta1__N0320__Aminus_0p0025,hm-m2-g2-L5p3-n2-beta1__N0320__Aplus_0p0025,hm-m2-g2-L5p3-n2-beta1,320,-0.0025,32,0.53,0.9979769273859141,0.9983161223172445
hm-m2-g2-L5p3-n2-beta1__N0320__Aminus_0p0025,hm-m2-g2-L5p3-n2-beta1__N0320__Aplus_0p0025,hm-m2-g2-L5p3-n2-beta1,320,-0.0025,33,0.5465625000000001,0.9980058553681358,0.9983403228144617
hm-m2-g2-L5p3-n2-beta1__N0320__Aminus_0p0025,hm-m2-g2-L5p3-n2-beta1__N0320__Aplus_0p0025,hm-m2-g2-L5p3-n2-beta1,320,-0.0025,34,0.563125,0.9980355482702373,0.9983651609973259
hm-m2-g2-L5p3-n2-beta1__N0320__Aminus_0p0025,hm-m2-g2-L5p3-n2-beta1__N0320__Aplus_0p0025,hm-m2-g2-L5p3-n2-beta1,320,-0.0025,35,0.5796875,0.9980659950080916,0.9983906274211014
hm-m2-g2-L5p3-n2-beta1__N0320__Aminus_0p0025,hm-m2-g2-L5p3-n2-beta1__N0320__Aplus_0p0025,hm-m2-g2-L5p3-n2-beta1,320,-0.0025,36,0.5962500000000001,0.9980971842105555,0.9984167124001267
hm-m2-g2-L5p3-n2-beta1__N0320__Aminus_0p0025,hm-m2-g2-L5p3-n2-beta1__N0320__Aplus_0p0025,hm-m2-g2-L5p3-n2-beta1,320,-0.0025,37,0.6128125,0.9981291042232974,0.9984434060113463
hm-m2-g2-L5p3-n2-beta1__N0320__Aminus_0p0025,hm-m2-g2-L5p3-n2-beta1__N0320__Aplus_0p0025,hm-m2-g2-L5p3-n2-beta1,320,-0.0025,38,0.629375,0.9981617431127278,0.9984706980979327
hm-m2-g2-L5p3-n2-beta1__N0320__Aminus_0p0025,hm-m2-g2-L5p3-n2-beta1__N0320__Aplus_0p0025,hm-m2-g2-L5p3-n2-beta1,320,-0.0025,39,0.6459375,0.9981950886700343,0.9984985782729966
hm-m2-g2-L5p3-n2-beta1__N0320__Aminus_0p0025,hm-m2-g2-L5p3-n2-beta1__N0320__Aplus_0p0025,hm-m2-g2-L5p3-n2-beta1,320,-0.0025,40,0.6625000000000001,0.9982291284153191,0.998527035923386
hm-m2-g2-L5p3-n2-beta1__N0320__Aminus_0p0025,hm-m2-g2-L5p3-n2-beta1__N0320__Aplus_0p0025,hm-m2-g2-L5p3-n2-beta1,320,-0.0025,41,0.6790625,0.9982638496018387,0.9985560602135691
hm-m2-g2-L5p3-n2-beta1__N0320__Aminus_0p0025,hm-m2-g2-L5p3-n2-beta1__N0320__Aplus_0p0025,hm-m2-g2-L5p3-n2-beta1,320,-0.0025,42,0.695625,0.9982992392203448,0.9985856400896057
hm-m2-g2-L5p3-n2-beta1__N0320__Aminus_0p0025,hm-m2-g2-L5p3-n2-beta1__N0320__Aplus_0p0025,hm-m2-g2-L5p3-n2-beta1,320,-0.0025,43,0.7121875000000001,0.9983352840035256,0.9986157642832006
hm-m2-g2-L5p3-n2-beta1__N0320__Aminus_0p0025,hm-m2-g2-L5p3-n2-beta1__N0320__Aplus_0p0025,hm-m2-g2-L5p3-n2-beta1,320,-0.0025,44,0.72875,0.9983719704305472,0.9986464213158402
hm-m2-g2-L5p3-n2-beta1__N0320__Aminus_0p0025,hm-m2-g2-L5p3-n2-beta1__N0320__Aplus_0p0025,hm-m2-g2-L5p3-n2-beta1,320,-0.0025,45,0.7453125,0.9984092847316933,0.9986775995030112
hm-m2-g2-L5p3-n2-beta1__N0320__Aminus_0p0025,hm-m2-g2-L5p3-n2-beta1__N0320__Aplus_0p0025,hm-m2-g2-L5p3-n2-beta1,320,-0.0025,46,0.7618750000000001,0.9984472128931031,0.9987092869584983
hm-m2-g2-L5p3-n2-beta1__N0320__Aminus_0p0025,hm-m2-g2-L5p3-n2-beta1__N0320__Aplus_0p0025,hm-m2-g2-L5p3-n2-beta1,320,-0.0025,47,0.7784375,0.9984857406616057,0.9987414715987631
hm-m2-g2-L5p3-n2-beta1__N0320__Aminus_0p0025,hm-m2-g2-L5p3-n2-beta1__N0320__Aplus_0p0025,hm-m2-g2-L5p3-n2-beta1,320,-0.0025,48,0.795,0.9985248535496504,0.9987741411473973
hm-m2-g2-L5p3-n2-beta1__N0320__Aminus_0p0025,hm-m2-g2-L5p3-n2-beta1__N0320__Aplus_0p0025,hm-m2-g2-L5p3-n2-beta1,320,-0.0025,49,0.8115625000000001,0.9985645368403323,0.9988072831396541
hm-m2-g2-L5p3-n2-beta1__N0320__Aminus_0p0025,hm-m2-g2-L5p3-n2-beta1__N0320__Aplus_0p0025,hm-m2-g2-L5p3-n2-beta1,320,-0.0025,50,0.828125,0.9986047755925116,0.9988408849270549
hm-m2-g2-L5p3-n2-beta1__N0320__Aminus_0p0025,hm-m2-g2-L5p3-n2-beta1__N0320__Aplus_0p0025,hm-m2-g2-L5p3-n2-beta1,320,-0.0025,51,0.8446875,0.9986455546460243,0.9988749336820674
hm-m2-g2-L5p3-n2-beta1__N0320__Aminus_0p0025,hm-m2-g2-L5p3-n2-beta1__N0320__Aplus_0p0025,hm-m2-g2-L5p3-n2-beta1,320,-0.0025,52,0.8612500000000001,0.9986868586269863,0.9989094164028551
hm-m2-g2-L5p3-n2-beta1__N0320__Aminus_0p0025,hm-m2-g2-L5p3-n2-beta1__N0320__Aplus_0p0025,hm-m2-g2-L5p3-n2-beta1,320,-0.0025,53,0.8778125,0.9987286719531855,0.9989443199180998
hm-m2-g2-L5p3-n2-beta1__N0320__Aminus_0p0025,hm-m2-g2-L5p3-n2-beta1__N0320__Aplus_0p0025,hm-m2-g2-L5p3-n2-beta1,320,-0.0025,54,0.894375,0.9987709788395654,0.9989796308918898
hm-m2-g2-L5p3-n2-beta1__N0320__Aminus_0p0025,hm-m2-g2-L5p3-n2-beta1__N0320__Aplus_0p0025,hm-m2-g2-L5p3-n2-beta1,320,-0.0025,55,0.9109375000000001,0.9988137633037939,0.999015335828676
hm-m2-g2-L5p3-n2-beta1__N0320__Aminus_0p0025,hm-m2-g2-L5p3-n2-beta1__N0320__Aplus_0p0025,hm-m2-g2-L5p3-n2-beta1,320,-0.0025,56,0.9275,0.9988570091719199,0.9990514210782939
hm-m2-g2-L5p3-n2-beta1__N0320__Aminus_0p0025,hm-m2-g2-L5p3-n2-beta1__N0320__Aplus_0p0025,hm-m2-g2-L5p3-n2-beta1,320,-0.0025,57,0.9440625,0.9989007000841142,0.9990878728410494
hm-m2-g2-L5p3-n2-beta1__N0320__Aminus_0p0025,hm-m2-g2-L5p3-n2-beta1__N0320__Aplus_0p0025,hm-m2-g2-L5p3-n2-beta1,320,-0.0025,58,0.9606250000000001,0.9989448195004941,0.9991246771728649
hm-m2-g2-L5p3-n2-beta1__N0320__Aminus_0p0025,hm-m2-g2-L5p3-n2-beta1__N0320__Aplus_0p0025,hm-m2-g2-L5p3-n2-beta1,320,-0.0025,59,0.9771875000000001,0.9989893507070297,0.9991618199904881
hm-m2-g2-L5p3-n2-beta1__N0320__Aminus_0p0025,hm-m2-g2-L5p3-n2-beta1__N0320__Aplus_0p0025,hm-m2-g2-L5p3-n2-beta1,320,-0.0025,60,0.99375,0.9990342768215307,0.9991992870767576
hm-m2-g2-L5p3-n2-beta1__N0320__Aminus_0p0025,hm-m2-g2-L5p3-n2-beta1__N0320__Aplus_0p0025,hm-m2-g2-L5p3-n2-beta1,320,-0.0025,61,1.0103125,0.9990795807997123,0.9992370640859258
hm-m2-g2-L5p3-n2-beta1__N0320__Aminus_0p0025,hm-m2-g2-L5p3-n2-beta1__N0320__Aplus_0p0025,hm-m2-g2-L5p3-n2-beta1,320,-0.0025,62,1.026875,0.9991252454413374,0.9992751365490375
hm-m2-g2-L5p3-n2-beta1__N0320__Aminus_0p0025,hm-m2-g2-L5p3-n2-beta1__N0320__Aplus_0p0025,hm-m2-g2-L5p3-n2-beta1,320,-0.0025,63,1.0434375,0.9991712533964354,0.9993134898793605
hm-m2-g2-L5p3-n2-beta1__N0320__Aminus_0p0025,hm-m2-g2-L5p3-n2-beta1__N0320__Aplus_0p0025,hm-m2-g2-L5p3-n2-beta1,320,-0.0025,64,1.06,0.9992175871715936,0.9993521093778682
hm-m2-g2-L5p3-n2-beta1__N0320__Aminus_0p0025,hm-m2-g2-L5p3-n2-beta1__N0320__Aplus_0p0025,hm-m2-g2-L5p3-n2-beta1,320,-0.0025,65,1.0765625,0.9992642291363212,0.9993909802387714
hm-m2-g2-L5p3-n2-beta1__N0320__Aminus_0p0025,hm-m2-g2-L5p3-n2-beta1__N0320__Aplus_0p0025,hm-m2-g2-L5p3-n2-beta1,320,-0.0025,66,1.0931250000000001,0.9993111615294832,0.999430087555097
hm-m2-g2-L5p3-n2-beta1__N0320__Aminus_0p0025,hm-m2-g2-L5p3-n2-beta1__N0320__Aplus_0p0025,hm-m2-g2-L5p3-n2-beta1,320,-0.0025,67,1.1096875000000002,0.9993583664658025,0.999469416324314
hm-m2-g2-L5p3-n2-beta1__N0320__Aminus_0p0025,hm-m2-g2-L5p3-n2-beta1__N0320__Aplus_0p0025,hm-m2-g2-L5p3-n2-beta1,320,-0.0025,68,1.12625,0.9994058259424277,0.999508951454
hm-m2-g2-L5p3-n2-beta1__N0320__Aminus_0p0025,hm-m2-g2-L5p3-n2-beta1__N0320__Aplus_0p0025,hm-m2-g2-L5p3-n2-beta1,320,-0.0025,69,1.1428125,0.9994535218455659,0.9995486777675529
hm-m2-g2-L5p3-n2-beta1__N0320__Aminus_0p0025,hm-m2-g2-L5p3-n2-beta1__N0320__Aplus_0p0025,hm-m2-g2-L5p3-n2-beta1,320,-0.0025,70,1.159375,0.9995014359571771,0.9995885800099384
hm-m2-g2-L5p3-n2-beta1__N0320__Aminus_0p0025,hm-m2-g2-L5p3-n2-beta1__N0320__Aplus_0p0025,hm-m2-g2-L5p3-n2-beta1,320,-0.0025,71,1.1759375,0.9995495499617286,0.9996286428534782
hm-m2-g2-L5p3-n2-beta1__N0320__Aminus_0p0025,hm-m2-g2-L5p3-n2-beta1__N0320__Aplus_0p0025,hm-m2-g2-L5p3-n2-beta1,320,-0.0025,72,1.1925000000000001,0.9995978454530072,0.9996688509036712
hm-m2-g2-L5p3-n2-beta1__N0320__Aminus_0p0025,hm-m2-g2-L5p3-n2-beta1__N0320__Aplus_0p0025,hm-m2-g2-L5p3-n2-beta1,320,-0.0025,73,1.2090625000000002,0.9996463039409879,0.99970918870505
hm-m2-g2-L5p3-n2-beta1__N0320__Aminus_0p0025,hm-m2-g2-L5p3-n2-beta1__N0320__Aplus_0p0025,hm-m2-g2-L5p3-n2-beta1,320,-0.0025,74,1.225625,0.9996949068587543,0.999749640747066
hm-m2-g2-L5p3-n2-beta1__N0320__Aminus_0p0025,hm-m2-g2-L5p3-n2-beta1__N0320__Aplus_0p0025,hm-m2-g2-L5p3-n2-beta1,320,-0.0025,75,1.2421875,0.9997436355694718,0.9997901914700056
hm-m2-g2-L5p3-n2-beta1__N0320__Aminus_0p0025,hm-m2-g2-L5p3-n2-beta1__N0320__Aplus_0p0025,hm-m2-g2-L5p3-n2-beta1,320,-0.0025,76,1.25875,0.9997924713734083,0.9998308252709331
hm-m2-g2-L5p3-n2-beta1__N0320__Aminus_0p0025,hm-m2-g2-L5p3-n2-beta1__N0320__Aplus_0p0025,hm-m2-g2-L5p3-n2-beta1,320,-0.0025,77,1.2753125,0.9998413955150017,0.9998715265096569
hm-m2-g2-L5p3-n2-beta1__N0320__Aminus_0p0025,hm-m2-g2-L5p3-n2-beta1__N0320__Aplus_0p0025,hm-m2-g2-L5p3-n2-beta1,320,-0.0025,78,1.291875,0.9998903891899709,0.999912279514719
hm-m2-g2-L5p3-n2-beta1__N0320__Aminus_0p0025,hm-m2-g2-L5p3-n2-beta1__N0320__Aplus_0p0025,hm-m2-g2-L5p3-n2-beta1,320,-0.0025,79,1.3084375000000001,0.9999394335524678,0.9999530685894041
hm-m2-g2-L5p3-n2-beta1__N0320__Aminus_0p0025,hm-m2-g2-L5p3-n2-beta1__N0320__Aplus_0p0025,hm-m2-g2-L5p3-n2-beta1,320,-0.0025,80,1.3250000000000002,0.9999885097222693,0.9999938780177677
hm-m2-g2-L5p3-n2-beta1__N0320__Aminus_0p0025,hm-m2-g2-L5p3-n2-beta1__N0320__Aplus_0p0025,hm-m2-g2-L5p3-n2-beta1,320,-0.0025,81,1.3415625,1.0000375987920032,1.0000346920706784
hm-m2-g2-L5p3-n2-beta1__N0320__Aminus_0p0025,hm-m2-g2-L5p3-n2-beta1__N0320__Aplus_0p0025,hm-m2-g2-L5p3-n2-beta1,320,-0.0025,82,1.358125,1.000086681834409,1.0000754950118749
hm-m2-g2-L5p3-n2-beta1__N0320__Aminus_0p0025,hm-m2-g2-L5p3-n2-beta1__N0320__Aplus_0p0025,hm-m2-g2-L5p3-n2-beta1,320,-0.0025,83,1.3746875,1.00013573990963,1.0001162711040321
hm-m2-g2-L5p3-n2-beta1__N0320__Aminus_0p0025,hm-m2-g2-L5p3-n2-beta1__N0320__Aplus_0p0025,hm-m2-g2-L5p3-n2-beta1,320,-0.0025,84,1.39125,1.0001847540725304,1.0001570046148383
hm-m2-g2-L5p3-n2-beta1__N0320__Aminus_0p0025,hm-m2-g2-L5p3-n2-beta1__N0320__Aplus_0p0025,hm-m2-g2-L5p3-n2-beta1,320,-0.0025,85,1.4078125000000001,1.0002337053800407,1.000197679823076
hm-m2-g2-L5p3-n2-beta1__N0320__Aminus_0p0025,hm-m2-g2-L5p3-n2-beta1__N0320__Aplus_0p0025,hm-m2-g2-L5p3-n2-beta1,320,-0.0025,86,1.4243750000000002,1.000282574898524,1.0002382810247104
hm-m2-g2-L5p3-n2-beta1__N0320__Aminus_0p0025,hm-m2-g2-L5p3-n2-beta1__N0320__Aplus_0p0025,hm-m2-g2-L5p3-n2-beta1,320,-0.0025,87,1.4409375,1.00033134371116,1.000278792538974
hm-m2-g2-L5p3-n2-beta1__N0320__Aminus_0p0025,hm-m2-g2-L5p3-n2-beta1__N0320__Aplus_0p0025,hm-m2-g2-L5p3-n2-beta1,320,-0.0025,88,1.4575,1.0003799929253492,1.0003191987144564
hm-m2-g2-L5p3-n2-beta1__N0320__Aminus_0p0025,hm-m2-g2-L5p3-n2-beta1__N0320__Aplus_0p0025,hm-m2-g2-L5p3-n2-beta1,320,-0.0025,89,1.4740625,1.000428503680126,1.0003594839351861
hm-m2-g2-L5p3-n2-beta1__N0320__Aminus_0p0025,hm-m2-g2-L5p3-n2-beta1__N0320__Aplus_0p0025,hm-m2-g2-L5p3-n2-beta1,320,-0.0025,90,1.490625,1.0004768571535856,1.0003996326267095
hm-m2-g2-L5p3-n2-beta1__N0320__Aminus_0p0025,hm-m2-g2-L5p3-n2-beta1__N0320__Aplus_0p0025,hm-m2-g2-L5p3-n2-beta1,320,-0.0025,91,1.5071875000000001,1.0005250345703163,1.00043962926216
hm-m2-g2-L5p3-n2-beta1__N0320__Aminus_0p0025,hm-m2-g2-L5p3-n2-beta1__N0320__Aplus_0p0025,hm-m2-g2-L5p3-n2-beta1,320,-0.0025,92,1.5237500000000002,1.0005730172088365,1.0004794583683185
hm-m2-g2-L5p3-n2-beta1__N0320__Aminus_0p0025,hm-m2-g2-L5p3-n2-beta1__N0320__Aplus_0p0025,hm-m2-g2-L5p3-n2-beta1,320,-0.0025,93,1.5403125,1.0006207864090335,1.0005191045316597
hm-m2-g2-L5p3-n2-beta1__N0320__Aminus_0p0025,hm-m2-g2-L5p3-n2-beta1__N0320__Aplus_0p0025,hm-m2-g2-L5p3-n2-beta1,320,-0.0025,94,1.556875,1.000668323579598,1.000558552404382
hm-m2-g2-L5p3-n2-beta1__N0320__Aminus_0p0025,hm-m2-g2-L5p3-n2-beta1__N0320__Aplus_0p0025,hm-m2-g2-L5p3-n2-beta1,320,-0.0025,95,1.5734375,1.0007156102054555,1.0005977867104225
hm-m2-g2-L5p3-n2-beta1__N0320__Aminus_0p0025,hm-m2-g2-L5p3-n2-beta1__N0320__Aplus_0p0025,hm-m2-g2-L5p3-n2-beta1,320,-0.0025,96,1.59,1.000762627855188,1.0006367922514487
hm-m2-g2-L5p3-n2-beta1__N0320__Aminus_0p0025,hm-m2-g2-L5p3-n2-beta1__N0320__Aplus_0p0025,hm-m2-g2-L5p3-n2-beta1,320,-0.0025,97,1.6065625000000001,1.0008093581884439,1.0006755539128294
hm-m2-g2-L5p3-n2-beta1__N0320__Aminus_0p0025,hm-m2-g2-L5p3-n2-beta1__N0320__Aplus_0p0025,hm-m2-g2-L5p3-n2-beta1,320,-0.0025,98,1.6231250000000002,1.000855782963332,1.0007140566695787
hm-m2-g2-L5p3-n2-beta1__N0320__Aminus_0p0025,hm-m2-g2-L5p3-n2-beta1__N0320__Aplus_0p0025,hm-m2-g2-L5p3-n2-beta1,320,-0.0025,99,1.6396875000000002,1.0009018840437993,1.0007522855922741
hm-m2-g2-L5p3-n2-beta1__N0320__Aminus_0p0025,hm-m2-g2-L5p3-n2-beta1__N0320__Aplus_0p0025,hm-m2-g2-L5p3-n2-beta1,320,-0.0025,100,1.65625,1.0009476434069837,1.0007902258529429
hm-m2-g2-L5p3-n2-beta1__N0320__Aminus_0p0025,hm-m2-g2-L5p3-n2-beta1__N0320__Aplus_0p0025,hm-m2-g2-L5p3-n2-beta1,320,-0.0025,101,1.6728125,1.000993043150544,1.0008278627309164
hm-m2-g2-L5p3-n2-beta1__N0320__Aminus_0p0025,hm-m2-g2-L5p3-n2-beta1__N0320__Aplus_0p0025,hm-m2-g2-L5p3-n2-beta1,320,-0.0025,102,1.689375,1.0010380654999598,1.0008651816186498
hm-m2-g2-L5p3-n2-beta1__N0320__Aminus_0p0025,hm-m2-g2-L5p3-n2-beta1__N0320__Aplus_0p0025,hm-m2-g2-L5p3-n2-beta1,320,-0.0025,103,1.7059375,1.0010826928158,1.0009021680275032
hm-m2-g2-L5p3-n2-beta1__N0320__Aminus_0p0025,hm-m2-g2-L5p3-n2-beta1__N0320__Aplus_0p0025,hm-m2-g2-L5p3-n2-beta1,320,-0.0025,104,1.7225000000000001,1.0011269076009561,1.0009388075934829
hm-m2-g2-L5p3-n2-beta1__N0320__Aminus_0p0025,hm-m2-g2-L5p3-n2-beta1__N0320__Aplus_0p0025,hm-m2-g2-L5p3-n2-beta1,320,-0.0025,105,1.7390625000000002,1.0011706925078347,1.0009750860829412
hm-m2-g2-L5p3-n2-beta1__N0320__Aminus_0p0025,hm-m2-g2-L5p3-n2-beta1__N0320__Aplus_0p0025,hm-m2-g2-L5p3-n2-beta1,320,-0.0025,106,1.755625,1.0012140303455102,1.0010109893982304
hm-m2-g2-L5p3-n2-beta1__N0320__Aminus_0p0025,hm-m2-g2-L5p3-n2-beta1__N0320__Aplus_0p0025,hm-m2-g2-L5p3-n2-beta1,320,-0.0025,107,1.7721875,1.0012569040868302,1.0010465035833087
hm-m2-g2-L5p3-n2-beta1__N0320__Aminus_0p0025,hm-m2-g2-L5p3-n2-beta1__N0320__Aplus_0p0025,hm-m2-g2-L5p3-n2-beta1,320,-0.0025,108,1.78875,1.0012992968754713,1.0010816148292978
hm-m2-g2-L5p3-n2-beta1__N0320__Aminus_0p0025,hm-m2-g2-L5p3-n2-beta1__N0320__Aplus_0p0025,hm-m2-g2-L5p3-n2-beta1,320,-0.0025,109,1.8053125,1.0013411920329427,1.0011163094799878
hm-m2-g2-L5p3-n2-beta1__N0320__Aminus_0p0025,hm-m2-g2-L5p3-n2-beta1__N0320__Aplus_0p0025,hm-m2-g2-L5p3-n2-beta1,320,-0.0025,110,1.8218750000000001,1.0013825730655337,1.001150574037286
hm-m2-g2-L5p3-n2-beta1__N0320__Aminus_0p0025,hm-m2-g2-L5p3-n2-beta1__N0320__Aplus_0p0025,hm-m2-g2-L5p3-n2-beta1,320,-0.0025,111,1.8384375000000002,1.0014234236712003,1.001184395166612
hm-m2-g2-L5p3-n2-beta1__N0320__Aminus_0p0025,hm-m2-g2-L5p3-n2-beta1__N0320__Aplus_0p0025,hm-m2-g2-L5p3-n2-beta1,320,-0.0025,112,1.855,1.0014637277463905,1.0012177597022296
hm-m2-g2-L5p3-n2-beta1__N0320__Aminus_0p0025,hm-m2-g2-L5p3-n2-beta1__N0320__Aplus_0p0025,hm-m2-g2-L5p3-n2-beta1,320,-0.0025,113,1.8715625,1.0015034693928002,1.0012506546525195
hm-m2-g2-L5p3-n2-beta1__N0320__Aminus_0p0025,hm-m2-g2-L5p3-n2-beta1__N0320__Aplus_0p0025,hm-m2-g2-L5p3-n2-beta1,320,-0.0025,114,1.888125,1.0015426329240615,1.0012830672051876
hm-m2-g2-L5p3-n2-beta1__N0320__Aminus_0p0025,hm-m2-g2-L5p3-n2-beta1__N0320__Aplus_0p0025,hm-m2-g2-L5p3-n2-beta1,320,-0.0025,115,1.9046875,1.0015812028723567,1.0013149847324054
hm-m2-g2-L5p3-n2-beta1__N0320__Aminus_0p0025,hm-m2-g2-L5p3-n2-beta1__N0320__Aplus_0p0025,hm-m2-g2-L5p3-n2-beta1,320,-0.0025,116,1.9212500000000001,1.0016191639949537,1.001346394795884
hm-m2-g2-L5p3-n2-beta1__N0320__Aminus_0p0025,hm-m2-g2-L5p3-n2-beta1__N0320__Aplus_0p0025,hm-m2-g2-L5p3-n2-beta1,320,-0.0025,117,1.9378125000000002,1.0016565012806624,1.0013772851518752
hm-m2-g2-L5p3-n2-beta1__N0320__Aminus_0p0025,hm-m2-g2-L5p3-n2-beta1__N0320__Aplus_0p0025,hm-m2-g2-L5p3-n2-beta1,320,-0.0025,118,1.9543750000000002,1.0016931999562078,1.0014076437561001
hm-m2-g2-L5p3-n2-beta1__N0320__Aminus_0p0025,hm-m2-g2-L5p3-n2-beta1__N0320__Aplus_0p0025,hm-m2-g2-L5p3-n2-beta1,320,-0.0025,119,1.9709375,1.0017292454925144,1.0014374587686026
hm-m2-g2-L5p3-n2-beta1__N0320__Aminus_0p0025,hm-m2-g2-L5p3-n2-beta1__N0320__Aplus_0p0025,hm-m2-g2-L5p3-n2-beta1,320,-0.0025,120,1.9875,1.0017646236109006,1.0014667185585249
hm-m2-g2-L5p3-n2-beta1__N0320__Aminus_0p0025,hm-m2-g2-L5p3-n2-beta1__N0320__Aplus_0p0025,hm-m2-g2-L5p3-n2-beta1,320,-0.0025,121,2.0040625000000003,1.0017993202891793,1.0014954117088037
hm-m2-g2-L5p3-n2-beta1__N0320__Aminus_0p0025,hm-m2-g2-L5p3-n2-beta1__N0320__Aplus_0p0025,hm-m2-g2-L5p3-n2-beta1,320,-0.0025,122,2.020625,1.0018333217676612,1.0015235270207838
hm-m2-g2-L5p3-n2-beta1__N0320__Aminus_0p0025,hm-m2-g2-L5p3-n2-beta1__N0320__Aplus_0p0025,hm-m2-g2-L5p3-n2-beta1,320,-0.0025,123,2.0371875,1.0018666145550579,1.0015510535187473
hm-m2-g2-L5p3-n2-beta1__N0320__Aminus_0p0025,hm-m2-g2-L5p3-n2-beta1__N0320__Aplus_0p0025,hm-m2-g2-L5p3-n2-beta1,320,-0.0025,124,2.05375,1.001899185434281,1.0015779804543579
hm-m2-g2-L5p3-n2-beta1__N0320__Aminus_0p0025,hm-m2-g2-L5p3-n2-beta1__N0320__Aplus_0p0025,hm-m2-g2-L5p3-n2-beta1,320,-0.0025,125,2.0703125,1.0019310214681336,1.0016042973110164
hm-m2-g2-L5p3-n2-beta1__N0320__Aminus_0p0025,hm-m2-g2-L5p3-n2-beta1__N0320__Aplus_0p0025,hm-m2-g2-L5p3-n2-beta1,320,-0.0025,126,2.086875,1.0019621100048943,1.001629993808126
hm-m2-g2-L5p3-n2-beta1__N0320__Aminus_0p0025,hm-m2-g2-L5p3-n2-beta1__N0320__Aplus_0p0025,hm-m2-g2-L5p3-n2-beta1,320,-0.0025,127,2.1034375,1.0019924386837848,1.0016550599052647
hm-m2-g2-L5p3-n2-beta1__N0320__Aminus_0p0025,hm-m2-g2-L5p3-n2-beta1__N0320__Aplus_0p0025,hm-m2-g2-L5p3-n2-beta1,320,-0.0025,128,2.12,1.0020219954403236,1.0016794858062656
hm-m2-g2-L5p3-n2-beta1__N0320__Aminus_0p0025,hm-m2-g2-L5p3-n2-beta1__N0320__Aplus_0p0025,hm-m2-g2-L5p3-n2-beta1,320,-0.0025,129,2.1365625,1.0020507685115603,1.0017032619631991
hm-m2-g2-L5p3-n2-beta1__N0320__Aminus_0p0025,hm-m2-g2-L5p3-n2-beta1__N0320__Aplus_0p0025,hm-m2-g2-L5p3-n2-beta1,320,-0.0025,130,2.153125,1.0020787464411864,1.0017263790802582
hm-m2-g2-L5p3-n2-beta1__N0320__Aminus_0p0025,hm-m2-g2-L5p3-n2-beta1__N0320__Aplus_0p0025,hm-m2-g2-L5p3-n2-beta1,320,-0.0025,131,2.1696875,1.002105918084523,1.0017488281175435
hm-m2-g2-L5p3-n2-beta1__N0320__Aminus_0p0025,hm-m2-g2-L5p3-n2-beta1__N0320__Aplus_0p0025,hm-m2-g2-L5p3-n2-beta1,320,-0.0025,132,2.1862500000000002,1.0021322726133797,1.0017706002947482
hm-m2-g2-L5p3-n2-beta1__N0320__Aminus_0p0025,hm-m2-g2-L5p3-n2-beta1__N0320__Aplus_0p0025,hm-m2-g2-L5p3-n2-beta1,320,-0.0025,133,2.2028125000000003,1.002157799520782,1.0017916870947385
hm-m2-g2-L5p3-n2-beta1__N0320__Aminus_0p0025,hm-m2-g2-L5p3-n2-beta1__N0320__Aplus_0p0025,hm-m2-g2-L5p3-n2-beta1,320,-0.0025,134,2.2193750000000003,1.0021824886255675,1.00181208026703
hm-m2-g2-L5p3-n2-beta1__N0320__Aminus_0p0025,hm-m2-g2-L5p3-n2-beta1__N0320__Aplus_0p0025,hm-m2-g2-L5p3-n2-beta1,320,-0.0025,135,2.2359375,1.0022063300768445,1.001831771831156
hm-m2-g2-L5p3-n2-beta1__N0320__Aminus_0p0025,hm-m2-g2-L5p3-n2-beta1__N0320__Aplus_0p0025,hm-m2-g2-L5p3-n2-beta1,320,-0.0025,136,2.2525,1.0022293143583125,1.00185075407993
hm-m2-g2-L5p3-n2-beta1__N0320__Aminus_0p0025,hm-m2-g2-L5p3-n2-beta1__N0320__Aplus_0p0025,hm-m2-g2-L5p3-n2-beta1,320,-0.0025,137,2.2690625,1.002251432292442,1.0018690195825966
hm-m2-g2-L5p3-n2-beta1__N0320__Aminus_0p0025,hm-m2-g2-L5p3-n2-beta1__N0320__Aplus_0p0025,hm-m2-g2-L5p3-n2-beta1,320,-0.0025,138,2.285625,1.0022726750445106,1.0018865611878722
hm-m2-g2-L5p3-n2-beta1__N0320__Aminus_0p0025,hm-m2-g2-L5p3-n2-beta1__N0320__Aplus_0p0025,hm-m2-g2-L5p3-n2-beta1,320,-0.0025,139,2.3021875,1.0022930341264924,1.0019033720268733
hm-m2-g2-L5p3-n2-beta1__N0320__Aminus_0p0025,hm-m2-g2-L5p3-n2-beta1__N0320__Aplus_0p0025,hm-m2-g2-L5p3-n2-beta1,320,-0.0025,140,2.31875,1.0023125014008012,1.0019194455159295
hm-m2-g2-L5p3-n2-beta1__N0320__Aminus_0p0025,hm-m2-g2-L5p3-n2-beta1__N0320__Aplus_0p0025,hm-m2-g2-L5p3-n2-beta1,320,-0.0025,141,2.3353125,1.0023310690838814,1.001934775359283
hm-m2-g2-L5p3-n2-beta1__N0320__Aminus_0p0025,hm-m2-g2-L5p3-n2-beta1__N0320__Aplus_0p0025,hm-m2-g2-L5p3-n2-beta1,320,-0.0025,142,2.351875,1.0023487297496483,1.0019493555516692
hm-m2-g2-L5p3-n2-beta1__N0320__Aminus_0p0025,hm-m2-g2-L5p3-n2-beta1__N0320__Aplus_0p0025,hm-m2-g2-L5p3-n2-beta1,320,-0.0025,143,2.3684375,1.0023654763327716,1.0019631803807818
hm-m2-g2-L5p3-n2-beta1__N0320__Aminus_0p0025,hm-m2-g2-L5p3-n2-beta1__N0320__Aplus_0p0025,hm-m2-g2-L5p3-n2-beta1,320,-0.0025,144,2.3850000000000002,1.0023813021318058,1.0019762444296165
hm-m2-g2-L5p3-n2-beta1__N0320__Aminus_0p0025,hm-m2-g2-L5p3-n2-beta1__N0320__Aplus_0p0025,hm-m2-g2-L5p3-n2-beta1,320,-0.0025,145,2.4015625000000003,1.0023962008121583,1.0019885425786967
hm-m2-g2-L5p3-n2-beta1__N0320__Aminus_0p0025,hm-m2-g2-L5p3-n2-beta1__N0320__Aplus_0p0025,hm-m2-g2-L5p3-n2-beta1,320,-0.0025,146,2.4181250000000003,1.0024101664089016,1.002000070008176
hm-m2-g2-L5p3-n2-beta1__N0320__Aminus_0p0025,hm-m2-g2-L5p3-n2-beta1__N0320__Aplus_0p0025,hm-m2-g2-L5p3-n2-beta1,320,-0.0025,147,2.4346875000000003,1.0024231933294196,1.0020108221998196
hm-m2-g2-L5p3-n2-beta1__N0320__Aminus_0p0025,hm-m2-g2-L5p3-n2-beta1__N0320__Aplus_0p0025,hm-m2-g2-L5p3-n2-beta1,320,-0.0025,148,2.45125,1.0024352763558948,1.0020207949388624
hm-m2-g2-L5p3-n2-beta1__N0320__Aminus_0p0025,hm-m2-g2-L5p3-n2-beta1__N0320__Aplus_0p0025,hm-m2-g2-L5p3-n2-beta1,320,-0.0025,149,2.4678125,1.0024464106476272,1.0020299843157414
hm-m2-g2-L5p3-n2-beta1__N0320__Aminus_0p0025,hm-m2-g2-L5p3-n2-beta1__N0320__Aplus_0p0025,hm-m2-g2-L5p3-n2-beta1,320,-0.0025,150,2.484375,1.0024565917431891,1.0020383867277056
hm-m2-g2-L5p3-n2-beta1__N0320__Aminus_0p0025,hm-m2-g2-L5p3-n2-beta1__N0320__Aplus_0p0025,hm-m2-g2-L5p3-n2-beta1,320,-0.0025,151,2.5009375,1.0024658155624113,1.002045998880298
hm-m2-g2-L5p3-n2-beta1__N0320__Aminus_0p0025,hm-m2-g2-L5p3-n2-beta1__N0320__Aplus_0p0025,hm-m2-g2-L5p3-n2-beta1,320,-0.0025,152,2.5175,1.0024740784082014,1.0020528177887125
hm-m2-g2-L5p3-n2-beta1__N0320__Aminus_0p0025,hm-m2-g2-L5p3-n2-beta1__N0320__Aplus_0p0025,hm-m2-g2-L5p3-n2-beta1,320,-0.0025,153,2.5340625,1.0024813769681915,1.0020588407790219
hm-m2-g2-L5p3-n2-beta1__N0320__Aminus_0p0025,hm-m2-g2-L5p3-n2-beta1__N0320__Aplus_0p0025,hm-m2-g2-L5p3-n2-beta1,320,-0.0025,154,2.550625,1.0024877083162165,1.0020640654892803
hm-m2-g2-L5p3-n2-beta1__N0320__Aminus_0p0025,hm-m2-g2-L5p3-n2-beta1__N0320__Aplus_0p0025,hm-m2-g2-L5p3-n2-beta1,320,-0.0025,155,2.5671875,1.0024930699136183,1.002068489870496
hm-m2-g2-L5p3-n2-beta1__N0320__Aminus_0p0025,hm-m2-g2-L5p3-n2-beta1__N0320__Aplus_0p0025,hm-m2-g2-L5p3-n2-beta1,320,-0.0025,156,2.58375,1.00249745961038,1.0020721121874754
hm-m2-g2-L5p3-n2-beta1__N0320__Aminus_0p0025,hm-m2-g2-L5p3-n2-beta1__N0320__Aplus_0p0025,hm-m2-g2-L5p3-n2-beta1,320,-0.0025,157,2.6003125000000002,1.002500875646086,1.0020749310195387
hm-m2-g2-L5p3-n2-beta1__N0320__Aminus_0p0025,hm-m2-g2-L5p3-n2-beta1__N0320__Aplus_0p0025,hm-m2-g2-L5p3-n2-beta1,320,-0.0025,158,2.6168750000000003,1.0025033166507076,1.0020769452611045
hm-m2-g2-L5p3-n2-beta1__N0320__Aminus_0p0025,hm-m2-g2-L5p3-n2-beta1__N0320__Aplus_0p0025,hm-m2-g2-L5p3-n2-beta1,320,-0.0025,159,2.6334375000000003,1.0025047816452153,1.0020781541221462
hm-m2-g2-L5p3-n2-beta1__N0320__Aminus_0p0025,hm-m2-g2-L5p3-n2-beta1__N0320__Aplus_0p0025,hm-m2-g2-L5p3-n2-beta1,320,-0.0025,160,2.6500000000000004,1.0025052700420167,1.0020785571285176
hm-m2-g2-L5p3-n2-beta1__N0320__Aminus_0p0025,hm-m2-g2-L5p3-n2-beta1__N0320__Aplus_0p0025,hm-m2-g2-L5p3-n2-beta1,320,-0.0025,161,2.6665625,1.0025047816452182,1.0020781541221482
hm-m2-g2-L5p3-n2-beta1__N0320__Aminus_0p0025,hm-m2-g2-L5p3-n2-beta1__N0320__Aplus_0p0025,hm-m2-g2-L5p3-n2-beta1,320,-0.0025,162,2.683125,1.0025033166507131,1.0020769452611082
hm-m2-g2-L5p3-n2-beta1__N0320__Aminus_0p0025,hm-m2-g2-L5p3-n2-beta1__N0320__Aplus_0p0025,hm-m2-g2-L5p3-n2-beta1,320,-0.0025,163,2.6996875,1.0025008756460942,1.0020749310195443
hm-m2-g2-L5p3-n2-beta1__N0320__Aminus_0p0025,hm-m2-g2-L5p3-n2-beta1__N0320__Aplus_0p0025,hm-m2-g2-L5p3-n2-beta1,320,-0.0025,164,2.71625,1.002497459610391,1.0020721121874827
hm-m2-g2-L5p3-n2-beta1__N0320__Aminus_0p0025,hm-m2-g2-L5p3-n2-beta1__N0320__Aplus_0p0025,hm-m2-g2-L5p3-n2-beta1,320,-0.0025,165,2.7328125,1.0024930699136319,1.002068489870505
hm-m2-g2-L5p3-n2-beta1__N0320__Aminus_0p0025,hm-m2-g2-L5p3-n2-beta1__N0320__Aplus_0p0025,hm-m2-g2-L5p3-n2-beta1,320,-0.0025,166,2.749375,1.002487708316233,1.002064065489291
hm-m2-g2-L5p3-n2-beta1__N0320__Aminus_0p0025,hm-m2-g2-L5p3-n2-beta1__N0320__Aplus_0p0025,hm-m2-g2-L5p3-n2-beta1,320,-0.0025,167,2.7659375,1.0024813769682106,1.002058840779034
hm-m2-g2-L5p3-n2-beta1__N0320__Aminus_0p0025,hm-m2-g2-L5p3-n2-beta1__N0320__Aplus_0p0025,hm-m2-g2-L5p3-n2-beta1,320,-0.0025,168,2.7825,1.0024740784082231,1.0020528177887265
hm-m2-g2-L5p3-n2-beta1__N0320__Aminus_0p0025,hm-m2-g2-L5p3-n2-beta1__N0320__Aplus_0p0025,hm-m2-g2-L5p3-n2-beta1,320,-0.0025,169,2.7990625000000002,1.0024658155624357,1.0020459988803139
hm-m2-g2-L5p3-n2-beta1__N0320__Aminus_0p0025,hm-m2-g2-L5p3-n2-beta1__N0320__Aplus_0p0025,hm-m2-g2-L5p3-n2-beta1,320,-0.0025,170,2.8156250000000003,1.0024565917432162,1.0020383867277232
hm-m2-g2-L5p3-n2-beta1__N0320__Aminus_0p0025,hm-m2-g2-L5p3-n2-beta1__N0320__Aplus_0p0025,hm-m2-g2-L5p3-n2-beta1,320,-0.0025,171,2.8321875000000003,1.0024464106476572,1.0020299843157605
hm-m2-g2-L5p3-n2-beta1__N0320__Aminus_0p0025,hm-m2-g2-L5p3-n2-beta1__N0320__Aplus_0p0025,hm-m2-g2-L5p3-n2-beta1,320,-0.0025,172,2.8487500000000003,1.0024352763559274,1.002020794938883
hm-m2-g2-L5p3-n2-beta1__N0320__Aminus_0p0025,hm-m2-g2-L5p3-n2-beta1__N0320__Aplus_0p0025,hm-m2-g2-L5p3-n2-beta1,320,-0.0025,173,2.8653125,1.0024231933294547,1.0020108221998418
hm-m2-g2-L5p3-n2-beta1__N0320__Aminus_0p0025,hm-m2-g2-L5p3-n2-beta1__N0320__Aplus_0p0025,hm-m2-g2-L5p3-n2-beta1,320,-0.0025,174,2.881875,1.0024101664089393,1.0020000700081997
hm-m2-g2-L5p3-n2-beta1__N0320__Aminus_0p0025,hm-m2-g2-L5p3-n2-beta1__N0320__Aplus_0p0025,hm-m2-g2-L5p3-n2-beta1,320,-0.0025,175,2.8984375,1.002396200812199,1.0019885425787218
hm-m2-g2-L5p3-n2-beta1__N0320__Aminus_0p0025,hm-m2-g2-L5p3-n2-beta1__N0320__Aplus_0p0025,hm-m2-g2-L5p3-n2-beta1,320,-0.0025,176,2.915,1.0023813021318488,1.0019762444296434
hm-m2-g2-L5p3-n2-beta1__N0320__Aminus_0p0025,hm-m2-g2-L5p3-n2-beta1__N0320__Aplus_0p0025,hm-m2-g2-L5p3-n2-beta1,320,-0.0025,177,2.9315625,1.0023654763328174,1.0019631803808102
hm-m2-g2-L5p3-n2-beta1__N0320__Aminus_0p0025,hm-m2-g2-L5p3-n2-beta1__N0320__Aplus_0p0025,hm-m2-g2-L5p3-n2-beta1,320,-0.0025,178,2.948125,1.0023487297496965,1.0019493555516992
hm-m2-g2-L5p3-n2-beta1__N0320__Aminus_0p0025,hm-m2-g2-L5p3-n2-beta1__N0320__Aplus_0p0025,hm-m2-g2-L5p3-n2-beta1,320,-0.0025,179,2.9646875,1.0023310690839322,1.0019347753593144
hm-m2-g2-L5p3-n2-beta1__N0320__Aminus_0p0025,hm-m2-g2-L5p3-n2-beta1__N0320__Aplus_0p0025,hm-m2-g2-L5p3-n2-beta1,320,-0.0025,180,2.98125,1.0023125014008543,1.0019194455159621
hm-m2-g2-L5p3-n2-beta1__N0320__Aminus_0p0025,hm-m2-g2-L5p3-n2-beta1__N0320__Aplus_0p0025,hm-m2-g2-L5p3-n2-beta1,320,-0.0025,181,2.9978125,1.0022930341265481,1.001903372026907
hm-m2-g2-L5p3-n2-beta1__N0320__Aminus_0p0025,hm-m2-g2-L5p3-n2-beta1__N0320__Aplus_0p0025,hm-m2-g2-L5p3-n2-beta1,320,-0.0025,182,3.0143750000000002,1.0022726750445687,1.0018865611879073
hm-m2-g2-L5p3-n2-beta1__N0320__Aminus_0p0025,hm-m2-g2-L5p3-n2-beta1__N0320__Aplus_0p0025,hm-m2-g2-L5p3-n2-beta1,320,-0.0025,183,3.0309375000000003,1.0022514322925025,1.001869019582633
hm-m2-g2-L5p3-n2-beta1__N0320__Aminus_0p0025,hm-m2-g2-L5p3-n2-beta1__N0320__Aplus_0p0025,hm-m2-g2-L5p3-n2-beta1,320,-0.0025,184,3.0475000000000003,1.0022293143583754,1.001850754079968
hm-m2-g2-L5p3-n2-beta1__N0320__Aminus_0p0025,hm-m2-g2-L5p3-n2-beta1__N0320__Aplus_0p0025,hm-m2-g2-L5p3-n2-beta1,320,-0.0025,185,3.0640625000000004,1.0022063300769095,1.0018317718311955
hm-m2-g2-L5p3-n2-beta1__N0320__Aminus_0p0025,hm-m2-g2-L5p3-n2-beta1__N0320__Aplus_0p0025,hm-m2-g2-L5p3-n2-beta1,320,-0.0025,186,3.080625,1.0021824886256347,1.0018120802670707
hm-m2-g2-L5p3-n2-beta1__N0320__Aminus_0p0025,hm-m2-g2-L5p3-n2-beta1__N0320__Aplus_0p0025,hm-m2-g2-L5p3-n2-beta1,320,-0.0025,187,3.0971875,1.0021577995208517,1.0017916870947805
hm-m2-g2-L5p3-n2-beta1__N0320__Aminus_0p0025,hm-m2-g2-L5p3-n2-beta1__N0320__Aplus_0p0025,hm-m2-g2-L5p3-n2-beta1,320,-0.0025,188,3.11375,1.0021322726134516,1.0017706002947913
hm-m2-g2-L5p3-n2-beta1__N0320__Aminus_0p0025,hm-m2-g2-L5p3-n2-beta1__N0320__Aplus_0p0025,hm-m2-g2-L5p3-n2-beta1,320,-0.0025,189,3.1303125,1.0021059180845973,1.001748828117588
hm-m2-g2-L5p3-n2-beta1__N0320__Aminus_0p0025,hm-m2-g2-L5p3-n2-beta1__N0320__Aplus_0p0025,hm-m2-g2-L5p3-n2-beta1,320,-0.0025,190,3.146875,1.0020787464412626,1.001726379080304
hm-m2-g2-L5p3-n2-beta1__N0320__Aminus_0p0025,hm-m2-g2-L5p3-n2-beta1__N0320__Aplus_0p0025,hm-m2-g2-L5p3-n2-beta1,320,-0.0025,191,3.1634375,1.0020507685116387,1.0017032619632464
hm-m2-g2-L5p3-n2-beta1__N0320__Aminus_0p0025,hm-m2-g2-L5p3-n2-beta1__N0320__Aplus_0p0025,hm-m2-g2-L5p3-n2-beta1,320,-0.0025,192,3.18,1.0020219954404042,1.0016794858063143
hm-m2-g2-L5p3-n2-beta1__N0320__Aminus_0p0025,hm-m2-g2-L5p3-n2-beta1__N0320__Aplus_0p0025,hm-m2-g2-L5p3-n2-beta1,320,-0.0025,193,3.1965625,1.0019924386838672,1.0016550599053147
hm-m2-g2-L5p3-n2-beta1__N0320__Aminus_0p0025,hm-m2-g2-L5p3-n2-beta1__N0320__Aplus_0p0025,hm-m2-g2-L5p3-n2-beta1,320,-0.0025,194,3.2131250000000002,1.0019621100049787,1.0016299938081772
hm-m2-g2-L5p3-n2-beta1__N0320__Aminus_0p0025,hm-m2-g2-L5p3-n2-beta1__N0320__Aplus_0p0025,hm-m2-g2-L5p3-n2-beta1,320,-0.0025,195,3.2296875000000003,1.00193102146822,1.001604297311069
hm-m2-g2-L5p3-n2-beta1__N0320__Aminus_0p0025,hm-m2-g2-L5p3-n2-beta1__N0320__Aplus_0p0025,hm-m2-g2-L5p3-n2-beta1,320,-0.0025,196,3.2462500000000003,1.001899185434369,1.001577980454412
hm-m2-g2-L5p3-n2-beta1__N0320__Aminus_0p0025,hm-m2-g2-L5p3-n2-beta1__N0320__Aplus_0p0025,hm-m2-g2-L5p3-n2-beta1,320,-0.0025,197,3.2628125000000003,1.001866614555148,1.001551053518803
hm-m2-g2-L5p3-n2-beta1__N0320__Aminus_0p0025,hm-m2-g2-L5p3-n2-beta1__N0320__Aplus_0p0025,hm-m2-g2-L5p3-n2-beta1,320,-0.0025,198,3.2793750000000004,1.001833321767753,1.0015235270208414
hm-m2-g2-L5p3-n2-beta1__N0320__Aminus_0p0025,hm-m2-g2-L5p3-n2-beta1__N0320__Aplus_0p0025,hm-m2-g2-L5p3-n2-beta1,320,-0.0025,199,3.2959375,1.001799320289273,1.0014954117088632
hm-m2-g2-L5p3-n2-beta1__N0320__Aminus_0p0025,hm-m2-g2-L5p3-n2-beta1__N0320__Aplus_0p0025,hm-m2-g2-L5p3-n2-beta1,320,-0.0025,200,3.3125,1.001764623610996,1.0014667185585862
hm-m2-g2-L5p3-n2-beta1__N0320__Aminus_0p0025,hm-m2-g2-L5p3-n2-beta1__N0320__Aplus_0p0025,hm-m2-g2-L5p3-n2-beta1,320,-0.0025,201,3.3290625,1.0017292454926114,1.0014374587686656
hm-m2-g2-L5p3-n2-beta1__N0320__Aminus_0p0025,hm-m2-g2-L5p3-n2-beta1__N0320__Aplus_0p0025,hm-m2-g2-L5p3-n2-beta1,320,-0.0025,202,3.345625,1.0016931999563063,1.0014076437561654
hm-m2-g2-L5p3-n2-beta1__N0320__Aminus_0p0025,hm-m2-g2-L5p3-n2-beta1__N0320__Aplus_0p0025,hm-m2-g2-L5p3-n2-beta1,320,-0.0025,203,3.3621875,1.0016565012807626,1.0013772851519427
hm-m2-g2-L5p3-n2-beta1__N0320__Aminus_0p0025,hm-m2-g2-L5p3-n2-beta1__N0320__Aplus_0p0025,hm-m2-g2-L5p3-n2-beta1,320,-0.0025,204,3.37875,1.0016191639950554,1.0013463947959536
hm-m2-g2-L5p3-n2-beta1__N0320__Aminus_0p0025,hm-m2-g2-L5p3-n2-beta1__N0320__Aplus_0p0025,hm-m2-g2-L5p3-n2-beta1,320,-0.0025,205,3.3953125,1.00158120287246,1.0013149847324767
hm-m2-g2-L5p3-n2-beta1__N0320__Aminus_0p0025,hm-m2-g2-L5p3-n2-beta1__N0320__Aplus_0p0025,hm-m2-g2-L5p3-n2-beta1,320,-0.0025,206,3.411875,1.0015426329241661,1.0012830672052606
hm-m2-g2-L5p3-n2-beta1__N0320__Aminus_0p0025,hm-m2-g2-L5p3-n2-beta1__N0320__Aplus_0p0025,hm-m2-g2-L5p3-n2-beta1,320,-0.0025,207,3.4284375000000002,1.001503469392906,1.0012506546525943
hm-m2-g2-L5p3-n2-beta1__N0320__Aminus_0p0025,hm-m2-g2-L5p3-n2-beta1__N0320__Aplus_0p0025,hm-m2-g2-L5p3-n2-beta1,320,-0.0025,208,3.4450000000000003,1.0014637277464977,1.0012177597023062
hm-m2-g2-L5p3-n2-beta1__N0320__Aminus_0p0025,hm-m2-g2-L5p3-n2-beta1__N0320__Aplus_0p0025,hm-m2-g2-L5p3-n2-beta1,320,-0.0025,209,3.4615625000000003,1.0014234236713089,1.0011843951666906
hm-m2-g2-L5p3-n2-beta1__N0320__Aminus_0p0025,hm-m2-g2-L5p3-n2-beta1__N0320__Aplus_0p0025,hm-m2-g2-L5p3-n2-beta1,320,-0.0025,210,3.4781250000000004,1.0013825730656434,1.0011505740373665
hm-m2-g2-L5p3-n2-beta1__N0320__Aminus_0p0025,hm-m2-g2-L5p3-n2-beta1__N0320__Aplus_0p0025,hm-m2-g2-L5p3-n2-beta1,320,-0.0025,211,3.4946875000000004,1.0013411920330535,1.0011163094800701
hm-m2-g2-L5p3-n2-beta1__N0320__Aminus_0p0025,hm-m2-g2-L5p3-n2-beta1__N0320__Aplus_0p0025,hm-m2-g2-L5p3-n2-beta1,320,-0.0025,212,3.51125,1.0012992968755832,1.0010816148293824
hm-m2-g2-L5p3-n2-beta1__N0320__Aminus_0p0025,hm-m2-g2-L5p3-n2-beta1__N0320__Aplus_0p0025,hm-m2-g2-L5p3-n2-beta1,320,-0.0025,213,3.5278125,1.0012569040869432,1.0010465035833955
hm-m2-g2-L5p3-n2-beta1__N0320__Aminus_0p0025,hm-m2-g2-L5p3-n2-beta1__N0320__Aplus_0p0025,hm-m2-g2-L5p3-n2-beta1,320,-0.0025,214,3.544375,1.0012140303456243,1.0010109893983195
hm-m2-g2-L5p3-n2-beta1__N0320__Aminus_0p0025,hm-m2-g2-L5p3-n2-beta1__N0320__Aplus_0p0025,hm-m2-g2-L5p3-n2-beta1,320,-0.0025,215,3.5609375,1.0011706925079495,1.0009750860830327
hm-m2-g2-L5p3-n2-beta1__N0320__Aminus_0p0025,hm-m2-g2-L5p3-n2-beta1__N0320__Aplus_0p0025,hm-m2-g2-L5p3-n2-beta1,320,-0.0025,216,3.5775,1.001126907601072,1.0009388075935763
hm-m2-g2-L5p3-n2-beta1__N0320__Aminus_0p0025,hm-m2-g2-L5p3-n2-beta1__N0320__Aplus_0p0025,hm-m2-g2-L5p3-n2-beta1,320,-0.0025,217,3.5940625,1.0010826928159169,1.0009021680275987
hm-m2-g2-L5p3-n2-beta1__N0320__Aminus_0p0025,hm-m2-g2-L5p3-n2-beta1__N0320__Aplus_0p0025,hm-m2-g2-L5p3-n2-beta1,320,-0.0025,218,3.610625,1.0010380655000775,1.0008651816187477
hm-m2-g2-L5p3-n2-beta1__N0320__Aminus_0p0025,hm-m2-g2-L5p3-n2-beta1__N0320__Aplus_0p0025,hm-m2-g2-L5p3-n2-beta1,320,-0.0025,219,3.6271875000000002,1.0009930431506624,1.0008278627310165
hm-m2-g2-L5p3-n2-beta1__N0320__Aminus_0p0025,hm-m2-g2-L5p3-n2-beta1__N0320__Aplus_0p0025,hm-m2-g2-L5p3-n2-beta1,320,-0.0025,220,3.6437500000000003,1.0009476434071027,1.0007902258530452
hm-m2-g2-L5p3-n2-beta1__N0320__Aminus_0p0025,hm-m2-g2-L5p3-n2-beta1__N0320__Aplus_0p0025,hm-m2-g2-L5p3-n2-beta1,320,-0.0025,221,3.6603125000000003,1.000901884043919,1.0007522855923787
hm-m2-g2-L5p3-n2-beta1__N0320__Aminus_0p0025,hm-m2-g2-L5p3-n2-beta1__N0320__Aplus_0p0025,hm-m2-g2-L5p3-n2-beta1,320,-0.0025,222,3.6768750000000003,1.0008557829634523,1.0007140566696855
hm-m2-g2-L5p3-n2-beta1__N0320__Aminus_0p0025,hm-m2-g2-L5p3-n2-beta1__N0320__Aplus_0p0025,hm-m2-g2-L5p3-n2-beta1,320,-0.0025,223,3.6934375000000004,1.0008093581885649,1.0006755539129382
hm-m2-g2-L5p3-n2-beta1__N0320__Aminus_0p0025,hm-m2-g2-L5p3-n2-beta1__N0320__Aplus_0p0025,hm-m2-g2-L5p3-n2-beta1,320,-0.0025,224,3.71,1.0007626278553097,1.0006367922515595
hm-m2-g2-L5p3-n2-beta1__N0320__Aminus_0p0025,hm-m2-g2-L5p3-n2-beta1__N0320__Aplus_0p0025,hm-m2-g2-L5p3-n2-beta1,320,-0.0025,225,3.7265625,1.0007156102055776,1.000597786710535
hm-m2-g2-L5p3-n2-beta1__N0320__Aminus_0p0025,hm-m2-g2-L5p3-n2-beta1__N0320__Aplus_0p0025,hm-m2-g2-L5p3-n2-beta1,320,-0.0025,226,3.743125,1.0006683235797205,1.0005585524044962
hm-m2-g2-L5p3-n2-beta1__N0320__Aminus_0p0025,hm-m2-g2-L5p3-n2-beta1__N0320__Aplus_0p0025,hm-m2-g2-L5p3-n2-beta1,320,-0.0025,227,3.7596875,1.0006207864091565,1.0005191045317756
hm-m2-g2-L5p3-n2-beta1__N0320__Aminus_0p0025,hm-m2-g2-L5p3-n2-beta1__N0320__Aplus_0p0025,hm-m2-g2-L5p3-n2-beta1,320,-0.0025,228,3.77625,1.00057301720896,1.0004794583684362
hm-m2-g2-L5p3-n2-beta1__N0320__Aminus_0p0025,hm-m2-g2-L5p3-n2-beta1__N0320__Aplus_0p0025,hm-m2-g2-L5p3-n2-beta1,320,-0.0025,229,3.7928125,1.00052503457044,1.000439629262279
hm-m2-g2-L5p3-n2-beta1__N0320__Aminus_0p0025,hm-m2-g2-L5p3-n2-beta1__N0320__Aplus_0p0025,hm-m2-g2-L5p3-n2-beta1,320,-0.0025,230,3.809375,1.0004768571537095,1.00039963262683
hm-m2-g2-L5p3-n2-beta1__N0320__Aminus_0p0025,hm-m2-g2-L5p3-n2-beta1__N0320__Aplus_0p0025,hm-m2-g2-L5p3-n2-beta1,320,-0.0025,231,3.8259375,1.0004285036802503,1.0003594839353085
hm-m2-g2-L5p3-n2-beta1__N0320__Aminus_0p0025,hm-m2-g2-L5p3-n2-beta1__N0320__Aplus_0p0025,hm-m2-g2-L5p3-n2-beta1,320,-0.0025,232,3.8425000000000002,1.0003799929254737,1.0003191987145805
hm-m2-g2-L5p3-n2-beta1__N0320__Aminus_0p0025,hm-m2-g2-L5p3-n2-beta1__N0320__Aplus_0p0025,hm-m2-g2-L5p3-n2-beta1,320,-0.0025,233,3.8590625000000003,1.0003313437112848,1.0002787925391
hm-m2-g2-L5p3-n2-beta1__N0320__Aminus_0p0025,hm-m2-g2-L5p3-n2-beta1__N0320__Aplus_0p0025,hm-m2-g2-L5p3-n2-beta1,320,-0.0025,234,3.8756250000000003,1.0002825748986488,1.0002382810248376
hm-m2-g2-L5p3-n2-beta1__N0320__Aminus_0p0025,hm-m2-g2-L5p3-n2-beta1__N0320__Aplus_0p0025,hm-m2-g2-L5p3-n2-beta1,320,-0.0025,235,3.8921875000000004,1.0002337053801658,1.0001976798232044
hm-m2-g2-L5p3-n2-beta1__N0320__Aminus_0p0025,hm-m2-g2-L5p3-n2-beta1__N0320__Aplus_0p0025,hm-m2-g2-L5p3-n2-beta1,320,-0.0025,236,3.9087500000000004,1.0001847540726554,1.0001570046149677
hm-m2-g2-L5p3-n2-beta1__N0320__Aminus_0p0025,hm-m2-g2-L5p3-n2-beta1__N0320__Aplus_0p0025,hm-m2-g2-L5p3-n2-beta1,320,-0.0025,237,3.9253125,1.000135739909755,1.0001162711041627
hm-m2-g2-L5p3-n2-beta1__N0320__Aminus_0p0025,hm-m2-g2-L5p3-n2-beta1__N0320__Aplus_0p0025,hm-m2-g2-L5p3-n2-beta1,320,-0.0025,238,3.941875,1.0000866818345342,1.0000754950120065
hm-m2-g2-L5p3-n2-beta1__N0320__Aminus_0p0025,hm-m2-g2-L5p3-n2-beta1__N0320__Aplus_0p0025,hm-m2-g2-L5p3-n2-beta1,320,-0.0025,239,3.9584375,1.0000375987921282,1.0000346920708112
hm-m2-g2-L5p3-n2-beta1__N0320__Aminus_0p0025,hm-m2-g2-L5p3-n2-beta1__N0320__Aplus_0p0025,hm-m2-g2-L5p3-n2-beta1,320,-0.0025,240,3.975,0.9999885097223943,0.9999938780179015
hm-m2-g2-L5p3-n2-beta1__N0320__Aminus_0p0025,hm-m2-g2-L5p3-n2-beta1__N0320__Aplus_0p0025,hm-m2-g2-L5p3-n2-beta1,320,-0.0025,241,3.9915625,0.9999394335525926,0.999953068589539
hm-m2-g2-L5p3-n2-beta1__N0320__Aminus_0p0025,hm-m2-g2-L5p3-n2-beta1__N0320__Aplus_0p0025,hm-m2-g2-L5p3-n2-beta1,320,-0.0025,242,4.008125000000001,0.9998903891900954,0.999912279514855
hm-m2-g2-L5p3-n2-beta1__N0320__Aminus_0p0025,hm-m2-g2-L5p3-n2-beta1__N0320__Aplus_0p0025,hm-m2-g2-L5p3-n2-beta1,320,-0.0025,243,4.024687500000001,0.9998413955151261,0.9998715265097937
hm-m2-g2-L5p3-n2-beta1__N0320__Aminus_0p0025,hm-m2-g2-L5p3-n2-beta1__N0320__Aplus_0p0025,hm-m2-g2-L5p3-n2-beta1,320,-0.0025,244,4.04125,0.9997924713735323,0.9998308252710708
hm-m2-g2-L5p3-n2-beta1__N0320__Aminus_0p0025,hm-m2-g2-L5p3-n2-beta1__N0320__Aplus_0p0025,hm-m2-g2-L5p3-n2-beta1,320,-0.0025,245,4.0578125,0.9997436355695954,0.9997901914701441
hm-m2-g2-L5p3-n2-beta1__N0320__Aminus_0p0025,hm-m2-g2-L5p3-n2-beta1__N0320__Aplus_0p0025,hm-m2-g2-L5p3-n2-beta1,320,-0.0025,246,4.074375,0.9996949068588776,0.9997496407472054
hm-m2-g2-L5p3-n2-beta1__N0320__Aminus_0p0025,hm-m2-g2-L5p3-n2-beta1__N0320__Aplus_0p0025,hm-m2-g2-L5p3-n2-beta1,320,-0.0025,247,4.0909375,0.9996463039411109,0.9997091887051903
hm-m2-g2-L5p3-n2-beta1__N0320__Aminus_0p0025,hm-m2-g2-L5p3-n2-beta1__N0320__Aplus_0p0025,hm-m2-g2-L5p3-n2-beta1,320,-0.0025,248,4.1075,0.9995978454531299,0.9996688509038124
hm-m2-g2-L5p3-n2-beta1__N0320__Aminus_0p0025,hm-m2-g2-L5p3-n2-beta1__N0320__Aplus_0p0025,hm-m2-g2-L5p3-n2-beta1,320,-0.0025,249,4.1240625,0.9995495499618509,0.9996286428536199
hm-m2-g2-L5p3-n2-beta1__N0320__Aminus_0p0025,hm-m2-g2-L5p3-n2-beta1__N0320__Aplus_0p0025,hm-m2-g2-L5p3-n2-beta1,320,-0.0025,250,4.140625,0.9995014359572989,0.9995885800100808
hm-m2-g2-L5p3-n2-beta1__N0320__Aminus_0p0025,hm-m2-g2-L5p3-n2-beta1__N0320__Aplus_0p0025,hm-m2-g2-L5p3-n2-beta1,320,-0.0025,251,4.1571875,0.9994535218456873,0.9995486777676962
hm-m2-g2-L5p3-n2-beta1__N0320__Aminus_0p0025,hm-m2-g2-L5p3-n2-beta1__N0320__Aplus_0p0025,hm-m2-g2-L5p3-n2-beta1,320,-0.0025,252,4.17375,0.9994058259425486,0.9995089514541441
hm-m2-g2-L5p3-n2-beta1__N0320__Aminus_0p0025,hm-m2-g2-L5p3-n2-beta1__N0320__Aplus_0p0025,hm-m2-g2-L5p3-n2-beta1,320,-0.0025,253,4.1903125,0.9993583664659228,0.9994694163244588
hm-m2-g2-L5p3-n2-beta1__N0320__Aminus_0p0025,hm-m2-g2-L5p3-n2-beta1__N0320__Aplus_0p0025,hm-m2-g2-L5p3-n2-beta1,320,-0.0025,254,4.206875,0.999311161529603,0.9994300875552429
hm-m2-g2-L5p3-n2-beta1__N0320__Aminus_0p0025,hm-m2-g2-L5p3-n2-beta1__N0320__Aplus_0p0025,hm-m2-g2-L5p3-n2-beta1,320,-0.0025,255,4.2234375,0.9992642291364404,0.999390980238918
hm-m2-g2-L5p3-n2-beta1__N0320__Aminus_0p0025,hm-m2-g2-L5p3-n2-beta1__N0320__Aplus_0p0025,hm-m2-g2-L5p3-n2-beta1,320,-0.0025,256,4.24,0.9992175871717123,0.999352109378016
hm-m2-g2-L5p3-n2-beta1__N0320__Aminus_0p0025,hm-m2-g2-L5p3-n2-beta1__N0320__Aplus_0p0025,hm-m2-g2-L5p3-n2-beta1,320,-0.0025,257,4.2565625,0.9991712533965535,0.9993134898795091
hm-m2-g2-L5p3-n2-beta1__N0320__Aminus_0p0025,hm-m2-g2-L5p3-n2-beta1__N0320__Aplus_0p0025,hm-m2-g2-L5p3-n2-beta1,320,-0.0025,258,4.273125,0.999125245441455,0.9992751365491871
hm-m2-g2-L5p3-n2-beta1__N0320__Aminus_0p0025,hm-m2-g2-L5p3-n2-beta1__N0320__Aplus_0p0025,hm-m2-g2-L5p3-n2-beta1,320,-0.0025,259,4.2896875,0.9990795807998292,0.9992370640860764
hm-m2-g2-L5p3-n2-beta1__N0320__Aminus_0p0025,hm-m2-g2-L5p3-n2-beta1__N0320__Aplus_0p0025,hm-m2-g2-L5p3-n2-beta1,320,-0.0025,260,4.30625,0.9990342768216469,0.9991992870769091
hm-m2-g2-L5p3-n2-beta1__N0320__Aminus_0p0025,hm-m2-g2-L5p3-n2-beta1__N0320__Aplus_0p0025,hm-m2-g2-L5p3-n2-beta1,320,-0.0025,261,4.3228125,0.9989893507071452,0.9991618199906407
hm-m2-g2-L5p3-n2-beta1__N0320__Aminus_0p0025,hm-m2-g2-L5p3-n2-beta1__N0320__Aplus_0p0025,hm-m2-g2-L5p3-n2-beta1,320,-0.0025,262,4.339375,0.998944819500609,0.9991246771730184
hm-m2-g2-L5p3-n2-beta1__N0320__Aminus_0p0025,hm-m2-g2-L5p3-n2-beta1__N0320__Aplus_0p0025,hm-m2-g2-L5p3-n2-beta1,320,-0.0025,263,4.3559375000000005,0.9989007000842285,0.9990878728412037
hm-m2-g2-L5p3-n2-beta1__N0320__Aminus_0p0025,hm-m2-g2-L5p3-n2-beta1__N0320__Aplus_0p0025,hm-m2-g2-L5p3-n2-beta1,320,-0.0025,264,4.3725000000000005,0.9988570091720335,0.9990514210784489
hm-m2-g2-L5p3-n2-beta1__N0320__Aminus_0p0025,hm-m2-g2-L5p3-n2-beta1__N0320__Aplus_0p0025,hm-m2-g2-L5p3-n2-beta1,320,-0.0025,265,4.3890625000000005,0.9988137633039068,0.9990153358288315
hm-m2-g2-L5p3-n2-beta1__N0320__Aminus_0p0025,hm-m2-g2-L5p3-n2-beta1__N0320__Aplus_0p0025,hm-m2-g2-L5p3-n2-beta1,320,-0.0025,266,4.405625000000001,0.9987709788396776,0.9989796308920459
hm-m2-g2-L5p3-n2-beta1__N0320__Aminus_0p0025,hm-m2-g2-L5p3-n2-beta1__N0320__Aplus_0p0025,hm-m2-g2-L5p3-n2-beta1,320,-0.0025,267,4.422187500000001,0.998728671953297,0.9989443199182565
hm-m2-g2-L5p3-n2-beta1__N0320__Aminus_0p0025,hm-m2-g2-L5p3-n2-beta1__N0320__Aplus_0p0025,hm-m2-g2-L5p3-n2-beta1,320,-0.0025,268,4.438750000000001,0.9986868586270969,0.9989094164030123
hm-m2-g2-L5p3-n2-beta1__N0320__Aminus_0p0025,hm-m2-g2-L5p3-n2-beta1__N0320__Aplus_0p0025,hm-m2-g2-L5p3-n2-beta1,320,-0.0025,269,4.4553125,0.9986455546461344,0.9988749336822251
hm-m2-g2-L5p3-n2-beta1__N0320__Aminus_0p0025,hm-m2-g2-L5p3-n2-beta1__N0320__Aplus_0p0025,hm-m2-g2-L5p3-n2-beta1,320,-0.0025,270,4.471875,0.9986047755926208,0.9988408849272133
hm-m2-g2-L5p3-n2-beta1__N0320__Aminus_0p0025,hm-m2-g2-L5p3-n2-beta1__N0320__Aplus_0p0025,hm-m2-g2-L5p3-n2-beta1,320,-0.0025,271,4.4884375,0.9985645368404409,0.9988072831398129
hm-m2-g2-L5p3-n2-beta1__N0320__Aminus_0p0025,hm-m2-g2-L5p3-n2-beta1__N0320__Aplus_0p0025,hm-m2-g2-L5p3-n2-beta1,320,-0.0025,272,4.505,0.9985248535497581,0.9987741411475567
hm-m2-g2-L5p3-n2-beta1__N0320__Aminus_0p0025,hm-m2-g2-L5p3-n2-beta1__N0320__Aplus_0p0025,hm-m2-g2-L5p3-n2-beta1,320,-0.0025,273,4.5215625,0.9984857406617127,0.9987414715989233
hm-m2-g2-L5p3-n2-beta1__N0320__Aminus_0p0025,hm-m2-g2-L5p3-n2-beta1__N0320__Aplus_0p0025,hm-m2-g2-L5p3-n2-beta1,320,-0.0025,274,4.538125,0.9984472128932094,0.9987092869586592
hm-m2-g2-L5p3-n2-beta1__N0320__Aminus_0p0025,hm-m2-g2-L5p3-n2-beta1__N0320__Aplus_0p0025,hm-m2-g2-L5p3-n2-beta1,320,-0.0025,275,4.5546875,0.9984092847317988,0.9986775995031724
hm-m2-g2-L5p3-n2-beta1__N0320__Aminus_0p0025,hm-m2-g2-L5p3-n2-beta1__N0320__Aplus_0p0025,hm-m2-g2-L5p3-n2-beta1,320,-0.0025,276,4.57125,0.998371970430652,0.998646421316002
hm-m2-g2-L5p3-n2-beta1__N0320__Aminus_0p0025,hm-m2-g2-L5p3-n2-beta1__N0320__Aplus_0p0025,hm-m2-g2-L5p3-n2-beta1,320,-0.0025,277,4.5878125,0.9983352840036296,0.998615764283363
hm-m2-g2-L5p3-n2-beta1__N0320__Aminus_0p0025,hm-m2-g2-L5p3-n2-beta1__N0320__Aplus_0p0025,hm-m2-g2-L5p3-n2-beta1,320,-0.0025,278,4.604375,0.998299239220448,0.9985856400897687
hm-m2-g2-L5p3-n2-beta1__N0320__Aminus_0p0025,hm-m2-g2-L5p3-n2-beta1__N0320__Aplus_0p0025,hm-m2-g2-L5p3-n2-beta1,320,-0.0025,279,4.6209375,0.9982638496019413,0.9985560602137324
hm-m2-g2-L5p3-n2-beta1__N0320__Aminus_0p0025,hm-m2-g2-L5p3-n2-beta1__N0320__Aplus_0p0025,hm-m2-g2-L5p3-n2-beta1,320,-0.0025,280,4.6375,0.9982291284154209,0.9985270359235497
hm-m2-g2-L5p3-n2-beta1__N0320__Aminus_0p0025,hm-m2-g2-L5p3-n2-beta1__N0320__Aplus_0p0025,hm-m2-g2-L5p3-n2-beta1,320,-0.0025,281,4.6540625,0.9981950886701354,0.9984985782731609
hm-m2-g2-L5p3-n2-beta1__N0320__Aminus_0p0025,hm-m2-g2-L5p3-n2-beta1__N0320__Aplus_0p0025,hm-m2-g2-L5p3-n2-beta1,320,-0.0025,282,4.670625,0.9981617431128281,0.9984706980980971
hm-m2-g2-L5p3-n2-beta1__N0320__Aminus_0p0025,hm-m2-g2-L5p3-n2-beta1__N0320__Aplus_0p0025,hm-m2-g2-L5p3-n2-beta1,320,-0.0025,283,4.6871875,0.9981291042233971,0.9984434060115109
hm-m2-g2-L5p3-n2-beta1__N0320__Aminus_0p0025,hm-m2-g2-L5p3-n2-beta1__N0320__Aplus_0p0025,hm-m2-g2-L5p3-n2-beta1,320,-0.0025,284,4.70375,0.9980971842106544,0.9984167124002917
hm-m2-g2-L5p3-n2-beta1__N0320__Aminus_0p0025,hm-m2-g2-L5p3-n2-beta1__N0320__Aplus_0p0025,hm-m2-g2-L5p3-n2-beta1,320,-0.0025,285,4.7203125,0.9980659950081898,0.9983906274212669
hm-m2-g2-L5p3-n2-beta1__N0320__Aminus_0p0025,hm-m2-g2-L5p3-n2-beta1__N0320__Aplus_0p0025,hm-m2-g2-L5p3-n2-beta1,320,-0.0025,286,4.736875,0.9980355482703349,0.998365160997492
hm-m2-g2-L5p3-n2-beta1__N0320__Aminus_0p0025,hm-m2-g2-L5p3-n2-beta1__N0320__Aplus_0p0025,hm-m2-g2-L5p3-n2-beta1,320,-0.0025,287,4.7534375,0.9980058553682327,0.9983403228146283
hm-m2-g2-L5p3-n2-beta1__N0320__Aminus_0p0025,hm-m2-g2-L5p3-n2-beta1__N0320__Aplus_0p0025,hm-m2-g2-L5p3-n2-beta1,320,-0.0025,288,4.7700000000000005,0.9979769273860104,0.9983161223174116
hm-m2-g2-L5p3-n2-beta1__N0320__Aminus_0p0025,hm-m2-g2-L5p3-n2-beta1__N0320__Aplus_0p0025,hm-m2-g2-L5p3-n2-beta1,320,-0.0025,289,4.7865625000000005,0.9979487751170574,0.9982925687062103
hm-m2-g2-L5p3-n2-beta1__N0320__Aminus_0p0025,hm-m2-g2-L5p3-n2-beta1__N0320__Aplus_0p0025,hm-m2-g2-L5p3-n2-beta1,320,-0.0025,290,4.8031250000000005,0.9979214090604087,0.9982696709336767
hm-m2-g2-L5p3-n2-beta1__N0320__Aminus_0p0025,hm-m2-g2-L5p3-n2-beta1__N0320__Aplus_0p0025,hm-m2-g2-L5p3-n2-beta1,320,-0.0025,291,4.819687500000001,0.9978948394172343,0.9982474377014905
hm-m2-g2-L5p3-n2-beta1__N0320__Aminus_0p0025,hm-m2-g2-L5p3-n2-beta1__N0320__Aplus_0p0025,hm-m2-g2-L5p3-n2-beta1,320,-0.0025,292,4.836250000000001,0.9978690760874359,0.9982258774571957
hm-m2-g2-L5p3-n2-beta1__N0320__Aminus_0p0025,hm-m2-g2-L5p3-n2-beta1__N0320__Aplus_0p0025,hm-m2-g2-L5p3-n2-beta1,320,-0.0025,293,4.852812500000001,0.9978441286663491,0.9982049983911344
hm-m2-g2-L5p3-n2-beta1__N0320__Aminus_0p0025,hm-m2-g2-L5p3-n2-beta1__N0320__Aplus_0p0025,hm-m2-g2-L5p3-n2-beta1,320,-0.0025,294,4.869375000000001,0.9978200064415554,0.9981848084334731
hm-m2-g2-L5p3-n2-beta1__N0320__Aminus_0p0025,hm-m2-g2-L5p3-n2-beta1__N0320__Aplus_0p0025,hm-m2-g2-L5p3-n2-beta1,320,-0.0025,295,4.8859375,0.9977967183898008,0.9981653152513285
hm-m2-g2-L5p3-n2-beta1__N0320__Aminus_0p0025,hm-m2-g2-L5p3-n2-beta1__N0320__Aplus_0p0025,hm-m2-g2-L5p3-n2-beta1,320,-0.0025,296,4.9025,0.9977742731740233,0.9981465262459882
hm-m2-g2-L5p3-n2-beta1__N0320__Aminus_0p0025,hm-m2-g2-L5p3-n2-beta1__N0320__Aplus_0p0025,hm-m2-g2-L5p3-n2-beta1,320,-0.0025,297,4.9190625,0.9977526791404902,0.9981284485502324
hm-m2-g2-L5p3-n2-beta1__N0320__Aminus_0p0025,hm-m2-g2-L5p3-n2-beta1__N0320__Aplus_0p0025,hm-m2-g2-L5p3-n2-beta1,320,-0.0025,298,4.935625,0.9977319443160433,0.9981110890257512
hm-m2-g2-L5p3-n2-beta1__N0320__Aminus_0p0025,hm-m2-g2-L5p3-n2-beta1__N0320__Aplus_0p0025,hm-m2-g2-L5p3-n2-beta1,320,-0.0025,299,4.9521875,0.9977120764054558,0.998094454260664
hm-m2-g2-L5p3-n2-beta1__N0320__Aminus_0p0025,hm-m2-g2-L5p3-n2-beta1__N0320__Aplus_0p0025,hm-m2-g2-L5p3-n2-beta1,320,-0.0025,300,4.96875,0.9976930827888971,0.9980785505671392
hm-m2-g2-L5p3-n2-beta1__N0320__Aminus_0p0025,hm-m2-g2-L5p3-n2-beta1__N0320__Aplus_0p0025,hm-m2-g2-L5p3-n2-beta1,320,-0.0025,301,4.9853125,0.9976749705195107,0.9980633839791136
hm-m2-g2-L5p3-n2-beta1__N0320__Aminus_0p0025,hm-m2-g2-L5p3-n2-beta1__N0320__Aplus_0p0025,hm-m2-g2-L5p3-n2-beta1,320,-0.0025,302,5.001875,0.9976577463211002,0.9980489602501149
hm-m2-g2-L5p3-n2-beta1__N0320__Aminus_0p0025,hm-m2-g2-L5p3-n2-beta1__N0320__Aplus_0p0025,hm-m2-g2-L5p3-n2-beta1,320,-0.0025,303,5.0184375,0.9976414165859284,0.9980352848511855
hm-m2-g2-L5p3-n2-beta1__N0320__Aminus_0p0025,hm-m2-g2-L5p3-n2-beta1__N0320__Aplus_0p0025,hm-m2-g2-L5p3-n2-beta1,320,-0.0025,304,5.035,0.9976259873726272,0.9980223629689102
hm-m2-g2-L5p3-n2-beta1__N0320__Aminus_0p0025,hm-m2-g2-L5p3-n2-beta1__N0320__Aplus_0p0025,hm-m2-g2-L5p3-n2-beta1,320,-0.0025,305,5.0515625,0.9976114644042181,0.998010199503547
hm-m2-g2-L5p3-n2-beta1__N0320__Aminus_0p0025,hm-m2-g2-L5p3-n2-beta1__N0320__Aplus_0p0025,hm-m2-g2-L5p3-n2-beta1,320,-0.0025,306,5.068125,0.9975978530662464,0.9979987990672611
hm-m2-g2-L5p3-n2-beta1__N0320__Aminus_0p0025,hm-m2-g2-L5p3-n2-beta1__N0320__Aplus_0p0025,hm-m2-g2-L5p3-n2-beta1,320,-0.0025,307,5.0846875,0.997585158405026,0.9979881659824649
hm-m2-g2-L5p3-n2-beta1__N0320__Aminus_0p0025,hm-m2-g2-L5p3-n2-beta1__N0320__Aplus_0p0025,hm-m2-g2-L5p3-n2-beta1,320,-0.0025,308,5.10125,0.997573385125997,0.997978304280262
hm-m2-g2-L5p3-n2-beta1__N0320__Aminus_0p0025,hm-m2-g2-L5p3-n2-beta1__N0320__Aplus_0p0025,hm-m2-g2-L5p3-n2-beta1,320,-0.0025,309,5.1178125,0.997562537592196,0.9979692176989972
hm-m2-g2-L5p3-n2-beta1__N0320__Aminus_0p0025,hm-m2-g2-L5p3-n2-beta1__N0320__Aplus_0p0025,hm-m2-g2-L5p3-n2-beta1,320,-0.0025,310,5.134375,0.9975526198228389,0.9979609096829111
hm-m2-g2-L5p3-n2-beta1__N0320__Aminus_0p0025,hm-m2-g2-L5p3-n2-beta1__N0320__Aplus_0p0025,hm-m2-g2-L5p3-n2-beta1,320,-0.0025,311,5.1509375,0.997543635492016,0.9979533833809024
hm-m2-g2-L5p3-n2-beta1__N0320__Aminus_0p0025,hm-m2-g2-L5p3-n2-beta1__N0320__Aplus_0p0025,hm-m2-g2-L5p3-n2-beta1,320,-0.0025,312,5.1675,0.9975355879275009,0.9979466416453964
hm-m2-g2-L5p3-n2-beta1__N0320__Aminus_0p0025,hm-m2-g2-L5p3-n2-beta1__N0320__Aplus_0p0025,hm-m2-g2-L5p3-n2-beta1,320,-0.0025,313,5.1840625000000005,0.9975284801096721,0.9979406870313192
hm-m2-g2-L5p3-n2-beta1__N0320__Aminus_0p0025,hm-m2-g2-L5p3-n2-beta1__N0320__Aplus_0p0025,hm-m2-g2-L5p3-n2-beta1,320,-0.0025,314,5.2006250000000005,0.9975223146705476,0.9979355217951806
hm-m2-g2-L5p3-n2-beta1__N0320__Aminus_0p0025,hm-m2-g2-L5p3-n2-beta1__N0320__Aplus_0p0025,hm-m2-g2-L5p3-n2-beta1,320,-0.0025,315,5.2171875000000005,0.9975170938929335,0.9979311478942633
hm-m2-g2-L5p3-n2-beta1__N0320__Aminus_0p0025,hm-m2-g2-L5p3-n2-beta1__N0320__Aplus_0p0025,hm-m2-g2-L5p3-n2-beta1,320,-0.0025,316,5.233750000000001,0.9975128197096848,0.9979275669859201
hm-m2-g2-L5p3-n2-beta1__N0320__Aminus_0p0025,hm-m2-g2-L5p3-n2-beta1__N0320__Aplus_0p0025,hm-m2-g2-L5p3-n2-beta1,320,-0.0025,317,5.250312500000001,0.9975094937030807,0.9979247804269792
hm-m2-g2-L5p3-n2-beta1__N0320__Aminus_0p0025,hm-m2-g2-L5p3-n2-beta1__N0320__Aplus_0p0025,hm-m2-g2-L5p3-n2-beta1,320,-0.0025,318,5.266875000000001,0.9975071171043137,0.9979227892732564
hm-m2-g2-L5p3-n2-beta1__N0320__Aminus_0p0025,hm-m2-g2-L5p3-n2-beta1__N0320__Aplus_0p0025,hm-m2-g2-L5p3-n2-beta1,320,-0.0025,319,5.283437500000001,0.997505690793091,0.9979215942791768
hm-m2-g2-L5p3-n2-beta1__N0320__Aminus_0p0025,hm-m2-g2-L5p3-n2-beta1__N0320__Aplus_0p0025,hm-m2-g2-L5p3-n2-beta1,320,-0.0025,320,5.3,0.9975052152973507,0.997921195897504
hm-m2-g2-L5p3-n2-beta1__N0320__Aplus_0p0025,hm-m2-g2-L5p3-n2-beta1__N0320__Aminus_0p0025,hm-m2-g2-L5p3-n2-beta1,320,0.0025,0,0.0,1.0025052700419788,1.002078557128436
hm-m2-g2-L5p3-n2-beta1__N0320__Aplus_0p0025,hm-m2-g2-L5p3-n2-beta1__N0320__Aminus_0p0025,hm-m2-g2-L5p3-n2-beta1,320,0.0025,1,0.0165625,1.0025047816451789,1.0020781541220658
hm-m2-g2-L5p3-n2-beta1__N0320__Aplus_0p0025,hm-m2-g2-L5p3-n2-beta1__N0320__Aminus_0p0025,hm-m2-g2-L5p3-n2-beta1,320,0.0025,2,0.033125,1.0025033166506725,1.0020769452610252
hm-m2-g2-L5p3-n2-beta1__N0320__Aplus_0p0025,hm-m2-g2-L5p3-n2-beta1__N0320__Aminus_0p0025,hm-m2-g2-L5p3-n2-beta1,320,0.0025,3,0.0496875,1.0025008756460523,1.0020749310194605
hm-m2-g2-L5p3-n2-beta1__N0320__Aplus_0p0025,hm-m2-g2-L5p3-n2-beta1__N0320__Aminus_0p0025,hm-m2-g2-L5p3-n2-beta1,320,0.0025,4,0.06625,1.0024974596103475,1.0020721121873986
hm-m2-g2-L5p3-n2-beta1__N0320__Aplus_0p0025,hm-m2-g2-L5p3-n2-beta1__N0320__Aminus_0p0025,hm-m2-g2-L5p3-n2-beta1,320,0.0025,5,0.08281250000000001,1.002493069913587,1.0020684898704202
hm-m2-g2-L5p3-n2-beta1__N0320__Aplus_0p0025,hm-m2-g2-L5p3-n2-beta1__N0320__Aminus_0p0025,hm-m2-g2-L5p3-n2-beta1,320,0.0025,6,0.099375,1.0024877083161865,1.0020640654892055
hm-m2-g2-L5p3-n2-beta1__N0320__Aplus_0p0025,hm-m2-g2-L5p3-n2-beta1__N0320__Aminus_0p0025,hm-m2-g2-L5p3-n2-beta1,320,0.0025,7,0.1159375,1.0024813769681629,1.0020588407789481
hm-m2-g2-L5p3-n2-beta1__N0320__Aplus_0p0025,hm-m2-g2-L5p3-n2-beta1__N0320__Aminus_0p0025,hm-m2-g2-L5p3-n2-beta1,320,0.0025,8,0.1325,1.0024740784081738,1.0020528177886399
hm-m2-g2-L5p3-n2-beta1__N0320__Aplus_0p0025,hm-m2-g2-L5p3-n2-beta1__N0320__Aminus_0p0025,hm-m2-g2-L5p3-n2-beta1,320,0.0025,9,0.14906250000000001,1.0024658155623851,1.0020459988802268
hm-m2-g2-L5p3-n2-beta1__N0320__Aplus_0p0025,hm-m2-g2-L5p3-n2-beta1__N0320__Aminus_0p0025,hm-m2-g2-L5p3-n2-beta1,320,0.0025,10,0.16562500000000002,1.002456591743164,1.0020383867276355
hm-m2-g2-L5p3-n2-beta1__N0320__Aplus_0p0025,hm-m2-g2-L5p3-n2-beta1__N0320__Aminus_0p0025,hm-m2-g2-L5p3-n2-beta1,320,0.0025,11,0.1821875,1.0024464106476034,1.0020299843156724
hm-m2-g2-L5p3-n2-beta1__N0320__Aplus_0p0025,hm-m2-g2-L5p3-n2-beta1__N0320__Aminus_0p0025,hm-m2-g2-L5p3-n2-beta1,320,0.0025,12,0.19875,1.0024352763558722,1.0020207949387943
hm-m2-g2-L5p3-n2-beta1__N0320__Aplus_0p0025,hm-m2-g2-L5p3-n2-beta1__N0320__Aminus_0p0025,hm-m2-g2-L5p3-n2-beta1,320,0.0025,13,0.21531250000000002,1.002423193329398,1.0020108221997528
hm-m2-g2-L5p3-n2-beta1__N0320__Aplus_0p0025,hm-m2-g2-L5p3-n2-beta1__N0320__Aminus_0p0025,hm-m2-g2-L5p3-n2-beta1,320,0.0025,14,0.231875,1.0024101664088811,1.0020000700081102
hm-m2-g2-L5p3-n2-beta1__N0320__Aplus_0p0025,hm-m2-g2-L5p3-n2-beta1__N0320__Aminus_0p0025,hm-m2-g2-L5p3-n2-beta1,320,0.0025,15,0.2484375,1.0023962008121392,1.0019885425786321
hm-m2-g2-L5p3-n2-beta1__N0320__Aplus_0p0025,hm-m2-g2-L5p3-n2-beta1__N0320__Aminus_0p0025,hm-m2-g2-L5p3-n2-beta1,320,0.0025,16,0.265,1.0023813021317876,1.0019762444295532
hm-m2-g2-L5p3-n2-beta1__N0320__Aplus_0p0025,hm-m2-g2-L5p3-n2-beta1__N0320__Aminus_0p0025,hm-m2-g2-L5p3-n2-beta1,320,0.0025,17,0.2815625,1.0023654763327545,1.0019631803807199
hm-m2-g2-L5p3-n2-beta1__N0320__Aplus_0p0025,hm-m2-g2-L5p3-n2-beta1__N0320__Aminus_0p0025,hm-m2-g2-L5p3-n2-beta1,320,0.0025,18,0.29812500000000003,1.002348729749632,1.0019493555516086
hm-m2-g2-L5p3-n2-beta1__N0320__Aplus_0p0025,hm-m2-g2-L5p3-n2-beta1__N0320__Aminus_0p0025,hm-m2-g2-L5p3-n2-beta1,320,0.0025,19,0.3146875,1.0023310690838663,1.0019347753592236
hm-m2-g2-L5p3-n2-beta1__N0320__Aplus_0p0025,hm-m2-g2-L5p3-n2-beta1__N0320__Aminus_0p0025,hm-m2-g2-L5p3-n2-beta1,320,0.0025,20,0.33125000000000004,1.002312501400787,1.0019194455158713
hm-m2-g2-L5p3-n2-beta1__N0320__Aplus_0p0025,hm-m2-g2-L5p3-n2-beta1__N0320__Aminus_0p0025,hm-m2-g2-L5p3-n2-beta1,320,0.0025,21,0.3478125,1.0022930341264793,1.001903372026816
hm-m2-g2-L5p3-n2-beta1__N0320__Aplus_0p0025,hm-m2-g2-L5p3-n2-beta1__N0320__Aminus_0p0025,hm-m2-g2-L5p3-n2-beta1,320,0.0025,22,0.364375,1.0022726750444984,1.0018865611878158
hm-m2-g2-L5p3-n2-beta1__N0320__Aplus_0p0025,hm-m2-g2-L5p3-n2-beta1__N0320__Aminus_0p0025,hm-m2-g2-L5p3-n2-beta1,320,0.0025,23,0.38093750000000004,1.0022514322924307,1.001869019582541
hm-m2-g2-L5p3-n2-beta1__N0320__Aplus_0p0025,hm-m2-g2-L5p3-n2-beta1__N0320__Aminus_0p0025,hm-m2-g2-L5p3-n2-beta1,320,0.0025,24,0.3975,1.002229314358302,1.0018507540798753
hm-m2-g2-L5p3-n2-beta1__N0320__Aplus_0p0025,hm-m2-g2-L5p3-n2-beta1__N0320__Aminus_0p0025,hm-m2-g2-L5p3-n2-beta1,320,0.0025,25,0.4140625,1.002206330076835,1.0018317718311023
hm-m2-g2-L5p3-n2-beta1__N0320__Aplus_0p0025,hm-m2-g2-L5p3-n2-beta1__N0320__Aminus_0p0025,hm-m2-g2-L5p3-n2-beta1,320,0.0025,26,0.43062500000000004,1.0021824886255586,1.001812080266977
hm-m2-g2-L5p3-n2-beta1__N0320__Aplus_0p0025,hm-m2-g2-L5p3-n2-beta1__N0320__Aminus_0p0025,hm-m2-g2-L5p3-n2-beta1,320,0.0025,27,0.4471875,1.002157799520774,1.0017916870946861
hm-m2-g2-L5p3-n2-beta1__N0320__Aplus_0p0025,hm-m2-g2-L5p3-n2-beta1__N0320__Aminus_0p0025,hm-m2-g2-L5p3-n2-beta1,320,0.0025,28,0.46375,1.0021322726133726,1.0017706002946964
hm-m2-g2-L5p3-n2-beta1__N0320__Aplus_0p0025,hm-m2-g2-L5p3-n2-beta1__N0320__Aminus_0p0025,hm-m2-g2-L5p3-n2-beta1,320,0.0025,29,0.48031250000000003,1.0021059180845169,1.0017488281174922
hm-m2-g2-L5p3-n2-beta1__N0320__Aplus_0p0025,hm-m2-g2-L5p3-n2-beta1__N0320__Aminus_0p0025,hm-m2-g2-L5p3-n2-beta1,320,0.0025,30,0.496875,1.002078746441181,1.0017263790802076
hm-m2-g2-L5p3-n2-beta1__N0320__Aplus_0p0025,hm-m2-g2-L5p3-n2-beta1__N0320__Aminus_0p0025,hm-m2-g2-L5p3-n2-beta1,320,0.0025,31,0.5134375,1.0020507685115554,1.0017032619631492
hm-m2-g2-L5p3-n2-beta1__N0320__Aplus_0p0025,hm-m2-g2-L5p3-n2-beta1__N0320__Aminus_0p0025,hm-m2-g2-L5p3-n2-beta1,320,0.0025,32,0.53,1.0020219954403196,1.0016794858062164
hm-m2-g2-L5p3-n2-beta1__N0320__Aplus_0p0025,hm-m2-g2-L5p3-n2-beta1__N0320__Aminus_0p0025,hm-m2-g2-L5p3-n2-beta1,320,0.0025,33,0.5465625000000001,1.0019924386837813,1.0016550599052159
hm-m2-g2-L5p3-n2-beta1__N0320__Aplus_0p0025,hm-m2-g2-L5p3-n2-beta1__N0320__Aminus_0p0025,hm-m2-g2-L5p3-n2-beta1,320,0.0025,34,0.563125,1.0019621100048914,1.0016299938080777
hm-m2-g2-L5p3-n2-beta1__N0320__Aplus_0p0025,hm-m2-g2-L5p3-n2-beta1__N0320__Aminus_0p0025,hm-m2-g2-L5p3-n2-beta1,320,0.0025,35,0.5796875,1.0019310214681314,1.001604297310969
hm-m2-g2-L5p3-n2-beta1__N0320__Aplus_0p0025,hm-m2-g2-L5p3-n2-beta1__N0320__Aminus_0p0025,hm-m2-g2-L5p3-n2-beta1,320,0.0025,36,0.5962500000000001,1.0018991854342794,1.001577980454311
hm-m2-g2-L5p3-n2-beta1__N0320__Aplus_0p0025,hm-m2-g2-L5p3-n2-beta1__N0320__Aminus_0p0025,hm-m2-g2-L5p3-n2-beta1,320,0.0025,37,0.6128125,1.0018666145550568,1.001551053518701
hm-m2-g2-L5p3-n2-beta1__N0320__Aplus_0p0025,hm-m2-g2-L5p3-n2-beta1__N0320__Aminus_0p0025,hm-m2-g2-L5p3-n2-beta1,320,0.0025,38,0.629375,1.0018333217676607,1.0015235270207385
hm-m2-g2-L5p3-n2-beta1__N0320__Aplus_0p0025,hm-m2-g2-L5p3-n2-beta1__N0320__Aminus_0p0025,hm-m2-g2-L5p3-n2-beta1,320,0.0025,39,0.6459375,1.0017993202891793,1.0014954117087593
hm-m2-g2-L5p3-n2-beta1__N0320__Aplus_0p0025,hm-m2-g2-L5p3-n2-beta1__N0320__Aminus_0p0025,hm-m2-g2-L5p3-n2-beta1,320,0.0025,40,0.6625000000000001,1.001764623610901,1.0014667185584814
hm-m2-g2-L5p3-n2-beta1__N0320__Aplus_0p0025,hm-m2-g2-L5p3-n2-beta1__N0320__Aminus_0p0025,hm-m2-g2-L5p3-n2-beta1,320,0.0025,41,0.6790625,1.0017292454925153,1.00143745876856
hm-m2-g2-L5p3-n2-beta1__N0320__Aplus_0p0025,hm-m2-g2-L5p3-n2-beta1__N0320__Aminus_0p0025,hm-m2-g2-L5p3-n2-beta1,320,0.0025,42,0.695625,1.001693199956209,1.0014076437560586
hm-m2-g2-L5p3-n2-beta1__N0320__Aplus_0p0025,hm-m2-g2-L5p3-n2-beta1__N0320__Aminus_0p0025,hm-m2-g2-L5p3-n2-beta1,320,0.0025,43,0.7121875000000001,1.001656501280664,1.0013772851518348
hm-m2-g2-L5p3-n2-beta1__N0320__Aplus_0p0025,hm-m2-g2-L5p3-n2-beta1__N0320__Aminus_0p0025,hm-m2-g2-L5p3-n2-beta1,320,0.0025,44,0.72875,1.0016191639949557,1.0013463947958448
hm-m2-g2-L5p3-n2-beta1__N0320__Aplus_0p0025,hm-m2-g2-L5p3-n2-beta1__N0320__Aminus_0p0025,hm-m2-g2-L5p3-n2-beta1,320,0.0025,45,0.7453125,1.0015812028723592,1.0013149847323672
hm-m2-g2-L5p3-n2-beta1__N0320__Aplus_0p0025,hm-m2-g2-L5p3-n2-beta1__N0320__Aminus_0p0025,hm-m2-g2-L5p3-n2-beta1,320,0.0025,46,0.7618750000000001,1.0015426329240644,1.0012830672051503
hm-m2-g2-L5p3-n2-beta1__N0320__Aplus_0p0025,hm-m2-g2-L5p3-n2-beta1__N0320__Aminus_0p0025,hm-m2-g2-L5p3-n2-beta1,320,0.0025,47,0.7784375,1.001503469392803,1.0012506546524833
hm-m2-g2-L5p3-n2-beta1__N0320__Aplus_0p0025,hm-m2-g2-L5p3-n2-beta1__N0320__Aminus_0p0025,hm-m2-g2-L5p3-n2-beta1,320,0.0025,48,0.795,1.0014637277463938,1.0012177597021943
hm-m2-g2-L5p3-n2-beta1__N0320__Aplus_0p0025,hm-m2-g2-L5p3-n2-beta1__N0320__Aminus_0p0025,hm-m2-g2-L5p3-n2-beta1,320,0.0025,49,0.8115625000000001,1.001423423671204,1.001184395166578
hm-m2-g2-L5p3-n2-beta1__N0320__Aplus_0p0025,hm-m2-g2-L5p3-n2-beta1__N0320__Aminus_0p0025,hm-m2-g2-L5p3-n2-beta1,320,0.0025,50,0.828125,1.0013825730655375,1.0011505740372535
hm-m2-g2-L5p3-n2-beta1__N0320__Aplus_0p0025,hm-m2-g2-L5p3-n2-beta1__N0320__Aminus_0p0025,hm-m2-g2-L5p3-n2-beta1,320,0.0025,51,0.8446875,1.0013411920329467,1.0011163094799564
hm-m2-g2-L5p3-n2-beta1__N0320__Aplus_0p0025,hm-m2-g2-L5p3-n2-beta1__N0320__Aminus_0p0025,hm-m2-g2-L5p3-n2-beta1,320,0.0025,52,0.8612500000000001,1.0012992968754755,1.0010816148292683
hm-m2-g2-L5p3-n2-beta1__N0320__Aplus_0p0025,hm-m2-g2-L5p3-n2-beta1__N0320__Aminus_0p0025,hm-m2-g2-L5p3-n2-beta1,320,0.0025,53,0.8778125,1.0012569040868344,1.0010465035832807
hm-m2-g2-L5p3-n2-beta1__N0320__Aplus_0p0025,hm-m2-g2-L5p3-n2-beta1__N0320__Aminus_0p0025,hm-m2-g2-L5p3-n2-beta1,320,0.0025,54,0.894375,1.0012140303455146,1.001010989398204
hm-m2-g2-L5p3-n2-beta1__N0320__Aplus_0p0025,hm-m2-g2-L5p3-n2-beta1__N0320__Aminus_0p0025,hm-m2-g2-L5p3-n2-beta1,320,0.0025,55,0.9109375000000001,1.0011706925078392,1.0009750860829163
hm-m2-g2-L5p3-n2-beta1__N0320__Aplus_0p0025,hm-m2-g2-L5p3-n2-beta1__N0320__Aminus_0p0025,hm-m2-g2-L5p3-n2-beta1,320,0.0025,56,0.9275,1.0011269076009608,1.0009388075934593
hm-m2-g2-L5p3-n2-beta1__N0320__Aplus_0p0025,hm-m2-g2-L5p3-n2-beta1__N0320__Aminus_0p0025,hm-m2-g2-L5p3-n2-beta1,320,0.0025,57,0.9440625,1.001082692815805,1.0009021680274812
hm-m2-g2-L5p3-n2-beta1__N0320__Aplus_0p0025,hm-m2-g2-L5p3-n2-beta1__N0320__Aminus_0p0025,hm-m2-g2-L5p3-n2-beta1,320,0.0025,58,0.9606250000000001,1.0010380654999647,1.0008651816186296
hm-m2-g2-L5p3-n2-beta1__N0320__Aplus_0p0025,hm-m2-g2-L5p3-n2-beta1__N0320__Aminus_0p0025,hm-m2-g2-L5p3-n2-beta1,320,0.0025,59,0.9771875000000001,1.000993043150549,1.000827862730898
hm-m2-g2-L5p3-n2-beta1__N0320__Aplus_0p0025,hm-m2-g2-L5p3-n2-beta1__N0320__Aminus_0p0025,hm-m2-g2-L5p3-n2-beta1,320,0.0025,60,0.99375,1.0009476434069886,1.0007902258529262
hm-m2-g2-L5p3-n2-beta1__N0320__Aplus_0p0025,hm-m2-g2-L5p3-n2-beta1__N0320__Aminus_0p0025,hm-m2-g2-L5p3-n2-beta1,320,0.0025,61,1.0103125,1.0009018840438042,1.000752285592259
hm-m2-g2-L5p3-n2-beta1__N0320__Aplus_0p0025,hm-m2-g2-L5p3-n2-beta1__N0320__Aminus_0p0025,hm-m2-g2-L5p3-n2-beta1,320,0.0025,62,1.026875,1.0008557829633369,1.0007140566695654
hm-m2-g2-L5p3-n2-beta1__N0320__Aplus_0p0025,hm-m2-g2-L5p3-n2-beta1__N0320__Aminus_0p0025,hm-m2-g2-L5p3-n2-beta1,320,0.0025,63,1.0434375,1.0008093581884487,1.0006755539128176
hm-m2-g2-L5p3-n2-beta1__N0320__Aplus_0p0025,hm-m2-g2-L5p3-n2-beta1__N0320__Aminus_0p0025,hm-m2-g2-L5p3-n2-beta1,320,0.0025,64,1.06,1.000762627855193,1.0006367922514385
hm-m2-g2-L5p3-n2-beta1__N0320__Aplus_0p0025,hm-m2-g2-L5p3-n2-beta1__N0320__Aminus_0p0025,hm-m2-g2-L5p3-n2-beta1,320,0.0025,65,1.0765625,1.0007156102054604,1.0005977867104137
hm-m2-g2-L5p3-n2-beta1__N0320__Aplus_0p0025,hm-m2-g2-L5p3-n2-beta1__N0320__Aminus_0p0025,hm-m2-g2-L5p3-n2-beta1,320,0.0025,66,1.0931250000000001,1.000668323579603,1.0005585524043743
hm-m2-g2-L5p3-n2-beta1__N0320__Aplus_0p0025,hm-m2-g2-L5p3-n2-beta1__N0320__Aminus_0p0025,hm-m2-g2-L5p3-n2-beta1,320,0.0025,67,1.1096875000000002,1.0006207864090384,1.0005191045316533
hm-m2-g2-L5p3-n2-beta1__N0320__Aplus_0p0025,hm-m2-g2-L5p3-n2-beta1__N0320__Aminus_0p0025,hm-m2-g2-L5p3-n2-beta1,320,0.0025,68,1.12625,1.0005730172088414,1.0004794583683134
hm-m2-g2-L5p3-n2-beta1__N0320__Aplus_0p0025,hm-m2-g2-L5p3-n2-beta1__N0320__Aminus_0p0025,hm-m2-g2-L5p3-n2-beta1,320,0.0025,69,1.1428125,1.000525034570321,1.000439629262156
hm-m2-g2-L5p3-n2-beta1__N0320__Aplus_0p0025,hm-m2-g2-L5p3-n2-beta1__N0320__Aminus_0p0025,hm-m2-g2-L5p3-n2-beta1,320,0.0025,70,1.159375,1.0004768571535902,1.0003996326267066
hm-m2-g2-L5p3-n2-beta1__N0320__Aplus_0p0025,hm-m2-g2-L5p3-n2-beta1__N0320__Aminus_0p0025,hm-m2-g2-L5p3-n2-beta1,320,0.0025,71,1.1759375,1.0004285036801306,1.0003594839351844
hm-m2-g2-L5p3-n2-beta1__N0320__Aplus_0p0025,hm-m2-g2-L5p3-n2-beta1__N0320__Aminus_0p0025,hm-m2-g2-L5p3-n2-beta1,320,0.0025,72,1.1925000000000001,1.0003799929253538,1.0003191987144555
hm-m2-g2-L5p3-n2-beta1__N0320__Aplus_0p0025,hm-m2-g2-L5p3-n2-beta1__N0320__Aminus_0p0025,hm-m2-g2-L5p3-n2-beta1,320,0.0025,73,1.2090625000000002,1.0003313437111645,1.000278792538974
hm-m2-g2-L5p3-n2-beta1__N0320__Aplus_0p0025,hm-m2-g2-L5p3-n2-beta1__N0320__Aminus_0p0025,hm-m2-g2-L5p3-n2-beta1,320,0.0025,74,1.225625,1.0002825748985282,1.000238281024711
hm-m2-g2-L5p3-n2-beta1__N0320__Aplus_0p0025,hm-m2-g2-L5p3-n2-beta1__N0320__Aminus_0p0025,hm-m2-g2-L5p3-n2-beta1,320,0.0025,75,1.2421875,1.000233705380045,1.0001976798230772
hm-m2-g2-L5p3-n2-beta1__N0320__Aplus_0p0025,hm-m2-g2-L5p3-n2-beta1__N0320__Aminus_0p0025,hm-m2-g2-L5p3-n2-beta1,320,0.0025,76,1.25875,1.0001847540725346,1.0001570046148396
hm-m2-g2-L5p3-n2-beta1__N0320__Aplus_0p0025,hm-m2-g2-L5p3-n2-beta1__N0320__Aminus_0p0025,hm-m2-g2-L5p3-n2-beta1,320,0.0025,77,1.2753125,1.000135739909634,1.000116271104034
hm-m2-g2-L5p3-n2-beta1__N0320__Aplus_0p0025,hm-m2-g2-L5p3-n2-beta1__N0320__Aminus_0p0025,hm-m2-g2-L5p3-n2-beta1,320,0.0025,78,1.291875,1.000086681834413,1.000075495011877
hm-m2-g2-L5p3-n2-beta1__N0320__Aplus_0p0025,hm-m2-g2-L5p3-n2-beta1__N0320__Aminus_0p0025,hm-m2-g2-L5p3-n2-beta1,320,0.0025,79,1.3084375000000001,1.000037598792007,1.000034692070681
hm-m2-g2-L5p3-n2-beta1__N0320__Aplus_0p0025,hm-m2-g2-L5p3-n2-beta1__N0320__Aminus_0p0025,hm-m2-g2-L5p3-n2-beta1,320,0.0025,80,1.3250000000000002,0.9999885097222729,0.9999938780177705
hm-m2-g2-L5p3-n2-beta1__N0320__Aplus_0p0025,hm-m2-g2-L5p3-n2-beta1__N0320__Aminus_0p0025,hm-m2-g2-L5p3-n2-beta1,320,0.0025,81,1.3415625,0.9999394335524715,0.9999530685894072
hm-m2-g2-L5p3-n2-beta1__N0320__Aplus_0p0025,hm-m2-g2-L5p3-n2-beta1__N0320__Aminus_0p0025,hm-m2-g2-L5p3-n2-beta1,320,0.0025,82,1.358125,0.9998903891899744,0.9999122795147224
hm-m2-g2-L5p3-n2-beta1__N0320__Aplus_0p0025,hm-m2-g2-L5p3-n2-beta1__N0320__Aminus_0p0025,hm-m2-g2-L5p3-n2-beta1,320,0.0025,83,1.3746875,0.9998413955150052,0.9998715265096609
hm-m2-g2-L5p3-n2-beta1__N0320__Aplus_0p0025,hm-m2-g2-L5p3-n2-beta1__N0320__Aminus_0p0025,hm-m2-g2-L5p3-n2-beta1,320,0.0025,84,1.39125,0.9997924713734118,0.9998308252709374
hm-m2-g2-L5p3-n2-beta1__N0320__Aplus_0p0025,hm-m2-g2-L5p3-n2-beta1__N0320__Aminus_0p0025,hm-m2-g2-L5p3-n2-beta1,320,0.0025,85,1.4078125000000001,0.9997436355694751,0.9997901914700102
hm-m2-g2-L5p3-n2-beta1__N0320__Aplus_0p0025,hm-m2-g2-L5p3-n2-beta1__N0320__Aminus_0p0025,hm-m2-g2-L5p3-n2-beta1,320,0.0025,86,1.4243750000000002,0.9996949068587575,0.9997496407470711
hm-m2-g2-L5p3-n2-beta1__N0320__Aplus_0p0025,hm-m2-g2-L5p3-n2-beta1__N0320__Aminus_0p0025,hm-m2-g2-L5p3-n2-beta1,320,0.0025,87,1.4409375,0.9996463039409911,0.9997091887050559
hm-m2-g2-L5p3-n2-beta1__N0320__Aplus_0p0025,hm-m2-g2-L5p3-n2-beta1__N0320__Aminus_0p0025,hm-m2-g2-L5p3-n2-beta1,320,0.0025,88,1.4575,0.9995978454530103,0.9996688509036779
hm-m2-g2-L5p3-n2-beta1__N0320__Aplus_0p0025,hm-m2-g2-L5p3-n2-beta1__N0320__Aminus_0p0025,hm-m2-g2-L5p3-n2-beta1,320,0.0025,89,1.4740625,0.9995495499617316,0.9996286428534857
hm-m2-g2-L5p3-n2-beta1__N0320__Aplus_0p0025,hm-m2-g2-L5p3-n2-beta1__N0320__Aminus_0p0025,hm-m2-g2-L5p3-n2-beta1,320,0.0025,90,1.490625,0.9995014359571801,0.9995885800099471
hm-m2-g2-L5p3-n2-beta1__N0320__Aplus_0p0025,hm-m2-g2-L5p3-n2-beta1__N0320__Aminus_0p0025,hm-m2-g2-L5p3-n2-beta1,320,0.0025,91,1.5071875000000001,0.9994535218455689,0.9995486777675628
hm-m2-g2-L5p3-n2-beta1__N0320__Aplus_0p0025,hm-m2-g2-L5p3-n2-beta1__N0320__Aminus_0p0025,hm-m2-g2-L5p3-n2-beta1,320,0.0025,92,1.5237500000000002,0.9994058259424305,0.9995089514540114
hm-m2-g2-L5p3-n2-beta1__N0320__Aplus_0p0025,hm-m2-g2-L5p3-n2-beta1__N0320__Aminus_0p0025,hm-m2-g2-L5p3-n2-beta1,320,0.0025,93,1.5403125,0.9993583664658052,0.9994694163243266
hm-m2-g2-L5p3-n2-beta1__N0320__Aplus_0p0025,hm-m2-g2-L5p3-n2-beta1__N0320__Aminus_0p0025,hm-m2-g2-L5p3-n2-beta1,320,0.0025,94,1.556875,0.999311161529486,0.9994300875551111
hm-m2-g2-L5p3-n2-beta1__N0320__Aplus_0p0025,hm-m2-g2-L5p3-n2-beta1__N0320__Aminus_0p0025,hm-m2-g2-L5p3-n2-beta1,320,0.0025,95,1.5734375,0.9992642291363238,0.9993909802387867
hm-m2-g2-L5p3-n2-beta1__N0320__Aplus_0p0025,hm-m2-g2-L5p3-n2-beta1__N0320__Aminus_0p0025,hm-m2-g2-L5p3-n2-beta1,320,0.0025,96,1.59,0.9992175871715963,0.9993521093778848
hm-m2-g2-L5p3-n2-beta1__N0320__Aplus_0p0025,hm-m2-g2-L5p3-n2-beta1__N0320__Aminus_0p0025,hm-m2-g2-L5p3-n2-beta1,320,0.0025,97,1.6065625000000001,0.9991712533964381,0.9993134898793786
hm-m2-g2-L5p3-n2-beta1__N0320__Aplus_0p0025,hm-m2-g2-L5p3-n2-beta1__N0320__Aminus_0p0025,hm-m2-g2-L5p3-n2-beta1,320,0.0025,98,1.6231250000000002,0.9991252454413401,0.9992751365490572
hm-m2-g2-L5p3-n2-beta1__N0320__Aplus_0p0025,hm-m2-g2-L5p3-n2-beta1__N0320__Aminus_0p0025,hm-m2-g2-L5p3-n2-beta1,320,0.0025,99,1.6396875000000002,0.9990795807997149,0.9992370640859471
hm-m2-g2-L5p3-n2-beta1__N0320__Aplus_0p0025,hm-m2-g2-L5p3-n2-beta1__N0320__Aminus_0p0025,hm-m2-g2-L5p3-n2-beta1,320,0.0025,100,1.65625,0.9990342768215333,0.9991992870767806
hm-m2-g2-L5p3-n2-beta1__N0320__Aplus_0p0025,hm-m2-g2-L5p3-n2-beta1__N0320__Aminus_0p0025,hm-m2-g2-L5p3-n2-beta1,320,0.0025,101,1.6728125,0.9989893507070323,0.9991618199905129
hm-m2-g2-L5p3-n2-beta1__N0320__Aplus_0p0025,hm-m2-g2-L5p3-n2-beta1__N0320__Aminus_0p0025,hm-m2-g2-L5p3-n2-beta1,320,0.0025,102,1.689375,0.9989448195004967,0.9991246771728912
hm-m2-g2-L5p3-n2-beta1__N0320__Aplus_0p0025,hm-m2-g2-L5p3-n2-beta1__N0320__Aminus_0p0025,hm-m2-g2-L5p3-n2-beta1,320,0.0025,103,1.7059375,0.9989007000841169,0.9990878728410773
hm-m2-g2-L5p3-n2-beta1__N0320__Aplus_0p0025,hm-m2-g2-L5p3-n2-beta1__N0320__Aminus_0p0025,hm-m2-g2-L5p3-n2-beta1,320,0.0025,104,1.7225000000000001,0.9988570091719227,0.9990514210783232
hm-m2-g2-L5p3-n2-beta1__N0320__Aplus_0p0025,hm-m2-g2-L5p3-n2-beta1__N0320__Aminus_0p0025,hm-m2-g2-L5p3-n2-beta1,320,0.0025,105,1.7390625000000002,0.9988137633037968,0.9990153358287065
hm-m2-g2-L5p3-n2-beta1__N0320__Aplus_0p0025,hm-m2-g2-L5p3-n2-beta1__N0320__Aminus_0p0025,hm-m2-g2-L5p3-n2-beta1,320,0.0025,106,1.755625,0.9987709788395683,0.9989796308919218
hm-m2-g2-L5p3-n2-beta1__N0320__Aplus_0p0025,hm-m2-g2-L5p3-n2-beta1__N0320__Aminus_0p0025,hm-m2-g2-L5p3-n2-beta1,320,0.0025,107,1.7721875,0.9987286719531886,0.9989443199181333
hm-m2-g2-L5p3-n2-beta1__N0320__Aplus_0p0025,hm-m2-g2-L5p3-n2-beta1__N0320__Aminus_0p0025,hm-m2-g2-L5p3-n2-beta1,320,0.0025,108,1.78875,0.9986868586269894,0.9989094164028899
hm-m2-g2-L5p3-n2-beta1__N0320__Aplus_0p0025,hm-m2-g2-L5p3-n2-beta1__N0320__Aminus_0p0025,hm-m2-g2-L5p3-n2-beta1,320,0.0025,109,1.8053125,0.9986455546460277,0.9988749336821033
hm-m2-g2-L5p3-n2-beta1__N0320__Aplus_0p0025,hm-m2-g2-L5p3-n2-beta1__N0320__Aminus_0p0025,hm-m2-g2-L5p3-n2-beta1,320,0.0025,110,1.8218750000000001,0.998604775592515,0.9988408849270922
hm-m2-g2-L5p3-n2-beta1__N0320__Aplus_0p0025,hm-m2-g2-L5p3-n2-beta1__N0320__Aminus_0p0025,hm-m2-g2-L5p3-n2-beta1,320,0.0025,111,1.8384375000000002,0.998564536840336,0.9988072831396925
hm-m2-g2-L5p3-n2-beta1__N0320__Aplus_0p0025,hm-m2-g2-L5p3-n2-beta1__N0320__Aminus_0p0025,hm-m2-g2-L5p3-n2-beta1,320,0.0025,112,1.855,0.9985248535496541,0.9987741411474367
hm-m2-g2-L5p3-n2-beta1__N0320__Aplus_0p0025,hm-m2-g2-L5p3-n2-beta1__N0320__Aminus_0p0025,hm-m2-g2-L5p3-n2-beta1,320,0.0025,113,1.8715625,0.9984857406616097,0.9987414715988038
hm-m2-g2-L5p3-n2-beta1__N0320__Aplus_0p0025,hm-m2-g2-L5p3-n2-beta1__N0320__Aminus_0p0025,hm-m2-g2-L5p3-n2-beta1,320,0.0025,114,1.888125,0.9984472128931073,0.9987092869585401
hm-m2-g2-L5p3-n2-beta1__N0320__Aplus_0p0025,hm-m2-g2-L5p3-n2-beta1__N0320__Aminus_0p0025,hm-m2-g2-L5p3-n2-beta1,320,0.0025,115,1.9046875,0.9984092847316979,0.9986775995030539
hm-m2-g2-L5p3-n2-beta1__N0320__Aplus_0p0025,hm-m2-g2-L5p3-n2-beta1__N0320__Aminus_0p0025,hm-m2-g2-L5p3-n2-beta1,320,0.0025,116,1.9212500000000001,0.9983719704305519,0.9986464213158841
hm-m2-g2-L5p3-n2-beta1__N0320__Aplus_0p0025,hm-m2-g2-L5p3-n2-beta1__N0320__Aminus_0p0025,hm-m2-g2-L5p3-n2-beta1,320,0.0025,117,1.9378125000000002,0.9983352840035307,0.9986157642832456
hm-m2-g2-L5p3-n2-beta1__N0320__Aplus_0p0025,hm-m2-g2-L5p3-n2-beta1__N0320__Aminus_0p0025,hm-m2-g2-L5p3-n2-beta1,320,0.0025,118,1.9543750000000002,0.9982992392203502,0.9985856400896519
hm-m2-g2-L5p3-n2-beta1__N0320__Aplus_0p0025,hm-m2-g2-L5p3-n2-beta1__N0320__Aminus_0p0025,hm-m2-g2-L5p3-n2-beta1,320,0.0025,119,1.9709375,0.9982638496018444,0.9985560602136164
hm-m2-g2-L5p3-n2-beta1__N0320__Aplus_0p0025,hm-m2-g2-L5p3-n2-beta1__N0320__Aminus_0p0025,hm-m2-g2-L5p3-n2-beta1,320,0.0025,120,1.9875,0.9982291284153253,0.9985270359234343
hm-m2-g2-L5p3-n2-beta1__N0320__Aplus_0p0025,hm-m2-g2-L5p3-n2-beta1__N0320__Aminus_0p0025,hm-m2-g2-L5p3-n2-beta1,320,0.0025,121,2.0040625000000003,0.9981950886700408,0.9984985782730459
hm-m2-g2-L5p3-n2-beta1__N0320__Aplus_0p0025,hm-m2-g2-L5p3-n2-beta1__N0320__Aminus_0p0025,hm-m2-g2-L5p3-n2-beta1,320,0.0025,122,2.020625,0.9981617431127348,0.9984706980979825
hm-m2-g2-L5p3-n2-beta1__N0320__Aplus_0p0025,hm-m2-g2-L5p3-n2-beta1__N0320__Aminus_0p0025,hm-m2-g2-L5p3-n2-beta1,320,0.0025,123,2.0371875,0.9981291042233048,0.9984434060113968
hm-m2-g2-L5p3-n2-beta1__N0320__Aplus_0p0025,hm-m2-g2-L5p3-n2-beta1__N0320__Aminus_0p0025,hm-m2-g2-L5p3-n2-beta1,320,0.0025,124,2.05375,0.9980971842105634,0.9984167124001778
hm-m2-g2-L5p3-n2-beta1__N0320__Aplus_0p0025,hm-m2-g2-L5p3-n2-beta1__N0320__Aminus_0p0025,hm-m2-g2-L5p3-n2-beta1,320,0.0025,125,2.0703125,0.9980659950081,0.9983906274211533
hm-m2-g2-L5p3-n2-beta1__N0320__Aplus_0p0025,hm-m2-g2-L5p3-n2-beta1__N0320__Aminus_0p0025,hm-m2-g2-L5p3-n2-beta1,320,0.0025,126,2.086875,0.9980355482702463,0.9983651609973785
hm-m2-g2-L5p3-n2-beta1__N0320__Aplus_0p0025,hm-m2-g2-L5p3-n2-beta1__N0320__Aminus_0p0025,hm-m2-g2-L5p3-n2-beta1,320,0.0025,127,2.1034375,0.9980058553681452,0.998340322814515
hm-m2-g2-L5p3-n2-beta1__N0320__Aplus_0p0025,hm-m2-g2-L5p3-n2-beta1__N0320__Aminus_0p0025,hm-m2-g2-L5p3-n2-beta1,320,0.0025,128,2.12,0.9979769273859243,0.9983161223172984
hm-m2-g2-L5p3-n2-beta1__N0320__Aplus_0p0025,hm-m2-g2-L5p3-n2-beta1__N0320__Aminus_0p0025,hm-m2-g2-L5p3-n2-beta1,320,0.0025,129,2.1365625,0.9979487751169724,0.9982925687060972
hm-m2-g2-L5p3-n2-beta1__N0320__Aplus_0p0025,hm-m2-g2-L5p3-n2-beta1__N0320__Aminus_0p0025,hm-m2-g2-L5p3-n2-beta1,320,0.0025,130,2.153125,0.997921409060325,0.9982696709335638
hm-m2-g2-L5p3-n2-beta1__N0320__Aplus_0p0025,hm-m2-g2-L5p3-n2-beta1__N0320__Aminus_0p0025,hm-m2-g2-L5p3-n2-beta1,320,0.0025,131,2.1696875,0.997894839417152,0.9982474377013775
hm-m2-g2-L5p3-n2-beta1__N0320__Aplus_0p0025,hm-m2-g2-L5p3-n2-beta1__N0320__Aminus_0p0025,hm-m2-g2-L5p3-n2-beta1,320,0.0025,132,2.1862500000000002,0.9978690760873548,0.9982258774570828
hm-m2-g2-L5p3-n2-beta1__N0320__Aplus_0p0025,hm-m2-g2-L5p3-n2-beta1__N0320__Aminus_0p0025,hm-m2-g2-L5p3-n2-beta1,320,0.0025,133,2.2028125000000003,0.9978441286662693,0.9982049983910215
hm-m2-g2-L5p3-n2-beta1__N0320__Aplus_0p0025,hm-m2-g2-L5p3-n2-beta1__N0320__Aminus_0p0025,hm-m2-g2-L5p3-n2-beta1,320,0.0025,134,2.2193750000000003,0.9978200064414768,0.9981848084333605
hm-m2-g2-L5p3-n2-beta1__N0320__Aplus_0p0025,hm-m2-g2-L5p3-n2-beta1__N0320__Aminus_0p0025,hm-m2-g2-L5p3-n2-beta1,320,0.0025,135,2.2359375,0.9977967183897235,0.9981653152512161
hm-m2-g2-L5p3-n2-beta1__N0320__Aplus_0p0025,hm-m2-g2-L5p3-n2-beta1__N0320__Aminus_0p0025,hm-m2-g2-L5p3-n2-beta1,320,0.0025,136,2.2525,0.9977742731739474,0.9981465262458763
hm-m2-g2-L5p3-n2-beta1__N0320__Aplus_0p0025,hm-m2-g2-L5p3-n2-beta1__N0320__Aminus_0p0025,hm-m2-g2-L5p3-n2-beta1,320,0.0025,137,2.2690625,0.9977526791404155,0.998128448550121
hm-m2-g2-L5p3-n2-beta1__N0320__Aplus_0p0025,hm-m2-g2-L5p3-n2-beta1__N0320__Aminus_0p0025,hm-m2-g2-L5p3-n2-beta1,320,0.0025,138,2.285625,0.99773194431597,0.99811108902564
hm-m2-g2-L5p3-n2-beta1__N0320__Aplus_0p0025,hm-m2-g2-L5p3-n2-beta1__N0320__Aminus_0p0025,hm-m2-g2-L5p3-n2-beta1,320,0.0025,139,2.3021875,0.9977120764053837,0.9980944542605535
hm-m2-g2-L5p3-n2-beta1__N0320__Aplus_0p0025,hm-m2-g2-L5p3-n2-beta1__N0320__Aminus_0p0025,hm-m2-g2-L5p3-n2-beta1,320,0.0025,140,2.31875,0.9976930827888265,0.9980785505670292
hm-m2-g2-L5p3-n2-beta1__N0320__Aplus_0p0025,hm-m2-g2-L5p3-n2-beta1__N0320__Aminus_0p0025,hm-m2-g2-L5p3-n2-beta1,320,0.0025,141,2.3353125,0.9976749705194413,0.9980633839790044
hm-m2-g2-L5p3-n2-beta1__N0320__Aplus_0p0025,hm-m2-g2-L5p3-n2-beta1__N0320__Aminus_0p0025,hm-m2-g2-L5p3-n2-beta1,320,0.0025,142,2.351875,0.9976577463210322,0.9980489602500064
hm-m2-g2-L5p3-n2-beta1__N0320__Aplus_0p0025,hm-m2-g2-L5p3-n2-beta1__N0320__Aminus_0p0025,hm-m2-g2-L5p3-n2-beta1,320,0.0025,143,2.3684375,0.9976414165858618,0.998035284851078
hm-m2-g2-L5p3-n2-beta1__N0320__Aplus_0p0025,hm-m2-g2-L5p3-n2-beta1__N0320__Aminus_0p0025,hm-m2-g2-L5p3-n2-beta1,320,0.0025,144,2.3850000000000002,0.9976259873725618,0.9980223629688038
hm-m2-g2-L5p3-n2-beta1__N0320__Aplus_0p0025,hm-m2-g2-L5p3-n2-beta1__N0320__Aminus_0p0025,hm-m2-g2-L5p3-n2-beta1,320,0.0025,145,2.4015625000000003,0.997611464404154,0.9980101995034414
hm-m2-g2-L5p3-n2-beta1__N0320__Aplus_0p0025,hm-m2-g2-L5p3-n2-beta1__N0320__Aminus_0p0025,hm-m2-g2-L5p3-n2-beta1,320,0.0025,146,2.4181250000000003,0.9975978530661836,0.9979987990671562
hm-m2-g2-L5p3-n2-beta1__N0320__Aplus_0p0025,hm-m2-g2-L5p3-n2-beta1__N0320__Aminus_0p0025,hm-m2-g2-L5p3-n2-beta1,320,0.0025,147,2.4346875000000003,0.9975851584049645,0.9979881659823608
hm-m2-g2-L5p3-n2-beta1__N0320__Aplus_0p0025,hm-m2-g2-L5p3-n2-beta1__N0320__Aminus_0p0025,hm-m2-g2-L5p3-n2-beta1,320,0.0025,148,2.45125,0.9975733851259369,0.9979783042801591
hm-m2-g2-L5p3-n2-beta1__N0320__Aplus_0p0025,hm-m2-g2-L5p3-n2-beta1__N0320__Aminus_0p0025,hm-m2-g2-L5p3-n2-beta1,320,0.0025,149,2.4678125,0.9975625375921373,0.9979692176988951
hm-m2-g2-L5p3-n2-beta1__N0320__Aplus_0p0025,hm-m2-g2-L5p3-n2-beta1__N0320__Aminus_0p0025,hm-m2-g2-L5p3-n2-beta1,320,0.0025,150,2.484375,0.9975526198227814,0.9979609096828098
hm-m2-g2-L5p3-n2-beta1__N0320__Aplus_0p0025,hm-m2-g2-L5p3-n2-beta1__N0320__Aminus_0p0025,hm-m2-g2-L5p3-n2-beta1,320,0.0025,151,2.5009375,0.9975436354919598,0.9979533833808023
hm-m2-g2-L5p3-n2-beta1__N0320__Aplus_0p0025,hm-m2-g2-L5p3-n2-beta1__N0320__Aminus_0p0025,hm-m2-g2-L5p3-n2-beta1,320,0.0025,152,2.5175,0.9975355879274459,0.9979466416452974
hm-m2-g2-L5p3-n2-beta1__N0320__Aplus_0p0025,hm-m2-g2-L5p3-n2-beta1__N0320__Aminus_0p0025,hm-m2-g2-L5p3-n2-beta1,320,0.0025,153,2.5340625,0.9975284801096185,0.9979406870312214
hm-m2-g2-L5p3-n2-beta1__N0320__Aplus_0p0025,hm-m2-g2-L5p3-n2-beta1__N0320__Aminus_0p0025,hm-m2-g2-L5p3-n2-beta1,320,0.0025,154,2.550625,0.9975223146704952,0.9979355217950842
hm-m2-g2-L5p3-n2-beta1__N0320__Aplus_0p0025,hm-m2-g2-L5p3-n2-beta1__N0320__Aminus_0p0025,hm-m2-g2-L5p3-n2-beta1,320,0.0025,155,2.5671875,0.9975170938928825,0.9979311478941679
hm-m2-g2-L5p3-n2-beta1__N0320__Aplus_0p0025,hm-m2-g2-L5p3-n2-beta1__N0320__Aminus_0p0025,hm-m2-g2-L5p3-n2-beta1,320,0.0025,156,2.58375,0.9975128197096349,0.997927566985826
hm-m2-g2-L5p3-n2-beta1__N0320__Aplus_0p0025,hm-m2-g2-L5p3-n2-beta1__N0320__Aminus_0p0025,hm-m2-g2-L5p3-n2-beta1,320,0.0025,157,2.6003125000000002,0.9975094937030321,0.9979247804268863
hm-m2-g2-L5p3-n2-beta1__N0320__Aplus_0p0025,hm-m2-g2-L5p3-n2-beta1__N0320__Aminus_0p0025,hm-m2-g2-L5p3-n2-beta1,320,0.0025,158,2.6168750000000003,0.9975071171042664,0.9979227892731645
hm-m2-g2-L5p3-n2-beta1__N0320__Aplus_0p0025,hm-m2-g2-L5p3-n2-beta1__N0320__Aminus_0p0025,hm-m2-g2-L5p3-n2-beta1,320,0.0025,159,2.6334375000000003,0.997505690793045,0.997921594279086
hm-m2-g2-L5p3-n2-beta1__N0320__Aplus_0p0025,hm-m2-g2-L5p3-n2-beta1__N0320__Aminus_0p0025,hm-m2-g2-L5p3-n2-beta1,320,0.0025,160,2.6500000000000004,0.9975052152973058,0.9979211958974139
hm-m2-g2-L5p3-n2-beta1__N0320__Aplus_0p0025,hm-m2-g2-L5p3-n2-beta1__N0320__Aminus_0p0025,hm-m2-g2-L5p3-n2-beta1,320,0.0025,161,2.6665625,0.9975056907930474,0.9979215942790876
hm-m2-g2-L5p3-n2-beta1__N0320__Aplus_0p0025,hm-m2-g2-L5p3-n2-beta1__N0320__Aminus_0p0025,hm-m2-g2-L5p3-n2-beta1,320,0.0025,162,2.683125,0.9975071171042713,0.9979227892731676
hm-m2-g2-L5p3-n2-beta1__N0320__Aplus_0p0025,hm-m2-g2-L5p3-n2-beta1__N0320__Aminus_0p0025,hm-m2-g2-L5p3-n2-beta1,320,0.0025,163,2.6996875,0.9975094937030394,0.9979247804268908
hm-m2-g2-L5p3-n2-beta1__N0320__Aplus_0p0025,hm-m2-g2-L5p3-n2-beta1__N0320__Aminus_0p0025,hm-m2-g2-L5p3-n2-beta1,320,0.0025,164,2.71625,0.9975128197096447,0.9979275669858321
hm-m2-g2-L5p3-n2-beta1__N0320__Aplus_0p0025,hm-m2-g2-L5p3-n2-beta1__N0320__Aminus_0p0025,hm-m2-g2-L5p3-n2-beta1,320,0.0025,165,2.7328125,0.9975170938928947,0.9979311478941755
hm-m2-g2-L5p3-n2-beta1__N0320__Aplus_0p0025,hm-m2-g2-L5p3-n2-beta1__N0320__Aminus_0p0025,hm-m2-g2-L5p3-n2-beta1,320,0.0025,166,2.749375,0.99752231467051,0.997935521795093
hm-m2-g2-L5p3-n2-beta1__N0320__Aplus_0p0025,hm-m2-g2-L5p3-n2-beta1__N0320__Aminus_0p0025,hm-m2-g2-L5p3-n2-beta1,320,0.0025,167,2.7659375,0.9975284801096355,0.9979406870312317
hm-m2-g2-L5p3-n2-beta1__N0320__Aplus_0p0025,hm-m2-g2-L5p3-n2-beta1__N0320__Aminus_0p0025,hm-m2-g2-L5p3-n2-beta1,320,0.0025,168,2.7825,0.9975355879274654,0.9979466416453091
hm-m2-g2-L5p3-n2-beta1__N0320__Aplus_0p0025,hm-m2-g2-L5p3-n2-beta1__N0320__Aminus_0p0025,hm-m2-g2-L5p3-n2-beta1,320,0.0025,169,2.7990625000000002,0.9975436354919817,0.9979533833808154
hm-m2-g2-L5p3-n2-beta1__N0320__Aplus_0p0025,hm-m2-g2-L5p3-n2-beta1__N0320__Aminus_0p0025,hm-m2-g2-L5p3-n2-beta1,320,0.0025,170,2.8156250000000003,0.9975526198228057,0.9979609096828244
hm-m2-g2-L5p3-n2-beta1__N0320__Aplus_0p0025,hm-m2-g2-L5p3-n2-beta1__N0320__Aminus_0p0025,hm-m2-g2-L5p3-n2-beta1,320,0.0025,171,2.8321875000000003,0.997562537592164,0.9979692176989109
hm-m2-g2-L5p3-n2-beta1__N0320__Aplus_0p0025,hm-m2-g2-L5p3-n2-beta1__N0320__Aminus_0p0025,hm-m2-g2-L5p3-n2-beta1,320,0.0025,172,2.8487500000000003,0.9975733851259659,0.9979783042801761
hm-m2-g2-L5p3-n2-beta1__N0320__Aplus_0p0025,hm-m2-g2-L5p3-n2-beta1__N0320__Aminus_0p0025,hm-m2-g2-L5p3-n2-beta1,320,0.0025,173,2.8653125,0.997585158404996,0.9979881659823793
hm-m2-g2-L5p3-n2-beta1__N0320__Aplus_0p0025,hm-m2-g2-L5p3-n2-beta1__N0320__Aminus_0p0025,hm-m2-g2-L5p3-n2-beta1,320,0.0025,174,2.881875,0.9975978530662174,0.9979987990671757
hm-m2-g2-L5p3-n2-beta1__N0320__Aplus_0p0025,hm-m2-g2-L5p3-n2-beta1__N0320__Aminus_0p0025,hm-m2-g2-L5p3-n2-beta1,320,0.0025,175,2.8984375,0.9976114644041901,0.9980101995034619
hm-m2-g2-L5p3-n2-beta1__N0320__Aplus_0p0025,hm-m2-g2-L5p3-n2-beta1__N0320__Aminus_0p0025,hm-m2-g2-L5p3-n2-beta1,320,0.0025,176,2.915,0.9976259873726002,0.9980223629688255
hm-m2-g2-L5p3-n2-beta1__N0320__Aplus_0p0025,hm-m2-g2-L5p3-n2-beta1__N0320__Aminus_0p0025,hm-m2-g2-L5p3-n2-beta1,320,0.0025,177,2.9315625,0.9976414165859024,0.998035284851101
hm-m2-g2-L5p3-n2-beta1__N0320__Aplus_0p0025,hm-m2-g2-L5p3-n2-beta1__N0320__Aminus_0p0025,hm-m2-g2-L5p3-n2-beta1,320,0.0025,178,2.948125,0.9976577463210751,0.9980489602500306
hm-m2-g2-L5p3-n2-beta1__N0320__Aplus_0p0025,hm-m2-g2-L5p3-n2-beta1__N0320__Aminus_0p0025,hm-m2-g2-L5p3-n2-beta1,320,0.0025,179,2.9646875,0.9976749705194865,0.9980633839790297
hm-m2-g2-L5p3-n2-beta1__N0320__Aplus_0p0025,hm-m2-g2-L5p3-n2-beta1__N0320__Aminus_0p0025,hm-m2-g2-L5p3-n2-beta1,320,0.0025,180,2.98125,0.9976930827888738,0.9980785505670555
hm-m2-g2-L5p3-n2-beta1__N0320__Aplus_0p0025,hm-m2-g2-L5p3-n2-beta1__N0320__Aminus_0p0025,hm-m2-g2-L5p3-n2-beta1,320,0.0025,181,2.9978125,0.9977120764054332,0.9980944542605805
hm-m2-g2-L5p3-n2-beta1__N0320__Aplus_0p0025,hm-m2-g2-L5p3-n2-beta1__N0320__Aminus_0p0025,hm-m2-g2-L5p3-n2-beta1,320,0.0025,182,3.0143750000000002,0.9977319443160217,0.9981110890256681
hm-m2-g2-L5p3-n2-beta1__N0320__Aplus_0p0025,hm-m2-g2-L5p3-n2-beta1__N0320__Aminus_0p0025,hm-m2-g2-L5p3-n2-beta1,320,0.0025,183,3.0309375000000003,0.9977526791404694,0.9981284485501501
hm-m2-g2-L5p3-n2-beta1__N0320__Aplus_0p0025,hm-m2-g2-L5p3-n2-beta1__N0320__Aminus_0p0025,hm-m2-g2-L5p3-n2-beta1,320,0.0025,184,3.0475000000000003,0.9977742731740034,0.9981465262459066
hm-m2-g2-L5p3-n2-beta1__N0320__Aplus_0p0025,hm-m2-g2-L5p3-n2-beta1__N0320__Aminus_0p0025,hm-m2-g2-L5p3-n2-beta1,320,0.0025,185,3.0640625000000004,0.9977967183897816,0.9981653152512474
hm-m2-g2-L5p3-n2-beta1__N0320__Aplus_0p0025,hm-m2-g2-L5p3-n2-beta1__N0320__Aminus_0p0025,hm-m2-g2-L5p3-n2-beta1,320,0.0025,186,3.080625,0.997820006441537,0.9981848084333927
hm-m2-g2-L5p3-n2-beta1__N0320__Aplus_0p0025,hm-m2-g2-L5p3-n2-beta1__N0320__Aminus_0p0025,hm-m2-g2-L5p3-n2-beta1,320,0.0025,187,3.0971875,0.9978441286663313,0.9982049983910549
hm-m2-g2-L5p3-n2-beta1__N0320__Aplus_0p0025,hm-m2-g2-L5p3-n2-beta1__N0320__Aminus_0p0025,hm-m2-g2-L5p3-n2-beta1,320,0.0025,188,3.11375,0.9978690760874188,0.9982258774571172
hm-m2-g2-L5p3-n2-beta1__N0320__Aplus_0p0025,hm-m2-g2-L5p3-n2-beta1__N0320__Aminus_0p0025,hm-m2-g2-L5p3-n2-beta1,320,0.0025,189,3.1303125,0.9978948394172179,0.9982474377014129
hm-m2-g2-L5p3-n2-beta1__N0320__Aplus_0p0025,hm-m2-g2-L5p3-n2-beta1__N0320__Aminus_0p0025,hm-m2-g2-L5p3-n2-beta1,320,0.0025,190,3.146875,0.9979214090603928,0.9982696709336003
hm-m2-g2-L5p3-n2-beta1__N0320__Aplus_0p0025,hm-m2-g2-L5p3-n2-beta1__N0320__Aminus_0p0025,hm-m2-g2-L5p3-n2-beta1,320,0.0025,191,3.1634375,0.9979487751170422,0.9982925687061348
hm-m2-g2-L5p3-n2-beta1__N0320__Aplus_0p0025,hm-m2-g2-L5p3-n2-beta1__N0320__Aminus_0p0025,hm-m2-g2-L5p3-n2-beta1,320,0.0025,192,3.18,0.9979769273859959,0.9983161223173371
hm-m2-g2-L5p3-n2-beta1__N0320__Aplus_0p0025,hm-m2-g2-L5p3-n2-beta1__N0320__Aminus_0p0025,hm-m2-g2-L5p3-n2-beta1,320,0.0025,193,3.1965625,0.9980058553682186,0.9983403228145546
hm-m2-g2-L5p3-n2-beta1__N0320__Aplus_0p0025,hm-m2-g2-L5p3-n2-beta1__N0320__Aminus_0p0025,hm-m2-g2-L5p3-n2-beta1,320,0.0025,194,3.2131250000000002,0.9980355482703214,0.998365160997419
hm-m2-g2-L5p3-n2-beta1__N0320__Aplus_0p0025,hm-m2-g2-L5p3-n2-beta1__N0320__Aminus_0p0025,hm-m2-g2-L5p3-n2-beta1,320,0.0025,195,3.2296875000000003,0.9980659950081768,0.998390627421195
hm-m2-g2-L5p3-n2-beta1__N0320__Aplus_0p0025,hm-m2-g2-L5p3-n2-beta1__N0320__Aminus_0p0025,hm-m2-g2-L5p3-n2-beta1,320,0.0025,196,3.2462500000000003,0.9980971842106419,0.998416712400221
hm-m2-g2-L5p3-n2-beta1__N0320__Aplus_0p0025,hm-m2-g2-L5p3-n2-beta1__N0320__Aminus_0p0025,hm-m2-g2-L5p3-n2-beta1,320,0.0025,197,3.2628125000000003,0.998129104223385,0.9984434060114413
hm-m2-g2-L5p3-n2-beta1__N0320__Aplus_0p0025,hm-m2-g2-L5p3-n2-beta1__N0320__Aminus_0p0025,hm-m2-g2-L5p3-n2-beta1,320,0.0025,198,3.2793750000000004,0.9981617431128165,0.9984706980980285
hm-m2-g2-L5p3-n2-beta1__N0320__Aplus_0p0025,hm-m2-g2-L5p3-n2-beta1__N0320__Aminus_0p0025,hm-m2-g2-L5p3-n2-beta1,320,0.0025,199,3.2959375,0.9981950886701241,0.9984985782730934
hm-m2-g2-L5p3-n2-beta1__N0320__Aplus_0p0025,hm-m2-g2-L5p3-n2-beta1__N0320__Aminus_0p0025,hm-m2-g2-L5p3-n2-beta1,320,0.0025,200,3.3125,0.99822912841541,0.9985270359234835
hm-m2-g2-L5p3-n2-beta1__N0320__Aplus_0p0025,hm-m2-g2-L5p3-n2-beta1__N0320__Aminus_0p0025,hm-m2-g2-L5p3-n2-beta1,320,0.0025,201,3.3290625,0.9982638496019307,0.9985560602136675
hm-m2-g2-L5p3-n2-beta1__N0320__Aplus_0p0025,hm-m2-g2-L5p3-n2-beta1__N0320__Aminus_0p0025,hm-m2-g2-L5p3-n2-beta1,320,0.0025,202,3.345625,0.9982992392204378,0.9985856400897047
hm-m2-g2-L5p3-n2-beta1__N0320__Aplus_0p0025,hm-m2-g2-L5p3-n2-beta1__N0320__Aminus_0p0025,hm-m2-g2-L5p3-n2-beta1,320,0.0025,203,3.3621875,0.9983352840036196,0.9986157642833002
hm-m2-g2-L5p3-n2-beta1__N0320__Aplus_0p0025,hm-m2-g2-L5p3-n2-beta1__N0320__Aminus_0p0025,hm-m2-g2-L5p3-n2-beta1,320,0.0025,204,3.37875,0.9983719704306423,0.9986464213159405
hm-m2-g2-L5p3-n2-beta1__N0320__Aplus_0p0025,hm-m2-g2-L5p3-n2-beta1__N0320__Aminus_0p0025,hm-m2-g2-L5p3-n2-beta1,320,0.0025,205,3.3953125,0.9984092847317894,0.9986775995031121
hm-m2-g2-L5p3-n2-beta1__N0320__Aplus_0p0025,hm-m2-g2-L5p3-n2-beta1__N0320__Aminus_0p0025,hm-m2-g2-L5p3-n2-beta1,320,0.0025,206,3.411875,0.9984472128932002,0.9987092869586001
hm-m2-g2-L5p3-n2-beta1__N0320__Aplus_0p0025,hm-m2-g2-L5p3-n2-beta1__N0320__Aminus_0p0025,hm-m2-g2-L5p3-n2-beta1,320,0.0025,207,3.4284375000000002,0.9984857406617036,0.9987414715988652
hm-m2-g2-L5p3-n2-beta1__N0320__Aplus_0p0025,hm-m2-g2-L5p3-n2-beta1__N0320__Aminus_0p0025,hm-m2-g2-L5p3-n2-beta1,320,0.0025,208,3.4450000000000003,0.9985248535497492,0.9987741411474996
hm-m2-g2-L5p3-n2-beta1__N0320__Aplus_0p0025,hm-m2-g2-L5p3-n2-beta1__N0320__Aminus_0p0025,hm-m2-g2-L5p3-n2-beta1,320,0.0025,209,3.4615625000000003,0.9985645368404321,0.9988072831397572
hm-m2-g2-L5p3-n2-beta1__N0320__Aplus_0p0025,hm-m2-g2-L5p3-n2-beta1__N0320__Aminus_0p0025,hm-m2-g2-L5p3-n2-beta1,320,0.0025,210,3.4781250000000004,0.9986047755926123,0.9988408849271587
hm-m2-g2-L5p3-n2-beta1__N0320__Aplus_0p0025,hm-m2-g2-L5p3-n2-beta1__N0320__Aminus_0p0025,hm-m2-g2-L5p3-n2-beta1,320,0.0025,211,3.4946875000000004,0.9986455546461259,0.9988749336821715
hm-m2-g2-L5p3-n2-beta1__N0320__Aplus_0p0025,hm-m2-g2-L5p3-n2-beta1__N0320__Aminus_0p0025,hm-m2-g2-L5p3-n2-beta1,320,0.0025,212,3.51125,0.9986868586270886,0.9989094164029598
hm-m2-g2-L5p3-n2-beta1__N0320__Aplus_0p0025,hm-m2-g2-L5p3-n2-beta1__N0320__Aminus_0p0025,hm-m2-g2-L5p3-n2-beta1,320,0.0025,213,3.5278125,0.9987286719532886,0.9989443199182052
hm-m2-g2-L5p3-n2-beta1__N0320__Aplus_0p0025,hm-m2-g2-L5p3-n2-beta1__N0320__Aminus_0p0025,hm-m2-g2-L5p3-n2-beta1,320,0.0025,214,3.544375,0.9987709788396694,0.9989796308919956
hm-m2-g2-L5p3-n2-beta1__N0320__Aplus_0p0025,hm-m2-g2-L5p3-n2-beta1__N0320__Aminus_0p0025,hm-m2-g2-L5p3-n2-beta1,320,0.0025,215,3.5609375,0.9988137633038986,0.9990153358287824
hm-m2-g2-L5p3-n2-beta1__N0320__Aplus_0p0025,hm-m2-g2-L5p3-n2-beta1__N0320__Aminus_0p0025,hm-m2-g2-L5p3-n2-beta1,320,0.0025,216,3.5775,0.9988570091720252,0.999051421078401
hm-m2-g2-L5p3-n2-beta1__N0320__Aplus_0p0025,hm-m2-g2-L5p3-n2-beta1__N0320__Aminus_0p0025,hm-m2-g2-L5p3-n2-beta1,320,0.0025,217,3.5940625,0.9989007000842202,0.9990878728411569
hm-m2-g2-L5p3-n2-beta1__N0320__Aplus_0p0025,hm-m2-g2-L5p3-n2-beta1__N0320__Aminus_0p0025,hm-m2-g2-L5p3-n2-beta1,320,0.0025,218,3.610625,0.9989448195006008,0.9991246771729729
hm-m2-g2-L5p3-n2-beta1__N0320__Aplus_0p0025,hm-m2-g2-L5p3-n2-beta1__N0320__Aminus_0p0025,hm-m2-g2-L5p3-n2-beta1,320,0.0025,219,3.6271875000000002,0.9989893507071369,0.9991618199905965
hm-m2-g2-L5p3-n2-beta1__N0320__Aplus_0p0025,hm-m2-g2-L5p3-n2-beta1__N0320__Aminus_0p0025,hm-m2-g2-L5p3-n2-beta1,320,0.0025,220,3.6437500000000003,0.9990342768216386,0.9991992870768663
hm-m2-g2-L5p3-n2-beta1__N0320__Aplus_0p0025,hm-m2-g2-L5p3-n2-beta1__N0320__Aminus_0p0025,hm-m2-g2-L5p3-n2-beta1,320,0.0025,221,3.6603125000000003,0.9990795807998207,0.9992370640860351
hm-m2-g2-L5p3-n2-beta1__N0320__Aplus_0p0025,hm-m2-g2-L5p3-n2-beta1__N0320__Aminus_0p0025,hm-m2-g2-L5p3-n2-beta1,320,0.0025,222,3.6768750000000003,0.9991252454414464,0.9992751365491472
hm-m2-g2-L5p3-n2-beta1__N0320__Aplus_0p0025,hm-m2-g2-L5p3-n2-beta1__N0320__Aminus_0p0025,hm-m2-g2-L5p3-n2-beta1,320,0.0025,223,3.6934375000000004,0.9991712533965449,0.9993134898794709
hm-m2-g2-L5p3-n2-beta1__N0320__Aplus_0p0025,hm-m2-g2-L5p3-n2-beta1__N0320__Aminus_0p0025,hm-m2-g2-L5p3-n2-beta1,320,0.0025,224,3.71,0.9992175871717035,0.999352109377979
hm-m2-g2-L5p3-n2-beta1__N0320__Aplus_0p0025,hm-m2-g2-L5p3-n2-beta1__N0320__Aminus_0p0025,hm-m2-g2-L5p3-n2-beta1,320,0.0025,225,3.7265625,0.9992642291364315,0.9993909802388824
hm-m2-g2-L5p3-n2-beta1__N0320__Aplus_0p0025,hm-m2-g2-L5p3-n2-beta1__N0320__Aminus_0p0025,hm-m2-g2-L5p3-n2-beta1,320,0.0025,226,3.743125,0.999311161529594,0.9994300875552085
hm-m2-g2-L5p3-n2-beta1__N0320__Aplus_0p0025,hm-m2-g2-L5p3-n2-beta1__N0320__Aminus_0p0025,hm-m2-g2-L5p3-n2-beta1,320,0.0025,227,3.7596875,0.9993583664659136,0.9994694163244258
hm-m2-g2-L5p3-n2-beta1__N0320__Aplus_0p0025,hm-m2-g2-L5p3-n2-beta1__N0320__Aminus_0p0025,hm-m2-g2-L5p3-n2-beta1,320,0.0025,228,3.77625,0.9994058259425391,0.9995089514541121
hm-m2-g2-L5p3-n2-beta1__N0320__Aplus_0p0025,hm-m2-g2-L5p3-n2-beta1__N0320__Aminus_0p0025,hm-m2-g2-L5p3-n2-beta1,320,0.0025,229,3.7928125,0.9994535218456777,0.9995486777676651
hm-m2-g2-L5p3-n2-beta1__N0320__Aplus_0p0025,hm-m2-g2-L5p3-n2-beta1__N0320__Aminus_0p0025,hm-m2-g2-L5p3-n2-beta1,320,0.0025,230,3.809375,0.9995014359572892,0.9995885800100509
hm-m2-g2-L5p3-n2-beta1__N0320__Aplus_0p0025,hm-m2-g2-L5p3-n2-beta1__N0320__Aminus_0p0025,hm-m2-g2-L5p3-n2-beta1,320,0.0025,231,3.8259375,0.999549549961841,0.9996286428535912
hm-m2-g2-L5p3-n2-beta1__N0320__Aplus_0p0025,hm-m2-g2-L5p3-n2-beta1__N0320__Aminus_0p0025,hm-m2-g2-L5p3-n2-beta1,320,0.0025,232,3.8425000000000002,0.9995978454531198,0.9996688509037849
hm-m2-g2-L5p3-n2-beta1__N0320__Aplus_0p0025,hm-m2-g2-L5p3-n2-beta1__N0320__Aminus_0p0025,hm-m2-g2-L5p3-n2-beta1,320,0.0025,233,3.8590625000000003,0.9996463039411007,0.9997091887051643
hm-m2-g2-L5p3-n2-beta1__N0320__Aplus_0p0025,hm-m2-g2-L5p3-n2-beta1__N0320__Aminus_0p0025,hm-m2-g2-L5p3-n2-beta1,320,0.0025,234,3.8756250000000003,0.9996949068588671,0.9997496407471808
hm-m2-g2-L5p3-n2-beta1__N0320__Aplus_0p0025,hm-m2-g2-L5p3-n2-beta1__N0320__Aminus_0p0025,hm-m2-g2-L5p3-n2-beta1,320,0.0025,235,3.8921875000000004,0.9997436355695848,0.9997901914701209
hm-m2-g2-L5p3-n2-beta1__N0320__Aplus_0p0025,hm-m2-g2-L5p3-n2-beta1__N0320__Aminus_0p0025,hm-m2-g2-L5p3-n2-beta1,320,0.0025,236,3.9087500000000004,0.9997924713735215,0.9998308252710492
hm-m2-g2-L5p3-n2-beta1__N0320__Aplus_0p0025,hm-m2-g2-L5p3-n2-beta1__N0320__Aminus_0p0025,hm-m2-g2-L5p3-n2-beta1,320,0.0025,237,3.9253125,0.9998413955151149,0.9998715265097734
hm-m2-g2-L5p3-n2-beta1__N0320__Aplus_0p0025,hm-m2-g2-L5p3-n2-beta1__N0320__Aminus_0p0025,hm-m2-g2-L5p3-n2-beta1,320,0.0025,238,3.941875,0.999890389190084,0.999912279514836
hm-m2-g2-L5p3-n2-beta1__N0320__Aplus_0p0025,hm-m2-g2-L5p3-n2-beta1__N0320__Aminus_0p0025,hm-m2-g2-L5p3-n2-beta1,320,0.0025,239,3.9584375,0.9999394335525811,0.9999530685895216
hm-m2-g2-L5p3-n2-beta1__N0320__Aplus_0p0025,hm-m2-g2-L5p3-n2-beta1__N0320__Aminus_0p0025,hm-m2-g2-L5p3-n2-beta1,320,0.0025,240,3.975,0.9999885097223824,0.999993878017886
hm-m2-g2-L5p3-n2-beta1__N0320__Aplus_0p0025,hm-m2-g2-L5p3-n2-beta1__N0320__Aminus_0p0025,hm-m2-g2-L5p3-n2-beta1,320,0.0025,241,3.9915625,1.0000375987921162,1.0000346920707974
hm-m2-g2-L5p3-n2-beta1__N0320__Aplus_0p0025,hm-m2-g2-L5p3-n2-beta1__N0320__Aminus_0p0025,hm-m2-g2-L5p3-n2-beta1,320,0.0025,242,4.008125000000001,1.0000866818345222,1.0000754950119943
hm-m2-g2-L5p3-n2-beta1__N0320__Aplus_0p0025,hm-m2-g2-L5p3-n2-beta1__N0320__Aminus_0p0025,hm-m2-g2-L5p3-n2-beta1,320,0.0025,243,4.024687500000001,1.0001357399097428,1.0001162711041518
hm-m2-g2-L5p3-n2-beta1__N0320__Aplus_0p0025,hm-m2-g2-L5p3-n2-beta1__N0320__Aminus_0p0025,hm-m2-g2-L5p3-n2-beta1,320,0.0025,244,4.04125,1.0001847540726432,1.0001570046149582
hm-m2-g2-L5p3-n2-beta1__N0320__Aplus_0p0025,hm-m2-g2-L5p3-n2-beta1__N0320__Aminus_0p0025,hm-m2-g2-L5p3-n2-beta1,320,0.0025,245,4.0578125,1.0002337053801533,1.0001976798231966
hm-m2-g2-L5p3-n2-beta1__N0320__Aplus_0p0025,hm-m2-g2-L5p3-n2-beta1__N0320__Aminus_0p0025,hm-m2-g2-L5p3-n2-beta1,320,0.0025,246,4.074375,1.0002825748986364,1.0002382810248311
hm-m2-g2-L5p3-n2-beta1__N0320__Aplus_0p0025,hm-m2-g2-L5p3-n2-beta1__N0320__Aminus_0p0025,hm-m2-g2-L5p3-n2-beta1,320,0.0025,247,4.0909375,1.0003313437112722,1.0002787925390948
hm-m2-g2-L5p3-n2-beta1__N0320__Aplus_0p0025,hm-m2-g2-L5p3-n2-beta1__N0320__Aminus_0p0025,hm-m2-g2-L5p3-n2-beta1,320,0.0025,248,4.1075,1.000379992925461,1.000319198714577
hm-m2-g2-L5p3-n2-beta1__N0320__Aplus_0p0025,hm-m2-g2-L5p3-n2-beta1__N0320__Aminus_0p0025,hm-m2-g2-L5p3-n2-beta1,320,0.0025,249,4.1240625,1.0004285036802376,1.0003594839353063
hm-m2-g2-L5p3-n2-beta1__N0320__Aplus_0p0025,hm-m2-g2-L5p3-n2-beta1__N0320__Aminus_0p0025,hm-m2-g2-L5p3-n2-beta1,320,0.0025,250,4.140625,1.0004768571536968,1.0003996326268292
hm-m2-g2-L5p3-n2-beta1__N0320__Aplus_0p0025,hm-m2-g2-L5p3-n2-beta1__N0320__Aminus_0p0025,hm-m2-g2-L5p3-n2-beta1,320,0.0025,251,4.1571875,1.000525034570427,1.0004396292622793
hm-m2-g2-L5p3-n2-beta1__N0320__Aplus_0p0025,hm-m2-g2-L5p3-n2-beta1__N0320__Aminus_0p0025,hm-m2-g2-L5p3-n2-beta1,320,0.0025,252,4.17375,1.000573017208947,1.0004794583684373
hm-m2-g2-L5p3-n2-beta1__N0320__Aplus_0p0025,hm-m2-g2-L5p3-n2-beta1__N0320__Aminus_0p0025,hm-m2-g2-L5p3-n2-beta1,320,0.0025,253,4.1903125,1.0006207864091436,1.000519104531778
hm-m2-g2-L5p3-n2-beta1__N0320__Aplus_0p0025,hm-m2-g2-L5p3-n2-beta1__N0320__Aminus_0p0025,hm-m2-g2-L5p3-n2-beta1,320,0.0025,254,4.206875,1.0006683235797078,1.0005585524045
hm-m2-g2-L5p3-n2-beta1__N0320__Aplus_0p0025,hm-m2-g2-L5p3-n2-beta1__N0320__Aminus_0p0025,hm-m2-g2-L5p3-n2-beta1,320,0.0025,255,4.2234375,1.0007156102055648,1.00059778671054
hm-m2-g2-L5p3-n2-beta1__N0320__Aplus_0p0025,hm-m2-g2-L5p3-n2-beta1__N0320__Aminus_0p0025,hm-m2-g2-L5p3-n2-beta1,320,0.0025,256,4.24,1.0007626278552968,1.000636792251566
hm-m2-g2-L5p3-n2-beta1__N0320__Aplus_0p0025,hm-m2-g2-L5p3-n2-beta1__N0320__Aminus_0p0025,hm-m2-g2-L5p3-n2-beta1,320,0.0025,257,4.2565625,1.000809358188552,1.0006755539129462
hm-m2-g2-L5p3-n2-beta1__N0320__Aplus_0p0025,hm-m2-g2-L5p3-n2-beta1__N0320__Aminus_0p0025,hm-m2-g2-L5p3-n2-beta1,320,0.0025,258,4.273125,1.0008557829634397,1.0007140566696948
hm-m2-g2-L5p3-n2-beta1__N0320__Aplus_0p0025,hm-m2-g2-L5p3-n2-beta1__N0320__Aminus_0p0025,hm-m2-g2-L5p3-n2-beta1,320,0.0025,259,4.2896875,1.0009018840439066,1.0007522855923896
hm-m2-g2-L5p3-n2-beta1__N0320__Aplus_0p0025,hm-m2-g2-L5p3-n2-beta1__N0320__Aminus_0p0025,hm-m2-g2-L5p3-n2-beta1,320,0.0025,260,4.30625,1.0009476434070903,1.0007902258530577
hm-m2-g2-L5p3-n2-beta1__N0320__Aplus_0p0025,hm-m2-g2-L5p3-n2-beta1__N0320__Aminus_0p0025,hm-m2-g2-L5p3-n2-beta1,320,0.0025,261,4.3228125,1.00099304315065,1.0008278627310303
hm-m2-g2-L5p3-n2-beta1__N0320__Aplus_0p0025,hm-m2-g2-L5p3-n2-beta1__N0320__Aminus_0p0025,hm-m2-g2-L5p3-n2-beta1,320,0.0025,262,4.339375,1.0010380655000652,1.0008651816187628
hm-m2-g2-L5p3-n2-beta1__N0320__Aplus_0p0025,hm-m2-g2-L5p3-n2-beta1__N0320__Aminus_0p0025,hm-m2-g2-L5p3-n2-beta1,320,0.0025,263,4.3559375000000005,1.001082692815905,1.0009021680276151
hm-m2-g2-L5p3-n2-beta1__N0320__Aplus_0p0025,hm-m2-g2-L5p3-n2-beta1__N0320__Aminus_0p0025,hm-m2-g2-L5p3-n2-beta1,320,0.0025,264,4.3725000000000005,1.00112690760106,1.000938807593594
hm-m2-g2-L5p3-n2-beta1__N0320__Aplus_0p0025,hm-m2-g2-L5p3-n2-beta1__N0320__Aminus_0p0025,hm-m2-g2-L5p3-n2-beta1,320,0.0025,265,4.3890625000000005,1.0011706925079378,1.0009750860830517
hm-m2-g2-L5p3-n2-beta1__N0320__Aplus_0p0025,hm-m2-g2-L5p3-n2-beta1__N0320__Aminus_0p0025,hm-m2-g2-L5p3-n2-beta1,320,0.0025,266,4.405625000000001,1.0012140303456125,1.0010109893983399
hm-m2-g2-L5p3-n2-beta1__N0320__Aplus_0p0025,hm-m2-g2-L5p3-n2-beta1__N0320__Aminus_0p0025,hm-m2-g2-L5p3-n2-beta1,320,0.0025,267,4.422187500000001,1.0012569040869317,1.001046503583417
hm-m2-g2-L5p3-n2-beta1__N0320__Aplus_0p0025,hm-m2-g2-L5p3-n2-beta1__N0320__Aminus_0p0025,hm-m2-g2-L5p3-n2-beta1,320,0.0025,268,4.438750000000001,1.001299296875572,1.0010816148294053
hm-m2-g2-L5p3-n2-beta1__N0320__Aplus_0p0025,hm-m2-g2-L5p3-n2-beta1__N0320__Aminus_0p0025,hm-m2-g2-L5p3-n2-beta1,320,0.0025,269,4.4553125,1.0013411920330426,1.0011163094800943
hm-m2-g2-L5p3-n2-beta1__N0320__Aplus_0p0025,hm-m2-g2-L5p3-n2-beta1__N0320__Aminus_0p0025,hm-m2-g2-L5p3-n2-beta1,320,0.0025,270,4.471875,1.0013825730656327,1.0011505740373918
hm-m2-g2-L5p3-n2-beta1__N0320__Aplus_0p0025,hm-m2-g2-L5p3-n2-beta1__N0320__Aminus_0p0025,hm-m2-g2-L5p3-n2-beta1,320,0.0025,271,4.4884375,1.0014234236712987,1.001184395166717
hm-m2-g2-L5p3-n2-beta1__N0320__Aplus_0p0025,hm-m2-g2-L5p3-n2-beta1__N0320__Aminus_0p0025,hm-m2-g2-L5p3-n2-beta1,320,0.0025,272,4.505,1.0014637277464877,1.001217759702334
hm-m2-g2-L5p3-n2-beta1__N0320__Aplus_0p0025,hm-m2-g2-L5p3-n2-beta1__N0320__Aminus_0p0025,hm-m2-g2-L5p3-n2-beta1,320,0.0025,273,4.5215625,1.0015034693928964,1.0012506546526232
hm-m2-g2-L5p3-n2-beta1__N0320__Aplus_0p0025,hm-m2-g2-L5p3-n2-beta1__N0320__Aminus_0p0025,hm-m2-g2-L5p3-n2-beta1,320,0.0025,274,4.538125,1.001542632924157,1.0012830672052908
hm-m2-g2-L5p3-n2-beta1__N0320__Aplus_0p0025,hm-m2-g2-L5p3-n2-beta1__N0320__Aminus_0p0025,hm-m2-g2-L5p3-n2-beta1,320,0.0025,275,4.5546875,1.0015812028724511,1.0013149847325082
hm-m2-g2-L5p3-n2-beta1__N0320__Aplus_0p0025,hm-m2-g2-L5p3-n2-beta1__N0320__Aminus_0p0025,hm-m2-g2-L5p3-n2-beta1,320,0.0025,276,4.57125,1.001619163995047,1.0013463947959862
hm-m2-g2-L5p3-n2-beta1__N0320__Aplus_0p0025,hm-m2-g2-L5p3-n2-beta1__N0320__Aminus_0p0025,hm-m2-g2-L5p3-n2-beta1,320,0.0025,277,4.5878125,1.0016565012807546,1.0013772851519767
hm-m2-g2-L5p3-n2-beta1__N0320__Aplus_0p0025,hm-m2-g2-L5p3-n2-beta1__N0320__Aminus_0p0025,hm-m2-g2-L5p3-n2-beta1,320,0.0025,278,4.604375,1.001693199956299,1.0014076437562007
hm-m2-g2-L5p3-n2-beta1__N0320__Aplus_0p0025,hm-m2-g2-L5p3-n2-beta1__N0320__Aminus_0p0025,hm-m2-g2-L5p3-n2-beta1,320,0.0025,279,4.6209375,1.0017292454926046,1.0014374587687025
hm-m2-g2-L5p3-n2-beta1__N0320__Aplus_0p0025,hm-m2-g2-L5p3-n2-beta1__N0320__Aminus_0p0025,hm-m2-g2-L5p3-n2-beta1,320,0.0025,280,4.6375,1.0017646236109896,1.0014667185586241
hm-m2-g2-L5p3-n2-beta1__N0320__Aplus_0p0025,hm-m2-g2-L5p3-n2-beta1__N0320__Aminus_0p0025,hm-m2-g2-L5p3-n2-beta1,320,0.0025,281,4.6540625,1.0017993202892672,1.0014954117089023
hm-m2-g2-L5p3-n2-beta1__N0320__Aplus_0p0025,hm-m2-g2-L5p3-n2-beta1__N0320__Aminus_0p0025,hm-m2-g2-L5p3-n2-beta1,320,0.0025,282,4.670625,1.001833321767748,1.0015235270208818
hm-m2-g2-L5p3-n2-beta1__N0320__Aplus_0p0025,hm-m2-g2-L5p3-n2-beta1__N0320__Aminus_0p0025,hm-m2-g2-L5p3-n2-beta1,320,0.0025,283,4.6871875,1.0018666145551436,1.0015510535188445
hm-m2-g2-L5p3-n2-beta1__N0320__Aplus_0p0025,hm-m2-g2-L5p3-n2-beta1__N0320__Aminus_0p0025,hm-m2-g2-L5p3-n2-beta1,320,0.0025,284,4.70375,1.0018991854343653,1.0015779804544547
hm-m2-g2-L5p3-n2-beta1__N0320__Aplus_0p0025,hm-m2-g2-L5p3-n2-beta1__N0320__Aminus_0p0025,hm-m2-g2-L5p3-n2-beta1,320,0.0025,285,4.7203125,1.0019310214682167,1.001604297311113
hm-m2-g2-L5p3-n2-beta1__N0320__Aplus_0p0025,hm-m2-g2-L5p3-n2-beta1__N0320__Aminus_0p0025,hm-m2-g2-L5p3-n2-beta1,320,0.0025,286,4.736875,1.0019621100049763,1.0016299938082223
hm-m2-g2-L5p3-n2-beta1__N0320__Aplus_0p0025,hm-m2-g2-L5p3-n2-beta1__N0320__Aminus_0p0025,hm-m2-g2-L5p3-n2-beta1,320,0.0025,287,4.7534375,1.0019924386838654,1.0016550599053606
hm-m2-g2-L5p3-n2-beta1__N0320__Aplus_0p0025,hm-m2-g2-L5p3-n2-beta1__N0320__Aminus_0p0025,hm-m2-g2-L5p3-n2-beta1,320,0.0025,288,4.7700000000000005,1.002021995440403,1.0016794858063613
hm-m2-g2-L5p3-n2-beta1__N0320__Aplus_0p0025,hm-m2-g2-L5p3-n2-beta1__N0320__Aminus_0p0025,hm-m2-g2-L5p3-n2-beta1,320,0.0025,289,4.7865625000000005,1.0020507685116384,1.0017032619632946
hm-m2-g2-L5p3-n2-beta1__N0320__Aplus_0p0025,hm-m2-g2-L5p3-n2-beta1__N0320__Aminus_0p0025,hm-m2-g2-L5p3-n2-beta1,320,0.0025,290,4.8031250000000005,1.0020787464412633,1.001726379080353
hm-m2-g2-L5p3-n2-beta1__N0320__Aplus_0p0025,hm-m2-g2-L5p3-n2-beta1__N0320__Aminus_0p0025,hm-m2-g2-L5p3-n2-beta1,320,0.0025,291,4.819687500000001,1.0021059180845986,1.001748828117638
hm-m2-g2-L5p3-n2-beta1__N0320__Aplus_0p0025,hm-m2-g2-L5p3-n2-beta1__N0320__Aminus_0p0025,hm-m2-g2-L5p3-n2-beta1,320,0.0025,292,4.836250000000001,1.0021322726134538,1.0017706002948426
hm-m2-g2-L5p3-n2-beta1__N0320__Aplus_0p0025,hm-m2-g2-L5p3-n2-beta1__N0320__Aminus_0p0025,hm-m2-g2-L5p3-n2-beta1,320,0.0025,293,4.852812500000001,1.0021577995208546,1.001791687094833
hm-m2-g2-L5p3-n2-beta1__N0320__Aplus_0p0025,hm-m2-g2-L5p3-n2-beta1__N0320__Aminus_0p0025,hm-m2-g2-L5p3-n2-beta1,320,0.0025,294,4.869375000000001,1.0021824886256387,1.0018120802671242
hm-m2-g2-L5p3-n2-beta1__N0320__Aplus_0p0025,hm-m2-g2-L5p3-n2-beta1__N0320__Aminus_0p0025,hm-m2-g2-L5p3-n2-beta1,320,0.0025,295,4.8859375,1.0022063300769144,1.00183177183125
hm-m2-g2-L5p3-n2-beta1__N0320__Aplus_0p0025,hm-m2-g2-L5p3-n2-beta1__N0320__Aminus_0p0025,hm-m2-g2-L5p3-n2-beta1,320,0.0025,296,4.9025,1.0022293143583811,1.0018507540800234
hm-m2-g2-L5p3-n2-beta1__N0320__Aplus_0p0025,hm-m2-g2-L5p3-n2-beta1__N0320__Aminus_0p0025,hm-m2-g2-L5p3-n2-beta1,320,0.0025,297,4.9190625,1.0022514322925093,1.0018690195826896
hm-m2-g2-L5p3-n2-beta1__N0320__Aplus_0p0025,hm-m2-g2-L5p3-n2-beta1__N0320__Aminus_0p0025,hm-m2-g2-L5p3-n2-beta1,320,0.0025,298,4.935625,1.0022726750445765,1.0018865611879648
hm-m2-g2-L5p3-n2-beta1__N0320__Aplus_0p0025,hm-m2-g2-L5p3-n2-beta1__N0320__Aminus_0p0025,hm-m2-g2-L5p3-n2-beta1,320,0.0025,299,4.9521875,1.002293034126557,1.0019033720269654
hm-m2-g2-L5p3-n2-beta1__N0320__Aplus_0p0025,hm-m2-g2-L5p3-n2-beta1__N0320__Aminus_0p0025,hm-m2-g2-L5p3-n2-beta1,320,0.0025,300,4.96875,1.0023125014008643,1.0019194455160212
hm-m2-g2-L5p3-n2-beta1__N0320__Aplus_0p0025,hm-m2-g2-L5p3-n2-beta1__N0320__Aminus_0p0025,hm-m2-g2-L5p3-n2-beta1,320,0.0025,301,4.9853125,1.002331069083943,1.001934775359374
hm-m2-g2-L5p3-n2-beta1__N0320__Aplus_0p0025,hm-m2-g2-L5p3-n2-beta1__N0320__Aminus_0p0025,hm-m2-g2-L5p3-n2-beta1,320,0.0025,302,5.001875,1.0023487297497085,1.0019493555517593
hm-m2-g2-L5p3-n2-beta1__N0320__Aplus_0p0025,hm-m2-g2-L5p3-n2-beta1__N0320__Aminus_0p0025,hm-m2-g2-L5p3-n2-beta1,320,0.0025,303,5.0184375,1.0023654763328305,1.0019631803808708
hm-m2-g2-L5p3-n2-beta1__N0320__Aplus_0p0025,hm-m2-g2-L5p3-n2-beta1__N0320__Aminus_0p0025,hm-m2-g2-L5p3-n2-beta1,320,0.0025,304,5.035,1.0023813021318633,1.0019762444297047
hm-m2-g2-L5p3-n2-beta1__N0320__Aplus_0p0025,hm-m2-g2-L5p3-n2-beta1__N0320__Aminus_0p0025,hm-m2-g2-L5p3-n2-beta1,320,0.0025,305,5.0515625,1.0023962008122143,1.0019885425787838
hm-m2-g2-L5p3-n2-beta1__N0320__Aplus_0p0025,hm-m2-g2-L5p3-n2-beta1__N0320__Aminus_0p0025,hm-m2-g2-L5p3-n2-beta1,320,0.0025,306,5.068125,1.002410166408956,1.002000070008262
hm-m2-g2-L5p3-n2-beta1__N0320__Aplus_0p0025,hm-m2-g2-L5p3-n2-beta1__N0320__Aminus_0p0025,hm-m2-g2-L5p3-n2-beta1,320,0.0025,307,5.0846875,1.0024231933294727,1.0020108221999047
hm-m2-g2-L5p3-n2-beta1__N0320__Aplus_0p0025,hm-m2-g2-L5p3-n2-beta1__N0320__Aminus_0p0025,hm-m2-g2-L5p3-n2-beta1,320,0.0025,308,5.10125,1.0024352763559465,1.0020207949389464
hm-m2-g2-L5p3-n2-beta1__N0320__Aplus_0p0025,hm-m2-g2-L5p3-n2-beta1__N0320__Aminus_0p0025,hm-m2-g2-L5p3-n2-beta1,320,0.0025,309,5.1178125,1.0024464106476776,1.0020299843158242
hm-m2-g2-L5p3-n2-beta1__N0320__Aplus_0p0025,hm-m2-g2-L5p3-n2-beta1__N0320__Aminus_0p0025,hm-m2-g2-L5p3-n2-beta1,320,0.0025,310,5.134375,1.002456591743238,1.0020383867277873
hm-m2-g2-L5p3-n2-beta1__N0320__Aplus_0p0025,hm-m2-g2-L5p3-n2-beta1__N0320__Aminus_0p0025,hm-m2-g2-L5p3-n2-beta1,320,0.0025,311,5.1509375,1.0024658155624586,1.0020459988803785
hm-m2-g2-L5p3-n2-beta1__N0320__Aplus_0p0025,hm-m2-g2-L5p3-n2-beta1__N0320__Aminus_0p0025,hm-m2-g2-L5p3-n2-beta1,320,0.0025,312,5.1675,1.0024740784082473,1.0020528177887915
hm-m2-g2-L5p3-n2-beta1__N0320__Aplus_0p0025,hm-m2-g2-L5p3-n2-beta1__N0320__Aminus_0p0025,hm-m2-g2-L5p3-n2-beta1,320,0.0025,313,5.1840625000000005,1.0024813769682361,1.0020588407790993
hm-m2-g2-L5p3-n2-beta1__N0320__Aplus_0p0025,hm-m2-g2-L5p3-n2-beta1__N0320__Aminus_0p0025,hm-m2-g2-L5p3-n2-beta1,320,0.0025,314,5.2006250000000005,1.0024877083162596,1.0020640654893564
hm-m2-g2-L5p3-n2-beta1__N0320__Aplus_0p0025,hm-m2-g2-L5p3-n2-beta1__N0320__Aminus_0p0025,hm-m2-g2-L5p3-n2-beta1,320,0.0025,315,5.2171875000000005,1.00249306991366,1.0020684898705707
hm-m2-g2-L5p3-n2-beta1__N0320__Aplus_0p0025,hm-m2-g2-L5p3-n2-beta1__N0320__Aminus_0p0025,hm-m2-g2-L5p3-n2-beta1,320,0.0025,316,5.233750000000001,1.0024974596104204,1.0020721121875489
hm-m2-g2-L5p3-n2-beta1__N0320__Aplus_0p0025,hm-m2-g2-L5p3-n2-beta1__N0320__Aminus_0p0025,hm-m2-g2-L5p3-n2-beta1,320,0.0025,317,5.250312500000001,1.0025008756461251,1.002074931019611
hm-m2-g2-L5p3-n2-beta1__N0320__Aplus_0p0025,hm-m2-g2-L5p3-n2-beta1__N0320__Aminus_0p0025,hm-m2-g2-L5p3-n2-beta1,320,0.0025,318,5.266875000000001,1.0025033166507453,1.0020769452611755
hm-m2-g2-L5p3-n2-beta1__N0320__Aplus_0p0025,hm-m2-g2-L5p3-n2-beta1__N0320__Aminus_0p0025,hm-m2-g2-L5p3-n2-beta1,320,0.0025,319,5.283437500000001,1.0025047816452517,1.002078154122216
hm-m2-g2-L5p3-n2-beta1__N0320__Aplus_0p0025,hm-m2-g2-L5p3-n2-beta1__N0320__Aminus_0p0025,hm-m2-g2-L5p3-n2-beta1,320,0.0025,320,5.3,1.0025052700420516,1.0020785571285864
hm-m2-g2-L5p3-n2-beta1__N0320__Aplus_0p005,hm-m2-g2-L5p3-n2-beta1__N0320__Aminus_0p005,hm-m2-g2-L5p3-n2-beta1,320,0.005,0,0.0,1.0050211905831072,1.0041569135098094
hm-m2-g2-L5p3-n2-beta1__N0320__Aplus_0p005,hm-m2-g2-L5p3-n2-beta1__N0320__Aminus_0p005,hm-m2-g2-L5p3-n2-beta1,320,0.005,1,0.0165625,1.0050202005998952,1.00415610281156
hm-m2-g2-L5p3-n2-beta1__N0320__Aplus_0p005,hm-m2-g2-L5p3-n2-beta1__N0320__Aminus_0p005,hm-m2-g2-L5p3-n2-beta1,320,0.005,2,0.033125,1.0050172310629508,1.004153671040288
hm-m2-g2-L5p3-n2-beta1__N0320__Aplus_0p005,hm-m2-g2-L5p3-n2-beta1__N0320__Aminus_0p005,hm-m2-g2-L5p3-n2-beta1,320,0.005,3,0.0496875,1.0050122832101396,1.0041496191662806
hm-m2-g2-L5p3-n2-beta1__N0320__Aplus_0p005,hm-m2-g2-L5p3-n2-beta1__N0320__Aminus_0p005,hm-m2-g2-L5p3-n2-beta1,320,0.005,4,0.06625,1.0050053591038737,1.0041439488062094
hm-m2-g2-L5p3-n2-beta1__N0320__Aplus_0p005,hm-m2-g2-L5p3-n2-beta1__N0320__Aminus_0p005,hm-m2-g2-L5p3-n2-beta1,320,0.005,5,0.08281250000000001,1.0049964616300657,1.0041366622224208
hm-m2-g2-L5p3-n2-beta1__N0320__Aplus_0p005,hm-m2-g2-L5p3-n2-beta1__N0320__Aminus_0p005,hm-m2-g2-L5p3-n2-beta1,320,0.005,6,0.099375,1.0049855944966652,1.0041277623219431
hm-m2-g2-L5p3-n2-beta1__N0320__Aplus_0p005,hm-m2-g2-L5p3-n2-beta1__N0320__Aminus_0p005,hm-m2-g2-L5p3-n2-beta1,320,0.005,7,0.1159375,1.0049727622317806,1.0041172526552105
hm-m2-g2-L5p3-n2-beta1__N0320__Aplus_0p005,hm-m2-g2-L5p3-n2-beta1__N0320__Aminus_0p005,hm-m2-g2-L5p3-n2-beta1,320,0.005,8,0.1325,1.0049579701813849,1.0041051374145051
hm-m2-g2-L5p3-n2-beta1__N0320__Aplus_0p005,hm-m2-g2-L5p3-n2-beta1__N0320__Aminus_0p005,hm-m2-g2-L5p3-n2-beta1,320,0.005,9,0.14906250000000001,1.0049412245066098,1.0040914214321177
hm-m2-g2-L5p3-n2-beta1__N0320__Aplus_0p005,hm-m2-g2-L5p3-n2-beta1__N0320__Aminus_0p005,hm-m2-g2-L5p3-n2-beta1,320,0.005,10,0.16562500000000002,1.0049225321806292,1.004076110178229
hm-m2-g2-L5p3-n2-beta1__N0320__Aplus_0p005,hm-m2-g2-L5p3-n2-beta1__N0320__Aminus_0p005,hm-m2-g2-L5p3-n2-beta1,320,0.005,11,0.1821875,1.0049019009851337,1.0040592097585117
hm-m2-g2-L5p3-n2-beta1__N0320__Aplus_0p005,hm-m2-g2-L5p3-n2-beta1__N0320__Aminus_0p005,hm-m2-g2-L5p3-n2-beta1,320,0.005,12,0.19875,1.0048793395064013,1.0040407269114553
hm-m2-g2-L5p3-n2-beta1__N0320__Aplus_0p005,hm-m2-g2-L5p3-n2-beta1__N0320__Aminus_0p005,hm-m2-g2-L5p3-n2-beta1,320,0.005,13,0.21531250000000002,1.0048548571309643,1.0040206690054154
hm-m2-g2-L5p3-n2-beta1__N0320__Aplus_0p005,hm-m2-g2-L5p3-n2-beta1__N0320__Aminus_0p005,hm-m2-g2-L5p3-n2-beta1,320,0.005,14,0.231875,1.004828464040879,1.0039990440353874
hm-m2-g2-L5p3-n2-beta1__N0320__Aplus_0p005,hm-m2-g2-L5p3-n2-beta1__N0320__Aminus_0p005,hm-m2-g2-L5p3-n2-beta1,320,0.005,15,0.2484375,1.0048001712085997,1.0039758606195106
hm-m2-g2-L5p3-n2-beta1__N0320__Aplus_0p005,hm-m2-g2-L5p3-n2-beta1__N0320__Aminus_0p005,hm-m2-g2-L5p3-n2-beta1,320,0.005,16,0.265,1.0047699903914602,1.0039511279952995
hm-m2-g2-L5p3-n2-beta1__N0320__Aplus_0p005,hm-m2-g2-L5p3-n2-beta1__N0320__Aminus_0p005,hm-m2-g2-L5p3-n2-beta1,320,0.005,17,0.2815625,1.0047379341257718,1.0039248560156082
hm-m2-g2-L5p3-n2-beta1__N0320__Aplus_0p005,hm-m2-g2-L5p3-n2-beta1__N0320__Aminus_0p005,hm-m2-g2-L5p3-n2-beta1,320,0.005,18,0.29812500000000003,1.0047040157205362,1.0038970551443291
hm-m2-g2-L5p3-n2-beta1__N0320__Aplus_0p005,hm-m2-g2-L5p3-n2-beta1__N0320__Aminus_0p005,hm-m2-g2-L5p3-n2-beta1,320,0.005,19,0.3146875,1.0046682492507832,1.0038677364518291
hm-m2-g2-L5p3-n2-beta1__N0320__Aplus_0p005,hm-m2-g2-L5p3-n2-beta1__N0320__Aminus_0p005,hm-m2-g2-L5p3-n2-beta1,320,0.005,20,0.33125000000000004,1.0046306495505348,1.003836911610123
hm-m2-g2-L5p3-n2-beta1__N0320__Aplus_0p005,hm-m2-g2-L5p3-n2-beta1__N0320__Aminus_0p005,hm-m2-g2-L5p3-n2-beta1,320,0.005,21,0.3478125,1.004591232205404,1.0038045928877908
hm-m2-g2-L5p3-n2-beta1__N0320__Aplus_0p005,hm-m2-g2-L5p3-n2-beta1__N0320__Aminus_0p005,hm-m2-g2-L5p3-n2-beta1,320,0.005,22,0.364375,1.0045500135448318,1.0037707931446407
hm-m2-g2-L5p3-n2-beta1__N0320__Aplus_0p005,hm-m2-g2-L5p3-n2-beta1__N0320__Aminus_0p005,hm-m2-g2-L5p3-n2-beta1,320,0.005,23,0.38093750000000004,1.0045070106339702,1.0037355258261174
hm-m2-g2-L5p3-n2-beta1__N0320__Aplus_0p005,hm-m2-g2-L5p3-n2-beta1__N0320__Aminus_0p005,hm-m2-g2-L5p3-n2-beta1,320,0.005,24,0.3975,1.0044622412652153,1.0036988049574656
hm-m2-g2-L5p3-n2-beta1__N0320__Aplus_0p005,hm-m2-g2-L5p3-n2-beta1__N0320__Aminus_0p005,hm-m2-g2-L5p3-n2-beta1,320,0.005,25,0.4140625,1.0044157239493994,1.0036606451376442
hm-m2-g2-L5p3-n2-beta1__N0320__Aplus_0p005,hm-m2-g2-L5p3-n2-beta1__N0320__Aminus_0p005,hm-m2-g2-L5p3-n2-beta1,320,0.005,26,0.43062500000000004,1.0043674779066465,1.0036210615330015
hm-m2-g2-L5p3-n2-beta1__N0320__Aplus_0p005,hm-m2-g2-L5p3-n2-beta1__N0320__Aminus_0p005,hm-m2-g2-L5p3-n2-beta1,320,0.005,27,0.4471875,1.0043175230568995,1.0035800698707098
hm-m2-g2-L5p3-n2-beta1__N0320__Aplus_0p005,hm-m2-g2-L5p3-n2-beta1__N0320__Aminus_0p005,hm-m2-g2-L5p3-n2-beta1,320,0.005,28,0.46375,1.0042658800101256,1.003537686431968
hm-m2-g2-L5p3-n2-beta1__N0320__Aplus_0p005,hm-m2-g2-L5p3-n2-beta1__N0320__Aminus_0p005,hm-m2-g2-L5p3-n2-beta1,320,0.005,29,0.48031250000000003,1.0042125700562083,1.0034939280449706
hm-m2-g2-L5p3-n2-beta1__N0320__Aplus_0p005,hm-m2-g2-L5p3-n2-beta1__N0320__Aminus_0p005,hm-m2-g2-L5p3-n2-beta1,320,0.005,30,0.496875,1.0041576151545315,1.003448812077651
hm-m2-g2-L5p3-n2-beta1__N0320__Aplus_0p005,hm-m2-g2-L5p3-n2-beta1__N0320__Aminus_0p005,hm-m2-g2-L5p3-n2-beta1,320,0.005,31,0.5134375,1.0041010379232644,1.0034023564302026
hm-m2-g2-L5p3-n2-beta1__N0320__Aplus_0p005,hm-m2-g2-L5p3-n2-beta1__N0320__Aminus_0p005,hm-m2-g2-L5p3-n2-beta1,320,0.005,32,0.53,1.0040428616283579,1.0033545795273793
hm-m2-g2-L5p3-n2-beta1__N0320__Aplus_0p005,hm-m2-g2-L5p3-n2-beta1__N0320__Aminus_0p005,hm-m2-g2-L5p3-n2-beta1,320,0.005,33,0.5465625000000001,1.0039831101722532,1.003305500310583
hm-m2-g2-L5p3-n2-beta1__N0320__Aplus_0p005,hm-m2-g2-L5p3-n2-beta1__N0320__Aminus_0p005,hm-m2-g2-L5p3-n2-beta1,320,0.005,34,0.563125,1.0039218080823205,1.0032551382297414
hm-m2-g2-L5p3-n2-beta1__N0320__Aplus_0p005,hm-m2-g2-L5p3-n2-beta1__N0320__Aminus_0p005,hm-m2-g2-L5p3-n2-beta1,320,0.005,35,0.5796875,1.003858980499027,1.0032035132349777
hm-m2-g2-L5p3-n2-beta1__N0320__Aplus_0p005,hm-m2-g2-L5p3-n2-beta1__N0320__Aminus_0p005,hm-m2-g2-L5p3-n2-beta1,320,0.005,36,0.5962500000000001,1.0037946531638502,1.0031506457680817
hm-m2-g2-L5p3-n2-beta1__N0320__Aplus_0p005,hm-m2-g2-L5p3-n2-beta1__N0320__Aminus_0p005,hm-m2-g2-L5p3-n2-beta1,320,0.005,37,0.6128125,1.0037288524069385,1.0030965567537828
hm-m2-g2-L5p3-n2-beta1__N0320__Aplus_0p005,hm-m2-g2-L5p3-n2-beta1__N0320__Aminus_0p005,hm-m2-g2-L5p3-n2-beta1,320,0.005,38,0.629375,1.0036616051345335,1.0030412675908327
hm-m2-g2-L5p3-n2-beta1__N0320__Aplus_0p005,hm-m2-g2-L5p3-n2-beta1__N0320__Aminus_0p005,hm-m2-g2-L5p3-n2-beta1,320,0.005,39,0.6459375,1.0035929388161595,1.0029848001428987
hm-m2-g2-L5p3-n2-beta1__N0320__Aplus_0p005,hm-m2-g2-L5p3-n2-beta1__N0320__Aminus_0p005,hm-m2-g2-L5p3-n2-beta1,320,0.005,40,0.6625000000000001,1.0035228814715895,1.0029271767292778
hm-m2-g2-L5p3-n2-beta1__N0320__Aplus_0p005,hm-m2-g2-L5p3-n2-beta1__N0320__Aminus_0p005,hm-m2-g2-L5p3-n2-beta1,320,0.005,41,0.6790625,1.0034514616575982,1.0028684201154312
hm-m2-g2-L5p3-n2-beta1__N0320__Aplus_0p005,hm-m2-g2-L5p3-n2-beta1__N0320__Aminus_0p005,hm-m2-g2-L5p3-n2-beta1,320,0.005,42,0.695625,1.0033787084545098,1.002808553503348
hm-m2-g2-L5p3-n2-beta1__N0320__Aplus_0p005,hm-m2-g2-L5p3-n2-beta1__N0320__Aminus_0p005,hm-m2-g2-L5p3-n2-beta1,320,0.005,43,0.7121875000000001,1.0033046514525483,1.0027476005217406
hm-m2-g2-L5p3-n2-beta1__N0320__Aplus_0p005,hm-m2-g2-L5p3-n2-beta1__N0320__Aminus_0p005,hm-m2-g2-L5p3-n2-beta1,320,0.005,44,0.72875,1.003229320738005,1.0026855852160808
hm-m2-g2-L5p3-n2-beta1__N0320__Aplus_0p005,hm-m2-g2-L5p3-n2-beta1__N0320__Aminus_0p005,hm-m2-g2-L5p3-n2-beta1,320,0.005,45,0.7453125,1.0031527468792245,1.0026225320384752
hm-m2-g2-L5p3-n2-beta1__N0320__Aplus_0p005,hm-m2-g2-L5p3-n2-beta1__N0320__Aminus_0p005,hm-m2-g2-L5p3-n2-beta1,320,0.005,46,0.7618750000000001,1.0030749609124257,1.0025584658373927
hm-m2-g2-L5p3-n2-beta1__N0320__Aplus_0p005,hm-m2-g2-L5p3-n2-beta1__N0320__Aminus_0p005,hm-m2-g2-L5p3-n2-beta1,320,0.005,47,0.7784375,1.0029959943273625,1.002493411847244
hm-m2-g2-L5p3-n2-beta1__N0320__Aplus_0p005,hm-m2-g2-L5p3-n2-beta1__N0320__Aminus_0p005,hm-m2-g2-L5p3-n2-beta1,320,0.005,48,0.795,1.0029158790528356,1.0024273956778194
hm-m2-g2-L5p3-n2-beta1__N0320__Aplus_0p005,hm-m2-g2-L5p3-n2-beta1__N0320__Aminus_0p005,hm-m2-g2-L5p3-n2-beta1,320,0.005,49,0.8115625000000001,1.0028346474420642,1.0023604433035938
hm-m2-g2-L5p3-n2-beta1__N0320__Aplus_0p005,hm-m2-g2-L5p3-n2-beta1__N0320__Aminus_0p005,hm-m2-g2-L5p3-n2-beta1,320,0.005,50,0.828125,1.002752332257926,1.0022925810528998
hm-m2-g2-L5p3-n2-beta1__N0320__Aplus_0p005,hm-m2-g2-L5p3-n2-beta1__N0320__Aminus_0p005,hm-m2-g2-L5p3-n2-beta1,320,0.005,51,0.8446875,1.002668966658078,1.0022238355969757
hm-m2-g2-L5p3-n2-beta1__N0320__Aplus_0p005,hm-m2-g2-L5p3-n2-beta1__N0320__Aminus_0p005,hm-m2-g2-L5p3-n2-beta1,320,0.005,52,0.8612500000000001,1.002584584179962,1.002154233938896
hm-m2-g2-L5p3-n2-beta1__N0320__Aplus_0p005,hm-m2-g2-L5p3-n2-beta1__N0320__Aminus_0p005,hm-m2-g2-L5p3-n2-beta1,320,0.005,53,0.8778125,1.0024992187257098,1.0020838034023867
hm-m2-g2-L5p3-n2-beta1__N0320__Aplus_0p005,hm-m2-g2-L5p3-n2-beta1__N0320__Aminus_0p005,hm-m2-g2-L5p3-n2-beta1,320,0.005,54,0.894375,1.0024129045469523,1.0020125716205337
hm-m2-g2-L5p3-n2-beta1__N0320__Aplus_0p005,hm-m2-g2-L5p3-n2-beta1__N0320__Aminus_0p005,hm-m2-g2-L5p3-n2-beta1,320,0.005,55,0.9109375000000001,1.002325676229546,1.0019405665243872
hm-m2-g2-L5p3-n2-beta1__N0320__Aplus_0p005,hm-m2-g2-L5p3-n2-beta1__N0320__Aminus_0p005,hm-m2-g2-L5p3-n2-beta1,320,0.005,56,0.9275,1.0022375686782221,1.001867816331471
hm-m2-g2-L5p3-n2-beta1__N0320__Aplus_0p005,hm-m2-g2-L5p3-n2-beta1__N0320__Aminus_0p005,hm-m2-g2-L5p3-n2-beta1,320,0.005,57,0.9440625,1.0021486171011709,1.0017943495341977
hm-m2-g2-L5p3-n2-beta1__N0320__Aplus_0p005,hm-m2-g2-L5p3-n2-beta1__N0320__Aminus_0p005,hm-m2-g2-L5p3-n2-beta1,320,0.005,58,0.9606250000000001,1.0020588569945656,1.0017201948882002
hm-m2-g2-L5p3-n2-beta1__N0320__Aplus_0p005,hm-m2-g2-L5p3-n2-beta1__N0320__Aminus_0p005,hm-m2-g2-L5p3-n2-beta1,320,0.005,59,0.9771875000000001,1.0019683241270416,1.001645381400582
hm-m2-g2-L5p3-n2-beta1__N0320__Aplus_0p005,hm-m2-g2-L5p3-n2-beta1__N0320__Aminus_0p005,hm-m2-g2-L5p3-n2-beta1,320,0.005,60,0.99375,1.001877054524131,1.0015699383180907
hm-m2-g2-L5p3-n2-beta1__N0320__Aplus_0p005,hm-m2-g2-L5p3-n2-beta1__N0320__Aminus_0p005,hm-m2-g2-L5p3-n2-beta1,320,0.005,61,1.0103125,1.001785084452669,1.0014938951152261
hm-m2-g2-L5p3-n2-beta1__N0320__Aplus_0p005,hm-m2-g2-L5p3-n2-beta1__N0320__Aminus_0p005,hm-m2-g2-L5p3-n2-beta1,320,0.005,62,1.026875,1.0016924504051765,1.0014172814822806
hm-m2-g2-L5p3-n2-beta1__N0320__Aplus_0p005,hm-m2-g2-L5p3-n2-beta1__N0320__Aminus_0p005,hm-m2-g2-L5p3-n2-beta1,320,0.005,63,1.0434375,1.0015991890842275,1.0013401273133238
hm-m2-g2-L5p3-n2-beta1__N0320__Aplus_0p005,hm-m2-g2-L5p3-n2-beta1__N0320__Aminus_0p005,hm-m2-g2-L5p3-n2-beta1,320,0.005,64,1.06,1.001505337386812,1.001262462694132
hm-m2-g2-L5p3-n2-beta1__N0320__Aplus_0p005,hm-m2-g2-L5p3-n2-beta1__N0320__Aminus_0p005,hm-m2-g2-L5p3-n2-beta1,320,0.005,65,1.0765625,1.001410932388698,1.0011843178900732
hm-m2-g2-L5p3-n2-beta1__N0320__Aplus_0p005,hm-m2-g2-L5p3-n2-beta1__N0320__Aminus_0p005,hm-m2-g2-L5p3-n2-beta1,320,0.005,66,1.0931250000000001,1.001316011328808,1.0011057233339475
hm-m2-g2-L5p3-n2-beta1__N0320__Aplus_0p005,hm-m2-g2-L5p3-n2-beta1__N0320__Aminus_0p005,hm-m2-g2-L5p3-n2-beta1,320,0.005,67,1.1096875000000002,1.0012206115936086,1.0010267096137921
hm-m2-g2-L5p3-n2-beta1__N0320__Aplus_0p005,hm-m2-g2-L5p3-n2-beta1__N0320__Aminus_0p005,hm-m2-g2-L5p3-n2-beta1,320,0.005,68,1.12625,1.0011247707015307,1.0009473074606547
hm-m2-g2-L5p3-n2-beta1__N0320__Aplus_0p005,hm-m2-g2-L5p3-n2-beta1__N0320__Aminus_0p005,hm-m2-g2-L5p3-n2-beta1,320,0.005,69,1.1428125,1.0010285262874186,1.0008675477363422
hm-m2-g2-L5p3-n2-beta1__N0320__Aplus_0p005,hm-m2-g2-L5p3-n2-beta1__N0320__Aminus_0p005,hm-m2-g2-L5p3-n2-beta1,320,0.005,70,1.159375,1.0009319160870227,1.0007874614211472
hm-m2-g2-L5p3-n2-beta1__N0320__Aplus_0p005,hm-m2-g2-L5p3-n2-beta1__N0320__Aminus_0p005,hm-m2-g2-L5p3-n2-beta1,320,0.005,71,1.1759375,1.0008349779215404,1.0007070796015605
hm-m2-g2-L5p3-n2-beta1__N0320__Aplus_0p005,hm-m2-g2-L5p3-n2-beta1__N0320__Aminus_0p005,hm-m2-g2-L5p3-n2-beta1,320,0.005,72,1.1925000000000001,1.0007377496822112,1.0006264334579735
hm-m2-g2-L5p3-n2-beta1__N0320__Aplus_0p005,hm-m2-g2-L5p3-n2-beta1__N0320__Aminus_0p005,hm-m2-g2-L5p3-n2-beta1,320,0.005,73,1.2090625000000002,1.0006402693149739,1.0005455542523753
hm-m2-g2-L5p3-n2-beta1__N0320__Aplus_0p005,hm-m2-g2-L5p3-n2-beta1__N0320__Aminus_0p005,hm-m2-g2-L5p3-n2-beta1,320,0.005,74,1.225625,1.000542574805194,1.0004644733160495
hm-m2-g2-L5p3-n2-beta1__N0320__Aplus_0p005,hm-m2-g2-L5p3-n2-beta1__N0320__Aminus_0p005,hm-m2-g2-L5p3-n2-beta1,320,0.005,75,1.2421875,1.0004447041624664,1.000383222037278
hm-m2-g2-L5p3-n2-beta1__N0320__Aplus_0p005,hm-m2-g2-L5p3-n2-beta1__N0320__Aminus_0p005,hm-m2-g2-L5p3-n2-beta1,320,0.005,76,1.25875,1.0003466954055005,1.000301831849054
hm-m2-g2-L5p3-n2-beta1__N0320__Aplus_0p005,hm-m2-g2-L5p3-n2-beta1__N0320__Aminus_0p005,hm-m2-g2-L5p3-n2-beta1,320,0.005,77,1.2753125,1.0002485865470923,1.0002203342168106
hm-m2-g2-L5p3-n2-beta1__N0320__Aplus_0p005,hm-m2-g2-L5p3-n2-beta1__N0320__Aminus_0p005,hm-m2-g2-L5p3-n2-beta1,320,0.005,78,1.291875,1.0001504155791936,1.0001387606261702
hm-m2-g2-L5p3-n2-beta1__N0320__Aplus_0p005,hm-m2-g2-L5p3-n2-beta1__N0320__Aminus_0p005,hm-m2-g2-L5p3-n2-beta1,320,0.005,79,1.3084375000000001,1.0000522204580795,1.0000571425707176
hm-m2-g2-L5p3-n2-beta1__N0320__Aplus_0p005,hm-m2-g2-L5p3-n2-beta1__N0320__Aminus_0p005,hm-m2-g2-L5p3-n2-beta1,320,0.005,80,1.3250000000000002,0.9999540390896238,0.9999755115398051
hm-m2-g2-L5p3-n2-beta1__N0320__Aplus_0p005,hm-m2-g2-L5p3-n2-beta1__N0320__Aminus_0p005,hm-m2-g2-L5p3-n2-beta1,320,0.005,81,1.3415625,0.9998559093146845,0.9998938990063903
hm-m2-g2-L5p3-n2-beta1__N0320__Aplus_0p005,hm-m2-g2-L5p3-n2-beta1__N0320__Aminus_0p005,hm-m2-g2-L5p3-n2-beta1,320,0.005,82,1.358125,0.999757868894608,0.999812336414915
hm-m2-g2-L5p3-n2-beta1__N0320__Aplus_0p005,hm-m2-g2-L5p3-n2-beta1__N0320__Aminus_0p005,hm-m2-g2-L5p3-n2-beta1,320,0.005,83,1.3746875,0.9996599554968547,0.9997308551692264
hm-m2-g2-L5p3-n2-beta1__N0320__Aplus_0p005,hm-m2-g2-L5p3-n2-beta1__N0320__Aminus_0p005,hm-m2-g2-L5p3-n2-beta1,320,0.005,84,1.39125,0.9995622066807526,0.9996494866205481
hm-m2-g2-L5p3-n2-beta1__N0320__Aplus_0p005,hm-m2-g2-L5p3-n2-beta1__N0320__Aminus_0p005,hm-m2-g2-L5p3-n2-beta1,320,0.005,85,1.4078125000000001,0.9994646598833823,0.9995682620555033
hm-m2-g2-L5p3-n2-beta1__N0320__Aplus_0p005,hm-m2-g2-L5p3-n2-beta1__N0320__Aminus_0p005,hm-m2-g2-L5p3-n2-beta1,320,0.005,86,1.4243750000000002,0.9993673524055995,0.9994872126841952
hm-m2-g2-L5p3-n2-beta1__N0320__Aplus_0p005,hm-m2-g2-L5p3-n2-beta1__N0320__Aminus_0p005,hm-m2-g2-L5p3-n2-beta1,320,0.005,87,1.4409375,0.9992703213981982,0.9994063696283493
hm-m2-g2-L5p3-n2-beta1__N0320__Aplus_0p005,hm-m2-g2-L5p3-n2-beta1__N0320__Aminus_0p005,hm-m2-g2-L5p3-n2-beta1,320,0.005,88,1.4575,0.9991736038482196,0.9993257639095225
hm-m2-g2-L5p3-n2-beta1__N0320__Aplus_0p005,hm-m2-g2-L5p3-n2-beta1__N0320__Aminus_0p005,hm-m2-g2-L5p3-n2-beta1,320,0.005,89,1.4740625,0.9990772365654104,0.9992454264373806
hm-m2-g2-L5p3-n2-beta1__N0320__Aplus_0p005,hm-m2-g2-L5p3-n2-beta1__N0320__Aminus_0p005,hm-m2-g2-L5p3-n2-beta1,320,0.005,90,1.490625,0.998981256168834,0.999165387998051
hm-m2-g2-L5p3-n2-beta1__N0320__Aplus_0p005,hm-m2-g2-L5p3-n2-beta1__N0320__Aminus_0p005,hm-m2-g2-L5p3-n2-beta1,320,0.005,91,1.5071875000000001,0.9988856990736407,0.9990856792425536
hm-m2-g2-L5p3-n2-beta1__N0320__Aplus_0p005,hm-m2-g2-L5p3-n2-beta1__N0320__Aminus_0p005,hm-m2-g2-L5p3-n2-beta1,320,0.005,92,1.5237500000000002,0.998790601477995,0.999006330675314
hm-m2-g2-L5p3-n2-beta1__N0320__Aplus_0p005,hm-m2-g2-L5p3-n2-beta1__N0320__Aminus_0p005,hm-m2-g2-L5p3-n2-beta1,320,0.005,93,1.5403125,0.9986959993501708,0.9989273726427614
hm-m2-g2-L5p3-n2-beta1__N0320__Aplus_0p005,hm-m2-g2-L5p3-n2-beta1__N0320__Aminus_0p005,hm-m2-g2-L5p3-n2-beta1,320,0.005,94,1.556875,0.9986019284158109,0.9988488353220187
hm-m2-g2-L5p3-n2-beta1__N0320__Aplus_0p005,hm-m2-g2-L5p3-n2-beta1__N0320__Aminus_0p005,hm-m2-g2-L5p3-n2-beta1,320,0.005,95,1.5734375,0.9985084241453571,0.9987707487096842
hm-m2-g2-L5p3-n2-beta1__N0320__Aplus_0p005,hm-m2-g2-L5p3-n2-beta1__N0320__Aminus_0p005,hm-m2-g2-L5p3-n2-beta1,320,0.005,96,1.59,0.9984155217416545,0.9986931426107108
hm-m2-g2-L5p3-n2-beta1__N0320__Aplus_0p005,hm-m2-g2-L5p3-n2-beta1__N0320__Aminus_0p005,hm-m2-g2-L5p3-n2-beta1,320,0.005,97,1.6065625000000001,0.9983232561277294,0.9986160466273877
hm-m2-g2-L5p3-n2-beta1__N0320__Aplus_0p005,hm-m2-g2-L5p3-n2-beta1__N0320__Aminus_0p005,hm-m2-g2-L5p3-n2-beta1,320,0.005,98,1.6231250000000002,0.9982316619347468,0.9985394901484234
hm-m2-g2-L5p3-n2-beta1__N0320__Aplus_0p005,hm-m2-g2-L5p3-n2-beta1__N0320__Aminus_0p005,hm-m2-g2-L5p3-n2-beta1,320,0.005,99,1.6396875000000002,0.9981407734901472,0.9984635023381389
hm-m2-g2-L5p3-n2-beta1__N0320__Aplus_0p005,hm-m2-g2-L5p3-n2-beta1__N0320__Aminus_0p005,hm-m2-g2-L5p3-n2-beta1,320,0.005,100,1.65625,0.9980506248059662,0.9983881121257708
hm-m2-g2-L5p3-n2-beta1__N0320__Aplus_0p005,hm-m2-g2-L5p3-n2-beta1__N0320__Aminus_0p005,hm-m2-g2-L5p3-n2-beta1,320,0.005,101,1.6728125,0.9979612495673382,0.9983133481948896
hm-m2-g2-L5p3-n2-beta1__N0320__Aplus_0p005,hm-m2-g2-L5p3-n2-beta1__N0320__Aminus_0p005,hm-m2-g2-L5p3-n2-beta1,320,0.005,102,1.689375,0.9978726811211875,0.9982392389729334
hm-m2-g2-L5p3-n2-beta1__N0320__Aplus_0p005,hm-m2-g2-L5p3-n2-beta1__N0320__Aminus_0p005,hm-m2-g2-L5p3-n2-beta1,320,0.005,103,1.7059375,0.9977849524651056,0.9981658126208651
hm-m2-g2-L5p3-n2-beta1__N0320__Aplus_0p005,hm-m2-g2-L5p3-n2-beta1__N0320__Aminus_0p005,hm-m2-g2-L5p3-n2-beta1,320,0.005,104,1.7225000000000001,0.9976980962364193,0.9980930970229498
hm-m2-g2-L5p3-n2-beta1__N0320__Aplus_0p005,hm-m2-g2-L5p3-n2-beta1__N0320__Aminus_0p005,hm-m2-g2-L5p3-n2-beta1,320,0.005,105,1.7390625000000002,0.9976121447014492,0.9980211197766615
hm-m2-g2-L5p3-n2-beta1__N0320__Aplus_0p005,hm-m2-g2-L5p3-n2-beta1__N0320__Aminus_0p005,hm-m2-g2-L5p3-n2-beta1,320,0.005,106,1.755625,0.9975271297449606,0.9979499081827188
hm-m2-g2-L5p3-n2-beta1__N0320__Aplus_0p005,hm-m2-g2-L5p3-n2-beta1__N0320__Aminus_0p005,hm-m2-g2-L5p3-n2-beta1,320,0.005,107,1.7721875,0.9974430828598073,0.9978794892352507
hm-m2-g2-L5p3-n2-beta1__N0320__Aplus_0p005,hm-m2-g2-L5p3-n2-beta1__N0320__Aminus_0p005,hm-m2-g2-L5p3-n2-beta1,320,0.005,108,1.78875,0.99736003513677,0.9978098896120996
hm-m2-g2-L5p3-n2-beta1__N0320__Aplus_0p005,hm-m2-g2-L5p3-n2-beta1__N0320__Aminus_0p005,hm-m2-g2-L5p3-n2-beta1,320,0.005,109,1.8053125,0.9972780172545891,0.9977411356652608
hm-m2-g2-L5p3-n2-beta1__N0320__Aplus_0p005,hm-m2-g2-L5p3-n2-beta1__N0320__Aminus_0p005,hm-m2-g2-L5p3-n2-beta1,320,0.005,110,1.8218750000000001,0.9971970594701948,0.9976732534114623
hm-m2-g2-L5p3-n2-beta1__N0320__Aplus_0p005,hm-m2-g2-L5p3-n2-beta1__N0320__Aminus_0p005,hm-m2-g2-L5p3-n2-beta1,320,0.005,111,1.8384375000000002,0.9971171916091321,0.9976062685228876
hm-m2-g2-L5p3-n2-beta1__N0320__Aplus_0p005,hm-m2-g2-L5p3-n2-beta1__N0320__Aminus_0p005,hm-m2-g2-L5p3-n2-beta1,320,0.005,112,1.855,0.997038443056184,0.9975402063180426
hm-m2-g2-L5p3-n2-beta1__N0320__Aplus_0p005,hm-m2-g2-L5p3-n2-beta1__N0320__Aminus_0p005,hm-m2-g2-L5p3-n2-beta1,320,0.005,113,1.8715625,0.9969608427461911,0.9974750917527704
hm-m2-g2-L5p3-n2-beta1__N0320__Aplus_0p005,hm-m2-g2-L5p3-n2-beta1__N0320__Aminus_0p005,hm-m2-g2-L5p3-n2-beta1,320,0.005,114,1.888125,0.9968844191550694,0.9974109494114164
hm-m2-g2-L5p3-n2-beta1__N0320__Aplus_0p005,hm-m2-g2-L5p3-n2-beta1__N0320__Aminus_0p005,hm-m2-g2-L5p3-n2-beta1,320,0.005,115,1.9046875,0.9968092002910263,0.9973478034981447
hm-m2-g2-L5p3-n2-beta1__N0320__Aplus_0p005,hm-m2-g2-L5p3-n2-beta1__N0320__Aminus_0p005,hm-m2-g2-L5p3-n2-beta1,320,0.005,116,1.9212500000000001,0.9967352136859742,0.9972856778284075
hm-m2-g2-L5p3-n2-beta1__N0320__Aplus_0p005,hm-m2-g2-L5p3-n2-beta1__N0320__Aminus_0p005,hm-m2-g2-L5p3-n2-beta1,320,0.005,117,1.9378125000000002,0.9966624863871418,0.9972245958205729
hm-m2-g2-L5p3-n2-beta1__N0320__Aplus_0p005,hm-m2-g2-L5p3-n2-beta1__N0320__Aminus_0p005,hm-m2-g2-L5p3-n2-beta1,320,0.005,118,1.9543750000000002,0.9965910449488844,0.9971645804877085
hm-m2-g2-L5p3-n2-beta1__N0320__Aplus_0p005,hm-m2-g2-L5p3-n2-beta1__N0320__Aminus_0p005,hm-m2-g2-L5p3-n2-beta1,320,0.005,119,1.9709375,0.9965209154246902,0.997105654429527
hm-m2-g2-L5p3-n2-beta1__N0320__Aplus_0p005,hm-m2-g2-L5p3-n2-beta1__N0320__Aminus_0p005,hm-m2-g2-L5p3-n2-beta1,320,0.005,120,1.9875,0.9964521233593864,0.9970478398244917
hm-m2-g2-L5p3-n2-beta1__N0320__Aplus_0p005,hm-m2-g2-L5p3-n2-beta1__N0320__Aminus_0p005,hm-m2-g2-L5p3-n2-beta1,320,0.005,121,2.0040625000000003,0.9963846937815405,0.9969911584220883
hm-m2-g2-L5p3-n2-beta1__N0320__Aplus_0p005,hm-m2-g2-L5p3-n2-beta1__N0320__Aminus_0p005,hm-m2-g2-L5p3-n2-beta1,320,0.005,122,2.020625,0.99631865119606,0.9969356315352592
hm-m2-g2-L5p3-n2-beta1__N0320__Aplus_0p005,hm-m2-g2-L5p3-n2-beta1__N0320__Aminus_0p005,hm-m2-g2-L5p3-n2-beta1,320,0.005,123,2.0371875,0.9962540195769874,0.9968812800330072
hm-m2-g2-L5p3-n2-beta1__N0320__Aplus_0p005,hm-m2-g2-L5p3-n2-beta1__N0320__Aminus_0p005,hm-m2-g2-L5p3-n2-beta1,320,0.005,124,2.05375,0.9961908223604922,0.9968281243331681
hm-m2-g2-L5p3-n2-beta1__N0320__Aplus_0p005,hm-m2-g2-L5p3-n2-beta1__N0320__Aminus_0p005,hm-m2-g2-L5p3-n2-beta1,320,0.005,125,2.0703125,0.9961290824380571,0.9967761843953512
hm-m2-g2-L5p3-n2-beta1__N0320__Aplus_0p005,hm-m2-g2-L5p3-n2-beta1__N0320__Aminus_0p005,hm-m2-g2-L5p3-n2-beta1,320,0.005,126,2.086875,0.9960688221498605,0.9967254797140545
hm-m2-g2-L5p3-n2-beta1__N0320__Aplus_0p005,hm-m2-g2-L5p3-n2-beta1__N0320__Aminus_0p005,hm-m2-g2-L5p3-n2-beta1,320,0.005,127,2.1034375,0.9960100632783518,0.9966760293119518
hm-m2-g2-L5p3-n2-beta1__N0320__Aplus_0p005,hm-m2-g2-L5p3-n2-beta1__N0320__Aminus_0p005,hm-m2-g2-L5p3-n2-beta1,320,0.005,128,2.12,0.9959528270420217,0.9966278517333548
hm-m2-g2-L5p3-n2-beta1__N0320__Aplus_0p005,hm-m2-g2-L5p3-n2-beta1__N0320__Aminus_0p005,hm-m2-g2-L5p3-n2-beta1,320,0.005,129,2.1365625,0.9958971340893631,0.9965809650378513
hm-m2-g2-L5p3-n2-beta1__N0320__Aplus_0p005,hm-m2-g2-L5p3-n2-beta1__N0320__Aminus_0p005,hm-m2-g2-L5p3-n2-beta1,320,0.005,130,2.153125,0.9958430044930269,0.9965353867941207
hm-m2-g2-L5p3-n2-beta1__N0320__Aplus_0p005,hm-m2-g2-L5p3-n2-beta1__N0320__Aminus_0p005,hm-m2-g2-L5p3-n2-beta1,320,0.005,131,2.1696875,0.9957904577441667,0.9964911340739279
hm-m2-g2-L5p3-n2-beta1__N0320__Aplus_0p005,hm-m2-g2-L5p3-n2-beta1__N0320__Aminus_0p005,hm-m2-g2-L5p3-n2-beta1,320,0.005,132,2.1862500000000002,0.9957395127469755,0.9964482234462972
hm-m2-g2-L5p3-n2-beta1__N0320__Aplus_0p005,hm-m2-g2-L5p3-n2-beta1__N0320__Aminus_0p005,hm-m2-g2-L5p3-n2-beta1,320,0.005,133,2.2028125000000003,0.9956901878134111,0.9964066709718679
hm-m2-g2-L5p3-n2-beta1__N0320__Aplus_0p005,hm-m2-g2-L5p3-n2-beta1__N0320__Aminus_0p005,hm-m2-g2-L5p3-n2-beta1,320,0.005,134,2.2193750000000003,0.9956425006581111,0.9963664921974296
hm-m2-g2-L5p3-n2-beta1__N0320__Aplus_0p005,hm-m2-g2-L5p3-n2-beta1__N0320__Aminus_0p005,hm-m2-g2-L5p3-n2-beta1,320,0.005,135,2.2359375,0.995596468393496,0.996327702150643
hm-m2-g2-L5p3-n2-beta1__N0320__Aplus_0p005,hm-m2-g2-L5p3-n2-beta1__N0320__Aminus_0p005,hm-m2-g2-L5p3-n2-beta1,320,0.005,136,2.2525,0.9955521075250587,0.996290315334944
hm-m2-g2-L5p3-n2-beta1__N0320__Aplus_0p005,hm-m2-g2-L5p3-n2-beta1__N0320__Aminus_0p005,hm-m2-g2-L5p3-n2-beta1,320,0.005,137,2.2690625,0.9955094339468411,0.9962543457246313
hm-m2-g2-L5p3-n2-beta1__N0320__Aplus_0p005,hm-m2-g2-L5p3-n2-beta1__N0320__Aminus_0p005,hm-m2-g2-L5p3-n2-beta1,320,0.005,138,2.285625,0.9954684629370961,0.9962198067601417
hm-m2-g2-L5p3-n2-beta1__N0320__Aplus_0p005,hm-m2-g2-L5p3-n2-beta1__N0320__Aminus_0p005,hm-m2-g2-L5p3-n2-beta1,320,0.005,139,2.3021875,0.9954292091541339,0.9961867113435112
hm-m2-g2-L5p3-n2-beta1__N0320__Aplus_0p005,hm-m2-g2-L5p3-n2-beta1__N0320__Aminus_0p005,hm-m2-g2-L5p3-n2-beta1,320,0.005,140,2.31875,0.9953916866323528,0.9961550718340241
hm-m2-g2-L5p3-n2-beta1__N0320__Aplus_0p005,hm-m2-g2-L5p3-n2-beta1__N0320__Aminus_0p005,hm-m2-g2-L5p3-n2-beta1,320,0.005,141,2.3353125,0.9953559087784524,0.9961249000440496
hm-m2-g2-L5p3-n2-beta1__N0320__Aplus_0p005,hm-m2-g2-L5p3-n2-beta1__N0320__Aminus_0p005,hm-m2-g2-L5p3-n2-beta1,320,0.005,142,2.351875,0.9953218883678291,0.9960962072350681
hm-m2-g2-L5p3-n2-beta1__N0320__Aplus_0p005,hm-m2-g2-L5p3-n2-beta1__N0320__Aminus_0p005,hm-m2-g2-L5p3-n2-beta1,320,0.005,143,2.3684375,0.9952896375411536,0.9960690041138867
hm-m2-g2-L5p3-n2-beta1__N0320__Aplus_0p005,hm-m2-g2-L5p3-n2-beta1__N0320__Aminus_0p005,hm-m2-g2-L5p3-n2-beta1,320,0.005,144,2.3850000000000002,0.9952591678011286,0.9960433008290456
hm-m2-g2-L5p3-n2-beta1__N0320__Aplus_0p005,hm-m2-g2-L5p3-n2-beta1__N0320__Aminus_0p005,hm-m2-g2-L5p3-n2-beta1,320,0.005,145,2.4015625000000003,0.9952304900094257,0.9960191069674146
hm-m2-g2-L5p3-n2-beta1__N0320__Aplus_0p005,hm-m2-g2-L5p3-n2-beta1__N0320__Aminus_0p005,hm-m2-g2-L5p3-n2-beta1,320,0.005,146,2.4181250000000003,0.9952036143838032,0.9959964315509822
hm-m2-g2-L5p3-n2-beta1__N0320__Aplus_0p005,hm-m2-g2-L5p3-n2-beta1__N0320__Aminus_0p005,hm-m2-g2-L5p3-n2-beta1,320,0.005,147,2.4346875000000003,0.9951785504954009,0.9959752830338361
hm-m2-g2-L5p3-n2-beta1__N0320__Aplus_0p005,hm-m2-g2-L5p3-n2-beta1__N0320__Aminus_0p005,hm-m2-g2-L5p3-n2-beta1,320,0.005,148,2.45125,0.9951553072662132,0.9959556692993359
hm-m2-g2-L5p3-n2-beta1__N0320__Aplus_0p005,hm-m2-g2-L5p3-n2-beta1__N0320__Aminus_0p005,hm-m2-g2-L5p3-n2-beta1,320,0.005,149,2.4678125,0.9951338929667394,0.9959375976574791
hm-m2-g2-L5p3-n2-beta1__N0320__Aplus_0p005,hm-m2-g2-L5p3-n2-beta1__N0320__Aminus_0p005,hm-m2-g2-L5p3-n2-beta1,320,0.005,150,2.484375,0.9951143152138104,0.9959210748424611
hm-m2-g2-L5p3-n2-beta1__N0320__Aplus_0p005,hm-m2-g2-L5p3-n2-beta1__N0320__Aminus_0p005,hm-m2-g2-L5p3-n2-beta1,320,0.005,151,2.5009375,0.9950965809685921,0.9959061070104286
hm-m2-g2-L5p3-n2-beta1__N0320__Aplus_0p005,hm-m2-g2-L5p3-n2-beta1__N0320__Aminus_0p005,hm-m2-g2-L5p3-n2-beta1,320,0.005,152,2.5175,0.995080696534763,0.9958926997374263
hm-m2-g2-L5p3-n2-beta1__N0320__Aplus_0p005,hm-m2-g2-L5p3-n2-beta1__N0320__Aminus_0p005,hm-m2-g2-L5p3-n2-beta1,320,0.005,153,2.5340625,0.9950666675568681,0.99588085801754
hm-m2-g2-L5p3-n2-beta1__N0320__Aplus_0p005,hm-m2-g2-L5p3-n2-beta1__N0320__Aminus_0p005,hm-m2-g2-L5p3-n2-beta1,320,0.005,154,2.550625,0.9950544990188464,0.9958705862612321
hm-m2-g2-L5p3-n2-beta1__N0320__Aplus_0p005,hm-m2-g2-L5p3-n2-beta1__N0320__Aminus_0p005,hm-m2-g2-L5p3-n2-beta1,320,0.005,155,2.5671875,0.9950441952427332,0.995861888293875
hm-m2-g2-L5p3-n2-beta1__N0320__Aplus_0p005,hm-m2-g2-L5p3-n2-beta1__N0320__Aminus_0p005,hm-m2-g2-L5p3-n2-beta1,320,0.005,156,2.58375,0.9950357598875361,0.9958547673544772
hm-m2-g2-L5p3-n2-beta1__N0320__Aplus_0p005,hm-m2-g2-L5p3-n2-beta1__N0320__Aminus_0p005,hm-m2-g2-L5p3-n2-beta1,320,0.005,157,2.6003125000000002,0.9950291959482835,0.9958492260946066
hm-m2-g2-L5p3-n2-beta1__N0320__Aplus_0p005,hm-m2-g2-L5p3-n2-beta1__N0320__Aminus_0p005,hm-m2-g2-L5p3-n2-beta1,320,0.005,158,2.6168750000000003,0.9950245057552483,0.9958452665775078
hm-m2-g2-L5p3-n2-beta1__N0320__Aplus_0p005,hm-m2-g2-L5p3-n2-beta1__N0320__Aminus_0p005,hm-m2-g2-L5p3-n2-beta1,320,0.005,159,2.6334375000000003,0.9950216909733424,0.9958428902774172
hm-m2-g2-L5p3-n2-beta1__N0320__Aplus_0p005,hm-m2-g2-L5p3-n2-beta1__N0320__Aminus_0p005,hm-m2-g2-L5p3-n2-beta1,320,0.005,160,2.6500000000000004,0.9950207526016858,0.995842098079073
hm-m2-g2-L5p3-n2-beta1__N0320__Aplus_0p005,hm-m2-g2-L5p3-n2-beta1__N0320__Aminus_0p005,hm-m2-g2-L5p3-n2-beta1,320,0.005,161,2.6665625,0.995021690973347,0.99584289027742
hm-m2-g2-L5p3-n2-beta1__N0320__Aplus_0p005,hm-m2-g2-L5p3-n2-beta1__N0320__Aminus_0p005,hm-m2-g2-L5p3-n2-beta1,320,0.005,162,2.683125,0.9950245057552575,0.9958452665775132
hm-m2-g2-L5p3-n2-beta1__N0320__Aplus_0p005,hm-m2-g2-L5p3-n2-beta1__N0320__Aminus_0p005,hm-m2-g2-L5p3-n2-beta1,320,0.005,163,2.6996875,0.9950291959482973,0.9958492260946146
hm-m2-g2-L5p3-n2-beta1__N0320__Aplus_0p005,hm-m2-g2-L5p3-n2-beta1__N0320__Aminus_0p005,hm-m2-g2-L5p3-n2-beta1,320,0.005,164,2.71625,0.9950357598875544,0.9958547673544877
hm-m2-g2-L5p3-n2-beta1__N0320__Aplus_0p005,hm-m2-g2-L5p3-n2-beta1__N0320__Aminus_0p005,hm-m2-g2-L5p3-n2-beta1,320,0.005,165,2.7328125,0.9950441952427562,0.995861888293888
hm-m2-g2-L5p3-n2-beta1__N0320__Aplus_0p005,hm-m2-g2-L5p3-n2-beta1__N0320__Aminus_0p005,hm-m2-g2-L5p3-n2-beta1,320,0.005,166,2.749375,0.9950544990188739,0.9958705862612474
hm-m2-g2-L5p3-n2-beta1__N0320__Aplus_0p005,hm-m2-g2-L5p3-n2-beta1__N0320__Aminus_0p005,hm-m2-g2-L5p3-n2-beta1,320,0.005,167,2.7659375,0.9950666675569,0.9958808580175575
hm-m2-g2-L5p3-n2-beta1__N0320__Aplus_0p005,hm-m2-g2-L5p3-n2-beta1__N0320__Aminus_0p005,hm-m2-g2-L5p3-n2-beta1,320,0.005,168,2.7825,0.9950806965347995,0.9958926997374463
hm-m2-g2-L5p3-n2-beta1__N0320__Aplus_0p005,hm-m2-g2-L5p3-n2-beta1__N0320__Aminus_0p005,hm-m2-g2-L5p3-n2-beta1,320,0.005,169,2.7990625000000002,0.995096580968633,0.995906107010451
hm-m2-g2-L5p3-n2-beta1__N0320__Aplus_0p005,hm-m2-g2-L5p3-n2-beta1__N0320__Aminus_0p005,hm-m2-g2-L5p3-n2-beta1,320,0.005,170,2.8156250000000003,0.9951143152138556,0.9959210748424859
hm-m2-g2-L5p3-n2-beta1__N0320__Aplus_0p005,hm-m2-g2-L5p3-n2-beta1__N0320__Aminus_0p005,hm-m2-g2-L5p3-n2-beta1,320,0.005,171,2.8321875000000003,0.9951338929667889,0.9959375976575063
hm-m2-g2-L5p3-n2-beta1__N0320__Aplus_0p005,hm-m2-g2-L5p3-n2-beta1__N0320__Aminus_0p005,hm-m2-g2-L5p3-n2-beta1,320,0.005,172,2.8487500000000003,0.995155307266267,0.9959556692993656
hm-m2-g2-L5p3-n2-beta1__N0320__Aplus_0p005,hm-m2-g2-L5p3-n2-beta1__N0320__Aminus_0p005,hm-m2-g2-L5p3-n2-beta1,320,0.005,173,2.8653125,0.9951785504954589,0.9959752830338683
hm-m2-g2-L5p3-n2-beta1__N0320__Aplus_0p005,hm-m2-g2-L5p3-n2-beta1__N0320__Aminus_0p005,hm-m2-g2-L5p3-n2-beta1,320,0.005,174,2.881875,0.9952036143838654,0.9959964315510166
hm-m2-g2-L5p3-n2-beta1__N0320__Aplus_0p005,hm-m2-g2-L5p3-n2-beta1__N0320__Aminus_0p005,hm-m2-g2-L5p3-n2-beta1,320,0.005,175,2.8984375,0.9952304900094918,0.9960191069674511
hm-m2-g2-L5p3-n2-beta1__N0320__Aplus_0p005,hm-m2-g2-L5p3-n2-beta1__N0320__Aminus_0p005,hm-m2-g2-L5p3-n2-beta1,320,0.005,176,2.915,0.9952591678011987,0.9960433008290843
hm-m2-g2-L5p3-n2-beta1__N0320__Aplus_0p005,hm-m2-g2-L5p3-n2-beta1__N0320__Aminus_0p005,hm-m2-g2-L5p3-n2-beta1,320,0.005,177,2.9315625,0.9952896375412278,0.9960690041139277
hm-m2-g2-L5p3-n2-beta1__N0320__Aplus_0p005,hm-m2-g2-L5p3-n2-beta1__N0320__Aminus_0p005,hm-m2-g2-L5p3-n2-beta1,320,0.005,178,2.948125,0.9953218883679071,0.9960962072351112
hm-m2-g2-L5p3-n2-beta1__N0320__Aplus_0p005,hm-m2-g2-L5p3-n2-beta1__N0320__Aminus_0p005,hm-m2-g2-L5p3-n2-beta1,320,0.005,179,2.9646875,0.9953559087785341,0.9961249000440946
hm-m2-g2-L5p3-n2-beta1__N0320__Aplus_0p005,hm-m2-g2-L5p3-n2-beta1__N0320__Aminus_0p005,hm-m2-g2-L5p3-n2-beta1,320,0.005,180,2.98125,0.9953916866324383,0.996155071834071
hm-m2-g2-L5p3-n2-beta1__N0320__Aplus_0p005,hm-m2-g2-L5p3-n2-beta1__N0320__Aminus_0p005,hm-m2-g2-L5p3-n2-beta1,320,0.005,181,2.9978125,0.995429209154223,0.99618671134356
hm-m2-g2-L5p3-n2-beta1__N0320__Aplus_0p005,hm-m2-g2-L5p3-n2-beta1__N0320__Aminus_0p005,hm-m2-g2-L5p3-n2-beta1,320,0.005,182,3.0143750000000002,0.9954684629371886,0.9962198067601922
hm-m2-g2-L5p3-n2-beta1__N0320__Aplus_0p005,hm-m2-g2-L5p3-n2-beta1__N0320__Aminus_0p005,hm-m2-g2-L5p3-n2-beta1,320,0.005,183,3.0309375000000003,0.995509433946937,0.9962543457246839
hm-m2-g2-L5p3-n2-beta1__N0320__Aplus_0p005,hm-m2-g2-L5p3-n2-beta1__N0320__Aminus_0p005,hm-m2-g2-L5p3-n2-beta1,320,0.005,184,3.0475000000000003,0.995552107525158,0.9962903153349986
hm-m2-g2-L5p3-n2-beta1__N0320__Aplus_0p005,hm-m2-g2-L5p3-n2-beta1__N0320__Aminus_0p005,hm-m2-g2-L5p3-n2-beta1,320,0.005,185,3.0640625000000004,0.9955964683935985,0.9963277021506995
hm-m2-g2-L5p3-n2-beta1__N0320__Aplus_0p005,hm-m2-g2-L5p3-n2-beta1__N0320__Aminus_0p005,hm-m2-g2-L5p3-n2-beta1,320,0.005,186,3.080625,0.9956425006582167,0.9963664921974877
hm-m2-g2-L5p3-n2-beta1__N0320__Aplus_0p005,hm-m2-g2-L5p3-n2-beta1__N0320__Aminus_0p005,hm-m2-g2-L5p3-n2-beta1,320,0.005,187,3.0971875,0.9956901878135196,0.9964066709719279
hm-m2-g2-L5p3-n2-beta1__N0320__Aplus_0p005,hm-m2-g2-L5p3-n2-beta1__N0320__Aminus_0p005,hm-m2-g2-L5p3-n2-beta1,320,0.005,188,3.11375,0.9957395127470868,0.9964482234463593
hm-m2-g2-L5p3-n2-beta1__N0320__Aplus_0p005,hm-m2-g2-L5p3-n2-beta1__N0320__Aminus_0p005,hm-m2-g2-L5p3-n2-beta1,320,0.005,189,3.1303125,0.9957904577442809,0.9964911340739917
hm-m2-g2-L5p3-n2-beta1__N0320__Aplus_0p005,hm-m2-g2-L5p3-n2-beta1__N0320__Aminus_0p005,hm-m2-g2-L5p3-n2-beta1,320,0.005,190,3.146875,0.9958430044931437,0.9965353867941864
hm-m2-g2-L5p3-n2-beta1__N0320__Aplus_0p005,hm-m2-g2-L5p3-n2-beta1__N0320__Aminus_0p005,hm-m2-g2-L5p3-n2-beta1,320,0.005,191,3.1634375,0.9958971340894824,0.9965809650379188
hm-m2-g2-L5p3-n2-beta1__N0320__Aplus_0p005,hm-m2-g2-L5p3-n2-beta1__N0320__Aminus_0p005,hm-m2-g2-L5p3-n2-beta1,320,0.005,192,3.18,0.9959528270421434,0.9966278517334239
hm-m2-g2-L5p3-n2-beta1__N0320__Aplus_0p005,hm-m2-g2-L5p3-n2-beta1__N0320__Aminus_0p005,hm-m2-g2-L5p3-n2-beta1,320,0.005,193,3.1965625,0.996010063278476,0.9966760293120225
hm-m2-g2-L5p3-n2-beta1__N0320__Aplus_0p005,hm-m2-g2-L5p3-n2-beta1__N0320__Aminus_0p005,hm-m2-g2-L5p3-n2-beta1,320,0.005,194,3.2131250000000002,0.9960688221499867,0.996725479714127
hm-m2-g2-L5p3-n2-beta1__N0320__Aplus_0p005,hm-m2-g2-L5p3-n2-beta1__N0320__Aminus_0p005,hm-m2-g2-L5p3-n2-beta1,320,0.005,195,3.2296875000000003,0.9961290824381854,0.9967761843954255
hm-m2-g2-L5p3-n2-beta1__N0320__Aplus_0p005,hm-m2-g2-L5p3-n2-beta1__N0320__Aminus_0p005,hm-m2-g2-L5p3-n2-beta1,320,0.005,196,3.2462500000000003,0.9961908223606225,0.9968281243332444
hm-m2-g2-L5p3-n2-beta1__N0320__Aplus_0p005,hm-m2-g2-L5p3-n2-beta1__N0320__Aminus_0p005,hm-m2-g2-L5p3-n2-beta1,320,0.005,197,3.2628125000000003,0.9962540195771197,0.9968812800330855
hm-m2-g2-L5p3-n2-beta1__N0320__Aplus_0p005,hm-m2-g2-L5p3-n2-beta1__N0320__Aminus_0p005,hm-m2-g2-L5p3-n2-beta1,320,0.005,198,3.2793750000000004,0.9963186511961939,0.9969356315353394
hm-m2-g2-L5p3-n2-beta1__N0320__Aplus_0p005,hm-m2-g2-L5p3-n2-beta1__N0320__Aminus_0p005,hm-m2-g2-L5p3-n2-beta1,320,0.005,199,3.2959375,0.996384693781676,0.9969911584221707
hm-m2-g2-L5p3-n2-beta1__N0320__Aplus_0p005,hm-m2-g2-L5p3-n2-beta1__N0320__Aminus_0p005,hm-m2-g2-L5p3-n2-beta1,320,0.005,200,3.3125,0.9964521233595234,0.9970478398245762
hm-m2-g2-L5p3-n2-beta1__N0320__Aplus_0p005,hm-m2-g2-L5p3-n2-beta1__N0320__Aminus_0p005,hm-m2-g2-L5p3-n2-beta1,320,0.005,201,3.3290625,0.9965209154248286,0.9971056544296137
hm-m2-g2-L5p3-n2-beta1__N0320__Aplus_0p005,hm-m2-g2-L5p3-n2-beta1__N0320__Aminus_0p005,hm-m2-g2-L5p3-n2-beta1,320,0.005,202,3.345625,0.996591044949024,0.9971645804877975
hm-m2-g2-L5p3-n2-beta1__N0320__Aplus_0p005,hm-m2-g2-L5p3-n2-beta1__N0320__Aminus_0p005,hm-m2-g2-L5p3-n2-beta1,320,0.005,203,3.3621875,0.9966624863872826,0.9972245958206643
hm-m2-g2-L5p3-n2-beta1__N0320__Aplus_0p005,hm-m2-g2-L5p3-n2-beta1__N0320__Aminus_0p005,hm-m2-g2-L5p3-n2-beta1,320,0.005,204,3.37875,0.996735213686116,0.9972856778285011
hm-m2-g2-L5p3-n2-beta1__N0320__Aplus_0p005,hm-m2-g2-L5p3-n2-beta1__N0320__Aminus_0p005,hm-m2-g2-L5p3-n2-beta1,320,0.005,205,3.3953125,0.996809200291169,0.9973478034982404
hm-m2-g2-L5p3-n2-beta1__N0320__Aplus_0p005,hm-m2-g2-L5p3-n2-beta1__N0320__Aminus_0p005,hm-m2-g2-L5p3-n2-beta1,320,0.005,206,3.411875,0.996884419155213,0.9974109494115143
hm-m2-g2-L5p3-n2-beta1__N0320__Aplus_0p005,hm-m2-g2-L5p3-n2-beta1__N0320__Aminus_0p005,hm-m2-g2-L5p3-n2-beta1,320,0.005,207,3.4284375000000002,0.9969608427463355,0.9974750917528701
hm-m2-g2-L5p3-n2-beta1__N0320__Aplus_0p005,hm-m2-g2-L5p3-n2-beta1__N0320__Aminus_0p005,hm-m2-g2-L5p3-n2-beta1,320,0.005,208,3.4450000000000003,0.997038443056329,0.9975402063181442
hm-m2-g2-L5p3-n2-beta1__N0320__Aplus_0p005,hm-m2-g2-L5p3-n2-beta1__N0320__Aminus_0p005,hm-m2-g2-L5p3-n2-beta1,320,0.005,209,3.4615625000000003,0.9971171916092777,0.9976062685229915
hm-m2-g2-L5p3-n2-beta1__N0320__Aplus_0p005,hm-m2-g2-L5p3-n2-beta1__N0320__Aminus_0p005,hm-m2-g2-L5p3-n2-beta1,320,0.005,210,3.4781250000000004,0.9971970594703407,0.9976732534115682
hm-m2-g2-L5p3-n2-beta1__N0320__Aplus_0p005,hm-m2-g2-L5p3-n2-beta1__N0320__Aminus_0p005,hm-m2-g2-L5p3-n2-beta1,320,0.005,211,3.4946875000000004,0.9972780172547353,0.9977411356653687
hm-m2-g2-L5p3-n2-beta1__N0320__Aplus_0p005,hm-m2-g2-L5p3-n2-beta1__N0320__Aminus_0p005,hm-m2-g2-L5p3-n2-beta1,320,0.005,212,3.51125,0.9973600351369164,0.9978098896122097
hm-m2-g2-L5p3-n2-beta1__N0320__Aplus_0p005,hm-m2-g2-L5p3-n2-beta1__N0320__Aminus_0p005,hm-m2-g2-L5p3-n2-beta1,320,0.005,213,3.5278125,0.997443082859954,0.9978794892353632
hm-m2-g2-L5p3-n2-beta1__N0320__Aplus_0p005,hm-m2-g2-L5p3-n2-beta1__N0320__Aminus_0p005,hm-m2-g2-L5p3-n2-beta1,320,0.005,214,3.544375,0.9975271297451074,0.9979499081828336
hm-m2-g2-L5p3-n2-beta1__N0320__Aplus_0p005,hm-m2-g2-L5p3-n2-beta1__N0320__Aminus_0p005,hm-m2-g2-L5p3-n2-beta1,320,0.005,215,3.5609375,0.997612144701596,0.9980211197767785
hm-m2-g2-L5p3-n2-beta1__N0320__Aplus_0p005,hm-m2-g2-L5p3-n2-beta1__N0320__Aminus_0p005,hm-m2-g2-L5p3-n2-beta1,320,0.005,216,3.5775,0.9976980962365659,0.9980930970230688
hm-m2-g2-L5p3-n2-beta1__N0320__Aplus_0p005,hm-m2-g2-L5p3-n2-beta1__N0320__Aminus_0p005,hm-m2-g2-L5p3-n2-beta1,320,0.005,217,3.5940625,0.9977849524652521,0.9981658126209862
hm-m2-g2-L5p3-n2-beta1__N0320__Aplus_0p005,hm-m2-g2-L5p3-n2-beta1__N0320__Aminus_0p005,hm-m2-g2-L5p3-n2-beta1,320,0.005,218,3.610625,0.9978726811213339,0.9982392389730568
hm-m2-g2-L5p3-n2-beta1__N0320__Aplus_0p005,hm-m2-g2-L5p3-n2-beta1__N0320__Aminus_0p005,hm-m2-g2-L5p3-n2-beta1,320,0.005,219,3.6271875000000002,0.9979612495674842,0.998313348195015
hm-m2-g2-L5p3-n2-beta1__N0320__Aplus_0p005,hm-m2-g2-L5p3-n2-beta1__N0320__Aminus_0p005,hm-m2-g2-L5p3-n2-beta1,320,0.005,220,3.6437500000000003,0.9980506248061117,0.9983881121258985
hm-m2-g2-L5p3-n2-beta1__N0320__Aplus_0p005,hm-m2-g2-L5p3-n2-beta1__N0320__Aminus_0p005,hm-m2-g2-L5p3-n2-beta1,320,0.005,221,3.6603125000000003,0.9981407734902924,0.9984635023382687
hm-m2-g2-L5p3-n2-beta1__N0320__Aplus_0p005,hm-m2-g2-L5p3-n2-beta1__N0320__Aminus_0p005,hm-m2-g2-L5p3-n2-beta1,320,0.005,222,3.6768750000000003,0.9982316619348915,0.9985394901485555
hm-m2-g2-L5p3-n2-beta1__N0320__Aplus_0p005,hm-m2-g2-L5p3-n2-beta1__N0320__Aminus_0p005,hm-m2-g2-L5p3-n2-beta1,320,0.005,223,3.6934375000000004,0.9983232561278735,0.9986160466275221
hm-m2-g2-L5p3-n2-beta1__N0320__Aplus_0p005,hm-m2-g2-L5p3-n2-beta1__N0320__Aminus_0p005,hm-m2-g2-L5p3-n2-beta1,320,0.005,224,3.71,0.998415521741798,0.9986931426108474
hm-m2-g2-L5p3-n2-beta1__N0320__Aplus_0p005,hm-m2-g2-L5p3-n2-beta1__N0320__Aminus_0p005,hm-m2-g2-L5p3-n2-beta1,320,0.005,225,3.7265625,0.9985084241455001,0.9987707487098224
hm-m2-g2-L5p3-n2-beta1__N0320__Aplus_0p005,hm-m2-g2-L5p3-n2-beta1__N0320__Aminus_0p005,hm-m2-g2-L5p3-n2-beta1,320,0.005,226,3.743125,0.9986019284159532,0.9988488353221588
hm-m2-g2-L5p3-n2-beta1__N0320__Aplus_0p005,hm-m2-g2-L5p3-n2-beta1__N0320__Aminus_0p005,hm-m2-g2-L5p3-n2-beta1,320,0.005,227,3.7596875,0.9986959993503125,0.9989273726429033
hm-m2-g2-L5p3-n2-beta1__N0320__Aplus_0p005,hm-m2-g2-L5p3-n2-beta1__N0320__Aminus_0p005,hm-m2-g2-L5p3-n2-beta1,320,0.005,228,3.77625,0.9987906014781359,0.9990063306754575
hm-m2-g2-L5p3-n2-beta1__N0320__Aplus_0p005,hm-m2-g2-L5p3-n2-beta1__N0320__Aminus_0p005,hm-m2-g2-L5p3-n2-beta1,320,0.005,229,3.7928125,0.9988856990737808,0.9990856792426988
hm-m2-g2-L5p3-n2-beta1__N0320__Aplus_0p005,hm-m2-g2-L5p3-n2-beta1__N0320__Aminus_0p005,hm-m2-g2-L5p3-n2-beta1,320,0.005,230,3.809375,0.9989812561689734,0.9991653879981977
hm-m2-g2-L5p3-n2-beta1__N0320__Aplus_0p005,hm-m2-g2-L5p3-n2-beta1__N0320__Aminus_0p005,hm-m2-g2-L5p3-n2-beta1,320,0.005,231,3.8259375,0.9990772365655488,0.9992454264375288
hm-m2-g2-L5p3-n2-beta1__N0320__Aplus_0p005,hm-m2-g2-L5p3-n2-beta1__N0320__Aminus_0p005,hm-m2-g2-L5p3-n2-beta1,320,0.005,232,3.8425000000000002,0.9991736038483573,0.9993257639096722
hm-m2-g2-L5p3-n2-beta1__N0320__Aplus_0p005,hm-m2-g2-L5p3-n2-beta1__N0320__Aminus_0p005,hm-m2-g2-L5p3-n2-beta1,320,0.005,233,3.8590625000000003,0.999270321398335,0.9994063696285006
hm-m2-g2-L5p3-n2-beta1__N0320__Aplus_0p005,hm-m2-g2-L5p3-n2-beta1__N0320__Aminus_0p005,hm-m2-g2-L5p3-n2-beta1,320,0.005,234,3.8756250000000003,0.9993673524057355,0.999487212684348
hm-m2-g2-L5p3-n2-beta1__N0320__Aplus_0p005,hm-m2-g2-L5p3-n2-beta1__N0320__Aminus_0p005,hm-m2-g2-L5p3-n2-beta1,320,0.005,235,3.8921875000000004,0.9994646598835174,0.9995682620556574
hm-m2-g2-L5p3-n2-beta1__N0320__Aplus_0p005,hm-m2-g2-L5p3-n2-beta1__N0320__Aminus_0p005,hm-m2-g2-L5p3-n2-beta1,320,0.005,236,3.9087500000000004,0.9995622066808868,0.9996494866207034
hm-m2-g2-L5p3-n2-beta1__N0320__Aplus_0p005,hm-m2-g2-L5p3-n2-beta1__N0320__Aminus_0p005,hm-m2-g2-L5p3-n2-beta1,320,0.005,237,3.9253125,0.999659955496988,0.9997308551693825
hm-m2-g2-L5p3-n2-beta1__N0320__Aplus_0p005,hm-m2-g2-L5p3-n2-beta1__N0320__Aminus_0p005,hm-m2-g2-L5p3-n2-beta1,320,0.005,238,3.941875,0.9997578688947405,0.9998123364150722
hm-m2-g2-L5p3-n2-beta1__N0320__Aplus_0p005,hm-m2-g2-L5p3-n2-beta1__N0320__Aminus_0p005,hm-m2-g2-L5p3-n2-beta1,320,0.005,239,3.9584375,0.9998559093148162,0.9998938990065486
hm-m2-g2-L5p3-n2-beta1__N0320__Aplus_0p005,hm-m2-g2-L5p3-n2-beta1__N0320__Aminus_0p005,hm-m2-g2-L5p3-n2-beta1,320,0.005,240,3.975,0.9999540390897546,0.9999755115399646
hm-m2-g2-L5p3-n2-beta1__N0320__Aplus_0p005,hm-m2-g2-L5p3-n2-beta1__N0320__Aminus_0p005,hm-m2-g2-L5p3-n2-beta1,320,0.005,241,3.9915625,1.0000522204582094,1.0000571425708784
hm-m2-g2-L5p3-n2-beta1__N0320__Aplus_0p005,hm-m2-g2-L5p3-n2-beta1__N0320__Aminus_0p005,hm-m2-g2-L5p3-n2-beta1,320,0.005,242,4.008125000000001,1.0001504155793224,1.0001387606263321
hm-m2-g2-L5p3-n2-beta1__N0320__Aplus_0p005,hm-m2-g2-L5p3-n2-beta1__N0320__Aminus_0p005,hm-m2-g2-L5p3-n2-beta1,320,0.005,243,4.024687500000001,1.0002485865472202,1.0002203342169735
hm-m2-g2-L5p3-n2-beta1__N0320__Aplus_0p005,hm-m2-g2-L5p3-n2-beta1__N0320__Aminus_0p005,hm-m2-g2-L5p3-n2-beta1,320,0.005,244,4.04125,1.0003466954056273,1.0003018318492178
hm-m2-g2-L5p3-n2-beta1__N0320__Aplus_0p005,hm-m2-g2-L5p3-n2-beta1__N0320__Aminus_0p005,hm-m2-g2-L5p3-n2-beta1,320,0.005,245,4.0578125,1.0004447041625923,1.000383222037443
hm-m2-g2-L5p3-n2-beta1__N0320__Aplus_0p005,hm-m2-g2-L5p3-n2-beta1__N0320__Aminus_0p005,hm-m2-g2-L5p3-n2-beta1,320,0.005,246,4.074375,1.000542574805319,1.0004644733162154
hm-m2-g2-L5p3-n2-beta1__N0320__Aplus_0p005,hm-m2-g2-L5p3-n2-beta1__N0320__Aminus_0p005,hm-m2-g2-L5p3-n2-beta1,320,0.005,247,4.0909375,1.000640269315098,1.0005455542525419
hm-m2-g2-L5p3-n2-beta1__N0320__Aplus_0p005,hm-m2-g2-L5p3-n2-beta1__N0320__Aminus_0p005,hm-m2-g2-L5p3-n2-beta1,320,0.005,248,4.1075,1.0007377496823346,1.000626433458141
hm-m2-g2-L5p3-n2-beta1__N0320__Aplus_0p005,hm-m2-g2-L5p3-n2-beta1__N0320__Aminus_0p005,hm-m2-g2-L5p3-n2-beta1,320,0.005,249,4.1240625,1.000834977921663,1.0007070796017286
hm-m2-g2-L5p3-n2-beta1__N0320__Aplus_0p005,hm-m2-g2-L5p3-n2-beta1__N0320__Aminus_0p005,hm-m2-g2-L5p3-n2-beta1,320,0.005,250,4.140625,1.0009319160871444,1.000787461421316
hm-m2-g2-L5p3-n2-beta1__N0320__Aplus_0p005,hm-m2-g2-L5p3-n2-beta1__N0320__Aminus_0p005,hm-m2-g2-L5p3-n2-beta1,320,0.005,251,4.1571875,1.0010285262875396,1.0008675477365117
hm-m2-g2-L5p3-n2-beta1__N0320__Aplus_0p005,hm-m2-g2-L5p3-n2-beta1__N0320__Aminus_0p005,hm-m2-g2-L5p3-n2-beta1,320,0.005,252,4.17375,1.001124770701651,1.000947307460825
hm-m2-g2-L5p3-n2-beta1__N0320__Aplus_0p005,hm-m2-g2-L5p3-n2-beta1__N0320__Aminus_0p005,hm-m2-g2-L5p3-n2-beta1,320,0.005,253,4.1903125,1.0012206115937283,1.0010267096139636
hm-m2-g2-L5p3-n2-beta1__N0320__Aplus_0p005,hm-m2-g2-L5p3-n2-beta1__N0320__Aminus_0p005,hm-m2-g2-L5p3-n2-beta1,320,0.005,254,4.206875,1.0013160113289268,1.0011057233341203
hm-m2-g2-L5p3-n2-beta1__N0320__Aplus_0p005,hm-m2-g2-L5p3-n2-beta1__N0320__Aminus_0p005,hm-m2-g2-L5p3-n2-beta1,320,0.005,255,4.2234375,1.001410932388816,1.001184317890247
hm-m2-g2-L5p3-n2-beta1__N0320__Aplus_0p005,hm-m2-g2-L5p3-n2-beta1__N0320__Aminus_0p005,hm-m2-g2-L5p3-n2-beta1,320,0.005,256,4.24,1.0015053373869294,1.001262462694307
hm-m2-g2-L5p3-n2-beta1__N0320__Aplus_0p005,hm-m2-g2-L5p3-n2-beta1__N0320__Aminus_0p005,hm-m2-g2-L5p3-n2-beta1,320,0.005,257,4.2565625,1.0015991890843445,1.0013401273134999
hm-m2-g2-L5p3-n2-beta1__N0320__Aplus_0p005,hm-m2-g2-L5p3-n2-beta1__N0320__Aminus_0p005,hm-m2-g2-L5p3-n2-beta1,320,0.005,258,4.273125,1.0016924504052929,1.0014172814824578
hm-m2-g2-L5p3-n2-beta1__N0320__Aplus_0p005,hm-m2-g2-L5p3-n2-beta1__N0320__Aminus_0p005,hm-m2-g2-L5p3-n2-beta1,320,0.005,259,4.2896875,1.001785084452785,1.0014938951154044
hm-m2-g2-L5p3-n2-beta1__N0320__Aplus_0p005,hm-m2-g2-L5p3-n2-beta1__N0320__Aminus_0p005,hm-m2-g2-L5p3-n2-beta1,320,0.005,260,4.30625,1.0018770545242464,1.0015699383182703
hm-m2-g2-L5p3-n2-beta1__N0320__Aplus_0p005,hm-m2-g2-L5p3-n2-beta1__N0320__Aminus_0p005,hm-m2-g2-L5p3-n2-beta1,320,0.005,261,4.3228125,1.0019683241271566,1.0016453814007626
hm-m2-g2-L5p3-n2-beta1__N0320__Aplus_0p005,hm-m2-g2-L5p3-n2-beta1__N0320__Aminus_0p005,hm-m2-g2-L5p3-n2-beta1,320,0.005,262,4.339375,1.0020588569946802,1.001720194888382
hm-m2-g2-L5p3-n2-beta1__N0320__Aplus_0p005,hm-m2-g2-L5p3-n2-beta1__N0320__Aminus_0p005,hm-m2-g2-L5p3-n2-beta1,320,0.005,263,4.3559375000000005,1.002148617101285,1.0017943495343802
hm-m2-g2-L5p3-n2-beta1__N0320__Aplus_0p005,hm-m2-g2-L5p3-n2-beta1__N0320__Aminus_0p005,hm-m2-g2-L5p3-n2-beta1,320,0.005,264,4.3725000000000005,1.002237568678336,1.0018678163316543
hm-m2-g2-L5p3-n2-beta1__N0320__Aplus_0p005,hm-m2-g2-L5p3-n2-beta1__N0320__Aminus_0p005,hm-m2-g2-L5p3-n2-beta1,320,0.005,265,4.3890625000000005,1.0023256762296595,1.0019405665245713
hm-m2-g2-L5p3-n2-beta1__N0320__Aplus_0p005,hm-m2-g2-L5p3-n2-beta1__N0320__Aminus_0p005,hm-m2-g2-L5p3-n2-beta1,320,0.005,266,4.405625000000001,1.0024129045470658,1.0020125716207184
hm-m2-g2-L5p3-n2-beta1__N0320__Aplus_0p005,hm-m2-g2-L5p3-n2-beta1__N0320__Aminus_0p005,hm-m2-g2-L5p3-n2-beta1,320,0.005,267,4.422187500000001,1.002499218725823,1.0020838034025723
hm-m2-g2-L5p3-n2-beta1__N0320__Aplus_0p005,hm-m2-g2-L5p3-n2-beta1__N0320__Aminus_0p005,hm-m2-g2-L5p3-n2-beta1,320,0.005,268,4.438750000000001,1.0025845841800751,1.0021542339390823
hm-m2-g2-L5p3-n2-beta1__N0320__Aplus_0p005,hm-m2-g2-L5p3-n2-beta1__N0320__Aminus_0p005,hm-m2-g2-L5p3-n2-beta1,320,0.005,269,4.4553125,1.0026689666581907,1.0022238355971629
hm-m2-g2-L5p3-n2-beta1__N0320__Aplus_0p005,hm-m2-g2-L5p3-n2-beta1__N0320__Aminus_0p005,hm-m2-g2-L5p3-n2-beta1,320,0.005,270,4.471875,1.0027523322580387,1.0022925810530876
hm-m2-g2-L5p3-n2-beta1__N0320__Aplus_0p005,hm-m2-g2-L5p3-n2-beta1__N0320__Aminus_0p005,hm-m2-g2-L5p3-n2-beta1,320,0.005,271,4.4884375,1.0028346474421768,1.0023604433037825
hm-m2-g2-L5p3-n2-beta1__N0320__Aplus_0p005,hm-m2-g2-L5p3-n2-beta1__N0320__Aminus_0p005,hm-m2-g2-L5p3-n2-beta1,320,0.005,272,4.505,1.0029158790529482,1.0024273956780088
hm-m2-g2-L5p3-n2-beta1__N0320__Aplus_0p005,hm-m2-g2-L5p3-n2-beta1__N0320__Aminus_0p005,hm-m2-g2-L5p3-n2-beta1,320,0.005,273,4.5215625,1.002995994327475,1.0024934118474342
hm-m2-g2-L5p3-n2-beta1__N0320__Aplus_0p005,hm-m2-g2-L5p3-n2-beta1__N0320__Aminus_0p005,hm-m2-g2-L5p3-n2-beta1,320,0.005,274,4.538125,1.0030749609125382,1.0025584658375841
hm-m2-g2-L5p3-n2-beta1__N0320__Aplus_0p005,hm-m2-g2-L5p3-n2-beta1__N0320__Aminus_0p005,hm-m2-g2-L5p3-n2-beta1,320,0.005,275,4.5546875,1.003152746879337,1.0026225320386672
hm-m2-g2-L5p3-n2-beta1__N0320__Aplus_0p005,hm-m2-g2-L5p3-n2-beta1__N0320__Aminus_0p005,hm-m2-g2-L5p3-n2-beta1,320,0.005,276,4.57125,1.0032293207381175,1.0026855852162735
hm-m2-g2-L5p3-n2-beta1__N0320__Aplus_0p005,hm-m2-g2-L5p3-n2-beta1__N0320__Aminus_0p005,hm-m2-g2-L5p3-n2-beta1,320,0.005,277,4.5878125,1.003304651452661,1.002747600521934
hm-m2-g2-L5p3-n2-beta1__N0320__Aplus_0p005,hm-m2-g2-L5p3-n2-beta1__N0320__Aminus_0p005,hm-m2-g2-L5p3-n2-beta1,320,0.005,278,4.604375,1.0033787084546224,1.002808553503542
hm-m2-g2-L5p3-n2-beta1__N0320__Aplus_0p005,hm-m2-g2-L5p3-n2-beta1__N0320__Aminus_0p005,hm-m2-g2-L5p3-n2-beta1,320,0.005,279,4.6209375,1.003451461657711,1.002868420115626
hm-m2-g2-L5p3-n2-beta1__N0320__Aplus_0p005,hm-m2-g2-L5p3-n2-beta1__N0320__Aminus_0p005,hm-m2-g2-L5p3-n2-beta1,320,0.005,280,4.6375,1.0035228814717025,1.0029271767294732
hm-m2-g2-L5p3-n2-beta1__N0320__Aplus_0p005,hm-m2-g2-L5p3-n2-beta1__N0320__Aminus_0p005,hm-m2-g2-L5p3-n2-beta1,320,0.005,281,4.6540625,1.0035929388162725,1.0029848001430945
hm-m2-g2-L5p3-n2-beta1__N0320__Aplus_0p005,hm-m2-g2-L5p3-n2-beta1__N0320__Aminus_0p005,hm-m2-g2-L5p3-n2-beta1,320,0.005,282,4.670625,1.0036616051346468,1.003041267591029
hm-m2-g2-L5p3-n2-beta1__N0320__Aplus_0p005,hm-m2-g2-L5p3-n2-beta1__N0320__Aminus_0p005,hm-m2-g2-L5p3-n2-beta1,320,0.005,283,4.6871875,1.003728852407052,1.0030965567539798
hm-m2-g2-L5p3-n2-beta1__N0320__Aplus_0p005,hm-m2-g2-L5p3-n2-beta1__N0320__Aminus_0p005,hm-m2-g2-L5p3-n2-beta1,320,0.005,284,4.70375,1.0037946531639639,1.0031506457682793
hm-m2-g2-L5p3-n2-beta1__N0320__Aplus_0p005,hm-m2-g2-L5p3-n2-beta1__N0320__Aminus_0p005,hm-m2-g2-L5p3-n2-beta1,320,0.005,285,4.7203125,1.003858980499141,1.0032035132351758
hm-m2-g2-L5p3-n2-beta1__N0320__Aplus_0p005,hm-m2-g2-L5p3-n2-beta1__N0320__Aminus_0p005,hm-m2-g2-L5p3-n2-beta1,320,0.005,286,4.736875,1.0039218080824344,1.00325513822994
hm-m2-g2-L5p3-n2-beta1__N0320__Aplus_0p005,hm-m2-g2-L5p3-n2-beta1__N0320__Aminus_0p005,hm-m2-g2-L5p3-n2-beta1,320,0.005,287,4.7534375,1.0039831101723673,1.003305500310782
hm-m2-g2-L5p3-n2-beta1__N0320__Aplus_0p005,hm-m2-g2-L5p3-n2-beta1__N0320__Aminus_0p005,hm-m2-g2-L5p3-n2-beta1,320,0.005,288,4.7700000000000005,1.0040428616284722,1.0033545795275787
hm-m2-g2-L5p3-n2-beta1__N0320__Aplus_0p005,hm-m2-g2-L5p3-n2-beta1__N0320__Aminus_0p005,hm-m2-g2-L5p3-n2-beta1,320,0.005,289,4.7865625000000005,1.004101037923379,1.0034023564304027
hm-m2-g2-L5p3-n2-beta1__N0320__Aplus_0p005,hm-m2-g2-L5p3-n2-beta1__N0320__Aminus_0p005,hm-m2-g2-L5p3-n2-beta1,320,0.005,290,4.8031250000000005,1.0041576151546463,1.0034488120778517
hm-m2-g2-L5p3-n2-beta1__N0320__Aplus_0p005,hm-m2-g2-L5p3-n2-beta1__N0320__Aminus_0p005,hm-m2-g2-L5p3-n2-beta1,320,0.005,291,4.819687500000001,1.0042125700563236,1.003493928045172
hm-m2-g2-L5p3-n2-beta1__N0320__Aplus_0p005,hm-m2-g2-L5p3-n2-beta1__N0320__Aminus_0p005,hm-m2-g2-L5p3-n2-beta1,320,0.005,292,4.836250000000001,1.004265880010241,1.0035376864321701
hm-m2-g2-L5p3-n2-beta1__N0320__Aplus_0p005,hm-m2-g2-L5p3-n2-beta1__N0320__Aminus_0p005,hm-m2-g2-L5p3-n2-beta1,320,0.005,293,4.852812500000001,1.0043175230570152,1.0035800698709127
hm-m2-g2-L5p3-n2-beta1__N0320__Aplus_0p005,hm-m2-g2-L5p3-n2-beta1__N0320__Aminus_0p005,hm-m2-g2-L5p3-n2-beta1,320,0.005,294,4.869375000000001,1.0043674779067624,1.0036210615332053
hm-m2-g2-L5p3-n2-beta1__N0320__Aplus_0p005,hm-m2-g2-L5p3-n2-beta1__N0320__Aminus_0p005,hm-m2-g2-L5p3-n2-beta1,320,0.005,295,4.8859375,1.0044157239495155,1.003660645137849
hm-m2-g2-L5p3-n2-beta1__N0320__Aplus_0p005,hm-m2-g2-L5p3-n2-beta1__N0320__Aminus_0p005,hm-m2-g2-L5p3-n2-beta1,320,0.005,296,4.9025,1.0044622412653317,1.003698804957671
hm-m2-g2-L5p3-n2-beta1__N0320__Aplus_0p005,hm-m2-g2-L5p3-n2-beta1__N0320__Aminus_0p005,hm-m2-g2-L5p3-n2-beta1,320,0.005,297,4.9190625,1.0045070106340868,1.0037355258263234
hm-m2-g2-L5p3-n2-beta1__N0320__Aplus_0p005,hm-m2-g2-L5p3-n2-beta1__N0320__Aminus_0p005,hm-m2-g2-L5p3-n2-beta1,320,0.005,298,4.935625,1.0045500135449486,1.0037707931448472
hm-m2-g2-L5p3-n2-beta1__N0320__Aplus_0p005,hm-m2-g2-L5p3-n2-beta1__N0320__Aminus_0p005,hm-m2-g2-L5p3-n2-beta1,320,0.005,299,4.9521875,1.004591232205521,1.003804592887998
hm-m2-g2-L5p3-n2-beta1__N0320__Aplus_0p005,hm-m2-g2-L5p3-n2-beta1__N0320__Aminus_0p005,hm-m2-g2-L5p3-n2-beta1,320,0.005,300,4.96875,1.004630649550652,1.0038369116103307
hm-m2-g2-L5p3-n2-beta1__N0320__Aplus_0p005,hm-m2-g2-L5p3-n2-beta1__N0320__Aminus_0p005,hm-m2-g2-L5p3-n2-beta1,320,0.005,301,4.9853125,1.0046682492509007,1.0038677364520374
hm-m2-g2-L5p3-n2-beta1__N0320__Aplus_0p005,hm-m2-g2-L5p3-n2-beta1__N0320__Aminus_0p005,hm-m2-g2-L5p3-n2-beta1,320,0.005,302,5.001875,1.004704015720654,1.0038970551445379
hm-m2-g2-L5p3-n2-beta1__N0320__Aplus_0p005,hm-m2-g2-L5p3-n2-beta1__N0320__Aminus_0p005,hm-m2-g2-L5p3-n2-beta1,320,0.005,303,5.0184375,1.0047379341258897,1.003924856015817
hm-m2-g2-L5p3-n2-beta1__N0320__Aplus_0p005,hm-m2-g2-L5p3-n2-beta1__N0320__Aminus_0p005,hm-m2-g2-L5p3-n2-beta1,320,0.005,304,5.035,1.0047699903915783,1.0039511279955085
hm-m2-g2-L5p3-n2-beta1__N0320__Aplus_0p005,hm-m2-g2-L5p3-n2-beta1__N0320__Aminus_0p005,hm-m2-g2-L5p3-n2-beta1,320,0.005,305,5.0515625,1.004800171208718,1.00397586061972
hm-m2-g2-L5p3-n2-beta1__N0320__Aplus_0p005,hm-m2-g2-L5p3-n2-beta1__N0320__Aminus_0p005,hm-m2-g2-L5p3-n2-beta1,320,0.005,306,5.068125,1.0048284640409975,1.0039990440355968
hm-m2-g2-L5p3-n2-beta1__N0320__Aplus_0p005,hm-m2-g2-L5p3-n2-beta1__N0320__Aminus_0p005,hm-m2-g2-L5p3-n2-beta1,320,0.005,307,5.0846875,1.004854857131083,1.0040206690056248
hm-m2-g2-L5p3-n2-beta1__N0320__Aplus_0p005,hm-m2-g2-L5p3-n2-beta1__N0320__Aminus_0p005,hm-m2-g2-L5p3-n2-beta1,320,0.005,308,5.10125,1.00487933950652,1.004040726911665
hm-m2-g2-L5p3-n2-beta1__N0320__Aplus_0p005,hm-m2-g2-L5p3-n2-beta1__N0320__Aminus_0p005,hm-m2-g2-L5p3-n2-beta1,320,0.005,309,5.1178125,1.0049019009852527,1.0040592097587215
hm-m2-g2-L5p3-n2-beta1__N0320__Aplus_0p005,hm-m2-g2-L5p3-n2-beta1__N0320__Aminus_0p005,hm-m2-g2-L5p3-n2-beta1,320,0.005,310,5.134375,1.0049225321807482,1.0040761101784392
hm-m2-g2-L5p3-n2-beta1__N0320__Aplus_0p005,hm-m2-g2-L5p3-n2-beta1__N0320__Aminus_0p005,hm-m2-g2-L5p3-n2-beta1,320,0.005,311,5.1509375,1.004941224506729,1.0040914214323282
hm-m2-g2-L5p3-n2-beta1__N0320__Aplus_0p005,hm-m2-g2-L5p3-n2-beta1__N0320__Aminus_0p005,hm-m2-g2-L5p3-n2-beta1,320,0.005,312,5.1675,1.0049579701815041,1.0041051374147156
hm-m2-g2-L5p3-n2-beta1__N0320__Aplus_0p005,hm-m2-g2-L5p3-n2-beta1__N0320__Aminus_0p005,hm-m2-g2-L5p3-n2-beta1,320,0.005,313,5.1840625000000005,1.0049727622319,1.004117252655421
hm-m2-g2-L5p3-n2-beta1__N0320__Aplus_0p005,hm-m2-g2-L5p3-n2-beta1__N0320__Aminus_0p005,hm-m2-g2-L5p3-n2-beta1,320,0.005,314,5.2006250000000005,1.0049855944967847,1.0041277623221534
hm-m2-g2-L5p3-n2-beta1__N0320__Aplus_0p005,hm-m2-g2-L5p3-n2-beta1__N0320__Aminus_0p005,hm-m2-g2-L5p3-n2-beta1,320,0.005,315,5.2171875000000005,1.0049964616301852,1.0041366622226309
hm-m2-g2-L5p3-n2-beta1__N0320__Aplus_0p005,hm-m2-g2-L5p3-n2-beta1__N0320__Aminus_0p005,hm-m2-g2-L5p3-n2-beta1,320,0.005,316,5.233750000000001,1.0050053591039934,1.0041439488064194
hm-m2-g2-L5p3-n2-beta1__N0320__Aplus_0p005,hm-m2-g2-L5p3-n2-beta1__N0320__Aminus_0p005,hm-m2-g2-L5p3-n2-beta1,320,0.005,317,5.250312500000001,1.0050122832102593,1.0041496191664907
hm-m2-g2-L5p3-n2-beta1__N0320__Aplus_0p005,hm-m2-g2-L5p3-n2-beta1__N0320__Aminus_0p005,hm-m2-g2-L5p3-n2-beta1,320,0.005,318,5.266875000000001,1.0050172310630705,1.0041536710404981
hm-m2-g2-L5p3-n2-beta1__N0320__Aplus_0p005,hm-m2-g2-L5p3-n2-beta1__N0320__Aminus_0p005,hm-m2-g2-L5p3-n2-beta1,320,0.005,319,5.283437500000001,1.005020200600015,1.00415610281177
hm-m2-g2-L5p3-n2-beta1__N0320__Aplus_0p005,hm-m2-g2-L5p3-n2-beta1__N0320__Aminus_0p005,hm-m2-g2-L5p3-n2-beta1,320,0.005,320,5.3,1.0050211905832271,1.0041569135100195
hm-m2-g2-L5p3-n2-beta1__N0320__Aplus_0p01,hm-m2-g2-L5p3-n2-beta1__N0320__Aminus_0p01,hm-m2-g2-L5p3-n2-beta1,320,0.01,0,0.0,1.0100856533673157,1.0083132065353073
hm-m2-g2-L5p3-n2-beta1__N0320__Aplus_0p01,hm-m2-g2-L5p3-n2-beta1__N0320__Aminus_0p01,hm-m2-g2-L5p3-n2-beta1,320,0.01,1,0.0165625,1.0100836194503215,1.0083115661478037
hm-m2-g2-L5p3-n2-beta1__N0320__Aplus_0p01,hm-m2-g2-L5p3-n2-beta1__N0320__Aminus_0p01,hm-m2-g2-L5p3-n2-beta1,320,0.01,2,0.033125,1.0100775186126063,1.0083066456624348
hm-m2-g2-L5p3-n2-beta1__N0320__Aplus_0p01,hm-m2-g2-L5p3-n2-beta1__N0320__Aminus_0p01,hm-m2-g2-L5p3-n2-beta1,320,0.01,3,0.0496875,1.0100673535933975,1.0082984471102912
hm-m2-g2-L5p3-n2-beta1__N0320__Aplus_0p01,hm-m2-g2-L5p3-n2-beta1__N0320__Aminus_0p01,hm-m2-g2-L5p3-n2-beta1,320,0.01,4,0.06625,1.0100531289561723,1.0082869738754112
hm-m2-g2-L5p3-n2-beta1__N0320__Aplus_0p01,hm-m2-g2-L5p3-n2-beta1__N0320__Aminus_0p01,hm-m2-g2-L5p3-n2-beta1,320,0.01,5,0.08281250000000001,1.0100348510858015,1.008272230693112
hm-m2-g2-L5p3-n2-beta1__N0320__Aplus_0p01,hm-m2-g2-L5p3-n2-beta1__N0320__Aminus_0p01,hm-m2-g2-L5p3-n2-beta1,320,0.01,6,0.099375,1.010012528184561,1.008254223647656
hm-m2-g2-L5p3-n2-beta1__N0320__Aplus_0p01,hm-m2-g2-L5p3-n2-beta1__N0320__Aminus_0p01,hm-m2-g2-L5p3-n2-beta1,320,0.01,7,0.1159375,1.0099861702670088,1.008232960169252
hm-m2-g2-L5p3-n2-beta1__N0320__Aplus_0p01,hm-m2-g2-L5p3-n2-beta1__N0320__Aminus_0p01,hm-m2-g2-L5p3-n2-beta1,320,0.01,8,0.1325,1.0099557891537332,1.0082084490303962
hm-m2-g2-L5p3-n2-beta1__N0320__Aplus_0p01,hm-m2-g2-L5p3-n2-beta1__N0320__Aminus_0p01,hm-m2-g2-L5p3-n2-beta1,320,0.01,9,0.14906250000000001,1.0099213984639854,1.008180700341554
hm-m2-g2-L5p3-n2-beta1__N0320__Aplus_0p01,hm-m2-g2-L5p3-n2-beta1__N0320__Aminus_0p01,hm-m2-g2-L5p3-n2-beta1,320,0.01,10,0.16562500000000002,1.009883013607197,1.0081497255461855
hm-m2-g2-L5p3-n2-beta1__N0320__Aplus_0p01,hm-m2-g2-L5p3-n2-beta1__N0320__Aminus_0p01,hm-m2-g2-L5p3-n2-beta1,320,0.01,11,0.1821875,1.0098406517733958,1.0081155374151205
hm-m2-g2-L5p3-n2-beta1__N0320__Aplus_0p01,hm-m2-g2-L5p3-n2-beta1__N0320__Aminus_0p01,hm-m2-g2-L5p3-n2-beta1,320,0.01,12,0.19875,1.0097943319225295,1.0080781500402856
hm-m2-g2-L5p3-n2-beta1__N0320__Aplus_0p01,hm-m2-g2-L5p3-n2-beta1__N0320__Aminus_0p01,hm-m2-g2-L5p3-n2-beta1,320,0.01,13,0.21531250000000002,1.0097440747727104,1.0080375788277884
hm-m2-g2-L5p3-n2-beta1__N0320__Aplus_0p01,hm-m2-g2-L5p3-n2-beta1__N0320__Aminus_0p01,hm-m2-g2-L5p3-n2-beta1,320,0.01,14,0.231875,1.0096899027873916,1.0079938404903648
hm-m2-g2-L5p3-n2-beta1__N0320__Aplus_0p01,hm-m2-g2-L5p3-n2-beta1__N0320__Aminus_0p01,hm-m2-g2-L5p3-n2-beta1,320,0.01,15,0.2484375,1.009631840161489,1.0079469530391938
hm-m2-g2-L5p3-n2-beta1__N0320__Aplus_0p01,hm-m2-g2-L5p3-n2-beta1__N0320__Aminus_0p01,hm-m2-g2-L5p3-n2-beta1,320,0.01,16,0.265,1.0095699128064681,1.007896935775088
hm-m2-g2-L5p3-n2-beta1__N0320__Aplus_0p01,hm-m2-g2-L5p3-n2-beta1__N0320__Aminus_0p01,hm-m2-g2-L5p3-n2-beta1,320,0.01,17,0.2815625,1.0095041483344047,1.0078438092790634
hm-m2-g2-L5p3-n2-beta1__N0320__Aplus_0p01,hm-m2-g2-L5p3-n2-beta1__N0320__Aminus_0p01,hm-m2-g2-L5p3-n2-beta1,320,0.01,18,0.29812500000000003,1.0094345760410441,1.0077875954022988
hm-m2-g2-L5p3-n2-beta1__N0320__Aplus_0p01,hm-m2-g2-L5p3-n2-beta1__N0320__Aminus_0p01,hm-m2-g2-L5p3-n2-beta1,320,0.01,19,0.3146875,1.0093612268878716,1.0077283172554912
hm-m2-g2-L5p3-n2-beta1__N0320__Aplus_0p01,hm-m2-g2-L5p3-n2-beta1__N0320__Aminus_0p01,hm-m2-g2-L5p3-n2-beta1,320,0.01,20,0.33125000000000004,1.0092841334832168,1.0076659991976122
hm-m2-g2-L5p3-n2-beta1__N0320__Aplus_0p01,hm-m2-g2-L5p3-n2-beta1__N0320__Aminus_0p01,hm-m2-g2-L5p3-n2-beta1,320,0.01,21,0.3478125,1.0092033300624093,1.0076006668240796
hm-m2-g2-L5p3-n2-beta1__N0320__Aplus_0p01,hm-m2-g2-L5p3-n2-beta1__N0320__Aminus_0p01,hm-m2-g2-L5p3-n2-beta1,320,0.01,22,0.364375,1.0091188524670096,1.007532346954347
hm-m2-g2-L5p3-n2-beta1__N0320__Aplus_0p01,hm-m2-g2-L5p3-n2-beta1__N0320__Aminus_0p01,hm-m2-g2-L5p3-n2-beta1,320,0.01,23,0.38093750000000004,1.0090307381231352,1.0074610676189248
hm-m2-g2-L5p3-n2-beta1__N0320__Aplus_0p01,hm-m2-g2-L5p3-n2-beta1__N0320__Aminus_0p01,hm-m2-g2-L5p3-n2-beta1,320,0.01,24,0.3975,1.0089390260189046,1.00738685804584
hm-m2-g2-L5p3-n2-beta1__N0320__Aplus_0p01,hm-m2-g2-L5p3-n2-beta1__N0320__Aminus_0p01,hm-m2-g2-L5p3-n2-beta1,320,0.01,25,0.4140625,1.0088437566810249,1.0073097486465445
hm-m2-g2-L5p3-n2-beta1__N0320__Aplus_0p01,hm-m2-g2-L5p3-n2-beta1__N0320__Aminus_0p01,hm-m2-g2-L5p3-n2-beta1,320,0.01,26,0.43062500000000004,1.0087449721505433,1.0072297710012839
hm-m2-g2-L5p3-n2-beta1__N0320__Aplus_0p01,hm-m2-g2-L5p3-n2-beta1__N0320__Aminus_0p01,hm-m2-g2-L5p3-n2-beta1,320,0.01,27,0.4471875,1.008642715957793,1.0071469578439358
hm-m2-g2-L5p3-n2-beta1__N0320__Aplus_0p01,hm-m2-g2-L5p3-n2-beta1__N0320__Aminus_0p01,hm-m2-g2-L5p3-n2-beta1,320,0.01,28,0.46375,1.0085370330965553,1.0070613430463295
hm-m2-g2-L5p3-n2-beta1__N0320__Aplus_0p01,hm-m2-g2-L5p3-n2-beta1__N0320__Aminus_0p01,hm-m2-g2-L5p3-n2-beta1,320,0.01,29,0.48031250000000003,1.0084279699974632,1.0069729616020568
hm-m2-g2-L5p3-n2-beta1__N0320__Aplus_0p01,hm-m2-g2-L5p3-n2-beta1__N0320__Aminus_0p01,hm-m2-g2-L5p3-n2-beta1,320,0.01,30,0.496875,1.0083155745006782,1.0068818496097882
hm-m2-g2-L5p3-n2-beta1__N0320__Aplus_0p01,hm-m2-g2-L5p3-n2-beta1__N0320__Aminus_0p01,hm-m2-g2-L5p3-n2-beta1,320,0.01,31,0.5134375,1.0081998958278644,1.0067880442561026
hm-m2-g2-L5p3-n2-beta1__N0320__Aplus_0p01,hm-m2-g2-L5p3-n2-beta1__N0320__Aminus_0p01,hm-m2-g2-L5p3-n2-beta1,320,0.01,32,0.53,1.0080809845534862,1.006691583797846
hm-m2-g2-L5p3-n2-beta1__N0320__Aplus_0p01,hm-m2-g2-L5p3-n2-beta1__N0320__Aminus_0p01,hm-m2-g2-L5p3-n2-beta1,320,0.01,33,0.5465625000000001,1.007958892575464,1.0065925075440307
hm-m2-g2-L5p3-n2-beta1__N0320__Aplus_0p01,hm-m2-g2-L5p3-n2-beta1__N0320__Aminus_0p01,hm-m2-g2-L5p3-n2-beta1,320,0.01,34,0.563125,1.0078336730852089,1.0064908558372847
hm-m2-g2-L5p3-n2-beta1__N0320__Aplus_0p01,hm-m2-g2-L5p3-n2-beta1__N0320__Aminus_0p01,hm-m2-g2-L5p3-n2-beta1,320,0.01,35,0.5796875,1.007705380537073,1.0063866700348691
hm-m2-g2-L5p3-n2-beta1__N0320__Aplus_0p01,hm-m2-g2-L5p3-n2-beta1__N0320__Aminus_0p01,hm-m2-g2-L5p3-n2-beta1,320,0.01,36,0.5962500000000001,1.0075740706172387,1.0062799924892727
hm-m2-g2-L5p3-n2-beta1__N0320__Aplus_0p01,hm-m2-g2-L5p3-n2-beta1__N0320__Aminus_0p01,hm-m2-g2-L5p3-n2-beta1,320,0.01,37,0.6128125,1.0074398002120808,1.0061708665283977
hm-m2-g2-L5p3-n2-beta1__N0320__Aplus_0p01,hm-m2-g2-L5p3-n2-beta1__N0320__Aminus_0p01,hm-m2-g2-L5p3-n2-beta1,320,0.01,38,0.629375,1.0073026273760286,1.0060593364353525
hm-m2-g2-L5p3-n2-beta1__N0320__Aplus_0p01,hm-m2-g2-L5p3-n2-beta1__N0320__Aminus_0p01,hm-m2-g2-L5p3-n2-beta1,320,0.01,39,0.6459375,1.007162611298961,1.0059454474278609
hm-m2-g2-L5p3-n2-beta1__N0320__Aplus_0p01,hm-m2-g2-L5p3-n2-beta1__N0320__Aminus_0p01,hm-m2-g2-L5p3-n2-beta1,320,0.01,40,0.6625000000000001,1.0070198122731597,1.005829245637305
hm-m2-g2-L5p3-n2-beta1__N0320__Aplus_0p01,hm-m2-g2-L5p3-n2-beta1__N0320__Aminus_0p01,hm-m2-g2-L5p3-n2-beta1,320,0.01,41,0.6790625,1.0068742916598592,1.0057107780874137
hm-m2-g2-L5p3-n2-beta1__N0320__Aplus_0p01,hm-m2-g2-L5p3-n2-beta1__N0320__Aminus_0p01,hm-m2-g2-L5p3-n2-beta1,320,0.01,42,0.695625,1.0067261118554127,1.0055900926726127
hm-m2-g2-L5p3-n2-beta1__N0320__Aplus_0p01,hm-m2-g2-L5p3-n2-beta1__N0320__Aminus_0p01,hm-m2-g2-L5p3-n2-beta1,320,0.01,43,0.7121875000000001,1.0065753362571155,1.0054672381360463
hm-m2-g2-L5p3-n2-beta1__N0320__Aplus_0p01,hm-m2-g2-L5p3-n2-beta1__N0320__Aminus_0p01,hm-m2-g2-L5p3-n2-beta1,320,0.01,44,0.72875,1.006422029228708,1.005342264047291
hm-m2-g2-L5p3-n2-beta1__N0320__Aplus_0p01,hm-m2-g2-L5p3-n2-beta1__N0320__Aminus_0p01,hm-m2-g2-L5p3-n2-beta1,320,0.01,45,0.7453125,1.006266256065591,1.0052152207797698
hm-m2-g2-L5p3-n2-beta1__N0320__Aplus_0p01,hm-m2-g2-L5p3-n2-beta1__N0320__Aminus_0p01,hm-m2-g2-L5p3-n2-beta1,320,0.01,46,0.7618750000000001,1.0061080829597864,1.0050861594878833
hm-m2-g2-L5p3-n2-beta1__N0320__Aplus_0p01,hm-m2-g2-L5p3-n2-beta1__N0320__Aminus_0p01,hm-m2-g2-L5p3-n2-beta1,320,0.01,47,0.7784375,1.0059475769646662,1.0049551320838739
hm-m2-g2-L5p3-n2-beta1__N0320__Aplus_0p01,hm-m2-g2-L5p3-n2-beta1__N0320__Aminus_0p01,hm-m2-g2-L5p3-n2-beta1,320,0.01,48,0.795,1.0057848059594865,1.0048221912144342
hm-m2-g2-L5p3-n2-beta1__N0320__Aplus_0p01,hm-m2-g2-L5p3-n2-beta1__N0320__Aminus_0p01,hm-m2-g2-L5p3-n2-beta1,320,0.01,49,0.8115625000000001,1.0056198386137525,1.004687390237077
hm-m2-g2-L5p3-n2-beta1__N0320__Aplus_0p01,hm-m2-g2-L5p3-n2-beta1__N0320__Aminus_0p01,hm-m2-g2-L5p3-n2-beta1,320,0.01,50,0.828125,1.0054527443514405,1.0045507831962786
hm-m2-g2-L5p3-n2-beta1__N0320__Aplus_0p01,hm-m2-g2-L5p3-n2-beta1__N0320__Aminus_0p01,hm-m2-g2-L5p3-n2-beta1,320,0.01,51,0.8446875,1.0052835933151136,1.004412424799412
hm-m2-g2-L5p3-n2-beta1__N0320__Aplus_0p01,hm-m2-g2-L5p3-n2-beta1__N0320__Aminus_0p01,hm-m2-g2-L5p3-n2-beta1,320,0.01,52,0.8612500000000001,1.0051124563299505,1.0042723703924836
hm-m2-g2-L5p3-n2-beta1__N0320__Aplus_0p01,hm-m2-g2-L5p3-n2-beta1__N0320__Aminus_0p01,hm-m2-g2-L5p3-n2-beta1,320,0.01,53,0.8778125,1.004939404867721,1.0041306759356874
hm-m2-g2-L5p3-n2-beta1__N0320__Aplus_0p01,hm-m2-g2-L5p3-n2-beta1__N0320__Aminus_0p01,hm-m2-g2-L5p3-n2-beta1,320,0.01,54,0.894375,1.004764511010734,1.0039873979787899
hm-m2-g2-L5p3-n2-beta1__N0320__Aplus_0p01,hm-m2-g2-L5p3-n2-beta1__N0320__Aminus_0p01,hm-m2-g2-L5p3-n2-beta1,320,0.01,55,0.9109375000000001,1.0045878474157848,1.0038425936363629
hm-m2-g2-L5p3-n2-beta1__N0320__Aplus_0p01,hm-m2-g2-L5p3-n2-beta1__N0320__Aminus_0p01,hm-m2-g2-L5p3-n2-beta1,320,0.01,56,0.9275,1.0044094872781282,1.0036963205628757
hm-m2-g2-L5p3-n2-beta1__N0320__Aplus_0p01,hm-m2-g2-L5p3-n2-beta1__N0320__Aminus_0p01,hm-m2-g2-L5p3-n2-beta1,320,0.01,57,0.9440625,1.0042295042955027,1.0035486369276625
hm-m2-g2-L5p3-n2-beta1__N0320__Aplus_0p01,hm-m2-g2-L5p3-n2-beta1__N0320__Aminus_0p01,hm-m2-g2-L5p3-n2-beta1,320,0.01,58,0.9606250000000001,1.004047972632234,1.0033996013897757
hm-m2-g2-L5p3-n2-beta1__N0320__Aplus_0p01,hm-m2-g2-L5p3-n2-beta1__N0320__Aminus_0p01,hm-m2-g2-L5p3-n2-beta1,320,0.01,59,0.9771875000000001,1.003864966883438,1.0032492730727438
hm-m2-g2-L5p3-n2-beta1__N0320__Aplus_0p01,hm-m2-g2-L5p3-n2-beta1__N0320__Aminus_0p01,hm-m2-g2-L5p3-n2-beta1,320,0.01,60,0.99375,1.0036805620393519,1.003097711539243
hm-m2-g2-L5p3-n2-beta1__N0320__Aplus_0p01,hm-m2-g2-L5p3-n2-beta1__N0320__Aminus_0p01,hm-m2-g2-L5p3-n2-beta1,320,0.01,61,1.0103125,1.0034948334498144,1.0029449767656986
hm-m2-g2-L5p3-n2-beta1__N0320__Aplus_0p01,hm-m2-g2-L5p3-n2-beta1__N0320__Aminus_0p01,hm-m2-g2-L5p3-n2-beta1,320,0.01,62,1.026875,1.0033078567889189,1.00279112911683
hm-m2-g2-L5p3-n2-beta1__N0320__Aplus_0p01,hm-m2-g2-L5p3-n2-beta1__N0320__Aminus_0p01,hm-m2-g2-L5p3-n2-beta1,320,0.01,63,1.0434375,1.0031197080198617,1.0026362293201498
hm-m2-g2-L5p3-n2-beta1__N0320__Aplus_0p01,hm-m2-g2-L5p3-n2-beta1__N0320__Aminus_0p01,hm-m2-g2-L5p3-n2-beta1,320,0.01,64,1.06,1.0029304633600062,1.002480338440432
hm-m2-g2-L5p3-n2-beta1__N0320__Aplus_0p01,hm-m2-g2-L5p3-n2-beta1__N0320__Aminus_0p01,hm-m2-g2-L5p3-n2-beta1,320,0.01,65,1.0765625,1.0027401992461862,1.0023235178541623
hm-m2-g2-L5p3-n2-beta1__N0320__Aplus_0p01,hm-m2-g2-L5p3-n2-beta1__N0320__Aminus_0p01,hm-m2-g2-L5p3-n2-beta1,320,0.01,66,1.0931250000000001,1.0025489923002648,1.002165829223984
hm-m2-g2-L5p3-n2-beta1__N0320__Aplus_0p01,hm-m2-g2-L5p3-n2-beta1__N0320__Aminus_0p01,hm-m2-g2-L5p3-n2-beta1,320,0.01,67,1.1096875000000002,1.0023569192949724,1.0020073344731473
hm-m2-g2-L5p3-n2-beta1__N0320__Aplus_0p01,hm-m2-g2-L5p3-n2-beta1__N0320__Aminus_0p01,hm-m2-g2-L5p3-n2-beta1,320,0.01,68,1.12625,1.0021640571200394,1.0018480957599816
hm-m2-g2-L5p3-n2-beta1__N0320__Aplus_0p01,hm-m2-g2-L5p3-n2-beta1__N0320__Aminus_0p01,hm-m2-g2-L5p3-n2-beta1,320,0.01,69,1.1428125,1.001970482748643,1.0016881754523963
hm-m2-g2-L5p3-n2-beta1__N0320__Aplus_0p01,hm-m2-g2-L5p3-n2-beta1__N0320__Aminus_0p01,hm-m2-g2-L5p3-n2-beta1,320,0.01,70,1.159375,1.001776273204186,1.0015276361024255
hm-m2-g2-L5p3-n2-beta1__N0320__Aplus_0p01,hm-m2-g2-L5p3-n2-beta1__N0320__Aminus_0p01,hm-m2-g2-L5p3-n2-beta1,320,0.01,71,1.1759375,1.0015815055274206,1.0013665404208283
hm-m2-g2-L5p3-n2-beta1__N0320__Aplus_0p01,hm-m2-g2-L5p3-n2-beta1__N0320__Aminus_0p01,hm-m2-g2-L5p3-n2-beta1,320,0.01,72,1.1925000000000001,1.0013862567439389,1.0012049512517538
hm-m2-g2-L5p3-n2-beta1__N0320__Aplus_0p01,hm-m2-g2-L5p3-n2-beta1__N0320__Aminus_0p01,hm-m2-g2-L5p3-n2-beta1,320,0.01,73,1.2090625000000002,1.0011906038320384,1.0010429315474845
hm-m2-g2-L5p3-n2-beta1__N0320__Aplus_0p01,hm-m2-g2-L5p3-n2-beta1__N0320__Aminus_0p01,hm-m2-g2-L5p3-n2-beta1,320,0.01,74,1.225625,1.0009946236909821,1.0008805443432665
hm-m2-g2-L5p3-n2-beta1__N0320__Aplus_0p01,hm-m2-g2-L5p3-n2-beta1__N0320__Aminus_0p01,hm-m2-g2-L5p3-n2-beta1,320,0.01,75,1.2421875,1.0007983931096627,1.0007178527322407
hm-m2-g2-L5p3-n2-beta1__N0320__Aplus_0p01,hm-m2-g2-L5p3-n2-beta1__N0320__Aminus_0p01,hm-m2-g2-L5p3-n2-beta1,320,0.01,76,1.25875,1.000601988735686,1.0005549198404817
hm-m2-g2-L5p3-n2-beta1__N0320__Aplus_0p01,hm-m2-g2-L5p3-n2-beta1__N0320__Aminus_0p01,hm-m2-g2-L5p3-n2-beta1,320,0.01,77,1.2753125,1.0004054870448844,1.0003918088021564
hm-m2-g2-L5p3-n2-beta1__N0320__Aplus_0p01,hm-m2-g2-L5p3-n2-beta1__N0320__Aminus_0p01,hm-m2-g2-L5p3-n2-beta1,320,0.01,78,1.291875,1.0002089643112708,1.000228582734813
hm-m2-g2-L5p3-n2-beta1__N0320__Aplus_0p01,hm-m2-g2-L5p3-n2-beta1__N0320__Aminus_0p01,hm-m2-g2-L5p3-n2-beta1,320,0.01,79,1.3084375000000001,1.0000124965774448,1.000065304714808
hm-m2-g2-L5p3-n2-beta1__N0320__Aplus_0p01,hm-m2-g2-L5p3-n2-beta1__N0320__Aminus_0p01,hm-m2-g2-L5p3-n2-beta1,320,0.01,80,1.3250000000000002,0.9998161596254607,0.9999020377528826
hm-m2-g2-L5p3-n2-beta1__N0320__Aplus_0p01,hm-m2-g2-L5p3-n2-beta1__N0320__Aminus_0p01,hm-m2-g2-L5p3-n2-beta1,320,0.01,81,1.3415625,0.9996200289481627,0.9997388447698963
hm-m2-g2-L5p3-n2-beta1__N0320__Aplus_0p01,hm-m2-g2-L5p3-n2-beta1__N0320__Aminus_0p01,hm-m2-g2-L5p3-n2-beta1,320,0.01,82,1.358125,0.9994241797210014,0.9995757885727274
hm-m2-g2-L5p3-n2-beta1__N0320__Aplus_0p01,hm-m2-g2-L5p3-n2-beta1__N0320__Aminus_0p01,hm-m2-g2-L5p3-n2-beta1,320,0.01,83,1.3746875,0.9992286867743335,0.9994129318303491
hm-m2-g2-L5p3-n2-beta1__N0320__Aplus_0p01,hm-m2-g2-L5p3-n2-beta1__N0320__Aminus_0p01,hm-m2-g2-L5p3-n2-beta1,320,0.01,84,1.39125,0.9990336245662137,0.9992503370500871
hm-m2-g2-L5p3-n2-beta1__N0320__Aplus_0p01,hm-m2-g2-L5p3-n2-beta1__N0320__Aminus_0p01,hm-m2-g2-L5p3-n2-beta1,320,0.01,85,1.4078125000000001,0.998839067155685,0.9990880665540725
hm-m2-g2-L5p3-n2-beta1__N0320__Aplus_0p01,hm-m2-g2-L5p3-n2-beta1__N0320__Aminus_0p01,hm-m2-g2-L5p3-n2-beta1,320,0.01,86,1.4243750000000002,0.9986450881765717,0.9989261824558897
hm-m2-g2-L5p3-n2-beta1__N0320__Aplus_0p01,hm-m2-g2-L5p3-n2-beta1__N0320__Aminus_0p01,hm-m2-g2-L5p3-n2-beta1,320,0.01,87,1.4409375,0.9984517608117797,0.9987647466374355
hm-m2-g2-L5p3-n2-beta1__N0320__Aplus_0p01,hm-m2-g2-L5p3-n2-beta1__N0320__Aminus_0p01,hm-m2-g2-L5p3-n2-beta1,320,0.01,88,1.4575,0.9982591577681079,0.99860382072599
hm-m2-g2-L5p3-n2-beta1__N0320__Aplus_0p01,hm-m2-g2-L5p3-n2-beta1__N0320__Aminus_0p01,hm-m2-g2-L5p3-n2-beta1,320,0.01,89,1.4740625,0.9980673512515758,0.998443466071509
hm-m2-g2-L5p3-n2-beta1__N0320__Aplus_0p01,hm-m2-g2-L5p3-n2-beta1__N0320__Aminus_0p01,hm-m2-g2-L5p3-n2-beta1,320,0.01,90,1.490625,0.9978764129432652,0.9982837437241456
hm-m2-g2-L5p3-n2-beta1__N0320__Aplus_0p01,hm-m2-g2-L5p3-n2-beta1__N0320__Aminus_0p01,hm-m2-g2-L5p3-n2-beta1,320,0.01,91,1.5071875000000001,0.9976864139756844,0.998124714412005
hm-m2-g2-L5p3-n2-beta1__N0320__Aplus_0p01,hm-m2-g2-L5p3-n2-beta1__N0320__Aminus_0p01,hm-m2-g2-L5p3-n2-beta1,320,0.01,92,1.5237500000000002,0.997497424909649,0.9979664385191407
hm-m2-g2-L5p3-n2-beta1__N0320__Aplus_0p01,hm-m2-g2-L5p3-n2-beta1__N0320__Aminus_0p01,hm-m2-g2-L5p3-n2-beta1,320,0.01,93,1.5403125,0.9973095157116867,0.9978089760637983
hm-m2-g2-L5p3-n2-beta1__N0320__Aplus_0p01,hm-m2-g2-L5p3-n2-beta1__N0320__Aminus_0p01,hm-m2-g2-L5p3-n2-beta1,320,0.01,94,1.556875,0.9971227557319615,0.9976523866769103
hm-m2-g2-L5p3-n2-beta1__N0320__Aplus_0p01,hm-m2-g2-L5p3-n2-beta1__N0320__Aminus_0p01,hm-m2-g2-L5p3-n2-beta1,320,0.01,95,1.5734375,0.9969372136827185,0.9974967295808495
hm-m2-g2-L5p3-n2-beta1__N0320__Aplus_0p01,hm-m2-g2-L5p3-n2-beta1__N0320__Aminus_0p01,hm-m2-g2-L5p3-n2-beta1,320,0.01,96,1.59,0.996752957617249,0.997342063568446
hm-m2-g2-L5p3-n2-beta1__N0320__Aplus_0p01,hm-m2-g2-L5p3-n2-beta1__N0320__Aminus_0p01,hm-m2-g2-L5p3-n2-beta1,320,0.01,97,1.6065625000000001,0.9965700549093734,0.9971884469822718
hm-m2-g2-L5p3-n2-beta1__N0320__Aplus_0p01,hm-m2-g2-L5p3-n2-beta1__N0320__Aminus_0p01,hm-m2-g2-L5p3-n2-beta1,320,0.01,98,1.6231250000000002,0.9963885722334398,0.9970359376941981
hm-m2-g2-L5p3-n2-beta1__N0320__Aplus_0p01,hm-m2-g2-L5p3-n2-beta1__N0320__Aminus_0p01,hm-m2-g2-L5p3-n2-beta1,320,0.01,99,1.6396875000000002,0.9962085755448361,0.9968845930852306
hm-m2-g2-L5p3-n2-beta1__N0320__Aplus_0p01,hm-m2-g2-L5p3-n2-beta1__N0320__Aminus_0p01,hm-m2-g2-L5p3-n2-beta1,320,0.01,100,1.65625,0.9960301300610138,0.9967344700256257
hm-m2-g2-L5p3-n2-beta1__N0320__Aplus_0p01,hm-m2-g2-L5p3-n2-beta1__N0320__Aminus_0p01,hm-m2-g2-L5p3-n2-beta1,320,0.01,101,1.6728125,0.9958533002430171,0.9965856248552938
hm-m2-g2-L5p3-n2-beta1__N0320__Aplus_0p01,hm-m2-g2-L5p3-n2-beta1__N0320__Aminus_0p01,hm-m2-g2-L5p3-n2-beta1,320,0.01,102,1.689375,0.9956781497775168,0.9964381133644896
hm-m2-g2-L5p3-n2-beta1__N0320__Aplus_0p01,hm-m2-g2-L5p3-n2-beta1__N0320__Aminus_0p01,hm-m2-g2-L5p3-n2-beta1,320,0.01,103,1.7059375,0.9955047415593422,0.9962919907747986
hm-m2-g2-L5p3-n2-beta1__N0320__Aplus_0p01,hm-m2-g2-L5p3-n2-beta1__N0320__Aminus_0p01,hm-m2-g2-L5p3-n2-beta1,320,0.01,104,1.7225000000000001,0.995333137674508,0.9961473117204166
hm-m2-g2-L5p3-n2-beta1__N0320__Aplus_0p01,hm-m2-g2-L5p3-n2-beta1__N0320__Aminus_0p01,hm-m2-g2-L5p3-n2-beta1,320,0.01,105,1.7390625000000002,0.99516339938373,0.9960041302297319
hm-m2-g2-L5p3-n2-beta1__N0320__Aplus_0p01,hm-m2-g2-L5p3-n2-beta1__N0320__Aminus_0p01,hm-m2-g2-L5p3-n2-beta1,320,0.01,106,1.755625,0.9949955871064251,0.9958624997072084
hm-m2-g2-L5p3-n2-beta1__N0320__Aplus_0p01,hm-m2-g2-L5p3-n2-beta1__N0320__Aminus_0p01,hm-m2-g2-L5p3-n2-beta1,320,0.01,107,1.7721875,0.9948297604051896,0.9957224729155738
hm-m2-g2-L5p3-n2-beta1__N0320__Aplus_0p01,hm-m2-g2-L5p3-n2-beta1__N0320__Aminus_0p01,hm-m2-g2-L5p3-n2-beta1,320,0.01,108,1.78875,0.994665977970749,0.9955841019583169
hm-m2-g2-L5p3-n2-beta1__N0320__Aplus_0p01,hm-m2-g2-L5p3-n2-beta1__N0320__Aminus_0p01,hm-m2-g2-L5p3-n2-beta1,320,0.01,109,1.8053125,0.9945042976073751,0.9954474382624937
hm-m2-g2-L5p3-n2-beta1__N0320__Aplus_0p01,hm-m2-g2-L5p3-n2-beta1__N0320__Aminus_0p01,hm-m2-g2-L5p3-n2-beta1,320,0.01,110,1.8218750000000001,0.9943447762187615,0.9953125325618474
hm-m2-g2-L5p3-n2-beta1__N0320__Aplus_0p01,hm-m2-g2-L5p3-n2-beta1__N0320__Aminus_0p01,hm-m2-g2-L5p3-n2-beta1,320,0.01,111,1.8384375000000002,0.9941874697943515,0.9951794348802422
hm-m2-g2-L5p3-n2-beta1__N0320__Aplus_0p01,hm-m2-g2-L5p3-n2-beta1__N0320__Aminus_0p01,hm-m2-g2-L5p3-n2-beta1,320,0.01,112,1.855,0.9940324333961126,0.9950481945154128
hm-m2-g2-L5p3-n2-beta1__N0320__Aplus_0p01,hm-m2-g2-L5p3-n2-beta1__N0320__Aminus_0p01,hm-m2-g2-L5p3-n2-beta1,320,0.01,113,1.8715625,0.9938797211457489,0.9949188600230333
hm-m2-g2-L5p3-n2-beta1__N0320__Aplus_0p01,hm-m2-g2-L5p3-n2-beta1__N0320__Aminus_0p01,hm-m2-g2-L5p3-n2-beta1,320,0.01,114,1.888125,0.9937293862123434,0.9947914792011041
hm-m2-g2-L5p3-n2-beta1__N0320__Aplus_0p01,hm-m2-g2-L5p3-n2-beta1__N0320__Aminus_0p01,hm-m2-g2-L5p3-n2-beta1,320,0.01,115,1.9046875,0.9935814808004257,0.9946660990746611
hm-m2-g2-L5p3-n2-beta1__N0320__Aplus_0p01,hm-m2-g2-L5p3-n2-beta1__N0320__Aminus_0p01,hm-m2-g2-L5p3-n2-beta1,320,0.01,116,1.9212500000000001,0.9934360561384535,0.9945427658808061
hm-m2-g2-L5p3-n2-beta1__N0320__Aplus_0p01,hm-m2-g2-L5p3-n2-beta1__N0320__Aminus_0p01,hm-m2-g2-L5p3-n2-beta1,320,0.01,117,1.9378125000000002,0.9932931624677024,0.9944215250540608
hm-m2-g2-L5p3-n2-beta1__N0320__Aplus_0p01,hm-m2-g2-L5p3-n2-beta1__N0320__Aminus_0p01,hm-m2-g2-L5p3-n2-beta1,320,0.01,118,1.9543750000000002,0.9931528490315552,0.9943024212120444
hm-m2-g2-L5p3-n2-beta1__N0320__Aplus_0p01,hm-m2-g2-L5p3-n2-beta1__N0320__Aminus_0p01,hm-m2-g2-L5p3-n2-beta1,320,0.01,119,1.9709375,0.9930151640651843,0.9941854981414774
hm-m2-g2-L5p3-n2-beta1__N0320__Aplus_0p01,hm-m2-g2-L5p3-n2-beta1__N0320__Aminus_0p01,hm-m2-g2-L5p3-n2-beta1,320,0.01,120,1.9875,0.9928801547856148,0.9940707987845098
hm-m2-g2-L5p3-n2-beta1__N0320__Aplus_0p01,hm-m2-g2-L5p3-n2-beta1__N0320__Aminus_0p01,hm-m2-g2-L5p3-n2-beta1,320,0.01,121,2.0040625000000003,0.9927478673821656,0.9939583652253766
hm-m2-g2-L5p3-n2-beta1__N0320__Aplus_0p01,hm-m2-g2-L5p3-n2-beta1__N0320__Aminus_0p01,hm-m2-g2-L5p3-n2-beta1,320,0.01,122,2.020625,0.992618347007256,0.993848238677379
hm-m2-g2-L5p3-n2-beta1__N0320__Aplus_0p01,hm-m2-g2-L5p3-n2-beta1__N0320__Aminus_0p01,hm-m2-g2-L5p3-n2-beta1,320,0.01,123,2.0371875,0.9924916377675714,0.9937404594701935
hm-m2-g2-L5p3-n2-beta1__N0320__Aplus_0p01,hm-m2-g2-L5p3-n2-beta1__N0320__Aminus_0p01,hm-m2-g2-L5p3-n2-beta1,320,0.01,124,2.05375,0.9923677827155798,0.9936350670375088
hm-m2-g2-L5p3-n2-beta1__N0320__Aplus_0p01,hm-m2-g2-L5p3-n2-beta1__N0320__Aminus_0p01,hm-m2-g2-L5p3-n2-beta1,320,0.01,125,2.0703125,0.9922468238413893,0.9935320999049884
hm-m2-g2-L5p3-n2-beta1__N0320__Aplus_0p01,hm-m2-g2-L5p3-n2-beta1__N0320__Aminus_0p01,hm-m2-g2-L5p3-n2-beta1,320,0.01,126,2.086875,0.9921288020649414,0.993431595678563
hm-m2-g2-L5p3-n2-beta1__N0320__Aplus_0p01,hm-m2-g2-L5p3-n2-beta1__N0320__Aminus_0p01,hm-m2-g2-L5p3-n2-beta1,320,0.01,127,2.1034375,0.992013757228528,0.99333359103305
hm-m2-g2-L5p3-n2-beta1__N0320__Aplus_0p01,hm-m2-g2-L5p3-n2-beta1__N0320__Aminus_0p01,hm-m2-g2-L5p3-n2-beta1,320,0.01,128,2.12,0.9919017280896275,0.993238121701099
hm-m2-g2-L5p3-n2-beta1__N0320__Aplus_0p01,hm-m2-g2-L5p3-n2-beta1__N0320__Aminus_0p01,hm-m2-g2-L5p3-n2-beta1,320,0.01,129,2.1365625,0.9917927523140491,0.9931452224624676
hm-m2-g2-L5p3-n2-beta1__N0320__Aplus_0p01,hm-m2-g2-L5p3-n2-beta1__N0320__Aminus_0p01,hm-m2-g2-L5p3-n2-beta1,320,0.01,130,2.153125,0.9916868664693793,0.9930549271336223
hm-m2-g2-L5p3-n2-beta1__N0320__Aplus_0p01,hm-m2-g2-L5p3-n2-beta1__N0320__Aminus_0p01,hm-m2-g2-L5p3-n2-beta1,320,0.01,131,2.1696875,0.9915841060187214,0.9929672685576668
hm-m2-g2-L5p3-n2-beta1__N0320__Aplus_0p01,hm-m2-g2-L5p3-n2-beta1__N0320__Aminus_0p01,hm-m2-g2-L5p3-n2-beta1,320,0.01,132,2.1862500000000002,0.9914845053147208,0.9928822785945981
hm-m2-g2-L5p3-n2-beta1__N0320__Aplus_0p01,hm-m2-g2-L5p3-n2-beta1__N0320__Aminus_0p01,hm-m2-g2-L5p3-n2-beta1,320,0.01,133,2.2028125000000003,0.9913880975938684,0.9927999881118882
hm-m2-g2-L5p3-n2-beta1__N0320__Aplus_0p01,hm-m2-g2-L5p3-n2-beta1__N0320__Aminus_0p01,hm-m2-g2-L5p3-n2-beta1,320,0.01,134,2.2193750000000003,0.991294914971074,0.9927204269753918
hm-m2-g2-L5p3-n2-beta1__N0320__Aplus_0p01,hm-m2-g2-L5p3-n2-beta1__N0320__Aminus_0p01,hm-m2-g2-L5p3-n2-beta1,320,0.01,135,2.2359375,0.9912049884345032,0.9926436240405796
hm-m2-g2-L5p3-n2-beta1__N0320__Aplus_0p01,hm-m2-g2-L5p3-n2-beta1__N0320__Aminus_0p01,hm-m2-g2-L5p3-n2-beta1,320,0.01,136,2.2525,0.9911183478406694,0.9925696071440971
hm-m2-g2-L5p3-n2-beta1__N0320__Aplus_0p01,hm-m2-g2-L5p3-n2-beta1__N0320__Aminus_0p01,hm-m2-g2-L5p3-n2-beta1,320,0.01,137,2.2690625,0.9910350219097752,0.9924984030956481
hm-m2-g2-L5p3-n2-beta1__N0320__Aplus_0p01,hm-m2-g2-L5p3-n2-beta1__N0320__Aminus_0p01,hm-m2-g2-L5p3-n2-beta1,320,0.01,138,2.285625,0.9909550382212945,0.9924300376702011
hm-m2-g2-L5p3-n2-beta1__N0320__Aplus_0p01,hm-m2-g2-L5p3-n2-beta1__N0320__Aminus_0p01,hm-m2-g2-L5p3-n2-beta1,320,0.01,139,2.3021875,0.9908784232097906,0.9923645356005211
hm-m2-g2-L5p3-n2-beta1__N0320__Aplus_0p01,hm-m2-g2-L5p3-n2-beta1__N0320__Aminus_0p01,hm-m2-g2-L5p3-n2-beta1,320,0.01,140,2.31875,0.9908052021609626,0.9923019205700233
hm-m2-g2-L5p3-n2-beta1__N0320__Aplus_0p01,hm-m2-g2-L5p3-n2-beta1__N0320__Aminus_0p01,hm-m2-g2-L5p3-n2-beta1,320,0.01,141,2.3353125,0.9907353992079129,0.9922422152059498
hm-m2-g2-L5p3-n2-beta1__N0320__Aplus_0p01,hm-m2-g2-L5p3-n2-beta1__N0320__Aminus_0p01,hm-m2-g2-L5p3-n2-beta1,320,0.01,142,2.351875,0.9906690373276326,0.9921854410728678
hm-m2-g2-L5p3-n2-beta1__N0320__Aplus_0p01,hm-m2-g2-L5p3-n2-beta1__N0320__Aminus_0p01,hm-m2-g2-L5p3-n2-beta1,320,0.01,143,2.3684375,0.9906061383376955,0.9921316186664896
hm-m2-g2-L5p3-n2-beta1__N0320__Aplus_0p01,hm-m2-g2-L5p3-n2-beta1__N0320__Aminus_0p01,hm-m2-g2-L5p3-n2-beta1,320,0.01,144,2.3850000000000002,0.9905467228931578,0.9920807674078136
hm-m2-g2-L5p3-n2-beta1__N0320__Aplus_0p01,hm-m2-g2-L5p3-n2-beta1__N0320__Aminus_0p01,hm-m2-g2-L5p3-n2-beta1,320,0.01,145,2.4015625000000003,0.9904908104836558,0.9920329056375851
hm-m2-g2-L5p3-n2-beta1__N0320__Aplus_0p01,hm-m2-g2-L5p3-n2-beta1__N0320__Aminus_0p01,hm-m2-g2-L5p3-n2-beta1,320,0.01,146,2.4181250000000003,0.9904384194306995,0.9919880506110772
hm-m2-g2-L5p3-n2-beta1__N0320__Aplus_0p01,hm-m2-g2-L5p3-n2-beta1__N0320__Aminus_0p01,hm-m2-g2-L5p3-n2-beta1,320,0.01,147,2.4346875000000003,0.9903895668851533,0.9919462184931913
hm-m2-g2-L5p3-n2-beta1__N0320__Aplus_0p01,hm-m2-g2-L5p3-n2-beta1__N0320__Aminus_0p01,hm-m2-g2-L5p3-n2-beta1,320,0.01,148,2.45125,0.9903442688249028,0.9919074243538751
hm-m2-g2-L5p3-n2-beta1__N0320__Aplus_0p01,hm-m2-g2-L5p3-n2-beta1__N0320__Aminus_0p01,hm-m2-g2-L5p3-n2-beta1,320,0.01,149,2.4678125,0.990302540052701,0.9918716821638609
hm-m2-g2-L5p3-n2-beta1__N0320__Aplus_0p01,hm-m2-g2-L5p3-n2-beta1__N0320__Aminus_0p01,hm-m2-g2-L5p3-n2-beta1,320,0.01,150,2.484375,0.9902643941941912,0.9918390047907192
hm-m2-g2-L5p3-n2-beta1__N0320__Aplus_0p01,hm-m2-g2-L5p3-n2-beta1__N0320__Aminus_0p01,hm-m2-g2-L5p3-n2-beta1,320,0.01,151,2.5009375,0.9902298436961017,0.991809403995232
hm-m2-g2-L5p3-n2-beta1__N0320__Aplus_0p01,hm-m2-g2-L5p3-n2-beta1__N0320__Aminus_0p01,hm-m2-g2-L5p3-n2-beta1,320,0.01,152,2.5175,0.9901988998246095,0.9917828904280811
hm-m2-g2-L5p3-n2-beta1__N0320__Aplus_0p01,hm-m2-g2-L5p3-n2-beta1__N0320__Aminus_0p01,hm-m2-g2-L5p3-n2-beta1,320,0.01,153,2.5340625,0.9901715726638706,0.9917594736268546
hm-m2-g2-L5p3-n2-beta1__N0320__Aplus_0p01,hm-m2-g2-L5p3-n2-beta1__N0320__Aminus_0p01,hm-m2-g2-L5p3-n2-beta1,320,0.01,154,2.550625,0.9901478711147107,0.991739162013368
hm-m2-g2-L5p3-n2-beta1__N0320__Aplus_0p01,hm-m2-g2-L5p3-n2-beta1__N0320__Aminus_0p01,hm-m2-g2-L5p3-n2-beta1,320,0.01,155,2.5671875,0.9901278028934789,0.9917219628913025
hm-m2-g2-L5p3-n2-beta1__N0320__Aplus_0p01,hm-m2-g2-L5p3-n2-beta1__N0320__Aminus_0p01,hm-m2-g2-L5p3-n2-beta1,320,0.01,156,2.58375,0.9901113745310568,0.9917078824441584
hm-m2-g2-L5p3-n2-beta1__N0320__Aplus_0p01,hm-m2-g2-L5p3-n2-beta1__N0320__Aminus_0p01,hm-m2-g2-L5p3-n2-beta1,320,0.01,157,2.6003125000000002,0.9900985913720245,0.9916969257335231
hm-m2-g2-L5p3-n2-beta1__N0320__Aplus_0p01,hm-m2-g2-L5p3-n2-beta1__N0320__Aminus_0p01,hm-m2-g2-L5p3-n2-beta1,320,0.01,158,2.6168750000000003,0.9900894575739805,0.9916890966976551
hm-m2-g2-L5p3-n2-beta1__N0320__Aplus_0p01,hm-m2-g2-L5p3-n2-beta1__N0320__Aminus_0p01,hm-m2-g2-L5p3-n2-beta1,320,0.01,159,2.6334375000000003,0.9900839761070138,0.9916843981503832
hm-m2-g2-L5p3-n2-beta1__N0320__Aplus_0p01,hm-m2-g2-L5p3-n2-beta1__N0320__Aminus_0p01,hm-m2-g2-L5p3-n2-beta1,320,0.01,160,2.6500000000000004,0.990082148753328,0.9916828317803187
hm-m2-g2-L5p3-n2-beta1__N0320__Aplus_0p01,hm-m2-g2-L5p3-n2-beta1__N0320__Aminus_0p01,hm-m2-g2-L5p3-n2-beta1,320,0.01,161,2.6665625,0.9900839761070162,0.9916843981503847
hm-m2-g2-L5p3-n2-beta1__N0320__Aplus_0p01,hm-m2-g2-L5p3-n2-beta1__N0320__Aminus_0p01,hm-m2-g2-L5p3-n2-beta1,320,0.01,162,2.683125,0.9900894575739853,0.9916890966976583
hm-m2-g2-L5p3-n2-beta1__N0320__Aplus_0p01,hm-m2-g2-L5p3-n2-beta1__N0320__Aminus_0p01,hm-m2-g2-L5p3-n2-beta1,320,0.01,163,2.6996875,0.9900985913720316,0.9916969257335279
hm-m2-g2-L5p3-n2-beta1__N0320__Aplus_0p01,hm-m2-g2-L5p3-n2-beta1__N0320__Aminus_0p01,hm-m2-g2-L5p3-n2-beta1,320,0.01,164,2.71625,0.9901113745310662,0.9917078824441646
hm-m2-g2-L5p3-n2-beta1__N0320__Aplus_0p01,hm-m2-g2-L5p3-n2-beta1__N0320__Aminus_0p01,hm-m2-g2-L5p3-n2-beta1,320,0.01,165,2.7328125,0.9901278028934908,0.9917219628913103
hm-m2-g2-L5p3-n2-beta1__N0320__Aplus_0p01,hm-m2-g2-L5p3-n2-beta1__N0320__Aminus_0p01,hm-m2-g2-L5p3-n2-beta1,320,0.01,166,2.749375,0.9901478711147249,0.9917391620133772
hm-m2-g2-L5p3-n2-beta1__N0320__Aplus_0p01,hm-m2-g2-L5p3-n2-beta1__N0320__Aminus_0p01,hm-m2-g2-L5p3-n2-beta1,320,0.01,167,2.7659375,0.9901715726638871,0.9917594736268651
hm-m2-g2-L5p3-n2-beta1__N0320__Aplus_0p01,hm-m2-g2-L5p3-n2-beta1__N0320__Aminus_0p01,hm-m2-g2-L5p3-n2-beta1,320,0.01,168,2.7825,0.9901988998246284,0.9917828904280931
hm-m2-g2-L5p3-n2-beta1__N0320__Aplus_0p01,hm-m2-g2-L5p3-n2-beta1__N0320__Aminus_0p01,hm-m2-g2-L5p3-n2-beta1,320,0.01,169,2.7990625000000002,0.9902298436961229,0.9918094039952453
hm-m2-g2-L5p3-n2-beta1__N0320__Aplus_0p01,hm-m2-g2-L5p3-n2-beta1__N0320__Aminus_0p01,hm-m2-g2-L5p3-n2-beta1,320,0.01,170,2.8156250000000003,0.9902643941942147,0.9918390047907341
hm-m2-g2-L5p3-n2-beta1__N0320__Aplus_0p01,hm-m2-g2-L5p3-n2-beta1__N0320__Aminus_0p01,hm-m2-g2-L5p3-n2-beta1,320,0.01,171,2.8321875000000003,0.9903025400527269,0.9918716821638771
hm-m2-g2-L5p3-n2-beta1__N0320__Aplus_0p01,hm-m2-g2-L5p3-n2-beta1__N0320__Aminus_0p01,hm-m2-g2-L5p3-n2-beta1,320,0.01,172,2.8487500000000003,0.9903442688249309,0.9919074243538929
hm-m2-g2-L5p3-n2-beta1__N0320__Aplus_0p01,hm-m2-g2-L5p3-n2-beta1__N0320__Aminus_0p01,hm-m2-g2-L5p3-n2-beta1,320,0.01,173,2.8653125,0.9903895668851838,0.9919462184932104
hm-m2-g2-L5p3-n2-beta1__N0320__Aplus_0p01,hm-m2-g2-L5p3-n2-beta1__N0320__Aminus_0p01,hm-m2-g2-L5p3-n2-beta1,320,0.01,174,2.881875,0.9904384194307322,0.9919880506110978
hm-m2-g2-L5p3-n2-beta1__N0320__Aplus_0p01,hm-m2-g2-L5p3-n2-beta1__N0320__Aminus_0p01,hm-m2-g2-L5p3-n2-beta1,320,0.01,175,2.8984375,0.9904908104836908,0.992032905637607
hm-m2-g2-L5p3-n2-beta1__N0320__Aplus_0p01,hm-m2-g2-L5p3-n2-beta1__N0320__Aminus_0p01,hm-m2-g2-L5p3-n2-beta1,320,0.01,176,2.915,0.990546722893195,0.992080767407837
hm-m2-g2-L5p3-n2-beta1__N0320__Aplus_0p01,hm-m2-g2-L5p3-n2-beta1__N0320__Aminus_0p01,hm-m2-g2-L5p3-n2-beta1,320,0.01,177,2.9315625,0.990606138337735,0.9921316186665143
hm-m2-g2-L5p3-n2-beta1__N0320__Aplus_0p01,hm-m2-g2-L5p3-n2-beta1__N0320__Aminus_0p01,hm-m2-g2-L5p3-n2-beta1,320,0.01,178,2.948125,0.9906690373276743,0.9921854410728936
hm-m2-g2-L5p3-n2-beta1__N0320__Aplus_0p01,hm-m2-g2-L5p3-n2-beta1__N0320__Aminus_0p01,hm-m2-g2-L5p3-n2-beta1,320,0.01,179,2.9646875,0.9907353992079567,0.9922422152059768
hm-m2-g2-L5p3-n2-beta1__N0320__Aplus_0p01,hm-m2-g2-L5p3-n2-beta1__N0320__Aminus_0p01,hm-m2-g2-L5p3-n2-beta1,320,0.01,180,2.98125,0.9908052021610085,0.9923019205700512
hm-m2-g2-L5p3-n2-beta1__N0320__Aplus_0p01,hm-m2-g2-L5p3-n2-beta1__N0320__Aminus_0p01,hm-m2-g2-L5p3-n2-beta1,320,0.01,181,2.9978125,0.9908784232098388,0.9923645356005498
hm-m2-g2-L5p3-n2-beta1__N0320__Aplus_0p01,hm-m2-g2-L5p3-n2-beta1__N0320__Aminus_0p01,hm-m2-g2-L5p3-n2-beta1,320,0.01,182,3.0143750000000002,0.9909550382213448,0.9924300376702307
hm-m2-g2-L5p3-n2-beta1__N0320__Aplus_0p01,hm-m2-g2-L5p3-n2-beta1__N0320__Aminus_0p01,hm-m2-g2-L5p3-n2-beta1,320,0.01,183,3.0309375000000003,0.9910350219098276,0.9924984030956788
hm-m2-g2-L5p3-n2-beta1__N0320__Aplus_0p01,hm-m2-g2-L5p3-n2-beta1__N0320__Aminus_0p01,hm-m2-g2-L5p3-n2-beta1,320,0.01,184,3.0475000000000003,0.991118347840724,0.992569607144129
hm-m2-g2-L5p3-n2-beta1__N0320__Aplus_0p01,hm-m2-g2-L5p3-n2-beta1__N0320__Aminus_0p01,hm-m2-g2-L5p3-n2-beta1,320,0.01,185,3.0640625000000004,0.9912049884345597,0.9926436240406126
hm-m2-g2-L5p3-n2-beta1__N0320__Aplus_0p01,hm-m2-g2-L5p3-n2-beta1__N0320__Aminus_0p01,hm-m2-g2-L5p3-n2-beta1,320,0.01,186,3.080625,0.9912949149711325,0.9927204269754258
hm-m2-g2-L5p3-n2-beta1__N0320__Aplus_0p01,hm-m2-g2-L5p3-n2-beta1__N0320__Aminus_0p01,hm-m2-g2-L5p3-n2-beta1,320,0.01,187,3.0971875,0.9913880975939289,0.9927999881119235
hm-m2-g2-L5p3-n2-beta1__N0320__Aplus_0p01,hm-m2-g2-L5p3-n2-beta1__N0320__Aminus_0p01,hm-m2-g2-L5p3-n2-beta1,320,0.01,188,3.11375,0.9914845053147833,0.9928822785946345
hm-m2-g2-L5p3-n2-beta1__N0320__Aplus_0p01,hm-m2-g2-L5p3-n2-beta1__N0320__Aminus_0p01,hm-m2-g2-L5p3-n2-beta1,320,0.01,189,3.1303125,0.9915841060187859,0.9929672685577043
hm-m2-g2-L5p3-n2-beta1__N0320__Aplus_0p01,hm-m2-g2-L5p3-n2-beta1__N0320__Aminus_0p01,hm-m2-g2-L5p3-n2-beta1,320,0.01,190,3.146875,0.9916868664694457,0.9930549271336611
hm-m2-g2-L5p3-n2-beta1__N0320__Aplus_0p01,hm-m2-g2-L5p3-n2-beta1__N0320__Aminus_0p01,hm-m2-g2-L5p3-n2-beta1,320,0.01,191,3.1634375,0.9917927523141173,0.9931452224625075
hm-m2-g2-L5p3-n2-beta1__N0320__Aplus_0p01,hm-m2-g2-L5p3-n2-beta1__N0320__Aminus_0p01,hm-m2-g2-L5p3-n2-beta1,320,0.01,192,3.18,0.9919017280896976,0.9932381217011399
hm-m2-g2-L5p3-n2-beta1__N0320__Aplus_0p01,hm-m2-g2-L5p3-n2-beta1__N0320__Aminus_0p01,hm-m2-g2-L5p3-n2-beta1,320,0.01,193,3.1965625,0.9920137572285999,0.9933335910330919
hm-m2-g2-L5p3-n2-beta1__N0320__Aplus_0p01,hm-m2-g2-L5p3-n2-beta1__N0320__Aminus_0p01,hm-m2-g2-L5p3-n2-beta1,320,0.01,194,3.2131250000000002,0.9921288020650151,0.9934315956786061
hm-m2-g2-L5p3-n2-beta1__N0320__Aplus_0p01,hm-m2-g2-L5p3-n2-beta1__N0320__Aminus_0p01,hm-m2-g2-L5p3-n2-beta1,320,0.01,195,3.2296875000000003,0.9922468238414648,0.9935320999050327
hm-m2-g2-L5p3-n2-beta1__N0320__Aplus_0p01,hm-m2-g2-L5p3-n2-beta1__N0320__Aminus_0p01,hm-m2-g2-L5p3-n2-beta1,320,0.01,196,3.2462500000000003,0.992367782715657,0.9936350670375546
hm-m2-g2-L5p3-n2-beta1__N0320__Aplus_0p01,hm-m2-g2-L5p3-n2-beta1__N0320__Aminus_0p01,hm-m2-g2-L5p3-n2-beta1,320,0.01,197,3.2628125000000003,0.9924916377676503,0.9937404594702408
hm-m2-g2-L5p3-n2-beta1__N0320__Aplus_0p01,hm-m2-g2-L5p3-n2-beta1__N0320__Aminus_0p01,hm-m2-g2-L5p3-n2-beta1,320,0.01,198,3.2793750000000004,0.9926183470073364,0.9938482386774277
hm-m2-g2-L5p3-n2-beta1__N0320__Aplus_0p01,hm-m2-g2-L5p3-n2-beta1__N0320__Aminus_0p01,hm-m2-g2-L5p3-n2-beta1,320,0.01,199,3.2959375,0.9927478673822476,0.9939583652254271
hm-m2-g2-L5p3-n2-beta1__N0320__Aplus_0p01,hm-m2-g2-L5p3-n2-beta1__N0320__Aminus_0p01,hm-m2-g2-L5p3-n2-beta1,320,0.01,200,3.3125,0.9928801547856984,0.9940707987845621
hm-m2-g2-L5p3-n2-beta1__N0320__Aplus_0p01,hm-m2-g2-L5p3-n2-beta1__N0320__Aminus_0p01,hm-m2-g2-L5p3-n2-beta1,320,0.01,201,3.3290625,0.9930151640652694,0.9941854981415316
hm-m2-g2-L5p3-n2-beta1__N0320__Aplus_0p01,hm-m2-g2-L5p3-n2-beta1__N0320__Aminus_0p01,hm-m2-g2-L5p3-n2-beta1,320,0.01,202,3.345625,0.9931528490316418,0.9943024212121004
hm-m2-g2-L5p3-n2-beta1__N0320__Aplus_0p01,hm-m2-g2-L5p3-n2-beta1__N0320__Aminus_0p01,hm-m2-g2-L5p3-n2-beta1,320,0.01,203,3.3621875,0.9932931624677904,0.9944215250541186
hm-m2-g2-L5p3-n2-beta1__N0320__Aplus_0p01,hm-m2-g2-L5p3-n2-beta1__N0320__Aminus_0p01,hm-m2-g2-L5p3-n2-beta1,320,0.01,204,3.37875,0.993436056138543,0.9945427658808659
hm-m2-g2-L5p3-n2-beta1__N0320__Aplus_0p01,hm-m2-g2-L5p3-n2-beta1__N0320__Aminus_0p01,hm-m2-g2-L5p3-n2-beta1,320,0.01,205,3.3953125,0.9935814808005166,0.9946660990747228
hm-m2-g2-L5p3-n2-beta1__N0320__Aplus_0p01,hm-m2-g2-L5p3-n2-beta1__N0320__Aminus_0p01,hm-m2-g2-L5p3-n2-beta1,320,0.01,206,3.411875,0.9937293862124356,0.9947914792011676
hm-m2-g2-L5p3-n2-beta1__N0320__Aplus_0p01,hm-m2-g2-L5p3-n2-beta1__N0320__Aminus_0p01,hm-m2-g2-L5p3-n2-beta1,320,0.01,207,3.4284375000000002,0.9938797211458422,0.9949188600230986
hm-m2-g2-L5p3-n2-beta1__N0320__Aplus_0p01,hm-m2-g2-L5p3-n2-beta1__N0320__Aminus_0p01,hm-m2-g2-L5p3-n2-beta1,320,0.01,208,3.4450000000000003,0.9940324333962073,0.9950481945154799
hm-m2-g2-L5p3-n2-beta1__N0320__Aplus_0p01,hm-m2-g2-L5p3-n2-beta1__N0320__Aminus_0p01,hm-m2-g2-L5p3-n2-beta1,320,0.01,209,3.4615625000000003,0.9941874697944473,0.9951794348803111
hm-m2-g2-L5p3-n2-beta1__N0320__Aplus_0p01,hm-m2-g2-L5p3-n2-beta1__N0320__Aminus_0p01,hm-m2-g2-L5p3-n2-beta1,320,0.01,210,3.4781250000000004,0.9943447762188585,0.9953125325619182
hm-m2-g2-L5p3-n2-beta1__N0320__Aplus_0p01,hm-m2-g2-L5p3-n2-beta1__N0320__Aminus_0p01,hm-m2-g2-L5p3-n2-beta1,320,0.01,211,3.4946875000000004,0.9945042976074733,0.9954474382625663
hm-m2-g2-L5p3-n2-beta1__N0320__Aplus_0p01,hm-m2-g2-L5p3-n2-beta1__N0320__Aminus_0p01,hm-m2-g2-L5p3-n2-beta1,320,0.01,212,3.51125,0.9946659779708482,0.9955841019583916
hm-m2-g2-L5p3-n2-beta1__N0320__Aplus_0p01,hm-m2-g2-L5p3-n2-beta1__N0320__Aminus_0p01,hm-m2-g2-L5p3-n2-beta1,320,0.01,213,3.5278125,0.9948297604052898,0.9957224729156506
hm-m2-g2-L5p3-n2-beta1__N0320__Aplus_0p01,hm-m2-g2-L5p3-n2-beta1__N0320__Aminus_0p01,hm-m2-g2-L5p3-n2-beta1,320,0.01,214,3.544375,0.9949955871065265,0.9958624997072872
hm-m2-g2-L5p3-n2-beta1__N0320__Aplus_0p01,hm-m2-g2-L5p3-n2-beta1__N0320__Aminus_0p01,hm-m2-g2-L5p3-n2-beta1,320,0.01,215,3.5609375,0.9951633993838322,0.9960041302298128
hm-m2-g2-L5p3-n2-beta1__N0320__Aplus_0p01,hm-m2-g2-L5p3-n2-beta1__N0320__Aminus_0p01,hm-m2-g2-L5p3-n2-beta1,320,0.01,216,3.5775,0.9953331376746112,0.9961473117204995
hm-m2-g2-L5p3-n2-beta1__N0320__Aplus_0p01,hm-m2-g2-L5p3-n2-beta1__N0320__Aminus_0p01,hm-m2-g2-L5p3-n2-beta1,320,0.01,217,3.5940625,0.9955047415594463,0.9962919907748834
hm-m2-g2-L5p3-n2-beta1__N0320__Aplus_0p01,hm-m2-g2-L5p3-n2-beta1__N0320__Aminus_0p01,hm-m2-g2-L5p3-n2-beta1,320,0.01,218,3.610625,0.9956781497776218,0.9964381133645764
hm-m2-g2-L5p3-n2-beta1__N0320__Aplus_0p01,hm-m2-g2-L5p3-n2-beta1__N0320__Aminus_0p01,hm-m2-g2-L5p3-n2-beta1,320,0.01,219,3.6271875000000002,0.9958533002431229,0.9965856248553826
hm-m2-g2-L5p3-n2-beta1__N0320__Aplus_0p01,hm-m2-g2-L5p3-n2-beta1__N0320__Aminus_0p01,hm-m2-g2-L5p3-n2-beta1,320,0.01,220,3.6437500000000003,0.9960301300611203,0.9967344700257169
hm-m2-g2-L5p3-n2-beta1__N0320__Aplus_0p01,hm-m2-g2-L5p3-n2-beta1__N0320__Aminus_0p01,hm-m2-g2-L5p3-n2-beta1,320,0.01,221,3.6603125000000003,0.9962085755449434,0.9968845930853241
hm-m2-g2-L5p3-n2-beta1__N0320__Aplus_0p01,hm-m2-g2-L5p3-n2-beta1__N0320__Aminus_0p01,hm-m2-g2-L5p3-n2-beta1,320,0.01,222,3.6768750000000003,0.9963885722335477,0.9970359376942939
hm-m2-g2-L5p3-n2-beta1__N0320__Aplus_0p01,hm-m2-g2-L5p3-n2-beta1__N0320__Aminus_0p01,hm-m2-g2-L5p3-n2-beta1,320,0.01,223,3.6934375000000004,0.9965700549094821,0.9971884469823696
hm-m2-g2-L5p3-n2-beta1__N0320__Aplus_0p01,hm-m2-g2-L5p3-n2-beta1__N0320__Aminus_0p01,hm-m2-g2-L5p3-n2-beta1,320,0.01,224,3.71,0.9967529576173584,0.9973420635685456
hm-m2-g2-L5p3-n2-beta1__N0320__Aplus_0p01,hm-m2-g2-L5p3-n2-beta1__N0320__Aminus_0p01,hm-m2-g2-L5p3-n2-beta1,320,0.01,225,3.7265625,0.9969372136828284,0.9974967295809508
hm-m2-g2-L5p3-n2-beta1__N0320__Aplus_0p01,hm-m2-g2-L5p3-n2-beta1__N0320__Aminus_0p01,hm-m2-g2-L5p3-n2-beta1,320,0.01,226,3.743125,0.997122755732072,0.9976523866770133
hm-m2-g2-L5p3-n2-beta1__N0320__Aplus_0p01,hm-m2-g2-L5p3-n2-beta1__N0320__Aminus_0p01,hm-m2-g2-L5p3-n2-beta1,320,0.01,227,3.7596875,0.9973095157117977,0.9978089760639032
hm-m2-g2-L5p3-n2-beta1__N0320__Aplus_0p01,hm-m2-g2-L5p3-n2-beta1__N0320__Aminus_0p01,hm-m2-g2-L5p3-n2-beta1,320,0.01,228,3.77625,0.9974974249097605,0.9979664385192473
hm-m2-g2-L5p3-n2-beta1__N0320__Aplus_0p01,hm-m2-g2-L5p3-n2-beta1__N0320__Aminus_0p01,hm-m2-g2-L5p3-n2-beta1,320,0.01,229,3.7928125,0.9976864139757963,0.9981247144121131
hm-m2-g2-L5p3-n2-beta1__N0320__Aplus_0p01,hm-m2-g2-L5p3-n2-beta1__N0320__Aminus_0p01,hm-m2-g2-L5p3-n2-beta1,320,0.01,230,3.809375,0.9978764129433776,0.9982837437242555
hm-m2-g2-L5p3-n2-beta1__N0320__Aplus_0p01,hm-m2-g2-L5p3-n2-beta1__N0320__Aminus_0p01,hm-m2-g2-L5p3-n2-beta1,320,0.01,231,3.8259375,0.9980673512516886,0.9984434660716207
hm-m2-g2-L5p3-n2-beta1__N0320__Aplus_0p01,hm-m2-g2-L5p3-n2-beta1__N0320__Aminus_0p01,hm-m2-g2-L5p3-n2-beta1,320,0.01,232,3.8425000000000002,0.998259157768221,0.9986038207261033
hm-m2-g2-L5p3-n2-beta1__N0320__Aplus_0p01,hm-m2-g2-L5p3-n2-beta1__N0320__Aminus_0p01,hm-m2-g2-L5p3-n2-beta1,320,0.01,233,3.8590625000000003,0.9984517608118931,0.9987647466375504
hm-m2-g2-L5p3-n2-beta1__N0320__Aplus_0p01,hm-m2-g2-L5p3-n2-beta1__N0320__Aminus_0p01,hm-m2-g2-L5p3-n2-beta1,320,0.01,234,3.8756250000000003,0.9986450881766856,0.998926182456006
hm-m2-g2-L5p3-n2-beta1__N0320__Aplus_0p01,hm-m2-g2-L5p3-n2-beta1__N0320__Aminus_0p01,hm-m2-g2-L5p3-n2-beta1,320,0.01,235,3.8921875000000004,0.9988390671557992,0.9990880665541899
hm-m2-g2-L5p3-n2-beta1__N0320__Aplus_0p01,hm-m2-g2-L5p3-n2-beta1__N0320__Aminus_0p01,hm-m2-g2-L5p3-n2-beta1,320,0.01,236,3.9087500000000004,0.999033624566328,0.9992503370502059
hm-m2-g2-L5p3-n2-beta1__N0320__Aplus_0p01,hm-m2-g2-L5p3-n2-beta1__N0320__Aminus_0p01,hm-m2-g2-L5p3-n2-beta1,320,0.01,237,3.9253125,0.9992286867744481,0.9994129318304689
hm-m2-g2-L5p3-n2-beta1__N0320__Aplus_0p01,hm-m2-g2-L5p3-n2-beta1__N0320__Aminus_0p01,hm-m2-g2-L5p3-n2-beta1,320,0.01,238,3.941875,0.9994241797211162,0.9995757885728483
hm-m2-g2-L5p3-n2-beta1__N0320__Aplus_0p01,hm-m2-g2-L5p3-n2-beta1__N0320__Aminus_0p01,hm-m2-g2-L5p3-n2-beta1,320,0.01,239,3.9584375,0.9996200289482776,0.9997388447700181
hm-m2-g2-L5p3-n2-beta1__N0320__Aplus_0p01,hm-m2-g2-L5p3-n2-beta1__N0320__Aminus_0p01,hm-m2-g2-L5p3-n2-beta1,320,0.01,240,3.975,0.9998161596255757,0.9999020377530056
hm-m2-g2-L5p3-n2-beta1__N0320__Aplus_0p01,hm-m2-g2-L5p3-n2-beta1__N0320__Aminus_0p01,hm-m2-g2-L5p3-n2-beta1,320,0.01,241,3.9915625,1.00001249657756,1.0000653047149324
hm-m2-g2-L5p3-n2-beta1__N0320__Aplus_0p01,hm-m2-g2-L5p3-n2-beta1__N0320__Aminus_0p01,hm-m2-g2-L5p3-n2-beta1,320,0.01,242,4.008125000000001,1.0002089643113858,1.0002285827349386
hm-m2-g2-L5p3-n2-beta1__N0320__Aplus_0p01,hm-m2-g2-L5p3-n2-beta1__N0320__Aminus_0p01,hm-m2-g2-L5p3-n2-beta1,320,0.01,243,4.024687500000001,1.0004054870449994,1.0003918088022832
hm-m2-g2-L5p3-n2-beta1__N0320__Aplus_0p01,hm-m2-g2-L5p3-n2-beta1__N0320__Aminus_0p01,hm-m2-g2-L5p3-n2-beta1,320,0.01,244,4.04125,1.000601988735801,1.0005549198406094
hm-m2-g2-L5p3-n2-beta1__N0320__Aplus_0p01,hm-m2-g2-L5p3-n2-beta1__N0320__Aminus_0p01,hm-m2-g2-L5p3-n2-beta1,320,0.01,245,4.0578125,1.0007983931097775,1.0007178527323695
hm-m2-g2-L5p3-n2-beta1__N0320__Aplus_0p01,hm-m2-g2-L5p3-n2-beta1__N0320__Aminus_0p01,hm-m2-g2-L5p3-n2-beta1,320,0.01,246,4.074375,1.0009946236910967,1.0008805443433961
hm-m2-g2-L5p3-n2-beta1__N0320__Aplus_0p01,hm-m2-g2-L5p3-n2-beta1__N0320__Aminus_0p01,hm-m2-g2-L5p3-n2-beta1,320,0.01,247,4.0909375,1.001190603832153,1.001042931547615
hm-m2-g2-L5p3-n2-beta1__N0320__Aplus_0p01,hm-m2-g2-L5p3-n2-beta1__N0320__Aminus_0p01,hm-m2-g2-L5p3-n2-beta1,320,0.01,248,4.1075,1.0013862567440532,1.0012049512518855
hm-m2-g2-L5p3-n2-beta1__N0320__Aplus_0p01,hm-m2-g2-L5p3-n2-beta1__N0320__Aminus_0p01,hm-m2-g2-L5p3-n2-beta1,320,0.01,249,4.1240625,1.0015815055275348,1.0013665404209606
hm-m2-g2-L5p3-n2-beta1__N0320__Aplus_0p01,hm-m2-g2-L5p3-n2-beta1__N0320__Aminus_0p01,hm-m2-g2-L5p3-n2-beta1,320,0.01,250,4.140625,1.0017762732043,1.0015276361025587
hm-m2-g2-L5p3-n2-beta1__N0320__Aplus_0p01,hm-m2-g2-L5p3-n2-beta1__N0320__Aminus_0p01,hm-m2-g2-L5p3-n2-beta1,320,0.01,251,4.1571875,1.0019704827487568,1.0016881754525302
hm-m2-g2-L5p3-n2-beta1__N0320__Aplus_0p01,hm-m2-g2-L5p3-n2-beta1__N0320__Aminus_0p01,hm-m2-g2-L5p3-n2-beta1,320,0.01,252,4.17375,1.0021640571201527,1.0018480957601164
hm-m2-g2-L5p3-n2-beta1__N0320__Aplus_0p01,hm-m2-g2-L5p3-n2-beta1__N0320__Aminus_0p01,hm-m2-g2-L5p3-n2-beta1,320,0.01,253,4.1903125,1.0023569192950854,1.0020073344732832
hm-m2-g2-L5p3-n2-beta1__N0320__Aplus_0p01,hm-m2-g2-L5p3-n2-beta1__N0320__Aminus_0p01,hm-m2-g2-L5p3-n2-beta1,320,0.01,254,4.206875,1.0025489923003776,1.0021658292241207
hm-m2-g2-L5p3-n2-beta1__N0320__Aplus_0p01,hm-m2-g2-L5p3-n2-beta1__N0320__Aminus_0p01,hm-m2-g2-L5p3-n2-beta1,320,0.01,255,4.2234375,1.0027401992462988,1.0023235178543002
hm-m2-g2-L5p3-n2-beta1__N0320__Aplus_0p01,hm-m2-g2-L5p3-n2-beta1__N0320__Aminus_0p01,hm-m2-g2-L5p3-n2-beta1,320,0.01,256,4.24,1.0029304633601186,1.002480338440571
hm-m2-g2-L5p3-n2-beta1__N0320__Aplus_0p01,hm-m2-g2-L5p3-n2-beta1__N0320__Aminus_0p01,hm-m2-g2-L5p3-n2-beta1,320,0.01,257,4.2565625,1.0031197080199736,1.00263622932029
hm-m2-g2-L5p3-n2-beta1__N0320__Aplus_0p01,hm-m2-g2-L5p3-n2-beta1__N0320__Aminus_0p01,hm-m2-g2-L5p3-n2-beta1,320,0.01,258,4.273125,1.0033078567890303,1.002791129116971
hm-m2-g2-L5p3-n2-beta1__N0320__Aplus_0p01,hm-m2-g2-L5p3-n2-beta1__N0320__Aminus_0p01,hm-m2-g2-L5p3-n2-beta1,320,0.01,259,4.2896875,1.0034948334499254,1.0029449767658407
hm-m2-g2-L5p3-n2-beta1__N0320__Aplus_0p01,hm-m2-g2-L5p3-n2-beta1__N0320__Aminus_0p01,hm-m2-g2-L5p3-n2-beta1,320,0.01,260,4.30625,1.0036805620394624,1.0030977115393862
hm-m2-g2-L5p3-n2-beta1__N0320__Aplus_0p01,hm-m2-g2-L5p3-n2-beta1__N0320__Aminus_0p01,hm-m2-g2-L5p3-n2-beta1,320,0.01,261,4.3228125,1.0038649668835482,1.0032492730728884
hm-m2-g2-L5p3-n2-beta1__N0320__Aplus_0p01,hm-m2-g2-L5p3-n2-beta1__N0320__Aminus_0p01,hm-m2-g2-L5p3-n2-beta1,320,0.01,262,4.339375,1.004047972632344,1.0033996013899213
hm-m2-g2-L5p3-n2-beta1__N0320__Aplus_0p01,hm-m2-g2-L5p3-n2-beta1__N0320__Aminus_0p01,hm-m2-g2-L5p3-n2-beta1,320,0.01,263,4.3559375000000005,1.0042295042956122,1.003548636927809
hm-m2-g2-L5p3-n2-beta1__N0320__Aplus_0p01,hm-m2-g2-L5p3-n2-beta1__N0320__Aminus_0p01,hm-m2-g2-L5p3-n2-beta1,320,0.01,264,4.3725000000000005,1.004409487278237,1.003696320563023
hm-m2-g2-L5p3-n2-beta1__N0320__Aplus_0p01,hm-m2-g2-L5p3-n2-beta1__N0320__Aminus_0p01,hm-m2-g2-L5p3-n2-beta1,320,0.01,265,4.3890625000000005,1.0045878474158934,1.0038425936365107
hm-m2-g2-L5p3-n2-beta1__N0320__Aplus_0p01,hm-m2-g2-L5p3-n2-beta1__N0320__Aminus_0p01,hm-m2-g2-L5p3-n2-beta1,320,0.01,266,4.405625000000001,1.0047645110108419,1.0039873979789384
hm-m2-g2-L5p3-n2-beta1__N0320__Aplus_0p01,hm-m2-g2-L5p3-n2-beta1__N0320__Aminus_0p01,hm-m2-g2-L5p3-n2-beta1,320,0.01,267,4.422187500000001,1.0049394048678284,1.0041306759358368
hm-m2-g2-L5p3-n2-beta1__N0320__Aplus_0p01,hm-m2-g2-L5p3-n2-beta1__N0320__Aminus_0p01,hm-m2-g2-L5p3-n2-beta1,320,0.01,268,4.438750000000001,1.0051124563300575,1.0042723703926337
hm-m2-g2-L5p3-n2-beta1__N0320__Aplus_0p01,hm-m2-g2-L5p3-n2-beta1__N0320__Aminus_0p01,hm-m2-g2-L5p3-n2-beta1,320,0.01,269,4.4553125,1.0052835933152202,1.0044124247995625
hm-m2-g2-L5p3-n2-beta1__N0320__Aplus_0p01,hm-m2-g2-L5p3-n2-beta1__N0320__Aminus_0p01,hm-m2-g2-L5p3-n2-beta1,320,0.01,270,4.471875,1.0054527443515464,1.0045507831964298
hm-m2-g2-L5p3-n2-beta1__N0320__Aplus_0p01,hm-m2-g2-L5p3-n2-beta1__N0320__Aminus_0p01,hm-m2-g2-L5p3-n2-beta1,320,0.01,271,4.4884375,1.0056198386138577,1.004687390237229
hm-m2-g2-L5p3-n2-beta1__N0320__Aplus_0p01,hm-m2-g2-L5p3-n2-beta1__N0320__Aminus_0p01,hm-m2-g2-L5p3-n2-beta1,320,0.01,272,4.505,1.0057848059595915,1.0048221912145872
hm-m2-g2-L5p3-n2-beta1__N0320__Aplus_0p01,hm-m2-g2-L5p3-n2-beta1__N0320__Aminus_0p01,hm-m2-g2-L5p3-n2-beta1,320,0.01,273,4.5215625,1.0059475769647706,1.0049551320840275
hm-m2-g2-L5p3-n2-beta1__N0320__Aplus_0p01,hm-m2-g2-L5p3-n2-beta1__N0320__Aminus_0p01,hm-m2-g2-L5p3-n2-beta1,320,0.01,274,4.538125,1.0061080829598903,1.0050861594880376
hm-m2-g2-L5p3-n2-beta1__N0320__Aplus_0p01,hm-m2-g2-L5p3-n2-beta1__N0320__Aminus_0p01,hm-m2-g2-L5p3-n2-beta1,320,0.01,275,4.5546875,1.0062662560656945,1.0052152207799245
hm-m2-g2-L5p3-n2-beta1__N0320__Aplus_0p01,hm-m2-g2-L5p3-n2-beta1__N0320__Aminus_0p01,hm-m2-g2-L5p3-n2-beta1,320,0.01,276,4.57125,1.0064220292288106,1.0053422640474463
hm-m2-g2-L5p3-n2-beta1__N0320__Aplus_0p01,hm-m2-g2-L5p3-n2-beta1__N0320__Aminus_0p01,hm-m2-g2-L5p3-n2-beta1,320,0.01,277,4.5878125,1.0065753362572178,1.005467238136202
hm-m2-g2-L5p3-n2-beta1__N0320__Aplus_0p01,hm-m2-g2-L5p3-n2-beta1__N0320__Aminus_0p01,hm-m2-g2-L5p3-n2-beta1,320,0.01,278,4.604375,1.0067261118555144,1.005590092672769
hm-m2-g2-L5p3-n2-beta1__N0320__Aplus_0p01,hm-m2-g2-L5p3-n2-beta1__N0320__Aminus_0p01,hm-m2-g2-L5p3-n2-beta1,320,0.01,279,4.6209375,1.0068742916599602,1.0057107780875707
hm-m2-g2-L5p3-n2-beta1__N0320__Aplus_0p01,hm-m2-g2-L5p3-n2-beta1__N0320__Aminus_0p01,hm-m2-g2-L5p3-n2-beta1,320,0.01,280,4.6375,1.0070198122732603,1.0058292456374622
hm-m2-g2-L5p3-n2-beta1__N0320__Aplus_0p01,hm-m2-g2-L5p3-n2-beta1__N0320__Aminus_0p01,hm-m2-g2-L5p3-n2-beta1,320,0.01,281,4.6540625,1.007162611299061,1.0059454474280187
hm-m2-g2-L5p3-n2-beta1__N0320__Aplus_0p01,hm-m2-g2-L5p3-n2-beta1__N0320__Aminus_0p01,hm-m2-g2-L5p3-n2-beta1,320,0.01,282,4.670625,1.0073026273761283,1.0060593364355108
hm-m2-g2-L5p3-n2-beta1__N0320__Aplus_0p01,hm-m2-g2-L5p3-n2-beta1__N0320__Aminus_0p01,hm-m2-g2-L5p3-n2-beta1,320,0.01,283,4.6871875,1.0074398002121798,1.0061708665285565
hm-m2-g2-L5p3-n2-beta1__N0320__Aplus_0p01,hm-m2-g2-L5p3-n2-beta1__N0320__Aminus_0p01,hm-m2-g2-L5p3-n2-beta1,320,0.01,284,4.70375,1.0075740706173373,1.006279992489432
hm-m2-g2-L5p3-n2-beta1__N0320__Aplus_0p01,hm-m2-g2-L5p3-n2-beta1__N0320__Aminus_0p01,hm-m2-g2-L5p3-n2-beta1,320,0.01,285,4.7203125,1.007705380537171,1.0063866700350288
hm-m2-g2-L5p3-n2-beta1__N0320__Aplus_0p01,hm-m2-g2-L5p3-n2-beta1__N0320__Aminus_0p01,hm-m2-g2-L5p3-n2-beta1,320,0.01,286,4.736875,1.0078336730853064,1.006490855837445
hm-m2-g2-L5p3-n2-beta1__N0320__Aplus_0p01,hm-m2-g2-L5p3-n2-beta1__N0320__Aminus_0p01,hm-m2-g2-L5p3-n2-beta1,320,0.01,287,4.7534375,1.007958892575561,1.0065925075441915
hm-m2-g2-L5p3-n2-beta1__N0320__Aplus_0p01,hm-m2-g2-L5p3-n2-beta1__N0320__Aminus_0p01,hm-m2-g2-L5p3-n2-beta1,320,0.01,288,4.7700000000000005,1.0080809845535827,1.0066915837980073
hm-m2-g2-L5p3-n2-beta1__N0320__Aplus_0p01,hm-m2-g2-L5p3-n2-beta1__N0320__Aminus_0p01,hm-m2-g2-L5p3-n2-beta1,320,0.01,289,4.7865625000000005,1.0081998958279603,1.0067880442562642
hm-m2-g2-L5p3-n2-beta1__N0320__Aplus_0p01,hm-m2-g2-L5p3-n2-beta1__N0320__Aminus_0p01,hm-m2-g2-L5p3-n2-beta1,320,0.01,290,4.8031250000000005,1.0083155745007737,1.0068818496099503
hm-m2-g2-L5p3-n2-beta1__N0320__Aplus_0p01,hm-m2-g2-L5p3-n2-beta1__N0320__Aminus_0p01,hm-m2-g2-L5p3-n2-beta1,320,0.01,291,4.819687500000001,1.0084279699975582,1.0069729616022196
hm-m2-g2-L5p3-n2-beta1__N0320__Aplus_0p01,hm-m2-g2-L5p3-n2-beta1__N0320__Aminus_0p01,hm-m2-g2-L5p3-n2-beta1,320,0.01,292,4.836250000000001,1.0085370330966499,1.0070613430464928
hm-m2-g2-L5p3-n2-beta1__N0320__Aplus_0p01,hm-m2-g2-L5p3-n2-beta1__N0320__Aminus_0p01,hm-m2-g2-L5p3-n2-beta1,320,0.01,293,4.852812500000001,1.0086427159578872,1.0071469578441
hm-m2-g2-L5p3-n2-beta1__N0320__Aplus_0p01,hm-m2-g2-L5p3-n2-beta1__N0320__Aminus_0p01,hm-m2-g2-L5p3-n2-beta1,320,0.01,294,4.869375000000001,1.0087449721506367,1.0072297710014488
hm-m2-g2-L5p3-n2-beta1__N0320__Aplus_0p01,hm-m2-g2-L5p3-n2-beta1__N0320__Aminus_0p01,hm-m2-g2-L5p3-n2-beta1,320,0.01,295,4.8859375,1.0088437566811181,1.0073097486467102
hm-m2-g2-L5p3-n2-beta1__N0320__Aplus_0p01,hm-m2-g2-L5p3-n2-beta1__N0320__Aminus_0p01,hm-m2-g2-L5p3-n2-beta1,320,0.01,296,4.9025,1.0089390260189974,1.0073868580460064
hm-m2-g2-L5p3-n2-beta1__N0320__Aplus_0p01,hm-m2-g2-L5p3-n2-beta1__N0320__Aminus_0p01,hm-m2-g2-L5p3-n2-beta1,320,0.01,297,4.9190625,1.0090307381232275,1.0074610676190918
hm-m2-g2-L5p3-n2-beta1__N0320__Aplus_0p01,hm-m2-g2-L5p3-n2-beta1__N0320__Aminus_0p01,hm-m2-g2-L5p3-n2-beta1,320,0.01,298,4.935625,1.0091188524671015,1.0075323469545145
hm-m2-g2-L5p3-n2-beta1__N0320__Aplus_0p01,hm-m2-g2-L5p3-n2-beta1__N0320__Aminus_0p01,hm-m2-g2-L5p3-n2-beta1,320,0.01,299,4.9521875,1.0092033300625007,1.0076006668242476
hm-m2-g2-L5p3-n2-beta1__N0320__Aplus_0p01,hm-m2-g2-L5p3-n2-beta1__N0320__Aminus_0p01,hm-m2-g2-L5p3-n2-beta1,320,0.01,300,4.96875,1.009284133483308,1.0076659991977805
hm-m2-g2-L5p3-n2-beta1__N0320__Aplus_0p01,hm-m2-g2-L5p3-n2-beta1__N0320__Aminus_0p01,hm-m2-g2-L5p3-n2-beta1,320,0.01,301,4.9853125,1.0093612268879626,1.00772831725566
hm-m2-g2-L5p3-n2-beta1__N0320__Aplus_0p01,hm-m2-g2-L5p3-n2-beta1__N0320__Aminus_0p01,hm-m2-g2-L5p3-n2-beta1,320,0.01,302,5.001875,1.0094345760411345,1.007787595402468
hm-m2-g2-L5p3-n2-beta1__N0320__Aplus_0p01,hm-m2-g2-L5p3-n2-beta1__N0320__Aminus_0p01,hm-m2-g2-L5p3-n2-beta1,320,0.01,303,5.0184375,1.0095041483344949,1.0078438092792326
hm-m2-g2-L5p3-n2-beta1__N0320__Aplus_0p01,hm-m2-g2-L5p3-n2-beta1__N0320__Aminus_0p01,hm-m2-g2-L5p3-n2-beta1,320,0.01,304,5.035,1.009569912806558,1.0078969357752576
hm-m2-g2-L5p3-n2-beta1__N0320__Aplus_0p01,hm-m2-g2-L5p3-n2-beta1__N0320__Aminus_0p01,hm-m2-g2-L5p3-n2-beta1,320,0.01,305,5.0515625,1.0096318401615787,1.0079469530393637
hm-m2-g2-L5p3-n2-beta1__N0320__Aplus_0p01,hm-m2-g2-L5p3-n2-beta1__N0320__Aminus_0p01,hm-m2-g2-L5p3-n2-beta1,320,0.01,306,5.068125,1.0096899027874808,1.0079938404905346
hm-m2-g2-L5p3-n2-beta1__N0320__Aplus_0p01,hm-m2-g2-L5p3-n2-beta1__N0320__Aminus_0p01,hm-m2-g2-L5p3-n2-beta1,320,0.01,307,5.0846875,1.0097440747727995,1.0080375788279583
hm-m2-g2-L5p3-n2-beta1__N0320__Aplus_0p01,hm-m2-g2-L5p3-n2-beta1__N0320__Aminus_0p01,hm-m2-g2-L5p3-n2-beta1,320,0.01,308,5.10125,1.0097943319226184,1.0080781500404556
hm-m2-g2-L5p3-n2-beta1__N0320__Aplus_0p01,hm-m2-g2-L5p3-n2-beta1__N0320__Aminus_0p01,hm-m2-g2-L5p3-n2-beta1,320,0.01,309,5.1178125,1.0098406517734844,1.0081155374152906
hm-m2-g2-L5p3-n2-beta1__N0320__Aplus_0p01,hm-m2-g2-L5p3-n2-beta1__N0320__Aminus_0p01,hm-m2-g2-L5p3-n2-beta1,320,0.01,310,5.134375,1.0098830136072856,1.0081497255463556
hm-m2-g2-L5p3-n2-beta1__N0320__Aplus_0p01,hm-m2-g2-L5p3-n2-beta1__N0320__Aminus_0p01,hm-m2-g2-L5p3-n2-beta1,320,0.01,311,5.1509375,1.0099213984640738,1.008180700341724
hm-m2-g2-L5p3-n2-beta1__N0320__Aplus_0p01,hm-m2-g2-L5p3-n2-beta1__N0320__Aminus_0p01,hm-m2-g2-L5p3-n2-beta1,320,0.01,312,5.1675,1.0099557891538213,1.008208449030566
hm-m2-g2-L5p3-n2-beta1__N0320__Aplus_0p01,hm-m2-g2-L5p3-n2-beta1__N0320__Aminus_0p01,hm-m2-g2-L5p3-n2-beta1,320,0.01,313,5.1840625000000005,1.0099861702670967,1.0082329601694215
hm-m2-g2-L5p3-n2-beta1__N0320__Aplus_0p01,hm-m2-g2-L5p3-n2-beta1__N0320__Aminus_0p01,hm-m2-g2-L5p3-n2-beta1,320,0.01,314,5.2006250000000005,1.010012528184649,1.0082542236478254
hm-m2-g2-L5p3-n2-beta1__N0320__Aplus_0p01,hm-m2-g2-L5p3-n2-beta1__N0320__Aminus_0p01,hm-m2-g2-L5p3-n2-beta1,320,0.01,315,5.2171875000000005,1.0100348510858892,1.0082722306932812
hm-m2-g2-L5p3-n2-beta1__N0320__Aplus_0p01,hm-m2-g2-L5p3-n2-beta1__N0320__Aminus_0p01,hm-m2-g2-L5p3-n2-beta1,320,0.01,316,5.233750000000001,1.0100531289562598,1.0082869738755802
hm-m2-g2-L5p3-n2-beta1__N0320__Aplus_0p01,hm-m2-g2-L5p3-n2-beta1__N0320__Aminus_0p01,hm-m2-g2-L5p3-n2-beta1,320,0.01,317,5.250312500000001,1.0100673535934852,1.00829844711046
hm-m2-g2-L5p3-n2-beta1__N0320__Aplus_0p01,hm-m2-g2-L5p3-n2-beta1__N0320__Aminus_0p01,hm-m2-g2-L5p3-n2-beta1,320,0.01,318,5.266875000000001,1.0100775186126938,1.0083066456626033
hm-m2-g2-L5p3-n2-beta1__N0320__Aplus_0p01,hm-m2-g2-L5p3-n2-beta1__N0320__Aminus_0p01,hm-m2-g2-L5p3-n2-beta1,320,0.01,319,5.283437500000001,1.0100836194504093,1.008311566147972
hm-m2-g2-L5p3-n2-beta1__N0320__Aplus_0p01,hm-m2-g2-L5p3-n2-beta1__N0320__Aminus_0p01,hm-m2-g2-L5p3-n2-beta1,320,0.01,320,5.3,1.0100856533674032,1.0083132065354758
hm-m2-g2-L5p3-n2-beta1__N0320__Aplus_0p02,hm-m2-g2-L5p3-n2-beta1__N0320__Aminus_0p02,hm-m2-g2-L5p3-n2-beta1,320,0.02,0,0.0,1.020349870324199,1.0166253649581458
hm-m2-g2-L5p3-n2-beta1__N0320__Aplus_0p02,hm-m2-g2-L5p3-n2-beta1__N0320__Aminus_0p02,hm-m2-g2-L5p3-n2-beta1,320,0.02,1,0.0165625,1.0203455767025171,1.016622006160461
hm-m2-g2-L5p3-n2-beta1__N0320__Aplus_0p02,hm-m2-g2-L5p3-n2-beta1__N0320__Aminus_0p02,hm-m2-g2-L5p3-n2-beta1,320,0.02,2,0.033125,1.0203326980523664,1.016611931249586
hm-m2-g2-L5p3-n2-beta1__N0320__Aplus_0p02,hm-m2-g2-L5p3-n2-beta1__N0320__Aminus_0p02,hm-m2-g2-L5p3-n2-beta1,320,0.02,3,0.0496875,1.0203112410165345,1.016595144671167
hm-m2-g2-L5p3-n2-beta1__N0320__Aplus_0p02,hm-m2-g2-L5p3-n2-beta1__N0320__Aminus_0p02,hm-m2-g2-L5p3-n2-beta1,320,0.02,4,0.06625,1.0202812166600181,1.016571653831635
hm-m2-g2-L5p3-n2-beta1__N0320__Aplus_0p02,hm-m2-g2-L5p3-n2-beta1__N0320__Aminus_0p02,hm-m2-g2-L5p3-n2-beta1,320,0.02,5,0.08281250000000001,1.020242640460556,1.0165414690937407
hm-m2-g2-L5p3-n2-beta1__N0320__Aplus_0p02,hm-m2-g2-L5p3-n2-beta1__N0320__Aminus_0p02,hm-m2-g2-L5p3-n2-beta1,320,0.02,6,0.099375,1.0201955322954004,1.016504603770311
hm-m2-g2-L5p3-n2-beta1__N0320__Aplus_0p02,hm-m2-g2-L5p3-n2-beta1__N0320__Aminus_0p02,hm-m2-g2-L5p3-n2-beta1,320,0.02,7,0.1159375,1.020139916424343,1.016461074116232
hm-m2-g2-L5p3-n2-beta1__N0320__Aplus_0p02,hm-m2-g2-L5p3-n2-beta1__N0320__Aminus_0p02,hm-m2-g2-L5p3-n2-beta1,320,0.02,8,0.1325,1.0200758214690264,1.0164108993186691
hm-m2-g2-L5p3-n2-beta1__N0320__Aplus_0p02,hm-m2-g2-L5p3-n2-beta1__N0320__Aminus_0p02,hm-m2-g2-L5p3-n2-beta1,320,0.02,9,0.14906250000000001,1.0200032803885724,1.0163541014855326
hm-m2-g2-L5p3-n2-beta1__N0320__Aplus_0p02,hm-m2-g2-L5p3-n2-beta1__N0320__Aminus_0p02,hm-m2-g2-L5p3-n2-beta1,320,0.02,10,0.16562500000000002,1.0199223304515668,1.0162907056322044
hm-m2-g2-L5p3-n2-beta1__N0320__Aplus_0p02,hm-m2-g2-L5p3-n2-beta1__N0320__Aminus_0p02,hm-m2-g2-L5p3-n2-beta1,320,0.02,11,0.1821875,1.0198330132044457,1.0162207396665375
hm-m2-g2-L5p3-n2-beta1__N0320__Aplus_0p02,hm-m2-g2-L5p3-n2-beta1__N0320__Aminus_0p02,hm-m2-g2-L5p3-n2-beta1,320,0.02,12,0.19875,1.0197353744363349,1.016144234372145
hm-m2-g2-L5p3-n2-beta1__N0320__Aplus_0p02,hm-m2-g2-L5p3-n2-beta1__N0320__Aminus_0p02,hm-m2-g2-L5p3-n2-beta1,320,0.02,13,0.21531250000000002,1.0196294641403956,1.0160612233899982
hm-m2-g2-L5p3-n2-beta1__N0320__Aplus_0p02,hm-m2-g2-L5p3-n2-beta1__N0320__Aminus_0p02,hm-m2-g2-L5p3-n2-beta1,320,0.02,14,0.231875,1.0195153364717409,1.01597174319835
hm-m2-g2-L5p3-n2-beta1__N0320__Aplus_0p02,hm-m2-g2-L5p3-n2-beta1__N0320__Aminus_0p02,hm-m2-g2-L5p3-n2-beta1,320,0.02,15,0.2484375,1.0193930497019887,1.0158758330910096
hm-m2-g2-L5p3-n2-beta1__N0320__Aplus_0p02,hm-m2-g2-L5p3-n2-beta1__N0320__Aminus_0p02,hm-m2-g2-L5p3-n2-beta1,320,0.02,16,0.265,1.0192626661705209,1.0157735351539876
hm-m2-g2-L5p3-n2-beta1__N0320__Aplus_0p02,hm-m2-g2-L5p3-n2-beta1__N0320__Aminus_0p02,hm-m2-g2-L5p3-n2-beta1,320,0.02,17,0.2815625,1.019124252232528,1.0156648942405389
hm-m2-g2-L5p3-n2-beta1__N0320__Aplus_0p02,hm-m2-g2-L5p3-n2-beta1__N0320__Aminus_0p02,hm-m2-g2-L5p3-n2-beta1,320,0.02,18,0.29812500000000003,1.018977878203919,1.0155499579446274
hm-m2-g2-L5p3-n2-beta1__N0320__Aplus_0p02,hm-m2-g2-L5p3-n2-beta1__N0320__Aminus_0p02,hm-m2-g2-L5p3-n2-beta1,320,0.02,19,0.3146875,1.0188236183031816,1.0154287765728438
hm-m2-g2-L5p3-n2-beta1__N0320__Aplus_0p02,hm-m2-g2-L5p3-n2-beta1__N0320__Aminus_0p02,hm-m2-g2-L5p3-n2-beta1,320,0.02,20,0.33125000000000004,1.018661550590283,1.0153014031148015
hm-m2-g2-L5p3-n2-beta1__N0320__Aplus_0p02,hm-m2-g2-L5p3-n2-beta1__N0320__Aminus_0p02,hm-m2-g2-L5p3-n2-beta1,320,0.02,21,0.3478125,1.0184917569027057,1.015167893212046
hm-m2-g2-L5p3-n2-beta1__N0320__Aplus_0p02,hm-m2-g2-L5p3-n2-beta1__N0320__Aminus_0p02,hm-m2-g2-L5p3-n2-beta1,320,0.02,22,0.364375,1.018314322788715,1.0150283051255058
hm-m2-g2-L5p3-n2-beta1__N0320__Aplus_0p02,hm-m2-g2-L5p3-n2-beta1__N0320__Aminus_0p02,hm-m2-g2-L5p3-n2-beta1,320,0.02,23,0.38093750000000004,1.0181293374379596,1.0148826997015212
hm-m2-g2-L5p3-n2-beta1__N0320__Aplus_0p02,hm-m2-g2-L5p3-n2-beta1__N0320__Aminus_0p02,hm-m2-g2-L5p3-n2-beta1,320,0.02,24,0.3975,1.0179368936095088,1.0147311403364847
hm-m2-g2-L5p3-n2-beta1__N0320__Aplus_0p02,hm-m2-g2-L5p3-n2-beta1__N0320__Aminus_0p02,hm-m2-g2-L5p3-n2-beta1,320,0.02,25,0.4140625,1.017737087557436,1.0145736929401294
hm-m2-g2-L5p3-n2-beta1__N0320__Aplus_0p02,hm-m2-g2-L5p3-n2-beta1__N0320__Aminus_0p02,hm-m2-g2-L5p3-n2-beta1,320,0.02,26,0.43062500000000004,1.017530018954056,1.014410425897501
hm-m2-g2-L5p3-n2-beta1__N0320__Aplus_0p02,hm-m2-g2-L5p3-n2-beta1__N0320__Aminus_0p02,hm-m2-g2-L5p3-n2-beta1,320,0.02,27,0.4471875,1.0173157908109303,1.0142414100296546
hm-m2-g2-L5p3-n2-beta1__N0320__Aplus_0p02,hm-m2-g2-L5p3-n2-beta1__N0320__Aminus_0p02,hm-m2-g2-L5p3-n2-beta1,320,0.02,28,0.46375,1.017094509397755,1.0140667185531127
hm-m2-g2-L5p3-n2-beta1__N0320__Aplus_0p02,hm-m2-g2-L5p3-n2-beta1__N0320__Aminus_0p02,hm-m2-g2-L5p3-n2-beta1,320,0.02,29,0.48031250000000003,1.016866284159248,1.0138864270381251
hm-m2-g2-L5p3-n2-beta1__N0320__Aplus_0p02,hm-m2-g2-L5p3-n2-beta1__N0320__Aminus_0p02,hm-m2-g2-L5p3-n2-beta1,320,0.02,30,0.496875,1.0166312276301552,1.0137006133657729
hm-m2-g2-L5p3-n2-beta1__N0320__Aplus_0p02,hm-m2-g2-L5p3-n2-beta1__N0320__Aminus_0p02,hm-m2-g2-L5p3-n2-beta1,320,0.02,31,0.5134375,1.0163894553484933,1.0135093576839567
hm-m2-g2-L5p3-n2-beta1__N0320__Aplus_0p02,hm-m2-g2-L5p3-n2-beta1__N0320__Aminus_0p02,hm-m2-g2-L5p3-n2-beta1,320,0.02,32,0.53,1.0161410857671536,1.0133127423623132
hm-m2-g2-L5p3-n2-beta1__N0320__Aplus_0p02,hm-m2-g2-L5p3-n2-beta1__N0320__Aminus_0p02,hm-m2-g2-L5p3-n2-beta1,320,0.02,33,0.5465625000000001,1.0158862401639863,1.013110851946102
hm-m2-g2-L5p3-n2-beta1__N0320__Aplus_0p02,hm-m2-g2-L5p3-n2-beta1__N0320__Aminus_0p02,hm-m2-g2-L5p3-n2-beta1,320,0.02,34,0.563125,1.0156250425504914,1.0129037731091068
hm-m2-g2-L5p3-n2-beta1__N0320__Aplus_0p02,hm-m2-g2-L5p3-n2-beta1__N0320__Aminus_0p02,hm-m2-g2-L5p3-n2-beta1,320,0.02,35,0.5796875,1.0153576195792335,1.0126915946055945
hm-m2-g2-L5p3-n2-beta1__N0320__Aplus_0p02,hm-m2-g2-L5p3-n2-beta1__N0320__Aminus_0p02,hm-m2-g2-L5p3-n2-beta1,320,0.02,36,0.5962500000000001,1.0150841004501125,1.0124744072213794
hm-m2-g2-L5p3-n2-beta1__N0320__Aplus_0p02,hm-m2-g2-L5p3-n2-beta1__N0320__Aminus_0p02,hm-m2-g2-L5p3-n2-beta1,320,0.02,37,0.6128125,1.014804616815604,1.012252303724034
hm-m2-g2-L5p3-n2-beta1__N0320__Aplus_0p02,hm-m2-g2-L5p3-n2-beta1__N0320__Aminus_0p02,hm-m2-g2-L5p3-n2-beta1,320,0.02,38,0.629375,1.0145193026851003,1.0120253788122944
hm-m2-g2-L5p3-n2-beta1__N0320__Aplus_0p02,hm-m2-g2-L5p3-n2-beta1__N0320__Aminus_0p02,hm-m2-g2-L5p3-n2-beta1,320,0.02,39,0.6459375,1.0142282943284695,1.0117937290647037
hm-m2-g2-L5p3-n2-beta1__N0320__Aplus_0p02,hm-m2-g2-L5p3-n2-beta1__N0320__Aminus_0p02,hm-m2-g2-L5p3-n2-beta1,320,0.02,40,0.6625000000000001,1.013931730178955,1.011557452887543
hm-m2-g2-L5p3-n2-beta1__N0320__Aplus_0p02,hm-m2-g2-L5p3-n2-beta1__N0320__Aminus_0p02,hm-m2-g2-L5p3-n2-beta1,320,0.02,41,0.6790625,1.013629750735537,1.0113166504620896
hm-m2-g2-L5p3-n2-beta1__N0320__Aplus_0p02,hm-m2-g2-L5p3-n2-beta1__N0320__Aminus_0p02,hm-m2-g2-L5p3-n2-beta1,320,0.02,42,0.695625,1.0133224984648739,1.0110714236912548
hm-m2-g2-L5p3-n2-beta1__N0320__Aplus_0p02,hm-m2-g2-L5p3-n2-beta1__N0320__Aminus_0p02,hm-m2-g2-L5p3-n2-beta1,320,0.02,43,0.7121875000000001,1.0130101177029407,1.0108218761456416
hm-m2-g2-L5p3-n2-beta1__N0320__Aplus_0p02,hm-m2-g2-L5p3-n2-beta1__N0320__Aminus_0p02,hm-m2-g2-L5p3-n2-beta1,320,0.02,44,0.72875,1.012692754556482,1.010568113009073
hm-m2-g2-L5p3-n2-beta1__N0320__Aplus_0p02,hm-m2-g2-L5p3-n2-beta1__N0320__Aminus_0p02,hm-m2-g2-L5p3-n2-beta1,320,0.02,45,0.7453125,1.0123705568043921,1.0103102410236315
hm-m2-g2-L5p3-n2-beta1__N0320__Aplus_0p02,hm-m2-g2-L5p3-n2-beta1__N0320__Aminus_0p02,hm-m2-g2-L5p3-n2-beta1,320,0.02,46,0.7618750000000001,1.0120436737991325,1.0100483684342587
hm-m2-g2-L5p3-n2-beta1__N0320__Aplus_0p02,hm-m2-g2-L5p3-n2-beta1__N0320__Aminus_0p02,hm-m2-g2-L5p3-n2-beta1,320,0.02,47,0.7784375,1.0117122563682996,1.0097826049329581
hm-m2-g2-L5p3-n2-beta1__N0320__Aplus_0p02,hm-m2-g2-L5p3-n2-beta1__N0320__Aminus_0p02,hm-m2-g2-L5p3-n2-beta1,320,0.02,48,0.795,1.0113764567164478,1.009513061602647
hm-m2-g2-L5p3-n2-beta1__N0320__Aplus_0p02,hm-m2-g2-L5p3-n2-beta1__N0320__Aminus_0p02,hm-m2-g2-L5p3-n2-beta1,320,0.02,49,0.8115625000000001,1.0110364283272713,1.0092398508607001
hm-m2-g2-L5p3-n2-beta1__N0320__Aplus_0p02,hm-m2-g2-L5p3-n2-beta1__N0320__Aminus_0p02,hm-m2-g2-L5p3-n2-beta1,320,0.02,50,0.828125,1.010692325866248,1.0089630864022296
hm-m2-g2-L5p3-n2-beta1__N0320__Aplus_0p02,hm-m2-g2-L5p3-n2-beta1__N0320__Aminus_0p02,hm-m2-g2-L5p3-n2-beta1,320,0.02,51,0.8446875,1.0103443050838432,1.0086828831431465
hm-m2-g2-L5p3-n2-beta1__N0320__Aplus_0p02,hm-m2-g2-L5p3-n2-beta1__N0320__Aminus_0p02,hm-m2-g2-L5p3-n2-beta1,320,0.02,52,0.8612500000000001,1.00999252271937,1.0083993571630414
hm-m2-g2-L5p3-n2-beta1__N0320__Aplus_0p02,hm-m2-g2-L5p3-n2-beta1__N0320__Aminus_0p02,hm-m2-g2-L5p3-n2-beta1,320,0.02,53,0.8778125,1.0096371364055963,1.0081126256479318
hm-m2-g2-L5p3-n2-beta1__N0320__Aplus_0p02,hm-m2-g2-L5p3-n2-beta1__N0320__Aminus_0p02,hm-m2-g2-L5p3-n2-beta1,320,0.02,54,0.894375,1.0092783045741902,1.0078228068329136
hm-m2-g2-L5p3-n2-beta1__N0320__Aplus_0p02,hm-m2-g2-L5p3-n2-beta1__N0320__Aminus_0p02,hm-m2-g2-L5p3-n2-beta1,320,0.02,55,0.9109375000000001,1.0089161863620897,1.00753001994476
hm-m2-g2-L5p3-n2-beta1__N0320__Aplus_0p02,hm-m2-g2-L5p3-n2-beta1__N0320__Aminus_0p02,hm-m2-g2-L5p3-n2-beta1,320,0.02,56,0.9275,1.0085509415188758,1.0072343851445067
hm-m2-g2-L5p3-n2-beta1__N0320__Aplus_0p02,hm-m2-g2-L5p3-n2-beta1__N0320__Aminus_0p02,hm-m2-g2-L5p3-n2-beta1,320,0.02,57,0.9440625,1.0081827303152329,1.0069360234700608
hm-m2-g2-L5p3-n2-beta1__N0320__Aplus_0p02,hm-m2-g2-L5p3-n2-beta1__N0320__Aminus_0p02,hm-m2-g2-L5p3-n2-beta1,320,0.02,58,0.9606250000000001,1.0078117134525673,1.006635056778876
hm-m2-g2-L5p3-n2-beta1__N0320__Aplus_0p02,hm-m2-g2-L5p3-n2-beta1__N0320__Aminus_0p02,hm-m2-g2-L5p3-n2-beta1,320,0.02,59,0.9771875000000001,1.0074380519738593,1.006331607690727
hm-m2-g2-L5p3-n2-beta1__N0320__Aplus_0p02,hm-m2-g2-L5p3-n2-beta1__N0320__Aminus_0p02,hm-m2-g2-L5p3-n2-beta1,320,0.02,60,0.99375,1.0070619071758131,1.0060257995306214
hm-m2-g2-L5p3-n2-beta1__N0320__Aplus_0p02,hm-m2-g2-L5p3-n2-beta1__N0320__Aminus_0p02,hm-m2-g2-L5p3-n2-beta1,320,0.02,61,1.0103125,1.0066834405223735,1.0057177562718873
hm-m2-g2-L5p3-n2-beta1__N0320__Aplus_0p02,hm-m2-g2-L5p3-n2-beta1__N0320__Aminus_0p02,hm-m2-g2-L5p3-n2-beta1,320,0.02,62,1.026875,1.006302813559664,1.005407602479466
hm-m2-g2-L5p3-n2-beta1__N0320__Aplus_0p02,hm-m2-g2-L5p3-n2-beta1__N0320__Aminus_0p02,hm-m2-g2-L5p3-n2-beta1,320,0.02,63,1.0434375,1.005920187832409,1.0050954632534483
hm-m2-g2-L5p3-n2-beta1__N0320__Aplus_0p02,hm-m2-g2-L5p3-n2-beta1__N0320__Aminus_0p02,hm-m2-g2-L5p3-n2-beta1,320,0.02,64,1.06,1.005535724801891,1.0047814641728852
hm-m2-g2-L5p3-n2-beta1__N0320__Aplus_0p02,hm-m2-g2-L5p3-n2-beta1__N0320__Aminus_0p02,hm-m2-g2-L5p3-n2-beta1,320,0.02,65,1.0765625,1.0051495857654889,1.004465731239903
hm-m2-g2-L5p3-n2-beta1__N0320__Aplus_0p02,hm-m2-g2-L5p3-n2-beta1__N0320__Aminus_0p02,hm-m2-g2-L5p3-n2-beta1,320,0.02,66,1.0931250000000001,1.0047619317778482,1.0041483908241577
hm-m2-g2-L5p3-n2-beta1__N0320__Aplus_0p02,hm-m2-g2-L5p3-n2-beta1__N0320__Aminus_0p02,hm-m2-g2-L5p3-n2-beta1,320,0.02,67,1.1096875000000002,1.0043729235737224,1.0038295696076538
hm-m2-g2-L5p3-n2-beta1__N0320__Aplus_0p02,hm-m2-g2-L5p3-n2-beta1__N0320__Aminus_0p02,hm-m2-g2-L5p3-n2-beta1,320,0.02,68,1.12625,1.0039827214925228,1.0035093945299587
hm-m2-g2-L5p3-n2-beta1__N0320__Aplus_0p02,hm-m2-g2-L5p3-n2-beta1__N0320__Aminus_0p02,hm-m2-g2-L5p3-n2-beta1,320,0.02,69,1.1428125,1.0035914854046128,1.0031879927338394
hm-m2-g2-L5p3-n2-beta1__N0320__Aplus_0p02,hm-m2-g2-L5p3-n2-beta1__N0320__Aminus_0p02,hm-m2-g2-L5p3-n2-beta1,320,0.02,70,1.159375,1.0031993746393775,1.002865491511348
hm-m2-g2-L5p3-n2-beta1__N0320__Aplus_0p02,hm-m2-g2-L5p3-n2-beta1__N0320__Aminus_0p02,hm-m2-g2-L5p3-n2-beta1,320,0.02,71,1.1759375,1.0028065479150947,1.0025420182503815
hm-m2-g2-L5p3-n2-beta1__N0320__Aplus_0p02,hm-m2-g2-L5p3-n2-beta1__N0320__Aminus_0p02,hm-m2-g2-L5p3-n2-beta1,320,0.02,72,1.1925000000000001,1.0024131632706323,1.0022177003817387
hm-m2-g2-L5p3-n2-beta1__N0320__Aplus_0p02,hm-m2-g2-L5p3-n2-beta1__N0320__Aminus_0p02,hm-m2-g2-L5p3-n2-beta1,320,0.02,73,1.2090625000000002,1.0020193779989912,1.0018926653267006
hm-m2-g2-L5p3-n2-beta1__N0320__Aplus_0p02,hm-m2-g2-L5p3-n2-beta1__N0320__Aminus_0p02,hm-m2-g2-L5p3-n2-beta1,320,0.02,74,1.225625,1.001625348582713,1.0015670404451507
hm-m2-g2-L5p3-n2-beta1__N0320__Aplus_0p02,hm-m2-g2-L5p3-n2-beta1__N0320__Aminus_0p02,hm-m2-g2-L5p3-n2-beta1,320,0.02,75,1.2421875,1.0012312306311613,1.0012409529842625
hm-m2-g2-L5p3-n2-beta1__N0320__Aplus_0p02,hm-m2-g2-L5p3-n2-beta1__N0320__Aminus_0p02,hm-m2-g2-L5p3-n2-beta1,320,0.02,76,1.25875,1.0008371788196941,1.000914530027769
hm-m2-g2-L5p3-n2-beta1__N0320__Aplus_0p02,hm-m2-g2-L5p3-n2-beta1__N0320__Aminus_0p02,hm-m2-g2-L5p3-n2-beta1,320,0.02,77,1.2753125,1.0004433468307279,1.0005878984458365
hm-m2-g2-L5p3-n2-beta1__N0320__Aplus_0p02,hm-m2-g2-L5p3-n2-beta1__N0320__Aminus_0p02,hm-m2-g2-L5p3-n2-beta1,320,0.02,78,1.291875,1.0000498872966999,1.0002611848455556
hm-m2-g2-L5p3-n2-beta1__N0320__Aplus_0p02,hm-m2-g2-L5p3-n2-beta1__N0320__Aminus_0p02,hm-m2-g2-L5p3-n2-beta1,320,0.02,79,1.3084375000000001,0.9996569517449321,0.9999345155220726
hm-m2-g2-L5p3-n2-beta1__N0320__Aplus_0p02,hm-m2-g2-L5p3-n2-beta1__N0320__Aminus_0p02,hm-m2-g2-L5p3-n2-beta1,320,0.02,80,1.3250000000000002,0.9992646905443914,0.9996080164103699
hm-m2-g2-L5p3-n2-beta1__N0320__Aplus_0p02,hm-m2-g2-L5p3-n2-beta1__N0320__Aminus_0p02,hm-m2-g2-L5p3-n2-beta1,320,0.02,81,1.3415625,0.998873252854344,0.999281813037715
hm-m2-g2-L5p3-n2-beta1__N0320__Aplus_0p02,hm-m2-g2-L5p3-n2-beta1__N0320__Aminus_0p02,hm-m2-g2-L5p3-n2-beta1,320,0.02,82,1.358125,0.998482786574896,0.9989560304767883
hm-m2-g2-L5p3-n2-beta1__N0320__Aplus_0p02,hm-m2-g2-L5p3-n2-beta1__N0320__Aminus_0p02,hm-m2-g2-L5p3-n2-beta1,320,0.02,83,1.3746875,0.9980934382994089,0.9986307932995039
hm-m2-g2-L5p3-n2-beta1__N0320__Aplus_0p02,hm-m2-g2-L5p3-n2-beta1__N0320__Aminus_0p02,hm-m2-g2-L5p3-n2-beta1,320,0.02,84,1.39125,0.9977053532687817,0.998306225531532
hm-m2-g2-L5p3-n2-beta1__N0320__Aplus_0p02,hm-m2-g2-L5p3-n2-beta1__N0320__Aminus_0p02,hm-m2-g2-L5p3-n2-beta1,320,0.02,85,1.4078125000000001,0.9973186753275801,0.9979824506075385
hm-m2-g2-L5p3-n2-beta1__N0320__Aplus_0p02,hm-m2-g2-L5p3-n2-beta1__N0320__Aminus_0p02,hm-m2-g2-L5p3-n2-beta1,320,0.02,86,1.4243750000000002,0.9969335468819985,0.9976595913271442
hm-m2-g2-L5p3-n2-beta1__N0320__Aplus_0p02,hm-m2-g2-L5p3-n2-beta1__N0320__Aminus_0p02,hm-m2-g2-L5p3-n2-beta1,320,0.02,87,1.4409375,0.9965501088596365,0.9973377698116183
hm-m2-g2-L5p3-n2-beta1__N0320__Aplus_0p02,hm-m2-g2-L5p3-n2-beta1__N0320__Aminus_0p02,hm-m2-g2-L5p3-n2-beta1,320,0.02,88,1.4575,0.996168500671065,0.997017107461309
hm-m2-g2-L5p3-n2-beta1__N0320__Aplus_0p02,hm-m2-g2-L5p3-n2-beta1__N0320__Aminus_0p02,hm-m2-g2-L5p3-n2-beta1,320,0.02,89,1.4740625,0.995788860173163,0.9966977249138202
hm-m2-g2-L5p3-n2-beta1__N0320__Aplus_0p02,hm-m2-g2-L5p3-n2-beta1__N0320__Aminus_0p02,hm-m2-g2-L5p3-n2-beta1,320,0.02,90,1.490625,0.9954113236341966,0.9963797420029403
hm-m2-g2-L5p3-n2-beta1__N0320__Aplus_0p02,hm-m2-g2-L5p3-n2-beta1__N0320__Aminus_0p02,hm-m2-g2-L5p3-n2-beta1,320,0.02,91,1.5071875000000001,0.9950360257006156,0.9960632777183246
hm-m2-g2-L5p3-n2-beta1__N0320__Aplus_0p02,hm-m2-g2-L5p3-n2-beta1__N0320__Aminus_0p02,hm-m2-g2-L5p3-n2-beta1,320,0.02,92,1.5237500000000002,0.994663099365537,0.9957484501659396
hm-m2-g2-L5p3-n2-beta1__N0320__Aplus_0p02,hm-m2-g2-L5p3-n2-beta1__N0320__Aminus_0p02,hm-m2-g2-L5p3-n2-beta1,320,0.02,93,1.5403125,0.9942926759388887,0.9954353765292693
hm-m2-g2-L5p3-n2-beta1__N0320__Aplus_0p02,hm-m2-g2-L5p3-n2-beta1__N0320__Aminus_0p02,hm-m2-g2-L5p3-n2-beta1,320,0.02,94,1.556875,0.9939248850191772,0.9951241730312855
hm-m2-g2-L5p3-n2-beta1__N0320__Aplus_0p02,hm-m2-g2-L5p3-n2-beta1__N0320__Aminus_0p02,hm-m2-g2-L5p3-n2-beta1,320,0.02,95,1.5734375,0.9935598544668511,0.9948149548971871
hm-m2-g2-L5p3-n2-beta1__N0320__Aplus_0p02,hm-m2-g2-L5p3-n2-beta1__N0320__Aminus_0p02,hm-m2-g2-L5p3-n2-beta1,320,0.02,96,1.59,0.9931977103792233,0.9945078363179036
hm-m2-g2-L5p3-n2-beta1__N0320__Aplus_0p02,hm-m2-g2-L5p3-n2-beta1__N0320__Aminus_0p02,hm-m2-g2-L5p3-n2-beta1,320,0.02,97,1.6065625000000001,0.9928385770669174,0.9942029304143687
hm-m2-g2-L5p3-n2-beta1__N0320__Aplus_0p02,hm-m2-g2-L5p3-n2-beta1__N0320__Aminus_0p02,hm-m2-g2-L5p3-n2-beta1,320,0.02,98,1.6231250000000002,0.9924825770318025,0.9939003492025584
hm-m2-g2-L5p3-n2-beta1__N0320__Aplus_0p02,hm-m2-g2-L5p3-n2-beta1__N0320__Aminus_0p02,hm-m2-g2-L5p3-n2-beta1,320,0.02,99,1.6396875000000002,0.9921298309463793,0.993600203559296
hm-m2-g2-L5p3-n2-beta1__N0320__Aplus_0p02,hm-m2-g2-L5p3-n2-beta1__N0320__Aminus_0p02,hm-m2-g2-L5p3-n2-beta1,320,0.02,100,1.65625,0.9917804576345773,0.9933026031888181
hm-m2-g2-L5p3-n2-beta1__N0320__Aplus_0p02,hm-m2-g2-L5p3-n2-beta1__N0320__Aminus_0p02,hm-m2-g2-L5p3-n2-beta1,320,0.02,101,1.6728125,0.991434574053928,0.9930076565901046
hm-m2-g2-L5p3-n2-beta1__N0320__Aplus_0p02,hm-m2-g2-L5p3-n2-beta1__N0320__Aminus_0p02,hm-m2-g2-L5p3-n2-beta1,320,0.02,102,1.689375,0.99109229527907,0.9927154710249622
hm-m2-g2-L5p3-n2-beta1__N0320__Aplus_0p02,hm-m2-g2-L5p3-n2-beta1__N0320__Aminus_0p02,hm-m2-g2-L5p3-n2-beta1,320,0.02,103,1.7059375,0.9907537344865498,0.9924261524868646
hm-m2-g2-L5p3-n2-beta1__N0320__Aplus_0p02,hm-m2-g2-L5p3-n2-beta1__N0320__Aminus_0p02,hm-m2-g2-L5p3-n2-beta1,320,0.02,104,1.7225000000000001,0.9904190029408761,0.9921398056705404
hm-m2-g2-L5p3-n2-beta1__N0320__Aplus_0p02,hm-m2-g2-L5p3-n2-beta1__N0320__Aminus_0p02,hm-m2-g2-L5p3-n2-beta1,320,0.02,105,1.7390625000000002,0.990088209981785,0.9918565339423053
hm-m2-g2-L5p3-n2-beta1__N0320__Aplus_0p02,hm-m2-g2-L5p3-n2-beta1__N0320__Aminus_0p02,hm-m2-g2-L5p3-n2-beta1,320,0.02,106,1.755625,0.9897614630126774,0.9915764393111357
hm-m2-g2-L5p3-n2-beta1__N0320__Aplus_0p02,hm-m2-g2-L5p3-n2-beta1__N0320__Aminus_0p02,hm-m2-g2-L5p3-n2-beta1,320,0.02,107,1.7721875,0.989438867490185,0.991299622400472
hm-m2-g2-L5p3-n2-beta1__N0320__Aplus_0p02,hm-m2-g2-L5p3-n2-beta1__N0320__Aminus_0p02,hm-m2-g2-L5p3-n2-beta1,320,0.02,108,1.78875,0.9891205269148238,0.9910261824207529
hm-m2-g2-L5p3-n2-beta1__N0320__Aplus_0p02,hm-m2-g2-L5p3-n2-beta1__N0320__Aminus_0p02,hm-m2-g2-L5p3-n2-beta1,320,0.02,109,1.8053125,0.9888065428226931,0.9907562171426677
hm-m2-g2-L5p3-n2-beta1__N0320__Aplus_0p02,hm-m2-g2-L5p3-n2-beta1__N0320__Aminus_0p02,hm-m2-g2-L5p3-n2-beta1,320,0.02,110,1.8218750000000001,0.9884970147781768,0.9904898228711235
hm-m2-g2-L5p3-n2-beta1__N0320__Aplus_0p02,hm-m2-g2-L5p3-n2-beta1__N0320__Aminus_0p02,hm-m2-g2-L5p3-n2-beta1,320,0.02,111,1.8384375000000002,0.9881920403676071,0.9902270944199195
hm-m2-g2-L5p3-n2-beta1__N0320__Aplus_0p02,hm-m2-g2-L5p3-n2-beta1__N0320__Aminus_0p02,hm-m2-g2-L5p3-n2-beta1,320,0.02,112,1.855,0.9878917151938464,0.989968125087118
hm-m2-g2-L5p3-n2-beta1__N0320__Aplus_0p02,hm-m2-g2-L5p3-n2-beta1__N0320__Aminus_0p02,hm-m2-g2-L5p3-n2-beta1,320,0.02,113,1.8715625,0.9875961328717469,0.9897130066311078
hm-m2-g2-L5p3-n2-beta1__N0320__Aplus_0p02,hm-m2-g2-L5p3-n2-beta1__N0320__Aminus_0p02,hm-m2-g2-L5p3-n2-beta1,320,0.02,114,1.888125,0.9873053850244451,0.9894618292473512
hm-m2-g2-L5p3-n2-beta1__N0320__Aplus_0p02,hm-m2-g2-L5p3-n2-beta1__N0320__Aminus_0p02,hm-m2-g2-L5p3-n2-beta1,320,0.02,115,1.9046875,0.9870195612804527,0.9892146815458028
hm-m2-g2-L5p3-n2-beta1__N0320__Aplus_0p02,hm-m2-g2-L5p3-n2-beta1__N0320__Aminus_0p02,hm-m2-g2-L5p3-n2-beta1,320,0.02,116,1.9212500000000001,0.9867387492714975,0.9889716505289962
hm-m2-g2-L5p3-n2-beta1__N0320__Aplus_0p02,hm-m2-g2-L5p3-n2-beta1__N0320__Aminus_0p02,hm-m2-g2-L5p3-n2-beta1,320,0.02,117,1.9378125000000002,0.9864630346310795,0.9887328215707858
hm-m2-g2-L5p3-n2-beta1__N0320__Aplus_0p02,hm-m2-g2-L5p3-n2-beta1__N0320__Aminus_0p02,hm-m2-g2-L5p3-n2-beta1,320,0.02,118,1.9543750000000002,0.9861925009936973,0.988498278395738
hm-m2-g2-L5p3-n2-beta1__N0320__Aplus_0p02,hm-m2-g2-L5p3-n2-beta1__N0320__Aminus_0p02,hm-m2-g2-L5p3-n2-beta1,320,0.02,119,1.9709375,0.9859272299947075,0.9882681030591597
hm-m2-g2-L5p3-n2-beta1__N0320__Aplus_0p02,hm-m2-g2-L5p3-n2-beta1__N0320__Aminus_0p02,hm-m2-g2-L5p3-n2-beta1,320,0.02,120,1.9875,0.9856673012707767,0.9880423759277575
hm-m2-g2-L5p3-n2-beta1__N0320__Aplus_0p02,hm-m2-g2-L5p3-n2-beta1__N0320__Aminus_0p02,hm-m2-g2-L5p3-n2-beta1,320,0.02,121,2.0040625000000003,0.9854127924608876,0.9878211756609157
hm-m2-g2-L5p3-n2-beta1__N0320__Aplus_0p02,hm-m2-g2-L5p3-n2-beta1__N0320__Aminus_0p02,hm-m2-g2-L5p3-n2-beta1,320,0.02,122,2.020625,0.9851637792078602,0.9876045791925856
hm-m2-g2-L5p3-n2-beta1__N0320__Aplus_0p02,hm-m2-g2-L5p3-n2-beta1__N0320__Aminus_0p02,hm-m2-g2-L5p3-n2-beta1,320,0.02,123,2.0371875,0.9849203351603516,0.9873926617137762
hm-m2-g2-L5p3-n2-beta1__N0320__Aplus_0p02,hm-m2-g2-L5p3-n2-beta1__N0320__Aminus_0p02,hm-m2-g2-L5p3-n2-beta1,320,0.02,124,2.05375,0.984682531975296,0.9871854966556347
hm-m2-g2-L5p3-n2-beta1__N0320__Aplus_0p02,hm-m2-g2-L5p3-n2-beta1__N0320__Aminus_0p02,hm-m2-g2-L5p3-n2-beta1,320,0.02,125,2.0703125,0.9844504393207502,0.9869831556731116
hm-m2-g2-L5p3-n2-beta1__N0320__Aplus_0p02,hm-m2-g2-L5p3-n2-beta1__N0320__Aminus_0p02,hm-m2-g2-L5p3-n2-beta1,320,0.02,126,2.086875,0.984224124879107,0.9867857086291958
hm-m2-g2-L5p3-n2-beta1__N0320__Aplus_0p02,hm-m2-g2-L5p3-n2-beta1__N0320__Aminus_0p02,hm-m2-g2-L5p3-n2-beta1,320,0.02,127,2.1034375,0.9840036543506434,0.9865932235797142
hm-m2-g2-L5p3-n2-beta1__N0320__Aplus_0p02,hm-m2-g2-L5p3-n2-beta1__N0320__Aminus_0p02,hm-m2-g2-L5p3-n2-beta1,320,0.02,128,2.12,0.9837890914573678,0.9864057667586839
hm-m2-g2-L5p3-n2-beta1__N0320__Aplus_0p02,hm-m2-g2-L5p3-n2-beta1__N0320__Aminus_0p02,hm-m2-g2-L5p3-n2-beta1,320,0.02,129,2.1365625,0.9835804979471344,0.9862234025642084
hm-m2-g2-L5p3-n2-beta1__N0320__Aplus_0p02,hm-m2-g2-L5p3-n2-beta1__N0320__Aminus_0p02,hm-m2-g2-L5p3-n2-beta1,320,0.02,130,2.153125,0.9833779335979906,0.986046193544909
hm-m2-g2-L5p3-n2-beta1__N0320__Aplus_0p02,hm-m2-g2-L5p3-n2-beta1__N0320__Aminus_0p02,hm-m2-g2-L5p3-n2-beta1,320,0.02,131,2.1696875,0.9831814562227277,0.9858742003868813
hm-m2-g2-L5p3-n2-beta1__N0320__Aplus_0p02,hm-m2-g2-L5p3-n2-beta1__N0320__Aminus_0p02,hm-m2-g2-L5p3-n2-beta1,320,0.02,132,2.1862500000000002,0.9829911216736009,0.9857074819011677
hm-m2-g2-L5p3-n2-beta1__N0320__Aplus_0p02,hm-m2-g2-L5p3-n2-beta1__N0320__Aminus_0p02,hm-m2-g2-L5p3-n2-beta1,320,0.02,133,2.2028125000000003,0.9828069838471929,0.985546095011738
hm-m2-g2-L5p3-n2-beta1__N0320__Aplus_0p02,hm-m2-g2-L5p3-n2-beta1__N0320__Aminus_0p02,hm-m2-g2-L5p3-n2-beta1,320,0.02,134,2.2193750000000003,0.982629094689387,0.985390094743967
hm-m2-g2-L5p3-n2-beta1__N0320__Aplus_0p02,hm-m2-g2-L5p3-n2-beta1__N0320__Aminus_0p02,hm-m2-g2-L5p3-n2-beta1,320,0.02,135,2.2359375,0.9824575042004258,0.9852395342136036
hm-m2-g2-L5p3-n2-beta1__N0320__Aplus_0p02,hm-m2-g2-L5p3-n2-beta1__N0320__Aminus_0p02,hm-m2-g2-L5p3-n2-beta1,320,0.02,136,2.2525,0.9822922604400253,0.98509446461622
hm-m2-g2-L5p3-n2-beta1__N0320__Aplus_0p02,hm-m2-g2-L5p3-n2-beta1__N0320__Aminus_0p02,hm-m2-g2-L5p3-n2-beta1,320,0.02,137,2.2690625,0.9821334095325192,0.984954935217134
hm-m2-g2-L5p3-n2-beta1__N0320__Aplus_0p02,hm-m2-g2-L5p3-n2-beta1__N0320__Aminus_0p02,hm-m2-g2-L5p3-n2-beta1,320,0.02,138,2.285625,0.9819809956720078,0.9848209933417964
hm-m2-g2-L5p3-n2-beta1__N0320__Aplus_0p02,hm-m2-g2-L5p3-n2-beta1__N0320__Aminus_0p02,hm-m2-g2-L5p3-n2-beta1,320,0.02,139,2.3021875,0.9818350611274869,0.984692684366635
hm-m2-g2-L5p3-n2-beta1__N0320__Aplus_0p02,hm-m2-g2-L5p3-n2-beta1__N0320__Aminus_0p02,hm-m2-g2-L5p3-n2-beta1,320,0.02,140,2.31875,0.981695646247932,0.9845700517103484
hm-m2-g2-L5p3-n2-beta1__N0320__Aplus_0p02,hm-m2-g2-L5p3-n2-beta1__N0320__Aminus_0p02,hm-m2-g2-L5p3-n2-beta1,320,0.02,141,2.3353125,0.9815627894673181,0.9844531368256406
hm-m2-g2-L5p3-n2-beta1__N0320__Aplus_0p02,hm-m2-g2-L5p3-n2-beta1__N0320__Aminus_0p02,hm-m2-g2-L5p3-n2-beta1,320,0.02,142,2.351875,0.9814365273095492,0.9843419791913909
hm-m2-g2-L5p3-n2-beta1__N0320__Aplus_0p02,hm-m2-g2-L5p3-n2-beta1__N0320__Aminus_0p02,hm-m2-g2-L5p3-n2-beta1,320,0.02,143,2.3684375,0.9813168943932815,0.9842366163052518
hm-m2-g2-L5p3-n2-beta1__N0320__Aplus_0p02,hm-m2-g2-L5p3-n2-beta1__N0320__Aminus_0p02,hm-m2-g2-L5p3-n2-beta1,320,0.02,144,2.3850000000000002,0.981203923436616,0.9841370836766672
hm-m2-g2-L5p3-n2-beta1__N0320__Aplus_0p02,hm-m2-g2-L5p3-n2-beta1__N0320__Aminus_0p02,hm-m2-g2-L5p3-n2-beta1,320,0.02,145,2.4015625000000003,0.9810976452616459,0.984043414820306
hm-m2-g2-L5p3-n2-beta1__N0320__Aplus_0p02,hm-m2-g2-L5p3-n2-beta1__N0320__Aminus_0p02,hm-m2-g2-L5p3-n2-beta1,320,0.02,146,2.4181250000000003,0.9809980887988378,0.9839556412499035
hm-m2-g2-L5p3-n2-beta1__N0320__Aplus_0p02,hm-m2-g2-L5p3-n2-beta1__N0320__Aminus_0p02,hm-m2-g2-L5p3-n2-beta1,320,0.02,147,2.4346875000000003,0.9809052810912322,0.9838737924725075
hm-m2-g2-L5p3-n2-beta1__N0320__Aplus_0p02,hm-m2-g2-L5p3-n2-beta1__N0320__Aminus_0p02,hm-m2-g2-L5p3-n2-beta1,320,0.02,148,2.45125,0.9808192472984464,0.9837978959831193
hm-m2-g2-L5p3-n2-beta1__N0320__Aplus_0p02,hm-m2-g2-L5p3-n2-beta1__N0320__Aminus_0p02,hm-m2-g2-L5p3-n2-beta1,320,0.02,149,2.4678125,0.9807400107004653,0.9837279772597288
hm-m2-g2-L5p3-n2-beta1__N0320__Aplus_0p02,hm-m2-g2-L5p3-n2-beta1__N0320__Aminus_0p02,hm-m2-g2-L5p3-n2-beta1,320,0.02,150,2.484375,0.980667592701207,0.9836640597587366
hm-m2-g2-L5p3-n2-beta1__N0320__Aplus_0p02,hm-m2-g2-L5p3-n2-beta1__N0320__Aminus_0p02,hm-m2-g2-L5p3-n2-beta1,320,0.02,151,2.5009375,0.9806020128318493,0.983606164910759
hm-m2-g2-L5p3-n2-beta1__N0320__Aplus_0p02,hm-m2-g2-L5p3-n2-beta1__N0320__Aminus_0p02,hm-m2-g2-L5p3-n2-beta1,320,0.02,152,2.5175,0.980543288753907,0.9835543121168121
hm-m2-g2-L5p3-n2-beta1__N0320__Aplus_0p02,hm-m2-g2-L5p3-n2-beta1__N0320__Aminus_0p02,hm-m2-g2-L5p3-n2-beta1,320,0.02,153,2.5340625,0.9804914362620469,0.9835085187448702
hm-m2-g2-L5p3-n2-beta1__N0320__Aplus_0p02,hm-m2-g2-L5p3-n2-beta1__N0320__Aminus_0p02,hm-m2-g2-L5p3-n2-beta1,320,0.02,154,2.550625,0.9804464692866349,0.9834688001267968
hm-m2-g2-L5p3-n2-beta1__N0320__Aplus_0p02,hm-m2-g2-L5p3-n2-beta1__N0320__Aminus_0p02,hm-m2-g2-L5p3-n2-beta1,320,0.02,155,2.5671875,0.9804083998960008,0.9834351695556435
hm-m2-g2-L5p3-n2-beta1__N0320__Aplus_0p02,hm-m2-g2-L5p3-n2-beta1__N0320__Aminus_0p02,hm-m2-g2-L5p3-n2-beta1,320,0.02,156,2.58375,0.9803772382984192,0.983407638283315
hm-m2-g2-L5p3-n2-beta1__N0320__Aplus_0p02,hm-m2-g2-L5p3-n2-beta1__N0320__Aminus_0p02,hm-m2-g2-L5p3-n2-beta1,320,0.02,157,2.6003125000000002,0.980352992843795,0.983386215518597
hm-m2-g2-L5p3-n2-beta1__N0320__Aplus_0p02,hm-m2-g2-L5p3-n2-beta1__N0320__Aminus_0p02,hm-m2-g2-L5p3-n2-beta1,320,0.02,158,2.6168750000000003,0.9803356700250515,0.983370908425545
hm-m2-g2-L5p3-n2-beta1__N0320__Aplus_0p02,hm-m2-g2-L5p3-n2-beta1__N0320__Aminus_0p02,hm-m2-g2-L5p3-n2-beta1,320,0.02,159,2.6334375000000003,0.9803252744792138,0.9833617221222342
hm-m2-g2-L5p3-n2-beta1__N0320__Aplus_0p02,hm-m2-g2-L5p3-n2-beta1__N0320__Aminus_0p02,hm-m2-g2-L5p3-n2-beta1,320,0.02,160,2.6500000000000004,0.9803218089881856,0.9833586596798666
hm-m2-g2-L5p3-n2-beta1__N0320__Aplus_0p02,hm-m2-g2-L5p3-n2-beta1__N0320__Aminus_0p02,hm-m2-g2-L5p3-n2-beta1,320,0.02,161,2.6665625,0.9803252744792158,0.9833617221222354
hm-m2-g2-L5p3-n2-beta1__N0320__Aplus_0p02,hm-m2-g2-L5p3-n2-beta1__N0320__Aminus_0p02,hm-m2-g2-L5p3-n2-beta1,320,0.02,162,2.683125,0.9803356700250554,0.9833709084255473
hm-m2-g2-L5p3-n2-beta1__N0320__Aplus_0p02,hm-m2-g2-L5p3-n2-beta1__N0320__Aminus_0p02,hm-m2-g2-L5p3-n2-beta1,320,0.02,163,2.6996875,0.9803529928438007,0.9833862155186004
hm-m2-g2-L5p3-n2-beta1__N0320__Aplus_0p02,hm-m2-g2-L5p3-n2-beta1__N0320__Aminus_0p02,hm-m2-g2-L5p3-n2-beta1,320,0.02,164,2.71625,0.9803772382984268,0.9834076382833193
hm-m2-g2-L5p3-n2-beta1__N0320__Aplus_0p02,hm-m2-g2-L5p3-n2-beta1__N0320__Aminus_0p02,hm-m2-g2-L5p3-n2-beta1,320,0.02,165,2.7328125,0.9804083998960104,0.9834351695556488
hm-m2-g2-L5p3-n2-beta1__N0320__Aplus_0p02,hm-m2-g2-L5p3-n2-beta1__N0320__Aminus_0p02,hm-m2-g2-L5p3-n2-beta1,320,0.02,166,2.749375,0.9804464692866464,0.9834688001268029
hm-m2-g2-L5p3-n2-beta1__N0320__Aplus_0p02,hm-m2-g2-L5p3-n2-beta1__N0320__Aminus_0p02,hm-m2-g2-L5p3-n2-beta1,320,0.02,167,2.7659375,0.9804914362620604,0.9835085187448772
hm-m2-g2-L5p3-n2-beta1__N0320__Aplus_0p02,hm-m2-g2-L5p3-n2-beta1__N0320__Aminus_0p02,hm-m2-g2-L5p3-n2-beta1,320,0.02,168,2.7825,0.9805432887539223,0.9835543121168201
hm-m2-g2-L5p3-n2-beta1__N0320__Aplus_0p02,hm-m2-g2-L5p3-n2-beta1__N0320__Aminus_0p02,hm-m2-g2-L5p3-n2-beta1,320,0.02,169,2.7990625000000002,0.9806020128318665,0.983606164910768
hm-m2-g2-L5p3-n2-beta1__N0320__Aplus_0p02,hm-m2-g2-L5p3-n2-beta1__N0320__Aminus_0p02,hm-m2-g2-L5p3-n2-beta1,320,0.02,170,2.8156250000000003,0.9806675927012262,0.9836640597587465
hm-m2-g2-L5p3-n2-beta1__N0320__Aplus_0p02,hm-m2-g2-L5p3-n2-beta1__N0320__Aminus_0p02,hm-m2-g2-L5p3-n2-beta1,320,0.02,171,2.8321875000000003,0.9807400107004863,0.9837279772597396
hm-m2-g2-L5p3-n2-beta1__N0320__Aplus_0p02,hm-m2-g2-L5p3-n2-beta1__N0320__Aminus_0p02,hm-m2-g2-L5p3-n2-beta1,320,0.02,172,2.8487500000000003,0.9808192472984693,0.983797895983131
hm-m2-g2-L5p3-n2-beta1__N0320__Aplus_0p02,hm-m2-g2-L5p3-n2-beta1__N0320__Aminus_0p02,hm-m2-g2-L5p3-n2-beta1,320,0.02,173,2.8653125,0.980905281091257,0.98387379247252
hm-m2-g2-L5p3-n2-beta1__N0320__Aplus_0p02,hm-m2-g2-L5p3-n2-beta1__N0320__Aminus_0p02,hm-m2-g2-L5p3-n2-beta1,320,0.02,174,2.881875,0.9809980887988644,0.9839556412499169
hm-m2-g2-L5p3-n2-beta1__N0320__Aplus_0p02,hm-m2-g2-L5p3-n2-beta1__N0320__Aminus_0p02,hm-m2-g2-L5p3-n2-beta1,320,0.02,175,2.8984375,0.9810976452616743,0.9840434148203201
hm-m2-g2-L5p3-n2-beta1__N0320__Aplus_0p02,hm-m2-g2-L5p3-n2-beta1__N0320__Aminus_0p02,hm-m2-g2-L5p3-n2-beta1,320,0.02,176,2.915,0.9812039234366462,0.9841370836766823
hm-m2-g2-L5p3-n2-beta1__N0320__Aplus_0p02,hm-m2-g2-L5p3-n2-beta1__N0320__Aminus_0p02,hm-m2-g2-L5p3-n2-beta1,320,0.02,177,2.9315625,0.9813168943933135,0.9842366163052678
hm-m2-g2-L5p3-n2-beta1__N0320__Aplus_0p02,hm-m2-g2-L5p3-n2-beta1__N0320__Aminus_0p02,hm-m2-g2-L5p3-n2-beta1,320,0.02,178,2.948125,0.9814365273095831,0.9843419791914078
hm-m2-g2-L5p3-n2-beta1__N0320__Aplus_0p02,hm-m2-g2-L5p3-n2-beta1__N0320__Aminus_0p02,hm-m2-g2-L5p3-n2-beta1,320,0.02,179,2.9646875,0.9815627894673536,0.9844531368256582
hm-m2-g2-L5p3-n2-beta1__N0320__Aplus_0p02,hm-m2-g2-L5p3-n2-beta1__N0320__Aminus_0p02,hm-m2-g2-L5p3-n2-beta1,320,0.02,180,2.98125,0.9816956462479695,0.9845700517103665
hm-m2-g2-L5p3-n2-beta1__N0320__Aplus_0p02,hm-m2-g2-L5p3-n2-beta1__N0320__Aminus_0p02,hm-m2-g2-L5p3-n2-beta1,320,0.02,181,2.9978125,0.9818350611275259,0.9846926843666536
hm-m2-g2-L5p3-n2-beta1__N0320__Aplus_0p02,hm-m2-g2-L5p3-n2-beta1__N0320__Aminus_0p02,hm-m2-g2-L5p3-n2-beta1,320,0.02,182,3.0143750000000002,0.9819809956720487,0.9848209933418156
hm-m2-g2-L5p3-n2-beta1__N0320__Aplus_0p02,hm-m2-g2-L5p3-n2-beta1__N0320__Aminus_0p02,hm-m2-g2-L5p3-n2-beta1,320,0.02,183,3.0309375000000003,0.9821334095325617,0.9849549352171539
hm-m2-g2-L5p3-n2-beta1__N0320__Aplus_0p02,hm-m2-g2-L5p3-n2-beta1__N0320__Aminus_0p02,hm-m2-g2-L5p3-n2-beta1,320,0.02,184,3.0475000000000003,0.9822922604400695,0.9850944646162407
hm-m2-g2-L5p3-n2-beta1__N0320__Aplus_0p02,hm-m2-g2-L5p3-n2-beta1__N0320__Aminus_0p02,hm-m2-g2-L5p3-n2-beta1,320,0.02,185,3.0640625000000004,0.9824575042004716,0.985239534213625
hm-m2-g2-L5p3-n2-beta1__N0320__Aplus_0p02,hm-m2-g2-L5p3-n2-beta1__N0320__Aminus_0p02,hm-m2-g2-L5p3-n2-beta1,320,0.02,186,3.080625,0.9826290946894345,0.985390094743989
hm-m2-g2-L5p3-n2-beta1__N0320__Aplus_0p02,hm-m2-g2-L5p3-n2-beta1__N0320__Aminus_0p02,hm-m2-g2-L5p3-n2-beta1,320,0.02,187,3.0971875,0.982806983847242,0.9855460950117608
hm-m2-g2-L5p3-n2-beta1__N0320__Aplus_0p02,hm-m2-g2-L5p3-n2-beta1__N0320__Aminus_0p02,hm-m2-g2-L5p3-n2-beta1,320,0.02,188,3.11375,0.9829911216736517,0.9857074819011914
hm-m2-g2-L5p3-n2-beta1__N0320__Aplus_0p02,hm-m2-g2-L5p3-n2-beta1__N0320__Aminus_0p02,hm-m2-g2-L5p3-n2-beta1,320,0.02,189,3.1303125,0.9831814562227799,0.9858742003869055
hm-m2-g2-L5p3-n2-beta1__N0320__Aplus_0p02,hm-m2-g2-L5p3-n2-beta1__N0320__Aminus_0p02,hm-m2-g2-L5p3-n2-beta1,320,0.02,190,3.146875,0.9833779335980444,0.9860461935449341
hm-m2-g2-L5p3-n2-beta1__N0320__Aplus_0p02,hm-m2-g2-L5p3-n2-beta1__N0320__Aminus_0p02,hm-m2-g2-L5p3-n2-beta1,320,0.02,191,3.1634375,0.9835804979471896,0.9862234025642341
hm-m2-g2-L5p3-n2-beta1__N0320__Aplus_0p02,hm-m2-g2-L5p3-n2-beta1__N0320__Aminus_0p02,hm-m2-g2-L5p3-n2-beta1,320,0.02,192,3.18,0.9837890914574245,0.9864057667587104
hm-m2-g2-L5p3-n2-beta1__N0320__Aplus_0p02,hm-m2-g2-L5p3-n2-beta1__N0320__Aminus_0p02,hm-m2-g2-L5p3-n2-beta1,320,0.02,193,3.1965625,0.9840036543507016,0.9865932235797414
hm-m2-g2-L5p3-n2-beta1__N0320__Aplus_0p02,hm-m2-g2-L5p3-n2-beta1__N0320__Aminus_0p02,hm-m2-g2-L5p3-n2-beta1,320,0.02,194,3.2131250000000002,0.9842241248791666,0.9867857086292237
hm-m2-g2-L5p3-n2-beta1__N0320__Aplus_0p02,hm-m2-g2-L5p3-n2-beta1__N0320__Aminus_0p02,hm-m2-g2-L5p3-n2-beta1,320,0.02,195,3.2296875000000003,0.9844504393208111,0.9869831556731402
hm-m2-g2-L5p3-n2-beta1__N0320__Aplus_0p02,hm-m2-g2-L5p3-n2-beta1__N0320__Aminus_0p02,hm-m2-g2-L5p3-n2-beta1,320,0.02,196,3.2462500000000003,0.9846825319753583,0.9871854966556642
hm-m2-g2-L5p3-n2-beta1__N0320__Aplus_0p02,hm-m2-g2-L5p3-n2-beta1__N0320__Aminus_0p02,hm-m2-g2-L5p3-n2-beta1,320,0.02,197,3.2628125000000003,0.9849203351604152,0.9873926617138067
hm-m2-g2-L5p3-n2-beta1__N0320__Aplus_0p02,hm-m2-g2-L5p3-n2-beta1__N0320__Aminus_0p02,hm-m2-g2-L5p3-n2-beta1,320,0.02,198,3.2793750000000004,0.9851637792079252,0.9876045791926173
hm-m2-g2-L5p3-n2-beta1__N0320__Aplus_0p02,hm-m2-g2-L5p3-n2-beta1__N0320__Aminus_0p02,hm-m2-g2-L5p3-n2-beta1,320,0.02,199,3.2959375,0.9854127924609538,0.9878211756609486
hm-m2-g2-L5p3-n2-beta1__N0320__Aplus_0p02,hm-m2-g2-L5p3-n2-beta1__N0320__Aminus_0p02,hm-m2-g2-L5p3-n2-beta1,320,0.02,200,3.3125,0.9856673012708441,0.9880423759277918
hm-m2-g2-L5p3-n2-beta1__N0320__Aplus_0p02,hm-m2-g2-L5p3-n2-beta1__N0320__Aminus_0p02,hm-m2-g2-L5p3-n2-beta1,320,0.02,201,3.3290625,0.985927229994776,0.9882681030591954
hm-m2-g2-L5p3-n2-beta1__N0320__Aplus_0p02,hm-m2-g2-L5p3-n2-beta1__N0320__Aminus_0p02,hm-m2-g2-L5p3-n2-beta1,320,0.02,202,3.345625,0.986192500993767,0.9884982783957752
hm-m2-g2-L5p3-n2-beta1__N0320__Aplus_0p02,hm-m2-g2-L5p3-n2-beta1__N0320__Aminus_0p02,hm-m2-g2-L5p3-n2-beta1,320,0.02,203,3.3621875,0.9864630346311504,0.9887328215708248
hm-m2-g2-L5p3-n2-beta1__N0320__Aplus_0p02,hm-m2-g2-L5p3-n2-beta1__N0320__Aminus_0p02,hm-m2-g2-L5p3-n2-beta1,320,0.02,204,3.37875,0.9867387492715695,0.9889716505290367
hm-m2-g2-L5p3-n2-beta1__N0320__Aplus_0p02,hm-m2-g2-L5p3-n2-beta1__N0320__Aminus_0p02,hm-m2-g2-L5p3-n2-beta1,320,0.02,205,3.3953125,0.9870195612805257,0.9892146815458449
hm-m2-g2-L5p3-n2-beta1__N0320__Aplus_0p02,hm-m2-g2-L5p3-n2-beta1__N0320__Aminus_0p02,hm-m2-g2-L5p3-n2-beta1,320,0.02,206,3.411875,0.9873053850245191,0.9894618292473947
hm-m2-g2-L5p3-n2-beta1__N0320__Aplus_0p02,hm-m2-g2-L5p3-n2-beta1__N0320__Aminus_0p02,hm-m2-g2-L5p3-n2-beta1,320,0.02,207,3.4284375000000002,0.9875961328718218,0.9897130066311526
hm-m2-g2-L5p3-n2-beta1__N0320__Aplus_0p02,hm-m2-g2-L5p3-n2-beta1__N0320__Aminus_0p02,hm-m2-g2-L5p3-n2-beta1,320,0.02,208,3.4450000000000003,0.9878917151939224,0.989968125087164
hm-m2-g2-L5p3-n2-beta1__N0320__Aplus_0p02,hm-m2-g2-L5p3-n2-beta1__N0320__Aminus_0p02,hm-m2-g2-L5p3-n2-beta1,320,0.02,209,3.4615625000000003,0.9881920403676839,0.9902270944199673
hm-m2-g2-L5p3-n2-beta1__N0320__Aplus_0p02,hm-m2-g2-L5p3-n2-beta1__N0320__Aminus_0p02,hm-m2-g2-L5p3-n2-beta1,320,0.02,210,3.4781250000000004,0.9884970147782545,0.9904898228711729
hm-m2-g2-L5p3-n2-beta1__N0320__Aplus_0p02,hm-m2-g2-L5p3-n2-beta1__N0320__Aminus_0p02,hm-m2-g2-L5p3-n2-beta1,320,0.02,211,3.4946875000000004,0.9888065428227716,0.9907562171427186
hm-m2-g2-L5p3-n2-beta1__N0320__Aplus_0p02,hm-m2-g2-L5p3-n2-beta1__N0320__Aminus_0p02,hm-m2-g2-L5p3-n2-beta1,320,0.02,212,3.51125,0.9891205269149032,0.9910261824208054
hm-m2-g2-L5p3-n2-beta1__N0320__Aplus_0p02,hm-m2-g2-L5p3-n2-beta1__N0320__Aminus_0p02,hm-m2-g2-L5p3-n2-beta1,320,0.02,213,3.5278125,0.9894388674902651,0.9912996224005264
hm-m2-g2-L5p3-n2-beta1__N0320__Aplus_0p02,hm-m2-g2-L5p3-n2-beta1__N0320__Aminus_0p02,hm-m2-g2-L5p3-n2-beta1,320,0.02,214,3.544375,0.9897614630127582,0.9915764393111915
hm-m2-g2-L5p3-n2-beta1__N0320__Aplus_0p02,hm-m2-g2-L5p3-n2-beta1__N0320__Aminus_0p02,hm-m2-g2-L5p3-n2-beta1,320,0.02,215,3.5609375,0.9900882099818666,0.9918565339423628
hm-m2-g2-L5p3-n2-beta1__N0320__Aplus_0p02,hm-m2-g2-L5p3-n2-beta1__N0320__Aminus_0p02,hm-m2-g2-L5p3-n2-beta1,320,0.02,216,3.5775,0.9904190029409584,0.9921398056705996
hm-m2-g2-L5p3-n2-beta1__N0320__Aplus_0p02,hm-m2-g2-L5p3-n2-beta1__N0320__Aminus_0p02,hm-m2-g2-L5p3-n2-beta1,320,0.02,217,3.5940625,0.9907537344866327,0.9924261524869255
hm-m2-g2-L5p3-n2-beta1__N0320__Aplus_0p02,hm-m2-g2-L5p3-n2-beta1__N0320__Aminus_0p02,hm-m2-g2-L5p3-n2-beta1,320,0.02,218,3.610625,0.9910922952791534,0.9927154710250248
hm-m2-g2-L5p3-n2-beta1__N0320__Aplus_0p02,hm-m2-g2-L5p3-n2-beta1__N0320__Aminus_0p02,hm-m2-g2-L5p3-n2-beta1,320,0.02,219,3.6271875000000002,0.9914345740540121,0.993007656590169
hm-m2-g2-L5p3-n2-beta1__N0320__Aplus_0p02,hm-m2-g2-L5p3-n2-beta1__N0320__Aminus_0p02,hm-m2-g2-L5p3-n2-beta1,320,0.02,220,3.6437500000000003,0.991780457634662,0.9933026031888844
hm-m2-g2-L5p3-n2-beta1__N0320__Aplus_0p02,hm-m2-g2-L5p3-n2-beta1__N0320__Aminus_0p02,hm-m2-g2-L5p3-n2-beta1,320,0.02,221,3.6603125000000003,0.9921298309464645,0.9936002035593641
hm-m2-g2-L5p3-n2-beta1__N0320__Aplus_0p02,hm-m2-g2-L5p3-n2-beta1__N0320__Aminus_0p02,hm-m2-g2-L5p3-n2-beta1,320,0.02,222,3.6768750000000003,0.9924825770318881,0.9939003492026285
hm-m2-g2-L5p3-n2-beta1__N0320__Aplus_0p02,hm-m2-g2-L5p3-n2-beta1__N0320__Aminus_0p02,hm-m2-g2-L5p3-n2-beta1,320,0.02,223,3.6934375000000004,0.9928385770670034,0.9942029304144406
hm-m2-g2-L5p3-n2-beta1__N0320__Aplus_0p02,hm-m2-g2-L5p3-n2-beta1__N0320__Aminus_0p02,hm-m2-g2-L5p3-n2-beta1,320,0.02,224,3.71,0.9931977103793098,0.9945078363179773
hm-m2-g2-L5p3-n2-beta1__N0320__Aplus_0p02,hm-m2-g2-L5p3-n2-beta1__N0320__Aminus_0p02,hm-m2-g2-L5p3-n2-beta1,320,0.02,225,3.7265625,0.9935598544669381,0.9948149548972622
hm-m2-g2-L5p3-n2-beta1__N0320__Aplus_0p02,hm-m2-g2-L5p3-n2-beta1__N0320__Aminus_0p02,hm-m2-g2-L5p3-n2-beta1,320,0.02,226,3.743125,0.9939248850192645,0.9951241730313621
hm-m2-g2-L5p3-n2-beta1__N0320__Aplus_0p02,hm-m2-g2-L5p3-n2-beta1__N0320__Aminus_0p02,hm-m2-g2-L5p3-n2-beta1,320,0.02,227,3.7596875,0.9942926759389763,0.9954353765293473
hm-m2-g2-L5p3-n2-beta1__N0320__Aplus_0p02,hm-m2-g2-L5p3-n2-beta1__N0320__Aminus_0p02,hm-m2-g2-L5p3-n2-beta1,320,0.02,228,3.77625,0.9946630993656249,0.9957484501660191
hm-m2-g2-L5p3-n2-beta1__N0320__Aplus_0p02,hm-m2-g2-L5p3-n2-beta1__N0320__Aminus_0p02,hm-m2-g2-L5p3-n2-beta1,320,0.02,229,3.7928125,0.9950360257007037,0.9960632777184052
hm-m2-g2-L5p3-n2-beta1__N0320__Aplus_0p02,hm-m2-g2-L5p3-n2-beta1__N0320__Aminus_0p02,hm-m2-g2-L5p3-n2-beta1,320,0.02,230,3.809375,0.9954113236342851,0.9963797420030223
hm-m2-g2-L5p3-n2-beta1__N0320__Aplus_0p02,hm-m2-g2-L5p3-n2-beta1__N0320__Aminus_0p02,hm-m2-g2-L5p3-n2-beta1,320,0.02,231,3.8259375,0.9957888601732516,0.9966977249139035
hm-m2-g2-L5p3-n2-beta1__N0320__Aplus_0p02,hm-m2-g2-L5p3-n2-beta1__N0320__Aminus_0p02,hm-m2-g2-L5p3-n2-beta1,320,0.02,232,3.8425000000000002,0.9961685006711538,0.9970171074613935
hm-m2-g2-L5p3-n2-beta1__N0320__Aplus_0p02,hm-m2-g2-L5p3-n2-beta1__N0320__Aminus_0p02,hm-m2-g2-L5p3-n2-beta1,320,0.02,233,3.8590625000000003,0.9965501088597255,0.9973377698117043
hm-m2-g2-L5p3-n2-beta1__N0320__Aplus_0p02,hm-m2-g2-L5p3-n2-beta1__N0320__Aminus_0p02,hm-m2-g2-L5p3-n2-beta1,320,0.02,234,3.8756250000000003,0.9969335468820877,0.9976595913272314
hm-m2-g2-L5p3-n2-beta1__N0320__Aplus_0p02,hm-m2-g2-L5p3-n2-beta1__N0320__Aminus_0p02,hm-m2-g2-L5p3-n2-beta1,320,0.02,235,3.8921875000000004,0.9973186753276694,0.9979824506076265
hm-m2-g2-L5p3-n2-beta1__N0320__Aplus_0p02,hm-m2-g2-L5p3-n2-beta1__N0320__Aminus_0p02,hm-m2-g2-L5p3-n2-beta1,320,0.02,236,3.9087500000000004,0.9977053532688711,0.998306225531621
hm-m2-g2-L5p3-n2-beta1__N0320__Aplus_0p02,hm-m2-g2-L5p3-n2-beta1__N0320__Aminus_0p02,hm-m2-g2-L5p3-n2-beta1,320,0.02,237,3.9253125,0.9980934382994984,0.9986307932995935
hm-m2-g2-L5p3-n2-beta1__N0320__Aplus_0p02,hm-m2-g2-L5p3-n2-beta1__N0320__Aminus_0p02,hm-m2-g2-L5p3-n2-beta1,320,0.02,238,3.941875,0.9984827865749853,0.998956030476879
hm-m2-g2-L5p3-n2-beta1__N0320__Aplus_0p02,hm-m2-g2-L5p3-n2-beta1__N0320__Aminus_0p02,hm-m2-g2-L5p3-n2-beta1,320,0.02,239,3.9584375,0.9988732528544335,0.9992818130378063
hm-m2-g2-L5p3-n2-beta1__N0320__Aplus_0p02,hm-m2-g2-L5p3-n2-beta1__N0320__Aminus_0p02,hm-m2-g2-L5p3-n2-beta1,320,0.02,240,3.975,0.9992646905444809,0.9996080164104619
hm-m2-g2-L5p3-n2-beta1__N0320__Aplus_0p02,hm-m2-g2-L5p3-n2-beta1__N0320__Aminus_0p02,hm-m2-g2-L5p3-n2-beta1,320,0.02,241,3.9915625,0.9996569517450216,0.9999345155221656
hm-m2-g2-L5p3-n2-beta1__N0320__Aplus_0p02,hm-m2-g2-L5p3-n2-beta1__N0320__Aminus_0p02,hm-m2-g2-L5p3-n2-beta1,320,0.02,242,4.008125000000001,1.0000498872967893,1.0002611848456497
hm-m2-g2-L5p3-n2-beta1__N0320__Aplus_0p02,hm-m2-g2-L5p3-n2-beta1__N0320__Aminus_0p02,hm-m2-g2-L5p3-n2-beta1,320,0.02,243,4.024687500000001,1.0004433468308174,1.0005878984459315
hm-m2-g2-L5p3-n2-beta1__N0320__Aplus_0p02,hm-m2-g2-L5p3-n2-beta1__N0320__Aminus_0p02,hm-m2-g2-L5p3-n2-beta1,320,0.02,244,4.04125,1.0008371788197836,1.000914530027865
hm-m2-g2-L5p3-n2-beta1__N0320__Aplus_0p02,hm-m2-g2-L5p3-n2-beta1__N0320__Aminus_0p02,hm-m2-g2-L5p3-n2-beta1,320,0.02,245,4.0578125,1.0012312306312505,1.0012409529843591
hm-m2-g2-L5p3-n2-beta1__N0320__Aplus_0p02,hm-m2-g2-L5p3-n2-beta1__N0320__Aminus_0p02,hm-m2-g2-L5p3-n2-beta1,320,0.02,246,4.074375,1.001625348582802,1.0015670404452481
hm-m2-g2-L5p3-n2-beta1__N0320__Aplus_0p02,hm-m2-g2-L5p3-n2-beta1__N0320__Aminus_0p02,hm-m2-g2-L5p3-n2-beta1,320,0.02,247,4.0909375,1.0020193779990803,1.0018926653267988
hm-m2-g2-L5p3-n2-beta1__N0320__Aplus_0p02,hm-m2-g2-L5p3-n2-beta1__N0320__Aminus_0p02,hm-m2-g2-L5p3-n2-beta1,320,0.02,248,4.1075,1.002413163270721,1.0022177003818378
hm-m2-g2-L5p3-n2-beta1__N0320__Aplus_0p02,hm-m2-g2-L5p3-n2-beta1__N0320__Aminus_0p02,hm-m2-g2-L5p3-n2-beta1,320,0.02,249,4.1240625,1.0028065479151833,1.002542018250481
hm-m2-g2-L5p3-n2-beta1__N0320__Aplus_0p02,hm-m2-g2-L5p3-n2-beta1__N0320__Aminus_0p02,hm-m2-g2-L5p3-n2-beta1,320,0.02,250,4.140625,1.0031993746394658,1.0028654915114483
hm-m2-g2-L5p3-n2-beta1__N0320__Aplus_0p02,hm-m2-g2-L5p3-n2-beta1__N0320__Aminus_0p02,hm-m2-g2-L5p3-n2-beta1,320,0.02,251,4.1571875,1.003591485404701,1.0031879927339404
hm-m2-g2-L5p3-n2-beta1__N0320__Aplus_0p02,hm-m2-g2-L5p3-n2-beta1__N0320__Aminus_0p02,hm-m2-g2-L5p3-n2-beta1,320,0.02,252,4.17375,1.0039827214926107,1.0035093945300606
hm-m2-g2-L5p3-n2-beta1__N0320__Aplus_0p02,hm-m2-g2-L5p3-n2-beta1__N0320__Aminus_0p02,hm-m2-g2-L5p3-n2-beta1,320,0.02,253,4.1903125,1.0043729235738101,1.0038295696077566
hm-m2-g2-L5p3-n2-beta1__N0320__Aplus_0p02,hm-m2-g2-L5p3-n2-beta1__N0320__Aminus_0p02,hm-m2-g2-L5p3-n2-beta1,320,0.02,254,4.206875,1.0047619317779355,1.0041483908242612
hm-m2-g2-L5p3-n2-beta1__N0320__Aplus_0p02,hm-m2-g2-L5p3-n2-beta1__N0320__Aminus_0p02,hm-m2-g2-L5p3-n2-beta1,320,0.02,255,4.2234375,1.005149585765576,1.0044657312400072
hm-m2-g2-L5p3-n2-beta1__N0320__Aplus_0p02,hm-m2-g2-L5p3-n2-beta1__N0320__Aminus_0p02,hm-m2-g2-L5p3-n2-beta1,320,0.02,256,4.24,1.0055357248019776,1.0047814641729902
hm-m2-g2-L5p3-n2-beta1__N0320__Aplus_0p02,hm-m2-g2-L5p3-n2-beta1__N0320__Aminus_0p02,hm-m2-g2-L5p3-n2-beta1,320,0.02,257,4.2565625,1.0059201878324953,1.0050954632535543
hm-m2-g2-L5p3-n2-beta1__N0320__Aplus_0p02,hm-m2-g2-L5p3-n2-beta1__N0320__Aminus_0p02,hm-m2-g2-L5p3-n2-beta1,320,0.02,258,4.273125,1.0063028135597498,1.0054076024795728
hm-m2-g2-L5p3-n2-beta1__N0320__Aplus_0p02,hm-m2-g2-L5p3-n2-beta1__N0320__Aminus_0p02,hm-m2-g2-L5p3-n2-beta1,320,0.02,259,4.2896875,1.0066834405224592,1.005717756271995
hm-m2-g2-L5p3-n2-beta1__N0320__Aplus_0p02,hm-m2-g2-L5p3-n2-beta1__N0320__Aminus_0p02,hm-m2-g2-L5p3-n2-beta1,320,0.02,260,4.30625,1.0070619071758984,1.0060257995307302
hm-m2-g2-L5p3-n2-beta1__N0320__Aplus_0p02,hm-m2-g2-L5p3-n2-beta1__N0320__Aminus_0p02,hm-m2-g2-L5p3-n2-beta1,320,0.02,261,4.3228125,1.007438051973944,1.0063316076908366
hm-m2-g2-L5p3-n2-beta1__N0320__Aplus_0p02,hm-m2-g2-L5p3-n2-beta1__N0320__Aminus_0p02,hm-m2-g2-L5p3-n2-beta1,320,0.02,262,4.339375,1.0078117134526519,1.0066350567789866
hm-m2-g2-L5p3-n2-beta1__N0320__Aplus_0p02,hm-m2-g2-L5p3-n2-beta1__N0320__Aminus_0p02,hm-m2-g2-L5p3-n2-beta1,320,0.02,263,4.3559375000000005,1.008182730315317,1.006936023470172
hm-m2-g2-L5p3-n2-beta1__N0320__Aplus_0p02,hm-m2-g2-L5p3-n2-beta1__N0320__Aminus_0p02,hm-m2-g2-L5p3-n2-beta1,320,0.02,264,4.3725000000000005,1.0085509415189595,1.0072343851446184
hm-m2-g2-L5p3-n2-beta1__N0320__Aplus_0p02,hm-m2-g2-L5p3-n2-beta1__N0320__Aminus_0p02,hm-m2-g2-L5p3-n2-beta1,320,0.02,265,4.3890625000000005,1.008916186362173,1.0075300199448722
hm-m2-g2-L5p3-n2-beta1__N0320__Aplus_0p02,hm-m2-g2-L5p3-n2-beta1__N0320__Aminus_0p02,hm-m2-g2-L5p3-n2-beta1,320,0.02,266,4.405625000000001,1.009278304574273,1.0078228068330262
hm-m2-g2-L5p3-n2-beta1__N0320__Aplus_0p02,hm-m2-g2-L5p3-n2-beta1__N0320__Aminus_0p02,hm-m2-g2-L5p3-n2-beta1,320,0.02,267,4.422187500000001,1.0096371364056784,1.008112625648045
hm-m2-g2-L5p3-n2-beta1__N0320__Aplus_0p02,hm-m2-g2-L5p3-n2-beta1__N0320__Aminus_0p02,hm-m2-g2-L5p3-n2-beta1,320,0.02,268,4.438750000000001,1.0099925227194517,1.0083993571631553
hm-m2-g2-L5p3-n2-beta1__N0320__Aplus_0p02,hm-m2-g2-L5p3-n2-beta1__N0320__Aminus_0p02,hm-m2-g2-L5p3-n2-beta1,320,0.02,269,4.4553125,1.0103443050839245,1.0086828831432608
hm-m2-g2-L5p3-n2-beta1__N0320__Aplus_0p02,hm-m2-g2-L5p3-n2-beta1__N0320__Aminus_0p02,hm-m2-g2-L5p3-n2-beta1,320,0.02,270,4.471875,1.0106923258663287,1.0089630864023444
hm-m2-g2-L5p3-n2-beta1__N0320__Aplus_0p02,hm-m2-g2-L5p3-n2-beta1__N0320__Aminus_0p02,hm-m2-g2-L5p3-n2-beta1,320,0.02,271,4.4884375,1.0110364283273516,1.0092398508608154
hm-m2-g2-L5p3-n2-beta1__N0320__Aplus_0p02,hm-m2-g2-L5p3-n2-beta1__N0320__Aminus_0p02,hm-m2-g2-L5p3-n2-beta1,320,0.02,272,4.505,1.0113764567165278,1.0095130616027632
hm-m2-g2-L5p3-n2-beta1__N0320__Aplus_0p02,hm-m2-g2-L5p3-n2-beta1__N0320__Aminus_0p02,hm-m2-g2-L5p3-n2-beta1,320,0.02,273,4.5215625,1.0117122563683791,1.0097826049330751
hm-m2-g2-L5p3-n2-beta1__N0320__Aplus_0p02,hm-m2-g2-L5p3-n2-beta1__N0320__Aminus_0p02,hm-m2-g2-L5p3-n2-beta1,320,0.02,274,4.538125,1.0120436737992116,1.0100483684343764
hm-m2-g2-L5p3-n2-beta1__N0320__Aplus_0p02,hm-m2-g2-L5p3-n2-beta1__N0320__Aminus_0p02,hm-m2-g2-L5p3-n2-beta1,320,0.02,275,4.5546875,1.0123705568044707,1.0103102410237497
hm-m2-g2-L5p3-n2-beta1__N0320__Aplus_0p02,hm-m2-g2-L5p3-n2-beta1__N0320__Aminus_0p02,hm-m2-g2-L5p3-n2-beta1,320,0.02,276,4.57125,1.0126927545565603,1.0105681130091915
hm-m2-g2-L5p3-n2-beta1__N0320__Aplus_0p02,hm-m2-g2-L5p3-n2-beta1__N0320__Aminus_0p02,hm-m2-g2-L5p3-n2-beta1,320,0.02,277,4.5878125,1.0130101177030182,1.0108218761457606
hm-m2-g2-L5p3-n2-beta1__N0320__Aplus_0p02,hm-m2-g2-L5p3-n2-beta1__N0320__Aminus_0p02,hm-m2-g2-L5p3-n2-beta1,320,0.02,278,4.604375,1.013322498464951,1.011071423691374
hm-m2-g2-L5p3-n2-beta1__N0320__Aplus_0p02,hm-m2-g2-L5p3-n2-beta1__N0320__Aminus_0p02,hm-m2-g2-L5p3-n2-beta1,320,0.02,279,4.6209375,1.0136297507356136,1.0113166504622093
hm-m2-g2-L5p3-n2-beta1__N0320__Aplus_0p02,hm-m2-g2-L5p3-n2-beta1__N0320__Aminus_0p02,hm-m2-g2-L5p3-n2-beta1,320,0.02,280,4.6375,1.0139317301790312,1.011557452887663
hm-m2-g2-L5p3-n2-beta1__N0320__Aplus_0p02,hm-m2-g2-L5p3-n2-beta1__N0320__Aminus_0p02,hm-m2-g2-L5p3-n2-beta1,320,0.02,281,4.6540625,1.014228294328545,1.011793729064824
hm-m2-g2-L5p3-n2-beta1__N0320__Aplus_0p02,hm-m2-g2-L5p3-n2-beta1__N0320__Aminus_0p02,hm-m2-g2-L5p3-n2-beta1,320,0.02,282,4.670625,1.0145193026851753,1.012025378812415
hm-m2-g2-L5p3-n2-beta1__N0320__Aplus_0p02,hm-m2-g2-L5p3-n2-beta1__N0320__Aminus_0p02,hm-m2-g2-L5p3-n2-beta1,320,0.02,283,4.6871875,1.0148046168156786,1.012252303724155
hm-m2-g2-L5p3-n2-beta1__N0320__Aplus_0p02,hm-m2-g2-L5p3-n2-beta1__N0320__Aminus_0p02,hm-m2-g2-L5p3-n2-beta1,320,0.02,284,4.70375,1.0150841004501867,1.012474407221501
hm-m2-g2-L5p3-n2-beta1__N0320__Aplus_0p02,hm-m2-g2-L5p3-n2-beta1__N0320__Aminus_0p02,hm-m2-g2-L5p3-n2-beta1,320,0.02,285,4.7203125,1.0153576195793073,1.0126915946057167
hm-m2-g2-L5p3-n2-beta1__N0320__Aplus_0p02,hm-m2-g2-L5p3-n2-beta1__N0320__Aminus_0p02,hm-m2-g2-L5p3-n2-beta1,320,0.02,286,4.736875,1.0156250425505646,1.0129037731092294
hm-m2-g2-L5p3-n2-beta1__N0320__Aplus_0p02,hm-m2-g2-L5p3-n2-beta1__N0320__Aminus_0p02,hm-m2-g2-L5p3-n2-beta1,320,0.02,287,4.7534375,1.0158862401640592,1.013110851946225
hm-m2-g2-L5p3-n2-beta1__N0320__Aplus_0p02,hm-m2-g2-L5p3-n2-beta1__N0320__Aminus_0p02,hm-m2-g2-L5p3-n2-beta1,320,0.02,288,4.7700000000000005,1.016141085767226,1.0133127423624366
hm-m2-g2-L5p3-n2-beta1__N0320__Aplus_0p02,hm-m2-g2-L5p3-n2-beta1__N0320__Aminus_0p02,hm-m2-g2-L5p3-n2-beta1,320,0.02,289,4.7865625000000005,1.0163894553485653,1.0135093576840803
hm-m2-g2-L5p3-n2-beta1__N0320__Aplus_0p02,hm-m2-g2-L5p3-n2-beta1__N0320__Aminus_0p02,hm-m2-g2-L5p3-n2-beta1,320,0.02,290,4.8031250000000005,1.0166312276302267,1.013700613365897
hm-m2-g2-L5p3-n2-beta1__N0320__Aplus_0p02,hm-m2-g2-L5p3-n2-beta1__N0320__Aminus_0p02,hm-m2-g2-L5p3-n2-beta1,320,0.02,291,4.819687500000001,1.016866284159319,1.01388642703825
hm-m2-g2-L5p3-n2-beta1__N0320__Aplus_0p02,hm-m2-g2-L5p3-n2-beta1__N0320__Aminus_0p02,hm-m2-g2-L5p3-n2-beta1,320,0.02,292,4.836250000000001,1.0170945093978254,1.014066718553238
hm-m2-g2-L5p3-n2-beta1__N0320__Aplus_0p02,hm-m2-g2-L5p3-n2-beta1__N0320__Aminus_0p02,hm-m2-g2-L5p3-n2-beta1,320,0.02,293,4.852812500000001,1.0173157908110004,1.0142414100297805
hm-m2-g2-L5p3-n2-beta1__N0320__Aplus_0p02,hm-m2-g2-L5p3-n2-beta1__N0320__Aminus_0p02,hm-m2-g2-L5p3-n2-beta1,320,0.02,294,4.869375000000001,1.0175300189541256,1.0144104258976274
hm-m2-g2-L5p3-n2-beta1__N0320__Aplus_0p02,hm-m2-g2-L5p3-n2-beta1__N0320__Aminus_0p02,hm-m2-g2-L5p3-n2-beta1,320,0.02,295,4.8859375,1.0177370875575054,1.0145736929402565
hm-m2-g2-L5p3-n2-beta1__N0320__Aplus_0p02,hm-m2-g2-L5p3-n2-beta1__N0320__Aminus_0p02,hm-m2-g2-L5p3-n2-beta1,320,0.02,296,4.9025,1.0179368936095778,1.0147311403366122
hm-m2-g2-L5p3-n2-beta1__N0320__Aplus_0p02,hm-m2-g2-L5p3-n2-beta1__N0320__Aminus_0p02,hm-m2-g2-L5p3-n2-beta1,320,0.02,297,4.9190625,1.0181293374380282,1.014882699701649
hm-m2-g2-L5p3-n2-beta1__N0320__Aplus_0p02,hm-m2-g2-L5p3-n2-beta1__N0320__Aminus_0p02,hm-m2-g2-L5p3-n2-beta1,320,0.02,298,4.935625,1.0183143227887834,1.015028305125634
hm-m2-g2-L5p3-n2-beta1__N0320__Aplus_0p02,hm-m2-g2-L5p3-n2-beta1__N0320__Aminus_0p02,hm-m2-g2-L5p3-n2-beta1,320,0.02,299,4.9521875,1.0184917569027736,1.0151678932121744
hm-m2-g2-L5p3-n2-beta1__N0320__Aplus_0p02,hm-m2-g2-L5p3-n2-beta1__N0320__Aminus_0p02,hm-m2-g2-L5p3-n2-beta1,320,0.02,300,4.96875,1.0186615505903505,1.0153014031149301
hm-m2-g2-L5p3-n2-beta1__N0320__Aplus_0p02,hm-m2-g2-L5p3-n2-beta1__N0320__Aminus_0p02,hm-m2-g2-L5p3-n2-beta1,320,0.02,301,4.9853125,1.0188236183032489,1.0154287765729726
hm-m2-g2-L5p3-n2-beta1__N0320__Aplus_0p02,hm-m2-g2-L5p3-n2-beta1__N0320__Aminus_0p02,hm-m2-g2-L5p3-n2-beta1,320,0.02,302,5.001875,1.018977878203986,1.0155499579447567
hm-m2-g2-L5p3-n2-beta1__N0320__Aplus_0p02,hm-m2-g2-L5p3-n2-beta1__N0320__Aminus_0p02,hm-m2-g2-L5p3-n2-beta1,320,0.02,303,5.0184375,1.0191242522325945,1.0156648942406683
hm-m2-g2-L5p3-n2-beta1__N0320__Aplus_0p02,hm-m2-g2-L5p3-n2-beta1__N0320__Aminus_0p02,hm-m2-g2-L5p3-n2-beta1,320,0.02,304,5.035,1.019262666170587,1.0157735351541173
hm-m2-g2-L5p3-n2-beta1__N0320__Aplus_0p02,hm-m2-g2-L5p3-n2-beta1__N0320__Aminus_0p02,hm-m2-g2-L5p3-n2-beta1,320,0.02,305,5.0515625,1.0193930497020547,1.0158758330911395
hm-m2-g2-L5p3-n2-beta1__N0320__Aplus_0p02,hm-m2-g2-L5p3-n2-beta1__N0320__Aminus_0p02,hm-m2-g2-L5p3-n2-beta1,320,0.02,306,5.068125,1.0195153364718068,1.01597174319848
hm-m2-g2-L5p3-n2-beta1__N0320__Aplus_0p02,hm-m2-g2-L5p3-n2-beta1__N0320__Aminus_0p02,hm-m2-g2-L5p3-n2-beta1,320,0.02,307,5.0846875,1.019629464140461,1.0160612233901283
hm-m2-g2-L5p3-n2-beta1__N0320__Aplus_0p02,hm-m2-g2-L5p3-n2-beta1__N0320__Aminus_0p02,hm-m2-g2-L5p3-n2-beta1,320,0.02,308,5.10125,1.0197353744364002,1.016144234372275
hm-m2-g2-L5p3-n2-beta1__N0320__Aplus_0p02,hm-m2-g2-L5p3-n2-beta1__N0320__Aminus_0p02,hm-m2-g2-L5p3-n2-beta1,320,0.02,309,5.1178125,1.0198330132045108,1.0162207396666676
hm-m2-g2-L5p3-n2-beta1__N0320__Aplus_0p02,hm-m2-g2-L5p3-n2-beta1__N0320__Aminus_0p02,hm-m2-g2-L5p3-n2-beta1,320,0.02,310,5.134375,1.0199223304516316,1.0162907056323347
hm-m2-g2-L5p3-n2-beta1__N0320__Aplus_0p02,hm-m2-g2-L5p3-n2-beta1__N0320__Aminus_0p02,hm-m2-g2-L5p3-n2-beta1,320,0.02,311,5.1509375,1.0200032803886372,1.0163541014856627
hm-m2-g2-L5p3-n2-beta1__N0320__Aplus_0p02,hm-m2-g2-L5p3-n2-beta1__N0320__Aminus_0p02,hm-m2-g2-L5p3-n2-beta1,320,0.02,312,5.1675,1.020075821469091,1.0164108993187992
hm-m2-g2-L5p3-n2-beta1__N0320__Aplus_0p02,hm-m2-g2-L5p3-n2-beta1__N0320__Aminus_0p02,hm-m2-g2-L5p3-n2-beta1,320,0.02,313,5.1840625000000005,1.0201399164244076,1.016461074116362
hm-m2-g2-L5p3-n2-beta1__N0320__Aplus_0p02,hm-m2-g2-L5p3-n2-beta1__N0320__Aminus_0p02,hm-m2-g2-L5p3-n2-beta1,320,0.02,314,5.2006250000000005,1.0201955322954648,1.0165046037704408
hm-m2-g2-L5p3-n2-beta1__N0320__Aplus_0p02,hm-m2-g2-L5p3-n2-beta1__N0320__Aminus_0p02,hm-m2-g2-L5p3-n2-beta1,320,0.02,315,5.2171875000000005,1.0202426404606204,1.01654146909387
hm-m2-g2-L5p3-n2-beta1__N0320__Aplus_0p02,hm-m2-g2-L5p3-n2-beta1__N0320__Aminus_0p02,hm-m2-g2-L5p3-n2-beta1,320,0.02,316,5.233750000000001,1.0202812166600823,1.0165716538317642
hm-m2-g2-L5p3-n2-beta1__N0320__Aplus_0p02,hm-m2-g2-L5p3-n2-beta1__N0320__Aminus_0p02,hm-m2-g2-L5p3-n2-beta1,320,0.02,317,5.250312500000001,1.0203112410165986,1.0165951446712964
hm-m2-g2-L5p3-n2-beta1__N0320__Aplus_0p02,hm-m2-g2-L5p3-n2-beta1__N0320__Aminus_0p02,hm-m2-g2-L5p3-n2-beta1,320,0.02,318,5.266875000000001,1.0203326980524303,1.0166119312497153
hm-m2-g2-L5p3-n2-beta1__N0320__Aplus_0p02,hm-m2-g2-L5p3-n2-beta1__N0320__Aminus_0p02,hm-m2-g2-L5p3-n2-beta1,320,0.02,319,5.283437500000001,1.0203455767025813,1.0166220061605902
hm-m2-g2-L5p3-n2-beta1__N0320__Aplus_0p02,hm-m2-g2-L5p3-n2-beta1__N0320__Aminus_0p02,hm-m2-g2-L5p3-n2-beta1,320,0.02,320,5.3,1.020349870324263,1.0166253649582753
